srr_accession	srx_accession	srs_accession	srp_accession	bioproject	organism	strain	platform	instrument	total_bases	total_spots	library_strategy	library_source	library_layout	title
SRR16263435	SRX12543027	SRS10502019	SRP040661	PRJNA231221	Legionella pneumophila	FDAARGOS_1483	PACBIO_SMRT	Sequel	1987785733.0	161561.0	WGS	GENOMIC	SINGLE	
SRR23584377	SRX19469838	SRS16847070	SRP423723	PRJNA937246	Staphylococcus aureus	VMRSA_WC062	OXFORD_NANOPORE	MinION	413753507.0	53996.0	WGS	GENOMIC	SINGLE	MinION sequencing of VMRSA_WC062
SRR34827289	SRX29959714	SRS26039959	SRP605729	PRJNA1299779	Brucella	Brucella abortus	OXFORD_NANOPORE	GridION	416446455.0	126439.0	WGS	GENOMIC	SINGLE	One Health Enteric sample from Brucella
SRR24140084	SRX19938321	SRS17287030	SRP247747	PRJNA604975	Escherichia coli	ox_bsi_648	OXFORD_NANOPORE	GridION	182189468.0	95195.0	WGS	GENOMIC	SINGLE	oxford_bsi
SRR15171302	SRX11478521	SRS9518538	SRP328635	PRJNA746600	Bacteroides stercoris ATCC 43183	ATCC 43183	OXFORD_NANOPORE	MinION	3605225740.0	332973.0	WGS	GENOMIC	SINGLE	WGS of Bacteroides-stercoris-ATCC-43183 library1 using OXFORD_NANOPORE
SRR30041333	SRX25515902	SRS21849304	SRP517055	PRJNA1129907	Xanthomonas axonopodis pv. ricini	NCPPB 1063	OXFORD_NANOPORE	PromethION	1507028027.0	406934.0	WGS	GENOMIC	SINGLE	Genome sequencing of NCPPB 1063
ERR13655880	ERX13026582	ERS20964742	ERP152411	PRJEB67372	Streptomyces sp. enrichment culture		PACBIO_SMRT	Revio	734956719.0	113102.0	WGS	GENOMIC	SINGLE	Raw reads: SudanB140_2075
DRR575018	DRX558483	DRS448961	DRP012698	PRJDB18323	Wolbachia pipientis	wBol1Y	OXFORD_NANOPORE	MinION	184504713.0	30741.0	WGS	GENOMIC	SINGLE	MinION sequencing of SAMD00796175
SRR9020432	SRX5798549	SRS4729777	SRP188851	PRJNA523365	Mycobacterium avium complex sp.	JHN_AV_0066_1	OXFORD_NANOPORE	GridION	71676675.0	65951.0	WGS	GENOMIC	SINGLE	Sequencing of non-tuberculosis mycobacteria
SRR27201561	SRX22881443	SRS19853852	SRP477847	PRJNA1052100	Klebsiella pneumoniae	C42	OXFORD_NANOPORE	MinION	946375843.0	380682.0	WGS	GENOMIC	SINGLE	ONT R9.4.1 sequences of Klebsiella pneumoniae from clinical sources in Ghana
SRR30896083	SRX26299938	SRS22828660	SRP536878	PRJNA1134622	Escherichia coli	OXEC-263	OXFORD_NANOPORE	MinION	483149136.0	142679.0	WGS	GENOMIC	SINGLE	OXEC-263
SRR12280377	SRX8784338	SRS7053083	SRP272861	PRJNA646575	Bacteroides thetaiotaomicron		OXFORD_NANOPORE	GridION	319530765.0	35328.0	WGS	GENOMIC	SINGLE	WGS  of Bacteroides fragilis group clinical isolates
SRR5937973	SRX3097860	SRS2434295	SRP115555	PRJNA353337	Ralstonia solanacearum	SL3755	PACBIO_SMRT	PacBio RS II	2171133325.0	163482.0	WGS	GENOMIC	SINGLE	WGS of Ralstonia solanacearum SL3755
SRR15521843	SRX11820600	SRS9835092	SRP272861	PRJNA646575	Bacteroides ovatus	BFG-107	PACBIO_SMRT	Sequel	2771481598.0	338553.0	WGS	GENOMIC	SINGLE	WGS  of Bacteroides fragilis group clinical isolates
SRR35332978	SRX30433507	SRS26467842	SRP618964	PRJNA1322554	Escherichia coli	E200139	OXFORD_NANOPORE	MinION	1405718260.0	1167289.0	WGS	GENOMIC	SINGLE	Sequencing of Escherichia coli isolate E200139
SRR25434109	SRX21168219	SRS18429753	SRP451667	PRJNA999042	Klebsiella pneumoniae		OXFORD_NANOPORE	MinION	365322213.0	38323.0	WGS	GENOMIC	SINGLE	Native DNAseq hypervirulent Klebsiella pneumoniae Isolate 01
SRR31990277	SRX27345196	SRS20831651	SRP497546	PRJNA1091452	Enterococcus faecium	EF22-PS	OXFORD_NANOPORE	MinION	867567576.0	169724.0	WGS	GENOMIC	SINGLE	native ONT data from Enterococcus faecium
SRR28740720	SRX24306647	SRS21069421	SRP502714	PRJNA1090129	Staphylococcus aureus	sa220427_barcode58	OXFORD_NANOPORE	MinION	6643850.0	8004.0	WGS	GENOMIC	SINGLE	Staphylococcus aureus strain sa220427_barcode58
ERR4910138	ERX4776962	ERS4556737	ERP121699	PRJEB38289	Klebsiella pneumoniae		PACBIO_SMRT	PacBio RS			WGS	GENOMIC	SINGLE	PacBio RS sequencing
SRR35674193	SRX30725837	SRS26742299	SRP561673	PRJNA1219398	Pasteurella multocida	212142	OXFORD_NANOPORE	MinION	371531700.0	46074.0	WGS	GENOMIC	SINGLE	DNA-Seq of Pasteurella multocida 212142
SRR900216	SRX305337	SRS444493	SRP026009	PRJNA191789	Mycobacteroides abscessus subsp. bolletii 103	103	PACBIO_SMRT	PacBio RS	342526930.0	81741.0	WGS	GENOMIC	SINGLE	
DRR274671	DRX264255	DRS365140	DRP011214	PRJDB11239	Providencia vermicola	N3	PACBIO_SMRT	PacBio RS II	1694523476.0	3343760.0	WGS	GENOMIC	SINGLE	PacBio RS II sequencing of SAMD00281820
SRR32985087	SRX28251918	SRS23666458	SRP074197	PRJNA288601	Citrobacter freundii		OXFORD_NANOPORE	MinION	553815997.0	227829.0	WGS	GENOMIC	SINGLE	MinION sequencing of 2024XX-00092
SRR24140362	SRX19938715	SRS17287424	SRP247747	PRJNA604975	Escherichia coli	ox_bsi_462	OXFORD_NANOPORE	GridION	395738277.0	82682.0	WGS	GENOMIC	SINGLE	oxford_bsi
SRR26322159	SRX22030247	SRS3020879	SRP133964	PRJNA437002	Bacillus subtilis	PS-25	OXFORD_NANOPORE	MinION	176509318.0	42758.0	WGS	GENOMIC	SINGLE	WGS B. subtilis PS-25
SRR26139061	SRX21852320	SRS18002766	SRP462527	PRJNA1019817	Escherichia coli	TUM3755	OXFORD_NANOPORE	MinION	1581387662.0	101112.0	WGS	GENOMIC	SINGLE	WGS of Enterobacterales: Patient
SRR30694568	SRX26112103	SRS22621691	SRP503470	PRJNA833906	Mycobacterium tuberculosis	L2.2.AA1	OXFORD_NANOPORE	MinION	434447876.0	128818.0	WGS	GENOMIC	SINGLE	WGS of Mycobacterium tuberculosis: clinical isolate
SRR9722659	SRX6480110	SRS5130216	SRP215816	PRJNA470993	Staphylococcus aureus	ER02836.3	PACBIO_SMRT	PacBio RS II	1346607858.0	178910.0	WGS	GENOMIC	SINGLE	WGS of Staphylococcus aureus
DRR572541	DRX556008	DRS426400	DRP012251	PRJDB17574	Escherichia coli	YK-IS1MA-L09-1_G08	OXFORD_NANOPORE	MinION	19854.0	39.0	WGS	GENOMIC	SINGLE	nanopore-seq of SAMD00748217 L09-1_G8
SRR22859888	SRX18818696	SRS16251826	SRP414408	PRJNA914892	Staphylococcus aureus	C196	OXFORD_NANOPORE	MinION	123330539.0	19275.0	WGS	GENOMIC	SINGLE	Long read ONT WGS of Staphylococcus aureus isolates from Chronic Rhinosinusitis Patients
SRR24087967	SRX19888651	SRS17242684	SRP431209	PRJNA952813	Brucella abortus	Y11_MNG	OXFORD_NANOPORE	MinION	7576316.0	3803.0	WGS	GENOMIC	SINGLE	WGS of Brucella abortus: uterus swab of aborted yak
SRR2181871	SRX1163437	SRS637099	SRP043214	PRJNA252728	Salmonella enterica subsp. enterica serovar Typhimurium	LT2	PACBIO_SMRT	PacBio RS II	1556354500.0	163482.0	WGS	GENOMIC	SINGLE	RM8375 PacBio C01_4
SRR6032555	SRX3182677	SRS2511322	SRP117609	PRJNA388336	Sinorhizobium meliloti	HM006	PACBIO_SMRT	PacBio RS II	1787267261.0	163482.0	WGS	GENOMIC	SINGLE	Ensifer meliloti PacBio Sequencing
SRR26841321	SRX22536960	SRS19546725	SRP472108	PRJNA1018939	Mycoplasmopsis felis	79979	OXFORD_NANOPORE	MinION	314962603.0	215571.0	WGS	GENOMIC	SINGLE	M. felis 7
SRR32364911	SRX27699235	SRS21122828	SRP444583	PRJNA962904	Enterobacter asburiae		PACBIO_SMRT	Sequel II	453702142.0	21737.0	WGS	GENOMIC	SINGLE	PacBio sequencing of AS27991C1 for ARCH 1.0
ERR4763095	ERX4636148	ERS5247994	ERP124695	PRJEB40976	Enterococcus faecalis		OXFORD_NANOPORE	GridION	699176451.0	43147.0	WGS	GENOMIC	SINGLE	GridION sequencing; Raw reads: 27725_1#11
SRR3741332	SRX1896039	SRS1539290	SRP077838	PRJNA195837	Methylotenera versatilis 7	7	PACBIO_SMRT	PacBio RS	95963469.0	47207.0	WGS	GENOMIC	SINGLE	Methylotenera versatilis #7
SRR21554904	SRX17557040	SRS15100648	SRP395888	PRJNA812595	Salmonella enterica	1019942	OXFORD_NANOPORE	MinION	3965442355.0	733299.0	WGS	GENOMIC	SINGLE	Nanopore sequencing of ARLN isolate
DRR206388	DRX196781	DRS217715	DRP008011	PRJDB9236	Bacillus cereus	MRY14-0060	OXFORD_NANOPORE	MinION	1313205162.0	213391.0	WGS	GENOMIC	SINGLE	MinION sequencing of SAMD00203324
DRR295350	DRX284806	DRS478535	DRP004189	PRJDB5929	Escherichia coli	C853	OXFORD_NANOPORE	GridION	2267683311.0	336813.0	WGS	GENOMIC	SINGLE	GridION sequencing of SAMD00324260
ERR2125754	ERX2182606	ERS1545395	ERP005928	PRJEB6403	Serratia rubidaea	NCTC10036	PACBIO_SMRT	PacBio RS	1684280188.0	163482.0	WGS	GENOMIC	SINGLE	PacBio RS sequencing
SRR27379393	SRX23055658	SRS20015693	SRP480616	PRJNA1055176	Escherichia coli	Not available	OXFORD_NANOPORE	MinION	1708411808.0	335003.0	WGS	GENOMIC	SINGLE	Whole genome sequence of E. coli
SRR16955602	SRX13147211	SRS3075088	SRP071789	PRJNA315192	Escherichia coli	432297	OXFORD_NANOPORE	MinION	1241297396.0	271571.0	WGS	GENOMIC	SINGLE	Nanopore sequencing of STEC
SRR14453800	SRX10804612	SRS5393400	SRP385391	PRJNA856406	Enterococcus faecium	AUSMDU00007521	OXFORD_NANOPORE	GridION	306488311.0	42395.0	WGS	GENOMIC	SINGLE	AUSMDU00007521
SRR33768837	SRX28991241	SRS22456146	SRP444583	PRJNA962904	Klebsiella pneumoniae		PACBIO_SMRT	Sequel II	287419708.0	13093.0	WGS	GENOMIC	SINGLE	PacBio sequencing of AH0790HC1 for ARCH 2
SRR386982	SRX109884	SRS281278	SRP001087	PRJNA40075	Escherichia coli str. K-12 substr. MG1655	K-12	PACBIO_SMRT	PacBio RS	132104290.0	81741.0	WGS	GENOMIC	SINGLE	Whole Genome Sequencing and Assembly
ERR15459746	ERX14863633	ERS23132436	ERP168932	PRJEB85558	Sagittula stellata		OXFORD_NANOPORE	PromethION	51618966.0	120506.0	WGS	GENOMIC	SINGLE	PromethION sequencing
SRR25466897	SRX21199523	SRS18458348	SRP452337	PRJNA1000618	Escherichia coli	Escherichia coli BL21(DE3)	OXFORD_NANOPORE	MinION	6059927.0	3999.0	WGS	GENOMIC	SINGLE	CASTVK transposition with different condition
SRR15075464	SRX11385502	SRS9430180	SRP040661	PRJNA231221	Enterobacter hormaechei	FDAARGOS 1435	PACBIO_SMRT	Sequel II	3887038851.0	364784.0	WGS	GENOMIC	SINGLE	
ERR10741459	ERX10190764	ERS14394736	ERP143791	PRJEB58724	Klebsiella pneumoniae		OXFORD_NANOPORE	MinION	518993016.0	173834.0	WGS	GENOMIC	SINGLE	NIHR Nanopore Sequencing
SRR30149540	SRX25617093	SRS3052340	SRP518730	PRJNA1133668	Serratia marcescens	NR0342	OXFORD_NANOPORE	MinION	182109479.0	15109.0	WGS	GENOMIC	SINGLE	Nanopore sequencing of clinical CRE isolates: human
ERR13600707	ERX12971730	ERS15600358	ERP132614	PRJEB48268	Klebsiella pneumoniae		OXFORD_NANOPORE	GridION	1559835887.0	95921.0	WGS	GENOMIC	SINGLE	GridION sequencing
SRR9047991	SRX5824471	SRS4752526	SRP051949	PRJNA271899	Enterobacter cloacae	MGH360	OXFORD_NANOPORE	GridION	1903012250.0	214577.0	WGS	GENOMIC	SINGLE	Sequencing of Carbapenem resistant bacteria
ERR841694	ERX921762	ERS617389	ERP005928	PRJEB6403	Acinetobacter baumannii	NCTC12156	PACBIO_SMRT	PacBio RS	1946448181.0	163482.0	WGS	GENOMIC	SINGLE	PacBio RS sequencing
SRR29782109	SRX25281983	SRS21963803	SRP519339	PRJNA1004202	Streptomyces sp. RLA046	RLA046	OXFORD_NANOPORE	MinION	288081709.0	72962.0	WGS	GENOMIC	SINGLE	Genome sequencing of RLA046 [RHK-2045]
SRR33905596	SRX29113046	SRS25319245	SRP590957	PRJNA1274183	Mycobacterium avium subsp. hominissuis	missing	OXFORD_NANOPORE	PromethION	116068141.0	16375.0	WGS	GENOMIC	SINGLE	WGS of NTM from sputum isolate
SRR32364818	SRX27699328	SRS21122210	SRP444583	PRJNA962904	Escherichia coli		PACBIO_SMRT	Sequel II	228018718.0	10651.0	WGS	GENOMIC	SINGLE	PacBio sequencing of AS5397E1 for ARCH 1.0
ERR3253127	ERX3279931	ERS2241755	ERP105657	PRJEB23878	Klebsiella pneumoniae		PACBIO_SMRT	PacBio RS	586409254.0	163482.0	WGS	GENOMIC	SINGLE	PacBio RS sequencing
SRR16525808	SRX12728191	SRS10336767	SRP357537	PRJNA801416	Escherichia coli	E978	OXFORD_NANOPORE	GridION	576028425.0	310390.0	WGS	GENOMIC	SINGLE	Extensive diversification and dissemination of blaNDM carbapenemase plasmids in Enterobacterales in Singapore 2010-2015
SRR14138458	SRX10508060	SRS8428565	SRP261507	PRJNA631701	Thiothrix fructosivorans	ATCC 49748	OXFORD_NANOPORE	GridION	771432974.0	76495.0	WGS	GENOMIC	SINGLE	Tfr_ONT
SRR28811947	SRX24375205	SRS21131861	SRP504151	PRJNA1104797	Xanthomonas campestris pv. raphani	CFBP 6580	OXFORD_NANOPORE	PromethION	623148300.0	27667.0	WGS	GENOMIC	SINGLE	Genome sequencing of Xanthomonas campestris pv. raphani: strain CFBP 6580
SRR30949656	SRX26352130	SRS22817388	SRP536567	PRJNA1165464	Escherichia coli	Not applicable	OXFORD_NANOPORE	MinION	383380733.0	98772.0	WGS	GENOMIC	SINGLE	Nanopore sequencing of E.coli: blood isolate
SRR30149394	SRX25617239	SRS21937553	SRP518730	PRJNA1133668	Klebsiella pneumoniae	ST258KP131	OXFORD_NANOPORE	MinION	315754423.0	34940.0	WGS	GENOMIC	SINGLE	Nanopore sequencing of clinical CRE isolates: human
DRR482539	DRX466765	DRS312756	DRP010188	PRJDB15932	Campylobacter jejuni	BCH-10330	OXFORD_NANOPORE	MinION	76970163.0	6965.0	WGS	GENOMIC	SINGLE	SSUB025744: Campylobacter jejuni BCH-10330
SRR16775474	SRX12974683	SRS10915518	SRP215816	PRJNA470993	Staphylococcus aureus		PACBIO_SMRT	PacBio RS II	1400425085.0	193184.0	WGS	GENOMIC	SINGLE	WGS of Staphylococcus aureus
SRR31418076	SRX26786959	SRS22944840	SRP539400	PRJNA1174761	Heteroscytonema crispum UTEX LB 1556		PACBIO_SMRT	Sequel	2234980229.0	775182.0	WGS	GENOMIC	SINGLE	Shotgun sequencing of Heteroscytonema crispum: non-axenic culture
ERR2532121	ERX2550550	ERS2016174	ERP005928	PRJEB6403	Flavobacterium filum		PACBIO_SMRT	PacBio RS	902084331.0	163482.0	WGS	GENOMIC	SINGLE	PacBio RS sequencing
SRR19165764	SRX15231998	SRS12965174	SRP374671	PRJNA836696	Klebsiella aerogenes	4417	OXFORD_NANOPORE	GridION	2802287024.0	280269.0	WGS	GENOMIC	SINGLE	ONT long-read sequencing of carbapenem non-susceptible Enterobacterales
ERR14686396	ERX14087915	ERS23773310	ERP169826	PRJEB86481	Escherichia coli str. K-12 substr. MG1655	K-12	OXFORD_NANOPORE	MinION	234608834.0	65209.0	WGS	GENOMIC	SINGLE	MinION sequencing
ERR3550084	ERX3556689	ERS3723106	ERP117135	PRJEB34259	Escherichia coli		OXFORD_NANOPORE	MinION	495633664.0	287036.0	WGS	GENOMIC	SINGLE	MinION sequencing
ERR1743956	ERX1813162	ERS1247817	ERP005928	PRJEB6403	Bacillus pumilus	NCTC10337	PACBIO_SMRT	PacBio RS	688327615.0	163482.0	WGS	GENOMIC	SINGLE	PacBio RS sequencing
SRR13219826	SRX9652586	SRS7851929	SRP297100	PRJNA682246	Escherichia coli	PN-039-E1-S06_E_coli_CIP_SLF	OXFORD_NANOPORE	MinION	739529764.0	106835.0	WGS	GENOMIC	SINGLE	WGS of Escherichia coli
SRR30149336	SRX25617297	SRS21937366	SRP518730	PRJNA1133668	Klebsiella pneumoniae	ST29KP1	OXFORD_NANOPORE	MinION	50793155.0	14367.0	WGS	GENOMIC	SINGLE	Nanopore sequencing of clinical CRE isolates: human
ERR10498186	ERX10015475	ERS14254534	ERP142629	PRJEB57633	Escherichia coli		OXFORD_NANOPORE	GridION	74467632.0	12319.0	WGS	GENOMIC	SINGLE	Raw reads: ONT_30821_1#100
SRR32364815	SRX27699331	SRS21122555	SRP444583	PRJNA962904	Escherichia coli		PACBIO_SMRT	Sequel II	199337611.0	8665.0	WGS	GENOMIC	SINGLE	PacBio sequencing of AS5454C1 for ARCH 1.0
SRR13448677	SRX9861854	SRS8041966	SRP295672	PRJNA681856	Salmonella enterica	LHICA_E3	OXFORD_NANOPORE	MinION	39066146.0	4000.0	WGS	GENOMIC	SINGLE	WGS of Salmonella Lhica E3_31
SRR33660721	SRX28887653	SRS25113784	SRP586907	PRJNA1263006	Rhizobium leguminosarum bv. trifolii	SBAG1	OXFORD_NANOPORE	PromethION	1851868624.0	466345.0	WGS	GENOMIC	SINGLE	WGS of Rhizobium leguminosarum bv. trifolli
SRR3723452	SRX1881013	SRS1527756	SRP077344	PRJNA225846	Halomonas sp. TG39a	TG39a	PACBIO_SMRT	PacBio RS	325932951.0	110586.0	WGS	GENOMIC	SINGLE	Halomonas sp. TG39a
SRR35213228	SRX30317130	SRS26364065	SRP615992	PRJNA1301220	Acinetobacter baumannii	ABO22-H081	OXFORD_NANOPORE	MinION	1152790261.0	188423.0	WGS	GENOMIC	SINGLE	Whole geneme sequencing of Acinetobacter baumannii: isolates of the Ab-One study
SRR27147079	SRX22828774	SRS19809214	SRP476629	PRJNA1050251	Streptococcus pyogenes	NV28	PACBIO_SMRT	Sequel II	5635335476.0	562656.0	WGS	GENOMIC	SINGLE	PacBio WGS of Streptococcus pyogenes NV28
ERR10498004	ERX10015293	ERS14254661	ERP142629	PRJEB57633	Escherichia coli		OXFORD_NANOPORE	GridION	16607602.0	1230.0	WGS	GENOMIC	SINGLE	Raw reads: ONT_30348_1#253
SRR33320300	SRX28564780	SRS23876127	SRP074197	PRJNA288601	Klebsiella pneumoniae		OXFORD_NANOPORE	GridION	338825200.0	26555.0	WGS	GENOMIC	SINGLE	Nanopore sequencing of ARLN isolate
ERR16064526	ERX15454708	ERS28397661	ERP173262	PRJEB90249	Escherichia coli		OXFORD_NANOPORE	GridION	763379611.0	160772.0	WGS	GENOMIC	SINGLE	GridION sequencing
ERR10498654	ERX10015943	ERS14255790	ERP142629	PRJEB57633	Escherichia coli		OXFORD_NANOPORE	GridION	105801198.0	17538.0	WGS	GENOMIC	SINGLE	Raw reads: ONT_30602_1#193
SRR941204	SRX326502	SRS463805	SRP027572	PRJNA212438	Mannheimia haemolytica USMARC_2286	USMARC_2286	PACBIO_SMRT	PacBio RS	198753112.0	81741.0	WGS	GENOMIC	SINGLE	Mannheimia haemolytica PacBio RS C2 CLR Sequencing
SRR1003207	SRX360815	SRS488022	SRP030613	PRJNA178995	Ehrlichia chaffeensis str. Saint Vincent	Saint Vincent	PACBIO_SMRT	PacBio RS	333584272.0	81741.0	WGS	GENOMIC	SINGLE	
SRR19858364	SRX15901896	SRS13590445	SRP383692	PRJNA853172	Escherichia coli		OXFORD_NANOPORE	MinION	563117858.0	156030.0	WGS	GENOMIC	SINGLE	Long read sequencing of MDR E. coli from Laos
SRR31579363	SRX26944852	SRS23416603	SRP548894	PRJNA1193213	Mycobacterium tuberculosis		OXFORD_NANOPORE	GridION	68643120.0	31546.0	WGS	GENOMIC	SINGLE	02MTB1689
ERR972345	ERX1049322	ERS715401	ERP005928	PRJEB6403	Klebsiella variicola	NCTC9178	PACBIO_SMRT	PacBio RS	463041716.0	163482.0	WGS	GENOMIC	SINGLE	PacBio RS sequencing
SRR12247754	SRX8755413	SRS6976279	SRP266402	PRJNA605147	Escherichia coli	RHB22-SO-C04	OXFORD_NANOPORE	GridION	1290135587.0	163345.0	WGS	GENOMIC	SINGLE	Oxford Nanopore sequencing of Escherichia coli isolate RH07|T2-SOC04 cultured from cattle farm soil sample
SRR13385976	SRX9805453	SRS7989527	SRP300861	PRJNA663900	Enterococcus sp. AZ080	AZ080	OXFORD_NANOPORE	GridION	521044762.0	145214.0	WGS	GENOMIC	SINGLE	Zoo 3 Enterococcus Diversity Genome sequencing and assembly
SRR36919908	SRX31886321	SRS27841268	SRP665298	PRJNA1403646	Kytococcus sedentarius	not applicable	OXFORD_NANOPORE	MinION	91745812.0	33561.0	WGS	GENOMIC	SINGLE	Long Reads for The Genomic Landscape of Head and Neck Cancer-associated Streptococci
SRR9722558	SRX6480211	SRS5130317	SRP215816	PRJNA470993	Staphylococcus aureus	ER03864.3	PACBIO_SMRT	PacBio RS II	1136236789.0	182009.0	WGS	GENOMIC	SINGLE	WGS of Staphylococcus aureus
SRR26991452	SRX22684466	SRS19678119	SRP474538	PRJNA1039979	Salimicrobium sp. PL1-032A	PL1-032A	OXFORD_NANOPORE	PromethION	146068268.0	19227.0	WGS	GENOMIC	SINGLE	Salimicrobium sp. PL1-032A
SRR36200470	SRX31237135	SRS27216464	SRP649104	PRJNA1367967	Klebsiella pneumoniae	38816B1	OXFORD_NANOPORE	PromethION	677789879.0	618487.0	WGS	GENOMIC	SINGLE	WGS of clinical Klebsiella pneumoniae from a referral hospital in Bansang, Gambia
ERR5671649	ERX5387130	ERS5845254	ERP126298	PRJEB42440	Citrobacter freundii		OXFORD_NANOPORE	GridION	478930841.0	198735.0	WGS	GENOMIC	SINGLE	GridION sequencing
ERR13600667	ERX12971690	ERS15600162	ERP132614	PRJEB48268	Klebsiella pneumoniae		OXFORD_NANOPORE	GridION	1579404758.0	62393.0	WGS	GENOMIC	SINGLE	GridION sequencing
SRR5829171	SRX3006578	SRS2357070	SRP111973	PRJNA367747	Serratia sp. JKS296	JKS296	PACBIO_SMRT	PacBio RS II	348604628.0	113357.0	WGS	GENOMIC	SINGLE	Serratia sp. JKS296
DRR286069	DRX275526	DRS179198	DRP007147	PRJDB11476	Enterobacter kobei	JCM 8580	OXFORD_NANOPORE	MinION	170186663.0	34342.0	WGS	GENOMIC	SINGLE	MinION sequencing of SAMD00294602
ERR3623906	ERX3619261	ERS1019878	ERP118023	PRJEB35032	Staphylococcus epidermidis		PACBIO_SMRT	PacBio RS	1550399139.0	163482.0	WGS	GENOMIC	SINGLE	PacBio RS sequencing
SRR34727959	SRX29862313	SRS25965242	SRP603812	PRJNA1297122	Enterobacter mori	missing	OXFORD_NANOPORE	MinION	422302109.0	83788.0	WGS	GENOMIC	SINGLE	Nanopore sequencing of
SRR6853655	SRX3808872	SRS3059727	SRP135948	PRJNA438529	Serratia marcescens	EL116	PACBIO_SMRT	PacBio RS	308235375.0	95116.0	WGS	GENOMIC	SINGLE	Whole genome sequencing of Serratia marcescens
SRR24140310	SRX19938767	SRS17287476	SRP247747	PRJNA604975	Escherichia coli	ox_bsi_78	OXFORD_NANOPORE	GridION	350686879.0	209871.0	WGS	GENOMIC	SINGLE	oxford_bsi
SRR18729827	SRX14829902	SRS12585870	SRP369762	PRJNA825705	Klebsiella pneumoniae	ST-258	OXFORD_NANOPORE	MinION	11857501103.0	1383505.0	WGS	GENOMIC	SINGLE	ONT sequencing of Klebsiella pneumoniae: sample KLPN-139
ERR11879739	ERX11273196	ERS16218745	ERP148698	PRJEB63553	Mycobacterium tuberculosis variant bovis		OXFORD_NANOPORE	MinION	417380813.0	94248.0	WGS	GENOMIC	SINGLE	MinION sequencing
SRR29924852	SRX25418849	SRS22019473	SRP520391	PRJNA1136785	Clostridioides difficile		OXFORD_NANOPORE	GridION	1437512363.0	720166.0	WGS	GENOMIC	SINGLE	22S0580-CDI-HON-2018_Cdifficile_WGS_ONT_RT027/ST1
ERR16064637	ERX15454819	ERS28397772	ERP173262	PRJEB90249	Staphylococcus aureus		OXFORD_NANOPORE	GridION	1403371364.0	460247.0	WGS	GENOMIC	SINGLE	GridION sequencing
SRR13390533	SRX9809670	SRS7993616	SRP301012	PRJNA690894	Streptococcus mitis	S022-V3-A4	OXFORD_NANOPORE	MinION	108000348.0	23759.0	WGS	GENOMIC	SINGLE	Streptococcus mitis whole genome sequencing
ERR16064617	ERX15454799	ERS28397752	ERP173262	PRJEB90249	Staphylococcus aureus		OXFORD_NANOPORE	GridION	173849118.0	61580.0	WGS	GENOMIC	SINGLE	GridION sequencing
SRR11812841	SRX8364098	SRS6679971	SRP262346	PRJNA525085	Streptococcus mutans	UA140	PACBIO_SMRT	Sequel II	383461336.0	35034.0	WGS	GENOMIC	SINGLE	S. mutans UA140
SRR30718006	SRX26121225	SRS22683684	SRP533480	PRJNA922334	Postechiella marina	HQB-355	OXFORD_NANOPORE	PromethION	1186478432.0	71647.0	WGS	GENOMIC	SINGLE	The reads of HQB-355
SRR21811821	SRX17801269	SRS15326720	SRP401057	PRJNA269479	Xanthomonas oryzae pv. oryzae	IXO675	OXFORD_NANOPORE	MinION	673002919.0	74252.0	WGS	GENOMIC	SINGLE	Complete genome sequence of Xanthomonas oryzae pv. oryzae IXO675
SRR10052496	SRX6786416	SRS5332481	SRP219991	PRJNA546933	Actinomadura rupiterrae	DSM 45251	PACBIO_SMRT	Sequel	2720596404.0	909481.0	WGS	GENOMIC	SINGLE	Actinomadura rupiterrae DSM 45251
DRR378808	DRX364703	DRS397292	DRP006482	PRJDB5246	Staphylococcus aureus	CN31	PACBIO_SMRT	Sequel	375161312.0	37914.0	WGS	GENOMIC	SINGLE	Sequel sequencing of SAMD00263008
SRR10541583	SRX7224985	SRS5725799	SRP233408	PRJNA370030	Clostridium beijerinckii	DJ089	PACBIO_SMRT	PacBio RS II	478838103.0	197719.0	WGS	GENOMIC	SINGLE	Clostridium beijerinckii DJ089
SRR17562570	SRX13731838	SRS11612488	SRP354557	PRJNA796325	Xanthomonas arboricola pv. pruni	Xcp1	PACBIO_SMRT	Sequel	1123366387.0	152814.0	WGS	GENOMIC	SINGLE	DNA sequencing of Xcp1
ERR1749761	ERX1818941	ERS1457004	ERP005928	PRJEB6403	Enterococcus faecium	NCTC7174	PACBIO_SMRT	PacBio RS	1303904382.0	163482.0	WGS	GENOMIC	SINGLE	PacBio RS sequencing
SRR29304309	SRX24821374	SRS21535323	SRP432620	PRJNA955456	Klebsiella pneumoniae	KpBSB60	OXFORD_NANOPORE	MinION	372158670.0	517231.0	WGS	GENOMIC	SINGLE	Oxford Nanopore Sequencing of KpBSB60 sample
SRR16525562	SRX12728437	SRS10337021	SRP357537	PRJNA801416	Enterobacter cloacae	511	OXFORD_NANOPORE	GridION	1619277599.0	334080.0	WGS	GENOMIC	SINGLE	Extensive diversification and dissemination of blaNDM carbapenemase plasmids in Enterobacterales in Singapore 2010-2015
ERR5353094	ERX5141129	ERS5753015	ERP126298	PRJEB42440	Klebsiella pneumoniae		OXFORD_NANOPORE	MinION	471533661.0	69432.0	WGS	GENOMIC	SINGLE	MinION sequencing
SRR16069098	SRX12355674	SRS10327798	SRP338660	PRJNA763690	Bacillus sp. RSS_NA_20	RSS_NA_20	PACBIO_SMRT	Sequel	733979387.0	229807.0	WGS	GENOMIC	SINGLE	Genome of endophytic bacterium from mangrove plant
SRR21607581	SRX17608737	SRS15144907	SRP397687	PRJNA812594	Acinetobacter baumannii	1326983	OXFORD_NANOPORE	GridION	397294643.0	36937.0	WGS	GENOMIC	SINGLE	Nanopore sequencing of CRAB
SRR23392468	SRX19330239	SRS16727180	SRP421832	PRJNA932719	Campylobacter coli		OXFORD_NANOPORE	MinION	269152514.0	14756.0	WGS	GENOMIC	SINGLE	Long-read WGS characterization of commensal Campylobacter jejuni and Campylobacter coli isolates from dairy cattle in Northern Spain
SRR27180023	SRX22860453	SRS19835777	SRP477403	PRJNA1049513	Vibrio sp. PBL-C16	PBL-C16	OXFORD_NANOPORE	MinION	1413006.0	213.0	WGS	GENOMIC	SINGLE	Vibrio sp. PBL-C16 Genome sequencing and assembly
SRR10123216	SRX6852728	SRS5312758	SRP219457	PRJNA543274	Klebsiella michiganensis	720807-16	PACBIO_SMRT	Sequel	256737617.0	40867.0	WGS	GENOMIC	SINGLE	720807-16
SRR22784407	SRX18744471	SRS16179693	SRP413484	PRJNA912639	Escherichia coli	EC_A_6041_C6_H_CuP_CeN	OXFORD_NANOPORE	MinION	560208853.0	88000.0	WGS	GENOMIC	SINGLE	WGS of Escherichia coli
SRR21630127	SRX17630887	SRS14986985	SRP354045	PRJNA747871	Amycolatopsis sp. NBC_00345	NBC_00345	OXFORD_NANOPORE	MinION	1549411475.0	146699.0	WGS	GENOMIC	SINGLE	nanopore sequencing data from strain NBC_00345
SRR16525256	SRX12727858	SRS10676792	SRP342584	PRJNA768992	Salmonella enterica subsp. enterica serovar Heidelberg	SA02DT10168701	OXFORD_NANOPORE	MinION	1055115101.0	117222.0	WGS	GENOMIC	SINGLE	Evaluation of commercial DNA extraction kits for implementation of rapid Nanopore
ERR10498924	ERX10016213	ERS14256181	ERP142629	PRJEB57633	Escherichia coli		OXFORD_NANOPORE	GridION	115694172.0	18445.0	WGS	GENOMIC	SINGLE	Raw reads: ONT_30602_2#43
ERR12743222	ERX12117147	ERS18422155	ERP158495	PRJEB73759	Mycobacterium tuberculosis	P059-N1392	PACBIO_SMRT	Sequel II	329608357.0	76540.0	WGS	GENOMIC	SINGLE	Sequel II sequencing
SRR22784516	SRX18744362	SRS16179633	SRP413484	PRJNA912639	Escherichia coli	EC_G_23315_H1_D_CuP_CeN	OXFORD_NANOPORE	MinION	119877694.0	14094.0	WGS	GENOMIC	SINGLE	WGS of Escherichia coli
SRR13448693	SRX9861838	SRS8041966	SRP295672	PRJNA681856	Salmonella enterica	LHICA_E3	OXFORD_NANOPORE	MinION	38505461.0	4000.0	WGS	GENOMIC	SINGLE	WGS of Salmonella Lhica E3_17
SRR35213182	SRX30317176	SRS26364110	SRP615992	PRJNA1301220	Acinetobacter baumannii	ABO21-E067	OXFORD_NANOPORE	MinION	1511800177.0	135027.0	WGS	GENOMIC	SINGLE	Whole geneme sequencing of Acinetobacter baumannii: isolates of the Ab-One study
SRR13192521	SRX9626938	SRS7827983	SRP295672	PRJNA681856	Salmonella enterica	LHICA_E1	OXFORD_NANOPORE	MinION	14642141.0	4000.0	WGS	GENOMIC	SINGLE	WGS of Salmonella enterica Lhica E6
ERR15094579	ERX14499177	ERS24813701	ERP119900	PRJEB36683	Klebsiella pneumoniae 11227-1		OXFORD_NANOPORE	PromethION	928715976.0	278340.0	WGS	GENOMIC	SINGLE	Raw reads: RKPB107_L
ERR2543055	ERX2561397	ERS2016248	ERP005928	PRJEB6403	Shewanella putrefaciens		PACBIO_SMRT	PacBio RS	1273315321.0	163482.0	WGS	GENOMIC	SINGLE	PacBio RS sequencing
SRR14628250	SRX10968923	SRS8660045	SRP321015	PRJNA731114	Pseudomonas aeruginosa	PaLo228	OXFORD_NANOPORE	MinION	750781435.0	111487.0	WGS	GENOMIC	SINGLE	Nanopore sequencing of Pseudomonas aeruginosa isolates
ERR4763134	ERX4636187	ERS5247936	ERP124695	PRJEB40976	Enterococcus faecalis		OXFORD_NANOPORE	GridION	480857494.0	22997.0	WGS	GENOMIC	SINGLE	GridION sequencing; Raw reads: 28099_2#75
SRR33774774	SRX28997235	SRS25215309	SRP588972	PRJNA1253714	Escherichia coli	E1	OXFORD_NANOPORE	PromethION	2030566100.0	148514.0	WGS	GENOMIC	SINGLE	E1g Oxfrod Nanopore sequencing
SRR19634241	SRX15684535	SRS13381614	SRP379817	PRJNA848631	Escherichia coli		OXFORD_NANOPORE	GridION	524121769.0	76087.0	WGS	GENOMIC	SINGLE	Long read sequencing of E. coli that has been experimentally evolved with a CTX-M-15 plasmid
SRR32325628	SRX27660605	SRS24065709	SRP563564	PRJNA1221122	Acinetobacter baumannii	AB-42	OXFORD_NANOPORE	PromethION	1675713846.0	347453.0	WGS	GENOMIC	SINGLE	Genome sequencing of Acinetobacter baumannii
SRR29316602	SRX24833541	SRS21545372	SRP512379	PRJNA1121190	Vibrio cholerae	117Vc02	OXFORD_NANOPORE	PromethION	162442246.0	120107.0	WGS	GENOMIC	SINGLE	WGS of Vcholerae isolates
SRR36631462	SRX31643634	SRS27617958	SRP658777	PRJNA1395291	Haemophilus influenzae	C1	OXFORD_NANOPORE	MinION	1103986038.0	149451.0	WGS	GENOMIC	SINGLE	Oxford Nanopore sequencing
DRR528390	DRX512268	DRS453563	DRP012825	PRJDB17431	Escherichia coli	2022H047	OXFORD_NANOPORE	MinION	265637855.0	85262.0	WGS	GENOMIC	SINGLE	MinION sequencing of SAMD00735650
SRR13575248	SRX9973613	SRS8145954	SRP303741	PRJNA695586	Streptococcus pyogenes	M4C20	OXFORD_NANOPORE	MinION	3494367.0	4000.0	WGS	GENOMIC	SINGLE	Whole genome sequence of Streptococcus pyogenes strain M4C20
SRR30343000	SRX25801149	SRS22432625	SRP528120	PRJNA1150149	Staphylococcus aureus	ST5	OXFORD_NANOPORE	MinION	221130024.0	64501.0	WGS	GENOMIC	SINGLE	ONT long-read sequencing of potential healthcare transmission pathogens
SRR21696616	SRX17694169	SRS14987522	SRP354045	PRJNA747871	Streptomyces sp. NBC_00885	NBC_00885	OXFORD_NANOPORE	MinION	2072374418.0	381537.0	WGS	GENOMIC	SINGLE	nanopore sequencing data from strain NBC_00885
SRR30896160	SRX26299861	SRS22828584	SRP536878	PRJNA1134622	Escherichia coli	OXEC-230	OXFORD_NANOPORE	MinION	499302115.0	147691.0	WGS	GENOMIC	SINGLE	OXEC-230
ERR8007936	ERX7573605	ERS9899466	ERP131998	PRJEB47698	Ureaplasma urealyticum		OXFORD_NANOPORE	MinION	1890130.0	1240.0	WGS	GENOMIC	SINGLE	MinION sequencing
SRR24139869	SRX19938536	SRS17287246	SRP247747	PRJNA604975	Escherichia coli	ox_bsi_711	OXFORD_NANOPORE	GridION	340471921.0	131823.0	WGS	GENOMIC	SINGLE	oxford_bsi
SRR24001268	SRX19804734	SRS17166615	SRP429910	PRJNA909850	human blood metagenome	-	OXFORD_NANOPORE	GridION	435660206.0	54798.0	WGS	GENOMIC	SINGLE	DNA isolation from P. aeruginosa using Circulomics
ERR581050	ERX539137	ERS426720	ERP001625	PRJEB3164	Salmonella enterica subsp. enterica serovar Typhimurium		PACBIO_SMRT	PacBio RS	919825434.0	163482.0	WGS	GENOMIC	SINGLE	PacBio RS sequencing
SRR13674447	SRX10063888	SRS8226063	SRP040661	PRJNA231221	Acinetobacter baumannii	FDAARGOS_1360	PACBIO_SMRT	Sequel	1327665253.0	271056.0	WGS	GENOMIC	SINGLE	
SRR19776523	SRX15820973	SRS12273971	SRP364249	PRJNA816422	Helicobacter pylori	Hpfe123	OXFORD_NANOPORE	MinION	189473805.0	43410.0	WGS	GENOMIC	SINGLE	nanopore sequencing of h. pylori genomic DNA
SRR32364668	SRX27699478	SRS21122109	SRP444583	PRJNA962904	Klebsiella pneumoniae		PACBIO_SMRT	Sequel II	131497332.0	5957.0	WGS	GENOMIC	SINGLE	PacBio sequencing of AS26938E2 for ARCH 1.0
SRR14253068	SRX10615530	SRS8713268	SRP315107	PRJNA722379	Pasteurella multocida	HuN001	OXFORD_NANOPORE	MinION	1582081118.0	125224.0	WGS	GENOMIC	SINGLE	Genome sequence of Pasteurella multocida
SRR21415562	SRX17420318	SRS14916991	SRP361569	PRJNA768416	Bacillus sp. FSL R5-0523		OXFORD_NANOPORE	MinION	286526975.0	68633.0	WGS	GENOMIC	SINGLE	WGS of Bacilli
SRR13258479	SRX9689303	SRS7886593	SRP297072	PRJNA682584	Enterococcus faecium	Dallas 100_1	OXFORD_NANOPORE	MinION	724782375.0	121894.0	WGS	GENOMIC	SINGLE	WGS of vancomycin resistant Enterococcus faecium collected from Dallas, Texas
SRR12611028	SRX9094373	SRS7339970	SRP281606	PRJNA662350	Clostridioides sp. ES-W-0016-02	ES-W-0016-02	OXFORD_NANOPORE	MinION	1411306639.0	273466.0	WGS	GENOMIC	SINGLE	Oxford Nanopore MinION sequencing of Clostridioides sp. ES-W-0016-02
SRR31598861	SRX26963625	SRS23433337	SRP549287	PRJNA1185485	Escherichia coli	190	OXFORD_NANOPORE	PromethION	1835720578.0	380992.0	WGS	GENOMIC	SINGLE	Kleb-3R-barcode12
ERR1274819	ERX1346407	ERS970089	ERP005928	PRJEB6403	Enterococcus faecium	NCTC12202	PACBIO_SMRT	PacBio RS	2796280519.0	163482.0	WGS	GENOMIC	SINGLE	PacBio RS sequencing
ERR10163291	ERX9699876	ERS13423727	ERP140710	PRJEB55790	Apilactobacillus kunkeei	G0406	PACBIO_SMRT	PacBio RS	892693566.0	119691.0	WGS	GENOMIC	SINGLE	PacBio RS sequencing; Raw reads: G0406
SRR31599479	SRX26964203	SRS23433914	SRP549287	PRJNA1185485	Escherichia coli	731	OXFORD_NANOPORE	PromethION	845408129.0	168000.0	WGS	GENOMIC	SINGLE	W3R-barcode50
SRR4273066	SRX2179569	SRS1704550	SRP040661	PRJNA231221	Klebsiella aerogenes	FDAARGOS_231	PACBIO_SMRT	PacBio RS	555507026.0	163482.0	WGS	GENOMIC	SINGLE	
SRR18691817	SRX14792813	SRS12551199	SRP368354	PRJNA824933	Providencia stuartii	CMC-4104	OXFORD_NANOPORE	MinION	305658334.0	19109.0	WGS	GENOMIC	SINGLE	ONT WGS of CMC-4104
ERR2528467	ERX2547348	ERS1572798	ERP021285	PRJEB19288	Vibrio cholerae		PACBIO_SMRT	PacBio RS	164228088.0	163482.0	WGS	GENOMIC	SINGLE	PacBio RS sequencing
DRR482536	DRX466762	DRS312754	DRP010188	PRJDB15932	Campylobacter jejuni	BCH-10312	OXFORD_NANOPORE	MinION	143599451.0	10062.0	WGS	GENOMIC	SINGLE	SSUB025744: Campylobacter jejuni BCH-10312
SRR21465142	SRX17468800	SRS6011507	SRP395888	PRJNA812595	Vibrio cholerae	PNUSAV001140	OXFORD_NANOPORE	MinION	213185551.0	31057.0	WGS	GENOMIC	SINGLE	Pathogen: clinical or host-associated sample
SRR36676502	SRX31685369	SRS27656651	SRP659761	PRJNA1332793	Pseudomonas ogarae	Pog3	OXFORD_NANOPORE	MinION	1374690857.0	233802.0	WGS	GENOMIC	SINGLE	ONT library of P. ogarae Pog3
SRR32486279	SRX27799659	SRS24152448	SRP406175	PRJNA897941	Listeria monocytogenes	AUSMDU00094869	OXFORD_NANOPORE	PromethION	2424056386.0	497918.0	WGS	GENOMIC	SINGLE	WGS of Listeria species from ONT reads
SRR14509651	SRX10855396	SRS8951104	SRP319462	PRJNA728709	Escherichia coli	93_0495	PACBIO_SMRT	PacBio RS II	1795579868.0	163482.0	WGS	GENOMIC	SINGLE	Genome sequencing of E. coli O26:H11
SRR386541	SRX109806	SRS212337	SRP007233	PRJNA64879	Fusobacterium animalis F0419	OT 420	PACBIO_SMRT	PacBio RS	45389613.0	81741.0	WGS	GENOMIC	SINGLE	Whole Genome Sequencing and Assembly
SRR12622400	SRX9105140	SRS7348713	SRP282001	PRJNA645292	Pasteurella multocida	X1053	OXFORD_NANOPORE	PromethION	118742135.0	24667.0	WGS	GENOMIC	SINGLE	ONT WGS of P. multocida strain X1053
SRR22191002	SRX18169420	SRS15668685	SRP303037	PRJNA694442	Salmonella enterica		OXFORD_NANOPORE	GridION	864991383.0	115457.0	WGS	GENOMIC	SINGLE	Multiplex WGS of Salmonella
SRR31073018	SRX26456569	SRS22971874	SRP540188	PRJNA1105559	Thermohahella caldifontis	SMD15-11	OXFORD_NANOPORE	MinION	1779760419.0	469787.0	WGS	GENOMIC	SINGLE	WGS of Hahella sp. SMD15-11
ERR14905097	ERX14309405	ERS24300104	ERP172116	PRJEB89064	Bordetella pertussis	FR7105	OXFORD_NANOPORE	GridION			WGS	GENOMIC	SINGLE	GridION sequencing
SRR14507743	SRX10853719	SRS8949582	SRP319420	PRJNA719983	Enterococcus faecium	AVS0243	OXFORD_NANOPORE	MinION	487756199.0	32415.0	WGS	GENOMIC	SINGLE	Long read sequencing of AVS0243
SRR21563400	SRX17565774	SRS14986998	SRP354045	PRJNA747871	Streptomyces sp. NBC_00057	NBC_00057	OXFORD_NANOPORE	MinION	269024300.0	63229.0	WGS	GENOMIC	SINGLE	nanopore sequencing data from strain NBC_00057
SRR5281760	SRX2585427	SRS1999190	SRP100636	PRJNA368919	Streptomyces sp. MOE7	MOE7	PACBIO_SMRT	PacBio RS II	1866276530.0	163482.0	WGS	GENOMIC	SINGLE	Complete genome sequencing of Streptomyces sp. MOE7, a Streptomyces producing an extracellular polysaccharide with antioxidant and antitumor activities
SRR21696408	SRX17693857	SRS11554227	SRP354045	PRJNA747871	Streptomyces sp. NBC_01318	NBC_01318	OXFORD_NANOPORE	MinION	295615586.0	83235.0	WGS	GENOMIC	SINGLE	nanopore sequencing data from strain NBC_01318
ERR968265	ERX1045243	ERS706560	ERP005928	PRJEB6403	Klebsiella pneumoniae	NCTC9660	PACBIO_SMRT	PacBio RS	186590784.0	163482.0	WGS	GENOMIC	SINGLE	PacBio RS sequencing
SRR19820595	SRX15864326	SRS13525986	SRP361569	PRJNA768416	Anoxybacillus sp. FSL W8-0382	FSL W8-0382	OXFORD_NANOPORE	MinION	255490463.0	41027.0	WGS	GENOMIC	SINGLE	WGS of Bacilli
SRR7971247	SRX4804292	SRS3883052	SRP163896	PRJNA494713	Escherichia coli	ERL05-0623	PACBIO_SMRT	PacBio RS II	1774985767.0	163482.0	WGS	GENOMIC	SINGLE	Compete closed genomes of ten Shiga toxin-containing Escherichia coli O157:H7 strains             from New Zealand
ERR4762972	ERX4636038	ERS5247851	ERP124695	PRJEB40976	Enterococcus faecalis		OXFORD_NANOPORE	GridION	417530144.0	20074.0	WGS	GENOMIC	SINGLE	GridION sequencing; Raw reads: 27688_1#300
SRR8549121	SRX5351043	SRS4342288	SRP184545	PRJNA521419	Escherichia coli	A1_181	PACBIO_SMRT	Sequel	534595294.0	75933.0	WGS	GENOMIC	PAIRED	CPE in Alaska gulls
SRR35556652	SRX30631408	SRS4051514	SRP150360	PRJNA475751	Klebsiella pneumoniae	KLP00175	OXFORD_NANOPORE	MinION	154107319.0	41134.0	WGS	GENOMIC	SINGLE	WGS Sequencing of Klebsiella pneumoniae
ERR11801719	ERX11200078	ERS16224823	ERP119900	PRJEB36683	Klebsiella pneumoniae 11227-1		OXFORD_NANOPORE	MinION	277424885.0	77469.0	WGS	GENOMIC	SINGLE	MinION sequencing; Raw reads: Kp13_plasmid
SRR23434686	SRX19348496	SRS4261976	SRP422161	PRJNA780364	Xylella fastidiosa subsp. multiplex	CFBP 8418	PACBIO_SMRT	PacBio RS II	2894136330.0	163482.0	WGS	GENOMIC	SINGLE	Xylella fastidiosa subsp. multiplex CFBP8418
SRR6478741	SRX3568608	SRS2839668	SRP129915	PRJNA408627	Geminisphaera colitermitum TAV2	TAV2	PACBIO_SMRT	PacBio RS II	935163810.0	543740.0	WGS	GENOMIC	SINGLE	Diplosphaera colotermitum TAV2 methylome
SRR12045574	SRX8574252	SRS6866236	SRP040661	PRJNA231221	Clostridium perfringens	FDAARGOS_904	PACBIO_SMRT	PacBio RS	1730261228.0	163482.0	WGS	GENOMIC	SINGLE	
DRR493635	DRX477834	DRS321414	DRP010456	PRJDB16243	Fusobacterium nucleatum	S-P11	PACBIO_SMRT	Sequel II	33836491.0	2431.0	WGS	GENOMIC	SINGLE	Sequel II sequencing of SAMD00632034
SRR14871226	SRX11188592	SRS9244893	SRP324862	PRJNA736470	Streptococcus equi subsp. equi	SEE_14-105	PACBIO_SMRT	Sequel	1091150586.0	170547.0	WGS	GENOMIC	SINGLE	PacBio whole genome sequencing of Streptococcu equi
ERR15941483	ERX15337028	ERS27416799	ERP185476	PRJEB104171	Escherichia coli		OXFORD_NANOPORE	MinION	468716686.0	86919.0	WGS	GENOMIC	SINGLE	MinION sequencing
SRR5805005	SRX2984213	SRS2337021	SRP111113	PRJNA392935	Klebsiella pneumoniae		OXFORD_NANOPORE	MinION	442217218.0	55168.0	WGS	GENOMIC	SINGLE	MinION sequencing of plasmid library from KPESBL-1 bacterial isolate
SRR34973983	SRX30092861	SRS26157819	SRP608514	PRJNA1305037	Escherichia coli	MI_KPC_576	OXFORD_NANOPORE	PromethION	500002022.0	59104.0	WGS	GENOMIC	SINGLE	KPC CRE collection from state of Michigan
SRR364967	SRX032454	SRS140103	SRP004712	PRJNA61297	Vibrio cholerae O1 biovar El Tor str. N16961	N16961	PACBIO_SMRT	PacBio RS	57319097.0	60667.0	WGS	GENOMIC	SINGLE	Sequencing for N5 (Bangladesh, 1971)
SRR13955679	SRX10334086	SRS8453805	SRP310443	PRJNA714107	Mannheimia haemolytica	1475	PACBIO_SMRT	PacBio RS II	1355494110.0	440632.0	WGS	GENOMIC	SINGLE	PacBio reads of M. haemolytica
SRR12395191	SRX8893706	SRS7152728	SRP276100	PRJNA650381	Mycobacterium tuberculosis		OXFORD_NANOPORE	MinION	902201923.0	666966.0	WGS	GENOMIC	SINGLE	Nanopore TB WGS
SRR8885333	SRX5671060	SRS3954121	SRP166187	PRJNA497581	Acinetobacter baumannii	TG22653	OXFORD_NANOPORE	MinION	1460993754.0	385636.0	WGS	GENOMIC	SINGLE	Acinetobacter baumannii sequencing
SRR30949620	SRX26352166	SRS22817424	SRP536567	PRJNA1165464	Escherichia coli	Not applicable	OXFORD_NANOPORE	MinION	309587115.0	55520.0	WGS	GENOMIC	SINGLE	Nanopore sequencing of E.coli: blood isolate
SRR24474926	SRX20261302	SRS17592059	SRP436581	PRJNA967113	Enterobacter hormaechei	CPO391	OXFORD_NANOPORE	MinION	563774754.0	32611.0	WGS	GENOMIC	SINGLE	WGS of bacterial isolate possessing blaNDM carbapenemase
SRR31599523	SRX26964159	SRS23433871	SRP549287	PRJNA1185485	Escherichia coli	583	OXFORD_NANOPORE	PromethION	142179622.0	70331.0	WGS	GENOMIC	SINGLE	RMB-3R-barcode52
SRR12046684	SRX8575288	SRS6867251	SRP040661	PRJNA231221	Lactococcus garvieae	FDAARGOS_893	PACBIO_SMRT	PacBio RS	2786509843.0	163482.0	WGS	GENOMIC	SINGLE	
SRR34965702	SRX30085292	SRS26151642	SRP608494	PRJNA1304997	Mycobacterium tuberculosis	UTB-65	PACBIO_SMRT	Revio	5234386288.0	600868.0	WGS	GENOMIC	SINGLE	WGS of Mycobacterium tuberculosis
SRR21696302	SRX17693963	SRS11554543	SRP354045	PRJNA747871	Streptomyces griseoaurantiacus	NBC_01366	OXFORD_NANOPORE	MinION	223786948.0	98211.0	WGS	GENOMIC	SINGLE	nanopore sequencing data from strain NBC_01366
ERR13253045	ERX12623668	ERS20229430	ERP161024	PRJEB76496	Klebsiella pneumoniae	Zagreb029	OXFORD_NANOPORE	GridION	1752552601.0	319878.0	WGS	GENOMIC	SINGLE	GridION sequencing
SRR3441668	SRX1727907	SRS1324856	SRP050002	PRJNA266616	Bordetella pertussis		PACBIO_SMRT	PacBio RS II	754054213.0	163482.0	WGS	GENOMIC	SINGLE	
ERR1911788	ERX1972268	ERS1420644	ERP005928	PRJEB6403	Peptoniphilus indolicus	NCTC11088	PACBIO_SMRT	PacBio RS	3155866572.0	163482.0	WGS	GENOMIC	SINGLE	PacBio RS sequencing
ERR772456	ERX715335	ERS647572	ERP005928	PRJEB6403	Salmonella enterica	NCTC5793	PACBIO_SMRT	PacBio RS	827827075.0	163482.0	WGS	GENOMIC	SINGLE	PacBio RS sequencing
SRR4164102	SRX2136363	ERS1460871	SRP086209	PRJNA303507	Micromonospora yangpuensis	DSM 45577	PACBIO_SMRT	PacBio RS	744522817.0	220988.0	WGS	GENOMIC	SINGLE	Micromonospora yangpuensis DSM 45577
ERR15183378	ERX14588768	ERS25125885	ERP160948	PRJEB76420	Escherichia coli		OXFORD_NANOPORE	MinION			WGS	GENOMIC	SINGLE	MinION sequencing
ERR8607196	ERX8239776	ERS10607598	ERP135255	PRJEB50649	Neisseria gonorrhoeae		OXFORD_NANOPORE	MinION	204426082.0	40262.0	WGS	GENOMIC	SINGLE	MinION sequencing
ERR902057	ERX981446	ERS659589	ERP005928	PRJEB6403	Klebsiella pneumoniae	NCTC11692	PACBIO_SMRT	PacBio RS	1300520073.0	163482.0	WGS	GENOMIC	SINGLE	PacBio RS sequencing
ERR2503153	ERX2522396	ERS1943171	ERP005928	PRJEB6403	Brucella neotomae	NCTC10071	PACBIO_SMRT	PacBio RS	1968041541.0	163482.0	WGS	GENOMIC	SINGLE	PacBio RS sequencing
SRR16089807	SRX12376125	SRS10347024	SRP151364	PRJNA477706	Moraxella bovis	SAM57959	PACBIO_SMRT	Sequel	983166673.0	215378.0	WGS	GENOMIC	SINGLE	Sequencing Moraxella genomes
SRR22533742	SRX18497790	SRS15967905	SRP411387	PRJNA906295	Acetobacteraceae bacterium ESL0709	ESL0709	OXFORD_NANOPORE	MinION	401654264.0	111996.0	WGS	GENOMIC	SINGLE	Genome sequencing of Acetobacteraceae species from Melipona lateralis
SRR26135200	SRX21848527	SRS18945785	SRP462492	PRJNA946810	Pseudomonas aeruginosa	Blood_P7	OXFORD_NANOPORE	GridION	101426973.0	20667.0	WGS	GENOMIC	SINGLE	WGS of Pseudomonas aeruginosa from hospitalized patiens from Quito, Ecuador
SRR32528099	SRX27839429	SRS24213900	SRP567071	PRJNA1230128	Salmonella enterica subsp. enterica serovar Java	20EPA011NSA_18	OXFORD_NANOPORE	MinION	202344617.0	44881.0	WGS	GENOMIC	SINGLE	nanopore sequence of Salmonella enterica
DRR472247	DRX456476	DRS239086	DRP008516	PRJDB12179	Streptococcus dysgalactiae subsp. equisimilis	KUSD058	OXFORD_NANOPORE	MinION	318179564.0	75534.0	WGS	GENOMIC	SINGLE	MinION sequencing of SAMD00466558
SRR386142	SRX109862	SRS002749	SRP001660	PRJNA30055	Bifidobacterium bifidum NCIMB 41171	NCIMB 41171	PACBIO_SMRT	PacBio RS	47799898.0	81741.0	WGS	GENOMIC	SINGLE	Whole Genome Sequencing and Assembly
ERR2603031	ERX2619687	ERS2016234	ERP005928	PRJEB6403	Janthinobacterium lividum		PACBIO_SMRT	PacBio RS	1917153994.0	163482.0	WGS	GENOMIC	SINGLE	PacBio RS sequencing
SRR10613452	SRX7292614	SRS5786140	SRP235312	PRJNA462545	Clostridium beijerinckii	DJ085	PACBIO_SMRT	PacBio RS II	740440236.0	267974.0	WGS	GENOMIC	SINGLE	Clostridium beijerinckii DJ085
SRR30896599	SRX26300111	SRS22828833	SRP536879	PRJNA1150087	Ralstonia pseudosolanacearum	RUN0320	PACBIO_SMRT	Sequel	1552340005.0	286743.0	WGS	GENOMIC	SINGLE	Whole genome sequencing with PacBio technology of Ralstonia pseudosolanacearum strain
ERR10513161	ERX10027565	ERS14238017	ERP142426	PRJEB57450	Listeria monocytogenes	16-02236	OXFORD_NANOPORE	MinION	290002181.0	12183.0	WGS	GENOMIC	SINGLE	MinION sequencing
SRR32610416	SRX27915768	SRS24273875	SRP568450	PRJNA1228643	Methylobacterium fujisawaense	R-20	OXFORD_NANOPORE	GridION	473492275.0	59529.0	WGS	GENOMIC	SINGLE	ONT WGS of Methylobacterium R-20
SRR32364918	SRX27699228	SRS21123017	SRP444583	PRJNA962904	Klebsiella pneumoniae		PACBIO_SMRT	Sequel II	250701343.0	10470.0	WGS	GENOMIC	SINGLE	PacBio sequencing of AS27896E1 for ARCH 1.0
SRR35556868	SRX30631192	SRS4051572	SRP150360	PRJNA475751	Klebsiella pneumoniae	KLP00217	OXFORD_NANOPORE	MinION	726622636.0	89638.0	WGS	GENOMIC	SINGLE	WGS Sequencing of Klebsiella pneumoniae
SRR13192486	SRX9626973	SRS7827983	SRP295672	PRJNA681856	Salmonella enterica	LHICA_E1	OXFORD_NANOPORE	MinION	16172200.0	4000.0	WGS	GENOMIC	SINGLE	WGS of Salmonella enterica Lhica E88
SRR12711914	SRX9190807	SRS7426798	SRP285370	PRJNA647647	Streptomyces mexicanus	Marseille-Q0842	OXFORD_NANOPORE	GridION	16974699.0	4000.0	WGS	GENOMIC	SINGLE	ONT of Streptomyces mexicanus : Marseille
SRR26132716	SRX21846132	SRS18943664	SRP462370	PRJNA958357	Paraburkholderia graminis	SLBN-33	PACBIO_SMRT	Sequel IIe	1418678034.0	218133.0	WGS	GENOMIC	SINGLE	Paraburkholderia graminis SLBN-33
SRR31599057	SRX26964027	SRS23433741	SRP549287	PRJNA1185485	Escherichia coli	76	OXFORD_NANOPORE	PromethION	2094480463.0	409152.0	WGS	GENOMIC	SINGLE	2ndManhole-barcode83
SRR6129948	SRX3242369	SRS2490113	SRP116759	PRJNA400855	Pseudomonas sp. Pier16	MYb193	PACBIO_SMRT	PacBio RS II	5764633406.0	163482.0	WGS	GENOMIC	SINGLE	WGS of C. elegans microbiome: MYb193, replicate 1
SRR24807281	SRX20579464	SRS17881452	SRP338930	PRJNA766641	Mycobacterium tuberculosis	IDR 2000001298	OXFORD_NANOPORE	MinION	66484243.0	61739.0	WGS	GENOMIC	SINGLE	MinION sequencing of TB isolates
SRR19349844	SRX15408589	SRS12115365	SRP361569	PRJNA768416	Solibacillus sp. FSL R5-0449		OXFORD_NANOPORE	MinION	334001758.0	43422.0	WGS	GENOMIC	SINGLE	WGS of Bacilli
SRR3732362	SRX1888194	SRS1531597	SRP077623	PRJNA210894	Acetivibrio thermocellus AD2	AD2	PACBIO_SMRT	PacBio RS	398835458.0	243537.0	WGS	GENOMIC	SINGLE	Clostridium thermocellum AD2
ERR10175995	ERX9712468	ERS13444801	ERP132884	PRJEB48506	Salmonella enterica subsp. enterica serovar Paratyphi A		OXFORD_NANOPORE	MinION	704261714.0	326286.0	WGS	GENOMIC	SINGLE	MinION sequencing; Raw reads: SEAP7506811_MinION
ERR1366076	ERX1437346	ERS1049095	ERP005928	PRJEB6403	Streptococcus suis	NCTC10234	PACBIO_SMRT	PacBio RS	1930695720.0	163482.0	WGS	GENOMIC	SINGLE	PacBio RS sequencing
ERR10499694	ERX10016976	ERS14256823			Escherichia coli		OXFORD_NANOPORE	GridION	540905769.0	58626.0	WGS	GENOMIC	SINGLE	GridION sequencing; Raw reads: ONT_30859_5#221
SRR35903292	SRX30952595	SRS26702262	SRP150360	PRJNA475751	Escherichia coli	EC01039	OXFORD_NANOPORE	MinION	54805114.0	9722.0	WGS	GENOMIC	SINGLE	WGS Sequencing of E. coli
SRR31976233	SRX27331444	SRS23507024	SRP074197	PRJNA288601	Ectopseudomonas oleovorans	2024HL-01383	OXFORD_NANOPORE	MinION	956134976.0	115214.0	WGS	GENOMIC	SINGLE	Long read sequencing of carbapenemase producing organisms
ERR5420974	ERX5205538	ERS5845250	ERP126298	PRJEB42440	Klebsiella pneumoniae		OXFORD_NANOPORE	GridION	745116166.0	117812.0	WGS	GENOMIC	SINGLE	GridION sequencing
SRR17231411	SRX13410520	SRS3020792	SRP133963	PRJNA436997	Mycobacterium tuberculosis	3237	PACBIO_SMRT	Sequel II	2775202895.0	423510.0	WGS	GENOMIC	SINGLE	DNA020
SRR389288	SRX032451	SRS140100	SRP004712	PRJNA61297	Vibrio cholerae O1 biovar El Tor		PACBIO_SMRT	PacBio RS	141895453.0	60667.0	WGS	GENOMIC	SINGLE	Sequencing for H1 (Haiti, 2010)
SRR2157050	SRX1143737	SRS1136377	SRP062341	PRJNA238056	Heyndrickxia coagulans DSM 1 = ATCC 7050	ATCC 7050	PACBIO_SMRT	PacBio RS II	1586426229.0	270965.0	WGS	GENOMIC	SINGLE	BDN_PacBio
ERR10452923	ERX9976378	ERS6793992	ERP109413	PRJEB27342	Klebsiella pneumoniae		PACBIO_SMRT	Sequel II	215682781.0	34006.0	WGS	GENOMIC	SINGLE	Sequel II sequencing
SRR27001115	SRX22694064	SRS17894663	SRP436735	PRJNA970844	Francisella tularensis subsp. holarctica	FRAN255	OXFORD_NANOPORE	MinION	42115027.0	50908.0	WGS	GENOMIC	SINGLE	WGS of Francisella tularensis subsp. holarctica culture
SRR32164068	SRX27509549	SRS23928383	SRP560556	PRJNA1147241	Priestia aryabhattai	CT11-1	OXFORD_NANOPORE	MinION	1354359065.0	239858.0	WGS	GENOMIC	SINGLE	wheat associated bacteria:Priestia aryabhattai
SRR34436408	SRX29597514	SRS8091055	SRP598841	PRJNA1287288	Enterobacter hormaechei	CPO017	OXFORD_NANOPORE	MinION	340213602.0	134867.0	WGS	GENOMIC	SINGLE	R10.4.1 WGS of bacterial isolate for accuracy benchmarking
SRR6995000	SRX3929732	SRS3163152	SRP133836	PRJNA316321	Pseudomonas aeruginosa	AR_458	PACBIO_SMRT	PacBio RS	1560361214.0	163482.0	WGS	GENOMIC	SINGLE	
ERR14747254	ERX14148530	ERS23812286	ERP170065	PRJEB86767	Morganella morganii		OXFORD_NANOPORE	MinION	520205312.0	121062.0	WGS	GENOMIC	SINGLE	EXP-21-1-2025-03-14_14-42-05
SRR12020689	SRX8552878	SRS6846759	SRP267445	PRJNA342083	Agrobacterium vitis	CG412	OXFORD_NANOPORE	MinION	840641479.0	33871.0	WGS	GENOMIC	SINGLE	Agrobacterium vitis CG412 ONT WGS
SRR33114765	SRX28378357	SRS24703777	SRP578271	PRJNA1151975	Mycobacterium hainanense	HNNTM2301	PACBIO_SMRT	Sequel II	317198628.0	38069.0	WGS	GENOMIC	SINGLE	Pacbio reads of Mycobacterium: BALF
ERR5214389	ERX5017845	ERS5599755	ERP126298	PRJEB42440	Klebsiella pneumoniae		OXFORD_NANOPORE	MinION	726538575.0	66545.0	WGS	GENOMIC	SINGLE	MinION sequencing
SRR29778998	SRX25278882	SRS21698261	SRP418402	PRJNA925803	Streptococcus dysgalactiae subsp. equisimilis	MGCS35856	OXFORD_NANOPORE	GridION	278489372.0	106073.0	WGS	GENOMIC	SINGLE	WGS of Streptococcus dysgalactiae subsp. equisimilis
SRR19184181	SRX15249303	SRS12981683	SRP375062	PRJNA837734	Listeria monocytogenes	VBLLi 01-100 (L54)	OXFORD_NANOPORE	MinION	118703197.0	29247.0	WGS	GENOMIC	SINGLE	Nanopore sequencing of Listeria monocytogenes
SRR26643495	SRX22343811	SRS7729717	SRP074197	PRJNA288601	Pseudomonas aeruginosa	2020CK-00444	OXFORD_NANOPORE	GridION	413416923.0	88502.0	WGS	GENOMIC	SINGLE	Nanopore sequencing of ARLN isolate
SRR18729769	SRX14829960	SRS12585903	SRP369762	PRJNA825705	Klebsiella pneumoniae	ST-111	OXFORD_NANOPORE	MinION	2339000773.0	301581.0	WGS	GENOMIC	SINGLE	ONT sequencing of Klebsiella pneumoniae: sample KLPN-283
SRR21294676	SRX17303776	SRS14865449	SRP394322	PRJNA742876	Bradyrhizobium sp. ISRA435	ISRA435	OXFORD_NANOPORE	MinION	187517112.0	31637.0	WGS	GENOMIC	SINGLE	Bradyrhizobium sp. ISRA435 Genome Sequencing
SRR17206300	SRX13386219	SRS11290156	SRP350362	PRJNA788148	Citrobacter amalonaticus	B2s	OXFORD_NANOPORE	MinION	566355201.0	81025.0	WGS	GENOMIC	SINGLE	Nanopore sequencing of a Citrobacter isolate
DRR572523	DRX555990	DRS426375	DRP012251	PRJDB17574	Escherichia coli	YK-IS1MA-L02-4_G08	OXFORD_NANOPORE	MinION	7906.0	26.0	WGS	GENOMIC	SINGLE	nanopore-seq of SAMD00748192 L02-4_G8
SRR15031966	SRX11343413	SRS9383692	SRP326726	PRJNA737600	Streptomyces sp. GMY02	GMY02	OXFORD_NANOPORE	GridION	9369052.0	4000.0	WGS	GENOMIC	SINGLE	WGS Streptomyces sp. GMY02
SRR31547492	SRX26913681	SRS23392648	SRP545217	PRJNA1186101	Enterobacter hormaechei	Enterobacter hormaechei DSMCPE_128	PACBIO_SMRT	Sequel II	670270018.0	70295.0	WGS	GENOMIC	SINGLE	WGS of Carbapenem-resistant Enterobacteriaceae
SRR35556814	SRX30631246	SRS19727542	SRP150360	PRJNA475751	Klebsiella pneumoniae	KLP00740	OXFORD_NANOPORE	MinION	15749468.0	765.0	WGS	GENOMIC	SINGLE	WGS Sequencing of Klebsiella pneumoniae
SRR8984881	SRX5764143	SRS4698554	SRP040661	PRJNA231221	Citrobacter werkmanii	FDAARGOS_616	PACBIO_SMRT	PacBio RS	616260530.0	163482.0	WGS	GENOMIC	SINGLE	
SRR35674093	SRX30725573	SRS26742276	SRP561673	PRJNA1219398	Pasteurella multocida	222458	OXFORD_NANOPORE	MinION	318321113.0	37134.0	WGS	GENOMIC	SINGLE	DNA-Seq of Pasteurella multocida 222458
SRR386726	SRX109807	SRS004883	SRP001079	PRJNA40077	Cereibacter sphaeroides 2.4.1	2.4.1	PACBIO_SMRT	PacBio RS	108261918.0	81741.0	WGS	GENOMIC	SINGLE	Whole Genome Sequencing and Assembly
SRR34973634	SRX30092691	SRS26157703	SRP608514	PRJNA1305037	Klebsiella pneumoniae	MI_KPC_531	OXFORD_NANOPORE	PromethION	500007256.0	41460.0	WGS	GENOMIC	SINGLE	KPC CRE collection from state of Michigan
SRR1617375	SRX737002	SRS724910	SRP049094	PRJNA238809	Burkholderia gladioli	ATCC 10248	PACBIO_SMRT	PacBio RS	402741882.0	175921.0	WGS	GENOMIC	SINGLE	Burkholderia gladioli ATCC 10248 PacBio
SRR19357516	SRX15416285	SRS12115253	SRP361569	PRJNA768416	Paenibacillus sp. FSL R5-0517		OXFORD_NANOPORE	MinION	600659774.0	111639.0	WGS	GENOMIC	SINGLE	WGS of Bacilli
ERR14326904	ERX13728000	ERS23193166	ERP169026	PRJEB85647	Escherichia coli		OXFORD_NANOPORE	MinION	88693426.0	18004.0	WGS	GENOMIC	SINGLE	E_coli_27June24
SRR11146895	SRX7783023	SRS6199694	SRP246080	PRJNA603908	Escherichia coli	p4A_H2	OXFORD_NANOPORE	GridION	1665674284.0	266092.0	WGS	GENOMIC	SINGLE	ONT-seq of E. coli:p4A_H2
SRR19548047	SRX15600178	SRS13301158	SRP378656	PRJNA844881	Carnobacterium sp. S42_bc37	S42_bc37	OXFORD_NANOPORE	PromethION	466979074.0	41135.0	WGS	GENOMIC	SINGLE	Whole Genomic sequencing of Bacteria: Salmon gut
SRR28434932	SRX24038514	SRS20831651	SRP497546	PRJNA1091452	Enterococcus faecium	EF22-PS	OXFORD_NANOPORE	MinION	784756383.0	301726.0	WGS	GENOMIC	SINGLE	ONT performance study sequencing of E.faecium
SRR27561276	SRX23230554	SRS20153307	SRP483965	PRJNA1032276	Staphylococcus capitis subsp. urealyticus	Sc1516939	OXFORD_NANOPORE	MinION	463424708.0	63349.0	WGS	GENOMIC	SINGLE	Oxford Nanopore MinION whole-genome sequencing reads of S. capitis clinical isolate Sc1516939
SRR9722658	SRX6480111	SRS5130217	SRP215816	PRJNA470993	Staphylococcus aureus	ER02703.3	PACBIO_SMRT	PacBio RS II	881269781.0	145455.0	WGS	GENOMIC	SINGLE	WGS of Staphylococcus aureus
SRR5449048	SRX2737842	SRS2124993	SRP040661	PRJNA231221	Helicobacter pylori	FDAARGOS_298	PACBIO_SMRT	PacBio RS	1881856394.0	163482.0	WGS	GENOMIC	SINGLE	
SRR13674228	SRX10063669	SRS8225879	SRP040661	PRJNA231221	Klebsiella pneumoniae	FDAARGOS_1317	PACBIO_SMRT	Sequel	2467538955.0	350293.0	WGS	GENOMIC	SINGLE	
ERR10499613	ERX10016895	ERS14256801			Escherichia coli		OXFORD_NANOPORE	GridION	687001860.0	61026.0	WGS	GENOMIC	SINGLE	GridION sequencing; Raw reads: ONT_30348_2#262
SRR10295162	SRX7007997	SRS5529109	SRP225971	PRJNA395903	Mycoplasmopsis bovis	NADC83	PACBIO_SMRT	PacBio RS II	1533430952.0	163482.0	WGS	GENOMIC	SINGLE	Whole genome sequencing of Mycoplasma bovis strain NADC83
SRR27145174	SRX22826941	SRS19807646	SRP476599	PRJNA1050169	Citroniella saccharovorans	DSM 29873	OXFORD_NANOPORE	MinION	41554254.0	3837.0	WGS	GENOMIC	SINGLE	Nanopore MinION of C. saccharovorans
ERR12448880	ERX11825311	ERS17728814	ERP156572	PRJEB71788	Listeria monocytogenes		OXFORD_NANOPORE	GridION	540768079.0	35390.0	WGS	GENOMIC	SINGLE	Raw reads: ListPred_Lm193
SRR35275917	SRX30378006	SRS26418530	SRP617898	PRJNA1311294	Bacillus subtilis	DSM 10	OXFORD_NANOPORE	PromethION	299836535.0	38488.0	WGS	GENOMIC	SINGLE	WGS of Bacillus subtilis: mutant evolved by exposure to pyrithiamine hydrobromide
ERR15465389	ERX14869284	ERS15929064	ERP179079	PRJEB96336	Klebsiella pneumoniae	IT29017_UR_KP	OXFORD_NANOPORE	GridION	1091003852.0	269360.0	WGS	GENOMIC	SINGLE	GridION sequencing
SRR15989346	SRX12278193	SRS9998868	SRP357537	PRJNA801416	Enterobacter cloacae	E684	OXFORD_NANOPORE	GridION	411843133.0	84421.0	WGS	GENOMIC	SINGLE	Whole Genome Sequencing of Carbapenemase-producing Enterobacterales (CPE)
SRR33065460	SRX28330477	SRS24660126	SRP577668	PRJNA648510	Alkalibacterium sp. f15	f15	OXFORD_NANOPORE	PromethION	1131024195.0	67192.0	WGS	GENOMIC	SINGLE	DNA-Seq of Alkalibacterium sp. 15
SRR764543	SRX229079	SRS411285	SRP022782	PRJNA82535	Enterococcus saccharolyticus subsp. saccharolyticus ATCC 43076	ATCC 43076	PACBIO_SMRT	PacBio RS	69876345.0	81741.0	WGS	GENOMIC	SINGLE	Pacbio whole genome shotgun sequencing of genomic DNA library 'LR_142_Esaccharolyticus' containing sample 'ATCC43076' from individual 'Enterococcus_saccharolyticus_ATCC43076'
ERR8007924	ERX7573593	ERS9899454	ERP131998	PRJEB47698	Streptococcus agalactiae		OXFORD_NANOPORE	MinION	984206976.0	201040.0	WGS	GENOMIC	SINGLE	MinION sequencing
ERR10791267	ERX10240577	ERS2652795	ERP104475	PRJEB22771	Streptococcus pneumoniae		PACBIO_SMRT	Sequel II	1689575484.0	250443.0	WGS	GENOMIC	SINGLE	Sequel II sequencing
SRR34542554	SRX29685482	SRS25797533	SRP594245	PRJNA996876	Roseibacillus persicicus	AS69	OXFORD_NANOPORE	PromethION	10937221844.0	919500.0	WGS	GENOMIC	SINGLE	Oxford Nanopore whole genome sequencing of Roseibacillus persicicus AS69 isolated form fucoidan enrichments
SRR386109	SRX109803	SRS183306	SRP006189	PRJNA52149	Klebsiella oxytoca 10-5248	10-5248	PACBIO_SMRT	PacBio RS	57663202.0	81741.0	WGS	GENOMIC	SINGLE	Whole Genome Sequencing and Assembly
SRR6963105	SRX3905353	SRS3141666	SRP138930	PRJNA444089	Streptomyces sp. 3212.5	3212.5	PACBIO_SMRT	PacBio RS II	507698938.0	93427.0	WGS	GENOMIC	SINGLE	Streptomyces sp. 3212.5
SRR12247616	SRX8755551	SRS6976420	SRP266402	PRJNA605147	Escherichia coli		OXFORD_NANOPORE	GridION	873384562.0	91916.0	WGS	GENOMIC	SINGLE	Oxford Nanopore sequencing of Escherichia coli isolate RH19|T1-C03 cultured from poultry farm faeces sample
SRR19552027	SRX15604039	SRS13304899	SRP378750	PRJNA846333	Shigella sonnei	S18BD05612	OXFORD_NANOPORE	MinION	566803582.0	94449.0	WGS	GENOMIC	SINGLE	MinION reads of Shigella S18BD05612
SRR36035655	SRX31084774	SRS27072671	SRP644837	PRJNA1364846	Escherichia coli	GPT22-004	OXFORD_NANOPORE	GridION	627999056.0	193705.0	WGS	GENOMIC	SINGLE	Escherchia coli, DBT kit, 12-plex and 200 ng DNA, replicate 1
SRR36797851	SRX31784497	SRS27747198	SRP661661	PRJNA1389824	Enterobacter ludwigii		OXFORD_NANOPORE	MinION	127225816.0	53800.0	WGS	GENOMIC	SINGLE	evolved microcosm clones
SRR31976242	SRX27331435	SRS23507046	SRP074197	PRJNA288601	Klebsiella pneumoniae	2024HL-01375	OXFORD_NANOPORE	MinION	2101574880.0	249331.0	WGS	GENOMIC	SINGLE	Long read sequencing of carbapenemase producing organisms
SRR35148305	SRX30253936	SRS8262484	SRP306522	PRJNA696867	Rhodococcus ruber	WS3521	PACBIO_SMRT	Sequel II	625541168.0	64522.0	WGS	GENOMIC	SINGLE	Rhodococcus ruber WS3521
SRR26950714	SRX22644492	SRS19641537	SRP474291	PRJNA1043871	Bacillus sp. PBL-C9	PBL-C9	OXFORD_NANOPORE	MinION	1644116.0	260.0	WGS	GENOMIC	SINGLE	Bacillus sp. PBL-C9 Genome sequencing and assembly
SRR24308032	SRX20103127	SRS17434175	SRP434545	PRJNA961666	Escherichia coli	AVS0542	OXFORD_NANOPORE	MinION	350129100.0	14974.0	WGS	GENOMIC	SINGLE	Long read sequencing of Escherichia coli AVS0542
SRR26950748	SRX22644458	SRS19641537	SRP474291	PRJNA1043871	Bacillus sp. PBL-C9	PBL-C9	OXFORD_NANOPORE	MinION	1448323.0	247.0	WGS	GENOMIC	SINGLE	Bacillus sp. PBL-C9 Genome sequencing and assembly
SRR19183904	SRX15249264	SRS12981647	SRP375062	PRJNA837734	Listeria monocytogenes	BL87/041	OXFORD_NANOPORE	MinION	132660829.0	35421.0	WGS	GENOMIC	SINGLE	Nanopore sequencing of Listeria monocytogenes
ERR1787510	ERX1851233	ERS1273875	ERP005928	PRJEB6403	Anaerobiospirillum succiniciproducens	NCTC11536	PACBIO_SMRT	PacBio RS	440863637.0	163482.0	WGS	GENOMIC	SINGLE	PacBio RS sequencing
SRR15989450	SRX12278089	SRS9999291	SRP357537	PRJNA801416	Klebsiella pneumoniae	1876	OXFORD_NANOPORE	GridION	1856314647.0	362827.0	WGS	GENOMIC	SINGLE	Whole Genome Sequencing of Carbapenemase-producing Enterobacterales (CPE)
ERR1036249	ERX1114983	ERS745849	ERP010683	PRJEB9562	Salmonella sp.		PACBIO_SMRT	PacBio RS	494286410.0	163482.0	WGS	GENOMIC	SINGLE	PacBio RS sequencing
ERR1424500	ERX1495082	ERS1080587	ERP005928	PRJEB6403	Suttonella indologenes	NCTC10717	PACBIO_SMRT	PacBio RS	2079961841.0	163482.0	WGS	GENOMIC	SINGLE	PacBio RS sequencing
SRR36826467	SRX31804942	SRS27763418	SRP662064	PRJNA694562	Lacticaseibacillus paracasei	2306	OXFORD_NANOPORE	MinION	632997922.0	157239.0	WGS	GENOMIC	SINGLE	Long-read sequencing of Lacticaseibacillus paracasei 2306
ERR10769176	ERX10220070	ERS2784647	ERP104475	PRJEB22771	Streptococcus pneumoniae		PACBIO_SMRT	Sequel II	1351555927.0	191181.0	WGS	GENOMIC	SINGLE	Sequel II sequencing
SRR24314883	SRX20109754	SRS17352580	SRP433373	PRJNA956928	Enterobacter cloacae	RMCH-M23-N	OXFORD_NANOPORE	MinION	476219887.0	285676.0	WGS	GENOMIC	SINGLE	Nanopore WGS of drug resistant Enterobacter cloacae
SRR34269074	SRX29442723	SRS25588697	SRP595615	PRJNA1280179	Pseudomonas aeruginosa	CF-sbj2-Pa14-l	OXFORD_NANOPORE	GridION	457313182.0	63686.0	WGS	GENOMIC	SINGLE	Plasmid-mediated extreme resistance development within lung
SRR23384522	SRX19323139	SRS16720977	SRP421698	PRJNA924056	Escherichia coli	CPO478	OXFORD_NANOPORE	MinION	489334836.0	32288.0	WGS	GENOMIC	SINGLE	WGS of bacterial isolate possessing blaIMP-4 carbapenemase
ERR3685932	ERX3675536	ERS4047733	ERP114207	PRJEB31632	bacterium		OXFORD_NANOPORE	GridION	545539653.0	87475.0	WGS	GENOMIC	SINGLE	GridION sequencing
SRR12172873	SRX8687630	SRS6966301	SRP270913	PRJNA644866	Bacillus anthracis	Sterne	OXFORD_NANOPORE	MinION	641434278.0	190123.0	WGS	GENOMIC	SINGLE	Analysis of Hybrid and Non-Hybrid assemblies: Bacillus anthracis Strains from iSeq and MinION Data
SRR36746395	SRX31745429	SRS27694407	SRP660591	PRJNA1398380	Corynebacterium sp. CQ3829_602738	CQ3829_602738	OXFORD_NANOPORE	MinION	80853645.0	32650.0	WGS	GENOMIC	SINGLE	Corynebacterium
SRR4125256	SRX2109202	SRS1666738	SRP040661	PRJNA231221	Burkholderia thailandensis	FDAARGOS_237	PACBIO_SMRT	PacBio RS	980615306.0	163482.0	WGS	GENOMIC	SINGLE	
SRR36919999	SRX31886534	SRS27841365	SRP665298	PRJNA1403646	Streptococcus oralis	not applicable	OXFORD_NANOPORE	MinION	58359842.0	61597.0	WGS	GENOMIC	SINGLE	Long Reads for The Genomic Landscape of Head and Neck Cancer-associated Streptococci
ERR14326602	ERX13727999	ERS23193165	ERP169026	PRJEB85647	Escherichia coli		OXFORD_NANOPORE	MinION	48861862.0	5545.0	WGS	GENOMIC	SINGLE	E_coli_27June24
ERR10498711	ERX10016000	ERS14255771	ERP142629	PRJEB57633	Escherichia coli		OXFORD_NANOPORE	GridION	95327022.0	12117.0	WGS	GENOMIC	SINGLE	Raw reads: ONT_30602_1#303
SRR500650	SRX032452	SRS140101	SRP004712	PRJNA61297	Vibrio cholerae O1 biovar El Tor		PACBIO_SMRT	PacBio RS	60792684.0	60667.0	WGS	GENOMIC	SINGLE	Sequencing for H2 (Haiti, 2010)
SRR35513825	SRX30589539	SRS26617968	SRP620300	PRJNA1328464	Escherichia coli	GPT22-004	OXFORD_NANOPORE	GridION	310252919.0	72931.0	WGS	GENOMIC	SINGLE	Escherichia coli, MCB kit, replicate 2, sequence replicate 1
SRR9008280	SRX5786493	SRS4718804	SRP194964	PRJNA538389	Marihabitans asiaticum	DSM 18935	PACBIO_SMRT	Sequel	1090523609.0	318655.0	WGS	GENOMIC	SINGLE	Marihabitans asiaticum DSM 18935
DRR295317	DRX284773	DRS478502	DRP004189	PRJDB5929	Klebsiella pneumoniae	C1325	OXFORD_NANOPORE	GridION	2849714088.0	402105.0	WGS	GENOMIC	SINGLE	GridION sequencing of SAMD00324222
SRR12165572	SRX8680983	SRS6959974	SRP270788	PRJNA632281	Pseudoclavibacter caeni	DSM 26484	PACBIO_SMRT	PacBio RS II	1156727490.0	376598.0	WGS	GENOMIC	SINGLE	Pseudoclavibacter caeni DSM 26484
ERR15732390	ERX15137510	ERS27093550	ERP182414	PRJEB100987	Xanthomonas oryzae pv. oryzae	CIX4492	OXFORD_NANOPORE	MinION	475616747.0	59172.0	WGS	GENOMIC	SINGLE	OXFORD_NANOPORE MinION sequencing; CSG_038 WGS GENOMIC
SRR14474165	SRX10822573	SRS8907054	SRP319038	PRJNA728390	soil metagenome		PACBIO_SMRT	Sequel	10001270.0	6679.0	WGS	GENOMIC	SINGLE	Bacterial 16sDNA
SRR30896417	SRX26299604	SRS22828326	SRP536878	PRJNA1134622	Escherichia coli	OXEC-142	OXFORD_NANOPORE	MinION	785181109.0	227512.0	WGS	GENOMIC	SINGLE	OXEC-142
SRR29988762	SRX25468805	SRS2110341	SRP040281	PRJNA230403	Salmonella enterica subsp. enterica serovar Enteritidis	PNUSAS011040	OXFORD_NANOPORE	GridION	239288741.0	92491.0	WGS	GENOMIC	SINGLE	WGS of Salmonella using ONT
ERR15094569	ERX14499167	ERS24813711	ERP119900	PRJEB36683	Klebsiella pneumoniae 11227-1		OXFORD_NANOPORE	PromethION	82270298.0	38609.0	WGS	GENOMIC	SINGLE	Raw reads: RKPB159_L
SRR31235474	SRX26615359	SRS23113882	SRP543347	PRJNA1182389	Escherichia coli	NEB 10-beta	OXFORD_NANOPORE	MinION	9424429.0	1786.0	WGS	GENOMIC	SINGLE	Long Read Sequencing of synthetic plasmid
ERR634096	ERX590650	ERS467550	ERP005355	PRJEB5919	Salmonella enterica subsp. enterica serovar Typhi		PACBIO_SMRT	PacBio RS	784925701.0	163482.0	WGS	GENOMIC	SINGLE	PacBio RS sequencing
SRR31038676	SRX26423975	SRS22943452	SRP539359	PRJNA1174726	Bacillus thuringiensis serovar tenebrionis	Bacillus thuringiensis serovar tenebrionis 4AA1	PACBIO_SMRT	Sequel IIe	321769702.0	58076.0	WGS	GENOMIC	SINGLE	Whole genome sequence of ancestral Btt isolate #3
ERR11275445	ERX10683015	ERS14857414	ERP146774	PRJEB61685	Mycobacterium tuberculosis variant bovis BCG		OXFORD_NANOPORE	MinION	16285525.0	4000.0	WGS	GENOMIC	SINGLE	MinION sequencing
ERR14330009	ERX13731105	ERS23193183	ERP169026	PRJEB85647	Escherichia coli		OXFORD_NANOPORE	MinION	63213986.0	15044.0	WGS	GENOMIC	SINGLE	E_coli_27June24
SRR27186994	SRX22867194	SRS19841367	SRP477592	PRJNA1051574	Escherichia coli	N1_017	OXFORD_NANOPORE	MinION	1318510511.0	156440.0	WGS	GENOMIC	SINGLE	whole genome sequencing of E. coli isolated from the chicken gut
SRR28096045	SRX23742249	SRS20569311	SRP491770	PRJNA1078842	Burkholderia pseudomallei	SiteC-5E	OXFORD_NANOPORE	MinION	34717237.0	3838.0	WGS	GENOMIC	SINGLE	WGS of Burkholderia pseudomallei isolate: environmental soil sample
ERR10114902	ERX9652048	ERS12841955	ERP140502	PRJEB55588	Escherichia coli	natural isolate	OXFORD_NANOPORE	MinION	787091296.0	259767.0	WGS	GENOMIC	SINGLE	Genomic sequencing of E. coli natural isolates to identify methylated bases
SRR23347663	SRX19289370	SRS16690584	SRP421131	PRJNA931653	Escherichia coli K-12	K-12	OXFORD_NANOPORE	GridION	26730893.0	4000.0	WGS	GENOMIC	SINGLE	Nanopore sequencing of Ciprofloxacin challenged E. coli
SRR12412646	SRX8908838	SRS7166249	SRP276659	PRJNA601875	Burkholderia multivorans	P2Bm2018	OXFORD_NANOPORE	MinION	194703065.0	45137.0	WGS	GENOMIC	SINGLE	Hybrid sequencing of B. multivorans ST-742
ERR14129323	ERX13531989	ERS13616831	ERP141886	PRJEB56918	Streptococcus pyogenes		OXFORD_NANOPORE	GridION	84639746.0	17114.0	WGS	GENOMIC	SINGLE	Raw reads: 1000073
SRR16258998	SRX12538927	SRS10497951	SRP040661	PRJNA231221	Bacteroides fragilis	FDAARGOS_1512	PACBIO_SMRT	Sequel	1672879201.0	196109.0	WGS	GENOMIC	SINGLE	
SRR12951277	SRX9404385	SRS7622161	SRP290057	PRJNA669584	Serratia marcescens	LVF3	OXFORD_NANOPORE	MinION	4336141653.0	2190495.0	WGS	GENOMIC	SINGLE	Genome sequence of Serratia marcescens LVF3
ERR10498045	ERX10015334	ERS14254617	ERP142629	PRJEB57633	Escherichia coli		OXFORD_NANOPORE	GridION	139261346.0	13230.0	WGS	GENOMIC	SINGLE	Raw reads: ONT_30348_1#328
SRR3722298	SRX1880060	SRS1527081	SRP077294	PRJNA215347	Anaerocellum danielii	Wai35.B1	PACBIO_SMRT	PacBio RS	273465832.0	72569.0	WGS	GENOMIC	SINGLE	Caldicellulosiruptor sp. Wai35.B1 DSM 8977
SRR5829690	SRX3007018	SRS1832451	SRP094480	PRJNA279196	Bordetella pertussis		PACBIO_SMRT	PacBio RS II	1137072548.0	163482.0	WGS	GENOMIC	SINGLE	
SRR13893648	SRX10273366	SRS8406459	SRP309815	PRJNA686978	Enterobacter cloacae	not collected	OXFORD_NANOPORE	MinION	5106286507.0	721134.0	WGS	GENOMIC	SINGLE	nanopore sequencing of e cloacae: clinical isolate
SRR25775194	SRX21497801	SRS18730002	SRP457215	PRJNA1001814	Vibrio cholerae	DRC186	PACBIO_SMRT	PacBio RS II	1271016599.0	115261.0	WGS	GENOMIC	SINGLE	WGS of DRC186
SRR15291349	SRX11596137	SRS8173276	SRP094858	PRJNA342804	Pseudomonas aeruginosa	EM 2972704	OXFORD_NANOPORE	MinION	45620.0	14.0	WGS	GENOMIC	SINGLE	MinION genome sequencing of Pseudomonas aeruginosa strain EM 297274
ERR13600380	ERX12971403	ERS6630956	ERP109316	PRJEB27256	Klebsiella pneumoniae		OXFORD_NANOPORE	GridION	1023674301.0	41745.0	WGS	GENOMIC	SINGLE	GridION sequencing
SRR4176941	SRX2141539	SRS1673310	SRP086900	PRJNA303867	Pseudomonas rhodesiae	LMG 17764	PACBIO_SMRT	PacBio RS	52953387.0	20212.0	WGS	GENOMIC	SINGLE	Pseudomonas rhodesiae BS2777
ERR999911	ERX1078947	ERS744791	ERP005928	PRJEB6403	Escherichia coli	NCTC86	PACBIO_SMRT	PacBio RS	1491543872.0	163482.0	WGS	GENOMIC	SINGLE	PacBio RS sequencing
ERR9669314	ERX9218539	ERS11885544	ERP137265	PRJEB52538	Salmonella enterica subsp. enterica serovar Typhi	BRD948	OXFORD_NANOPORE	MinION	3229932447.0	506348.0	WGS	GENOMIC	SINGLE	MinION sequencing
SRR13183065	SRX9620868	SRS7822876	SRP040661	PRJNA231221	Burkholderia dolosa	FDAARGOS_1272	PACBIO_SMRT	Sequel	1583937154.0	218426.0	WGS	GENOMIC	SINGLE	
SRR15031920	SRX11343459	SRS9383692	SRP326726	PRJNA737600	Streptomyces sp. GMY02	GMY02	OXFORD_NANOPORE	GridION	8469229.0	4000.0	WGS	GENOMIC	SINGLE	WGS Streptomyces sp. GMY02
SRR21630279	SRX17630735	SRS14987351	SRP354045	PRJNA747871	Kribbella sp. NBC_00382	NBC_00382	OXFORD_NANOPORE	MinION	318410817.0	31742.0	WGS	GENOMIC	SINGLE	nanopore sequencing data from strain NBC_00382
SRR28397082	SRX24001890	SRS20798367	SRP496648	PRJNA1090052	Escherichia coli		OXFORD_NANOPORE	MinION	122752863.0	29683.0	WGS	GENOMIC	SINGLE	WGS of Escherichia coli
SRR24474928	SRX20261300	SRS17592057	SRP436581	PRJNA967113	Escherichia coli	CPO387	OXFORD_NANOPORE	MinION	471479060.0	35662.0	WGS	GENOMIC	SINGLE	WGS of bacterial isolate possessing blaNDM carbapenemase
DRR403235	DRX388934	DRS255012	DRP008964	PRJDB14140	Helicobacter heilmannii	type	OXFORD_NANOPORE	MinION	202272119.0	31721.0	WGS	GENOMIC	SINGLE	MinION sequencing of SAMD00519147
SRR36068138	SRX31114312	SRS27072671	SRP644837	PRJNA1364846	Escherichia coli	GPT22-004	OXFORD_NANOPORE	GridION	264533571.0	145352.0	WGS	GENOMIC	SINGLE	Escherchia coli, DBT kit, 24-plex and 50 ng DNA, replicate 5
ERR5337359	ERX5125747	ERS5806552	ERP126502	PRJEB42615	Campylobacter coli		OXFORD_NANOPORE	MinION	534584887.0	126832.0	WGS	GENOMIC	SINGLE	MinION sequencing
ERR10472476	ERX9992821	ERS6795354	ERP109413	PRJEB27342	Klebsiella pasteurii		PACBIO_SMRT	Sequel II	170654452.0	27314.0	WGS	GENOMIC	SINGLE	Sequel II sequencing
SRR10882875	SRX7551921	SRS4529907	SRP189296	PRJNA528186	Staphylococcus aureus	UP_1278	OXFORD_NANOPORE	MinION	959369247.0	130220.0	WGS	GENOMIC	SINGLE	UP_1278_nanopore
ERR13326737	ERX12697765	ERS20295419	ERP161282	PRJEB76791	Salmonella enterica subsp. enterica serovar Agona		OXFORD_NANOPORE	MinION	147702082.0	39999.0	WGS	GENOMIC	SINGLE	MinION sequencing
SRR21415676	SRX17420204	SRS13525976	SRP361569	PRJNA768416	Streptococcus sp. FSL L8-0526	FSL L8-0526	OXFORD_NANOPORE	MinION	226232431.0	121387.0	WGS	GENOMIC	SINGLE	WGS of Bacilli
SRR21629988	SRX17630708	SRS14987139	SRP354045	PRJNA747871	Streptomyces sp. NBC_00316	NBC_00316	OXFORD_NANOPORE	MinION	456725900.0	58656.0	WGS	GENOMIC	SINGLE	nanopore sequencing data from strain NBC_00316
SRR32649601	SRX27954002	SRS24319907	SRP569572	PRJNA1234539	Pseudomonas solani	25b28	PACBIO_SMRT	Sequel II	345006565.0	42504.0	WGS	GENOMIC	SINGLE	Whole genome sequencing of Strain 25b28
SRR1786144	SRX864919	SRS348608	SRP014113	PRJNA60069	Salmonella enterica subsp. enterica serovar Enteritidis str. 77-1427	77-1427	PACBIO_SMRT	PacBio RS II	331906343.0	81741.0	WGS	GENOMIC	SINGLE	Whole genome shotgun sequencing of Salmonella enterica subsp. enterica serovar Enteritidis str. 77-1427 by Pacific Biosciences SMRT
SRR22784922	SRX18744522	SRS16179718	SRP413484	PRJNA912639	Escherichia coli	EC_A_4957_C3_H_CuP_CeP	OXFORD_NANOPORE	MinION	842693587.0	179479.0	WGS	GENOMIC	SINGLE	WGS of Escherichia coli
SRR22190964	SRX18169458	SRS15668723	SRP303037	PRJNA694442	Salmonella enterica		OXFORD_NANOPORE	GridION	379709104.0	55883.0	WGS	GENOMIC	SINGLE	Multiplex WGS of Salmonella
SRR35247411	SRX30350309	SRS26393422	SRP617202	PRJNA958359	Streptomyces canus	B4I3	PACBIO_SMRT	Sequel IIe	365924395.0	50473.0	WGS	GENOMIC	SINGLE	Streptomyces ciscaucasicus B4I3
SRR35213388	SRX30316970	SRS26363905	SRP615992	PRJNA1301220	Acinetobacter baumannii	ABO22-A182	OXFORD_NANOPORE	MinION	110334325.0	15176.0	WGS	GENOMIC	SINGLE	Whole geneme sequencing of Acinetobacter baumannii: isolates of the Ab-One study
ERR8958858	ERX8503888	ERS10771024	ERP135763	PRJEB51164	Pseudomonas aeruginosa		OXFORD_NANOPORE	GridION	93018395.0	12468.0	WGS	GENOMIC	SINGLE	GridION sequencing; Raw reads: Pa01_r10.4_plex_sup_dup
SRR13269190	SRX9699267	SRS7895427	SRP272861	PRJNA646575	Bacteroides fragilis		OXFORD_NANOPORE	GridION	1533164762.0	272809.0	WGS	GENOMIC	SINGLE	WGS  of Bacteroides fragilis group clinical isolates
ERR3354219	ERX3378726	ERS2394093	ERP011196	PRJEB10018	Klebsiella pneumoniae		PACBIO_SMRT	Sequel	865943810.0	250895.0	WGS	GENOMIC	SINGLE	Sequel sequencing
SRR22190952	SRX18169470	SRS15668735	SRP303037	PRJNA694442	Salmonella enterica		OXFORD_NANOPORE	GridION	362166506.0	51654.0	WGS	GENOMIC	SINGLE	Multiplex WGS of Salmonella
SRR8475318	SRX5280838	SRS4280647	SRP181291	PRJNA501196	Edaphobacter aggregans	EB153	PACBIO_SMRT	PacBio RS II	302406536.0	88683.0	WGS	GENOMIC	SINGLE	Edaphobacter aggregans EB153
SRR21416070	SRX17420418	SRS13526036	SRP361569	PRJNA768416	Psychrobacillus sp. FSL W7-1457	FSL W7-1457	OXFORD_NANOPORE	MinION	175299956.0	57793.0	WGS	GENOMIC	SINGLE	WGS of Bacilli
DRR572300	DRX555767	DRS426390	DRP012251	PRJDB17574	Escherichia coli	YK-IS1MA-L06-3_G08	OXFORD_NANOPORE	MinION	1145.0	5.0	WGS	GENOMIC	SINGLE	nanopore-seq of SAMD00748207 L06-3_G8
ERR14364931	ERX13766336	ERS23231991	ERP165658	PRJEB81867	Staphylococcus aureus		OXFORD_NANOPORE	PromethION	461211466.0	194146.0	WGS	GENOMIC	SINGLE	Raw reads: s54
SRR28434696	SRX24038816	SRS20831663	SRP497546	PRJNA1091452	Klebsiella pneumoniae	KP08-PS	OXFORD_NANOPORE	MinION	565407761.0	59119.0	WGS	GENOMIC	SINGLE	ONT performance study sequencing of K. pneumoniae
SRR30949561	SRX26351923	SRS22816992	SRP536567	PRJNA1165464	Escherichia coli	Not applicable	OXFORD_NANOPORE	MinION	394251331.0	102833.0	WGS	GENOMIC	SINGLE	Nanopore sequencing of E.coli: blood isolate
ERR10420086	ERX9948559	ERS6795061	ERP109413	PRJEB27342	Klebsiella pneumoniae		PACBIO_SMRT	Sequel II	10386314427.0	1648339.0	WGS	GENOMIC	SINGLE	Sequel II sequencing
SRR28222990	SRX23834345	SRS20655307	SRP493315	PRJNA1083717	Bacillus velezensis	S170	OXFORD_NANOPORE	MinION	1355724925.0	417484.0	WGS	GENOMIC	SINGLE	S170-Oxford
SRR9900612	SRX6652470	SRS5213976	SRP051949	PRJNA271899	Serratia marcescens	BWH 77	OXFORD_NANOPORE	GridION	642594258.0	137269.0	WGS	GENOMIC	SINGLE	Sequencing of Carbapenem resistant bacteria
ERR10499118	ERX10016407	ERS14256009	ERP142629	PRJEB57633	Escherichia coli		OXFORD_NANOPORE	GridION	51559320.0	35373.0	WGS	GENOMIC	SINGLE	Raw reads: ONT_30859_5#177
ERR14824724	ERX14230428	ERS23952114	ERP170535	PRJEB87311	Pseudochrobactrum saccharolyticum		OXFORD_NANOPORE	MinION	206764425.0	33095.0	WGS	GENOMIC	SINGLE	Raw reads: Ochrobactrum/Pseudochrobactrum Diversity in Compost Heaps, sample A7_Pb
SRR31486698	SRX26854891	SRS19546493	SRP472100	PRJNA1040819	Escherichia coli	2020_EC61	OXFORD_NANOPORE	PromethION	2055651134.0	338994.0	WGS	GENOMIC	SINGLE	Porcine Escherichia coli
SRR5396786	SRX2691587	SRS2088616	SRP102752	PRJNA369580	Legionella longbeachae	F1157CHC	PACBIO_SMRT	PacBio RS II	1464853451.0	163482.0	WGS	GENOMIC	SINGLE	Complete genomic sequence of a Legionella longbeachae clinical isolate from New Zealand
SRR33519064	SRX28753576	SRS9239636	SRP399759	PRJNA857539	Salmonella enterica subsp. enterica	AUSMDU00044634	OXFORD_NANOPORE	GridION	217846675.0	43070.0	WGS	GENOMIC	SINGLE	Whole genome sequencing of Salmonella sp as part of MDU-PHL surveillance activities in Victoria, Australia Raw sequence reads
SRR6232660	SRX3341068	SRS2642548	SRP122678	PRJNA410632	Nostoc punctiforme PCC 73102	ATCC 29133	PACBIO_SMRT	PacBio RS	570664119.0	308834.0	WGS	GENOMIC	SINGLE	Nostoc punctiforme PCC 73102 PacBio methylation
SRR18114302	SRX14264830	SRS12083787	SRP040281	PRJNA230403	Salmonella enterica	PNUSAS154688	OXFORD_NANOPORE	MinION	947735911.0	200124.0	WGS	GENOMIC	SINGLE	Whole genome Oxford Nanopore MinION sequence of Salmonella enterica
SRR29081100	SRX24605294	SRS21342965	SRP508604	PRJNA1113402	Mycobacterium tuberculosis	H-21-0006	OXFORD_NANOPORE	MinION	148761131.0	230367.0	WGS	GENOMIC	SINGLE	WGS of clinical Mycobacterium tuberculosis isolates from the Philippines
SRR24138861	SRX19937371	SRS17286122	SRP432102	PRJNA954566	Vibrio cholerae	CMR/2022/NS18	OXFORD_NANOPORE	MinION	1943089042.0	264019.0	WGS	GENOMIC	SINGLE	Oxford Nanopore sequencing of Vibrio cholerae
SRR36095950	SRX31141504	SRS27128468	SRP291668	PRJNA675431	Klebsiella pneumoniae		OXFORD_NANOPORE	PromethION	3420886759.0	494313.0	WGS	GENOMIC	SINGLE	WGS of Klebsiella pneumoniae
SRR32857424	SRX28139100	SRS24493688	SRP573064	PRJNA1241873	Klebsiella pneumoniae		OXFORD_NANOPORE	GridION	1318527887.0	283442.0	WGS	GENOMIC	SINGLE	Whole genome sequencing of Klebsiella pneumoniae
ERR2125814	ERX2182666	ERS1589024	ERP005928	PRJEB6403	Neisseria gonorrhoeae	NCTC13479	PACBIO_SMRT	PacBio RS	1006564954.0	163482.0	WGS	GENOMIC	SINGLE	PacBio RS sequencing
SRR31599184	SRX26963900	SRS23433612	SRP549287	PRJNA1185485	Escherichia coli	240	OXFORD_NANOPORE	PromethION	1001793356.0	216887.0	WGS	GENOMIC	SINGLE	Kleb-3R-barcode76
ERR3550075	ERX3556679	ERS3723076	ERP117135	PRJEB34259	Escherichia coli		OXFORD_NANOPORE	MinION	171050468.0	33563.0	WGS	GENOMIC	SINGLE	MinION sequencing
SRR21362361	SRX17368092	SRS14917020	SRP361569	PRJNA768416	Paenibacillus sp. FSL L8-0323	FSL L8-0323	OXFORD_NANOPORE	MinION	1083202823.0	206815.0	WGS	GENOMIC	SINGLE	WGS of Bacilli
DRR287273	DRX276730	DRS318052	DRP010345	PRJDB10714	Annamia dubia NIES-4383	NIES-4383	OXFORD_NANOPORE	MinION	17066769.0	4000.0	WGS	GENOMIC	SINGLE	Annamia_sp_11
SRR22784730	SRX18744714	SRS16179807	SRP413484	PRJNA912639	Escherichia coli	EC_0205_C4_H_CuP_CeN	OXFORD_NANOPORE	MinION	773565170.0	134604.0	WGS	GENOMIC	SINGLE	WGS of Escherichia coli
ERR2337421	ERX2388366	ERS2230116	ERP105413	PRJEB23647	Mycobacterium basiliense		PACBIO_SMRT	PacBio RS II	466253588.0	59409.0	WGS	GENOMIC	SINGLE	PacBio RS II sequencing
SRR27379436	SRX23055615	SRS20015649	SRP480616	PRJNA1055176	Escherichia coli	Not available	OXFORD_NANOPORE	MinION	2124806708.0	339893.0	WGS	GENOMIC	SINGLE	Whole genome sequence of E. coli
SRR30293616	SRX25754245	SRS20715792	SRP447847	PRJNA991976	Xanthomonas hortorum pv. pelargonii	WHRI 5648	OXFORD_NANOPORE	PromethION	733067199.0	133787.0	WGS	GENOMIC	SINGLE	ONT genome sequencing of WHRI 5648
SRR30149293	SRX25617340	SRS21937378	SRP518730	PRJNA1133668	Klebsiella pneumoniae	ST258KP114	OXFORD_NANOPORE	MinION	499421661.0	56292.0	WGS	GENOMIC	SINGLE	Nanopore sequencing of clinical CRE isolates: human
SRR12047203	SRX8575788	SRS6867707	SRP040661	PRJNA231221	Escherichia coli	FDAARGOS_946	PACBIO_SMRT	PacBio RS	569664148.0	163482.0	WGS	GENOMIC	SINGLE	
SRR35147799	SRX30253430	SRS26305357	SRP613230	PRJNA711008	Methylobacterium sp. PvP105	PvP105	PACBIO_SMRT	Sequel II	510879793.0	61873.0	WGS	GENOMIC	SINGLE	Methylobacterium sp. PvP105
ERR10498753	ERX10016042	ERS14256176	ERP142629	PRJEB57633	Escherichia coli		OXFORD_NANOPORE	GridION	78902435.0	12767.0	WGS	GENOMIC	SINGLE	Raw reads: ONT_30602_1#365
SRR28825840	SRX24388744	SRS21144506	SRP504527	PRJNA984017	Stenotrophomonas maltophilia	S3K	OXFORD_NANOPORE	MinION	122723264.0	18670.0	WGS	GENOMIC	SINGLE	Stenotrophomonas maltophilia S3K oxford nanopore reads
SRR25480262	SRX21212467	SRS18332160	SRP395888	PRJNA812595	Acinetobacter baumannii	2023CK-00890	OXFORD_NANOPORE	GridION	164639497.0	10594.0	WGS	GENOMIC	SINGLE	Nanopore sequencing of ARLN isolate
ERR15941017	ERX15336562	ERS27234042	ERP184350	PRJEB102989	Klebsiella pneumoniae		OXFORD_NANOPORE	MinION			WGS	GENOMIC	SINGLE	MinION sequencing
SRR30949741	SRX26352347	SRS22817050	SRP536567	PRJNA1165464	Escherichia coli	Not applicable	OXFORD_NANOPORE	MinION	427983985.0	115111.0	WGS	GENOMIC	SINGLE	Nanopore sequencing of E.coli: blood isolate
SRR33858424	SRX29077985	SRS25290964	SRP590412	PRJNA1257813	Candidatus Cardinium hertigii	cEhis1	PACBIO_SMRT	PacBio RS II	79657510.0	59741.0	WGS	GENOMIC	SINGLE	Genome sequencing of Cardinium cEhis1 from Encarsia hispida
SRR31520162	SRX26887706	SRS23368092	SRP547791	PRJNA1185266	Limosilactobacillus reuteri	1663	PACBIO_SMRT	Sequel II	260723314.0	46481.0	WGS	GENOMIC	SINGLE	Sequencing of Limosilactobacillus reuteri: infant gut
SRR30896495	SRX26300074	SRS22828796	SRP536878	PRJNA1134622	Escherichia coli	OXEC-397	OXFORD_NANOPORE	MinION	460803919.0	92785.0	WGS	GENOMIC	SINGLE	OXEC-397
SRR28445677	SRX24049224	SRS20840578	SRP497734	PRJNA1077798	Alteromonas gracilis	J4	OXFORD_NANOPORE	MinION	2950127.0	1000.0	WGS	GENOMIC	SINGLE	Alteromonas gracilis strain J4, whole genome Nanopore Sequencing
SRR33123776	SRX28387251	SRS24711178	SRP578427	PRJNA1244367	Bacillus cereus ATCC 14579	ATCC 14579	OXFORD_NANOPORE	GridION	160598872.0	38586.0	WGS	GENOMIC	SINGLE	WGS of Bacillus cereus Strain ATCC14651
SRR6824075	SRX3780571	SRS3034136	SRP134783	PRJNA402422	Flavobacterium sp. 11	11	PACBIO_SMRT	PacBio RS II	33418961.0	11484.0	WGS	GENOMIC	SINGLE	Flavobacterium sp. 11
SRR26465475	SRX22169482	SRS19227284	SRP467862	PRJNA1000275	Acinetobacter baumannii	2010C01-165	OXFORD_NANOPORE	MinION	344085187.0	73346.0	WGS	GENOMIC	SINGLE	VP2
SRR386647	SRX109838	SRS004883	SRP001079	PRJNA40077	Cereibacter sphaeroides 2.4.1	2.4.1	PACBIO_SMRT	PacBio RS	12733159.0	60667.0	WGS	GENOMIC	SINGLE	Whole Genome Sequencing and Assembly
SRR21415983	SRX17420505	SRS12115046	SRP361569	PRJNA768416	Lysinibacillus sp. FSL K6-0075	FSL K6-0075	OXFORD_NANOPORE	MinION	144923905.0	24000.0	WGS	GENOMIC	SINGLE	WGS of Bacilli
SRR1185274	SRX482690	SRS420816	SRP022658	PRJNA202016	Klebsiella pneumoniae BIDMC 12C	BIDMC 12C	PACBIO_SMRT	PacBio RS	407391934.0	81741.0	WGS	GENOMIC	SINGLE	Pacbio whole genome shotgun sequencing of genomic DNA library 'PACBIO-468' containing sample 'Klebsiella pneumoniae BIDMC 12C'
ERR15380843	ERX14784377	ERS25309150	ERP177066	PRJEB94191	Proteus mirabilis		OXFORD_NANOPORE	MinION	52979053.0	12421.0	WGS	GENOMIC	SINGLE	MinION sequencing
SRR24139885	SRX19938520	SRS17287229	SRP247747	PRJNA604975	Escherichia coli	ox_bsi_698	OXFORD_NANOPORE	GridION	353114710.0	96625.0	WGS	GENOMIC	SINGLE	oxford_bsi
SRR29307038	SRX24823989	SRS21408482	SRP509553	PRJNA1115805	Castellaniella ginsengisoli	124566	OXFORD_NANOPORE	MinION	344554124.0	64249.0	WGS	GENOMIC	SINGLE	ONT seq of cas_124566
SRR10520833	SRX7205582	SRS5710290	SRP231921	PRJNA345724	Clostridium beijerinckii	DJ032	PACBIO_SMRT	PacBio RS II	811293393.0	240863.0	WGS	GENOMIC	SINGLE	Clostridium beijerinckii DJ032
SRR4235466	SRX2156765	SRS1686713	SRP088727	PRJNA322999	Streptomyces sp. 2131.1	2131.1	PACBIO_SMRT	PacBio RS	115308457.0	31720.0	WGS	GENOMIC	SINGLE	Streptomyces sp 2131.1
SRR32584346	SRX27890794	SRS24262121	SRP568071	PRJNA1231784	Mycobacterium	RIF04ugmlmutant20	OXFORD_NANOPORE	GridION	362422515.0	46323.0	WGS	GENOMIC	SINGLE	Genome sequencing of Mycobacterium sp.
SRR3756865	SRX1905951	SRS1546722	SRP078110	PRJNA214528	Levilactobacillus brevis AG48	AG48	PACBIO_SMRT	PacBio RS	360943793.0	108328.0	WGS	GENOMIC	SINGLE	Lactobacillus brevis AG48
SRR24807245	SRX20579500	SRS17881489	SRP338930	PRJNA766641	Mycobacterium tuberculosis	IDR 2200009775	OXFORD_NANOPORE	MinION	162055936.0	100363.0	WGS	GENOMIC	SINGLE	MinION sequencing of TB isolates
SRR32146573	SRX27492419	SRS23779844	SRP557125	PRJNA1210070	Vibrio harveyi	Vh-33	OXFORD_NANOPORE	MinION	627071051.0	162843.0	WGS	GENOMIC	SINGLE	Long-read sequencing of Vibro harveyi isolated from moribund grouper
ERR14721094	ERX14122519	ERS23791447	ERP170136	PRJEB86838	pig metagenome		OXFORD_NANOPORE	PromethION	10378304868.0	4950897.0	WGS	GENOMIC	SINGLE	Raw reads: DTU_2024_1035836_100_MG_P3_P2_eight_samples
SRR27221630	SRX22900357	SRS19870906	SRP478234	PRJNA1053318	Streptococcus pneumoniae	PMEN31	PACBIO_SMRT	Sequel II	2321481368.0	243926.0	WGS	GENOMIC	SINGLE	Pacbio sequencing of S. pneumoniae PMEN31
ERR10499029	ERX10016318	ERS14255527	ERP142629	PRJEB57633	Escherichia coli		OXFORD_NANOPORE	GridION	122338476.0	13961.0	WGS	GENOMIC	SINGLE	Raw reads: ONT_30821_1#287
SRR35159016	SRX30264184	SRS26315103	SRP613362	PRJNA1311315	Yersinia pestis	2116_22C	OXFORD_NANOPORE	PromethION	775325455.0	318160.0	WGS	GENOMIC	SINGLE	WGS of Y. pestis 2116 (22C)
SRR7135118	SRX4055992	SRS3272940	SRP145009	PRJNA439513	Pseudomonas putida	ZKA37	PACBIO_SMRT	PacBio RS II	614481257.0	104528.0	WGS	GENOMIC	SINGLE	Pseudomonas putida ZKA37
SRR16525489	SRX12727996	SRS10336738	SRP357534	PRJNA801415	Citrobacter freundii	22	OXFORD_NANOPORE	GridION	811441910.0	175462.0	WGS	GENOMIC	SINGLE	Extensive diversification and dissemination of blaNDM carbapenemase plasmids in Enterobacterales in Singapore 2010-2015
SRR30896560	SRX26300009	SRS22828731	SRP536878	PRJNA1134622	Escherichia coli	OXEC-87	OXFORD_NANOPORE	MinION	250714848.0	49029.0	WGS	GENOMIC	SINGLE	OXEC-87
SRR1784835	SRX863772	SRS834705	SRP040661	PRJNA231221	Vibrio parahaemolyticus	FDAARGOS_51	PACBIO_SMRT	PacBio RS	1583567048.0	163482.0	WGS	GENOMIC	SINGLE	
SRR34973258	SRX30092555	SRS26157608	SRP608514	PRJNA1305037	Klebsiella oxytoca	MI_KPC_65	OXFORD_NANOPORE	PromethION	217511739.0	24544.0	WGS	GENOMIC	SINGLE	KPC CRE collection from state of Michigan
ERR1080513	ERX1160103	ERS798843	ERP005928	PRJEB6403	Staphylococcus aureus	NCTC11939	PACBIO_SMRT	PacBio RS	609596277.0	163482.0	WGS	GENOMIC	SINGLE	PacBio RS sequencing
SRR30200601	SRX25663781	SRS22306304	SRP525621	PRJNA1133913	Klebsiella pneumoniae	3079_kpn	OXFORD_NANOPORE	GridION	1848500141.0	123663.0	WGS	GENOMIC	SINGLE	ONT seq of kpn:wound
ERR15954721	ERX15350084	ERS27947568	ERP183034	PRJEB101632	Bacillus subtilis		PACBIO_SMRT	Sequel	167769200.0	14122.0	WGS	GENOMIC	SINGLE	Sequel sequencing
SRR33323161	SRX28567623	SRS24861730	SRP581476	PRJNA1255637	Pseudomonas aeruginosa	ONT-PA02	OXFORD_NANOPORE	GridION	280814346.0	181659.0	WGS	GENOMIC	SINGLE	ONT-PA02
SRR26929515	SRX22623361	SRS19624579	SRP473823	PRJNA1039168	Staphylococcus aureus	160	OXFORD_NANOPORE	PromethION	1346317607.0	249531.0	WGS	GENOMIC	SINGLE	WGS of Staphylococcus aureus:B6
ERR15516429	ERX14920275	ERS26654025	ERP165332	PRJEB81499	Klebsiella quasipneumoniae		OXFORD_NANOPORE	GridION	500000903.0	56299.0	WGS	GENOMIC	SINGLE	GridION sequencing
SRR25467122	SRX21199803	SRS18458348	SRP452337	PRJNA1000618	Escherichia coli	Escherichia coli BL21(DE3)	OXFORD_NANOPORE	MinION	6196843.0	4000.0	WGS	GENOMIC	SINGLE	CASTVK transposition with different condition
SRR21536947	SRX17539254	SRS15086646	SRP396804	PRJNA793523	Pseudomonas aeruginosa	HS_17	PACBIO_SMRT	PacBio RS II	1748203947.0	161068.0	WGS	GENOMIC	SINGLE	Whole genome sequences of the 199 Pseudomonas aeruginosa ear swab isolates
SRR33418219	SRX28659154	SRS24927644	SRP582942	PRJNA1258574	Klebsiella pneumoniae	S613A	OXFORD_NANOPORE	MinION	710570985.0	146417.0	WGS	GENOMIC	SINGLE	Long read sequencing of Klebsiella pneumoniae: stool sample
SRR15283809	SRX11588654	SRS9623158	SRP330269	PRJNA745162	Bacteroides fragilis	BJH_141	OXFORD_NANOPORE	MinION	27237096.0	6144.0	WGS	GENOMIC	SINGLE	Whole genome sequencing of Bacteroides fragilis group isolates
SRR28416671	SRX24021073	SRS20815507	SRP497143	PRJNA1067993	Microaceticoccus formicicus	AMB_02	OXFORD_NANOPORE	MinION	20620.0	6.0	WGS	GENOMIC	SINGLE	Raw Nanopore sequences for barcode 04 AMB_Tp6
SRR17880877	SRX14040202	SRS10450451	SRP340037	PRJNA768294	Klebsiella quasivariicola	08A119	PACBIO_SMRT	PacBio RS II	511755994.0	124575.0	WGS	GENOMIC	SINGLE	Genomic sequencing of SB33
SRR12298732	SRX8801845	SRS6792087	SRP266402	PRJNA605147	Klebsiella grimontii	RHBSTW-00494	OXFORD_NANOPORE	GridION	139416572.0	100373.0	WGS	GENOMIC	SINGLE	OXFORD_NANOPORE sequencing of Klebsiella oxytoca isolate WTP5|T2-00494 cultured from WTP downstream sample
SRR3987006	SRX1988731	SRS1592903	SRP080307	PRJNA330602	Lactobacillus helveticus	D75	PACBIO_SMRT	PacBio RS II	3416214015.0	163482.0	WGS	GENOMIC	SINGLE	Lactobacillus acidophilus, clarification of the systematic position_75
ERR15846366	ERX15246614	ERS21188335	ERP146253	PRJEB61160	Escherichia coli		PACBIO_SMRT	Revio	3659430263.0	429860.0	WGS	GENOMIC	SINGLE	Revio sequencing
SRR29675683	SRX25179079	SRS20798051	SRP496639	PRJNA1090044	Staphylococcus aureus	TUM20816	OXFORD_NANOPORE	MinION	139399120.0	74512.0	WGS	GENOMIC	SINGLE	WGS using ONT of Staphylococcus aureus TUM20816
SRR17553521	SRX13722949	SRS11600589	SRP354471	PRJNA795459	Massospora cicadina	MCPNR19	OXFORD_NANOPORE	MinION	1013867881.0	390982.0	WGS	GENOMIC	SINGLE	DNA-Seq of Massospora cicadina isolate MCPNR19 resting spores (azygospores) - FC_RS_2
SRR5938061	SRX3097954	SRS2434386	SRP115560	PRJNA396106	Klebsiella pneumoniae	ST307PT01	PACBIO_SMRT	PacBio RS II	4205288199.0	163482.0	WGS	GENOMIC	SINGLE	WGS of KPC-producing Klebsiella pneumonia ST307OT01
ERR5353084	ERX5141119	ERS5752854	ERP126298	PRJEB42440	Klebsiella pneumoniae		OXFORD_NANOPORE	MinION			WGS	GENOMIC	SINGLE	MinION sequencing
ERR1223226	ERX1295439	ERS921414	ERP005928	PRJEB6403	Enterococcus faecalis	NCTC8732	PACBIO_SMRT	PacBio RS	2639674937.0	163482.0	WGS	GENOMIC	SINGLE	PacBio RS sequencing
ERR10488980	ERX10008291	ERS14235881	ERP142385	PRJEB57405	Streptococcus pneumoniae		OXFORD_NANOPORE	MinION	80461795.0	9087.0	WGS	GENOMIC	SINGLE	MinION sequencing
SRR27962348	SRX23618774	SRS20459151	SRP489640	PRJNA998543	Staphylococcus epidermidis	HRSE 20	OXFORD_NANOPORE	MinION	765605442.0	87306.0	WGS	GENOMIC	SINGLE	S. epidermidis isolated from Han River whole genome sequencing
SRR14108811	SRX10479571	SRS8608006	SRP312756	PRJNA689092	Xanthomonas campestris pv. campestris	33-1	PACBIO_SMRT	Sequel II	3815254139.0	456981.0	WGS	GENOMIC	SINGLE	Xc isolated from weeds and crops
SRR9663501	SRX6424377	SRS5080922	SRP214005	PRJNA536292	Promicromonospora sp. C35	SLBN-65	PACBIO_SMRT	Sequel	2032236788.0	601093.0	WGS	GENOMIC	SINGLE	Promicromonospora sp C35
SRR28445650	SRX24049251	SRS20840578	SRP497734	PRJNA1077798	Alteromonas gracilis	J4	OXFORD_NANOPORE	MinION	3006252.0	1000.0	WGS	GENOMIC	SINGLE	Alteromonas gracilis strain J4, whole genome Nanopore Sequencing
SRR6366324	SRX3461818	SRS2749988	SRP126514	PRJNA421733	Enterobacter hormaechei	171	OXFORD_NANOPORE	MinION	85610398.0	15470.0	WGS	GENOMIC	SINGLE	Enterobacter cloacae complex ST171
SRR4142444	SRX2124731	SRS1668542	SRP085246	PRJNA330441	Rhizobium mongolense USDA 1844	USDA 1844	PACBIO_SMRT	PacBio RS	163451746.0	55954.0	WGS	GENOMIC	SINGLE	Rhizobium mongolense USDA 1844
SRR23384534	SRX19323127	SRS16720965	SRP421698	PRJNA924056	Serratia nevei	CPO417	OXFORD_NANOPORE	MinION	743621563.0	52783.0	WGS	GENOMIC	SINGLE	WGS of bacterial isolate possessing blaIMP-4 carbapenemase
SRR31980462	SRX27335575	SRS4252503	SRP040281	PRJNA230403	Salmonella enterica	PNUSAS065421	OXFORD_NANOPORE	GridION	4259161548.0	691044.0	WGS	GENOMIC	SINGLE	SE using ONT_Qiagen
SRR30791230	SRX26192761	SRS22735273	SRP534624	PRJNA1161571	Burkholderia pseudomallei	Bp23	OXFORD_NANOPORE	MinION	2777594220.0	648544.0	WGS	GENOMIC	SINGLE	Nanopore sequencing of B. pseudomallei
SRR717835	SRX236549	SRS416711	SRP021606	PRJNA88851	Enterococcus pallens ATCC BAA-351	ATCC BAA-351	PACBIO_SMRT	PacBio RS	199389461.0	81741.0	WGS	GENOMIC	SINGLE	Pacbio whole genome shotgun sequencing of genomic DNA library 'PACBIO-322' containing sample 'BAA-351' from individual 'Enterococcus pallens BAA-351'
SRR28402949	SRX24007533	SRS20803747	SRP496844	PRJNA1090259	Staphylococcus aureus	P7	OXFORD_NANOPORE	GridION	350465857.0	50791.0	WGS	GENOMIC	SINGLE	WGS of MRSA
ERR581124	ERX539211	ERS430629	ERP005506	PRJEB6044	Streptococcus pneumoniae		PACBIO_SMRT	PacBio RS	1020738634.0	163482.0	WGS	GENOMIC	SINGLE	PacBio RS sequencing
ERR10791281	ERX10240591	ERS2651840	ERP104475	PRJEB22771	Streptococcus pneumoniae		PACBIO_SMRT	Sequel II	1442478126.0	218086.0	WGS	GENOMIC	SINGLE	Sequel II sequencing
SRR8292555	SRX5107177	SRS622109	SRP018785	PRJNA186035	Salmonella enterica subsp. enterica serovar Anatum	CFSAN003980	PACBIO_SMRT	PacBio RS II	1282752005.0	163482.0	WGS	GENOMIC	SINGLE	PacBio SMRTbell library protocol library CFSAN003980 D01_1
SRR31540866	SRX26908058	SRS23387517	SRP548173	PRJNA1190675	Escherichia coli	The same strain as the one under SRA accession SRR10425131	OXFORD_NANOPORE	MinION	631538905.0	118143.0	WGS	GENOMIC	SINGLE	ONT of TAS095
SRR13449121	SRX9862249	SRS8042175	SRP295672	PRJNA681856	Salmonella enterica subsp. salamae	LHICA_SA3	OXFORD_NANOPORE	MinION	29507736.0	4000.0	WGS	GENOMIC	SINGLE	WGS of Salmonella Lhica SA3_27
ERR13967275	ERX13368368	ERS21330457	ERP149886	PRJEB64694	Candidatus Ornithobacterium hominis	SA-OH-C4	OXFORD_NANOPORE	MinION	127644225.0	157997.0	WGS	GENOMIC	SINGLE	MinION sequencing
ERR10497608	ERX10014897	ERS14254650	ERP142629	PRJEB57633	Escherichia coli		OXFORD_NANOPORE	GridION	32639831.0	4204.0	WGS	GENOMIC	SINGLE	Raw reads: ONT_30134_6#154
SRR8154670	SRX4975575	SRS4013288	SRP151172	PRJNA477598	Escherichia coli	K12 / MG1655 / ATCC 47076	OXFORD_NANOPORE	MinION	349058242.0	40914.0	WGS	GENOMIC	SINGLE	R9 MinION sequencing of E. coli K12, lambda phage, and mouse: Mason Lab
SRR35850989	SRX30900265	SRS26900625	SRP636871	PRJNA1334387	Bacillus thuringiensis	ABN4_125	OXFORD_NANOPORE	GridION	3346232592.0	623616.0	WGS	GENOMIC	SINGLE	WGS of Bacillus thuringiensis: Marine biofilm
SRR7415632	SRX4286594	SRS3450641	SRP151172	PRJNA477598	Enterococcus faecalis	110	OXFORD_NANOPORE	GridION	1123539516.0	167063.0	WGS	GENOMIC	SINGLE	ONT GridION data for E. faecalis
SRR23347708	SRX19289325	SRS16690584	SRP421131	PRJNA931653	Escherichia coli K-12	K-12	OXFORD_NANOPORE	GridION	25829340.0	4000.0	WGS	GENOMIC	SINGLE	Nanopore sequencing of Ciprofloxacin challenged E. coli
SRR30868160	SRX26265655	SRS20686587	SRP250705	PRJNA607328	Bacillus subtilis subsp. subtilis str. 168	168	OXFORD_NANOPORE	MinION	2250472731.0	434532.0	WGS	GENOMIC	SINGLE	Bacillus subtilis FELIX_MS257 Nanopore reads
SRR30342953	SRX25801196	SRS22432672	SRP528120	PRJNA1150149	Citrobacter freundii	ST22	OXFORD_NANOPORE	MinION	251180470.0	45573.0	WGS	GENOMIC	SINGLE	ONT long-read sequencing of potential healthcare transmission pathogens
ERR10499393	ERX10016679	ERS14256833			Escherichia coli		OXFORD_NANOPORE	GridION	60372104.0	6059.0	WGS	GENOMIC	SINGLE	GridION sequencing; Raw reads: ONT_30134_6#120
SRR30467443	SRX25892574	SRS22419413	SRP527752	PRJNA1143474	Tardiphaga sp. 839_C3_N1_4	839_C3_N1_4	OXFORD_NANOPORE	PromethION	1111909944.0	266652.0	WGS	GENOMIC	SINGLE	Tardiphaga sp. 839_C3_N1_4 nanopore genome sequencing (files compressed once)
SRR32829922	SRX28113304	SRS13698739	SRP384835	PRJNA835292	Gulosibacter sp. ACHW.36C	ACHW.36C	OXFORD_NANOPORE	MinION	595320850.0	92958.0	WGS	GENOMIC	SINGLE	Nanopore of  of SAMN28097950
ERR3284708	ERX3311242	ERS3005693	ERP112974	PRJEB30511	Escherichia coli		OXFORD_NANOPORE	GridION	1851391288.0	314149.0	WGS	GENOMIC	SINGLE	GridION sequencing
ERR2302896	ERX2354233	ERS1963330	ERP005928	PRJEB6403	Acinetobacter baumannii	NCTC7412	PACBIO_SMRT	PacBio RS	887895475.0	163482.0	WGS	GENOMIC	SINGLE	PacBio RS sequencing
SRR2818034	SRX1384175	SRS1134786	SRP040661	PRJNA231221	Vibrio mimicus	FDAARGOS_112	PACBIO_SMRT	PacBio RS	937573625.0	163482.0	WGS	GENOMIC	SINGLE	
ERR1351119	ERX1422643	ERS1031234	ERP005928	PRJEB6403	Pseudomonas fluorescens	NCTC10783	PACBIO_SMRT	PacBio RS	1768659275.0	163482.0	WGS	GENOMIC	SINGLE	PacBio RS sequencing
SRR21563469	SRX17565706	SRS14987424	SRP354045	PRJNA747871	Streptomyces virginiae	NBC 01758	OXFORD_NANOPORE	MinION	783854617.0	162964.0	WGS	GENOMIC	SINGLE	nanopore sequencing data from strain NBC_01758
SRR21415872	SRX17420008	SRS12114988	SRP361569	PRJNA768416	Bacillus sp. FSL K6-3459	FSL K6-3459	OXFORD_NANOPORE	MinION	720834598.0	178550.0	WGS	GENOMIC	SINGLE	WGS of Bacilli
DRR351396	DRX337385	DRS230545	DRP008274	PRJDB13022	Actinomyces oris K20	K20	OXFORD_NANOPORE	GridION	1101350965.0	114245.0	WGS	GENOMIC	SINGLE	GridION sequencing of SAMD00442649
SRR22190954	SRX18169468	SRS15668733	SRP303037	PRJNA694442	Salmonella enterica		OXFORD_NANOPORE	GridION	654947783.0	67964.0	WGS	GENOMIC	SINGLE	Multiplex WGS of Salmonella
SRR25299299	SRX21042890	SRS18314785	SRP449794	PRJNA995360	Yersinia pestis	S0176	PACBIO_SMRT	Sequel	4661940.0	165.0	WGS	GENOMIC	SINGLE	WGS of Yersinia pestis
SRR11059438	SRX7705358	SRS6129239	SRP248056	PRJNA459256	Clostridium acetobutylicum	DJ313	PACBIO_SMRT	PacBio RS II	492773432.0	146756.0	WGS	GENOMIC	SINGLE	Clostridium acetobutylicum DJ313
SRR11318065	SRX7922401	SRS933716	SRP018785	PRJNA186035	Salmonella enterica subsp. enterica serovar Newport	CFSAN022633	PACBIO_SMRT	Sequel	2252526608.0	667041.0	WGS	GENOMIC	SINGLE	Whole genome PacBio Sequel sequence of Salmonella enterica subsp. enterica serovar Newport
SRR15989093	SRX12277774	SRS9999150	SRP357537	PRJNA801416	Escherichia coli	E1210	OXFORD_NANOPORE	GridION	368433284.0	51345.0	WGS	GENOMIC	SINGLE	Whole Genome Sequencing of Carbapenemase-producing Enterobacterales (CPE)
SRR33768555	SRX28990921	SRS22396659	SRP444583	PRJNA962904	Escherichia coli		PACBIO_SMRT	Sequel II	1060225843.0	54919.0	WGS	GENOMIC	SINGLE	PacBio sequencing of A191007HE1 for ARCH 2
SRR4136230	SRX2118819	SRS1667706	SRP084833	PRJNA265337	Lutibacter sp. Hel_I_33_5	Hel_I_33_5	PACBIO_SMRT	PacBio RS	292819524.0	80059.0	WGS	GENOMIC	SINGLE	Lutibacter sp. Hel_I_33_5
SRR29316878	SRX24833732	SRS21545562	SRP512379	PRJNA1121190	Vibrio cholerae	110Vc05	OXFORD_NANOPORE	PromethION	560360497.0	178277.0	WGS	GENOMIC	SINGLE	WGS of Vcholerae isolates
SRR33300182	SRX28545235	SRS24844386	SRP578427	PRJNA1244367	Bacillus cereus ATCC 14579	D720	OXFORD_NANOPORE	GridION	2564208143.0	600611.0	WGS	GENOMIC	SINGLE	WGS of Bacillus cereus Strain ATCC14582
SRR11048717	SRX7698737	SRS6123084	SRP247813	PRJNA347113	Actinomycetospora corticicola	DSM 45772	PACBIO_SMRT	PacBio RS II	273306482.0	72865.0	WGS	GENOMIC	SINGLE	Actinomycetospora corticicola DSM 45772
SRR13996145	SRX10373567	SRS3787183	SRP071789	PRJNA315192	Escherichia coli	595637	OXFORD_NANOPORE	MinION	694220586.0	77888.0	WGS	GENOMIC	SINGLE	595637
SRR28825883	SRX24388701	SRS21144463	SRP504527	PRJNA984017	Acinetobacter nosocomialis	A2K	OXFORD_NANOPORE	MinION	95188319.0	18431.0	WGS	GENOMIC	SINGLE	Acinetobacter nosocomialis A2K oxford nanopore reads
SRR387139	SRX109890	SRS281278	SRP001087	PRJNA40075	Escherichia coli str. K-12 substr. MG1655	K-12	PACBIO_SMRT	PacBio RS	103531077.0	81741.0	WGS	GENOMIC	SINGLE	Whole Genome Sequencing and Assembly
SRR21696661	SRX17694121	SRS11554317	SRP354045	PRJNA747871	Streptomyces anulatus	NBC_01106	OXFORD_NANOPORE	MinION	350270708.0	36167.0	WGS	GENOMIC	SINGLE	nanopore sequencing data from strain NBC_01106
SRR28208450	SRX23820703	SRS20643089	SRP493058	PRJNA1070810	Mesomycoplasma ovipneumoniae	OARF3_009	OXFORD_NANOPORE	MinION	566757085.0	84862.0	WGS	GENOMIC	SINGLE	WGS of Mycoplasma ovipneumoniae
ERR3685874	ERX3675478	ERS4047675	ERP114207	PRJEB31632	bacterium		OXFORD_NANOPORE	GridION	472443540.0	59621.0	WGS	GENOMIC	SINGLE	GridION sequencing
SRR22550165	SRX18513748	SRS15982786	SRP309589	PRJNA707214	Escherichia coli		OXFORD_NANOPORE	GridION	1438294009.0	162510.0	WGS	GENOMIC	SINGLE	WGS of E.coli from human stool
DRR097286	DRX090782	DRS100119	DRP005160	PRJDB5843	Helicobacter pylori	OK113	PACBIO_SMRT	PacBio RS II	1877181360.0	163482.0	WGS	GENOMIC	SINGLE	PacBio RS II sequencing of SAMD00084422
SRR1795987	SRX764457	SRS748817	SRP050079	PRJNA267132	Vibrio natriegens NBRC 15636 = ATCC 14048 = DSM 759	ATCC 14048	PACBIO_SMRT	PacBio RS	1199008651.0	163482.0	WGS	GENOMIC	SINGLE	PacBio sequencing of Vibrio natriegens ATCC 14048
ERR3685945	ERX3675549	ERS4047746	ERP114207	PRJEB31632	bacterium		OXFORD_NANOPORE	GridION	528793822.0	104117.0	WGS	GENOMIC	SINGLE	GridION sequencing
SRR30949557	SRX26351927	SRS22816996	SRP536567	PRJNA1165464	Escherichia coli	Not applicable	OXFORD_NANOPORE	MinION	256275737.0	50276.0	WGS	GENOMIC	SINGLE	Nanopore sequencing of E.coli: blood isolate
SRR36309319	SRX31341451	SRS27313328	SRP651444	PRJNA1353897	Pseudomonas sp. NUPR-002	NUPR-002	OXFORD_NANOPORE	GridION	819056522.0	123298.0	WGS	GENOMIC	SINGLE	WGS of Pseudomonas renitens: Nanopore long read
SRR31598925	SRX26963560	SRS23433273	SRP549287	PRJNA1185485	Escherichia coli	853	OXFORD_NANOPORE	PromethION	838296189.0	156187.0	WGS	GENOMIC	SINGLE	Wnew4R-barcode73
SRR13386147	SRX9805282	SRS7989357	SRP300861	PRJNA663900	Enterococcus sp. DIV0162	DIV0162	OXFORD_NANOPORE	GridION	1379309423.0	117526.0	WGS	GENOMIC	SINGLE	Zoo 3 Enterococcus Diversity Genome sequencing and assembly
ERR3396639	ERX3420502	ERS2444058	ERP011196	PRJEB10018	Klebsiella pneumoniae		PACBIO_SMRT	Sequel	333610814.0	284395.0	WGS	GENOMIC	SINGLE	Sequel sequencing
SRR37184083	SRX32121774	SRS28054734	SRP676055	PRJNA1405938	Klebsiella pneumoniae	2024005032	OXFORD_NANOPORE	MinION	559706014.0	100810.0	WGS	GENOMIC	SINGLE	Hypervirulence-associated genes in Klebsiella pneumoniae
ERR10420126	ERX9948599	ERS7159973	ERP109413	PRJEB27342	Klebsiella oxytoca		PACBIO_SMRT	Sequel II	4510781403.0	667257.0	WGS	GENOMIC	SINGLE	Sequel II sequencing
SRR32364820	SRX27699326	SRS21122209	SRP444583	PRJNA962904	Escherichia coli		PACBIO_SMRT	Sequel II	301030838.0	14395.0	WGS	GENOMIC	SINGLE	PacBio sequencing of AS5397C1 for ARCH 1.0
SRR29816270	SRX25315439	SRS21985197	SRP519641	PRJNA1135336	Enterococcus faecium		OXFORD_NANOPORE	GridION	435901264.0	90595.0	WGS	GENOMIC	SINGLE	Whole genome sequencing of VRE
SRR11096308	SRX7735085	SRS6155128	SRP249719	PRJNA557486	Acinetobacter baumannii	18WIARLN0035	OXFORD_NANOPORE	MinION	235216100.0	29206.0	WGS	GENOMIC	SINGLE	WGS sequencing of Acinetobacter baumannii
SRR385965	SRX109797	SRS001120	SRP000361	PRJNA32935	Enterococcus casseliflavus EC20	899205	PACBIO_SMRT	PacBio RS	58981914.0	81741.0	WGS	GENOMIC	SINGLE	Whole Genome Sequencing and Assembly
ERR6412379	ERX6040432	ERS6092696	ERP127875	PRJEB43898	Mycobacterium avium subsp. paratuberculosis	PICSAR142	PACBIO_SMRT	PacBio RS II	2091013834.0	1253787.0	WGS	GENOMIC	SINGLE	PacBio RS II sequencing; Raw reads: Whole_Genome_Sequence_ERS6092696
SRR25466908	SRX21199512	SRS18458348	SRP452337	PRJNA1000618	Escherichia coli	Escherichia coli BL21(DE3)	OXFORD_NANOPORE	MinION	6200998.0	3999.0	WGS	GENOMIC	SINGLE	CASTVK transposition with different condition
SRR32174720	SRX27520006	SRS23938009	SRP560657	PRJNA1217105	Rhodococcus indonesiensis	SARSHI1	OXFORD_NANOPORE	PromethION	4826079667.0	2539063.0	WGS	GENOMIC	SINGLE	Whole Genome Sequencing of Rhodococcus indonesiensis
SRR21696646	SRX17694137	SRS14987393	SRP354045	PRJNA747871	Streptomyces sp. NBC_01591	NBC_01591	OXFORD_NANOPORE	MinION	1186830462.0	130394.0	WGS	GENOMIC	SINGLE	nanopore sequencing data from strain NBC_01591
DRR206405	DRX196798	DRS217732	DRP008011	PRJDB9236	Bacillus cereus	30052	OXFORD_NANOPORE	MinION	2162723925.0	458967.0	WGS	GENOMIC	SINGLE	MinION sequencing of SAMD00203341
DRR671050	DRX651152	DRS469113	DRP013154	PRJDB19298	Kangiella geojedonensis		PACBIO_SMRT	PacBio RS II	765469944.0	97335.0	WGS	GENOMIC	SINGLE	PacBio RS II sinlge-end Sequencing of KAS22021757 (KAE22235260)
SRR35291609	SRX30393691	SRS26431984	SRP618179	PRJNA1321417	Halomonas sp. KFRI-KJS25024	KFRI-KJS25024	PACBIO_SMRT	Revio	420795724.0	63573.0	WGS	GENOMIC	SINGLE	KFRI_KJS25024_PacBio
SRR12299022	SRX8802191	SRS6792422	SRP266402	PRJNA605147	Escherichia coli	RHB11-C12	PACBIO_SMRT	PacBio RS II	1379161753.0	182840.0	WGS	GENOMIC	SINGLE	PACBIO_SMRT sequencing of Escherichia coli isolate RH10|T1-C12 cultured from Cattle faeces sample
SRR31024316	SRX26411247	SRS22931202	SRP539092	PRJNA1174068	Vibrio cholerae	mHDM VC90	OXFORD_NANOPORE	PromethION	79672761.0	44256.0	WGS	GENOMIC	SINGLE	WGS of Vcholerae isolates
SRR23044204	SRX18997760	SRS15977032	SRP411586	PRJNA907549	Escherichia coli	DETEC-P351	OXFORD_NANOPORE	MinION	490003125.0	14744.0	WGS	GENOMIC	SINGLE	DETEC-P351 long-read genome sequence
SRR13680683	SRX10070025	SRS8231707	SRP303037	PRJNA694442	Salmonella bongori		OXFORD_NANOPORE	GridION	1199137402.0	114547.0	WGS	GENOMIC	SINGLE	Multiplex WGS of Salmonella enterica
SRR24651239	SRX20431292	SRS17736844	SRP438478	PRJNA885826	Clostridiales bacterium VE202-27	VE202-27	OXFORD_NANOPORE	MinION	1386643331.0	290790.0	WGS	GENOMIC	SINGLE	PCR free Oxford Nanopore sequencing of genomic DNA from Clostridiales-bacterium-VE202-27
SRR21630458	SRX17630941	SRS14987342	SRP354045	PRJNA747871	Kitasatospora sp. NBC_00374	NBC_00374	OXFORD_NANOPORE	MinION	312787120.0	62713.0	WGS	GENOMIC	SINGLE	nanopore sequencing data from strain NBC_00374
SRR5079641	SRX2398010	SRS1838957	SRP094613	PRJNA167143	Granulosicoccus antarcticus IMCC3135	IMCC3135	PACBIO_SMRT	PacBio RS II	921355094.0	163482.0	WGS	GENOMIC	SINGLE	Genome sequencing of Granulosicoccus antarcticus strain IMCC3135 using PacBio RS II
SRR37102303	SRX32048551	SRS27985982	SRP674509	PRJNA1395651	Escherichia coli	GPEC617	PACBIO_SMRT	Sequel II	318521976.0	36504.0	WGS	GENOMIC	SINGLE	WGS of APEC from GA
SRR873685	SRX290498	SRS431670	SRP023526	PRJNA176643	Vibrio parahaemolyticus VP250	VP250	PACBIO_SMRT	PacBio RS	196316449.0	81741.0	WGS	GENOMIC	SINGLE	
ERR13600396	ERX12971419	ERS6631565	ERP109316	PRJEB27256	Klebsiella pneumoniae		OXFORD_NANOPORE	GridION	492775255.0	20903.0	WGS	GENOMIC	SINGLE	GridION sequencing
DRR902766	DRX880551	DRS650027	DRP017042	PRJDB40238	Staphylococcus capitis	13-29	PACBIO_SMRT	PacBio RS II	3502708964.0	163482.0	WGS	GENOMIC	SINGLE	PacBio RS II sequencing of SAMD01814116
ERR13600781	ERX12971804	ERS5520949	ERP126193	PRJEB42350	Klebsiella pneumoniae		OXFORD_NANOPORE	GridION	1080979399.0	42742.0	WGS	GENOMIC	SINGLE	GridION sequencing
SRR6985645	SRX3925513	SRS1739418	SRP133836	PRJNA316321	Staphylococcus aureus	AR_0222	PACBIO_SMRT	PacBio RS	1862034904.0	163482.0	WGS	GENOMIC	SINGLE	
SRR26899113	SRX22593297	SRS19599846	SRP473241	PRJNA1042815	Salmonella enterica	ETS 34	OXFORD_NANOPORE	GridION	14229218461.0	14319829.0	WGS	GENOMIC	SINGLE	WGS of Salmonella enterica isolate
SRR1784333	SRX863268	SRS472158	SRP029040	PRJNA62791	Salmonella enterica subsp. enterica serovar Anatum str. ATCC BAA-1592	ATCC BAA-1592	PACBIO_SMRT	PacBio RS II	726837583.0	163482.0	WGS	GENOMIC	SINGLE	Whole genome shotgun sequencing of Salmonella enterica subsp. enterica serovar Anatum str. ATCC BAA-1592 by Pacific Biosciences SMRT
DRR723653	DRX703674	DRS495793	DRP013760	PRJDB20694	Alcaligenes faecalis	JCM 20666	PACBIO_SMRT	Revio	403674721.0	27049.0	WGS	GENOMIC	SINGLE	Revio sequencing of SAMD01611176
ERR8958857	ERX8503887	ERS10771025	ERP135763	PRJEB51164	Pseudomonas aeruginosa		OXFORD_NANOPORE	GridION	1305853038.0	192762.0	WGS	GENOMIC	SINGLE	GridION sequencing; Raw reads: Pa01_r10.4_plex_sup_dup_hybrid
ERR15874794	ERX15272661	ERS26933657	ERP180772	PRJEB98371	Listeria monocytogenes		OXFORD_NANOPORE	MinION	14440639.0	1676.0	WGS	GENOMIC	SINGLE	Raw reads: sample_028_nanopore_1
SRR27860914	SRX23523522	SRS20373813	SRP487941	PRJNA1073000	Lactococcus cremoris	P1E5	OXFORD_NANOPORE	PromethION	444092481.0	58104.0	WGS	GENOMIC	SINGLE	WGS of Lactococcus cremoris strain P1E5: Probat505 starter culture
ERR14126992	ERX13529658	ERS22899856	ERP159032	PRJEB74343	Chitinophaga sancti		OXFORD_NANOPORE	PromethION	329305875.0	78025.0	WGS	GENOMIC	SINGLE	R1041_V5_Chitinophaga_sancti
SRR31598824	SRX26963662	SRS23433374	SRP549287	PRJNA1185485	Escherichia coli	295	OXFORD_NANOPORE	PromethION	493122298.0	146940.0	WGS	GENOMIC	SINGLE	manhole-barcode40
SRR30573099	SRX25996166	SRS22570101	SRP192761	PRJNA412908	Salinibacter ruber	M31T	PACBIO_SMRT	Sequel II	375146431.0	60429.0	WGS	GENOMIC	SINGLE	PacBio Sequencing of Salinibacter ruber Strain M31T
DRR287520	DRX276977	DRS243331	DRP008650	PRJDB11424	Staphylococcus aureus	59731	OXFORD_NANOPORE	MinION	791827393.0	392055.0	WGS	GENOMIC	SINGLE	MinION sequencing of SAMD00291293
SRR25627035	SRX21353901	SRS18598741	SRP454834	PRJNA802309	Brucella pseudogrignonensis	ESL2	OXFORD_NANOPORE	MinION	350002673.0	61793.0	WGS	GENOMIC	SINGLE	Nanopore of  of SAMN25525416
SRR31583462	SRX26948792	SRS23420254	SRP548954	PRJNA1193326	Campylobacter jejuni		OXFORD_NANOPORE	MinION	57455347.0	41347.0	WGS	GENOMIC	SINGLE	Long-read Nanopore-based WGS characterization of antimicrobial resistant Campylobacter jejuni and Campylobacter coli isolates from humans, animals and food products in Northern Spain within a One Health approach
SRR30463415	SRX25888545	SRS22459553	SRP515179	PRJNA1126331	Candidatus Dormibacteraceae bacterium		PACBIO_SMRT	Sequel II	4088399.0	1.0	WGS	GENOMIC	SINGLE	HiFi.Melbourne_complete.9700
ERR2576026	ERX2593019	ERS1681519	ERP017350	PRJEB15537	Streptococcus pneumoniae		PACBIO_SMRT	PacBio RS	1271254916.0	163482.0	WGS	GENOMIC	SINGLE	PacBio RS sequencing
SRR7591057	SRX4456302	SRS3594403	SRP155172	PRJNA66827	Aliarcobacter skirrowii CCUG 10374	CCUG 10374	PACBIO_SMRT	PacBio RS II	3594945517.0	163482.0	WGS	GENOMIC	SINGLE	Whole genome sequencing of Arcobacter skirrowii strain LMG 6621
SRR32364729	SRX27699417	SRS21122496	SRP444583	PRJNA962904	Klebsiella pneumoniae		PACBIO_SMRT	Sequel II	436237407.0	21147.0	WGS	GENOMIC	SINGLE	PacBio sequencing of AS27519E2 for ARCH 1.0
SRR23860488	SRX19672982	SRS17043235	SRP427254	PRJNA944390	Mycobacteroides immunogenum	C14-1.MIM	OXFORD_NANOPORE	GridION	706302944.0	211419.0	WGS	GENOMIC	SINGLE	WGS of Clinical M. immunogenum isolate C14-1, long reads
SRR24140053	SRX19938352	SRS17287061	SRP247747	PRJNA604975	Escherichia coli	ox_bsi_157	OXFORD_NANOPORE	GridION	88928280.0	44102.0	WGS	GENOMIC	SINGLE	oxford_bsi
SRR10046493	SRX6780974	SRS5327655	SRP219398	PRJNA561565	Escherichia albertii	RM9973	PACBIO_SMRT	PacBio RS II	5718517003.0	163482.0	WGS	GENOMIC	SINGLE	Complete genome sequences of RM9973
ERR10488968	ERX10008279	ERS14235869	ERP142385	PRJEB57405	Streptococcus pneumoniae		OXFORD_NANOPORE	MinION	88748477.0	9837.0	WGS	GENOMIC	SINGLE	MinION sequencing
SRR30149087	SRX25616919	SRS22262776	SRP524510	PRJNA1144171	Staphylococcus aureus	sa230502_barcode25	OXFORD_NANOPORE	MinION	620857206.0	156422.0	WGS	GENOMIC	SINGLE	Staphylococcus aureus strain sa230502_barcode25
SRR27467576	SRX23139054	SRS20090111	SRP482617	PRJNA942599	Staphylococcus aureus	Dog049	PACBIO_SMRT	Sequel II	728704976.0	64671.0	WGS	GENOMIC	SINGLE	PacBio sequencing of canine Staphylococcaceae isolated from a Kenyan shelter in June 2056
ERR772455	ERX715334	ERS647571	ERP005928	PRJEB6403	Salmonella enterica subsp. enterica	NCTC6754	PACBIO_SMRT	PacBio RS	434934056.0	163482.0	WGS	GENOMIC	SINGLE	PacBio RS sequencing
SRR35574273	SRX30647175	SRS26670419	SRP625638	PRJNA1320685	Escherichia coli	PCP06101	OXFORD_NANOPORE	MinION	491700344.0	127010.0	WGS	GENOMIC	SINGLE	ONT Long-Read DNA Sequencing of PCP06101 Dorado SUP basecalling
SRR29819997	SRX25318954	SRS21988563	SRP519730	PRJNA1135485	Salmonella		OXFORD_NANOPORE	MinION	725684554.0	111316.0	WGS	GENOMIC	SINGLE	WGS Salmonella isolates from cattle
SRR21529822	SRX17532179	SRS15080626	SRP394709	PRJNA860029	Salmonella enterica	STMC125	OXFORD_NANOPORE	MinION	1793213781.0	306746.0	WGS	GENOMIC	SINGLE	Long-read sequencing of Salmonella enterica: Clinical isolates
SRR9008389	SRX5786591	SRS4718893	SRP194981	PRJNA538395	Streptomyces puniciscabiei	DSM 41929	PACBIO_SMRT	Sequel	2584649097.0	710752.0	WGS	GENOMIC	SINGLE	Streptomyces puniciscabiei DSM 41929
ERR1883082	ERX1943583	ERS1497516	ERP005928	PRJEB6403	Legionella moravica	NCTC12239	PACBIO_SMRT	PacBio RS	1790590401.0	163482.0	WGS	GENOMIC	SINGLE	PacBio RS sequencing
SRR21696264	SRX17694001	SRS11554428	SRP354045	PRJNA747871	Streptomyces sp. NBC_00838	NBC_00838	OXFORD_NANOPORE	MinION	344843597.0	158906.0	WGS	GENOMIC	SINGLE	nanopore sequencing data from strain NBC_00838
ERR1070154	ERX1150304	ERS799803	ERP005928	PRJEB6403	Klebsiella pneumoniae	NCTC9662	PACBIO_SMRT	PacBio RS	995493031.0	163482.0	WGS	GENOMIC	SINGLE	PacBio RS sequencing
SRR10161470	SRX6886864	SRS5420032	SRP222927	PRJNA573548	Vibrio vulnificus	Vv180806	PACBIO_SMRT	Sequel	3146094786.0	930806.0	WGS	GENOMIC	SINGLE	Vv180806
SRR35556727	SRX30631333	SRS19727821	SRP150360	PRJNA475751	Clostridioides difficile	CD08847	OXFORD_NANOPORE	MinION	5278259.0	6964.0	WGS	GENOMIC	SINGLE	WGS Sequencing of Clostridioides difficile
ERR9979368	ERX9520345	ERS12496714	ERP139746	PRJEB54884	Escherichia coli		OXFORD_NANOPORE	MinION	314145151.0	43905.0	WGS	GENOMIC	SINGLE	MinION sequencing
ERR2681666	ERX2696527	ERS1103841	ERP014552	PRJEB13014	Streptococcus pyogenes		PACBIO_SMRT	PacBio RS	2011329607.0	163482.0	WGS	GENOMIC	SINGLE	PacBio RS sequencing
SRR13893786	SRX10273228	SRS8406491	SRP309815	PRJNA686978	Pantoea agglomerans	not collected	OXFORD_NANOPORE	MinION	5672951260.0	838882.0	WGS	GENOMIC	SINGLE	nanopore sequencing of Pantoea species: clinical isolate
SRR12395095	SRX8893802	SRS7152823	SRP276100	PRJNA650381	Mycobacterium tuberculosis		OXFORD_NANOPORE	MinION	156362874.0	77556.0	WGS	GENOMIC	SINGLE	Nanopore TB WGS
SRR34500440	SRX29644346	SRS1278950	SRP069749	PRJNA310138	Rhizobium leguminosarum	KDH_Rht_596_N	PACBIO_SMRT	Revio	463793881.0	48135.0	WGS	GENOMIC	SINGLE	Rhizobium leguminosarum long reads
ERR10163839	ERX9700424	ERS13423662	ERP140710	PRJEB55790	Apilactobacillus kunkeei	H4B4-11M	PACBIO_SMRT	Sequel	2108996758.0	449163.0	WGS	GENOMIC	SINGLE	Sequel sequencing; Raw reads: H4B4-11M
ERR13354963	ERX12725895	ERS20228309	ERP160933	PRJEB76407	Mediterraneibacter gnavus		PACBIO_SMRT	Sequel IIe	427646529.0	72300.0	WGS	GENOMIC	SINGLE	Sequel IIe sequencing
SRR19519940	SRX15572367	SRS13275227	SRP378127	PRJNA819273	Staphylococcus agnetis	IVB6175	PACBIO_SMRT	Sequel II	1776372051.0	152029.0	WGS	GENOMIC	SINGLE	PacBio Sequel sequencing of camel Staphylococcaceae from the Horn of Africa
SRR25793411	SRX21515698	SRS8481749	SRP457515	PRJNA1010762	Bacillus cereus		OXFORD_NANOPORE	MinION	1220402790.0	518188.0	WGS	GENOMIC	SINGLE	whole-genome sequencing of Bacillus cereus
SRR28445714	SRX24049187	SRS20840578	SRP497734	PRJNA1077798	Alteromonas gracilis	J4	OXFORD_NANOPORE	MinION	2839436.0	1000.0	WGS	GENOMIC	SINGLE	Alteromonas gracilis strain J4, whole genome Nanopore Sequencing
ERR5205860	ERX5010520	ERS5633870	ERP125430	PRJEB41626	Enterococcus faecium		OXFORD_NANOPORE	MinION	210045142.0	90000.0	WGS	GENOMIC	SINGLE	MinION sequencing
SRR498150	SRX148635	SRS281883	SRP013241	PRJNA73829	Vibrio cholerae		PACBIO_SMRT	PacBio RS	66424.0	288.0	WGS	GENOMIC	SINGLE	Whole Genome Sequencing for N5 (strobe)
SRR12395263	SRX8893634	SRS7152656	SRP276100	PRJNA650381	Mycobacterium tuberculosis		OXFORD_NANOPORE	MinION	1575471218.0	1085444.0	WGS	GENOMIC	SINGLE	Nanopore TB WGS
SRR21415578	SRX17420302	SRS12115410	SRP361569	PRJNA768416	Peribacillus sp. FSL M8-0224	FSL M8-0224	OXFORD_NANOPORE	MinION	479474384.0	168195.0	WGS	GENOMIC	SINGLE	WGS of Bacilli
SRR12280529	SRX8784186	SRS7052975	SRP272861	PRJNA646575	Bacteroides faecis		OXFORD_NANOPORE	GridION	361134471.0	35282.0	WGS	GENOMIC	SINGLE	WGS  of Bacteroides fragilis group clinical isolates
DRR245514	DRX235307	DRS154906	DRP006555	PRJDB10525	Vibrio nigripulchritudo	TUMSAT-TG-2018	OXFORD_NANOPORE	GridION	883745637.0	52460.0	WGS	GENOMIC	SINGLE	GridION sequencing of SAMD00246907
ERR5420947	ERX5205511	ERS5845226	ERP126298	PRJEB42440	Klebsiella pneumoniae		OXFORD_NANOPORE	MinION	232632526.0	37957.0	WGS	GENOMIC	SINGLE	MinION sequencing
SRR6448767	SRX3539733	SRS2814580	SRP128408	PRJNA369963	Paraburkholderia sp. BL17N1	BL17N1	PACBIO_SMRT	PacBio RS II	587015621.0	104351.0	WGS	GENOMIC	SINGLE	Paraburkholderia sp BL17N1
SRR8305970	SRX5120472	SRS3444826	SRP049009	PRJNA258403	Cronobacter sakazakii	MOD1-GK1025B	PACBIO_SMRT	Sequel	1296909526.0	508619.0	WGS	GENOMIC	SINGLE	Whole genome PacBio Sequel sequence of Cronobacter sakazakii serovar O2
ERR10498602	ERX10015891	ERS14255813	ERP142629	PRJEB57633	Escherichia coli		OXFORD_NANOPORE	GridION	58461397.0	7300.0	WGS	GENOMIC	SINGLE	Raw reads: ONT_30602_1#116
SRR4181459	SRX2142695	SRS1674162	SRP086983	PRJNA303863	Rhodococcus koreensis	DSM 44498	PACBIO_SMRT	PacBio RS	470789653.0	125542.0	WGS	GENOMIC	SINGLE	Rhodococcus koreensis DSM 44498
ERR1210802	ERX1283044	ERS879588	ERP005928	PRJEB6403	Streptococcus equi subsp. zooepidemicus	NCTC4675	PACBIO_SMRT	PacBio RS	1457085468.0	163482.0	WGS	GENOMIC	SINGLE	PacBio RS sequencing
ERR5336675	ERX5125063	ERS5806348	ERP126502	PRJEB42615	Campylobacter jejuni		OXFORD_NANOPORE	MinION	86516220.0	31996.0	WGS	GENOMIC	SINGLE	MinION sequencing
ERR10676204	ERX10143968	ERS14333303	ERP143248	PRJEB58185	Campylobacter jejuni		OXFORD_NANOPORE	MinION	245201222.0	407311.0	WGS	GENOMIC	PAIRED	MinION paired end sequencing
SRR11509893	SRX8082002	SRS6450123	SRP255655	PRJNA622823	Aeromonas hydrophila	NEB724	PACBIO_SMRT	PacBio RS II	667011527.0	163482.0	WGS	GENOMIC	SINGLE	SMRTAhd
SRR18463748	SRX14596048	SRS12342509	SRP365083	PRJNA818268	Bacillus cereus	Tet5R3	PACBIO_SMRT	Sequel II	6974734494.0	855219.0	WGS	GENOMIC	SINGLE	Bacillus cereus 03BB102 isolate Tet5R3
SRR27204061	SRX22883817	SRS19856149	SRP477894	PRJNA1039159	Enterococcus faecalis	ES-90-2	OXFORD_NANOPORE	GridION	1017628708.0	167423.0	WGS	GENOMIC	SINGLE	Whole genome sequencing of Enterococcus faecalls:ES-90-2
SRR31375100	SRX26748717	SRS23237349	SRP545813	PRJNA1185690	Pseudomonas amygdali	CoPs-82	OXFORD_NANOPORE	MinION	263854373.0	32980.0	WGS	GENOMIC	SINGLE	Nanopore WGS sequencing of Pseudomonas spp. Strains
DRR393722	DRX379541	DRS297055	DRP007849	PRJDB10842	Citrobacter freundii	JBCBAAC-19-0075	OXFORD_NANOPORE	GridION	755927547.0	64777.0	WGS	GENOMIC	SINGLE	GridION sequencing of SAMD00499513
SRR1003152	SRX360784	SRS487996	SRP030611	PRJNA178994	Ehrlichia chaffeensis str. Osceola	Osceola	PACBIO_SMRT	PacBio RS	238506939.0	81741.0	WGS	GENOMIC	SINGLE	
ERR1820606	ERX1883108	ERS1345972	ERP005928	PRJEB6403	Mobiluncus mulieris	NCTC11658	PACBIO_SMRT	PacBio RS	1163991585.0	163482.0	WGS	GENOMIC	SINGLE	PacBio RS sequencing
ERR16137067	ERX15526733	ERS28491451	ERP187675	PRJEB106623	Neisseria gonorrhoeae FA 1090	FA 1090	OXFORD_NANOPORE	MinION	574924575.0	114194.0	WGS	GENOMIC	SINGLE	Raw reads: FA1090
SRR387015	SRX109920	SRS281278	SRP001087	PRJNA40075	Escherichia coli str. K-12 substr. MG1655	K-12	PACBIO_SMRT	PacBio RS	44132425.0	81741.0	WGS	GENOMIC	SINGLE	Whole Genome Sequencing and Assembly
SRR24564553	SRX20348143	SRS17663324	SRP437723	PRJNA944190	Enterococcus faecalis	EfsC49	OXFORD_NANOPORE	MinION	1247878845.0	230458.0	WGS	GENOMIC	SINGLE	ONT MinION Reads of Enterococcus faecalis EfsC49
SRR11048430	SRX7698450	SRS6122913	SRP247788	PRJNA347132	Microbacterium pseudoresistens	DSM 22185	PACBIO_SMRT	PacBio RS II	372544482.0	95504.0	WGS	GENOMIC	SINGLE	Microbacterium pseudoresistens DSM 22185
SRR5884799	SRX3050822	SRS2397405	SRP040661	PRJNA231221	Klebsiella pneumoniae	FDAARGOS_442	PACBIO_SMRT	PacBio RS	401771883.0	163482.0	WGS	GENOMIC	SINGLE	
SRR9097966	SRX5872950	SRS4796040	SRP199005	PRJNA478423	Brenneria rubrifaciens	6D370	OXFORD_NANOPORE	GridION	2077888537.0	188823.0	WGS	GENOMIC	SINGLE	B. rubrifaciens long reads
SRR25608276	SRX21335413	SRS18580831	SRP454469	PRJNA999080	Escherichia coli	Un95	OXFORD_NANOPORE	MinION	1598148070.0	235978.0	WGS	GENOMIC	SINGLE	High molecular weight DNA extraction from pure E. coli cultures
SRR37113883	SRX32058889	SRS27995068	SRP674685	PRJNA1418337	Bacillus velezensis	ZC2-4	OXFORD_NANOPORE	PromethION	2522755640.0	720432.0	WGS	GENOMIC	SINGLE	Whole genome sequence of bacillus velezensis
SRR22859975	SRX18818608	SRS16251773	SRP414408	PRJNA914892	Staphylococcus aureus	C351	OXFORD_NANOPORE	MinION	82557161.0	24833.0	WGS	GENOMIC	SINGLE	Long read ONT WGS of Staphylococcus aureus isolates from Chronic Rhinosinusitis Patients
SRR35071077	SRX30184944	SRS26244951	SRP610420	PRJNA1308807	Escherichia coli	Ec_067	OXFORD_NANOPORE	MinION	745675325.0	64147.0	WGS	GENOMIC	SINGLE	Oxford Nanopore sequences of an isolated E. coli strain from wastewater
SRR34436403	SRX29597519	SRS8091036	SRP598841	PRJNA1287288	Enterobacter hormaechei	CPO089	OXFORD_NANOPORE	MinION	760930543.0	70371.0	WGS	GENOMIC	SINGLE	R10.4.1 WGS of bacterial isolate for accuracy benchmarking
SRR23796573	SRX19628610	SRS16998205	SRP426543	PRJNA942088	Campylobacter jejuni	PS_9_2022	OXFORD_NANOPORE	MinION	97164091.0	46287.0	WGS	GENOMIC	SINGLE	Nanopore sequencing of Campylobacter jejuni from chicken manure
ERR10499171	ERX10016457	ERS14255543	ERP142629	PRJEB57633	Escherichia coli		OXFORD_NANOPORE	GridION	127822837.0	17367.0	WGS	GENOMIC	SINGLE	Raw reads: ONT_30859_5#25
SRR21696638	SRX17694145	SRS14987400	SRP354045	PRJNA747871	Streptomyces sp. NBC_01601	NBC_01601	OXFORD_NANOPORE	MinION	554278123.0	37483.0	WGS	GENOMIC	SINGLE	nanopore sequencing data from strain NBC_01601
SRR7967871	SRX4801371	SRS3880422	SRP163540	PRJNA431102	Borreliella burgdorferi	Am388	PACBIO_SMRT	PacBio RS II	2677777560.0	163482.0	WGS	GENOMIC	SINGLE	Borrelia burgdorferi strain Am388
SRR12266916	SRX8772011	SRS850257	SRP051988	PRJNA271006	Enterobacter hormaechei subsp. steigerwaltii	CIDEIMsCOL13	OXFORD_NANOPORE	MinION	40390439.0	5417.0	WGS	GENOMIC	SINGLE	
SRR364912	SRX032455	SRS140104	SRP004712	PRJNA61297	Vibrio cholerae O1		PACBIO_SMRT	PacBio RS	98151668.0	60667.0	WGS	GENOMIC	SINGLE	Sequencing for C6 (Peru, 1991)
SRR7818323	SRX4669670	SRS1256933	SRP068738	PRJNA292900	Klebsiella pneumoniae		PACBIO_SMRT	PacBio RS II	1914017414.0	163482.0	WGS	GENOMIC	SINGLE	PacBio SMRT Sequencing of Klebsiella pneumoniae FDA-CDC-AR_0097 Genomic Library
SRR9722544	SRX6480224	SRS5130330	SRP215816	PRJNA470993	Staphylococcus aureus	ER03321.3	PACBIO_SMRT	PacBio RS II	987981646.0	148150.0	WGS	GENOMIC	SINGLE	WGS of Staphylococcus aureus
SRR30504526	SRX25928314	SRS22515691	SRP529914	PRJNA1155174	Streptomyces sennicomposti	C-18	OXFORD_NANOPORE	GridION	319895974.0	47706.0	WGS	GENOMIC	SINGLE	Genome sequencing of Streptomyces sennicomposti C-18
DRR129261	DRX122001	DRS061392	DRP004166	PRJDB6447	Pseudomonas fulva	KUN1351	OXFORD_NANOPORE	MinION	100043252.0	13966.0	WGS	GENOMIC	SINGLE	MinION sequencing of SAMD00097892
SRR9722809	SRX6480400	SRS5130464	SRP215816	PRJNA470993	Staphylococcus aureus	pt159	PACBIO_SMRT	PacBio RS II	1682532650.0	210895.0	WGS	GENOMIC	SINGLE	WGS of Staphylococcus aureus
SRR13708348	SRX10097327	SRS8254655	SRP306354	PRJNA701733	Klebsiella pneumoniae	P-160405-2	PACBIO_SMRT	Sequel	887708586.0	169117.0	WGS	GENOMIC	SINGLE	PacBio WGS of blaOXA-48 harboring Klebsiella pneumoniae from  feces
SRR21629970	SRX17630726	SRS14986980	SRP354045	PRJNA747871	Streptomyces sp. NBC_00341	NBC_00341	OXFORD_NANOPORE	MinION	1537732989.0	87327.0	WGS	GENOMIC	SINGLE	nanopore sequencing data from strain NBC_00341
SRR11587611	SRX8155164	SRS6517453	SRP257867	PRJNA626599	Parabacteroides distasonis	CBBP-1	PACBIO_SMRT	PacBio RS II	2030464552.0	163482.0	WGS	GENOMIC	SINGLE	SMRTPdiBP9_50
SRR34573111	SRX29714846	SRS25823728	SRP601637	PRJNA1292907	Mycobacterium tuberculosis	not applicable	OXFORD_NANOPORE	MinION	204921116.0	302926.0	WGS	GENOMIC	SINGLE	Whole genome sequencing
SRR35504440	SRX30580386	SRS26609563	SRP616549	PRJNA1314197	Mycobacterium tuberculosis	not applicable	OXFORD_NANOPORE	GridION	1042030048.0	253795.0	WGS	GENOMIC	SINGLE	WGS of M. tb from culture, Phenol-Ligation prep, Sample BC18
SRR12739078	SRX9211947	SRS7446074	SRP285751	PRJNA664868	Treponema pedis	KS1	PACBIO_SMRT	PacBio RS II	557146638.0	66265.0	WGS	GENOMIC	SINGLE	T. pedis Korean strain Pacbio subread 1
SRR22890837	SRX18848661	SRS16280029	SRP414793	PRJNA871981	plant metagenome		PACBIO_SMRT	Sequel	21626946.0	14197.0	WGS	GENOMIC	SINGLE	Microbial diversity of alfalfa
SRR33404830	SRX28646104	SRS24916726	SRP582691	PRJNA1256904	Pseudomonas aeruginosa	missing	OXFORD_NANOPORE	MinION	4500624568.0	617792.0	WGS	GENOMIC	SINGLE	NGS of Pseudomonas isolate
SRR25661080	SRX21386930	SRS18627502	SRP455508	PRJNA951682	Streptomyces sp. B21-104	B21-104	PACBIO_SMRT	Sequel II	5026863764.0	1470032.0	WGS	GENOMIC	SINGLE	B21-104 PacBio sequencing reads
SRR16563839	SRX12765871	SRS10712865	SRP343032	PRJNA772095	Propionibacterium freudenreichii	TL110	PACBIO_SMRT	PacBio RS II	3450310384.0	163482.0	WGS	GENOMIC	SINGLE	SMRT_TL110_BP9_50
SRR287734	SRX078302	SRS212388	SRP007207	PRJNA68253	Escherichia coli		PACBIO_SMRT	PacBio RS	174958707.0	81741.0	WGS	GENOMIC	SINGLE	Whole Genome Sequencing for C754-09
ERR4910143	ERX4776967	ERS4556738	ERP121699	PRJEB38289	Klebsiella pneumoniae		PACBIO_SMRT	PacBio RS			WGS	GENOMIC	SINGLE	PacBio RS sequencing
ERR15660894	ERX15065672	ERS26934191	ERP179947	PRJEB97396	Mycobacterium tuberculosis		OXFORD_NANOPORE	MinION			WGS	GENOMIC	SINGLE	MinION sequencing
ERR2171937	ERX2228380	ERS1859695	ERP005928	PRJEB6403	Proteus mirabilis	NCTC12441	PACBIO_SMRT	PacBio RS	2052637120.0	163482.0	WGS	GENOMIC	SINGLE	PacBio RS sequencing
SRR12298864	SRX8802031	SRS6792612	SRP266402	PRJNA605147	Citrobacter freundii	RHBSTW-00344	PACBIO_SMRT	PacBio RS II	1233618395.0	150510.0	WGS	GENOMIC	SINGLE	PACBIO_SMRT sequencing of Citrobacter freundii isolate WTP2|T1-00344 cultured from WTP upstream sample
ERR10498647	ERX10015936	ERS14256142	ERP142629	PRJEB57633	Escherichia coli		OXFORD_NANOPORE	GridION	106305117.0	17394.0	WGS	GENOMIC	SINGLE	Raw reads: ONT_30602_1#179
SRR32194462	SRX27535920	SRS23952415	SRP560996	PRJNA1218017	Bacteroides thetaiotaomicron	vpi-5482	OXFORD_NANOPORE	MinION	67037265.0	14078.0	WGS	GENOMIC	SINGLE	WGS of Bacteroides thetatiotaomicron grown on different carbon sources
SRR8180801	SRX5000872	SRS4035606	SRP040661	PRJNA231221	Acinetobacter sp. FDAARGOS_541	FDAARGOS_541	PACBIO_SMRT	PacBio RS	2200419677.0	163482.0	WGS	GENOMIC	SINGLE	
SRR35737813	SRX30787102	SRS26801288	SRP630567	PRJNA1337272	Salmonella enterica subsp. enterica serovar Ohio	not applicable	OXFORD_NANOPORE	GridION	119453125.0	48000.0	WGS	GENOMIC	SINGLE	Nanopore whole genome sequencing of Salmonella enterica subspecies enterica isolate 1839416-4
SRR10519643	SRX7204487	SRS5709274	SRP231800	PRJNA335152	Clostridium tetanomorphum	DJ062	PACBIO_SMRT	PacBio RS II	857633447.0	254530.0	WGS	GENOMIC	SINGLE	Clostridium tetanomorphum 62
SRR36388055	SRX31416404	SRS27399757	SRP653897	PRJNA1378463	Klebsiella pneumoniae	#1066	OXFORD_NANOPORE	MinION	172911735.0	37930.0	WGS	GENOMIC	SINGLE	WGS of Klebsiella pneumoniae ST307 and ST5994: clinical isolates from Cantabria (Spain)
SRR498120	SRX148635	SRS281883	SRP013241	PRJNA73829	Vibrio cholerae		PACBIO_SMRT	PacBio RS	783104.0	2121.0	WGS	GENOMIC	SINGLE	Whole Genome Sequencing for N5 (strobe)
SRR16525350	SRX12728135	SRS10336657	SRP357537	PRJNA801416	Klebsiella quasipneumoniae	E838	OXFORD_NANOPORE	GridION	2929397000.0	444128.0	WGS	GENOMIC	SINGLE	Extensive diversification and dissemination of blaNDM carbapenemase plasmids in Enterobacterales in Singapore 2010-2015
SRR21416101	SRX17420387	SRS12115378	SRP361569	PRJNA768416	Solibacillus sp. FSL W7-1472		OXFORD_NANOPORE	MinION	371576752.0	52106.0	WGS	GENOMIC	SINGLE	WGS of Bacilli
SRR15342209	SRX11646424	SRS9679570	SRP331089	PRJNA561159	Agrobacterium tumefaciens	Tul001	OXFORD_NANOPORE	GridION	705081671.0	55367.0	WGS	GENOMIC	SINGLE	Nanopore reads of A. tumefaciens
SRR12873110	SRX9339221	SRS7559113	SRP288030	PRJNA669190	Prochlorococcus marinus str. NATL2A	NATL2A	PACBIO_SMRT	Sequel	125983704.0	140120.0	WGS	GENOMIC	SINGLE	Parent Prochlorococcus NATL2A  transfer 0 replicate 1, PacBio WGS
SRR1697351	SRX796422	SRS779814	SRP050566	PRJNA263119	Geobacter pickeringii	G13	PACBIO_SMRT	PacBio RS	393388161.0	163482.0	WGS	GENOMIC	SINGLE	Geobacter pickeringii G13 base modification detection and motif analysis
SRR787472	SRX252682	SRS401431	SRP019218	PRJNA188139	Vibrio cholerae	2011EL-2320	PACBIO_SMRT	PacBio RS	307358099.0	81741.0	WGS	GENOMIC	SINGLE	2011EL-2320
SRR15069643	SRX11379708	SRS9424800	SRP327495	PRJNA744857	Klebsiella pneumoniae	ST307	OXFORD_NANOPORE	MinION	1327167551.0	276484.0	WGS	GENOMIC	SINGLE	Klebsiella pneumoniae: MC-2-230
ERR15602730	ERX15005954	ERS26882998	ERP180185	PRJEB97707	Escherichia coli		OXFORD_NANOPORE	MinION	613811938.0	76698.0	WGS	GENOMIC	SINGLE	MinION sequencing
DRR530985	DRX514858	DRS343978	DRP010837	PRJDB16993	Pseudomonas aeruginosa	JBBCAEG-19-0032	OXFORD_NANOPORE	GridION	1265999385.0	109785.0	WGS	GENOMIC	SINGLE	GridION sequencing of SAMD00658345
SRR31541039	SRX26907885	SRS23387344	SRP548173	PRJNA1190675	Escherichia coli	The same strain as the one under SRA accession SRR7850093	OXFORD_NANOPORE	MinION	818362639.0	196216.0	WGS	GENOMIC	SINGLE	ONT of TAS143
SRR13576842	SRX9974965	SRS8147110	SRP303790	PRJNA685966	Staphylococcus pseudintermedius	DHSP044	OXFORD_NANOPORE	MinION	383385674.0	197446.0	WGS	GENOMIC	SINGLE	Long-read genomic sequencing of Staphylococcus pseudintermedius from canine skin
SRR31598768	SRX26963718	SRS23433430	SRP549287	PRJNA1185485	Escherichia coli	491	OXFORD_NANOPORE	PromethION	608271805.0	108071.0	WGS	GENOMIC	SINGLE	R4R-barcode40
SRR31375122	SRX26748695	SRS23237326	SRP545813	PRJNA1185690	Pseudomonas syringae	GBBC 3539	OXFORD_NANOPORE	MinION	41462443.0	8735.0	WGS	GENOMIC	SINGLE	Nanopore WGS sequencing of Pseudomonas spp. Strains
SRR28434632	SRX24038605	SRS20831698	SRP497546	PRJNA1091452	Listeria monocytogenes	L-13	OXFORD_NANOPORE	MinION	363928939.0	75692.0	WGS	GENOMIC	SINGLE	ONT performance study sequencing of L. monocytogenes
SRR6742499	SRX3715410	SRS2909572	SRP132104	PRJNA432572	Nocardia cyriacigeorgica	MDA3349	PACBIO_SMRT	PacBio RS II	2733520582.0	303422.0	WGS	GENOMIC	SINGLE	MDA3349 TMP-SMX susceptible ancestor-PacBio
SRR11867859	SRX8418129	SRS6729757	SRP265117	PRJNA635644	Escherichia coli	Onovel32/O9:H9/H36/H55/H17	OXFORD_NANOPORE	MinION	238592109.0	47703.0	WGS	GENOMIC	SINGLE	Nanopore WGS of Malawi ExPEC 45
ERR10499631	ERX10016913	ERS14256809			Escherichia coli		OXFORD_NANOPORE	GridION	583734350.0	55580.0	WGS	GENOMIC	SINGLE	GridION sequencing; Raw reads: ONT_30348_2#374
SRR13680669	SRX10070039	SRS8231701	SRP303037	PRJNA694442	Salmonella enterica		OXFORD_NANOPORE	GridION	3164392514.0	360339.0	WGS	GENOMIC	SINGLE	Multiplex WGS of Salmonella enterica
SRR22784762	SRX18744682	SRS16179793	SRP413484	PRJNA912639	Escherichia coli	EC_B1_9619_C6_H_CuP_CeP	OXFORD_NANOPORE	MinION	806841763.0	134151.0	WGS	GENOMIC	SINGLE	WGS of Escherichia coli
SRR36068117	SRX31114333	SRS27072671	SRP644837	PRJNA1364846	Escherichia coli	GPT22-004	OXFORD_NANOPORE	GridION	354160684.0	111673.0	WGS	GENOMIC	SINGLE	Escherchia coli, DBT kit, 24-plex and 50 ng DNA, replicate 4
SRR22550187	SRX18513726	SRS15982764	SRP309589	PRJNA707214	Escherichia coli		OXFORD_NANOPORE	GridION	1095160857.0	144315.0	WGS	GENOMIC	SINGLE	WGS of E.coli from pig farm
ERR15384589	ERX14788303	ERS25418446	ERP172131	PRJEB89084	Mycobacterium tuberculosis		OXFORD_NANOPORE	MinION			WGS	GENOMIC	SINGLE	MinION sequencing
SRR10918444	SRX7585693	SRS4498647	SRP051949	PRJNA271899	Escherichia coli	OC-CRE-9070	OXFORD_NANOPORE	GridION	926333775.0	203677.0	WGS	GENOMIC	SINGLE	Sequencing of Carbapenem resistant bacteria
SRR19820704	SRX15864217	SRS13525973	SRP361569	PRJNA768416	Caldifermentibacillus hisashii	FSL W8-0751	OXFORD_NANOPORE	MinION	494792135.0	133114.0	WGS	GENOMIC	SINGLE	WGS of Bacilli
SRR36180787	SRX31218338	SRS27199104	SRP648553	PRJNA1369135	Ligilactobacillus salivarius	DACN818	PACBIO_SMRT	Sequel II	220175011.0	23460.0	WGS	GENOMIC	SINGLE	Long-read genomic sequencing of Ligilactobacillus salivarius DACN818 for assembly
SRR500891	SRX149606	SRS281883	SRP013241	PRJNA73829	Vibrio cholerae		PACBIO_SMRT	PacBio RS	205141276.0	81741.0	WGS	GENOMIC	SINGLE	Whole Genome Sequencing of N5 (C2 Long subread)
SRR5839526	SRX3015448	SRS1324876	SRP050002	PRJNA266616	Bordetella pertussis		PACBIO_SMRT	PacBio RS II	1835611074.0	163482.0	WGS	GENOMIC	SINGLE	
ERR13326603	ERX12697631	ERS20295527	ERP161282	PRJEB76791	Salmonella enterica subsp. enterica serovar Agona		OXFORD_NANOPORE	MinION	334119359.0	116409.0	WGS	GENOMIC	SINGLE	MinION sequencing
ERR12767406	ERX12140560	ERS18536063	ERP158744	PRJEB74044	Escherichia coli	PBIO4589	OXFORD_NANOPORE	MinION	1528276022.0	150977.0	WGS	GENOMIC	SINGLE	MinION sequencing
SRR24062791	SRX19864084	SRS17220106	SRP430807	PRJNA952137	Staphylococcus aureus	GE-MSSA30	OXFORD_NANOPORE	MinION	93155156.0	19778.0	WGS	GENOMIC	SINGLE	Long read Illumina sequencing of Staphylococcus aureus GE-MSSA30
SRR34728991	SRX29863365	SRS25966282	SRP603830	PRJNA1297335	Peribacillus frigoritolerans	SC06	OXFORD_NANOPORE	GridION	884524295.0	741639.0	WGS	GENOMIC	SINGLE	ONP sequencing of phyllosphere bacteria
ERR2237787	ERX2289954	ERS1826237	ERP005928	PRJEB6403	Weeksella virosa	NCTC11635	PACBIO_SMRT	PacBio RS	643266201.0	163482.0	WGS	GENOMIC	SINGLE	PacBio RS sequencing
DRR612648	DRX593194	DRS422349	DRP012174	PRJDB19061	Staphylococcus pseudintermedius	JARB-OU3222	OXFORD_NANOPORE	GridION	746725123.0	114144.0	WGS	GENOMIC	SINGLE	GridION sequencing of SAMD00828286
SRR34973897	SRX30092946	SRS26157874	SRP608514	PRJNA1305037	Raoultella ornithinolytica	MI_KPC_692	OXFORD_NANOPORE	PromethION	470246925.0	112701.0	WGS	GENOMIC	SINGLE	KPC CRE collection from state of Michigan
SRR21416014	SRX17420474	SRS13526124	SRP361569	PRJNA768416	Paenibacillus sp. FSL H7-0737		OXFORD_NANOPORE	MinION	565292079.0	158587.0	WGS	GENOMIC	SINGLE	WGS of Bacilli
SRR27145255	SRX22826963	SRS19807649	SRP472108	PRJNA1018939	Mycoplasmopsis cynos	87299	OXFORD_NANOPORE	MinION	63748645.0	76801.0	WGS	GENOMIC	SINGLE	Nanopore WGS of Mycoplasma cynos
SRR11079973	SRX7719028	SRS6141334	SRP249291	PRJNA580823	Paraburkholderia bryophila	H2C3B	PACBIO_SMRT	PacBio RS II	2412705265.0	458680.0	WGS	GENOMIC	SINGLE	Paraburkholderia bryophilia H2C3B
DRR723739	DRX703760	DRS495820	DRP013760	PRJDB20694	Asaia astilbis	JCM 15831	OXFORD_NANOPORE	MinION	294313770.0	91178.0	WGS	GENOMIC	SINGLE	MinION sequencing of SAMD01611595
SRR24139826	SRX19938579	SRS17287288	SRP247747	PRJNA604975	Escherichia coli	ox_bsi_264	OXFORD_NANOPORE	GridION	84001802.0	73849.0	WGS	GENOMIC	SINGLE	oxford_bsi
SRR6824033	SRX3780527	SRS3034101	SRP134775	PRJNA402421	Flavobacterium sp. 2	2	PACBIO_SMRT	PacBio RS II	89394713.0	49758.0	WGS	GENOMIC	SINGLE	Flavobacterium sp. 2
SRR12280364	SRX8784351	SRS7053095	SRP272861	PRJNA646575	Phocaeicola vulgatus		OXFORD_NANOPORE	GridION	3333172659.0	443701.0	WGS	GENOMIC	SINGLE	WGS  of Bacteroides fragilis group clinical isolates
SRR29316938	SRX24833672	SRS21545503	SRP512379	PRJNA1121190	Vibrio cholerae	125Vc04	OXFORD_NANOPORE	PromethION	482946680.0	79033.0	WGS	GENOMIC	SINGLE	WGS of Vcholerae isolates
SRR7692510	SRX4551913	SRS3669008	SRP157923	PRJNA282520	Haemophilus influenzae	P679-2791	PACBIO_SMRT	PacBio RS II	336137664.0	64224.0	WGS	GENOMIC	SINGLE	WGS of Haemophilus influenzae: COPD sputum isolate
SRR32410591	SRX27740965	SRS24128760	SRP565160	PRJNA1225906	Neisseria meningitidis		OXFORD_NANOPORE	GridION	807673346.0	207762.0	WGS	GENOMIC	SINGLE	WGS of Neisseria meningitids isolate
SRR21415721	SRX17420159	SRS13525969	SRP361569	PRJNA768416	Bacillus sp. FSL W8-0629	FSL W8-0629	OXFORD_NANOPORE	MinION	336885037.0	81938.0	WGS	GENOMIC	SINGLE	WGS of Bacilli
ERR16064462	ERX15454644	ERS28397597	ERP173262	PRJEB90249	Enterococcus faecium		OXFORD_NANOPORE	GridION	842032085.0	270312.0	WGS	GENOMIC	SINGLE	GridION sequencing
ERR10420112	ERX9948585	ERS7159946	ERP109413	PRJEB27342	Klebsiella pneumoniae		PACBIO_SMRT	Sequel II	7818683662.0	1192216.0	WGS	GENOMIC	SINGLE	Sequel II sequencing
SRR13670061	SRX10060783	SRS8223017	SRP305539	PRJNA602417	Corynebacterium macginleyi	160811	OXFORD_NANOPORE	MinION	707667242.0	375442.0	WGS	GENOMIC	SINGLE	160811
ERR12723511	ERX12098052	ERS18396837	ERP158240	PRJEB73472	Escherichia coli	DSM 103246	PACBIO_SMRT	Sequel IIe	870887220.0	151856.0	WGS	GENOMIC	SINGLE	Sequel IIe sequencing
SRR9001304	SRX5780078	SRS3932945	SRP165734	PRJNA496461	Klebsiella pneumoniae	KLPN_37	OXFORD_NANOPORE	MinION			WGS	GENOMIC	SINGLE	nanopore seq of klebsiella pneumoniae
SRR5145045	SRX2463442	SRS1453008	SRP075474	PRJNA289138	Burkholderia cenocepacia	VC1255	PACBIO_SMRT	PacBio RS II	575011061.0	172244.0	WGS	GENOMIC	SINGLE	WGS of Burkholderia cenocepacia: Bcc174
SRR35785798	SRX30835041	SRS26843686	SRP632095	PRJNA1345082	Escherichia coli	13-2015-C34	OXFORD_NANOPORE	PromethION	53984905.0	16354.0	WGS	GENOMIC	SINGLE	WGS of persistently-infected Escherichia coli strain restreaks
SRR11867868	SRX8418120	SRS6729748	SRP265117	PRJNA635644	Escherichia coli	O100:H12/H55/H17	OXFORD_NANOPORE	MinION	108814132.0	21843.0	WGS	GENOMIC	SINGLE	Nanopore WGS of Malawi ExPEC 37
SRR27352605	SRX23029163	SRS19991046	SRP480168	PRJNA1057299	Clostridioides difficile	cd220510_barcode08	OXFORD_NANOPORE	MinION	25009499.0	53980.0	WGS	GENOMIC	SINGLE	Clostridioides difficile strain cd220510_barcode08
SRR31598723	SRX26963763	SRS23433475	SRP549287	PRJNA1185485	Escherichia coli	639	OXFORD_NANOPORE	PromethION	489928054.0	97612.0	WGS	GENOMIC	SINGLE	RMB-NoR-barcode48
SRR11096312	SRX7735081	SRS6155096	SRP249719	PRJNA557486	Acinetobacter baumannii	18WIARLN0022	OXFORD_NANOPORE	MinION	393922479.0	149857.0	WGS	GENOMIC	SINGLE	WGS sequencing of Acinetobacter baumannii
SRR28434489	SRX24038762	SRS20831716	SRP497546	PRJNA1091452	Staphylococcus aureus	SA73-PS	OXFORD_NANOPORE	MinION	240409328.0	60000.0	WGS	GENOMIC	SINGLE	ONT performance study sequencing of S. aureus
SRR3114710	SRX1542683	SRS1259201	SRP068814	PRJNA308559	Aerococcus viridans	CCUG4311	PACBIO_SMRT	PacBio RS II	1069278696.0	119417.0	WGS	GENOMIC	SINGLE	PacBio DNA-seq of Aerococcus viridans: CCUG 4311T
SRR36640883	SRX31652874	SRS27626807	SRP659015	PRJNA1383263	Escherichia coli	N62	PACBIO_SMRT	Sequel II	193577152.0	22725.0	WGS	GENOMIC	SINGLE	WGS of NMEC
SRR2819636	SRX1384603	SRS1134911	SRP040661	PRJNA231221	Staphylococcus haemolyticus	FDAARGOS_130	PACBIO_SMRT	PacBio RS	843704538.0	163482.0	WGS	GENOMIC	SINGLE	
SRR10088095	SRX6820848	SRS5363440	SRP221077	PRJNA546943	Nocardioides soli	DSM 105498	PACBIO_SMRT	Sequel	1030774844.0	281356.0	WGS	GENOMIC	SINGLE	Nocardioides soli DSM 105498
SRR5427947	SRX2717971	SRS2108670	SRP040661	PRJNA231221	Hafnia alvei	FDAARGOS_350	PACBIO_SMRT	PacBio RS	2290733812.0	163482.0	WGS	GENOMIC	SINGLE	
SRR305946	SRX081567	SRS212041	SRP007207	PRJNA68253	Escherichia coli		PACBIO_SMRT	PacBio RS	127572074.0	81741.0	WGS	GENOMIC	SINGLE	Whole Genome Sequencing of E. coli isolate C227-11 (CCS)
SRR22905566	SRX18863061	SRS16293131	SRP415012	PRJNA889236	Homoserinibacter sp. YIM 151385	YIM 151385	PACBIO_SMRT	PacBio RS II	314192385.0	1973827.0	WGS	GENOMIC	PAIRED	RNA-Seq of Homoserinibacter sp.YIM 151385
SRR15540417	SRX11838511	SRS9849698	SRP333488	PRJNA336330	Escherichia coli	472	PACBIO_SMRT	PacBio RS II	338096136.0	163482.0	WGS	GENOMIC	SINGLE	Genome sequencing of E. coli O157:H7 from Scotland PacBio reads
SRR15006049	SRX11318221	SRS9347987	SRP326328	PRJNA637792	Borrelia turicatae 91E135	91E135	OXFORD_NANOPORE	MinION	204296060.0	16933.0	WGS	GENOMIC	SINGLE	ONT WGS of Borrelia turicatae 91E135
SRR2976670	SRX1466034	SRS1195325	SRP067053	PRJNA305223	Bacillus subtilis subsp. subtilis	BSD-2	PACBIO_SMRT	PacBio RS II	2229352794.0	163482.0	WGS	GENOMIC	SINGLE	Complete genome sequence of Bacillus subtilis BSD-2
SRR25890191	SRX21610648	SRS18783878	SRP458186	PRJNA1012291	Enterococcus	Enterococcus faecium	OXFORD_NANOPORE	MinION	1877547666.0	819239.0	WGS	GENOMIC	SINGLE	Nanopore sequencing data of VRE
SRR31486895	SRX26855056	SRS12168437	SRP074197	PRJNA288601	Klebsiella pneumoniae	2021HL-01048	OXFORD_NANOPORE	MinION	1040276932.0	116039.0	WGS	GENOMIC	SINGLE	Long read sequencing of carbapenemase producing organisms
SRR30896221	SRX26299800	SRS22828522	SRP536878	PRJNA1134622	Escherichia coli	OXEC-175	OXFORD_NANOPORE	MinION	411833485.0	135895.0	WGS	GENOMIC	SINGLE	OXEC-175
SRR21630431	SRX17630968	SRS14987017	SRP354045	PRJNA747871	Streptomyces sp. NBC_00546	NBC_00546	OXFORD_NANOPORE	MinION	300780810.0	63216.0	WGS	GENOMIC	SINGLE	nanopore sequencing data from strain NBC_00546
ERR1447946	ERX1518424	ERS433510	ERP003278	PRJEB4024	Neisseria gonorrhoeae	WHO O	PACBIO_SMRT	PacBio RS	622939569.0	163482.0	WGS	GENOMIC	SINGLE	PacBio RS sequencing
SRR8549885	SRX5351816	SRS4343036	SRP184611	PRJNA378141	Shewanella khirikhana	TH2012	PACBIO_SMRT	PacBio RS II	1254810680.0	157566.0	WGS	GENOMIC	SINGLE	WGS of TH2012 isolate
SRR18972797	SRX15048708	SRS12794661	SRP372864	PRJNA833428	Xylella fastidiosa	Conn_Creek	PACBIO_SMRT	PacBio RS II	3858987269.0	1118596.0	WGS	GENOMIC	SINGLE	Whole genome sequencing of Xylella fastidiosa
ERR1223210	ERX1295423	ERS921407	ERP005928	PRJEB6403	Enterococcus hirae	NCTC7170	PACBIO_SMRT	PacBio RS	1427778367.0	163482.0	WGS	GENOMIC	SINGLE	PacBio RS sequencing
ERR581171	ERX539258	ERS462981	ERP005928	PRJEB6403	Moellerella wisconsensis	NCTC12132	PACBIO_SMRT	PacBio RS	613264014.0	163482.0	WGS	GENOMIC	SINGLE	PacBio RS sequencing
SRR3999998	SRX2000373	SRS1601086	SRP080930	PRJNA336464	Limosilactobacillus fermentum	NCC2970	PACBIO_SMRT	PacBio RS II	1353621275.0	177226.0	WGS	GENOMIC	SINGLE	Whole genome of prokaryote: Lactobacillus fermentum NCC2970
SRR516897	SRX148633	SRS281882	SRP013241	PRJNA73829	Vibrio cholerae		PACBIO_SMRT	PacBio RS	102888695.0	60667.0	WGS	GENOMIC	SINGLE	Whole Genome Sequencing of Haitian Vibrio cholerae: Continuous Long Read (CLR) data
ERR3861201	ERX3873274	ERS4280343	ERP119734	PRJEB36532	Vibrio splendidus		OXFORD_NANOPORE	MinION			WGS	GENOMIC	SINGLE	MinION sequencing
SRR16893507	SRX13086184	SRS7912861	SRP298946	PRJNA687213	Alysiella filiformis	DSM 16848	OXFORD_NANOPORE	MinION	273018166.0	63166.0	WGS	GENOMIC	SINGLE	Nanopore sequencing of Alysiella filiformis DSM 16848 PYL0
ERR1802413	ERX1866144	ERS1295754	ERP005928	PRJEB6403	Shinella zoogloeoides	NCTC10482	PACBIO_SMRT	PacBio RS	103395164.0	163482.0	WGS	GENOMIC	SINGLE	PacBio RS sequencing
SRR35115808	SRX30224663	SRS26278739	SRP612217	PRJNA1307276	Escherichia coli	ESBLEC_MG32	OXFORD_NANOPORE	MinION	672720175.0	124063.0	WGS	GENOMIC	SINGLE	Nanopore DNA-Seq of ESBL-producing E.coli (ESBLEC) MG32
SRR18191587	SRX14338163	SRS12152198	SRP362168	PRJNA808207	Escherichia coli	97HMPL652	OXFORD_NANOPORE	MinION	877947399.0	91138.0	WGS	GENOMIC	SINGLE	MinION whole genome sequencing of STEC from ruminants
ERR15682218	ERX15086645	ERS26973185	ERP171481	PRJEB88388	Pseudomonas veronii	R-91697	OXFORD_NANOPORE	MinION	964257379.0	444580.0	WGS	GENOMIC	SINGLE	Raw reads: Pseudomonas veronii R-91697
SRR24891656	SRX20653953	SRS17951578	SRP442710	PRJNA976377	Arthrobacter silviterrae	DSM 27180	PACBIO_SMRT	Sequel II	13125636017.0	1594148.0	WGS	GENOMIC	SINGLE	Arthrobacter silviterrae DSM 27180
SRR29782110	SRX25281982	SRS21963802	SRP519339	PRJNA1004202	Streptomyces sp. RLA041A	RLA041A	OXFORD_NANOPORE	MinION	448353175.0	138686.0	WGS	GENOMIC	SINGLE	Genome sequencing of RLA041A [RHK-2044]
ERR663932	ERX620208	ERS500987	ERP005928	PRJEB6403	Salmonella enterica subsp. arizonae	NCTC7323	PACBIO_SMRT	PacBio RS	1353451938.0	163482.0	WGS	GENOMIC	SINGLE	PacBio RS sequencing
ERR15941440	ERX15336985	ERS27416756	ERP185476	PRJEB104171	Escherichia coli		OXFORD_NANOPORE	MinION	257542872.0	62284.0	WGS	GENOMIC	SINGLE	MinION sequencing
SRR10257927	SRX6975798	SRS5501105	SRP224882	PRJNA483500	Escherichia coli O145	RM9467-C1	PACBIO_SMRT	PacBio RS II	1025626569.0	163482.0	WGS	GENOMIC	SINGLE	Complete genome sequence of a Shiga toxin-producing Escherichia coli environmental isolate
ERR10420123	ERX9948596	ERS7159968	ERP109413	PRJEB27342	Klebsiella pneumoniae		PACBIO_SMRT	Sequel II	3952730089.0	570480.0	WGS	GENOMIC	SINGLE	Sequel II sequencing
ERR849510	ERX930421	ERS572888	ERP008529	PRJEB7608	Campylobacter jejuni		PACBIO_SMRT	PacBio RS	1819069788.0	163482.0	WGS	GENOMIC	SINGLE	PacBio RS sequencing
SRR28397086	SRX24001886	SRS20798345	SRP496648	PRJNA1090052	Escherichia coli		OXFORD_NANOPORE	MinION	255256402.0	39040.0	WGS	GENOMIC	SINGLE	WGS of Escherichia coli
SRR16525615	SRX12728384	SRS10336903	SRP357534	PRJNA801415	Escherichia coli	162	OXFORD_NANOPORE	GridION	1504791280.0	264128.0	WGS	GENOMIC	SINGLE	Extensive diversification and dissemination of blaNDM carbapenemase plasmids in Enterobacterales in Singapore 2010-2015
SRR9953605	SRX6701969	SRS5256906	SRP218054	PRJNA557687	Escherichia coli	RM9088	PACBIO_SMRT	PacBio RS II	2459033739.0	163482.0	WGS	GENOMIC	SINGLE	Complete genome sequences of Shiga toxin-producing Escherichia coli that were isolated from birds
ERR657670	ERX613993	ERS485859	ERP005928	PRJEB6403	Salmonella enterica subsp. diarizonae	NCTC12417	PACBIO_SMRT	PacBio RS	1122791850.0	163482.0	WGS	GENOMIC	SINGLE	PacBio RS sequencing
SRR36035059	SRX31084187	SRS27072668	SRP644837	PRJNA1364846	Campylobacter coli	GPT20-006	OXFORD_NANOPORE	GridION	142858777.0	43777.0	WGS	GENOMIC	SINGLE	Campylobacter coli, DBT kit, 12-plex and 100 ng DNA, replicate 3
SRR386557	SRX109955	SRS212340	SRP007237	PRJNA39375	Eubacterium sp. 3_1_31	3_1_31	PACBIO_SMRT	PacBio RS	85368997.0	81741.0	WGS	GENOMIC	SINGLE	Whole Genome Sequencing and Assembly
DRR707965	DRX687986	DRS603313	DRP016123	PRJDB35593	Bordetella pertussis	2412-013	OXFORD_NANOPORE	MinION	570544045.0	152563.0	WGS	GENOMIC	SINGLE	MinION sequencing of SAMD01593373
ERR13600423	ERX12971446	ERS6631096	ERP109316	PRJEB27256	Klebsiella pneumoniae		OXFORD_NANOPORE	GridION	882943376.0	74457.0	WGS	GENOMIC	SINGLE	GridION sequencing
ERR4656973	ERX4580675	ERS5115063	ERP122263	PRJEB38813	Xanthomonas hydrangeae	GBBC 2202	OXFORD_NANOPORE	MinION	166912245.0	52912.0	WGS	GENOMIC	SINGLE	MinION sequencing; MinION sequencing LMG 31887
SRR19768526	SRX15813178	SRS7902659	SRP040281	PRJNA230403	Salmonella enterica subsp. enterica serovar Hadar	2017AM-0493	OXFORD_NANOPORE	GridION	559488861.0	106669.0	WGS	GENOMIC	SINGLE	nanopore sequence of Salmonella enterica Hadar
SRR25466903	SRX21199517	SRS18458348	SRP452337	PRJNA1000618	Escherichia coli	Escherichia coli BL21(DE3)	OXFORD_NANOPORE	MinION	6380699.0	3999.0	WGS	GENOMIC	SINGLE	CASTVK transposition with different condition
SRR32653563	SRX27957842	SRS2461771	SRP569638	PRJNA1234602	Listeria monocytogenes	PNUSAL003272	OXFORD_NANOPORE	PromethION	580644669.0	68786.0	WGS	GENOMIC	SINGLE	ONT of clinical Listeria monocytogenes from NY state surveillance
SRR12056172	SRX8584563	SRS6876066	SRP268056	PRJNA459247	Clostridium beijerinckii	DJ215	PACBIO_SMRT	PacBio RS II	568342277.0	148966.0	WGS	GENOMIC	SINGLE	Clostridium beijerinckii DJ215
ERR9517021	ERX9058560	ERS2652266	ERP104475	PRJEB22771	Streptococcus pneumoniae		PACBIO_SMRT	Sequel II	410625876.0	61717.0	WGS	GENOMIC	SINGLE	Sequel II sequencing
SRR30602153	SRX26024784	SRS22596496	SRP497400	PRJNA1090919	Epilithonimonas sp.	UC225_85	OXFORD_NANOPORE	MinION	340163808.0	37888.0	WGS	GENOMIC	SINGLE	Whole_genome_85
SRR13219833	SRX9652579	SRS7851919	SRP297100	PRJNA682246	Escherichia coli	PN-013-E1-S04_E_coli_rose	OXFORD_NANOPORE	MinION	683060241.0	93986.0	WGS	GENOMIC	SINGLE	WGS of Escherichia coli
ERR13600791	ERX12971814	ERS5521002	ERP126193	PRJEB42350	Klebsiella pneumoniae		OXFORD_NANOPORE	GridION	218504792.0	12415.0	WGS	GENOMIC	SINGLE	GridION sequencing
SRR36797873	SRX31784475	SRS27747176	SRP661661	PRJNA1389824	Enterobacter ludwigii		OXFORD_NANOPORE	MinION	372550390.0	165656.0	WGS	GENOMIC	SINGLE	evolved microcosm clones
SRR34967458	SRX30086779	SRS26152587	SRP608514	PRJNA1305037	Escherichia coli	MI_KPC_101	OXFORD_NANOPORE	PromethION	500003798.0	29546.0	WGS	GENOMIC	SINGLE	KPC CRE collection from state of Michigan
SRR32204107	SRX27545704	SRS23960614	SRP561120	PRJNA1214876	Ekhidna algicida	To15	OXFORD_NANOPORE	MinION	32757835.0	4000.0	WGS	GENOMIC	SINGLE	Ekhidna algicida strain To15 genome
SRR31583357	SRX26948897	SRS23420360	SRP548954	PRJNA1193326	Campylobacter coli		OXFORD_NANOPORE	MinION	87747669.0	22231.0	WGS	GENOMIC	SINGLE	Long-read Nanopore-based WGS characterization of antimicrobial resistant Campylobacter jejuni and Campylobacter coli isolates from humans, animals and food products in Northern Spain within a One Health approach
SRR17772284	SRX13934425	SRS11758169	SRP356560	PRJNA800231	Escherichia coli	KGu020	OXFORD_NANOPORE	MinION	2337116974.0	377722.0	WGS	GENOMIC	SINGLE	MinION sequencing of Escherichia coli: KGu020
SRR32487602	SRX27800985	SRS24177439	SRP385391	PRJNA856406	Enterococcus faecalis	AUSMDU00079986	OXFORD_NANOPORE	GridION	2798594049.0	353766.0	WGS	GENOMIC	SINGLE	WGS of Enterococcus species from ONT reads
SRR6236062	SRX3344428	SRS2645245	SRP122969	PRJNA415421	Caulobacter sp. FWC2	FWC2	PACBIO_SMRT	PacBio RS II	1555801822.0	163482.0	WGS	GENOMIC	SINGLE	raw reads and motif_summary.csv for Caulobacter sp. FWC2
SRR30934784	SRX26337525	SRS22863377	SRP537571	PRJNA1168290	Paenibacillus sp. TAB_01	TAB_01	OXFORD_NANOPORE	MinION	1640561.0	190.0	WGS	GENOMIC	SINGLE	Paenibacillus sp. TAB 01 from cotton plant tissue
ERR14651442	ERX14052594	ERS23643234	ERP153004	PRJEB67993	Mycobacterium tuberculosis		OXFORD_NANOPORE	MinION			WGS	GENOMIC	SINGLE	MinION sequencing
SRR386271	SRX109860	SRS002764	SRP001666	PRJNA32461	Coprobacillus cateniformis	D6	PACBIO_SMRT	PacBio RS	61704804.0	81741.0	WGS	GENOMIC	SINGLE	Whole Genome Sequencing and Assembly
SRR24363277	SRX20151645	SRS17479800	SRP435321	PRJNA962160	Bradyrhizobium elkanii	K07G-Be	PACBIO_SMRT	PacBio RS II	667379423.0	57159.0	WGS	GENOMIC	SINGLE	DNA-seq of B elkanii K07G:bacteria
SRR9722547	SRX6480225	SRS5130331	SRP215816	PRJNA470993	Staphylococcus aureus	ER03364.3	PACBIO_SMRT	PacBio RS II	891039495.0	129806.0	WGS	GENOMIC	SINGLE	WGS of Staphylococcus aureus
ERR1193272	ERX1266656	ERS849597	ERP005928	PRJEB6403	Streptococcus pyogenes	NCTC12060	PACBIO_SMRT	PacBio RS	375354589.0	163482.0	WGS	GENOMIC	SINGLE	PacBio RS sequencing
SRR13668384	SRX10059865	SRS8141425	SRP303605	PRJNA473062	Staphylococcus saccharolyticus	DVP5-16-4677	OXFORD_NANOPORE	MinION	380352210.0	387050.0	WGS	GENOMIC	SINGLE	DVP5-16-4677
SRR29316596	SRX24833547	SRS21545378	SRP512379	PRJNA1121190	Vibrio cholerae	117Vc08	OXFORD_NANOPORE	PromethION	279305471.0	117190.0	WGS	GENOMIC	SINGLE	WGS of Vcholerae isolates
SRR13680702	SRX10070006	SRS8231708	SRP303037	PRJNA694442	Salmonella enterica		OXFORD_NANOPORE	GridION	878476786.0	84239.0	WGS	GENOMIC	SINGLE	Multiplex WGS of Salmonella enterica
SRR36722089	SRX31726404	SRS27695040	SRP660603	PRJNA1398820	Escherichia coli BL21(DE3)	BL21 (DE3)	OXFORD_NANOPORE	MinION	1182165615.0	278605.0	WGS	GENOMIC	SINGLE	Whole-genome sequencing of phage-resistant E. coli BL21(DE3)
ERR13600341	ERX12971364	SRS16422203	SRP416981	PRJNA922900	Klebsiella pneumoniae	Kpn290	OXFORD_NANOPORE	GridION	914532983.0	36061.0	WGS	GENOMIC	SINGLE	GridION sequencing
ERR10791244	ERX10240554	ERS2652550	ERP104475	PRJEB22771	Streptococcus pneumoniae		PACBIO_SMRT	Sequel II	1721178889.0	256106.0	WGS	GENOMIC	SINGLE	Sequel II sequencing
ERR15195726	ERX14601382	ERS25144167	ERP160948	PRJEB76420	Klebsiella oxytoca		OXFORD_NANOPORE	MinION			WGS	GENOMIC	SINGLE	MinION sequencing
DRR546108	DRX529886	DRS378604	DRP011555	PRJDB17546	Cutibacterium avidum	TP-CV2	PACBIO_SMRT	Sequel IIe	279115473.0	25595.0	WGS	GENOMIC	SINGLE	Sequel IIe sequencing of SAMD00769605
SRR12395152	SRX8893745	SRS7152767	SRP276100	PRJNA650381	Mycobacterium tuberculosis		OXFORD_NANOPORE	MinION	965417197.0	699471.0	WGS	GENOMIC	SINGLE	Nanopore TB WGS
SRR34920843	SRX30045880	SRS26114371	SRP607605	PRJNA1289394	Basfia succiniciproducens	JF4213	PACBIO_SMRT	Revio	904656098.0	89321.0	WGS	GENOMIC	SINGLE	Genome sequence of Basfia succiniciproducens  JF4213
SRR13386012	SRX9805417	SRS7989492	SRP300861	PRJNA663900	Enterococcus sp. DIV1096b	DIV1096b	OXFORD_NANOPORE	GridION	528673232.0	159891.0	WGS	GENOMIC	SINGLE	Zoo 3 Enterococcus Diversity Genome sequencing and assembly
SRR27467530	SRX23139100	SRS20090157	SRP482617	PRJNA942599	Staphylococcus pseudintermedius	Dog121	PACBIO_SMRT	Sequel II	1809575088.0	173258.0	WGS	GENOMIC	SINGLE	PacBio sequencing of canine Staphylococcaceae isolated from a Kenyan shelter in June 2076
SRR21696205	SRX17694061	SRS14987530	SRP354045	PRJNA747871	Streptomyces sp. NBC_01620	NBC_01620	OXFORD_NANOPORE	MinION	1897555958.0	225616.0	WGS	GENOMIC	SINGLE	nanopore sequencing data from strain NBC_01620
ERR2262559	ERX2314285	ERS1906622	ERP005928	PRJEB6403	Porphyromonas crevioricanis		PACBIO_SMRT	PacBio RS	2508230031.0	163482.0	WGS	GENOMIC	SINGLE	PacBio RS sequencing
SRR24140175	SRX19938902	SRS17287611	SRP247747	PRJNA604975	Escherichia coli	ox_bsi_436	OXFORD_NANOPORE	GridION	226289845.0	42104.0	WGS	GENOMIC	SINGLE	oxford_bsi
SRR386460	SRX109876	SRS212335	SRP007231	PRJNA49881	Scardovia wiggsiae F0424	F0424	PACBIO_SMRT	PacBio RS	66853504.0	81741.0	WGS	GENOMIC	SINGLE	Whole Genome Sequencing and Assembly
SRR17179730	SRX13363075	SRS11267949	SRP349956	PRJNA787449	Klebsiella pneumoniae	microbial	OXFORD_NANOPORE	MinION	1577968873.0	258194.0	WGS	GENOMIC	SINGLE	WGS MTB
SRR21029694	SRX17045825	SRS14629743	SRP391904	PRJNA869071	Escherichia coli	CAC139_1_201808	OXFORD_NANOPORE	MinION	834582945.0	211583.0	WGS	GENOMIC	SINGLE	long-read E. coli
SRR32204136	SRX27545675	SRS23960614	SRP561120	PRJNA1214876	Ekhidna algicida	To15	OXFORD_NANOPORE	MinION	32968415.0	4000.0	WGS	GENOMIC	SINGLE	Ekhidna algicida strain To15 genome
SRR15462586	SRX11717521	SRS1717838	SRP332089	PRJNA528413	Escherichia coli O157:H7	TX 265-1	PACBIO_SMRT	PacBio RS II	2670462802.0	163482.0	WGS	GENOMIC	SINGLE	Genome sequencing of E. coli O157:H7 and O55:H7 strains
SRR34799247	SRX29932242	SRS26030033	SRP255655	PRJNA622823	Porphyromonas endodontalis	ATCC 35406	PACBIO_SMRT	PacBio RS II	1608362896.0	163482.0	WGS	GENOMIC	SINGLE	PacBio Sequencing of Porphyromonas endodontalis ATCC 35406
ERR14129403	ERX13532069	ERS13618044	ERP141886	PRJEB56918	Klebsiella pneumoniae		OXFORD_NANOPORE	GridION	239747282.0	84751.0	WGS	GENOMIC	SINGLE	Raw reads: 1002804
SRR29271574	SRX24788968	SRS21506395	SRP511521	PRJNA1114426	Pseudomonas alkylphenolica	IMGN10	PACBIO_SMRT	Sequel II	2396704347.0	379554.0	WGS	GENOMIC	SINGLE	Pseudomonas_alkylphenolica_IMGN10
SRR35504429	SRX30580397	SRS26609573	SRP616549	PRJNA1314197	Mycobacterium tuberculosis	not applicable	OXFORD_NANOPORE	GridION	17876358.0	7796.0	WGS	GENOMIC	SINGLE	WGS of M. tb from culture, Phenol-Rapid prep, Sample BC16
SRR9174988	SRX5947652	SRS4859676	SRP040661	PRJNA231221	Acinetobacter radioresistens	FDAARGOS_731	PACBIO_SMRT	PacBio RS	898792001.0	163482.0	WGS	GENOMIC	SINGLE	
SRR24140133	SRX19938944	SRS17287653	SRP247747	PRJNA604975	Escherichia coli	ox_bsi_603	OXFORD_NANOPORE	GridION	167240708.0	92014.0	WGS	GENOMIC	SINGLE	oxford_bsi
SRR21349785	SRX17355635	SRS14915913	SRP394878	PRJNA675642	Shigella flexneri	P099	OXFORD_NANOPORE	MinION	63440676.0	4000.0	WGS	GENOMIC	SINGLE	Nano_SFlex
SRR24308017	SRX20103142	SRS17434192	SRP434545	PRJNA961666	Escherichia coli	AVS0155	OXFORD_NANOPORE	MinION	350002540.0	26577.0	WGS	GENOMIC	SINGLE	Long read sequencing of Escherichia coli AVS0155
SRR386907	SRX109901	SRS281278	SRP001087	PRJNA40075	Escherichia coli str. K-12 substr. MG1655	K-12	PACBIO_SMRT	PacBio RS	102760384.0	81741.0	WGS	GENOMIC	SINGLE	Whole Genome Sequencing and Assembly
SRR4181393	SRX2142629	SRS1674081	SRP086968	PRJNA303722	Corynebacterium coyleae	DSM 44184	PACBIO_SMRT	PacBio RS	1469073635.0	408956.0	WGS	GENOMIC	SINGLE	Corynebacterium coyleae DSM 44184
SRR33768500	SRX28990976	SRS22397148	SRP444583	PRJNA962904	Escherichia coli		PACBIO_SMRT	Sequel II	196574270.0	9806.0	WGS	GENOMIC	SINGLE	PacBio sequencing of A208019HE2 for ARCH 2
SRR305920	SRX077040	SRS401892	SRP007207	PRJNA68253	Escherichia coli O104:H4 str. C227-11	C227-11	PACBIO_SMRT	PacBio RS	152693078.0	81741.0	WGS	GENOMIC	SINGLE	Whole Genome Sequencing of E. coli isolate C227-11 (Long subread)
SRR35071084	SRX30184937	SRS26244945	SRP610420	PRJNA1308807	Escherichia coli	Ec_059	OXFORD_NANOPORE	MinION	868718883.0	109487.0	WGS	GENOMIC	SINGLE	Oxford Nanopore sequences of an isolated E. coli strain from wastewater
SRR24129362	SRX19928206	SRS17279214	SRP431981	PRJNA954350	Haemophilus parainfluenzae	EL1	OXFORD_NANOPORE	MinION	369339744.0	32943.0	WGS	GENOMIC	SINGLE	Genome sequence of Haemophilus parainfluenzae isolated from supragingival plaque
SRR31598763	SRX26963723	SRS23433435	SRP549287	PRJNA1185485	Escherichia coli	496	OXFORD_NANOPORE	PromethION	868671382.0	178364.0	WGS	GENOMIC	SINGLE	R4R-barcode46
SRR33086167	SRX28350323	SRS24679766	SRP577906	PRJNA1248189	Enterobacter hormaechei	180608	PACBIO_SMRT	Sequel IIe	471762380.0	76153.0	WGS	GENOMIC	SINGLE	Pacbio of ECC:Human
SRR17036748	SRX13226644	SRS11151636	SRP321296	PRJNA732654	Salmonella enterica subsp. enterica serovar Kentucky	ZTA19/00820	OXFORD_NANOPORE	MinION	381407966.0	29578.0	WGS	GENOMIC	SINGLE	Salmonella sequencing
ERR2125656	ERX2182508	ERS1473301	ERP005928	PRJEB6403	Listeria ivanovii subsp. londoniensis	NCTC12701	PACBIO_SMRT	PacBio RS	1612046586.0	163482.0	WGS	GENOMIC	SINGLE	PacBio RS sequencing
ERR10499503	ERX10016789	ERS14257027			Escherichia coli		OXFORD_NANOPORE	GridION	322878753.0	40123.0	WGS	GENOMIC	SINGLE	GridION sequencing; Raw reads: ONT_30345_1#45
SRR8500438	SRX5304440	SRS4297525	SRP182612	PRJNA517347	Escherichia coli	Nissle-GFP	OXFORD_NANOPORE	MinION	410226362.0	36847.0	WGS	GENOMIC	SINGLE	Whole-genome MinION sequencing of EcN-GFP harboring plasmid: pZE21 replicate: 6
SRR711189	SRX228379	SRS411277	SRP022786	PRJNA82565	Enterococcus faecalis V583	V583	PACBIO_SMRT	PacBio RS	60587157.0	81741.0	WGS	GENOMIC	SINGLE	Pacbio whole genome shotgun sequencing of genomic DNA library 'LR_177' containing sample 'V583' from individual 'Enterococcus_faecalis_V583_CB807'
SRR21699889	SRX17697411	SRS13736516	SRP385266	PRJNA847927	Desulfomicrobium sp. ZS1	ZS1	OXFORD_NANOPORE	MinION	1851952058.0	244434.0	WGS	GENOMIC	SINGLE	Desulfomicrobium sp. ZS1 genome
SRR36153802	SRX31194331	SRS27177424	SRP648098	PRJNA1368854	Neisseria gonorrhoeae	DDD033 parent	OXFORD_NANOPORE	MinION	204432416.0	42847.0	WGS	GENOMIC	SINGLE	Genome sequencing of Neisseria gonorrhoeae parent strain DDD033
SRR27678695	SRX23346054	SRS20207292	SRP485167	PRJNA960711	Bacillus paralicheniformis	CEW 1W	OXFORD_NANOPORE	MinION	438575437.0	147733.0	WGS	GENOMIC	SINGLE	WGS of Bacillus paralicheniformis: strain CEW 1W
SRR33768534	SRX28990942	SRS22456387	SRP444583	PRJNA962904	Escherichia coli		PACBIO_SMRT	Sequel II	127801297.0	7524.0	WGS	GENOMIC	SINGLE	PacBio sequencing of AH0835HE2 for ARCH 2
SRR29778999	SRX25278881	SRS21698259	SRP418402	PRJNA925803	Streptococcus dysgalactiae subsp. equisimilis	MGCS35855	OXFORD_NANOPORE	GridION	1227744500.0	560045.0	WGS	GENOMIC	SINGLE	WGS of Streptococcus dysgalactiae subsp. equisimilis
SRR19349830	SRX15408603	SRS12115349	SRP361569	PRJNA768416	Bacillus sp. FSL M8-0359		OXFORD_NANOPORE	MinION	990965285.0	183529.0	WGS	GENOMIC	SINGLE	WGS of Bacilli
SRR3756799	SRX1905889	SRS1546707	SRP078097	PRJNA239510	Ruminococcus sp. NK3A76	NK3A76	PACBIO_SMRT	PacBio RS	133459000.0	72074.0	WGS	GENOMIC	SINGLE	Ruminococcus sp. NK3A76
ERR972349	ERX1049326	ERS715416	ERP005928	PRJEB6403	Escherichia coli	NCTC11100	PACBIO_SMRT	PacBio RS	1099013166.0	163482.0	WGS	GENOMIC	SINGLE	PacBio RS sequencing
SRR33738975	SRX28962825	SRS24533467	SRP074197	PRJNA288601	Klebsiella pneumoniae		OXFORD_NANOPORE	GridION	426060605.0	41659.0	WGS	GENOMIC	SINGLE	Nanopore sequencing of ARLN isolate
SRR6976453	SRX3918064	SRS3153135	SRP139242	PRJNA442022	Rhodanobacter sp. 113	113	PACBIO_SMRT	PacBio RS II	397335920.0	73241.0	WGS	GENOMIC	SINGLE	Rhodanobacter sp. 113
ERR14746053	ERX14147425	ERS23811974	ERP170065	PRJEB86767	Enterococcus faecium		OXFORD_NANOPORE	MinION	1131160456.0	271448.0	WGS	GENOMIC	SINGLE	EXP-20-1-2025-03-14_12-16-43
SRR33768382	SRX28991094	SRS22397102	SRP444583	PRJNA962904	Escherichia coli		PACBIO_SMRT	Sequel II	265280747.0	12805.0	WGS	GENOMIC	SINGLE	PacBio sequencing of A149023HE1 for ARCH 2
ERR8007860	ERX7573529	ERS9899392	ERP131998	PRJEB47698	Klebsiella pneumoniae		OXFORD_NANOPORE	MinION	1204095602.0	274217.0	WGS	GENOMIC	SINGLE	MinION sequencing
ERR13744138	ERX13145550	ERS16082393	ERP149426	PRJEB64289	Escherichia coli		PACBIO_SMRT	Sequel IIe	730660273.0	77645.0	WGS	GENOMIC	SINGLE	Sequel IIe sequencing
SRR5740794	SRX2946605	SRS1613892	SRP068738	PRJNA292900	Enterobacter cloacae complex sp. AR_0065	AR_0065	PACBIO_SMRT	PacBio RS II	1382206236.0	163482.0	WGS	GENOMIC	SINGLE	PacBio SMRT Sequencing of Enterobacter cloacae FDA-CDC-AR_0065 Genomic Library
SRR15989101	SRX12277766	SRS9999045	SRP357537	PRJNA801416	Klebsiella pneumoniae	1308	OXFORD_NANOPORE	GridION	950996088.0	93129.0	WGS	GENOMIC	SINGLE	Whole Genome Sequencing of Carbapenemase-producing Enterobacterales (CPE)
SRR12207262	SRX8718072	SRS6993672	SRP271529	PRJNA642028	Bdellovibrio sp. KM01	KM01	PACBIO_SMRT	PacBio RS II	1835147657.0	163482.0	WGS	GENOMIC	SINGLE	PacBio reads of Bdellovibrio sp. KM01: predatory bacteria
ERR7113155	ERX6682081	ERS7696468	ERP132473	PRJEB48150	Vibrio cholerae		PACBIO_SMRT	PacBio RS	704485922.0	54494.0	WGS	GENOMIC	SINGLE	PacBio RS sequencing
SRR30949697	SRX26352391	SRS22817093	SRP536567	PRJNA1165464	Escherichia coli	Not applicable	OXFORD_NANOPORE	MinION	498844961.0	166640.0	WGS	GENOMIC	SINGLE	Nanopore sequencing of E.coli: blood isolate
ERR10854415	ERX10299182	ERS7358084	ERP109413	PRJEB27342	Klebsiella pneumoniae		PACBIO_SMRT	Sequel II	6889536656.0	1390820.0	WGS	GENOMIC	SINGLE	Sequel II sequencing
SRR16525431	SRX12728054	SRS10337065	SRP357537	PRJNA801416	Citrobacter freundii	-	OXFORD_NANOPORE	GridION	2265250003.0	401556.0	WGS	GENOMIC	SINGLE	Extensive diversification and dissemination of blaNDM carbapenemase plasmids in Enterobacterales in Singapore 2010-2015
SRR5229937	SRX2538572	SRS1958317	SRP098871	PRJNA369711	Mycobacterium tuberculosis	H107	PACBIO_SMRT	PacBio RS II	1074050596.0	111530.0	WGS	GENOMIC	SINGLE	Genome sequencing of Mycobacterium tuberculosis H107: a hypervirulent M. tuberculosis strain.
SRR23347494	SRX19289539	SRS16690584	SRP421131	PRJNA931653	Escherichia coli K-12	K-12	OXFORD_NANOPORE	GridION	49381044.0	4000.0	WGS	GENOMIC	SINGLE	Nanopore sequencing of Ciprofloxacin challenged E. coli
ERR12328527	ERX11705331	ERS17177518	ERP155552	PRJEB70626	Mycobacterium tuberculosis		OXFORD_NANOPORE	MinION	108358439.0	130878.0	WGS	GENOMIC	SINGLE	MinION sequencing
SRR21696321	SRX17693944	SRS11554567	SRP354045	PRJNA747871	Streptomyces sp. NBC_01476	NBC_01476	OXFORD_NANOPORE	MinION	339888605.0	63782.0	WGS	GENOMIC	SINGLE	nanopore sequencing data from strain NBC_01476
SRR2064167	SRX1059690	SRS961938	SRP059535	PRJNA171821	Mycobacterium haemophilum DSM 44634	ATCC 29548	PACBIO_SMRT	PacBio RS	360662323.0	158880.0	WGS	GENOMIC	SINGLE	Mycobacterium haemophilum Pacific Biosciences sequencing
SRR31599177	SRX26963907	SRS23433619	SRP549287	PRJNA1185485	Escherichia coli	318	OXFORD_NANOPORE	PromethION	554750233.0	194550.0	WGS	GENOMIC	SINGLE	manhole-barcode70
ERR12488031	ERX11864114	ERS17744580	ERP153002	PRJEB67987	Mycobacterium tuberculosis		OXFORD_NANOPORE	MinION	540754743.0	117084.0	WGS	GENOMIC	SINGLE	MinION sequencing
SRR13202757	SRX9636010	SRS468190	SRP028604	PRJNA20583	Pseudomonas fluorescens BBc6R8	BBc6R8	PACBIO_SMRT	PacBio RS II	1103704983.0	244001.0	WGS	GENOMIC	SINGLE	PacBio-WGS of Pseudomonas fluorescens BBc6R8
SRR19843371	SRX15887017	SRS12114943	SRP361569	PRJNA768416	Paenibacillus sp. FSL H7-0326	FSL H7-0326	OXFORD_NANOPORE	MinION	359079190.0	44710.0	WGS	GENOMIC	SINGLE	WGS of Bacilli
SRR35275933	SRX30377990	SRS26418514	SRP617898	PRJNA1311294	Bacillus subtilis	DSM 10	OXFORD_NANOPORE	PromethION	321279356.0	41615.0	WGS	GENOMIC	SINGLE	WGS of Bacillus subtilis: mutant evolved by exposure to pyrithiamine hydrobromide
SRR8776790	SRX5566980	SRS4529941	SRP189296	PRJNA528186	Staphylococcus aureus	UP_794	OXFORD_NANOPORE	MinION	467246533.0	67340.0	WGS	GENOMIC	SINGLE	UP_794_nanopore
SRR37102306	SRX32048552	SRS27985983	SRP674509	PRJNA1395651	Escherichia coli	GPEC709	PACBIO_SMRT	Sequel II	275498001.0	31327.0	WGS	GENOMIC	SINGLE	WGS of APEC from GA
ERR10499199	ERX10016485	ERS14255660	ERP142629	PRJEB57633	Escherichia coli		OXFORD_NANOPORE	GridION	66424842.0	9783.0	WGS	GENOMIC	SINGLE	Raw reads: ONT_30859_5#31
SRR34699407	SRX29834681	SRS25937986	SRP603178	PRJNA1295699	Bacillus paranthracis	16-1	OXFORD_NANOPORE	GridION	2741318236.0	490439.0	WGS	GENOMIC	SINGLE	Genome sequence of BCE16-1-nanopore
SRR12011653	SRX8544367	SRS6688701	SRP262563	PRJNA633476	Vibrio cholerae	SA3G	PACBIO_SMRT	PacBio RS II	1991219599.0	163482.0	WGS	GENOMIC	SINGLE	SA3G
SRR21696407	SRX17693858	SRS11554228	SRP354045	PRJNA747871	Streptomyces sp. NBC_01320	NBC_01320	OXFORD_NANOPORE	MinION	275305262.0	44182.0	WGS	GENOMIC	SINGLE	nanopore sequencing data from strain NBC_01320
SRR29931821	SRX25425679	SRS22086151	SRP521707	PRJNA1139194	Shigella sonnei	3.6.1.1.2	OXFORD_NANOPORE	GridION	388553255.0	96033.0	WGS	GENOMIC	SINGLE	Nanopore sequencing of Shigella
SRR35148203	SRX30253834	SRS12559743	SRP369045	PRJNA695774	Subtercola frigoramans	DSM 13057	PACBIO_SMRT	Sequel II	403816453.0	49372.0	WGS	GENOMIC	SINGLE	Subtercola frigoramans DSM 13057
SRR21415858	SRX17420022	SRS12114981	SRP361569	PRJNA768416	Paenibacillus sp. FSL F4-0100		OXFORD_NANOPORE	MinION	1404131506.0	463980.0	WGS	GENOMIC	SINGLE	WGS of Bacilli
SRR12299157	SRX8802056	SRS6792643	SRP266402	PRJNA605147	Escherichia coli	RHB34-C05	OXFORD_NANOPORE	GridION	923868673.0	220499.0	WGS	GENOMIC	SINGLE	OXFORD_NANOPORE sequencing of Escherichia coli isolate RH03|T3-C05 cultured from Pig faeces sample
SRR387193	SRX109949	SRS281279	SRP001087	PRJNA40075	Escherichia coli str. K-12 substr. MG1655	K-12	PACBIO_SMRT	PacBio RS	39700941.0	60667.0	WGS	GENOMIC	SINGLE	Whole Genome Sequencing and Assembly
SRR6256457	SRX3362910	SRS2661169	SRP123768	PRJNA410581	Lachnoclostridium phytofermentans	ISDg	PACBIO_SMRT	PacBio RS II	945862683.0	431220.0	WGS	GENOMIC	SINGLE	Clostridium phytofermentans ISDg methylation detection
SRR31162397	SRX26545809	SRS18460375	SRP452417	PRJNA998194	Trinickia caryophylli	ATCC 25418	PACBIO_SMRT	Sequel II	549427978.0	60736.0	WGS	GENOMIC	SINGLE	Genome sequence of Trinickia caryophylli
SRR8362632	SRX5173138	SRS4180580	SRP174185	PRJNA414243	Escherichia coli O157:H7	ATCC 43890	PACBIO_SMRT	Sequel	1261338636.0	186284.0	WGS	GENOMIC	SINGLE	Whole genome PacBio Sequel sequence of Escherichia coli serovar O157:H7
ERR13744131	ERX13145543	ERS16082387	ERP149426	PRJEB64289	Escherichia coli		PACBIO_SMRT	Sequel IIe	277130630.0	31756.0	WGS	GENOMIC	SINGLE	Sequel IIe sequencing
ERR10499076	ERX10016365	ERS14255548	ERP142629	PRJEB57633	Escherichia coli		OXFORD_NANOPORE	GridION	146296458.0	16274.0	WGS	GENOMIC	SINGLE	Raw reads: ONT_30821_1#71
SRR12298934	SRX8802279	SRS6792049	SRP266402	PRJNA605147	Escherichia coli	RHB39-C17	OXFORD_NANOPORE	GridION	1292310018.0	282750.0	WGS	GENOMIC	SINGLE	OXFORD_NANOPORE sequencing of Escherichia coli isolate RH09|T3-C17 cultured from Cattle faeces sample
SRR32184183	SRX27529391	SRS16968702	SRP426074	PRJNA941188	Bacillus velezensis	PRO41	OXFORD_NANOPORE	GridION	1371483162.0	247692.0	WGS	GENOMIC	SINGLE	WGS of Bacillus velezensis: cell culture
SRR27180031	SRX22860445	SRS19835777	SRP477403	PRJNA1049513	Vibrio sp. PBL-C16	PBL-C16	OXFORD_NANOPORE	MinION	379.0	1.0	WGS	GENOMIC	SINGLE	Vibrio sp. PBL-C16 Genome sequencing and assembly
SRR15827993	SRX12119804	SRS10099889	SRP336307	PRJNA761884	Escherichia coli	X_25	PACBIO_SMRT	PacBio RS II	898620013.0	101519.0	WGS	GENOMIC	SINGLE	WGS of Escherichia coli: sample C1609
SRR24807249	SRX20579496	SRS17881484	SRP338930	PRJNA766641	Mycobacterium tuberculosis	IDR 2200009111	OXFORD_NANOPORE	MinION	85537782.0	50543.0	WGS	GENOMIC	SINGLE	MinION sequencing of TB isolates
SRR36298242	SRX31330826	SRS26825900	SRP074197	PRJNA288601	Escherichia coli	2025CK-01105	OXFORD_NANOPORE	GridION	588599750.0	65047.0	WGS	GENOMIC	SINGLE	Nanopore sequencing of ARLN isolate
SRR12298486	SRX8801581	SRS6792775	SRP266402	PRJNA605147	Enterobacter hormaechei	RHBSTW-00016	OXFORD_NANOPORE	GridION	1125683813.0	226732.0	WGS	GENOMIC	SINGLE	OXFORD_NANOPORE sequencing of Enterobacter cloacae isolate WTP4|T1-00016 cultured from WTP influent sample
ERR15092791	ERX14497173	ERS24808802	ERP172787	PRJEB89771	Klebsiella pneumoniae		PACBIO_SMRT	PacBio RS II	1772482900.0	103877.0	WGS	GENOMIC	SINGLE	Raw reads: C6C386CA-7C67-5634-8E86-AC86DAF6D2B9
ERR15284548	ERX14690382	ERS711304	ERP176771	PRJEB93892	Escherichia coli	MSB1_3B	OXFORD_NANOPORE	MinION	1104879341.0	206541.0	WGS	GENOMIC	SINGLE	MinION sequencing
SRR13192500	SRX9626959	SRS7827983	SRP295672	PRJNA681856	Salmonella enterica	LHICA_E1	OXFORD_NANOPORE	MinION	15739166.0	4000.0	WGS	GENOMIC	SINGLE	WGS of Salmonella enterica Lhica E76
SRR35213486	SRX30317237	SRS26364172	SRP615992	PRJNA1301220	Acinetobacter baumannii	ABO22-A105	OXFORD_NANOPORE	MinION	666837445.0	111115.0	WGS	GENOMIC	SINGLE	Whole geneme sequencing of Acinetobacter baumannii: isolates of the Ab-One study
SRR30188637	SRX25654238	SRS22297037	SRP458186	PRJNA1012291	Staphylococcus	Staphylococcus aureus	OXFORD_NANOPORE	MinION	197461764.0	143285.0	WGS	GENOMIC	SINGLE	Nanopore sequencing data of MRSA
SRR19349835	SRX15408598	SRS12115355	SRP361569	PRJNA768416	Paenibacillus sp. FSL P4-0113	FSL P4-0113	OXFORD_NANOPORE	MinION	654456810.0	163344.0	WGS	GENOMIC	SINGLE	WGS of Bacilli
DRR291984	DRX281430	DRS178480	DRP004189	PRJDB5929	Klebsiella pneumoniae	C325	PACBIO_SMRT	PacBio RS II	865910126.0	96562.0	WGS	GENOMIC	SINGLE	PacBio RS II sequencing of SAMD00137898
ERR791726	ERX808965	ERS572888	ERP008529	PRJEB7608	Campylobacter jejuni		PACBIO_SMRT	PacBio RS	224190867.0	163482.0	WGS	GENOMIC	SINGLE	PacBio RS sequencing
SRR36230459	SRX31265876	SRS27243799	SRP649772	PRJNA1053856	Bacteroidales bacterium MB20-C3-3	MB20-C3-3	OXFORD_NANOPORE	MinION	959376476.0	187018.0	WGS	GENOMIC	SINGLE	Whole genome shotgun sequencing of Bacteroidales bacterium MB20-C3-3
ERR1432649	ERX1503027	ERS1080596	ERP005928	PRJEB6403	Legionella pneumophila	NCTC12174	PACBIO_SMRT	PacBio RS	1967345562.0	163482.0	WGS	GENOMIC	SINGLE	PacBio RS sequencing
DRR723616	DRX703637	DRS495757	DRP013760	PRJDB20694	Mycolicibacterium pallens	JCM 16370	PACBIO_SMRT	Revio	172697715.0	15573.0	WGS	GENOMIC	SINGLE	Revio sequencing of SAMD01611140
SRR16361636	SRX12639087	SRS10592423	SRP341645	PRJNA771717	Cutibacterium acnes		OXFORD_NANOPORE	PromethION	500020266.0	18491.0	WGS	GENOMIC	SINGLE	On person evolution and biogeography of Cutibacterium acnes and Cutibacterium granulosum
DRR155408	DRX146080	DRS078031	DRP004558	PRJDB7606	Staphylococcus aureus	missing	OXFORD_NANOPORE	MinION	288244575.0	117581.0	WGS	GENOMIC	SINGLE	MinION sequencing of SAMD00148192
ERR7012635	ERX6582868	ERS7984801	ERP132348	PRJEB48023	Escherichia coli		OXFORD_NANOPORE	MinION	114918117.0	14729.0	WGS	GENOMIC	SINGLE	MinION sequencing
SRR21629997	SRX17630698	SRS14987130	SRP354045	PRJNA747871	Streptomyces bobili	NBC_00302	OXFORD_NANOPORE	MinION	5636242.0	20458.0	WGS	GENOMIC	SINGLE	nanopore sequencing data from strain NBC_00302
SRR18959311	SRX15036469	SRS12783275	SRP372601	PRJNA831364	Xanthomonas citri pv. citri	CQ13	OXFORD_NANOPORE	MinION	2541194620.0	619789.0	WGS	GENOMIC	SINGLE	Sequencing of Xanthomonas citri subsp. citri  CQ13
ERR2580778	ERX2597843	ERS2016130	ERP005928	PRJEB6403	Sphingobacterium daejeonense		PACBIO_SMRT	PacBio RS	3495342235.0	163482.0	WGS	GENOMIC	SINGLE	PacBio RS sequencing
SRR13192552	SRX9626907	SRS7827983	SRP295672	PRJNA681856	Salmonella enterica	LHICA_E1	OXFORD_NANOPORE	MinION	15650018.0	4000.0	WGS	GENOMIC	SINGLE	WGS of Salmonella enterica Lhica E24
SRR8306743	SRX5121245	SRS1399393	SRP018785	PRJNA186035	Salmonella enterica subsp. enterica serovar Enteritidis	CFSAN035130	PACBIO_SMRT	Sequel	358227075.0	71901.0	WGS	GENOMIC	SINGLE	Whole genome PacBio Sequel sequence of Salmonella enterica subsp. enterica serovar Enteritidis
ERR1954497	ERX2020093	ERS1434931	ERP005928	PRJEB6403	Segatella oris	NCTC13071	PACBIO_SMRT	PacBio RS	1133478189.0	163482.0	WGS	GENOMIC	SINGLE	PacBio RS sequencing
SRR30934841	SRX26337468	SRS22863377	SRP537571	PRJNA1168290	Paenibacillus sp. TAB_01	TAB_01	OXFORD_NANOPORE	MinION	1428782.0	169.0	WGS	GENOMIC	SINGLE	Paenibacillus sp. TAB 01 from cotton plant tissue
SRR19519857	SRX15572450	SRS13275310	SRP378127	PRJNA819273	Staphylococcus schleiferi	IVB6183	PACBIO_SMRT	Sequel II	914080420.0	76501.0	WGS	GENOMIC	SINGLE	PacBio Sequel sequencing of camel Staphylococcaceae from the Horn of Africa
SRR21362415	SRX17368038	SRS13526099	SRP361569	PRJNA768416	Paenibacillus sp. FSL L8-0436	FSL L8-0436	OXFORD_NANOPORE	MinION	556431670.0	233026.0	WGS	GENOMIC	SINGLE	WGS of Bacilli
ERR1411906	ERX1482695	ERS1153933	ERP015561	PRJEB13975	Escherichia coli		PACBIO_SMRT	PacBio RS			WGS	GENOMIC	SINGLE	PacBio RS sequencing
ERR10498598	ERX10015887	ERS14255284	ERP142629	PRJEB57633	Escherichia coli		OXFORD_NANOPORE	GridION	91348362.0	21699.0	WGS	GENOMIC	SINGLE	Raw reads: ONT_30348_2#77
SRR25741560	SRX21464944	SRS18699926	SRP456656	PRJNA983748	Staphylococcus aureus	ST7083	OXFORD_NANOPORE	GridION	293366143.0	23363.0	WGS	GENOMIC	SINGLE	WGS of S. aureus: Quarter Milk
SRR13575309	SRX9973553	SRS8145954	SRP303741	PRJNA695586	Streptococcus pyogenes	M4C20	OXFORD_NANOPORE	MinION	3281322.0	4000.0	WGS	GENOMIC	SINGLE	Whole genome sequence of Streptococcus pyogenes strain M4C20
SRR30200629	SRX25663753	SRS22306285	SRP525621	PRJNA1133913	Klebsiella pneumoniae	3010_kpn	OXFORD_NANOPORE	GridION	198660927.0	40000.0	WGS	GENOMIC	SINGLE	ONT seq of kpn:sputum
SRR32364640	SRX27699506	SRS21131309	SRP444583	PRJNA962904	Escherichia coli		PACBIO_SMRT	Sequel II	133257483.0	5298.0	WGS	GENOMIC	SINGLE	PacBio sequencing of AS6737C1 for ARCH 1.0
SRR353405	SRX101287	SRS259595	SRP008003	PRJNA68155	Escherichia coli O104:H4 str. C236-11	C236-11	PACBIO_SMRT	PacBio RS	39044786.0	81741.0	WGS	GENOMIC	SINGLE	Genome Sequencing and Assembly of E. coli O104:H4 strains
ERR13600628	ERX12971651	ERS15599943	ERP132614	PRJEB48268	Klebsiella pneumoniae		OXFORD_NANOPORE	GridION	960703525.0	66380.0	WGS	GENOMIC	SINGLE	GridION sequencing
ERR10468515	ERX9989943	ERS13666410	ERP142288	PRJEB57325	Escherichia coli		OXFORD_NANOPORE	MinION	304615279.0	265086.0	WGS	GENOMIC	SINGLE	MinION sequencing
SRR15989079	SRX12277788	SRS9999162	SRP357537	PRJNA801416	Klebsiella pneumoniae	14	OXFORD_NANOPORE	GridION	63752870.0	5529.0	WGS	GENOMIC	SINGLE	Whole Genome Sequencing of Carbapenemase-producing Enterobacterales (CPE)
SRR13067350	SRX9514898	SRS7722831	SRP292718	PRJNA662585	Bradyrhizobium commune	BDV5040	OXFORD_NANOPORE	MinION	2704177819.0	190400.0	WGS	GENOMIC	SINGLE	Genome sequence of Bradyrhizobium genosp. B str. BDV5040
SRR26337671	SRX22045601	SRS19117304	SRP465422	PRJNA1023532	Bradyrhizobium sp. BEA-2-5	BEA-2-5	OXFORD_NANOPORE	MinION	1268477410.0	91274.0	WGS	GENOMIC	SINGLE	Bradyrhizobium sp. BEA-2-5
SRR11507283	SRX8079405	SRS6447760	SRP255654	PRJNA623623	Pseudomonas aeruginosa	AA2	PACBIO_SMRT	Sequel	1665055071.0	211898.0	WGS	GENOMIC	SINGLE	DNA-Seq of P. aeruginosa AA2
SRR21696496	SRX17694281	SRS14987367	SRP354045	PRJNA747871	Kitasatospora papulosa	NBC_00804	OXFORD_NANOPORE	MinION	2762895488.0	671622.0	WGS	GENOMIC	SINGLE	nanopore sequencing data from strain NBC_00804
ERR5295515	ERX5085140	ERS5649913	ERP126298	PRJEB42440	Enterobacter cloacae		OXFORD_NANOPORE	GridION	585024855.0	70246.0	WGS	GENOMIC	SINGLE	GridION sequencing
SRR34986074	SRX30104896	SRS26168545	SRP608826	PRJNA1305362	Listeria monocytogenes	Lm_380	OXFORD_NANOPORE	MinION	551654725.0	45386.0	WGS	GENOMIC	SINGLE	Oxford Nanopore sequences of an isolated L. monocytogenes strain from wastewater
SRR24140209	SRX19938868	SRS17287577	SRP247747	PRJNA604975	Escherichia coli	ox_bsi_308	OXFORD_NANOPORE	GridION	831590510.0	258536.0	WGS	GENOMIC	SINGLE	oxford_bsi
SRR1781572	SRX860708	SRS832285	SRP052986	PRJNA273926	Halarcobacter anaerophilus	IR-1	PACBIO_SMRT	PacBio RS	716604923.0	163482.0	WGS	GENOMIC	SINGLE	Arcobacter anaerophilus genome sequencing
SRR30949423	SRX26352061	SRS22817131	SRP536567	PRJNA1165464	Escherichia coli	Not applicable	OXFORD_NANOPORE	MinION	440034206.0	86122.0	WGS	GENOMIC	SINGLE	Nanopore sequencing of E.coli: blood isolate
SRR11929935	SRX8475418	SRS6649418	SRP261261	PRJNA615955	Lactiplantibacillus plantarum	SPC-SNU 72-2	PACBIO_SMRT	PacBio RS II	460295899.0	40756.0	WGS	GENOMIC	SINGLE	Lactobacillus plantarum SPC-SNU 72-2
SRR30949441	SRX26352043	SRS22817368	SRP536567	PRJNA1165464	Escherichia coli	Not applicable	OXFORD_NANOPORE	MinION	215028553.0	50379.0	WGS	GENOMIC	SINGLE	Nanopore sequencing of E.coli: blood isolate
SRR12266915	SRX8772010	SRS846935	SRP051988	PRJNA271006	Enterobacter hormaechei subsp. xiangfangensis	CIDEIMsCOL12	OXFORD_NANOPORE	MinION	6479448.0	1412.0	WGS	GENOMIC	SINGLE	
SRR32179903	SRX27525127	SRS23942912	SRP546704	PRJNA1189028	Staphylococcus aureus	PS03172	OXFORD_NANOPORE	MinION	20897062.0	23786.0	WGS	GENOMIC	SINGLE	WGS of bacterial isolate: Environmental isolate
SRR10882881	SRX7551915	SRS4529935	SRP189296	PRJNA528186	Staphylococcus aureus	UP_1108	OXFORD_NANOPORE	MinION	1929822022.0	145217.0	WGS	GENOMIC	SINGLE	UP_1108_nanopore
SRR31834959	SRX27195289	SRS22210636	SRP523630	PRJNA1142680	Klebsiella variicola	kv240612_barcode18	OXFORD_NANOPORE	MinION	618788432.0	57038.0	WGS	GENOMIC	SINGLE	Klebsiella variicola strain kv240612_barcode18
ERR159964	ERX135907	ERS088717	ERP001163	PRJEB2848	Staphylococcus aureus subsp. aureus TW20	TW20	PACBIO_SMRT	PacBio RS	164674657.0	81741.0	WGS	GENOMIC	SINGLE	
SRR12398475	SRX8896744	SRS7155544	SRP276307	PRJNA644288	Ralstonia pseudosolanacearum GMI1000	GMI1000	PACBIO_SMRT	Sequel	1863480038.0	349595.0	WGS	GENOMIC	SINGLE	WGS of Ralstonia solanacearum: Haw35e3 SMRT
SRR388137	SRX110615	SRS000872	SRP000269	PRJNA32793	Neisseria gonorrhoeae FA19	FA19	PACBIO_SMRT	PacBio RS	34887154.0	81741.0	WGS	GENOMIC	SINGLE	Whole Genome Sequencing and Assembly
SRR29015141	SRX24541759	SRS21286487	SRP506715	PRJNA981225	Salmonella enterica subsp. enterica serovar Typhimurium	GZ2016SF334	OXFORD_NANOPORE	PromethION	1000041624.0	22643.0	WGS	GENOMIC	SINGLE	raw sequence data of Salmonella enterica subsp. enterica serovar Typhimurium GZ2016SF334 using third-generation sequencing
SRR37168523	SRX32108098	SRS28041586	SRP675690	PRJNA1420075	Pseudomonas aeruginosa		OXFORD_NANOPORE	PromethION	6259500.0	2260.0	WGS	GENOMIC	SINGLE	DNA-Seq: Pf6: Isolate HD7_1000_phi3
SRR36141205	SRX31182290	SRS27166113	SRP644510	PRJNA1363965	Neisseria gonorrhoeae	4196	OXFORD_NANOPORE	MinION	492268526.0	65154.0	WGS	GENOMIC	SINGLE	WGS of NG: adult male
ERR15195417	ERX14601091	ERS25142013	ERP160948	PRJEB76420	Escherichia coli		OXFORD_NANOPORE	MinION			WGS	GENOMIC	SINGLE	MinION sequencing
SRR29924837	SRX25418864	SRS22019488	SRP520391	PRJNA1136785	Clostridioides difficile		OXFORD_NANOPORE	GridION	1879366510.0	386671.0	WGS	GENOMIC	SINGLE	22S0565-CDI-HON-2018_Cdifficile_WGS_ONT_RT027/ST1
SRR36155355	SRX31195704	SRS27178711	SRP648127	PRJNA1355196	Stutzerimonas nitrititolerans	NM04	OXFORD_NANOPORE	PromethION	512208282.0	178604.0	WGS	GENOMIC	SINGLE	WGS of NM04 bacterium
SRR30107242	SRX25580100	SRS22231203	SRP486766	PRJNA1070447	Streptococcus pyogenes	Isolate 17	OXFORD_NANOPORE	GridION	443129675.0	60212.0	WGS	GENOMIC	SINGLE	WGS of Streptococcus pyogenes isolate  17
SRR30791214	SRX26192777	SRS22735279	SRP534624	PRJNA1161571	Burkholderia pseudomallei		OXFORD_NANOPORE	PromethION	3345466316.0	363094.0	WGS	GENOMIC	SINGLE	Nanopore sequencing of B. pseudomallei
SRR9722617	SRX6480151	SRS5130257	SRP215816	PRJNA470993	Staphylococcus aureus	ER02360.3	PACBIO_SMRT	PacBio RS II	814922078.0	117779.0	WGS	GENOMIC	SINGLE	WGS of Staphylococcus aureus
SRR35211265	SRX30315082	SRS26362714	SRP615834	PRJNA834425	Bradyrhizobium japonicum	USDA 35	PACBIO_SMRT	Sequel II	326720160.0	31715.0	WGS	GENOMIC	SINGLE	Bradyrhizobium japonicum USDA 35
SRR1177140	SRX476328	SRS561974	SRP038990	PRJNA232537	Rickettsia endosymbiont of Ixodes pacificus	Humboldt	PACBIO_SMRT	PacBio RS	1060085857.0	163482.0	WGS	GENOMIC	SINGLE	
DRR182643	DRX173149	DRS196668	DRP007538	PRJDB8468	Streptococcus pyogenes	missing	PACBIO_SMRT	PacBio RS II	958292349.0	163482.0	WGS	GENOMIC	SINGLE	PacBio RS II sequencing of SAMD00175477
SRR7819260	SRX4670599	SRS1256872	SRP068737	PRJNA292902	Klebsiella pneumoniae		PACBIO_SMRT	PacBio RS II	1933167386.0	163482.0	WGS	GENOMIC	SINGLE	PacBio SMRT Sequencing of Klebsiella pneumoniae FDA-CDC-AR_0135 Genomic Library
SRR24139960	SRX19938445	SRS17287154	SRP247747	PRJNA604975	Escherichia coli	ox_bsi_6	OXFORD_NANOPORE	GridION	61819846.0	30747.0	WGS	GENOMIC	SINGLE	oxford_bsi
SRR22225501	SRX18203111	SRS15700137	SRP051099	PRJNA269675	Yersinia massiliensis	SCPM-O-B-8026 (C-146)	OXFORD_NANOPORE	MinION	100349790.0	18296.0	WGS	GENOMIC	SINGLE	Shotgun 2022 Sample 471
SRR27972743	SRX23626422	SRS20465642	SRP489819	PRJNA1076692	Escherichia coli	RIVM_C050864_dorado	OXFORD_NANOPORE	MinION	185990332.0	42191.0	WGS	GENOMIC	SINGLE	RIVM_C050864_dorado
SRR19169394	SRX15234940	SRS12428926	SRP366665	PRJNA801099	Bartonella krasnovii	B51_4	OXFORD_NANOPORE	MinION	428305306.0	90011.0	WGS	GENOMIC	SINGLE	ONT of Bartonella krasnovii: Gerbilus pyramidum
ERR15814495	ERX15214412	ERS27173582	ERP183512	PRJEB102112	Endobacterium panacihumi	KCTC 62017	OXFORD_NANOPORE	PromethION	1044792984.0	492530.0	WGS	GENOMIC	SINGLE	PromethION sequencing
SRR31564833	SRX26930747	SRS23404254	SRP511146	PRJNA1119015	Escherichia coli	Escherichia coli 980-2	PACBIO_SMRT	Sequel II	1726840788.0	199078.0	WGS	GENOMIC	SINGLE	ecoli_WGS_SMRT
SRR1003008	SRX360465	SRS487926	SRP030478	PRJNA178992	Ehrlichia chaffeensis str. Jax	Jax	PACBIO_SMRT	PacBio RS	343669325.0	81741.0	WGS	GENOMIC	SINGLE	
SRR8752506	SRX5543459	SRS4509129	SRP188851	PRJNA523365	Mycobacteroides abscessus	JHN_AB_0010_1	OXFORD_NANOPORE	GridION	297871640.0	242805.0	WGS	GENOMIC	SINGLE	Sequencing of non-tuberculosis mycobacteria
DRR572555	DRX556022	DRS426397	DRP012251	PRJDB17574	Escherichia coli	YK-IS1MA-L08-2_G08	OXFORD_NANOPORE	MinION	2627159.0	369.0	WGS	GENOMIC	SINGLE	nanopore-seq of SAMD00748214 L08-2_G8
SRR20649332	SRX16672449	SRS11136755	SRP071789	PRJNA315192	Shigella flexneri	1533114	OXFORD_NANOPORE	MinION	1444675894.0	178619.0	WGS	GENOMIC	SINGLE	Nanopore sequencing of Shigella species
ERR15191297	ERX14596924	ERS25135667	ERP160948	PRJEB76420	Escherichia coli		OXFORD_NANOPORE	MinION			WGS	GENOMIC	SINGLE	MinION sequencing
SRR35115807	SRX30224664	SRS26278740	SRP612217	PRJNA1307276	Escherichia coli	ESBLEC_MG48	OXFORD_NANOPORE	MinION	455114819.0	98830.0	WGS	GENOMIC	SINGLE	Nanopore DNA-Seq of ESBL-producing E.coli (ESBLEC) MG48
SRR8608849	SRX5408292	SRS4392352	SRP186593	PRJNA523610	Yersinia pestis	S1037	OXFORD_NANOPORE	MinION	1112379817.0	95488.0	WGS	GENOMIC	SINGLE	Salt Precipitation LucigenS1037
SRR36067856	SRX31114068	SRS27072670	SRP644837	PRJNA1364846	Staphylococcus hominis	SHOMINIS	OXFORD_NANOPORE	GridION	557824.0	2707.0	WGS	GENOMIC	SINGLE	Staphylococcus faecalis, DBT kit, 36-plex and 200 ng DNA, replicate 7
SRR9007774	SRX5786023	SRS4718444	SRP194950	PRJNA538385	Modestobacter multiseptatus	DSM 44402	PACBIO_SMRT	Sequel	977453174.0	306050.0	WGS	GENOMIC	SINGLE	Modestobacter multiseptatus DSM 44402
DRR393758	DRX379577	DRS297091	DRP007849	PRJDB10842	Klebsiella michiganensis	JBCHAFC-19-0013	OXFORD_NANOPORE	GridION	472974124.0	38818.0	WGS	GENOMIC	SINGLE	GridION sequencing of SAMD00500595
SRR4181580	SRX2142811	SRS1674377	SRP086999	PRJNA303859	Saccharopolyspora antimicrobica	DSM 45119	PACBIO_SMRT	PacBio RS	941982676.0	291058.0	WGS	GENOMIC	SINGLE	Saccharopolyspora antimicrobica DSM 45119
ERR12448868	ERX11825290	ERS17728776	ERP156572	PRJEB71788	Listeria monocytogenes		OXFORD_NANOPORE	GridION	190435804.0	38884.0	WGS	GENOMIC	SINGLE	Raw reads: ListPred_L1184
ERR15729313	ERX15134441	ERS26771569	ERP179457	PRJEB96843	Salmonella enterica subsp. enterica serovar Infantis		OXFORD_NANOPORE	MinION	106307675.0	8328.0	WGS	GENOMIC	SINGLE	MinION sequencing
SRR5902570	SRX3064129	SRS1832390	SRP094480	PRJNA279196	Bordetella pertussis	J022	PACBIO_SMRT	PacBio RS II	942072177.0	163482.0	WGS	GENOMIC	SINGLE	
SRR35855858	SRX30905155	SRS26904100	SRP636926	PRJNA1348213	Mycobacterium tuberculosis	ATCC 35801	OXFORD_NANOPORE	MinION	47098367.0	21507.0	WGS	GENOMIC	SINGLE	Whole-genome sequencing
ERR15077680	ERX14482319	ERS24753405	ERP172924	PRJEB89896	Klebsiella pneumoniae		PACBIO_SMRT	Sequel II	1444666904.0	83523.0	WGS	GENOMIC	SINGLE	Sequel II sequencing
ERR8282812	ERX7850243	ERS4216665	ERP112565	PRJEB30134	Escherichia coli	cpe092	OXFORD_NANOPORE	MinION	2529744162.0	362528.0	WGS	GENOMIC	SINGLE	MinION sequencing
SRR20045297	SRX16083769	SRS13749838	SRP385451	PRJNA675960	Campylobacter fetus subsp. venerealis bv. intermedius	CFV926	OXFORD_NANOPORE	MinION	783033940.0	115452.0	WGS	GENOMIC	SINGLE	nanopore-CFVi926
SRR3371363	SRX1700883	SRS1394006	SRP073214	PRJNA317555	Burkholderiales bacterium YL45	YL45	PACBIO_SMRT	PacBio RS II	1817098457.0	163482.0	WGS	GENOMIC	PAIRED	Whole genome sequencing of Burkholderiales YL45: single colony isolate
SRR32655874	SRX27959915	SRS24326296	SRP569671	PRJNA912210	Prochlorococcus sp. MIT 1313	MIT 1313	PACBIO_SMRT	Sequel	54331792.0	6546.0	WGS	GENOMIC	SINGLE	PacBio HiFi data of Prochlorococcus sp. MIT 1313
SRR19820531	SRX15864390	SRS13526115	SRP361569	PRJNA768416	Streptococcus sp. FSL E2-3494	FSL E2-3494	OXFORD_NANOPORE	MinION	395934996.0	157654.0	WGS	GENOMIC	SINGLE	WGS of Bacilli
SRR19519890	SRX15572417	SRS13275277	SRP378127	PRJNA819273	Staphylococcus simulans	IVB6209	PACBIO_SMRT	Sequel II	3906329059.0	352625.0	WGS	GENOMIC	SINGLE	PacBio Sequel sequencing of camel Staphylococcaceae from the Horn of Africa
SRR32250908	SRX27588953	SRS20831716	SRP497546	PRJNA1091452	Staphylococcus aureus	SA73-PS	OXFORD_NANOPORE	MinION	436255385.0	147227.0	WGS	GENOMIC	SINGLE	native ONT data from Staphylococcus aureus
SRR5165195	SRX2482176	SRS1913758	SRP096403	PRJNA243968	Bradyrhizobium diazoefficiens	USDA110	PACBIO_SMRT	PacBio RS	54482014.0	38315.0	WGS	GENOMIC	SINGLE	Bradyrhizobium japonicum USDA110 bacteroid in symbiosis with Glycine max
SRR16525732	SRX12728267	SRS10336795	SRP357537	PRJNA801416	Escherichia coli	E1126	OXFORD_NANOPORE	GridION	2733803593.0	455398.0	WGS	GENOMIC	SINGLE	Extensive diversification and dissemination of blaNDM carbapenemase plasmids in Enterobacterales in Singapore 2010-2015
SRR386353	SRX109872	SRS212334	SRP007230	PRJNA64831	Bacteroides finegoldii CL09T03C10	CL09T03C10	PACBIO_SMRT	PacBio RS	70070647.0	81741.0	WGS	GENOMIC	SINGLE	Whole Genome Sequencing and Assembly
ERR12743226	ERX12117151	ERS18422152	ERP158495	PRJEB73759	Mycobacterium tuberculosis	P034-N1426	PACBIO_SMRT	Sequel II	392249782.0	66552.0	WGS	GENOMIC	SINGLE	Sequel II sequencing
SRR29777153	SRX25277243	SRS21961075	SRP519287	PRJNA1134122	Listeria monocytogenes	N21-0849	OXFORD_NANOPORE	MinION	298727398.0	47572.0	WGS	GENOMIC	SINGLE	Long read WGS of Listeria monocytogenes: isolate N21-0849
SRR13448294	SRX9861445	SRS8041701	SRP295672	PRJNA681856	Salmonella enterica subsp. salamae	LHICA_SA2	OXFORD_NANOPORE	MinION	30557272.0	4000.0	WGS	GENOMIC	SINGLE	WGS of Salmonella Lhica SA2_2
SRR24140429	SRX19938648	SRS17287357	SRP247747	PRJNA604975	Escherichia coli	ox_bsi_207	OXFORD_NANOPORE	GridION	2636146628.0	263282.0	WGS	GENOMIC	SINGLE	oxford_bsi
ERR5671646	ERX5387127	ERS4842932	ERP122590	PRJEB39112	Klebsiella pneumoniae		OXFORD_NANOPORE	GridION	335828732.0	72088.0	WGS	GENOMIC	SINGLE	GridION sequencing
SRR34795081	SRX29928108	SRS26026045	SRP605455	PRJNA1299340	Escherichia coli	DA79882	OXFORD_NANOPORE	MinION	11856409271.0	1357390.0	WGS	GENOMIC	SINGLE	DA79882 0 mg/L TZP  Nanopore reads I-SceI digested pDNA
ERR1377192	ERX1448318	ERS1058909	ERP005928	PRJEB6403	Pseudomonas aeruginosa	NCTC10662	PACBIO_SMRT	PacBio RS	2225521279.0	163482.0	WGS	GENOMIC	SINGLE	PacBio RS sequencing
SRR17698263	SRX13861304	SRS11735425	SRP356218	PRJNA799443	Pantoea		OXFORD_NANOPORE	MinION	111772234.0	37422.0	WGS	GENOMIC	SINGLE	nanopore whole genome sequencing of citrus endophyte
ERR10664124	ERX10133308	ERS2786160	ERP104475	PRJEB22771	Streptococcus pneumoniae		PACBIO_SMRT	Sequel II	2667049227.0	407097.0	WGS	GENOMIC	SINGLE	Sequel II sequencing
SRR10918417	SRX7585720	SRS6019376	SRP051949	PRJNA271899	Escherichia coli	UCI_254	OXFORD_NANOPORE	GridION	2731392582.0	576251.0	WGS	GENOMIC	SINGLE	Sequencing of Carbapenem resistant bacteria
ERR15373183	ERX14776868	ERS23666155	ERP169391	PRJEB86018	Haemophilus influenzae		PACBIO_SMRT	Sequel II	271314766.0	21300.0	WGS	GENOMIC	SINGLE	Sequel II sequencing
SRR35281936	SRX30384013	SRS26424131	SRP618029	PRJNA1321121	Streptococcus uberis	1121759	OXFORD_NANOPORE	MinION	74290130.0	128964.0	WGS	GENOMIC	SINGLE	WGS of Streptoccocus uberis islated from cows with mastitis
SRR35737782	SRX30787133	SRS26801319	SRP630567	PRJNA1337272	Salmonella enterica subsp. enterica serovar Tennessee	not applicable	OXFORD_NANOPORE	GridION	543265550.0	126529.0	WGS	GENOMIC	SINGLE	Nanopore whole genome sequencing of Salmonella enterica subspecies enterica isolate 2004349-4
SRR5833682	SRX3010568	SRS1832481	SRP094480	PRJNA279196	Bordetella pertussis	H740	PACBIO_SMRT	PacBio RS II	814281863.0	163482.0	WGS	GENOMIC	SINGLE	
SRR12298367	SRX8801700	SRS6792204	SRP266402	PRJNA605147	Escherichia coli	RHBSTW-00205	PACBIO_SMRT	PacBio RS II	1329661311.0	180688.0	WGS	GENOMIC	SINGLE	PACBIO_SMRT sequencing of Escherichia coli isolate WTP3|T1-00205 cultured from WTP influent sample
SRR17118603	SRX13303159	SRS11212769	SRP040661	PRJNA231221	Psychrobacter sanguinis	FDAARGOS_1599	PACBIO_SMRT	Sequel	2093416482.0	181476.0	WGS	GENOMIC	SINGLE	
SRR24363114	SRX20151510	SRS17479689	SRP435301	PRJNA962172	Bradyrhizobium ottawaense	S15A-Bj	PACBIO_SMRT	PacBio RS II	1895506951.0	159145.0	WGS	GENOMIC	SINGLE	DNA-seq of B ottawaense S15A:bacteria
SRR30949446	SRX26352038	SRS22817366	SRP536567	PRJNA1165464	Escherichia coli	Not applicable	OXFORD_NANOPORE	MinION	172136404.0	39776.0	WGS	GENOMIC	SINGLE	Nanopore sequencing of E.coli: blood isolate
SRR29099105	SRX24623043	SRS21135503	SRP395888	PRJNA812595	Enterobacter roggenkampii	2024CK-00478	OXFORD_NANOPORE	GridION	522311998.0	95526.0	WGS	GENOMIC	SINGLE	Nanopore sequencing of ARLN isolate
SRR33323196	SRX28567588	SRS24861695	SRP581476	PRJNA1255637	Pseudomonas aeruginosa	ONT-PA099-FL-D-BC02	OXFORD_NANOPORE	GridION	14910329.0	2556.0	WGS	GENOMIC	SINGLE	ONT-PA099-FL-D-BC02
SRR22550159	SRX18513754	SRS15982792	SRP309589	PRJNA707214	Escherichia coli		OXFORD_NANOPORE	GridION	988726659.0	235663.0	WGS	GENOMIC	SINGLE	WGS of E.coli from human stool
SRR387075	SRX109929	SRS281279	SRP001087	PRJNA40075	Escherichia coli str. K-12 substr. MG1655	K-12	PACBIO_SMRT	PacBio RS	54816601.0	81741.0	WGS	GENOMIC	SINGLE	Whole Genome Sequencing and Assembly
ERR3986928	ERX3988955	ERS4380862	ERP120516	PRJEB37212	Klebsiella pneumoniae		OXFORD_NANOPORE	MinION	195604764.0	53861.0	WGS	GENOMIC	SINGLE	MinION sequencing; Oxfordshire gram negative bacteraemias
SRR31024171	SRX26411392	SRS22931347	SRP539092	PRJNA1174068	Vibrio cholerae	mHDM VC267	OXFORD_NANOPORE	PromethION	370288695.0	65340.0	WGS	GENOMIC	SINGLE	WGS of Vcholerae isolates
SRR32164149	SRX27509468	SRS23928333	SRP560556	PRJNA1147241	Priestia megaterium	CT11-7	OXFORD_NANOPORE	MinION	1040652764.0	162244.0	WGS	GENOMIC	SINGLE	wheat associated bacteria:Priestia megaterium
SRR498167	SRX148635	SRS281883	SRP013241	PRJNA73829	Vibrio cholerae		PACBIO_SMRT	PacBio RS	430308.0	1351.0	WGS	GENOMIC	SINGLE	Whole Genome Sequencing for N5 (strobe)
ERR4910158	ERX4776982	ERS4556738	ERP121699	PRJEB38289	Klebsiella pneumoniae		PACBIO_SMRT	PacBio RS	658687874.0	54494.0	WGS	GENOMIC	SINGLE	PacBio RS sequencing
SRR5271178	SRX2575226	SRS1990976	SRP100233	PRJNA370730	Propionibacteriaceae bacterium ES.041	ES.041	PACBIO_SMRT	PacBio RS	256816961.0	91995.0	WGS	GENOMIC	SINGLE	Propionibacteriaceae bacterium ES.041
ERR14686400	ERX14087919	ERS23773314	ERP169826	PRJEB86481	Escherichia coli str. K-12 substr. MG1655	K-12	OXFORD_NANOPORE	MinION	274682749.0	119092.0	WGS	GENOMIC	SINGLE	MinION sequencing
ERR10741493	ERX10190795	ERS14394767	ERP143791	PRJEB58724	Klebsiella pneumoniae		OXFORD_NANOPORE	MinION	871517012.0	223492.0	WGS	GENOMIC	SINGLE	NIHR Nanopore Sequencing
