srr_accession	srx_accession	srs_accession	srp_accession	bioproject	organism	strain	platform	instrument	total_bases	total_spots	library_strategy	library_source	library_layout	title
ERR10749428	ERX10201357	ERS14369556	ERP143680	PRJEB58617	Escherichia coli		OXFORD_NANOPORE	GridION	500032966.0	53225.0	WGS	GENOMIC	SINGLE	GridION sequencing
SRR8924504	SRX5705666	SRS4645104	SRP192888	PRJNA532547	Mycobacterium avium subsp. hominissuis	101034	OXFORD_NANOPORE	MinION	468239965.0	269609.0	WGS	GENOMIC	SINGLE	ONT sequencing of MAH: clinical sputum sample
ERR4165342	ERX4130661	ERS4576024	ERP121237	PRJEB37895	Stenotrophomonas indicatrix		PACBIO_SMRT	Sequel	439031277.0	52276.0	WGS	GENOMIC	SINGLE	Sequel sequencing
ERR2615938	ERX2632593	ERS1103826	ERP014552	PRJEB13014	Streptococcus pyogenes		PACBIO_SMRT	PacBio RS	1287264028.0	163482.0	WGS	GENOMIC	SINGLE	PacBio RS sequencing
SRR13348942	SRX9774961	SRS7962415	SRP300211	PRJNA683049	Klebsiella quasipneumoniae	KqPF26	OXFORD_NANOPORE	MinION	208868698.0	26486.0	WGS	GENOMIC	SINGLE	Genome of Klebsiella quasipneumoniae KqPF26
ERR13764907	ERX13166111	ERS21039357	ERP164181	PRJEB80140	Acinetobacter baumannii		OXFORD_NANOPORE	MinION	854793592.0	185083.0	WGS	GENOMIC	SINGLE	Raw reads: 13_GEN12932
SRR33705234	SRX28930705	SRS25168364	SRP587677	PRJNA1187867	Enterococcus sp.	E. faecalis HWP028:9A	OXFORD_NANOPORE	PromethION	39079568.0	32000.0	WGS	GENOMIC	SINGLE	E. faecalis HWP028:9A
SRR4181066	SRX2142362	SRS1674015	SRP086958	PRJNA303799	Nocardioides exalbidus	DSM 22017	PACBIO_SMRT	PacBio RS	768897206.0	223658.0	WGS	GENOMIC	SINGLE	Nocardioides exalbidus DSM 22017
ERR5353168	ERX5141203	ERS5752902	ERP126298	PRJEB42440	Klebsiella pneumoniae		OXFORD_NANOPORE	MinION	1521768845.0	382680.0	WGS	GENOMIC	SINGLE	MinION sequencing
SRR17231631	SRX13410731	SRS11313193	SRP350803	PRJNA788515	Erwinia tracheiphila	BHKY	OXFORD_NANOPORE	MinION	359114743.0	44935.0	WGS	GENOMIC	SINGLE	BHKY_ONT_reads
SRR25890277	SRX21610562	SRS18783792	SRP458186	PRJNA1012291	Staphylococcus	Staphylococcus aureus	OXFORD_NANOPORE	MinION	299142077.0	371820.0	WGS	GENOMIC	SINGLE	Nanopore sequencing data of MRSA
SRR12395327	SRX8893570	SRS7152592	SRP276100	PRJNA650381	Mycobacterium tuberculosis variant bovis BCG		OXFORD_NANOPORE	MinION	518247969.0	248537.0	WGS	GENOMIC	SINGLE	Nanopore TB WGS
ERR772448	ERX715327	ERS647564	ERP005928	PRJEB6403	Pasteurella multocida	NCTC10722	PACBIO_SMRT	PacBio RS	486737649.0	163482.0	WGS	GENOMIC	SINGLE	PacBio RS sequencing
SRR31566201	SRX26931810	SRS23405285	SRP548643	PRJNA1192988	Vibrio cholerae	CIV10	OXFORD_NANOPORE	PromethION	260968671.0	90235.0	WGS	GENOMIC	SINGLE	Genomic Diversity and Antimicrobial Resistance of Vibrio cholerae Isolates from Africa: A PulseNet Africa Initiative Using Nanopore Sequencing to Enhance Genomic Surveillance
SRR24323158	SRX20117600	SRS17447149	SRP434847	PRJNA962525	Escherichia coli	MDS42_HBA_8	OXFORD_NANOPORE	MinION	92442728.0	21415.0	WGS	GENOMIC	SINGLE	WGS of E. coli with additional episome
SRR387170	SRX109914	SRS281278	SRP001087	PRJNA40075	Escherichia coli str. K-12 substr. MG1655	K-12	PACBIO_SMRT	PacBio RS	40817564.0	81741.0	WGS	GENOMIC	SINGLE	Whole Genome Sequencing and Assembly
SRR33769490	SRX28991872	SRS22396743	SRP444583	PRJNA962904	Klebsiella grimontii		PACBIO_SMRT	Sequel II	83572411.0	6782.0	WGS	GENOMIC	SINGLE	PacBio sequencing of AH0133HE2 for ARCH 2
SRR23686053	SRX19548692	SRS2163565	SRP040281	PRJNA230403	Salmonella enterica	PNUSAS011707	OXFORD_NANOPORE	GridION	188573176.0	55011.0	WGS	GENOMIC	SINGLE	nanopore sequence of Salmonella enterica Enteriditis
SRR12995614	SRX9447048	SRS7660938	SRP290649	PRJNA672835	Pseudomonas aeruginosa	SRRSH1101	OXFORD_NANOPORE	MinION	1391946146.0	136983.0	WGS	GENOMIC	SINGLE	Nanopore of Pseudomonas aeruginosa:SRRSH1101_hybrid
DRR393624	DRX379443	DRS296957	DRP007849	PRJDB10842	Enterobacter hormaechei subsp. steigerwaltii	JBBCAAG-19-0001	OXFORD_NANOPORE	GridION	1256913240.0	204574.0	WGS	GENOMIC	SINGLE	GridION sequencing of SAMD00498273
DRR628564	DRX608892	DRS438894	DRP012486	PRJDB17635	Oscillospiraceae bacterium YB328	YB328	PACBIO_SMRT	Revio	248343951.0	37665.0	WGS	GENOMIC	SINGLE	Revio sequencing of SAMD00856356
SRR16259736	SRX12539358	SRS10498366	SRP040661	PRJNA231221	Clostridium sporogenes	FDAARGOS_1470	PACBIO_SMRT	Sequel	803555303.0	99409.0	WGS	GENOMIC	SINGLE	
SRR37104815	SRX32051054	SRS27988473	SRP674540	PRJNA1314445	Corynebacterium sanguinis	UC4440_H7	OXFORD_NANOPORE	MinION	333759491.0	71574.0	WGS	GENOMIC	SINGLE	UC4440
ERR15424196	ERX14828140	ERS25489553	ERP174275	PRJEB91289	Acinetobacter baumannii		OXFORD_NANOPORE	PromethION	736563202.0	98900.0	WGS	GENOMIC	SINGLE	Raw reads: MED0956_L
SRR8359510	SRX5170195	SRS2765996	SRP046387	PRJNA218110	Escherichia albertii	05-3106	PACBIO_SMRT	PacBio RS II	1797952118.0	163482.0	WGS	GENOMIC	SINGLE	Whole genome sequencing of Escherichia albertii
SRR6703160	SRX3677336	SRS1256898	SRP068738	PRJNA292900	Klebsiella pneumoniae	AR_0066	PACBIO_SMRT	PacBio RS II	1689018635.0	163482.0	WGS	GENOMIC	SINGLE	PacBio SMRT Sequencing of Klebsiella pneumoniae FDA-CDC-AR_0066 Genomic Library
SRR30855205	SRX26253578	SRS22793544	SRP511176	PRJNA935338	Neobacillus driksii	179-C4-2-HS	OXFORD_NANOPORE	PromethION	228456802.0	64000.0	WGS	GENOMIC	SINGLE	WGS of Neobacillus driksii 179-J C42 HS
SRR31896232	SRX27254544	SRS23699714	SRP555365	PRJNA1206708	Escherichia coli	ATCC35218_Rep6	OXFORD_NANOPORE	GridION	303051422.0	62920.0	WGS	GENOMIC	SINGLE	Reproducibility of nanopore sequencing in bacterial species
SRR36200482	SRX31237123	SRS27216452	SRP649104	PRJNA1367967	Klebsiella pneumoniae	38488B1	OXFORD_NANOPORE	PromethION	1341368657.0	1030741.0	WGS	GENOMIC	SINGLE	WGS of clinical Klebsiella pneumoniae from a referral hospital in Bansang, Gambia
SRR13380265	SRX9803305	SRS7987579	SRP300808	PRJNA649533	Salmonella enterica		OXFORD_NANOPORE	GridION	260971161.0	35993.0	WGS	GENOMIC	SINGLE	ISF salmonella
ERR10820956	ERX10266556	ERS7761483	ERP109413	PRJEB27342	Klebsiella pneumoniae		PACBIO_SMRT	Sequel II	6936516552.0	1970553.0	WGS	GENOMIC	SINGLE	Sequel II sequencing
ERR8007839	ERX7573508	ERS9899302	ERP131998	PRJEB47698	Klebsiella pneumoniae		OXFORD_NANOPORE	MinION	363333701.0	86578.0	WGS	GENOMIC	SINGLE	MinION sequencing
DRR594394	DRX574941	DRS566220	DRP015300	PRJDB18582	Campylobacter jejuni subsp. jejuni	IFTK332	PACBIO_SMRT	Revio	2779913465.0	263930.0	WGS	GENOMIC	SINGLE	Revio sequencing of SAMD00817491
ERR159963	ERX135907	ERS088717	ERP001163	PRJEB2848	Staphylococcus aureus subsp. aureus TW20	TW20	PACBIO_SMRT	PacBio RS	235860216.0	81741.0	WGS	GENOMIC	SINGLE	
ERR15373226	ERX14776911	ERS23666323	ERP169391	PRJEB86018	Haemophilus influenzae		PACBIO_SMRT	Sequel II	492351565.0	47437.0	WGS	GENOMIC	SINGLE	Sequel II sequencing
DRR287278	DRX276735	DRS318052	DRP010345	PRJDB10714	Annamia dubia NIES-4383	NIES-4383	OXFORD_NANOPORE	MinION	14926997.0	4000.0	WGS	GENOMIC	SINGLE	Annamia_sp_16
SRR16602837	SRX12804012	SRS10749572	SRP343516	PRJNA775652	Ralstonia solanacearum	40-4SP_UW354	PACBIO_SMRT	PacBio RS	1932375410.0	192922.0	WGS	GENOMIC	SINGLE	Cool-virulence in Ralstonia solanacearum
ERR10791243	ERX10240553	ERS2652542	ERP104475	PRJEB22771	Streptococcus pneumoniae		PACBIO_SMRT	Sequel II	4588571513.0	661167.0	WGS	GENOMIC	SINGLE	Sequel II sequencing
SRR35012808	SRX30129267	SRS26170252	SRP608881	PRJNA1291607	Listeria monocytogenes		OXFORD_NANOPORE	MinION	290393569.0	72655.0	WGS	GENOMIC	SINGLE	Complete Genome Sequence of Listeria monocytogenes: isolated from cerebrospinal fluid
SRR15462543	SRX11717494	SRS1717796	SRP332089	PRJNA528413	Escherichia coli O157:H7	SS TX 754-1	PACBIO_SMRT	PacBio RS II	1423394628.0	163482.0	WGS	GENOMIC	SINGLE	Genome sequencing of E. coli O157:H7 and O55:H7 strains
SRR13073498	SRX9520643	SRS6578778	SRP018785	PRJNA186035	Salmonella enterica subsp. enterica serovar Albany	CFSAN103854	OXFORD_NANOPORE	GridION	680964321.0	61306.0	WGS	GENOMIC	SINGLE	MDR Salmonella Trinidad and Tobago
SRR2120749	SRX1113193	SRS995424	SRP061308	PRJNA290306	Acinetobacter baumannii	XH386	PACBIO_SMRT	PacBio RS II	1107526641.0	163482.0	WGS	GENOMIC	SINGLE	Acinetobacter baumannii XH386 Genome sequencing (OXA-23)
SRR13386025	SRX9805404	SRS7989479	SRP300861	PRJNA663900	Enterococcus sp. DIV0448	DIV0448	OXFORD_NANOPORE	GridION	1205796182.0	109287.0	WGS	GENOMIC	SINGLE	Zoo 3 Enterococcus Diversity Genome sequencing and assembly
SRR28262555	SRX23872791	SRS20691738	SRP493972	PRJNA1085300	Bacillus thuringiensis	HD-1_2	OXFORD_NANOPORE	MinION	344945680.0	462597.0	WGS	GENOMIC	SINGLE	metagenomic nanopore sequencing of Bacillus thuringiensis bioinsecticide
ERR999919	ERX1078955	ERS744799	ERP005928	PRJEB6403	Escherichia coli	NCTC8603	PACBIO_SMRT	PacBio RS	99425702.0	163482.0	WGS	GENOMIC	SINGLE	PacBio RS sequencing
SRR16525723	SRX12728276	SRS10336804	SRP357537	PRJNA801416	Klebsiella pneumoniae	534	OXFORD_NANOPORE	GridION	1231713476.0	204524.0	WGS	GENOMIC	SINGLE	Extensive diversification and dissemination of blaNDM carbapenemase plasmids in Enterobacterales in Singapore 2010-2015
ERR2246667	ERX2298690	ERS1906606	ERP005928	PRJEB6403	Yersinia pestis	NCTC5923	PACBIO_SMRT	PacBio RS	2378412813.0	163482.0	WGS	GENOMIC	SINGLE	PacBio RS sequencing
SRR24918243	SRX20679015	SRS17875825	SRP338930	PRJNA766641	Mycobacterium tuberculosis	IDR 2100089216	OXFORD_NANOPORE	MinION	29096523.0	19653.0	WGS	GENOMIC	SINGLE	MinION sequencing of TB isolates
ERR2125623	ERX2182475	ERS1455257	ERP005928	PRJEB6403	Providencia alcalifaciens	NCTC6344	PACBIO_SMRT	PacBio RS	2158148614.0	163482.0	WGS	GENOMIC	SINGLE	PacBio RS sequencing
ERR879371	ERX958774	ERS654925	ERP005928	PRJEB6403	Staphylococcus epidermidis	NCTC11047	PACBIO_SMRT	PacBio RS	779267674.0	163482.0	WGS	GENOMIC	SINGLE	PacBio RS sequencing
ERR4179768	ERX4143192	ERS4590717	ERP121964	PRJEB38523	Mycoplasmopsis bovis		OXFORD_NANOPORE	MinION	1096505482.0	322860.0	WGS	GENOMIC	SINGLE	MinION sequencing
SRR4176912	SRX2141509	SRS1673297	SRP086888	PRJNA303869	Pseudomonas gessardii	LMG 21604	PACBIO_SMRT	PacBio RS	600446656.0	175324.0	WGS	GENOMIC	SINGLE	Pseudomonas gessardii BS2982
SRR15128546	SRX11437254	SRS9480075	SRP326190	PRJNA742487	Acinetobacter baumannii	MRSN 56	OXFORD_NANOPORE	MinION	500008190.0	13361.0	WGS	GENOMIC	SINGLE	Minion of Acinetobacter baumannii MRSN 56 Day 9
ERR11001114	ERX10437791	ERS14766189	ERP145593	PRJEB60525	Klebsiella pneumoniae		OXFORD_NANOPORE	MinION	236556025.0	178148.0	WGS	GENOMIC	SINGLE	MinION sequencing
SRR16929217	SRX13121350	SRS11056107	SRP303790	PRJNA685966	Staphylococcus pseudintermedius	HSP152	OXFORD_NANOPORE	MinION	200911875.0	60354.0	WGS	GENOMIC	SINGLE	Long-read genomic sequencing of Staphylococcus pseudintermedius from canine skin
SRR28036850	SRX23688305	SRS20496047	SRP490411	PRJNA1078256	Escherichia coli	KMi029	OXFORD_NANOPORE	MinION	1708460238.0	259824.0	WGS	GENOMIC	SINGLE	ONT sequencing of Escherichia coli: KMi029
SRR32164163	SRX27509454	SRS23928325	SRP560556	PRJNA1147241	Sphingomonas sp. Sphisp66	CT11-66	OXFORD_NANOPORE	MinION	266216264.0	54373.0	WGS	GENOMIC	SINGLE	wheat associated bacteria:Sphingomonas sp.
DRR594379	DRX574926	DRS566205	DRP015300	PRJDB18582	Campylobacter jejuni	IFTK99	PACBIO_SMRT	Revio	3294784339.0	320786.0	WGS	GENOMIC	SINGLE	Revio sequencing of SAMD00817476
SRR13269197	SRX9699260	SRS7895423	SRP272861	PRJNA646575	Phocaeicola vulgatus		OXFORD_NANOPORE	GridION	1253464655.0	261104.0	WGS	GENOMIC	SINGLE	WGS  of Bacteroides fragilis group clinical isolates
ERR12328547	ERX11705351	ERS17177498	ERP155552	PRJEB70626	Mycobacterium tuberculosis		OXFORD_NANOPORE	MinION	129915578.0	43894.0	WGS	GENOMIC	SINGLE	MinION sequencing
DRR723610	DRX703631	DRS495752	DRP013760	PRJDB20694	Rhabdothermus arcticus	JCM 15963	PACBIO_SMRT	Revio	262513631.0	16443.0	WGS	GENOMIC	SINGLE	Revio sequencing of SAMD01611135
SRR33086161	SRX28350329	SRS24679772	SRP577906	PRJNA1248189	Enterobacter hormaechei	220223	PACBIO_SMRT	Sequel IIe	89704129.0	12123.0	WGS	GENOMIC	SINGLE	Pacbio of ECC:Human
ERR2212612	ERX2266965	ERS1826243	ERP005928	PRJEB6403	Pasteurella canis	NCTC11650	PACBIO_SMRT	PacBio RS	565377806.0	163482.0	WGS	GENOMIC	SINGLE	PacBio RS sequencing
SRR32655888	SRX27959900	SRS24326280	SRP569671	PRJNA912210	Synechococcus sp. MIT S9452	MIT S9452	PACBIO_SMRT	Sequel	140451109.0	21049.0	WGS	GENOMIC	SINGLE	PacBio HiFi data of Synechococcus sp. MIT S9452
SRR1185251	SRX482669	SRS420803	SRP022645	PRJNA201983	Escherichia coli BWH 24	BWH 24	PACBIO_SMRT	PacBio RS	257481893.0	81741.0	WGS	GENOMIC	SINGLE	Pacbio whole genome shotgun sequencing of genomic DNA library 'PACBIO-465' containing sample 'Escherichia coli BWH 24'
SRR19633977	SRX15684323	SRS13382028	SRP379829	PRJNA848451	Staphylococcus epidermidis	sep4	OXFORD_NANOPORE	MinION	1049383791.0	78473.0	WGS	GENOMIC	SINGLE	Genome Seq of Staphylococcus edpidermidis MinIon seq
SRR3741174	SRX1895985	SRS1539278	SRP077831	PRJNA217204	Hydrogenovibrio marinus DSM 11271	DSM 11271	PACBIO_SMRT	PacBio RS	80409930.0	28238.0	WGS	GENOMIC	SINGLE	Hydrogenovibrio marinus DSM 11271
ERR12049727	ERX11432905	ERS16377420	ERP149821	PRJEB64629	Psychrobacter faecalis		OXFORD_NANOPORE	PromethION	1616120218.0	100951.0	WGS	GENOMIC	SINGLE	Psychrobacter faecalis_oxford_nanopore_ONT
SRR17687083	SRX13850336	SRS10450450	SRP340037	PRJNA768294	Klebsiella quasipneumoniae subsp. similipneumoniae	SB610	OXFORD_NANOPORE	MinION	883800349.0	55819.0	WGS	GENOMIC	SINGLE	SB610
SRR2140442	SRX1092964	SRS988456	SRP060752	PRJNA285350	Salmonella enterica subsp. enterica serovar Newport	0007-33	PACBIO_SMRT	PacBio RS II	1393384804.0	163482.0	WGS	GENOMIC	SINGLE	Global investigation of Salmonella enterica serovar Newport- Newport-0007-33 rep1
SRR13386138	SRX9805291	SRS7989366	SRP300861	PRJNA663900	Enterococcus sp. DIV0693	DIV0693	OXFORD_NANOPORE	GridION	837867661.0	61371.0	WGS	GENOMIC	SINGLE	Zoo 3 Enterococcus Diversity Genome sequencing and assembly
SRR14883168	SRX11200245	SRS9241017	SRP324698	PRJNA736395	Escherichia coli O111:H8	02-3334	PACBIO_SMRT	PacBio RS II	2495754970.0	163482.0	WGS	GENOMIC	SINGLE	Genome sequencing of E. coli O111 serotypes
SRR19548048	SRX15600177	SRS13301157	SRP378656	PRJNA844881	Carnobacterium sp. S41_bc36	S41_bc36	OXFORD_NANOPORE	PromethION	882319808.0	66384.0	WGS	GENOMIC	SINGLE	Whole Genomic sequencing of Bacteria: Salmon gut
SRR386237	SRX109856	SRS002764	SRP001666	PRJNA32461	Coprobacillus cateniformis	D6	PACBIO_SMRT	PacBio RS	97229462.0	81741.0	WGS	GENOMIC	SINGLE	Whole Genome Sequencing and Assembly
ERR14225714	ERX13625990	ERS18294139	ERP156237	PRJEB71438	Afipia felis		OXFORD_NANOPORE	MinION			WGS	GENOMIC	SINGLE	MinION sequencing
SRR12280615	SRX8784509	SRS7053174	SRP272861	PRJNA646575	Parabacteroides distasonis		OXFORD_NANOPORE	GridION	1145582132.0	198025.0	WGS	GENOMIC	SINGLE	WGS  of Bacteroides fragilis group clinical isolates
SRR10831792	SRX7505143	SRS5945826	SRP239543	PRJNA544530	Candidatus Profftella armatura		PACBIO_SMRT	Sequel	34064454089.0	13324562.0	WGS	GENOMIC	SINGLE	Diaphorina citri metagenome
SRR29988755	SRX25468812	SRS3717773	SRP040281	PRJNA230403	Salmonella enterica	PNUSAS051513	OXFORD_NANOPORE	GridION	189366949.0	93389.0	WGS	GENOMIC	SINGLE	WGS of Salmonella using ONT
SRR15195251	SRX11501814	SRS9540734	SRP329021	PRJNA748163	Streptomyces anulatus	VUW1	OXFORD_NANOPORE	MinION	3718596313.0	508286.0	WGS	GENOMIC	SINGLE	DNA-Seq of Streptomyces anulatus: isolated from Pseudocyphellaria dissimilis
ERR12488050	ERX11864133	ERS17744599	ERP153002	PRJEB67987	Mycobacterium tuberculosis		OXFORD_NANOPORE	MinION	356783518.0	201166.0	WGS	GENOMIC	SINGLE	MinION sequencing
SRR14108810	SRX10479572	SRS8608007	SRP312756	PRJNA689092	Xanthomonas campestris pv. campestris	33-2	PACBIO_SMRT	Sequel II	3592507313.0	415299.0	WGS	GENOMIC	SINGLE	Xc isolated from weeds and crops
SRR12711929	SRX9190792	SRS7426798	SRP285370	PRJNA647647	Streptomyces mexicanus	Marseille-Q0842	OXFORD_NANOPORE	GridION	15526222.0	4000.0	WGS	GENOMIC	SINGLE	ONT of Streptomyces mexicanus : Marseille
ERR15602668	ERX15005892	ERS26882936	ERP180185	PRJEB97707	Escherichia coli		OXFORD_NANOPORE	MinION	182358395.0	37512.0	WGS	GENOMIC	SINGLE	MinION sequencing
SRR36399346	SRX31426989	SRS27416001	SRP654172	PRJNA1377667	Paenibacillus sp. ALE1	ALE1	PACBIO_SMRT	Revio	17325789952.0	2098055.0	WGS	GENOMIC	SINGLE	DNA-Seq of Paenibacillus sp. strain ALE1
SRR14628378	SRX10968795	SRS8660112	SRP321015	PRJNA731114	Pseudomonas aeruginosa	PaLo1	OXFORD_NANOPORE	MinION	102378743.0	8516.0	WGS	GENOMIC	SINGLE	Nanopore sequencing of Pseudomonas aeruginosa isolates
SRR21415925	SRX17420563	SRS13526170	SRP361569	PRJNA768416	Bacillus sp. FSL P4-0248	FSL P4-0248	OXFORD_NANOPORE	MinION	526169086.0	162228.0	WGS	GENOMIC	SINGLE	WGS of Bacilli
ERR10741474	ERX10190777	ERS14394749	ERP143791	PRJEB58724	Klebsiella pneumoniae		OXFORD_NANOPORE	MinION	626270846.0	192044.0	WGS	GENOMIC	SINGLE	NIHR Nanopore Sequencing
ERR8282751	ERX7850182	ERS3033895	ERP112565	PRJEB30134	Escherichia coli	cpe014	OXFORD_NANOPORE	MinION	882028542.0	121009.0	WGS	GENOMIC	SINGLE	MinION sequencing
SRR12280256	SRX8784457	SRS7053155	SRP272861	PRJNA646575	Bacteroides salyersiae	BFG-256	OXFORD_NANOPORE	GridION	1149382417.0	148237.0	WGS	GENOMIC	SINGLE	WGS  of Bacteroides fragilis group clinical isolates
SRR9722662	SRX6480107	SRS5130213	SRP215816	PRJNA470993	Staphylococcus aureus	ER02947.3	PACBIO_SMRT	PacBio RS II	1194415170.0	154481.0	WGS	GENOMIC	SINGLE	WGS of Staphylococcus aureus
DRR493439	DRX477638	DRS315344	DRP010257	PRJDB16227	Vibrio sp. 10N	10N	OXFORD_NANOPORE	GridION	3841884424.0	359396.0	WGS	GENOMIC	SINGLE	GridION sequencing of SAMD00631771
SRR35513785	SRX30589579	SRS26617988	SRP620300	PRJNA1328464	Staphylococcus hominis	SHOMINIS	OXFORD_NANOPORE	GridION	95928580.0	25509.0	WGS	GENOMIC	SINGLE	Staphylococcus hominis, MMM kit, replicate 2, sequence replicate 2
SRR12395134	SRX8893763	SRS7152785	SRP276100	PRJNA650381	Mycobacterium tuberculosis		OXFORD_NANOPORE	MinION	661048026.0	357231.0	WGS	GENOMIC	SINGLE	Nanopore TB WGS
SRR12395361	SRX8893536	SRS7152558	SRP276100	PRJNA650381	Mycobacterium tuberculosis		OXFORD_NANOPORE	MinION	507943529.0	365974.0	WGS	GENOMIC	SINGLE	Nanopore TB WGS
SRR30896177	SRX26299844	SRS22828565	SRP536878	PRJNA1134622	Escherichia coli	OXEC-214	OXFORD_NANOPORE	MinION	343719384.0	108630.0	WGS	GENOMIC	SINGLE	OXEC-214
SRR30896105	SRX26299916	SRS22828638	SRP536878	PRJNA1134622	Escherichia coli	OXEC-243	OXFORD_NANOPORE	MinION	1129654930.0	331256.0	WGS	GENOMIC	SINGLE	OXEC-243
SRR9989953	SRX6729321	SRS5281192	SRP218621	PRJNA560592	Neisseria gonorrhoeae	SZ2017191	OXFORD_NANOPORE	MinION	264428124.0	79839.0	WGS	GENOMIC	SINGLE	NG starin ShenZhen2017191 sequenced by MinION raw
SRR386551	SRX109956	SRS212340	SRP007237	PRJNA39375	Eubacterium sp. 3_1_31	3_1_31	PACBIO_SMRT	PacBio RS	130711837.0	81741.0	WGS	GENOMIC	SINGLE	Whole Genome Sequencing and Assembly
SRR14628255	SRX10968918	SRS8660039	SRP321015	PRJNA731114	Pseudomonas aeruginosa	PaLo170	OXFORD_NANOPORE	MinION	245808369.0	41378.0	WGS	GENOMIC	SINGLE	Nanopore sequencing of Pseudomonas aeruginosa isolates
SRR10386878	SRX7087607	SRS5601808	SRP227996	PRJNA587161	Enterococcus faecalis	111540047-1	OXFORD_NANOPORE	MinION	346645741.0	80041.0	WGS	GENOMIC	SINGLE	ISS_3_MinION
SRR353479	SRX101297	SRS259611	SRP000285	PRJNA68153	Escherichia coli O104:H4 str. C227-11	C227-11	PACBIO_SMRT	PacBio RS	126555329.0	81741.0	WGS	GENOMIC	SINGLE	Genome Sequencing and Assembly of E. coli O104:H4 strains
ERR13600816	ERX12971839	ERS5521180	ERP126193	PRJEB42350	Klebsiella pneumoniae		OXFORD_NANOPORE	GridION	443344022.0	20836.0	WGS	GENOMIC	SINGLE	GridION sequencing
SRR16525369	SRX12728116	SRS10336613	SRP357537	PRJNA801416	Escherichia coli	E804	OXFORD_NANOPORE	GridION	1138104616.0	163535.0	WGS	GENOMIC	SINGLE	Extensive diversification and dissemination of blaNDM carbapenemase plasmids in Enterobacterales in Singapore 2010-2015
SRR8143889	SRX4964547	SRS3452369	SRP143617	PRJNA453501	Mesorhizobium sp. M2A.F.Ca.ET.043.02.1.1	M2A.F.Ca.ET.043.02.1.1	PACBIO_SMRT	PacBio RS II	2712237840.0	163482.0	WGS	GENOMIC	SINGLE	43P2S1
SRR12298633	SRX8801944	SRS6792034	SRP266402	PRJNA605147	Escherichia coli	RHB32-C08	OXFORD_NANOPORE	GridION	125405585.0	44174.0	WGS	GENOMIC	SINGLE	OXFORD_NANOPORE sequencing of Escherichia coli isolate RH13|T3-C08 cultured from Sheep faeces sample
ERR14125753	ERX13528410	ERS22899863	ERP159032	PRJEB74343	Escherichia coli		OXFORD_NANOPORE	PromethION			WGS	GENOMIC	SINGLE	Escherichia_coli_DSMZ18039
SRR30342952	SRX25801197	SRS22432675	SRP528120	PRJNA1150149	Klebsiella pneumoniae	ST584	OXFORD_NANOPORE	MinION	548500647.0	87635.0	WGS	GENOMIC	SINGLE	ONT long-read sequencing of potential healthcare transmission pathogens
ERR14686391	ERX14087910	ERS23773305	ERP169826	PRJEB86481	Escherichia coli str. K-12 substr. MG1655	K-12	OXFORD_NANOPORE	MinION	181855342.0	67565.0	WGS	GENOMIC	SINGLE	MinION sequencing
SRR27664428	SRX23332242	SRS20194708	SRP484836	PRJNA1066958	Bordetella pertussis	BP-L1	OXFORD_NANOPORE	MinION	620163732.0	62283.0	WGS	GENOMIC	SINGLE	Bordetella pertussis strain BP-L1 was grown on Bordet Gengou agar and incubated for 72 h at 37 degrees Celsius
ERR657669	ERX613992	ERS485858	ERP005928	PRJEB6403	Pseudescherichia vulneris	NCTC12130	PACBIO_SMRT	PacBio RS	999913093.0	163482.0	WGS	GENOMIC	SINGLE	PacBio RS sequencing
SRR35246354	SRX30349253	SRS26392393	SRP617052	PRJNA893743	Paraburkholderia sp. RAU6.4a	RAU6.4a	PACBIO_SMRT	Sequel IIe	1094763816.0	96581.0	WGS	GENOMIC	SINGLE	Paraburkholderia tuberum RAU6.4a
SRR26162841	SRX21874978	SRS18966413	SRP463007	PRJNA1020811	Enterobacter cloacae	isolateF	OXFORD_NANOPORE	MinION	292801460.0	27198.0	WGS	GENOMIC	SINGLE	WGS of Enterobacterales: ONT RBKv14 validation
SRR24899239	SRX20661417	SRS17958123	SRP442894	PRJNA980916	Vibrio parahaemolyticus	Tumbes-M03	OXFORD_NANOPORE	MinION	1408243983.0	180066.0	WGS	GENOMIC	SINGLE	whole genome of Vibrio spp PirAB
SRR287783	SRX078307	SRS212382	SRP007207	PRJNA68253	Escherichia coli		PACBIO_SMRT	PacBio RS	210422052.0	81741.0	WGS	GENOMIC	SINGLE	Whole Genome Sequencing for JM221
SRR32204221	SRX27545590	SRS23960614	SRP561120	PRJNA1214876	Ekhidna algicida	To15	OXFORD_NANOPORE	MinION	37929077.0	4000.0	WGS	GENOMIC	SINGLE	Ekhidna algicida strain To15 genome
SRR13673805	SRX10063245	SRS8225442	SRP040661	PRJNA231221	Escherichia coli	FDAARGOS_1297	PACBIO_SMRT	Sequel	1848632384.0	176304.0	WGS	GENOMIC	SINGLE	
SRR30949614	SRX26352172	SRS22817431	SRP536567	PRJNA1165464	Escherichia coli	Not applicable	OXFORD_NANOPORE	MinION	545667612.0	168289.0	WGS	GENOMIC	SINGLE	Nanopore sequencing of E.coli: blood isolate
SRR9001310	SRX5780072	SRS3932959	SRP165734	PRJNA496461	Klebsiella pneumoniae	KLPN_139	OXFORD_NANOPORE	MinION			WGS	GENOMIC	SINGLE	nanopore seq of klebsiella pneumoniae
SRR9616111	SRX6379192	SRS5039846	SRP212399	PRJNA548188	Borreliella burgdorferi	K56	OXFORD_NANOPORE	GridION	1040632916.0	955482.0	WGS	GENOMIC	SINGLE	Borreliella burgdorferi Genome sequencing and assembly
SRR25916660	SRX21636512	SRS18806613	SRP321830	PRJNA674638	Lactiplantibacillus pentosus	14.8.42	PACBIO_SMRT	PacBio RS	252323987.0	32012.0	WGS	GENOMIC	SINGLE	PacBio sequencing of bacterial genomes associated with fermentation and spoilage of pickling cucumbers
ERR2532073	ERX2550502	ERS2402852	ERP005928	PRJEB6403	Bibersteinia trehalosi	NCTC11549	PACBIO_SMRT	PacBio RS	47910864.0	163482.0	WGS	GENOMIC	SINGLE	PacBio RS sequencing
SRR21472878	SRX17476918	SRS15030128	SRP396115	PRJNA868296	Stutzerimonas stutzeri	GD04113	OXFORD_NANOPORE	MinION	217813357.0	24071.0	WGS	GENOMIC	SINGLE	WGS of Pseudomonas stutzeri
SRR35851001	SRX30900253	SRS26900613	SRP636871	PRJNA1334387	Pseudoalteromonas ruthenica	ABM4_041	OXFORD_NANOPORE	GridION	1261842556.0	224379.0	WGS	GENOMIC	SINGLE	WGS of Pseudoalteromonas ruthenica: Marine biofilm
SRR33906236	SRX29113693	SRS25319853	SRP590983	PRJNA1214554	Shewanella oneidensis	MR1	OXFORD_NANOPORE	MinION	1238841611.0	202704.0	WGS	GENOMIC	SINGLE	WGS of Shewanella oneidensis WT after growth on LB with UV stress with silenced ISSoD2 replicate 3
SRR11048320	SRX7698339	SRS6122825	SRP247779	PRJNA345944	Actinomadura luteofluorescens	DSM 40398	PACBIO_SMRT	Sequel	99023169.0	25071.0	WGS	GENOMIC	SINGLE	Actinomadura luteofluorescens DSM 40398
SRR33768643	SRX28990834	SRS22396852	SRP444583	PRJNA962904	Escherichia coli		PACBIO_SMRT	Sequel II	442600464.0	21609.0	WGS	GENOMIC	SINGLE	PacBio sequencing of A159022HE1 for ARCH 2
SRR15989324	SRX12278215	SRS9998888	SRP357537	PRJNA801416	Escherichia coli	E707	OXFORD_NANOPORE	GridION	2222218309.0	223791.0	WGS	GENOMIC	SINGLE	Whole Genome Sequencing of Carbapenemase-producing Enterobacterales (CPE)
SRR30413212	SRX25838911	SRS22408802	SRP527528	PRJNA1143456	Tardiphaga sp. 619_E2_N8_4	619_E2_N8_4	OXFORD_NANOPORE	PromethION	1771488352.0	474602.0	WGS	GENOMIC	SINGLE	Tardiphaga sp. 619_E2_N8_4 nanopore genome sequencing (files compressed once)
ERR1738367	ERX1807993	ERS1247812	ERP005928	PRJEB6403	Mycolicibacterium gilvum	NCTC10742	PACBIO_SMRT	PacBio RS	701078362.0	163482.0	WGS	GENOMIC	SINGLE	PacBio RS sequencing
SRR7473055	SRX4342695	SRS3503278	SRP152212	PRJNA332243	Megasphaera elsdenii	NCIMB 702410	PACBIO_SMRT	PacBio RS II	482069295.0	91266.0	WGS	GENOMIC	SINGLE	Megasphaera elsdenii NCIMB 702410
ERR9030506	ERX8573916	ERS10792307	ERP133548	PRJEB49093	Mycobacterium tuberculosis	Lineage 2.2	OXFORD_NANOPORE	MinION	661732318.0	206246.0	WGS	GENOMIC	SINGLE	MinION sequencing; Raw reads: R30215-nanopore
SRR24140375	SRX19938702	SRS17287411	SRP247747	PRJNA604975	Escherichia coli	ox_bsi_353	OXFORD_NANOPORE	GridION	387350646.0	53240.0	WGS	GENOMIC	SINGLE	oxford_bsi
DRR482531	DRX466757	DRS312747	DRP010188	PRJDB15932	Campylobacter jejuni	BCH-10172	OXFORD_NANOPORE	MinION	70053289.0	6047.0	WGS	GENOMIC	SINGLE	SSUB025744: Campylobacter jejuni BCH-10172
SRR10969384	SRX7634984	SRS6065711	SRP245351	PRJNA588357	Nostoc sp. ATCC 53789	ATCC 53789	OXFORD_NANOPORE	GridION	4742573758.0	626474.0	WGS	GENOMIC	SINGLE	ONT SQK-LSK109 library of SAMN13242330 gDNA: R9.4.1 flowcell
SRR29932320	SRX25426010	SRS22086481	SRP521720	PRJNA1130504	Staphylococcus chromogenes	pending	OXFORD_NANOPORE	GridION	134510136.0	13597.0	WGS	GENOMIC	SINGLE	WGS of Staphylococcus chromogenes: bovine quarter milk intramammary infection
ERR16064477	ERX15454659	ERS28397612	ERP173262	PRJEB90249	Enterococcus faecium		OXFORD_NANOPORE	GridION	836226481.0	321700.0	WGS	GENOMIC	SINGLE	GridION sequencing
ERR10498690	ERX10015979	ERS14255980	ERP142629	PRJEB57633	Escherichia coli		OXFORD_NANOPORE	GridION	111813389.0	11107.0	WGS	GENOMIC	SINGLE	Raw reads: ONT_30602_1#265
SRR32584333	SRX27890807	SRS24262134	SRP568071	PRJNA1231784	Mycobacterium	RIF04ugmlmutant31	OXFORD_NANOPORE	GridION	324871967.0	45739.0	WGS	GENOMIC	SINGLE	Genome sequencing of Mycobacterium sp.
SRR9027952	SRX5805513	SRS4735096	SRP188851	PRJNA523365	Mycobacterium avium complex sp.	JHN_AV_0055_4	OXFORD_NANOPORE	GridION	184220513.0	93506.0	WGS	GENOMIC	SINGLE	Sequencing of non-tuberculosis mycobacteria
SRR16775450	SRX12974707	SRS10915542	SRP215816	PRJNA470993	Staphylococcus aureus		PACBIO_SMRT	PacBio RS II	1302912594.0	152986.0	WGS	GENOMIC	SINGLE	WGS of Staphylococcus aureus
SRR33768903	SRX28991176	SRS22456355	SRP444583	PRJNA962904	Klebsiella pneumoniae		PACBIO_SMRT	Sequel II	289112590.0	13264.0	WGS	GENOMIC	SINGLE	PacBio sequencing of AH0710HE2 for ARCH 2
ERR5353278	ERX5141313	ERS5752910	ERP126298	PRJEB42440	Klebsiella pneumoniae		OXFORD_NANOPORE	GridION	309011112.0	47828.0	WGS	GENOMIC	SINGLE	GridION sequencing
SRR11867865	SRX8418123	SRS6729751	SRP265117	PRJNA635644	Escherichia coli	O25:H4/H53/H55/H17	OXFORD_NANOPORE	MinION	218229483.0	35863.0	WGS	GENOMIC	SINGLE	Nanopore WGS of Malawi ExPEC 40
ERR10818582	ERX10264071	ERS14380793	ERP143725	PRJEB58654	Streptococcus pyogenes		OXFORD_NANOPORE	MinION	28616096.0	1266.0	WGS	GENOMIC	SINGLE	MinION sequencing
ERR15094648	ERX14499250	ERS24813635	ERP119900	PRJEB36683	Klebsiella pneumoniae 11227-1		OXFORD_NANOPORE	PromethION	995817146.0	442984.0	WGS	GENOMIC	SINGLE	Raw reads: JKPB544_L
SRR15031938	SRX11343441	SRS9383692	SRP326726	PRJNA737600	Streptomyces sp. GMY02	GMY02	OXFORD_NANOPORE	GridION	7444616.0	4000.0	WGS	GENOMIC	SINGLE	WGS Streptomyces sp. GMY02
ERR3965066	ERX3968409	ERS4359489	ERP120218	PRJEB36951	Escherichia coli		OXFORD_NANOPORE	MinION	322346155.0	43990.0	WGS	GENOMIC	SINGLE	MinION sequencing; Raw reads: SC392
SRR14307886	SRX10663290	SRS8145457	SRP301498	PRJNA690640	Enterococcus faecium		OXFORD_NANOPORE	MinION	3548535.0	407.0	WGS	GENOMIC	SINGLE	WGS of E. faecium
SRR13380343	SRX9803227	SRS7987513	SRP300808	PRJNA649533	Salmonella enterica		OXFORD_NANOPORE	GridION	697171985.0	144831.0	WGS	GENOMIC	SINGLE	ISF salmonella
SRR35689159	SRX30738756	SRS26754754	SRP612306	PRJNA1310584	Staphylococcus aureus	Milk_sample_6	OXFORD_NANOPORE	MinION	28866753.0	5397.0	WGS	GENOMIC	SINGLE	Wole genom
SRR386195	SRX109854	SRS002809	SRP001771	PRJNA38519	Fusobacterium animalis 3_1_33	3_1_33	PACBIO_SMRT	PacBio RS	87798595.0	81741.0	WGS	GENOMIC	SINGLE	Whole Genome Sequencing and Assembly
ERR5295497	ERX5085122	ERS5649895	ERP126298	PRJEB42440	Citrobacter freundii		OXFORD_NANOPORE	MinION	2709301120.0	758898.0	WGS	GENOMIC	SINGLE	MinION sequencing
SRR18681733	SRX14782764	SRS12539527	SRP368114	PRJNA824420	Escherichia coli	GD02999_ECOL_HY_117	OXFORD_NANOPORE	MinION	544477902.0	59491.0	WGS	GENOMIC	SINGLE	Long-read sequencing of Escherichia coli: isolate #117 urine
SRR7777440	SRX4632633	SRS3733488	SRP159347	PRJNA481851	Pseudomonas plecoglossicida	XSDHY-P	PACBIO_SMRT	PacBio RS II	1510194735.0	163482.0	WGS	GENOMIC	SINGLE	genome sequencing
SRR30934794	SRX26337515	SRS22863377	SRP537571	PRJNA1168290	Paenibacillus sp. TAB_01	TAB_01	OXFORD_NANOPORE	MinION	1796105.0	189.0	WGS	GENOMIC	SINGLE	Paenibacillus sp. TAB 01 from cotton plant tissue
ERR2535306	ERX2553858	ERS2430687	ERP108412	PRJEB26426	Escherichia coli		PACBIO_SMRT	PacBio RS	3608265875.0	163482.0	WGS	GENOMIC	SINGLE	PacBio RS sequencing
SRR31024203	SRX26411360	SRS22931315	SRP539092	PRJNA1174068	Vibrio cholerae	mHDM VC164	OXFORD_NANOPORE	PromethION	514493902.0	205081.0	WGS	GENOMIC	SINGLE	WGS of Vcholerae isolates
SRR801675	SRX255779	SRS000462	SRP020003	PRJNA194437	Escherichia coli str. K-12 substr. MG1655	K-12	PACBIO_SMRT	PacBio RS	173371072.0	81741.0	WGS	GENOMIC	SINGLE	E. coli K12 PacBio RS C2 CCS sequencing
ERR13332129	ERX12703146	ERS16392029	ERP151328	PRJEB66266	Clostridioides difficile R20291		OXFORD_NANOPORE	GridION	297432468.0	39599.0	WGS	GENOMIC	SINGLE	GridION sequencing
SRR30896360	SRX26299661	SRS22828383	SRP536878	PRJNA1134622	Escherichia coli	OXEC-301	OXFORD_NANOPORE	MinION	618843727.0	190556.0	WGS	GENOMIC	SINGLE	OXEC-301
ERR9030517	ERX8573927	ERS10792345	ERP133548	PRJEB49093	Mycobacterium tuberculosis	Lineage 4.1	OXFORD_NANOPORE	GridION	293107410.0	182960.0	WGS	GENOMIC	SINGLE	GridION sequencing; Raw reads: 18_620606-nanopore
SRR386759	SRX109811	SRS004883	SRP001079	PRJNA40077	Cereibacter sphaeroides 2.4.1	2.4.1	PACBIO_SMRT	PacBio RS	20266159.0	60667.0	WGS	GENOMIC	SINGLE	Whole Genome Sequencing and Assembly
SRR33191913	SRX28439516	SRS24761377	SRP579431	PRJNA1252054	Clostridioides difficile	LK3P-030	OXFORD_NANOPORE	GridION	543296094.0	267196.0	WGS	GENOMIC	SINGLE	C. difficile LK3P-030 genome (long read)
SRR8776817	SRX5566953	SRS4529930	SRP189296	PRJNA528186	Staphylococcus aureus	UP_1209	OXFORD_NANOPORE	MinION	789490840.0	105320.0	WGS	GENOMIC	SINGLE	UP_1209_nanopore
ERR14294270	ERX13695368	ERS23161464	ERP163718	PRJEB79567	Salmonella enterica subsp. enterica serovar Enteritidis		OXFORD_NANOPORE	PromethION	482825172.0	132000.0	WGS	GENOMIC	SINGLE	Raw reads: SE061_L
SRR27496362	SRX23167495	SRS20117080	SRP483192	PRJNA1063326	Dermatophilaceae bacterium Soc4.6	Soc4.6	OXFORD_NANOPORE	MinION	321191796.0	70604.0	WGS	GENOMIC	SINGLE	WGS of isolated Dermatophilaceae bacterium from Antarctic soil
SRR22784931	SRX18744513	SRS16179715	SRP413484	PRJNA912639	Escherichia coli	EC_B1_9226_C5_H_CuN_CeP	OXFORD_NANOPORE	MinION	727687698.0	95557.0	WGS	GENOMIC	SINGLE	WGS of Escherichia coli
SRR11565318	SRX8134487	SRS6497908	SRP257007	PRJNA576712	Pseudonocardia sp. JKS002359	JKS002359	OXFORD_NANOPORE	MinION	680420769.0	557668.0	WGS	GENOMIC	SINGLE	Oxford Nanopore MinION JKG000031.1
SRR11211679	SRX7824617	SRS595048	SRP041316	PRJNA233522	Rhodococcoides fascians A21d2	A21d2	OXFORD_NANOPORE	MinION	3246984712.0	418684.0	WGS	GENOMIC	SINGLE	Sequencing of SAMN02569990
SRR17873548	SRX14032920	SRS11868077	SRP358106	PRJNA800461	Enterococcus hirae	OA12	PACBIO_SMRT	Sequel	7799123277.0	1974729.0	WGS	GENOMIC	SINGLE	DNA Seq of Enterococcus hirae OA12
SRR3757105	SRX1906169	SRS1546885	SRP078137	PRJNA217194	Eubacterium sp. AB3007	AB3007	PACBIO_SMRT	PacBio RS	298375557.0	107905.0	WGS	GENOMIC	SINGLE	Eubacterium sp. AB3007
SRR31024307	SRX26411256	SRS22931210	SRP539092	PRJNA1174068	Vibrio cholerae	mHDM VC98	OXFORD_NANOPORE	PromethION	227631685.0	177139.0	WGS	GENOMIC	SINGLE	WGS of Vcholerae isolates
SRR26386652	SRX22092791	SRS19158752	SRP466359	PRJNA660241	Salmonella sp. 2267	2267	PACBIO_SMRT	PacBio RS	1083321600.0	3611072.0	WGS	GENOMIC	PAIRED	Salmonella enterica Genome sequencing
ERR3094240	ERX3155067	ERS3050922	ERP113465	PRJEB30967	Shigella sonnei		OXFORD_NANOPORE	MinION			WGS	GENOMIC	SINGLE	MinION sequencing
SRR21415598	SRX17420282	SRS12114974	SRP361569	PRJNA768416	Bacillus sp. FSL K6-3154	FSL K6-3154	OXFORD_NANOPORE	MinION	790623763.0	210982.0	WGS	GENOMIC	SINGLE	WGS of Bacilli
ERR3986167	ERX3988545	ERS4380826	ERP120516	PRJEB37212	Klebsiella pneumoniae		OXFORD_NANOPORE	MinION	515614073.0	122065.0	WGS	GENOMIC	SINGLE	MinION sequencing; Oxfordshire gram negative bacteraemias
SRR8518580	SRX5322095	SRS4317786	SRP136968	PRJNA448475	Salmonella enterica subsp. enterica serovar Typhimurium	sg_wt7	PACBIO_SMRT	PacBio RS II	1508735737.0	163482.0	WGS	GENOMIC	SINGLE	Genome sequencing of Salmonella enterica subsp. enterica serovar Typhimurium sg_wt7
DRR723643	DRX703664	DRS495783	DRP013760	PRJDB20694	Paenibacillus sp. JCM 18996	JCM 18996	PACBIO_SMRT	Revio	287343680.0	21247.0	WGS	GENOMIC	SINGLE	Revio sequencing of SAMD01611166
SRR7637785	SRX4501332	SRS3622100	SRP156143	PRJNA449717	Helicobacter saguini	15-1416 (F2)	PACBIO_SMRT	PacBio RS II	543039619.0	133998.0	WGS	GENOMIC	SINGLE	WGS of H. saguini 15-1416 (F2)
SRR17842154	SRX14003130	SRS11841430	SRP357667	PRJNA798866	Acinetobacter baumannii	AB181-VUB	OXFORD_NANOPORE	MinION	560209491.0	138827.0	WGS	GENOMIC	SINGLE	AB181-VUB complete chromosome
ERR1309543	ERX1381166	ERS1083008	ERP014559	PRJEB13021	Escherichia coli K-12		OXFORD_NANOPORE	MinION	339181232.0	31106.0	WGS	GENOMIC	SINGLE	MinION sequencing
SRR12247622	SRX8755545	SRS6976413	SRP266402	PRJNA605147	Escherichia coli	RHB45-SO-C03	OXFORD_NANOPORE	GridION	2405397969.0	313379.0	WGS	GENOMIC	SINGLE	Oxford Nanopore sequencing of Escherichia coli isolate RH20|T1-SOC03 cultured from poultry farm soil sample
SRR26961105	SRX22654819	SRS19651114	SRP474457	PRJNA1045330	Mucilaginibacter gossypii	cycad4	PACBIO_SMRT	Sequel II	937756925.0	201498.0	WGS	GENOMIC	SINGLE	Genome of Mucilaginibacter sp. cycad 4
SRR24474911	SRX20261317	SRS17592076	SRP436581	PRJNA967113	Escherichia coli	CPO446	OXFORD_NANOPORE	MinION	174902348.0	9853.0	WGS	GENOMIC	SINGLE	WGS of bacterial isolate possessing blaNDM carbapenemase
SRR35298691	SRX30400760	SRS26437374	SRP618279	PRJNA1315179	Salmonella enterica subsp. enterica	Typhi	OXFORD_NANOPORE	MinION	1843304535.0	456254.0	WGS	GENOMIC	SINGLE	MinION sequencing of Salmonella Typhi
SRR31599249	SRX26964434	SRS23434147	SRP549287	PRJNA1185485	Escherichia coli	543	OXFORD_NANOPORE	PromethION	608568116.0	106753.0	WGS	GENOMIC	SINGLE	RMB-3R-barcode10
SRR16251402	SRX12531024	SRS10490071	SRP040661	PRJNA231221	Enterobacter ludwigii	FDAARGOS_1498	PACBIO_SMRT	Sequel	1270770846.0	137347.0	WGS	GENOMIC	SINGLE	
SRR5182172	SRX2498279	SRS1925132	SRP096895	PRJNA353873	Mycobacterium tuberculosis		PACBIO_SMRT	PacBio RS	396666978.0	163482.0	WGS	GENOMIC	SINGLE	DNA of Mtb
SRR21415724	SRX17420156	SRS13525965	SRP361569	PRJNA768416	Enterococcus sp. FSL W8-0510	FSL W8-0510	OXFORD_NANOPORE	MinION	1506854525.0	269504.0	WGS	GENOMIC	SINGLE	WGS of Bacilli
SRR34878354	SRX30009189	SRS26084402	SRP606896	PRJNA1283264	Escherichia coli	FCI51	OXFORD_NANOPORE	MinION	360121402.0	114558.0	WGS	GENOMIC	SINGLE	FCI51 whole genome shotgun sequencing (e_coli_2022_10_19)
ERR2225519	ERX2278889	ERS1869790	ERP005928	PRJEB6403	Shigella flexneri	NCTC8524	PACBIO_SMRT	PacBio RS	1608834184.0	163482.0	WGS	GENOMIC	SINGLE	PacBio RS sequencing
ERR4763149	ERX4636202	ERS5247871	ERP124695	PRJEB40976	Enterococcus faecalis		OXFORD_NANOPORE	GridION	455145495.0	20549.0	WGS	GENOMIC	SINGLE	GridION sequencing; Raw reads: 28157_4#164
SRR13957687	SRX10335990	SRS8455534	SRP300861	PRJNA663900	Enterococcus sp. DIV1059_1	DIV1059_1	OXFORD_NANOPORE	GridION	1313374254.0	125006.0	WGS	GENOMIC	SINGLE	sequencing of enterococcal diversity
ERR3986934	ERX3988961	ERS4380868	ERP120516	PRJEB37212	Escherichia coli		OXFORD_NANOPORE	MinION	111951576.0	36561.0	WGS	GENOMIC	SINGLE	MinION sequencing; Oxfordshire gram negative bacteraemias
SRR24139988	SRX19938417	SRS17287126	SRP247747	PRJNA604975	Escherichia coli	ox_bsi_410	OXFORD_NANOPORE	GridION	3313174995.0	447620.0	WGS	GENOMIC	SINGLE	oxford_bsi
SRR15715632	SRX12011196	SRS10017195	SRP335622	PRJNA760542	Leucobacter tardus	Psy1	PACBIO_SMRT	PacBio RS II	4757768520.0	1161788.0	WGS	GENOMIC	SINGLE	Long-read sequencing of two bacterial species
SRR28434481	SRX24038770	SRS20831717	SRP497546	PRJNA1091452	Staphylococcus aureus	SA74-PS	OXFORD_NANOPORE	MinION	167625028.0	40000.0	WGS	GENOMIC	SINGLE	ONT performance study sequencing of S. aureus
SRR27755672	SRX23420745	SRS13025960	SRP162786	PRJNA493675	Listeria monocytogenes	R20.0088	OXFORD_NANOPORE	MinION	270986841.0	32093.0	WGS	GENOMIC	SINGLE	WGS of Listeria monocytogenes
SRR25637828	SRX21364474	SRS18600545	SRP454894	PRJNA1005239	Escherichia coli str. K-12 substr. MG1655	K-12	OXFORD_NANOPORE	MinION	507067749.0	130743.0	WGS	GENOMIC	SINGLE	WGS of Escherichia coli MG1655 evolved in media only replicate 3 long read
SRR7692030	SRX4551577	SRS3668675	SRP157902	PRJNA477813	Cereibacter sphaeroides 2.4.1	2.4.1	PACBIO_SMRT	PacBio RS II	5496504388.0	326964.0	WGS	GENOMIC	SINGLE	PacBio sequencing of Rhodobacter sphaeroides 2.4.1: cell culture
SRR32300276	SRX27636196	SRS24042988	SRP563007	PRJNA1221547	Planococcus koreensis	OC-PG-Soil	OXFORD_NANOPORE	MinION	1610426000.0	331129.0	WGS	GENOMIC	SINGLE	minION of Planococcus koreensis: gDNA
SRR8984903	SRX5764165	SRS4698562	SRP040661	PRJNA231221	Klebsiella pneumoniae	FDAARGOS_629	PACBIO_SMRT	PacBio RS	1491212620.0	163482.0	WGS	GENOMIC	SINGLE	
SRR17842167	SRX14003117	SRS11841417	SRP357667	PRJNA798866	Acinetobacter baumannii	AB3-VUB	OXFORD_NANOPORE	MinION	808109427.0	51567.0	WGS	GENOMIC	SINGLE	AB3-VUB complete chromosome
SRR15989617	SRX12277922	SRS9998911	SRP357537	PRJNA801416	Klebsiella pneumoniae	323	OXFORD_NANOPORE	GridION	1191639287.0	157766.0	WGS	GENOMIC	SINGLE	Whole Genome Sequencing of Carbapenemase-producing Enterobacterales (CPE)
SRR19184049	SRX15249119	SRS12981599	SRP375062	PRJNA837734	Listeria monocytogenes	BL87/014	OXFORD_NANOPORE	MinION	1923468156.0	271328.0	WGS	GENOMIC	SINGLE	Nanopore sequencing of Listeria monocytogenes
ERR10229239	ERX9764195	ERS6480192	ERP109413	PRJEB27342	Klebsiella pneumoniae		PACBIO_SMRT	Sequel II	6467071645.0	1110416.0	WGS	GENOMIC	SINGLE	Sequel II sequencing
SRR36920007	SRX31886526	SRS27841359	SRP665298	PRJNA1403646	Streptococcus mutans	not applicable	OXFORD_NANOPORE	MinION	124586746.0	66794.0	WGS	GENOMIC	SINGLE	Long Reads for The Genomic Landscape of Head and Neck Cancer-associated Streptococci
SRR12298549	SRX8801518	SRS6792456	SRP266402	PRJNA605147	Escherichia coli	RHB40-C21	OXFORD_NANOPORE	GridION	645075748.0	120482.0	WGS	GENOMIC	SINGLE	OXFORD_NANOPORE sequencing of Escherichia coli isolate RH08|T3-C21 cultured from Cattle faeces sample
ERR11143624	ERX10591008	ERS14575981	ERP024435	PRJEB22103	Corynebacterium ramonii		OXFORD_NANOPORE	MinION	500003955.0	48666.0	WGS	GENOMIC	SINGLE	MinION sequencing; Raw reads: FRC0011_ONT
ERR10498356	ERX10015645	ERS14255474	ERP142629	PRJEB57633	Escherichia coli		OXFORD_NANOPORE	GridION	92146301.0	13279.0	WGS	GENOMIC	SINGLE	Raw reads: ONT_30345_1#169
SRR35224321	SRX30327917	SRS26372300	SRP616549	PRJNA1314197	Mycobacterium tuberculosis H37Rv	H37Rv	OXFORD_NANOPORE	PromethION	887286897.0	297814.0	WGS	GENOMIC	SINGLE	WGS of M. tb DNA mixture (100% Susceptible), Rep 2
SRR21931400	SRX17915852	SRS8742655	SRP040281	PRJNA230403	Salmonella enterica	PNUSAS198714	OXFORD_NANOPORE	GridION			WGS	GENOMIC	SINGLE	nanopore sequence of Salmonella enterica Typhi
SRR31879106	SRX27237985	SRS23684075	SRP555050	PRJNA1205886	Escherichia coli	ST10885	OXFORD_NANOPORE	MinION	1260125632.0	150183.0	WGS	GENOMIC	SINGLE	WGS of Escherichia coli : Wastewater
SRR24271064	SRX20066848	SRS17404247	SRP433980	PRJNA956831	Pseudomonas sp. P8_139	P8_139	OXFORD_NANOPORE	MinION	195688539.0	22602.0	WGS	GENOMIC	SINGLE	WGS of Pseudomonas sp.
SRR12845876	SRX9313096	SRS7538087	SRP287712	PRJNA669914	Latilactobacillus sakei	ye	OXFORD_NANOPORE	PromethION	1671594841.0	113051.0	WGS	GENOMIC	SINGLE	novel microbe of la
SRR9214036	SRX5984794	SRS1011345	SRP051949	PRJNA271899	Enterobacter sp. BIDMC94	BIDMC94	OXFORD_NANOPORE	GridION	540596428.0	102355.0	WGS	GENOMIC	SINGLE	Sequencing of Carbapenem resistant bacteria
ERR13802594	ERX13203346	ERS21186469	ERP164461	PRJEB80477	Staphylococcus aureus		OXFORD_NANOPORE	MinION	391560226.0	120381.0	WGS	GENOMIC	SINGLE	MinION sequencing
SRR35628873	SRX30685161	SRS26704576	SRP627750	PRJNA1333901	Pantoea agglomerans	GL_116	OXFORD_NANOPORE	MinION	498647990.0	50731.0	WGS	GENOMIC	SINGLE	Oxford Nanopore sequences of cultivable bacteria collected in an iron ore mine and a crystal cave
SRR23641984	SRX19524380	SRS16911037	SRP424982	PRJNA789846	Novacetimonas hansenii	NQ5	OXFORD_NANOPORE	MinION	4859915834.0	470877.0	WGS	GENOMIC	SINGLE	WGS of Novacetimonas hansenii ATCC 53582 = NQ5
SRR23725188	SRX19585806	SRS16968685	SRP426074	PRJNA941188	Priestia aryabhattai	PRO113	OXFORD_NANOPORE	MinION	347697853.0	49203.0	WGS	GENOMIC	SINGLE	WGS of Priestia aryabhattai: cell culture
SRR25690275	SRX21415453	SRS18653902	SRP455827	PRJNA1006749	Salmonella enterica	U2A1	PACBIO_SMRT	Sequel II	650718311.0	68656.0	WGS	GENOMIC	SINGLE	WGS of Salmonella enterica: water
SRR9002086	SRX5780878	SRS4713766	SRP194485	PRJNA334663	Roseinatronobacter monicus	DSM 18423	PACBIO_SMRT	Sequel	2252098273.0	556436.0	WGS	GENOMIC	SINGLE	Roseinatronobacter monicus DSM 18423
ERR14747011	ERX14148383	ERS23812058	ERP170065	PRJEB86767	Klebsiella pneumoniae		OXFORD_NANOPORE	GridION	705317376.0	214403.0	WGS	GENOMIC	SINGLE	EXP-7-1-2025-03-14_13-56-44
SRR31647077	SRX27010164	SRS23474514	SRP550213	PRJNA1193534	Staphylococcus aureus	p50323	OXFORD_NANOPORE	GridION	3426237.0	1980.0	WGS	GENOMIC	SINGLE	Genomic Analysis of Plasmids in Animal-Associated Staphylococcus aureus
SRR19184031	SRX15249137	SRS12981702	SRP375062	PRJNA837734	Listeria monocytogenes	32/2/1W	OXFORD_NANOPORE	MinION	131295850.0	31827.0	WGS	GENOMIC	SINGLE	Nanopore sequencing of Listeria monocytogenes
SRR34967049	SRX30086516	SRS26152763	SRP608514	PRJNA1305037	Enterobacter cloacae	MI_KPC_332	OXFORD_NANOPORE	PromethION	500003036.0	50182.0	WGS	GENOMIC	SINGLE	KPC CRE collection from state of Michigan
SRR28445565	SRX24049110	SRS20840578	SRP497734	PRJNA1077798	Alteromonas gracilis	J4	OXFORD_NANOPORE	MinION	2622130.0	1000.0	WGS	GENOMIC	SINGLE	Alteromonas gracilis strain J4, whole genome Nanopore Sequencing
SRR21415947	SRX17420541	SRS13526149	SRP361569	PRJNA768416	Bacillus sp. FSL R7-0651	FSL R7-0651	OXFORD_NANOPORE	MinION	515231330.0	172055.0	WGS	GENOMIC	SINGLE	WGS of Bacilli
ERR15991669	ERX15386775	ERS28170855	ERP184281	PRJEB102899	Pseudomonas aeruginosa		OXFORD_NANOPORE	GridION	1721634279.0	248668.0	WGS	GENOMIC	SINGLE	GridION sequencing
ERR581091	ERX539178	ERS437401	ERP005355	PRJEB5919	Salmonella enterica subsp. enterica serovar Typhi		PACBIO_SMRT	PacBio RS	613839081.0	163482.0	WGS	GENOMIC	SINGLE	PacBio RS sequencing
SRR27973033	SRX23626132	SRS20466082	SRP489819	PRJNA1076692	Klebsiella pneumoniae	RIVM_C051276_rerio	OXFORD_NANOPORE	MinION	371384870.0	100747.0	WGS	GENOMIC	SINGLE	RIVM_C051276_rerio
ERR10178218	ERX9714651	ERS6426138	ERP109413	PRJEB27342	Klebsiella spallanzanii		PACBIO_SMRT	Sequel II	7840666046.0	1061346.0	WGS	GENOMIC	SINGLE	Sequel II sequencing
SRR19548107	SRX15600118	SRS13301098	SRP378656	PRJNA844881	Psychrobacter sp. A19_bc63	A19_bc63	OXFORD_NANOPORE	PromethION	4201598705.0	566669.0	WGS	GENOMIC	SINGLE	Whole Genomic sequencing of Bacteria: Salmon gut
ERR3273782	ERX3300656	ERS2102297	ERP105790	PRJEB23996	Mycobacterium tuberculosis		PACBIO_SMRT	PacBio RS	387884736.0	163482.0	WGS	GENOMIC	SINGLE	PacBio RS sequencing
SRR33769431	SRX28991931	SRS22456419	SRP444583	PRJNA962904	Klebsiella pneumoniae		PACBIO_SMRT	Sequel II	277147533.0	12587.0	WGS	GENOMIC	SINGLE	PacBio sequencing of AH0952HE1 for ARCH 2
SRR33768691	SRX28991387	SRS22397245	SRP444583	PRJNA962904	Klebsiella michiganensis		PACBIO_SMRT	Sequel II	234429453.0	13153.0	WGS	GENOMIC	SINGLE	PacBio sequencing of AH0162HE1 for ARCH 2
SRR16249251	SRX12529014	SRS10489272	SRP040661	PRJNA231221	Citrobacter werkmanii	FDAARGOS_1524	PACBIO_SMRT	Sequel	4039105613.0	456776.0	WGS	GENOMIC	SINGLE	
ERR10499649	ERX10016931	ERS14256847			Escherichia coli		OXFORD_NANOPORE	GridION	53183188.0	6625.0	WGS	GENOMIC	SINGLE	GridION sequencing; Raw reads: ONT_30602_1#340
SRR3723716	SRX1881199	SRS1527861	SRP077386	PRJNA234862	Kitasatospora azatica KCTC 9699	KCTC 9699	PACBIO_SMRT	PacBio RS	165173155.0	92133.0	WGS	GENOMIC	SINGLE	Kitasatospora azatica KCTC 9699
SRR24140389	SRX19938688	SRS17287397	SRP247747	PRJNA604975	Escherichia coli	ox_bsi_35	OXFORD_NANOPORE	GridION	76064471.0	13032.0	WGS	GENOMIC	SINGLE	oxford_bsi
SRR25741639	SRX21464866	SRS18699936	SRP456656	PRJNA983748	Staphylococcus aureus	ST151	OXFORD_NANOPORE	GridION	273149563.0	34056.0	WGS	GENOMIC	SINGLE	WGS of S. aureus: Bulk Tank Milk
ERR8282758	ERX7850189	ERS4216717	ERP112565	PRJEB30134	Klebsiella pneumoniae	cpe022	OXFORD_NANOPORE	MinION	160616883.0	25895.0	WGS	GENOMIC	SINGLE	MinION sequencing
ERR8314286	ERX7881668	ERS4330925	ERP024435	PRJEB22103	Corynebacterium diphtheriae		OXFORD_NANOPORE	MinION			WGS	GENOMIC	SINGLE	MinION sequencing; Raw reads: FRC0402
SRR32364695	SRX27699451	SRS21123097	SRP444583	PRJNA962904	Escherichia coli		PACBIO_SMRT	Sequel II	317561345.0	11497.0	WGS	GENOMIC	SINGLE	PacBio sequencing of AS6455E1 for ARCH 1.0
ERR14720735	ERX14122160	ERS23803405	ERP170064	PRJEB86764	Klebsiella pneumoniae		OXFORD_NANOPORE	MinION	980548314.0	328432.0	WGS	GENOMIC	SINGLE	EXP-21-1-2025-03-12_10-45-00
SRR22048717	SRX18029791	SRS15536797	SRP404635	PRJNA605861	Pseudomonas sp. So3.2b	So3.2b	OXFORD_NANOPORE	MinION	1378648641.0	136219.0	WGS	GENOMIC	SINGLE	ONT-So3.2
ERR10357065	ERX9889181	ERS7159851	ERP109413	PRJEB27342	Klebsiella pneumoniae		PACBIO_SMRT	Sequel II	3702457707.0	513774.0	WGS	GENOMIC	SINGLE	Sequel II sequencing
SRR35815385	SRX30864676	SRS26869989	SRP635049	PRJNA1346315	Lysinibacillus capsici	NBAIR-LC1	OXFORD_NANOPORE	PromethION	323678994.0	270756.0	WGS	GENOMIC	SINGLE	WGS of Lysinibacillus capsici NBAIR-LCusing nanopore1
SRR14278379	SRX10639629	SRS8735953	SRP315459	PRJNA682826	Citrobacter sp. AN-PRR1	AN-PRR1	PACBIO_SMRT	Sequel	1869158166.0	422209.0	WGS	GENOMIC	SINGLE	WGS of Citrobacter sp. AN-PRR1 - PacBio
SRR5514665	SRX2788055	SRS1832557	SRP094481	PRJNA287884	Bordetella holmesii	H903	PACBIO_SMRT	PacBio RS II	2705852813.0	163482.0	WGS	GENOMIC	SINGLE	
SRR15988997	SRX12277870	SRS9998422	SRP357534	PRJNA801415	Klebsiella pneumoniae	15	OXFORD_NANOPORE	GridION	750152601.0	115404.0	WGS	GENOMIC	SINGLE	Whole Genome Sequencing of Carbapenemase-producing Enterobacterales (CPE)
ERR15991675	ERX15386781	ERS28170861	ERP184281	PRJEB102899	Pseudomonas aeruginosa		OXFORD_NANOPORE	GridION	580320734.0	71985.0	WGS	GENOMIC	SINGLE	GridION sequencing
SRR21397106	SRX17402390	SRS14960364	SRP395325	PRJNA874878	Klebsiella pneumoniae		OXFORD_NANOPORE	MinION	5655445.0	10.0	WGS	GENOMIC	SINGLE	BJ19-0007
SRR364943	SRX032454	SRS140103	SRP004712	PRJNA61297	Vibrio cholerae O1 biovar El Tor str. N16961	N16961	PACBIO_SMRT	PacBio RS	34525873.0	60667.0	WGS	GENOMIC	SINGLE	Sequencing for N5 (Bangladesh, 1971)
SRR31990274	SRX27345199	SRS20831699	SRP497546	PRJNA1091452	Staphylococcus aureus	SA67-PS	OXFORD_NANOPORE	MinION	222105563.0	47994.0	WGS	GENOMIC	SINGLE	native ONT data from Staphylococcus aureus
SRR31599317	SRX26964366	SRS23434078	SRP549287	PRJNA1185485	Escherichia coli	264	OXFORD_NANOPORE	PromethION	533218754.0	333802.0	WGS	GENOMIC	SINGLE	manhole-barcode08
SRR36920179	SRX31886359	SRS27841287	SRP665298	PRJNA1403646	Streptococcus sp.	BHI_1	OXFORD_NANOPORE	MinION	636003859.0	818656.0	WGS	GENOMIC	SINGLE	Long Reads for The Genomic Landscape of Head and Neck Cancer-associated Streptococci
SRR901670	SRX306466	SRS445420	SRP026061	PRJNA203572	Mycobacteroides abscessus MAB_110811_2726	MAB_110811_2726	PACBIO_SMRT	PacBio RS	377663885.0	81741.0	WGS	GENOMIC	SINGLE	
SRR35183699	SRX30288577	SRS26337351	SRP614574	PRJNA709239	Methylorubrum extorquens	SLI 575	PACBIO_SMRT	Sequel II	706023720.0	92502.0	WGS	GENOMIC	SINGLE	Methylorubrum extorquens SLI 575
SRR22784672	SRX18744772	SRS16179834	SRP413484	PRJNA912639	Escherichia coli	EC_7360_C2_H	OXFORD_NANOPORE	MinION	5810763.0	996.0	WGS	GENOMIC	SINGLE	WGS of Escherichia coli
SRR1609232	SRX729900	SRS719141	SRP048780	PRJNA203336	Burkholderia pseudomallei MSHR305		PACBIO_SMRT	PacBio RS	352594321.0	153638.0	WGS	GENOMIC	SINGLE	Burkholderia pseudomallei MSHR305 PacBio Data
SRR4235002	SRX2156301	SRS1686292	SRP088361	PRJNA331824	Lacrimispora sphenoides	DSM 4024	PACBIO_SMRT	PacBio RS	675996958.0	229860.0	WGS	GENOMIC	SINGLE	Desulfotomaculum guttoideum DSM 4024
DRR582010	DRX562563	DRS640953	DRP016847	PRJDB17425	Pantoea sp. X-Soil-YNGN-785	X-Soil-YNGN-785	PACBIO_SMRT	Sequel II	718387894.0	86903.0	WGS	GENOMIC	SINGLE	Soil-X11-785
SRR17682066	SRX13845351	SRS11722468	SRP307131	PRJNA703008	Staphylococcus aureus	ATR-20003	OXFORD_NANOPORE	MinION	1844887784.0	264937.0	WGS	GENOMIC	SINGLE	MinION sequencing of Staphylococcus aureus strain ATR-20003 isolated from contaminated human platelets
SRR13212344	SRX9645389	SRS7820480	SRP295467	PRJNA670619	Enterobacter asburiae	SD4L	OXFORD_NANOPORE	PromethION	1085703368.0	80107.0	WGS	GENOMIC	SINGLE	SD4L whole genome sequence
SRR36725823	SRX31730131	SRS27698364	SRP538888	PRJNA1173529	Actinotignum timonense	UMB4819	OXFORD_NANOPORE	GridION	1584839537.0	1219022.0	WGS	GENOMIC	SINGLE	UMB4819
SRR9722844	SRX6480364	SRS5130428	SRP215816	PRJNA470993	Staphylococcus aureus	pt296	PACBIO_SMRT	PacBio RS II	1264683368.0	195753.0	WGS	GENOMIC	SINGLE	WGS of Staphylococcus aureus
SRR25890247	SRX21610592	SRS18783821	SRP458186	PRJNA1012291	Enterococcus	Enterococcus faecium	OXFORD_NANOPORE	MinION	842194019.0	543063.0	WGS	GENOMIC	SINGLE	Nanopore sequencing data of VRE
ERR10499651	ERX10016933	ERS14256855			Escherichia coli		OXFORD_NANOPORE	GridION	415479181.0	29684.0	WGS	GENOMIC	SINGLE	GridION sequencing; Raw reads: ONT_30602_1#357
ERR15094526	ERX14499124	ERS24813738	ERP119900	PRJEB36683	Klebsiella pneumoniae 11227-1		OXFORD_NANOPORE	PromethION	1018714745.0	499441.0	WGS	GENOMIC	SINGLE	Raw reads: RKPB454_L
SRR15031923	SRX11343456	SRS9383692	SRP326726	PRJNA737600	Streptomyces sp. GMY02	GMY02	OXFORD_NANOPORE	GridION	8143127.0	4000.0	WGS	GENOMIC	SINGLE	WGS Streptomyces sp. GMY02
SRR901401	SRX306260	SRS445281	SRP026049	PRJNA191793	Mycobacterium avium subsp. avium 2285 (S)	2285 (S)	PACBIO_SMRT	PacBio RS	385332995.0	81741.0	WGS	GENOMIC	SINGLE	
SRR31235495	SRX26615338	SRS23113862	SRP543347	PRJNA1182389	Escherichia coli	NEB 10-beta	OXFORD_NANOPORE	MinION	1615818.0	230.0	WGS	GENOMIC	SINGLE	Long Read Sequencing of synthetic plasmid
SRR30896290	SRX26299731	SRS22828453	SRP536878	PRJNA1134622	Escherichia coli	OXEC-509	OXFORD_NANOPORE	MinION	110222039.0	38949.0	WGS	GENOMIC	SINGLE	OXEC-509
SRR3723561	SRX1881093	SRS1527791	SRP077362	PRJNA217202	Gillisia sp. Hel_I_29	Hel_I_29	PACBIO_SMRT	PacBio RS	172041526.0	108700.0	WGS	GENOMIC	SINGLE	Gillisia sp. Hel_I_29
SRR385973	SRX109796	SRS001120	SRP000361	PRJNA32935	Enterococcus casseliflavus EC20	899205	PACBIO_SMRT	PacBio RS	79861515.0	81741.0	WGS	GENOMIC	SINGLE	Whole Genome Sequencing and Assembly
SRR33640802	SRX28868441	SRS25095875	SRP586284	PRJNA1178460	Pseudomonas aeruginosa	PA102211300781	OXFORD_NANOPORE	MinION	60210833.0	12729.0	WGS	GENOMIC	SINGLE	Nanopore sequencing of P. aeruginosa
SRR353441	SRX101293	SRS259597	SRP008033	PRJNA68213	Escherichia coli O104:H4 str. 09-7901	09-7901	PACBIO_SMRT	PacBio RS	82299630.0	81741.0	WGS	GENOMIC	SINGLE	Genome Sequencing and Assembly of E. coli O104:H4 strains
SRR5369862	SRX2665189	SRS2066888	SRP102388	PRJNA380174	Shewanella japonica	KCTC 22435	PACBIO_SMRT	PacBio RS II	2526235935.0	163482.0	WGS	GENOMIC	SINGLE	Whole Genome shotgun sequencing of Shewanella japonica KCTC 22435
SRR14628257	SRX10968916	SRS8660038	SRP321015	PRJNA731114	Pseudomonas aeruginosa	PaLo166	OXFORD_NANOPORE	MinION	626215332.0	103365.0	WGS	GENOMIC	SINGLE	Nanopore sequencing of Pseudomonas aeruginosa isolates
SRR8816376	SRX5604831	SRS4556721	SRP189904	PRJNA510607	Streptomyces sp. RFCAC02	RFCAC02	PACBIO_SMRT	PacBio RS II	653777601.0	108988.0	WGS	GENOMIC	SINGLE	New Streptomyces sp. isolated from gut fish
SRR13575476	SRX9973386	SRS8145954	SRP303741	PRJNA695586	Streptococcus pyogenes	M4C20	OXFORD_NANOPORE	MinION	3096129.0	4000.0	WGS	GENOMIC	SINGLE	Whole genome sequence of Streptococcus pyogenes strain M4C20
SRR13957720	SRX10335957	SRS8455501	SRP300861	PRJNA663900	Enterococcus sp. AZ187	AZ187	OXFORD_NANOPORE	GridION	317692425.0	126546.0	WGS	GENOMIC	SINGLE	sequencing of enterococcal diversity
SRR8989647	SRX5768737	SRS4702883	SRP040661	PRJNA231221	Burkholderia multivorans	FDAARGOS_623	PACBIO_SMRT	PacBio RS	2094809868.0	163482.0	WGS	GENOMIC	SINGLE	
SRR4164111	SRX2136372	ERS1460873	SRP086213	PRJNA303508	Micromonospora nigra	DSM 43818	PACBIO_SMRT	PacBio RS	1344976019.0	601393.0	WGS	GENOMIC	SINGLE	Micromonospora nigra DSM 43818
DRR572485	DRX555952	DRS426409	DRP012251	PRJDB17574	Escherichia coli	YK-IS1MA-L11-2_G08	OXFORD_NANOPORE	MinION	38072876.0	2784.0	WGS	GENOMIC	SINGLE	nanopore-seq of SAMD00748226 L11-2_G8
SRR1614187	SRX734397	SRS722845	SRP048996	PRJNA244403	Burkholderia pseudomallei	PHLS 112	PACBIO_SMRT	PacBio RS	3117856977.0	483752.0	WGS	GENOMIC	SINGLE	PacBio Long Read Data for BEJ
SRR6873509	SRX3826877	SRS3075430	SRP136159	PRJNA439376	Bartonella kosoyi	Tel Aviv	OXFORD_NANOPORE	MinION	422230635.0	43612.0	WGS	GENOMIC	SINGLE	Nanopore reads from ancestral clone
ERR10769136	ERX10220030	ERS2785480	ERP104475	PRJEB22771	Streptococcus pneumoniae		PACBIO_SMRT	Sequel II	1121623663.0	166114.0	WGS	GENOMIC	SINGLE	Sequel II sequencing
SRR21696223	SRX17694043	SRS14987070	SRP354045	PRJNA747871	Kitasatospora papulosa	NBC 01564	OXFORD_NANOPORE	MinION	1678705816.0	166994.0	WGS	GENOMIC	SINGLE	nanopore sequencing data from strain NBC_01564
SRR19184109	SRX15249059	SRS12981639	SRP375062	PRJNA837734	Listeria monocytogenes	LS12-579	OXFORD_NANOPORE	MinION	202815582.0	37730.0	WGS	GENOMIC	SINGLE	Nanopore sequencing of Listeria monocytogenes
SRR10318384	SRX7029301	SRS5549635	SRP224882	PRJNA483500	Escherichia coli O145	RM12522-C8	PACBIO_SMRT	PacBio RS II	689931476.0	163482.0	WGS	GENOMIC	SINGLE	Complete genome sequence of a Shiga toxin-producing Escherichia coli environmental isolate
SRR21397103	SRX17402393	SRS14960364	SRP395325	PRJNA874878	Klebsiella pneumoniae		OXFORD_NANOPORE	MinION	5916746.0	16.0	WGS	GENOMIC	SINGLE	BJ19-0010
SRR16639099	SRX12839872	SRS10784322	SRP189765	PRJNA529666	Escherichia coli	missing	PACBIO_SMRT	PacBio RS II	1450038564.0	194627.0	WGS	GENOMIC	SINGLE	HM57
SRR28740736	SRX24306631	SRS21069405	SRP502714	PRJNA1090129	Staphylococcus aureus	sa220405_barcode02	OXFORD_NANOPORE	MinION	510807538.0	245310.0	WGS	GENOMIC	SINGLE	Staphylococcus aureus strain sa220405_barcode02
SRR30896304	SRX26299717	SRS22828439	SRP536878	PRJNA1134622	Escherichia coli	OXEC-497	OXFORD_NANOPORE	MinION	373209690.0	85178.0	WGS	GENOMIC	SINGLE	OXEC-497
SRR12395274	SRX8893623	SRS7152645	SRP276100	PRJNA650381	Mycobacterium tuberculosis		OXFORD_NANOPORE	MinION	625460495.0	383592.0	WGS	GENOMIC	SINGLE	Nanopore TB WGS
SRR31565415	SRX26931250	SRS23404760	SRP548643	PRJNA1192988	Vibrio cholerae	131-14	OXFORD_NANOPORE	PromethION	2142646684.0	633766.0	WGS	GENOMIC	SINGLE	PulseNet Africa ONT sequencing of Vibrio cholerae isolates
SRR13674000	SRX10063441	SRS8225664	SRP040661	PRJNA231221	Klebsiella pneumoniae	FDAARGOS_1310	PACBIO_SMRT	Sequel	4260624902.0	740598.0	WGS	GENOMIC	SINGLE	
ERR15895116	ERX15292007	ERS27330265	ERP185193	PRJEB103841	Carnobacterium maltaromaticum		OXFORD_NANOPORE	MinION	1992587092.0	234958.0	WGS	GENOMIC	SINGLE	Raw reads: ASF-1
SRR31303483	SRX26681588	SRS23174444	SRP544363	PRJNA1133929	Bordetella pertussis	YW12	PACBIO_SMRT	Sequel IIe	2456686028.0	187878.0	WGS	GENOMIC	PAIRED	Genome sequencing for Bordetella pertussis
SRR3624655	SRX1819497	SRS1466475	SRP075674	PRJNA322756	Escherichia coli	MRSN388634	PACBIO_SMRT	PacBio RS II	1576407835.0	163482.0	WGS	GENOMIC	SINGLE	WGS of E. coli: mcr-1
SRR386384	SRX109880	SRS212335	SRP007231	PRJNA49881	Scardovia wiggsiae F0424	F0424	PACBIO_SMRT	PacBio RS	93587739.0	81741.0	WGS	GENOMIC	SINGLE	Whole Genome Sequencing and Assembly
SRR9643624	SRX6405442	SRS5063434	SRP212968	PRJNA540378	Elizabethkingia sp. 2-6	2-6	OXFORD_NANOPORE	MinION	320148344.0	32000.0	WGS	GENOMIC	SINGLE	Nanopore sequencing of Elizabethkingia 2-6: genomic DNA
DRR378571	DRX364472	DRS241809	DRP008598	PRJDB13586	Campylobacter jejuni	THJ017	OXFORD_NANOPORE	MinION	229650644.0	21224.0	WGS	GENOMIC	SINGLE	SSUB21860 : Campylobacter jejuni THJ017
SRR32057872	SRX27406775	SRS23836870	SRP558617	PRJNA1199890	Cupriavidus necator	H20	OXFORD_NANOPORE	GridION	1773349729.0	274785.0	WGS	GENOMIC	SINGLE	Nanopore whole genome sequencing of Cupriavidus necator strain H20: DSM 530
SRR31286346	SRX26665345	SRS20746051	SRP074197	PRJNA288601	Pseudomonas aeruginosa		OXFORD_NANOPORE	GridION	919004124.0	561186.0	WGS	GENOMIC	SINGLE	Nanopore sequencing of ARLN isolate
SRR31976285	SRX27331392	SRS23506593	SRP074197	PRJNA288601	Klebsiella pneumoniae	2024HL-01327	OXFORD_NANOPORE	MinION	464377376.0	48428.0	WGS	GENOMIC	SINGLE	Long read sequencing of carbapenemase producing organisms
SRR12123714	SRX8645056	SRS6928567	SRP269469	PRJNA643374	Salmonella enterica subsp. enterica serovar Saintpaul	4676	OXFORD_NANOPORE	MinION	1433385.0	3357.0	WGS	GENOMIC	SINGLE	WGS of S. Saintpaul
SRR34573155	SRX29714802	SRS25823684	SRP601637	PRJNA1292907	Mycobacterium tuberculosis	not applicable	OXFORD_NANOPORE	MinION	101514202.0	139726.0	WGS	GENOMIC	SINGLE	Whole genome sequencing
SRR24564539	SRX20348157	SRS17663338	SRP437723	PRJNA944190	Enterococcus faecalis	EfsPF13	OXFORD_NANOPORE	MinION	1431214675.0	310368.0	WGS	GENOMIC	SINGLE	ONT MinION Reads of Enterococcus faecalis EfsPF13
SRR30574423	SRX25997434	SRS22571202	SRP531125	PRJNA1155659	Vibrio parahaemolyticus	VB18PR-0045-2_long	OXFORD_NANOPORE	MinION	1329205951.0	458665.0	WGS	GENOMIC	SINGLE	Oxford Nanopore reads of Vibrio
SRR942727	SRX327564	SRS468191	SRP028222	PRJNA51643	Salmonella enterica subsp. enterica serovar Newport str. USMARC-S3124.1	USMARC-S3124.1	PACBIO_SMRT	PacBio RS	46826893.0	81741.0	WGS	GENOMIC	SINGLE	Salmonella enterica Newport CLR Sequencing
ERR10791253	ERX10240563	ERS2652652	ERP104475	PRJEB22771	Streptococcus pneumoniae		PACBIO_SMRT	Sequel II	4367255754.0	641293.0	WGS	GENOMIC	SINGLE	Sequel II sequencing
SRR33768520	SRX28990956	SRS22456183	SRP444583	PRJNA962904	Escherichia coli		PACBIO_SMRT	Sequel II	213947729.0	13624.0	WGS	GENOMIC	SINGLE	PacBio sequencing of AH0914HE1 for ARCH 2
SRR35213055	SRX30316872	SRS26363826	SRP615965	PRJNA708387	Bradyrhizobium elkanii	USDA 33	PACBIO_SMRT	Sequel II	287004905.0	27423.0	WGS	GENOMIC	SINGLE	Bradyrhizobium elkanii USDA 33
SRR22784690	SRX18744754	SRS16179825	SRP413484	PRJNA912639	Escherichia coli	EC_8630_1L1_D	OXFORD_NANOPORE	MinION	227299424.0	29450.0	WGS	GENOMIC	SINGLE	WGS of Escherichia coli
SRR37002353	SRX31951976	SRS27897739	SRP667822	PRJNA1415187	Yersinia pestis	1728	OXFORD_NANOPORE	PromethION	280939081.0	196927.0	WGS	GENOMIC	SINGLE	ONT sequencing of Yp_1728_37
ERR9364053	ERX8906302	ERS11202278	ERP136327	PRJEB51675	Vibrio cholerae O1 biovar El Tor	not provided	OXFORD_NANOPORE	MinION	696586884.0	42443.0	WGS	GENOMIC	SINGLE	MinION sequencing
SRR9663392	SRX6424268	SRS5080827	SRP213989	PRJNA536285	Streptomyces sp. IMCr09	SLBN-31	PACBIO_SMRT	Sequel	2094875501.0	575612.0	WGS	GENOMIC	SINGLE	Streptomyces sp. SLBN-31
SRR35213448	SRX30317274	SRS26364208	SRP615992	PRJNA1301220	Acinetobacter baumannii	ABO22-A146	OXFORD_NANOPORE	MinION	357111540.0	50694.0	WGS	GENOMIC	SINGLE	Whole geneme sequencing of Acinetobacter baumannii: isolates of the Ab-One study
SRR10198582	SRX6918705	SRS5449761	SRP051949	PRJNA271899	bacterium	KINW_3275	OXFORD_NANOPORE	GridION	392268534.0	63475.0	WGS	GENOMIC	SINGLE	Sequencing of Carbapenem resistant bacteria
SRR26950685	SRX22644521	SRS19641537	SRP474291	PRJNA1043871	Bacillus sp. PBL-C9	PBL-C9	OXFORD_NANOPORE	MinION	41683.0	17.0	WGS	GENOMIC	SINGLE	Bacillus sp. PBL-C9 Genome sequencing and assembly
SRR21629977	SRX17630719	SRS11554604	SRP354045	PRJNA747871	Micromonospora sp. NBC_00330	NBC_00330	OXFORD_NANOPORE	MinION	345827806.0	105224.0	WGS	GENOMIC	SINGLE	nanopore sequencing data from strain NBC_00330
SRR28434660	SRX24038577	SRS20831652	SRP497546	PRJNA1091452	Enterococcus faecium	EF26-PS	OXFORD_NANOPORE	MinION	1385029863.0	119380.0	WGS	GENOMIC	SINGLE	ONT performance study sequencing of E.faecium
ERR10499319	ERX10016605	ERS14256182	ERP142629	PRJEB57633	Escherichia coli		OXFORD_NANOPORE	GridION	65190973.0	8202.0	WGS	GENOMIC	SINGLE	Raw reads: ONT_31663_7#308
ERR5873031	ERX5516561	ERS3927624	ERP023216	PRJEB20997	Salmonella enterica		PACBIO_SMRT	Sequel	876271762.0	221957.0	WGS	GENOMIC	SINGLE	Sequel sequencing
SRR31598830	SRX26963656	SRS23433367	SRP549287	PRJNA1185485	Escherichia coli	290	OXFORD_NANOPORE	PromethION	665240881.0	229759.0	WGS	GENOMIC	SINGLE	manhole-barcode35
SRR8305922	SRX5120424	SRS2552901	SRP018785	PRJNA186035	Salmonella enterica subsp. enterica serovar Paratyphi B	SGSC 2240	PACBIO_SMRT	Sequel	894876246.0	115464.0	WGS	GENOMIC	SINGLE	Whole genome PacBio Sequel sequence of Salmonella enterica subsp. enterica serovar Paratyphi B
SRR29686918	SRX25190074	SRS21879364	SRP517661	PRJNA662973	Mycetohabitans sp. B46	B46	PACBIO_SMRT	Sequel	513187452.0	92193.0	WGS	GENOMIC	SINGLE	PacBio sequence of Mycetohabitans spp.:M. endofungorum B46
ERR11030076	ERX10466010	ERS14796088	ERP145810	PRJEB60752	Escherichia coli		OXFORD_NANOPORE	MinION	200908024.0	34868.0	WGS	GENOMIC	SINGLE	Raw reads: N16-01880_[Oxford_Nanopore]
SRR17210266	SRX13390244	SRS11290156	SRP350362	PRJNA788148	Citrobacter amalonaticus	B2s	OXFORD_NANOPORE	MinION	79962819.0	10851.0	WGS	GENOMIC	SINGLE	B2_r1_standard_11h
SRR21719209	SRX17716301	SRS15246653	SRP399743	PRJNA884430	Roseibium	Sym1	OXFORD_NANOPORE	MinION	474108836.0	165651.0	WGS	GENOMIC	SINGLE	Whole genome sequencing of Roseibium sp. Sym1, a bacterial associate of Symbiodiniaceae
ERR13801797	ERX13202591	ERS21132429	ERP163654	PRJEB79489	Thermoanaerobacter kivui	CO-1	OXFORD_NANOPORE	PromethION	490229135.0	139112.0	WGS	GENOMIC	SINGLE	Raw reads: CO-1-G8_13
SRR8494920	SRX5299463	SRS4294123	SRP181880	PRJNA422511	Klebsiella oxytoca		OXFORD_NANOPORE	MinION	2429910571.0	199354.0	WGS	GENOMIC	SINGLE	Oxford Nanopore MinION WGS of Klebsiella oxytoca
SRR12699731	SRX9179268	SRS7416491	SRP285140	PRJNA616029	Vibrio cholerae	NGA/2018/247	OXFORD_NANOPORE	MinION	1298463079.0	149028.0	WGS	GENOMIC	SINGLE	Oxford Nanopore sequencing of Vibrio cholerae
SRR30149355	SRX25617278	SRS21937347	SRP518730	PRJNA1133668	Klebsiella pneumoniae	ST340KP3	OXFORD_NANOPORE	MinION	300827054.0	28452.0	WGS	GENOMIC	SINGLE	Nanopore sequencing of clinical CRE isolates: human
ERR5902793	ERX5542888	ERS5649951	ERP126298	PRJEB42440	Klebsiella pneumoniae		OXFORD_NANOPORE	MinION	996808889.0	90203.0	WGS	GENOMIC	SINGLE	MinION sequencing
SRR29748380	SRX25249372	SRS21932790	SRP518629	PRJNA1133199	Streptococcus dysgalactiae subsp. equisimilis	DMG2201038	OXFORD_NANOPORE	GridION	2945247375.0	2413571.0	WGS	GENOMIC	SINGLE	ONT WGS of Streptococcus dysgalactiae subsp. equisimilis
SRR6277528	SRX3380172	SRS1256845	SRP068736	PRJNA292901	Escherichia coli	AR_0011	PACBIO_SMRT	PacBio RS II	1448558134.0	163482.0	WGS	GENOMIC	SINGLE	PacBio SMRT Sequencing of Escherichia coli FDA-CDC-AR_0011 Genomic Library
SRR15827892	SRX12119906	SRS10099943	SRP336307	PRJNA761884	Escherichia coli	X_80	PACBIO_SMRT	PacBio RS II	674549887.0	73810.0	WGS	GENOMIC	SINGLE	WGS of Escherichia coli: sample WFA04
SRR1923062	SRX963264	SRS403322	SRP019923	PRJNA78389	Salmonella enterica subsp. enterica serovar Hadar str. ATCC 51956	ATCC 51956	PACBIO_SMRT	PacBio RS II	266164534.0	81741.0	WGS	GENOMIC	SINGLE	Whole genome shotgun sequencing of Salmonella enterica subsp. enterica serovar Hadar str. ATCC 51956 by Pacific Biosciences SMRT
SRR30149226	SRX25617407	SRS21937589	SRP518730	PRJNA1133668	Klebsiella pneumoniae	ST258KP211	OXFORD_NANOPORE	MinION	91212919.0	12414.0	WGS	GENOMIC	SINGLE	Nanopore sequencing of clinical CRE isolates: human
SRR32409499	SRX27739869	SRS3134462	SRP565160	PRJNA1225906	Neisseria meningitidis		OXFORD_NANOPORE	GridION	166613107.0	36893.0	WGS	GENOMIC	SINGLE	WGS of Neisseria meningitids isolate
ERR12342507	ERX11719369	ERS17208552	ERP135763	PRJEB51164	Escherichia coli		OXFORD_NANOPORE	GridION	727775409.0	109836.0	WGS	GENOMIC	SINGLE	Raw reads: D_362_BSA_pos
ERR4586356	ERX4520197	ERS5060053	ERP123927	PRJEB40306	Serratia marcescens subsp. marcescens ATCC 13880	ATCC 13880	PACBIO_SMRT	PacBio RS II	1017084072.0	163482.0	WGS	GENOMIC	SINGLE	PacBio RS II sequencing; PacBio SMRT sequencing; Evolution of the bacterium Serratia marcescens under several experimental temperature treatments
SRR15989240	SRX12277627	SRS9998499	SRP357537	PRJNA801416	Escherichia coli	E843	OXFORD_NANOPORE	GridION	1475659121.0	317914.0	WGS	GENOMIC	SINGLE	Whole Genome Sequencing of Carbapenemase-producing Enterobacterales (CPE)
SRR25317685	SRX21059942	SRS18330574	SRP426112	PRJNA939376	Streptomyces sp. VNUA116	VNUA116	PACBIO_SMRT	Sequel II	3644571672.0	421729.0	WGS	GENOMIC	SINGLE	Streptomyces sp. VNUA116
SRR21415731	SRX17420149	SRS13525961	SRP361569	PRJNA768416	Paenibacillus sp. FSL L8-0502	FSL L8-0502	OXFORD_NANOPORE	MinION	471644899.0	159972.0	WGS	GENOMIC	SINGLE	WGS of Bacilli
ERR3085893	ERX3146736	ERS2367324	ERP010248	PRJEB9167	Mycobacteroides abscessus		PACBIO_SMRT	PacBio RS	62535036.0	163482.0	WGS	GENOMIC	SINGLE	PacBio RS sequencing
SRR8292573	SRX5107159	SRS2348821	SRP018785	PRJNA186035	Salmonella enterica subsp. enterica serovar Typhimurium str. CFSAN000634	SGSC 2195	PACBIO_SMRT	PacBio RS II	1199429700.0	163482.0	WGS	GENOMIC	SINGLE	PacBio SMRTbell library protocol library CFSAN000634 B02_1
SRR35247534	SRX30350428	SRS26393529	SRP617234	PRJNA958309	Peribacillus sp. V2I11	V2I11	PACBIO_SMRT	Sequel IIe	610380983.0	60375.0	WGS	GENOMIC	SINGLE	Peribacillus sp. V2I11
SRR21696628	SRX17694155	SRS14987513	SRP354045	PRJNA747871	Streptomyces canus	NBC_00871	OXFORD_NANOPORE	MinION	666315700.0	66839.0	WGS	GENOMIC	SINGLE	nanopore sequencing data from strain NBC_00871
SRR27972988	SRX23626177	SRS20465525	SRP489819	PRJNA1076692	Staphylococcus aureus	RIVM_M096793_rerio	OXFORD_NANOPORE	MinION	192441648.0	77726.0	WGS	GENOMIC	SINGLE	RIVM_M096793_rerio
SRR7415640	SRX4286586	SRS3450639	SRP151172	PRJNA477598	Listeria monocytogenes	Li 2108	OXFORD_NANOPORE	GridION	615942888.0	49675.0	WGS	GENOMIC	SINGLE	ONT GridION data for L. monocytogenes
ERR13802508	ERX13203260	ERS21186383	ERP164461	PRJEB80477	Escherichia coli		OXFORD_NANOPORE	MinION	443458619.0	116349.0	WGS	GENOMIC	SINGLE	MinION sequencing
SRR5834693	SRX3011214	SRS2360868	SRP112695	PRJNA363947	Streptomyces sp. 3211.1	3211.1	PACBIO_SMRT	PacBio RS II	795467304.0	310468.0	WGS	GENOMIC	SINGLE	Streptomyces sp. 3211.1
SRR26305323	SRX22013798	SRS19087285	SRP250705	PRJNA607328	Bacillus subtilis	missing	OXFORD_NANOPORE	MinION	1821766600.0	265101.0	WGS	GENOMIC	SINGLE	Bacillus subtilis FELIX_MS886 Nanopore
SRR21696337	SRX17693928	SRS14987241	SRP354045	PRJNA747871	Streptomyces sp. NBC_01456	NBC_01456	OXFORD_NANOPORE	MinION	679523882.0	91846.0	WGS	GENOMIC	SINGLE	nanopore sequencing data from strain NBC_01456
SRR15361526	SRX11664021	SRS9696752	SRP331378	PRJNA752621	Nocardia brasiliensis	GA14-002	OXFORD_NANOPORE	MinION	154090161.0	17228.0	WGS	GENOMIC	SINGLE	GA14-002
SRR15989131	SRX12277736	SRS9999230	SRP357537	PRJNA801416	Enterobacter cloacae	-	OXFORD_NANOPORE	GridION	1687449969.0	204853.0	WGS	GENOMIC	SINGLE	Whole Genome Sequencing of Carbapenemase-producing Enterobacterales (CPE)
SRR26322089	SRX22030158	SRS3020886	SRP133964	PRJNA437002	Bacillus subtilis	PS-53	PACBIO_SMRT	Sequel	1447920002.0	126914.0	WGS	GENOMIC	SINGLE	WGS B. subtilis PS-53
ERR1787545	ERX1851268	ERS1273880	ERP005928	PRJEB6403	Yokenella regensburgei	NCTC11966	PACBIO_SMRT	PacBio RS	843187445.0	163482.0	WGS	GENOMIC	SINGLE	PacBio RS sequencing
SRR35071143	SRX30184878	SRS26244885	SRP610420	PRJNA1308807	Escherichia coli	Ec_447	OXFORD_NANOPORE	MinION	886123432.0	79882.0	WGS	GENOMIC	SINGLE	Oxford Nanopore sequences of an isolated E. coli strain from wastewater
ERR13194286	ERX12565151	ERS20185798	ERP160059	PRJEB75483	Acidovorax sp. LjRoot194		OXFORD_NANOPORE	MinION	162285113.0	23355.0	WGS	GENOMIC	SINGLE	MinION sequencing
SRR5449045	SRX2737837	SRS2124992	SRP040661	PRJNA231221	Gardnerella vaginalis	FDAARGOS_296	PACBIO_SMRT	PacBio RS	1550404267.0	163482.0	WGS	GENOMIC	SINGLE	
SRR34333766	SRX29499259	SRS25639184	SRP597063	PRJNA1187345	Pseudomonas sp. KnCO4	KnCO4	PACBIO_SMRT	Sequel II	1394800585.0	149007.0	WGS	GENOMIC	SINGLE	Pseudomonas sp.
ERR13298032	ERX12668894	ERS20274757	ERP161188	PRJEB76684	Klebsiella michiganensis		OXFORD_NANOPORE	MinION	496567621.0	96160.0	WGS	GENOMIC	SINGLE	MinION sequencing
SRR36068010	SRX31114168	SRS27072668	SRP644837	PRJNA1364846	Campylobacter coli	GPT20-006	OXFORD_NANOPORE	GridION	22402091.0	5530.0	WGS	GENOMIC	SINGLE	Campylobacter coli, DBT kit, 36-plex and 100 ng DNA, replicate 1
SRR34728993	SRX29863363	SRS25966280	SRP603830	PRJNA1297335	Curtobacterium herbarum	SC03	OXFORD_NANOPORE	GridION	933578018.0	286447.0	WGS	GENOMIC	SINGLE	ONP sequencing of phyllosphere bacteria
SRR19519902	SRX15572405	SRS13275265	SRP378127	PRJNA819273	Mammaliicoccus sciuri	IVB6229	PACBIO_SMRT	Sequel II	3423826584.0	302890.0	WGS	GENOMIC	SINGLE	PacBio Sequel sequencing of camel Staphylococcaceae from the Horn of Africa
ERR12778389	ERX12151579	ERS18592396	ERP158558	PRJEB73819	Escherichia coli		OXFORD_NANOPORE	MinION	15182819.0	4920.0	WGS	GENOMIC	SINGLE	MinION sequencing
ERR1674571	ERX1744623	ERS1211133	ERP005928	PRJEB6403	Mycolicibacterium phlei	NCTC8151	PACBIO_SMRT	PacBio RS	501740218.0	163482.0	WGS	GENOMIC	SINGLE	PacBio RS sequencing
SRR19542743	SRX15594650	SRS13295893	SRP378454	PRJNA845091	Burkholderia gladioli	not collected	PACBIO_SMRT	Sequel II	3698608196.0	341418.0	WGS	GENOMIC	SINGLE	Pacbio sequence of  Burkholderia gladioli: apnjm
ERR1140952	ERX1219801	ERS744796	ERP005928	PRJEB6403	Escherichia coli	NCTC8007	PACBIO_SMRT	PacBio RS	1842132365.0	163482.0	WGS	GENOMIC	SINGLE	PacBio RS sequencing
SRR21415868	SRX17420012	SRS12114991	SRP361569	PRJNA768416	Solibacillus sp. FSL K6-4121	FSL K6-4121	OXFORD_NANOPORE	MinION	761531507.0	169068.0	WGS	GENOMIC	SINGLE	WGS of Bacilli
ERR13802514	ERX13203266	ERS21186389	ERP164461	PRJEB80477	Escherichia coli		OXFORD_NANOPORE	MinION	286362149.0	104333.0	WGS	GENOMIC	SINGLE	MinION sequencing
SRR25939027	SRX21657877	SRS18826051	SRP459049	PRJNA1013907	Helicobacter pylori	not collected	OXFORD_NANOPORE	MinION	464054812.0	76263.0	WGS	GENOMIC	SINGLE	Evaluation of in vitro efficacy of antibiotic combinations used in clinical practice on clinical isolates of Helicobacter pylori.
ERR10498093	ERX10015382	ERS14254853	ERP142629	PRJEB57633	Escherichia coli		OXFORD_NANOPORE	GridION	77467540.0	10425.0	WGS	GENOMIC	SINGLE	Raw reads: ONT_30348_2#142
ERR14314273	ERX13715369	ERS23192833	ERP169026	PRJEB85647	Escherichia coli		OXFORD_NANOPORE	MinION	273837475.0	20993.0	WGS	GENOMIC	SINGLE	E_coli_gDNA_30Aug_2023
SRR5182067	SRX2498175	SRS1925028	SRP096895	PRJNA353873	Mycobacterium tuberculosis		PACBIO_SMRT	PacBio RS	486869671.0	163482.0	WGS	GENOMIC	SINGLE	DNA of Mtb
SRR29778940	SRX25278940	SRS21698318	SRP418402	PRJNA925803	Streptococcus dysgalactiae subsp. equisimilis	MGCS36042	OXFORD_NANOPORE	GridION	180910327.0	103129.0	WGS	GENOMIC	SINGLE	WGS of Streptococcus dysgalactiae subsp. equisimilis
SRR11318050	SRX7922386	SRS2064078	SRP018785	PRJNA186035	Salmonella enterica subsp. enterica serovar Inverness	CFSAN008785	PACBIO_SMRT	Sequel	286897281.0	38995.0	WGS	GENOMIC	SINGLE	Whole genome PacBio Sequel sequence of Salmonella enterica
SRR21564521	SRX17566856	SRS15108903	SRP397080	PRJNA880531	Salmonella enterica subsp. enterica serovar Typhimurium	HS_180Salm	OXFORD_NANOPORE	MinION	2157117475.0	348931.0	WGS	GENOMIC	SINGLE	Nanopore MinION sequencing of S. enterica HS-180Salm isolated from harvested oysters
ERR1638083	ERX1708418	ERS1354656	ERP017162	PRJEB15431	Escherichia coli		OXFORD_NANOPORE	MinION	410564114.0	57380.0	WGS	GENOMIC	SINGLE	MinION sequencing
DRR725170	DRX705191	DRS496388	DRP013789	PRJDB35970	Flavobacterium psychrophilum	KMO-2406	OXFORD_NANOPORE	MinION	387452193.0	103260.0	WGS	GENOMIC	SINGLE	MinION sequencing of SAMD01615001
SRR12299114	SRX8802099	SRS6792716	SRP266402	PRJNA605147	Citrobacter freundii	RHB35-C18	OXFORD_NANOPORE	GridION	460674662.0	138364.0	WGS	GENOMIC	SINGLE	OXFORD_NANOPORE sequencing of Citrobacter freundii isolate RH06|T3-C18 cultured from Cattle faeces sample
SRR7013051	SRX3945501	SRS1256891	SRP068737	PRJNA292902	Klebsiella aerogenes	AR_0161	PACBIO_SMRT	PacBio RS II	1499225548.0	163482.0	WGS	GENOMIC	SINGLE	PacBio SMRT Sequencing of Klebsiella aerogenes FDA-CDC-AR_0161 Genomic Library
SRR27379297	SRX23055754	SRS20015733	SRP480616	PRJNA1055176	Escherichia coli	Not available	OXFORD_NANOPORE	MinION	1682141310.0	278279.0	WGS	GENOMIC	SINGLE	Whole genome sequence of E. coli
SRR31599551	SRX26964131	SRS23433844	SRP549287	PRJNA1185485	Escherichia coli	411	OXFORD_NANOPORE	PromethION	2658578511.0	530706.0	WGS	GENOMIC	SINGLE	pig-inf-barcode50
ERR10498532	ERX10015821	ERS14255310	ERP142629	PRJEB57633	Escherichia coli		OXFORD_NANOPORE	GridION	134287851.0	23321.0	WGS	GENOMIC	SINGLE	Raw reads: ONT_30348_2#207
SRR18681621	SRX14782876	SRS12539617	SRP368114	PRJNA824420	Escherichia coli	GD02967_ECOL_HY_84	OXFORD_NANOPORE	MinION	442539382.0	59719.0	WGS	GENOMIC	SINGLE	Long-read sequencing of Escherichia coli: isolate #84 blood
ERR2797049	ERX2806068	ERS2735111	ERP110894	PRJEB28660	Pseudomonas aeruginosa		OXFORD_NANOPORE	MinION	134888486.0	46317.0	WGS	GENOMIC	SINGLE	MinION sequencing
SRR13328096	SRX9755116	SRS7944826	SRP299781	PRJNA684363	Pseudomonas sp. TH74	TH74	OXFORD_NANOPORE	MinION	306296442.0	180289.0	WGS	GENOMIC	SINGLE	WGS of Pseudomonas sp. : bacterial isolate
ERR10499167	ERX10016453	ERS14255898	ERP142629	PRJEB57633	Escherichia coli		OXFORD_NANOPORE	GridION	24564868.0	3839.0	WGS	GENOMIC	SINGLE	Raw reads: ONT_30859_5#264
ERR12833683	ERX12206494	ERS18714782	ERP157202	PRJEB72410	Klebsiella pneumoniae		OXFORD_NANOPORE	MinION	500898357.0	160087.0	WGS	GENOMIC	SINGLE	MinION sequencing
SRR29015132	SRX24541768	SRS21286496	SRP506715	PRJNA981225	Salmonella enterica subsp. enterica serovar Typhimurium	2016316	OXFORD_NANOPORE	PromethION	1000013393.0	39771.0	WGS	GENOMIC	SINGLE	raw sequence data of Salmonella enterica subsp. enterica serovar Typhimurium 2016316 using third-generation sequencing
ERR3284497	ERX3311041	ERS2278929	ERP019480	PRJEB17615	Escherichia coli		PACBIO_SMRT	PacBio RS	1042961085.0	163482.0	WGS	GENOMIC	SINGLE	PacBio RS sequencing
ERR10499499	ERX10016785	ERS14257033			Escherichia coli		OXFORD_NANOPORE	GridION	405791704.0	41918.0	WGS	GENOMIC	SINGLE	GridION sequencing; Raw reads: ONT_30345_1#322
ERR15424209	ERX14828153	ERS25261102	ERP176764	PRJEB93885	Klebsiella pneumoniae		OXFORD_NANOPORE	PromethION	819192918.0	137485.0	WGS	GENOMIC	SINGLE	Raw reads: run0_pilot_96_ont_AF8
SRR13697404	SRX10086559	SRS8244169	SRP306184	PRJNA695733	Acinetobacter calcoaceticus	B1U3D	PACBIO_SMRT	PacBio RS II	7956363663.0	730989.0	WGS	GENOMIC	SINGLE	Acinetobacter calcoaceticus B1U3D
SRR11563721	SRX8132921	SRS6496464	SRP256950	PRJNA622102	Actinopolymorpha pittospori	DSM 45354	PACBIO_SMRT	PacBio RS II	220769639.0	50861.0	WGS	GENOMIC	SINGLE	Actinopolymorpha pittospori DSM 45354
SRR29842199	SRX25340059	SRS22007437	SRP520125	PRJNA1134661	Salmonella enterica		OXFORD_NANOPORE	MinION	1692152172.0	386409.0	WGS	GENOMIC	SINGLE	Salmonella enterica from broiler chicken litter
SRR1923101	SRX963279	SRS811713	SRP028928	PRJNA215355	Listeria monocytogenes	FDA877636 1-1	PACBIO_SMRT	PacBio RS II	969200503.0	163482.0	WGS	GENOMIC	SINGLE	Whole genome shotgun sequencing of Listeria monocytogenes   str. FDA00008649 by Pacific Biosciences SMRT
SRR33769432	SRX28991930	SRS22455664	SRP444583	PRJNA962904	Klebsiella pneumoniae		PACBIO_SMRT	Sequel II	369879168.0	17526.0	WGS	GENOMIC	SINGLE	PacBio sequencing of AH0875HC2 for ARCH 2
ERR16064525	ERX15454707	ERS28397660	ERP173262	PRJEB90249	Escherichia coli		OXFORD_NANOPORE	GridION	276256363.0	61650.0	WGS	GENOMIC	SINGLE	GridION sequencing
SRR5165184	SRX2482165	SRS1913755	SRP096400	PRJNA243967	Mesorhizobium japonicum MAFF 303099	MAFF 303099	PACBIO_SMRT	PacBio RS	303855503.0	177642.0	WGS	GENOMIC	SINGLE	Mesorhizobium loti MAFF303099 from free-living rhizobial cells
SRR14887065	SRX11204140	SRS9258621	SRP325236	PRJNA702257	Paraburkholderia phenazinium	S18	PACBIO_SMRT	Sequel	1036216944.0	120749.0	WGS	GENOMIC	PAIRED	Paraburkholderia phenazinium S18
SRR22285608	SRX18259723	SRS15753860	SRP407915	PRJNA901493	Acinetobacter baumannii		OXFORD_NANOPORE	MinION	905068167.0	181035.0	WGS	GENOMIC	SINGLE	Long read sequencing of Acinetobacter baumannii IC2 isolate AB_2778_long
SRR498082	SRX148634	SRS281882	SRP013241	PRJNA73829	Vibrio cholerae		PACBIO_SMRT	PacBio RS	1180589.0	2562.0	WGS	GENOMIC	SINGLE	
SRR34699585	SRX29834835	SRS25898667	SRP602616	PRJNA1294593	Salmonella enterica subsp. enterica serovar Typhimurium var. monophasic	22-SA00428-0	OXFORD_NANOPORE	MinION	182648402.0	17323.0	WGS	GENOMIC	SINGLE	WGS of Salmonella enterica subsp. enterica isolate 22-SA00428-0 using ONT technology
SRR386341	SRX109872	SRS212334	SRP007230	PRJNA64831	Bacteroides finegoldii CL09T03C10	CL09T03C10	PACBIO_SMRT	PacBio RS	121250686.0	81741.0	WGS	GENOMIC	SINGLE	Whole Genome Sequencing and Assembly
SRR12791874	SRX9260996	SRS7491049	SRP190319	PRJNA284866	Treponema sp. OMZ 855	OMZ 855	OXFORD_NANOPORE	MinION	1188979990.0	451672.0	WGS	GENOMIC	SINGLE	Treponema sp. OMZ 855 5FP3M
SRR31024238	SRX26411325	SRS22931286	SRP539092	PRJNA1174068	Vibrio cholerae	mHDM VC206	OXFORD_NANOPORE	PromethION	80753568.0	27559.0	WGS	GENOMIC	SINGLE	WGS of Vcholerae isolates
SRR15989112	SRX12277755	SRS9999038	SRP357534	PRJNA801415	Klebsiella pneumoniae	1308	OXFORD_NANOPORE	GridION	306824859.0	47392.0	WGS	GENOMIC	SINGLE	Whole Genome Sequencing of Carbapenemase-producing Enterobacterales (CPE)
SRR2814836	SRX1382516	SRS1133501	SRP040661	PRJNA231221	Vibrio cholerae	FDAARGOS_101	PACBIO_SMRT	PacBio RS	869026978.0	163482.0	WGS	GENOMIC	SINGLE	
SRR19543008	SRX15594908	SRS13296128	SRP018785	PRJNA186035	Pluralibacter gergoviae	BWH_1_E_ger	PACBIO_SMRT	Sequel	1882212935.0	184072.0	WGS	GENOMIC	SINGLE	Whole genome PacBio Sequel sequence of Salmonella enterica
DRR572653	DRX556120	DRS426410	DRP012251	PRJDB17574	Escherichia coli	YK-IS1MA-L11-3_G08	OXFORD_NANOPORE	MinION	11884586.0	907.0	WGS	GENOMIC	SINGLE	nanopore-seq of SAMD00748227 L11-3_G8
SRR12343849	SRX8843716	SRS7106684	SRP274107	PRJNA626345	Staphylococcus aureus	NAS_AN_047	OXFORD_NANOPORE	MinION	122337569.0	7575.0	WGS	GENOMIC	SINGLE	WGS Staphylococcus aureus among Native Americans in the  southwest US
ERR14707614	ERX14109048	ERS6435467	ERP129122	PRJEB45009	Escherichia coli		OXFORD_NANOPORE	MinION	873078026.0	63092.0	WGS	GENOMIC	SINGLE	MinION sequencing
ERR13600584	ERX12971607	ERS15599372	ERP132614	PRJEB48268	Klebsiella pneumoniae		OXFORD_NANOPORE	GridION	160937433.0	5900.0	WGS	GENOMIC	SINGLE	GridION sequencing
ERR15521500	ERX14925346	ERS26741774	ERP177856	PRJEB95107	Bacillus velezensis		OXFORD_NANOPORE	GridION	29109671803.0	7690806.0	WGS	GENOMIC	SINGLE	GridION sequencing
ERR2532473	ERX2550894	ERS2419176	ERP005928	PRJEB6403	Porphyromonas circumdentaria	NCTC13925	PACBIO_SMRT	PacBio RS	361171232.0	163482.0	WGS	GENOMIC	SINGLE	PacBio RS sequencing
ERR2237807	ERX2289974	ERS1869806	ERP005928	PRJEB6403	Mycoplasmopsis columbina	NCTC10178	PACBIO_SMRT	PacBio RS	1226129315.0	163482.0	WGS	GENOMIC	SINGLE	PacBio RS sequencing
SRR34967694	SRX30086964	SRS26153045	SRP608514	PRJNA1305037	Enterobacter hormaechei	MI_KPC_467	OXFORD_NANOPORE	PromethION	225086097.0	54896.0	WGS	GENOMIC	SINGLE	KPC CRE collection from state of Michigan
ERR10498112	ERX10015401	ERS14254311	ERP142629	PRJEB57633	Escherichia coli		OXFORD_NANOPORE	GridION	51874608.0	9952.0	WGS	GENOMIC	SINGLE	Raw reads: ONT_30348_2#271
ERR1681950	ERX1751567	ERS1234125	ERP005928	PRJEB6403	Clostridium perfringens	NCTC10239	PACBIO_SMRT	PacBio RS	1058209386.0	163482.0	WGS	GENOMIC	SINGLE	PacBio RS sequencing
SRR10556194	SRX7237927	SRS5737511	SRP233753	PRJNA460367	Clostridium beijerinckii	DJ230	PACBIO_SMRT	PacBio RS II	903662317.0	366273.0	WGS	GENOMIC	SINGLE	Clostridium beijerinckii DJ230
SRR29675673	SRX25179089	SRS20798061	SRP496639	PRJNA1090044	Staphylococcus aureus	TUM22188	OXFORD_NANOPORE	MinION	374999696.0	153184.0	WGS	GENOMIC	SINGLE	WGS using ONT of Staphylococcus aureus TUM22188
SRR26134166	SRX21847583	SRS18945082	SRP462476	PRJNA993145	Staphylococcus aureus	ST352	OXFORD_NANOPORE	GridION	225266426.0	112728.0	WGS	GENOMIC	SINGLE	WGS of S. aureus: Ruminant mastitis isolate
ERR5353190	ERX5141225	ERS5752923	ERP126298	PRJEB42440	Escherichia coli		OXFORD_NANOPORE	MinION	1625624222.0	503928.0	WGS	GENOMIC	SINGLE	MinION sequencing
SRR6985650	SRX3925519	SRS1739419	SRP133836	PRJNA316321	Staphylococcus aureus	AR_0223	PACBIO_SMRT	PacBio RS	2352625659.0	163482.0	WGS	GENOMIC	SINGLE	
SRR9849562	SRX6604151	SRS5169131	SRP216572	PRJNA556977	Bordetella pertussis	NZ36	OXFORD_NANOPORE	MinION	861502406.0	175061.0	WGS	GENOMIC	SINGLE	ONT sequencing of Bordetella pertussis NZ36
ERR10769209	ERX10220103	ERS2785113	ERP104475	PRJEB22771	Streptococcus pneumoniae		PACBIO_SMRT	Sequel II	3207457796.0	448672.0	WGS	GENOMIC	SINGLE	Sequel II sequencing
SRR24062790	SRX19864085	SRS17220107	SRP430807	PRJNA952137	Staphylococcus aureus	GE-MSSA31	OXFORD_NANOPORE	MinION	23957858.0	8484.0	WGS	GENOMIC	SINGLE	Long read Illumina sequencing of Staphylococcus aureus GE-MSSA31
SRR34864062	SRX29995561	SRS26072157	SRP606522	PRJNA1301590	Pseudolactococcus laudensis	T2A2	OXFORD_NANOPORE	PromethION	1908988412.0	226707.0	WGS	GENOMIC	SINGLE	WGS of Pseudolactococcus laudensis strain T2A2: Tistrup starter culture
SRR387033	SRX109928	SRS281278	SRP001087	PRJNA40075	Escherichia coli str. K-12 substr. MG1655	K-12	PACBIO_SMRT	PacBio RS	15222260.0	81741.0	WGS	GENOMIC	SINGLE	Whole Genome Sequencing and Assembly
SRR25213975	SRX20961059	SRS16637840	SRP395888	PRJNA812595	Klebsiella pneumoniae	2023CK-00047	OXFORD_NANOPORE	GridION	90218990.0	11032.0	WGS	GENOMIC	SINGLE	Nanopore sequencing of ARLN isolate
ERR10499652	ERX10016934	ERS14256848			Escherichia coli		OXFORD_NANOPORE	GridION	72817048.0	8165.0	WGS	GENOMIC	SINGLE	GridION sequencing; Raw reads: ONT_30602_1#79
ERR9843306	ERX9389103	ERS2652041	ERP104475	PRJEB22771	Streptococcus pneumoniae		PACBIO_SMRT	Sequel II	5299494241.0	722219.0	WGS	GENOMIC	SINGLE	Sequel II sequencing
ERR3775161	ERX3777108	ERS4202826	ERP119104	PRJEB35979	Microbacterium sp. 'ARUP UnID 399'		OXFORD_NANOPORE	GridION	7127762.0	33436.0	WGS	GENOMIC	SINGLE	GridION sequencing
ERR10498728	ERX10016017	ERS14256140	ERP142629	PRJEB57633	Escherichia coli		OXFORD_NANOPORE	GridION	51254827.0	5177.0	WGS	GENOMIC	SINGLE	Raw reads: ONT_30602_1#333
SRR12395233	SRX8893664	SRS7152686	SRP276100	PRJNA650381	Mycobacterium tuberculosis		OXFORD_NANOPORE	MinION	1003909290.0	672323.0	WGS	GENOMIC	SINGLE	Nanopore TB WGS
ERR14364945	ERX13766350	ERS23231995	ERP165658	PRJEB81867	Staphylococcus aureus		OXFORD_NANOPORE	PromethION	502637057.0	120072.0	WGS	GENOMIC	SINGLE	Raw reads: s58
SRR25466989	SRX21199936	SRS18458350	SRP452337	PRJNA1000618	Escherichia coli	Escherichia coli BL21(DE3)	OXFORD_NANOPORE	MinION	8401052.0	4000.0	WGS	GENOMIC	SINGLE	CASTVK transposition with different condition
SRR30206108	SRX25669150	SRS22231190	SRP523802	PRJNA1143194	Bradyrhizobium sp. 482_C4_N1_8	482_C4_N1_8	OXFORD_NANOPORE	PromethION	1154366429.0	462458.0	WGS	GENOMIC	SINGLE	Bradyrhizobium sp. 482_C4_N1_8 nanopore genome sequencing (double compressed files)
SRR19843287	SRX15887101	SRS12115082	SRP361569	PRJNA768416	Psychrobacillus sp. FSL H8-0483	FSL H8-0483	OXFORD_NANOPORE	MinION	807839331.0	134224.0	WGS	GENOMIC	SINGLE	WGS of Bacilli
ERR15686897	ERX15091326	ERS26976641	ERP171481	PRJEB88388	Microbacterium sp. R-92761	R-92761	OXFORD_NANOPORE	MinION	833932069.0	244669.0	WGS	GENOMIC	SINGLE	Raw reads: Microbacterium sp. R-92761
SRR33768908	SRX28991171	SRS22456345	SRP444583	PRJNA962904	Klebsiella pneumoniae		PACBIO_SMRT	Sequel II	346612751.0	15268.0	WGS	GENOMIC	SINGLE	PacBio sequencing of AH0706HE2 for ARCH 2
SRR13957746	SRX10335931	SRS8455475	SRP300861	PRJNA663900	Enterococcus sp. DIV1083b	DIV1083b	OXFORD_NANOPORE	GridION	796276054.0	301913.0	WGS	GENOMIC	SINGLE	sequencing of enterococcal diversity
SRR28811893	SRX24375260	SRS21131916	SRP504151	PRJNA1104797	Xanthomonas campestris pv. raphani	CFBP 5828	OXFORD_NANOPORE	PromethION	1012795872.0	36780.0	WGS	GENOMIC	SINGLE	Genome sequencing of Xanthomonas campestris pv. raphani: strain CFBP 5828
SRR32364869	SRX27699277	SRS21123060	SRP444583	PRJNA962904	Escherichia coli		PACBIO_SMRT	Sequel II	222913667.0	8301.0	WGS	GENOMIC	SINGLE	PacBio sequencing of AS5895E1 for ARCH 1.0
SRR17153394	SRX13337421	SRS11242481	SRP349574	PRJNA786743	Klebsiella pneumoniae	VYT5860	OXFORD_NANOPORE	MinION	2465306030.0	953506.0	WGS	GENOMIC	SINGLE	WGS of Klebsiella pneumoniae using MinION sequencer
SRR33837904	SRX29058566	SRS25273674	SRP590033	PRJNA1271622	Ralstonia pseudosolanacearum	MLY158	PACBIO_SMRT	PacBio RS II	1270232700.0	4234109.0	WGS	GENOMIC	PAIRED	Ralstonia pseudosolanacearum
SRR30655757	SRX26075807	SRS22644049	SRP555365	PRJNA1206708	Klebsiella pneumoniae	DSM30104_Rep5	OXFORD_NANOPORE	GridION	278850223.0	122405.0	WGS	GENOMIC	SINGLE	Nanopore reproducibility
SRR35673894	SRX30725772	SRS26742342	SRP561673	PRJNA1219398	Pasteurella multocida	222265	OXFORD_NANOPORE	MinION	389318058.0	51601.0	WGS	GENOMIC	SINGLE	DNA-Seq of Pasteurella multocida 222265
SRR15140866	SRX11448619	SRS9488523	SRP295672	PRJNA681856	Salmonella enterica subsp. arizonae	LHICA_AZ23	OXFORD_NANOPORE	MinION	25032998.0	4000.0	WGS	GENOMIC	SINGLE	Salmonella AZ23
SRR8304170	SRX5118672	SRS2048947	SRP018785	PRJNA186035	Salmonella enterica subsp. enterica serovar Meleagridis	FDA833961-41	PACBIO_SMRT	Sequel	431114677.0	158786.0	WGS	GENOMIC	SINGLE	Whole genome PacBio Sequel sequence of Salmonella enterica
SRR6799409	SRX3758162	SRS3013418	SRP133836	PRJNA316321	Escherichia coli		PACBIO_SMRT	PacBio RS	915674794.0	163482.0	WGS	GENOMIC	SINGLE	
SRR10344596	SRX7054461	SRS5570399	SRP226939	PRJNA384709	Bacillus velezensis	DKU_NT_04	PACBIO_SMRT	PacBio RS II	1100571571.0	122603.0	WGS	GENOMIC	SINGLE	cheonggukjang  isolates genome sequencing
SRR10520837	SRX7205586	SRS5710292	SRP231923	PRJNA345669	Clostridium beijerinckii	DJ035	PACBIO_SMRT	PacBio RS II	906380252.0	335910.0	WGS	GENOMIC	SINGLE	Clostridium beijerinckii DJ035
SRR33821205	SRX29042451	SRS25257839	SRP589740	PRJNA1271720	Xenorhabdus thailandensis	ALN11.5	OXFORD_NANOPORE	GridION	56734207.0	25359.0	WGS	GENOMIC	SINGLE	WGS of Xenorhabdus thailandensis ALN 11.5
SRR11747674	SRX8301002	SRS6619073	SRP260949	PRJNA607129	Campylobacter concisus	P1CDO2	OXFORD_NANOPORE	MinION	24897295.0	9460.0	WGS	GENOMIC	SINGLE	Nanopore sequence of Campylobacter concisus
ERR12258327	ERX11668615	ERS16539693	ERP152951	PRJEB67942	Streptococcus uberis		OXFORD_NANOPORE	MinION	293545024.0	187471.0	WGS	GENOMIC	SINGLE	MinION sequencing
SRR5272702	SRX2576719	SRS1011492	SRP061593	PRJNA290984	Pseudobacteroides cellulosolvens ATCC 35603 = DSM 2933	DSM 2933	PACBIO_SMRT	PacBio RS II	355877704.0	163482.0	WGS	GENOMIC	SINGLE	Bacteroides cellulosolvens ATCC 35603 PacBio Sequencing
ERR15941320	ERX15336865	ERS27416636	ERP185476	PRJEB104171	Escherichia coli		OXFORD_NANOPORE	MinION	422211300.0	129226.0	WGS	GENOMIC	SINGLE	MinION sequencing
SRR12492390	SRX8984008	SRS7238336	SRP051949	PRJNA271899	Citrobacter freundii	MGH281C	OXFORD_NANOPORE	GridION	480539644.0	135757.0	WGS	GENOMIC	SINGLE	Sequencing of Carbapenem resistant bacteria
SRR27945588	SRX23602347	SRS20445024	SRP489383	PRJNA1075690	Mannheimia haemolytica	SKBRP-0134	OXFORD_NANOPORE	PromethION	50523242.0	36000.0	WGS	GENOMIC	SINGLE	WGS of Mannheimia haemolytica
ERR14747243	ERX14148519	ERS23812275	ERP170065	PRJEB86767	Morganella morganii		OXFORD_NANOPORE	MinION	327899996.0	95745.0	WGS	GENOMIC	SINGLE	EXP-16-1-2025-03-14_14-42-05
DRR527918	DRX511796	DRS408232	DRP012069	PRJDB17094	Yersinia pseudotuberculosis	KD1	OXFORD_NANOPORE	MinION	1617076231.0	117053.0	WGS	GENOMIC	SINGLE	MinION sequencing of SAMD00729695
SRR21630241	SRX17630773	SRS11554470	SRP354045	PRJNA747871	Streptomyces achromogenes	NBC_00216	OXFORD_NANOPORE	MinION	790064893.0	235707.0	WGS	GENOMIC	SINGLE	nanopore sequencing data from strain NBC_00216
SRR33519058	SRX28753582	SRS9239683	SRP399759	PRJNA857539	Salmonella enterica subsp. enterica	AUSMDU00029966	OXFORD_NANOPORE	GridION	153663882.0	46419.0	WGS	GENOMIC	SINGLE	Whole genome sequencing of Salmonella sp as part of MDU-PHL surveillance activities in Victoria, Australia Raw sequence reads
SRR32364644	SRX27699502	SRS21122303	SRP444583	PRJNA962904	Escherichia coli		PACBIO_SMRT	Sequel II	250090404.0	14052.0	WGS	GENOMIC	SINGLE	PacBio sequencing of AS26541C1 for ARCH 1.0
SRR35071026	SRX30184995	SRS26245003	SRP610420	PRJNA1308807	Escherichia coli	Ec_209	OXFORD_NANOPORE	MinION	670773422.0	102241.0	WGS	GENOMIC	SINGLE	Oxford Nanopore sequences of an isolated E. coli strain from wastewater
SRR8739655	SRX5532423	SRS4498646	SRP051949	PRJNA271899	Klebsiella pneumoniae	OC-CRE-9060	OXFORD_NANOPORE	GridION	333145097.0	60736.0	WGS	GENOMIC	SINGLE	Sequencing of Carbapenem resistant bacteria
SRR23392490	SRX19330217	SRS16727159	SRP421832	PRJNA932719	Campylobacter coli		OXFORD_NANOPORE	MinION	320126100.0	16555.0	WGS	GENOMIC	SINGLE	Long-read WGS characterization of commensal Campylobacter jejuni and Campylobacter coli isolates from dairy cattle in Northern Spain
SRR35556710	SRX30631350	SRS3409744	SRP150360	PRJNA475751	Escherichia coli	EC00629	OXFORD_NANOPORE	MinION	1203856772.0	136508.0	WGS	GENOMIC	SINGLE	WGS Sequencing of Escherichia coli
SRR21630446	SRX17630953	SRS11554617	SRP354045	PRJNA747871	Streptomyces violaceus	NBC_00450	OXFORD_NANOPORE	MinION	315717282.0	35425.0	WGS	GENOMIC	SINGLE	nanopore sequencing data from strain NBC_00450
SRR13181163	SRX9619209	SRS7821426	SRP040661	PRJNA231221	Corynebacterium glucuronolyticum	FDAARGOS_1190	PACBIO_SMRT	Sequel	3018011445.0	572886.0	WGS	GENOMIC	SINGLE	
SRR18117852	SRX14268382	SRS12087413	SRP361201	PRJNA809755	Enterococcus faecium	not collected	OXFORD_NANOPORE	GridION	186698316.0	43605.0	WGS	GENOMIC	SINGLE	E.faecium CFN_9896
SRR5725519	SRX2941492	SRS1832478	SRP094480	PRJNA279196	Bordetella pertussis	H533	PACBIO_SMRT	PacBio RS II	2095830148.0	163482.0	WGS	GENOMIC	SINGLE	
SRR19568987	SRX15621041	SRS13321502	SRP378848	PRJNA846565	Escherichia coli	K-12 MG1655	PACBIO_SMRT	Sequel II	2901257640.0	720187.0	WGS	GENOMIC	SINGLE	Genomics_Ecoli_XmnI
SRR21416127	SRX17420361	SRS14917021	SRP361569	PRJNA768416	Paenibacillus sp. FSL L8-0333		OXFORD_NANOPORE	MinION	481777850.0	80930.0	WGS	GENOMIC	SINGLE	WGS of Bacilli
ERR695651	ERX640132	ERS523597	ERP005928	PRJEB6403	Klebsiella pneumoniae subsp. ozaenae	NCTC10313	PACBIO_SMRT	PacBio RS	832055138.0	163482.0	WGS	GENOMIC	SINGLE	PacBio RS sequencing
SRR15859213	SRX12150400	SRS10129503	SRP336723	PRJNA762553	Escherichia coli	NDM4	OXFORD_NANOPORE	MinION	1375868692.0	158076.0	WGS	GENOMIC	SINGLE	WGS of Escherichia coli
SRR35513770	SRX30589594	SRS26617996	SRP620300	PRJNA1328464	Escherichia coli	GPT22-004	OXFORD_NANOPORE	GridION	49650921.0	24188.0	WGS	GENOMIC	SINGLE	Escherichia coli, MMV kit, replicate 3, sequence replicate 1
SRR34436401	SRX29597521	SRS16721160	SRP598841	PRJNA1287288	Enterobacter hormaechei	CPO335	OXFORD_NANOPORE	MinION	1414962510.0	128111.0	WGS	GENOMIC	SINGLE	R10.4.1 WGS of bacterial isolate for accuracy benchmarking
ERR3685725	ERX3675329	ERS4047526	ERP114207	PRJEB31632	bacterium		OXFORD_NANOPORE	GridION	575021455.0	66041.0	WGS	GENOMIC	SINGLE	GridION sequencing
DRR594366	DRX574913	DRS566192	DRP015300	PRJDB18582	Campylobacter jejuni	LA525	PACBIO_SMRT	Sequel II	534710258.0	94838.0	WGS	GENOMIC	SINGLE	Sequel II sequencing of SAMD00817463
SRR8769341	SRX5559470	SRS4523219	SRP189083	PRJNA528470	Burkholderia pseudomallei	Yap4	PACBIO_SMRT	PacBio RS II	867878933.0	163482.0	WGS	GENOMIC	PAIRED	Burkholderia pseudomallei
SRR36067873	SRX31114051	SRS27072669	SRP644837	PRJNA1364846	Enterococcus faecalis	GPT22-006	OXFORD_NANOPORE	GridION	47769561.0	17768.0	WGS	GENOMIC	SINGLE	Enterococcus faecalis, DBT kit, 36-plex and 200 ng DNA, replicate 1
SRR17879842	SRX14039201	SRS11863747	SRP357984	PRJNA801425	Escherichia coli	10	OXFORD_NANOPORE	GridION	157318502.0	19487.0	WGS	GENOMIC	SINGLE	Rapid dominance of a carbapenemase-encoding plasmid in clinical Enterobacteriaceae isolates and hypervirulent Klebsiella pneumoniae in Singapore
ERR10488989	ERX10008300	ERS14235890	ERP142385	PRJEB57405	Streptococcus pneumoniae		OXFORD_NANOPORE	MinION	566113778.0	66813.0	WGS	GENOMIC	SINGLE	MinION sequencing
SRR34973708	SRX30093135	SRS26157996	SRP608514	PRJNA1305037	Enterobacter hormaechei	MI_KPC_549	OXFORD_NANOPORE	PromethION	500003111.0	66303.0	WGS	GENOMIC	SINGLE	KPC CRE collection from state of Michigan
SRR27145205	SRX22826910	SRS19807646	SRP476599	PRJNA1050169	Citroniella saccharovorans	DSM 29873	OXFORD_NANOPORE	MinION	37423116.0	3851.0	WGS	GENOMIC	SINGLE	Nanopore MinION of C. saccharovorans
SRR32158423	SRX27503857	SRS23924099	SRP560261	PRJNA1129067	Lelliottia	chinensis	OXFORD_NANOPORE	MinION	311584236.0	194001.0	WGS	GENOMIC	SINGLE	MAR_RS1
ERR13475188	ERX12845151	ERS18629881	ERP158153	PRJEB73354	Escherichia coli		OXFORD_NANOPORE	MinION	638619501.0	158777.0	WGS	GENOMIC	SINGLE	MinION sequencing
SRR27887958	SRX23549705	SRS19902421	SRP478651	PRJNA1053631	Lamprobacter modestohalophilus	ShNLb02	OXFORD_NANOPORE	MinION	6183395.0	3804.0	WGS	GENOMIC	SINGLE	The genome sequence of the moderately halophilic Lamprobacter modestohalophilus ShNLb02_OxfordNanoporeLongReads
SRR5221020	SRX2530858	SRS1951748	SRP093756	PRJNA352974	Burkholderia pseudomallei	2013746877	PACBIO_SMRT	PacBio RS II	556048835.0	163482.0	WGS	GENOMIC	SINGLE	
ERR5022860	ERX4831013	ERS3927617	ERP023216	PRJEB20997	Salmonella enterica		PACBIO_SMRT	Sequel	983366744.0	148581.0	WGS	GENOMIC	SINGLE	Sequel sequencing
ERR987691	ERX1068949	ERS743206	ERP009820	PRJEB8783	Mycobacterium tuberculosis		PACBIO_SMRT	PacBio RS	1953402862.0	163482.0	WGS	GENOMIC	SINGLE	PacBio RS sequencing
SRR10256601	SRX6974552	SRS5493308	SRP224911	PRJNA565833	Streptomyces tendae	139	PACBIO_SMRT	PacBio RS II	514768615.0	57850.0	WGS	GENOMIC	SINGLE	139-PacBio
SRR35985000	SRX31034290	SRS27024275	SRP643415	PRJNA1339113	Rhizobium leguminosarum	USDA 2426	PACBIO_SMRT	Sequel IIe	657465334.0	69443.0	WGS	GENOMIC	SINGLE	Rhizobium leguminosarum bv viceae USDA 2426
SRR386311	SRX109869	SRS212329	SRP007226	PRJNA64815	Bacteroides fragilis CL05T00C42	CL05T00C42	PACBIO_SMRT	PacBio RS	38069546.0	81741.0	WGS	GENOMIC	SINGLE	Whole Genome Sequencing and Assembly
SRR25626968	SRX21353834	SRS18598680	SRP454825	PRJNA933921	Aeromonas dhakensis	PSKL.DM	OXFORD_NANOPORE	MinION	8484482254.0	1427792.0	WGS	GENOMIC	SINGLE	Nanopore of  of SAMN33261634
ERR3078035	ERX3138923	ERS3036289	ERP113349	PRJEB30861	Mycobacterium tuberculosis		OXFORD_NANOPORE	MinION	85124350.0	94112.0	WGS	GENOMIC	SINGLE	MinION sequencing
ERR10769157	ERX10220051	ERS2785662	ERP104475	PRJEB22771	Streptococcus pneumoniae		PACBIO_SMRT	Sequel II	3346278544.0	469255.0	WGS	GENOMIC	SINGLE	Sequel II sequencing
ERR2503170	ERX2522413	ERS1572782	ERP021285	PRJEB19288	Vibrio cholerae		PACBIO_SMRT	PacBio RS	371656852.0	163482.0	WGS	GENOMIC	SINGLE	PacBio RS sequencing
SRR35224313	SRX30327925	SRS26372306	SRP616549	PRJNA1314197	Mycobacterium tuberculosis	not applicable	OXFORD_NANOPORE	PromethION	339675624.0	104174.0	WGS	GENOMIC	SINGLE	Adaptive sampling of M. tb DNA mixture (25% Resistant), Rep 2
SRR34965703	SRX30085291	SRS26151641	SRP608494	PRJNA1304997	Mycobacterium tuberculosis	UTB-62	PACBIO_SMRT	Onso	595279053.0	2143330.0	WGS	GENOMIC	PAIRED	WGS of Mycobacterium tuberculosis
ERR10452898	ERX9976353	ERS6794105	ERP109413	PRJEB27342	Raoultella ornithinolytica		PACBIO_SMRT	Sequel II	5012908650.0	857139.0	WGS	GENOMIC	SINGLE	Sequel II sequencing
DRR346618	DRX335503	DRS228315	DRP008189	PRJDB12526	Thermus thermophilus	SNM3-3	OXFORD_NANOPORE	GridION	2994553883.0	1066704.0	WGS	GENOMIC	SINGLE	GridION sequencing of SAMD00442896
SRR13084428	SRX9531127	SRS7737666	SRP293225	PRJNA678757	Sinorhizobium meliloti	S35m	OXFORD_NANOPORE	MinION	1502087765.0	1237579.0	WGS	GENOMIC	SINGLE	WGS of S. meliloti strain S35, Nanopore sequencing
SRR28370695	SRX23975714	SRS20774114	SRP496022	PRJNA1087001	Streptococcus pyogenes	EMM113	OXFORD_NANOPORE	GridION	2826318532.0	1013069.0	WGS	GENOMIC	SINGLE	WGS of Streptococcus pyogenes isolate
SRR8292581	SRX5107151	SRS4026334	SRP018785	PRJNA186035	Salmonella enterica subsp. enterica serovar Anatum	CFSAN076215	PACBIO_SMRT	PacBio RS II	2698717689.0	163482.0	WGS	GENOMIC	SINGLE	PacBio SMRTbell library protocol library CFSAN076215 E01_1
ERR10155806	ERX9691926	ERS6426048	ERP109413	PRJEB27342	Klebsiella oxytoca		PACBIO_SMRT	Sequel II	11113574898.0	1650268.0	WGS	GENOMIC	SINGLE	Sequel II sequencing
SRR35785750	SRX30835089	SRS26843734	SRP632095	PRJNA1345082	Escherichia coli	30-2013-C25	OXFORD_NANOPORE	PromethION	38734338.0	13783.0	WGS	GENOMIC	SINGLE	WGS of persistently-infected Escherichia coli strain restreaks
DRR512854	DRX496740	DRS532335	DRP010765	PRJDB16900	Bacillus cereus		OXFORD_NANOPORE	MinION	38181518.0	6869.0	WGS	GENOMIC	SINGLE	MinION sequencing of SAMD00653950
ERR15195543	ERX14601247	ERS25144009	ERP160948	PRJEB76420	Klebsiella oxytoca		OXFORD_NANOPORE	MinION			WGS	GENOMIC	SINGLE	MinION sequencing
SRR24807252	SRX20579493	SRS17881482	SRP338930	PRJNA766641	Mycobacterium tuberculosis	IDR 2200002778	OXFORD_NANOPORE	MinION	41593548.0	27878.0	WGS	GENOMIC	SINGLE	MinION sequencing of TB isolates
SRR25699684	SRX21424563	SRS18662812	SRP455912	PRJNA1007249	Salmonella enterica	14028	PACBIO_SMRT	PacBio RS II	2109638315.0	163482.0	WGS	GENOMIC	SINGLE	SMRT-seq of Salmonella enterica: peroxide 4h
SRR32398733	SRX27730952	SRS8275711	SRP150360	PRJNA475751	Clostridioides difficile	CD08432	OXFORD_NANOPORE	MinION	794407658.0	598739.0	WGS	GENOMIC	SINGLE	WGS sequencing of C. difficile
SRR32486093	SRX27799477	SRS24152240	SRP402041	PRJNA857525	Enterobacter hormaechei	AUSMDU00027678	OXFORD_NANOPORE	PromethION	2279303992.0	352619.0	WGS	GENOMIC	SINGLE	WGS of Entobacter species from ONT reads
SRR27145113	SRX22826806	SRS19807588	SRP476597	PRJNA1050168	Klebsiella pneumoniae	not applicable	OXFORD_NANOPORE	GridION	818970788.0	221592.0	WGS	GENOMIC	SINGLE	Nanopore-Seq of Klebsiella pneumonia outbreak samples
SRR36722073	SRX31726420	SRS27695056	SRP660603	PRJNA1398820	Escherichia coli BL21(DE3)	BL21 (DE3)	OXFORD_NANOPORE	MinION	129872586.0	41115.0	WGS	GENOMIC	SINGLE	Whole-genome sequencing of phage-resistant E. coli BL21(DE3)
DRR245312	DRX235105	DRS159285	DRP006629	PRJDB10541	Enterobacter hormaechei subsp. xiangfangensis	JUE10	OXFORD_NANOPORE	MinION	564558879.0	125638.0	WGS	GENOMIC	SINGLE	MinION sequencing of SAMD00246037
SRR17210321	SRX13390189	SRS11290157	SRP350362	PRJNA788148	Citrobacter freundii	B1s	OXFORD_NANOPORE	MinION	2927444.0	410.0	WGS	GENOMIC	SINGLE	B1_r1_adaptive_6h
SRR11816525	SRX8367522	SRS6683190	SRP262414	PRJNA633990	Xanthomonas oryzae	XOO6	OXFORD_NANOPORE	MinION	1124753984.0	368029.0	WGS	GENOMIC	SINGLE	WGS of Xanthomonas Oryzae pv. oryzae: XOO6
SRR25939906	SRX21658723	SRS18814353	SRP458791	PRJNA1013472	Aeromonas salmonicida	0018-B	OXFORD_NANOPORE	MinION	113301198.0	13576.0	WGS	GENOMIC	SINGLE	Nanopore MinION sequencing of Aeromonas salmonicida isolated from Canadian food samples in 2018
ERR10499610	ERX10016892	ERS14256829			Escherichia coli		OXFORD_NANOPORE	GridION	51711678.0	5323.0	WGS	GENOMIC	SINGLE	GridION sequencing; Raw reads: ONT_30348_2#254
SRR13256624	SRX9687436	SRS7885011	SRP297072	PRJNA682584	Enterococcus faecium	Dallas 57	OXFORD_NANOPORE	MinION	611895287.0	103674.0	WGS	GENOMIC	SINGLE	WGS of vancomycin resistant Enterococcus faecium collected from Dallas, Texas
SRR19746178	SRX15792054	SRS13484723	SRP382438	PRJNA850532	Escherichia coli		OXFORD_NANOPORE	MinION	900941642.0	68091.0	WGS	GENOMIC	SINGLE	EM10d_nano
SRR18700940	SRX14801907	SRS12559888	SRP369075	PRJNA695766	Curtobacterium luteum	DSM 20542	PACBIO_SMRT	Sequel II	6008899127.0	1390004.0	WGS	GENOMIC	SINGLE	Curtobacterium luteum DSM 20542
SRR24105538	SRX19905673	SRS17258841	SRP431481	PRJNA846795	Rickettsia rickettsii	AZ-5	PACBIO_SMRT	Sequel	558494963.0	178460.0	WGS	GENOMIC	SINGLE	De novo assembly of Rickettsia rickettsii AZ-5
ERR10664195	ERX10133379	ERS2651700	ERP104475	PRJEB22771	Streptococcus pneumoniae		PACBIO_SMRT	Sequel II	3721510175.0	495559.0	WGS	GENOMIC	SINGLE	Sequel II sequencing
SRR31685370	SRX27047495	SRS23510066	SRP549202	PRJNA1164634	Escherichia coli	E. coli ST1598	OXFORD_NANOPORE	GridION	1892798562.0	563700.0	WGS	GENOMIC	SINGLE	Whole genome sequencing of cefotaxime resistant E. coli
SRR4063161	SRX2052214	SRS1644578	SRP082775	PRJNA217215	Maribacter forsetii DSM 18668	DSM 18668	PACBIO_SMRT	PacBio RS	26288817.0	9426.0	WGS	GENOMIC	SINGLE	Maribacter forsetii DSM18668
ERR15077667	ERX14482306	ERS24753384	ERP172924	PRJEB89896	Klebsiella pneumoniae		PACBIO_SMRT	Sequel II	1347390901.0	72424.0	WGS	GENOMIC	SINGLE	Sequel II sequencing
SRR30949790	SRX26352298	SRS22817286	SRP536567	PRJNA1165464	Escherichia coli	Not applicable	OXFORD_NANOPORE	MinION	880082401.0	85909.0	WGS	GENOMIC	SINGLE	Nanopore sequencing of E.coli: blood isolate
SRR33895094	SRX29106759	SRS25313099	SRP590843	PRJNA1272507	Salmonella enterica	SAL-127	OXFORD_NANOPORE	GridION	566140687.0	117984.0	WGS	GENOMIC	SINGLE	ONT-WGS of Salmonella enterica
SRR26807500	SRX22504732	SRS19517400	SRP471535	PRJNA1002862	Serratia marcescens	SM19	OXFORD_NANOPORE	MinION	307488198.0	74979.0	WGS	GENOMIC	SINGLE	WGS of GES-6 positive Serratia marcescens
SRR9668391	SRX6428969	SRS5084190	SRP040661	PRJNA231221	Bacillus cereus	FDAARGOS_797	PACBIO_SMRT	PacBio RS	922019936.0	163482.0	WGS	GENOMIC	SINGLE	
SRR27179986	SRX22860490	SRS19835777	SRP477403	PRJNA1049513	Vibrio sp. PBL-C16	PBL-C16	OXFORD_NANOPORE	MinION	64982.0	16.0	WGS	GENOMIC	SINGLE	Vibrio sp. PBL-C16 Genome sequencing and assembly
SRR19090851	SRX15160545	SRS12902732	SRP373722	PRJNA833969	Escherichia coli		OXFORD_NANOPORE	MinION	479026446.0	45066.0	WGS	GENOMIC	SINGLE	Long-read WGS characterization of ESBL-producing E. coli isolates from dairy cattle in Northern Spain
SRR33123766	SRX28387261	SRS24711188	SRP578427	PRJNA1244367	Bacillus cereus ATCC 14579	ATCC 14579	OXFORD_NANOPORE	GridION	4401226071.0	946048.0	WGS	GENOMIC	SINGLE	WGS of Bacillus cereus Strain ATCC14587
SRR21607616	SRX17608702	SRS15144872	SRP397687	PRJNA812594	Acinetobacter baumannii	1326359	OXFORD_NANOPORE	GridION	206762707.0	22284.0	WGS	GENOMIC	SINGLE	Nanopore sequencing of CRAB
SRR35504546	SRX30580280	SRS26609457	SRP616549	PRJNA1314197	Mycobacterium tuberculosis	not applicable	OXFORD_NANOPORE	GridION	1028150150.0	468583.0	WGS	GENOMIC	SINGLE	WGS of M. tb from sputum, Kit-Rapid prep, Sample BC05
SRR33422510	SRX28663458	SRS24931428	SRP583015	PRJNA1258586	Bacteroides fragilis	H1	PACBIO_SMRT	PacBio RS II	194139992.0	45107.0	WGS	GENOMIC	SINGLE	First generation of clones(H1) after phage selection,HBP1-resistant colonies,number_H1R7
SRR13386062	SRX9805367	SRS7989442	SRP300861	PRJNA663900	Enterococcus sp. MSG3310	MSG3310	OXFORD_NANOPORE	GridION	1148315287.0	128723.0	WGS	GENOMIC	SINGLE	Zoo 3 Enterococcus Diversity Genome sequencing and assembly
SRR35071032	SRX30184989	SRS26244997	SRP610420	PRJNA1308807	Escherichia coli	Ec_204	OXFORD_NANOPORE	MinION	526860607.0	82067.0	WGS	GENOMIC	SINGLE	Oxford Nanopore sequences of an isolated E. coli strain from wastewater
SRR19843268	SRX15887120	SRS12115039	SRP361569	PRJNA768416	Bacillus sp. FSL K6-0042	FSL K6-0042	OXFORD_NANOPORE	MinION	637593750.0	130351.0	WGS	GENOMIC	SINGLE	WGS of Bacilli
SRR8359763	SRX5170455	SRS2161698	SRP106083	PRJNA191684	Salmonella enterica subsp. diarizonae str. CFSAN000558	SGSC 3068	PACBIO_SMRT	PacBio RS II	1433293648.0	163482.0	WGS	GENOMIC	SINGLE	Whole genome PacBio RS sequence of Salmonella enterica subsp. diarizonae serovar IIIb 50:1,2,3:k:z
SRR5829715	SRX3007073	SRS1832395	SRP094480	PRJNA279196	Bordetella pertussis	H853	PACBIO_SMRT	PacBio RS II	1266234505.0	163482.0	WGS	GENOMIC	SINGLE	
DRR381755	DRX367639	DRS246829	DRP008791	PRJDB13729	Escherichia coli	26_141088	OXFORD_NANOPORE	MinION	312853779.0	27799.0	WGS	GENOMIC	SINGLE	26_141088_ONT
SRR30200627	SRX25663755	SRS22306286	SRP525621	PRJNA1133913	Klebsiella pneumoniae	3018_kpn	OXFORD_NANOPORE	GridION	6946749564.0	1183521.0	WGS	GENOMIC	SINGLE	ONT seq of kpn:sputum
SRR24138855	SRX19937377	SRS17286128	SRP432102	PRJNA954566	Vibrio cholerae	CMR/2022/NS30	OXFORD_NANOPORE	MinION	2457367343.0	232533.0	WGS	GENOMIC	SINGLE	Oxford Nanopore sequencing of Vibrio cholerae
ERR13600699	ERX12971722	ERS15600314	ERP132614	PRJEB48268	Klebsiella pneumoniae		OXFORD_NANOPORE	GridION	226558397.0	10829.0	WGS	GENOMIC	SINGLE	GridION sequencing
ERR3685893	ERX3675497	ERS4047694	ERP114207	PRJEB31632	bacterium		OXFORD_NANOPORE	GridION	796615873.0	205242.0	WGS	GENOMIC	SINGLE	GridION sequencing
ERR15941346	ERX15336891	ERS27416662	ERP185476	PRJEB104171	Escherichia coli		OXFORD_NANOPORE	MinION	193742815.0	71562.0	WGS	GENOMIC	SINGLE	MinION sequencing
SRR29316614	SRX24833529	SRS21545360	SRP512379	PRJNA1121190	Vibrio cholerae	116Vc01	OXFORD_NANOPORE	PromethION	249653043.0	140448.0	WGS	GENOMIC	SINGLE	WGS of Vcholerae isolates
ERR13194376	ERX12565241	ERS20185888	ERP160059	PRJEB75483	Pseudomonas sp. LjRoot71		OXFORD_NANOPORE	MinION	90337856.0	32649.0	WGS	GENOMIC	SINGLE	MinION sequencing
SRR24001252	SRX19804750	SRS17166616	SRP429910	PRJNA909850	human blood metagenome	-	OXFORD_NANOPORE	GridION	86170976.0	35394.0	WGS	GENOMIC	SINGLE	DNA isolation from S. aureus  using Roche
SRR9005304	SRX5783689	SRS4716391	SRP194709	PRJNA540912	Proteus mirabilis	ENT1224	OXFORD_NANOPORE	MinION	20748636.0	2649.0	WGS	GENOMIC	SINGLE	Nanopore raw reads of ENT1224
SRR29820050	SRX25318901	SRS21988510	SRP519730	PRJNA1135485	Salmonella		OXFORD_NANOPORE	MinION	651356779.0	128703.0	WGS	GENOMIC	SINGLE	WGS Salmonella isolates from cattle
SRR30149489	SRX25617144	SRS21937670	SRP518730	PRJNA1133668	Serratia marcescens	SM7	OXFORD_NANOPORE	MinION	140016258.0	23002.0	WGS	GENOMIC	SINGLE	Nanopore sequencing of clinical CRE isolates: human
ERR2377073	ERX2425383	ERS2269680	ERP105869	PRJEB24070	Pseudomonas aeruginosa LESB65		PACBIO_SMRT	PacBio RS	981421383.0	163482.0	WGS	GENOMIC	SINGLE	PacBio RS sequencing
ERR10802435	ERX10250917	ERS5790515	ERP127064	PRJEB43128	Bacillus subtilis		OXFORD_NANOPORE	GridION	327110546.0	70221.0	WGS	GENOMIC	SINGLE	GridION sequencing
SRR32194409	SRX27535973	SRS23952467	SRP560996	PRJNA1218017	Bacteroides thetaiotaomicron	vpi-5482	OXFORD_NANOPORE	MinION	313594373.0	52000.0	WGS	GENOMIC	SINGLE	WGS of Bacteroides thetatiotaomicron grown on different carbon sources
SRR24140459	SRX19939014	SRS17287723	SRP247747	PRJNA604975	Escherichia coli	ox_bsi_678	OXFORD_NANOPORE	GridION	323126093.0	165488.0	WGS	GENOMIC	SINGLE	oxford_bsi
SRR32370098	SRX27704572	SRS24099070	SRP564386	PRJNA1224596	Klebsiella pneumoniae	K-1023	OXFORD_NANOPORE	MinION	425320979.0	81741.0	WGS	GENOMIC	SINGLE	Long read WGS of Klebsiella pneumoniae: isolate K-1023
SRR31024257	SRX26411306	SRS22931260	SRP539092	PRJNA1174068	Vibrio cholerae	mHDM VC189	OXFORD_NANOPORE	PromethION	335106374.0	333336.0	WGS	GENOMIC	SINGLE	WGS of Vcholerae isolates
SRR23629331	SRX19513098	SRS16900532	SRP424737	PRJNA939143	Enterobacter cancerogenus	not applicable	OXFORD_NANOPORE	MinION	2006230865.0	351217.0	WGS	GENOMIC	SINGLE	OB0001N1_Nanopore
SRR30934808	SRX26337501	SRS22863377	SRP537571	PRJNA1168290	Paenibacillus sp. TAB_01	TAB_01	OXFORD_NANOPORE	MinION	1479684.0	167.0	WGS	GENOMIC	SINGLE	Paenibacillus sp. TAB 01 from cotton plant tissue
ERR9843350	ERX9389147	ERS11816079	ERP120185	PRJEB36919	Campylobacter jejuni		PACBIO_SMRT	Sequel II	4055503240.0	536237.0	WGS	GENOMIC	SINGLE	Sequel II sequencing
ERR15335133	ERX14738448	ERS5247043	ERP177037	PRJEB94163	Francisella tularensis subsp. holarctica	14T0026	OXFORD_NANOPORE	MinION	1815421158.0	733204.0	WGS	GENOMIC	SINGLE	MinION sequencing
SRR15696142	SRX11992095	SRS9998933	SRP335318	PRJNA759348	Salmonella enterica subsp. enterica serovar Newlands	ZC-S1 3rd	OXFORD_NANOPORE	PromethION	941412960.0	119441.0	WGS	GENOMIC	SINGLE	WGS of Salmonella enterica: ZC-S1 3rd
SRR26413074	SRX22118437	SRS16091120	SRP412517	PRJNA910977	Escherichia coli	P0575	PACBIO_SMRT	Sequel II	783549145.0	59204.0	WGS	GENOMIC	SINGLE	WGS of E. coli
SRR28415535	SRX24019900	SRS20798062	SRP496639	PRJNA1090044	Staphylococcus aureus	TUM22457	OXFORD_NANOPORE	MinION	538165887.0	193983.0	WGS	GENOMIC	SINGLE	ONT sequencing of Staphylococcus aureus TUM22457
SRR21415833	SRX17420047	SRS12115023	SRP361569	PRJNA768416	Bacillus sp. FSL M7-0558	FSL M7-0558	OXFORD_NANOPORE	MinION	1501337275.0	322796.0	WGS	GENOMIC	SINGLE	WGS of Bacilli
ERR10087061	ERX9627157	ERS6426009	ERP109413	PRJEB27342	Klebsiella pasteurii		PACBIO_SMRT	Sequel II	11822628091.0	1890905.0	WGS	GENOMIC	SINGLE	Sequel II sequencing
SRR19329821	SRX15389513	SRS13118075	SRP376242	PRJNA839527	Micrococcus yunnanensis	TT9	OXFORD_NANOPORE	MinION	140357809.0	8756.0	WGS	GENOMIC	SINGLE	Genome Seq of Micrococcus yunnanensis TT9 MinIon seq
SRR10227620	SRX6947171	SRS5475171	SRP224114	PRJNA575551	Bradyrhizobium betae	PL7HG1	PACBIO_SMRT	PacBio RS II	765937146.0	163482.0	WGS	GENOMIC	SINGLE	Complete genome sequencing of Bradyrhizobium betae type strain PL7HG1
SRR8960996	SRX5740547	SRS656001	SRP044217	PRJNA253771	Bacteroides fragilis	DCMOUH0042B	OXFORD_NANOPORE	MinION	294088762.0	46874.0	WGS	GENOMIC	SINGLE	Nanopore DNA-seq of Bacteroides fragilis: BFO42. first run. Deepbinner demultiplexed fast5
SRR36491335	SRX31512778	SRS27492401	SRP656131	PRJNA1387419	Bacillus cereus ATCC 14579	D52	OXFORD_NANOPORE	GridION	2349014504.0	1010439.0	WGS	GENOMIC	SINGLE	WGS of Bacillus cereus Strain ATCC14621
SRR28249926	SRX23860565	SRS20679580	SRP458718	PRJNA1013328	Escherichia coli	Escherichia coli BL21(DE3)	OXFORD_NANOPORE	PromethION	817966697.0	126320.0	WGS	GENOMIC	SINGLE	Long read WGS sequencing for genomic insertion assay: genomeinsertion-bRNA-3-RTG7.biorep1.techrep1
SRR13289785	SRX9718961	SRS7252865	SRP278657	PRJNA658369	Klebsiella pneumoniae	ARLG-3182	OXFORD_NANOPORE	GridION	368592127.0	42060.0	WGS	GENOMIC	SINGLE	ONT seq of K. pneumoniae
SRR386516	SRX109806	SRS212337	SRP007233	PRJNA64879	Fusobacterium animalis F0419	OT 420	PACBIO_SMRT	PacBio RS	71481264.0	81741.0	WGS	GENOMIC	SINGLE	Whole Genome Sequencing and Assembly
SRR30483154	SRX25907911	SRS22499128	SRP529572	PRJNA1148956	Clostridioides difficile		OXFORD_NANOPORE	MinION	500003255.0	54159.0	WGS	GENOMIC	SINGLE	cdiff
ERR9030435	ERX8573845	ERS10792285	ERP133548	PRJEB49093	Mycobacterium tuberculosis	Lineage 4.1	OXFORD_NANOPORE	MinION	661730023.0	1582597.0	WGS	GENOMIC	SINGLE	MinION sequencing; Raw reads: mada_152-nanopore
SRR15540389	SRX11838541	SRS9849696	SRP333488	PRJNA336330	Escherichia coli	350	PACBIO_SMRT	PacBio RS II	1512633660.0	163482.0	WGS	GENOMIC	SINGLE	Genome sequencing of E. coli O157:H7 from Scotland PacBio reads
SRR388130	SRX110616	SRS000872	SRP000269	PRJNA32793	Neisseria gonorrhoeae FA19	FA19	PACBIO_SMRT	PacBio RS	30911036.0	81741.0	WGS	GENOMIC	SINGLE	Whole Genome Sequencing and Assembly
SRR30085205	SRX25558638	SRS22210746	SRP523632	PRJNA1142676	Klebsiella variicola	kv220330_barcode28	OXFORD_NANOPORE	MinION	253051280.0	45676.0	WGS	GENOMIC	SINGLE	Klebsiella variicola strain kv220330_barcode28
SRR5117788	SRX2433085	SRS1868627	SRP095273	PRJNA357857	Bacillus anthracis	Sterne 34F2	OXFORD_NANOPORE	MinION	1439386172.0	114616.0	WGS	GENOMIC	SINGLE	
SRR32814721	SRX28098200	SRS24455169	SRP572308	PRJNA1240462	Klebsiella pneumoniae	PL6D23C16P	PACBIO_SMRT	PacBio RS II	1049805154.0	95546.0	WGS	GENOMIC	SINGLE	pacbio-seq of Klebsiella
SRR35011457	SRX30127943	SRS23443786	SRP609372	PRJNA1306304	Acinetobacter junii	acj0210	OXFORD_NANOPORE	GridION	2277800697.0	429166.0	WGS	GENOMIC	SINGLE	nanopore sequncing of Acinetobacter junii acj0210
SRR15376167	SRX11678642	SRS9710530	SRP331701	PRJNA666790	Escherichia coli O157:H7	Z1836	PACBIO_SMRT	PacBio RS II	1681483815.0	163482.0	WGS	GENOMIC	SINGLE	Genome sequencing of ZAP E. coli O157:H7 strains from Scotland
SRR31647107	SRX27010135	SRS23474485	SRP550213	PRJNA1193534	Staphylococcus aureus	p38178	OXFORD_NANOPORE	GridION	931450.0	590.0	WGS	GENOMIC	SINGLE	Genomic Analysis of Plasmids in Animal-Associated Staphylococcus aureus
SRR16525707	SRX12728292	SRS10336891	SRP357534	PRJNA801415	Klebsiella pneumoniae	34	OXFORD_NANOPORE	GridION	1743427414.0	220246.0	WGS	GENOMIC	SINGLE	Extensive diversification and dissemination of blaNDM carbapenemase plasmids in Enterobacterales in Singapore 2010-2015
ERR8282792	ERX7850223	ERS4216721	ERP112565	PRJEB30134	Klebsiella pneumoniae	cpe068	OXFORD_NANOPORE	MinION	159702177.0	41039.0	WGS	GENOMIC	SINGLE	MinION sequencing
ERR12686582	ERX12060686	ERS18334998	ERP157651	PRJEB72852	Streptococcus pyogenes M1 GAS	SF370	OXFORD_NANOPORE	MinION	348518352.0	86835.0	WGS	GENOMIC	SINGLE	MinION sequencing
ERR1080511	ERX1160101	ERS798841	ERP005928	PRJEB6403	Staphylococcus aureus	NCTC13142	PACBIO_SMRT	PacBio RS	716014437.0	163482.0	WGS	GENOMIC	SINGLE	PacBio RS sequencing
SRR12161451	SRX8676958	SRS6956049	SRP270566	PRJNA616593	Amycolatopsis umgeniensis	DSM 45272	PACBIO_SMRT	PacBio RS II	789131696.0	125339.0	WGS	GENOMIC	SINGLE	Amycolatopsis umgeniensis DSM 45272
SRR24917752	SRX20678646	SRS12559729	SRP369036	PRJNA695775	Microbacterium esteraromaticum	DSM 8609	PACBIO_SMRT	Sequel IIe	106450982.0	22619.0	WGS	GENOMIC	SINGLE	Microbacterium esteraromaticum DSM 8609
ERR6719442	ERX6344036	ERS4197122	ERP023216	PRJEB20997	Salmonella enterica		PACBIO_SMRT	Sequel II	1035603882.0	233956.0	WGS	GENOMIC	SINGLE	Sequel II sequencing
SRR4177014	SRX2141612	SRS1673347	SRP086915	PRJNA303844	Thermostaphylospora chromogena	DSM 43794	PACBIO_SMRT	PacBio RS	1411025195.0	392608.0	WGS	GENOMIC	SINGLE	Thermomonospora chromogena DSM 43794
SRR35836073	SRX30885363	SRS8481942	SRP311062	PRJNA715191	Bacillus toyonensis	CH177	OXFORD_NANOPORE	MinION	207765806.0	68442.0	WGS	GENOMIC	SINGLE	WGS of bacterial isolate
SRR26950770	SRX22644436	SRS19641537	SRP474291	PRJNA1043871	Bacillus sp. PBL-C9	PBL-C9	OXFORD_NANOPORE	MinION	10760134.0	3988.0	WGS	GENOMIC	SINGLE	Bacillus sp. PBL-C9 Genome sequencing and assembly
SRR11252164	SRX7862279	SRS6271170	SRP251869	PRJNA610035	Salmonella enterica subsp. enterica serovar Adjame	409960	OXFORD_NANOPORE	MinION	425641212.0	76939.0	WGS	GENOMIC	SINGLE	MioION seq of Salmonella:Adjame serovar
SRR23347698	SRX19289335	SRS16690584	SRP421131	PRJNA931653	Escherichia coli K-12	K-12	OXFORD_NANOPORE	GridION	27694623.0	4000.0	WGS	GENOMIC	SINGLE	Nanopore sequencing of Ciprofloxacin challenged E. coli
SRR35940937	SRX30990229	SRS26982977	SRP291668	PRJNA675431	Acinetobacter baumannii		OXFORD_NANOPORE	PromethION	115526719.0	40377.0	WGS	GENOMIC	SINGLE	WGS of Acinetobacter baumannii
ERR9939456	ERX9482855	ERS12345064	ERP138720	PRJEB53905	Haemophilus influenzae	HUB-P13-HI05	OXFORD_NANOPORE	MinION	484207165.0	108000.0	WGS	GENOMIC	SINGLE	MinION sequencing
ERR14225656	ERX13625938	ERS17899280	ERP156237	PRJEB71438	Streptomyces griseus		OXFORD_NANOPORE	MinION			WGS	GENOMIC	SINGLE	MinION sequencing
SRR24564521	SRX20348175	SRS17663356	SRP437723	PRJNA944190	Enterococcus faecalis	EfsC29	OXFORD_NANOPORE	MinION	473229367.0	87600.0	WGS	GENOMIC	SINGLE	ONT MinION Reads of Enterococcus faecalis EfsC29
SRR16639085	SRX12839886	SRS10784336	SRP189765	PRJNA529666	Escherichia coli	missing	PACBIO_SMRT	PacBio RS II	944792460.0	120946.0	WGS	GENOMIC	SINGLE	HM3
ERR13577332	ERX12947235	ERS20900514	ERP161852	PRJEB77420	Klebsiella pneumoniae		OXFORD_NANOPORE	MinION	1130334715.0	71302.0	WGS	GENOMIC	SINGLE	Raw reads: Long reads sequencing of P22-39408 isolate
SRR19816827	SRX15860505	SRS12115276	SRP361569	PRJNA768416	Paenibacillus sp. FSL R7-0026	FSL R7-0026	OXFORD_NANOPORE	MinION	875317175.0	154622.0	WGS	GENOMIC	SINGLE	WGS of Bacilli
ERR879388	ERX958791	ERS659573	ERP005928	PRJEB6403	Klebsiella pneumoniae	NCTC10213	PACBIO_SMRT	PacBio RS	1353068735.0	163482.0	WGS	GENOMIC	SINGLE	PacBio RS sequencing
ERR13600518	ERX12971541	ERS6631313	ERP109316	PRJEB27256	Klebsiella pneumoniae		OXFORD_NANOPORE	GridION	430878214.0	17474.0	WGS	GENOMIC	SINGLE	GridION sequencing
SRR28240537	SRX23851662	SRS20380255	SRP488068	PRJNA1073259	Escherichia coli	V11-19-E11-025-034	OXFORD_NANOPORE	GridION	880809227.0	179192.0	WGS	GENOMIC	SINGLE	Escherchia coli
SRR13575391	SRX9973471	SRS8145954	SRP303741	PRJNA695586	Streptococcus pyogenes	M4C20	OXFORD_NANOPORE	MinION	2996932.0	4000.0	WGS	GENOMIC	SINGLE	Whole genome sequence of Streptococcus pyogenes strain M4C20
SRR23471049	SRX19374139	SRS9554741	SRP422715	PRJNA878812	Pseudomonas aeruginosa	2021CK-01162	OXFORD_NANOPORE	GridION	1009645807.0	190441.0	WGS	GENOMIC	SINGLE	Nanopore sequencing of ARLN isolate
ERR987675	ERX1068933	ERS743104	ERP005928	PRJEB6403	Citrobacter koseri	NCTC11074	PACBIO_SMRT	PacBio RS	1347641445.0	163482.0	WGS	GENOMIC	SINGLE	PacBio RS sequencing
DRR242202	DRX232002	DRS165245	DRP006773	PRJDB10450	Escherichia coli	Zam_UTH_20	OXFORD_NANOPORE	MinION	468622097.0	61107.0	WGS	GENOMIC	SINGLE	MinION sequencing of SAMD00243963
ERR976777	ERX1053754	ERS718579	ERP005928	PRJEB6403	Escherichia coli	NCTC9050	PACBIO_SMRT	PacBio RS	2405944193.0	163482.0	WGS	GENOMIC	SINGLE	PacBio RS sequencing
SRR32194474	SRX27535908	SRS23952403	SRP560996	PRJNA1218017	Bacteroides thetaiotaomicron	vpi-5482	OXFORD_NANOPORE	MinION	166211311.0	40404.0	WGS	GENOMIC	SINGLE	WGS of Bacteroides thetatiotaomicron grown on different carbon sources
SRR12395285	SRX8893612	SRS7152634	SRP276100	PRJNA650381	Mycobacterium tuberculosis		OXFORD_NANOPORE	MinION	632400312.0	431869.0	WGS	GENOMIC	SINGLE	Nanopore TB WGS
SRR22890819	SRX18848679	SRS16280047	SRP414793	PRJNA871981	plant metagenome		PACBIO_SMRT	Sequel	19381470.0	12753.0	WGS	GENOMIC	SINGLE	Microbial diversity of alfalfa
SRR15989592	SRX12277947	SRS9998460	SRP357537	PRJNA801416	Klebsiella pneumoniae	E31	OXFORD_NANOPORE	GridION	290866832.0	113225.0	WGS	GENOMIC	SINGLE	Whole Genome Sequencing of Carbapenemase-producing Enterobacterales (CPE)
SRR32729604	SRX28016014	SRS24377834	SRP570798	PRJNA1236865	Escherichia coli	TUM22760	OXFORD_NANOPORE	MinION	261575839.0	37842.0	WGS	GENOMIC	SINGLE	"=""ONT sequencing using ""&[1]SRA_data!$J$2&"" of ""&[1]SRA_data!B4"
SRR33895173	SRX29106680	SRS25313020	SRP590843	PRJNA1272507	Salmonella enterica	SAL-168	OXFORD_NANOPORE	GridION	1133417335.0	357614.0	WGS	GENOMIC	SINGLE	ONT-WGS of Salmonella enterica
SRR28800583	SRX24364326	SRS21121403	SRP503961	PRJNA1100578	Escherichia coli	UTAK-20	OXFORD_NANOPORE	PromethION	1370545163.0	239409.0	WGS	GENOMIC	SINGLE	WGS of multidrug-resistant STEC
ERR13656133	ERX13026835	ERS20964750	ERP152411	PRJEB67372	Streptomyces sp. enrichment culture		PACBIO_SMRT	Revio	790051342.0	104943.0	WGS	GENOMIC	SINGLE	Raw reads: SudanB175_2083
SRR22859871	SRX18818713	SRS16251885	SRP414408	PRJNA914892	Staphylococcus aureus	C886	OXFORD_NANOPORE	MinION	262380036.0	105904.0	WGS	GENOMIC	SINGLE	Long read ONT WGS of Staphylococcus aureus isolates from Chronic Rhinosinusitis Patients
SRR24289043	SRX20084519	SRS17416973	SRP434206	PRJNA957546	Pseudomonas sp. Ap32	Ap32	OXFORD_NANOPORE	GridION	7254621.0	4000.0	WGS	GENOMIC	SINGLE	Genome sequencing of Pseudomonas apalachicolensis
SRR25467172	SRX21199752	SRS18458352	SRP452337	PRJNA1000618	Escherichia coli	Escherichia coli BL21(DE3)	OXFORD_NANOPORE	MinION	6608909.0	4000.0	WGS	GENOMIC	SINGLE	CASTVK transposition with different condition
SRR2089348	SRX1081872	SRS979603	SRP060398	PRJNA71845	Pseudomonas syringae pv. actinidiae ICMP 18884	ICMP 18884	PACBIO_SMRT	PacBio RS II	2178690004.0	163482.0	WGS	GENOMIC	SINGLE	Psa_ICMP_18884 Nz-V13 PacBio WGS
SRR30037967	SRX25513444	SRS21850009	SRP517074	PRJNA1130015	Xanthomonas citri pv. rhynchosiae	NCPPB 2914	OXFORD_NANOPORE	PromethION	45869681.0	29118.0	WGS	GENOMIC	SINGLE	Genome sequencing of NCPPB 2914
SRR25776675	SRX21499276	SRS18730880	SRP457238	PRJNA1010137	Streptococcus suis	M104170_C2	OXFORD_NANOPORE	MinION	319625968.0	354595.0	WGS	GENOMIC	SINGLE	Whole genome sequence of Streptococcus suis
SRR29422205	SRX24935316	SRS21639672	SRP514085	PRJNA1109314	Bacillus subtilis	AV1	OXFORD_NANOPORE	MinION	2054728328.0	2785059.0	WGS	GENOMIC	SINGLE	Whole genome sequencing of Bacillus subtilis
ERR13326675	ERX12697703	ERS20295455	ERP161282	PRJEB76791	Salmonella enterica subsp. enterica serovar Agona		OXFORD_NANOPORE	MinION	187389363.0	34342.0	WGS	GENOMIC	SINGLE	MinION sequencing
SRR13289816	SRX9718930	SRS7252994	SRP278657	PRJNA658369	Klebsiella pneumoniae	ARLG-4864	OXFORD_NANOPORE	GridION	2392031924.0	351237.0	WGS	GENOMIC	SINGLE	ONT seq of K. pneumoniae
SRR11234637	SRX7846613	SRS6252105	SRP251489	PRJNA599566	Xanthomonas citri pv. citri	LK136-05	OXFORD_NANOPORE	MinION	311276660.0	45995.0	WGS	GENOMIC	SINGLE	WGS of Xanthomonas citri pv. citri strain LK136-05
SRR19568259	SRX15620306	SRS13320882	SRP378896	PRJNA689375	Lysobacter enzymogenes	CX06	PACBIO_SMRT	Sequel	1068703843.0	210256.0	WGS	GENOMIC	SINGLE	whole genome sequence of Lysobacter enzymogenes CX06
ERR15942171	ERX15337716	ERS27418049	ERP171251	PRJEB88111	Escherichia coli	LVK_97	OXFORD_NANOPORE	PromethION	1077035620.0	228024.0	WGS	GENOMIC	SINGLE	Raw reads: DTU_2024_1035962_100_SI_LVK_97_SE
SRR13893812	SRX10273202	SRS8406433	SRP309815	PRJNA686978	Enterobacter cloacae	not collected	OXFORD_NANOPORE	MinION	662265186.0	112105.0	WGS	GENOMIC	SINGLE	nanopore sequencing of e cloacae: clinical isolate
ERR2532452	ERX2550873	ERS2419128	ERP005928	PRJEB6403	Salmonella enterica subsp. enterica serovar Paratyphi C	NCTC96	PACBIO_SMRT	PacBio RS	662066063.0	163482.0	WGS	GENOMIC	SINGLE	PacBio RS sequencing
ERR4047310	ERX4048443	ERS3340510	ERP113355	PRJEB30866	Escherichia coli		PACBIO_SMRT	Sequel	2092642160.0	468125.0	WGS	GENOMIC	SINGLE	Sequel sequencing
SRR13449050	SRX9862320	SRS8042175	SRP295672	PRJNA681856	Salmonella enterica subsp. salamae	LHICA_SA3	OXFORD_NANOPORE	MinION	28490714.0	4000.0	WGS	GENOMIC	SINGLE	WGS of Salmonella Lhica SA3_91
SRR8749644	SRX5540605	SRS4506265	SRP051949	PRJNA271899	Klebsiella pneumoniae	OC-CRE-9028	OXFORD_NANOPORE	GridION	183939737.0	37601.0	WGS	GENOMIC	SINGLE	Sequencing of Carbapenem resistant bacteria
ERR13326726	ERX12697754	ERS20295402	ERP161282	PRJEB76791	Salmonella enterica subsp. enterica serovar Agona		OXFORD_NANOPORE	MinION	132528153.0	27674.0	WGS	GENOMIC	SINGLE	MinION sequencing
ERR879370	ERX958773	ERS654924	ERP005928	PRJEB6403	Staphylococcus haemolyticus	NCTC11042	PACBIO_SMRT	PacBio RS	446771927.0	163482.0	WGS	GENOMIC	SINGLE	PacBio RS sequencing
ERR12767389	ERX12140543	ERS18536046	ERP158744	PRJEB74044	Escherichia coli	PBIO3946	OXFORD_NANOPORE	MinION	803550743.0	79872.0	WGS	GENOMIC	SINGLE	MinION sequencing
SRR24271048	SRX20066859	SRS17404246	SRP433980	PRJNA956831	Pseudomonas marginalis	PS92	OXFORD_NANOPORE	MinION	391252652.0	41645.0	WGS	GENOMIC	SINGLE	WGS of Pseudomonas sp.
SRR33098422	SRX28362014	SRS24690989	SRP524862	PRJNA851850	Mucilaginibacter sp. McL0603	McL0603	OXFORD_NANOPORE	GridION	652901984.0	109105.0	WGS	GENOMIC	SINGLE	WGS Mucilaginibacter sp. McL0603
SRR29225298	SRX24744715	SRS21466757	SRP510673	PRJNA1112792	Salmonella enterica	E1S-024	OXFORD_NANOPORE	GridION	824025080.0	124775.0	WGS	GENOMIC	SINGLE	Whole genome sequence of E1S-032
SRR10178255	SRX6899652	SRS5431848	SRP222906	PRJNA573516	Streptococcus mitis	S25	OXFORD_NANOPORE	MinION	41040801.0	39678.0	WGS	GENOMIC	SINGLE	MinION sequencing of Streptococcus  mitis
ERR10497795	ERX10015084	ERS14254830	ERP142629	PRJEB57633	Escherichia coli		OXFORD_NANOPORE	GridION	164286653.0	22547.0	WGS	GENOMIC	SINGLE	Raw reads: ONT_30224_1#204
ERR6140830	ERX5777672	ERS6629332	ERP129683	PRJEB45559	Klebsiella pneumoniae		OXFORD_NANOPORE	MinION	280169599.0	7949.0	WGS	GENOMIC	SINGLE	MinION sequencing
SRR25467170	SRX21199754	SRS18458352	SRP452337	PRJNA1000618	Escherichia coli	Escherichia coli BL21(DE3)	OXFORD_NANOPORE	MinION	6400217.0	4000.0	WGS	GENOMIC	SINGLE	CASTVK transposition with different condition
SRR18681628	SRX14782869	SRS12539577	SRP368114	PRJNA824420	Escherichia coli	GD02903_ECOL_HY_18	OXFORD_NANOPORE	MinION	331603115.0	53133.0	WGS	GENOMIC	SINGLE	Long-read sequencing of Escherichia coli: isolate #18 urine
SRR12247621	SRX8755546	SRS6976415	SRP266402	PRJNA605147	Escherichia coli	RHB45-SO-C05	OXFORD_NANOPORE	GridION	1063327556.0	179736.0	WGS	GENOMIC	SINGLE	Oxford Nanopore sequencing of Escherichia coli isolate RH20|T1-SOC05 cultured from poultry farm soil sample
SRR3735525	SRX1891046	SRS1534005	SRP077688	PRJNA205960	Acidobacteriaceae bacterium KBS 146	KBS 146	PACBIO_SMRT	PacBio RS	78932535.0	25029.0	WGS	GENOMIC	SINGLE	Acidobacteriaceae sp. KBS 146
SRR12298989	SRX8802224	SRS6792657	SRP266402	PRJNA605147	Enterobacter roggenkampii	RHBSTW-01045	OXFORD_NANOPORE	GridION	1667688474.0	469985.0	WGS	GENOMIC	SINGLE	OXFORD_NANOPORE sequencing of Enterobacter cloacae isolate WTP2|T3-01045 cultured from WTP downstream sample
SRR29675656	SRX25179106	SRS20798078	SRP496639	PRJNA1090044	Staphylococcus aureus	TUM22750	OXFORD_NANOPORE	MinION	64379920.0	55507.0	WGS	GENOMIC	SINGLE	WGS using ONT of Staphylococcus aureus TUM22750
ERR4025937	ERX4027325	ERS3340486	ERP113355	PRJEB30866	Escherichia coli		PACBIO_SMRT	Sequel	3282409136.0	879573.0	WGS	GENOMIC	SINGLE	Sequel sequencing
SRR34442544	SRX29603122	SRS25724396	SRP524599	PRJNA1145137	Citrobacter braakii	RIVM_C048753	OXFORD_NANOPORE	MinION	849469517.0	33641.0	WGS	GENOMIC	SINGLE	RIVM_C048753_Nanopore
SRR932038	SRX320109	SRS456504	SRP022914	PRJNA203445	Listeria monocytogenes	J1817	PACBIO_SMRT	PacBio RS	120507996.0	81741.0	WGS	GENOMIC	SINGLE	Listeria monocytogenes Strain J1817
ERR2528482	ERX2547363	ERS495751	ERP107862	PRJEB25894	Salmonella enterica subsp. enterica serovar Typhimurium		PACBIO_SMRT	PacBio RS	640737653.0	163482.0	WGS	GENOMIC	SINGLE	PacBio RS sequencing
SRR33224296	SRX28471376	SRS24791389	SRP579950	PRJNA1253082	Streptococcus pneumoniae		OXFORD_NANOPORE	MinION	168443337.0	207308.0	WGS	GENOMIC	SINGLE	WGS of Streptococcus pneumoniae
ERR15991644	ERX15386750	ERS28170830	ERP184281	PRJEB102899	Pseudomonas aeruginosa		OXFORD_NANOPORE	GridION	651274595.0	90188.0	WGS	GENOMIC	SINGLE	GridION sequencing
SRR34561670	SRX29704029	SRS25813783	SRP601241	PRJNA1292185	Yersinia pestis	1818	OXFORD_NANOPORE	PromethION	1428831055.0	561577.0	WGS	GENOMIC	SINGLE	ONT reads of Yersinia pestis 1818
SRR31756389	SRX27118255	SRS23575885	SRP552225	PRJNA1199207	Escherichia coli	TK12-E4-120	OXFORD_NANOPORE	MinION	69338885.0	11627.0	WGS	GENOMIC	SINGLE	MinION whole genome sequencing of E. coli isolated from a French river
SRR16925220	SRX13117382	SRS11052367	SRP345712	PRJNA779856	Lacticaseibacillus paracasei		PACBIO_SMRT	Sequel	1002696932.0	108235.0	WGS	GENOMIC	SINGLE	DNA methylation-guided metabolism
ERR13600829	ERX12971852	ERS5521257	ERP126193	PRJEB42350	Klebsiella pneumoniae		OXFORD_NANOPORE	GridION	1111797629.0	49607.0	WGS	GENOMIC	SINGLE	GridION sequencing
SRR13575382	SRX9973480	SRS8145954	SRP303741	PRJNA695586	Streptococcus pyogenes	M4C20	OXFORD_NANOPORE	MinION	3067294.0	4000.0	WGS	GENOMIC	SINGLE	Whole genome sequence of Streptococcus pyogenes strain M4C20
SRR10761087	SRX7435305	SRS5880493	SRP238626	PRJNA596846	Escherichia coli	HVM2044	PACBIO_SMRT	PacBio RS II	3886369261.0	163482.0	WGS	GENOMIC	SINGLE	PacBio reads for UPEC ST131 HVM2044
SRR33323150	SRX28567634	SRS24861741	SRP581476	PRJNA1255637	Klebsiella pneumoniae	ONT-KP01	OXFORD_NANOPORE	GridION	2652772880.0	472865.0	WGS	GENOMIC	SINGLE	ONT-KP01
SRR9214033	SRX5984797	SRS1011355	SRP051949	PRJNA271899	Klebsiella pneumoniae	MGH89	OXFORD_NANOPORE	GridION	749154213.0	241638.0	WGS	GENOMIC	SINGLE	Sequencing of Carbapenem resistant bacteria
DRR248582	DRX238375	DRS179544	DRP007164	PRJDB10322	Caballeronia sp. NK8	NK8	PACBIO_SMRT	PacBio RS II	1136353227.0	134484.0	WGS	GENOMIC	SINGLE	PacBio RS II sequencing of SAMD00242017
ERR10497639	ERX10014928	ERS14254476	ERP142629	PRJEB57633	Escherichia coli		OXFORD_NANOPORE	GridION	63656250.0	11017.0	WGS	GENOMIC	SINGLE	Raw reads: ONT_30134_6#278
ERR3307077	ERX3333085	ERS3383054	ERP114522	PRJEB31907	Citrobacter portucalensis		OXFORD_NANOPORE	MinION	531166403.0	224377.0	WGS	GENOMIC	SINGLE	MinION sequencing
ERR2615931	ERX2632586	ERS2295886	ERP005928	PRJEB6403	Legionella rubrilucens		PACBIO_SMRT	PacBio RS	676854077.0	163482.0	WGS	GENOMIC	SINGLE	PacBio RS sequencing
SRR27972392	SRX23626061	SRS20465475	SRP489819	PRJNA1076692	Klebsiella pneumoniae	RIVM_C055777_dorado	OXFORD_NANOPORE	MinION	78708153.0	21055.0	WGS	GENOMIC	SINGLE	RIVM_C055777_dorado
SRR30944924	SRX26347480	SRS22853377	SRP537443	PRJNA1170947	Raoultella ornithinolytica	TET32	OXFORD_NANOPORE	MinION	143170275.0	10036.0	WGS	GENOMIC	SINGLE	Whole Genome Sequencing of CAV4741: Sink-3PS
SRR34531095	SRX29674565	SRS25787672	SRP600654	PRJNA1289023	Citrobacter freundii	UCI31	OXFORD_NANOPORE	MinION	158426916.0	39828.0	WGS	GENOMIC	SINGLE	WGS of enterobacterial clinical strains carrying IncQ2::blaGES plasmid
SRR386674	SRX109845	SRS004883	SRP001079	PRJNA40077	Cereibacter sphaeroides 2.4.1	2.4.1	PACBIO_SMRT	PacBio RS	20822157.0	60667.0	WGS	GENOMIC	SINGLE	Whole Genome Sequencing and Assembly
SRR27972587	SRX23625866	SRS20465751	SRP489819	PRJNA1076692	Escherichia coli	RIVM_C059204_dorado	OXFORD_NANOPORE	MinION	379356758.0	112449.0	WGS	GENOMIC	SINGLE	RIVM_C059204_dorado
SRR30016546	SRX25495621	SRS21884766	SRP330556	PRJNA742925	Xanthomonas axonopodis pv. desmodiilaxiflori	NCPPB 3086	OXFORD_NANOPORE	PromethION	83843048.0	25237.0	WGS	GENOMIC	SINGLE	Genome sequencing of NCPPB 3086
SRR9722671	SRX6480098	SRS5130204	SRP215816	PRJNA470993	Staphylococcus aureus	ER03556.3	PACBIO_SMRT	PacBio RS II	928602553.0	153786.0	WGS	GENOMIC	SINGLE	WGS of Staphylococcus aureus
ERR14686307	ERX14087826	ERS23773446	ERP169826	PRJEB86481	Escherichia coli str. K-12 substr. MG1655	K-12	OXFORD_NANOPORE	MinION	292370497.0	97033.0	WGS	GENOMIC	SINGLE	MinION sequencing
ERR9030376	ERX8573786	ERS10792230	ERP133548	PRJEB49093	Mycobacterium tuberculosis	Lineage 4.1	OXFORD_NANOPORE	MinION	498659017.0	204782.0	WGS	GENOMIC	SINGLE	MinION sequencing; Raw reads: mada_1-12-nanopore
DRR337709	DRX326669	DRS195543	DRP007433	PRJDB11405	Staphylococcus aureus	JMUB4687	OXFORD_NANOPORE	MinION	552636499.0	25277.0	WGS	GENOMIC	SINGLE	MinION sequencing of SAMD00287806
SRR23347612	SRX19289421	SRS16690584	SRP421131	PRJNA931653	Escherichia coli K-12	K-12	OXFORD_NANOPORE	GridION	23107404.0	4000.0	WGS	GENOMIC	SINGLE	Nanopore sequencing of Ciprofloxacin challenged E. coli
SRR26662871	SRX22362954	SRS16233260	SRP414243	PRJNA914626	Pseudomonas putida	EM42del_gcd	OXFORD_NANOPORE	MinION	155652452.0	31616.0	WGS	GENOMIC	SINGLE	Nanopore seq_Pseudomonas putida
SRR32610250	SRX27915706	SRS24285669	SRP568690	PRJNA1233267	Acinetobacter seifertii	missing	OXFORD_NANOPORE	MinION	52291033.0	6572.0	WGS	GENOMIC	SINGLE	WGS chicken breast enrichment: 124
SRR18649467	SRX14752672	SRS12514070	SRP367713	PRJNA823737	Ralstonia solanacearum	Race 3, Biovar 1	OXFORD_NANOPORE	MinION	107218757.0	49183.0	WGS	GENOMIC	SINGLE	Whole genome sequencing of Ralstonia solanacearum
DRR723543	DRX703564	DRS495694	DRP013760	PRJDB20694	Bacteroides pyogenes	JCM 6292	PACBIO_SMRT	Revio	92204549.0	7471.0	WGS	GENOMIC	SINGLE	Revio sequencing of SAMD01611076
SRR30949658	SRX26352128	SRS22817387	SRP536567	PRJNA1165464	Escherichia coli	Not applicable	OXFORD_NANOPORE	MinION	812307116.0	207235.0	WGS	GENOMIC	SINGLE	Nanopore sequencing of E.coli: blood isolate
SRR19667667	SRX15717099	SRS13154000	SRP376797	PRJNA835677	Klebsiella pneumoniae subsp. pneumoniae	Kpn290	OXFORD_NANOPORE	GridION	566440362.0	31774.0	WGS	GENOMIC	SINGLE	Nanopore sequencing of K. pneumoniae from pigs
SRR13289832	SRX9718914	SRS7252283	SRP278657	PRJNA658369	Klebsiella pneumoniae	ARLG-3213	OXFORD_NANOPORE	GridION	1010479294.0	126105.0	WGS	GENOMIC	SINGLE	ONT seq of K. pneumoniae
ERR1173484	ERX1246913	ERS846864	ERP005928	PRJEB6403	Vibrio fluvialis	NCTC11327	PACBIO_SMRT	PacBio RS	2471411613.0	163482.0	WGS	GENOMIC	SINGLE	PacBio RS sequencing
DRR667369	DRX647471	DRS456664	DRP012867	PRJDB20346	Thiofractor thiocamini	JCM 15747	PACBIO_SMRT	Revio	287358068.0	31141.0	WGS	GENOMIC	SINGLE	Revio sequencing of SAMD00887280
SRR17126970	SRX13311443	SRS11219922	SRP040661	PRJNA231221	Ruminococcus albus 8	FDAARGOS_1575	PACBIO_SMRT	Sequel II	2969623889.0	327572.0	WGS	GENOMIC	SINGLE	
SRR30009074	SRX25488364	SRS22143871	SRP522510	PRJNA1140646	Escherichia coli	spoT-	OXFORD_NANOPORE	GridION	195732188.0	182194.0	WGS	GENOMIC	SINGLE	Oxford nanopore sequencing of Escherichia coli isolates
ERR581083	ERX539170	ERS437406	ERP005355	PRJEB5919	Salmonella enterica subsp. enterica serovar Typhi		PACBIO_SMRT	PacBio RS	866404767.0	163482.0	WGS	GENOMIC	SINGLE	PacBio RS sequencing
SRR10436926	SRX7132694	SRS5641669	SRP229676	PRJNA589095	Marinobacterium sp. LSUCC0821	LSUCC0821	OXFORD_NANOPORE	MinION	1304132009.0	247039.0	WGS	GENOMIC	SINGLE	Genome sequencing of strain LSUCC0821
SRR29777261	SRX25277135	SRS21961052	SRP519287	PRJNA1134122	Listeria monocytogenes	N23-0167	OXFORD_NANOPORE	MinION	352464094.0	55768.0	WGS	GENOMIC	SINGLE	Long read WGS of Listeria monocytogenes: isolate N23-0167
SRR16578371	SRX12779858	SRS10725002	SRP343032	PRJNA772095	Propionibacterium freudenreichii	TL29	PACBIO_SMRT	PacBio RS II	93315323.0	163482.0	WGS	GENOMIC	SINGLE	SMRT_TL29
ERR1223231	ERX1295444	ERS921422	ERP005928	PRJEB6403	Streptococcus dysgalactiae subsp. equisimilis	NCTC6179	PACBIO_SMRT	PacBio RS	773558717.0	163482.0	WGS	GENOMIC	SINGLE	PacBio RS sequencing
SRR25467088	SRX21199836	SRS18458349	SRP452337	PRJNA1000618	Escherichia coli	Escherichia coli BL21(DE3)	OXFORD_NANOPORE	MinION	4594088.0	4000.0	WGS	GENOMIC	SINGLE	CASTVK transposition with different condition
SRR28830817	SRX24393570	SRS21149133	SRP503611	PRJNA1103200	Amoebophrya sp. ex Karlodinium veneficum	CCMP1975	OXFORD_NANOPORE	MinION	7885545636.0	1989350.0	WGS	GENOMIC	SINGLE	Genomic sequencing of Amoebophrya sp ex Karlodinium veneficum and associated bacteria
SRR30949498	SRX26351986	SRS22817311	SRP536567	PRJNA1165464	Escherichia coli	Not applicable	OXFORD_NANOPORE	MinION	290268676.0	105540.0	WGS	GENOMIC	SINGLE	Nanopore sequencing of E.coli: blood isolate
SRR31989803	SRX27344743	SRS23781999	SRP556967	PRJNA1087707	Vibrio vulnificus	Per1	PACBIO_SMRT	Sequel II	1104710415.0	109331.0	WGS	GENOMIC	SINGLE	Per1 strain reads
ERR1341788	ERX1413360	ERS1093621	ERP014688	PRJEB13149	Bordetella trematum	H044680328	PACBIO_SMRT	PacBio RS	387993667.0	163482.0	WGS	GENOMIC	SINGLE	PacBio RS sequencing
SRR11953240	SRX8471626	SRS6772248	SRP265969	PRJNA635276	Escherichia coli str. K-12 substr. MG1655	K-12	OXFORD_NANOPORE	MinION			WGS	GENOMIC	SINGLE	E. coli training set of CpG methylated DNA
SRR12280284	SRX8784430	SRS7053137	SRP272861	PRJNA646575	Bacteroides stercoris		OXFORD_NANOPORE	GridION	1673943388.0	170449.0	WGS	GENOMIC	SINGLE	WGS  of Bacteroides fragilis group clinical isolates
SRR23255829	SRX19201126	SRS8697827	SRP314237	PRJNA694925	Staphylococcus aureus	AATYW	PACBIO_SMRT	PacBio RS II	1465926849.0	163482.0	WGS	GENOMIC	SINGLE	PacBio SMRT Sequencing of Staphylococcus aureus AATYW Genomic Library
DRR403998	DRX389608	DRS312908	DRP010192	PRJDB14332	Clostridium tetani	KHSU-134307-016	PACBIO_SMRT	Sequel	4048153197.0	567842.0	WGS	GENOMIC	SINGLE	Sequel sequencing of SAMD00534305
SRR24140202	SRX19938875	SRS17287584	SRP247747	PRJNA604975	Escherichia coli	ox_bsi_314	OXFORD_NANOPORE	GridION	337722511.0	98107.0	WGS	GENOMIC	SINGLE	oxford_bsi
SRR9943113	SRX6691662	SRS5249173	SRP217970	PRJNA38647	Pseudomonas amygdali pv. tabaci str. ATCC 11528	ATCC 11528	OXFORD_NANOPORE	MinION	5108746.0	4000.0	WGS	GENOMIC	SINGLE	Complete Genome Sequence of Pseudomonas syringae pv. tabaci
SRR4167814	SRX2138765	SRS1670913	SRP086325	PRJNA303410	Marinobacter sp. lvr2a5a20	LVR2A5A20	PACBIO_SMRT	PacBio RS	208229354.0	50709.0	WGS	GENOMIC	SINGLE	Marinobacter sp. LVR2A5A20
ERR10163728	ERX9700313	ERS13423654	ERP140710	PRJEB55790	Apilactobacillus kunkeei	H3B2-03M-04	PACBIO_SMRT	Sequel	791424248.0	158446.0	WGS	GENOMIC	SINGLE	Sequel sequencing; Raw reads: H3B2-03M-04
SRR30896079	SRX26299942	SRS22828664	SRP536878	PRJNA1134622	Escherichia coli	OXEC-267	OXFORD_NANOPORE	MinION	209551603.0	94421.0	WGS	GENOMIC	SINGLE	OXEC-267
SRR34973492	SRX30092833	SRS26157802	SRP608514	PRJNA1305037	Klebsiella pneumoniae	MI_KPC_943	OXFORD_NANOPORE	PromethION	500022145.0	81699.0	WGS	GENOMIC	SINGLE	KPC CRE collection from state of Michigan
ERR8607212	ERX8239792	ERS10607614	ERP135255	PRJEB50649	Neisseria gonorrhoeae		OXFORD_NANOPORE	MinION	43775227.0	15144.0	WGS	GENOMIC	SINGLE	MinION sequencing
SRR16525680	SRX12728319	SRS10336668	SRP357537	PRJNA801416	Escherichia coli	131	OXFORD_NANOPORE	GridION	467108204.0	77657.0	WGS	GENOMIC	SINGLE	Extensive diversification and dissemination of blaNDM carbapenemase plasmids in Enterobacterales in Singapore 2010-2015
ERR4763123	ERX4636176	ERS5247903	ERP124695	PRJEB40976	Enterococcus faecalis		OXFORD_NANOPORE	GridION	493797656.0	21688.0	WGS	GENOMIC	SINGLE	GridION sequencing; Raw reads: 28099_2#241
SRR21415775	SRX17420105	SRS12115270	SRP361569	PRJNA768416	Viridibacillus sp. FSL R5-0888	FSL R5-0888	OXFORD_NANOPORE	MinION	223588511.0	43093.0	WGS	GENOMIC	SINGLE	WGS of Bacilli
DRR544772	DRX528553	DRS375075	DRP011468	PRJDB17839	Lactococcus petauri	473AN	OXFORD_NANOPORE	MinION	261133981.0	25736.0	WGS	GENOMIC	SINGLE	MinION sequencing of SAMD00764423
ERR15384688	ERX14788402	ERS24978915	ERP173476	PRJEB90473	Halomonas elongata DSM 2581		OXFORD_NANOPORE	GridION			WGS	GENOMIC	SINGLE	GridION sequencing
ERR15686596	ERX15091025	ERS26976544	ERP171481	PRJEB88388	Pseudomonas veronii	R-92566	OXFORD_NANOPORE	MinION	1290160522.0	499069.0	WGS	GENOMIC	SINGLE	Raw reads: Pseudomonas veronii R-92566
SRR28445724	SRX24049177	SRS20840578	SRP497734	PRJNA1077798	Alteromonas gracilis	J4	OXFORD_NANOPORE	MinION	2719446.0	1000.0	WGS	GENOMIC	SINGLE	Alteromonas gracilis strain J4, whole genome Nanopore Sequencing
ERR13600295	ERX12971318	ERS6084950	ERP127844	PRJEB43870	Klebsiella pneumoniae		OXFORD_NANOPORE	GridION	446256170.0	22331.0	WGS	GENOMIC	SINGLE	GridION sequencing
SRR16525588	SRX12728411	SRS10336871	SRP357537	PRJNA801416	Escherichia coli	410	OXFORD_NANOPORE	GridION	2294732770.0	329028.0	WGS	GENOMIC	SINGLE	Extensive diversification and dissemination of blaNDM carbapenemase plasmids in Enterobacterales in Singapore 2010-2015
SRR32204068	SRX27545743	SRS23960614	SRP561120	PRJNA1214876	Ekhidna algicida	To15	OXFORD_NANOPORE	MinION	24066065.0	4000.0	WGS	GENOMIC	SINGLE	Ekhidna algicida strain To15 genome
SRR30149328	SRX25617305	SRS1975919	SRP518730	PRJNA1133668	Enterobacter hormaechei	KP0925	OXFORD_NANOPORE	MinION	617727323.0	73979.0	WGS	GENOMIC	SINGLE	Nanopore sequencing of clinical CRE isolates: human
ERR13354966	ERX12725898	ERS20228312	ERP160933	PRJEB76407	Mediterraneibacter gnavus		PACBIO_SMRT	Sequel IIe	2873741007.0	339677.0	WGS	GENOMIC	SINGLE	Sequel IIe sequencing
ERR1377197	ERX1448323	ERS1058920	ERP005928	PRJEB6403	Campylobacter jejuni	NCTC12543	PACBIO_SMRT	PacBio RS	306976005.0	163482.0	WGS	GENOMIC	SINGLE	PacBio RS sequencing
SRR32405440	SRX27735833	SRS9466756	SRP390960	PRJNA857526	Escherichia coli	AUSMDU00031978	OXFORD_NANOPORE	PromethION	700395407.0	156497.0	WGS	GENOMIC	SINGLE	Whole genome sequencing of Escherichia/Shigella sp as part of MDU-PHL surveillance activities in Victoria, Australia Raw sequence reads
SRR5182166	SRX2498273	SRS1925126	SRP096895	PRJNA353873	Mycobacterium tuberculosis		PACBIO_SMRT	PacBio RS	272786722.0	163482.0	WGS	GENOMIC	SINGLE	DNA of Mtb
SRR35181428	SRX30286306	SRS17947194	SRP442092	PRJNA708474	Saccharothrix longispora	DSM 43749	PACBIO_SMRT	Sequel II	481731905.0	59556.0	WGS	GENOMIC	SINGLE	Saccharothrix longispora DSM 43749
SRR24974087	SRX20731702	SRS18022641	SRP405842	PRJNA896652	Pseudomonas chlororaphis	R3-3	OXFORD_NANOPORE	PromethION	1456023720.0	194117.0	WGS	GENOMIC	SINGLE	soil-assosiated genome sequencing
SRR9641598	SRX6403442	SRS5061474	SRP040661	PRJNA231221	Shigella sonnei	FDAARGOS_776	PACBIO_SMRT	PacBio RS	1615891758.0	163482.0	WGS	GENOMIC	SINGLE	
SRR18681633	SRX14782864	SRS12539569	SRP368114	PRJNA824420	Escherichia coli	GD03032_ECOL_HY_150	OXFORD_NANOPORE	MinION	530362610.0	85481.0	WGS	GENOMIC	SINGLE	Long-read sequencing of Escherichia coli: isolate #150 urine
SRR24140443	SRX19939030	SRS17287739	SRP247747	PRJNA604975	Escherichia coli	ox_bsi_99	OXFORD_NANOPORE	GridION	50051730.0	17139.0	WGS	GENOMIC	SINGLE	oxford_bsi
DRR129660	DRX122398	DRS063745	DRP004276	PRJDB5783	Vibrio casei	DSM 22364	OXFORD_NANOPORE	MinION	2237368370.0	332715.0	WGS	GENOMIC	SINGLE	MinION sequencing of SAMD00080446
SRR29316525	SRX24833618	SRS21545449	SRP512379	PRJNA1121190	Vibrio cholerae	146Vc01	OXFORD_NANOPORE	PromethION	513716318.0	56596.0	WGS	GENOMIC	SINGLE	WGS of Vcholerae isolates
DRR493253	DRX477452	DRS205636	DRP007742	PRJDB10568	Serratia marcescens	ET_H9	OXFORD_NANOPORE	MinION	780499904.0	66093.0	WGS	GENOMIC	SINGLE	MinION sequencing of SAMD00247317
SRR14430902	SRX10782035	SRS8868408	SRP318557	PRJNA727480	Bacillus velezensis	SW5	PACBIO_SMRT	PacBio RS	115758034.0	23614.0	WGS	GENOMIC	SINGLE	genome sequence
SRR35247902	SRX30350732	SRS26393802	SRP617288	PRJNA958328	Paraburkholderia youngii	JPY468	PACBIO_SMRT	Sequel IIe	886455976.0	94947.0	WGS	GENOMIC	SINGLE	Paraburkholderia youngii JPY468
ERR10498332	ERX10015621	ERS14255423	ERP142629	PRJEB57633	Escherichia coli		OXFORD_NANOPORE	GridION	127004777.0	18931.0	WGS	GENOMIC	SINGLE	Raw reads: ONT_30345_1#124
SRR19634210	SRX15684566	SRS13381645	SRP379817	PRJNA848631	Escherichia coli		OXFORD_NANOPORE	GridION	250318800.0	13741.0	WGS	GENOMIC	SINGLE	Long read sequencing of E. coli that has been experimentally evolved with a CTX-M-15 plasmid
ERR1036233	ERX1114967	ERS764954	ERP005928	PRJEB6403	Escherichia coli	NCTC12653	PACBIO_SMRT	PacBio RS	1461495538.0	163482.0	WGS	GENOMIC	SINGLE	PacBio RS sequencing
SRR35213318	SRX30317039	SRS26363974	SRP615992	PRJNA1301220	Acinetobacter baumannii	ABO21-A034	OXFORD_NANOPORE	MinION	118553814.0	27207.0	WGS	GENOMIC	SINGLE	Whole geneme sequencing of Acinetobacter baumannii: isolates of the Ab-One study
SRR28825861	SRX24388723	SRS21144485	SRP504527	PRJNA984017	Klebsiella pneumoniae	K2K	OXFORD_NANOPORE	MinION	187939891.0	17473.0	WGS	GENOMIC	SINGLE	Klebsiella pneumoniae K2K oxford nanopore reads
SRR31303437	SRX26681634	SRS23174490	SRP544363	PRJNA1133929	Bordetella pertussis	YW79	PACBIO_SMRT	Sequel IIe	2983715366.0	235271.0	WGS	GENOMIC	PAIRED	Genome sequencing for Bordetella pertussis
ERR2109177	ERX2166422	ERS1892200	ERP023920	PRJEB21647	Enterococcus faecium		OXFORD_NANOPORE	MinION	70511838.0	6460.0	WGS	GENOMIC	SINGLE	MinION sequencing
ERR11041209	ERX10488021	ERS14796190	ERP145810	PRJEB60752	Escherichia coli		OXFORD_NANOPORE	MinION	1213819286.0	150558.0	WGS	GENOMIC	SINGLE	Raw reads: BLSE175_[Oxford_Nanopore]
SRR15989356	SRX12278183	SRS9998861	SRP357534	PRJNA801415	Enterobacter cloacae	93	OXFORD_NANOPORE	GridION	182770137.0	30555.0	WGS	GENOMIC	SINGLE	Whole Genome Sequencing of Carbapenemase-producing Enterobacterales (CPE)
SRR12884251	SRX9350099	SRS1818369	SRP093623	PRJNA353625	Salmonella enterica subsp. enterica serovar Rough O:-:-	PNCS009880	OXFORD_NANOPORE	MinION	199236890.0	39500.0	WGS	GENOMIC	SINGLE	Nanopore sequencing PNCS009880
SRR18681651	SRX14782846	SRS12539552	SRP368114	PRJNA824420	Escherichia coli	GD02899_ECOL_HY_14	OXFORD_NANOPORE	MinION	467191853.0	87666.0	WGS	GENOMIC	SINGLE	Long-read sequencing of Escherichia coli: isolate #14 urine
SRR19820636	SRX15864285	SRS13526136	SRP361569	PRJNA768416	Staphylococcus sp. FSL W8-0271	FSL W8-0271	OXFORD_NANOPORE	MinION	421344660.0	73291.0	WGS	GENOMIC	SINGLE	WGS of Bacilli
SRR23392492	SRX19330215	SRS16727156	SRP421832	PRJNA932719	Campylobacter coli		OXFORD_NANOPORE	MinION	281159576.0	14582.0	WGS	GENOMIC	SINGLE	Long-read WGS characterization of commensal Campylobacter jejuni and Campylobacter coli isolates from dairy cattle in Northern Spain
SRR27596403	SRX23264988	SRS20166950	SRP256141	PRJNA510384	Escherichia coli	not applicable	OXFORD_NANOPORE	GridION	800834718.0	620000.0	WGS	GENOMIC	SINGLE	EC-Cat-OK74078CY230052
SRR36035063	SRX31084183	SRS27072668	SRP644837	PRJNA1364846	Campylobacter coli	GPT20-006	OXFORD_NANOPORE	GridION	68514007.0	18429.0	WGS	GENOMIC	SINGLE	Campylobacter coli, DBT kit, 12-plex and 100 ng DNA, replicate 1
ERR3986925	ERX3988952	ERS4380859	ERP120516	PRJEB37212	Klebsiella pneumoniae		OXFORD_NANOPORE	MinION	109917509.0	54772.0	WGS	GENOMIC	SINGLE	MinION sequencing; Oxfordshire gram negative bacteraemias
SRR36010932	SRX31060172	SRS27049762	SRP644332	PRJNA1094437	Priestia megaterium	PMUG02	OXFORD_NANOPORE	GridION	497907470.0	162615.0	WGS	GENOMIC	SINGLE	Pmegaterium_4189
SRR33600023	SRX28829533	SRS25061949	SRP585898	PRJNA1263016	Staphylococcus aureus	MRSA252	OXFORD_NANOPORE	MinION	210699420.0	35918.0	WGS	GENOMIC	SINGLE	WGS long read sequencing of MRSA
SRR31184670	SRX26567232	SRS23071686	SRP542435	PRJNA1180557	Cetobacterium somerae ATCC BAA-474	ATCC BAA-474	OXFORD_NANOPORE	PromethION	265333724.0	92776.0	WGS	GENOMIC	SINGLE	long read DNA sequencing data of Cetobacterium somerae ATCC BAA 474
SRR31599562	SRX26964120	SRS23433831	SRP549287	PRJNA1185485	Escherichia coli	401	OXFORD_NANOPORE	PromethION	1420568681.0	273567.0	WGS	GENOMIC	SINGLE	pig-inf-barcode36
SRR7647821	SRX4510761	SRS1693856	SRP056445	PRJNA278886	Klebsiella pneumoniae	203	PACBIO_SMRT	PacBio RS II	2418473216.0	163482.0	WGS	GENOMIC	SINGLE	Whole genome PacBio RS sequence of Klebsiella pneumoniae
SRR35556778	SRX30631282	SRS19727697	SRP150360	PRJNA475751	Escherichia coli	EC01298	OXFORD_NANOPORE	MinION	163685615.0	64006.0	WGS	GENOMIC	SINGLE	WGS Sequencing of Escherichia coli
SRR19165771	SRX15231991	SRS12965111	SRP374671	PRJNA836696	Escherichia coli	4750	OXFORD_NANOPORE	GridION	523682314.0	106403.0	WGS	GENOMIC	SINGLE	ONT long-read sequencing of carbapenem non-susceptible Enterobacterales
SRR14852521	SRX11171057	SRS9229253	SRP324476	PRJNA738868	Acinetobacter baumannii	DETAB-E304	OXFORD_NANOPORE	MinION	741791106.0	75282.0	WGS	GENOMIC	SINGLE	Nanopore WGS of A. baumannii DETAB-E303
ERR14712740	ERX14114167	ERS23785480	ERP167733	PRJEB84206	Salmonella enterica		OXFORD_NANOPORE	MinION	310719562.0	76827.0	WGS	GENOMIC	SINGLE	MinION sequencing
SRR13823310	SRX10203957	SRS8350249	SRP308772	PRJNA705564	Serratia marcescens	C017	OXFORD_NANOPORE	MinION	6414256.0	5464.0	WGS	GENOMIC	SINGLE	DNA-Seq of S. marcescens
SRR13790252	SRX10175295	SRS8324228	SRP308340	PRJNA704656	Streptococcus equi subsp. equi	470_001	PACBIO_SMRT	Sequel	856730136.0	138027.0	WGS	GENOMIC	SINGLE	PacBio whole genome sequencing of Streptococcu equi
SRR1797139	SRX866452	SRS837414	SRP055199	PRJNA274640	Escherichia coli	K-12	PACBIO_SMRT	PacBio RS	355603421.0	163482.0	WGS	GENOMIC	SINGLE	Figure 5:  20kb E. coli Low-Input Re-Use Results
SRR4176957	SRX2141555	SRS1673315	SRP086904	PRJNA303868	Pseudomonas poae	LMG 21465	PACBIO_SMRT	PacBio RS	773403735.0	265366.0	WGS	GENOMIC	SINGLE	Pseudomonas poae BS2776
ERR11801715	ERX11200074	ERS16224830	ERP119900	PRJEB36683	Klebsiella pneumoniae 11227-1		OXFORD_NANOPORE	MinION	255101589.0	64026.0	WGS	GENOMIC	SINGLE	MinION sequencing; Raw reads: Kp29_plasmid
SRR13893584	SRX10273430	SRS8406415	SRP309815	PRJNA686978	Klebsiella pneumoniae	not collected	OXFORD_NANOPORE	MinION	5127637563.0	587121.0	WGS	GENOMIC	SINGLE	nanopore sequencing of k pneumoniae: clinical isolate
SRR22859856	SRX18818728	SRS16251872	SRP414408	PRJNA914892	Staphylococcus aureus	C257	OXFORD_NANOPORE	MinION	168620059.0	30142.0	WGS	GENOMIC	SINGLE	Long read ONT WGS of Staphylococcus aureus isolates from Chronic Rhinosinusitis Patients
ERR15465419	ERX14869314	ERS26347553	ERP179079	PRJEB96336	Klebsiella pneumoniae	EuSCAPE_FR052	OXFORD_NANOPORE	GridION	322180739.0	101708.0	WGS	GENOMIC	SINGLE	GridION sequencing
SRR24140248	SRX19938829	SRS17287539	SRP247747	PRJNA604975	Escherichia coli	ox_bsi_176	OXFORD_NANOPORE	GridION	241772772.0	52810.0	WGS	GENOMIC	SINGLE	oxford_bsi
SRR35811625	SRX30860911	SRS26866352	SRP633355	PRJNA1346086	Ligilactobacillus murinus	not applicable	PACBIO_SMRT	Revio	189271701.0	58120.0	WGS	GENOMIC	SINGLE	Sequence of bacteria
SRR19776545	SRX15820951	SRS12274013	SRP364249	PRJNA816422	Helicobacter pylori	Hpfe068	OXFORD_NANOPORE	MinION	294493331.0	38771.0	WGS	GENOMIC	SINGLE	nanopore sequencing of h. pylori genomic DNA
SRR787432	SRX252642	SRS401110	SRP019218	PRJNA188139	Vibrio cholerae	2010EL-2026	PACBIO_SMRT	PacBio RS	93296197.0	81741.0	WGS	GENOMIC	SINGLE	2010EL-2026
ERR4763154	ERX4636207	ERS5247925	ERP124695	PRJEB40976	Enterococcus faecalis		OXFORD_NANOPORE	GridION	615795054.0	26358.0	WGS	GENOMIC	SINGLE	GridION sequencing; Raw reads: 28157_4#177
ERR1016537	ERX1095597	ERS747612	ERP005928	PRJEB6403	Klebsiella pneumoniae	NCTC9144	PACBIO_SMRT	PacBio RS	799600566.0	163482.0	WGS	GENOMIC	SINGLE	PacBio RS sequencing
SRR33768482	SRX28990994	SRS22397448	SRP444583	PRJNA962904	Escherichia coli		PACBIO_SMRT	Sequel II	763935177.0	40612.0	WGS	GENOMIC	SINGLE	PacBio sequencing of A040018HE3 for ARCH 2
SRR31599225	SRX26963859	SRS23433570	SRP549287	PRJNA1185485	Escherichia coli	1014	OXFORD_NANOPORE	PromethION	489286186.0	124431.0	WGS	GENOMIC	SINGLE	wwtp-9n14-barcode94
SRR26804797	SRX22502058	SRS19514410	SRP471522	PRJNA1039750	Pseudomonas aeruginosa		OXFORD_NANOPORE	MinION	332935194.0	16421.0	WGS	GENOMIC	SINGLE	Genome sequencing of Pseudomonas aeruginosa
SRR22121274	SRX18100991	SRS15603932	SRP405589	PRJNA895213	Segatella copri	Ind117-32	OXFORD_NANOPORE	GridION	621959343.0	152661.0	WGS	GENOMIC	SINGLE	WGS of Prevotella copri Ind117-32
SRR10918229	SRX7585541	SRS6019236	SRP243626	PRJNA566817	Actinopolymorpha rutila	DSM 18448	PACBIO_SMRT	Sequel	2111950733.0	545854.0	WGS	GENOMIC	SINGLE	Actinopolymorpha rutila DSM 18448
SRR13618139	SRX10011378	SRS8180061	SRP304490	PRJNA699181	Bartonella bacilliformis	KC583	PACBIO_SMRT	Sequel	163402510.0	33425.0	WGS	GENOMIC	SINGLE	Long-read sequencing of Bartonella bacilliformis KC583
ERR8007741	ERX7573410	ERS9899274	ERP131998	PRJEB47698	Acinetobacter nosocomialis		OXFORD_NANOPORE	MinION	25801896.0	12672.0	WGS	GENOMIC	SINGLE	MinION sequencing
SRR30149286	SRX25617347	SRS21937380	SRP518730	PRJNA1133668	Klebsiella pneumoniae	ST258KP15	OXFORD_NANOPORE	MinION	656490147.0	126384.0	WGS	GENOMIC	SINGLE	Nanopore sequencing of clinical CRE isolates: human
ERR1787517	ERX1851240	ERS1273883	ERP005928	PRJEB6403	Legionella erythra	NCTC11977	PACBIO_SMRT	PacBio RS	176693943.0	163482.0	WGS	GENOMIC	SINGLE	PacBio RS sequencing
SRR24510473	SRX20294938	SRS17621148	SRP437144	PRJNA957403	Microbacterium testaceum	SORGH_AS_0594	PACBIO_SMRT	Sequel IIe	761616483.0	95325.0	WGS	GENOMIC	SINGLE	Microbacterium testaceum SORGH_AS 594
SRR10541606	SRX7225005	SRS5725811	SRP233420	PRJNA370025	Clostridium saccharobutylicum	DJ081	PACBIO_SMRT	PacBio RS II	970547590.0	346472.0	WGS	GENOMIC	SINGLE	Clostridium saccharobutylicum DJ081
ERR10498774	ERX10016063	ERS14255717	ERP142629	PRJEB57633	Escherichia coli		OXFORD_NANOPORE	GridION	39985378.0	6237.0	WGS	GENOMIC	SINGLE	Raw reads: ONT_30602_1#56
ERR1100799	ERX1180333	ERS806951	ERP010683	PRJEB9562	Salmonella sp.		PACBIO_SMRT	PacBio RS	314501302.0	163482.0	WGS	GENOMIC	SINGLE	PacBio RS sequencing
SRR15540400	SRX11838528	SRS9849700	SRP333488	PRJNA336330	Escherichia coli O157	644-PT8	PACBIO_SMRT	PacBio RS II	632402914.0	163482.0	WGS	GENOMIC	SINGLE	Genome sequencing of E. coli O157:H7 from Scotland PacBio reads
SRR21669495	SRX17667833	SRS15200050	SRP398577	PRJNA801789	Lysinibacillus sp. ACHW1.5	ACHW1.5	OXFORD_NANOPORE	MinION	290267441.0	35040.0	WGS	GENOMIC	SINGLE	Nanopore MinION of  SAMN25390723
SRR30896072	SRX26299949	SRS22828669	SRP536878	PRJNA1134622	Escherichia coli	OXEC-273	OXFORD_NANOPORE	MinION	2954035279.0	581919.0	WGS	GENOMIC	SINGLE	OXEC-273
SRR28434890	SRX24038669	SRS20831705	SRP497546	PRJNA1091452	Klebsiella pneumoniae	KP01-PS	OXFORD_NANOPORE	MinION	588836704.0	72028.0	WGS	GENOMIC	SINGLE	ONT performance study sequencing of K. pneumoniae
SRR33768380	SRX28991096	SRS22397327	SRP444583	PRJNA962904	Escherichia coli		PACBIO_SMRT	Sequel II	182930536.0	8879.0	WGS	GENOMIC	SINGLE	PacBio sequencing of A150003HE1 for ARCH 2
SRR16525557	SRX12728442	SRS10337024	SRP357537	PRJNA801416	Escherichia coli	E226	OXFORD_NANOPORE	GridION	298273432.0	42099.0	WGS	GENOMIC	SINGLE	Extensive diversification and dissemination of blaNDM carbapenemase plasmids in Enterobacterales in Singapore 2010-2015
ERR10791235	ERX10240545	ERS2652390	ERP104475	PRJEB22771	Streptococcus pneumoniae		PACBIO_SMRT	Sequel II	2477585376.0	369452.0	WGS	GENOMIC	SINGLE	Sequel II sequencing
SRR31565409	SRX26931256	SRS23404766	SRP548643	PRJNA1192988	Vibrio cholerae	CIV24	OXFORD_NANOPORE	PromethION	270067698.0	97212.0	WGS	GENOMIC	SINGLE	PulseNet Africa ONT sequencing of Vibrio cholerae isolates
SRR13256621	SRX9687439	SRS7885014	SRP297072	PRJNA682584	Enterococcus faecium	Dallas 16_2	OXFORD_NANOPORE	MinION	902231689.0	158352.0	WGS	GENOMIC	SINGLE	WGS of vancomycin resistant Enterococcus faecium collected from Dallas, Texas
ERR5336677	ERX5125065	ERS5806351	ERP126502	PRJEB42615	Campylobacter jejuni		OXFORD_NANOPORE	MinION	108340277.0	61266.0	WGS	GENOMIC	SINGLE	MinION sequencing
SRR15654679	SRX11951722	SRS9961796	SRP334469	PRJNA757420	Cupriavidus gilardii	OV2-1	PACBIO_SMRT	PacBio RS II	1507710872.0	162885.0	WGS	GENOMIC	PAIRED	C_gilardii_OV2-1
SRR10556190	SRX7237924	SRS5737508	SRP233750	PRJNA460363	Clostridium beijerinckii	DJ226	PACBIO_SMRT	PacBio RS II	711229065.0	225330.0	WGS	GENOMIC	SINGLE	Clostridium beijerinckii DJ226
SRR27972427	SRX23626026	SRS20465456	SRP489819	PRJNA1076692	Escherichia coli	RIVM_C055436_dorado	OXFORD_NANOPORE	MinION	106325639.0	25775.0	WGS	GENOMIC	SINGLE	RIVM_C055436_dorado
SRR35674201	SRX30725829	SRS26742383	SRP561673	PRJNA1219398	Pasteurella multocida	210506	OXFORD_NANOPORE	MinION	137082512.0	20860.0	WGS	GENOMIC	SINGLE	DNA-Seq of Pasteurella multocida 210506
ERR15195734	ERX14601390	ERS25144155	ERP160948	PRJEB76420	Klebsiella oxytoca		OXFORD_NANOPORE	MinION			WGS	GENOMIC	SINGLE	MinION sequencing
SRR9174994	SRX5947657	SRS4859678	SRP040661	PRJNA231221	Bacteroides ovatus	FDAARGOS_733	PACBIO_SMRT	PacBio RS	1724493178.0	163482.0	WGS	GENOMIC	SINGLE	
SRR4178898	SRX2142060	SRS1673785	SRP086921	PRJNA311475	Nakamurella panacisegetis	P4-7,KCTC 19426,CECT 7604	PACBIO_SMRT	PacBio RS	484579675.0	105734.0	WGS	GENOMIC	SINGLE	Nakamurella panacisegetis DSM 26919
SRR27006236	SRX22699149	SRS19691841	SRP250705	PRJNA607328	Escherichia coli	Mixture	OXFORD_NANOPORE	MinION	1402476040.0	243135.0	WGS	GENOMIC	SINGLE	Escherichia coli/Pseudomonas aeruginosa/Saccharomyces cerevisiae FELIX_MS835 Nanopore
SRR27561274	SRX23230556	SRS20153308	SRP483965	PRJNA1032276	Staphylococcus capitis subsp. urealyticus	Sc1516943	OXFORD_NANOPORE	MinION	1094126785.0	184244.0	WGS	GENOMIC	SINGLE	Oxford Nanopore MinION whole-genome sequencing reads of S. capitis clinical isolate Sc1516943
SRR364917	SRX032455	SRS140104	SRP004712	PRJNA61297	Vibrio cholerae O1		PACBIO_SMRT	PacBio RS	40492906.0	60667.0	WGS	GENOMIC	SINGLE	Sequencing for C6 (Peru, 1991)
SRR12298957	SRX8802256	SRS6792123	SRP266402	PRJNA605147	Escherichia coli	RHB14-C07	PACBIO_SMRT	PacBio RS II	1334866014.0	165545.0	WGS	GENOMIC	SINGLE	PACBIO_SMRT sequencing of Escherichia coli isolate RH04|T1-C07 cultured from Pig faeces sample
SRR5829898	SRX3007242	SRS2357530	SRP112249	PRJNA329679	Clostridium butyricum	DJ064	PACBIO_SMRT	PacBio RS II	983785235.0	236171.0	WGS	GENOMIC	SINGLE	Clostridium butyricum str. 64
SRR9900608	SRX6652474	SRS5213977	SRP051949	PRJNA271899	Enterobacter hormaechei	UCI161	OXFORD_NANOPORE	GridION	623375656.0	149870.0	WGS	GENOMIC	SINGLE	Sequencing of Carbapenem resistant bacteria
SRR7135461	SRX4056333	SRS3273271	SRP145022	PRJNA442737	Rhizobium rhizogenes	WS1419	PACBIO_SMRT	PacBio RS II	482634016.0	81579.0	WGS	GENOMIC	SINGLE	Agrobacterium rhizogenes WS1419
SRR34986070	SRX30104900	SRS26168549	SRP608826	PRJNA1305362	Listeria monocytogenes	Lm_406	OXFORD_NANOPORE	MinION	1073527105.0	119402.0	WGS	GENOMIC	SINGLE	Oxford Nanopore sequences of an isolated L. monocytogenes strain from wastewater
SRR12148154	SRX8668194	SRS6947958	SRP270056	PRJNA632335	Streptomyces collinus	DSM 40129	PACBIO_SMRT	PacBio RS II	3552548453.0	543062.0	WGS	GENOMIC	SINGLE	Streptomyces collinus DSM 40129
DRR294518	DRX283974	DRS233961	DRP008387	PRJDB11675	Vibrio cholerae	V130003	PACBIO_SMRT	PacBio RS II	1504189133.0	151381.0	WGS	GENOMIC	SINGLE	PacBio RS II sequencing of SAMD00323053
SRR9648078	SRX6409638	SRS5067025	SRP213214	PRJNA546901	Bosea sp. AK1	AK1	PACBIO_SMRT	PacBio RS II	281427433.0	61187.0	WGS	GENOMIC	SINGLE	Bosea sp. AK1
SRR33769265	SRX28991504	SRS22455853	SRP444583	PRJNA962904	Escherichia coli		PACBIO_SMRT	Sequel II	675450171.0	36918.0	WGS	GENOMIC	SINGLE	PacBio sequencing of AH0198HE3 for ARCH 2
SRR25406185	SRX21142420	SRS18406819	SRP451164	PRJNA997781	Rhodococcus sp. KD0901	KD0901	PACBIO_SMRT	Sequel II	6485738.0	2.0	WGS	GENOMIC	SINGLE	KD0901 DNA
SRR9732396	SRX6489610	SRS5138398	SRP215929	PRJNA555902	Pandoraea sp. Col-0-25	Col-0-25	OXFORD_NANOPORE	GridION	70000913.0	12685.0	WGS	GENOMIC	SINGLE	Genome sequencing of bacterial strain Col-0-25
ERR14866121	ERX14273158	ERS24008950	ERP171808	PRJEB88731	Haemophilus parainfluenzae	HUB-HP17268	OXFORD_NANOPORE	MinION	420071940.0	69500.0	WGS	GENOMIC	SINGLE	MinION sequencing
SRR31480981	SRX26849342	SRS23333060	SRP547242	PRJNA1188493	Bacillus cereus	C162	OXFORD_NANOPORE	GridION	2269941069.0	657176.0	WGS	GENOMIC	SINGLE	WGS of Bacillus Cereus
SRR28058713	SRX23708314	SRS20538253	SRP491222	PRJNA1075805	Endozoicomonas lisbonensis	NE41	PACBIO_SMRT	Revio	50464330.0	5045.0	WGS	GENOMIC	SINGLE	Endozoicomonas sp. NE41
SRR29316714	SRX24833429	SRS21545260	SRP512379	PRJNA1121190	Vibrio cholerae	114Vc03	OXFORD_NANOPORE	PromethION	257350478.0	185245.0	WGS	GENOMIC	SINGLE	WGS of Vcholerae isolates
SRR13575586	SRX9973665	SRS8145954	SRP303741	PRJNA695586	Streptococcus pyogenes	M4C20	OXFORD_NANOPORE	MinION	3140596.0	4000.0	WGS	GENOMIC	SINGLE	Whole genome sequence of Streptococcus pyogenes strain M4C20
SRR36919954	SRX31886274	SRS27841239	SRP665298	PRJNA1403646	Staphylococcus aureus	not applicable	OXFORD_NANOPORE	MinION	121430863.0	61755.0	WGS	GENOMIC	SINGLE	Long Reads for The Genomic Landscape of Head and Neck Cancer-associated Streptococci
SRR4164074	SRX2136290	ERS1460855	SRP086196	PRJNA303521	Micromonospora echinofusca	DSM 43913	PACBIO_SMRT	PacBio RS	1474346693.0	446815.0	WGS	GENOMIC	SINGLE	Micromonospora echinofusca DSM 43913
SRR12824649	SRX9292287	SRS7519025	SRP287360	PRJNA669159	Acinetobacter towneri	GX5	OXFORD_NANOPORE	PromethION	1793961340.0	120753.0	WGS	GENOMIC	SINGLE	whole genome sequencing
SRR6786651	SRX3746071	SRS3002485	SRP133392	PRJNA433676	Enterococcus faecium		PACBIO_SMRT	PacBio RS II	484339661.0	163482.0	WGS	GENOMIC	SINGLE	Cross-sectional study of vancomycin-resistant Enterococcus faecium in Victoria, Australia (Nov-Dec.2015).
SRR25741491	SRX21465013	SRS18699915	SRP456656	PRJNA983748	Staphylococcus aureus	ST151	OXFORD_NANOPORE	GridION	362461677.0	66494.0	WGS	GENOMIC	SINGLE	WGS of S. aureus: Bulk Tank Milk
ERR15895122	ERX15292013	ERS27330268	ERP185193	PRJEB103841	Proteus sp. (in: enterobacteria)		OXFORD_NANOPORE	MinION	2072221343.0	192759.0	WGS	GENOMIC	SINGLE	Raw reads: ASF-4
SRR35785748	SRX30835091	SRS26843736	SRP632095	PRJNA1345082	Escherichia coli	30-2013-C25	OXFORD_NANOPORE	PromethION	16129580.0	7629.0	WGS	GENOMIC	SINGLE	WGS of persistently-infected Escherichia coli strain restreaks
SRR13182811	SRX9620620	SRS7822686	SRP040661	PRJNA231221	Escherichia coli	FDAARGOS_1256	PACBIO_SMRT	Sequel	1787976320.0	195982.0	WGS	GENOMIC	SINGLE	
SRR11318032	SRX7922368	SRS930953	SRP029479	PRJNA217342	Salmonella enterica subsp. salamae	CFSAN024561	PACBIO_SMRT	Sequel	1360376941.0	238821.0	WGS	GENOMIC	SINGLE	Whole genome PacBio Sequel sequence of Salmonella enterica subsp. salamae
DRR596636	DRX577183	DRS405230	DRP012027	PRJDB18766	Paenibacillus sp. P36	P36	PACBIO_SMRT	Revio	245156191.0	30121.0	WGS	GENOMIC	SINGLE	Revio sequencing of SAMD00818827
SRR35213180	SRX30317178	SRS26364113	SRP615992	PRJNA1301220	Acinetobacter baumannii	ABO21-E069	OXFORD_NANOPORE	MinION	142944479.0	17573.0	WGS	GENOMIC	SINGLE	Whole geneme sequencing of Acinetobacter baumannii: isolates of the Ab-One study
SRR24140212	SRX19938865	SRS17287574	SRP247747	PRJNA604975	Escherichia coli	ox_bsi_305	OXFORD_NANOPORE	GridION	139305536.0	46802.0	WGS	GENOMIC	SINGLE	oxford_bsi
ERR5984456	ERX5624179	ERS6796335	ERP129449	PRJEB45354	Escherichia coli		OXFORD_NANOPORE	GridION	57491818.0	11578.0	WGS	GENOMIC	SINGLE	GridION sequencing; Raw reads: ONT_30345_1#226
SRR9619699	SRX6382744	SRS5042342	SRP212547	PRJNA547240	Micromonospora sp. CNZ280	CNZ280	PACBIO_SMRT	Sequel	5481230806.0	1366101.0	WGS	GENOMIC	SINGLE	Micromonospora sp. CNZ280
SRR18972804	SRX15048701	SRS12794673	SRP372864	PRJNA833428	Xylella fastidiosa	CFBP8174	PACBIO_SMRT	PacBio RS II	63032398.0	23925.0	WGS	GENOMIC	SINGLE	Whole genome sequencing of Xylella fastidiosa
ERR10452912	ERX9976367	ERS6793973	ERP109413	PRJEB27342	Klebsiella aerogenes		PACBIO_SMRT	Sequel II	457575894.0	113279.0	WGS	GENOMIC	SINGLE	Sequel II sequencing
ERR15204950	ERX14610659	ERS23842156	ERP169379	PRJEB86006	Enterococcus faecium		OXFORD_NANOPORE	MinION	1920198161.0	196362.0	WGS	GENOMIC	SINGLE	Raw reads: GPT24-06-ONT
SRR32410595	SRX27740961	SRS24128756	SRP565160	PRJNA1225906	Neisseria meningitidis		OXFORD_NANOPORE	GridION	490318371.0	122626.0	WGS	GENOMIC	SINGLE	WGS of Neisseria meningitids isolate
SRR22784542	SRX18744336	SRS16179624	SRP413484	PRJNA912639	Escherichia coli	EC_2655_1L3_D	OXFORD_NANOPORE	MinION	1103308211.0	95972.0	WGS	GENOMIC	SINGLE	WGS of Escherichia coli
ERR1223213	ERX1295426	ERS921410	ERP005928	PRJEB6403	Streptococcus agalactiae	NCTC8017	PACBIO_SMRT	PacBio RS	3061901655.0	163482.0	WGS	GENOMIC	SINGLE	PacBio RS sequencing
SRR387152	SRX109932	SRS281278	SRP001087	PRJNA40075	Escherichia coli str. K-12 substr. MG1655	K-12	PACBIO_SMRT	PacBio RS	33027064.0	81741.0	WGS	GENOMIC	SINGLE	Whole Genome Sequencing and Assembly
SRR31599559	SRX26964123	SRS23433836	SRP549287	PRJNA1185485	Escherichia coli	404	OXFORD_NANOPORE	PromethION	306865969.0	61025.0	WGS	GENOMIC	SINGLE	pig-inf-barcode40
SRR33434792	SRX28675658	SRS23085179	SRP542766	PRJNA1181261	Salmonella enterica subsp. enterica serovar Dublin	NDSU-VDL-16	PACBIO_SMRT	Sequel IIe	700092099.0	48261.0	WGS	GENOMIC	SINGLE	PacBio WGS of Salmonella Dublin Strains
SRR35329226	SRX30430151	SRS26464554	SRP618831	PRJNA1321367	Escherichia coli	100416	OXFORD_NANOPORE	MinION	1744703594.0	678098.0	WGS	GENOMIC	SINGLE	Sequencing of Escherichia coli isolate 100416
SRR13575599	SRX9973653	SRS8145954	SRP303741	PRJNA695586	Streptococcus pyogenes	M4C20	OXFORD_NANOPORE	MinION	2706398.0	4000.0	WGS	GENOMIC	SINGLE	Whole genome sequence of Streptococcus pyogenes strain M4C20
SRR32486165	SRX27799551	SRS9451851	SRP402297	PRJNA857531	Pseudomonas aeruginosa	AUSMDU00022702	OXFORD_NANOPORE	PromethION	333130497.0	40754.0	WGS	GENOMIC	SINGLE	WGS of Pseudomonas species from ONT reads
SRR10912305	SRX7579974	SRS6014133	SRP242646	PRJNA563711	Rathayibacter tanaceti	VKM Ac-2761	OXFORD_NANOPORE	MinION	321333318.0	70773.0	WGS	GENOMIC	SINGLE	WGS of Rathayibacter tanaceti VKM Ac-2761
ERR10176114	ERX9712587	ERS13444808	ERP132884	PRJEB48506	Salmonella enterica subsp. enterica serovar Paratyphi A		OXFORD_NANOPORE	MinION	574478686.0	243604.0	WGS	GENOMIC	SINGLE	MinION sequencing; Raw reads: SEAP7506936_MinION
SRR35212497	SRX30316280	SRS26363297	SRP291668	PRJNA675431	Enterococcus faecium	FI518	OXFORD_NANOPORE	PromethION	913422695.0	317461.0	WGS	GENOMIC	SINGLE	WGS of Enterococcus faecium
SRR28434814	SRX24038436	SRS20831673	SRP497546	PRJNA1091452	Listeria monocytogenes	L-08	OXFORD_NANOPORE	MinION	314430949.0	76265.0	WGS	GENOMIC	SINGLE	ONT performance study sequencing of L. monocytogenes
SRR37144676	SRX32085995	SRS28021110	SRP563534	PRJNA1222943	Achromobacter spanius	So2_10a	OXFORD_NANOPORE	PromethION	1262575082.0	378660.0	WGS	GENOMIC	SINGLE	So2_10a Nanopore
SRR34988031	SRX30106769	SRS26170284	SRP608885	PRJNA1305322	Mitsuokella jalaludinii	ss191	OXFORD_NANOPORE	MinION	2065438756.0	207690.0	WGS	GENOMIC	SINGLE	ONT sequencing of Mitsuokella jalaludinii strain
SRR1192181	SRX489134	SRS572631	SRP040118	PRJNA239894	Staphylococcus aureus	Brady-SAP149	PACBIO_SMRT	PacBio RS	1311571314.0	163482.0	WGS	GENOMIC	SINGLE	
SRR32398726	SRX27730896	SRS24122208	SRP463741	PRJNA1021392	Streptomyces sp. JL3001	JL3001	PACBIO_SMRT	PacBio RS II	1721143602.0	5699151.0	WGS	GENOMIC	PAIRED	WGS of Streptomyces sp. JL3001
SRR30984384	SRX26375308	SRS22899177	SRP538432	PRJNA1046213	Nitratireductor rhodophyticola	OXR-85	OXFORD_NANOPORE	MinION	902049309.0	137868.0	WGS	GENOMIC	SINGLE	Hydrothermal vent plume bacterial isolate genomes
SRR33768842	SRX28991236	SRS22455938	SRP444583	PRJNA962904	Klebsiella pneumoniae		PACBIO_SMRT	Sequel II	327493168.0	14972.0	WGS	GENOMIC	SINGLE	PacBio sequencing of AH0777HE1 for ARCH 2
ERR10498539	ERX10015828	ERS14255260	ERP142629	PRJEB57633	Escherichia coli		OXFORD_NANOPORE	GridION	68634942.0	18832.0	WGS	GENOMIC	SINGLE	Raw reads: ONT_30348_2#224
SRR4177005	SRX2141603	SRS1673345	SRP086912	PRJNA303682	Micromonospora cremea	DSM 45599	PACBIO_SMRT	PacBio RS	1223861058.0	419028.0	WGS	GENOMIC	SINGLE	Micromonospora cremea DSM 45599
SRR29384778	SRX24898891	SRS21605148	SRP512887	PRJNA991498	Microbacterium maritypicum		PACBIO_SMRT	Sequel II	1978163469.0	199911.0	WGS	GENOMIC	SINGLE	Long-read sequencing of Microbacterium liquefaciens, Isolate 1 of Microcosm 5 of condition CAtCtMlBa
SRR17210299	SRX13390211	SRS11290157	SRP350362	PRJNA788148	Citrobacter freundii	B1s	OXFORD_NANOPORE	MinION	48846996.0	6952.0	WGS	GENOMIC	SINGLE	B1_r1_standard_15h
SRR4101823	SRX2069154	SRS1659907	SRP083790	PRJNA340879	Porphyrobacter sp. LM 6	LM 6	PACBIO_SMRT	PacBio RS II	2238895938.0	163482.0	WGS	GENOMIC	SINGLE	Porphyrobacter sp. LM6
SRR9722862	SRX6480346	SRS5130410	SRP215816	PRJNA470993	Staphylococcus aureus	pt196	PACBIO_SMRT	PacBio RS II	955850558.0	143433.0	WGS	GENOMIC	SINGLE	WGS of Staphylococcus aureus
SRR21465135	SRX17468807	SRS5707087	SRP395888	PRJNA812595	Salmonella enterica	PNUSAS118606	OXFORD_NANOPORE	MinION	423357721.0	63845.0	WGS	GENOMIC	SINGLE	Pathogen: clinical or host-associated sample
SRR10806998	SRX7480733	SRS5882089	SRP238658	PRJNA564727	Staphylococcus epidermidis	NCCP 16829	PACBIO_SMRT	PacBio RS II	1567495482.0	163482.0	WGS	GENOMIC	SINGLE	PacBio sequencing of S. epidermidis strain NCCP16829
SRR8275890	SRX5090771	SRS4102490	SRP172392	PRJNA500371	Streptomyces sp. E5N91 SAI-083	SAI-097	PACBIO_SMRT	PacBio RS II	10806087.0	4851.0	WGS	GENOMIC	SINGLE	Streptomyces W SAI-097
DRR097309	DRX090805	DRS100142	DRP005160	PRJDB5843	Helicobacter pylori	OK302	PACBIO_SMRT	PacBio RS II	3195555141.0	163482.0	WGS	GENOMIC	SINGLE	PacBio RS II sequencing of SAMD00084445
ERR3697529	ERX3687069	ERS4063689	ERP117600	PRJEB34663	Pseudomonas fluorescens		PACBIO_SMRT	PacBio RS II	157029090.0	21542.0	WGS	GENOMIC	SINGLE	PacBio RS II sequencing
SRR35247535	SRX30350429	SRS26393530	SRP617235	PRJNA958286	Arthrobacter agilis	W3I6	PACBIO_SMRT	Sequel IIe	430354094.0	64461.0	WGS	GENOMIC	SINGLE	Arthrobacter agilis W3I6
ERR15732400	ERX15137528	ERS27093556	ERP182414	PRJEB100987	Xanthomonas oryzae pv. oryzae	CIX705	PACBIO_SMRT	PacBio RS II	1259781523.0	228169.0	WGS	GENOMIC	SINGLE	PACBIO_SMRT PacBio RS II sequencing; CIX705 WGS GENOMIC
SRR16525248	SRX12727866	SRS10676800	SRP342584	PRJNA768992	Salmonella enterica subsp. enterica serovar Heidelberg	SA02DT10168701	OXFORD_NANOPORE	MinION	553696604.0	110633.0	WGS	GENOMIC	SINGLE	Evaluation of commercial DNA extraction kits for implementation of rapid Nanopore
SRR33417244	SRX28658186	SRS24926914	SRP582914	PRJNA992958	Salmonella enterica subsp. enterica serovar Corvallis	37255_10	OXFORD_NANOPORE	MinION	303422682.0	66813.0	WGS	GENOMIC	SINGLE	Nanopore DNA-Seq of Salmonella spp
SRR35178745	SRX30283603	SRS26332661	SRP614097	PRJNA1293422	Proteus mirabilis	HUP18	OXFORD_NANOPORE	PromethION	216392816.0	106517.0	WGS	GENOMIC	SINGLE	Whole-genome sequencing of Proteus mirabilis
SRR4063140	SRX2052193	SRS1644572	SRP082769	PRJNA243950	Bacillus sp. YF23	YF23	PACBIO_SMRT	PacBio RS	230787976.0	102297.0	WGS	GENOMIC	SINGLE	Bacillus sp. YF23
SRR13269088	SRX9699369	SRS7895480	SRP272861	PRJNA646575	Bacteroides fragilis		OXFORD_NANOPORE	GridION	557183621.0	130855.0	WGS	GENOMIC	SINGLE	WGS  of Bacteroides fragilis group clinical isolates
ERR10676220	ERX10143984	ERS14333319	ERP143248	PRJEB58185	Campylobacter jejuni		OXFORD_NANOPORE	MinION	354506964.0	588882.0	WGS	GENOMIC	PAIRED	MinION paired end sequencing
SRR36797785	SRX31784563	SRS27747264	SRP661661	PRJNA1389824	Enterobacter ludwigii		OXFORD_NANOPORE	MinION	142403297.0	60100.0	WGS	GENOMIC	SINGLE	evolved microcosm clones
SRR18326756	SRX14463981	SRS12266711	SRP363488	PRJNA814724	Escherichia coli	ER2683	PACBIO_SMRT	PacBio RS II	1617358554.0	163482.0	WGS	GENOMIC	SINGLE	PacBio seq of E. coli ER2683 expressing BspH_BREX_BrxR_Deletion
SRR27972573	SRX23625880	SRS20465384	SRP489819	PRJNA1076692	Enterobacter cloacae	RIVM_C059300_dorado	OXFORD_NANOPORE	MinION	423518380.0	95005.0	WGS	GENOMIC	SINGLE	RIVM_C059300_dorado
SRR35984609	SRX31033899	SRS27023888	SRP643309	PRJNA1344110	Bradyrhizobium diazoefficiens	USDA 444	PACBIO_SMRT	Sequel IIe	753464006.0	79160.0	WGS	GENOMIC	SINGLE	Bradyrhizobium japonicum USDA 444
SRR23384572	SRX19323089	SRS16721169	SRP421698	PRJNA924056	Serratia nevei	CPO401	OXFORD_NANOPORE	MinION	163338341.0	35818.0	WGS	GENOMIC	SINGLE	WGS of bacterial isolate possessing blaIMP-4 carbapenemase
SRR36093109	SRX31138610	SRS27124384	SRP151512	PRJNA478278	Salmonella enterica	R25.1676	OXFORD_NANOPORE	MinION	478610595.0	124441.0	WGS	GENOMIC	SINGLE	WGS of Salmonella enterica
ERR2125781	ERX2182633	ERS1589032	ERP005928	PRJEB6403	Streptomyces somaliensis		PACBIO_SMRT	PacBio RS	2623249256.0	163482.0	WGS	GENOMIC	SINGLE	PacBio RS sequencing
SRR901698	SRX306478	SRS445426	SRP026065	PRJNA203575	Mycobacterium avium MAV_120809_2495	MAV_120809_2495	PACBIO_SMRT	PacBio RS	420863329.0	81741.0	WGS	GENOMIC	SINGLE	
SRR14871149	SRX11188669	SRS9244970	SRP324862	PRJNA736470	Streptococcus equi subsp. zooepidemicus	SEZ_19-037	PACBIO_SMRT	Sequel	965361018.0	144980.0	WGS	GENOMIC	SINGLE	PacBio whole genome sequencing of Streptococcu equi
SRR24308108	SRX20103051	SRS17434163	SRP434545	PRJNA961666	Escherichia coli	AVS0453	OXFORD_NANOPORE	MinION	347633583.0	17976.0	WGS	GENOMIC	SINGLE	Long read sequencing of Escherichia coli AVS0453
SRR29761655	SRX25262309	SRS21947430	SRP519015	PRJNA1104809	Listeria aquatica	SG_BD1	OXFORD_NANOPORE	MinION	48790908.0	12000.0	WGS	GENOMIC	SINGLE	Listeria aquatica strain SG BD1
ERR4762225	ERX4635329	ERS5247729	ERP124695	PRJEB40976	Enterococcus faecalis		OXFORD_NANOPORE	GridION	703778767.0	29101.0	WGS	GENOMIC	SINGLE	GridION sequencing; Raw reads: 26975_2#150
SRR9732344	SRX6489662	SRS5138442	SRP215929	PRJNA555902	Chryseobacterium sp. Col-0-30	Col-0-30	OXFORD_NANOPORE	GridION	369034428.0	108882.0	WGS	GENOMIC	SINGLE	Genome sequencing of bacterial strain Col-0-30
SRR34864054	SRX29995569	SRS26072165	SRP606522	PRJNA1301590	Lactococcus lactis	P1E3	OXFORD_NANOPORE	PromethION	1790768432.0	296467.0	WGS	GENOMIC	SINGLE	WGS of Lactococcus lactis strain P1E3: Probat505 starter culture
SRR25467012	SRX21199913	SRS18458348	SRP452337	PRJNA1000618	Escherichia coli	Escherichia coli BL21(DE3)	OXFORD_NANOPORE	MinION	6198231.0	3998.0	WGS	GENOMIC	SINGLE	CASTVK transposition with different condition
SRR36141188	SRX31182307	SRS27166130	SRP644510	PRJNA1363965	Neisseria gonorrhoeae	4618	OXFORD_NANOPORE	MinION	826574917.0	89433.0	WGS	GENOMIC	SINGLE	WGS of NG: adult male
SRR24186625	SRX19984059	SRS1411651	SRP073815	PRJNA319063	Agrobacterium tumefaciens	15-1187-1-2a	OXFORD_NANOPORE	MinION	645878021.0	21114.0	WGS	GENOMIC	SINGLE	WGS of Agrobacterium tumefaciens 15-1187-1-2a
SRR33769488	SRX28991874	SRS22397479	SRP444583	PRJNA962904	Escherichia coli		PACBIO_SMRT	Sequel II	302523183.0	25463.0	WGS	GENOMIC	SINGLE	PacBio sequencing of AH0112HE1 for ARCH 2
SRR28825866	SRX24388718	SRS21144480	SRP504527	PRJNA984017	Klebsiella pneumoniae	K1C	OXFORD_NANOPORE	MinION	322823040.0	45263.0	WGS	GENOMIC	SINGLE	Klebsiella pneumoniae K1C oxford nanopore reads
SRR32636994	SRX27941639	SRS24307910	SRP253329	PRJNA613441	Klebsiella	pneumoniae	OXFORD_NANOPORE	MinION	647985523.0	237648.0	WGS	GENOMIC	SINGLE	Clinical Carbapenem-Resistant Isolate in Lebanese Hospitals
SRR32364899	SRX27699247	SRS21122188	SRP444583	PRJNA962904	Escherichia coli		PACBIO_SMRT	Sequel II	379370500.0	18643.0	WGS	GENOMIC	SINGLE	PacBio sequencing of AS5340E1 for ARCH 1.0
SRR12344010	SRX8843555	SRS7106612	SRP274107	PRJNA626345	Staphylococcus aureus	NAS_AN_150	OXFORD_NANOPORE	MinION	140005826.0	8540.0	WGS	GENOMIC	SINGLE	WGS Staphylococcus aureus among Native Americans in the  southwest US
SRR21696673	SRX17694109	SRS11554304	SRP354045	PRJNA747871	Streptomyces sp. NBC_01022	NBC_01022	OXFORD_NANOPORE	MinION	192051440.0	36404.0	WGS	GENOMIC	SINGLE	nanopore sequencing data from strain NBC_01022
SRR30896399	SRX26299622	SRS22828344	SRP536878	PRJNA1134622	Escherichia coli	OXEC-159	OXFORD_NANOPORE	MinION	1644560283.0	535851.0	WGS	GENOMIC	SINGLE	OXEC-159
ERR15602666	ERX15005890	ERS26882934	ERP180185	PRJEB97707	Escherichia coli		OXFORD_NANOPORE	MinION	392985551.0	67025.0	WGS	GENOMIC	SINGLE	MinION sequencing
SRR386092	SRX109801	SRS183306	SRP006189	PRJNA52149	Klebsiella oxytoca 10-5248	10-5248	PACBIO_SMRT	PacBio RS	89616197.0	81741.0	WGS	GENOMIC	SINGLE	Whole Genome Sequencing and Assembly
SRR9221371	SRX5992015	SRS4897154	SRP191068	PRJNA528511	Escherichia coli	GTEN_68	OXFORD_NANOPORE	GridION	1180959702.0	238557.0	WGS	GENOMIC	SINGLE	Global TravEpiNet AMR surveillance Genome sequencing and assembly
ERR8958700	ERX8503730	ERS10770995	ERP135763	PRJEB51164	Klebsiella pneumoniae		OXFORD_NANOPORE	GridION	7658992847.0	774119.0	WGS	GENOMIC	SINGLE	GridION sequencing; Raw reads: Kpneumo_r10.3_SUP
SRR31486697	SRX26854892	SRS19546482	SRP472100	PRJNA1040819	Escherichia coli	2002_EC5	OXFORD_NANOPORE	PromethION	30955607.0	4197.0	WGS	GENOMIC	SINGLE	Porcine Escherichia coli
ERR4763166	ERX4636219	ERS5247898	ERP124695	PRJEB40976	Enterococcus faecalis		OXFORD_NANOPORE	GridION	690672450.0	40541.0	WGS	GENOMIC	SINGLE	GridION sequencing; Raw reads: 28157_4#241
ERR1802423	ERX1866154	ERS1324105	ERP005928	PRJEB6403	Mycolicibacterium thermoresistibile	NCTC10409	PACBIO_SMRT	PacBio RS	2474317255.0	163482.0	WGS	GENOMIC	SINGLE	PacBio RS sequencing
ERR10499737	ERX10017019	ERS14248209	ERP142363	PRJEB57392	Escherichia coli		OXFORD_NANOPORE	MinION	658507332.0	1093866.0	WGS	GENOMIC	PAIRED	MinION paired end sequencing
SRR12298998	SRX8802215	SRS6792408	SRP266402	PRJNA605147	Citrobacter sp. RHBSTW-00986	RHBSTW-00986	OXFORD_NANOPORE	GridION	1614193123.0	268486.0	WGS	GENOMIC	SINGLE	OXFORD_NANOPORE sequencing of Citrobacter sp. isolate WTP3|T3-00986 cultured from WTP influent sample
ERR2503172	ERX2522415	ERS1572784	ERP021285	PRJEB19288	Vibrio cholerae		PACBIO_SMRT	PacBio RS	87998219.0	163482.0	WGS	GENOMIC	SINGLE	PacBio RS sequencing
ERR16064573	ERX15454755	ERS28397708	ERP173262	PRJEB90249	Pseudomonas aeruginosa		OXFORD_NANOPORE	GridION	870298713.0	212030.0	WGS	GENOMIC	SINGLE	GridION sequencing
SRR19634193	SRX15684583	SRS13381662	SRP379817	PRJNA848631	Escherichia coli		OXFORD_NANOPORE	GridION	654367332.0	67123.0	WGS	GENOMIC	SINGLE	Long read sequencing of E. coli that has been experimentally evolved with a CTX-M-15 plasmid
SRR36200499	SRX31237106	SRS27216435	SRP649104	PRJNA1367967	Klebsiella pneumoniae	36250B1	OXFORD_NANOPORE	PromethION	936130663.0	443859.0	WGS	GENOMIC	SINGLE	WGS of clinical Klebsiella pneumoniae from a referral hospital in Bansang, Gambia
SRR10031288	SRX6767299	SRS1674119	SRP086981	PRJNA334662	Rhodococcus opacus	DSM 44240	PACBIO_SMRT	Sequel	1203317072.0	328676.0	WGS	GENOMIC	SINGLE	Rhodococcus percolatus DSM 44240
SRR6515889	SRX3603860	SRS2871646	SRP131199	PRJNA430813	Citrobacter freundii complex sp. CFNIH4	CFNIH4	PACBIO_SMRT	PacBio RS II	735769808.0	163482.0	WGS	GENOMIC	SINGLE	PacBio SMRT Sequencing of Citrobacter freundii complex CFNIH4 Genomic Library
SRR27972522	SRX23625931	SRS20483818	SRP489819	PRJNA1076692	Klebsiella pneumoniae	RIVM_C050172_rerio	OXFORD_NANOPORE	MinION	305819317.0	73955.0	WGS	GENOMIC	SINGLE	RIVM_C050172_rerio
SRR16940859	SRX13132858	SRS11066459	SRP346006	PRJNA554638	Escherichia coli	ESBL20	PACBIO_SMRT	Sequel	338329708.0	71036.0	WGS	GENOMIC	SINGLE	Pacbio of ESBL producing Escherichia coli
SRR31038680	SRX26423971	SRS22943448	SRP539359	PRJNA1174726	Bacillus thuringiensis serovar tenebrionis	Bacillus thuringiensis serovar tenebrionis 4AA1	PACBIO_SMRT	Sequel IIe	2727701762.0	264184.0	WGS	GENOMIC	SINGLE	Whole genome sequence of control evolved Btt isolate #5
ERR10499463	ERX10016749	ERS14256951			Escherichia coli		OXFORD_NANOPORE	GridION	506813377.0	44154.0	WGS	GENOMIC	SINGLE	GridION sequencing; Raw reads: ONT_30224_1#60
SRR5481011	SRX2764570	SRS1854968	SRP095029	PRJNA357161	Mycobacterium dioxanotrophicus	PH-06	PACBIO_SMRT	PacBio RS II	2483374020.0	163482.0	WGS	GENOMIC	PAIRED	PacBio Raw Data for Whole Genome sequencing and assembly of Mycobacterium dioxanotrophicus PH-06
SRR1980753	SRX998840	SRS912983	SRP057274	PRJNA281410	Helicobacter pylori J99	J99	PACBIO_SMRT	PacBio RS II	401042215.0	81741.0	WGS	GENOMIC	SINGLE	Helicobacter pylori J99; 250 bp library (native DNA)
ERR15602648	ERX15005872	ERS26882916	ERP180185	PRJEB97707	Escherichia coli		OXFORD_NANOPORE	MinION	359290161.0	55012.0	WGS	GENOMIC	SINGLE	MinION sequencing
SRR31611473	SRX26976052	SRS23443673	SRP549287	PRJNA1185485	Escherichia coli	413	OXFORD_NANOPORE	PromethION	3139652757.0	610677.0	WGS	GENOMIC	SINGLE	pig-inf-barcode52
SRR32364709	SRX27699437	SRS21122674	SRP444583	PRJNA962904	Escherichia coli		PACBIO_SMRT	Sequel II	73173128.0	3651.0	WGS	GENOMIC	SINGLE	PacBio sequencing of AS26532E1 for ARCH 1.0
SRR27972606	SRX23625847	SRS20465365	SRP489819	PRJNA1076692	Klebsiella pneumoniae	RIVM_C059144_dorado	OXFORD_NANOPORE	MinION	199838727.0	51931.0	WGS	GENOMIC	SINGLE	RIVM_C059144_dorado
SRR25258151	SRX21004150	SRS18277247	SRP449313	PRJNA994489	Clostridium carboxidivorans	DSM 15243	PACBIO_SMRT	Sequel II	291347651.0	99140.0	WGS	GENOMIC	SINGLE	PacBio-seq of Clostridium carboxidivorans
ERR14294218	ERX13695316	ERS23161489	ERP163718	PRJEB79567	Salmonella enterica subsp. enterica serovar Enteritidis		OXFORD_NANOPORE	PromethION	461602222.0	132000.0	WGS	GENOMIC	SINGLE	Raw reads: SE218_L
ERR5420968	ERX5205532	ERS5845249	ERP126298	PRJEB42440	Klebsiella pneumoniae		OXFORD_NANOPORE	GridION	1555798228.0	273683.0	WGS	GENOMIC	SINGLE	GridION sequencing
SRR12280489	SRX8784226	SRS7053011	SRP272861	PRJNA646575	Bacteroides faecis		OXFORD_NANOPORE	GridION	576981855.0	58326.0	WGS	GENOMIC	SINGLE	WGS  of Bacteroides fragilis group clinical isolates
ERR950066	ERX1029051	ERS702129	ERP005928	PRJEB6403	Klebsiella variicola	NCTC9176	PACBIO_SMRT	PacBio RS	677421214.0	163482.0	WGS	GENOMIC	SINGLE	PacBio RS sequencing
ERR1456754	ERX1527232	ERS1106935	ERP005928	PRJEB6403	Neisseria lactamica	NCTC10617	PACBIO_SMRT	PacBio RS	1030276103.0	163482.0	WGS	GENOMIC	SINGLE	PacBio RS sequencing
SRR13448506	SRX9861663	SRS8041853	SRP295672	PRJNA681856	Salmonella enterica subsp. diarizonae	LHICA_D1	OXFORD_NANOPORE	MinION	21072661.0	4000.0	WGS	GENOMIC	SINGLE	WGS of Salmonella Lhica D1_17
SRR36141195	SRX31182300	SRS27166123	SRP644510	PRJNA1363965	Neisseria gonorrhoeae	4440	OXFORD_NANOPORE	MinION	235415997.0	28902.0	WGS	GENOMIC	SINGLE	WGS of NG: adult male
ERR1475875	ERX1546903	ERS1110719	ERP005928	PRJEB6403	Bordetella pertussis	NCTC10908	PACBIO_SMRT	PacBio RS	1141867723.0	163482.0	WGS	GENOMIC	SINGLE	PacBio RS sequencing
SRR13380291	SRX9803279	SRS7987544	SRP300808	PRJNA649533	Salmonella enterica		OXFORD_NANOPORE	GridION	7413941.0	9568.0	WGS	GENOMIC	SINGLE	ISF salmonella
SRR31690026	SRX27051865	SRS23446064	SRP385391	PRJNA856406	Enterococcus faecium	AUSMDU00022217	OXFORD_NANOPORE	GridION	287025051.0	91764.0	WGS	GENOMIC	SINGLE	Whole genome sequencing of Enterococcus sp from Victoria, Australia Raw ONT sequence reads
SRR33768678	SRX28991400	SRS22396696	SRP444583	PRJNA962904	Klebsiella pneumoniae		PACBIO_SMRT	Sequel II	419385675.0	22662.0	WGS	GENOMIC	SINGLE	PacBio sequencing of AH0062HE1 for ARCH 2
SRR32638937	SRX27943516	SRS24309618	SRP256141	PRJNA510384	Escherichia coli	not applicable	OXFORD_NANOPORE	GridION	1068059849.0	153332.0	WGS	GENOMIC	SINGLE	EC-Pig-OK74078CY240220
SRR18500032	SRX14631395	SRS12397832	SRP366220	PRJNA819214	Acinetobacter baumannii	JAB34	OXFORD_NANOPORE	MinION	527757328.0	83989.0	WGS	GENOMIC	SINGLE	Oxford Nanopore sequencing of Acinetobacter baumannii strain JAB34
SRR35147769	SRX30253400	SRS12567217	SRP369310	PRJNA695759	Bradyrhizobium japonicum	USDA 500	PACBIO_SMRT	Sequel II	799081749.0	73040.0	WGS	GENOMIC	SINGLE	Bradyrhizobium japonicum USDA 500
SRR12247715	SRX8755452	SRS6976318	SRP266402	PRJNA605147	Escherichia coli	RHB34-SO-C08	OXFORD_NANOPORE	GridION	230580674.0	46944.0	WGS	GENOMIC	SINGLE	Oxford Nanopore sequencing of Escherichia coli isolate RH03|T3-SOC08 cultured from pig farm soil sample
ERR14721367	ERX14122792	ERS23791470	ERP170136	PRJEB86838	pig metagenome		OXFORD_NANOPORE	GridION	2086601026.0	980765.0	WGS	GENOMIC	SINGLE	Raw reads: DTU_2024_1037151_103_MG_G1_Grid_eight_rep1
ERR9364114	ERX8906363	ERS11202339	ERP136327	PRJEB51675	Vibrio cholerae O1 biovar El Tor	not provided	OXFORD_NANOPORE	MinION	739858786.0	53991.0	WGS	GENOMIC	SINGLE	MinION sequencing
SRR30868092	SRX26265723	SRS21390610	SRP250705	PRJNA607328	Pseudomonas aeruginosa	missing	OXFORD_NANOPORE	MinION	2862120551.0	498076.0	WGS	GENOMIC	SINGLE	Pseudomonas aeruginosa FELIX_MS452 Nanopore reads
SRR2874397	SRX1402516	SRS1024598	SRP062115	PRJNA244056	Burkholderia mallei	China5	PACBIO_SMRT	PacBio RS II	801727914.0	171262.0	WGS	GENOMIC	SINGLE	BMZ_PacBio
DRR463489	DRX447747	DRS122569	DRP010106	PRJDB15761	Lactiplantibacillus plantarum	IYO1511	OXFORD_NANOPORE	MinION	146588516.0	30475.0	WGS	GENOMIC	SINGLE	MinION sequencing of SAMD00206687
SRR25627316	SRX21354182	SRS18599019	SRP454842	PRJNA876234	Pseudomonas mosselii	PH4	OXFORD_NANOPORE	MinION	1500006518.0	111102.0	WGS	GENOMIC	SINGLE	Nanopore of  of SAMN30648327
ERR8007776	ERX7573445	ERS9899420	ERP131998	PRJEB47698	Escherichia coli		OXFORD_NANOPORE	MinION	824676700.0	188412.0	WGS	GENOMIC	SINGLE	MinION sequencing
ERR9936425	ERX9479824	ERS12345016	ERP138720	PRJEB53905	Haemophilus influenzae	HUB-P02-HI05	OXFORD_NANOPORE	MinION	147587446.0	18453.0	WGS	GENOMIC	SINGLE	MinION sequencing
SRR24451061	SRX20238164	SRS3398583	SRP071789	PRJNA315192	Escherichia coli	356508	OXFORD_NANOPORE	MinION	741546348.0	151312.0	WGS	GENOMIC	SINGLE	356508
SRR19634227	SRX15684549	SRS13381628	SRP379817	PRJNA848631	Escherichia coli		OXFORD_NANOPORE	GridION	546306186.0	68107.0	WGS	GENOMIC	SINGLE	Long read sequencing of E. coli that has been experimentally evolved with a CTX-M-15 plasmid
SRR28860694	SRX24420514	SRS21175973	SRP505144	PRJNA1106791	Citrobacter freundii		OXFORD_NANOPORE	GridION	500010668.0	23584.0	WGS	GENOMIC	SINGLE	Long-read DNA sequence for BCR_CFR3
SRR22490004	SRX18455149	SRS2609146	SRP042645	PRJNA248792	Salmonella enterica subsp. enterica serovar Infantis	152369	OXFORD_NANOPORE	MinION	711620611.0	87090.0	WGS	GENOMIC	SINGLE	Nanopore sequencing of Salmonella
SRR32146575	SRX27492417	SRS23779849	SRP557125	PRJNA1210070	Vibrio harveyi	Vh-28	OXFORD_NANOPORE	MinION	518260653.0	137673.0	WGS	GENOMIC	SINGLE	Long-read sequencing of Vibro harveyi isolated from moribund grouper
SRR13576853	SRX9974954	SRS8147099	SRP303790	PRJNA685966	Staphylococcus pseudintermedius	HSP136	OXFORD_NANOPORE	MinION	260389720.0	111152.0	WGS	GENOMIC	SINGLE	Long-read genomic sequencing of Staphylococcus pseudintermedius from canine skin
SRR27352596	SRX23029172	SRS19991056	SRP480168	PRJNA1057299	Clostridioides difficile	cd220525_barcode42	OXFORD_NANOPORE	MinION	95373482.0	114105.0	WGS	GENOMIC	SINGLE	Clostridioides difficile strain cd220525_barcode42
SRR13950255	SRX10329061	SRS8448938	SRP310366	PRJNA695105	Bacillus anthracis	3-IZSLT	OXFORD_NANOPORE	GridION	65200052.0	9506.0	WGS	GENOMIC	SINGLE	Whole genome nanopore sequencing of Bacillus anthracis strain 3-IZSLT
SRR30896201	SRX26299820	SRS22828542	SRP536878	PRJNA1134622	Escherichia coli	OXEC-193	OXFORD_NANOPORE	MinION	576499025.0	162056.0	WGS	GENOMIC	SINGLE	OXEC-193
ERR13064365	ERX12434889	ERS17308329	ERP155943	PRJEB71065	Enterococcus lactis		PACBIO_SMRT	Sequel II	123124413.0	11005.0	WGS	GENOMIC	SINGLE	Sequel II sequencing
ERR10791302	ERX10240612	ERS2652069	ERP104475	PRJEB22771	Streptococcus pneumoniae		PACBIO_SMRT	Sequel II	2085808807.0	320135.0	WGS	GENOMIC	SINGLE	Sequel II sequencing
ERR10939017	ERX10378326	ERS14690242	ERP143848	PRJEB58776	Legionella pneumophila		OXFORD_NANOPORE	GridION	777796461.0	58310.0	WGS	GENOMIC	SINGLE	GridION sequencing
SRR24007049	SRX19810441	SRS17171537	SRP429992	PRJNA950057	Burkholderia vietnamiensis	BUV39A_M1	PACBIO_SMRT	Sequel	1199992292.0	222990.0	WGS	GENOMIC	SINGLE	Genome sequencing of Burkholderia vietnamiensis: serially collected isolates from a single patient
SRR34827295	SRX29959708	SRS26039953	SRP605729	PRJNA1299779	Brucella	Brucella abortus	OXFORD_NANOPORE	GridION	548795353.0	136798.0	WGS	GENOMIC	SINGLE	One Health Enteric sample from Brucella
SRR16525758	SRX12728241	SRS10336989	SRP357537	PRJNA801416	Klebsiella pneumoniae	1296	OXFORD_NANOPORE	GridION	600381804.0	83332.0	WGS	GENOMIC	SINGLE	Extensive diversification and dissemination of blaNDM carbapenemase plasmids in Enterobacterales in Singapore 2010-2015
SRR19519892	SRX15572415	SRS13275275	SRP378127	PRJNA819273	Staphylococcus simulans	IVB6193	PACBIO_SMRT	Sequel II	744161516.0	61663.0	WGS	GENOMIC	SINGLE	PacBio Sequel sequencing of camel Staphylococcaceae from the Horn of Africa
SRR25793413	SRX21515696	SRS8481748	SRP457515	PRJNA1010762	Bacillus cereus		OXFORD_NANOPORE	MinION	1821376096.0	493807.0	WGS	GENOMIC	SINGLE	whole-genome sequencing of Bacillus cereus
SRR27553575	SRX23223022	SRS20146247	SRP483791	PRJNA943188	Microcoleus anatoxicus		PACBIO_SMRT	Sequel II	1816463569.0	242084.0	WGS	GENOMIC	SINGLE	Hifi raw reads for TycA cyanobacterial mat
SRR34848038	SRX29979970	SRS26054418	SRP605437	PRJNA1059746	Salmonella enterica subsp. enterica serovar Kentucky	FC564	OXFORD_NANOPORE	MinION	428939574.0	136112.0	WGS	GENOMIC	SINGLE	Emergence of ceftriaxone resistant Salmonella Kentucky in India driven by multiple novel variants of Salmonella genomic island carrying blaCTX-M-55
SRR31980705	SRX27335735	SRS23774298	SRP557020	PRJNA647881	Neisseria gonorrhoeae	LNP 16626	PACBIO_SMRT	PacBio RS II	1037438143.0	200058.0	WGS	GENOMIC	SINGLE	Genome sequencing of Neisseria gonorrhoeae (LNP16626)
SRR12247511	SRX8755656	SRS6976270	SRP266402	PRJNA605147	Escherichia coli	RHB21-E1-C02	OXFORD_NANOPORE	GridION	1584137461.0	276790.0	WGS	GENOMIC	SINGLE	Oxford Nanopore sequencing of Escherichia coli isolate RH06|T2-E1C02 cultured from cattle farm sediment sample
DRR295309	DRX284765	DRS478494	DRP004189	PRJDB5929	Klebsiella pneumoniae	C1072	OXFORD_NANOPORE	GridION	2134103220.0	357930.0	WGS	GENOMIC	SINGLE	GridION sequencing of SAMD00324210
SRR32364868	SRX27699278	SRS21122601	SRP444583	PRJNA962904	Klebsiella pneumoniae		PACBIO_SMRT	Sequel II	208341649.0	9504.0	WGS	GENOMIC	SINGLE	PacBio sequencing of AS5901C1 for ARCH 1.0
SRR14628253	SRX10968920	SRS8660041	SRP321015	PRJNA731114	Pseudomonas aeruginosa	PaLo191	OXFORD_NANOPORE	MinION	760731367.0	103105.0	WGS	GENOMIC	SINGLE	Nanopore sequencing of Pseudomonas aeruginosa isolates
ERR14651441	ERX14052593	ERS23643233	ERP153004	PRJEB67993	Mycobacterium tuberculosis		OXFORD_NANOPORE	MinION			WGS	GENOMIC	SINGLE	MinION sequencing
ERR10499591	ERX10016873	ERS14256781			Escherichia coli		OXFORD_NANOPORE	GridION	40641259.0	7836.0	WGS	GENOMIC	SINGLE	GridION sequencing; Raw reads: ONT_30348_2#144
SRR28445590	SRX24049085	SRS20840578	SRP497734	PRJNA1077798	Alteromonas gracilis	J4	OXFORD_NANOPORE	MinION	2643482.0	1000.0	WGS	GENOMIC	SINGLE	Alteromonas gracilis strain J4, whole genome Nanopore Sequencing
