srr_accession	srx_accession	srs_accession	srp_accession	bioproject	organism	strain	platform	instrument	total_bases	total_spots	library_strategy	library_source	library_layout	title
SRR27678660	SRX23346089	SRS20207327	SRP485167	PRJNA960711	Paenibacillus silvae	LY60	OXFORD_NANOPORE	MinION	277969916.0	70307.0	WGS	GENOMIC	SINGLE	WGS of Paenibacillus silvae: strain LY60
SRR34017000	SRX29212602	SRS25409344	SRP584310	PRJNA1257438	Pectobacterium brasiliense	L25F-74	OXFORD_NANOPORE	PromethION	226069103.0	271785.0	WGS	GENOMIC	SINGLE	ONT data of L25F-74
SRR22533696	SRX18497836	SRS15967923	SRP411387	PRJNA906295	Bifidobacterium sp. ESL0775	ESL0775	OXFORD_NANOPORE	MinION	944835504.0	197668.0	WGS	GENOMIC	SINGLE	Genome sequencing of Bifidobacterium species from Melipona lateralis
ERR14720743	ERX14122168	ERS23803414	ERP170064	PRJEB86764	Morganella morganii		OXFORD_NANOPORE	MinION	257485276.0	76023.0	WGS	GENOMIC	SINGLE	EXP-7-1-2025-03-12_11-22-48
ERR10472499	ERX9992844	ERS6795211	ERP109413	PRJEB27342	Klebsiella pneumoniae		PACBIO_SMRT	Sequel II	7644403983.0	1299123.0	WGS	GENOMIC	SINGLE	Sequel II sequencing
ERR1805699	ERX1868726	ERS1295756	ERP005928	PRJEB6403	Mycoplasmoides pneumoniae	NCTC10119	PACBIO_SMRT	PacBio RS	473514748.0	163482.0	WGS	GENOMIC	SINGLE	PacBio RS sequencing
ERR1223202	ERX1295415	ERS904732	ERP005928	PRJEB6403	Streptococcus anginosus	NCTC10707	PACBIO_SMRT	PacBio RS	3959318706.0	163482.0	WGS	GENOMIC	SINGLE	PacBio RS sequencing
ERR15682134	ERX15086561	ERS26973174	ERP171481	PRJEB88388	Cupriavidus sp. R-91489	R-91489	OXFORD_NANOPORE	MinION	894693601.0	314190.0	WGS	GENOMIC	SINGLE	Raw reads: Cupriavidus sp. R-91489
ERR14251425	ERX13652528	ERS23132439	ERP168932	PRJEB85558	Burkholderia cenocepacia		OXFORD_NANOPORE	PromethION	94841506.0	194581.0	WGS	GENOMIC	SINGLE	PromethION sequencing
SRR9020450	SRX5798531	SRS4729759	SRP188851	PRJNA523365	Mycobacterium avium complex sp.	JHN_AV_0024_1	OXFORD_NANOPORE	GridION	117979787.0	102154.0	WGS	GENOMIC	SINGLE	Sequencing of non-tuberculosis mycobacteria
SRR12165646	SRX8681055	SRS6960045	SRP270793	PRJNA632280	Galbitalea soli	DSM 105515	PACBIO_SMRT	PacBio RS II	935883183.0	409741.0	WGS	GENOMIC	SINGLE	Galbitalea soli DSM 105515
SRR8457080	SRX5263667	SRS4264452	SRP180312	PRJNA504608	Neisseria gonorrhoeae	FQ02	OXFORD_NANOPORE	MinION	44477523.0	9842.0	WGS	GENOMIC	SINGLE	FQ02
SRR12971197	SRX9423565	SRS7638425	SRP290944	PRJNA674061	Escherichia coli	missing	OXFORD_NANOPORE	MinION	276315992.0	67968.0	WGS	GENOMIC	SINGLE	Commensal Escherichia coli serotype O2:H6 (DPI:42) (Group:Str-Amp) (ID:PG20180122)
SRR25299300	SRX21042889	SRS18314783	SRP449794	PRJNA995360	Yersinia pestis	S0162	PACBIO_SMRT	Sequel	4632804.0	186.0	WGS	GENOMIC	SINGLE	WGS of Yersinia pestis
SRR12898362	SRX9363329	SRS817069	SRP047086	PRJNA200694	Homo sapiens		OXFORD_NANOPORE	MinION	2801938181.0	862796.0	WGS	GENOMIC	SINGLE	WGS of Genome in a Bottle HG002 on Nanopore MinION with the R9.4 flow cell within the             NGS2 Study
SRR6448025	SRX3538992	SRS2813979	SRP128228	PRJNA347179	Streptomyces sp. 3211.5	3211.5	PACBIO_SMRT	PacBio RS II	642725236.0	207721.0	WGS	GENOMIC	SINGLE	Streptomyces sp. 3211.5
SRR14196834	SRX10563646	SRS8670069	SRP314211	PRJNA720906	Mycobacterium tuberculosis complex sp.	missing	OXFORD_NANOPORE	MinION	326593975.0	165867.0	WGS	GENOMIC	SINGLE	Whole-genome long-read sequencing of M. tuberculosis
SRR8111131	SRX4937654	SRS3981569	SRP166874	PRJNA497281	Micrococcus luteus	SA211	PACBIO_SMRT	PacBio RS II	1052672422.0	163482.0	WGS	GENOMIC	SINGLE	PacBio sequencing of Micrococcus luteus SA211
ERR13600773	ERX12971796	ERS5520897	ERP126193	PRJEB42350	Klebsiella pneumoniae		OXFORD_NANOPORE	GridION	1500880803.0	54584.0	WGS	GENOMIC	SINGLE	GridION sequencing
SRR28370678	SRX23975731	SRS20774116	SRP496022	PRJNA1087001	Mycobacterium tuberculosis	mc26030	OXFORD_NANOPORE	GridION	34335631.0	7692.0	WGS	GENOMIC	SINGLE	WGS of avirulent Mycobacterium tuberculosis isolate
SRR26182000	SRX21893988	SRS18981270	SRP463211	PRJNA974811	Bifidobacterium fermentum	WK048_4_13	OXFORD_NANOPORE	GridION	2567598287.0	422973.0	WGS	GENOMIC	SINGLE	ONT whole genome sequencing of Bifidobacterium strain WK048_4_13
SRR11061165	SRX7707055	SRS6130806	SRP248162	PRJNA546952	Pseudomonas chlororaphis	yangyueP9	PACBIO_SMRT	Sequel	1488177571.0	317946.0	WGS	GENOMIC	SINGLE	Pseudomonas chlororaphis yangyueP9
SRR28445648	SRX24049253	SRS20840578	SRP497734	PRJNA1077798	Alteromonas gracilis	J4	OXFORD_NANOPORE	MinION	3095451.0	1000.0	WGS	GENOMIC	SINGLE	Alteromonas gracilis strain J4, whole genome Nanopore Sequencing
SRR21696582	SRX17694198	SRS11554321	SRP354045	PRJNA747871	Streptomyces erythrochromogenes	NBC_01127	OXFORD_NANOPORE	MinION	223246460.0	31523.0	WGS	GENOMIC	SINGLE	nanopore sequencing data from strain NBC_01127
SRR28789483	SRX24353750	SRS21111601	SRP503747	PRJNA935790	Escherichia coli	UTAK-25	OXFORD_NANOPORE	PromethION	1668541522.0	213379.0	WGS	GENOMIC	SINGLE	WGS of E. coli O45 serogroup
SRR19820655	SRX15864266	SRS13525979	SRP361569	PRJNA768416	Paenibacillus sp. FSL L8-0644	FSL L8-0644	OXFORD_NANOPORE	MinION	466732809.0	79913.0	WGS	GENOMIC	SINGLE	WGS of Bacilli
ERR5671467	ERX5386960	ERS5752905	ERP126298	PRJEB42440	Klebsiella pneumoniae		OXFORD_NANOPORE	GridION	660464603.0	61558.0	WGS	GENOMIC	SINGLE	GridION sequencing
SRR26346768	SRX22054459	SRS19124933	SRP465589	PRJNA1026852	Bacillus subtilis	A9	PACBIO_SMRT	PacBio RS II	613920335.0	94907.0	WGS	GENOMIC	SINGLE	WGS of Bacillus subtilis
ERR3798588	ERX3800555	ERS4026989	ERP118444	PRJEB35407	Streptococcus suis		OXFORD_NANOPORE	MinION	93190099.0	12681.0	WGS	GENOMIC	SINGLE	MinION sequencing
SRR28789464	SRX24353769	SRS21111620	SRP503747	PRJNA935790	Escherichia coli	UTAK-2	OXFORD_NANOPORE	PromethION	3046806041.0	229917.0	WGS	GENOMIC	SINGLE	WGS of E. coli O45 serogroup
SRR13268782	SRX9698935	SRS3041615	SRP255650	PRJNA605356	Salmonella enterica	VA-WGS-18001	OXFORD_NANOPORE	MinION	592465226.0	124760.0	WGS	GENOMIC	SINGLE	Whole genome shotgun sequencing of Salmonella enterica by Oxford Nanopore MinION
SRR11901831	SRX8448792	SRS6751036	SRP129419	PRJNA429440	Metamycoplasma hominis	8958	OXFORD_NANOPORE	MinION	657464474.0	96000.0	WGS	GENOMIC	SINGLE	8958 long-read
SRR710520	SRX228375	SRS411280	SRP023490	PRJNA82527	Enterococcus faecium EnGen0376	EnGen0376	PACBIO_SMRT	PacBio RS	29075124.0	81741.0	WGS	GENOMIC	SINGLE	Pacbio whole genome shotgun sequencing of genomic DNA library 'LR_115_Efaecium_ALL' containing sample 'Pat2-2' from individual 'Enterococcus faecium Efm_NY2-2'
SRR28434841	SRX24038573	SRS20831668	SRP497546	PRJNA1091452	Enterococcus faecium	EF25-PS	OXFORD_NANOPORE	MinION	176642392.0	21235.0	WGS	GENOMIC	SINGLE	ONT performance study sequencing of E.faecium
SRR36392484	SRX31420784	SRS27403993	SRP653987	PRJNA1375526	Listeria monocytogenes	A2D10	OXFORD_NANOPORE	GridION	579923153.0	76460.0	WGS	GENOMIC	SINGLE	WGS of Listeria monocytogenes: A2D10
SRR19843403	SRX15886985	SRS12114976	SRP361569	PRJNA768416	Staphylococcus sp. FSL K6-3157	FSL K6-3157	OXFORD_NANOPORE	MinION	663101361.0	113170.0	WGS	GENOMIC	SINGLE	WGS of Bacilli
ERR10146520	ERX9682625	ERS3361720	ERP140646	PRJEB55717	Vibrio cholerae		OXFORD_NANOPORE	MinION	262883034.0	87929.0	WGS	GENOMIC	SINGLE	MinION sequencing; Raw reads: Minion_sequencing_of_Vibrio_cholerae_isolate_CTMA_1427
SRR386187	SRX109853	SRS002764	SRP001666	PRJNA32461	Coprobacillus cateniformis	D6	PACBIO_SMRT	PacBio RS	55883380.0	81741.0	WGS	GENOMIC	SINGLE	Whole Genome Sequencing and Assembly
ERR16137063	ERX15526729	SRS10827054	ERP187675	PRJEB106623	Neisseria gonorrhoeae		OXFORD_NANOPORE	MinION	187690326.0	18164.0	WGS	GENOMIC	SINGLE	Raw reads: DDD038
SRR32729616	SRX28016002	SRS24377822	SRP570798	PRJNA1236865	Escherichia coli	TUM22153	OXFORD_NANOPORE	MinION	586601634.0	90618.0	WGS	GENOMIC	SINGLE	"=""ONT sequencing using ""&[1]SRA_data!$J$2&"" of ""&[1]SRA_data!B2"
SRR386000	SRX109797	SRS001120	SRP000361	PRJNA32935	Enterococcus casseliflavus EC20	899205	PACBIO_SMRT	PacBio RS	62704508.0	81741.0	WGS	GENOMIC	SINGLE	Whole Genome Sequencing and Assembly
SRR14871191	SRX11188627	SRS9244928	SRP324862	PRJNA736470	Streptococcus equi subsp. equi	SEE_19-061	PACBIO_SMRT	Sequel	1056442534.0	166381.0	WGS	GENOMIC	SINGLE	PacBio whole genome sequencing of Streptococcu equi
SRR13673895	SRX10063336	SRS8225527	SRP040661	PRJNA231221	Escherichia coli	FDAARGOS_1302	PACBIO_SMRT	Sequel	3882806207.0	851106.0	WGS	GENOMIC	SINGLE	
ERR2532377	ERX2550798	ERS2419157	ERP005928	PRJEB6403	Streptococcus dysgalactiae subsp. equisimilis	NCTC7201	PACBIO_SMRT	PacBio RS	713046073.0	163482.0	WGS	GENOMIC	SINGLE	PacBio RS sequencing
SRR30896426	SRX26299595	SRS22828317	SRP536878	PRJNA1134622	Escherichia coli	OXEC-134	OXFORD_NANOPORE	MinION	480629883.0	159833.0	WGS	GENOMIC	SINGLE	OXEC-134
ERR13326605	ERX12697633	ERS20295532	ERP161282	PRJEB76791	Salmonella enterica subsp. enterica serovar Agona		OXFORD_NANOPORE	MinION	180299713.0	77173.0	WGS	GENOMIC	SINGLE	MinION sequencing
SRR36118031	SRX31162624	SRS27149162	SRP647402	PRJNA1367295	Staphylococcus aureus	M543	OXFORD_NANOPORE	MinION	668193480.0	373118.0	WGS	GENOMIC	SINGLE	Clonal complex 398 emerging as community- and healthcare-associated methicillin-resistant Staphylococcus aureus in the Czech Republic 2017-2024
ERR10499290	ERX10016576	ERS14255897	ERP142629	PRJEB57633	Escherichia coli		OXFORD_NANOPORE	GridION	74953628.0	13536.0	WGS	GENOMIC	SINGLE	Raw reads: ONT_31663_7#18
SRR15140882	SRX11448603	SRS9488523	SRP295672	PRJNA681856	Salmonella enterica subsp. arizonae	LHICA_AZ23	OXFORD_NANOPORE	MinION	27752246.0	4000.0	WGS	GENOMIC	SINGLE	Salmonella AZ23
ERR10357025	ERX9889141	ERS7159935	ERP109413	PRJEB27342	Raoultella ornithinolytica		PACBIO_SMRT	Sequel II	4103047895.0	668768.0	WGS	GENOMIC	SINGLE	Sequel II sequencing
SRR31131499	SRX26513438	SRS23025993	SRP540434	PRJNA992554	Vibrio parahaemolyticus	BM12B	OXFORD_NANOPORE	GridION	179202981.0	21863.0	WGS	GENOMIC	SINGLE	Raw genome sequencing data (FASTQ) of Vibrio spp. isolates from Anadara tuberculosa
ERR16090426	ERX15480261	ERS28454302	ERP183034	PRJEB101632	Arthrobacter sp. Z5-13		PACBIO_SMRT	Sequel	184459320.0	15533.0	WGS	GENOMIC	SINGLE	Sequel sequencing
SRR31583335	SRX26948919	SRS23420380	SRP548954	PRJNA1193326	Campylobacter jejuni		OXFORD_NANOPORE	MinION	136815648.0	126560.0	WGS	GENOMIC	SINGLE	Long-read Nanopore-based WGS characterization of antimicrobial resistant Campylobacter jejuni and Campylobacter coli isolates from humans, animals and food products in Northern Spain within a One Health approach
SRR17758545	SRX13920999	SRS11769831	SRP356781	PRJNA798872	Macrococcoides canis	B8	OXFORD_NANOPORE	MinION	969633777.0	137501.0	WGS	GENOMIC	SINGLE	Complete Genome Sequence of a mecB-containing Macrococcus canis strains
ERR10042294	ERX9582262	ERS6425956	ERP109413	PRJEB27342	Klebsiella pneumoniae		PACBIO_SMRT	Sequel II	2546719254.0	346135.0	WGS	GENOMIC	SINGLE	Sequel II sequencing
SRR16069089	SRX12355671	SRS10327796	SRP338659	PRJNA757181	Enterobacter cloacae complex sp. ECL352	ECL352	OXFORD_NANOPORE	PromethION	2689409051.0	126903.0	WGS	GENOMIC	SINGLE	Enterobacter cloacae complex DNA-seq of Homo Sapiens: sputum
DRR193898	DRX184353	DRS119544	DRP004119	PRJDB6565	Klebsiella pneumoniae	E132	OXFORD_NANOPORE	GridION	1780339328.0	268503.0	WGS	GENOMIC	SINGLE	E132
SRR21979971	SRX17963132	SRS15479499	SRP403610	PRJNA757133	Escherichia coli	MS15236	OXFORD_NANOPORE	MinION	308773483.0	45156.0	WGS	GENOMIC	SINGLE	NMEC whole genome sequence
SRR29603690	SRX25109852	SRS21803707	SRP516406	PRJNA1123721	Heyndrickxia coagulans	B-768	PACBIO_SMRT	Sequel IIe	2281065463.0	258747.0	WGS	GENOMIC	SINGLE	Bacillus coagulans B-768
SRR5937955	SRX3097878	SRS2434313	SRP115555	PRJNA353337	Ralstonia solanacearum	T82	PACBIO_SMRT	PacBio RS II	1529828765.0	163482.0	WGS	GENOMIC	SINGLE	WGS of Ralstonia solanacearum T82
DRR629323	DRX609650	DRS438872	DRP012484	PRJDB19189	Mycobacterium avium subsp. hominissuis	GA61901	OXFORD_NANOPORE	MinION	386463621.0	55675.0	WGS	GENOMIC	SINGLE	MinION sequencing of SAMD00833376
SRR24834172	SRX20598582	SRS17898654	SRP441290	PRJNA980458	Escherichia coli	C41	OXFORD_NANOPORE	MinION	684307600.0	62481.0	WGS	GENOMIC	SINGLE	Whole-genome sequencing of the E. coli C41 strain using MinION
SRR14509639	SRX10855407	SRS8951115	SRP319462	PRJNA728709	Escherichia coli	C4_120_1	PACBIO_SMRT	Sequel	960990821.0	68912.0	WGS	GENOMIC	SINGLE	Genome sequencing of E. coli O26:H11
ERR1254170	ERX1325779	ERS950473	ERP005928	PRJEB6403	Chryseobacterium gleum	NCTC11432	PACBIO_SMRT	PacBio RS	2242584301.0	163482.0	WGS	GENOMIC	SINGLE	PacBio RS sequencing
ERR8170877	ERX7733655	ERS10251036	ERP135086	PRJEB50504	Mycobacterium tuberculosis		OXFORD_NANOPORE	GridION	233264019.0	43239.0	WGS	GENOMIC	SINGLE	GridION sequencing
SRR26327416	SRX22035474	SRS19107840	SRP465264	PRJNA1024516	Enterococcus lactis		OXFORD_NANOPORE	MinION	392013998.0	22289.0	WGS	GENOMIC	SINGLE	Long-read WGS characterization of commensal Enterococcus isolates from dairy cattle in Northern Spain
SRR21787900	SRX17782012	SRS15308062	SRP400821	PRJNA885124	Halobacillus andaensis	E5	OXFORD_NANOPORE	MinION	12102776.0	1771.0	WGS	GENOMIC	SINGLE	Oxford Nanopore genome sequencing of  Halobacillus andaensis: raw fastq reads produced by guppy_basecaller and guppy_barcoder
SRR22859823	SRX18818761	SRS16251878	SRP414408	PRJNA914892	Staphylococcus aureus	C84	OXFORD_NANOPORE	MinION	61111537.0	7162.0	WGS	GENOMIC	SINGLE	Long read ONT WGS of Staphylococcus aureus isolates from Chronic Rhinosinusitis Patients
SRR31555788	SRX26921935	SRS23398991	SRP548427	PRJNA1192303	Shigella flexneri	2a	OXFORD_NANOPORE	GridION	64915337.0	43333.0	WGS	GENOMIC	SINGLE	WGS of Shigella sonnei 2021/2022
SRR8054179	SRX4883772	SRS3932577	SRP165730	PRJNA438435	Lactococcus cremoris	3107	PACBIO_SMRT	PacBio RS	236482657.0	81741.0	WGS	GENOMIC	SINGLE	3107 PacBio RS
SRR30616063	SRX26038429	SRS22609590	SRP250705	PRJNA607328	Escherichia coli	K12 MG1655	PACBIO_SMRT	PacBio RS II	1535680251.0	308829.0	WGS	GENOMIC	SINGLE	Escherichia coli FELIX_MS410 PacBio reads
SRR13957692	SRX10335985	SRS8455529	SRP300861	PRJNA663900	Enterococcus sp. DIV2459a	DIV2459a	OXFORD_NANOPORE	GridION	939699645.0	131055.0	WGS	GENOMIC	SINGLE	sequencing of enterococcal diversity
SRR1736245	SRX735344	SRS723694	SRP049022	PRJNA264128	Streptococcus pneumoniae ST556	ST556	PACBIO_SMRT	PacBio RS	400180674.0	163482.0	WGS	GENOMIC	SINGLE	SMRT sequencing data of S. pneumoniae ST556 at OD620=0.08
SRR12299077	SRX8802136	SRS6792415	SRP266402	PRJNA605147	Escherichia coli	RHB10-C19	OXFORD_NANOPORE	GridION	549189181.0	102964.0	WGS	GENOMIC	SINGLE	OXFORD_NANOPORE sequencing of Escherichia coli isolate RH15|T1-C19 cultured from Sheep faeces sample
SRR30868107	SRX26265708	SRS22609607	SRP250705	PRJNA607328	Escherichia coli	K12 MG1655	OXFORD_NANOPORE	MinION	1616814565.0	242314.0	WGS	GENOMIC	SINGLE	Escherichia coli FELIX_MS492 Nanopore reads
SRR26752404	SRX22451066	SRS19465112	SRP471000	PRJNA1036818	Dokdonia sp. R86516	R86516	OXFORD_NANOPORE	MinION	1653354114.0	203683.0	WGS	GENOMIC	SINGLE	WGS of Dokdonia sp.
ERR4763094	ERX4636147	ERS5247988	ERP124695	PRJEB40976	Enterococcus faecalis		OXFORD_NANOPORE	GridION	354761542.0	18056.0	WGS	GENOMIC	SINGLE	GridION sequencing; Raw reads: 27725_1#112
ERR5420991	ERX5205555	ERS5845280	ERP126298	PRJEB42440	Klebsiella pneumoniae		OXFORD_NANOPORE	GridION	1207411244.0	170488.0	WGS	GENOMIC	SINGLE	GridION sequencing
SRR25466785	SRX21199636	SRS18458348	SRP452337	PRJNA1000618	Escherichia coli	Escherichia coli BL21(DE3)	OXFORD_NANOPORE	MinION	6031716.0	3999.0	WGS	GENOMIC	SINGLE	CASTVK transposition with different condition
ERR13600436	ERX12971459	ERS6631130	ERP109316	PRJEB27256	Klebsiella pneumoniae		OXFORD_NANOPORE	GridION	1065141345.0	48703.0	WGS	GENOMIC	SINGLE	GridION sequencing
ERR3956272	ERX3964077	ERS3052906	ERP113355	PRJEB30866	Escherichia coli		PACBIO_SMRT	Sequel	1583775164.0	379045.0	WGS	GENOMIC	SINGLE	Sequel sequencing
SRR25525513	SRX21255188	SRS18509065	SRP453433	PRJNA635383	Enterococcus faecium		OXFORD_NANOPORE	GridION	2344597589.0	366758.0	WGS	GENOMIC	SINGLE	Nanopore sequencing of AR-0807
SRR2924944	SRX1438255	SRS1168899	SRP066401	PRJNA285929	Sinorhizobium fredii CCBAU 25509	CCBAU 25509	PACBIO_SMRT	PacBio RS	614879690.0	80900.0	WGS	GENOMIC	SINGLE	R2_Pacbio
SRR30149630	SRX25617437	SRS21937516	SRP518730	PRJNA1133668	Enterobacter hormaechei	ST171EH2	OXFORD_NANOPORE	MinION	114039502.0	12336.0	WGS	GENOMIC	SINGLE	Nanopore sequencing of clinical CRE isolates: human
SRR12280255	SRX8784458	SRS7053156	SRP272861	PRJNA646575	Bacteroides cellulosilyticus		OXFORD_NANOPORE	GridION	426067319.0	38815.0	WGS	GENOMIC	SINGLE	WGS  of Bacteroides fragilis group clinical isolates
SRR32234779	SRX27574815	SRS23986400	SRP561647	PRJNA1219363	Corynebacterium macclintockiae	TUM24530	OXFORD_NANOPORE	MinION	30897382.0	5685.0	WGS	GENOMIC	SINGLE	WGS of Corynebacterium: Patient
SRR31540932	SRX26907992	SRS23387451	SRP548173	PRJNA1190675	Escherichia coli	The same strain as the one under SRA accession SRR7250965	OXFORD_NANOPORE	MinION	650724877.0	149224.0	WGS	GENOMIC	SINGLE	ONT of TAS182
SRR387119	SRX109935	SRS281278	SRP001087	PRJNA40075	Escherichia coli str. K-12 substr. MG1655	K-12	PACBIO_SMRT	PacBio RS	152998710.0	81741.0	WGS	GENOMIC	SINGLE	Whole Genome Sequencing and Assembly
SRR13673798	SRX10063239	SRS8225439	SRP040661	PRJNA231221	Escherichia coli	FDAARGOS_1294	PACBIO_SMRT	Sequel	3083019039.0	310867.0	WGS	GENOMIC	SINGLE	
SRR26899112	SRX22593298	SRS19599852	SRP473241	PRJNA1042815	Campylobacter lari subsp. lari	NCTC 11352 [WRI 3034/77]	OXFORD_NANOPORE	GridION	2571840024.0	692996.0	WGS	GENOMIC	SINGLE	WGS of Campylobacter lari isolate
ERR15094511	ERX14499109	ERS24813752	ERP119900	PRJEB36683	Klebsiella pneumoniae 11227-1		OXFORD_NANOPORE	PromethION	512531711.0	158582.0	WGS	GENOMIC	SINGLE	Raw reads: RKPB840_L
SRR20138909	SRX16174089	SRS13835893	SRP385218	PRJNA856428	Escherichia coli	Nanopore_W29	OXFORD_NANOPORE	PromethION	1580671316.0	238448.0	WGS	GENOMIC	SINGLE	Nanopore sequncing of Escherichia coli str. K12 substr. MG1655: MA line
ERR1016523	ERX1095583	ERS747598	ERP005928	PRJEB6403	Klebsiella pneumoniae	NCTC7242	PACBIO_SMRT	PacBio RS	662875480.0	163482.0	WGS	GENOMIC	SINGLE	PacBio RS sequencing
SRR34973440	SRX30092370	SRS26157477	SRP608514	PRJNA1305037	Enterobacter hormaechei	MI_KPC_78	OXFORD_NANOPORE	PromethION	500013933.0	26566.0	WGS	GENOMIC	SINGLE	KPC CRE collection from state of Michigan
SRR36885991	SRX31857699	SRS27814248	SRP664490	PRJNA1399416	Pseudomonas amygdali pv. morsprunorum	Pam_SL_A3_A_5_3_2	OXFORD_NANOPORE	PromethION	1319357767.0	162143.0	WGS	GENOMIC	SINGLE	Genomic DNA sequencing reads
ERR4586338	ERX4520188	ERS5060044	ERP123927	PRJEB40306	Serratia marcescens subsp. marcescens ATCC 13880	ATCC 13880	PACBIO_SMRT	PacBio RS II	2844863949.0	163482.0	WGS	GENOMIC	SINGLE	PacBio RS II sequencing; PacBio SMRT sequencing; Evolution of the bacterium Serratia marcescens under several experimental temperature treatments
SRR21696593	SRX17694188	SRS11554672	SRP354045	PRJNA747871	Streptomyces sp. NBC_00989	NBC_00989	OXFORD_NANOPORE	MinION	327051187.0	64514.0	WGS	GENOMIC	SINGLE	nanopore sequencing data from strain NBC_00989
SRR13680601	SRX10070107	SRS8231702	SRP303037	PRJNA694442	Salmonella enterica		OXFORD_NANOPORE	GridION	831751933.0	98697.0	WGS	GENOMIC	SINGLE	Multiplex WGS of Salmonella enterica
ERR1025274	ERX1104146	ERS764451	ERP005928	PRJEB6403	Klebsiella pneumoniae	NCTC9138	PACBIO_SMRT	PacBio RS	766500696.0	163482.0	WGS	GENOMIC	SINGLE	PacBio RS sequencing
ERR10120917	ERX9657986	ERS12841966	ERP139464	PRJEB54630	Escherichia coli		OXFORD_NANOPORE	MinION	694652308.0	166964.0	WGS	GENOMIC	SINGLE	MinION sequencing; Raw reads: 21058774-1_long_read
ERR11831518	ERX11229716	ERS16250269	ERP147976	PRJEB62849	Halomonas sp. BMC6		PACBIO_SMRT	Sequel	1338921991.0	235549.0	WGS	GENOMIC	SINGLE	Sequel sequencing
ERR2146853	ERX2203386	ERS1765915	ERP005928	PRJEB6403	Pseudomonas fragi		PACBIO_SMRT	PacBio RS	1658862880.0	163482.0	WGS	GENOMIC	SINGLE	PacBio RS sequencing
SRR36003506	SRX31052795	SRS27042490	SRP644249	PRJNA1363095	Clostridioides difficile	630 Delta erm	OXFORD_NANOPORE	MinION	692317290.0	209875.0	WGS	GENOMIC	SINGLE	WGS of 630Delta erm
SRR12395077	SRX8893393	SRS7152415	SRP276100	PRJNA650381	Mycobacterium tuberculosis		OXFORD_NANOPORE	MinION	1003392491.0	540019.0	WGS	GENOMIC	SINGLE	Nanopore TB WGS
SRR29418662	SRX24931994	SRS21636399	SRP514025	PRJNA1107577	Terribacillus aidingensis	AR507	OXFORD_NANOPORE	GridION	297827478.0	196042.0	WGS	GENOMIC	SINGLE	whole genome seq. of bacteria isolated from arctic ground squirrel gut contents
DRR597863	DRX578410	DRS528175	DRP014393	PRJDB18842	Mycobacterium shinjukuense	MSJ-16	PACBIO_SMRT	PacBio RS II	1006800072.0	127338.0	WGS	GENOMIC	SINGLE	PacBio RS II sequencing of SAMD00821553
SRR30896246	SRX26299775	SRS22828497	SRP536878	PRJNA1134622	Escherichia coli	OXEC-56	OXFORD_NANOPORE	MinION	251353210.0	74616.0	WGS	GENOMIC	SINGLE	OXEC-56
ERR2919760	ERX2922920	ERS2907691	ERP110210	PRJEB28046	Campylobacter jejuni subsp. jejuni NCTC 11168 = ATCC 700819		OXFORD_NANOPORE	MinION	1000005429.0	106539.0	WGS	GENOMIC	SINGLE	MinION sequencing
SRR14757243	SRX11090758	SRS9156131	SRP323170	PRJNA732579	Staphylococcus aureus	327	PACBIO_SMRT	Sequel	506565715.0	98907.0	WGS	GENOMIC	SINGLE	WGS of Staphylococcus aureus: human skin
SRR32145578	SRX27491452	SRS23913103	SRP560261	PRJNA1129067	Aeromonas	veronii	OXFORD_NANOPORE	MinION	409341911.0	223045.0	WGS	GENOMIC	SINGLE	SEPT_UPS1
SRR19049479	SRX15120854	SRS12864957	SRP373300	PRJNA819544	Faecalibacterium wellingii	HTF-F	PACBIO_SMRT	Sequel II	1503704577.0	160344.0	WGS	GENOMIC	SINGLE	long reads for HTF-F
SRR33346828	SRX28591043	SRS24859001	SRP581397	PRJNA1255661	Rhizobium sp. L80/93	L80/93	OXFORD_NANOPORE	PromethION	163548402.0	18489.0	WGS	GENOMIC	SINGLE	WGS of Rhizobium L80/93
ERR1223240	ERX1295453	ERS939206	ERP005928	PRJEB6403	Streptococcus pyogenes	NCTC8303	PACBIO_SMRT	PacBio RS	652889945.0	163482.0	WGS	GENOMIC	SINGLE	PacBio RS sequencing
SRR12606292	SRX9089966	SRS7335828	SRP281161	PRJNA660404	Neisseria gonorrhoeae	SW0259	OXFORD_NANOPORE	MinION	306716996.0	192209.0	WGS	GENOMIC	SINGLE	WGS of neisseria gonorrhoeae
SRR10831789	SRX7505146	SRS5945825	SRP239543	PRJNA544530	Wolbachia endosymbiont of Diaphorina citri		OXFORD_NANOPORE	GridION	291042447.0	354758.0	WGS	GENOMIC	SINGLE	Diaphorina citri metagenome
SRR32083837	SRX27432137	SRS23859509	SRP559203	PRJNA1214352	Sphingomonas sediminicola	DSM 18106	OXFORD_NANOPORE	PromethION	337869345.0	167290.0	WGS	GENOMIC	SINGLE	ONT sequencing of Sphingomonas sediminicola DSM 18106
SRR1955499	SRX981010	SRS895862	SRP040661	PRJNA231221	Staphylococcus aureus	FDAARGOS_3	PACBIO_SMRT	PacBio RS	1848548772.0	163482.0	WGS	GENOMIC	SINGLE	
SRR28434445	SRX24038741	SRS20831715	SRP497546	PRJNA1091452	Listeria monocytogenes	L-16	OXFORD_NANOPORE	MinION	386910570.0	90417.0	WGS	GENOMIC	SINGLE	ONT performance study sequencing of L. monocytogenes
SRR19548037	SRX15600188	SRS13301168	SRP378656	PRJNA844881	Aliivibrio sp. A11_bc57	A11_bc57	OXFORD_NANOPORE	PromethION	1764638747.0	217435.0	WGS	GENOMIC	SINGLE	Whole Genomic sequencing of Bacteria: Salmon gut
SRR26717562	SRX22416522	SRS19448197	SRP470705	PRJNA1037030	Helicobacter pylori	hp60	OXFORD_NANOPORE	MinION	1923135257.0	3332538.0	WGS	GENOMIC	SINGLE	Complete Genome Sequence of Helicobacter pylori, Isolated from Narino-Colombia Patients with gastric lesions
SRR36797908	SRX31784440	SRS27747141	SRP661661	PRJNA1389824	Enterobacter ludwigii		OXFORD_NANOPORE	MinION	508220713.0	189347.0	WGS	GENOMIC	SINGLE	evolved microcosm clones
ERR10155850	ERX9691970	ERS6426107	ERP109413	PRJEB27342	Klebsiella aerogenes		PACBIO_SMRT	Sequel II	5944632384.0	917395.0	WGS	GENOMIC	SINGLE	Sequel II sequencing
SRR10419107	SRX7117135	SRS5627615	SRP229229	PRJNA574809	Scytonema sp. UIC 10036	UIC 10036	PACBIO_SMRT	PacBio RS II	1010653689.0	193521.0	WGS	GENOMIC	SINGLE	PacBio of Scytonema UIC 10036
SRR25627013	SRX21353879	SRS18598724	SRP454827	PRJNA880777	Paenarthrobacter sp. JL.01a	JL.01a	OXFORD_NANOPORE	MinION	1500006338.0	104708.0	WGS	GENOMIC	SINGLE	Nanopore of  of SAMN30864086
SRR32316169	SRX27651554	SRS24057367	SRP560996	PRJNA1218017	Bacteroides thetaiotaomicron	vpi-5482	OXFORD_NANOPORE	MinION	509887463.0	106876.0	WGS	GENOMIC	SINGLE	WGS of Bacteroides thetatiotaomicron from monocolonized mice
SRR27972614	SRX23625839	SRS20465361	SRP489819	PRJNA1076692	Klebsiella pneumoniae	RIVM_C048765_dorado	OXFORD_NANOPORE	MinION	384853304.0	127800.0	WGS	GENOMIC	SINGLE	RIVM_C048765_dorado
SRR19820536	SRX15864385	SRS13525951	SRP361569	PRJNA768416	Ureibacillus sp. FSL K6-2830	FSL K6-2830	OXFORD_NANOPORE	MinION	192807143.0	37489.0	WGS	GENOMIC	SINGLE	WGS of Bacilli
SRR32375284	SRX27708157	SRS21131647	SRP444583	PRJNA962904	Klebsiella pneumoniae		PACBIO_SMRT	Sequel II	845230252.0	39054.0	WGS	GENOMIC	SINGLE	PacBio sequencing of CS6772E1 for ARCH 1.0
ERR3253133	ERX3279937	ERS2102293	ERP105790	PRJEB23996	Mycobacterium tuberculosis		PACBIO_SMRT	PacBio RS	237035453.0	163482.0	WGS	GENOMIC	SINGLE	PacBio RS sequencing
SRR12298366	SRX8801701	SRS6792206	SRP266402	PRJNA605147	Escherichia coli	RHBSTW-00206	OXFORD_NANOPORE	GridION	819195985.0	132368.0	WGS	GENOMIC	SINGLE	OXFORD_NANOPORE sequencing of Escherichia coli isolate WTP3|T1-00206 cultured from WTP influent sample
ERR15602676	ERX15005900	ERS26882944	ERP180185	PRJEB97707	Escherichia coli		OXFORD_NANOPORE	MinION	523700804.0	58918.0	WGS	GENOMIC	SINGLE	MinION sequencing
SRR19092005	SRX15161675	SRS12903660	SRP373764	PRJNA835301	Methylococcus capsulatus	MIR	OXFORD_NANOPORE	MinION	1756086744.0	230762.0	WGS	GENOMIC	SINGLE	Genome of Mc. capsulatus MIR
ERR4047304	ERX4048437	ERS3340497	ERP113355	PRJEB30866	Escherichia coli		PACBIO_SMRT	Sequel	1397876139.0	301408.0	WGS	GENOMIC	SINGLE	Sequel sequencing
SRR9047979	SRX5824483	SRS4752538	SRP051949	PRJNA271899	Klebsiella pneumoniae	MGH325	OXFORD_NANOPORE	GridION	736115412.0	671051.0	WGS	GENOMIC	SINGLE	Sequencing of Carbapenem resistant bacteria
SRR11907265	SRX8453852	SRS6755444	SRP265600	PRJNA631347	Acinetobacter baumannii	MS14413	PACBIO_SMRT	PacBio RS II	1609989145.0	163482.0	WGS	GENOMIC	SINGLE	PacBio WGS of Acinetobacter baumannii
ERR14251429	ERX13652532	ERS23132442	ERP168932	PRJEB85558	Zymomonas mobilis		OXFORD_NANOPORE	PromethION	15181365.0	78555.0	WGS	GENOMIC	SINGLE	PromethION sequencing
SRR1949975	SRX976331	SRS891490	SRP040661	PRJNA231221	Vibrio parahaemolyticus	FDAARGOS_52	PACBIO_SMRT	PacBio RS	2104806435.0	163482.0	WGS	GENOMIC	SINGLE	
ERR1681948	ERX1751565	ERS1234123	ERP005928	PRJEB6403	Clostridium perfringens NCTC 8239	NCTC 8239	PACBIO_SMRT	PacBio RS	787589494.0	163482.0	WGS	GENOMIC	SINGLE	PacBio RS sequencing
SRR26465454	SRX22169503	SRS19227354	SRP467862	PRJNA1000275	Streptococcus pneumoniae	2016S11-245	OXFORD_NANOPORE	MinION	661535612.0	112215.0	WGS	GENOMIC	SINGLE	VP60
SRR34410500	SRX29574058	SRS25698313	SRP598841	PRJNA1287288	Escherichia coli	AH20E044	OXFORD_NANOPORE	MinION	394571559.0	37548.0	WGS	GENOMIC	SINGLE	R10.4.1 WGS of bacterial isolate for accuracy benchmarking
SRR12640102	SRX9122162	SRS7364677	SRP282378	PRJNA644947	Rhodococcus wratislaviensis	4CII	PACBIO_SMRT	Sequel	1637122158.0	194179.0	WGS	GENOMIC	SINGLE	Genome of Rhodococcus wratislaviensis 4CII
ERR9030422	ERX8573832	ERS10792218	ERP133548	PRJEB49093	Mycobacterium tuberculosis	Lineage 3.1.1	OXFORD_NANOPORE	MinION	552916519.0	1272699.0	WGS	GENOMIC	SINGLE	MinION sequencing; Raw reads: mada_111-nanopore
SRR10039268	SRX6774316	SRS5321417	SRP219746	PRJNA546647	Streptomyces sp. S10-02	S10-02	PACBIO_SMRT	Sequel	1746960091.0	471653.0	WGS	GENOMIC	SINGLE	Streptomyces sp. S10-02
SRR30718025	SRX26121206	SRS22683667	SRP533480	PRJNA922334	Parasphingorhabdus flavimaris	HQB-179	OXFORD_NANOPORE	PromethION	1466816398.0	114384.0	WGS	GENOMIC	SINGLE	The reads of HQB-179
ERR10749437	ERX10201366	ERS14369565	ERP143680	PRJEB58617	Escherichia coli		OXFORD_NANOPORE	GridION	323094098.0	26994.0	WGS	GENOMIC	SINGLE	GridION sequencing
SRR4125818	SRX2112542	SRS1667038	SRP084543	PRJNA265542	Seleniivibrio woodruffii	S4	PACBIO_SMRT	PacBio RS	260255526.0	73092.0	WGS	GENOMIC	SINGLE	Selenovibrio woodruffii S4
SRR386904	SRX109898	SRS281278	SRP001087	PRJNA40075	Escherichia coli str. K-12 substr. MG1655	K-12	PACBIO_SMRT	PacBio RS	108714730.0	81741.0	WGS	GENOMIC	SINGLE	Whole Genome Sequencing and Assembly
SRR30342864	SRX25801285	SRS22432761	SRP528120	PRJNA1150149	Staphylococcus aureus	ST8	OXFORD_NANOPORE	MinION	171076256.0	37191.0	WGS	GENOMIC	SINGLE	ONT long-read sequencing of potential healthcare transmission pathogens
SRR31599327	SRX26964356	SRS23434068	SRP549287	PRJNA1185485	Escherichia coli	255	OXFORD_NANOPORE	PromethION	1842509930.0	349133.0	WGS	GENOMIC	SINGLE	Kleb-3R-barcode95
SRR15989627	SRX12277912	SRS9998898	SRP357537	PRJNA801416	Escherichia fergusonii	E264	OXFORD_NANOPORE	GridION	2033244700.0	240740.0	WGS	GENOMIC	SINGLE	Whole Genome Sequencing of Carbapenemase-producing Enterobacterales (CPE)
SRR19776534	SRX15820962	SRS12274002	SRP364249	PRJNA816422	Helicobacter pylori	Hpfe078	OXFORD_NANOPORE	MinION	105159959.0	17899.0	WGS	GENOMIC	SINGLE	nanopore sequencing of h. pylori genomic DNA
SRR23347557	SRX19289476	SRS16690584	SRP421131	PRJNA931653	Escherichia coli K-12	K-12	OXFORD_NANOPORE	GridION	23810207.0	4000.0	WGS	GENOMIC	SINGLE	Nanopore sequencing of Ciprofloxacin challenged E. coli
SRR12298420	SRX8801647	SRS6792803	SRP266402	PRJNA605147	Citrobacter freundii	RHBSTW-00110	OXFORD_NANOPORE	GridION	1484782389.0	189455.0	WGS	GENOMIC	SINGLE	OXFORD_NANOPORE sequencing of Citrobacter freundii isolate WTP5|T1-00110 cultured from WTP downstream sample
SRR33768370	SRX28991106	SRS22397343	SRP444583	PRJNA962904	Escherichia coli		PACBIO_SMRT	Sequel II	188603197.0	8912.0	WGS	GENOMIC	SINGLE	PacBio sequencing of A152002HE1 for ARCH 2
SRR13188328	SRX9622696	SRS7824244	SRP295587	PRJNA675649	Vibrio sp. VB16	VB16	OXFORD_NANOPORE	MinION	2392632417.0	313545.0	WGS	GENOMIC	SINGLE	DNA sequencing Vibrio VB16 genome
ERR4025928	ERX4027316	ERS3340483	ERP113355	PRJEB30866	Escherichia coli		PACBIO_SMRT	Sequel	3077869953.0	662427.0	WGS	GENOMIC	SINGLE	Sequel sequencing
ERR5353197	ERX5141232	ERS5752932	ERP126298	PRJEB42440	Klebsiella pneumoniae		OXFORD_NANOPORE	GridION	292906363.0	53678.0	WGS	GENOMIC	SINGLE	GridION sequencing
SRR18554164	SRX14683943	SRS12447549	SRP366833	PRJNA821650	Vibrio cholerae		PACBIO_SMRT	Sequel	1001340691.0	90300.0	WGS	GENOMIC	SINGLE	WGS of Vibrio cholerae
ERR10879082	ERX10323832	ERS14626524	ERP143848	PRJEB58776	Legionella pneumophila		OXFORD_NANOPORE	GridION	819770509.0	70691.0	WGS	GENOMIC	SINGLE	GridION sequencing
SRR33768550	SRX28990926	SRS22396893	SRP444583	PRJNA962904	Escherichia coli		PACBIO_SMRT	Sequel II	148340708.0	7025.0	WGS	GENOMIC	SINGLE	PacBio sequencing of A197003HE1 for ARCH 2
SRR19634190	SRX15684586	SRS13381665	SRP379817	PRJNA848631	Escherichia coli		OXFORD_NANOPORE	GridION	324810004.0	29162.0	WGS	GENOMIC	SINGLE	Long read sequencing of E. coli that has been experimentally evolved with a CTX-M-15 plasmid
SRR31583372	SRX26948882	SRS23420345	SRP548954	PRJNA1193326	Campylobacter coli		OXFORD_NANOPORE	MinION	214006299.0	54077.0	WGS	GENOMIC	SINGLE	Long-read Nanopore-based WGS characterization of antimicrobial resistant Campylobacter jejuni and Campylobacter coli isolates from humans, animals and food products in Northern Spain within a One Health approach
SRR12280295	SRX8784419	SRS7053131	SRP272861	PRJNA646575	Bacteroides fragilis		OXFORD_NANOPORE	GridION	395513013.0	48719.0	WGS	GENOMIC	SINGLE	WGS  of Bacteroides fragilis group clinical isolates
SRR1185241	SRX482662	SRS420751	SRP022628	PRJNA201923	Enterobacter sp. MGH 8	MGH 8	PACBIO_SMRT	PacBio RS	327936124.0	81741.0	WGS	GENOMIC	SINGLE	Pacbio whole genome shotgun sequencing of genomic DNA library 'PACBIO-472' containing sample 'Enterobacter cloacae complex MGH 8'
SRR21415788	SRX17420092	SRS12115358	SRP361569	PRJNA768416	Paenibacillus sp. FSL P4-0288	FSL P4-0288	OXFORD_NANOPORE	MinION	387724529.0	90365.0	WGS	GENOMIC	SINGLE	WGS of Bacilli
ERR3824692	ERX3834798	ERS4238848	ERP118394	PRJEB35358	Chryseobacterium aquaeductus	CECT 9390	PACBIO_SMRT	Sequel	7422265130.0	1317378.0	WGS	GENOMIC	SINGLE	Sequel sequencing; Raw reads: CECT_9390
SRR4180989	SRX2142285	SRS1673945	SRP086952	PRJNA303711	Georgenia soli	DSM 21838	PACBIO_SMRT	PacBio RS	472815028.0	128782.0	WGS	GENOMIC	SINGLE	Georgenia soli DSM 21838
DRR728443	DRX708461	DRS500984	DRP012250	PRJDB18592	Escherichia coli	CV601 gfp+	PACBIO_SMRT	PacBio RS II	157561166.0	25686.0	WGS	GENOMIC	SINGLE	PacBio RS II sequencing of SAMD01680828
SRR11348530	SRX7950444	SRS6337114	SRP253284	PRJNA561662	Providencia rettgeri	HF16	OXFORD_NANOPORE	PromethION	2616539321.0	151448.0	WGS	GENOMIC	SINGLE	Providencia sp. Genome
SRR31615035	SRX26979648	SRS23447055	SRP549499	PRJNA1194354	Klebsiella pneumoniae	ICU-18_nanopore	OXFORD_NANOPORE	MinION	964719424.0	87333.0	WGS	GENOMIC	SINGLE	WGS of Klebsiella pneumoniae
SRR11809643	SRX8360976	SRS6677032	SRP262228	PRJNA633671	Pseudomonas aeruginosa	PAO1-B11	OXFORD_NANOPORE	MinION	50994655.0	7319.0	WGS	GENOMIC	SINGLE	Genomic sequencing of Pseudomonas aeruginosa PAO1-B11 variants isolated from porcine burn wounds
DRR424400	DRX409606	DRS205757	DRP007744	PRJDB12343	Escherichia coli	MyNCGM600	OXFORD_NANOPORE	MinION	632077922.0	42464.0	WGS	GENOMIC	SINGLE	MinION sequencing of SAMD00406329
ERR9843289	ERX9389086	ERS2651216	ERP104475	PRJEB22771	Streptococcus pneumoniae		PACBIO_SMRT	Sequel II	3336459453.0	469043.0	WGS	GENOMIC	SINGLE	Sequel II sequencing
DRR287287	DRX276744	DRS318052	DRP010345	PRJDB10714	Annamia dubia NIES-4383	NIES-4383	OXFORD_NANOPORE	MinION	15086085.0	4000.0	WGS	GENOMIC	SINGLE	Annamia_sp_25
SRR34973868	SRX30092975	SRS26157894	SRP608514	PRJNA1305037	Klebsiella pneumoniae	MI_KPC_742	OXFORD_NANOPORE	PromethION	438747614.0	67361.0	WGS	GENOMIC	SINGLE	KPC CRE collection from state of Michigan
SRR12517409	SRX9007938	SRS7259577	SRP278776	PRJNA647677	Acinetobacter baumannii	A217	OXFORD_NANOPORE	MinION	1190698938.0	159230.0	WGS	GENOMIC	SINGLE	Genome sequence of Acinetobacter baumannii
SRR26131089	SRX21844505	SRS18942516	SRP462310	PRJNA1016903	Streptomyces griseoflavus	SAI-229	PACBIO_SMRT	Sequel IIe	772425675.0	79819.0	WGS	GENOMIC	SINGLE	Streptomyces sp. SAI-229
SRR28036840	SRX23688315	SRS20496065	SRP490411	PRJNA1078256	Escherichia coli	KTa007	OXFORD_NANOPORE	MinION	3140847726.0	427680.0	WGS	GENOMIC	SINGLE	ONT sequencing of Escherichia coli: KTa007
SRR12247545	SRX8755622	SRS6976236	SRP266402	PRJNA605147	Citrobacter braakii	RHB13-SO-C07	OXFORD_NANOPORE	GridION	2139055523.0	337478.0	WGS	GENOMIC	SINGLE	Oxford Nanopore sequencing of Citrobacter freundii isolate RH03|T1-SOC07 cultured from pig farm soil sample
SRR5902581	SRX3064118	SRS1832580	SRP094480	PRJNA279196	Bordetella pertussis	J073	PACBIO_SMRT	PacBio RS II	1047220658.0	163482.0	WGS	GENOMIC	SINGLE	
SRR13606974	SRX10001027	SRS8146018	SRP303746	PRJNA695296	Cupriavidus oxalaticus	Ox1	PACBIO_SMRT	Sequel	1418884423.0	212253.0	WGS	GENOMIC	SINGLE	C_ox1_PacBio
SRR27352555	SRX23029213	SRS19991098	SRP480168	PRJNA1057299	Clostridioides difficile	cd221206_barcode84	OXFORD_NANOPORE	MinION	73796922.0	115728.0	WGS	GENOMIC	SINGLE	Clostridioides difficile strain cd221206_barcode84
SRR27336665	SRX23013503	SRS19865060	SRP478122	PRJNA1044843	Escherichia coli	ExPEC_A468	OXFORD_NANOPORE	MinION	895671098.0	35215.0	WGS	GENOMIC	SINGLE	High-quality long-reads of the genome from swine-derived extraintestinal pathogenic Escherichia coli
ERR10498587	ERX10015876	ERS14255392	ERP142629	PRJEB57633	Escherichia coli		OXFORD_NANOPORE	GridION	72868943.0	27319.0	WGS	GENOMIC	SINGLE	Raw reads: ONT_30348_2#379
SRR22878111	SRX18836636	SRS16268676	SRP414604	PRJNA909980	Bartonella gliris	GG20g1	OXFORD_NANOPORE	GridION	283879933.0	68052.0	WGS	GENOMIC	SINGLE	WGS of Bartonella gliris  GG20g1
ERR10676240	ERX10144004	ERS14333339	ERP143248	PRJEB58185	Campylobacter jejuni		OXFORD_NANOPORE	MinION	362334168.0	601884.0	WGS	GENOMIC	PAIRED	MinION paired end sequencing
ERR10498485	ERX10015774	ERS14256084	ERP142629	PRJEB57633	Escherichia coli		OXFORD_NANOPORE	GridION	315123168.0	94036.0	WGS	GENOMIC	SINGLE	Raw reads: ONT_30348_1#217
SRR16251416	SRX12531037	SRS10490080	SRP040661	PRJNA231221	Enterobacter bugandensis	FDAARGOS_1496	PACBIO_SMRT	Sequel	1236411917.0	145155.0	WGS	GENOMIC	SINGLE	
SRR34967650	SRX30086587	SRS26152810	SRP608514	PRJNA1305037	Serratia marcescens	MI_KPC_1038	OXFORD_NANOPORE	PromethION	173131613.0	18525.0	WGS	GENOMIC	SINGLE	KPC CRE collection from state of Michigan
ERR10499074	ERX10016363	ERS14255540	ERP142629	PRJEB57633	Escherichia coli		OXFORD_NANOPORE	GridION	83958626.0	12381.0	WGS	GENOMIC	SINGLE	Raw reads: ONT_30821_1#94
SRR22784806	SRX18744638	SRS16179773	SRP413484	PRJNA912639	Escherichia coli	EC_E16F_5_E_CuN_CeP	OXFORD_NANOPORE	MinION	1636350364.0	216942.0	WGS	GENOMIC	SINGLE	WGS of Escherichia coli
SRR8848725	SRX5636409	SRS1819107	SRP093623	PRJNA353625	Salmonella enterica subsp. enterica serovar Oranienburg	12-0523	OXFORD_NANOPORE	MinION	489938974.0	55564.0	WGS	GENOMIC	SINGLE	Salmonella enterica multiserovar sequencing data
DRR393663	DRX379482	DRS297002	DRP007849	PRJDB10842	Escherichia coli	JBBDAFG-19-0029	OXFORD_NANOPORE	GridION	495827938.0	119061.0	WGS	GENOMIC	SINGLE	GridION sequencing of SAMD00498895
SRR9616109	SRX6379194	SRS5039848	SRP212399	PRJNA548188	Borreliella burgdorferi		OXFORD_NANOPORE	GridION	322206864.0	356398.0	WGS	GENOMIC	SINGLE	Borreliella burgdorferi Genome sequencing and assembly
SRR32204132	SRX27545679	SRS23960614	SRP561120	PRJNA1214876	Ekhidna algicida	To15	OXFORD_NANOPORE	MinION	33231116.0	4000.0	WGS	GENOMIC	SINGLE	Ekhidna algicida strain To15 genome
ERR15094565	ERX14499163	ERS24813715	ERP119900	PRJEB36683	Klebsiella pneumoniae 11227-1		OXFORD_NANOPORE	PromethION	1161950888.0	576670.0	WGS	GENOMIC	SINGLE	Raw reads: RKPB171_L
SRR31141337	SRX26523164	SRS23018719	SRP540907	PRJNA1177890	Avibacterium paragallinarum	npAP/GA-USA/20231216/S1-2	OXFORD_NANOPORE	MinION	2582403050.0	1225813.0	WGS	GENOMIC	SINGLE	ONT-npAP/GA-USA/20231216/S1-2
SRR23796610	SRX19628683	SRS16998275	SRP426545	PRJNA942086	Salmonella enterica subsp. enterica serovar Muenchen	PS_Mu_1_2021	OXFORD_NANOPORE	MinION	181808508.0	26781.0	WGS	GENOMIC	SINGLE	Nanopore sequencing of Campylobacter jejuni from chicken manure
SRR19548084	SRX15600141	SRS13301121	SRP378656	PRJNA844881	Flavobacterium sp. S1_bc01	S1_bc01	OXFORD_NANOPORE	PromethION	1056819872.0	105431.0	WGS	GENOMIC	SINGLE	Whole Genomic sequencing of Bacteria: Salmon gut
DRR066332	DRX060373	DRS184434	DRP007273	PRJDB4542	Streptococcus pyogenes	ATCC 14918	PACBIO_SMRT	PacBio RS II	2087882967.0	163482.0	WGS	GENOMIC	SINGLE	PacBio RS II sequencing of SAMD00046532
SRR12344017	SRX8843548	SRS7106605	SRP274107	PRJNA626345	Staphylococcus aureus	NAS_AN_123	OXFORD_NANOPORE	MinION	160006683.0	7220.0	WGS	GENOMIC	SINGLE	WGS Staphylococcus aureus among Native Americans in the  southwest US
SRR32653552	SRX27957853	SRS9275950	SRP569638	PRJNA1234602	Listeria monocytogenes	PNUSAL010644	OXFORD_NANOPORE	PromethION	1288496859.0	174763.0	WGS	GENOMIC	SINGLE	ONT of clinical Listeria monocytogenes from NY state surveillance
SRR28624413	SRX24222448	SRS20992134	SRP500683	PRJNA1098581	Yersinia pestis	136	OXFORD_NANOPORE	MinION	584128868.0	84342.0	WGS	GENOMIC	SINGLE	Whole-genome sequences of Yersinia pestis strain
SRR11209199	SRX7822234	SRS6233359	SRP251108	PRJNA609126	Staphylococcus aureus	SA1428	OXFORD_NANOPORE	GridION	99343494.0	4000.0	WGS	GENOMIC	SINGLE	Genome sequence of a chronic Staphylococcus aureus isolated from dairy cow that is non-responsive to antibiotic treatment
SRR29226786	SRX24745547	SRS21467364	SRP510673	PRJNA1112792	Salmonella enterica	E1S-011	OXFORD_NANOPORE	GridION	562252442.0	89231.0	WGS	GENOMIC	SINGLE	Whole genome sequence of E1S-011
SRR12325050	SRX8825271	SRS7090228	SRP273569	PRJNA648479	Klebsiella quasipneumoniae	203 19001	PACBIO_SMRT	PacBio RS II	876053753.0	87236.0	WGS	GENOMIC	SINGLE	Complete Genome Sequence of Klebsiella quasipneumoniae sp.203 19001
SRR28039585	SRX23690877	SRS20520799	SRP490884	PRJNA1077967	Enterococcus faecium	AH19F029	OXFORD_NANOPORE	GridION	456972975.0	50384.0	WGS	GENOMIC	SINGLE	WGS of Enterococcus faecium isolate
SRR23703131	SRX19564777	SRS16949101	SRP425723	PRJNA941122	Agrobacterium fabrum	A8196	OXFORD_NANOPORE	MinION	387124888.0	12356.0	WGS	GENOMIC	SINGLE	WGS of Agrobacterium fabrum strain A8196
DRR629208	DRX609535	DRS438757	DRP012484	PRJDB19189	Mycobacterium intracellulare subsp. intracellulare	GA68611	OXFORD_NANOPORE	MinION	288370042.0	48291.0	WGS	GENOMIC	SINGLE	MinION sequencing of SAMD00833259
SRR28926167	SRX24482266	SRS20986566	SRP395888	PRJNA812595	Providencia stuartii	2024CK-00366	OXFORD_NANOPORE	GridION	505893699.0	34719.0	WGS	GENOMIC	SINGLE	Nanopore sequencing of ARLN isolate
SRR5742146	SRX2947093	SRS1914404	SRP096486	PRJNA331844	Kitasatospora sp. OK780	OK780	PACBIO_SMRT	PacBio RS II	517512126.0	177185.0	WGS	GENOMIC	SINGLE	Kitasatospora sp. OK780
SRR9849534	SRX6604179	SRS5169159	SRP216572	PRJNA556977	Bordetella pertussis	NZ9	OXFORD_NANOPORE	MinION	779675109.0	158434.0	WGS	GENOMIC	SINGLE	ONT sequencing of Bordetella pertussis NZ9
ERR11040738	ERX10487986	ERS14796169	ERP145810	PRJEB60752	Escherichia coli		OXFORD_NANOPORE	MinION	42052314.0	7203.0	WGS	GENOMIC	SINGLE	Raw reads: 36204_S66_[Oxford_Nanopore]
SRR15989066	SRX12277801	SRS9999313	SRP357537	PRJNA801416	Klebsiella pneumoniae	11	OXFORD_NANOPORE	GridION	513245769.0	69912.0	WGS	GENOMIC	SINGLE	Whole Genome Sequencing of Carbapenemase-producing Enterobacterales (CPE)
DRR161053	DRX151678	DRS080827	DRP004631	PRJDB7451	Streptomyces noursei	NBRC 14147	PACBIO_SMRT	PacBio RS II	1242115121.0	396562.0	WGS	GENOMIC	PAIRED	PacBio RS II paired end sequencing of SAMD00140687
SRR31834905	SRX27195273	SRS22210779	SRP523632	PRJNA1142676	Klebsiella variicola	kv220309_barcode96	OXFORD_NANOPORE	MinION	235474410.0	25811.0	WGS	GENOMIC	SINGLE	Klebsiella variicola strain kv220309_barcode96
ERR2532079	ERX2550508	ERS2402860	ERP005928	PRJEB6403	Enterococcus mundtii	NCTC12363	PACBIO_SMRT	PacBio RS	1497967366.0	163482.0	WGS	GENOMIC	SINGLE	PacBio RS sequencing
SRR33123784	SRX28387243	SRS24711168	SRP578427	PRJNA1244367	Bacillus cereus ATCC 14579	ATCC 14579	OXFORD_NANOPORE	GridION	1376853837.0	357195.0	WGS	GENOMIC	SINGLE	WGS of Bacillus cereus Strain ATCC14644
SRR15988981	SRX12277886	SRS9998823	SRP357537	PRJNA801416	Escherichia coli	405	OXFORD_NANOPORE	GridION	174778575.0	17165.0	WGS	GENOMIC	SINGLE	Whole Genome Sequencing of Carbapenemase-producing Enterobacterales (CPE)
ERR15528386	ERX14932232	ERS26748296	ERP179357	PRJEB96742	Escherichia coli		OXFORD_NANOPORE	MinION	836902290.0	242875.0	WGS	GENOMIC	SINGLE	MinION sequencing
SRR30791238	SRX26192753	SRS22735270	SRP534624	PRJNA1161571	Burkholderia pseudomallei		OXFORD_NANOPORE	MinION	1491723224.0	269015.0	WGS	GENOMIC	SINGLE	Nanopore sequencing of B. pseudomallei
SRR12298437	SRX8801630	SRS6792004	SRP266402	PRJNA605147	Enterobacter hormaechei	RHBSTW-00083	OXFORD_NANOPORE	GridION	840652992.0	131474.0	WGS	GENOMIC	SINGLE	OXFORD_NANOPORE sequencing of Enterobacter cloacae isolate WTP5|T1-00083 cultured from WTP effluent sample
SRR31976204	SRX27331473	SRS23506630	SRP074197	PRJNA288601	Pseudomonas aeruginosa	2024HL-01335	OXFORD_NANOPORE	MinION	391147410.0	33681.0	WGS	GENOMIC	SINGLE	Long read sequencing of carbapenemase producing organisms
DRR466691	DRX450927	DRS460277	DRP012918	PRJDB15874	sponge metagenome		OXFORD_NANOPORE	MinION	2114516708.0	1576277.0	WGS	GENOMIC	SINGLE	MinION sequencing of SAMD00604103
ERR160029	ERX135940	ERS088715	ERP001163	PRJEB2848	Bordetella pertussis 18323	18323 (ST24)	PACBIO_SMRT	PacBio RS	203153368.0	81741.0	WGS	GENOMIC	SINGLE	
SRR34788234	SRX29921560	SRS26020042	SRP604716	PRJNA1272798	Leuconostoc sp. EDS1.7Y	HCL2025_1	OXFORD_NANOPORE	PromethION	1221973481.0	206255.0	WGS	GENOMIC	SINGLE	Leuconostoc sp.
ERR13326707	ERX12697735	ERS20295399	ERP161282	PRJEB76791	Salmonella enterica subsp. enterica serovar Agona		OXFORD_NANOPORE	MinION	255461077.0	95597.0	WGS	GENOMIC	SINGLE	MinION sequencing
SRR14766094	SRX11099510	SRS9146282	SRP322962	PRJNA735604	Vibrio alginolyticus	K01M1	PACBIO_SMRT	Sequel	1229601429.0	317742.0	WGS	GENOMIC	SINGLE	VALG PacBio-Seq
SRR36286187	SRX31319570	SRS27217874	SRP649163	PRJNA1230056	Enterococcus faecium	VRE_17	OXFORD_NANOPORE	GridION	448135887.0	168066.0	WGS	GENOMIC	SINGLE	WGS of E. faecium
SRR23875581	SRX19687631	SRS17056741	SRP427598	PRJNA936716	[Clostridium] symbiosum	LM19B	OXFORD_NANOPORE	GridION	409145671.0	100852.0	WGS	GENOMIC	SINGLE	Nanopopre sequencing of C. clostridioforme LM19B
SRR21813856	SRX17803231	SRS15327499	SRP401101	PRJNA269474	Xanthomonas oryzae pv. oryzae	IXO630	OXFORD_NANOPORE	MinION	2530253583.0	285958.0	WGS	GENOMIC	SINGLE	Complete genome sequence of Xanthomonas oryzae pv. oryzae IXO630
SRR30934852	SRX26337457	SRS22863377	SRP537571	PRJNA1168290	Paenibacillus sp. TAB_01	TAB_01	OXFORD_NANOPORE	MinION	1795215.0	210.0	WGS	GENOMIC	SINGLE	Paenibacillus sp. TAB 01 from cotton plant tissue
SRR9732345	SRX6489661	SRS5138440	SRP215929	PRJNA555902	Chryseobacterium sp. Col-0-31	Col-0-31	OXFORD_NANOPORE	GridION	657804183.0	155301.0	WGS	GENOMIC	SINGLE	Genome sequencing of bacterial strain Col-0-31
DRR239356	DRX229237	DRS148125	DRP006349	PRJDB10330	Streptococcus pyogenes	KUN-0014944	OXFORD_NANOPORE	MinION	611947167.0	298000.0	WGS	GENOMIC	SINGLE	MinION sequencing of SAMD00238720
SRR388555	SRX110933	SRS000865	SRP000263	PRJNA32795	Neisseria gonorrhoeae MS11	MS11	PACBIO_SMRT	PacBio RS	65027672.0	81741.0	WGS	GENOMIC	SINGLE	Whole Genome Sequencing and Assembly
ERR3085899	ERX3146742	ERS2022013	ERP019480	PRJEB17615	Escherichia coli		PACBIO_SMRT	PacBio RS	1543777524.0	163482.0	WGS	GENOMIC	SINGLE	PacBio RS sequencing
SRR34973370	SRX30092441	SRS26157531	SRP608514	PRJNA1305037	Klebsiella pneumoniae	MI_KPC_953	OXFORD_NANOPORE	PromethION	500004134.0	69358.0	WGS	GENOMIC	SINGLE	KPC CRE collection from state of Michigan
ERR1366084	ERX1437354	ERS1049103	ERP005928	PRJEB6403	Escherichia coli	NCTC9064	PACBIO_SMRT	PacBio RS	1052504559.0	163482.0	WGS	GENOMIC	SINGLE	PacBio RS sequencing
SRR4236933	SRX2158169	SRS1687597	SRP089396	PRJNA329689	Streptomyces sp. 2224.1	2224.1	PACBIO_SMRT	PacBio RS	664484318.0	338976.0	WGS	GENOMIC	SINGLE	Streptomyces sp.2224.1
ERR10802436	ERX10250918	ERS5790516	ERP127064	PRJEB43128	Bacillus subtilis		OXFORD_NANOPORE	GridION	108943106.0	21252.0	WGS	GENOMIC	SINGLE	GridION sequencing
SRR16525326	SRX12728159	SRS10336704	SRP357534	PRJNA801415	Escherichia coli	162	OXFORD_NANOPORE	GridION	973326003.0	247094.0	WGS	GENOMIC	SINGLE	Extensive diversification and dissemination of blaNDM carbapenemase plasmids in Enterobacterales in Singapore 2010-2015
SRR10211298	SRX6930946	SRS5461241	SRP191068	PRJNA528511	Escherichia coli	GTEN_272	OXFORD_NANOPORE	GridION	284807047.0	116799.0	WGS	GENOMIC	SINGLE	Global TravEpiNet AMR surveillance Genome sequencing and assembly
ERR8007745	ERX7573414	ERS9899272	ERP131998	PRJEB47698	Acinetobacter baumannii		OXFORD_NANOPORE	MinION	418284356.0	46445.0	WGS	GENOMIC	SINGLE	MinION sequencing
SRR22405935	SRX18375567	SRS15861919	SRP409699	PRJNA887339	Escherichia coli	S9	OXFORD_NANOPORE	MinION	2808510424.0	874928.0	WGS	GENOMIC	SINGLE	WGS of E. coli strain S9-S4K58
SRR21131479	SRX17143851	SRS14716491	SRP392938	PRJNA672949	Xylella fastidiosa subsp. fastidiosa	StagsLeapdeltaXfaIHsdS	OXFORD_NANOPORE	MinION			WGS	GENOMIC	SINGLE	Oxford Nanopore native genomic DNA of Xylella fastidiosa strain StagsLeapdeltaXfaIHsdS (Type I R-M system HsdS deletion mutant in Stag's Leap background)
SRR24140366	SRX19938711	SRS17287420	SRP247747	PRJNA604975	Escherichia coli	ox_bsi_361	OXFORD_NANOPORE	GridION	112528958.0	79347.0	WGS	GENOMIC	SINGLE	oxford_bsi
ERR2322028	ERX2372991	ERS2217316	ERP024191	PRJEB21888	Mycobacterium tuberculosis		PACBIO_SMRT	PacBio RS	2737079293.0	163482.0	WGS	GENOMIC	SINGLE	PacBio RS sequencing
SRR16929234	SRX13121333	SRS11056090	SRP303790	PRJNA685966	Staphylococcus pseudintermedius	HSP204	OXFORD_NANOPORE	MinION	81619175.0	27497.0	WGS	GENOMIC	SINGLE	Long-read genomic sequencing of Staphylococcus pseudintermedius from canine skin
SRR29316804	SRX24833339	SRS21545170	SRP512379	PRJNA1121190	Vibrio cholerae	135Vc07	OXFORD_NANOPORE	PromethION	336285175.0	47051.0	WGS	GENOMIC	SINGLE	WGS of Vcholerae isolates
DRR723626	DRX703647	DRS495767	DRP013760	PRJDB20694	Prevotella scopos JCM 17725	JCM 17725	PACBIO_SMRT	Revio	94216394.0	9098.0	WGS	GENOMIC	SINGLE	Revio sequencing of SAMD01611150
ERR976757	ERX1053734	ERS715468	ERP005928	PRJEB6403	Klebsiella pneumoniae	NCTC9142	PACBIO_SMRT	PacBio RS	1621502964.0	163482.0	WGS	GENOMIC	SINGLE	PacBio RS sequencing
SRR12395401	SRX8893496	SRS7152518	SRP276100	PRJNA650381	Mycobacterium tuberculosis		OXFORD_NANOPORE	MinION	903976022.0	742058.0	WGS	GENOMIC	SINGLE	Nanopore TB WGS
DRR719958	DRX699979	DRS529127	DRP014428	PRJDB35915	Salmonella enterica subsp. enterica serovar Senftenberg	HIPH23521	OXFORD_NANOPORE	MinION	145433271.0	16785.0	WGS	GENOMIC	SINGLE	MinION sequencing of SAMD01610477
DRR723963	DRX703984	DRS495671	DRP013756	PRJDB35717	Haemophilus influenzae		OXFORD_NANOPORE	MinION	1394655610.0	570638.0	WGS	GENOMIC	SINGLE	Oxford Nanopore MinION R9.4 sequencing of SAMD01599398
SRR516853	SRX148633	SRS281882	SRP013241	PRJNA73829	Vibrio cholerae		PACBIO_SMRT	PacBio RS	115491548.0	60667.0	WGS	GENOMIC	SINGLE	Whole Genome Sequencing of Haitian Vibrio cholerae: Continuous Long Read (CLR) data
SRR26545441	SRX22247287	SRS19300982	SRP250705	PRJNA607328	mouse gut metagenome		OXFORD_NANOPORE	MinION	48119734696.0	18880199.0	WGS	GENOMIC	SINGLE	Mouse cecal Metagenome/Salmonella enterica FELIX_MS847 Nanopore
ERR10499263	ERX10016549	ERS14255581	ERP142629	PRJEB57633	Escherichia coli		OXFORD_NANOPORE	GridION	87875515.0	11143.0	WGS	GENOMIC	SINGLE	Raw reads: ONT_30859_5#76
ERR10498849	ERX10016138	ERS14256195	ERP142629	PRJEB57633	Escherichia coli		OXFORD_NANOPORE	GridION	185705944.0	35133.0	WGS	GENOMIC	SINGLE	Raw reads: ONT_30602_2#222
ERR2496364	ERX2515605	ERS1943179	ERP005928	PRJEB6403	Staphylococcus epidermidis	NCTC13924	PACBIO_SMRT	PacBio RS	560669085.0	163482.0	WGS	GENOMIC	SINGLE	PacBio RS sequencing
SRR33086183	SRX28350307	SRS24679750	SRP577906	PRJNA1248189	Enterobacter hormaechei	211009	PACBIO_SMRT	Sequel IIe	240571877.0	31263.0	WGS	GENOMIC	SINGLE	Pacbio of ECC:Human
SRR13289818	SRX9718928	SRS7252987	SRP278657	PRJNA658369	Klebsiella pneumoniae	ARLG-4857	OXFORD_NANOPORE	GridION	1810542897.0	288396.0	WGS	GENOMIC	SINGLE	ONT seq of K. pneumoniae
SRR24807253	SRX20579492	SRS17881481	SRP338930	PRJNA766641	Mycobacterium tuberculosis	IDR 2200002775	OXFORD_NANOPORE	MinION	25526276.0	16347.0	WGS	GENOMIC	SINGLE	MinION sequencing of TB isolates
DRR381751	DRX367635	DRS246796	DRP008791	PRJDB13729	Escherichia coli	F690	OXFORD_NANOPORE	MinION	706914298.0	57752.0	WGS	GENOMIC	SINGLE	F690_ONT
DRR276531	DRX266115	DRS173843	DRP007013	PRJDB11064	Pseudomonas aeruginosa	missing	OXFORD_NANOPORE	GridION	465151612.0	56776.0	WGS	GENOMIC	SINGLE	GridION sequencing of SAMD00276650
SRR21903049	SRX17889109	SRS15406284	SRP402614	PRJNA890545	Citrobacter		OXFORD_NANOPORE	GridION	156182900.0	88794.0	WGS	GENOMIC	SINGLE	Metagenomic Nanopore Sequencing of Ocular Microbiome in Patients with Meibomian Gland Dysfunction 23
SRR32316172	SRX27651551	SRS24057364	SRP560996	PRJNA1218017	Bacteroides thetaiotaomicron	vpi-5482	OXFORD_NANOPORE	MinION	402052303.0	87332.0	WGS	GENOMIC	SINGLE	WGS of Bacteroides thetatiotaomicron from monocolonized mice
ERR15495300	ERX14899229	ERS26582383	ERP179188	PRJEB96466	Legionella pneumophila		OXFORD_NANOPORE	MinION	281836001.0	76434.0	WGS	GENOMIC	SINGLE	MinION sequencing
SRR9641471	SRX6403317	SRS5061372	SRP040661	PRJNA231221	Pseudomonas sp. FDAARGOS_761	FDAARGOS_761	PACBIO_SMRT	PacBio RS	967072159.0	163482.0	WGS	GENOMIC	SINGLE	
SRR33053928	SRX28318990	SRS24657741	SRP577606	PRJNA1248674	Escherichia coli	ESBLEC303-N	OXFORD_NANOPORE	GridION	390083377.0	69331.0	WGS	GENOMIC	SINGLE	WGS of Escherichia coli
SRR1574274	SRX700234	SRS700423	SRP047072	PRJNA243858	Klebsiella pneumoniae subsp. pneumoniae	KPNIH33	PACBIO_SMRT	PacBio RS	451126809.0	117423.0	WGS	GENOMIC	SINGLE	PacBio SMRT Sequencing of Klebsiella pneumoniae KPNIH33 Genomic Library
ERR15732399	ERX15137527	ERS27093555	ERP182414	PRJEB100987	Xanthomonas oryzae pv. oryzae	CIX627	PACBIO_SMRT	PacBio RS II	1008699493.0	194590.0	WGS	GENOMIC	SINGLE	PACBIO_SMRT PacBio RS II sequencing; CIX627 WGS GENOMIC
SRR7763982	SRX4619600	SRS3722359	SRP159038	PRJNA396766	Ralstonia solanacearum	T523	PACBIO_SMRT	PacBio RS II	905494592.0	54494.0	WGS	GENOMIC	SINGLE	Whole genome sequencing and comparative genomic analysis of a tomato strain of Ralstonia solanacearum 10319
SRR7971250	SRX4804289	SRS3883050	SRP163896	PRJNA494713	Escherichia coli	ERL03-1416	PACBIO_SMRT	PacBio RS II	3680988768.0	163482.0	WGS	GENOMIC	SINGLE	Compete closed genomes of ten Shiga toxin-containing Escherichia coli O157:H7 strains from New Zealand
SRR35148475	SRX30254106	SRS12559734	SRP369041	PRJNA695676	Microbacterium aurum	DSM 8600	PACBIO_SMRT	Sequel II	466269756.0	66014.0	WGS	GENOMIC	SINGLE	Microbacterium aurum DSM 8600
SRR2939161	SRX1441705	SRS1171636	SRP066498	PRJNA302926	Pseudomonas aeruginosa	VA-134	PACBIO_SMRT	PacBio RS II	1038274000.0	125674.0	WGS	GENOMIC	SINGLE	Raw genomic sequence reads of P. aeruginosa VA-134 by PacBio RS II
SRR5248433	SRX2553770	SRS1971485	SRP099307	PRJNA374394	Chlamydia gallinacea	JX-1	PACBIO_SMRT	PacBio RS II	775436195.0	119452.0	WGS	GENOMIC	SINGLE	Chlamydia gallinacea JX-1
SRR24140015	SRX19938390	SRS17287099	SRP247747	PRJNA604975	Escherichia coli	ox_bsi_289	OXFORD_NANOPORE	GridION	135125534.0	33789.0	WGS	GENOMIC	SINGLE	oxford_bsi
SRR35513761	SRX30589603	SRS26618000	SRP620300	PRJNA1328464	Staphylococcus hominis	SHOMINIS	OXFORD_NANOPORE	GridION	20337059.0	29899.0	WGS	GENOMIC	SINGLE	Staphylococcus hominis, MMV kit, replicate 1, sequence replicate 2
SRR29777150	SRX25277246	SRS21961077	SRP519287	PRJNA1134122	Listeria monocytogenes	N22-3360	OXFORD_NANOPORE	MinION	372494315.0	43472.0	WGS	GENOMIC	SINGLE	Long read WGS of Listeria monocytogenes: isolate N22-3360
SRR24139868	SRX19938537	SRS17287244	SRP247747	PRJNA604975	Escherichia coli	ox_bsi_712	OXFORD_NANOPORE	GridION	147780128.0	69279.0	WGS	GENOMIC	SINGLE	oxford_bsi
ERR14686350	ERX14087869	ERS23773264	ERP169826	PRJEB86481	Escherichia coli str. K-12 substr. MG1655	K-12	OXFORD_NANOPORE	MinION	275451858.0	106709.0	WGS	GENOMIC	SINGLE	MinION sequencing
SRR25793420	SRX21515689	SRS8481904	SRP457515	PRJNA1010762	Bacillus cereus		OXFORD_NANOPORE	MinION	3528972280.0	885078.0	WGS	GENOMIC	SINGLE	whole-genome sequencing of Bacillus cereus
SRR14648475	SRX10986956	SRS9061356	SRP321303	PRJNA693392	Xanthomonas campestris	DAR-69854	OXFORD_NANOPORE	MinION	145640394.0	13372.0	WGS	GENOMIC	SINGLE	MinION genome sequencing of Xanthomonas campestris: DAR-69854
SRR23530432	SRX19422874	SRS16817029	SRP423167	PRJNA935284	Shigella dysenteriae	NCDC 599-52	PACBIO_SMRT	Sequel	499028063.0	94228.0	WGS	GENOMIC	SINGLE	Sequencing of the Shigella dysenteriae strain NCDC 599-52
ERR15077677	ERX14482316	ERS24753394	ERP172924	PRJEB89896	Klebsiella pneumoniae		PACBIO_SMRT	Sequel II	1419553681.0	85179.0	WGS	GENOMIC	SINGLE	Sequel II sequencing
ERR9855646	ERX9401657	ERS12242846	ERP138435	PRJEB53630	Salmonella enterica subsp. enterica serovar Concord		OXFORD_NANOPORE	MinION	263494632.0	26321.0	WGS	GENOMIC	SINGLE	MinION sequencing
SRR27145177	SRX22826938	SRS19807646	SRP476599	PRJNA1050169	Citroniella saccharovorans	DSM 29873	OXFORD_NANOPORE	MinION	36514595.0	3832.0	WGS	GENOMIC	SINGLE	Nanopore MinION of C. saccharovorans
SRR29931822	SRX25425678	SRS22086150	SRP521707	PRJNA1139194	Shigella sonnei	3.6.1.1.2	OXFORD_NANOPORE	GridION	407018581.0	100535.0	WGS	GENOMIC	SINGLE	Nanopore sequencing of Shigella
SRR27167522	SRX22848366	SRS19827967	SRP477207	PRJNA1050835	Pseudomonas aeruginosa	not applicable	OXFORD_NANOPORE	MinION	63218396.0	16558.0	WGS	GENOMIC	SINGLE	Long read ONT WGS of Pseduomonas aeruginosa isolates from Chronic Rhinosinusitis Patients
ERR2125636	ERX2182488	ERS1424474	ERP005928	PRJEB6403	Prevotella corporis	NCTC13065	PACBIO_SMRT	PacBio RS	373895326.0	163482.0	WGS	GENOMIC	SINGLE	PacBio RS sequencing
SRR24001259	SRX19804743	SRS17166616	SRP429910	PRJNA909850	human blood metagenome	-	OXFORD_NANOPORE	GridION	3604934.0	1946.0	WGS	GENOMIC	SINGLE	DNA isolation from S. agalactiae  using Roche
SRR33940615	SRX29142768	SRS24924636	SRP074197	PRJNA288601	Klebsiella pneumoniae		OXFORD_NANOPORE	GridION	857939501.0	87186.0	WGS	GENOMIC	SINGLE	Nanopore sequencing of ARLN isolate
SRR33769498	SRX28991864	SRS22456229	SRP444583	PRJNA962904	Escherichia coli		PACBIO_SMRT	Sequel II	975227106.0	84376.0	WGS	GENOMIC	SINGLE	PacBio sequencing of AH0262HC1 for ARCH 2
SRR1185289	SRX482703	SRS420793	SRP022635	PRJNA202029	Escherichia coli BIDMC 19C	BIDMC 19C	PACBIO_SMRT	PacBio RS	442870490.0	81741.0	WGS	GENOMIC	SINGLE	Pacbio whole genome shotgun sequencing of genomic DNA library 'PACBIO-466' containing sample 'Escherichia coli BIDMC 19C'
ERR6719441	ERX6344035	ERS4197131	ERP023216	PRJEB20997	Salmonella enterica		PACBIO_SMRT	Sequel II	1153045291.0	250404.0	WGS	GENOMIC	SINGLE	Sequel II sequencing
ERR13194345	ERX12565210	ERS20185857	ERP160059	PRJEB75483	Pseudoduganella sp. LjRoot289		OXFORD_NANOPORE	MinION	39676547.0	11814.0	WGS	GENOMIC	SINGLE	MinION sequencing
SRR30149085	SRX25616921	SRS22262775	SRP524510	PRJNA1144171	Staphylococcus aureus	sa230627_barcode16	OXFORD_NANOPORE	MinION	500524650.0	84462.0	WGS	GENOMIC	SINGLE	Staphylococcus aureus strain sa230627_barcode16
SRR6513922	SRX3601944	SRS2869943	SRP131199	PRJNA430813	Citrobacter sp. CFNIH10	CFNIH10	PACBIO_SMRT	PacBio RS II	1982556750.0	163482.0	WGS	GENOMIC	SINGLE	PacBio SMRT Sequencing of Citrobacter sp. CFNIH10 Genomic Library
SRR36118009	SRX31162646	SRS27149184	SRP647402	PRJNA1367295	Staphylococcus aureus	M1641	OXFORD_NANOPORE	MinION	199964586.0	53447.0	WGS	GENOMIC	SINGLE	Clonal complex 398 emerging as community- and healthcare-associated methicillin-resistant Staphylococcus aureus in the Czech Republic 2017-2024
ERR3685797	ERX3675401	ERS4047598	ERP114207	PRJEB31632	bacterium		OXFORD_NANOPORE	GridION	533857315.0	62265.0	WGS	GENOMIC	SINGLE	GridION sequencing
SRR36068131	SRX31114319	SRS27072669	SRP644837	PRJNA1364846	Enterococcus faecalis	GPT22-006	OXFORD_NANOPORE	GridION	294295609.0	155520.0	WGS	GENOMIC	SINGLE	Enterococcus faecalis, DBT kit, 24-plex and 50 ng DNA, replicate 6
SRR25382412	SRX21120656	SRS18386963	SRP450727	PRJNA774971	Pantoea agglomerans	DBM 3797	OXFORD_NANOPORE	MinION	2481156435.0	151375.0	WGS	GENOMIC	SINGLE	WGS ONT: Pantoea agglomerans DBM 3797
SRR27379417	SRX23055634	SRS20015669	SRP480616	PRJNA1055176	Escherichia coli	Not available	OXFORD_NANOPORE	MinION	1487080954.0	201697.0	WGS	GENOMIC	SINGLE	Whole genome sequence of E. coli
SRR35233893	SRX30337116	SRS26381191	SRP291668	PRJNA675431	Klebsiella pneumoniae	KP1842	OXFORD_NANOPORE	PromethION	313859388.0	103808.0	WGS	GENOMIC	SINGLE	WGS of Klebsiella pneumoniae
DRR520002	DRX503888	DRS477440	DRP013349	PRJDB12871	Enterococcus faecium	MRY18-96	OXFORD_NANOPORE	MinION	159753766.0	82991.0	WGS	GENOMIC	SINGLE	MinION sequencing of SAMD00665366
ERR5621401	ERX5339806	ERS6142072	ERP024487	PRJEB22149	Salmonella enterica	DT56 variant	OXFORD_NANOPORE	MinION	1521497634.0	293174.0	WGS	GENOMIC	SINGLE	MinION sequencing
SRR27201522	SRX22881482	SRS19853891	SRP477847	PRJNA1052100	Klebsiella pneumoniae	E50	OXFORD_NANOPORE	MinION	386707530.0	117497.0	WGS	GENOMIC	SINGLE	ONT R9.4.1 sequences of Klebsiella pneumoniae from clinical sources in Ghana
SRR287695	SRX078304	SRS212390	SRP007207	PRJNA68253	Escherichia coli		PACBIO_SMRT	PacBio RS	134697023.0	81741.0	WGS	GENOMIC	SINGLE	Whole Genome Sequencing for C777-09
ERR8007770	ERX7573439	ERS9899360	ERP131998	PRJEB47698	Rhizobium sp. NK-4		OXFORD_NANOPORE	MinION	292857594.0	47592.0	WGS	GENOMIC	SINGLE	MinION sequencing
ERR10452950	ERX9976405	ERS6794041	ERP109413	PRJEB27342	Klebsiella oxytoca		PACBIO_SMRT	Sequel II	290717170.0	37138.0	WGS	GENOMIC	SINGLE	Sequel II sequencing
SRR6032542	SRX3182665	SRS2511313	SRP117607	PRJNA407116	Klebsiella pneumoniae	1050	OXFORD_NANOPORE	MinION	195779334.0	15278.0	WGS	GENOMIC	SINGLE	WGS of panresistant K. pneumoniae
SRR10662238	SRX7341180	SRS5801223	SRP235639	PRJNA593854	Variovorax paradoxus	CSUSB	OXFORD_NANOPORE	MinION	4969806827.0	657284.0	WGS	GENOMIC	SINGLE	Soil Isolate Variovorax
ERR16064566	ERX15454748	ERS28397701	ERP173262	PRJEB90249	Pseudomonas aeruginosa		OXFORD_NANOPORE	GridION	279015047.0	36527.0	WGS	GENOMIC	SINGLE	GridION sequencing
SRR386747	SRX109808	SRS004883	SRP001079	PRJNA40077	Cereibacter sphaeroides 2.4.1	2.4.1	PACBIO_SMRT	PacBio RS	15785703.0	60667.0	WGS	GENOMIC	SINGLE	Whole Genome Sequencing and Assembly
SRR9964087	SRX6711601	SRS5264734	SRP218287	PRJNA558282	Nonomuraea sp. C10	C10	PACBIO_SMRT	Sequel	11585158367.0	1421185.0	WGS	GENOMIC	SINGLE	WGS of Nonomuraea sp. C10
SRR23347529	SRX19289504	SRS16690584	SRP421131	PRJNA931653	Escherichia coli K-12	K-12	OXFORD_NANOPORE	GridION	20737645.0	4000.0	WGS	GENOMIC	SINGLE	Nanopore sequencing of Ciprofloxacin challenged E. coli
SRR24459456	SRX20246402	SRS17579562	SRP436282	PRJNA930171	Xylella fastidiosa subsp. multiplex	AlmaReb6	OXFORD_NANOPORE	MinION	1284168600.0	127101.0	WGS	GENOMIC	SINGLE	xfm-b6
SRR10211219	SRX6931025	SRS5461320	SRP191068	PRJNA528511	Escherichia coli	GTEN_320	OXFORD_NANOPORE	GridION	1876575580.0	3069859.0	WGS	GENOMIC	SINGLE	Global TravEpiNet AMR surveillance Genome sequencing and assembly
SRR35071166	SRX30184855	SRS26244865	SRP610420	PRJNA1308807	Escherichia coli	Ec_389	OXFORD_NANOPORE	MinION	437131150.0	36933.0	WGS	GENOMIC	SINGLE	Oxford Nanopore sequences of an isolated E. coli strain from wastewater
ERR5295526	ERX5085151	ERS5649924	ERP126298	PRJEB42440	Klebsiella pneumoniae		OXFORD_NANOPORE	GridION	1199743320.0	166799.0	WGS	GENOMIC	SINGLE	GridION sequencing
ERR10499491	ERX10016777	ERS14256853			Escherichia coli		OXFORD_NANOPORE	GridION	352435560.0	26587.0	WGS	GENOMIC	SINGLE	GridION sequencing; Raw reads: ONT_30345_1#273
SRR12298465	SRX8801602	SRS6792622	SRP266402	PRJNA605147	Escherichia coli	RHB21-C07	OXFORD_NANOPORE	GridION	208893416.0	33112.0	WGS	GENOMIC	SINGLE	OXFORD_NANOPORE sequencing of Escherichia coli isolate RH06|T2-C07 cultured from Cattle faeces sample
SRR29881130	SRX25377491	SRS22042878	SRP520813	PRJNA1136810	Bacillus pumilus	LBUM494	PACBIO_SMRT	Sequel II	242921274.0	39711.0	WGS	GENOMIC	SINGLE	LBUM494 PacBio sequencing reads
ERR15424160	ERX14828104	ERS25489586	ERP174275	PRJEB91289	Acinetobacter baumannii		OXFORD_NANOPORE	PromethION	1016763573.0	165706.0	WGS	GENOMIC	SINGLE	Raw reads: MED0831_L
SRR901619	SRX306442	SRS445411	SRP026058	PRJNA203566	Mycobacteroides abscessus MAB_082312_2258	MAB_082312_2258	PACBIO_SMRT	PacBio RS	455966835.0	81741.0	WGS	GENOMIC	SINGLE	
SRR31024104	SRX26411459	SRS22931413	SRP539092	PRJNA1174068	Vibrio cholerae	mHDM VC74	OXFORD_NANOPORE	PromethION	79973165.0	38286.0	WGS	GENOMIC	SINGLE	WGS of Vcholerae isolates
SRR9641504	SRX6403348	SRS5061396	SRP040661	PRJNA231221	Salmonella enterica	FDAARGOS_768	PACBIO_SMRT	PacBio RS	2786554237.0	163482.0	WGS	GENOMIC	SINGLE	
SRR9722803	SRX6480406	SRS5130470	SRP215816	PRJNA470993	Staphylococcus aureus	pt173	PACBIO_SMRT	PacBio RS II	1288833271.0	173571.0	WGS	GENOMIC	SINGLE	WGS of Staphylococcus aureus
ERR13600831	ERX12971854	ERS5521267	ERP126193	PRJEB42350	Klebsiella pneumoniae		OXFORD_NANOPORE	GridION	1088995451.0	45818.0	WGS	GENOMIC	SINGLE	GridION sequencing
SRR16202065	SRX12486423	SRS10449816	SRP340014	PRJNA717380	Bacillus sp. (in: firmicutes)	Bacillus sp. LJBV19	OXFORD_NANOPORE	PromethION	1512995654.0	210891.0	WGS	GENOMIC	SINGLE	LJBV19
SRR36068089	SRX31114269	SRS27072669	SRP644837	PRJNA1364846	Enterococcus faecalis	GPT22-006	OXFORD_NANOPORE	GridION	206502693.0	65328.0	WGS	GENOMIC	SINGLE	Enterococcus faecalis, DBT kit, 24-plex and 200 ng DNA, replicate 2
SRR26389272	SRX22095301	SRS19161189	SRP466359	PRJNA660241	Salmonella sp. 163	163	PACBIO_SMRT	PacBio RS	1050737400.0	3502458.0	WGS	GENOMIC	PAIRED	Salmonella enterica Genome sequencing
SRR36019094	SRX31068265	SRS27057508	SRP644531	PRJNA1081934	Stenotrophomonas maltophilia	ESTM1D_MKCAZ16_6a	OXFORD_NANOPORE	MinION	342367676.0	52438.0	WGS	GENOMIC	SINGLE	Sm18 ONT/MinION reads
ERR601548	ERX558377	ERS467561	ERP005355	PRJEB5919	Salmonella enterica subsp. enterica serovar Typhi		PACBIO_SMRT	PacBio RS	572709479.0	163482.0	WGS	GENOMIC	SINGLE	PacBio RS sequencing
SRR30149253	SRX25617380	SRS21937472	SRP518730	PRJNA1133668	Klebsiella pneumoniae	ST258KP155	OXFORD_NANOPORE	MinION	132345818.0	12664.0	WGS	GENOMIC	SINGLE	Nanopore sequencing of clinical CRE isolates: human
ERR10472445	ERX9992790	ERS7104559	ERP109413	PRJEB27342	Klebsiella quasipneumoniae subsp. quasipneumoniae		PACBIO_SMRT	Sequel II	188254963.0	27077.0	WGS	GENOMIC	SINGLE	Sequel II sequencing
ERR1802425	ERX1866156	ERS1324107	ERP005928	PRJEB6403	Rhodococcus gordoniae	NCTC13296	PACBIO_SMRT	PacBio RS	1394758285.0	163482.0	WGS	GENOMIC	SINGLE	PacBio RS sequencing
ERR13577349	ERX12947252	ERS20900530	ERP161852	PRJEB77420	Serratia marcescens		OXFORD_NANOPORE	MinION	1186345805.0	375240.0	WGS	GENOMIC	SINGLE	Raw reads: Long reads sequencing of S2-40035 isolate
SRR24212140	SRX20008675	SRS17352579	SRP433373	PRJNA956928	Serratia marcescens	RMCH-M16-N	OXFORD_NANOPORE	MinION			WGS	GENOMIC	SINGLE	Nanopore WGS of Serratia marcescens
SRR31235477	SRX26615356	SRS23113878	SRP543347	PRJNA1182389	Escherichia coli	NEB 10-beta	OXFORD_NANOPORE	MinION	10363645.0	2094.0	WGS	GENOMIC	SINGLE	Long Read Sequencing of synthetic plasmid
ERR1787533	ERX1851256	ERS1275665	ERP005928	PRJEB6403	Gordonia bronchialis	NCTC10667	PACBIO_SMRT	PacBio RS	1224533834.0	163482.0	WGS	GENOMIC	SINGLE	PacBio RS sequencing
SRR27972622	SRX23625831	SRS20465357	SRP489819	PRJNA1076692	Escherichia coli	RIVM_C055404_dorado	OXFORD_NANOPORE	MinION	410735579.0	110191.0	WGS	GENOMIC	SINGLE	RIVM_C055404_dorado
SRR26882527	SRX22576937	SRS19584495	SRP472921	PRJNA1042619	Klebsiella pneumoniae	ACESH02121	OXFORD_NANOPORE	PromethION	1091445449.0	95373.0	WGS	GENOMIC	SINGLE	Klebsiella pneumoniae
SRR23875585	SRX19687627	SRS17056739	SRP427598	PRJNA936716	Enterocloster clostridioformis	LM41	OXFORD_NANOPORE	GridION	516619194.0	144902.0	WGS	GENOMIC	SINGLE	Nanopore sequencing of C. clostridioforme LM41
SRR34986119	SRX30104851	SRS26168501	SRP608826	PRJNA1305362	Listeria monocytogenes	Lm_186	OXFORD_NANOPORE	MinION	365717035.0	83109.0	WGS	GENOMIC	SINGLE	Oxford Nanopore sequences of an isolated L. monocytogenes strain from wastewater
SRR13219834	SRX9652578	SRS7851920	SRP297100	PRJNA682246	Escherichia coli	PN-013-E3-S01_E_coli_CiP_LF	OXFORD_NANOPORE	MinION	386449444.0	46175.0	WGS	GENOMIC	SINGLE	WGS of Escherichia coli
ERR10496770	ERX10014089	ERS14249014	ERP142629	PRJEB57633	Escherichia coli		OXFORD_NANOPORE	GridION	140527912.0	28503.0	WGS	GENOMIC	SINGLE	Raw reads: ONT_30134_6#81
SRR18681701	SRX14782796	SRS12539508	SRP368114	PRJNA824420	Escherichia coli	GD02924_ECOL_HY_40	OXFORD_NANOPORE	MinION	213517821.0	27823.0	WGS	GENOMIC	SINGLE	Long-read sequencing of Escherichia coli: isolate #40 urine
SRR22836533	SRX18795744	SRS930525	SRP018785	PRJNA186035	Salmonella enterica subsp. enterica serovar Rubislaw	CFSAN024580	PACBIO_SMRT	Sequel	669600515.0	143107.0	WGS	GENOMIC	SINGLE	Whole genome PacBio Sequel sequence of Salmonella enterica subsp. enterica
SRR30734842	SRX26137713	SRS22699462	SRP532514	PRJNA1160826	Staphylococcus haemolyticus		OXFORD_NANOPORE	MinION	91456578.0	15536.0	WGS	GENOMIC	SINGLE	EW50015
SRR27748415	SRX23413679	SRS20268937	SRP486241	PRJNA1070055	Geobacter argillaceus	bacteria	PACBIO_SMRT	PacBio RS	80874628.0	55747.0	WGS	GENOMIC	SINGLE	III-7d-2.fq
SRR1735542	SRX824791	SRS804399	SRP051235	PRJNA269579	Escherichia coli	IH57218	PACBIO_SMRT	PacBio RS	660171574.0	216301.0	WGS	GENOMIC	SINGLE	Escherichia coli STEC/ETEC genome sequencing
ERR5295528	ERX5085153	ERS5649926	ERP126298	PRJEB42440	Escherichia coli		OXFORD_NANOPORE	GridION	1047718725.0	146339.0	WGS	GENOMIC	SINGLE	GridION sequencing
SRR18497247	SRX14628727	SRS12395232	SRP366159	PRJNA820346	Acinetobacter indicus	Q22-2_T	OXFORD_NANOPORE	GridION	211392271.0	53999.0	WGS	GENOMIC	SINGLE	The raw read data of Acinetobacrer indicus Q22-2
SRR15989642	SRX12277897	SRS9998835	SRP357537	PRJNA801416	Enterobacter cloacae	E1032	OXFORD_NANOPORE	GridION	1034205304.0	104010.0	WGS	GENOMIC	SINGLE	Whole Genome Sequencing of Carbapenemase-producing Enterobacterales (CPE)
DRR628307	DRX608635	DRS438353	DRP012469	PRJDB19832	Prevotella bivia	GTC18476	OXFORD_NANOPORE	PromethION	860426129.0	73153.0	WGS	GENOMIC	SINGLE	PromethION sequencing of SAMD00855378
SRR31024239	SRX26411324	SRS22931278	SRP539092	PRJNA1174068	Vibrio cholerae	mHDM VC205	OXFORD_NANOPORE	PromethION	621877195.0	337595.0	WGS	GENOMIC	SINGLE	WGS of Vcholerae isolates
SRR26465446	SRX22169511	SRS19227361	SRP467862	PRJNA1000275	Escherichia coli	2016C04-116	OXFORD_NANOPORE	MinION	683461343.0	101332.0	WGS	GENOMIC	SINGLE	VP67
SRR27301235	SRX22978749	SRS19944377	SRP479212	PRJNA1055088	Staphylococcus pseudintermedius	MLST 64	OXFORD_NANOPORE	PromethION	574176453.0	322840.0	WGS	GENOMIC	SINGLE	WGS of S. pseudintermedius canine isolate 29-036
ERR15729447	ERX15134575	ERS26766711	ERP179457	PRJEB96843	Salmonella enterica subsp. enterica serovar Infantis		OXFORD_NANOPORE	MinION	1126505063.0	49131.0	WGS	GENOMIC	SINGLE	MinION sequencing
SRR19612280	SRX15663072	SRS13361481	SRP379467	PRJNA833940	Enterococcus faecalis	AT40b	OXFORD_NANOPORE	MinION	517375192.0	49305.0	WGS	GENOMIC	SINGLE	Long read sequencing of Enterococcus faecalis AT40b
SRR5419952	SRX2711482	SRS2103212	SRP040661	PRJNA231221	Chryseobacterium indologenes	FDAARGOS_337	PACBIO_SMRT	PacBio RS	1323509242.0	163482.0	WGS	GENOMIC	SINGLE	
SRR36286181	SRX31319576	SRS27217880	SRP649163	PRJNA1230056	Enterococcus faecium	VRE_04	OXFORD_NANOPORE	GridION	382605037.0	142006.0	WGS	GENOMIC	SINGLE	WGS of E. faecium
SRR31976240	SRX27331437	SRS23507017	SRP074197	PRJNA288601	Enterobacter sichuanensis	2024HL-01376	OXFORD_NANOPORE	MinION	918193950.0	175486.0	WGS	GENOMIC	SINGLE	Long read sequencing of carbapenemase producing organisms
SRR10426838	SRX7122924	SRS5632722	SRP229455	PRJNA588202	Bacillus sp. N3536	N3536	PACBIO_SMRT	PacBio RS II	884494751.0	163482.0	WGS	GENOMIC	SINGLE	BscX_fresh_growth_Fomenkov_SBF_02_01_19_932/F02
SRR21563383	SRX17565791	SRS11554682	SRP354045	PRJNA747871	Streptomyces sp. NBC_01001	NBC_01001	OXFORD_NANOPORE	MinION	153915709.0	126359.0	WGS	GENOMIC	SINGLE	nanopore sequencing data from strain NBC_01001
SRR7449868	SRX4317656	SRS3480641	SRP151539	PRJNA477342	Flavobacterium columnare	FC-100715-19	OXFORD_NANOPORE	MinION	146051716.0	39376.0	WGS	GENOMIC	SINGLE	FC-100715-19_MinION
SRR21472560	SRX17476645	SRS15029882	SRP396115	PRJNA868296	Aeromonas caviae	GD03788	OXFORD_NANOPORE	MinION	333949722.0	29781.0	WGS	GENOMIC	SINGLE	WGS of Aeromonas caviae
SRR12395320	SRX8893577	SRS7152599	SRP276100	PRJNA650381	Mycobacterium tuberculosis variant bovis BCG		OXFORD_NANOPORE	MinION	443190303.0	216223.0	WGS	GENOMIC	SINGLE	Nanopore TB WGS
SRR31235451	SRX26615382	SRS23113906	SRP543347	PRJNA1182389	Escherichia coli	NEB 10-beta	OXFORD_NANOPORE	MinION	8210022.0	3817.0	WGS	GENOMIC	SINGLE	Long Read Sequencing of synthetic plasmid
SRR36797900	SRX31784448	SRS27747149	SRP661661	PRJNA1389824	Klebsiella grimontii		OXFORD_NANOPORE	MinION	475889766.0	171675.0	WGS	GENOMIC	SINGLE	evolved microcosm clones
DRR723983	DRX704004	DRS495676	DRP013756	PRJDB35717	Haemophilus influenzae		OXFORD_NANOPORE	MinION	629808521.0	155970.0	WGS	GENOMIC	SINGLE	Oxford Nanopore MinION R10.4 sequencing of SAMD01599403
ERR16137080	ERX15526746	SRS10826923	ERP187675	PRJEB106623	Neisseria gonorrhoeae		OXFORD_NANOPORE	MinION	177172898.0	17698.0	WGS	GENOMIC	SINGLE	Raw reads: JJJ020
SRR3500542	SRX1758551	SRS1434871	SRP074901	PRJNA319532	Pseudomonas aeruginosa	BAMCPA07-48	PACBIO_SMRT	PacBio RS II	840226264.0	106433.0	WGS	GENOMIC	SINGLE	Pac-Bio raw reads for Pseudomonas aeruginosa BAMCPA07-48 genome sequencing
ERR10155854	ERX9691974	ERS6426112	ERP109413	PRJEB27342	Klebsiella terrigena		PACBIO_SMRT	Sequel II	5860756550.0	879366.0	WGS	GENOMIC	SINGLE	Sequel II sequencing
SRR12395347	SRX8893550	SRS7152572	SRP276100	PRJNA650381	Mycobacterium tuberculosis		OXFORD_NANOPORE	MinION	685257856.0	428525.0	WGS	GENOMIC	SINGLE	Nanopore TB WGS
SRR26135159	SRX21848568	SRS18945827	SRP462492	PRJNA946810	Pseudomonas aeruginosa	Rectal_2_P2	OXFORD_NANOPORE	GridION	83770456.0	25862.0	WGS	GENOMIC	SINGLE	WGS of Pseudomonas aeruginosa from hospitalized patiens from Quito, Ecuador
SRR22859876	SRX18818708	SRS16251838	SRP414408	PRJNA914892	Staphylococcus aureus	C355	OXFORD_NANOPORE	MinION	106437622.0	37680.0	WGS	GENOMIC	SINGLE	Long read ONT WGS of Staphylococcus aureus isolates from Chronic Rhinosinusitis Patients
ERR15606614	ERX15009759	ERS26887937	ERP171481	PRJEB88388	Priestia megaterium	R-90783	OXFORD_NANOPORE	MinION	693821706.0	526484.0	WGS	GENOMIC	SINGLE	Raw reads: Priestia megaterium R-90783
SRR36797813	SRX31784535	SRS27747236	SRP661661	PRJNA1389824	Chryseobacterium sp. W2f		OXFORD_NANOPORE	MinION	467606985.0	249670.0	WGS	GENOMIC	SINGLE	evolved microcosm clones
SRR22094573	SRX18074585	SRS15579623	SRP405168	PRJNA884522	Enterobacter cloacae	2312040	OXFORD_NANOPORE	PromethION	1942001869.0	148563.0	WGS	GENOMIC	SINGLE	Genomic DNA of Enterobacter cloacae
DRR453254	DRX438337	DRS450478	DRP012740	PRJDB15212	Microbacterium sp. T3-8	T3-8	PACBIO_SMRT	Sequel II	413840404.0	28521.0	WGS	GENOMIC	SINGLE	Sequel II sequencing of SAMD00577795
SRR21362390	SRX17368063	SRS12115004	SRP361569	PRJNA768416	Bacillus sp. FSL L8-0152	FSL L8-0152	OXFORD_NANOPORE	MinION	805446307.0	134660.0	WGS	GENOMIC	SINGLE	WGS of Bacilli
ERR7440776	ERX7010484	ERS8582304	ERP133155	PRJEB48743	Paenalcaligenes niemegkensis		OXFORD_NANOPORE	MinION	236281254.0	80552.0	WGS	GENOMIC	SINGLE	MinION sequencing; Raw reads: barcode10
SRR34973205	SRX30092607	SRS26157645	SRP608514	PRJNA1305037	Enterobacter hormaechei	MI_KPC_833	OXFORD_NANOPORE	PromethION	500001014.0	47574.0	WGS	GENOMIC	SINGLE	KPC CRE collection from state of Michigan
SRR30896158	SRX26299863	SRS22828585	SRP536878	PRJNA1134622	Escherichia coli	OXEC-231	OXFORD_NANOPORE	MinION	837250038.0	169976.0	WGS	GENOMIC	SINGLE	OXEC-231
SRR3441719	SRX1727958	SRS1324858	SRP050002	PRJNA266616	Bordetella pertussis		PACBIO_SMRT	PacBio RS II	1888421862.0	163482.0	WGS	GENOMIC	SINGLE	
ERR695652	ERX640133	ERS523598	ERP005928	PRJEB6403	Klebsiella pneumoniae	NCTC10314	PACBIO_SMRT	PacBio RS	877897467.0	163482.0	WGS	GENOMIC	SINGLE	PacBio RS sequencing
ERR15881584	ERX15278537	ERS27288641	ERP185127	PRJEB103775	Streptococcus pyogenes		OXFORD_NANOPORE	MinION	118739084.0	58819.0	WGS	GENOMIC	SINGLE	MinION sequencing
ERR926635	ERX1005910	ERS687817	ERP009944	PRJEB8901	Vibrio cholerae		PACBIO_SMRT	PacBio RS	944516167.0	163482.0	WGS	GENOMIC	SINGLE	PacBio RS sequencing
SRR15499550	SRX11799036	SRS9801775	SRP332850	PRJNA751845	Staphylococcus aureus	SQL1	PACBIO_SMRT	Sequel	9720400500.0	32401335.0	WGS	GENOMIC	SINGLE	Methicillin-resistant Staphylococcus aureus Genome sequencing and assembly
SRR26386659	SRX22092784	SRS19158745	SRP466359	PRJNA660241	Salmonella sp. SM-96	SM-96	PACBIO_SMRT	PacBio RS	1038756600.0	3462522.0	WGS	GENOMIC	PAIRED	Salmonella enterica Genome sequencing
ERR13802530	ERX13203282	ERS21186405	ERP164461	PRJEB80477	Acinetobacter baumannii		OXFORD_NANOPORE	MinION	309887984.0	88285.0	WGS	GENOMIC	SINGLE	MinION sequencing
SRR13907625	SRX10287271	SRS5635529	SRP229523	PRJNA589028	Escherichia coli	17-AB00432	OXFORD_NANOPORE	MinION	9714919.0	6.0	WGS	GENOMIC	SINGLE	assemblies of MinION
DRR261748	DRX251451	DRS268087	DRP009331	PRJDB10937	Salmonella enterica	SECerM2017	OXFORD_NANOPORE	GridION	767265535.0	579320.0	WGS	GENOMIC	SINGLE	GridION sequencing of SAMD00264093
SRR28445670	SRX24049231	SRS20840578	SRP497734	PRJNA1077798	Alteromonas gracilis	J4	OXFORD_NANOPORE	MinION	2697837.0	1000.0	WGS	GENOMIC	SINGLE	Alteromonas gracilis strain J4, whole genome Nanopore Sequencing
ERR10498249	ERX10015538	ERS14254474	ERP142629	PRJEB57633	Escherichia coli		OXFORD_NANOPORE	GridION	62485273.0	8478.0	WGS	GENOMIC	SINGLE	Raw reads: ONT_30859_5#222
SRR30040129	SRX25514847	SRS21840239	SRP516844	PRJNA1129555	Xanthomonas sp. NCPPB 4037	NCPPB 4037	OXFORD_NANOPORE	PromethION	2761421701.0	502702.0	WGS	GENOMIC	SINGLE	Genome sequencing of NCPPB 4037
SRR386632	SRX109828	SRS004883	SRP001079	PRJNA40077	Cereibacter sphaeroides 2.4.1	2.4.1	PACBIO_SMRT	PacBio RS	19000341.0	60667.0	WGS	GENOMIC	SINGLE	Whole Genome Sequencing and Assembly
SRR643241	SRX209660	SRS379417	SRP017524	PRJNA183628	Escherichia coli str. K-12 substr. MG1655	K-12 substr. MG1655	PACBIO_SMRT	PacBio RS	131411037.0	81741.0	WGS	GENOMIC	SINGLE	WGA E. coli genome DNA sequenced by C2 chemistry (Null)
ERR8050505	ERX7617222	ERS9970814	ERP130357	PRJEB46151	Salmonella enterica	SRR7284447	OXFORD_NANOPORE	MinION	3608229726.0	368684.0	WGS	GENOMIC	SINGLE	MinION sequencing; Raw reads: ONT-sequencing-SRR7284447
SRR33822594	SRX29043852	SRS25259225	SRP589762	PRJNA1271261	Burkholderia pseudomallei	PPS-00728	OXFORD_NANOPORE	GridION	991700311.0	183027.0	WGS	GENOMIC	SINGLE	ONT-WGS of Burkholderia pseudomallei: from  of
DRR572662	DRX556129	DRS426440	DRP012251	PRJDB17574	Escherichia coli	YK-IS1MA-L08-1_G20	OXFORD_NANOPORE	MinION	100747019.0	10364.0	WGS	GENOMIC	SINGLE	nanopore-seq of SAMD00748257 L08-1_G20
SRR33768899	SRX28991180	SRS22456531	SRP444583	PRJNA962904	Klebsiella pneumoniae		PACBIO_SMRT	Sequel II	491717573.0	22639.0	WGS	GENOMIC	SINGLE	PacBio sequencing of AH0724HE1 for ARCH 2
ERR10229192	ERX9764148	ERS6480112	ERP109413	PRJEB27342	Klebsiella pneumoniae		PACBIO_SMRT	Sequel II	5849949198.0	882771.0	WGS	GENOMIC	SINGLE	Sequel II sequencing
SRR32610437	SRX27915747	SRS24273872	SRP568450	PRJNA1228643	Dyadobacter endophyticus	E-01	OXFORD_NANOPORE	GridION	344312306.0	35769.0	WGS	GENOMIC	SINGLE	ONT WGS of Dyadobacter E-01
SRR30342889	SRX25801260	SRS22432735	SRP528120	PRJNA1150149	Pseudomonas aeruginosa	NOVEL	OXFORD_NANOPORE	MinION	465145482.0	58258.0	WGS	GENOMIC	SINGLE	ONT long-read sequencing of potential healthcare transmission pathogens
SRR10520594	SRX7205374	SRS5709780	SRP231881	PRJNA556438	Neisseria meningitidis	AUSMDU00005726	PACBIO_SMRT	PacBio RS II	3921982553.0	163482.0	WGS	GENOMIC	SINGLE	WGS of AUSMDU00005726: PacBio
SRR24037495	SRX19840045	SRS17198656	SRP430371	PRJNA948666	Paenibacillus larvae	PL015	OXFORD_NANOPORE	GridION	507256672.0	351209.0	WGS	GENOMIC	SINGLE	DNA seq of Paenibacillus larvae
SRR35785768	SRX30835071	SRS26843716	SRP632095	PRJNA1345082	Escherichia coli	30-2013-C25	OXFORD_NANOPORE	PromethION	55299651.0	14400.0	WGS	GENOMIC	SINGLE	WGS of persistently-infected Escherichia coli strain restreaks
SRR7554934	SRX4420778	SRS3332959	SRP093625	PRJNA354244	Salmonella enterica subsp. enterica serovar Brandenburg	SA20113174	OXFORD_NANOPORE	MinION	88231664.0	14589.0	WGS	GENOMIC	SINGLE	SA20113174
SRR33768888	SRX28991414	SRS22456199	SRP444583	PRJNA962904	Escherichia coli		PACBIO_SMRT	Sequel II	604678404.0	30150.0	WGS	GENOMIC	SINGLE	PacBio sequencing of AH0235HE1 for ARCH 2
SRR21563346	SRX17565828	SRS14987307	SRP354045	PRJNA747871	Streptomyces cyaneofuscatus	NBC 01749	OXFORD_NANOPORE	MinION	1340780221.0	95897.0	WGS	GENOMIC	SINGLE	nanopore sequencing data from strain NBC_01749
SRR16296518	SRX12575428	SRS4347033	SRP042645	PRJNA248792	Salmonella enterica subsp. enterica serovar Typhi	681355	OXFORD_NANOPORE	MinION	1246821827.0	245634.0	WGS	GENOMIC	SINGLE	Nanopore sequencing of S. Typhi
ERR10498712	ERX10016001	ERS14255733	ERP142629	PRJEB57633	Escherichia coli		OXFORD_NANOPORE	GridION	63687959.0	9095.0	WGS	GENOMIC	SINGLE	Raw reads: ONT_30602_1#29
SRR22859960	SRX18818623	SRS16251860	SRP414408	PRJNA914892	Staphylococcus aureus	C863	OXFORD_NANOPORE	MinION	234015223.0	38159.0	WGS	GENOMIC	SINGLE	Long read ONT WGS of Staphylococcus aureus isolates from Chronic Rhinosinusitis Patients
SRR8365085	SRX5175494	SRS4182815	SRP174267	PRJNA510422	Salmonella enterica subsp. enterica serovar Moero	RSE29	OXFORD_NANOPORE	MinION	500005087.0	19060.0	WGS	GENOMIC	SINGLE	whole genome sequencing of Salmonella: human isolate
SRR33532052	SRX28766403	SRS25006312	SRP584654	PRJNA1258996	Bordetella pertussis	J820L01P08	PACBIO_SMRT	Sequel II	1204147160.0	237548.0	WGS	GENOMIC	SINGLE	Long-read sequencing of Bordetella pertussis serial laboratory passage J820L01P08
SRR29820058	SRX25318893	SRS21988502	SRP519730	PRJNA1135485	Salmonella		OXFORD_NANOPORE	MinION	572016321.0	92821.0	WGS	GENOMIC	SINGLE	WGS Salmonella isolates from cattle
SRR11867877	SRX8418111	SRS6729739	SRP265117	PRJNA635644	Escherichia coli	O9:H21/H47/H55	OXFORD_NANOPORE	MinION	726073193.0	196204.0	WGS	GENOMIC	SINGLE	Nanopore WGS of Malawi ExPEC 29
SRR7955924	SRX4789606	SRS3868709	SRP163140	PRJNA493236	Listeria monocytogenes	52330	PACBIO_SMRT	PacBio RS II	1526270406.0	163482.0	WGS	GENOMIC	SINGLE	Genomic-based identification of environmental and clinical Listeria monocytogenes strains associated with an abortion outbreak in beef heifers
SRR30655738	SRX26075826	SRS22644067	SRP555365	PRJNA1206708	Acinetobacter baumannii	DSM30007_Rep5	OXFORD_NANOPORE	GridION	460963340.0	152899.0	WGS	GENOMIC	SINGLE	Nanopore reproducibility
ERR4763106	ERX4636159	ERS5247854	ERP124695	PRJEB40976	Enterococcus faecalis		OXFORD_NANOPORE	GridION	469657872.0	22526.0	WGS	GENOMIC	SINGLE	GridION sequencing; Raw reads: 27725_1#295
SRR21536948	SRX17539253	SRS15086645	SRP396804	PRJNA793523	Pseudomonas aeruginosa	HS_121	PACBIO_SMRT	PacBio RS II	1062237898.0	98039.0	WGS	GENOMIC	SINGLE	Whole genome sequences of the 199 Pseudomonas aeruginosa ear swab isolates
ERR9843328	ERX9389125	ERS2652570	ERP104475	PRJEB22771	Streptococcus pneumoniae		PACBIO_SMRT	Sequel II	1157861015.0	174786.0	WGS	GENOMIC	SINGLE	Sequel II sequencing
SRR33769505	SRX28991857	SRS22455808	SRP444583	PRJNA962904	Escherichia coli		PACBIO_SMRT	Sequel II	938943520.0	67403.0	WGS	GENOMIC	SINGLE	PacBio sequencing of AH0398HC2 for ARCH 2
SRR23290060	SRX19233352	SRS16637818	SRP420291	PRJNA929966	Listeria innocua	ATCC 33090	OXFORD_NANOPORE	MinION	572713810.0	102836.0	WGS	GENOMIC	SINGLE	Oxford nanopore long reads of ATCC strains used to investigate plasmid recovery by long read sequencers
SRR8776902	SRX5566868	SRS4529891	SRP189296	PRJNA528186	Staphylococcus aureus	UP_274	OXFORD_NANOPORE	MinION	624095198.0	139147.0	WGS	GENOMIC	SINGLE	UP_274_nanopore
ERR10628364	ERX10099349	ERS14301503	ERP143089	PRJEB58043	Acinetobacter baumannii	94480	OXFORD_NANOPORE	GridION	315346220.0	48977.0	WGS	GENOMIC	SINGLE	GridION sequencing
SRR24764223	SRX20539489	SRS17846669	SRP440171	PRJNA977207	Streptococcus agalactiae CJB111	CJB111	PACBIO_SMRT	Sequel II	1274241719.0	245858.0	WGS	GENOMIC	SINGLE	SMRT Sequencing of Streptococcus agalactiae CJB111
SRR29384767	SRX24898902	SRS21605159	SRP512887	PRJNA991498	Agrobacterium tumefaciens		PACBIO_SMRT	Sequel II	1250929662.0	122377.0	WGS	GENOMIC	SINGLE	Long-read sequencing of Agrobacterium tumefaciens, Isolate 1 of Microcosm 4 of condition CAtCtMl
ERR956954	ERX1034277	ERS702140	ERP005928	PRJEB6403	Klebsiella variicola	NCTC10262	PACBIO_SMRT	PacBio RS	1232201980.0	163482.0	WGS	GENOMIC	SINGLE	PacBio RS sequencing
SRR8902588	SRX5688463	SRS4299419	SRP092448	PRJNA316728	Salmonella enterica subsp. enterica serovar 1,4,[5],12:i:-	SA20143792	OXFORD_NANOPORE	MinION	1725003524.0	198439.0	WGS	GENOMIC	SINGLE	RBK004 barcoding sequencing of SA20143792
SRR31541026	SRX26907898	SRS23387357	SRP548173	PRJNA1190675	Escherichia coli	The same strain as the one under SRA accession SRR7407987	OXFORD_NANOPORE	MinION	496836732.0	97084.0	WGS	GENOMIC	SINGLE	ONT of TAS155
SRR23725160	SRX19585834	SRS16968709	SRP426074	PRJNA941188	Bacillus subtilis	PRO57	OXFORD_NANOPORE	MinION	52566818.0	7502.0	WGS	GENOMIC	SINGLE	WGS of Bacillus subtilis: cell culture
DRR424402	DRX409608	DRS205759	DRP007744	PRJDB12343	Escherichia coli	MyNCGM604	OXFORD_NANOPORE	MinION	127952917.0	10305.0	WGS	GENOMIC	SINGLE	MinION sequencing of SAMD00406331
SRR19843392	SRX15886996	SRS12114986	SRP361569	PRJNA768416	Bacillus sp. FSL K6-3458	FSL K6-3458	OXFORD_NANOPORE	MinION	1077132870.0	301886.0	WGS	GENOMIC	SINGLE	WGS of Bacilli
SRR15031890	SRX11343489	SRS9383692	SRP326726	PRJNA737600	Streptomyces sp. GMY02	GMY02	OXFORD_NANOPORE	GridION	9132952.0	4000.0	WGS	GENOMIC	SINGLE	WGS Streptomyces sp. GMY02
SRR709480	SRX228366	SRS411269	SRP022776	PRJNA82525	Enterococcus faecium EnGen0375	Efm_NY2-1	PACBIO_SMRT	PacBio RS	81373554.0	81741.0	WGS	GENOMIC	SINGLE	Pacbio whole genome shotgun sequencing of genomic DNA library 'LR_138_Efaecium_2_1' containing sample 'Pat2-1' from individual 'Enterococcus_faecium_Patient_2-1'
SRR12800489	SRX9269465	SRS7492712	SRP190319	PRJNA284866	Treponema vincentii	OMZ 861	OXFORD_NANOPORE	MinION	1173991865.0	212228.0	WGS	GENOMIC	SINGLE	Treponema vincentii OMZ 861 31K1A
DRR097347	DRX090838	DRS101407	DRP005230	PRJDB5840	Helicobacter pylori	YN1-92	PACBIO_SMRT	PacBio RS II	1492953757.0	163482.0	WGS	GENOMIC	SINGLE	PacBio RS II sequencing of SAMD00084377
DRR723706	DRX703727	DRS495841	DRP013760	PRJDB20694	Isoptericola variabilis	JCM 11754	OXFORD_NANOPORE	MinION	134967005.0	281035.0	WGS	GENOMIC	SINGLE	MinION sequencing of SAMD01611617
SRR13680684	SRX10070024	SRS8231706	SRP303037	PRJNA694442	Salmonella enterica		OXFORD_NANOPORE	GridION	419673814.0	41871.0	WGS	GENOMIC	SINGLE	Multiplex WGS of Salmonella enterica
SRR13762776	SRX10149463	SRS8036752	SRP276953	PRJNA605961	Salmonella enterica subsp. enterica serovar Typhimurium	ER3625 descendants	PACBIO_SMRT	PacBio RS II	1265910875.0	163482.0	WGS	GENOMIC	SINGLE	ER3731_SMRT1_PacBioRSII
ERR10472426	ERX9992771	ERS6795275	ERP109413	PRJEB27342	Klebsiella pneumoniae		PACBIO_SMRT	Sequel II	7000166342.0	1281405.0	WGS	GENOMIC	SINGLE	Sequel II sequencing
SRR30342865	SRX25801284	SRS22432759	SRP528120	PRJNA1150149	Escherichia coli O25b:H4-ST131	ST131	OXFORD_NANOPORE	MinION	173416611.0	64233.0	WGS	GENOMIC	SINGLE	ONT long-read sequencing of potential healthcare transmission pathogens
SRR27972779	SRX23626386	SRS20465622	SRP489819	PRJNA1076692	Pseudomonas nitroreducens	RIVM_C050449_dorado	OXFORD_NANOPORE	MinION	119276927.0	36172.0	WGS	GENOMIC	SINGLE	RIVM_C050449_dorado
SRR12886269	SRX9351936	SRS7575268	SRP161673	PRJNA292663	Escherichia coli	18SC04V04-EC	PACBIO_SMRT	Sequel	3459089518.0	1081347.0	WGS	GENOMIC	SINGLE	WGS of E.coli
DRR466484	DRX450720	DRS305736	DRP010041	PRJDB15848	Escherichia coli	EC20	OXFORD_NANOPORE	MinION	2847710467.0	380144.0	WGS	GENOMIC	SINGLE	MinION sequencing of SAMD00607284
SRR12995610	SRX9447052	SRS7660942	SRP290649	PRJNA672835	Pseudomonas aeruginosa	QZPH41	OXFORD_NANOPORE	MinION	799936141.0	81181.0	WGS	GENOMIC	SINGLE	Nanopore of Pseudomonas aeruginosa:QZPH41_hybrid
SRR30035871	SRX25511349	SRS22165638	SRP523067	PRJNA1141919	Pseudomonas leptonychotis	CCM 8849	OXFORD_NANOPORE	GridION	230018508.0	15574.0	WGS	GENOMIC	SINGLE	Whole genome sequence of a strain of Pseudomonas leptonychotis
SRR26413109	SRX22118403	SRS16091196	SRP412517	PRJNA910977	Escherichia coli	P0140	PACBIO_SMRT	Sequel II	656499542.0	52129.0	WGS	GENOMIC	SINGLE	WGS of E. coli
SRR17255225	SRX13434134	SRS11333633	SRP351211	PRJNA789142	Klebsiella pneumoniae	NRZ-29331	OXFORD_NANOPORE	MinION	919706442.0	154348.0	WGS	GENOMIC	SINGLE	NRZ-29331_WT
SRR8303662	SRX5118164	SRS821599	SRP046787	PRJNA259341	Salmonella enterica subsp. enterica serovar Enteritidis	CFSAN026638	PACBIO_SMRT	Sequel	1480130088.0	209731.0	WGS	GENOMIC	SINGLE	Whole genome PacBio Sequel sequence of Salmonella enterica subsp. enterica serovar Enteritidis
SRR18462961	SRX14595487	SRS12336760	SRP365083	PRJNA818268	Bacillus cereus	Van22R3	PACBIO_SMRT	Sequel II	7420519812.0	920846.0	WGS	GENOMIC	SINGLE	Bacillus cereus 03BB102 isolate Van22R3
SRR16950003	SRX13141873	SRS11075047	SRP346181	PRJNA779433	Pseudomonas mediterranea	B21-060	PACBIO_SMRT	Sequel	4836675603.0	736602.0	WGS	GENOMIC	SINGLE	B21-060 PacBio sequencing reads
SRR31024322	SRX26411241	SRS22931195	SRP539092	PRJNA1174068	Vibrio cholerae	mHDM VC84	OXFORD_NANOPORE	PromethION	144986162.0	96560.0	WGS	GENOMIC	SINGLE	WGS of Vcholerae isolates
ERR10676306	ERX10144070	ERS14333405	ERP143248	PRJEB58185	Campylobacter coli		OXFORD_NANOPORE	MinION	198315656.0	329428.0	WGS	GENOMIC	PAIRED	MinION paired end sequencing
SRR5019278	SRX2347259	SRS1791415	SRP093024	PRJNA352894	Synechococcus sp. SynAce01	SynAce01	PACBIO_SMRT	PacBio RS II	2753589353.0	326964.0	WGS	GENOMIC	SINGLE	WGS of SynAce01
SRR35984710	SRX31034000	SRS27016998	SRP642976	PRJNA1250212	Weissella viridescens	Wv2365	PACBIO_SMRT	Sequel	507864406.0	65161.0	WGS	GENOMIC	SINGLE	Whole-genome sequencing of Weissella viridescens strain Wv2365
SRR8270575	SRX5087266	SRS4099372	SRP171989	PRJNA501603	Xanthomonas vasicola	BLS185	PACBIO_SMRT	PacBio RS II	330499407.0	164446.0	WGS	GENOMIC	SINGLE	Xanthomonas vasicola pv. holcicola BLS185 methylation
SRR11867874	SRX8418114	SRS6729742	SRP265117	PRJNA635644	Escherichia coli	O8:H30/H55/H17	OXFORD_NANOPORE	MinION	98467101.0	82568.0	WGS	GENOMIC	SINGLE	Nanopore WGS of Malawi ExPEC 31
DRR165739	DRX156355	DRS089363	DRP004879	PRJDB7920	Pseudomonas asiatica	MY34	OXFORD_NANOPORE	MinION	54146721.0	4214.0	WGS	GENOMIC	SINGLE	MinION sequencing of SAMD00158973
SRR25466760	SRX21199661	SRS18458349	SRP452337	PRJNA1000618	Escherichia coli	Escherichia coli BL21(DE3)	OXFORD_NANOPORE	MinION	5960418.0	4000.0	WGS	GENOMIC	SINGLE	CASTVK transposition with different condition
SRR17842158	SRX14003126	SRS11841426	SRP357667	PRJNA798866	Acinetobacter baumannii	AB177-VUB	OXFORD_NANOPORE	MinION	1001827136.0	37897.0	WGS	GENOMIC	SINGLE	AB177-VUB complete chromosome
SRR12793991	SRX9263133	SRS7492722	SRP190319	PRJNA284866	Treponema sp. OMZ 906	OMZ 906	OXFORD_NANOPORE	MinION	267377387.0	89524.0	WGS	GENOMIC	SINGLE	Treponema sp. ATCC 700767 (OMZ 806, DSMZ 16787) HA1B7
SRR13289787	SRX9718959	SRS7252315	SRP278657	PRJNA658369	Klebsiella pneumoniae	ARLG-3489	OXFORD_NANOPORE	GridION	2026728954.0	412955.0	WGS	GENOMIC	SINGLE	ONT seq of K. pneumoniae
SRR26950756	SRX22644450	SRS19641537	SRP474291	PRJNA1043871	Bacillus sp. PBL-C9	PBL-C9	OXFORD_NANOPORE	MinION	2982428.0	1089.0	WGS	GENOMIC	SINGLE	Bacillus sp. PBL-C9 Genome sequencing and assembly
SRR35556713	SRX30631347	SRS19728004	SRP150360	PRJNA475751	Klebsiella pneumoniae	KLP00668	OXFORD_NANOPORE	MinION	688763534.0	163950.0	WGS	GENOMIC	SINGLE	WGS Sequencing of Klebsiella pneumoniae
SRR30293624	SRX25754237	SRS20375756	SRP487994	PRJNA982295	Xanthomonas campestris pv. campestris	WHRI 5659	OXFORD_NANOPORE	PromethION	176887040.0	21870.0	WGS	GENOMIC	SINGLE	ONT genome sequencing of WHRI 5659
SRR28223604	SRX23834963	SRS20655884	SRP493331	PRJNA1019103	Pasteurella multocida	80176	OXFORD_NANOPORE	MinION	41505762.0	9259.0	WGS	GENOMIC	SINGLE	DNA-seq of Pasteurella multocida 80176
SRR5181940	SRX2498049	SRS1924902	SRP096895	PRJNA353873	Mycobacterium tuberculosis		PACBIO_SMRT	PacBio RS	848221577.0	163482.0	WGS	GENOMIC	SINGLE	DNA of Mtb
SRR3710058	SRX1870084	SRS1171748	SRP062916	PRJNA292666	Salmonella enterica subsp. enterica serovar Infantis	FSIS1502169	PACBIO_SMRT	PacBio RS II	320301829.0	163482.0	WGS	GENOMIC	PAIRED	WGS of Salmonella enterica Infantis: 2015 FSIS Young Chicken (pacbio): Sample FSIS1502169
SRR8348430	SRX5159429	SRS3733237	SRP018785	PRJNA186035	Salmonella enterica subsp. enterica serovar Typhimurium	SAP18-6199	PACBIO_SMRT	PacBio RS II	1124117649.0	163482.0	WGS	GENOMIC	SINGLE	Whole genome PacBio RS sequence of Salmonella enterica subsp. enterica serovar Typhimurium
ERR14741791	ERX14143163	ERS23811921	ERP170065	PRJEB86767	Enterobacter hormaechei		OXFORD_NANOPORE	MinION	412897394.0	101333.0	WGS	GENOMIC	SINGLE	EXP-29-1-2025-03-14_10-52-10
SRR10541604	SRX7225000	SRS5725809	SRP233418	PRJNA370024	Clostridium beijerinckii	DJ080	PACBIO_SMRT	PacBio RS II	53077749.0	19679.0	WGS	GENOMIC	SINGLE	Clostridium beijerinckii DJ080
ERR1341575	ERX1413157	ERS634378	ERP008587	PRJEB7657	Enterobacter kobei	VRES0273	OXFORD_NANOPORE	MinION	231727105.0	43260.0	WGS	GENOMIC	SINGLE	MinION sequencing
SRR12298553	SRX8801514	SRS6792468	SRP266402	PRJNA605147	Escherichia coli	RHB18-C10	OXFORD_NANOPORE	GridION	159586955.0	36812.0	WGS	GENOMIC	SINGLE	OXFORD_NANOPORE sequencing of Escherichia coli isolate RH13|T2-C10 cultured from Sheep faeces sample
ERR10628363	ERX10099348	ERS14301494	ERP143089	PRJEB58043	Acinetobacter baumannii	97133	OXFORD_NANOPORE	GridION	488818036.0	96084.0	WGS	GENOMIC	SINGLE	GridION sequencing
SRR21630444	SRX17630955	SRS11554618	SRP354045	PRJNA747871	Streptomyces sp. NBC_00453	NBC_00453	OXFORD_NANOPORE	MinION	226236921.0	34626.0	WGS	GENOMIC	SINGLE	nanopore sequencing data from strain NBC_00453
SRR35227151	SRX30330643	SRS26374949	SRP616598	PRJNA1314240	Thermoanaerobacterium saccharolyticum	M1442 tdk nfnA hydA adap 2	OXFORD_NANOPORE	PromethION	677157540.0	300251.0	WGS	GENOMIC	SINGLE	WGS of T. saccharolyticum A2G0064-1
SRR14871167	SRX11188651	SRS9244952	SRP324862	PRJNA736470	Streptococcus equi subsp. zooepidemicus	SEZ_18-035	PACBIO_SMRT	Sequel	1482744371.0	172507.0	WGS	GENOMIC	SINGLE	PacBio whole genome sequencing of Streptococcu equi
SRR12298617	SRX8801960	SRS6792220	SRP266402	PRJNA605147	Escherichia coli	RHBSTW-00786	OXFORD_NANOPORE	GridION	468566001.0	106705.0	WGS	GENOMIC	SINGLE	OXFORD_NANOPORE sequencing of Escherichia coli isolate WTP4|T3-00786 cultured from WTP upstream sample
SRR32725459	SRX28012253	SRS24374310	SRP570685	PRJNA1232853	Brevibacterium luteolum	DMY-1	PACBIO_SMRT	PacBio RS II	679695336.0	81731.0	WGS	GENOMIC	PAIRED	WGS of Brevibacterium sp. DMY-1 (Pacbio)
SRR1178097	SRX477327	SRS562886	SRP039024	PRJNA212471	Rickettsia amblyommatis str. Ac37		PACBIO_SMRT	PacBio RS	599226380.0	163482.0	WGS	GENOMIC	SINGLE	
SRR21415772	SRX17420108	SRS13526151	SRP361569	PRJNA768416	Paenibacillus sp. FSL H8-0122	FSL H8-0122	OXFORD_NANOPORE	MinION	402126663.0	77558.0	WGS	GENOMIC	SINGLE	WGS of Bacilli
SRR386950	SRX109925	SRS281279	SRP001087	PRJNA40075	Escherichia coli str. K-12 substr. MG1655	K-12	PACBIO_SMRT	PacBio RS	27387992.0	60667.0	WGS	GENOMIC	SINGLE	Whole Genome Sequencing and Assembly
SRR900994	SRX305946	SRS444954	SRP026037	PRJNA191790	Mycobacterium kansasii 662	662	PACBIO_SMRT	PacBio RS	133164956.0	81741.0	WGS	GENOMIC	SINGLE	
SRR31598809	SRX26963677	SRS23433387	SRP549287	PRJNA1185485	Escherichia coli	308	OXFORD_NANOPORE	PromethION	504426177.0	187627.0	WGS	GENOMIC	SINGLE	manhole-barcode57
ERR10628362	ERX10099347	ERS14301469	ERP143089	PRJEB58043	Acinetobacter baumannii	906231505	OXFORD_NANOPORE	GridION	183674494.0	25820.0	WGS	GENOMIC	SINGLE	GridION sequencing
SRR28339977	SRX23946535	SRS20748371	SRP495146	PRJNA1086198	Lactococcus lactis subsp. lactis	Rbx7	OXFORD_NANOPORE	MinION	1233070492.0	593074.0	WGS	GENOMIC	SINGLE	Rbx7
SRR26386675	SRX22092768	SRS19158729	SRP466359	PRJNA660241	Salmonella sp. C1982	C1982	PACBIO_SMRT	PacBio RS	1172527800.0	3908426.0	WGS	GENOMIC	PAIRED	Salmonella enterica Genome sequencing
SRR35556670	SRX30631390	SRS19727280	SRP150360	PRJNA475751	Klebsiella pneumoniae	KLP00605	OXFORD_NANOPORE	MinION	397224005.0	76773.0	WGS	GENOMIC	SINGLE	WGS Sequencing of Klebsiella pneumoniae
SRR15989110	SRX12277757	SRS9999040	SRP357534	PRJNA801415	Escherichia coli	38	OXFORD_NANOPORE	GridION	871491298.0	122676.0	WGS	GENOMIC	SINGLE	Whole Genome Sequencing of Carbapenemase-producing Enterobacterales (CPE)
SRR15989403	SRX12278136	SRS9998775	SRP357537	PRJNA801416	Klebsiella pneumoniae	E595	OXFORD_NANOPORE	GridION	45103883.0	3242.0	WGS	GENOMIC	SINGLE	Whole Genome Sequencing of Carbapenemase-producing Enterobacterales (CPE)
SRR35785749	SRX30835090	SRS26843735	SRP632095	PRJNA1345082	Escherichia coli	30-2013-C25	OXFORD_NANOPORE	PromethION	35804303.0	12658.0	WGS	GENOMIC	SINGLE	WGS of persistently-infected Escherichia coli strain restreaks
SRR10039128	SRX6774176	SRS5321283	SRP219741	PRJNA546644	Streptomyces sp. S2-08	S2-08	PACBIO_SMRT	Sequel	1830705080.0	505783.0	WGS	GENOMIC	SINGLE	Streptomyces sp. S2-08
ERR11040758	ERX10488006	ERS14796184	ERP145810	PRJEB60752	Escherichia coli		OXFORD_NANOPORE	MinION	139135174.0	31031.0	WGS	GENOMIC	SINGLE	Raw reads: 44117_S8_[Oxford_Nanopore]
ERR13354977	ERX12725909	ERS20228323	ERP160933	PRJEB76407	Mediterraneibacter gnavus		PACBIO_SMRT	Sequel IIe	252854033.0	27843.0	WGS	GENOMIC	SINGLE	Sequel IIe sequencing
ERR10499326	ERX10016612	ERS14255984	ERP142629	PRJEB57633	Escherichia coli		OXFORD_NANOPORE	GridION	81654680.0	13284.0	WGS	GENOMIC	SINGLE	Raw reads: ONT_31663_7#380
ERR15880304	ERX15277257	ERS26933717	ERP180772	PRJEB98371	Listeria monocytogenes		OXFORD_NANOPORE	MinION	22577343.0	1965.0	WGS	GENOMIC	SINGLE	Raw reads: sample_088_nanopore_6
SRR31583454	SRX26948800	SRS23420262	SRP548954	PRJNA1193326	Campylobacter jejuni		OXFORD_NANOPORE	MinION	188518265.0	22730.0	WGS	GENOMIC	SINGLE	Long-read Nanopore-based WGS characterization of antimicrobial resistant Campylobacter jejuni and Campylobacter coli isolates from humans, animals and food products in Northern Spain within a One Health approach
SRR29316584	SRX24833559	SRS21545390	SRP512379	PRJNA1121190	Vibrio cholerae	129Vc07	OXFORD_NANOPORE	PromethION	999763085.0	133152.0	WGS	GENOMIC	SINGLE	WGS of Vcholerae isolates
SRR18515287	SRX14646473	SRS12006373	SRP357534	PRJNA801415	bacterium	missing	OXFORD_NANOPORE	GridION	1665518226.0	243124.0	WGS	GENOMIC	SINGLE	Whole Genome Sequencing of Carbapenemase-producing Enterobacterales (CPE)
SRR25466823	SRX21199597	SRS18458352	SRP452337	PRJNA1000618	Escherichia coli	Escherichia coli BL21(DE3)	OXFORD_NANOPORE	MinION	6279897.0	4000.0	WGS	GENOMIC	SINGLE	CASTVK transposition with different condition
SRR9619722	SRX6382755	SRS5042353	SRP212548	PRJNA547238	Streptomyces sp. CNZ298	CNZ298	PACBIO_SMRT	Sequel	4466709769.0	1572758.0	WGS	GENOMIC	SINGLE	Streptomyces sp. CNZ298
ERR10769177	ERX10220071	ERS2784657	ERP104475	PRJEB22771	Streptococcus pneumoniae		PACBIO_SMRT	Sequel II	2907807948.0	412297.0	WGS	GENOMIC	SINGLE	Sequel II sequencing
SRR19787717	SRX15831634	SRS13522725	SRP383167	PRJNA851853	Salmonella enterica	2012K-0499_ONT_100X	OXFORD_NANOPORE	GridION	459607038.0	53532.0	WGS	GENOMIC	SINGLE	WGS of Salmonella enterica serovar Enteritidis
SRR23648086	SRX19530413	SRS16091067	SRP412517	PRJNA910977	Klebsiella pneumoniae	P0034	PACBIO_SMRT	Sequel	977933356.0	234652.0	WGS	GENOMIC	SINGLE	WGS of K. pneumoniae
SRR33223729	SRX28470818	SRS24790843	SRP579950	PRJNA1253082	Streptococcus pneumoniae		OXFORD_NANOPORE	MinION	69028537.0	84066.0	WGS	GENOMIC	SINGLE	WGS of Streptococcus pneumoniae
ERR8007836	ERX7573505	ERS9899299	ERP131998	PRJEB47698	Klebsiella pneumoniae		OXFORD_NANOPORE	MinION	121805946.0	16009.0	WGS	GENOMIC	SINGLE	MinION sequencing
SRR27179968	SRX22860508	SRS19835777	SRP477403	PRJNA1049513	Vibrio sp. PBL-C16	PBL-C16	OXFORD_NANOPORE	MinION	16744.0	8.0	WGS	GENOMIC	SINGLE	Vibrio sp. PBL-C16 Genome sequencing and assembly
SRR15989366	SRX12278173	SRS9998847	SRP357537	PRJNA801416	Citrobacter freundii	22	OXFORD_NANOPORE	GridION	187884609.0	22864.0	WGS	GENOMIC	SINGLE	Whole Genome Sequencing of Carbapenemase-producing Enterobacterales (CPE)
ERR15941439	ERX15336984	ERS27416755	ERP185476	PRJEB104171	Escherichia coli		OXFORD_NANOPORE	MinION	216035732.0	59786.0	WGS	GENOMIC	SINGLE	MinION sequencing
SRR714004	SRX228400	SRS416727	SRP021620	PRJNA88855	Enterococcus moraviensis ATCC BAA-383	ATCC BAA-383	PACBIO_SMRT	PacBio RS	121845357.0	81741.0	WGS	GENOMIC	SINGLE	Pacbio whole genome shotgun sequencing of genomic DNA library 'PACBIO-318' containing sample 'BAA-383' from individual 'Enterococcus moraviensis BAA-383'
SRR926379	SRX314712	SRS452292	SRP026275	PRJNA184141	Salmonella enterica subsp. enterica serovar Cubana str. CFSAN002050	CFSAN002050	PACBIO_SMRT	PacBio RS	159960535.0	81741.0	WGS	GENOMIC	SINGLE	Whole genome shotgun sequencing of Salmonella enterica subsp. enterica serovar Cubana str. CFSAN002050 by Pacific Biosciences SMRT
SRR9648245	SRX6409804	SRS5067186	SRP212938	PRJNA483246	Klebsiella pneumoniae		OXFORD_NANOPORE	MinION	580885368.0	96346.0	WGS	GENOMIC	SINGLE	nanopore sequence of Kpv_ST383_L2
ERR3281193	ERX3307978	ERS3369812	ERP114822	PRJEB32175	Mycobacterium kansasii		PACBIO_SMRT	PacBio RS II	398137416.0	44193.0	WGS	GENOMIC	SINGLE	PacBio RS II sequencing
SRR27972461	SRX23625992	SRS20465786	SRP489819	PRJNA1076692	Raoultella ornithinolytica	RIVM_C059307_rerio	OXFORD_NANOPORE	MinION	131398427.0	31552.0	WGS	GENOMIC	SINGLE	RIVM_C059307_rerio
ERR15660870	ERX15065648	ERS26934167	ERP179947	PRJEB97396	Mycobacterium tuberculosis		OXFORD_NANOPORE	MinION			WGS	GENOMIC	SINGLE	MinION sequencing
ERR10488985	ERX10008296	ERS14235886	ERP142385	PRJEB57405	Streptococcus pneumoniae		OXFORD_NANOPORE	MinION	509680228.0	75648.0	WGS	GENOMIC	SINGLE	MinION sequencing
SRR35898317	SRX30947612	SRS26266532	SRP074197	PRJNA288601	Klebsiella pneumoniae	2025CK-00873	OXFORD_NANOPORE	GridION	981280512.0	75785.0	WGS	GENOMIC	SINGLE	Nanopore sequencing of ARLN isolate
SRR31540948	SRX26907976	SRS23387435	SRP548173	PRJNA1190675	Escherichia coli	The same strain as the one under SRA accession SRR7163914	OXFORD_NANOPORE	MinION	550366481.0	70948.0	WGS	GENOMIC	SINGLE	ONT of TAS168
SRR8359204	SRX5169956	SRS4168736	SRP018785	PRJNA186035	Salmonella enterica	CFSAN076147	PACBIO_SMRT	PacBio RS II	2212369493.0	163482.0	WGS	GENOMIC	SINGLE	Whole genome PacBio RS sequence of Salmonella enterica
SRR6257329	SRX3363782	SRS2661808	SRP124069	PRJNA410932	Streptococcus thermophilus	DGCC7710	PACBIO_SMRT	PacBio RS II	1048212486.0	488740.0	WGS	GENOMIC	SINGLE	Streptococcus thermophilus DGCC 7710 methylation detection
SRR7895361	SRX4732843	SRS3815041	SRP162450	PRJNA491705	Vibrio cholerae	D1	PACBIO_SMRT	PacBio RS II	590269532.0	72654.0	WGS	GENOMIC	SINGLE	Genome sequence of a Vibrio cholerae isolate from Toledo, Ohio
ERR4769698	ERX4639539	ERS5247687	ERP124695	PRJEB40976	Enterococcus faecalis		OXFORD_NANOPORE	GridION	677892276.0	29012.0	WGS	GENOMIC	SINGLE	GridION sequencing; Raw reads: 26975_1#150
ERR10499488	ERX10016774	ERS14256869			Escherichia coli		OXFORD_NANOPORE	GridION	666559272.0	59307.0	WGS	GENOMIC	SINGLE	GridION sequencing; Raw reads: ONT_30345_1#205
SRR35628974	SRX30685060	SRS26704476	SRP627750	PRJNA1333901	Pseudomonas sp. GL_135	GL_135	OXFORD_NANOPORE	MinION	465278657.0	66094.0	WGS	GENOMIC	SINGLE	Oxford Nanopore sequences of cultivable bacteria collected in an iron ore mine and a crystal cave
ERR15424216	ERX14828160	ERS25261020	ERP176764	PRJEB93885	Escherichia coli		OXFORD_NANOPORE	PromethION	1587203918.0	281641.0	WGS	GENOMIC	SINGLE	Raw reads: run0_pilot_96_ont_AHB15
SRR24918254	SRX20679004	SRS17875793	SRP338930	PRJNA766641	Mycobacterium tuberculosis	IDR 2100031507	OXFORD_NANOPORE	MinION	21579594.0	15065.0	WGS	GENOMIC	SINGLE	MinION sequencing of TB isolates
SRR9311753	SRX6079402	SRS4981216	SRP201627	PRJNA548988	Pseudoalteromonas luteoviolacea	H2	OXFORD_NANOPORE	MinION	6043217.0	15.0	WGS	GENOMIC	SINGLE	Draft genome of Pseudoalteromonas  luteoviolacea strain H2
ERR3986920	ERX3988947	ERS4380854	ERP120516	PRJEB37212	Escherichia coli		OXFORD_NANOPORE	MinION	661667183.0	162301.0	WGS	GENOMIC	SINGLE	MinION sequencing; Oxfordshire gram negative bacteraemias
SRR13673979	SRX10063419	SRS8225643	SRP040661	PRJNA231221	Klebsiella pneumoniae	FDAARGOS_1309	PACBIO_SMRT	Sequel	4067712572.0	700106.0	WGS	GENOMIC	SINGLE	
SRR31611469	SRX26976056	SRS23443677	SRP549287	PRJNA1185485	Escherichia coli	425	OXFORD_NANOPORE	PromethION	1057611158.0	194477.0	WGS	GENOMIC	SINGLE	pig-inf-barcode68
SRR16572847	SRX12774837	SRS10720434	SRP343114	PRJNA774102	Klebsiella pneumoniae	MV-v4-SK2-O	OXFORD_NANOPORE	MinION	173965995.0	9954.0	WGS	GENOMIC	SINGLE	Nanopore long read sequencing of Klebsiella pneumoniae MV-v4-SK2-O
SRR35071118	SRX30184903	SRS26244912	SRP610420	PRJNA1308807	Escherichia coli	Ec_021	OXFORD_NANOPORE	MinION	1544245032.0	172813.0	WGS	GENOMIC	SINGLE	Oxford Nanopore sequences of an isolated E. coli strain from wastewater
SRR36202300	SRX31238750	SRS27217885	SRP649163	PRJNA1230056	Enterococcus faecium	VRE_09	OXFORD_NANOPORE	GridION	381226642.0	93234.0	WGS	GENOMIC	SINGLE	WGS of E. faecium
DRR581999	DRX562552	DRS640942	DRP016847	PRJDB17425	Pantoea sp. X-Soil-ISGK-285	X-Soil-ISGK-285	PACBIO_SMRT	Sequel II	747327215.0	84530.0	WGS	GENOMIC	SINGLE	Soil-X1a-285
SRR24425360	SRX20213051	SRS17538023	SRP435872	PRJNA966932	Streptomyces sp. NBC1270	pCas9-del_0N	OXFORD_NANOPORE	MinION	299273910.0	57976.0	WGS	GENOMIC	SINGLE	WGS of NBC1270 barcode08_NBC1279_Cas9deletion
SRR30342868	SRX25801281	SRS22432755	SRP528120	PRJNA1150149	Pseudomonas aeruginosa	ST2555	OXFORD_NANOPORE	MinION	193620097.0	17771.0	WGS	GENOMIC	SINGLE	ONT long-read sequencing of potential healthcare transmission pathogens
SRR22784827	SRX18744617	SRS16179762	SRP413484	PRJNA912639	Escherichia coli	EC_A_4957_3S1_D_CuP_CeN	OXFORD_NANOPORE	MinION	645361901.0	133389.0	WGS	GENOMIC	SINGLE	WGS of Escherichia coli
SRR21415570	SRX17420310	SRS13526074	SRP361569	PRJNA768416	Bacillus sp. FSL P4-0334	FSL P4-0334	OXFORD_NANOPORE	MinION	395446085.0	226234.0	WGS	GENOMIC	SINGLE	WGS of Bacilli
SRR36403633	SRX31431165	SRS15378634	SRP649163	PRJNA1230056	Corynebacterium diphtheriae	not applicable	OXFORD_NANOPORE	GridION	104846038.0	19563.0	WGS	GENOMIC	SINGLE	WGS of C. diphtheriae
SRR30896606	SRX26300104	SRS22828826	SRP536879	PRJNA1150087	Ralstonia pseudosolanacearum	RUN6534	PACBIO_SMRT	Sequel	1349345804.0	237876.0	WGS	GENOMIC	SINGLE	Whole genome sequencing with PacBio technology of Ralstonia pseudosolanacearum strain
SRR12344002	SRX8843563	SRS7106619	SRP274107	PRJNA626345	Staphylococcus aureus	NAS_AN_203	OXFORD_NANOPORE	MinION	140021701.0	11630.0	WGS	GENOMIC	SINGLE	WGS Staphylococcus aureus among Native Americans in the  southwest US
SRR21415641	SRX17420239	SRS12115035	SRP361569	PRJNA768416	Paenibacillus sp. FSL H8-0548	FSL H8-0548	OXFORD_NANOPORE	MinION	373251225.0	63449.0	WGS	GENOMIC	SINGLE	WGS of Bacilli
SRR28800582	SRX24364327	SRS21121404	SRP503961	PRJNA1100578	Escherichia coli	UTAK-8	OXFORD_NANOPORE	PromethION	1972804232.0	272406.0	WGS	GENOMIC	SINGLE	WGS of multidrug-resistant STEC
ERR13594497	ERX12965366	ERS18629884	ERP158153	PRJEB73354	Escherichia coli		OXFORD_NANOPORE	MinION	484442408.0	146533.0	WGS	GENOMIC	SINGLE	MinION sequencing
ERR15195715	ERX14601371	ERS25144162	ERP160948	PRJEB76420	Klebsiella oxytoca		OXFORD_NANOPORE	MinION			WGS	GENOMIC	SINGLE	MinION sequencing
SRR31843741	SRX27203680	SRS23653603	SRP554213	PRJNA1203911	Chryseobacterium scophthalmum	LGBM4	OXFORD_NANOPORE	PromethION	1083605733.0	477533.0	WGS	GENOMIC	SINGLE	Genome sequence of Chryseobacterium scophthalmum isolated from Rugar Woods, NY, USA
SRR2047375	SRX1033785	SRS941311	SRP058356	PRJNA283315	Xanthomonas oryzae pv. oryzicola	CFBP7331	PACBIO_SMRT	PacBio RS II	322642356.0	163482.0	WGS	GENOMIC	SINGLE	Xanthomonas oryzae pv. oryzicola CFBP7331
ERR14150384	ERX13553042	ERS13615871	ERP141886	PRJEB56918	Staphylococcus aureus		OXFORD_NANOPORE	GridION	3536243449.0	407922.0	WGS	GENOMIC	SINGLE	Raw reads: 1001039
SRR28434763	SRX24038358	SRS20831660	SRP497546	PRJNA1091452	Staphylococcus aureus	SA78-PS	OXFORD_NANOPORE	MinION	409453539.0	105319.0	WGS	GENOMIC	SINGLE	ONT performance study sequencing of S. aureus
SRR29479717	SRX24990832	SRS21692623	SRP515080	PRJNA1118413	Klebsiella oxytoca	CLIMB7	OXFORD_NANOPORE	MinION	1304986633.0	168877.0	WGS	GENOMIC	SINGLE	Nanopore sequence reads of Klebsiella oxytoca strain CLIMB7
SRR13328093	SRX9755119	SRS7944830	SRP299781	PRJNA684363	Pseudomonas sp. TH08	TH08	OXFORD_NANOPORE	MinION	356213688.0	391127.0	WGS	GENOMIC	SINGLE	WGS of Pseudomonas sp. : bacterial isolate
SRR5221014	SRX2530852	SRS1951742	SRP093756	PRJNA352974	Burkholderia pseudomallei	3000047530	PACBIO_SMRT	PacBio RS II	4137167408.0	163482.0	WGS	GENOMIC	SINGLE	
SRR34531153	SRX29674507	SRS25787614	SRP600654	PRJNA1289023	Enterobacter cloacae complex	E. hormaechei subsp. xiangfangensis	OXFORD_NANOPORE	MinION	192543877.0	56478.0	WGS	GENOMIC	SINGLE	WGS of enterobacterial clinical strains carrying IncQ2::blaGES plasmid
SRR12247579	SRX8755588	SRS6976456	SRP266402	PRJNA605147	Escherichia coli		OXFORD_NANOPORE	GridION	1453705126.0	166102.0	WGS	GENOMIC	SINGLE	Oxford Nanopore sequencing of Escherichia coli isolate RH07|T1-SOC05 cultured from cattle farm soil sample
SRR25627033	SRX21353899	SRS18598740	SRP454833	PRJNA809577	Klebsiella variicola subsp. variicola	ML.9ba2	OXFORD_NANOPORE	MinION	350000670.0	56702.0	WGS	GENOMIC	SINGLE	Nanopore of  of SAMN26195979
SRR7530167	SRX4398124	SRS3553144	SRP042343	PRJNA243331	Clostridium botulinum	CFSAN034200	OXFORD_NANOPORE	MinION	2461813542.0	1055433.0	WGS	GENOMIC	SINGLE	FDA-CFSAN: microbial foodborne pathogen research
SRR33300142	SRX28545186	SRS24844341	SRP581013	PRJNA1255117	Staphylococcus aureus	Staphylococcus	OXFORD_NANOPORE	GridION	657694609.0	146666.0	WGS	GENOMIC	SINGLE	WGS of S. aureus sample 45
ERR10664135	ERX10133319	ERS2650830	ERP104475	PRJEB22771	Streptococcus pneumoniae		PACBIO_SMRT	Sequel II	3858645129.0	568619.0	WGS	GENOMIC	SINGLE	Sequel II sequencing
SRR27972919	SRX23626246	SRS20465877	SRP489819	PRJNA1076692	Staphylococcus aureus	RIVM_M096976_dorado	OXFORD_NANOPORE	MinION	304728588.0	123919.0	WGS	GENOMIC	SINGLE	RIVM_M096976_dorado
ERR11011580	ERX10448002	ERS14775357	ERP145689	PRJEB60605	Serratia fonticola	MIP2602	OXFORD_NANOPORE	MinION	500645873.0	206087.0	WGS	GENOMIC	SINGLE	MinION sequencing; MIP2602_PCR
SRR22784419	SRX18744459	SRS16179688	SRP413484	PRJNA912639	Escherichia coli	EC_0731_2S2_D	OXFORD_NANOPORE	MinION	1056465505.0	76326.0	WGS	GENOMIC	SINGLE	WGS of Escherichia coli
DRR122217	DRX115074	DRS174679	DRP004189	PRJDB5929	Klebsiella pneumoniae	KP54	PACBIO_SMRT	PacBio RS II	403370180.0	78832.0	WGS	GENOMIC	SINGLE	PacBio RS II sequencing of SAMD00059738
SRR21415838	SRX17420042	SRS12115020	SRP361569	PRJNA768416	Bacillus sp. FSL M7-0307	FSL M7-0307	OXFORD_NANOPORE	MinION	933053442.0	205143.0	WGS	GENOMIC	SINGLE	WGS of Bacilli
ERR2651530	ERX2668020	ERS2055020	ERP005928	PRJEB6403	Shigella boydii		PACBIO_SMRT	PacBio RS	271980798.0	163482.0	WGS	GENOMIC	SINGLE	PacBio RS sequencing
SRR13269196	SRX9699261	SRS7895422	SRP272861	PRJNA646575	Bacteroides thetaiotaomicron		OXFORD_NANOPORE	GridION	475263240.0	105738.0	WGS	GENOMIC	SINGLE	WGS  of Bacteroides fragilis group clinical isolates
SRR25204971	SRX20951797	SRS18228355	SRP448147	PRJNA989764	Streptococcus iniae	Si 4-21	OXFORD_NANOPORE	GridION	1063942539.0	99838.0	WGS	GENOMIC	SINGLE	WGS of S. iniae: Strain Si 4-21
SRR32972749	SRX28245807	SRS24593468	SRP576427	PRJNA1190511	Yersinia pestis	98008	PACBIO_SMRT	Sequel	802546517.0	49996.0	WGS	GENOMIC	SINGLE	WGS of Yersinia pestis: cultured strain 98008
SRR31235490	SRX26615343	SRS23113866	SRP543347	PRJNA1182389	Escherichia coli	NEB 10-beta	OXFORD_NANOPORE	MinION	147356.0	28.0	WGS	GENOMIC	SINGLE	Long Read Sequencing of synthetic plasmid
SRR29837595	SRX25335412	SRS22003017	SRP520032	PRJNA1082471	Streptococcus agalactiae	QMA0274	OXFORD_NANOPORE	MinION	167527659.0	24345.0	WGS	GENOMIC	SINGLE	HMW DNA extracted by RLS (Resource Limited Settings) method:Streptococcus agalactiae
SRR29398349	SRX24912141	SRS21618164	SRP513745	PRJNA1123652	Caldicellulosiruptor bescii	MACB1018	OXFORD_NANOPORE	MinION	580069610.0	419987.0	WGS	GENOMIC	SINGLE	WGS of Caldicellulosiruptor bescii MACB1018
SRR13269127	SRX9699330	SRS7895418	SRP272861	PRJNA646575	Phocaeicola vulgatus		OXFORD_NANOPORE	GridION	1637704144.0	314288.0	WGS	GENOMIC	SINGLE	WGS  of Bacteroides fragilis group clinical isolates
SRR19843356	SRX15887032	SRS12114960	SRP361569	PRJNA768416	Cytobacillus sp. FSL K6-0265	FSL K6-0265	OXFORD_NANOPORE	MinION	616740792.0	138557.0	WGS	GENOMIC	SINGLE	WGS of Bacilli
SRR12681554	SRX9161707	SRS7400611	SRP284186	PRJNA652997	Rhizobium viscosum	DSM 7307	PACBIO_SMRT	PacBio RS II	1715446896.0	607318.0	WGS	GENOMIC	SINGLE	Rhizobium viscosum DSM 7307
SRR25466780	SRX21199641	SRS18458348	SRP452337	PRJNA1000618	Escherichia coli	Escherichia coli BL21(DE3)	OXFORD_NANOPORE	MinION	6350107.0	3998.0	WGS	GENOMIC	SINGLE	CASTVK transposition with different condition
SRR30717984	SRX26121247	SRS22683698	SRP533480	PRJNA922334	Shewanella electrodiphila	HQB-46	OXFORD_NANOPORE	PromethION	2014763415.0	154230.0	WGS	GENOMIC	SINGLE	The reads of HQB-46
SRR30993121	SRX26381409	SRS22904657	SRP538558	PRJNA1172918	Escherichia coli str. K-12 substr. MG1655	K-12	OXFORD_NANOPORE	GridION	508242655.0	50430.0	WGS	GENOMIC	SINGLE	Ecoli_WT_kit14_5kHz_dorado_sup_v5
ERR3517253	ERX3536926	ERS3739718	ERP117164	PRJEB34285	Escherichia coli		OXFORD_NANOPORE	MinION	357278313.0	27495.0	WGS	GENOMIC	SINGLE	MinION sequencing; Raw reads: Ecoli_dh10b_p49_OXA-plasmid_MinION
SRR35213128	SRX30317230	SRS26364163	SRP615992	PRJNA1301220	Acinetobacter baumannii	ABO22-A099	OXFORD_NANOPORE	MinION	722575475.0	151038.0	WGS	GENOMIC	SINGLE	Whole geneme sequencing of Acinetobacter baumannii: isolates of the Ab-One study
ERR3685749	ERX3675353	ERS4047550	ERP114207	PRJEB31632	bacterium		OXFORD_NANOPORE	GridION	459368594.0	68912.0	WGS	GENOMIC	SINGLE	GridION sequencing
DRR197055	DRX187472	DRS174685	DRP004189	PRJDB5929	Escherichia coli	EC06	PACBIO_SMRT	PacBio RS II	747647808.0	144664.0	WGS	GENOMIC	SINGLE	PacBio RS II sequencing of SAMD00111735
SRR27972972	SRX23626193	SRS20465854	SRP489819	PRJNA1076692	Staphylococcus aureus	RIVM_M097054_rerio	OXFORD_NANOPORE	MinION	216624109.0	73291.0	WGS	GENOMIC	SINGLE	RIVM_M097054_rerio
SRR857263	SRX282097	SRS420066	SRP022273	PRJNA193161	Klebsiella pneumoniae 160_1080	160_1080	PACBIO_SMRT	PacBio RS	120228685.0	41893.0	WGS	GENOMIC	SINGLE	1134709401541 null 160-1080_2-7 Experiment
SRR27678677	SRX23346072	SRS20207310	SRP485167	PRJNA960711	Bacillus safensis	G6S3	OXFORD_NANOPORE	MinION	209058584.0	44501.0	WGS	GENOMIC	SINGLE	WGS of Bacillus safensis: strain G6S3
SRR24140132	SRX19938945	SRS17287654	SRP247747	PRJNA604975	Escherichia coli	ox_bsi_604	OXFORD_NANOPORE	GridION	304846565.0	98539.0	WGS	GENOMIC	SINGLE	oxford_bsi
ERR2125657	ERX2182509	ERS1473304	ERP005928	PRJEB6403	Streptococcus sanguinis	NCTC7864	PACBIO_SMRT	PacBio RS	361213474.0	163482.0	WGS	GENOMIC	SINGLE	PacBio RS sequencing
SRR13575578	SRX9973673	SRS8145954	SRP303741	PRJNA695586	Streptococcus pyogenes	M4C20	OXFORD_NANOPORE	MinION	2873763.0	4000.0	WGS	GENOMIC	SINGLE	Whole genome sequence of Streptococcus pyogenes strain M4C20
SRR32364886	SRX27699260	SRS21122889	SRP444583	PRJNA962904	Escherichia coli		PACBIO_SMRT	Sequel II	207505496.0	7528.0	WGS	GENOMIC	SINGLE	PacBio sequencing of AS5779E1 for ARCH 1.0
SRR27241218	SRX22919475	SRS19887469	SRP478562	PRJNA1044730	Lactiplantibacillus plantarum	IBB3434	OXFORD_NANOPORE	GridION	390881138.0	19534.0	WGS	GENOMIC	SINGLE	Oxford Nanopore dataset of IBB3434 strain.
SRR30342816	SRX25801333	SRS22432809	SRP528120	PRJNA1150149	Staphylococcus aureus	ST8	OXFORD_NANOPORE	MinION	374468344.0	83774.0	WGS	GENOMIC	SINGLE	ONT long-read sequencing of potential healthcare transmission pathogens
SRR8749630	SRX5540619	SRS4506279	SRP051949	PRJNA271899	Klebsiella pneumoniae	PLAC_1045_M-A	OXFORD_NANOPORE	GridION	25582286.0	6117.0	WGS	GENOMIC	SINGLE	Sequencing of Carbapenem resistant bacteria
SRR28208388	SRX23820765	SRS20643048	SRP493058	PRJNA1070810	Mesomycoplasma ovipneumoniae	CHIF5_ANC4221	OXFORD_NANOPORE	MinION	521267637.0	152685.0	WGS	GENOMIC	SINGLE	WGS of Mycoplasma ovipneumoniae
SRR11321336	SRX7925138	SRS6329857	SRP253073	PRJNA613015	Vreelandella aquamarina	Eplume2	OXFORD_NANOPORE	GridION	425843590.0	108276.0	WGS	GENOMIC	SINGLE	nanopore WGS of Halomonas meridiana strain Eplume2
ERR14720796	ERX14122221	ERS23803719	ERP170064	PRJEB86764	Pseudomonas aeruginosa		OXFORD_NANOPORE	MinION	587263061.0	159144.0	WGS	GENOMIC	SINGLE	EXP-12-1-2025-03-12_12-02-44
SRR29316535	SRX24833608	SRS21545439	SRP512379	PRJNA1121190	Vibrio cholerae	145Vc02	OXFORD_NANOPORE	PromethION	390407877.0	49756.0	WGS	GENOMIC	SINGLE	WGS of Vcholerae isolates
SRR34586845	SRX29728087	SRS25835261	SRP173996	PRJNA493966	Hydrogenophilus thermoluteolus	KS0102	OXFORD_NANOPORE	MinION	3414902452.0	350419.0	WGS	GENOMIC	SINGLE	Complete genome sequence of thermophilic PHA-producing Hydrogenophilus thermoluteolus strain KS0102 isolated from hot spring sediments in Thailand
SRR353422	SRX101290	SRS259596	SRP008032	PRJNA68211	Escherichia coli O104:H4 str. 04-8351	04-8351	PACBIO_SMRT	PacBio RS	66659169.0	81741.0	WGS	GENOMIC	SINGLE	Genome Sequencing and Assembly of E. coli O104:H4 strains
SRR31599326	SRX26964357	SRS23434069	SRP549287	PRJNA1185485	Escherichia coli	256	OXFORD_NANOPORE	PromethION	1082353394.0	226526.0	WGS	GENOMIC	SINGLE	Kleb-3R-barcode96
SRR33599987	SRX28829569	SRS25061985	SRP585898	PRJNA1263016	Staphylococcus aureus	LacFitz	OXFORD_NANOPORE	MinION	905110017.0	141834.0	WGS	GENOMIC	SINGLE	WGS long read sequencing of MRSA
SRR9221489	SRX5991897	SRS4897035	SRP191068	PRJNA528511	Escherichia coli	GTEN_38	OXFORD_NANOPORE	GridION	2295674460.0	534639.0	WGS	GENOMIC	SINGLE	Global TravEpiNet AMR surveillance Genome sequencing and assembly
SRR12395411	SRX8893486	SRS7152508	SRP276100	PRJNA650381	Mycobacterium tuberculosis		OXFORD_NANOPORE	MinION	785162481.0	492234.0	WGS	GENOMIC	SINGLE	Nanopore TB WGS
ERR15516420	ERX14920266	ERS26654015	ERP165332	PRJEB81499	Klebsiella pneumoniae		OXFORD_NANOPORE	GridION	208023126.0	40720.0	WGS	GENOMIC	SINGLE	GridION sequencing
SRR31944008	SRX27300970	SRS23742450	SRP556326	PRJNA1190092	Escherichia	missing	PACBIO_SMRT	PacBio RS II	78488277.0	16427.0	WGS	GENOMIC	SINGLE	Wastewater sample KH_5
SRR35158219	SRX30263381	SRS26314645	SRP613631	PRJNA1311546	Bacillus cereus	PS03223	OXFORD_NANOPORE	MinION	322262267.0	108000.0	WGS	GENOMIC	SINGLE	WGS of bacterial isolate: Food isolate
SRR31599512	SRX26964170	SRS23433881	SRP549287	PRJNA1185485	Escherichia coli	593	OXFORD_NANOPORE	PromethION	206024466.0	44472.0	WGS	GENOMIC	SINGLE	RMB-3R-barcode75
SRR27678720	SRX23346029	SRS20207267	SRP485167	PRJNA960711	Fictibacillus enclensis	TL11	OXFORD_NANOPORE	MinION	271228331.0	75260.0	WGS	GENOMIC	SINGLE	WGS of Fictibacillus enclensis: strain TL11
SRR35227126	SRX30330634	SRS6339768	SRP059786	PRJNA287430	Campylobacter coli	FSIS22027428	OXFORD_NANOPORE	GridION	93726591.0	17483.0	WGS	GENOMIC	SINGLE	Complete Genome of Campylobacter FSIS22027428
SRR1740464	SRX747860	SRS734211	SRP046977	PRJNA259658	Enterobacter hormaechei subsp. hormaechei	34983	PACBIO_SMRT	PacBio RS	809039723.0	163482.0	WGS	GENOMIC	SINGLE	
SRR26465562	SRX22169396	SRS19227291	SRP467862	PRJNA1000275	Enterococcus faecium	2016N17-104	OXFORD_NANOPORE	MinION	354354813.0	57804.0	WGS	GENOMIC	SINGLE	VP17
SRR31626379	SRX26990694	SRS23456866	SRP549654	PRJNA1194628	Mycoplasmopsis bovis		OXFORD_NANOPORE	MinION	305941503.0	62194.0	WGS	GENOMIC	SINGLE	WGS of Mycoplasmopsis bovis from cattle lung tissue
SRR6959862	SRX3902662	SRS3139647	SRP138428	PRJNA442714	Escherichia coli	AG1880	PACBIO_SMRT	PacBio RS II	866235403.0	288034.0	WGS	GENOMIC	SINGLE	Escherichia coli AG1880 methylation detection
SRR13269075	SRX9699382	SRS7895484	SRP272861	PRJNA646575	Bacteroides fragilis		OXFORD_NANOPORE	GridION	920047891.0	227259.0	WGS	GENOMIC	SINGLE	WGS  of Bacteroides fragilis group clinical isolates
DRR594383	DRX574930	DRS566209	DRP015300	PRJDB18582	Campylobacter jejuni subsp. jejuni	IFTK207	PACBIO_SMRT	Sequel II	372878814.0	71601.0	WGS	GENOMIC	SINGLE	Sequel II sequencing of SAMD00817480
SRR18474751	SRX14606970	SRS12375397	SRP365837	PRJNA819824	Escherichia albertii NBRC 107761 = DSM 17582	DSM 17582	PACBIO_SMRT	Sequel	4745605.0	5.0	WGS	GENOMIC	SINGLE	PacBio genome sequencing of Escherichia albertii type strain
SRR5884861	SRX3050885	SRS2397462	SRP040661	PRJNA231221	Escherichia coli	FDAARGOS_448	PACBIO_SMRT	PacBio RS	3488639190.0	163482.0	WGS	GENOMIC	SINGLE	
ERR550473	ERX509542	ERS445056	ERP005928	PRJEB6403	Campylobacter jejuni	NCTC11351	PACBIO_SMRT	PacBio RS	402500329.0	163482.0	WGS	GENOMIC	SINGLE	PacBio RS sequencing
ERR10499404	ERX10016690	ERS14256890			Escherichia coli		OXFORD_NANOPORE	GridION	229719945.0	21813.0	WGS	GENOMIC	SINGLE	GridION sequencing; Raw reads: ONT_30134_6#111
SRR25480263	SRX21212466	SRS16924562	SRP395888	PRJNA812595	Elizabethkingia anophelis	2023CK-00282	OXFORD_NANOPORE	GridION	291960530.0	23143.0	WGS	GENOMIC	SINGLE	Nanopore sequencing of ARLN isolate
SRR16525760	SRX12728239	SRS10336962	SRP357534	PRJNA801415	Klebsiella pneumoniae	147	OXFORD_NANOPORE	GridION	2186402091.0	297593.0	WGS	GENOMIC	SINGLE	Extensive diversification and dissemination of blaNDM carbapenemase plasmids in Enterobacterales in Singapore 2010-2015
DRR667344	DRX647446	DRS456660	DRP012867	PRJDB20346	Vulcanithermus mediatlanticus	JCM 11956	PACBIO_SMRT	Revio	63804125.0	3930.0	WGS	GENOMIC	SINGLE	Revio sequencing of SAMD00887276
SRR28777777	SRX24342769	SRS20831716	SRP497546	PRJNA1091452	Staphylococcus aureus	SA73-PS	OXFORD_NANOPORE	MinION	445907705.0	149101.0	WGS	GENOMIC	SINGLE	ONT performance study sequencing of S. aureus
ERR10676286	ERX10144050	ERS14333385	ERP143248	PRJEB58185	Campylobacter jejuni		OXFORD_NANOPORE	MinION	2262001756.0	3757478.0	WGS	GENOMIC	PAIRED	MinION paired end sequencing
ERR14906006	ERX14310312	ERS24300118	ERP172116	PRJEB89064	Klebsiella variicola subsp. tropica	SB5387	OXFORD_NANOPORE	GridION			WGS	GENOMIC	SINGLE	GridION sequencing
SRR388175	SRX110626	SRS281881	SRP001137	PRJNA52007	Mycobacterium tuberculosis KZN 1435	KZN MDR	PACBIO_SMRT	PacBio RS	46852739.0	81741.0	WGS	GENOMIC	SINGLE	Whole Genome Sequencing and Assembly
SRR29782098	SRX25281994	SRS21963795	SRP519339	PRJNA1004202	Streptomyces sp. RLA156	RLA156	OXFORD_NANOPORE	MinION	842629762.0	255175.0	WGS	GENOMIC	SINGLE	Genome sequencing of RLA156 [RHK-2055]
ERR2532139	ERX2550568	ERS2016222	ERP005928	PRJEB6403	Yersinia enterocolitica		PACBIO_SMRT	PacBio RS	844587357.0	163482.0	WGS	GENOMIC	SINGLE	PacBio RS sequencing
SRR15115348	SRX11424141	SRS9466088	SRP326190	PRJNA742487	Acinetobacter baumannii	MRSN 56	OXFORD_NANOPORE	MinION	2159350097.0	244584.0	WGS	GENOMIC	SINGLE	Minion of Acinetobacter baumannii MRSN 56 Day 10.
DRR723640	DRX703661	DRS495780	DRP013760	PRJDB20694	Psychrobacter sp. JCM 18903	JCM 18903	PACBIO_SMRT	Revio	228141137.0	15386.0	WGS	GENOMIC	SINGLE	Revio sequencing of SAMD01611163
SRR32219014	SRX27559265	SRS23972880	SRP561397	PRJNA1218925	Escherichia coli	BW25113	OXFORD_NANOPORE	MinION	120841613.0	81574.0	WGS	GENOMIC	SINGLE	WGS of Escherichia coli BW25113 SalE1B resistant: mutant 01
SRR28777827	SRX24342719	SRS20831719	SRP497546	PRJNA1091452	Klebsiella pneumoniae	KP05-PS	OXFORD_NANOPORE	MinION	1052869388.0	152422.0	WGS	GENOMIC	SINGLE	ONT performance study sequencing of K. pneumoniae
SRR8304177	SRX5118679	SRS4127292	SRP173116	PRJNA224224	Salmonella enterica subsp. enterica serovar Give	CFSAN004343	PACBIO_SMRT	Sequel	1097855154.0	201419.0	WGS	GENOMIC	SINGLE	Whole genome PacBio Sequel sequence of Salmonella enterica subsp. enterica
SRR25467105	SRX21199819	SRS18458353	SRP452337	PRJNA1000618	Escherichia coli	Escherichia coli BL21(DE3)	OXFORD_NANOPORE	MinION	8473309.0	4000.0	WGS	GENOMIC	SINGLE	CASTVK transposition with different condition
SRR12298492	SRX8801575	SRS6792393	SRP266402	PRJNA605147	Citrobacter freundii	RHBSTW-00006	OXFORD_NANOPORE	GridION	1138549683.0	200407.0	WGS	GENOMIC	SINGLE	OXFORD_NANOPORE sequencing of Citrobacter freundii isolate WTP4|T1-00006 cultured from WTP influent sample
SRR30483139	SRX25907926	SRS22499143	SRP529572	PRJNA1148956	Clostridioides difficile		OXFORD_NANOPORE	MinION	270767760.0	136955.0	WGS	GENOMIC	SINGLE	cdiff
SRR12089753	SRX8616028	SRS6905130	SRP268792	PRJNA641327	Bartonella alsatica	CIP 105477	PACBIO_SMRT	Sequel	92840004.0	14153.0	WGS	GENOMIC	SINGLE	Closed genome PacBio-sequencing of Bartonella alsatica CIP 105477
ERR10163185	ERX9699781	ERS13423712	ERP140710	PRJEB55790	Apilactobacillus kunkeei	A1803	PACBIO_SMRT	Sequel	3096617584.0	695558.0	WGS	GENOMIC	SINGLE	Sequel sequencing; Raw reads: A1803
SRR10039266	SRX6774315	SRS5321416	SRP219745	PRJNA561765	Chromobacterium paludis	IIBBL 257-1	PACBIO_SMRT	PacBio RS II	1884238028.0	163482.0	WGS	GENOMIC	PAIRED	PacBio RSII sequencing of C. paludis 257-1
SRR19820586	SRX15864335	SRS13525996	SRP361569	PRJNA768416	Bacillus sp. FSL W8-1055	FSL W8-1055	OXFORD_NANOPORE	MinION	762408185.0	186844.0	WGS	GENOMIC	SINGLE	WGS of Bacilli
SRR17497242	SRX13667438	SRS11553198	SRP354037	PRJNA794971	Pectobacterium aroidearum	QJ311	OXFORD_NANOPORE	PromethION	1008198548.0	83254.0	WGS	GENOMIC	SINGLE	WGS of Pectobacterium aroidearum:QJ311
ERR2528503	ERX2547384	ERS515509	ERP107863	PRJEB25895	Escherichia coli		PACBIO_SMRT	PacBio RS	712825581.0	163482.0	WGS	GENOMIC	SINGLE	PacBio RS sequencing
SRR14511408	SRX10857221	SRS8952719	SRP222378	PRJNA566206	Synechococcus sp. LA31	LA31	PACBIO_SMRT	Sequel	4271017573.0	1209177.0	WGS	GENOMIC	SINGLE	LA31_pacbio
SRR33937029	SRX29139290	SRS25243826	SRP591361	PRJNA1162747	Pseudomonas aeruginosa	567310	OXFORD_NANOPORE	MinION	632501567.0	95360.0	WGS	GENOMIC	SINGLE	WGS-ONT of Pseudomonas aeruginosa
SRR15655207	SRX11952234	SRS9962060	SRP334479	PRJNA748437	Xanthomonas cucurbitae	IL_234	OXFORD_NANOPORE	GridION	1215090315.0	172293.0	WGS	GENOMIC	SINGLE	gDNA of Xanthomonas cucurbitae IL_234
DRR596196	DRX576743	DRS426968	DRP012261	PRJDB18650	Enterobacter asburiae	GPC19-245	OXFORD_NANOPORE	MinION	872880551.0	55963.0	WGS	GENOMIC	SINGLE	MinION sequencing of SAMD00818410
ERR976761	ERX1053738	ERS715472	ERP005928	PRJEB6403	Klebsiella planticola	NCTC9179	PACBIO_SMRT	PacBio RS	1520511188.0	163482.0	WGS	GENOMIC	SINGLE	PacBio RS sequencing
SRR386158	SRX109866	SRS002782	SRP001679	PRJNA32483	Fusobacterium animalis 7_1	7_1	PACBIO_SMRT	PacBio RS	44057850.0	81741.0	WGS	GENOMIC	SINGLE	Whole Genome Sequencing and Assembly
ERR10499089	ERX10016378	ERS14255493	ERP142629	PRJEB57633	Escherichia coli		OXFORD_NANOPORE	GridION	319332033.0	84297.0	WGS	GENOMIC	SINGLE	Raw reads: ONT_30821_1#376
SRR3664370	SRX1842893	SRS1501789	SRP076524	PRJNA323439	Xanthomonas citri pv. glycines str. 12-2	12-2	PACBIO_SMRT	PacBio RS II	507037717.0	163482.0	WGS	GENOMIC	SINGLE	Xanthomonas axonopodis pv. glycines strain 12-2 genome sequencing with PacBio
SRR34728988	SRX29863368	SRS25966285	SRP603830	PRJNA1297335	Exiguobacterium artemiae	SC13	OXFORD_NANOPORE	GridION	326780255.0	215440.0	WGS	GENOMIC	SINGLE	ONP sequencing of phyllosphere bacteria
ERR10489033	ERX10008344	ERS14235934	ERP142385	PRJEB57405	Streptococcus pneumoniae		OXFORD_NANOPORE	MinION	609560485.0	105086.0	WGS	GENOMIC	SINGLE	MinION sequencing
SRR16525619	SRX12728380	SRS10336899	SRP357534	PRJNA801415	Enterobacter cloacae	592	OXFORD_NANOPORE	GridION	2365596073.0	316900.0	WGS	GENOMIC	SINGLE	Extensive diversification and dissemination of blaNDM carbapenemase plasmids in Enterobacterales in Singapore 2010-2015
SRR31583414	SRX26948840	SRS23420302	SRP548954	PRJNA1193326	Campylobacter jejuni		OXFORD_NANOPORE	MinION	261023807.0	35454.0	WGS	GENOMIC	SINGLE	Long-read Nanopore-based WGS characterization of antimicrobial resistant Campylobacter jejuni and Campylobacter coli isolates from humans, animals and food products in Northern Spain within a One Health approach
SRR17643352	SRX13811611	SRS11692220	SRP355409	PRJNA721841	Staphylococcus epidermidis	44	OXFORD_NANOPORE	MinION	3861742514.0	908900.0	WGS	GENOMIC	SINGLE	S. epidermidis strain:44 gDNA Nanopore sequencing
ERR4762152	ERX4635256	ERS5247755	ERP124695	PRJEB40976	Enterococcus faecalis		OXFORD_NANOPORE	GridION	521576889.0	36293.0	WGS	GENOMIC	SINGLE	GridION sequencing; Raw reads: 26975_1#132
ERR904397	ERX983685	ERS684469	ERP009820	PRJEB8783	Mycobacterium tuberculosis	3565STDY6067019	PACBIO_SMRT	PacBio RS	1582156072.0	163482.0	WGS	GENOMIC	SINGLE	PacBio RS sequencing
ERR10357054	ERX9889170	ERS7159830	ERP109413	PRJEB27342	Klebsiella aerogenes		PACBIO_SMRT	Sequel II	3156459020.0	475385.0	WGS	GENOMIC	SINGLE	Sequel II sequencing
SRR8305982	SRX5120484	SRS2552722	SRP119062	PRJNA191682	Salmonella enterica subsp. houtenae serovar 40:z4,z24:-	SGSC 3121	PACBIO_SMRT	Sequel	1388433013.0	202214.0	WGS	GENOMIC	SINGLE	Whole genome PacBio Sequel sequence of Salmonella enterica
DRR424356	DRX409562	DRS205713	DRP007744	PRJDB12343	Escherichia coli	MyNCGM183	OXFORD_NANOPORE	MinION	331276575.0	26666.0	WGS	GENOMIC	SINGLE	MinION sequencing of SAMD00406285
SRR30785063	SRX26186828	SRS22729888	SRP435872	PRJNA966932	Streptomyces coelicolor	CW6	OXFORD_NANOPORE	MinION	234402393.0	47624.0	WGS	GENOMIC	SINGLE	WGS of Mainculture 48 h S. coelicolor CW6::act c1
ERR4760465	ERX4633596	ERS4791737	ERP122609	PRJEB39129	Mycobacteroides abscessus	M. abscessus abscessus 09-13	OXFORD_NANOPORE	MinION	124772016.0	57018.0	WGS	GENOMIC	SINGLE	MinION sequencing
ERR6536204	ERX6163027	ERS3927639	ERP023216	PRJEB20997	Salmonella enterica		PACBIO_SMRT	Sequel II	925392017.0	239595.0	WGS	GENOMIC	SINGLE	Sequel II sequencing
ERR5646129	ERX5361629	ERS6162972	ERP128070	PRJEB44065	Bacillus velezensis		OXFORD_NANOPORE	MinION	2669456564.0	2442322.0	WGS	GENOMIC	SINGLE	MinION sequencing; Raw reads: MinION_WGS_Cob9-1
SRR13674417	SRX10063858	SRS8226049	SRP040661	PRJNA231221	Escherichia coli	FDAARGOS_1347	PACBIO_SMRT	Sequel	1433084218.0	292273.0	WGS	GENOMIC	SINGLE	
SRR684529	SRX228393	SRS411271	SRP022780	PRJNA82563	Lactococcus garvieae ATCC 49156	ATCC 49156	PACBIO_SMRT	PacBio RS	43945574.0	81741.0	WGS	GENOMIC	SINGLE	Pacbio whole genome shotgun sequencing of genomic DNA library 'LR_136_Lgarvieae' containing sample 'ATCC49156' from individual 'Lactococcus_garvieae_NCIMB_31208'
SRR27678710	SRX23346039	SRS20207277	SRP485167	PRJNA960711	Bacillus arachidis	YX15	OXFORD_NANOPORE	MinION	292890121.0	69106.0	WGS	GENOMIC	SINGLE	WGS of Bacillus arachidis: strain YX15
SRR13827111	SRX10206541	SRS3266412	SRP144782	PRJNA464397	Klebsiella pneumoniae		OXFORD_NANOPORE	GridION	581206731.0	88818.0	WGS	GENOMIC	SINGLE	Nanopore sequencing of Klebsiella pneumoniae
SRR31024191	SRX26411372	SRS22931326	SRP539092	PRJNA1174068	Vibrio cholerae	mHDM VC175	OXFORD_NANOPORE	PromethION	74099848.0	39914.0	WGS	GENOMIC	SINGLE	WGS of Vcholerae isolates
SRR29015162	SRX24541738	SRS21286466	SRP506715	PRJNA981225	Salmonella enterica subsp. enterica serovar Typhimurium	YY-2015-114	OXFORD_NANOPORE	PromethION	1000008102.0	44467.0	WGS	GENOMIC	SINGLE	raw sequence data of Salmonella enterica subsp. enterica serovar Typhimurium YY-2015-114 using third-generation sequencing
SRR386053	SRX109950	SRS010315	SRP001878	PRJNA40009	Bacteroides eggerthii 1_2_48FAA	1_2_48FAA	PACBIO_SMRT	PacBio RS	41784198.0	81741.0	WGS	GENOMIC	SINGLE	Whole Genome Sequencing and Assembly
SRR29226783	SRX24745550	SRS21467368	SRP510673	PRJNA1112792	Salmonella enterica	E1S-014	OXFORD_NANOPORE	GridION	755992295.0	93390.0	WGS	GENOMIC	SINGLE	Whole genome sequence of E1S-014
SRR389242	SRX032453	SRS140102	SRP004712	PRJNA61297	Vibrio cholerae O1 biovar El Tor		PACBIO_SMRT	PacBio RS	27926646.0	60667.0	WGS	GENOMIC	SINGLE	Sequencing for M4 (Bangladesh, 2008)
SRR386383	SRX109879	SRS212335	SRP007231	PRJNA49881	Scardovia wiggsiae F0424	F0424	PACBIO_SMRT	PacBio RS	118446061.0	81741.0	WGS	GENOMIC	SINGLE	Whole Genome Sequencing and Assembly
ERR1892102	ERX1952600	ERS1403223	ERP005928	PRJEB6403	Corynebacterium matruchotii	NCTC10254	PACBIO_SMRT	PacBio RS	751462288.0	163482.0	WGS	GENOMIC	SINGLE	PacBio RS sequencing
SRR35903296	SRX30952591	SRS3409670	SRP150360	PRJNA475751	Enterococcus faecium	VRE32524	OXFORD_NANOPORE	MinION	143116.0	243.0	WGS	GENOMIC	SINGLE	WGS Sequencing of E. faecium
SRR12365044	SRX8864250	SRS7125852	SRP275476	PRJNA618041	Carboxydothermus ferrireducens DSM 11255	DSM 11255	PACBIO_SMRT	PacBio RS II	539739347.0	141279.0	WGS	GENOMIC	SINGLE	Carboxydothermus ferrireducens DSM 11255 pacbio
ERR3181767	ERX3209618	ERS3147556	ERP107863	PRJEB25895	Escherichia coli		PACBIO_SMRT	PacBio RS	1386027387.0	163482.0	WGS	GENOMIC	SINGLE	PacBio RS sequencing
SRR24054106	SRX19855726	SRS17213284	SRP430662	PRJNA950946	Caballeronia sp. LZ019	LZ019	OXFORD_NANOPORE	MinION	2982965072.0	628302.0	WGS	GENOMIC	SINGLE	Caballeronia sequencing: LZ019
ERR16064433	ERX15454615	ERS28397568	ERP173262	PRJEB90249	Burkholderia stabilis		OXFORD_NANOPORE	GridION	387069744.0	84944.0	WGS	GENOMIC	SINGLE	GridION sequencing
SRR10151558	SRX6876987	SRS5412770	SRP222762	PRJNA546627	Streptomyces scabiei	SAI-025	PACBIO_SMRT	Sequel	1836314365.0	432126.0	WGS	GENOMIC	SINGLE	Streptomyces scabiei SAI-025
SRR12395129	SRX8893768	SRS7152790	SRP276100	PRJNA650381	Mycobacterium tuberculosis		OXFORD_NANOPORE	MinION	736769456.0	499213.0	WGS	GENOMIC	SINGLE	Nanopore TB WGS
SRR32178245	SRX27523488	SRS23941277	SRP563476	PRJNA1222881	Streptococcus	Streptococcus agalactiae	OXFORD_NANOPORE	MinION	1144609751.0	229102.0	WGS	GENOMIC	SINGLE	WGS of Streptococcus agalactiae
SRR25637833	SRX21364469	SRS18600540	SRP454894	PRJNA1005239	Escherichia coli str. K-12 substr. MG1655	K-12	OXFORD_NANOPORE	MinION	457748631.0	127182.0	WGS	GENOMIC	SINGLE	WGS of Escherichia coli MG1655 evolved in propranolol replicate 3 long read
SRR16951848	SRX13143625	SRS6123595	SRP247835	PRJNA605589	Acinetobacter baumannii	Ab905	OXFORD_NANOPORE	MinION	915130.0	4323.0	WGS	GENOMIC	PAIRED	A. baumannii Ab905hypermucoid- Nanopore
ERR3986922	ERX3988949	ERS4380856	ERP120516	PRJEB37212	Escherichia coli		OXFORD_NANOPORE	MinION	247977820.0	67814.0	WGS	GENOMIC	SINGLE	MinION sequencing; Oxfordshire gram negative bacteraemias
SRR3756804	SRX1905894	SRS1546708	SRP078098	PRJNA239496	Lachnobacterium bovis	AE2004	PACBIO_SMRT	PacBio RS	74010560.0	47375.0	WGS	GENOMIC	SINGLE	Lachnobacterium bovis AE2004
SRR14307870	SRX10663306	SRS8145449	SRP301498	PRJNA690640	Enterococcus faecium		OXFORD_NANOPORE	MinION	2116845.0	233.0	WGS	GENOMIC	SINGLE	WGS of E. faecium
SRR26448323	SRX22152790	SRS19211898	SRP467260	PRJNA1029794	Bacillus licheniformis		OXFORD_NANOPORE	MinION	373092211.0	72410.0	WGS	GENOMIC	SINGLE	WGS of Bacillus licheniformis: environment
SRR9221413	SRX5991973	SRS4897112	SRP191068	PRJNA528511	Escherichia coli	GTEN_130	OXFORD_NANOPORE	GridION	1911103464.0	342612.0	WGS	GENOMIC	SINGLE	Global TravEpiNet AMR surveillance Genome sequencing and assembly
SRR305938	SRX081567	SRS212041	SRP007207	PRJNA68253	Escherichia coli		PACBIO_SMRT	PacBio RS	248647601.0	81741.0	WGS	GENOMIC	SINGLE	Whole Genome Sequencing of E. coli isolate C227-11 (CCS)
SRR27972599	SRX23625854	SRS20465369	SRP489819	PRJNA1076692	Escherichia coli	RIVM_C059185_dorado	OXFORD_NANOPORE	MinION	266917660.0	59103.0	WGS	GENOMIC	SINGLE	RIVM_C059185_dorado
SRR4181346	SRX2142582	SRS1674039	SRP086963	PRJNA303843	Tsukamurella pulmonis	DSM 44142	PACBIO_SMRT	PacBio RS	180094194.0	43322.0	WGS	GENOMIC	SINGLE	Tsukamurella pulmonis DSM 44142
SRR29099104	SRX24623044	SRS21135504	SRP395888	PRJNA812595	Enterobacter hormaechei	2024CK-00477	OXFORD_NANOPORE	GridION	367609656.0	49749.0	WGS	GENOMIC	SINGLE	Nanopore sequencing of ARLN isolate
SRR27352634	SRX23029134	SRS19991018	SRP480168	PRJNA1057299	Clostridioides difficile	cd220719_barcode57	OXFORD_NANOPORE	MinION	97028092.0	57156.0	WGS	GENOMIC	SINGLE	Clostridioides difficile strain cd220719_barcode57
SRR30896505	SRX26300064	SRS22828786	SRP536878	PRJNA1134622	Escherichia coli	OXEC-388	OXFORD_NANOPORE	MinION	677471192.0	190552.0	WGS	GENOMIC	SINGLE	OXEC-388
SRR35787274	SRX30836573	SRS26844853	SRP632197	PRJNA1338806	Sinorhizobium medicae	H3M3R2	OXFORD_NANOPORE	PromethION	415328135.0	88861.0	WGS	GENOMIC	SINGLE	Whole-genome sequencing of strain g5 using Oxford Nanopore PromethION (Plasmidsaurus)
SRR24140143	SRX19938934	SRS17287642	SRP247747	PRJNA604975	Escherichia coli	ox_bsi_595	OXFORD_NANOPORE	GridION	121359372.0	85331.0	WGS	GENOMIC	SINGLE	oxford_bsi
SRR27972603	SRX23625850	SRS20465367	SRP489819	PRJNA1076692	Escherichia coli	RIVM_C059150_dorado	OXFORD_NANOPORE	MinION	91686625.0	27983.0	WGS	GENOMIC	SINGLE	RIVM_C059150_dorado
SRR10211250	SRX6930994	SRS5461289	SRP191068	PRJNA528511	Escherichia coli	GTEN_333	OXFORD_NANOPORE	GridION	732770650.0	259869.0	WGS	GENOMIC	SINGLE	Global TravEpiNet AMR surveillance Genome sequencing and assembly
SRR19183951	SRX15249217	SRS12981716	SRP375062	PRJNA837734	Listeria monocytogenes	81-502	OXFORD_NANOPORE	MinION	848100299.0	153363.0	WGS	GENOMIC	SINGLE	Nanopore sequencing of Listeria monocytogenes
SRR29316838	SRX24833305	SRS21545136	SRP512379	PRJNA1121190	Vibrio cholerae	121Vc06	OXFORD_NANOPORE	PromethION	622042562.0	95121.0	WGS	GENOMIC	SINGLE	WGS of Vcholerae isolates
SRR7135408	SRX4056283	SRS3273223	SRP145018	PRJNA442711	Paracidovorax citrulli	AAC00-1 #5593	PACBIO_SMRT	PacBio RS II	366933081.0	78812.0	WGS	GENOMIC	SINGLE	Acidovorax citrulli AAC00-1 #5593
SRR15827875	SRX12119923	SRS10099961	SRP336307	PRJNA761884	Klebsiella pneumoniae	X_96	PACBIO_SMRT	PacBio RS II	1452108361.0	168307.0	WGS	GENOMIC	SINGLE	WGS of Klebsiella pneumoniae: sample WFA76
SRR7817825	SRX4669252	SRS1256843	SRP068736	PRJNA292901	Escherichia coli		PACBIO_SMRT	PacBio RS II	953534129.0	163482.0	WGS	GENOMIC	SINGLE	PacBio SMRT Sequencing of Escherichia coli FDA-CDC-AR_0013 Genomic Library
SRR24138851	SRX19937381	SRS17286132	SRP432102	PRJNA954566	Vibrio cholerae	CMR/2020/NS36	OXFORD_NANOPORE	MinION	518985082.0	81412.0	WGS	GENOMIC	SINGLE	Oxford Nanopore sequencing of Vibrio cholerae
SRR31834152	SRX27194512	SRS23161476	SRP074197	PRJNA288601	Citrobacter freundii		OXFORD_NANOPORE	GridION	1419078116.0	713487.0	WGS	GENOMIC	SINGLE	Nanopore sequencing of ARLN isolate
SRR29778939	SRX25278941	SRS21698319	SRP418402	PRJNA925803	Streptococcus dysgalactiae subsp. equisimilis	MGCS36045	OXFORD_NANOPORE	GridION	382772288.0	123969.0	WGS	GENOMIC	SINGLE	WGS of Streptococcus dysgalactiae subsp. equisimilis
ERR2528537	ERX2547418	ERS806971	ERP107863	PRJEB25895	Escherichia coli		PACBIO_SMRT	PacBio RS	1099928414.0	163482.0	WGS	GENOMIC	SINGLE	PacBio RS sequencing
SRR5515303	SRX2788662	SRS2170225	SRP106618	PRJNA385665	Taylorella equigenitalis	09-0932	PACBIO_SMRT	PacBio RS II	2226767151.0	340555.0	WGS	GENOMIC	SINGLE	WGS of Taylorella equigenitalis
SRR33769449	SRX28991913	SRS22456168	SRP444583	PRJNA962904	Klebsiella pneumoniae		PACBIO_SMRT	Sequel II	213016649.0	64376.0	WGS	GENOMIC	SINGLE	PacBio sequencing of AH0909HC1 for ARCH 2
SRR35281927	SRX30384022	SRS26424140	SRP618029	PRJNA1321121	Streptococcus uberis	1122039	OXFORD_NANOPORE	MinION	200938891.0	210307.0	WGS	GENOMIC	SINGLE	WGS of Streptoccocus uberis islated from cows with mastitis
SRR8984893	SRX5764156	SRS4698558	SRP040661	PRJNA231221	Bordetella hinzii	FDAARGOS_621	PACBIO_SMRT	PacBio RS	778279012.0	163482.0	WGS	GENOMIC	SINGLE	
SRR932035	SRX320110	SRS456505	SRP022914	PRJNA203445	Listeria monocytogenes	J1926	PACBIO_SMRT	PacBio RS	167118851.0	81741.0	WGS	GENOMIC	SINGLE	Listeria monocytogenes Strain J1926
SRR34323117	SRX29488796	SRS25631191	SRP494488	PRJNA1085078	Mycobacterium tuberculosis	ITM-1999-01508	OXFORD_NANOPORE	MinION	198010689.0	70262.0	WGS	GENOMIC	SINGLE	ONS-MtbC-NTU
SRR34731961	SRX29866327	SRS25968825	SRP603874	PRJNA1297324	Pediococcus pentosaceus	13_7_13A_2	OXFORD_NANOPORE	MinION	277357348.0	116713.0	WGS	GENOMIC	SINGLE	Whole genome sequencing of P. pentosaceus isolate 13_7_13A_2 from bovine teat canal biofilm
SRR25778593	SRX21501223	SRS18732671	SRP457287	PRJNA1010209	Mycobacterium tuberculosis	TDR180	OXFORD_NANOPORE	MinION	505641042.0	179951.0	WGS	GENOMIC	SINGLE	WGS from TDR180 Oxford Nanopore
SRR29777249	SRX25277147	SRS21961064	SRP519287	PRJNA1134122	Listeria monocytogenes	N23-2879	OXFORD_NANOPORE	MinION	427612484.0	68182.0	WGS	GENOMIC	SINGLE	Long read WGS of Listeria monocytogenes: isolate N23-2879
SRR24512021	SRX20296456	SRS17622435	SRP437200	PRJNA957407	Rhizobium sp. SORGH_AS_0755	SORGH_AS_0755	PACBIO_SMRT	Sequel IIe	663498415.0	84892.0	WGS	GENOMIC	SINGLE	Rhizobium sp. SORGH_AS 755
SRR22423454	SRX18392935	SRS15877048	SRP410084	PRJNA888112	Vibrio natriegens	PWH3a	OXFORD_NANOPORE	MinION	548469246.0	85746.0	WGS	GENOMIC	SINGLE	Nanopore Seq of Vibrio natriegens strain PWH3a
SRR10013759	SRX6751870	SRS5301910	SRP219110	PRJNA560883	Escherichia coli O16:H48	PG20180060	OXFORD_NANOPORE	MinION	94223279.0	22053.0	WGS	GENOMIC	SINGLE	Escherichia coli O16:H48 (Transconjugant)
SRR3441715	SRX1727954	SRS1324859	SRP050002	PRJNA266616	Bordetella pertussis		PACBIO_SMRT	PacBio RS II	884725093.0	163482.0	WGS	GENOMIC	SINGLE	
ERR2432899	ERX2452478	ERS1943134	ERP005928	PRJEB6403	Campylobacter coli	NCTC12567	PACBIO_SMRT	PacBio RS	222462184.0	163482.0	WGS	GENOMIC	SINGLE	PacBio RS sequencing
SRR20083795	SRX16121504	SRS13783905	SRP385998	PRJNA857878	Klebsiella pneumoniae	F28	OXFORD_NANOPORE	MinION	553196920.0	126034.0	WGS	GENOMIC	SINGLE	F28
SRR29167809	SRX24695525	SRS21423047	SRP256141	PRJNA510384	Escherichia coli	not applicable	OXFORD_NANOPORE	GridION	259330457.0	83624.0	WGS	GENOMIC	SINGLE	EC-Horse-OK74078CY240035
SRR32364841	SRX27699305	SRS21131194	SRP444583	PRJNA962904	Escherichia coli		PACBIO_SMRT	Sequel II	221323804.0	10081.0	WGS	GENOMIC	SINGLE	PacBio sequencing of CS6728E1 for ARCH 1.0
SRR24204044	SRX20000648	SRS17345361	SRP433190	PRJNA952362	Halobacillus naozhouensis	KCTC 13234	PACBIO_SMRT	Sequel II	1229020427.0	138199.0	WGS	GENOMIC	SINGLE	KACC 21980 Genome sequencing
ERR6719423	ERX6344017	ERS4197104	ERP023216	PRJEB20997	Salmonella enterica		PACBIO_SMRT	Sequel II	1532311789.0	353049.0	WGS	GENOMIC	SINGLE	Sequel II sequencing
ERR10499417	ERX10016703	ERS14256925			Escherichia coli		OXFORD_NANOPORE	GridION	248160712.0	19685.0	WGS	GENOMIC	SINGLE	GridION sequencing; Raw reads: ONT_30224_1#118
SRR8984805	SRX5764068	SRS4698530	SRP040661	PRJNA231221	Klebsiella michiganensis	FDAARGOS_647	PACBIO_SMRT	PacBio RS	1842292174.0	163482.0	WGS	GENOMIC	SINGLE	
ERR1681916	ERX1751533	ERS764947	ERP005928	PRJEB6403	Escherichia coli	NCTC10757	PACBIO_SMRT	PacBio RS	859713354.0	163482.0	WGS	GENOMIC	SINGLE	PacBio RS sequencing
SRR32972629	SRX28245927	SRS24593592	SRP576427	PRJNA1190511	Yersinia pestis	19039	PACBIO_SMRT	Sequel	643067779.0	45741.0	WGS	GENOMIC	SINGLE	WGS of Yersinia pestis: cultured strain 19039
SRR15988990	SRX12277877	SRS9998816	SRP357537	PRJNA801416	Enterobacter cloacae	832	OXFORD_NANOPORE	GridION	509184961.0	55029.0	WGS	GENOMIC	SINGLE	Whole Genome Sequencing of Carbapenemase-producing Enterobacterales (CPE)
SRR30940507	SRX26343246	SRS22868757	SRP537656	PRJNA1078520	Streptococcus salivarius	KSS6	PACBIO_SMRT	Sequel II	582210131.0	61948.0	WGS	GENOMIC	SINGLE	Streptococcus salivarius strain:KSS6 Genome sequencing
SRR32364702	SRX27699444	SRS21122254	SRP444583	PRJNA962904	Escherichia coli		PACBIO_SMRT	Sequel II	240485743.0	8722.0	WGS	GENOMIC	SINGLE	PacBio sequencing of AS6298C1 for ARCH 1.0
ERR15094575	ERX14499173	ERS24813705	ERP119900	PRJEB36683	Klebsiella pneumoniae 11227-1		OXFORD_NANOPORE	PromethION	297129287.0	106949.0	WGS	GENOMIC	SINGLE	Raw reads: RKPB138_L
SRR21415708	SRX17420172	SRS13526045	SRP361569	PRJNA768416	Alkalihalobacillus sp. FSL W8-0930		OXFORD_NANOPORE	MinION	765067025.0	158898.0	WGS	GENOMIC	SINGLE	WGS of Bacilli
SRR28803601	SRX24367360	SRS21124297	SRP503992	PRJNA1104141	Comamonas testosteroni	not collected	PACBIO_SMRT	PacBio RS	1348666650.0	8991111.0	WGS	GENOMIC	PAIRED	Comamonas testosteroni
ERR2797053	ERX2806072	ERS2735115	ERP110894	PRJEB28660	Escherichia coli		OXFORD_NANOPORE	MinION	171579187.0	24343.0	WGS	GENOMIC	SINGLE	MinION sequencing
ERR4910165	ERX4776989	ERS4556739	ERP121699	PRJEB38289	Klebsiella pneumoniae		PACBIO_SMRT	PacBio RS	577449515.0	54494.0	WGS	GENOMIC	SINGLE	PacBio RS sequencing
ERR10472495	ERX9992840	ERS6795203	ERP109413	PRJEB27342	Klebsiella pneumoniae		PACBIO_SMRT	Sequel II	7582409183.0	1364505.0	WGS	GENOMIC	SINGLE	Sequel II sequencing
ERR10499675	ERX10016957	ERS14256792			Escherichia coli		OXFORD_NANOPORE	GridION	61447234.0	19296.0	WGS	GENOMIC	SINGLE	GridION sequencing; Raw reads: ONT_30821_1#271
SRR9625174	SRX6387340	SRS5046831	SRP040661	PRJNA231221	Mycobacterium tuberculosis	FDAARGOS_756	PACBIO_SMRT	PacBio RS	2658484935.0	163482.0	WGS	GENOMIC	SINGLE	
SRR29307028	SRX24823999	SRS21408472	SRP509553	PRJNA1115805	Castellaniella sp. 151836		OXFORD_NANOPORE	MinION	582062435.0	103002.0	WGS	GENOMIC	SINGLE	ONT seq of cas_151836
SRR26473436	SRX22177327	SRS19234794	SRP250705	PRJNA607328	Saccharomyces cerevisiae	BY4742	OXFORD_NANOPORE	MinION	539008255.0	106623.0	WGS	GENOMIC	SINGLE	Saccharomyces cerevisiae FELIX_MS482 Nanopore
SRR21630368	SRX17631032	SRS14987309	SRP354045	PRJNA747871	Streptomyces sp. NBC_00147	NBC_00147	OXFORD_NANOPORE	MinION	393436565.0	95916.0	WGS	GENOMIC	SINGLE	nanopore sequencing data from strain NBC_00147
ERR1046585	ERX1126876	ERS764947	ERP005928	PRJEB6403	Escherichia coli	NCTC10757	PACBIO_SMRT	PacBio RS	363956858.0	163482.0	WGS	GENOMIC	SINGLE	PacBio RS sequencing
SRR31131495	SRX26513442	SRS23025997	SRP540434	PRJNA992554	Vibrio neocaledonicus	I15A	OXFORD_NANOPORE	GridION	476130260.0	94364.0	WGS	GENOMIC	SINGLE	Raw genome sequencing data (FASTQ) of Vibrio spp. isolates from Anadara tuberculosa
SRR12280267	SRX8784446	SRS7053148	SRP272861	PRJNA646575	Bacteroides ovatus		OXFORD_NANOPORE	GridION	1869544720.0	185710.0	WGS	GENOMIC	SINGLE	WGS  of Bacteroides fragilis group clinical isolates
SRR30934789	SRX26337520	SRS22863377	SRP537571	PRJNA1168290	Paenibacillus sp. TAB_01	TAB_01	OXFORD_NANOPORE	MinION	1722150.0	204.0	WGS	GENOMIC	SINGLE	Paenibacillus sp. TAB 01 from cotton plant tissue
SRR33968462	SRX29167134	SRS25367632	SRP591870	PRJNA1276484	Mycobacteroides abscessus		OXFORD_NANOPORE	MinION	1222719608.0	200421.0	WGS	GENOMIC	SINGLE	CW26186
SRR5829900	SRX3007244	SRS2357531	SRP112250	PRJNA329699	Clostridium beijerinckii	DJ054	PACBIO_SMRT	PacBio RS II	626662024.0	159596.0	WGS	GENOMIC	SINGLE	Clostridium beijerinckii str. 054
ERR16064646	ERX15454828	ERS28397781	ERP173262	PRJEB90249	Streptococcus pyogenes		OXFORD_NANOPORE	GridION	84538515.0	27630.0	WGS	GENOMIC	SINGLE	GridION sequencing
SRR35851026	SRX30900228	SRS26900585	SRP636871	PRJNA1334387	Halobacillus sp. ABA4_118	ABA4_118	OXFORD_NANOPORE	GridION	3785014967.0	773070.0	WGS	GENOMIC	SINGLE	WGS of Halobacillus sp. : Marine biofilm
ERR10499333	ERX10016619	ERS14256110	ERP142629	PRJEB57633	Escherichia coli		OXFORD_NANOPORE	GridION	116677358.0	12742.0	WGS	GENOMIC	SINGLE	Raw reads: ONT_31663_7#332
SRR7508507	SRX4378989	SRS3535380	SRP153035	PRJNA433211	Pseudomonas chlororaphis subsp. aurantiaca	CW2	PACBIO_SMRT	PacBio RS II	2775028779.0	163482.0	WGS	GENOMIC	SINGLE	Whole genome sequence of Pseudomonas chlororaphis subsp. aurantiaca CW2
DRR667164	DRX647266	DRS454580	DRP012833	PRJDB20538	Escherichia coli		OXFORD_NANOPORE	MinION	729900452.0	125864.0	WGS	GENOMIC	SINGLE	MinION sequencing of SAMD00899027
SRR16525265	SRX12727849	SRS10676783	SRP342584	PRJNA768992	Salmonella enterica subsp. enterica serovar Heidelberg	SA02DT10168701	OXFORD_NANOPORE	MinION	144506079.0	42398.0	WGS	GENOMIC	SINGLE	Evaluation of commercial DNA extraction kits for implementation of rapid Nanopore
SRR31834157	SRX27194507	SRS23258536	SRP074197	PRJNA288601	Klebsiella michiganensis		OXFORD_NANOPORE	GridION	1430917297.0	379499.0	WGS	GENOMIC	SINGLE	Nanopore sequencing of ARLN isolate
ERR3685758	ERX3675362	ERS4047559	ERP114207	PRJEB31632	bacterium		OXFORD_NANOPORE	GridION	530020289.0	64398.0	WGS	GENOMIC	SINGLE	GridION sequencing
DRR424396	DRX409602	DRS205753	DRP007744	PRJDB12343	Escherichia coli	MyNCGM557	OXFORD_NANOPORE	MinION	459664168.0	33818.0	WGS	GENOMIC	SINGLE	MinION sequencing of SAMD00406325
SRR18729779	SRX14829950	SRS12585894	SRP369762	PRJNA825705	Klebsiella pneumoniae	ST-258	OXFORD_NANOPORE	MinION	3258946064.0	362050.0	WGS	GENOMIC	SINGLE	ONT sequencing of Klebsiella pneumoniae: sample KLPN-25
SRR28434557	SRX24038824	SRS20831722	SRP497546	PRJNA1091452	Listeria monocytogenes	L-01	OXFORD_NANOPORE	MinION	320927005.0	115000.0	WGS	GENOMIC	SINGLE	ONT performance study sequencing of L. monocytogenes
SRR33895107	SRX29106746	SRS25313086	SRP590843	PRJNA1272507	Salmonella enterica	SAL-107	OXFORD_NANOPORE	GridION	1384834578.0	215400.0	WGS	GENOMIC	SINGLE	ONT-WGS of Salmonella enterica
SRR33220699	SRX28467769	SRS24788011	SRP579822	PRJNA1252862	Streptomyces venezuelae ATCC 10712	WT	OXFORD_NANOPORE	PromethION	1147282918.0	136151.0	WGS	GENOMIC	SINGLE	Genome sequencing of WT(ISP5230)
SRR389257	SRX032451	SRS140100	SRP004712	PRJNA61297	Vibrio cholerae O1 biovar El Tor		PACBIO_SMRT	PacBio RS	126203357.0	60667.0	WGS	GENOMIC	SINGLE	Sequencing for H1 (Haiti, 2010)
ERR10497645	ERX10014934	ERS14254535	ERP142629	PRJEB57633	Escherichia coli		OXFORD_NANOPORE	GridION	70245005.0	10038.0	WGS	GENOMIC	SINGLE	Raw reads: ONT_30134_6#302
ERR15289500	ERX14695334	ERS25258590	ERP160926	PRJEB76400	Lactococcus lactis		OXFORD_NANOPORE	MinION	107647080.0	33586.0	WGS	GENOMIC	SINGLE	MinION sequencing
SRR35181412	SRX30286290	SRS17947707	SRP442172	PRJNA713122	Actinoplanes couchii	DSM 45050	PACBIO_SMRT	Sequel II	677505228.0	88748.0	WGS	GENOMIC	SINGLE	Actinoplanes couchii DSM 45050
SRR21415957	SRX17420531	SRS12114949	SRP361569	PRJNA768416	Paenibacillus sp. FSL H7-0703	FSL H7-0703	OXFORD_NANOPORE	MinION	145153090.0	23945.0	WGS	GENOMIC	SINGLE	WGS of Bacilli
SRR33769293	SRX28991476	SRS22396920	SRP444583	PRJNA962904	Escherichia coli		PACBIO_SMRT	Sequel II	506951434.0	23283.0	WGS	GENOMIC	SINGLE	PacBio sequencing of AH0022HC1 for ARCH 2
SRR13289783	SRX9718963	SRS7252135	SRP278657	PRJNA658369	Klebsiella pneumoniae	ARLG-4260	OXFORD_NANOPORE	GridION	1411659673.0	236933.0	WGS	GENOMIC	SINGLE	ONT seq of K. pneumoniae
DRR293671	DRX283082	DRS178820	DRP004189	PRJDB5929	Klebsiella pneumoniae	KP276	OXFORD_NANOPORE	GridION	1323934257.0	222484.0	WGS	GENOMIC	SINGLE	GridION sequencing of SAMD00138545
SRR941242	SRX326512	SRS468192	SRP027574	PRJNA63279	Escherichia coli O157:H7 str. F8092B	F8092B	PACBIO_SMRT	PacBio RS	169674202.0	81741.0	WGS	GENOMIC	SINGLE	Escherichia coli O157:H7 F8092B PacBio C2 CLR
ERR15665864	ERX15070443	ERS203066	ERP001784	PRJEB3255	Escherichia coli	M429	OXFORD_NANOPORE	MinION	531662252.0	69600.0	WGS	GENOMIC	SINGLE	MinION sequencing
SRR12395430	SRX8893467	SRS7152489	SRP276100	PRJNA650381	Mycobacterium tuberculosis		OXFORD_NANOPORE	MinION	955930271.0	586331.0	WGS	GENOMIC	SINGLE	Nanopore TB WGS
SRR36602946	SRX31615557	SRS27591487	SRP658065	PRJNA1393850	Photorhabdus akhurstii	KLK18.5	OXFORD_NANOPORE	GridION	196194981.0	114526.0	WGS	GENOMIC	SINGLE	Long reads of Photorhabdus
SRR21416089	SRX17420399	SRS12115389	SRP361569	PRJNA768416	Lysinibacillus sp. FSL M8-0134	FSL M8-0134	OXFORD_NANOPORE	MinION	86304052.0	26822.0	WGS	GENOMIC	SINGLE	WGS of Bacilli
SRR19787650	SRX15831701	SRS13522791	SRP383167	PRJNA851853	Salmonella enterica	K3310_ONT	OXFORD_NANOPORE	GridION	4821366404.0	725890.0	WGS	GENOMIC	SINGLE	WGS of Salmonella enterica serovar Enteritidis
SRR26134223	SRX21847526	SRS18945060	SRP462476	PRJNA993145	Staphylococcus aureus	ST8509	OXFORD_NANOPORE	GridION	348210755.0	83276.0	WGS	GENOMIC	SINGLE	WGS of S. aureus: Ruminant mastitis isolate
ERR1612406	ERX1682795	ERS1201842	ERP005928	PRJEB6403	Corynebacterium minutissimum	NCTC10288	PACBIO_SMRT	PacBio RS	448140612.0	163482.0	WGS	GENOMIC	SINGLE	PacBio RS sequencing
SRR32204198	SRX27545613	SRS23960614	SRP561120	PRJNA1214876	Ekhidna algicida	To15	OXFORD_NANOPORE	MinION	33520311.0	4000.0	WGS	GENOMIC	SINGLE	Ekhidna algicida strain To15 genome
SRR34006324	SRX29202683	SRS25399854	SRP592562	PRJNA1274016	Halomonas mongoliensis	BS224	OXFORD_NANOPORE	PromethION	1869164982.0	239304.0	WGS	GENOMIC	SINGLE	WGS of Halomonas mangoliensis
SRR12825863	SRX9293501	SRS7519879	SRP040661	PRJNA231221	Burkholderia ambifaria	FDAARGOS_1027	PACBIO_SMRT	Sequel	3866246732.0	497430.0	WGS	GENOMIC	SINGLE	
ERR10769183	ERX10220077	ERS2784761	ERP104475	PRJEB22771	Streptococcus pneumoniae		PACBIO_SMRT	Sequel II	4682977545.0	658495.0	WGS	GENOMIC	SINGLE	Sequel II sequencing
SRR14753647	SRX11087195	SRS9152682	SRP323129	PRJNA735522	Bacillus velezensis	GMEKP1	OXFORD_NANOPORE	GridION	28222759.0	4000.0	WGS	GENOMIC	SINGLE	SRA Bacillus velezensis GMEKP1
DRR572280	DRX555747	DRS426362	DRP012251	PRJDB17574	Escherichia coli	YK-IS1MA-L05_Anc	OXFORD_NANOPORE	MinION	198512.0	24.0	WGS	GENOMIC	SINGLE	nanopore-seq of SAMD00748178 L05_Anc
ERR13386004	ERX12756791	ERS20609120	ERP162246	PRJEB77921	Sinorhizobium meliloti		OXFORD_NANOPORE	MinION	85110880.0	559940.0	WGS	GENOMIC	PAIRED	Single-nucleotide variant and marker frequency analysis of Sinorhizobium meliloti strains with rearranged genomic DNA
SRR21416032	SRX17420456	SRS13526073	SRP361569	PRJNA768416	Paenibacillus sp. FSL R10-2796		OXFORD_NANOPORE	MinION	821964213.0	226574.0	WGS	GENOMIC	SINGLE	WGS of Bacilli
DRR667299	DRX647401	DRS457055	DRP012869	PRJDB20344	Fusicatenibacter saccharivorans	JCM 18507	PACBIO_SMRT	Revio	2990840.0	366.0	WGS	GENOMIC	SINGLE	Revio sequencing of SAMD00887359
DRR572520	DRX555987	DRS426370	DRP012251	PRJDB17574	Escherichia coli	YK-IS1MA-L01-3_G08	OXFORD_NANOPORE	MinION	35660.0	100.0	WGS	GENOMIC	SINGLE	nanopore-seq of SAMD00748187 L01-3_G8
DRR460655	DRX444914	DRS296813	DRP009845	PRJDB15568	Escherichia coli	JU502	OXFORD_NANOPORE	MinION	1479767661.0	201576.0	WGS	GENOMIC	SINGLE	MinION sequencing of SAMD00589545
SRR6977626	SRX3919105	SRS3154121	SRP139328	PRJNA443928	Stenotrophomonas sp. 2079	2079	PACBIO_SMRT	PacBio RS II	428359187.0	85335.0	WGS	GENOMIC	SINGLE	Stenotrophomonas sp. 2079
SRR6315460	SRX3415339	SRS2708307	SRP125446	PRJNA418211	Klebsiella pneumoniae	not applicable	PACBIO_SMRT	PacBio RS II	1663768327.0	163482.0	WGS	GENOMIC	SINGLE	WGS of Klebsiella pneumoniae NH25 Clinical Isolate
SRR32527930	SRX27839598	SRS24213946	SRP567071	PRJNA1230128	Salmonella enterica subsp. enterica serovar Enteritidis	22EPA051NSA_5	OXFORD_NANOPORE	MinION	179022814.0	37847.0	WGS	GENOMIC	SINGLE	nanopore sequence of Salmonella enterica
SRR7012983	SRX3945434	SRS1256876	SRP068737	PRJNA292902	Serratia marcescens	AR_0130	PACBIO_SMRT	PacBio RS II	1188767130.0	163482.0	WGS	GENOMIC	SINGLE	PacBio SMRT Sequencing of Serratia marcescens FDA-CDC-AR_0130 Genomic Library
SRR15989677	SRX12278254	SRS9998437	SRP357537	PRJNA801416	Klebsiella pneumoniae	1228	OXFORD_NANOPORE	GridION	1946825528.0	287541.0	WGS	GENOMIC	SINGLE	Whole Genome Sequencing of Carbapenemase-producing Enterobacterales (CPE)
ERR768063	ERX711336	ERS569361	ERP005928	PRJEB6403	Mannheimia haemolytica	NCTC10638	PACBIO_SMRT	PacBio RS	473684142.0	163482.0	WGS	GENOMIC	SINGLE	PacBio RS sequencing
SRR31555787	SRX26921936	SRS23398992	SRP548427	PRJNA1192303	Shigella flexneri	2a	OXFORD_NANOPORE	GridION	126939942.0	71079.0	WGS	GENOMIC	SINGLE	WGS of Shigella sonnei 2021/2022
DRR472217	DRX456446	DRS305518	DRP010030	PRJDB15919	Polynucleobacter sp. HIN9	HIN9	PACBIO_SMRT	Sequel II	188374284.0	13724.0	WGS	GENOMIC	SINGLE	Sequel II sequencing of SAMD00613837
SRR19612276	SRX15663076	SRS13361484	SRP379467	PRJNA833940	Enterococcus faecalis	AT48	OXFORD_NANOPORE	MinION	388080008.0	25389.0	WGS	GENOMIC	SINGLE	Long read sequencing of Enterococcus faecalis AT48
SRR10740813	SRX7416409	SRS1495388	SRP076350	PRJNA308116	Klebsiella pneumoniae	CFSAN044563	PACBIO_SMRT	Sequel	1114361600.0	149615.0	WGS	GENOMIC	SINGLE	Whole genome PacBio Sequel sequence of Klebsiella pneumoniae
SRR25690276	SRX21415452	SRS18653912	SRP455827	PRJNA1006749	Salmonella enterica	F12B3	PACBIO_SMRT	Sequel II	830649827.0	114788.0	WGS	GENOMIC	SINGLE	WGS of Salmonella enterica: water
SRR13893637	SRX10273377	SRS8406599	SRP309815	PRJNA686978	Enterobacter cloacae	not collected	OXFORD_NANOPORE	MinION	7013825666.0	732915.0	WGS	GENOMIC	SINGLE	nanopore sequencing of e cloacae: clinical isolate
ERR10499647	ERX10016929	ERS14256799			Escherichia coli		OXFORD_NANOPORE	GridION	90825296.0	18447.0	WGS	GENOMIC	SINGLE	GridION sequencing; Raw reads: ONT_30602_1#2
SRR31021654	SRX26408781	SRS22928693	SRP539037	PRJNA1173103	Escherichia marmotae	EM7-KR-2017b	OXFORD_NANOPORE	GridION	266409427.0	160396.0	WGS	GENOMIC	SINGLE	Escherichia marmotae EM7-KR-2017b
SRR31480963	SRX26849360	SRS23333077	SRP547242	PRJNA1188493	Bacillus cereus	C414	OXFORD_NANOPORE	GridION	7876614699.0	1291235.0	WGS	GENOMIC	SINGLE	WGS of Bacillus Cereus
DRR667347	DRX647449	DRS456663	DRP012867	PRJDB20346	Desulfurobacterium pacificum	JCM 12127	PACBIO_SMRT	Revio	158844740.0	12164.0	WGS	GENOMIC	SINGLE	Revio sequencing of SAMD00887279
ERR15373214	ERX14776899	ERS23666266	ERP169391	PRJEB86018	Haemophilus influenzae		PACBIO_SMRT	Sequel II	355347151.0	33532.0	WGS	GENOMIC	SINGLE	Sequel II sequencing
SRR5881890	SRX3048321	SRS2395103	SRP114302	PRJNA340559	Fibrobacter sp. UWT3	UWT3	PACBIO_SMRT	PacBio RS II	631918738.0	335870.0	WGS	GENOMIC	SINGLE	Fibrobacter sp. UWT3
SRR5839126	SRX3015168	SRS1832387	SRP094480	PRJNA279196	Bordetella pertussis	I375	PACBIO_SMRT	PacBio RS II	1405300234.0	163482.0	WGS	GENOMIC	SINGLE	
SRR458506	SRX137014	SRS281278	SRP001087	PRJNA40075	Escherichia coli str. K-12 substr. MG1655	K-12	PACBIO_SMRT	PacBio RS	97222535.0	81741.0	WGS	GENOMIC	SINGLE	Whole Genome Sequencing and Assembly
ERR10452927	ERX9976382	ERS6795146	ERP109413	PRJEB27342	Klebsiella pneumoniae		PACBIO_SMRT	Sequel II	276665357.0	40365.0	WGS	GENOMIC	SINGLE	Sequel II sequencing
SRR4181358	SRX2142594	SRS1674233	SRP086987	PRJNA303748	Amycolatopsis australiensis	DSM 44671	PACBIO_SMRT	PacBio RS	1452375157.0	373540.0	WGS	GENOMIC	SINGLE	Amycolatopsis australiensis DSM 44671
SRR2671867	SRX1342058	SRS1117538	SRP064916	PRJNA299021	Bacillus anthracis	Ames	OXFORD_NANOPORE	MinION	173715312.0	32760.0	WGS	GENOMIC	SINGLE	Bacillus anthracis Ames MinION sequencing
ERR12779860	ERX12153050	ERS18593803	ERP152744	PRJEB67737	Salmonella enterica subsp. enterica serovar Minnesota		OXFORD_NANOPORE	PromethION	556165334.0	220000.0	WGS	GENOMIC	SINGLE	Raw reads: K_069_L
SRR33388008	SRX28630907	SRS24901919	SRP582414	PRJNA1199983	Glaesserella parasuis	LSR014	OXFORD_NANOPORE	MinION	262920328.0	41735.0	WGS	GENOMIC	SINGLE	WGS of Glaesserella parasuis
ERR14225645	ERX13625927	ERS17899267	ERP156237	PRJEB71438	Ureibacillus acetophenoni		OXFORD_NANOPORE	MinION			WGS	GENOMIC	SINGLE	MinION sequencing
SRR33532051	SRX28766404	SRS25006313	SRP584654	PRJNA1258996	Bordetella pertussis	J820L02P01	PACBIO_SMRT	Sequel II	3139015898.0	687690.0	WGS	GENOMIC	SINGLE	Long-read sequencing of Bordetella pertussis serial laboratory passage J820L02P01
SRR30896167	SRX26299854	SRS22828575	SRP536878	PRJNA1134622	Escherichia coli	OXEC-223	OXFORD_NANOPORE	MinION	191088002.0	46557.0	WGS	GENOMIC	SINGLE	OXEC-223
SRR32164063	SRX27509554	SRS23928386	SRP560556	PRJNA1147241	Pseudomonas sp. Pseusp21	CT11-21	OXFORD_NANOPORE	MinION	179972966.0	47634.0	WGS	GENOMIC	SINGLE	wheat associated bacteria:Pseudomonas sp.
SRR29819986	SRX25318965	SRS21988574	SRP519730	PRJNA1135485	Salmonella		OXFORD_NANOPORE	MinION	2285545845.0	366107.0	WGS	GENOMIC	SINGLE	WGS Salmonella isolates from cattle
ERR10360393	ERX9892481	ERS13425555	ERP140717	PRJEB55793	Clostridium perfringens		OXFORD_NANOPORE	MinION	264292534.0	75193.0	WGS	GENOMIC	SINGLE	MinION sequencing
SRR33168723	SRX28429541	SRS24752413	SRP527102	PRJNA1148967	Achromobacter xylosoxidans	NIH-016-1	OXFORD_NANOPORE	PromethION	1020368657.0	104228.0	WGS	GENOMIC	SINGLE	genomic DNA of Achromobacter xylosoxidans:sputum
SRR27446237	SRX23118092	SRS20072589	SRP482230	PRJNA1061752	Brucella abortus	Cam-1_ MGL	OXFORD_NANOPORE	MinION	6532573.0	3888.0	WGS	GENOMIC	SINGLE	Whole-genome sequencing (WGS) of Brucella abortus in camel
SRR12280474	SRX8784241	SRS7053021	SRP272861	PRJNA646575	Parabacteroides merdae		OXFORD_NANOPORE	GridION	1440690637.0	154374.0	WGS	GENOMIC	SINGLE	WGS  of Bacteroides fragilis group clinical isolates
ERR10676189	ERX10143953	ERS14333288	ERP143248	PRJEB58185	Campylobacter jejuni		OXFORD_NANOPORE	MinION	300357666.0	498933.0	WGS	GENOMIC	PAIRED	MinION paired end sequencing
SRR27147080	SRX22828773	SRS19809213	SRP476629	PRJNA1050251	Streptococcus pyogenes	NV27	PACBIO_SMRT	Sequel II	3797650419.0	429537.0	WGS	GENOMIC	SINGLE	PacBio WGS of Streptococcus pyogenes NV27
SRR764549	SRX228399	SRS416710	SRP021605	PRJNA88853	Enterococcus haemoperoxidus ATCC BAA-382	ATCC BAA-382	PACBIO_SMRT	PacBio RS	239690905.0	81741.0	WGS	GENOMIC	SINGLE	Pacbio whole genome shotgun sequencing of genomic DNA library 'PACBIO-317' containing sample 'BAA-382' from individual 'Enterococcus haemoperoxidus BAA-382'
SRR27336652	SRX23013513	SRS19864976	SRP478122	PRJNA1044843	Escherichia coli	ExPEC_A338	OXFORD_NANOPORE	MinION	1000128739.0	37891.0	WGS	GENOMIC	SINGLE	High-quality long-reads of the genome from swine-derived extraintestinal pathogenic Escherichia coli
ERR10178209	ERX9714642	ERS6480081	ERP109413	PRJEB27342	Klebsiella michiganensis		PACBIO_SMRT	Sequel II	5972464189.0	831959.0	WGS	GENOMIC	SINGLE	Sequel II sequencing
ERR1901076	ERX1961447	ERS1374872	ERP005928	PRJEB6403	Neisseria dentiae	NCTC13012	PACBIO_SMRT	PacBio RS	1766136389.0	163482.0	WGS	GENOMIC	SINGLE	PacBio RS sequencing
ERR13600600	ERX12971623	ERS15600109	ERP132614	PRJEB48268	Klebsiella pneumoniae		OXFORD_NANOPORE	GridION	532239401.0	22982.0	WGS	GENOMIC	SINGLE	GridION sequencing
SRR26305316	SRX22013805	SRS19087288	SRP250705	PRJNA607328	Pseudomonas putida	missing	OXFORD_NANOPORE	MinION	854722377.0	144529.0	WGS	GENOMIC	SINGLE	Pseudomonas putida FELIX_MS682 Nanopore
SRR35935528	SRX30984821	SRS26977846	SRP640189	PRJNA1356842	Neisseria gonorrhoeae	MS11	OXFORD_NANOPORE	PromethION	2235493.0	2.0	WGS	GENOMIC	SINGLE	Whole genome sequencing of Neisseria gonorrhoeae MS11
SRR19331785	SRX15391469	SRS13118941	SRP376274	PRJNA839711	Pasteurella multocida	11205	OXFORD_NANOPORE	MinION	69838319.0	4163.0	WGS	GENOMIC	SINGLE	WGS of P. multocida
SRR33769511	SRX28991851	SRS22396671	SRP444583	PRJNA962904	Klebsiella pneumoniae		PACBIO_SMRT	Sequel II	323701346.0	90178.0	WGS	GENOMIC	SINGLE	PacBio sequencing of AH0011HC2 for ARCH 2
SRR19820665	SRX15864256	SRS13526078	SRP361569	PRJNA768416	Bacillus sp. EU54	EU54	OXFORD_NANOPORE	MinION	478047600.0	107961.0	WGS	GENOMIC	SINGLE	WGS of Bacilli
SRR30949730	SRX26352358	SRS22817061	SRP536567	PRJNA1165464	Escherichia coli	Not applicable	OXFORD_NANOPORE	MinION	151954553.0	20392.0	WGS	GENOMIC	SINGLE	Nanopore sequencing of E.coli: blood isolate
SRR30276928	SRX25737770	SRS22377345	SRP526943	PRJNA862506	Cobetia marina	OBi1	OXFORD_NANOPORE	MinION	437924614.0	40990.0	WGS	GENOMIC	SINGLE	WGS of Cobetia marina OBi1
SRR30149542	SRX25617091	SRS21937536	SRP518730	PRJNA1133668	Klebsiella pneumoniae	ST258KP73	OXFORD_NANOPORE	MinION	507965244.0	52712.0	WGS	GENOMIC	SINGLE	Nanopore sequencing of clinical CRE isolates: human
SRR36722069	SRX31726424	SRS27695060	SRP660603	PRJNA1398820	Escherichia coli BL21(DE3)	BL21 (DE3)	OXFORD_NANOPORE	MinION	329603781.0	115137.0	WGS	GENOMIC	SINGLE	Whole-genome sequencing of phage-resistant E. coli BL21(DE3)
SRR10297982	SRX7010736	SRS5531513	SRP226004	PRJNA547984	Marinobacter sp. THAF39	THAF39	OXFORD_NANOPORE	GridION	344118406.0	51454.0	WGS	GENOMIC	SINGLE	ONT SQK-RBK004 library of THAF039 gDNA: R9.4.1 flowcell
ERR4025927	ERX4027315	ERS3340479	ERP113355	PRJEB30866	Escherichia coli		PACBIO_SMRT	Sequel	1052233969.0	253462.0	WGS	GENOMIC	SINGLE	Sequel sequencing
SRR33769267	SRX28991502	SRS22397285	SRP444583	PRJNA962904	Escherichia coli		PACBIO_SMRT	Sequel II	1022977751.0	63845.0	WGS	GENOMIC	SINGLE	PacBio sequencing of A067014HE1 for ARCH 2
SRR28777829	SRX24342717	SRS20831707	SRP497546	PRJNA1091452	Klebsiella pneumoniae	KP03-PS	OXFORD_NANOPORE	MinION	966669378.0	132736.0	WGS	GENOMIC	SINGLE	ONT performance study sequencing of K. pneumoniae
DRR572263	DRX555730	DRS426377	DRP012251	PRJDB17574	Escherichia coli	YK-IS1MA-L03-2_G08	OXFORD_NANOPORE	MinION	52477831.0	5200.0	WGS	GENOMIC	SINGLE	nanopore-seq of SAMD00748194 L03-2_G8
SRR14664042	SRX11002686	SRS9076900	SRP321552	PRJNA729255	Xanthomonas campestris pv. campestris	GBBC 1073	OXFORD_NANOPORE	MinION	265949388.0	75951.0	WGS	GENOMIC	SINGLE	long read sequencing of GBBC 1073
SRR35993531	SRX31042820	SRS27032452	SRP643955	PRJNA1359759	Mycoplasma mycoides subsp. capri	MMCAP2_0575-recode	OXFORD_NANOPORE	GridION	352270584.0	95715.0	WGS	GENOMIC	SINGLE	Long reads
SRR22859705	SRX18818532	SRS16251800	SRP414408	PRJNA914892	Staphylococcus aureus	C235	OXFORD_NANOPORE	MinION	205558196.0	52591.0	WGS	GENOMIC	SINGLE	Long read ONT WGS of Staphylococcus aureus isolates from Chronic Rhinosinusitis Patients
SRR27972969	SRX23626196	SRS20465855	SRP489819	PRJNA1076692	Staphylococcus aureus	RIVM_M097124_rerio	OXFORD_NANOPORE	MinION	266267725.0	72316.0	WGS	GENOMIC	SINGLE	RIVM_M097124_rerio
ERR15092890	ERX14497272	ERS24808811	ERP172787	PRJEB89771	Klebsiella pneumoniae		PACBIO_SMRT	PacBio RS II	1914932930.0	114270.0	WGS	GENOMIC	SINGLE	Raw reads: F0A14E53-1D60-577C-9E2D-9295AECFAF93
SRR5817725	SRX2996016	SRS2347271	SRP111543	PRJNA393727	Enterocloster bolteae	ATCC BAA-613	OXFORD_NANOPORE	MinION	94263909.0	35949.0	WGS	GENOMIC	SINGLE	Clostridium bolteae ATCC BAA-613
SRR34573121	SRX29714836	SRS25823718	SRP601637	PRJNA1292907	Mycobacterium tuberculosis	not applicable	OXFORD_NANOPORE	MinION	195552280.0	295559.0	WGS	GENOMIC	SINGLE	Whole genome sequencing
SRR25302920	SRX21046494	SRS18317343	SRP439257	PRJNA975428	Pseudomonas aeruginosa	13-201116-5231	OXFORD_NANOPORE	MinION	549581591.0	160278.0	WGS	GENOMIC	SINGLE	Nanopore Pseudomonas clinical isolates
SRR26991189	SRX22684202	SRS19677915	SRP474996	PRJNA967508	Salmonella enterica subsp. enterica serovar Enteritidis	sm140	OXFORD_NANOPORE	PromethION	2168103488.0	487265.0	WGS	GENOMIC	SINGLE	Genome sequencing of Salmonella enterica subsp. enterica serovar Enteritidis strain sm140
SRR9663513	SRX6424389	SRS5080928	SRP214011	PRJNA536302	Microbacterium sp. HAR-UPW-R2A-48	SLBN-154	PACBIO_SMRT	Sequel	1055612166.0	223668.0	WGS	GENOMIC	SINGLE	Microbacterium sp HAR-UPW-R2A-48
SRR15415584	SRX11717497	SRS9747933	SRP332089	PRJNA528413	Escherichia coli O157:H7	E32511	PACBIO_SMRT	PacBio RS II	1553401585.0	163482.0	WGS	GENOMIC	SINGLE	Genome sequencing of E. coli O157:H7 and O55:H7 strains
SRR30149453	SRX25617180	SRS21937405	SRP518730	PRJNA1133668	Klebsiella pneumoniae	ST258KP180	OXFORD_NANOPORE	MinION	106146647.0	16280.0	WGS	GENOMIC	SINGLE	Nanopore sequencing of clinical CRE isolates: human
SRR11318034	SRX7922370	SRS933486	SRP018785	PRJNA186035	Salmonella enterica subsp. enterica serovar Choleraesuis	CFSAN022628	PACBIO_SMRT	Sequel	1410385872.0	406771.0	WGS	GENOMIC	SINGLE	Whole genome PacBio Sequel sequence of Salmonella enterica subsp. enterica serovar Choleraesuis
SRR23347539	SRX19289494	SRS16690584	SRP421131	PRJNA931653	Escherichia coli K-12	K-12	OXFORD_NANOPORE	GridION	24631274.0	2712.0	WGS	GENOMIC	SINGLE	Nanopore sequencing of Ciprofloxacin challenged E. coli
SRR35504430	SRX30580396	SRS26609574	SRP616549	PRJNA1314197	Mycobacterium tuberculosis	not applicable	OXFORD_NANOPORE	GridION	755097.0	1271.0	WGS	GENOMIC	SINGLE	WGS of M. tb from culture, Phenol-Rapid prep, Sample BC15
SRR4125428	SRX2110115	SRS1666860	SRP040661	PRJNA231221	Paraburkholderia fungorum	FDAARGOS_245	PACBIO_SMRT	PacBio RS	1181357743.0	163482.0	WGS	GENOMIC	SINGLE	
SRR36120998	SRX31165067	SRS27151252	SRP647482	PRJNA1367479	Citrobacter freundii	PS-195	OXFORD_NANOPORE	MinION	218013314.0	31591.0	WGS	GENOMIC	SINGLE	WGS of PS-195
SRR10520823	SRX7205574	SRS5710285	SRP231916	PRJNA345722	Clostridium beijerinckii	DJ047	PACBIO_SMRT	PacBio RS II	890209984.0	302421.0	WGS	GENOMIC	SINGLE	Clostridium beijerinckii DJ047
SRR16925187	SRX13117415	SRS11052368	SRP345712	PRJNA779856	Lacticaseibacillus paracasei		PACBIO_SMRT	Sequel	1769509189.0	268778.0	WGS	GENOMIC	SINGLE	DNA methylation-guided metabolism
SRR12828399	SRX9296041	SRS5635526	SRP229523	PRJNA589028	Escherichia coli	17-AB00639	OXFORD_NANOPORE	MinION	606582012.0	63657.0	WGS	GENOMIC	SINGLE	raw reads of MinION sequenced E. coli
ERR10497722	ERX10015011	ERS14254755	ERP142629	PRJEB57633	Escherichia coli		OXFORD_NANOPORE	GridION	72703453.0	7120.0	WGS	GENOMIC	SINGLE	Raw reads: ONT_30224_1#184
SRR30085180	SRX25558663	SRS22210771	SRP523632	PRJNA1142676	Klebsiella variicola	kv221115_barcode17	OXFORD_NANOPORE	MinION	179628063.0	18359.0	WGS	GENOMIC	SINGLE	Klebsiella variicola strain kv221115_barcode17
SRR21903046	SRX17889112	SRS15406287	SRP402614	PRJNA890545	Staphylococcus		OXFORD_NANOPORE	GridION	488159701.0	366579.0	WGS	GENOMIC	SINGLE	Metagenomic Nanopore Sequencing of Ocular Microbiome in Patients with Meibomian Gland Dysfunction 04
SRR8113455	SRX4939835	SRS3983666	SRP166933	PRJNA498490	Thermoanaerobacter ethanolicus JW 200	JW 200	OXFORD_NANOPORE	MinION	11368535999.0	2174450.0	WGS	GENOMIC	SINGLE	Complete genome of Thermoanaerobacter ethanolicus JW200
ERR10498444	ERX10015733	ERS14255331	ERP142629	PRJEB57633	Escherichia coli		OXFORD_NANOPORE	GridION	52928092.0	9512.0	WGS	GENOMIC	SINGLE	Raw reads: ONT_30345_1#73
SRR33769073	SRX28991695	SRS22455798	SRP444583	PRJNA962904	Escherichia coli		PACBIO_SMRT	Sequel II	531015208.0	27838.0	WGS	GENOMIC	SINGLE	PacBio sequencing of AH0390HC2 for ARCH 2
SRR20083816	SRX16121483	SRS13783899	SRP385998	PRJNA857878	Klebsiella pneumoniae	F47	OXFORD_NANOPORE	MinION	103632468.0	22002.0	WGS	GENOMIC	SINGLE	F47
SRR15989280	SRX12277587	SRS9999022	SRP357537	PRJNA801416	Enterobacter cloacae	820	OXFORD_NANOPORE	GridION	650737455.0	74298.0	WGS	GENOMIC	SINGLE	Whole Genome Sequencing of Carbapenemase-producing Enterobacterales (CPE)
SRR30885000	SRX26289172	SRS22818164	SRP536582	PRJNA1145931	Campylobacter hepaticus	USA1	OXFORD_NANOPORE	MinION	1616596653.0	145375.0	WGS	GENOMIC	SINGLE	WGS of Campylobacter hepaticus USA1
SRR18054574	SRX14206590	SRS12028684	SRP360230	PRJNA806951	Delftia acidovorans	B21-011	PACBIO_SMRT	Sequel	669196676.0	111021.0	WGS	GENOMIC	SINGLE	B21-011 PacBio sequencing reads
SRR35329218	SRX30430159	SRS26464541	SRP618831	PRJNA1321367	Escherichia coli	300444	OXFORD_NANOPORE	MinION	347628530.0	139460.0	WGS	GENOMIC	SINGLE	Sequencing of Escherichia coli isolate 300444
SRR36298246	SRX31330822	SRS26886953	SRP074197	PRJNA288601	Acinetobacter baumannii	2025CK-01145	OXFORD_NANOPORE	GridION	811668883.0	79512.0	WGS	GENOMIC	SINGLE	Nanopore sequencing of ARLN isolate
ERR1046600	ERX1126891	ERS799792	ERP005928	PRJEB6403	Escherichia coli	NCTC9071	PACBIO_SMRT	PacBio RS	1793449241.0	163482.0	WGS	GENOMIC	SINGLE	PacBio RS sequencing
SRR21696313	SRX17693952	SRS11554426	SRP354045	PRJNA747871	Streptomyces antimycoticus	NBC_00836	OXFORD_NANOPORE	MinION	662091513.0	157893.0	WGS	GENOMIC	SINGLE	nanopore sequencing data from strain NBC_00836
SRR36919970	SRX31886258	SRS27841223	SRP665298	PRJNA1403646	Streptococcus infantis	not applicable	OXFORD_NANOPORE	MinION	108231127.0	83041.0	WGS	GENOMIC	SINGLE	Long Reads for The Genomic Landscape of Head and Neck Cancer-associated Streptococci
DRR817611	DRX796037	DRS578483	DRP015579	PRJDB38835	Escherichia coli	Enterobacteriaceae	PACBIO_SMRT	Sequel	2206018200.0	14706788.0	WGS	GENOMIC	SINGLE	E25-LFH14534_L1_2.fq (CRX1829834; CRA027564)
ERR13351233	ERX12722157	ERS16384469	ERP151267	PRJEB66194	Vibrio cholerae		OXFORD_NANOPORE	GridION	360476728.0	102778.0	WGS	GENOMIC	SINGLE	Raw reads: Gridion sequencing of Vibrio cholerae isolate CTMA_1829
SRR16962404	SRX13153878	SRS11085856	SRP346490	PRJNA779451	Pseudomonas laurylsulfatiphila	B21-025	PACBIO_SMRT	Sequel	538070013.0	86072.0	WGS	GENOMIC	SINGLE	B21-025 PacBio sequencing reads
ERR15686906	ERX15091335	ERS26976628	ERP171481	PRJEB88388	Pseudomonas chlororaphis subsp. aureofaciens	R-92802	OXFORD_NANOPORE	MinION	886567049.0	190699.0	WGS	GENOMIC	SINGLE	Raw reads: Pseudomonas chlororaphis subsp. aureofaciens R-92802
DRR540062	DRX523875	DRS371823	DRP011350	PRJDB17430	Escherichia coli	N71	OXFORD_NANOPORE	MinION	43437907.0	17261.0	WGS	GENOMIC	SINGLE	MinION sequencing of SAMD00735518
SRR35396786	SRX30479469	SRS26512526	SRP620287	PRJNA1328436	Enterobacter hormaechei	19AR1306	OXFORD_NANOPORE	GridION	748567998.0	86256.0	WGS	GENOMIC	SINGLE	Enterobacter quasihormaechei strain 19AR1306
SRR9722779	SRX6480430	SRS5130494	SRP215816	PRJNA470993	Staphylococcus aureus	pt217	PACBIO_SMRT	PacBio RS II	1105107787.0	155036.0	WGS	GENOMIC	SINGLE	WGS of Staphylococcus aureus
SRR18729747	SRX14829982	SRS12585809	SRP369762	PRJNA825705	Klebsiella pneumoniae	ST-11	OXFORD_NANOPORE	MinION	423347365.0	62001.0	WGS	GENOMIC	SINGLE	ONT sequencing of Klebsiella pneumoniae: sample CRE299KLPN
SRR22784428	SRX18744450	SRS16179683	SRP413484	PRJNA912639	Escherichia coli	EC_0038_C10_H_CuP_CeP	OXFORD_NANOPORE	MinION	371511287.0	54889.0	WGS	GENOMIC	SINGLE	WGS of Escherichia coli
SRR386898	SRX109894	SRS281278	SRP001087	PRJNA40075	Escherichia coli str. K-12 substr. MG1655	K-12	PACBIO_SMRT	PacBio RS	48113162.0	81741.0	WGS	GENOMIC	SINGLE	Whole Genome Sequencing and Assembly
ERR3013195	ERX3015647	ERS1989729	ERP011196	PRJEB10018	Klebsiella pneumoniae		PACBIO_SMRT	PacBio RS	1279678547.0	163482.0	WGS	GENOMIC	SINGLE	PacBio RS sequencing
SRR35587902	SRX30660558	SRS26534880	SRP620840	PRJNA1329285	Klebsiella pneumoniae	DM1	OXFORD_NANOPORE	MinION	780003683.0	150651.0	WGS	GENOMIC	SINGLE	Long read sequencing of Klebsiella pneumoniae
ERR1100768	ERX1180302	ERS798856	ERP005928	PRJEB6403	Staphylococcus aureus	NCTC13297	PACBIO_SMRT	PacBio RS	1491090520.0	163482.0	WGS	GENOMIC	SINGLE	PacBio RS sequencing
ERR13298012	ERX12668874	ERS20274737	ERP161188	PRJEB76684	Klebsiella pneumoniae		OXFORD_NANOPORE	MinION	525188038.0	89305.0	WGS	GENOMIC	SINGLE	MinION sequencing
SRR924439	SRX317126	SRS454366	SRP022914	PRJNA203445	Campylobacter jejuni 32488	32488	PACBIO_SMRT	PacBio RS	252410233.0	81741.0	WGS	GENOMIC	SINGLE	Campylobacter jejuni 32488
ERR5205859	ERX5010519	ERS5633869	ERP125430	PRJEB41626	Enterococcus faecium		OXFORD_NANOPORE	MinION	194769128.0	90000.0	WGS	GENOMIC	SINGLE	MinION sequencing
SRR9722851	SRX6480358	SRS5130422	SRP215816	PRJNA470993	Staphylococcus aureus	pt243	PACBIO_SMRT	PacBio RS II	1205186617.0	188178.0	WGS	GENOMIC	SINGLE	WGS of Staphylococcus aureus
SRR19749285	SRX15795122	SRS13476066	SRP382286	PRJNA848845	Bacillus thuringiensis	IBL00197	PACBIO_SMRT	Sequel II	12284554674.0	2268087.0	WGS	GENOMIC	SINGLE	Pacbio Sequel II of IBL00197
SRR28397075	SRX24001897	SRS20798361	SRP496648	PRJNA1090052	Klebsiella pneumoniae		OXFORD_NANOPORE	MinION	298270031.0	72651.0	WGS	GENOMIC	SINGLE	WGS of Klebsiella pneumoniae
SRR2819200	SRX1384485	SRS1134886	SRP040661	PRJNA231221	Serratia liquefaciens	FDAARGOS_125	PACBIO_SMRT	PacBio RS	1227979491.0	163482.0	WGS	GENOMIC	SINGLE	
SRR19820646	SRX15864275	SRS13526100	SRP361569	PRJNA768416	Paenibacillus sp. FSL L8-0470	FSL L8-0470	OXFORD_NANOPORE	MinION	353006293.0	132667.0	WGS	GENOMIC	SINGLE	WGS of Bacilli
SRR15989482	SRX12278057	SRS9999247	SRP357537	PRJNA801416	Klebsiella pneumoniae	-	OXFORD_NANOPORE	GridION	1531720756.0	261826.0	WGS	GENOMIC	SINGLE	Whole Genome Sequencing of Carbapenemase-producing Enterobacterales (CPE)
SRR6703161	SRX3677337	SRS1256921	SRP068738	PRJNA292900	Escherichia coli	AR_0077	PACBIO_SMRT	PacBio RS II	1320996278.0	163482.0	WGS	GENOMIC	SINGLE	PacBio SMRT Sequencing of Escherichia coli FDA-CDC-AR_0077 Genomic Library
SRR13448255	SRX9861438	SRS8041700	SRP295672	PRJNA681856	Salmonella enterica subsp. salamae	LHICA_SA1	OXFORD_NANOPORE	MinION	31471870.0	4000.0	WGS	GENOMIC	SINGLE	WGS of Salmonella Lhica SA1_10
ERR2180693	ERX2237024	ERS1726472	ERP005928	PRJEB6403	Campylobacter hominis	NCTC13146	PACBIO_SMRT	PacBio RS	217155698.0	163482.0	WGS	GENOMIC	SINGLE	PacBio RS sequencing
SRR15462593	SRX11717514	SRS9747943	SRP332089	PRJNA528413	Escherichia coli O157:H7	F3113	PACBIO_SMRT	PacBio RS II	767758202.0	163482.0	WGS	GENOMIC	SINGLE	Genome sequencing of E. coli O157:H7 and O55:H7 strains
SRR33768567	SRX28990909	SRS22397387	SRP444583	PRJNA962904	Escherichia coli		PACBIO_SMRT	Sequel II	109415754.0	5463.0	WGS	GENOMIC	SINGLE	PacBio sequencing of A180006HE1 for ARCH 2
ERR15660903	ERX15065681	ERS26934200	ERP179947	PRJEB97396	Mycobacterium tuberculosis		OXFORD_NANOPORE	MinION			WGS	GENOMIC	SINGLE	MinION sequencing
SRR19548075	SRX15600150	SRS13301130	SRP378656	PRJNA844881	Flavobacterium sp. S12_bc09	S12_bc09	OXFORD_NANOPORE	PromethION	761696226.0	77100.0	WGS	GENOMIC	SINGLE	Whole Genomic sequencing of Bacteria: Salmon gut
SRR31990262	SRX27345211	SRS20831677	SRP497546	PRJNA1091452	Staphylococcus aureus	SA63-PS	OXFORD_NANOPORE	MinION	948263220.0	230882.0	WGS	GENOMIC	SINGLE	native ONT data from Staphylococcus aureus
SRR22554284	SRX18517788	SRS15985561	SRP411690	PRJNA906346	Streptomyces nigrescens	DSM 40276	OXFORD_NANOPORE	GridION	1399213379.0	252234.0	WGS	GENOMIC	SINGLE	ONT SQK-LSK109 library of Streptomyces nigrescens DSM 40276: R9.4.1 flowcell on GridION, guppy v5.0.16 in super high accuracy mode
SRR29816444	SRX25315647	SRS16968699	SRP426074	PRJNA941188	Bacillus velezensis	PRO38	OXFORD_NANOPORE	GridION	172781476.0	30414.0	WGS	GENOMIC	SINGLE	WGS of Bacillus velezensis: cell culture
SRR23323075	SRX19265373	SRS16667838	SRP420726	PRJNA930883	Escherichia coli	K-12 AJW5116_p1223	OXFORD_NANOPORE	MinION	986547139.0	293754.0	WGS	GENOMIC	SINGLE	Escherichia coli K-12 AJW5117
SRR8866896	SRX5654058	SRS4599154	SRP191431	PRJNA522500	Bacillus sp. 1072	1072	PACBIO_SMRT	Sequel	748500449.0	233862.0	WGS	GENOMIC	SINGLE	Bacillus sp. 1072
SRR10007720	SRX6746020	SRS5296364	SRP218933	PRJNA556554	Oxalobacter formigenes	SSYG-15	PACBIO_SMRT	PacBio RS	2507460454.0	270417.0	WGS	GENOMIC	SINGLE	SSYG15
ERR2246653	ERX2298676	ERS1883827	ERP005928	PRJEB6403	Anaerococcus octavius		PACBIO_SMRT	PacBio RS	210390527.0	163482.0	WGS	GENOMIC	SINGLE	PacBio RS sequencing
ERR5295498	ERX5085123	ERS5649896	ERP126298	PRJEB42440	Klebsiella pneumoniae		OXFORD_NANOPORE	MinION	1108219452.0	128458.0	WGS	GENOMIC	SINGLE	MinION sequencing
ERR4910114	ERX4776938	ERS4556736	ERP121699	PRJEB38289	Klebsiella pneumoniae		PACBIO_SMRT	PacBio RS	207495510.0	54494.0	WGS	GENOMIC	SINGLE	PacBio RS sequencing
SRR9616101	SRX6379202	SRS5039856	SRP212399	PRJNA548188	Borreliella burgdorferi	K57	OXFORD_NANOPORE	GridION	774659490.0	571853.0	WGS	GENOMIC	SINGLE	Borreliella burgdorferi Genome sequencing and assembly
SRR3723700	SRX1881183	SRS1527855	SRP077381	PRJNA234788	Phaeacidiphilus oryzae TH49	TH49	PACBIO_SMRT	PacBio RS	242036403.0	119238.0	WGS	GENOMIC	SINGLE	Streptacidiphilus oryzae TH49
SRR23036726	SRX18990971	SRS16411464	SRP416836	PRJNA922510	Escherichia coli	Escherichia coli str. K-12 substr. MG1655	PACBIO_SMRT	Sequel II	516290137.0	45835.0	WGS	GENOMIC	SINGLE	MG1655 Wt isogenic parent strain biological replicate 1
ERR11528705	ERX10933935	ERS14832492	ERP145920	PRJEB60854	Escherichia coli		OXFORD_NANOPORE	MinION	12609081.0	2359.0	WGS	GENOMIC	SINGLE	MinION sequencing
SRR25426596	SRX21161183	SRS18423178	SRP451518	PRJNA998774	Klebsiella pneumoniae	752255	OXFORD_NANOPORE	MinION	391397123.0	102862.0	WGS	GENOMIC	SINGLE	WGS of Klebsiella pneumoniae
ERR1787544	ERX1851267	ERS1295684	ERP005928	PRJEB6403	Staphylococcus petrasii	NCTC13835	PACBIO_SMRT	PacBio RS	1344705649.0	163482.0	WGS	GENOMIC	SINGLE	PacBio RS sequencing
SRR24140387	SRX19938690	SRS17287399	SRP247747	PRJNA604975	Escherichia coli	ox_bsi_342	OXFORD_NANOPORE	GridION	186954584.0	65600.0	WGS	GENOMIC	SINGLE	oxford_bsi
SRR31935053	SRX27292087	SRS14304179	SRP388186	PRJNA862465	Campylobacter lari	RM15610	OXFORD_NANOPORE	MinION	660622090.0	170605.0	WGS	GENOMIC	SINGLE	Whole genome sequencing of urease-positive (UPTC) Campylobacter lari
SRR19119766	SRX15187427	SRS12926696	SRP373960	PRJNA835814	Kocuria rhizophila	Noodlococcus	OXFORD_NANOPORE	GridION	321784005.0	25049.0	WGS	GENOMIC	SINGLE	Noodlococcus long-read genome
SRR9699425	SRX6457504	SRS5109430	SRP215050	PRJNA554830	Bacillus amyloliquefaciens	H	PACBIO_SMRT	PacBio RS II	150370656.0	163482.0	WGS	GENOMIC	SINGLE	SMRT_BamHI_BP9_50
SRR22353685	SRX18324651	SRS15814064	SRP408861	PRJNA902653	Pasteurella multocida	PF17	OXFORD_NANOPORE	MinION	608906942.0	61134.0	WGS	GENOMIC	SINGLE	genome sequencing of Pasteurella multocida
SRR31598687	SRX26963799	SRS23433511	SRP549287	PRJNA1185485	Escherichia coli	780	OXFORD_NANOPORE	PromethION	2137473281.0	400887.0	WGS	GENOMIC	SINGLE	W68-barcode90
SRR31024269	SRX26411294	SRS22931249	SRP539092	PRJNA1174068	Vibrio cholerae	mHDM VC16	OXFORD_NANOPORE	PromethION	129055910.0	70658.0	WGS	GENOMIC	SINGLE	WGS of Vcholerae isolates
ERR14989032	ERX14393286	ERS24514540	ERP172646	PRJEB89642	Lacticaseibacillus rhamnosus		OXFORD_NANOPORE	MinION	1952013945.0	3775340.0	WGS	GENOMIC	SINGLE	ws1_p5_c9
ERR15738137	ERX15143259	ERS27094503	ERP182399	PRJEB100972	Mycobacterium tuberculosis	K12C2012	OXFORD_NANOPORE	MinION	175218741.0	311443.0	WGS	GENOMIC	SINGLE	Raw reads: K12C2012
DRR089754	DRX071006	DRS080560	DRP004624	PRJDB5302	Aphanothece sacrum FPU3	FPU3	PACBIO_SMRT	PacBio RS II	1730086858.0	163482.0	WGS	GENOMIC	SINGLE	PacBio RS II sequencing of SAMD00066879
SRR24474901	SRX20261327	SRS17592003	SRP436581	PRJNA967113	Escherichia coli	CPO593	OXFORD_NANOPORE	MinION	187599569.0	17483.0	WGS	GENOMIC	SINGLE	WGS of bacterial isolate possessing blaNDM carbapenemase
SRR19857854	SRX15901413	SRS13590102	SRP383674	PRJNA853156	Acinetobacter pittii	UKK-0538	OXFORD_NANOPORE	MinION	709257240.0	74849.0	WGS	GENOMIC	SINGLE	WGS of Acinetobacter pittii
DRR723583	DRX703604	DRS495730	DRP013760	PRJDB20694	Bacteroides nordii WAL 11050 = JCM 12987	JCM 12987	PACBIO_SMRT	Revio	561076041.0	42353.0	WGS	GENOMIC	SINGLE	Revio sequencing of SAMD01611112
SRR24140245	SRX19938832	SRS17287541	SRP247747	PRJNA604975	Escherichia coli	ox_bsi_179	OXFORD_NANOPORE	GridION	194777925.0	179891.0	WGS	GENOMIC	SINGLE	oxford_bsi
SRR18729832	SRX14829897	SRS12585865	SRP369762	PRJNA825705	Klebsiella pneumoniae	ST-11	OXFORD_NANOPORE	MinION	6363238319.0	794150.0	WGS	GENOMIC	SINGLE	ONT sequencing of Klebsiella pneumoniae: sample KLPN-101
SRR27678732	SRX23346017	SRS20207255	SRP485167	PRJNA960711	Bacillus pseudomycoides	SIN1.1	OXFORD_NANOPORE	MinION	69049671.0	26267.0	WGS	GENOMIC	SINGLE	WGS of Bacillus pseudomycoides: strain SIN1.1
ERR2532078	ERX2550507	ERS2402859	ERP005928	PRJEB6403	Faucicola atlantae	NCTC11092	PACBIO_SMRT	PacBio RS	1223687886.0	163482.0	WGS	GENOMIC	SINGLE	PacBio RS sequencing
SRR19415911	SRX15470320	SRS13187420	SRP377202	PRJNA842664	Leclercia adecarboxylata	kcgeb_e1	OXFORD_NANOPORE	MinION	874810700.0	528303.0	WGS	GENOMIC	SINGLE	Long SE reads WGS data
SRR22575938	SRX18538967	SRS16003355	SRP412012	PRJNA862732	Citrobacter freundii	wang1	OXFORD_NANOPORE	GridION	1302906540.0	180908.0	WGS	GENOMIC	SINGLE	Citrobacter freundii strain
SRR21696566	SRX17694214	SRS11554336	SRP354045	PRJNA747871	Streptomyces sp. NBC_01175	NBC_01175	OXFORD_NANOPORE	MinION	1020047005.0	97295.0	WGS	GENOMIC	SINGLE	nanopore sequencing data from strain NBC_01175
SRR34973959	SRX30092884	SRS26157835	SRP608514	PRJNA1305037	Enterobacter roggenkampii	MI_KPC_59	OXFORD_NANOPORE	PromethION	500001316.0	82979.0	WGS	GENOMIC	SINGLE	KPC CRE collection from state of Michigan
SRR21415967	SRX17420521	SRS12115062	SRP361569	PRJNA768416	Paenibacillus sp. FSL H3-0310	FSL H3-0310	OXFORD_NANOPORE	MinION	426659159.0	127715.0	WGS	GENOMIC	SINGLE	WGS of Bacilli
SRR11734397	SRX8293334	SRS5865146	SRP238288	PRJNA594459	Streptococcus equinus	CNU G6	PACBIO_SMRT	PacBio RS II	1285771659.0	140645.0	WGS	GENOMIC	SINGLE	Whole genome sequence of Streptococcus equinus CNU G6
SRR33768948	SRX28991131	SRS22455695	SRP444583	PRJNA962904	Escherichia coli		PACBIO_SMRT	Sequel II	308874987.0	15882.0	WGS	GENOMIC	SINGLE	PacBio sequencing of AH0264HE1 for ARCH 2
SRR13448259	SRX9861434	SRS8041700	SRP295672	PRJNA681856	Salmonella enterica subsp. salamae	LHICA_SA1	OXFORD_NANOPORE	MinION	34863593.0	4000.0	WGS	GENOMIC	SINGLE	WGS of Salmonella Lhica SA1_6
SRR31828389	SRX27188792	SRS21069410	SRP502714	PRJNA1090129	Staphylococcus aureus	sa221115_barcode39	OXFORD_NANOPORE	MinION	936004800.0	193360.0	WGS	GENOMIC	SINGLE	Staphylococcus aureus strain sa221115_barcode39
SRR23347645	SRX19289388	SRS16690584	SRP421131	PRJNA931653	Escherichia coli K-12	K-12	OXFORD_NANOPORE	GridION	33558032.0	4000.0	WGS	GENOMIC	SINGLE	Nanopore sequencing of Ciprofloxacin challenged E. coli
ERR10488931	ERX10008242	ERS14235832	ERP142385	PRJEB57405	Streptococcus pneumoniae		OXFORD_NANOPORE	MinION	244862832.0	52298.0	WGS	GENOMIC	SINGLE	MinION sequencing
SRR33206947	SRX28454416	SRS24776245	SRP579545	PRJNA1251564	Salmonella enterica subsp. enterica	CMCD-1	OXFORD_NANOPORE	PromethION	450052636.0	139258.0	WGS	GENOMIC	SINGLE	WGS of Salmonella: Salmonella_enterica_sp_CMCD-1
SRR27352627	SRX23029141	SRS19991025	SRP480168	PRJNA1057299	Clostridioides difficile	cd220802_barcode22	OXFORD_NANOPORE	MinION	97980054.0	53884.0	WGS	GENOMIC	SINGLE	Clostridioides difficile strain cd220802_barcode22
SRR26135345	SRX21848635	SRS18945893	SRP462494	PRJNA1019784	Shigella sonnei	3.6.1.1.2	OXFORD_NANOPORE	GridION	344569218.0	64046.0	WGS	GENOMIC	SINGLE	WGS of Shigella in Vancouver, 2021-23
SRR23033058	SRX18987759	SRS16376987	SRP413032	PRJNA906522	Pseudomonas aeruginosa	Paer34	OXFORD_NANOPORE	MinION	441988909.0	110315.0	WGS	GENOMIC	SINGLE	Long read sequencing of Pseudomonas aeruginosa Paer34
ERR5902771	ERX5542866	ERS5752992	ERP126298	PRJEB42440	Klebsiella pneumoniae		OXFORD_NANOPORE	MinION	495654213.0	39841.0	WGS	GENOMIC	SINGLE	MinION sequencing
ERR849511	ERX930422	ERS617386	ERP008867	PRJEB7881	Proteus mirabilis	AOUC_001B	PACBIO_SMRT	PacBio RS	1184962932.0	163482.0	WGS	GENOMIC	SINGLE	PacBio RS sequencing
SRR12048550	SRX8577062	SRS6868916	SRP040661	PRJNA231221	Burkholderia oklahomensis	FDAARGOS_900	PACBIO_SMRT	PacBio RS	2343672491.0	163482.0	WGS	GENOMIC	SINGLE	
SRR24348391	SRX20141199	SRS17466123	SRP435093	PRJNA954729	Bordetella bronchiseptica	M2020-4	PACBIO_SMRT	Sequel II	9880525616.0	903951.0	WGS	GENOMIC	SINGLE	Bordetella bronchiseptica M2020-4 Genome Sequencing and Assembly
SRR30575159	SRX25998198	SRS21362325	SRP508997	PRJNA1114104	Trueperella pyogenes	212	OXFORD_NANOPORE	PromethION	76784181.0	64960.0	WGS	GENOMIC	SINGLE	Nanopore sequencing of Trueperella pyogenes 212
SRR19519895	SRX15572412	SRS13275272	SRP378127	PRJNA819273	Staphylococcus muscae	IVB6214	PACBIO_SMRT	Sequel II	3331154629.0	297987.0	WGS	GENOMIC	SINGLE	PacBio Sequel sequencing of camel Staphylococcaceae from the Horn of Africa
SRR26895500	SRX22589736	SRS19596612	SRP473162	PRJNA1043403	Klebsiella pneumoniae	DD02156	OXFORD_NANOPORE	MinION	800003957.0	175555.0	WGS	GENOMIC	SINGLE	Nanopre Sequencing of Hypervirulent and Carbapenem-resistant Klebsiella pneumoniae
SRR35628938	SRX30685096	SRS26704511	SRP627750	PRJNA1333901	Aeromonas bestiarum	KH_006	OXFORD_NANOPORE	MinION	363278113.0	57793.0	WGS	GENOMIC	SINGLE	Oxford Nanopore sequences of cultivable bacteria collected in an iron ore mine and a crystal cave
SRR36920164	SRX31886373	SRS27841301	SRP665298	PRJNA1403646	Streptococcus parasanguinis	not applicable	OXFORD_NANOPORE	MinION	523156312.0	253441.0	WGS	GENOMIC	SINGLE	Long Reads for The Genomic Landscape of Head and Neck Cancer-associated Streptococci
SRR1006175	SRX362680	SRS489478	SRP030688	PRJNA191796	Mycobacterium ulcerans str. Harvey	Harvey	PACBIO_SMRT	PacBio RS	331054813.0	163482.0	WGS	GENOMIC	SINGLE	
SRR30342903	SRX25801246	SRS22432721	SRP528120	PRJNA1150149	Staphylococcus aureus	ST5	OXFORD_NANOPORE	MinION	233484376.0	36111.0	WGS	GENOMIC	SINGLE	ONT long-read sequencing of potential healthcare transmission pathogens
SRR35574268	SRX30647180	SRS26670424	SRP625638	PRJNA1320685	Escherichia coli	PCP06235	OXFORD_NANOPORE	MinION	1181607794.0	220567.0	WGS	GENOMIC	SINGLE	ONT Long-Read DNA Sequencing of PCP06235 Dorado SUP basecalling
ERR11040747	ERX10487995	ERS14796168	ERP145810	PRJEB60752	Escherichia coli		OXFORD_NANOPORE	MinION	599137630.0	108210.0	WGS	GENOMIC	SINGLE	Raw reads: 36195_S14_[Oxford_Nanopore]
SRR30149631	SRX25617436	SRS21937515	SRP518730	PRJNA1133668	Klebsiella pneumoniae	ST258KP64	OXFORD_NANOPORE	MinION	129268450.0	17750.0	WGS	GENOMIC	SINGLE	Nanopore sequencing of clinical CRE isolates: human
SRR9326094	SRX6092989	SRS4994013	SRP201833	PRJNA549563	Escherichia coli	F022	OXFORD_NANOPORE	MinION	805973524.0	203860.0	WGS	GENOMIC	SINGLE	Comparative genomics and transcriptomics of Escherichia coli in response to plasmid aquisition
SRR12699754	SRX9179245	SRS7416468	SRP285140	PRJNA616029	Vibrio cholerae	NER/2018/023	OXFORD_NANOPORE	MinION	1874346456.0	569906.0	WGS	GENOMIC	SINGLE	Oxford Nanopore sequencing of Vibrio cholerae
DRR197058	DRX187475	DRS062170	DRP004189	PRJDB5929	Klebsiella pneumoniae	KP38	PACBIO_SMRT	PacBio RS II	622495590.0	108709.0	WGS	GENOMIC	SINGLE	PacBio RS II sequencing of SAMD00110865
ERR13262188	ERX12632601	ERS19582629	ERP160126	PRJEB75548	Pseudomonas aeruginosa		OXFORD_NANOPORE	MinION	99113386.0	8881.0	WGS	GENOMIC	SINGLE	Raw reads: Ps448
ERR1229125	ERX1301177	ERS945388	ERP010683	PRJEB9562	Salmonella sp.		PACBIO_SMRT	PacBio RS	4093213205.0	163482.0	WGS	GENOMIC	SINGLE	PacBio RS sequencing
SRR8776889	SRX5566881	SRS4529904	SRP189296	PRJNA528186	Staphylococcus aureus	UP_1452	OXFORD_NANOPORE	MinION	885268803.0	281353.0	WGS	GENOMIC	SINGLE	UP_1452_nanopore
SRR8892869	SRX5679056	SRS4620097	SRP192476	PRJNA401000	Escherichia coli	RM10649	PACBIO_SMRT	PacBio RS II	1016091619.0	163482.0	WGS	GENOMIC	SINGLE	wgs of E coli O157:H7 RM10649
SRR15989588	SRX12277951	SRS9998993	SRP357537	PRJNA801416	Citrobacter koseri	-	OXFORD_NANOPORE	GridION	1602577179.0	167539.0	WGS	GENOMIC	SINGLE	Whole Genome Sequencing of Carbapenemase-producing Enterobacterales (CPE)
SRR26895504	SRX22589732	SRS19596608	SRP473162	PRJNA1043403	Klebsiella pneumoniae	DD02337	OXFORD_NANOPORE	MinION	1619483231.0	375472.0	WGS	GENOMIC	SINGLE	Nanopre Sequencing of Hypervirulent and Carbapenem-resistant Klebsiella pneumoniae
SRR13192603	SRX9626856	SRS7827983	SRP295672	PRJNA681856	Salmonella enterica	LHICA_E1	OXFORD_NANOPORE	MinION	14779871.0	4000.0	WGS	GENOMIC	SINGLE	WGS of Salmonella enterica Lhica E127
DRR667161	DRX647263	DRS454577	DRP012833	PRJDB20538	Escherichia coli		OXFORD_NANOPORE	MinION	1481600068.0	218378.0	WGS	GENOMIC	SINGLE	MinION sequencing of SAMD00899024
SRR5829350	SRX3006704	SRS1832385	SRP094480	PRJNA279196	Bordetella pertussis	H764	PACBIO_SMRT	PacBio RS II	540385983.0	163482.0	WGS	GENOMIC	SINGLE	
ERR15602705	ERX15005929	ERS26882973	ERP180185	PRJEB97707	Escherichia coli		OXFORD_NANOPORE	MinION	443262204.0	53992.0	WGS	GENOMIC	SINGLE	MinION sequencing
SRR13575336	SRX9973527	SRS8145954	SRP303741	PRJNA695586	Streptococcus pyogenes	M4C20	OXFORD_NANOPORE	MinION	3286039.0	4000.0	WGS	GENOMIC	SINGLE	Whole genome sequence of Streptococcus pyogenes strain M4C20
SRR33895217	SRX29106636	SRS25312976	SRP590843	PRJNA1272507	Salmonella enterica	SAL-017	OXFORD_NANOPORE	GridION	491661582.0	91699.0	WGS	GENOMIC	SINGLE	ONT-WGS of Salmonella enterica
SRR31579289	SRX26944773	SRS23416545	SRP548890	PRJNA1193226	Staphylococcus aureus	IMAL058	OXFORD_NANOPORE	MinION	1083046581.0	162577.0	WGS	GENOMIC	SINGLE	WGS of Staphylococcus aureus isolate
SRR11425886	SRX8004206	SRS6378173	SRP254068	PRJNA615288	Salmonella enterica subsp. enterica serovar Indiana	SI111	OXFORD_NANOPORE	MinION	108170541.0	4000.0	WGS	GENOMIC	SINGLE	MinION sequencing of Salmonella  Indiana: Human
SRR386409	SRX109877	SRS212335	SRP007231	PRJNA49881	Scardovia wiggsiae F0424	F0424	PACBIO_SMRT	PacBio RS	46297196.0	81741.0	WGS	GENOMIC	SINGLE	Whole Genome Sequencing and Assembly
