srr_accession	srx_accession	srs_accession	srp_accession	bioproject	organism	strain	platform	instrument	total_bases	total_spots	library_strategy	library_source	library_layout	title
SRR7415651	SRX4286608	SRS3450592	SRP151167	PRJNA316661	Streptomyces badius	SF7B6	PACBIO_SMRT	PacBio RS II	6812154.0	7200.0	WGS	GENOMIC	SINGLE	SF7B6
SRR29219133	SRX24738643	SRS21460691	SRP510575	PRJNA1117853	Cronobacter sakazakii		OXFORD_NANOPORE	GridION	780817666.0	160000.0	WGS	GENOMIC	SINGLE	Nanopore sequencing allows to recover high-quality completely closed genomes of all Cronobacter species from powdered infant formula overnight enrichments
SRR12395086	SRX8893384	SRS7152406	SRP276100	PRJNA650381	Mycobacterium tuberculosis		OXFORD_NANOPORE	MinION	112472610.0	65594.0	WGS	GENOMIC	SINGLE	Nanopore TB WGS
SRR26643498	SRX22343808	SRS12460691	SRP074197	PRJNA288601	Pseudomonas aeruginosa	2022CK-00217	OXFORD_NANOPORE	GridION	584227290.0	28215.0	WGS	GENOMIC	SINGLE	Nanopore sequencing of ARLN isolate
DRR572536	DRX556003	DRS426397	DRP012251	PRJDB17574	Escherichia coli	YK-IS1MA-L08-2_G08	OXFORD_NANOPORE	MinION	8938247.0	869.0	WGS	GENOMIC	SINGLE	nanopore-seq of SAMD00748214 L08-2_G8
ERR14747309	ERX14148585	ERS23812294	ERP170065	PRJEB86767	Morganella morganii		OXFORD_NANOPORE	MinION	1223045322.0	360150.0	WGS	GENOMIC	SINGLE	EXP-23-1-2025-03-14_14-42-05
SRR31599104	SRX26963980	SRS23433692	SRP549287	PRJNA1185485	Escherichia coli	530	OXFORD_NANOPORE	PromethION	1076938474.0	214217.0	WGS	GENOMIC	SINGLE	R4R-barcode89
SRR3723054	SRX1880764	SRS1527552	SRP077316	PRJNA259110	Thioalkalivibrio sp. K90mix	K90mix	PACBIO_SMRT	PacBio RS	246514735.0	85088.0	WGS	GENOMIC	SINGLE	Tv_K90mix_0.3M Na (1)
SRR30944950	SRX26347454	SRS22853352	SRP537443	PRJNA1170947	Citrobacter freundii	U2785	OXFORD_NANOPORE	MinION	2500000006.0	566456.0	WGS	GENOMIC	SINGLE	Whole Genome Sequencing of CAV3879: Sink-1PS
SRR35217251	SRX30321063	SRS26367509	SRP616264	PRJNA893717	Pantoea brenneri	LMG 5343	PACBIO_SMRT	Sequel IIe	1566539202.0	183281.0	WGS	GENOMIC	SINGLE	Pantoea brenneri LMG5343
SRR388129	SRX110615	SRS000872	SRP000269	PRJNA32793	Neisseria gonorrhoeae FA19	FA19	PACBIO_SMRT	PacBio RS	42675831.0	81741.0	WGS	GENOMIC	SINGLE	Whole Genome Sequencing and Assembly
SRR1947306	SRX973319	SRS888567	SRP056694	PRJNA203156	Burkholderia contaminans FFH2055	FFH2055	PACBIO_SMRT	PacBio RS II	1687046496.0	163482.0	WGS	GENOMIC	SINGLE	PacBio data for Burkholderia contaminans FFH2055
SRR6216884	SRX3325040	SRS2629549	SRP121438	PRJNA299262	Aeromonas salmonicida subsp. pectinolytica 34mel	34mel	PACBIO_SMRT	PacBio RS II	905647124.0	163482.0	WGS	GENOMIC	SINGLE	Aeromonas salmonicida pectinolytica strain 34mel PacBio sequence data part 1
SRR13576836	SRX9974971	SRS8147116	SRP303790	PRJNA685966	Staphylococcus pseudintermedius	DG071	OXFORD_NANOPORE	MinION	240321717.0	84077.0	WGS	GENOMIC	SINGLE	Long-read genomic sequencing of Staphylococcus pseudintermedius from canine skin
ERR4763109	ERX4636162	ERS5247855	ERP124695	PRJEB40976	Enterococcus faecalis		OXFORD_NANOPORE	GridION	691541922.0	39839.0	WGS	GENOMIC	SINGLE	GridION sequencing; Raw reads: 27725_1#343
SRR30149292	SRX25617341	SRS21937377	SRP518730	PRJNA1133668	Enterobacter hormaechei	ST171EH9	OXFORD_NANOPORE	MinION	523333584.0	63230.0	WGS	GENOMIC	SINGLE	Nanopore sequencing of clinical CRE isolates: human
ERR13765064	ERX13166268	ERS21039320	ERP164181	PRJEB80140	Acinetobacter baumannii		OXFORD_NANOPORE	MinION	431103314.0	88000.0	WGS	GENOMIC	SINGLE	Raw reads: 3_GEN12898
ERR1193284	ERX1266668	ERS879574	ERP005928	PRJEB6403	Streptococcus porcinus	NCTC10924	PACBIO_SMRT	PacBio RS	2094757984.0	163482.0	WGS	GENOMIC	SINGLE	PacBio RS sequencing
SRR31599521	SRX26964161	SRS23433873	SRP549287	PRJNA1185485	Escherichia coli	585	OXFORD_NANOPORE	PromethION	288177296.0	45244.0	WGS	GENOMIC	SINGLE	RMB-3R-barcode54
ERR12645132	ERX12019323	ERS18108256	ERP155683	PRJEB70780	Enterococcus faecalis		OXFORD_NANOPORE	MinION	317235675.0	153152.0	WGS	GENOMIC	SINGLE	MinION sequencing
ERR4026955	ERX4028322	ERS4425701	ERP121120	PRJEB37789	Burkholderia cenocepacia		PACBIO_SMRT	Sequel	1642541994.0	342336.0	WGS	GENOMIC	SINGLE	Sequel sequencing
SRR19787628	SRX15831723	SRS13522814	SRP383167	PRJNA851853	Salmonella enterica	K2083_ONT	OXFORD_NANOPORE	GridION	1621394026.0	209232.0	WGS	GENOMIC	SINGLE	WGS of Salmonella enterica serovar Enteritidis
DRR307133	DRX296567	DRS194095	DRP007467	PRJDB11902	Faecalicatena contorta	CE91-St64	PACBIO_SMRT	Sequel	1221753567.0	93165.0	WGS	GENOMIC	SINGLE	Sequel sequencing of SAMD00389879
SRR386547	SRX109954	SRS212340	SRP007237	PRJNA39375	Eubacterium sp. 3_1_31	3_1_31	PACBIO_SMRT	PacBio RS	110591282.0	81741.0	WGS	GENOMIC	SINGLE	Whole Genome Sequencing and Assembly
ERR14939083	ERX14343327	ERS22970226	ERP167347	PRJEB83773	Escherichia coli	10	OXFORD_NANOPORE	MinION	78143265.0	29571.0	WGS	GENOMIC	SINGLE	Raw reads: 250905E_Ga4251i
SRR12298614	SRX8801963	SRS6792222	SRP266402	PRJNA605147	Enterobacter hormaechei	RHBSTW-00810	OXFORD_NANOPORE	GridION	223848992.0	52341.0	WGS	GENOMIC	SINGLE	OXFORD_NANOPORE sequencing of Enterobacter cloacae isolate WTP5|T3-00810 cultured from WTP upstream sample
ERR13600728	ERX12971751	ERS15599537	ERP132614	PRJEB48268	Klebsiella pneumoniae		OXFORD_NANOPORE	GridION	2609438221.0	150342.0	WGS	GENOMIC	SINGLE	GridION sequencing
SRR32204093	SRX27545718	SRS23960614	SRP561120	PRJNA1214876	Ekhidna algicida	To15	OXFORD_NANOPORE	MinION	36101206.0	4000.0	WGS	GENOMIC	SINGLE	Ekhidna algicida strain To15 genome
SRR23940503	SRX19749813	SRS17115491	SRP428759	PRJNA806727	Bacillus velezensis	V 3.14	OXFORD_NANOPORE	MinION	3055646536.0	1077376.0	WGS	GENOMIC	SINGLE	Genome sequencing and assembly of Bacillus velezensis V3.14 (ONT)
ERR10676367	ERX10144131	ERS14333466	ERP143248	PRJEB58185	Campylobacter jejuni		OXFORD_NANOPORE	MinION	403378528.0	670064.0	WGS	GENOMIC	PAIRED	MinION paired end sequencing
ERR10498722	ERX10016011	ERS14256174	ERP142629	PRJEB57633	Escherichia coli		OXFORD_NANOPORE	GridION	75198283.0	8305.0	WGS	GENOMIC	SINGLE	Raw reads: ONT_30602_1#321
SRR35898326	SRX30947603	SRS26789183	SRP074197	PRJNA288601	Klebsiella pneumoniae	2025CK-01028	OXFORD_NANOPORE	GridION	873081391.0	86344.0	WGS	GENOMIC	SINGLE	Nanopore sequencing of ARLN isolate
ERR10499232	ERX10016518	ERS14255645	ERP142629	PRJEB57633	Escherichia coli		OXFORD_NANOPORE	GridION	82687953.0	10901.0	WGS	GENOMIC	SINGLE	Raw reads: ONT_30859_5#41
SRR13380377	SRX9803193	SRS7987481	SRP300808	PRJNA649533	Salmonella enterica		OXFORD_NANOPORE	GridION	2020701548.0	239671.0	WGS	GENOMIC	SINGLE	ISF salmonella
SRR24735358	SRX20512961	SRS17818430	SRP439485	PRJNA976180	Escherichia coli		PACBIO_SMRT	PacBio RS	2081858400.0	6939528.0	WGS	GENOMIC	SINGLE	Hu106
ERR13385997	ERX12756784	ERS20609113	ERP162246	PRJEB77921	Sinorhizobium meliloti		OXFORD_NANOPORE	MinION	498997024.0	1061762.0	WGS	GENOMIC	PAIRED	Single-nucleotide variant and marker frequency analysis of Sinorhizobium meliloti strains with rearranged genomic DNA
SRR24140200	SRX19938877	SRS17287586	SRP247747	PRJNA604975	Escherichia coli	ox_bsi_316	OXFORD_NANOPORE	GridION	146378737.0	110275.0	WGS	GENOMIC	SINGLE	oxford_bsi
SRR3710059	SRX1870085	SRS1171748	SRP062916	PRJNA292666	Salmonella enterica subsp. enterica serovar Infantis	FSIS1502169	PACBIO_SMRT	PacBio RS II	930581221.0	163482.0	WGS	GENOMIC	PAIRED	WGS of Salmonella enterica Infantis: 2015 FSIS Young Chicken (pacbio): Sample FSIS1502169
SRR31565394	SRX26931271	SRS23404781	SRP548643	PRJNA1192988	Vibrio cholerae	CIV5	OXFORD_NANOPORE	MinION	329336607.0	247141.0	WGS	GENOMIC	SINGLE	PulseNet Africa ONT sequencing of Vibrio cholerae isolates
SRR27145249	SRX22826866	SRS19807646	SRP476599	PRJNA1050169	Citroniella saccharovorans	DSM 29873	OXFORD_NANOPORE	MinION	40798375.0	3850.0	WGS	GENOMIC	SINGLE	Nanopore MinION of C. saccharovorans
SRR24302852	SRX20098021	SRS17429613	SRP187433	PRJNA514352	Helcococcus ovis	KG104	OXFORD_NANOPORE	MinION	437323671.0	305098.0	WGS	GENOMIC	SINGLE	WGS Helcococcus ovis from dairy cow uterus
ERR15686907	ERX15091336	ERS26976629	ERP171481	PRJEB88388	Pseudomonas sp. R-92803	R-92803	OXFORD_NANOPORE	MinION	967619805.0	219433.0	WGS	GENOMIC	SINGLE	Raw reads: Pseudomonas sp. R-92803
SRR19787619	SRX15831732	SRS13522823	SRP383167	PRJNA851853	Salmonella enterica	2010K-0675_ONT	OXFORD_NANOPORE	GridION	2920461119.0	646875.0	WGS	GENOMIC	SINGLE	WGS of Salmonella enterica serovar Enteritidis
SRR25466917	SRX21200007	SRS18458352	SRP452337	PRJNA1000618	Escherichia coli	Escherichia coli BL21(DE3)	OXFORD_NANOPORE	MinION	6375107.0	4000.0	WGS	GENOMIC	SINGLE	CASTVK transposition with different condition
ERR8007890	ERX7573559	ERS9899323	ERP131998	PRJEB47698	Pseudomonas aeruginosa		OXFORD_NANOPORE	MinION	242491332.0	37879.0	WGS	GENOMIC	SINGLE	MinION sequencing
SRR24140040	SRX19938365	SRS17287074	SRP247747	PRJNA604975	Escherichia coli	ox_bsi_266	OXFORD_NANOPORE	GridION	226005680.0	41740.0	WGS	GENOMIC	SINGLE	oxford_bsi
SRR11066757	SRX7707158	SRS6130867	SRP248178	PRJNA546957	Pseudomonas fluorescens	PgKB31	PACBIO_SMRT	Sequel	2412815104.0	618350.0	WGS	GENOMIC	SINGLE	Pseudomonas fluorescens PgKB31
ERR10489019	ERX10008330	ERS14235920	ERP142385	PRJEB57405	Streptococcus pneumoniae		OXFORD_NANOPORE	MinION	412915348.0	65112.0	WGS	GENOMIC	SINGLE	MinION sequencing
SRR25466969	SRX21199956	SRS18458349	SRP452337	PRJNA1000618	Escherichia coli	Escherichia coli BL21(DE3)	OXFORD_NANOPORE	MinION	5871797.0	4000.0	WGS	GENOMIC	SINGLE	CASTVK transposition with different condition
ERR9682732	ERX9231723	ERS11816122	ERP120185	PRJEB36919	Campylobacter jejuni		PACBIO_SMRT	Sequel II	71996744.0	9678.0	WGS	GENOMIC	SINGLE	Sequel II sequencing
SRR33053924	SRX28318994	SRS24657744	SRP577606	PRJNA1248674	Escherichia coli	AN4-006-NN	OXFORD_NANOPORE	GridION	534741231.0	88738.0	WGS	GENOMIC	SINGLE	WGS of Escherichia coli
DRR100199	DRX093632	DRS074962	DRP003581	PRJDB5126	Escherichia coli	M305	PACBIO_SMRT	PacBio RS II	1582716361.0	409509.0	WGS	GENOMIC	SINGLE	PacBio RS II sequencing of SAMD00059757
SRR12004278	SRX8537503	SRS6832464	SRP267075	PRJNA639107	Duganella sp. BJB1802	BJB1802	OXFORD_NANOPORE	MinION	25881031.0	4000.0	WGS	GENOMIC	SINGLE	BJB1802 Nanopore WGS
SRR19816844	SRX15860488	SRS12115413	SRP361569	PRJNA768416	Bacillus sp. FSL P2-0092	FSL P2-0092	OXFORD_NANOPORE	MinION	269423930.0	56602.0	WGS	GENOMIC	SINGLE	WGS of Bacilli
SRR4131407	SRX2114717	SRS1667287	SRP084650	PRJNA248521	Allomuricauda sp. MAR_2010_75	MAR_2010_75	PACBIO_SMRT	PacBio RS	212357771.0	62640.0	WGS	GENOMIC	SINGLE	Muricauda sp. MAR_2010_75
SRR35794945	SRX30844221	SRS26851164	SRP632532	PRJNA1345429	Mycobacterium tuberculosis	Not applicable	OXFORD_NANOPORE	MinION	169326813.0	115000.0	WGS	GENOMIC	SINGLE	Whole -genome sequencing of Mycobacterium tuberculosis: culture isolate
ERR12245889	ERX11656847	ERS16613406	ERP153128	PRJEB68143	Mycobacterium tuberculosis		OXFORD_NANOPORE	MinION	281146652.0	606454.0	WGS	GENOMIC	SINGLE	MinION sequencing
ERR10499654	ERX10016936	ERS14256872			Escherichia coli		OXFORD_NANOPORE	GridION	411078075.0	32699.0	WGS	GENOMIC	SINGLE	GridION sequencing; Raw reads: ONT_30602_2#198
SRR28208489	SRX23820664	SRS20643056	SRP493058	PRJNA1070810	Mesomycoplasma ovipneumoniae	OCAAI_16493	OXFORD_NANOPORE	MinION	797882754.0	134133.0	WGS	GENOMIC	SINGLE	WGS of Mycoplasma ovipneumoniae
ERR2125612	ERX2182464	ERS1452076	ERP005928	PRJEB6403	Legionella anisa	NCTC11974	PACBIO_SMRT	PacBio RS	2511794578.0	163482.0	WGS	GENOMIC	SINGLE	PacBio RS sequencing
ERR2799769	ERX2808771	ERS1875711	ERP019480	PRJEB17615	Acinetobacter baumannii		PACBIO_SMRT	PacBio RS	1672033775.0	163482.0	WGS	GENOMIC	SINGLE	PacBio RS sequencing
SRR8984888	SRX5764148	SRS4698556	SRP040661	PRJNA231221	Agrobacterium pusense	FDAARGOS_618	PACBIO_SMRT	PacBio RS	1209455777.0	163482.0	WGS	GENOMIC	SINGLE	
SRR5413425	SRX2705369	ERS1894625	SRP103024	PRJNA257886	Xaviernesmea oryzae	B4P	PACBIO_SMRT	PacBio RS	84868558.0	49211.0	WGS	GENOMIC	SINGLE	Rhizobium oryzae B4P
DRR465265	DRX449501	DRS319161	DRP010389	PRJDB15255	Streptococcus pneumoniae	Sep5	OXFORD_NANOPORE	MinION	1858334687.0	288834.0	WGS	GENOMIC	SINGLE	MinION sequencing of SAMD00602891
ERR13326538	ERX12697514	ERS20392272	ERP156173	PRJEB71369	Escherichia coli DH5[alpha]		PACBIO_SMRT	Sequel IIe			WGS	GENOMIC	SINGLE	Sequel IIe sequencing
SRR27678740	SRX23346009	SRS20207247	SRP485167	PRJNA960711	Peribacillus sp. ACCC06369	ACCC06369	OXFORD_NANOPORE	MinION	284409730.0	91394.0	WGS	GENOMIC	SINGLE	WGS of Peribacillus sp. ACCC06369: strain ACCC06369
SRR16950009	SRX13141867	SRS11075041	SRP346181	PRJNA779433	Pseudomonas sp. B21-053	B21-053	PACBIO_SMRT	Sequel	825466177.0	210098.0	WGS	GENOMIC	SINGLE	B21-053 PacBio sequencing reads
SRR24512216	SRX20296649	SRS17622599	SRP437219	PRJNA957356	Klebsiella variicola	SORGH_AS_0878	PACBIO_SMRT	Sequel IIe	1061048339.0	99525.0	WGS	GENOMIC	SINGLE	Klebsiella variicola SORGH_AS 878
SRR19843347	SRX15887041	SRS12114993	SRP361569	PRJNA768416	Paenibacillus sp. FSL K6-4396	FSL K6-4396	OXFORD_NANOPORE	MinION	732870588.0	162034.0	WGS	GENOMIC	SINGLE	WGS of Bacilli
DRR572261	DRX555728	DRS426359	DRP012251	PRJDB17574	Escherichia coli	YK-IS1MA-L02_Anc	OXFORD_NANOPORE	MinION	126304454.0	10744.0	WGS	GENOMIC	SINGLE	nanopore-seq of SAMD00748175 L02_Anc
SRR24363118	SRX20151514	SRS17479692	SRP435304	PRJNA962168	Bradyrhizobium elkanii	S07J-Be	PACBIO_SMRT	PacBio RS II	1184133354.0	104053.0	WGS	GENOMIC	SINGLE	DNA-seq of B elkanii S07J:bacteria
SRR11316089	SRX7921842	SRS933491	SRP018785	PRJNA186035	Salmonella enterica subsp. enterica serovar Abortusequi	CFSAN022626	PACBIO_SMRT	Sequel	161064491.0	21327.0	WGS	GENOMIC	SINGLE	Whole genome PacBio Sequel sequence of Salmonella enterica subsp. enterica serovar Abortusequi
SRR15989555	SRX12277984	SRS9999079	SRP357534	PRJNA801415	Klebsiella pneumoniae	20	OXFORD_NANOPORE	GridION	439485656.0	22355.0	WGS	GENOMIC	SINGLE	Whole Genome Sequencing of Carbapenemase-producing Enterobacterales (CPE)
SRR17200434	SRX13380615	SRS11284565	SRP350304	PRJNA786653	Haemophilus influenzae	mpi1341	PACBIO_SMRT	Sequel	1491520912.0	216854.0	WGS	GENOMIC	SINGLE	WGS of Haemophilus influenzae: mpi1341
ERR13293946	ERX12664678	ERS18293115	ERP157481	PRJEB72702	Salmonella enterica subsp. enterica serovar Paratyphi A		OXFORD_NANOPORE	MinION	400940053.0	37124.0	WGS	GENOMIC	SINGLE	Raw reads: barcode22
ERR9030476	ERX8573886	ERS10792221	ERP133548	PRJEB49093	Mycobacterium tuberculosis	Lineage 1.1.2	OXFORD_NANOPORE	MinION	359482941.0	240379.0	WGS	GENOMIC	SINGLE	MinION sequencing; Raw reads: mada_1-47-nanopore
SRR13449060	SRX9862310	SRS8042175	SRP295672	PRJNA681856	Salmonella enterica subsp. salamae	LHICA_SA3	OXFORD_NANOPORE	MinION	30318498.0	4000.0	WGS	GENOMIC	SINGLE	WGS of Salmonella Lhica SA3_82
SRR13576840	SRX9974967	SRS8147112	SRP303790	PRJNA685966	Staphylococcus pseudintermedius	DHSP046	OXFORD_NANOPORE	MinION	269810972.0	101994.0	WGS	GENOMIC	SINGLE	Long-read genomic sequencing of Staphylococcus pseudintermedius from canine skin
SRR24523556	SRX20307793	SRS17631321	SRP437380	PRJNA911709	Ligilactobacillus salivarius	S32	OXFORD_NANOPORE	MinION	422654376.0	43527.0	WGS	GENOMIC	SINGLE	Nanopore sequencing of S32
SRR28777754	SRX24342792	SRS20831681	SRP497546	PRJNA1091452	Enterococcus faecium	EF31-PS	OXFORD_NANOPORE	MinION	623090829.0	201418.0	WGS	GENOMIC	SINGLE	ONT performance study sequencing of E.faecium
SRR5753200	SRX2953420	SRS1613993	SRP068737	PRJNA292902	Klebsiella pneumoniae	AR_0152	PACBIO_SMRT	PacBio RS II	851359595.0	163482.0	WGS	GENOMIC	SINGLE	PacBio SMRT Sequencing of Klebsiella pneumoniae FDA-CDC-AR_0152 Genomic Library
SRR32398742	SRX27730943	SRS5851628	SRP150360	PRJNA475751	Clostridioides difficile	CD08317	OXFORD_NANOPORE	MinION	285345210.0	108393.0	WGS	GENOMIC	SINGLE	WGS sequencing of C. difficile
DRR538108	DRX521927	DRS397742	DRP011824	PRJDB17661	Bacteroides uniformis	f04	PACBIO_SMRT	Sequel	523579175.0	34959.0	WGS	GENOMIC	SINGLE	Sequel single end sequencing of  SAMD00758958
SRR36093059	SRX31138659	SRS27124434	SRP151512	PRJNA478278	Salmonella enterica	R25.1734	OXFORD_NANOPORE	MinION	323923523.0	78580.0	WGS	GENOMIC	SINGLE	WGS of Salmonella enterica
SRR23347614	SRX19289419	SRS16690584	SRP421131	PRJNA931653	Escherichia coli K-12	K-12	OXFORD_NANOPORE	GridION	23681771.0	4000.0	WGS	GENOMIC	SINGLE	Nanopore sequencing of Ciprofloxacin challenged E. coli
SRR10538088	SRX7221888	SRS5723347	SRP233331	PRJNA592006	Lysobacter brunescens	YQ20	PACBIO_SMRT	Sequel	4358679.0	1.0	WGS	GENOMIC	SINGLE	genome sequence of Lysobacter brunescens
SRR27467501	SRX23139129	SRS20090184	SRP482617	PRJNA942599	Staphylococcus aureus	Dog162	PACBIO_SMRT	Sequel II	2754882172.0	245310.0	WGS	GENOMIC	SINGLE	PacBio sequencing of canine Staphylococcaceae isolated from a Kenyan shelter in June 2103
SRR30188655	SRX25654220	SRS22297017	SRP458186	PRJNA1012291	Enterococcus	Enterococcus faecium	OXFORD_NANOPORE	MinION	433229021.0	194704.0	WGS	GENOMIC	SINGLE	Nanopore sequencing data of VRE
SRR18299180	SRX14436704	SRS12243859	SRP363571	PRJNA810040	Pseudomonas aeruginosa	H14	PACBIO_SMRT	Sequel II	3036063494.0	240166.0	WGS	GENOMIC	SINGLE	PacBio reads of phylogenetically diverse collection of P. aeruginosa
ERR2672426	ERX2687540	ERS1746628	ERP013538	PRJEB12097	Escherichia coli		PACBIO_SMRT	PacBio RS	1700601544.0	163482.0	WGS	GENOMIC	SINGLE	PacBio RS sequencing
ERR6536246	ERX6163069	ERS4039994	ERP023216	PRJEB20997	Salmonella enterica		PACBIO_SMRT	Sequel II	736610377.0	125493.0	WGS	GENOMIC	SINGLE	Sequel II sequencing
ERR3863220	ERX3875254	ERS4281789	ERP112081	PRJEB29732	Mycobacterium tuberculosis		OXFORD_NANOPORE	MinION	788497416.0	296157.0	WGS	GENOMIC	SINGLE	MinION sequencing
SRR28402953	SRX24007529	SRS20803743	SRP496844	PRJNA1090259	Staphylococcus aureus	P0	OXFORD_NANOPORE	GridION	658663049.0	101207.0	WGS	GENOMIC	SINGLE	WGS of MRSA
SRR13708670	SRX10097582	SRS8254912	SRP255655	PRJNA622823	Lysinibacillus fusiformis	NEB1292	PACBIO_SMRT	PacBio RS II	940671650.0	163482.0	WGS	GENOMIC	SINGLE	SMRT_BfuAI_Tet2
SRR32364832	SRX27699314	SRS21122420	SRP444583	PRJNA962904	Enterobacter cloacae		PACBIO_SMRT	Sequel II	363385931.0	14801.0	WGS	GENOMIC	SINGLE	PacBio sequencing of AS27572C1 for ARCH 1.0
SRR26950652	SRX22644553	SRS19641537	SRP474291	PRJNA1043871	Bacillus sp. PBL-C9	PBL-C9	OXFORD_NANOPORE	MinION	15684.0	8.0	WGS	GENOMIC	SINGLE	Bacillus sp. PBL-C9 Genome sequencing and assembly
SRR30896240	SRX26299781	SRS22828503	SRP536878	PRJNA1134622	Escherichia coli	OXEC-61	OXFORD_NANOPORE	MinION	315692247.0	93565.0	WGS	GENOMIC	SINGLE	OXEC-61
SRR13745248	SRX10132311	SRS8286461	SRP307131	PRJNA703008	Staphylococcus aureus	PS/BAC/317/16/W	OXFORD_NANOPORE	MinION	915949456.0	217148.0	WGS	GENOMIC	SINGLE	MinION sequencing of Staphylococcus  aureus strain PS/BAC/317/16/W isolated from contaminated human platelets
SRR31599201	SRX26963883	SRS23433595	SRP549287	PRJNA1185485	Escherichia coli	224	OXFORD_NANOPORE	PromethION	2850506393.0	492571.0	WGS	GENOMIC	SINGLE	Kleb-3R-barcode51
ERR4763015	ERX4636068	ERS5247983	ERP124695	PRJEB40976	Enterococcus faecalis		OXFORD_NANOPORE	GridION	311327513.0	41095.0	WGS	GENOMIC	SINGLE	GridION sequencing; Raw reads: 27688_1#353
SRR7508538	SRX4378958	SRS3535348	SRP153035	PRJNA433211	Pseudomonas sp. LBUM920	LBUM920	PACBIO_SMRT	PacBio RS II	1772809950.0	163482.0	WGS	GENOMIC	SINGLE	Whole genome sequence of Pseudomonas sp. LBUM920
SRR14871146	SRX11188672	SRS9244973	SRP324862	PRJNA736470	Streptococcus equi subsp. zooepidemicus	SEZ_19-041	PACBIO_SMRT	Sequel	840669172.0	131134.0	WGS	GENOMIC	SINGLE	PacBio whole genome sequencing of Streptococcu equi
SRR33905592	SRX29113050	SRS25319249	SRP590957	PRJNA1274183	Mycobacterium avium subsp. hominissuis	missing	OXFORD_NANOPORE	PromethION	143432259.0	21863.0	WGS	GENOMIC	SINGLE	WGS of NTM from sputum isolate
SRR849080	SRX276686	SRS419873	SRP022249	PRJNA157929	Bibersteinia trehalosi USDA-ARS-USMARC-192	USDA-ARS-USMARC-192	PACBIO_SMRT	PacBio RS	116351943.0	81741.0	WGS	GENOMIC	SINGLE	Bibersteinia trehalosi C2 Sequencing
ERR581156	ERX539243	ERS462982	ERP005928	PRJEB6403	Serratia plymuthica	NCTC12961	PACBIO_SMRT	PacBio RS	876897933.0	163482.0	WGS	GENOMIC	SINGLE	PacBio RS sequencing
SRR12395396	SRX8893501	SRS7152523	SRP276100	PRJNA650381	Mycobacterium tuberculosis		OXFORD_NANOPORE	MinION	741118835.0	482478.0	WGS	GENOMIC	SINGLE	Nanopore TB WGS
SRR25299288	SRX21042901	SRS18314794	SRP449794	PRJNA995360	Yersinia pestis	S0008	PACBIO_SMRT	Sequel	4642855.0	170.0	WGS	GENOMIC	SINGLE	WGS of Yersinia pestis
SRR2062011	SRX1053794	SRS956683	SRP059248	PRJNA286129	Xanthomonas oryzae pv. oryzae	PXO99A	PACBIO_SMRT	PacBio RS	559312565.0	81741.0	WGS	GENOMIC	SINGLE	PacBio Sequencing of PXO99A-L-13
DRR723572	DRX703593	DRS495722	DRP013760	PRJDB20694	Lentibacillus halophilus	JCM 12149	PACBIO_SMRT	Revio	36020817.0	2507.0	WGS	GENOMIC	SINGLE	Revio sequencing of SAMD01611104
SRR7962743	SRX4796403	SRS3875546	SRP163334	PRJNA494598	Enterobacter hormaechei	C15117	OXFORD_NANOPORE	MinION	1173652654.0	73822.0	WGS	GENOMIC	SINGLE	Oxford Nanopore MinION sequecing of Enterobacter hormaechei C15117
SRR30149566	SRX25617501	SRS3052380	SRP518730	PRJNA1133668	Klebsiella pneumoniae	258	OXFORD_NANOPORE	MinION	429496898.0	60611.0	WGS	GENOMIC	SINGLE	Nanopore sequencing of clinical CRE isolates: human
ERR15373191	ERX14776876	ERS23666181	ERP169391	PRJEB86018	Haemophilus influenzae		PACBIO_SMRT	Sequel II	261976318.0	23633.0	WGS	GENOMIC	SINGLE	Sequel II sequencing
SRR18515286	SRX14646474	SRS12006374	SRP357534	PRJNA801415	bacterium	missing	OXFORD_NANOPORE	GridION	1917843136.0	254513.0	WGS	GENOMIC	SINGLE	Whole Genome Sequencing of Carbapenemase-producing Enterobacterales (CPE)
ERR3956271	ERX3964076	ERS3052905	ERP113355	PRJEB30866	Escherichia coli		PACBIO_SMRT	Sequel	1809704549.0	367390.0	WGS	GENOMIC	SINGLE	Sequel sequencing
SRR389279	SRX032451	SRS140100	SRP004712	PRJNA61297	Vibrio cholerae O1 biovar El Tor		PACBIO_SMRT	PacBio RS	121576443.0	60667.0	WGS	GENOMIC	SINGLE	Sequencing for H1 (Haiti, 2010)
SRR12298499	SRX8801568	SRS6792386	SRP266402	PRJNA605147	Escherichia fergusonii	RHB42-C24	OXFORD_NANOPORE	GridION	1586060473.0	426898.0	WGS	GENOMIC	SINGLE	OXFORD_NANOPORE sequencing of Escherichia fergusonii isolate RH12|T3-C24 cultured from Sheep faeces sample
SRR534082	SRX174143	SRS002749	SRP001660	PRJNA30055	Bifidobacterium bifidum NCIMB 41171	NCIMB 41171	PACBIO_SMRT	PacBio RS	139350861.0	81741.0	WGS	GENOMIC	SINGLE	Whole Genome Sequencing and Assembly
SRR16525651	SRX12728348	SRS10336840	SRP357534	PRJNA801415	Klebsiella pneumoniae	43	OXFORD_NANOPORE	GridION	3204796070.0	366931.0	WGS	GENOMIC	SINGLE	Extensive diversification and dissemination of blaNDM carbapenemase plasmids in Enterobacterales in Singapore 2010-2015
SRR10597857	SRX7277568	SRS5771429	SRP234903	PRJNA576028	Streptomyces sp. C8S0		OXFORD_NANOPORE	MinION	704420763.0	148000.0	WGS	GENOMIC	SINGLE	WGS of Streptomyces sp. C8S0 from Cuatro Cienegas Basin
SRR30293567	SRX25754294	SRS20715738	SRP447847	PRJNA991976	Xanthomonas vesicatoria	WHRI 8302	OXFORD_NANOPORE	PromethION	723246113.0	109946.0	WGS	GENOMIC	SINGLE	ONT genome sequencing of WHRI 8302
SRR16525678	SRX12728321	SRS10336670	SRP357537	PRJNA801416	Klebsiella pneumoniae	E410	OXFORD_NANOPORE	GridION	995386530.0	137884.0	WGS	GENOMIC	SINGLE	Extensive diversification and dissemination of blaNDM carbapenemase plasmids in Enterobacterales in Singapore 2010-2015
SRR29316694	SRX24833449	SRS21545280	SRP512379	PRJNA1121190	Vibrio cholerae	126Vc10	OXFORD_NANOPORE	PromethION	212645750.0	131583.0	WGS	GENOMIC	SINGLE	WGS of Vcholerae isolates
ERR10499636	ERX10016918	ERS14256843			Escherichia coli		OXFORD_NANOPORE	GridION	113333335.0	12424.0	WGS	GENOMIC	SINGLE	GridION sequencing; Raw reads: ONT_30348_2#70
ERR10664179	ERX10133363	ERS2651541	ERP104475	PRJEB22771	Streptococcus pneumoniae		PACBIO_SMRT	Sequel II	1343536837.0	185920.0	WGS	GENOMIC	SINGLE	Sequel II sequencing
SRR25466856	SRX21199564	SRS18458349	SRP452337	PRJNA1000618	Escherichia coli	Escherichia coli BL21(DE3)	OXFORD_NANOPORE	MinION	4923410.0	4000.0	WGS	GENOMIC	SINGLE	CASTVK transposition with different condition
SRR13957677	SRX10336000	SRS8455544	SRP300861	PRJNA663900	Enterococcus sp. DIV0733a	DIV0733a	OXFORD_NANOPORE	GridION	1379697436.0	184287.0	WGS	GENOMIC	SINGLE	sequencing of enterococcal diversity
ERR13765065	ERX13166269	ERS21039351	ERP164181	PRJEB80140	Acinetobacter baumannii		OXFORD_NANOPORE	MinION	1166492544.0	203786.0	WGS	GENOMIC	SINGLE	Raw reads: 12_GEN12926
ERR688927	ERX633909	ERS523570	ERP005928	PRJEB6403	Salmonella enterica subsp. enterica	NCTC7831	PACBIO_SMRT	PacBio RS	826569490.0	163482.0	WGS	GENOMIC	SINGLE	PacBio RS sequencing
SRR30949623	SRX26352163	SRS22817422	SRP536567	PRJNA1165464	Escherichia coli	Not applicable	OXFORD_NANOPORE	MinION	280670135.0	26356.0	WGS	GENOMIC	SINGLE	Nanopore sequencing of E.coli: blood isolate
SRR22784938	SRX18744506	SRS16179711	SRP413484	PRJNA912639	Escherichia coli	EC_E4F_1_E_CuP_CeP	OXFORD_NANOPORE	MinION	118151962.0	16040.0	WGS	GENOMIC	SINGLE	WGS of Escherichia coli
DRR572437	DRX555904	DRS426390	DRP012251	PRJDB17574	Escherichia coli	YK-IS1MA-L06-3_G08	OXFORD_NANOPORE	MinION	40648759.0	5011.0	WGS	GENOMIC	SINGLE	nanopore-seq of SAMD00748207 L06-3_G8
SRR19165814	SRX15231948	SRS12965087	SRP374671	PRJNA836696	Klebsiella pneumoniae	3221	OXFORD_NANOPORE	GridION	725428360.0	139645.0	WGS	GENOMIC	SINGLE	ONT long-read sequencing of carbapenem non-susceptible Enterobacterales
SRR19169388	SRX15234946	SRS12448962	SRP366665	PRJNA801099	Bartonella krasnovii	B90_5_S15	OXFORD_NANOPORE	MinION	477523996.0	193797.0	WGS	GENOMIC	SINGLE	ONT of Bartonella krasnovii: Gerbilus pyramidum
SRR31676598	SRX27039052	SRS23502247	SRP550721	PRJNA1195730	Escherichia coli DSM 30083 = JCM 1649 = ATCC 11775	ATCC 11775	OXFORD_NANOPORE	MinION	5965578728.0	1359082.0	WGS	GENOMIC	SINGLE	Genomic DNA for Klebsiella
SRR21416123	SRX17420365	SRS12115335	SRP361569	PRJNA768416	Bacillus sp. FSL R9-9863	FSL R9-9863	OXFORD_NANOPORE	MinION	423364543.0	127730.0	WGS	GENOMIC	SINGLE	WGS of Bacilli
ERR1354162	ERX1425637	ERS1037085	ERP005928	PRJEB6403	Streptococcus agalactiae	NCTC8185	PACBIO_SMRT	PacBio RS	2111803666.0	163482.0	WGS	GENOMIC	SINGLE	PacBio RS sequencing
SRR18753114	SRX14853012	SRS3292385	SRP040281	PRJNA230403	Salmonella enterica subsp. enterica serovar Reading	PNUSAS039653	OXFORD_NANOPORE	GridION	1101286481.0	197062.0	WGS	GENOMIC	SINGLE	nanopore sequence of Salmonella enterica Reading
SRR23347468	SRX19289565	SRS16690584	SRP421131	PRJNA931653	Escherichia coli K-12	K-12	OXFORD_NANOPORE	GridION	22953156.0	4000.0	WGS	GENOMIC	SINGLE	Nanopore sequencing of Ciprofloxacin challenged E. coli
SRR2910894	SRX1092360	SRS987953	SRP060697	PRJNA289613	Acutalibacter muris	KB18	PACBIO_SMRT	PacBio RS II	303998548.0	163482.0	WGS	GENOMIC	SINGLE	Genome sequencing of a defined mouse intestinal bacterial community
ERR9979379	ERX9520356	ERS12496725	ERP139746	PRJEB54884	Escherichia coli		OXFORD_NANOPORE	MinION	337967433.0	39070.0	WGS	GENOMIC	SINGLE	MinION sequencing
SRR6785587	SRX3745126	SRS3001501	SRP133548	PRJNA430390	Pseudomonas sp. DTU12.3	DTU12.3	OXFORD_NANOPORE	MinION	129983985.0	11889.0	WGS	GENOMIC	SINGLE	Pseudomonas sp. DTU12.3
SRR9644501	SRX6406315	SRS5064098	SRP212938	PRJNA483246	Klebsiella pneumoniae		OXFORD_NANOPORE	MinION	456187621.0	75550.0	WGS	GENOMIC	SINGLE	nanopore sequence of Klebsiella pneumoniae Kpv_ST147_L3
SRR27966697	SRX23620405	SRS20460505	SRP489704	PRJNA1063262	Ruoffia tabacinasalis	jzb001	OXFORD_NANOPORE	MinION	14029080.0	3944.0	WGS	GENOMIC	SINGLE	WGS of Ruoffia tabacinasalis
SRR33968454	SRX29167142	SRS25367640	SRP591870	PRJNA1276484	Mycobacteroides abscessus		OXFORD_NANOPORE	MinION	1312237172.0	229966.0	WGS	GENOMIC	SINGLE	CW26193
SRR29779004	SRX25278876	SRS21698254	SRP418402	PRJNA925803	Streptococcus dysgalactiae subsp. equisimilis	MGCS35838	OXFORD_NANOPORE	GridION	1756994497.0	936578.0	WGS	GENOMIC	SINGLE	WGS of Streptococcus dysgalactiae subsp. equisimilis
SRR36095878	SRX31141434	SRS21867795	SRP291668	PRJNA675431	Klebsiella pneumoniae		OXFORD_NANOPORE	PromethION	1855190959.0	367339.0	WGS	GENOMIC	SINGLE	WGS of Klebsiella pneumoniae
ERR2125778	ERX2182630	ERS1589020	ERP005928	PRJEB6403	Neisseria gonorrhoeae	NCTC13818	PACBIO_SMRT	PacBio RS	1987046853.0	163482.0	WGS	GENOMIC	SINGLE	PacBio RS sequencing
ERR1407355	ERX1478594	ERS1066623	ERP005928	PRJEB6403	Streptococcus pyogenes	NCTC13743	PACBIO_SMRT	PacBio RS	1704217925.0	163482.0	WGS	GENOMIC	SINGLE	PacBio RS sequencing
SRR30896506	SRX26300063	SRS22828785	SRP536878	PRJNA1134622	Escherichia coli	OXEC-36	OXFORD_NANOPORE	MinION	630500600.0	167881.0	WGS	GENOMIC	SINGLE	OXEC-36
SRR22997617	SRX18953712	SRS9835095	SRP272861	PRJNA646575	Parabacteroides distasonis	BFG-238	OXFORD_NANOPORE	GridION	785340914.0	100732.0	WGS	GENOMIC	SINGLE	gDNA nanopore sequencing of BFG isolate
SRR33300181	SRX28545147	SRS24844299	SRP581013	PRJNA1255117	Staphylococcus aureus	Staphylococcus	OXFORD_NANOPORE	GridION	498252775.0	101506.0	WGS	GENOMIC	SINGLE	WGS of S. aureus sample 1
DRR704744	DRX684777	DRS487161	DRP013557	PRJDB18009	Escherichia coli	K9510	OXFORD_NANOPORE	MinION	893993840.0	189341.0	WGS	GENOMIC	SINGLE	MinION sequencing of SAMD00771136
ERR3685993	ERX3675597	ERS4047794	ERP114207	PRJEB31632	bacterium		OXFORD_NANOPORE	GridION	453136074.0	72501.0	WGS	GENOMIC	SINGLE	GridION sequencing
ERR1681934	ERX1751551	ERS986329	ERP005928	PRJEB6403	Streptococcus pneumoniae	NCTC11889	PACBIO_SMRT	PacBio RS	1694273632.0	163482.0	WGS	GENOMIC	SINGLE	PacBio RS sequencing
SRR15989265	SRX12277602	SRS9999248	SRP357537	PRJNA801416	Enterobacter kobei	E974	OXFORD_NANOPORE	GridION	1275670589.0	233170.0	WGS	GENOMIC	SINGLE	Whole Genome Sequencing of Carbapenemase-producing Enterobacterales (CPE)
ERR660558	ERX616879	ERS500985	ERP005928	PRJEB6403	Salmonella enterica subsp. arizonae	NCTC7308	PACBIO_SMRT	PacBio RS	652346137.0	163482.0	WGS	GENOMIC	SINGLE	PacBio RS sequencing
SRR21630187	SRX17630826	SRS14987172	SRP354045	PRJNA747871	Streptomyces canus	NBC_00634	OXFORD_NANOPORE	MinION	748365219.0	88740.0	WGS	GENOMIC	SINGLE	nanopore sequencing data from strain NBC_00634
ERR10499134	ERX10016423	ERS14255695	ERP142629	PRJEB57633	Escherichia coli		OXFORD_NANOPORE	GridION	74931720.0	19982.0	WGS	GENOMIC	SINGLE	Raw reads: ONT_30859_5#213
DRR538138	DRX521957	DRS397772	DRP011824	PRJDB17661	Bifidobacterium bifidum	i03-0019-A5	PACBIO_SMRT	Sequel	59463494.0	3856.0	WGS	GENOMIC	SINGLE	Sequel single end sequencing of  SAMD00758988
SRR24140360	SRX19938717	SRS17287426	SRP247747	PRJNA604975	Escherichia coli	ox_bsi_464	OXFORD_NANOPORE	GridION	261557736.0	132657.0	WGS	GENOMIC	SINGLE	oxford_bsi
SRR15828017	SRX12119780	SRS10099866	SRP336307	PRJNA761884	Escherichia coli	X_3	PACBIO_SMRT	PacBio RS II	930630042.0	107815.0	WGS	GENOMIC	SINGLE	WGS of Escherichia coli: sample C1044
SRR12056025	SRX8584415	SRS6875921	SRP268043	PRJNA459242	Clostridium beijerinckii	DJ200	PACBIO_SMRT	PacBio RS II	637243761.0	111422.0	WGS	GENOMIC	SINGLE	Clostridium beijerinckii DJ200
SRR9221483	SRX5991903	SRS4897042	SRP191068	PRJNA528511	Escherichia coli	GTEN_58	OXFORD_NANOPORE	GridION	699573329.0	121370.0	WGS	GENOMIC	SINGLE	Global TravEpiNet AMR surveillance Genome sequencing and assembly
SRR4125763	SRX2112488	SRS1667011	SRP084517	PRJNA303383	Bacillus sp. es.036	es.036	PACBIO_SMRT	PacBio RS	332391899.0	153193.0	WGS	GENOMIC	SINGLE	Bacillus sp. ES.036
SRR25467234	SRX21199691	SRS18458350	SRP452337	PRJNA1000618	Escherichia coli	Escherichia coli BL21(DE3)	OXFORD_NANOPORE	MinION	9075692.0	4000.0	WGS	GENOMIC	SINGLE	CASTVK transposition with different condition
ERR5353116	ERX5141151	ERS5752890	ERP126298	PRJEB42440	Escherichia coli		OXFORD_NANOPORE	MinION	1084594750.0	221038.0	WGS	GENOMIC	SINGLE	MinION sequencing
SRR18697571	SRX14798538	SRS12556557	SRP368995	PRJNA695749	Arthrobacter sp. PvP102	PvP102	PACBIO_SMRT	Sequel II	9953338002.0	1643167.0	WGS	GENOMIC	SINGLE	Arthrobacter sp. PvP102
SRR13745251	SRX10132308	SRS8286459	SRP307131	PRJNA703008	Staphylococcus aureus	CBS2016-05	OXFORD_NANOPORE	MinION	219996098.0	29813.0	WGS	GENOMIC	SINGLE	MinION sequencing of Staphylococcus  aureus strain CBS2016-05 isolated from healthy human skin
SRR13575620	SRX9973631	SRS8145954	SRP303741	PRJNA695586	Streptococcus pyogenes	M4C20	OXFORD_NANOPORE	MinION	3055259.0	4000.0	WGS	GENOMIC	SINGLE	Whole genome sequence of Streptococcus pyogenes strain M4C20
SRR18296424	SRX14434060	SRS12241602	SRP363524	PRJNA814415	Ralstonia pseudosolanacearum	SL1931	PACBIO_SMRT	PacBio RS II	2090564554.0	163482.0	WGS	GENOMIC	SINGLE	Genome sequencing of Ralstonia pseudosolancearum SL1931
SRR29015142	SRX24541758	SRS21286486	SRP506715	PRJNA981225	Salmonella enterica subsp. enterica serovar Typhimurium	GZ2016SF355	OXFORD_NANOPORE	PromethION	1000018697.0	35784.0	WGS	GENOMIC	SINGLE	raw sequence data of Salmonella enterica subsp. enterica serovar Typhimurium GZ2016SF355 using third-generation sequencing
SRR644313	SRX209658	SRS379417	SRP017524	PRJNA183628	Escherichia coli str. K-12 substr. MG1655	K-12 substr. MG1655	PACBIO_SMRT	PacBio RS	33279644.0	60667.0	WGS	GENOMIC	SINGLE	WGA E. coli genome DNA sequenced by FCR chemistry
ERR15740528	ERX15145635	ERS27098297	ERP182459	PRJEB101032	Brucella intermedia		OXFORD_NANOPORE	MinION	663170454.0	215253.0	WGS	GENOMIC	SINGLE	MinION sequencing
ERR14720564	ERX14121989	ERS23803033	ERP170064	PRJEB86764	Klebsiella pneumoniae		OXFORD_NANOPORE	MinION	996293841.0	363642.0	WGS	GENOMIC	SINGLE	EXP-2-1-2025-03-12_10-45-00
SRR31598836	SRX26963650	SRS23433363	SRP549287	PRJNA1185485	Escherichia coli	284	OXFORD_NANOPORE	PromethION	713031817.0	654787.0	WGS	GENOMIC	SINGLE	manhole-barcode29
SRR34675257	SRX29811114	SRS25915904	SRP602871	PRJNA1295092	Burkholderia pseudomallei	TSV270_S	OXFORD_NANOPORE	GridION	5172013857.0	578476.0	WGS	GENOMIC	SINGLE	"=_xlfn.CONCAT(""Nanopore DNA sequencing of Burkholderia pseudomallei "", B17)"
SRR6985696	SRX3925560	SRS3159761	SRP133836	PRJNA316321	Pseudomonas aeruginosa	AR_455	PACBIO_SMRT	PacBio RS	2450239408.0	163482.0	WGS	GENOMIC	SINGLE	
SRR21630349	SRX17631050	SRS14987359	SRP354045	PRJNA747871	Actinoplanes sp. NBC_00393	NBC_00393	OXFORD_NANOPORE	MinION	376842070.0	56827.0	WGS	GENOMIC	SINGLE	nanopore sequencing data from strain NBC_00393
SRR386679	SRX109841	SRS004883	SRP001079	PRJNA40077	Cereibacter sphaeroides 2.4.1	2.4.1	PACBIO_SMRT	PacBio RS	60713091.0	81741.0	WGS	GENOMIC	SINGLE	Whole Genome Sequencing and Assembly
SRR30949651	SRX26352135	SRS22817394	SRP536567	PRJNA1165464	Escherichia coli	Not applicable	OXFORD_NANOPORE	MinION	453457685.0	253885.0	WGS	GENOMIC	SINGLE	Nanopore sequencing of E.coli: blood isolate
SRR34848051	SRX29979957	SRS26054395	SRP605437	PRJNA1059746	Salmonella enterica subsp. enterica serovar Kentucky	F227	OXFORD_NANOPORE	MinION	435209658.0	94842.0	WGS	GENOMIC	SINGLE	Emergence of ceftriaxone resistant Salmonella Kentucky in India driven by multiple novel variants of Salmonella genomic island carrying blaCTX-M-55
ERR15814497	ERX15214414	ERS27173580	ERP183512	PRJEB102112	Rhizobium helianthi	KCTC 23879	OXFORD_NANOPORE	PromethION	3950362201.0	1111716.0	WGS	GENOMIC	SINGLE	PromethION sequencing
SRR13255725	SRX9686684	SRS7873986	SRP297072	PRJNA682584	Enterococcus faecium	Dallas 9_1	OXFORD_NANOPORE	MinION	671308152.0	154885.0	WGS	GENOMIC	SINGLE	WGS of vancomycin resistant Enterococcus faecium collected from Dallas, Texas
SRR35808520	SRX30857812	SRS26863772	SRP633462	PRJNA1346110	Streptococcus dysgalactiae subsp. equisimilis	UT9728	OXFORD_NANOPORE	MinION	278657348.0	212185.0	WGS	GENOMIC	SINGLE	WGS:UT9728 Replicates
SRR30896259	SRX26299762	SRS22828485	SRP536878	PRJNA1134622	Escherichia coli	OXEC-537	OXFORD_NANOPORE	MinION	519830557.0	136895.0	WGS	GENOMIC	SINGLE	OXEC-537
SRR12298663	SRX8801914	SRS6792376	SRP266402	PRJNA605147	Citrobacter freundii	RHB30-C03	OXFORD_NANOPORE	GridION	2281296995.0	593170.0	WGS	GENOMIC	SINGLE	OXFORD_NANOPORE sequencing of Citrobacter freundii isolate RH02|T3-C03 cultured from Pig faeces sample
SRR16543147	SRX12745381	SRS10693320	SRP342772	PRJNA604418	Weissella hellenica	MBEL1842	PACBIO_SMRT	PacBio RS II	96837134.0	12438.0	WGS	GENOMIC	SINGLE	Genome sequencing and assembly of Weisella hellenica MBEL1842
SRR12047105	SRX8575690	SRS6867640	SRP040661	PRJNA231221	Corynebacterium amycolatum	FDAARGOS_938	PACBIO_SMRT	PacBio RS	702260142.0	163482.0	WGS	GENOMIC	SINGLE	
SRR24139871	SRX19938534	SRS17287243	SRP247747	PRJNA604975	Escherichia coli	ox_bsi_710	OXFORD_NANOPORE	GridION	190280463.0	57143.0	WGS	GENOMIC	SINGLE	oxford_bsi
SRR16361641	SRX12639082	SRS10592441	SRP341645	PRJNA771717	Cutibacterium acnes		OXFORD_NANOPORE	PromethION	500026989.0	18122.0	WGS	GENOMIC	SINGLE	On person evolution and biogeography of Cutibacterium acnes and Cutibacterium granulosum
SRR8639572	SRX5437934	SRS4415242	SRP166384	PRJNA496338	Mesorhizobium sp. NZP2234	NZP2234	OXFORD_NANOPORE	MinION	131034267.0	6808.0	WGS	GENOMIC	SINGLE	WGS of NZP2234
SRR4181425	SRX2142661	SRS1674112	SRP086977	PRJNA303842	Tsukamurella tyrosinosolvens	DSM 44234	PACBIO_SMRT	PacBio RS	533065987.0	128321.0	WGS	GENOMIC	SINGLE	Tsukamurella tyrosinosolvens DSM 44234
SRR4136145	SRX2116179	SRS1667513	SRP084779	PRJNA257845	Olleya sp. Hel_I_94	Hel_I_94	PACBIO_SMRT	PacBio RS	373202925.0	103195.0	WGS	GENOMIC	SINGLE	Olleya sp. Hel_I_94
DRR493289	DRX477488	DRS205897	DRP007742	PRJDB10568	Serratia marcescens	TE5	OXFORD_NANOPORE	MinION	673701662.0	68429.0	WGS	GENOMIC	SINGLE	MinION sequencing of SAMD00247433
SRR13269201	SRX9699256	SRS7895420	SRP272861	PRJNA646575	Bacteroides thetaiotaomicron		OXFORD_NANOPORE	GridION	689532359.0	134767.0	WGS	GENOMIC	SINGLE	WGS  of Bacteroides fragilis group clinical isolates
SRR25467223	SRX21199702	SRS18458353	SRP452337	PRJNA1000618	Escherichia coli	Escherichia coli BL21(DE3)	OXFORD_NANOPORE	MinION	7986109.0	4000.0	WGS	GENOMIC	SINGLE	CASTVK transposition with different condition
ERR2797019	ERX2806038	ERS2735081	ERP110894	PRJEB28660	Klebsiella pneumoniae		OXFORD_NANOPORE	MinION	324596887.0	34469.0	WGS	GENOMIC	SINGLE	MinION sequencing
SRR15342193	SRX11646440	SRS9679586	SRP331089	PRJNA561159	Agrobacterium tumefaciens	Sut002	OXFORD_NANOPORE	GridION	1909239314.0	181685.0	WGS	GENOMIC	SINGLE	Nanopore reads of A. tumefaciens
SRR31555796	SRX26921927	SRS23398983	SRP548427	PRJNA1192303	Shigella flexneri	2a	OXFORD_NANOPORE	GridION	204409172.0	50867.0	WGS	GENOMIC	SINGLE	WGS of Shigella sonnei 2021/2022
SRR31555770	SRX26921953	SRS23399010	SRP548427	PRJNA1192303	Shigella flexneri	2a	OXFORD_NANOPORE	GridION	221600868.0	72000.0	WGS	GENOMIC	SINGLE	WGS of Shigella sonnei 2021/2022
ERR10499780	ERX10017062	ERS14248166	ERP142363	PRJEB57392	Escherichia coli		OXFORD_NANOPORE	MinION	460700460.0	917730.0	WGS	GENOMIC	PAIRED	MinION paired end sequencing
SRR5852285	SRX3021713	SRS1832586	SRP094480	PRJNA279196	Bordetella pertussis	I093	PACBIO_SMRT	PacBio RS II	1640657754.0	163482.0	WGS	GENOMIC	SINGLE	
SRR28257166	SRX23867740	SRS20686632	SRP250705	PRJNA607328	Saccharomyces cerevisiae	missing	PACBIO_SMRT	PacBio RS II	4820398741.0	524036.0	WGS	GENOMIC	SINGLE	Saccharomyces cerevisiae FELIX_MS366 PacBio
ERR14364959	ERX13766364	ERS23231972	ERP165658	PRJEB81867	Staphylococcus aureus		OXFORD_NANOPORE	PromethION	45453952.0	41142.0	WGS	GENOMIC	SINGLE	Raw reads: s35
SRR35673914	SRX30725752	SRS26742322	SRP561673	PRJNA1219398	Pasteurella multocida	220510	OXFORD_NANOPORE	MinION	510527491.0	93900.0	WGS	GENOMIC	SINGLE	DNA-Seq of Pasteurella multocida 220510
SRR33223749	SRX28470798	SRS24790823	SRP579950	PRJNA1253082	Streptococcus pneumoniae		OXFORD_NANOPORE	MinION	62037350.0	66728.0	WGS	GENOMIC	SINGLE	WGS of Streptococcus pneumoniae
SRR35804824	SRX30854115	SRS26860417	SRP633286	PRJNA1345511	Enterococcus dispar	CCTCC AB 2013210	OXFORD_NANOPORE	MinION	4067777607.0	452314.0	WGS	GENOMIC	SINGLE	Complete genome sequence of Enterococcus dispar CCTCC AB 2013210 ( = DSM 6630T, type strain), a strain isolated from human synovial fluid in the UK
SRR30413539	SRX25839251	SRS22468171	SRP250705	PRJNA607328	soil metagenome		OXFORD_NANOPORE	MinION	18536822729.0	8510862.0	WGS	GENOMIC	SINGLE	Soil Metagenome FELIX_MS758 Nanopore reads
ERR1674577	ERX1744629	ERS1211595	ERP005928	PRJEB6403	Carnobacterium divergens	NCTC13772	PACBIO_SMRT	PacBio RS	2630010018.0	163482.0	WGS	GENOMIC	SINGLE	PacBio RS sequencing
SRR24062793	SRX19864082	SRS17220104	SRP430807	PRJNA952137	Staphylococcus aureus	GE-MSSA28	OXFORD_NANOPORE	MinION	290478039.0	48281.0	WGS	GENOMIC	SINGLE	Long read Illumina sequencing of Staphylococcus aureus GE-MSSA28
SRR36797905	SRX31784443	SRS27747144	SRP661661	PRJNA1389824	Klebsiella grimontii		OXFORD_NANOPORE	MinION	237719564.0	95179.0	WGS	GENOMIC	SINGLE	evolved microcosm clones
SRR34290091	SRX29461250	SRS25605718	SRP595904	PRJNA1282447	Parapusillimonas sp. JC17	JC17	PACBIO_SMRT	Revio	699837401.0	86462.0	WGS	GENOMIC	SINGLE	Genome sequencing of Parapusillimonas sp. KACC 24088
ERR16137132	ERX15526798	SRS10827119	ERP187675	PRJEB106623	Neisseria gonorrhoeae		OXFORD_NANOPORE	MinION	541049210.0	133574.0	WGS	GENOMIC	SINGLE	Raw reads: EEE018
ERR10664187	ERX10133371	ERS2651606	ERP104475	PRJEB22771	Streptococcus pneumoniae		PACBIO_SMRT	Sequel II	1282599181.0	177883.0	WGS	GENOMIC	SINGLE	Sequel II sequencing
SRR13605612	SRX9999752	SRS8169529	SRP304156	PRJNA698610	Geobacter sp. SVR	SVR	OXFORD_NANOPORE	GridION	737167319.0	45705.0	WGS	GENOMIC	SINGLE	Geobacter sp. strain SVR genome
SRR10918459	SRX7585678	SRS6019340	SRP051949	PRJNA271899	Klebsiella pneumoniae	UCI-CRE-250	OXFORD_NANOPORE	GridION	784707834.0	102353.0	WGS	GENOMIC	SINGLE	Sequencing of Carbapenem resistant bacteria
SRR23928438	SRX19738638	SRS17104792	SRP428408	PRJNA947117	Leuconostoc mesenteroides	MSL129	PACBIO_SMRT	Sequel II	2283082909.0	7563005.0	WGS	GENOMIC	SINGLE	Complete genome sequence of Leuconostoc mesenteroides MSL129
SRR30842873	SRX26241786	SRS2110341	SRP040281	PRJNA230403	Salmonella enterica subsp. enterica serovar Enteritidis	PNUSAS011040	OXFORD_NANOPORE	GridION	2502035889.0	458441.0	WGS	GENOMIC	SINGLE	SE using ONT_MP24
SRR3726983	SRX1883760	SRS1529861	SRP077537	PRJNA239515	Pseudomonas sp. Eur1 9.41	Eur1 9.41	PACBIO_SMRT	PacBio RS	234094849.0	82594.0	WGS	GENOMIC	SINGLE	Pseudomonas sp. Eur1 9.41
SRR36757282	SRX31752289	SRS27719339	SRP661065	PRJNA1400589	Actinoplanes siamensis	TBRC 4237	OXFORD_NANOPORE	MinION	1595928069.0	255328.0	WGS	GENOMIC	SINGLE	Nanopore sequencing of Actinoplanes siamensis TBRC 4237
SRR24001303	SRX19804699	SRS17166614	SRP429910	PRJNA909850	human blood metagenome	-	OXFORD_NANOPORE	GridION	31086899.0	11565.0	WGS	GENOMIC	SINGLE	DNA isolation from S. aureus  using Fire Monkey
ERR15665883	ERX15070462	ERS203120	ERP001784	PRJEB3255	Proteus mirabilis	M590	OXFORD_NANOPORE	MinION	375011022.0	51982.0	WGS	GENOMIC	SINGLE	MinION sequencing
SRR31598926	SRX26963559	SRS23433271	SRP549287	PRJNA1185485	Escherichia coli	852	OXFORD_NANOPORE	PromethION	1739450076.0	328784.0	WGS	GENOMIC	SINGLE	Wnew4R-barcode72
SRR34967435	SRX30086802	SRS26152947	SRP608514	PRJNA1305037	Escherichia coli	MI_KPC_206	OXFORD_NANOPORE	PromethION	218969690.0	57462.0	WGS	GENOMIC	SINGLE	KPC CRE collection from state of Michigan
SRR14628258	SRX10968915	SRS8660037	SRP321015	PRJNA731114	Pseudomonas aeruginosa	PaLo152	OXFORD_NANOPORE	MinION	1057471480.0	155551.0	WGS	GENOMIC	SINGLE	Nanopore sequencing of Pseudomonas aeruginosa isolates
SRR19820530	SRX15864391	SRS13526116	SRP361569	PRJNA768416	Paenibacillus sp. FSL F4-0125	FSL F4-0125	OXFORD_NANOPORE	MinION	446955652.0	94485.0	WGS	GENOMIC	SINGLE	WGS of Bacilli
ERR11749516	ERX11148848	ERS15539318	ERP147189	PRJEB62104	Escherichia coli		OXFORD_NANOPORE	MinION	2936491958.0	768099.0	WGS	GENOMIC	SINGLE	MinION sequencing
DRR572652	DRX556119	DRS426409	DRP012251	PRJDB17574	Escherichia coli	YK-IS1MA-L11-2_G08	OXFORD_NANOPORE	MinION	29766137.0	2713.0	WGS	GENOMIC	SINGLE	nanopore-seq of SAMD00748226 L11-2_G8
SRR2818099	SRX1384201	SRS1134797	SRP040661	PRJNA231221	Vibrio vulnificus	FDAARGOS_117	PACBIO_SMRT	PacBio RS	745707816.0	163482.0	WGS	GENOMIC	SINGLE	
SRR25426602	SRX21161177	SRS18423172	SRP451518	PRJNA998774	Klebsiella pneumoniae	723581	OXFORD_NANOPORE	MinION	271442009.0	95473.0	WGS	GENOMIC	SINGLE	WGS of Klebsiella pneumoniae
SRR30058048	SRX25531928	SRS22184872	SRP523423	PRJNA1142578	Streptococcus pneumoniae	MA0196B	OXFORD_NANOPORE	PromethION	25494964.0	14533.0	WGS	GENOMIC	SINGLE	Cas9
SRR10178252	SRX6899655	SRS5431851	SRP222906	PRJNA573516	Streptococcus oralis	S28	OXFORD_NANOPORE	MinION	49061548.0	21396.0	WGS	GENOMIC	SINGLE	MinION sequencing of Streptococcus  oralis
SRR27678729	SRX23346020	SRS20207257	SRP485167	PRJNA960711	Bacillus mycoides	SIN2.2	OXFORD_NANOPORE	MinION	167173403.0	63509.0	WGS	GENOMIC	SINGLE	WGS of Bacillus mycoides: strain SIN2.2
SRR5182100	SRX2498207	SRS1925060	SRP096895	PRJNA353873	Mycobacterium tuberculosis		PACBIO_SMRT	PacBio RS	172031497.0	163482.0	WGS	GENOMIC	SINGLE	DNA of Mtb
SRR709916	SRX228374	SRS411282	SRP022779	PRJNA82533	Enterococcus cecorum DSM 20682 = ATCC 43198	ATCC 43198	PACBIO_SMRT	PacBio RS	83028158.0	81741.0	WGS	GENOMIC	SINGLE	Pacbio whole genome shotgun sequencing of genomic DNA library 'LR_117_Ececorum_1.50nM' containing sample 'ATCC43198' from individual 'Enterococcus_cecorum_ATCC43198'
DRR540064	DRX523877	DRS371383	DRP011350	PRJDB17430	Escherichia coli	N137	OXFORD_NANOPORE	MinION	13866471.0	4510.0	WGS	GENOMIC	SINGLE	MinION sequencing of SAMD00735520
SRR11061208	SRX7707100	SRS6130818	SRP248165	PRJNA546947	Bacillus amyloliquefaciens	GZYCT-4_1	PACBIO_SMRT	Sequel	840441351.0	189738.0	WGS	GENOMIC	SINGLE	Bacillus amyloliquefaciens GZYCT-4_1
SRR2047388	SRX1033790	SRS941315	SRP058356	PRJNA283315	Xanthomonas oryzae pv. oryzicola	L8	PACBIO_SMRT	PacBio RS II	925973613.0	163482.0	WGS	GENOMIC	SINGLE	Xanthomonas oryzae pv. oryzicola L8
SRR3457418	SRX1733282	SRS815456	SRP051873	PRJNA271775	Acinetobacter baumannii	ORAB01	PACBIO_SMRT	PacBio RS II	4678199819.0	163482.0	WGS	GENOMIC	SINGLE	
DRR765099	DRX744280	DRS558386	DRP015143	PRJDB34874	Bacillus velezensis	Bacillus	OXFORD_NANOPORE	MinION	1327523671.0	178217.0	WGS	GENOMIC	SINGLE	ONT-XY3 (CRX1568601; CRA023943)
SRR21630253	SRX17630762	SRS11554558	SRP354045	PRJNA747871	Streptomyces sp. NBC_00180	NBC 00180	OXFORD_NANOPORE	MinION	319183708.0	56521.0	WGS	GENOMIC	SINGLE	nanopore sequencing data from strain NBC_00180
ERR5420962	ERX5205526	ERS5845243	ERP126298	PRJEB42440	Klebsiella pneumoniae		OXFORD_NANOPORE	GridION	1125344209.0	122279.0	WGS	GENOMIC	SINGLE	GridION sequencing
DRR572488	DRX555955	DRS426410	DRP012251	PRJDB17574	Escherichia coli	YK-IS1MA-L11-3_G08	OXFORD_NANOPORE	MinION	113931748.0	10658.0	WGS	GENOMIC	SINGLE	nanopore-seq of SAMD00748227 L11-3_G8
SRR15989442	SRX12278097	SRS9999296	SRP357537	PRJNA801416	Klebsiella pneumoniae	E1063	OXFORD_NANOPORE	GridION	474403923.0	43255.0	WGS	GENOMIC	SINGLE	Whole Genome Sequencing of Carbapenemase-producing Enterobacterales (CPE)
SRR26950719	SRX22644487	SRS19641537	SRP474291	PRJNA1043871	Bacillus sp. PBL-C9	PBL-C9	OXFORD_NANOPORE	MinION	44792.0	12.0	WGS	GENOMIC	SINGLE	Bacillus sp. PBL-C9 Genome sequencing and assembly
SRR12395400	SRX8893497	SRS7152519	SRP276100	PRJNA650381	Mycobacterium tuberculosis		OXFORD_NANOPORE	MinION	579373817.0	386303.0	WGS	GENOMIC	SINGLE	Nanopore TB WGS
SRR5825964	SRX3003776	SRS1832400	SRP094480	PRJNA279196	Bordetella pertussis	C505	PACBIO_SMRT	PacBio RS II	1003792034.0	163482.0	WGS	GENOMIC	SINGLE	
SRR33769481	SRX28991881	SRS22396709	SRP444583	PRJNA962904	Escherichia coli		PACBIO_SMRT	Sequel II	143039360.0	17385.0	WGS	GENOMIC	SINGLE	PacBio sequencing of AH0072HE1 for ARCH 2
SRR32972682	SRX28245874	SRS24593537	SRP576427	PRJNA1190511	Yersinia pestis	80038	PACBIO_SMRT	Sequel	4813841165.0	470893.0	WGS	GENOMIC	SINGLE	WGS of Yersinia pestis: cultured strain 80038
SRR24062803	SRX19864072	SRS17220093	SRP430807	PRJNA952137	Staphylococcus aureus	GE-MRSA18	OXFORD_NANOPORE	MinION	154230667.0	26115.0	WGS	GENOMIC	SINGLE	Long read Illumina sequencing of Staphylococcus aureus GE-MRSA18
SRR35071191	SRX30184830	SRS26244840	SRP610420	PRJNA1308807	Escherichia coli	Ec_003	OXFORD_NANOPORE	MinION	200608788.0	22296.0	WGS	GENOMIC	SINGLE	Oxford Nanopore sequences of an isolated E. coli strain from wastewater
DRR900266	DRX878087	DRS495671	DRP013756	PRJDB35717	Haemophilus influenzae		OXFORD_NANOPORE	MinION	914480455.0	162583.0	WGS	GENOMIC	SINGLE	MinION sequencing of SAMD01599398
ERR1213695	ERX1285908	ERS1033984	ERP011210	PRJEB10032	Escherichia coli K-12		PACBIO_SMRT	PacBio RS	2884160292.0	163482.0	WGS	GENOMIC	SINGLE	PacBio RS sequencing
SRR31303458	SRX26681613	SRS23174469	SRP544363	PRJNA1133929	Bordetella pertussis	YW44	PACBIO_SMRT	Sequel IIe	3275907304.0	250782.0	WGS	GENOMIC	PAIRED	Genome sequencing for Bordetella pertussis
SRR24140481	SRX19938992	SRS17287701	SRP247747	PRJNA604975	Escherichia coli	ox_bsi_658	OXFORD_NANOPORE	GridION	356021088.0	93461.0	WGS	GENOMIC	SINGLE	oxford_bsi
SRR34986078	SRX30104892	SRS26168542	SRP608826	PRJNA1305362	Listeria monocytogenes	Lm_347	OXFORD_NANOPORE	MinION	1007045070.0	122071.0	WGS	GENOMIC	SINGLE	Oxford Nanopore sequences of an isolated L. monocytogenes strain from wastewater
SRR8902599	SRX5688452	SRS4628351	SRP092448	PRJNA316728	Salmonella enterica subsp. enterica serovar 1,4,[5],12:i:-	PNCS014865	OXFORD_NANOPORE	MinION	124221244.0	28769.0	WGS	GENOMIC	SINGLE	RBK004 barcoding sequencing of 12-4331
SRR27664426	SRX23332244	SRS20194710	SRP484836	PRJNA1066958	Bordetella pertussis	BP-L3	OXFORD_NANOPORE	MinION	668092039.0	111052.0	WGS	GENOMIC	SINGLE	Bordetella pertussis strain BP-L3 was grown on Bordet Gengou agar and incubated for 72 h at 37 degrees Celsius
SRR13575429	SRX9973405	SRS8145954	SRP303741	PRJNA695586	Streptococcus pyogenes	M4C20	OXFORD_NANOPORE	MinION	3519541.0	4000.0	WGS	GENOMIC	SINGLE	Whole genome sequence of Streptococcus pyogenes strain M4C20
ERR11897007	ERX11281294	ERS16296329	ERP135420	PRJEB50816	Salmonella enterica subsp. enterica serovar Typhimurium		PACBIO_SMRT	PacBio RS II			WGS	GENOMIC	SINGLE	PacBio RS II sequencing
SRR28063699	SRX23713278	SRS20528678	SRP490965	PRJNA1079198	Salmonella enterica subsp. enterica serovar Derby	17-SA00843-0	OXFORD_NANOPORE	MinION	394053938.0	66956.0	WGS	GENOMIC	SINGLE	WGS of Salmonella enterica subsp. enterica serovar Derby isolate 17-SA00843-0 using ONT technology
ERR10472472	ERX9992817	ERS6795346	ERP109413	PRJEB27342	Klebsiella variicola subsp. variicola		PACBIO_SMRT	Sequel II	76785940.0	12129.0	WGS	GENOMIC	SINGLE	Sequel II sequencing
SRR4180958	SRX2142254	SRS1673935	SRP086942	PRJNA303788	Propionicimonas paludicola	DSM 15597	PACBIO_SMRT	PacBio RS	780747058.0	226069.0	WGS	GENOMIC	SINGLE	Propionicimonas paludicola DSM 15597
SRR35158221	SRX30263379	SRS26314642	SRP613631	PRJNA1311546	Bacillus paranthracis	PS03221	OXFORD_NANOPORE	MinION	328541005.0	115629.0	WGS	GENOMIC	SINGLE	WGS of bacterial isolate: Food isolate
SRR386452	SRX109881	SRS212335	SRP007231	PRJNA49881	Scardovia wiggsiae F0424	F0424	PACBIO_SMRT	PacBio RS	116751396.0	81741.0	WGS	GENOMIC	SINGLE	Whole Genome Sequencing and Assembly
SRR36676500	SRX31685371	SRS27656652	SRP659761	PRJNA1332793	Pseudomonas amygdali	Psvw2	OXFORD_NANOPORE	MinION	329128460.0	28239.0	WGS	GENOMIC	SINGLE	ONT library of P. amygdali Psvw2
SRR32370076	SRX27704594	SRS24099091	SRP564386	PRJNA1224596	Klebsiella pneumoniae	K-1475	OXFORD_NANOPORE	MinION	326238896.0	42840.0	WGS	GENOMIC	SINGLE	Long read WGS of Klebsiella pneumoniae: isolate K-1475
SRR30427037	SRX25852516	SRS20297347	SRP486696	PRJNA1070974	Propionibacterium freudenreichii	TL19	OXFORD_NANOPORE	GridION	3085088869.0	280803.0	WGS	GENOMIC	SINGLE	WGS of Propionibacterium freudenreichii strain TL19: CIRM-BIA Culture
SRR28036861	SRX23688294	SRS11758158	SRP490411	PRJNA1078256	Escherichia coli	KMi012	OXFORD_NANOPORE	MinION	2185309535.0	331144.0	WGS	GENOMIC	SINGLE	ONT sequencing of Escherichia coli: KMi012
ERR15686597	ERX15091026	ERS26976545	ERP171481	PRJEB88388	Rhodanobacter sp. R-92567	R-92567	OXFORD_NANOPORE	MinION	937015291.0	407875.0	WGS	GENOMIC	SINGLE	Raw reads: Rhodanobacter sp. R-92567
SRR8749639	SRX5540610	SRS4506270	SRP051949	PRJNA271899	Klebsiella aerogenes	OC-CRE-9078	OXFORD_NANOPORE	GridION	3131850.0	7951.0	WGS	GENOMIC	SINGLE	Sequencing of Carbapenem resistant bacteria
SRR6516720	SRX3604688	SRS2872267	SRP131600	PRJNA402580	Streptomyces sp. 93	93	PACBIO_SMRT	PacBio RS II	830290849.0	337325.0	WGS	GENOMIC	SINGLE	Streptomyces sp. 93
ERR9565454	ERX9116001	ERS11482842	ERP134706	PRJEB50151	Erysipelothrix amsterdamensis	A18Y020d	OXFORD_NANOPORE	MinION	172201911.0	104217.0	WGS	GENOMIC	SINGLE	MinION sequencing
SRR28434829	SRX24038421	SRS20831671	SRP497546	PRJNA1091452	Listeria monocytogenes	L-06	OXFORD_NANOPORE	MinION	456168996.0	74786.0	WGS	GENOMIC	SINGLE	ONT performance study sequencing of L. monocytogenes
SRR19816841	SRX15860491	SRS12115417	SRP361569	PRJNA768416	Bacillus sp. FSL P4-0290		OXFORD_NANOPORE	MinION	569999058.0	155200.0	WGS	GENOMIC	SINGLE	WGS of Bacilli
SRR10295151	SRX7007978	SRS5529095	SRP225970	PRJNA407761	Mycoplasmopsis bovis	KRB1	PACBIO_SMRT	PacBio RS II	616010686.0	163482.0	WGS	GENOMIC	SINGLE	Whole genome sequencing of Mycoplasma bovis strain KRB1
SRR34442541	SRX29603125	SRS25724398	SRP524599	PRJNA1145137	Acinetobacter baumannii	RIVM_C048727	OXFORD_NANOPORE	MinION	276650927.0	37207.0	WGS	GENOMIC	SINGLE	RIVM_C048727_Nanopore
SRR36919998	SRX31886535	SRS27841384	SRP665298	PRJNA1403646	Rothia mucilaginosa	not applicable	OXFORD_NANOPORE	MinION	141051565.0	90919.0	WGS	GENOMIC	SINGLE	Long Reads for The Genomic Landscape of Head and Neck Cancer-associated Streptococci
SRR12046047	SRX8574727	SRS6866697	SRP040661	PRJNA231221	Atlantibacter hermannii	FDAARGOS_888	PACBIO_SMRT	PacBio RS	2948677519.0	163482.0	WGS	GENOMIC	SINGLE	
SRR32001205	SRX27354154	SRS23790978	SRP071657	PRJNA312217	Salmonella enterica	JWC-7227	OXFORD_NANOPORE	PromethION	628090742.0	151989.0	WGS	GENOMIC	SINGLE	Hybrid WGS of Salmonella enterica (Long reads)
SRR30347916	SRX25806158	SRS22437149	SRP528189	PRJNA889999	Klebsiella pneumoniae	GYH-CZA-S	OXFORD_NANOPORE	MinION	1330264674.0	160994.0	WGS	GENOMIC	SINGLE	DNA-Seq of Klebsiella pneumoniae
SRR31369801	SRX26743388	SRS23232349	SRP545638	PRJNA1187009	Escherichia coli	1-2-6	OXFORD_NANOPORE	PromethION	862007606.0	42157.0	WGS	GENOMIC	SINGLE	Whole genome of bovine commensal Escherichia coli from feces of Holstein dairy cow
SRR14140347	SRX10509787	SRS8633851	SRP313369	PRJNA717909	Duffyella gerundensis		PACBIO_SMRT	Sequel	1062994489.0	126496.0	WGS	GENOMIC	SINGLE	A4 raw reads
ERR1246963	ERX1318901	ERS945401	ERP010683	PRJEB9562	Salmonella sp.		PACBIO_SMRT	PacBio RS	1690856042.0	163482.0	WGS	GENOMIC	SINGLE	PacBio RS sequencing
SRR6079484	SRX3218473	SRS2543325	SRP118950	PRJNA343379	Microcystis aeruginosa PCC 7806SL	PCC 7806SL	PACBIO_SMRT	PacBio RS II	1852089547.0	163482.0	WGS	GENOMIC	PAIRED	SMRT of Microcystis aeruginosa PCC 7806SL genome
DRR499495	DRX483654	DRS400125	DRP011897	PRJDB16497	Wolbachia pipientis		OXFORD_NANOPORE	MinION	77027580.0	24892.0	WGS	GENOMIC	SINGLE	MinION sequencing of SAMD00639215
SRR18729837	SRX14829892	SRS12585860	SRP369762	PRJNA825705	Escherichia coli	ST-46	OXFORD_NANOPORE	MinION	4479832864.0	433121.0	WGS	GENOMIC	SINGLE	ONT sequencing of Escherichia coli: sample ecoli-50
ERR654494	ERX610817	ERS475423	ERP001671	PRJEB3186	Salmonella enterica subsp. enterica serovar Enteritidis	B11430	PACBIO_SMRT	PacBio RS	1068438347.0	163482.0	WGS	GENOMIC	SINGLE	PacBio RS sequencing
SRR35628906	SRX30685128	SRS26704543	SRP627750	PRJNA1333901	Brevibacterium aurantiacum	KH_066	OXFORD_NANOPORE	MinION	116100783.0	15762.0	WGS	GENOMIC	SINGLE	Oxford Nanopore sequences of cultivable bacteria collected in an iron ore mine and a crystal cave
SRR13766682	SRX10152872	SRS8305154	SRP241987	PRJNA599529	Escherichia coli	88COLEC	OXFORD_NANOPORE	MinION	856638602.0	79134.0	WGS	GENOMIC	SINGLE	Nanopore sequencing of E. coli 88COLEC
SRR30463437	SRX25888523	SRS22459531	SRP515179	PRJNA1126331	Acidobacteriota bacterium		PACBIO_SMRT	Sequel II	3885439.0	1.0	WGS	GENOMIC	SINGLE	HiFi.Melbourne_complete.10244
SRR12056021	SRX8584412	SRS6875918	SRP268042	PRJNA459248	Clostridium beijerinckii	DJ221	PACBIO_SMRT	PacBio RS II	417231824.0	107642.0	WGS	GENOMIC	SINGLE	Clostridium beijerinckii DJ221
SRR386953	SRX109918	SRS281278	SRP001087	PRJNA40075	Escherichia coli str. K-12 substr. MG1655	K-12	PACBIO_SMRT	PacBio RS	123088682.0	81741.0	WGS	GENOMIC	SINGLE	Whole Genome Sequencing and Assembly
SRR19519926	SRX15572381	SRS13275241	SRP378127	PRJNA819273	Staphylococcus aureus	IVB6159	PACBIO_SMRT	Sequel II	2619434810.0	234049.0	WGS	GENOMIC	SINGLE	PacBio Sequel sequencing of camel Staphylococcaceae from the Horn of Africa
SRR29316722	SRX24833421	SRS21545252	SRP512379	PRJNA1121190	Vibrio cholerae	113Vc06	OXFORD_NANOPORE	PromethION	181201649.0	162552.0	WGS	GENOMIC	SINGLE	WGS of Vcholerae isolates
ERR2532453	ERX2550874	ERS2419129	ERP005928	PRJEB6403	Salmonella enterica subsp. enterica serovar Typhi	NCTC160	PACBIO_SMRT	PacBio RS	1027799183.0	163482.0	WGS	GENOMIC	SINGLE	PacBio RS sequencing
SRR19184186	SRX15249298	SRS12981679	SRP375062	PRJNA837734	Listeria monocytogenes	BL94/005	OXFORD_NANOPORE	MinION	129869377.0	31695.0	WGS	GENOMIC	SINGLE	Nanopore sequencing of Listeria monocytogenes
SRR29882843	SRX25379178	SRS21269688	SRP395888	PRJNA812595	Escherichia coli	2024CK-00616	OXFORD_NANOPORE	GridION	594433062.0	138647.0	WGS	GENOMIC	SINGLE	Nanopore sequencing of ARLN isolate
SRR28096027	SRX23742267	SRS20569320	SRP491770	PRJNA1078842	Burkholderia pseudomallei	SiteA-7C	OXFORD_NANOPORE	MinION	140342966.0	28966.0	WGS	GENOMIC	SINGLE	WGS of Burkholderia pseudomallei isolate: environmental soil sample
SRR492850	SRX032452	SRS140101	SRP004712	PRJNA61297	Vibrio cholerae O1 biovar El Tor		PACBIO_SMRT	PacBio RS	38432242.0	60667.0	WGS	GENOMIC	SINGLE	Sequencing for H2 (Haiti, 2010)
ERR10498815	ERX10016104	ERS14255828	ERP142629	PRJEB57633	Escherichia coli		OXFORD_NANOPORE	GridION	468100200.0	105416.0	WGS	GENOMIC	SINGLE	Raw reads: ONT_30602_1#43
SRR8305967	SRX5120469	SRS930486	SRP029479	PRJNA217342	Salmonella enterica subsp. enterica serovar Javiana	CFSAN006269	PACBIO_SMRT	Sequel	926552605.0	129848.0	WGS	GENOMIC	SINGLE	Whole genome PacBio Sequel sequence of Salmonella enterica subsp. enterica serovar Javiana
ERR10939002	ERX10378311	ERS14690227	ERP143848	PRJEB58776	Legionella pneumophila		OXFORD_NANOPORE	GridION	734874392.0	74432.0	WGS	GENOMIC	SINGLE	GridION sequencing
SRR33768433	SRX28991043	SRS22397413	SRP444583	PRJNA962904	Escherichia coli		PACBIO_SMRT	Sequel II	544489106.0	28295.0	WGS	GENOMIC	SINGLE	PacBio sequencing of A227004HE1 for ARCH 2
SRR31520163	SRX26887705	SRS23368091	SRP547791	PRJNA1185266	Limosilactobacillus reuteri	1663	PACBIO_SMRT	Sequel II	205674063.0	31843.0	WGS	GENOMIC	SINGLE	Sequencing of Limosilactobacillus reuteri: infant gut
SRR35787239	SRX30836530	SRS24114682	SRP564778	PRJNA1225312	Salmonella enterica	Enteritidis	PACBIO_SMRT	Revio	6788755187.0	999952.0	WGS	GENOMIC	SINGLE	Whole-genome sequencing of Salmonella Enteritidis
SRR16954706	SRX13146302	SRS11078735	SRP346308	PRJNA780771	Streptomyces coelicolor A3(2)	M145	PACBIO_SMRT	Sequel	485636736.0	140613.0	WGS	GENOMIC	SINGLE	WGS of S. coelicolor: T25 M5
SRR9176600	SRX5949264	SRS4860286	SRP040661	PRJNA231221	Staphylococcus cohnii	FDAARGOS_744	PACBIO_SMRT	PacBio RS	1446934018.0	163482.0	WGS	GENOMIC	SINGLE	
ERR6536218	ERX6163041	ERS3927651	ERP023216	PRJEB20997	Salmonella enterica		PACBIO_SMRT	Sequel II	1204907904.0	284282.0	WGS	GENOMIC	SINGLE	Sequel II sequencing
SRR36579289	SRX31592375	SRS4273315	SRP071789	PRJNA315192	Escherichia coli	671948	OXFORD_NANOPORE	MinION	1528572253.0	350849.0	WGS	GENOMIC	SINGLE	Routine surveillance of E. coli and Shigella
SRR353481	SRX101297	SRS259611	SRP000285	PRJNA68153	Escherichia coli O104:H4 str. C227-11	C227-11	PACBIO_SMRT	PacBio RS	44779441.0	81741.0	WGS	GENOMIC	SINGLE	Genome Sequencing and Assembly of E. coli O104:H4 strains
ERR9030433	ERX8573843	ERS10792247	ERP133548	PRJEB49093	Mycobacterium tuberculosis	Lineage 3.1.1	OXFORD_NANOPORE	MinION	661730000.0	1512781.0	WGS	GENOMIC	SINGLE	MinION sequencing; Raw reads: mada_121-nanopore
SRR8072908	SRX4900881	SRS3947379	SRP040661	PRJNA231221	Arachnia propionica	FDAARGOS_578	PACBIO_SMRT	PacBio RS	2364787139.0	163482.0	WGS	GENOMIC	SINGLE	
SRR5454003	SRX2742167	SRS2128766	SRP040661	PRJNA231221	Helicobacter pylori	FDAARGOS_299	PACBIO_SMRT	PacBio RS	2742514533.0	163482.0	WGS	GENOMIC	SINGLE	
ERR12742693	ERX12116618	ERS18422153	ERP158495	PRJEB73759	Mycobacterium tuberculosis	P042-N1430	PACBIO_SMRT	Sequel II	128230049.0	18475.0	WGS	GENOMIC	SINGLE	Sequel II sequencing
SRR32164052	SRX27509565	SRS23928391	SRP560556	PRJNA1147241	Variovorax sp. Varisp27	CT11-27	OXFORD_NANOPORE	MinION	108431096.0	28456.0	WGS	GENOMIC	SINGLE	wheat associated bacteria:Variovorax sp.
SRR6278372	SRX3381007	SRS1256864	SRP068736	PRJNA292901	Escherichia coli	AR_0019	PACBIO_SMRT	PacBio RS II	414654479.0	163482.0	WGS	GENOMIC	SINGLE	PacBio SMRT Sequencing of Escherichia coli FDA-CDC-AR_0019 Genomic Library
SRR33123761	SRX28387266	SRS24711194	SRP578427	PRJNA1244367	Bacillus cereus ATCC 14579	ATCC 14579	OXFORD_NANOPORE	GridION	321623877.0	96320.0	WGS	GENOMIC	SINGLE	WGS of Bacillus cereus Strain ATCC14667
SRR25467220	SRX21199705	SRS18458353	SRP452337	PRJNA1000618	Escherichia coli	Escherichia coli BL21(DE3)	OXFORD_NANOPORE	MinION	8268242.0	4000.0	WGS	GENOMIC	SINGLE	CASTVK transposition with different condition
SRR17231461	SRX13410569	SRS2742048	SRP126325	PRJNA421446	Mycobacterium tuberculosis	AZE-02-042_7282	PACBIO_SMRT	Sequel II	449411614.0	92536.0	WGS	GENOMIC	SINGLE	AZE_02_042
SRR30949703	SRX26352385	SRS22817088	SRP536567	PRJNA1165464	Escherichia coli	Not applicable	OXFORD_NANOPORE	MinION	645785747.0	76714.0	WGS	GENOMIC	SINGLE	Nanopore sequencing of E.coli: blood isolate
SRR32405436	SRX27735837	SRS9085219	SRP390960	PRJNA857526	Escherichia coli	AUSMDU00015264	OXFORD_NANOPORE	PromethION	991115144.0	213601.0	WGS	GENOMIC	SINGLE	Whole genome sequencing of Escherichia/Shigella sp as part of MDU-PHL surveillance activities in Victoria, Australia Raw sequence reads
ERR10474467	ERX9994810	ERS4418161	ERP120876	PRJEB37551	Escherichia coli		OXFORD_NANOPORE	MinION	1645068692.0	524529.0	WGS	GENOMIC	SINGLE	MinION sequencing
SRR19820609	SRX15864312	SRS13526166	SRP361569	PRJNA768416	Bacillus sp. FSL M8-0256	FSL M8-0256	OXFORD_NANOPORE	MinION	356357779.0	153438.0	WGS	GENOMIC	SINGLE	WGS of Bacilli
SRR26752397	SRX22451073	SRS19465119	SRP471000	PRJNA1036818	Qipengyuania sp. R86523	R86523	OXFORD_NANOPORE	MinION	362356490.0	58950.0	WGS	GENOMIC	SINGLE	WGS of Qipengyuania sp.
SRR18070713	SRX14222411	SRS12043869	SRP360508	PRJNA774806	Burkholderia contaminans	LMG 23361	OXFORD_NANOPORE	MinION	484595759.0	92367.0	WGS	GENOMIC	SINGLE	nanopore sequencing of B. contaminans isolate
SRR32556702	SRX27866700	SRS21545380	SRP512379	PRJNA1121190	Vibrio cholerae	117Vc10	OXFORD_NANOPORE	PromethION	252250341.0	62848.0	WGS	GENOMIC	SINGLE	WGS of Vcholerae isolates
SRR14108842	SRX10479540	SRS8607975	SRP312756	PRJNA689092	Xanthomonas campestris pv. incanae	5057	PACBIO_SMRT	Sequel II	1936603634.0	284538.0	WGS	GENOMIC	SINGLE	Xc isolated from weeds and crops
SRR8608851	SRX5408290	SRS4392351	SRP186593	PRJNA523610	Yersinia pestis	A1122	OXFORD_NANOPORE	MinION	566446114.0	97520.0	WGS	GENOMIC	SINGLE	Salt Precipitation Lucigen A1122
SRR13575388	SRX9973474	SRS8145954	SRP303741	PRJNA695586	Streptococcus pyogenes	M4C20	OXFORD_NANOPORE	MinION	3039144.0	4000.0	WGS	GENOMIC	SINGLE	Whole genome sequence of Streptococcus pyogenes strain M4C20
SRR27755678	SRX23420774	SRS20275771	SRP151512	PRJNA478278	Salmonella enterica	R16.5225	OXFORD_NANOPORE	MinION	827949122.0	287402.0	WGS	GENOMIC	SINGLE	WGS of Salmonella enterica
SRR33768769	SRX28991309	SRS22397432	SRP444583	PRJNA962904	Klebsiella pneumoniae		PACBIO_SMRT	Sequel II	159699152.0	8322.0	WGS	GENOMIC	SINGLE	PacBio sequencing of AH0052HE1 for ARCH 2
ERR4265225	ERX4219886	ERS4689149	ERP121707	PRJEB38296	Bacillus subtilis subsp. subtilis str. 168	168	OXFORD_NANOPORE	MinION	914405615.0	251739.0	WGS	GENOMIC	SINGLE	MinION sequencing
ERR2237808	ERX2289975	ERS1869807	ERP005928	PRJEB6403	Mycoplasmopsis maculosa	NCTC10168	PACBIO_SMRT	PacBio RS	1902628133.0	163482.0	WGS	GENOMIC	SINGLE	PacBio RS sequencing
SRR32164165	SRX27509452	SRS23928324	SRP560556	PRJNA1147241	Roseateles sp. Mitsp63	CT11-63	OXFORD_NANOPORE	MinION	943930714.0	268512.0	WGS	GENOMIC	SINGLE	wheat associated bacteria:Mitsuaria sp.
SRR33053940	SRX28318978	SRS24657731	SRP577606	PRJNA1248674	Escherichia coli	ESBLEC164	OXFORD_NANOPORE	GridION	694630247.0	176209.0	WGS	GENOMIC	SINGLE	WGS of Escherichia coli
ERR10420106	ERX9948579	ERS6795117	ERP109413	PRJEB27342	Klebsiella pneumoniae		PACBIO_SMRT	Sequel II	10656714478.0	1471942.0	WGS	GENOMIC	SINGLE	Sequel II sequencing
ERR11897011	ERX11281298	ERS16296402	ERP135420	PRJEB50816	Salmonella enterica subsp. enterica serovar Typhimurium		PACBIO_SMRT	PacBio RS II			WGS	GENOMIC	SINGLE	PacBio RS II sequencing
SRR34105450	SRX29292731	SRS25468199	SRP593824	PRJNA1280879	Xanthomonas vasicola pv. musacearum	NCPPB 2005	OXFORD_NANOPORE	PromethION	1976789140.0	141695.0	WGS	GENOMIC	SINGLE	Long-read genome sequencing of Xvm NCPPB 2005
SRR28740704	SRX24306663	SRS21069437	SRP502714	PRJNA1090129	Staphylococcus aureus	sa220913_barcode16	OXFORD_NANOPORE	MinION	142890269.0	94563.0	WGS	GENOMIC	SINGLE	Staphylococcus aureus strain sa220913_barcode16
ERR1820611	ERX1883113	ERS1324146	ERP005928	PRJEB6403	Mycoplasmopsis cynos	NCTC10142	PACBIO_SMRT	PacBio RS	1004943626.0	163482.0	WGS	GENOMIC	SINGLE	PacBio RS sequencing
SRR21630008	SRX17630687	SRS14987122	SRP354045	PRJNA747871	Streptomyces sp. NBC_00287	NBC_00287	OXFORD_NANOPORE	MinION	2076549864.0	257390.0	WGS	GENOMIC	SINGLE	nanopore sequencing data from strain NBC_00287
ERR11030092	ERX10466026	ERS14796093	ERP145810	PRJEB60752	Escherichia coli		OXFORD_NANOPORE	MinION	346516944.0	70188.0	WGS	GENOMIC	SINGLE	Raw reads: N16-02097_[Oxford_Nanopore]
SRR3955792	SRX1979962	SRS420856	SRP022698	PRJNA201946	Klebsiella pneumoniae MGH 31	MGH 31	PACBIO_SMRT	PacBio RS II	658038739.0	163482.0	WGS	GENOMIC	PAIRED	
SRR4176946	SRX2141544	SRS1673311	SRP086901	PRJNA303871	Pseudomonas trivialis	LMG 21464	PACBIO_SMRT	PacBio RS	463291829.0	173761.0	WGS	GENOMIC	SINGLE	Pseudomonas trivialis BS3111
SRR27678777	SRX23345972	SRS20207210	SRP485167	PRJNA960711	Bacillus bombysepticus	ACCC01970	OXFORD_NANOPORE	MinION	67003424.0	17946.0	WGS	GENOMIC	SINGLE	WGS of Bacillus bombysepticus: strain ACCC01970
SRR19843300	SRX15887088	SRS12114921	SRP361569	PRJNA768416	Paenibacillus sp. FSL K6-1217		OXFORD_NANOPORE	MinION	1275464231.0	372923.0	WGS	GENOMIC	SINGLE	WGS of Bacilli
SRR34973801	SRX30093042	SRS26157497	SRP608514	PRJNA1305037	Klebsiella pneumoniae	MI_KPC_475	OXFORD_NANOPORE	PromethION	500006820.0	26775.0	WGS	GENOMIC	SINGLE	KPC CRE collection from state of Michigan
DRR161257	DRX151882	DRS115440	DRP005652	PRJDB7717	Mycolicibacter terrae	JCM 12143	OXFORD_NANOPORE	MinION	1086049833.0	182216.0	WGS	GENOMIC	SINGLE	MinION single end sequencing of SAMD00153172
SRR11213103	SRX7825930	SRS6237089	SRP251217	PRJNA609591	Shouchella clausii	SNZ 1971	PACBIO_SMRT	PacBio RS II	1114994977.0	360035.0	WGS	GENOMIC	SINGLE	WGS-Bacillus clausii SNZ 1971
SRR35178720	SRX30283628	SRS26332686	SRP614097	PRJNA1293422	Proteus mirabilis	HUP06	OXFORD_NANOPORE	PromethION	2162335513.0	790770.0	WGS	GENOMIC	SINGLE	Whole-genome sequencing of Proteus mirabilis
SRR31598790	SRX26963696	SRS23433410	SRP549287	PRJNA1185485	Escherichia coli	471	OXFORD_NANOPORE	PromethION	845776765.0	132457.0	WGS	GENOMIC	SINGLE	R4R-barcode17
ERR14761357	ERX14165338	ERS23835448	ERP170481	PRJEB87256	Bacillus licheniformis		OXFORD_NANOPORE	GridION	16488615326.0	1309637.0	WGS	GENOMIC	SINGLE	GridION sequencing
SRR1955872	SRX981402	SRS896166	SRP040661	PRJNA231221	Staphylococcus aureus	FDAARGOS_42	PACBIO_SMRT	PacBio RS	644287508.0	163482.0	WGS	GENOMIC	SINGLE	
SRR9849568	SRX6604145	SRS5169125	SRP216572	PRJNA556977	Bordetella pertussis	NZ20	OXFORD_NANOPORE	MinION	1212821593.0	188876.0	WGS	GENOMIC	SINGLE	ONT sequencing of Bordetella pertussis NZ20
SRR36920035	SRX31886498	SRS27841341	SRP665298	PRJNA1403646	Veillonella hominis	not applicable	OXFORD_NANOPORE	MinION	45321852.0	57203.0	WGS	GENOMIC	SINGLE	Long Reads for The Genomic Landscape of Head and Neck Cancer-associated Streptococci
SRR1177096	SRX476280	SRS561981	SRP038985	PRJNA212466	Anaplasma phagocytophilum str. HGE2		PACBIO_SMRT	PacBio RS	754590693.0	163482.0	WGS	GENOMIC	SINGLE	
DRR667159	DRX647261	DRS454575	DRP012833	PRJDB20538	Escherichia coli		OXFORD_NANOPORE	MinION	869653425.0	191807.0	WGS	GENOMIC	SINGLE	MinION sequencing of SAMD00899022
SRR873405	SRX290652	SRS431806	SRP023536	PRJNA178410	Bordetella holmesii ATCC 51541	ATCC 51541	PACBIO_SMRT	PacBio RS	419044358.0	81741.0	WGS	GENOMIC	SINGLE	
SRR15140914	SRX11448571	SRS9488523	SRP295672	PRJNA681856	Salmonella enterica subsp. arizonae	LHICA_AZ23	OXFORD_NANOPORE	MinION	28559047.0	4000.0	WGS	GENOMIC	SINGLE	Salmonella AZ23
ERR15817754	ERX15217711	ERS27174713	ERP183576	PRJEB102175	Klebsiella pneumoniae		OXFORD_NANOPORE	MinION	398107614.0	41154.0	WGS	GENOMIC	SINGLE	MinION sequencing
SRR5165594	SRX2482553	SRS1913875	SRP096437	PRJNA323216	Kosakonia oryzae	D4	PACBIO_SMRT	PacBio RS	828365374.0	218875.0	WGS	GENOMIC	SINGLE	Kosakonia oryzae D4
ERR16064459	ERX15454641	ERS28397594	ERP173262	PRJEB90249	Enterococcus faecium		OXFORD_NANOPORE	GridION	856489726.0	259634.0	WGS	GENOMIC	SINGLE	GridION sequencing
ERR8050514	ERX7617231	ERS9970816	ERP130357	PRJEB46151	Salmonella enterica	SRR8661063	OXFORD_NANOPORE	MinION	2409857951.0	271256.0	WGS	GENOMIC	SINGLE	MinION sequencing; Raw reads: ONT-sequencing-SRR8661063
SRR14628220	SRX10968953	SRS9046494	SRP321015	PRJNA731114	Pseudomonas aeruginosa	PaLo515	OXFORD_NANOPORE	MinION	278399777.0	84721.0	WGS	GENOMIC	SINGLE	Nanopore sequencing of Pseudomonas aeruginosa isolates
ERR8007756	ERX7573425	ERS9899410	ERP131998	PRJEB47698	Acinetobacter baumannii		OXFORD_NANOPORE	MinION	200724545.0	35419.0	WGS	GENOMIC	SINGLE	MinION sequencing
SRR16525247	SRX12727867	SRS10676801	SRP342584	PRJNA768992	Salmonella enterica subsp. enterica serovar Heidelberg	SA02DT10168701	OXFORD_NANOPORE	MinION	455961595.0	89698.0	WGS	GENOMIC	SINGLE	Evaluation of commercial DNA extraction kits for implementation of rapid Nanopore
SRR29816463	SRX25315628	SRS16968680	SRP426074	PRJNA941188	Bacillus paralicheniformis	PRO109	OXFORD_NANOPORE	GridION	423548293.0	64265.0	WGS	GENOMIC	SINGLE	WGS of Bacillus paralicheniformis: cell culture
SRR12541362	SRX9030961	SRS7282241	SRP279235	PRJNA660033	Klebsiella pneumoniae	CGHM01	OXFORD_NANOPORE	MinION	535061447.0	202073.0	WGS	GENOMIC	SINGLE	WGS of clinical isolate of K. pneumoniae
SRR1950594	SRX976844	SRS891913	SRP056811	PRJNA276289	Bacillus pumilus	SH-B9	PACBIO_SMRT	PacBio RS II	2421323716.0	490446.0	WGS	GENOMIC	SINGLE	Bacillus pumilus SH-B9
SRR12795588	SRX9264656	SRS7494103	SRP286750	PRJNA668065	Ralstonia solanacearum	362200	PACBIO_SMRT	PacBio RS II	347244040.0	40526.0	WGS	GENOMIC	SINGLE	pacbio WGS of  Rs-P.362200
DRR500228	DRX484371	DRS344441	DRP010851	PRJDB16564	Pectobacterium araliae	MAFF 302110	PACBIO_SMRT	Sequel II	249402061.0	30319.0	WGS	GENOMIC	SINGLE	Sequel II sequencing of SAMD00641580
ERR2528539	ERX2547420	ERS819825	ERP107864	PRJEB25896	Staphylococcus aureus		PACBIO_SMRT	PacBio RS	538894178.0	163482.0	WGS	GENOMIC	SINGLE	PacBio RS sequencing
SRR13328073	SRX9755139	SRS7944849	SRP299781	PRJNA684363	Bacillus sp. TH53	TH53	OXFORD_NANOPORE	MinION	1435233249.0	555415.0	WGS	GENOMIC	SINGLE	WGS of Bacillus sp. : bacterial isolate
ERR15284500	ERX14690334	ERS710832	ERP176771	PRJEB93892	Klebsiella pneumoniae	INF119	OXFORD_NANOPORE	MinION	279538543.0	33153.0	WGS	GENOMIC	SINGLE	MinION sequencing
SRR24837714	SRX20602083	SRS17902046	SRP441366	PRJNA980462	Escherichia coli	Ch1	OXFORD_NANOPORE	MinION	831177485.0	83046.0	WGS	GENOMIC	SINGLE	Whole-genome sequencing of the E. coli Ch1 strain using MinION
SRR5182171	SRX2498278	SRS1925131	SRP096895	PRJNA353873	Mycobacterium tuberculosis		PACBIO_SMRT	PacBio RS	100800901.0	163482.0	WGS	GENOMIC	SINGLE	DNA of Mtb
SRR901683	SRX306470	SRS445421	SRP026062	PRJNA203577	Mycobacterium sp. MAC_080597_8934	MAC_080597_8934	PACBIO_SMRT	PacBio RS	305912668.0	81741.0	WGS	GENOMIC	SINGLE	
SRR32398787	SRX27730898	SRS3410034	SRP150360	PRJNA475751	Clostridioides difficile	CD07750	OXFORD_NANOPORE	MinION	44513382.0	13791.0	WGS	GENOMIC	SINGLE	WGS sequencing of C. difficile
SRR21131486	SRX17143844	SRS14716488	SRP392938	PRJNA672949	Xylella fastidiosa subsp. multiplex	M12	OXFORD_NANOPORE	MinION			WGS	GENOMIC	SINGLE	Oxford Nanopore native genomic DNA of Xylella fastidiosa strain M12
SRR32991830	SRX28258115	SRS24604778	SRP550997	PRJNA1187877	Lactiplantibacillus plantarum	Lactiplantibacillus plantarum #30	OXFORD_NANOPORE	GridION	1503842807.0	241396.0	WGS	GENOMIC	SINGLE	Lactiplantibacillus plantarum_#30
SRR387199	SRX109940	SRS281279	SRP001087	PRJNA40075	Escherichia coli str. K-12 substr. MG1655	K-12	PACBIO_SMRT	PacBio RS	32323081.0	60667.0	WGS	GENOMIC	SINGLE	Whole Genome Sequencing and Assembly
ERR13600713	ERX12971736	ERS15600412	ERP132614	PRJEB48268	Klebsiella pneumoniae		OXFORD_NANOPORE	GridION	258329903.0	14062.0	WGS	GENOMIC	SINGLE	GridION sequencing
DRR424364	DRX409570	DRS205721	DRP007744	PRJDB12343	Escherichia coli	MyNCGM296	OXFORD_NANOPORE	MinION	270174276.0	20885.0	WGS	GENOMIC	SINGLE	MinION sequencing of SAMD00406293
ERR581074	ERX539161	ERS437399	ERP005355	PRJEB5919	Salmonella enterica subsp. enterica serovar Typhi		PACBIO_SMRT	PacBio RS	740799985.0	163482.0	WGS	GENOMIC	SINGLE	PacBio RS sequencing
ERR10499462	ERX10016748	ERS14256941			Escherichia coli		OXFORD_NANOPORE	GridION	370855535.0	34458.0	WGS	GENOMIC	SINGLE	GridION sequencing; Raw reads: ONT_30224_1#55
SRR27179993	SRX22860483	SRS19835777	SRP477403	PRJNA1049513	Vibrio sp. PBL-C16	PBL-C16	OXFORD_NANOPORE	MinION	11742.0	7.0	WGS	GENOMIC	SINGLE	Vibrio sp. PBL-C16 Genome sequencing and assembly
SRR13893508	SRX10273506	SRS8406524	SRP309815	PRJNA686978	Escherichia coli	not collected	OXFORD_NANOPORE	MinION	5457350187.0	728132.0	WGS	GENOMIC	SINGLE	nanopore sequencing of e coli: clinical isolate
DRR671351	DRX651453	DRS468637	DRP013141	PRJDB19310	Cyclobacterium amurskyense		PACBIO_SMRT	PacBio RS II	755672241.0	81194.0	WGS	GENOMIC	SINGLE	PacBio RS II sinlge-end Sequencing of KAS22021954 (KAE22235330)
SRR31486896	SRX26855055	SRS12168434	SRP074197	PRJNA288601	Klebsiella pneumoniae	2021HL-01045	OXFORD_NANOPORE	MinION	1144048872.0	134061.0	WGS	GENOMIC	SINGLE	Long read sequencing of carbapenemase producing organisms
DRR466490	DRX450726	DRS305742	DRP010041	PRJDB15848	Escherichia coli	EC27	OXFORD_NANOPORE	MinION	2940144162.0	455288.0	WGS	GENOMIC	SINGLE	MinION sequencing of SAMD00607290
SRR24140384	SRX19938693	SRS17287402	SRP247747	PRJNA604975	Escherichia coli	ox_bsi_345	OXFORD_NANOPORE	GridION	170058869.0	27518.0	WGS	GENOMIC	SINGLE	oxford_bsi
SRR21696437	SRX17693828	SRS11554533	SRP354045	PRJNA747871	Streptomyces sp. NBC_01278	NBC_01278	OXFORD_NANOPORE	MinION	529556234.0	92052.0	WGS	GENOMIC	SINGLE	nanopore sequencing data from strain NBC_01278
SRR5160944	SRX2479155	SRS1910217	SRP095178	PRJNA357595	Serratia marcescens	UMH6	PACBIO_SMRT	PacBio RS II	1063947807.0	163482.0	WGS	GENOMIC	SINGLE	Insertion site sequencing (InSeq) of Serratia marcescens during bacteremia
ERR3523463	ERX3542722	ERS2668270	ERP019480	PRJEB17615	Escherichia coli		PACBIO_SMRT	Sequel	1090934305.0	441434.0	WGS	GENOMIC	SINGLE	Sequel sequencing
SRR21630111	SRX17630903	SRS14987336	SRP354045	PRJNA747871	Streptomyces sp. NBC_00366	NBC_00366	OXFORD_NANOPORE	MinION	309611948.0	76300.0	WGS	GENOMIC	SINGLE	nanopore sequencing data from strain NBC_00366
SRR12825871	SRX9293509	SRS7483534	SRP186652	PRJNA325248	Pseudomonas sp. OST1909	OST1909	OXFORD_NANOPORE	MinION	1234993027.0	362967.0	WGS	GENOMIC	SINGLE	MinION sequencing of Pseudomonas sp. 1909-1
SRR24487957	SRX20273474	SRS17601212	SRP436503	PRJNA970313	Escherichia coli		OXFORD_NANOPORE	MinION	828991679.0	25634.0	WGS	GENOMIC	SINGLE	6.5k SB 1
SRR2062004	SRX1053794	SRS956683	SRP059248	PRJNA286129	Xanthomonas oryzae pv. oryzae	PXO99A	PACBIO_SMRT	PacBio RS	120903490.0	81741.0	WGS	GENOMIC	SINGLE	PacBio Sequencing of PXO99A-L-13
ERR3426145	ERX3449582	ERS3568298	ERP009963	PRJEB8920	Flavobacterium anhuiense		PACBIO_SMRT	PacBio RS II	3879159662.0	739230.0	WGS	GENOMIC	SINGLE	PacBio RS II sequencing
SRR23913868	SRX19725342	SRS14393255	SRP389280	PRJNA863437	Staphylococcus saprophyticus	10	OXFORD_NANOPORE	GridION	169008905.0	12510.0	WGS	GENOMIC	SINGLE	Isolate 10
SRR35984698	SRX31033988	SRS27023976	SRP643329	PRJNA1339423	Bradyrhizobium diazoefficiens	USDA 455	PACBIO_SMRT	Sequel IIe	1009706766.0	109576.0	WGS	GENOMIC	SINGLE	Bradyrhizobium japonicum USDA 455
SRR19409820	SRX15464379	SRS13183407	SRP377107	PRJNA842421	Bacillus spizizenii	kcgeb_sc	OXFORD_NANOPORE	MinION	4117493991.0	1402766.0	WGS	GENOMIC	SINGLE	MinION based WGS data
SRR29779001	SRX25278879	SRS21698255	SRP418402	PRJNA925803	Streptococcus dysgalactiae subsp. equisimilis	MGCS35850	OXFORD_NANOPORE	GridION	176201235.0	64762.0	WGS	GENOMIC	SINGLE	WGS of Streptococcus dysgalactiae subsp. equisimilis
ERR14740006	ERX14141378	ERS23811919	ERP170065	PRJEB86767	Enterobacter hormaechei		OXFORD_NANOPORE	MinION	702399432.0	173473.0	WGS	GENOMIC	SINGLE	EXP-27-1-2025-03-14_10-52-10
ERR10676305	ERX10144069	ERS14333404	ERP143248	PRJEB58185	Campylobacter coli		OXFORD_NANOPORE	MinION	165817890.0	275445.0	WGS	GENOMIC	PAIRED	MinION paired end sequencing
SRR27379206	SRX23055846	SRS20015628	SRP480616	PRJNA1055176	Escherichia coli	Not available	OXFORD_NANOPORE	MinION	2215128704.0	372075.0	WGS	GENOMIC	SINGLE	Whole genome sequence of E. coli
SRR9668098	SRX6428676	SRS5083913	SRP040661	PRJNA231221	Achromobacter xylosoxidans	FDAARGOS_789	PACBIO_SMRT	PacBio RS	608040231.0	163482.0	WGS	GENOMIC	SINGLE	
ERR15602641	ERX15005865	ERS26882909	ERP180185	PRJEB97707	Escherichia coli		OXFORD_NANOPORE	MinION	520776932.0	73458.0	WGS	GENOMIC	SINGLE	MinION sequencing
SRR28445773	SRX24049128	SRS20840578	SRP497734	PRJNA1077798	Alteromonas gracilis	J4	OXFORD_NANOPORE	MinION	2544077.0	1000.0	WGS	GENOMIC	SINGLE	Alteromonas gracilis strain J4, whole genome Nanopore Sequencing
SRR15076166	SRX11386195	SRS9430862	SRP040661	PRJNA231221	Lelliottia amnigena	FDAARGOS 1444	PACBIO_SMRT	Sequel II	7077151288.0	649056.0	WGS	GENOMIC	SINGLE	
SRR25793461	SRX21515648	SRS1927416	SRP457515	PRJNA1010762	Bacillus cereus	FSL W7-1101	OXFORD_NANOPORE	MinION	1005211087.0	327915.0	WGS	GENOMIC	SINGLE	whole-genome sequencing of Bacillus cereus
SRR30293622	SRX25754239	SRS20715775	SRP447847	PRJNA991976	Xanthomonas hortorum pv. pelargonii	WHRI 5635	OXFORD_NANOPORE	PromethION	1302288730.0	214012.0	WGS	GENOMIC	SINGLE	ONT genome sequencing of WHRI 5635
ERR16064572	ERX15454754	ERS28397707	ERP173262	PRJEB90249	Pseudomonas aeruginosa		OXFORD_NANOPORE	GridION	281520176.0	36709.0	WGS	GENOMIC	SINGLE	GridION sequencing
ERR13326579	ERX12697607	ERS20295523	ERP161282	PRJEB76791	Salmonella enterica subsp. enterica serovar Agona		OXFORD_NANOPORE	MinION	619537383.0	98536.0	WGS	GENOMIC	SINGLE	MinION sequencing
SRR35049687	SRX30164057	SRS26224579	SRP212399	PRJNA548188	Borreliella burgdorferi	MR616	PACBIO_SMRT	PacBio RS II	2010606204.0	163482.0	WGS	GENOMIC	SINGLE	"=""Genome sequencing of Borreliella burgdorferi: ""&B13"
SRR25467082	SRX21199842	SRS18458353	SRP452337	PRJNA1000618	Escherichia coli	Escherichia coli BL21(DE3)	OXFORD_NANOPORE	MinION	7047273.0	4000.0	WGS	GENOMIC	SINGLE	CASTVK transposition with different condition
DRR307139	DRX296573	DRS194101	DRP007467	PRJDB11902	Lachnospiraceae bacterium	CE91-St58	PACBIO_SMRT	Sequel	230384336.0	18415.0	WGS	GENOMIC	SINGLE	Sequel sequencing of SAMD00389885
ERR3700241	ERX3689781	ERS2668274	ERP019480	PRJEB17615	Pseudomonas aeruginosa		PACBIO_SMRT	Sequel	4647068596.0	1030042.0	WGS	GENOMIC	SINGLE	Sequel sequencing
SRR3756815	SRX1905904	SRS1546711	SRP078100	PRJNA223149	Butyrivibrio sp. FCS014	FCS014	PACBIO_SMRT	PacBio RS	318057039.0	117344.0	WGS	GENOMIC	SINGLE	Butyrivibrio sp. FCS014
SRR21416132	SRX17420356	SRS13525958	SRP361569	PRJNA768416	Bacillus sp. FSL L8-0199	FSL L8-0199	OXFORD_NANOPORE	MinION	644378113.0	136884.0	WGS	GENOMIC	SINGLE	WGS of Bacilli
SRR3723476	SRX1881037	SRS1527761	SRP077349	PRJNA218041	Exiguobacterium chiriqhucha	GIC31	PACBIO_SMRT	PacBio RS	257629173.0	89424.0	WGS	GENOMIC	SINGLE	Exiguobacterium sp. GIC31
SRR33123814	SRX28387213	SRS24711139	SRP578427	PRJNA1244367	Bacillus cereus ATCC 14579	ATCC 14579	OXFORD_NANOPORE	GridION	1178667323.0	180636.0	WGS	GENOMIC	SINGLE	WGS of Bacillus cereus Strain ATCC14615
ERR12448903	ERX11825334	ERS17728788	ERP156572	PRJEB71788	Listeria monocytogenes		OXFORD_NANOPORE	GridION	244663668.0	20250.0	WGS	GENOMIC	SINGLE	Raw reads: ListPred_OLM51
ERR968277	ERX1045255	ERS715408	ERP005928	PRJEB6403	Mannheimia haemolytica	NCTC10609	PACBIO_SMRT	PacBio RS	339032300.0	163482.0	WGS	GENOMIC	SINGLE	PacBio RS sequencing
SRR12805619	SRX9274459	SRS7503155	SRP286955	PRJNA668428	Haemophilus parainfluenzae	M1C146_1	OXFORD_NANOPORE	MinION	2194356437.0	802012.0	WGS	GENOMIC	SINGLE	WGS of H. parainfluenzae: respiratory tract (cystic fibrosis)
ERR15094544	ERX14499142	ERS24813720	ERP119900	PRJEB36683	Klebsiella pneumoniae 11227-1		OXFORD_NANOPORE	PromethION	1124533005.0	408487.0	WGS	GENOMIC	SINGLE	Raw reads: RKPB186_L
SRR31672715	SRX27035176	SRS23498541	SRP550670	PRJNA1190473	Wolbachia endosymbiont of Rhagoletis indifferens	wCin2-PNW1	OXFORD_NANOPORE	MinION	60715811.0	8854.0	WGS	GENOMIC	SINGLE	Nanopore sequencing of Wolbachia endosymbiont of Rhagoletis indifferens wCin2-PNW1: Wolbachia reads
ERR10498104	ERX10015393	ERS14254422	ERP142629	PRJEB57633	Escherichia coli		OXFORD_NANOPORE	GridION	148803604.0	21898.0	WGS	GENOMIC	SINGLE	Raw reads: ONT_30348_2#176
SRR28416683	SRX24021061	SRS20815507	SRP497143	PRJNA1067993	Microaceticoccus formicicus	AMB_02	OXFORD_NANOPORE	MinION	17975.0	6.0	WGS	GENOMIC	SINGLE	Raw Nanopore sequences for barcode 04 AMB_Tp6
SRR22890790	SRX18848708	SRS16280076	SRP414793	PRJNA871981	plant metagenome		PACBIO_SMRT	Sequel	21251720.0	13904.0	WGS	GENOMIC	SINGLE	Microbial diversity of alfalfa
SRR18938452	SRX15015914	SRS12763940	SRP372505	PRJNA832302	Fenollaria massiliensis	C0061C2	PACBIO_SMRT	Sequel II	37206146697.0	2951446.0	WGS	GENOMIC	SINGLE	PacBio Sequel II reads from WGS
SRR15412411	SRX11714572	SRS9745027	SRP332007	PRJNA753630	Riemerella anatipestifer	RCAD0997	PACBIO_SMRT	Sequel II	2695130033.0	209169.0	WGS	GENOMIC	SINGLE	PacBio sequence of Riemerella anatipestifer RCAD0997
SRR10520595	SRX7205373	SRS5709779	SRP231881	PRJNA556438	Neisseria meningitidis	AUSMDU00010537	PACBIO_SMRT	PacBio RS II	4015600067.0	163482.0	WGS	GENOMIC	SINGLE	WGS of AUSMDU00010537: PacBio
SRR35737848	SRX30787067	SRS26801253	SRP630567	PRJNA1337272	Salmonella enterica subsp. enterica serovar Mbandaka	not applicable	OXFORD_NANOPORE	GridION	615330050.0	153733.0	WGS	GENOMIC	SINGLE	Nanopore whole genome sequencing of Salmonella enterica subspecies enterica isolate 1934819-1
SRR9663399	SRX6424272	SRS5080829	SRP213991	PRJNA536287	Cellulomonas sp. GX59	SLBN-39	PACBIO_SMRT	Sequel	519291179.0	125508.0	WGS	GENOMIC	SINGLE	Cellulomonas sp. SLBN-39
DRR530118	DRX513991	DRS347675	DRP010947	PRJDB14951	Enterococcus faecium	JARB-OU2461	OXFORD_NANOPORE	GridION	345893879.0	25906.0	WGS	GENOMIC	SINGLE	GridION sequencing of SAMD00565630
SRR18729777	SRX14829952	SRS12585896	SRP369762	PRJNA825705	Klebsiella pneumoniae	ST-258	OXFORD_NANOPORE	MinION	163803775.0	22103.0	WGS	GENOMIC	SINGLE	ONT sequencing of Klebsiella pneumoniae: sample KLPN-26
SRR26992878	SRX22685886	SRS19679234	SRP475049	PRJNA1046639	Staphylococcus aureus	sa230726barcode32	OXFORD_NANOPORE	MinION	131107072.0	21309.0	WGS	GENOMIC	SINGLE	Staphylococcus aureus strain sa230726barcode32
SRR30949809	SRX26352279	SRS22817267	SRP536567	PRJNA1165464	Escherichia coli	Not applicable	OXFORD_NANOPORE	MinION	286029185.0	55872.0	WGS	GENOMIC	SINGLE	Nanopore sequencing of E.coli: blood isolate
ERR10163332	ERX9699917	ERS13423728	ERP140710	PRJEB55790	Apilactobacillus kunkeei	G0802	PACBIO_SMRT	Sequel	739631769.0	131136.0	WGS	GENOMIC	SINGLE	Sequel sequencing; Raw reads: G0802
SRR33346824	SRX28591047	SRS24859008	SRP581397	PRJNA1255661	Rhizobium sp. 16-544-2B	16-544-2B	OXFORD_NANOPORE	PromethION	247395657.0	38419.0	WGS	GENOMIC	SINGLE	WGS of Rhizobium 16-544-2B
SRR36580892	SRX31593872	SRS27570479	SRP657633	PRJNA1392171	Bradyrhizobium japonicum	RCAM24111	OXFORD_NANOPORE	MinION	396089596.0	116490.0	WGS	GENOMIC	SINGLE	24111
ERR10498735	ERX10016024	ERS14255883	ERP142629	PRJEB57633	Escherichia coli		OXFORD_NANOPORE	GridION	249041230.0	46569.0	WGS	GENOMIC	SINGLE	Raw reads: ONT_30602_1#300
SRR27180063	SRX22860413	SRS19835777	SRP477403	PRJNA1049513	Vibrio sp. PBL-C16	PBL-C16	OXFORD_NANOPORE	MinION	2512924.0	647.0	WGS	GENOMIC	SINGLE	Vibrio sp. PBL-C16 Genome sequencing and assembly
ERR10497634	ERX10014923	ERS14254523	ERP142629	PRJEB57633	Escherichia coli		OXFORD_NANOPORE	GridION	102229480.0	11970.0	WGS	GENOMIC	SINGLE	Raw reads: ONT_30134_6#209
SRR19820654	SRX15864267	SRS13526091	SRP361569	PRJNA768416	Bacillus sp. FSL K6-1012		OXFORD_NANOPORE	MinION	429893694.0	112583.0	WGS	GENOMIC	SINGLE	WGS of Bacilli
SRR6799385	SRX3758138	SRS3013406	SRP133836	PRJNA316321	Pseudomonas aeruginosa	AR_0358	PACBIO_SMRT	PacBio RS	734745428.0	163482.0	WGS	GENOMIC	SINGLE	
SRR21416007	SRX17420481	SRS13526129	SRP361569	PRJNA768416	Paenibacillus sp. FSL H8-0332		OXFORD_NANOPORE	MinION	389194986.0	101527.0	WGS	GENOMIC	SINGLE	WGS of Bacilli
SRR27201574	SRX22881430	SRS19853839	SRP477847	PRJNA1052100	Klebsiella pneumoniae	C29	OXFORD_NANOPORE	MinION	534677657.0	161742.0	WGS	GENOMIC	SINGLE	ONT R9.4.1 sequences of Klebsiella pneumoniae from clinical sources in Ghana
ERR13194351	ERX12565216	ERS20185863	ERP160059	PRJEB75483	Caulobacter sp. LjRoot299		OXFORD_NANOPORE	MinION	79071466.0	35085.0	WGS	GENOMIC	SINGLE	MinION sequencing
ERR10087052	ERX9627148	ERS6426000	ERP109413	PRJEB27342	Klebsiella terrigena		PACBIO_SMRT	Sequel II	8793842464.0	1380469.0	WGS	GENOMIC	SINGLE	Sequel II sequencing
ERR15941382	ERX15336927	ERS27416698	ERP185476	PRJEB104171	Escherichia coli		OXFORD_NANOPORE	MinION	238042809.0	52697.0	WGS	GENOMIC	SINGLE	MinION sequencing
DRR398018	DRX383785	DRS250762	DRP008859	PRJDB14132	Sediminibacterium planctonicum	TEGAF015	PACBIO_SMRT	Sequel II	421546248.0	30000.0	WGS	GENOMIC	SINGLE	Sequel II sequencing of SAMD00520030
SRR12160982	SRX8676489	SRS6955588	SRP270461	PRJNA644481	Xanthomonas citri pv. citri	T4	OXFORD_NANOPORE	MinION	1340617874.0	165964.0	WGS	GENOMIC	SINGLE	WGS Nanopore
SRR27446242	SRX23118087	SRS20072589	SRP482230	PRJNA1061752	Brucella abortus	Cam-1_ MGL	OXFORD_NANOPORE	MinION	6484999.0	3895.0	WGS	GENOMIC	SINGLE	Whole-genome sequencing (WGS) of Brucella abortus in camel
SRR23690851	SRX19553246	SRS16937998	SRP425383	PRJNA934404	Enterococcus faecalis	VSI19	OXFORD_NANOPORE	MinION	933494077.0	235725.0	WGS	GENOMIC	SINGLE	VSI19
SRR7091772	SRX4020667	SRS3241742	SRP144295	PRJNA442707	Rhodococcus globerulus	WS3306	PACBIO_SMRT	PacBio RS II	271061736.0	46910.0	WGS	GENOMIC	SINGLE	Rhodococcus globerulus WS3306
ERR11041220	ERX10488032	ERS14796209	ERP145810	PRJEB60752	Escherichia coli		OXFORD_NANOPORE	MinION	267741036.0	52129.0	WGS	GENOMIC	SINGLE	Raw reads: JPI26_S26_[Oxford_Nanopore]
ERR999929	ERX1078965	ERS747595	ERP005928	PRJEB6403	Escherichia coli	NCTC9034	PACBIO_SMRT	PacBio RS	2189860339.0	163482.0	WGS	GENOMIC	SINGLE	PacBio RS sequencing
ERR11806633	ERX11204993	ERS16226664	ERP119900	PRJEB36683	Klebsiella pneumoniae 11227-1		OXFORD_NANOPORE	MinION	155450626.0	59804.0	WGS	GENOMIC	SINGLE	MinION sequencing; Raw reads: plasmid_ERR3891008
SRR31834170	SRX27194494	SRS22821645	SRP074197	PRJNA288601	Enterobacter roggenkampii		OXFORD_NANOPORE	GridION	1075620312.0	156022.0	WGS	GENOMIC	SINGLE	Nanopore sequencing of ARLN isolate
DRR197060	DRX187477	DRS062175	DRP004189	PRJDB5929	Klebsiella pneumoniae	KP77	PACBIO_SMRT	PacBio RS II	574556315.0	65625.0	WGS	GENOMIC	SINGLE	PacBio RS II sequencing of SAMD00110870
ERR526293	ERX491496	ERS465672	ERP005940	PRJEB6414	Wolbachia		PACBIO_SMRT	PacBio RS	208049504.0	163482.0	WGS	GENOMIC	PAIRED	PacBio RS paired end sequencing
ERR5353245	ERX5141280	ERS5752975	ERP126298	PRJEB42440	Klebsiella pneumoniae		OXFORD_NANOPORE	MinION	291355975.0	42295.0	WGS	GENOMIC	SINGLE	MinION sequencing
SRR13575339	SRX9973524	SRS8145954	SRP303741	PRJNA695586	Streptococcus pyogenes	M4C20	OXFORD_NANOPORE	MinION	3204840.0	4000.0	WGS	GENOMIC	SINGLE	Whole genome sequence of Streptococcus pyogenes strain M4C20
SRR28445635	SRX24049266	SRS20840578	SRP497734	PRJNA1077798	Alteromonas gracilis	J4	OXFORD_NANOPORE	MinION	2676060.0	1000.0	WGS	GENOMIC	SINGLE	Alteromonas gracilis strain J4, whole genome Nanopore Sequencing
ERR2987302	ERX2989730	ERS1921027	ERP024139	PRJEB21840	arsenite-oxidising bacterium NT-25	NT-25	PACBIO_SMRT	PacBio RS	1938284798.0	163482.0	WGS	GENOMIC	SINGLE	PacBio RS sequencing
SRR36035999	SRX31085114	SRS27072669	SRP644837	PRJNA1364846	Enterococcus faecalis	GPT22-006	OXFORD_NANOPORE	GridION	739644326.0	291137.0	WGS	GENOMIC	SINGLE	Enterococcus faecalis, DBT kit, 24-plex and 100 ng DNA, replicate 6
SRR18729561	SRX14829806	SRS12585795	SRP369762	PRJNA825705	Klebsiella pneumoniae	ST-337	OXFORD_NANOPORE	MinION	612804990.0	67128.0	WGS	GENOMIC	SINGLE	ONT sequencing of Klebsiella pneumoniae: sample 27SUS
SRR31375104	SRX26748713	SRS23237346	SRP545813	PRJNA1185690	Pseudomonas amygdali pv. morsprunorum	LMG 5698	OXFORD_NANOPORE	MinION	178308754.0	40300.0	WGS	GENOMIC	SINGLE	Nanopore WGS sequencing of Pseudomonas spp. Strains
SRR12343943	SRX8843622	SRS7106673	SRP274107	PRJNA626345	Staphylococcus aureus	NAS_OP_154	OXFORD_NANOPORE	MinION	160006654.0	13007.0	WGS	GENOMIC	SINGLE	WGS Staphylococcus aureus among Native Americans in the  southwest US
SRR32584280	SRX27890860	SRS24262187	SRP568071	PRJNA1231784	Mycobacterium	ATCC33013_2	OXFORD_NANOPORE	GridION	356794201.0	51129.0	WGS	GENOMIC	SINGLE	Genome sequencing of Mycobacterium sp.
SRR10297999	SRX7010716	SRS5531503	SRP226004	PRJNA547984	Bacillus sp. THAF10	THAF10	OXFORD_NANOPORE	GridION	130542002.0	30567.0	WGS	GENOMIC	SINGLE	ONT SQK-RBK004 library of THAF010 gDNA: R9.4.1 flowcell
SRR13575584	SRX9973667	SRS8145954	SRP303741	PRJNA695586	Streptococcus pyogenes	M4C20	OXFORD_NANOPORE	MinION	2818019.0	4000.0	WGS	GENOMIC	SINGLE	Whole genome sequence of Streptococcus pyogenes strain M4C20
SRR10150094	SRX6875525	SRS5411410	SRP222594	PRJNA546637	Kitasatospora paracochleata	DSM 41656	PACBIO_SMRT	Sequel	2230731001.0	503136.0	WGS	GENOMIC	SINGLE	Kitasatospora paracochleata DSM 41656
ERR10676250	ERX10144014	ERS14333349	ERP143248	PRJEB58185	Campylobacter jejuni		OXFORD_NANOPORE	MinION	140205800.0	232900.0	WGS	GENOMIC	PAIRED	MinION paired end sequencing
SRR13872312	SRX10252734	SRS8393337	SRP309619	PRJNA699939	Bacillus thuringiensis	B13	PACBIO_SMRT	Sequel II	22243312093.0	2651962.0	WGS	GENOMIC	SINGLE	WGS of Bacillus thuringiensis
SRR31598832	SRX26963654	SRS23433366	SRP549287	PRJNA1185485	Escherichia coli	288	OXFORD_NANOPORE	PromethION	580572468.0	163994.0	WGS	GENOMIC	SINGLE	manhole-barcode33
ERR12448885	ERX11825316	ERS17728846	ERP156572	PRJEB71788	Listeria monocytogenes		OXFORD_NANOPORE	GridION	1210496256.0	96771.0	WGS	GENOMIC	SINGLE	Raw reads: ListPred_LV0534
ERR10499249	ERX10016535	ERS14255708	ERP142629	PRJEB57633	Escherichia coli		OXFORD_NANOPORE	GridION	77456403.0	11434.0	WGS	GENOMIC	SINGLE	Raw reads: ONT_30859_5#6
SRR21415745	SRX17420135	SRS13526020	SRP361569	PRJNA768416	Paenibacillus sp. FSL R7-0331	FSL R7-0331	OXFORD_NANOPORE	MinION	200111314.0	44241.0	WGS	GENOMIC	SINGLE	WGS of Bacilli
SRR27972438	SRX23626015	SRS20465452	SRP489819	PRJNA1076692	Escherichia coli	RIVM_C050709_dorado	OXFORD_NANOPORE	MinION	75419538.0	28599.0	WGS	GENOMIC	SINGLE	RIVM_C050709_dorado
ERR2274862	ERX2326244	ERS1932678	ERP005928	PRJEB6403	Klebsiella pneumoniae	NCTC13691	PACBIO_SMRT	PacBio RS	2012074238.0	163482.0	WGS	GENOMIC	SINGLE	PacBio RS sequencing
SRR7415639	SRX4286587	SRS3450648	SRP151172	PRJNA477598	Limosilactobacillus fermentum	B1 28	OXFORD_NANOPORE	GridION	821983230.0	855801.0	WGS	GENOMIC	SINGLE	ONT GridION data for L. fermentum
SRR34795089	SRX29928100	SRS26026035	SRP605455	PRJNA1299340	Escherichia coli	DA81284	OXFORD_NANOPORE	MinION	1099887603.0	68286.0	WGS	GENOMIC	SINGLE	DA81276 6 mg/L TZP  Nanopore reads I-SceI digested pDNA
SRR19184183	SRX15249301	SRS12981684	SRP375062	PRJNA837734	Listeria monocytogenes	07/031	OXFORD_NANOPORE	MinION	134596808.0	28397.0	WGS	GENOMIC	SINGLE	Nanopore sequencing of Listeria monocytogenes
SRR27678689	SRX23346060	SRS20207298	SRP485167	PRJNA960711	Peribacillus frigoritolerans	CF20	OXFORD_NANOPORE	MinION	366532671.0	69987.0	WGS	GENOMIC	SINGLE	WGS of Peribacillus frigoritolerans: strain CF20
ERR2352418	ERX2403294	ERS1963347	ERP005928	PRJEB6403	Oligella urethralis	NCTC11010	PACBIO_SMRT	PacBio RS	997227312.0	163482.0	WGS	GENOMIC	SINGLE	PacBio RS sequencing
ERR13802529	ERX13203281	ERS21186404	ERP164461	PRJEB80477	Staphylococcus aureus		OXFORD_NANOPORE	MinION	2170669210.0	646018.0	WGS	GENOMIC	SINGLE	MinION sequencing
SRR30293608	SRX25754253	SRS20715785	SRP447847	PRJNA991976	Xanthomonas dyei	WHRI 5755	OXFORD_NANOPORE	PromethION	1779338091.0	420020.0	WGS	GENOMIC	SINGLE	ONT genome sequencing of WHRI 5755
ERR8007793	ERX7573462	ERS9899289	ERP131998	PRJEB47698	Escherichia coli		OXFORD_NANOPORE	MinION	293986191.0	67242.0	WGS	GENOMIC	SINGLE	MinION sequencing
SRR36067978	SRX31114200	SRS27072668	SRP644837	PRJNA1364846	Campylobacter coli	GPT20-006	OXFORD_NANOPORE	GridION	33642233.0	7898.0	WGS	GENOMIC	SINGLE	Campylobacter coli, DBT kit, 36-plex and 100 ng DNA, replicate 7
SRR21731845	SRX17727612	SRS15257234	SRP399917	PRJNA730002	Floricoccus penangensis	ML061-4	PACBIO_SMRT	PacBio RS II	491552448.0	44738.0	WGS	GENOMIC	SINGLE	Whole genome sequencing for Floricoccus penangensis ML061-4 isolated from Assam tea leaf
SRR15415596	SRX11717485	SRS1717857	SRP332089	PRJNA528413	Escherichia coli O157:H7	SS NE 1040-1	PACBIO_SMRT	PacBio RS II	3706336870.0	163482.0	WGS	GENOMIC	SINGLE	Genome sequencing of E. coli O157:H7 and O55:H7 strains
ERR10498952	ERX10016241	ERS14255463	ERP142629	PRJEB57633	Escherichia coli		OXFORD_NANOPORE	GridION	109527344.0	11160.0	WGS	GENOMIC	SINGLE	Raw reads: ONT_30821_1#109
SRR30896353	SRX26299668	SRS22828390	SRP536878	PRJNA1134622	Escherichia coli	OXEC-308	OXFORD_NANOPORE	MinION	741224573.0	217350.0	WGS	GENOMIC	SINGLE	OXEC-308
DRR494175	DRX478367	DRS408317	DRP012077	PRJDB14978	Roseateles sp. E2	E2	OXFORD_NANOPORE	PromethION	53578214.0	4000.0	WGS	GENOMIC	SINGLE	PromethION sequencing of SAMD00571186
SRR28434838	SRX24038576	SRS20831694	SRP497546	PRJNA1091452	Klebsiella pneumoniae	KP16-PS	OXFORD_NANOPORE	MinION	403795608.0	52331.0	WGS	GENOMIC	SINGLE	ONT performance study sequencing of K. pneumoniae
ERR2225510	ERX2278880	ERS1869779	ERP005928	PRJEB6403	Myroides odoratus	NCTC11179	PACBIO_SMRT	PacBio RS	853526603.0	163482.0	WGS	GENOMIC	SINGLE	PacBio RS sequencing
SRR23952790	SRX19761597	SRS17126718	SRP429042	PRJNA883196	Pseudomonas brassicacearum	Root401	PACBIO_SMRT	Sequel	1147930596.0	209683.0	WGS	GENOMIC	SINGLE	Root401_PacBio
ERR6536178	ERX6163001	ERS4272340	ERP003278	PRJEB4024	Neisseria gonorrhoeae		PACBIO_SMRT	Sequel II	693272574.0	164936.0	WGS	GENOMIC	SINGLE	Sequel II sequencing
SRR12390704	SRX8889226	SRS7148750	SRP275991	PRJNA632121	Sphingobium sp. B10D7A	B10D7A	PACBIO_SMRT	PacBio RS II	4648156797.0	686291.0	WGS	GENOMIC	SINGLE	Sphingobium sp. B10D7A
DRR424514	DRX409711	DRS268143	DRP009339	PRJDB14896	Escherichia coli	98E11	OXFORD_NANOPORE	MinION	359449729.0	39344.0	WGS	GENOMIC	SINGLE	MinION sequencing of SAMD00562886
SRR3151670	SRX1542072	SRS1258574	SRP068785	PRJNA292799	Enterococcus faecium	ISMMS_VRE_6	PACBIO_SMRT	PacBio RS II	828454117.0	163482.0	WGS	GENOMIC	SINGLE	Vancomycin resistant Enterococcus VRE_6
SRR7989207	SRX4820452	SRS3894892	SRP164759	PRJNA406856	Borrelia miyamotoi	Yekat-6	OXFORD_NANOPORE	MinION	1058902438.0	121844.0	WGS	GENOMIC	SINGLE	WGS Borrelia:isolate
SRR13576851	SRX9974956	SRS8147101	SRP303790	PRJNA685966	Staphylococcus pseudintermedius	HSP138	OXFORD_NANOPORE	MinION	567705904.0	231312.0	WGS	GENOMIC	SINGLE	Long-read genomic sequencing of Staphylococcus pseudintermedius from canine skin
ERR15423268	ERX14827212	ERS25261046	ERP176764	PRJEB93885	Klebsiella pneumoniae		OXFORD_NANOPORE	PromethION	1024308795.0	173309.0	WGS	GENOMIC	SINGLE	Raw reads: run0_pilot_96_ont_AF11
SRR924415	SRX317133	SRS454372	SRP026481	PRJNA178554	Streptococcus intermedius BA1	BA1	PACBIO_SMRT	PacBio RS	72710356.0	81741.0	WGS	GENOMIC	SINGLE	
SRR8494927	SRX5299456	SRS4294121	SRP181880	PRJNA422511	Klebsiella oxytoca		PACBIO_SMRT	PacBio RS II	1307479382.0	169906.0	WGS	GENOMIC	SINGLE	PacBio WGS of Klebsiella oxytoca
SRR34864068	SRX29995555	SRS26072151	SRP606522	PRJNA1301590	Lactococcus cremoris	P2H3	OXFORD_NANOPORE	PromethION	1584309030.0	252018.0	WGS	GENOMIC	SINGLE	WGS of Lactococcus cremoris strain P2H3: Probat505 starter culture
SRR33895110	SRX29106743	SRS25313083	SRP590843	PRJNA1272507	Salmonella enterica	SAL-102	OXFORD_NANOPORE	GridION	317671528.0	89784.0	WGS	GENOMIC	SINGLE	ONT-WGS of Salmonella enterica
DRR627328	DRX607656	DRS437960	DRP012465	PRJDB19803	type I methanotrophic bacterium	MuR21-B4b	PACBIO_SMRT	Sequel II	51853430.0	3027.0	WGS	GENOMIC	SINGLE	Sequel II sequencing of SAMD00853602
SRR28434523	SRX24038322	SRS20831650	SRP497546	PRJNA1091452	Listeria monocytogenes	L-18	OXFORD_NANOPORE	MinION	568346055.0	81784.0	WGS	GENOMIC	SINGLE	ONT performance study sequencing of L. monocytogenes
SRR5838824	SRX3014975	SRS2364660	SRP112782	PRJNA363978	Streptomyces sp. 1222.2	1222.2	PACBIO_SMRT	PacBio RS II	899908799.0	191477.0	WGS	GENOMIC	SINGLE	Streptomyces sp. 1222.2
SRR20281130	SRX16314689	SRS13953393	SRP386850	PRJNA859696	Snodgrassella alvi	wkB2, Type strain	OXFORD_NANOPORE	MinION	653092038.0	68829.0	WGS	GENOMIC	SINGLE	WGS of Snodgrassella alvi
SRR15171260	SRX11478563	SRS9518575	SRP328635	PRJNA746600	Blautia obeum ATCC 29174	ATCC 29174	OXFORD_NANOPORE	MinION	2925831870.0	366091.0	WGS	GENOMIC	SINGLE	WGS of Blautia-obeum-ATCC-29174 library1 using OXFORD_NANOPORE
SRR7554925	SRX4420787	SRS1819996	SRP093625	PRJNA354244	Salmonella enterica	SA20044414	OXFORD_NANOPORE	MinION	277320532.0	34485.0	WGS	GENOMIC	SINGLE	SA20044414
DRR206387	DRX196780	DRS217714	DRP008011	PRJDB9236	Bacillus cereus	MRY14-0057	OXFORD_NANOPORE	MinION	1265560002.0	182669.0	WGS	GENOMIC	SINGLE	MinION sequencing of SAMD00203323
SRR34854881	SRX29986774	SRS26063892	SRP606221	PRJNA1300812	Escherichia coli	DFI_NG_008	OXFORD_NANOPORE	GridION	518720524.0	180555.0	WGS	GENOMIC	SINGLE	WGS of Escherichia coli: DFI
ERR5353095	ERX5141130	ERS5753016	ERP126298	PRJEB42440	Enterobacter cloacae		OXFORD_NANOPORE	MinION	451708380.0	88026.0	WGS	GENOMIC	SINGLE	MinION sequencing
ERR15941437	ERX15336982	ERS27416753	ERP185476	PRJEB104171	Escherichia coli		OXFORD_NANOPORE	MinION	143890577.0	45654.0	WGS	GENOMIC	SINGLE	MinION sequencing
SRR12343957	SRX8843608	SRS7106660	SRP274107	PRJNA626345	Staphylococcus aureus	NAS_OP_071	OXFORD_NANOPORE	MinION	160001373.0	12860.0	WGS	GENOMIC	SINGLE	WGS Staphylococcus aureus among Native Americans in the  southwest US
SRR35224319	SRX30327919	SRS26372301	SRP616549	PRJNA1314197	Mycobacterium tuberculosis	not applicable	OXFORD_NANOPORE	PromethION	886262282.0	293026.0	WGS	GENOMIC	SINGLE	WGS of M. tb DNA mixture (1% Resistant), Rep 2
SRR24462666	SRX20249541	SRS17582393	SRP436364	PRJNA970070	Vibrio cholerae	M803	OXFORD_NANOPORE	GridION	660576603.0	97167.0	WGS	GENOMIC	SINGLE	Genomic evidence of the transmissions in early seventh cholera pandemic
SRR34500470	SRX29644316	SRS1278922	SRP069749	PRJNA310138	Rhizobium leguminosarum	KDH_Rht_228_C	PACBIO_SMRT	Revio	428328839.0	43214.0	WGS	GENOMIC	SINGLE	Rhizobium leguminosarum long reads
SRR1740585	SRX352902	SRS483776	SRP030033	PRJNA219420	Clostridium autoethanogenum DSM 10061	DSM 10061	PACBIO_SMRT	PacBio RS	631598400.0	94408.0	WGS	GENOMIC	SINGLE	PacBio RS II Data
SRR12280570	SRX8784145	SRS7052941	SRP272861	PRJNA646575	Bacteroides thetaiotaomicron		OXFORD_NANOPORE	GridION	1864582735.0	172391.0	WGS	GENOMIC	SINGLE	WGS  of Bacteroides fragilis group clinical isolates
SRR31540907	SRX26908017	SRS23387476	SRP548173	PRJNA1190675	Escherichia coli	The same strain as the one under SRA accession SRR6052784	OXFORD_NANOPORE	MinION	1490522634.0	168406.0	WGS	GENOMIC	SINGLE	ONT of TAS234
SRR28036845	SRX23688310	SRS20496054	SRP490411	PRJNA1078256	Escherichia coli	KMi014	OXFORD_NANOPORE	MinION	3632218008.0	476060.0	WGS	GENOMIC	SINGLE	ONT sequencing of Escherichia coli: KMi014
ERR13064434	ERX12434958	ERS17308383	ERP155943	PRJEB71065	Enterococcus lactis		PACBIO_SMRT	Sequel II	239863054.0	21315.0	WGS	GENOMIC	SINGLE	Sequel II sequencing
SRR12711910	SRX9190811	SRS7426798	SRP285370	PRJNA647647	Streptomyces mexicanus	Marseille-Q0842	OXFORD_NANOPORE	GridION	17039510.0	4000.0	WGS	GENOMIC	SINGLE	ONT of Streptomyces mexicanus : Marseille
SRR35785754	SRX30835085	SRS26843730	SRP632095	PRJNA1345082	Escherichia coli	13-2015-C34	OXFORD_NANOPORE	PromethION	48609324.0	14764.0	WGS	GENOMIC	SINGLE	WGS of persistently-infected Escherichia coli strain restreaks
SRR30949734	SRX26352354	SRS22817057	SRP536567	PRJNA1165464	Escherichia coli	Not applicable	OXFORD_NANOPORE	MinION	539774631.0	141877.0	WGS	GENOMIC	SINGLE	Nanopore sequencing of E.coli: blood isolate
SRR5165454	SRX2482423	SRS1913863	SRP096425	PRJNA257885	Azospirillum lipoferum	R1C	PACBIO_SMRT	PacBio RS	200406422.0	109656.0	WGS	GENOMIC	SINGLE	Azospirillum lipoferum R1C
SRR12298910	SRX8801985	SRS6792088	SRP266402	PRJNA605147	Escherichia coli	RHBSTW-00304	OXFORD_NANOPORE	GridION	750649058.0	127468.0	WGS	GENOMIC	SINGLE	OXFORD_NANOPORE sequencing of Escherichia coli isolate WTP2|T1-00304 cultured from WTP influent sample
SRR35674082	SRX30725584	SRS26742285	SRP561673	PRJNA1219398	Pasteurella multocida	200038	PACBIO_SMRT	Sequel IIe	1439569655.0	88690.0	WGS	GENOMIC	SINGLE	DNA-Seq of Pasteurella multocida 200038
SRR35628885	SRX30685149	SRS26704566	SRP627750	PRJNA1333901	Stenotrophomonas sp. GL_101	GL_101	OXFORD_NANOPORE	MinION	79583887.0	7540.0	WGS	GENOMIC	SINGLE	Oxford Nanopore sequences of cultivable bacteria collected in an iron ore mine and a crystal cave
DRR205680	DRX196079	DRS120947	DRP005778	PRJDB9166	Pseudomonas putida	TS312	OXFORD_NANOPORE	MinION	4354634988.0	279782.0	WGS	GENOMIC	SINGLE	MinION sequencing of SAMD00200259
SRR31075625	SRX26459034	SRS20726442	SRP399759	PRJNA857539	Salmonella enterica subsp. enterica serovar Panama	AUSMDU00068404	OXFORD_NANOPORE	MinION	519881502.0	143698.0	WGS	GENOMIC	SINGLE	WGS of Salmonella enterica subsp. enterica serovar Panama
SRR36095869	SRX31141443	SRS21867723	SRP291668	PRJNA675431	Klebsiella pneumoniae		OXFORD_NANOPORE	PromethION	315815108.0	68786.0	WGS	GENOMIC	SINGLE	WGS of Klebsiella pneumoniae
SRR21472785	SRX17476420	SRS15029677	SRP396115	PRJNA868296	Ectopseudomonas oleovorans	GD03704	OXFORD_NANOPORE	MinION	429232897.0	36652.0	WGS	GENOMIC	SINGLE	WGS of Pseudomonas oleovorans
SRR17594113	SRX13762928	SRS11643086	SRP329965	PRJNA749815	Klebsiella pneumoniae	K191773	PACBIO_SMRT	Sequel	4687.0	1.0	WGS	GENOMIC	SINGLE	WGS of Klebsiella pneumoniae K191773
ERR5353161	ERX5141196	ERS5752895	ERP126298	PRJEB42440	Enterobacter cloacae		OXFORD_NANOPORE	MinION	908280573.0	140780.0	WGS	GENOMIC	SINGLE	MinION sequencing
DRR161248	DRX151873	DRS115431	DRP005652	PRJDB7717	Mycolicibacterium pulveris	JCM 6370	OXFORD_NANOPORE	MinION	670275510.0	135814.0	WGS	GENOMIC	SINGLE	MinION single end sequencing of SAMD00153163
SRR29761018	SRX25261691	SRS21946863	SRP518987	PRJNA1133900	Saccharophagus degradans	HMH0105	OXFORD_NANOPORE	PromethION	1326234274.0	247375.0	WGS	GENOMIC	SINGLE	Nanopore reads of strain HMH0105
SRR25467149	SRX21199775	SRS18458352	SRP452337	PRJNA1000618	Escherichia coli	Escherichia coli BL21(DE3)	OXFORD_NANOPORE	MinION	6388578.0	4000.0	WGS	GENOMIC	SINGLE	CASTVK transposition with different condition
SRR31793423	SRX27154571	SRS23608918	SRP552990	PRJNA1201147	Legionella pneumophila	Camperdown 1	OXFORD_NANOPORE	PromethION	424994812.0	103564.0	WGS	GENOMIC	SINGLE	Resequencing of reference Legionella pneumophila strain using nanopore
SRR26632692	SRX22333075	SRS19382899	SRP417798	PRJNA899814	Dyadobacter sp. 676	676	OXFORD_NANOPORE	MinION	1253554498.0	188814.0	WGS	GENOMIC	SINGLE	ONT_SEQ_Dyadobacter_676
SRR24140067	SRX19938338	SRS17287047	SRP247747	PRJNA604975	Escherichia coli	ox_bsi_144	OXFORD_NANOPORE	GridION	63330323.0	18446.0	WGS	GENOMIC	SINGLE	oxford_bsi
ERR3863222	ERX3875256	ERS4281791	ERP112081	PRJEB29732	Mycobacterium tuberculosis		OXFORD_NANOPORE	MinION	250030148.0	76577.0	WGS	GENOMIC	SINGLE	MinION sequencing
ERR2532360	ERX2550781	ERS2419152	ERP005928	PRJEB6403	Enterococcus faecalis	NCTC7161	PACBIO_SMRT	PacBio RS	878240365.0	163482.0	WGS	GENOMIC	SINGLE	PacBio RS sequencing
SRR33366300	SRX28610272	SRS24878430	SRP500352	PRJNA1097666	Klebsiella pneumoniae	21AR0161	OXFORD_NANOPORE	GridION	155905560.0	15653.0	WGS	GENOMIC	SINGLE	Klebsiella pneumoniae strain 21AR0161
SRR18972794	SRX15048711	SRS12794664	SRP372864	PRJNA833428	Xylella fastidiosa	Merced	PACBIO_SMRT	PacBio RS II	3936966760.0	1137083.0	WGS	GENOMIC	SINGLE	Whole genome sequencing of Xylella fastidiosa
DRR667321	DRX647423	DRS457037	DRP012869	PRJDB20344	Agathobaculum butyriciproducens	JCM 30795	OXFORD_NANOPORE	MinION	324426569.0	331823.0	WGS	GENOMIC	SINGLE	MinION sequencing of SAMD00887341
SRR387094	SRX109941	SRS302375	SRP001087	PRJNA40075	Escherichia coli str. K-12 substr. MG1655	K-12	PACBIO_SMRT	PacBio RS	27333850.0	60667.0	WGS	GENOMIC	SINGLE	Whole Genome Sequencing and Assembly
SRR15376137	SRX11678672	SRS9710547	SRP331701	PRJNA666790	Escherichia coli O157:H7	Z1811	PACBIO_SMRT	PacBio RS II	3469838162.0	163482.0	WGS	GENOMIC	SINGLE	Genome sequencing of ZAP E. coli O157:H7 strains from Scotland
SRR25467042	SRX21199882	SRS18458352	SRP452337	PRJNA1000618	Escherichia coli	Escherichia coli BL21(DE3)	OXFORD_NANOPORE	MinION	6590775.0	4000.0	WGS	GENOMIC	SINGLE	CASTVK transposition with different condition
SRR33768578	SRX28990898	SRS22397135	SRP444583	PRJNA962904	Escherichia coli		PACBIO_SMRT	Sequel II	397061145.0	19628.0	WGS	GENOMIC	SINGLE	PacBio sequencing of A173006HE2 for ARCH 2
DRR291490	DRX280946	DRS184518	DRP007275	PRJDB11566	Alphaproteobacteria bacterium SO-S41	SO-S41	OXFORD_NANOPORE	MinION	25855567.0	20906.0	WGS	GENOMIC	SINGLE	MinION sequencing of SAMD00322308
SRR28434496	SRX24038755	SRS20831703	SRP497546	PRJNA1091452	Staphylococcus aureus	SA72-PS	OXFORD_NANOPORE	MinION	612369656.0	66097.0	WGS	GENOMIC	SINGLE	ONT performance study sequencing of S. aureus
SRR35224314	SRX30327924	SRS26372303	SRP616549	PRJNA1314197	Mycobacterium tuberculosis	not applicable	OXFORD_NANOPORE	PromethION	718633988.0	234740.0	WGS	GENOMIC	SINGLE	WGS of M. tb DNA mixture (10% Resistant), Rep 2
ERR15465412	ERX14869307	ERS15929442	ERP179079	PRJEB96336	Klebsiella pneumoniae	TU48018_TR_KP	OXFORD_NANOPORE	GridION	54919707.0	26397.0	WGS	GENOMIC	SINGLE	GridION sequencing
ERR10499270	ERX10016556	ERS14255592	ERP142629	PRJEB57633	Escherichia coli		OXFORD_NANOPORE	GridION	139189030.0	17539.0	WGS	GENOMIC	SINGLE	Raw reads: ONT_30859_5#8
ERR13326738	ERX12697766	ERS20295507	ERP161282	PRJEB76791	Salmonella enterica subsp. enterica serovar Agona		OXFORD_NANOPORE	MinION	339928929.0	115500.0	WGS	GENOMIC	SINGLE	MinION sequencing
SRR35213163	SRX30317195	SRS26364130	SRP615992	PRJNA1301220	Acinetobacter baumannii	ABO21-E117	OXFORD_NANOPORE	MinION	278765384.0	45517.0	WGS	GENOMIC	SINGLE	Whole geneme sequencing of Acinetobacter baumannii: isolates of the Ab-One study
DRR538182	DRX522001	DRS397816	DRP011824	PRJDB17661	Alistipes onderdonkii	k06-0079-A12-2	PACBIO_SMRT	Sequel	681093768.0	31467.0	WGS	GENOMIC	SINGLE	Sequel single end sequencing of  SAMD00759032
SRR29687055	SRX25190200	SRS21879490	SRP517666	PRJNA1131125	Pseudomonas aeruginosa	p46	OXFORD_NANOPORE	MinION	348256044.0	96730.0	WGS	GENOMIC	SINGLE	Whole Genome Sequencing of pseudomonas aeruginosa
SRR19357554	SRX15416247	SRS12115301	SRP361569	PRJNA768416	Paenibacillus sp. FSL M7-0896		OXFORD_NANOPORE	MinION	652104052.0	210840.0	WGS	GENOMIC	SINGLE	WGS of Bacilli
SRR22183813	SRX18162417	SRS15667994	SRP406170	PRJNA897707	milk metagenome		PACBIO_SMRT	PacBio RS II	6994712289.0	747667.0	WGS	GENOMIC	SINGLE	denovo assembly of Lactobacillus plantarum MC5
SRR29931814	SRX25425686	SRS22086158	SRP521707	PRJNA1139194	Shigella sonnei	3.6.1.1.2	OXFORD_NANOPORE	GridION	535218332.0	142254.0	WGS	GENOMIC	SINGLE	Nanopore sequencing of Shigella
SRR21696669	SRX17694113	SRS14987362	SRP354045	PRJNA747871	Streptomyces sp. NBC_00800	NBC_00800	OXFORD_NANOPORE	MinION	755361555.0	80070.0	WGS	GENOMIC	SINGLE	nanopore sequencing data from strain NBC_00800
SRR21637912	SRX17638362	SRS15173194	SRP398184	PRJNA853779	Acinetobacter baumannii	Abau-H1-25	OXFORD_NANOPORE	MinION	454501816.0	148306.0	WGS	GENOMIC	SINGLE	DNA-Seq of Acinetobacter baumannii
SRR22190985	SRX18169437	SRS15668702	SRP303037	PRJNA694442	Salmonella bongori		OXFORD_NANOPORE	GridION	284800386.0	35568.0	WGS	GENOMIC	SINGLE	Multiplex WGS of Salmonella
SRR13790243	SRX10175304	SRS8324237	SRP308340	PRJNA704656	Streptococcus equi subsp. equi	20-083	PACBIO_SMRT	Sequel	1030945257.0	165452.0	WGS	GENOMIC	SINGLE	PacBio whole genome sequencing of Streptococcu equi
SRR31976247	SRX27331430	SRS23507041	SRP074197	PRJNA288601	Klebsiella pasteurii	2024HL-01370	OXFORD_NANOPORE	MinION	2124661304.0	253435.0	WGS	GENOMIC	SINGLE	Long read sequencing of carbapenemase producing organisms
SRR6824094	SRX3780591	SRS3034145	SRP134792	PRJNA402413	Janthinobacterium sp. 64	64	PACBIO_SMRT	PacBio RS II	176092731.0	52816.0	WGS	GENOMIC	SINGLE	Janthinobacterium sp. 64
SRR9722622	SRX6480146	SRS5130252	SRP215816	PRJNA470993	Staphylococcus aureus	ER04385.3	PACBIO_SMRT	PacBio RS II	1005866924.0	136532.0	WGS	GENOMIC	SINGLE	WGS of Staphylococcus aureus
SRR34573138	SRX29714819	SRS25823701	SRP601637	PRJNA1292907	Mycobacterium tuberculosis	not applicable	OXFORD_NANOPORE	MinION	464176961.0	719729.0	WGS	GENOMIC	SINGLE	Whole genome sequencing
SRR32370095	SRX27704575	SRS24099073	SRP564386	PRJNA1224596	Klebsiella michiganensis	K-1524	OXFORD_NANOPORE	MinION	213654297.0	27753.0	WGS	GENOMIC	SINGLE	Long read WGS of Klebsiella michiganensis: isolate K-1524
SRR31486862	SRX26855089	SRS12151467	SRP074197	PRJNA288601	Klebsiella quasipneumoniae	2021HL-01138	OXFORD_NANOPORE	MinION	947110041.0	99857.0	WGS	GENOMIC	SINGLE	Long read sequencing of carbapenemase producing organisms
SRR3756830	SRX1905918	SRS1546714	SRP078103	PRJNA239125	Butyrivibrio sp. AE3004	AE3004	PACBIO_SMRT	PacBio RS	186253721.0	64029.0	WGS	GENOMIC	SINGLE	Butyrivibrio sp. AE3004
SRR27944596	SRX23601392	SRS20444137	SRP489348	PRJNA1067895	Neisseria gonorrhoeae	WHO_S_2024	PACBIO_SMRT	Sequel	752353508.0	163775.0	WGS	GENOMIC	SINGLE	2024 WHO N gonorrhoeae reference strain
SRR27972576	SRX23625877	SRS20466149	SRP489819	PRJNA1076692	Escherichia coli	RIVM_C059284_dorado	OXFORD_NANOPORE	MinION	62379939.0	20454.0	WGS	GENOMIC	SINGLE	RIVM_C059284_dorado
ERR10664156	ERX10133340	ERS2651035	ERP104475	PRJEB22771	Streptococcus pneumoniae		PACBIO_SMRT	Sequel II	1231151498.0	172101.0	WGS	GENOMIC	SINGLE	Sequel II sequencing
SRR28039586	SRX23690876	SRS20520798	SRP490884	PRJNA1077967	Enterococcus faecium	AH19F003	OXFORD_NANOPORE	GridION	287594705.0	27076.0	WGS	GENOMIC	SINGLE	WGS of Enterococcus faecium isolate
SRR6516695	SRX3604663	SRS2872254	SRP131590	PRJNA402575	Streptomyces sp. 67	67	PACBIO_SMRT	PacBio RS II	747668906.0	202996.0	WGS	GENOMIC	SINGLE	Streptomyces sp. 67
SRR10123219	SRX6852725	SRS5312570	SRP219457	PRJNA543274	Klebsiella quasipneumoniae	DSM 28211	PACBIO_SMRT	Sequel	324990858.0	51270.0	WGS	GENOMIC	SINGLE	DSM-28211
DRR667367	DRX647469	DRS456653	DRP012867	PRJDB20346	Fundidesulfovibrio butyratiphilus	JCM 15519	PACBIO_SMRT	Revio	128199481.0	10701.0	WGS	GENOMIC	SINGLE	Revio sequencing of SAMD00887269
SRR13269168	SRX9699289	SRS7895437	SRP272861	PRJNA646575	Bacteroides fragilis		OXFORD_NANOPORE	GridION	803341090.0	108766.0	WGS	GENOMIC	SINGLE	WGS  of Bacteroides fragilis group clinical isolates
ERR13600381	ERX12971404	ERS6631501	ERP109316	PRJEB27256	Klebsiella pneumoniae		OXFORD_NANOPORE	GridION	499269739.0	47369.0	WGS	GENOMIC	SINGLE	GridION sequencing
SRR29307024	SRX24824003	SRS21408463	SRP509553	PRJNA1115805	Castellaniella ginsengisoli	130308	OXFORD_NANOPORE	MinION	333344577.0	49830.0	WGS	GENOMIC	SINGLE	ONT seq of cas_130308
SRR34967657	SRX30086580	SRS26152804	SRP608514	PRJNA1305037	Klebsiella pneumoniae	MI_KPC_436	OXFORD_NANOPORE	PromethION	255654806.0	45367.0	WGS	GENOMIC	SINGLE	KPC CRE collection from state of Michigan
SRR26316620	SRX22024895	SRS1406469	SRP058582	PRJNA203400	Escherichia coli	MOD1-EC5113	OXFORD_NANOPORE	GridION	432404795.0	57970.0	WGS	GENOMIC	SINGLE	Identification of Thirty-two New O antigen Gene Clusters in Escherichia coli
SRR12299160	SRX8802053	SRS6792637	SRP266402	PRJNA605147	Escherichia coli	RHB34-C02	OXFORD_NANOPORE	GridION	1199002148.0	237925.0	WGS	GENOMIC	SINGLE	OXFORD_NANOPORE sequencing of Escherichia coli isolate RH03|T3-C02 cultured from Pig faeces sample
SRR35213322	SRX30317035	SRS26363970	SRP615992	PRJNA1301220	Acinetobacter baumannii	ABO21-A031	OXFORD_NANOPORE	MinION	696859861.0	99548.0	WGS	GENOMIC	SINGLE	Whole geneme sequencing of Acinetobacter baumannii: isolates of the Ab-One study
SRR29816411	SRX25315680	SRS16968717	SRP426074	PRJNA941188	Priestia megaterium	DSM 1804	OXFORD_NANOPORE	GridION	315001206.0	46777.0	WGS	GENOMIC	SINGLE	WGS of Priestia spp: cell culture
ERR10558084	ERX10071687	ERS14237169	ERP142412	PRJEB57437	Wolbachia endosymbiont of Drosophila melanogaster	wMelPlus	OXFORD_NANOPORE	MinION	6707211734.0	1415248.0	WGS	GENOMIC	SINGLE	MinION sequencing
SRR31693630	SRX27055435	SRS23517403	SRP550670	PRJNA1190473	Wolbachia endosymbiont of Rhagoletis cingulata	wCin2-ENA	OXFORD_NANOPORE	MinION	13618585.0	6744.0	WGS	GENOMIC	SINGLE	Nanopore sequencing of Wolbachia endosymbiont of Rhagoletis cingulata wCin2-ENA: Wolbachia reads for SV scans
ERR14905998	ERX14310304	ERS24300110	ERP172116	PRJEB89064	Corynebacterium ulcerans	FRC1356	OXFORD_NANOPORE	GridION			WGS	GENOMIC	SINGLE	GridION sequencing
SRR12344025	SRX8843540	SRS7106598	SRP274107	PRJNA626345	Staphylococcus aureus	NAS_AN_085	OXFORD_NANOPORE	MinION	128054650.0	10259.0	WGS	GENOMIC	SINGLE	WGS Staphylococcus aureus among Native Americans in the  southwest US
SRR26899131	SRX22593279	SRS19599849	SRP473241	PRJNA1042815	Listeria ivanovii	Li 1979	OXFORD_NANOPORE	GridION	4520058148.0	1582431.0	WGS	GENOMIC	SINGLE	WGS of Listeria ivanovii isolate
SRR33769127	SRX28991721	SRS22396929	SRP444583	PRJNA962904	Escherichia coli		PACBIO_SMRT	Sequel II	434932200.0	18966.0	WGS	GENOMIC	SINGLE	PacBio sequencing of AH0025HE1 for ARCH 2
SRR4272616	SRX2179442	SRS1704499	SRP040661	PRJNA231221	Staphylococcus lugdunensis	FDAARGOS_222	PACBIO_SMRT	PacBio RS	1839514756.0	163482.0	WGS	GENOMIC	SINGLE	
SRR21696311	SRX17693954	SRS11554575	SRP354045	PRJNA747871	Amycolatopsis sp. NBC_01488	NBC_01488	OXFORD_NANOPORE	MinION	191929407.0	46050.0	WGS	GENOMIC	SINGLE	nanopore sequencing data from strain NBC_01488
SRR34573112	SRX29714845	SRS25823727	SRP601637	PRJNA1292907	Mycobacterium tuberculosis	not applicable	OXFORD_NANOPORE	MinION	321450253.0	468696.0	WGS	GENOMIC	SINGLE	Whole genome sequencing
SRR12149472	SRX8669494	SRS6949158	SRP270152	PRJNA632265	Amycolatopsis endophytica	DSM 104006	PACBIO_SMRT	PacBio RS II	3642876870.0	1248942.0	WGS	GENOMIC	SINGLE	Amycolatopsis endophytica DSM 104006
ERR2246649	ERX2298672	ERS1883823	ERP005928	PRJEB6403	Peptoniphilus asaccharolyticus		PACBIO_SMRT	PacBio RS	4249050458.0	163482.0	WGS	GENOMIC	SINGLE	PacBio RS sequencing
ERR10676325	ERX10144089	ERS14333424	ERP143248	PRJEB58185	Campylobacter jejuni		OXFORD_NANOPORE	MinION	310359294.0	515547.0	WGS	GENOMIC	PAIRED	MinION paired end sequencing
SRR15989084	SRX12277783	SRS9999160	SRP357534	PRJNA801415	Escherichia coli	405	OXFORD_NANOPORE	GridION	689109692.0	93200.0	WGS	GENOMIC	SINGLE	Whole Genome Sequencing of Carbapenemase-producing Enterobacterales (CPE)
SRR16525358	SRX12728127	SRS10336648	SRP357534	PRJNA801415	Klebsiella pneumoniae	48	OXFORD_NANOPORE	GridION	828561858.0	140000.0	WGS	GENOMIC	SINGLE	Extensive diversification and dissemination of blaNDM carbapenemase plasmids in Enterobacterales in Singapore 2010-2015
ERR12350879	ERX11727741	ERS16673318	ERP144079	PRJEB59014	Staphylococcus xylosus		OXFORD_NANOPORE	GridION	10104894447.0	1087090.0	WGS	GENOMIC	SINGLE	GridION sequencing
ERR2532355	ERX2550776	ERS2419122	ERP005928	PRJEB6403	Enterococcus durans	NCTC8307	PACBIO_SMRT	PacBio RS	1554102234.0	163482.0	WGS	GENOMIC	SINGLE	PacBio RS sequencing
SRR5829409	SRX3006747	SRS1832372	SRP094480	PRJNA279196	Bordetella pertussis	H787	PACBIO_SMRT	PacBio RS II	1169977978.0	163482.0	WGS	GENOMIC	SINGLE	
ERR15424176	ERX14828120	ERS25489571	ERP174275	PRJEB91289	Acinetobacter baumannii		OXFORD_NANOPORE	PromethION	373339594.0	126119.0	WGS	GENOMIC	SINGLE	Raw reads: MED0823_L
SRR21416133	SRX17420355	SRS13525957	SRP361569	PRJNA768416	Bacillus sp. FSL K6-6038	FSL K6-6038	OXFORD_NANOPORE	MinION	357400138.0	131611.0	WGS	GENOMIC	SINGLE	WGS of Bacilli
SRR26305329	SRX22013792	SRS19087282	SRP250705	PRJNA607328	Escherichia coli	missing	OXFORD_NANOPORE	MinION	1916545878.0	302700.0	WGS	GENOMIC	SINGLE	Escherichia coli FELIX_MS772 Nanopore
SRR6366325	SRX3461817	SRS2749981	SRP126514	PRJNA421733	Enterobacter hormaechei	171	OXFORD_NANOPORE	MinION	220192086.0	30615.0	WGS	GENOMIC	SINGLE	Enterobacter cloacae complex ST171
ERR10802428	ERX10250910	ERS5790505	ERP127064	PRJEB43128	Bacillus subtilis		OXFORD_NANOPORE	GridION	66365831.0	9742.0	WGS	GENOMIC	SINGLE	GridION sequencing
SRR15076578	SRX11386601	SRS9431229	SRP040661	PRJNA231221	Escherichia coli	FDAARGOS_1381	PACBIO_SMRT	Sequel	2956532397.0	438578.0	WGS	GENOMIC	SINGLE	
ERR13600338	ERX12971361	SRS16422187	SRP416981	PRJNA922900	Klebsiella pneumoniae	Kpn1999	OXFORD_NANOPORE	GridION	866165523.0	48358.0	WGS	GENOMIC	SINGLE	GridION sequencing
ERR11148023	ERX10595427	ERS7652059	ERP132109	PRJEB47806	Staphylococcus aureus		PACBIO_SMRT	Sequel	1082302567.0	107864.0	WGS	GENOMIC	SINGLE	Sequel IIe sequencing
ERR2262584	ERX2314310	ERS1932670	ERP005928	PRJEB6403	Shigella dysenteriae	NCTC11868	PACBIO_SMRT	PacBio RS	1448691078.0	163482.0	WGS	GENOMIC	SINGLE	PacBio RS sequencing
ERR15094639	ERX14499237	ERS24813644	ERP119900	PRJEB36683	Klebsiella pneumoniae 11227-1		OXFORD_NANOPORE	PromethION	1113633890.0	371872.0	WGS	GENOMIC	SINGLE	Raw reads: JKPB672_L
ERR10499317	ERX10016603	ERS14255949	ERP142629	PRJEB57633	Escherichia coli		OXFORD_NANOPORE	GridION	75240830.0	13236.0	WGS	GENOMIC	SINGLE	Raw reads: ONT_31663_7#324
SRR386068	SRX109802	SRS183306	SRP006189	PRJNA52149	Klebsiella oxytoca 10-5248	10-5248	PACBIO_SMRT	PacBio RS	100588202.0	81741.0	WGS	GENOMIC	SINGLE	Whole Genome Sequencing and Assembly
SRR29820006	SRX25318945	SRS21988554	SRP519730	PRJNA1135485	Salmonella		OXFORD_NANOPORE	MinION	269067335.0	49904.0	WGS	GENOMIC	SINGLE	WGS Salmonella isolates from cattle
ERR10499597	ERX10016879	ERS14256835			Escherichia coli		OXFORD_NANOPORE	GridION	65920620.0	5924.0	WGS	GENOMIC	SINGLE	GridION sequencing; Raw reads: ONT_30348_2#164
SRR13386064	SRX9805365	SRS7989440	SRP300861	PRJNA663900	Enterococcus sp. DIV0436	DIV0436	OXFORD_NANOPORE	GridION	1036971573.0	102892.0	WGS	GENOMIC	SINGLE	Zoo 3 Enterococcus Diversity Genome sequencing and assembly
ERR10497975	ERX10015264	ERS14254596	ERP142629	PRJEB57633	Escherichia coli		OXFORD_NANOPORE	GridION	178090904.0	78500.0	WGS	GENOMIC	SINGLE	Raw reads: ONT_30348_1#147
SRR27972356	SRX23626097	SRS20465819	SRP489819	PRJNA1076692	Staphylococcus aureus	RIVM_M096716_dorado	OXFORD_NANOPORE	MinION	527831657.0	180480.0	WGS	GENOMIC	SINGLE	RIVM_M096716_dorado
ERR1681917	ERX1751534	ERS764947	ERP005928	PRJEB6403	Escherichia coli	NCTC10757	PACBIO_SMRT	PacBio RS	1571806663.0	163482.0	WGS	GENOMIC	SINGLE	PacBio RS sequencing
SRR4237182	SRX2158418	SRS1687810	SRP089604	PRJNA331286	Paenibacillus sp. GP183	GP183	PACBIO_SMRT	PacBio RS	550294036.0	143731.0	WGS	GENOMIC	SINGLE	Paenibacillus sp. GP183
DRR293634	DRX283084	DRS178343	DRP004189	PRJDB5929	Klebsiella pneumoniae	C167	OXFORD_NANOPORE	GridION	2244961159.0	346675.0	WGS	GENOMIC	SINGLE	GridION sequencing of SAMD00137761
SRR27972886	SRX23626279	SRS20465564	SRP489819	PRJNA1076692	Enterobacter cloacae	RIVM_C048232_rerio	OXFORD_NANOPORE	MinION	326600079.0	98118.0	WGS	GENOMIC	SINGLE	RIVM_C048232_rerio
SRR28466925	SRX24069915	SRS20860446	SRP498025	PRJNA616030	Vibrio cholerae	MWI/2015/10	OXFORD_NANOPORE	MinION	2461588745.0	291100.0	WGS	GENOMIC	SINGLE	Oxford Nanopore sequencing of Vibrio cholerae
SRR13957714	SRX10335963	SRS8455507	SRP300861	PRJNA663900	Enterococcus sp. DIV0837a	DIV0837a	OXFORD_NANOPORE	GridION	971342289.0	196499.0	WGS	GENOMIC	SINGLE	sequencing of enterococcal diversity
SRR24005615	SRX19809017	SRS17148901	SRP429554	PRJNA949223	Escherichia coli	BW25113	OXFORD_NANOPORE	MinION	550059392.0	93488.0	WGS	GENOMIC	SINGLE	NativeWGS_E.coli_dcmKO:triclosan-adapted
SRR30949618	SRX26352168	SRS22817426	SRP536567	PRJNA1165464	Escherichia coli	Not applicable	OXFORD_NANOPORE	MinION	182605867.0	69121.0	WGS	GENOMIC	SINGLE	Nanopore sequencing of E.coli: blood isolate
SRR1736228	SRX735347	SRS723694	SRP049022	PRJNA264128	Streptococcus pneumoniae ST556	ST556	PACBIO_SMRT	PacBio RS	339318422.0	163482.0	WGS	GENOMIC	SINGLE	SMRT sequencing data of whole genome amplified (WGA) S. pneumoniae ST556
SRR31375125	SRX26748692	SRS23237324	SRP545813	PRJNA1185690	Pseudomonas syringae	GBBC 3536	OXFORD_NANOPORE	MinION	222088886.0	37932.0	WGS	GENOMIC	SINGLE	Nanopore WGS sequencing of Pseudomonas spp. Strains
ERR10420104	ERX9948577	ERS6795114	ERP109413	PRJEB27342	Klebsiella pneumoniae		PACBIO_SMRT	Sequel II	6100257491.0	841992.0	WGS	GENOMIC	SINGLE	Sequel II sequencing
SRR35737817	SRX30787098	SRS26801284	SRP630567	PRJNA1337272	Salmonella enterica subsp. enterica serovar Rissen	not applicable	OXFORD_NANOPORE	GridION	90655302.0	32000.0	WGS	GENOMIC	SINGLE	Nanopore whole genome sequencing of Salmonella enterica subspecies enterica isolate 1826127-1
SRR387256	SRX110077	SRS302375	SRP001087	PRJNA40075	Escherichia coli str. K-12 substr. MG1655	K-12	PACBIO_SMRT	PacBio RS	26591426.0	60667.0	WGS	GENOMIC	SINGLE	Whole Genome Sequencing and Assembly
SRR13192518	SRX9626941	SRS7827983	SRP295672	PRJNA681856	Salmonella enterica	LHICA_E1	OXFORD_NANOPORE	MinION	16054535.0	4000.0	WGS	GENOMIC	SINGLE	WGS of Salmonella enterica Lhica E56
ERR14721748	ERX14123173	ERS23791502	ERP170136	PRJEB86838	pig metagenome		OXFORD_NANOPORE	PromethION	11611189448.0	3987812.0	WGS	GENOMIC	SINGLE	Raw reads: DTU_2024_1037151_111_MG_P1_P2_eight_rep3
ERR2125866	ERX2182718	ERS1681019	ERP005928	PRJEB6403	Brevibacterium iodinum	NCTC9742	PACBIO_SMRT	PacBio RS	26843320.0	163482.0	WGS	GENOMIC	SINGLE	PacBio RS sequencing
SRR27972647	SRX23625806	SRS20465347	SRP489819	PRJNA1076692	Escherichia coli	RIVM_C048694_dorado	OXFORD_NANOPORE	MinION	209322657.0	48797.0	WGS	GENOMIC	SINGLE	RIVM_C048694_dorado
SRR7135139	SRX4056012	SRS3272956	SRP145012	PRJNA439562	Cellulosimicrobium cellulans	ZKA48	PACBIO_SMRT	PacBio RS II	362782514.0	80154.0	WGS	GENOMIC	SINGLE	Cellulosimicrobium cellulans ZKA48
SRR13385980	SRX9805449	SRS7989523	SRP300861	PRJNA663900	Enterococcus sp. DIV0334	DIV0334	OXFORD_NANOPORE	GridION	1685701819.0	403733.0	WGS	GENOMIC	SINGLE	Zoo 3 Enterococcus Diversity Genome sequencing and assembly
SRR8776786	SRX5566984	SRS4529945	SRP189296	PRJNA528186	Staphylococcus aureus	UP_644	OXFORD_NANOPORE	MinION	467831190.0	67493.0	WGS	GENOMIC	SINGLE	UP_644_nanopore
SRR31599240	SRX26963844	SRS23433556	SRP549287	PRJNA1185485	Escherichia coli	1000	OXFORD_NANOPORE	PromethION	700802678.0	149764.0	WGS	GENOMIC	SINGLE	wwtp-9n14-barcode74
SRR26465444	SRX22169513	SRS19227363	SRP467862	PRJNA1000275	Klebsiella pneumoniae	2016C07-073	OXFORD_NANOPORE	MinION	640491047.0	89537.0	WGS	GENOMIC	SINGLE	VP69
SRR27187196	SRX22867407	SRS19728476	SRP395888	PRJNA812595	Pseudomonas aeruginosa	2023CK-01480	OXFORD_NANOPORE	GridION	111196362.0	25002.0	WGS	GENOMIC	SINGLE	Nanopore sequencing of ARLN isolate
SRR35673907	SRX30725759	SRS26742329	SRP561673	PRJNA1219398	Pasteurella multocida	220839	OXFORD_NANOPORE	MinION	604341474.0	57452.0	WGS	GENOMIC	SINGLE	DNA-Seq of Pasteurella multocida 220839
SRR36505805	SRX31526418	SRS27303972	SRP074197	PRJNA288601	Escherichia coli	2025CK-01324	OXFORD_NANOPORE	GridION	962764121.0	79850.0	WGS	GENOMIC	SINGLE	Nanopore sequencing of ARLN isolate
ERR1656460	ERX1726778	ERS1211131	ERP005928	PRJEB6403	Clostridium perfringens	NCTC8081	PACBIO_SMRT	PacBio RS	1256513287.0	163482.0	WGS	GENOMIC	SINGLE	PacBio RS sequencing
SRR26413056	SRX22118455	SRS16091217	SRP412517	PRJNA910977	Escherichia coli	P0875	PACBIO_SMRT	Sequel II	577599118.0	45802.0	WGS	GENOMIC	SINGLE	WGS of E. coli
SRR27972673	SRX23625780	SRS20465725	SRP489819	PRJNA1076692	Klebsiella pneumoniae	RIVM_C055228_dorado	OXFORD_NANOPORE	MinION	266082988.0	81639.0	WGS	GENOMIC	SINGLE	RIVM_C055228_dorado
SRR387210	SRX109927	SRS281278	SRP001087	PRJNA40075	Escherichia coli str. K-12 substr. MG1655	K-12	PACBIO_SMRT	PacBio RS	214774901.0	81741.0	WGS	GENOMIC	SINGLE	Whole Genome Sequencing and Assembly
SRR4130940	SRX2114702	SRS1667273	SRP084636	PRJNA323166	Maribacter sp. MAR_2009_60	MAR_2009_60	PACBIO_SMRT	PacBio RS	600875263.0	210215.0	WGS	GENOMIC	SINGLE	Maribacter sp. MAR_2009_60
SRR22190681	SRX18169143	SRS15668432	SRP385218	PRJNA856428	Escherichia coli	Ecoli_del200_sim_nano	OXFORD_NANOPORE	PromethION	857500031.0	57521.0	WGS	GENOMIC	SINGLE	Nanopore sequncing of Escherichia coli str. K12 substr. MG1655: simulated data
ERR1046588	ERX1126879	ERS812510	ERP005928	PRJEB6403	Staphylococcus epidermidis	NCTC7474	PACBIO_SMRT	PacBio RS	1359510305.0	163482.0	WGS	GENOMIC	SINGLE	PacBio RS sequencing
SRR32364913	SRX27699233	SRS21122817	SRP444583	PRJNA962904	Escherichia coli		PACBIO_SMRT	Sequel II	197416587.0	9814.0	WGS	GENOMIC	SINGLE	PacBio sequencing of AS27970E1 for ARCH 1.0
SRR23392486	SRX19330221	SRS16727163	SRP421832	PRJNA932719	Campylobacter coli		OXFORD_NANOPORE	MinION	259738593.0	14430.0	WGS	GENOMIC	SINGLE	Long-read WGS characterization of commensal Campylobacter jejuni and Campylobacter coli isolates from dairy cattle in Northern Spain
SRR30342969	SRX25801180	SRS22432655	SRP528120	PRJNA1150149	Staphylococcus aureus	ST5	OXFORD_NANOPORE	MinION	529752263.0	97271.0	WGS	GENOMIC	SINGLE	ONT long-read sequencing of potential healthcare transmission pathogens
SRR35628921	SRX30685113	SRS26704528	SRP627750	PRJNA1333901	Stenotrophomonas sp. KH_052	KH_052	OXFORD_NANOPORE	MinION	616464055.0	58625.0	WGS	GENOMIC	SINGLE	Oxford Nanopore sequences of cultivable bacteria collected in an iron ore mine and a crystal cave
SRR33769104	SRX28991664	SRS22455713	SRP444583	PRJNA962904	Escherichia coli		PACBIO_SMRT	Sequel II	422109989.0	22791.0	WGS	GENOMIC	SINGLE	PacBio sequencing of AH0279HE1 for ARCH 2
SRR36399347	SRX31426988	SRS27409702	SRP654172	PRJNA1377667	Paenibacillus sp. SEL3	SEL3	PACBIO_SMRT	Revio	17230475792.0	2056487.0	WGS	GENOMIC	SINGLE	DNA-Seq of Paenibacillus sp. strain SEL3
SRR16249236	SRX12528998	SRS10489260	SRP040661	PRJNA231221	Aeromonas jandaei	FDAARGOS_1523	PACBIO_SMRT	Sequel	4502792946.0	933322.0	WGS	GENOMIC	SINGLE	
SRR22350554	SRX18321614	SRS15811882	SRP408794	PRJNA902296	Pasteurella multocida	PF11	OXFORD_NANOPORE	MinION	474318962.0	73551.0	WGS	GENOMIC	SINGLE	genome sequencing of Pasteurella multocida
SRR8840550	SRX5628470	SRS4573617	SRP190319	PRJNA284866	Treponema putidum	OMZ 847	OXFORD_NANOPORE	MinION	1107682748.0	326423.0	WGS	GENOMIC	SINGLE	Treponema putidum OMZ 847
SRR31779816	SRX27141250	SRS23512787	SRP540652	PRJNA1173757	Candidatus Pelagibacter bacterium nBUS_16	nBUS_16	OXFORD_NANOPORE	MinION	338581653.0	86270.0	WGS	GENOMIC	SINGLE	ONT whole genome sequencing of Luminiphilus sp. nBUS_16
SRR36067963	SRX31114165	SRS27072669	SRP644837	PRJNA1364846	Enterococcus faecalis	GPT22-006	OXFORD_NANOPORE	GridION	844542828.0	417430.0	WGS	GENOMIC	SINGLE	Enterococcus faecalis, DBT kit, 12-plex and 50 ng DNA, replicate 3
SRR26386666	SRX22092777	SRS19158738	SRP466359	PRJNA660241	Salmonella sp. C3101	C3101	PACBIO_SMRT	PacBio RS	1425865800.0	4752886.0	WGS	GENOMIC	PAIRED	Salmonella enterica Genome sequencing
SRR35212500	SRX30316277	SRS26363294	SRP291668	PRJNA675431	Enterococcus faecium	FI545	OXFORD_NANOPORE	PromethION	787877226.0	248154.0	WGS	GENOMIC	SINGLE	WGS of Enterococcus faecium
SRR10747007	SRX7422391	SRS906947	SRP018785	PRJNA186035	Salmonella enterica subsp. enterica serovar Mississippi	CFSAN029878	PACBIO_SMRT	Sequel	1161868074.0	169743.0	WGS	GENOMIC	SINGLE	Whole genome PacBio Sequel sequence of Salmonella enterica
SRR30949815	SRX26352273	SRS22817264	SRP536567	PRJNA1165464	Escherichia coli	Not applicable	OXFORD_NANOPORE	MinION	301826506.0	56275.0	WGS	GENOMIC	SINGLE	Nanopore sequencing of E.coli: blood isolate
DRR424369	DRX409575	DRS205726	DRP007744	PRJDB12343	Escherichia coli	MyNCGM383_1	OXFORD_NANOPORE	MinION	232767678.0	20184.0	WGS	GENOMIC	SINGLE	MinION sequencing of SAMD00406298
SRR21629974	SRX17630722	SRS14986976	SRP354045	PRJNA747871	Streptomyces sp. NBC_00335	NBC_00335	OXFORD_NANOPORE	MinION	9114612.0	22234.0	WGS	GENOMIC	SINGLE	nanopore sequencing data from strain NBC_00335
SRR29316946	SRX24833664	SRS21545495	SRP512379	PRJNA1121190	Vibrio cholerae	124Vc07	OXFORD_NANOPORE	PromethION	531987814.0	109274.0	WGS	GENOMIC	SINGLE	WGS of Vcholerae isolates
SRR31879098	SRX27237993	SRS23684083	SRP555050	PRJNA1205886	Escherichia coli	ER_113_EC1	OXFORD_NANOPORE	MinION	787140888.0	151681.0	WGS	GENOMIC	SINGLE	WGS of Escherichia coli : Wastewater
SRR31599583	SRX26964099	SRS23433812	SRP549287	PRJNA1185485	Escherichia coli	14	OXFORD_NANOPORE	PromethION	1005860174.0	146422.0	WGS	GENOMIC	SINGLE	2ndManhole-barcode14
SRR19349823	SRX15408610	SRS12115310	SRP361569	PRJNA768416	Paenibacillus sp. FSL M8-0212	FSL M8-0212	OXFORD_NANOPORE	MinION	1098488381.0	216247.0	WGS	GENOMIC	SINGLE	WGS of Bacilli
SRR31541007	SRX26907917	SRS23387376	SRP548173	PRJNA1190675	Escherichia coli	The same strain as the one under SRA accession SRR12503021	OXFORD_NANOPORE	MinION	809495398.0	93582.0	WGS	GENOMIC	SINGLE	ONT of TAS021
SRR16525549	SRX12728450	SRS10337031	SRP357534	PRJNA801415	Escherichia coli	69	OXFORD_NANOPORE	GridION	1610651289.0	147482.0	WGS	GENOMIC	SINGLE	Extensive diversification and dissemination of blaNDM carbapenemase plasmids in Enterobacterales in Singapore 2010-2015
SRR13269109	SRX9699348	SRS7895465	SRP272861	PRJNA646575	Bacteroides fragilis		OXFORD_NANOPORE	GridION	602809496.0	115248.0	WGS	GENOMIC	SINGLE	WGS  of Bacteroides fragilis group clinical isolates
SRR30791260	SRX26192731	SRS22735262	SRP534624	PRJNA1161571	Burkholderia pseudomallei	Bp13	OXFORD_NANOPORE	MinION	678730887.0	179945.0	WGS	GENOMIC	SINGLE	Nanopore sequencing of B. pseudomallei
SRR32738809	SRX28025041	SRS24384024	SRP570930	PRJNA1223406	Pristimantibacillus sp. PTI5	PTI5	OXFORD_NANOPORE	GridION	1297336382.0	364100.0	WGS	GENOMIC	SINGLE	Long reads for PTI5
SRR9641609	SRX6403453	SRS5061479	SRP040661	PRJNA231221	Bacillus cereus	FDAARGOS_781	PACBIO_SMRT	PacBio RS	2227922055.0	163482.0	WGS	GENOMIC	SINGLE	
ERR9030344	ERX8573754	ERS10792261	ERP133548	PRJEB49093	Mycobacterium tuberculosis	Lineage 4.1	OXFORD_NANOPORE	MinION	316915384.0	167872.0	WGS	GENOMIC	SINGLE	MinION sequencing; Raw reads: mada_1-2-nanopore
ERR9030328	ERX8573738	ERS10792243	ERP133548	PRJEB49093	Mycobacterium tuberculosis	Lineage 1.1.2	OXFORD_NANOPORE	MinION	425454682.0	240185.0	WGS	GENOMIC	SINGLE	MinION sequencing; Raw reads: mada_1-1-nanopore
SRR13594940	SRX9989383	SRS3136454	SRP095355	PRJNA308180	Salmonella enterica subsp. enterica	CFSAN058565	OXFORD_NANOPORE	MinION	1895605830.0	488428.0	WGS	GENOMIC	SINGLE	Whole genome Oxford Nanopore MinION sequence of Salmonella enterica subsp. enterica
SRR28434698	SRX24038814	SRS20831721	SRP497546	PRJNA1091452	Klebsiella pneumoniae	KP07-PS	OXFORD_NANOPORE	MinION	1593019859.0	134992.0	WGS	GENOMIC	SINGLE	ONT performance study sequencing of K. pneumoniae
SRR34939908	SRX30062406	SRS26130220	SRP607918	PRJNA1304151	Pantoea ananatis	B2005	OXFORD_NANOPORE	MinION	1901.0	1.0	WGS	GENOMIC	SINGLE	MLSA
SRR5838620	SRX3014848	SRS2364542	SRP112768	PRJNA363956	Streptomyces sp. TLI_235	TLI_235	PACBIO_SMRT	PacBio RS II	199167265.0	62589.0	WGS	GENOMIC	SINGLE	Streptomyces sp. TLI_235
SRR25793446	SRX21515663	SRS8481746	SRP457515	PRJNA1010762	Bacillus cereus		OXFORD_NANOPORE	MinION	237200038.0	63219.0	WGS	GENOMIC	SINGLE	whole-genome sequencing of Bacillus cereus
SRR13386125	SRX9805304	SRS7989379	SRP300861	PRJNA663900	Enterococcus sp. DIV0176	DIV0176	OXFORD_NANOPORE	GridION	979147591.0	129328.0	WGS	GENOMIC	SINGLE	Zoo 3 Enterococcus Diversity Genome sequencing and assembly
ERR14686216	ERX14087735	ERS23773355	ERP169826	PRJEB86481	Escherichia coli str. K-12 substr. MG1655	K-12	OXFORD_NANOPORE	MinION	164850839.0	80082.0	WGS	GENOMIC	SINGLE	MinION sequencing
ERR2503171	ERX2522414	ERS1572783	ERP021285	PRJEB19288	Vibrio cholerae		PACBIO_SMRT	PacBio RS	105412951.0	163482.0	WGS	GENOMIC	SINGLE	PacBio RS sequencing
SRR32375285	SRX27708156	SRS21131514	SRP444583	PRJNA962904	Escherichia coli		PACBIO_SMRT	Sequel II	162843869.0	5988.0	WGS	GENOMIC	SINGLE	PacBio sequencing of CS26480E1 for ARCH 1.0
SRR35281940	SRX30384009	SRS26424127	SRP618029	PRJNA1321121	Streptococcus uberis	1121346	OXFORD_NANOPORE	MinION	184716480.0	98272.0	WGS	GENOMIC	SINGLE	WGS of Streptoccocus uberis islated from cows with mastitis
ERR2496353	ERX2515594	ERS1943141	ERP005928	PRJEB6403	Bordetella petrii		PACBIO_SMRT	PacBio RS	1060491897.0	163482.0	WGS	GENOMIC	SINGLE	PacBio RS sequencing
SRR27089216	SRX22778483	SRS19762645	SRP475972	PRJNA1049017	Enterococcus faecium	HRH41	OXFORD_NANOPORE	GridION	553610960.0	98384.0	WGS	GENOMIC	SINGLE	Genomic Sequencing of both Escherichia coli and Enterococcus: recurrent urinary tract infections
SRR22699670	SRX18661748	SRS16106237	SRP412630	PRJNA906261	Mycoplasmopsis felis	329	OXFORD_NANOPORE	MinION	797858971.0	156572.0	WGS	GENOMIC	SINGLE	Oxford Nanopore sequencing of Mycoplasma felis isolated from domestic cat
SRR30669824	SRX26088500	SRS22655087	SRP532785	PRJNA1159912	Staphylococcus epidermidis	CCARM 3A673	OXFORD_NANOPORE	MinION	119493010.0	15593.0	WGS	GENOMIC	SINGLE	WGS of S. epidermidis: Clade B strains
SRR5172866	SRX2489180	SRS1783097	SRP092604	PRJNA256019	Spiroplasma poulsonii	MSRO	PACBIO_SMRT	PacBio RS II	237969327.0	150291.0	WGS	GENOMIC	SINGLE	Spiroplasma poulsonii MSRO genome
SRR5902561	SRX3064138	SRS1832572	SRP094480	PRJNA279196	Bordetella pertussis	J019	PACBIO_SMRT	PacBio RS II	805363367.0	163482.0	WGS	GENOMIC	SINGLE	
SRR30944953	SRX26347451	SRS22853350	SRP537443	PRJNA1170947	Serratia marcescens	CAV1492	OXFORD_NANOPORE	MinION	1501759183.0	227715.0	WGS	GENOMIC	SINGLE	Whole Genome Sequencing of CAV3847: Sink-3PS
SRR33366304	SRX28610268	SRS24878426	SRP500352	PRJNA1097666	Escherichia coli	24AR0357	OXFORD_NANOPORE	GridION	919625629.0	106611.0	WGS	GENOMIC	SINGLE	Escherichia coli strain 24AR0357
SRR12266909	SRX8772004	SRS7042474	SRP051988	PRJNA271006	Enterobacter hormaechei subsp. steigerwaltii		OXFORD_NANOPORE	MinION	307364031.0	42425.0	WGS	GENOMIC	SINGLE	
ERR15602665	ERX15005889	ERS26882933	ERP180185	PRJEB97707	Escherichia coli		OXFORD_NANOPORE	MinION	675974249.0	81852.0	WGS	GENOMIC	SINGLE	MinION sequencing
SRR534079	SRX174142	SRS281278	SRP001087	PRJNA40075	Escherichia coli str. K-12 substr. MG1655	K-12	PACBIO_SMRT	PacBio RS	71567655.0	81741.0	WGS	GENOMIC	SINGLE	Whole Genome Sequencing and Assembly
SRR31599468	SRX26964214	SRS23433926	SRP549287	PRJNA1185485	Escherichia coli	740	OXFORD_NANOPORE	PromethION	330078562.0	60000.0	WGS	GENOMIC	SINGLE	W3R-barcode67
SRR32527919	SRX27839609	SRS24213942	SRP567071	PRJNA1230128	Salmonella enterica subsp. enterica serovar Java	20EPA002NSA_4	OXFORD_NANOPORE	MinION	497965030.0	132118.0	WGS	GENOMIC	SINGLE	nanopore sequence of Salmonella enterica
ERR13802568	ERX13203320	ERS21186443	ERP164461	PRJEB80477	Staphylococcus aureus		OXFORD_NANOPORE	MinION	143884222.0	51773.0	WGS	GENOMIC	SINGLE	MinION sequencing
SRR9047972	SRX5824490	SRS4752545	SRP051949	PRJNA271899	Klebsiella pneumoniae	MGH303	OXFORD_NANOPORE	GridION	1208593378.0	294347.0	WGS	GENOMIC	SINGLE	Sequencing of Carbapenem resistant bacteria
SRR34973945	SRX30092898	SRS26157845	SRP608514	PRJNA1305037	Enterobacter hormaechei	MI_KPC_629	OXFORD_NANOPORE	PromethION	500001966.0	55360.0	WGS	GENOMIC	SINGLE	KPC CRE collection from state of Michigan
ERR16064640	ERX15454822	ERS28397775	ERP173262	PRJEB90249	Staphylococcus aureus		OXFORD_NANOPORE	GridION	1070971145.0	501127.0	WGS	GENOMIC	SINGLE	GridION sequencing
SRR19184140	SRX15249028	SRS12981608	SRP375062	PRJNA837734	Listeria monocytogenes	BL88/023-B	OXFORD_NANOPORE	MinION	278942216.0	77130.0	WGS	GENOMIC	SINGLE	Nanopore sequencing of Listeria monocytogenes
SRR707840	SRX228395	SRS416708	SRP021603	PRJNA88833	Enterococcus mundtii ATCC 882	ATCC 882	PACBIO_SMRT	PacBio RS	104657699.0	81741.0	WGS	GENOMIC	SINGLE	Pacbio whole genome shotgun sequencing of genomic DNA library 'PACBIO-289' containing sample 'ATCC882' from individual 'Enterococcus mundtii ATCC882'
SRR901518	SRX306360	SRS445369	SRP026053	PRJNA203564	Mycobacteroides abscessus MAB_030201_1061	MAB_020201_1061	PACBIO_SMRT	PacBio RS	328031281.0	81741.0	WGS	GENOMIC	SINGLE	
ERR12328543	ERX11705347	ERS17177502	ERP155552	PRJEB70626	Mycobacterium tuberculosis		OXFORD_NANOPORE	MinION	100605640.0	38624.0	WGS	GENOMIC	SINGLE	MinION sequencing
SRR33768844	SRX28991191	SRS22455943	SRP444583	PRJNA962904	Klebsiella pneumoniae		PACBIO_SMRT	Sequel II	372575846.0	17665.0	WGS	GENOMIC	SINGLE	PacBio sequencing of AH0775HE1 for ARCH 2
SRR24129389	SRX19928235	SRS17279233	SRP431983	PRJNA954000	Escherichia coli	85.0412	PACBIO_SMRT	Sequel II	3444599473.0	263473.0	WGS	GENOMIC	SINGLE	Whole genome sequencing of ExPECs
ERR4910194	ERX4777018	ERS4556740	ERP121699	PRJEB38289	Klebsiella pneumoniae		PACBIO_SMRT	PacBio RS	344157008.0	54494.0	WGS	GENOMIC	SINGLE	PacBio RS sequencing
ERR10498387	ERX10015676	ERS14255397	ERP142629	PRJEB57633	Escherichia coli		OXFORD_NANOPORE	GridION	124315590.0	18023.0	WGS	GENOMIC	SINGLE	Raw reads: ONT_30345_1#240
SRR28445583	SRX24049092	SRS20840578	SRP497734	PRJNA1077798	Alteromonas gracilis	J4	OXFORD_NANOPORE	MinION	2574688.0	1000.0	WGS	GENOMIC	SINGLE	Alteromonas gracilis strain J4, whole genome Nanopore Sequencing
ERR10163726	ERX9700311	ERS13423653	ERP140710	PRJEB55790	Apilactobacillus kunkeei	H3B2-03M-01	PACBIO_SMRT	Sequel	870840579.0	171823.0	WGS	GENOMIC	SINGLE	Sequel sequencing; Raw reads: H3B2-03M-01
SRR30944966	SRX26347438	SRS22853335	SRP537443	PRJNA1170947	Klebsiella michiganensis	K5-3	OXFORD_NANOPORE	MinION	1534237817.0	175346.0	WGS	GENOMIC	SINGLE	Whole Genome Sequencing of CAV2876: Sink-3PS
SRR33300119	SRX28545209	SRS24844360	SRP581013	PRJNA1255117	Staphylococcus aureus	Staphylococcus	OXFORD_NANOPORE	GridION	978519636.0	272588.0	WGS	GENOMIC	SINGLE	WGS of S. aureus sample 66
ERR8607187	ERX8239767	ERS10607589	ERP135255	PRJEB50649	Neisseria gonorrhoeae		OXFORD_NANOPORE	MinION	182873440.0	58890.0	WGS	GENOMIC	SINGLE	MinION sequencing
SRR498086	SRX148634	SRS281882	SRP013241	PRJNA73829	Vibrio cholerae		PACBIO_SMRT	PacBio RS	1067329.0	2256.0	WGS	GENOMIC	SINGLE	
ERR11835633	ERX11233786	ERS16255224	ERP140274	PRJEB55384	Bacteroides finegoldii	Bacteroides finegoldii TSDC17.2-1.1	PACBIO_SMRT	Sequel	252808245.0	34950.0	WGS	GENOMIC	SINGLE	Sequel sequencing; Raw reads: Bacteroides_finegoldii_TSDC17.2_ISOLATE_R2
SRR9290563	SRX6060097	SRS4873357	SRP200324	PRJNA546081	Streptomyces coeruleorubidus	ATCC 13740	PACBIO_SMRT	PacBio RS II	746765997.0	155563.0	WGS	GENOMIC	SINGLE	genome-seq of Streptomyces coeruleorubidus
SRR35115816	SRX30224655	SRS26278731	SRP612217	PRJNA1307276	Klebsiella pneumoniae	ESBLKP_MG22	OXFORD_NANOPORE	MinION	486583206.0	231189.0	WGS	GENOMIC	SINGLE	Nanopore DNA-Seq of ESBL-producing K.pneumoniae (ESBLKP) MG22
ERR13600318	ERX12971341	SRS12438178	SRP366725	PRJNA660354	Klebsiella pneumoniae	2020-314	OXFORD_NANOPORE	GridION	929540711.0	40700.0	WGS	GENOMIC	SINGLE	GridION sequencing
SRR21696689	SRX17694093	SRS11554290	SRP354045	PRJNA747871	Streptomyces sp. NBC_01005	NBC_01005	OXFORD_NANOPORE	MinION	881471665.0	102313.0	WGS	GENOMIC	SINGLE	nanopore sequencing data from strain NBC_01005
SRR24000760	SRX19804196	SRS17166152	SRP429893	PRJNA949825	Auritidibacter ignavus	BABAE-3	OXFORD_NANOPORE	GridION	49446044.0	4390.0	WGS	GENOMIC	SINGLE	WGS of Auritidibacter ignavus
SRR28415525	SRX24019910	SRS20798072	SRP496639	PRJNA1090044	Staphylococcus aureus	TUM22723	OXFORD_NANOPORE	MinION	860968570.0	255268.0	WGS	GENOMIC	SINGLE	ONT sequencing of Staphylococcus aureus TUM22723
SRR4156306	SRX2133045	SRS1669400	SRP085663	PRJNA303379	Vibrio sp. ES.051	ES.051	PACBIO_SMRT	PacBio RS	346575448.0	131691.0	WGS	GENOMIC	SINGLE	Vibrio sp. ES.051
ERR10490993	ERX10010304	ERS7104604	ERP109413	PRJEB27342	Klebsiella planticola		PACBIO_SMRT	Sequel II	8594368384.0	1633681.0	WGS	GENOMIC	SINGLE	Sequel II sequencing
ERR10356982	ERX9889098	ERS6795125	ERP109413	PRJEB27342	Klebsiella pneumoniae		PACBIO_SMRT	Sequel II	6781343038.0	1162917.0	WGS	GENOMIC	SINGLE	Sequel II sequencing
SRR18700816	SRX14801783	SRS12559764	SRP369058	PRJNA696062	Aeromicrobium fastidiosum	DSM 10552	PACBIO_SMRT	Sequel II	4662543443.0	700889.0	WGS	GENOMIC	SINGLE	Aeromicrobium fastidiosum DSM 10552
SRR34545580	SRX29688494	SRS25796211	SRP600889	PRJNA1219506	Embleya sp. MST-111070	MST-111070	PACBIO_SMRT	PacBio RS II	917672971.0	119696.0	WGS	GENOMIC	SINGLE	"Sequencing was performed with C4-P6 chemistry on three SMRT cells with a RSII sequencer; the data were processed and assembled with HGAP3. The uploaded file contains the ""Filtered Subreads"" from the ""data"" folder of the assembly project, since the trully raw reads were not made available to us."
DRR546378	DRX530150	DRS410265	DRP012097	PRJDB15501	Staphylococcus aureus	17005-19-S035	OXFORD_NANOPORE	GridION	98458870.0	10026.0	WGS	GENOMIC	SINGLE	GridION sequencing of SAMD00591052
ERR4781473	ERX4651268	ERS5247978	ERP124695	PRJEB40976	Enterococcus faecalis		OXFORD_NANOPORE	GridION	446559652.0	24213.0	WGS	GENOMIC	SINGLE	GridION sequencing; Raw reads: 27688_1#172
SRR31598941	SRX26963544	SRS23433256	SRP549287	PRJNA1185485	Escherichia coli	81	OXFORD_NANOPORE	PromethION	2444327009.0	478708.0	WGS	GENOMIC	SINGLE	2ndManhole-barcode89
SRR17127865	SRX13312339	SRS11220758	SRP040661	PRJNA231221	[Clostridium] innocuum	FDAARGOS_1584	PACBIO_SMRT	Sequel II	12897799946.0	1287124.0	WGS	GENOMIC	SINGLE	
SRR21630436	SRX17630963	SRS11554407	SRP354045	PRJNA747871	Streptomyces longwoodensis	NBC 00538	OXFORD_NANOPORE	MinION	1116629480.0	128910.0	WGS	GENOMIC	SINGLE	nanopore sequencing data from strain NBC_00538
SRR386535	SRX109805	SRS212337	SRP007233	PRJNA64879	Fusobacterium animalis F0419	OT 420	PACBIO_SMRT	PacBio RS	41196695.0	81741.0	WGS	GENOMIC	SINGLE	Whole Genome Sequencing and Assembly
SRR23325988	SRX19268216	SRS16670210	SRP420766	PRJNA928861	Bacillus velezensis	Lwp6	OXFORD_NANOPORE	GridION	3144062316.0	4195967.0	WGS	GENOMIC	SINGLE	Bacillus velezensis Lwp6
SRR25690273	SRX21415455	SRS18653909	SRP455827	PRJNA1006749	Salmonella enterica	U8A3	PACBIO_SMRT	Sequel II	533934192.0	76443.0	WGS	GENOMIC	SINGLE	WGS of Salmonella enterica: water
DRR482569	DRX466795	DRS312802	DRP010188	PRJDB15932	Campylobacter jejuni	BCH-11107	OXFORD_NANOPORE	MinION	701938778.0	119634.0	WGS	GENOMIC	SINGLE	SSUB025744: Campylobacter jejuni BCH-11107
DRR393637	DRX379456	DRS296970	DRP007849	PRJDB10842	Klebsiella pneumoniae	JBBDAAF-19-0006	OXFORD_NANOPORE	GridION	991706300.0	137061.0	WGS	GENOMIC	SINGLE	GridION sequencing of SAMD00498495
ERR1588651	ERX1659297	ERS1188828	ERP005928	PRJEB6403	Salmonella enterica	NCTC9854	PACBIO_SMRT	PacBio RS	2110291752.0	163482.0	WGS	GENOMIC	SINGLE	PacBio RS sequencing
SRR30200670	SRX25663713	SRS22306258	SRP525621	PRJNA1133913	Klebsiella pneumoniae	107_kpn	OXFORD_NANOPORE	GridION	393348301.0	25867.0	WGS	GENOMIC	SINGLE	ONT seq of kpn:tracheo-bronchial aspirate
SRR33768641	SRX28990836	SRS22396859	SRP444583	PRJNA962904	Escherichia coli		PACBIO_SMRT	Sequel II	777216840.0	37819.0	WGS	GENOMIC	SINGLE	PacBio sequencing of A160002HE1 for ARCH 2
SRR18681723	SRX14782774	SRS12539537	SRP368114	PRJNA824420	Escherichia coli	GD03008_ECOL_HY_126	OXFORD_NANOPORE	MinION	535156633.0	61043.0	WGS	GENOMIC	SINGLE	Long-read sequencing of Escherichia coli: isolate #126 urine
SRR5181978	SRX2498087	SRS1924940	SRP096895	PRJNA353873	Mycobacterium tuberculosis		PACBIO_SMRT	PacBio RS	444603513.0	163482.0	WGS	GENOMIC	SINGLE	DNA of Mtb
SRR32638921	SRX27943438	SRS24309541	SRP477340	PRJNA805195	Streptococcus suis	not applicable	OXFORD_NANOPORE	GridION	143571078.0	35049.0	WGS	GENOMIC	SINGLE	SSUIS-Pig-OK74078CY240262
SRR26752399	SRX22451071	SRS19465117	SRP471000	PRJNA1036818	Sphingomonas sp. R86521	R86521	OXFORD_NANOPORE	MinION	251892242.0	39348.0	WGS	GENOMIC	SINGLE	WGS of Sphingomonas sp.
SRR21696644	SRX17694140	SRS14987397	SRP354045	PRJNA747871	Streptomyces sp. NBC_01597	NBC_01597	OXFORD_NANOPORE	MinION	219900451.0	87399.0	WGS	GENOMIC	SINGLE	nanopore sequencing data from strain NBC_01597
SRR26282612	SRX21991705	SRS5596592	SRP227831	PRJNA586859	Mycobacterium tuberculosis	6552	PACBIO_SMRT	Sequel II	668270158.0	76293.0	WGS	GENOMIC	SINGLE	TB6741
SRR14766839	SRX11100189	SRS9165131	SRP323385	PRJNA639797	Pseudomonas alvandae	SWRI17	OXFORD_NANOPORE	MinION	905665069.0	135245.0	WGS	GENOMIC	SINGLE	Nanopore sequencing of isolate SWRI17
ERR1681953	ERX1751570	ERS1234128	ERP005928	PRJEB6403	Campylobacter fetus subsp. fetus	NCTC10842	PACBIO_SMRT	PacBio RS	825602005.0	163482.0	WGS	GENOMIC	SINGLE	PacBio RS sequencing
SRR386295	SRX109858	SRS002782	SRP001679	PRJNA32483	Fusobacterium animalis 7_1	7_1	PACBIO_SMRT	PacBio RS	76152769.0	81741.0	WGS	GENOMIC	SINGLE	Whole Genome Sequencing and Assembly
SRR29316906	SRX24833704	SRS21545535	SRP512379	PRJNA1121190	Vibrio cholerae	139Vc04	OXFORD_NANOPORE	PromethION	1113585380.0	203604.0	WGS	GENOMIC	SINGLE	WGS of Vcholerae isolates
SRR386012	SRX109796	SRS001120	SRP000361	PRJNA32935	Enterococcus casseliflavus EC20	899205	PACBIO_SMRT	PacBio RS	91063284.0	81741.0	WGS	GENOMIC	SINGLE	Whole Genome Sequencing and Assembly
SRR10100098	SRX6832046	SRS5373673	SRP078859	PRJNA312475	Escherichia coli	176	OXFORD_NANOPORE	MinION	719150959.0	73624.0	WGS	GENOMIC	SINGLE	mcr-1 Colistin Resistance Genes Mobilized by IncX4 and IncHI2 Plasmids in Escherichia coli of Pigs and White Stork in Spain
SRR32972693	SRX28245863	SRS24593526	SRP576427	PRJNA1190511	Yersinia pestis	N010059	PACBIO_SMRT	Sequel	532393066.0	40877.0	WGS	GENOMIC	SINGLE	WGS of Yersinia pestis: cultured strain N010059
ERR10497959	ERX10015248	ERS14254593	ERP142629	PRJEB57633	Escherichia coli		OXFORD_NANOPORE	GridION	91596284.0	11760.0	WGS	GENOMIC	SINGLE	Raw reads: ONT_30348_1#104
ERR15195713	ERX14601369	ERS25144166	ERP160948	PRJEB76420	Klebsiella oxytoca		OXFORD_NANOPORE	MinION			WGS	GENOMIC	SINGLE	MinION sequencing
SRR31656627	SRX27019669	SRS23483957	SRP550369	PRJNA1184001	Pseudomonas aeruginosa	227	OXFORD_NANOPORE	MinION	2455695141.0	270826.0	WGS	GENOMIC	SINGLE	P. aeruginosa
ERR12642473	ERX12016806	ERS16541473	ERP155683	PRJEB70780	Escherichia coli		OXFORD_NANOPORE	MinION	936712425.0	193157.0	WGS	GENOMIC	SINGLE	MinION sequencing
SRR34973530	SRX30092796	SRS26157780	SRP608514	PRJNA1305037	Klebsiella pneumoniae	MI_KPC_812	OXFORD_NANOPORE	PromethION	500003269.0	58324.0	WGS	GENOMIC	SINGLE	KPC CRE collection from state of Michigan
SRR14506439	SRX10852415	SRS8939115	SRP315092	PRJNA721536	Enterobacter hormaechei subsp. xiangfangensis	BT844:NRCR7	OXFORD_NANOPORE	MinION	116120344.0	19449.0	WGS	GENOMIC	SINGLE	bla Ndm-6 and ctx-m 15 and DHA 24co-harbouring Enterobacter
SRR4237169	SRX2158405	SRS1687801	SRP089595	PRJNA331276	Bradyrhizobium canariense	GAS369	PACBIO_SMRT	PacBio RS	171771925.0	42364.0	WGS	GENOMIC	SINGLE	Bradyrhizobium canariense GAS369
SRR31024235	SRX26411328	SRS22931284	SRP539092	PRJNA1174068	Vibrio cholerae	mHDM VC209	OXFORD_NANOPORE	PromethION	117395385.0	28954.0	WGS	GENOMIC	SINGLE	WGS of Vcholerae isolates
SRR16089760	SRX12376172	SRS10347044	SRP151364	PRJNA477706	Moraxella bovis	SAM102599	PACBIO_SMRT	Sequel	2728515144.0	510220.0	WGS	GENOMIC	SINGLE	Sequencing Moraxella genomes
SRR35741937	SRX30791218	SRS26805314	SRP630607	PRJNA1337935	Clostridioides difficile	5401	OXFORD_NANOPORE	MinION	810266004.0	560565.0	WGS	GENOMIC	SINGLE	DNA-Seq of Clostridioides difficile: stool
SRR15989477	SRX12278062	SRS9999251	SRP357537	PRJNA801416	Escherichia coli	E47	OXFORD_NANOPORE	GridION	1055988372.0	223609.0	WGS	GENOMIC	SINGLE	Whole Genome Sequencing of Carbapenemase-producing Enterobacterales (CPE)
SRR28434887	SRX24038672	SRS20831664	SRP497546	PRJNA1091452	Enterococcus faecium	EF24-PS	OXFORD_NANOPORE	MinION	446067944.0	102820.0	WGS	GENOMIC	SINGLE	ONT performance study sequencing of E.faecium
SRR12298700	SRX8801877	SRS6792525	SRP266402	PRJNA605147	Enterobacter hormaechei	RHBSTW-00626	OXFORD_NANOPORE	GridION	1210861540.0	221622.0	WGS	GENOMIC	SINGLE	OXFORD_NANOPORE sequencing of Enterobacter cloacae isolate WTP3|T2-00626 cultured from WTP influent sample
ERR10498897	ERX10016186	ERS14256080	ERP142629	PRJEB57633	Escherichia coli		OXFORD_NANOPORE	GridION	115804648.0	36235.0	WGS	GENOMIC	SINGLE	Raw reads: ONT_30602_2#338
SRR30896508	SRX26300061	SRS22828784	SRP536878	PRJNA1134622	Escherichia coli	OXEC-349	OXFORD_NANOPORE	MinION	738917106.0	305156.0	WGS	GENOMIC	SINGLE	OXEC-349
SRR12298404	SRX8801663	SRS6792294	SRP266402	PRJNA605147	Citrobacter freundii	RHBSTW-00135	OXFORD_NANOPORE	GridION	1105373686.0	195226.0	WGS	GENOMIC	SINGLE	OXFORD_NANOPORE sequencing of Citrobacter freundii isolate WTP1|T1-00135 cultured from WTP influent sample
SRR11782079	SRX8334531	SRS6653584	SRP261368	PRJNA630500	Agrobacterium vitis	K306	PACBIO_SMRT	Sequel	1698253109.0	289899.0	WGS	GENOMIC	SINGLE	WGS_Allorhizobium_vitis_K306
SRR31541018	SRX26907906	SRS23387365	SRP548173	PRJNA1190675	Escherichia coli	The same strain as the one under SRA accession SRR7215914	OXFORD_NANOPORE	MinION	318984580.0	46786.0	WGS	GENOMIC	SINGLE	ONT of TAS191
SRR989485	SRX352892	SRS481724	SRP030012	PRJNA203570	Mycobacteroides abscessus MAB_091912_2455	MAB_091912_2455	PACBIO_SMRT	PacBio RS	247177807.0	163482.0	WGS	GENOMIC	SINGLE	
ERR10499242	ERX10016528	ERS14255691	ERP142629	PRJEB57633	Escherichia coli		OXFORD_NANOPORE	GridION	48739602.0	6161.0	WGS	GENOMIC	SINGLE	Raw reads: ONT_30859_5#57
ERR14366900	ERX13768298	ERS23242489	ERP169113	PRJEB85738	Enterobacter cloacae		OXFORD_NANOPORE	MinION	304391426.0	1174547.0	WGS	GENOMIC	SINGLE	MinION sequencing
SRR30342990	SRX25801159	SRS22432634	SRP528120	PRJNA1150149	Klebsiella pneumoniae	ST307	OXFORD_NANOPORE	MinION	182369939.0	77458.0	WGS	GENOMIC	SINGLE	ONT long-read sequencing of potential healthcare transmission pathogens
SRR30149490	SRX25617143	SRS21937667	SRP518730	PRJNA1133668	Klebsiella pneumoniae	ST258KP124	OXFORD_NANOPORE	MinION	93984736.0	12151.0	WGS	GENOMIC	SINGLE	Nanopore sequencing of clinical CRE isolates: human
SRR9213981	SRX5984731	SRS4729748	SRP188851	PRJNA523365	Mycobacteroides abscessus	JHN_AB_0014_1	OXFORD_NANOPORE	GridION	1743637938.0	1783349.0	WGS	GENOMIC	SINGLE	Sequencing of non-tuberculosis mycobacteria
SRR17661344	SRX13829342	SRS11708027	SRP355783	PRJNA798339	Hyphomonadaceae bacterium BL14	BL14	OXFORD_NANOPORE	MinION	428729955.0	33964.0	WGS	GENOMIC	SINGLE	BL14 Nanopore
ERR10367359	ERX9899290	ERS710990	SRP272326	PRJNA646837	Klebsiella pneumoniae	INF302	OXFORD_NANOPORE	MinION	752107373.0	85389.0	WGS	GENOMIC	SINGLE	MinION sequencing
SRR1614023	SRX734255	SRS722750	SRP048978	PRJNA235893	Burkholderia pseudomallei K96243	K96243	PACBIO_SMRT	PacBio RS	1489646994.0	251912.0	WGS	GENOMIC	SINGLE	PacBio Data for BFP
SRR25890271	SRX21610568	SRS18783798	SRP458186	PRJNA1012291	Staphylococcus	Staphylococcus aureus	OXFORD_NANOPORE	MinION	662878997.0	711130.0	WGS	GENOMIC	SINGLE	Nanopore sequencing data of MRSA
SRR900448	SRX305551	SRS444697	SRP026022	PRJNA191787	Mycobacteroides abscessus 1948	1948	PACBIO_SMRT	PacBio RS	312870549.0	81741.0	WGS	GENOMIC	SINGLE	
SRR35213389	SRX30316969	SRS26363904	SRP615992	PRJNA1301220	Acinetobacter baumannii	ABO22-A181	OXFORD_NANOPORE	MinION	154769964.0	19262.0	WGS	GENOMIC	SINGLE	Whole geneme sequencing of Acinetobacter baumannii: isolates of the Ab-One study
ERR2835758	ERX2842508	ERS1875716	ERP019480	PRJEB17615	Klebsiella pneumoniae		PACBIO_SMRT	PacBio RS	748627655.0	163482.0	WGS	GENOMIC	SINGLE	PacBio RS sequencing
SRR34973606	SRX30092719	SRS26157720	SRP608514	PRJNA1305037	Klebsiella pneumoniae	MI_KPC_602	OXFORD_NANOPORE	PromethION	333666529.0	89611.0	WGS	GENOMIC	SINGLE	KPC CRE collection from state of Michigan
SRR386701	SRX109810	SRS004883	SRP001079	PRJNA40077	Cereibacter sphaeroides 2.4.1	2.4.1	PACBIO_SMRT	PacBio RS	60744746.0	81741.0	WGS	GENOMIC	SINGLE	Whole Genome Sequencing and Assembly
SRR33895118	SRX29106735	SRS25313075	SRP590843	PRJNA1272507	Salmonella enterica	SAL-089	OXFORD_NANOPORE	GridION	718522161.0	128670.0	WGS	GENOMIC	SINGLE	ONT-WGS of Salmonella enterica
ERR13194266	ERX12565131	ERS20185778	ERP160059	PRJEB75483	Pseudomonas sichuanensis		OXFORD_NANOPORE	MinION	114132407.0	9206.0	WGS	GENOMIC	SINGLE	MinION sequencing
SRR32184166	SRX27529408	SRS16968727	SRP426074	PRJNA941188	Bacillus subtilis	PRO74	OXFORD_NANOPORE	GridION	1831904563.0	296057.0	WGS	GENOMIC	SINGLE	WGS of Bacillus subtilis: cell culture
SRR18191526	SRX14338224	SRS12152226	SRP362168	PRJNA808207	Escherichia coli	2149-O103	OXFORD_NANOPORE	MinION	435777034.0	94545.0	WGS	GENOMIC	SINGLE	MinION whole genome sequencing of STEC from ruminants
SRR24139872	SRX19938533	SRS17287242	SRP247747	PRJNA604975	Escherichia coli	ox_bsi_709	OXFORD_NANOPORE	GridION	510248790.0	213279.0	WGS	GENOMIC	SINGLE	oxford_bsi
SRR33768947	SRX28991132	SRS22455691	SRP444583	PRJNA962904	Klebsiella pneumoniae		PACBIO_SMRT	Sequel II	227241841.0	10837.0	WGS	GENOMIC	SINGLE	PacBio sequencing of AH0264HE2 for ARCH 2
ERR3280992	ERX3307801	ERS3369402	ERP114808	PRJEB32162	Mycobacterium riyadhense		PACBIO_SMRT	PacBio RS II	270220097.0	33311.0	WGS	GENOMIC	SINGLE	PacBio RS II sequencing
ERR15991606	ERX15386712	ERS28170792	ERP184281	PRJEB102899	Pseudomonas aeruginosa		OXFORD_NANOPORE	GridION	692282090.0	79302.0	WGS	GENOMIC	SINGLE	GridION sequencing
SRR24511691	SRX20296156	SRS17622200	SRP437160	PRJNA957349	Klebsiella variicola	SORGH_AS_1070	PACBIO_SMRT	Sequel IIe	535172767.0	58480.0	WGS	GENOMIC	SINGLE	Klebsiella variicola SORGH_AS1070
SRR9020445	SRX5798536	SRS4729764	SRP188851	PRJNA523365	Mycobacterium avium complex sp.	JHN_AV_0016_1	OXFORD_NANOPORE	GridION	37611979.0	35603.0	WGS	GENOMIC	SINGLE	Sequencing of non-tuberculosis mycobacteria
SRR26465534	SRX22169424	SRS19227316	SRP467862	PRJNA1000275	Klebsiella pneumoniae	2018S07-013	OXFORD_NANOPORE	MinION	1567320229.0	227661.0	WGS	GENOMIC	SINGLE	VP42
SRR18681604	SRX14782893	SRS12539545	SRP368114	PRJNA824420	Escherichia coli	GD02983_ECOL_HY_101	OXFORD_NANOPORE	MinION	447026225.0	54980.0	WGS	GENOMIC	SINGLE	Long-read sequencing of Escherichia coli: isolate #101 urine
SRR13566560	SRX9964770	SRS8138329	SRP303540	PRJNA695307	Wolbachia endosymbiont of Aedes aegypti		OXFORD_NANOPORE	MinION	184772872.0	14425.0	WGS	GENOMIC	SINGLE	Sequencing of wMel Wolbachia in Aedes aegypti
SRR15031861	SRX11343518	SRS9383692	SRP326726	PRJNA737600	Streptomyces sp. GMY02	GMY02	OXFORD_NANOPORE	GridION	9648554.0	4000.0	WGS	GENOMIC	SINGLE	WGS Streptomyces sp. GMY02
SRR12779529	SRX9249042	SRS7481611	SRP286505	PRJNA667580	Escherichia coli	GU15	OXFORD_NANOPORE	MinION	512557833.0	56931.0	WGS	GENOMIC	SINGLE	Long read sequencing of transconjugant E. coli
SRR33404841	SRX28646093	SRS24916714	SRP582691	PRJNA1256904	Providencia stuartii	missing	OXFORD_NANOPORE	MinION	498685378.0	57049.0	WGS	GENOMIC	SINGLE	NGS of Providencia isolate
SRR31502650	SRX26870595	SRS21229611	SRP510483	PRJNA1101017	Vibrio parahaemolyticus	GTVSS-032	PACBIO_SMRT	Sequel	911998723.0	119282.0	WGS	GENOMIC	SINGLE	Whole genome PacBio Sequel sequence of  Vibrio parahaemolyticus
SRR17210268	SRX13390242	SRS11290156	SRP350362	PRJNA788148	Citrobacter amalonaticus	B2s	OXFORD_NANOPORE	MinION	87602882.0	11843.0	WGS	GENOMIC	SINGLE	B2_r1_standard_7h
ERR14938997	ERX14343241	ERS22970225	ERP167347	PRJEB83773	Escherichia coli	15792	OXFORD_NANOPORE	MinION	204865396.0	35651.0	WGS	GENOMIC	SINGLE	Raw reads: 235574E_BENINEF96
SRR27001114	SRX22694065	SRS17894678	SRP436735	PRJNA970844	Francisella tularensis	FRAN255	OXFORD_NANOPORE	MinION	10229569.0	12156.0	WGS	GENOMIC	SINGLE	WGS of Francisella tularensis subsp. holarctica culture
ERR13600367	ERX12971390	SRS13154034	SRP376797	PRJNA835677	Klebsiella pneumoniae	Kpn866	OXFORD_NANOPORE	GridION	2039727079.0	194644.0	WGS	GENOMIC	SINGLE	GridION sequencing
SRR19776560	SRX15820936	SRS12273974	SRP364249	PRJNA816422	Helicobacter pylori	Hpfe054	OXFORD_NANOPORE	MinION	130879713.0	17160.0	WGS	GENOMIC	SINGLE	nanopore sequencing of h. pylori genomic DNA
SRR3747365	SRX1901232	SRS1543991	SRP078017	PRJNA214300	Thermogemmatispora carboxidivorans	PM5	PACBIO_SMRT	PacBio RS	178551320.0	67774.0	WGS	GENOMIC	SINGLE	Thermogemmatispora sp. PM5
SRR13680640	SRX10070068	SRS8231709	SRP303037	PRJNA694442	Salmonella enterica		OXFORD_NANOPORE	GridION	2185350114.0	284562.0	WGS	GENOMIC	SINGLE	Multiplex WGS of Salmonella enterica
SRR11059145	SRX7705067	SRS6128963	SRP248044	PRJNA459253	Clostridium beijerinckii	DJ281	PACBIO_SMRT	PacBio RS II	584217909.0	185850.0	WGS	GENOMIC	SINGLE	Clostridium beijerinckii DJ281
SRR8608864	SRX5408277	SRS4392355	SRP186593	PRJNA523610	Bacillus anthracis	Sterne/pUTE29	OXFORD_NANOPORE	MinION	454890101.0	97129.0	WGS	GENOMIC	SINGLE	Silica Membrane Qiagen Sterne Field Kit
SRR12828401	SRX9296039	SRS5635529	SRP229523	PRJNA589028	Escherichia coli	17-AB00432	OXFORD_NANOPORE	MinION	742224076.0	67914.0	WGS	GENOMIC	SINGLE	raw reads of MinION sequenced E. coli
ERR3700249	ERX3689789	ERS2787565	ERP110627	PRJEB28425	Hafnia alvei		PACBIO_SMRT	Sequel	2165999541.0	451151.0	WGS	GENOMIC	SINGLE	Sequel sequencing
SRR25467238	SRX21199687	SRS18458350	SRP452337	PRJNA1000618	Escherichia coli	Escherichia coli BL21(DE3)	OXFORD_NANOPORE	MinION	9521620.0	4000.0	WGS	GENOMIC	SINGLE	CASTVK transposition with different condition
ERR1046594	ERX1126885	ERS812516	ERP005928	PRJEB6403	Klebsiella pneumoniae	NCTC5051	PACBIO_SMRT	PacBio RS	899259313.0	163482.0	WGS	GENOMIC	SINGLE	PacBio RS sequencing
SRR12710648	SRX9189557	SRS7425648	SRP285349	PRJNA658327	Rothia dentocariosa	CECT 30000	OXFORD_NANOPORE	MinION	643598920.0	83301.0	WGS	GENOMIC	SINGLE	Oxford Nanopore Technologies raw reads from nitrate-reducing isolated organism from dental plaque sample number 17 of donor number 1
SRR31565371	SRX26931294	SRS23404804	SRP548643	PRJNA1192988	Vibrio cholerae	204-14	OXFORD_NANOPORE	PromethION	690337373.0	171092.0	WGS	GENOMIC	SINGLE	PulseNet Africa ONT sequencing of Vibrio cholerae isolates
SRR30149365	SRX25617268	SRS21937431	SRP518730	PRJNA1133668	Escherichia coli	ST167EC1	OXFORD_NANOPORE	MinION	195166925.0	26957.0	WGS	GENOMIC	SINGLE	Nanopore sequencing of clinical CRE isolates: human
SRR27991880	SRX23644634	SRS20455852	SRP489545	PRJNA1076228	Streptococcus pyogenes	MGAS37804	OXFORD_NANOPORE	GridION	500011662.0	19944.0	WGS	GENOMIC	SINGLE	Oxford Nanopore Technology WGS of GAS M1 clinical isolates
SRR13449133	SRX9862237	SRS8042175	SRP295672	PRJNA681856	Salmonella enterica subsp. salamae	LHICA_SA3	OXFORD_NANOPORE	MinION	30045541.0	4000.0	WGS	GENOMIC	SINGLE	WGS of Salmonella Lhica SA3_16
SRR26135317	SRX21848663	SRS18945919	SRP462494	PRJNA1019784	Shigella sonnei	3.6.1.1.2	OXFORD_NANOPORE	GridION	402739737.0	43019.0	WGS	GENOMIC	SINGLE	WGS of Shigella in Vancouver, 2021-23
SRR25906302	SRX21626396	SRS18797615	SRP458458	PRJNA1012901	Kitasatospora aureofaciens	Tu117	OXFORD_NANOPORE	GridION	274789175.0	69859.0	WGS	GENOMIC	SINGLE	Long read sequencing of Kitasatospora aureofaciens genome
SRR9620948	SRX6383961	SRS5043487	SRP212611	PRJNA547250	Halosaccharopolyspora lacisalsi	DSM 45975	PACBIO_SMRT	Sequel	2471362916.0	704928.0	WGS	GENOMIC	SINGLE	Saccharopolyspora lacisalsi DSM 45975
SRR19183898	SRX15249270	SRS12981742	SRP375062	PRJNA837734	Listeria monocytogenes	Isolate 2/15	OXFORD_NANOPORE	MinION	237145090.0	50032.0	WGS	GENOMIC	SINGLE	Nanopore sequencing of Listeria monocytogenes
DRR482587	DRX466813	DRS312841	DRP010188	PRJDB15932	Campylobacter coli	IDH-11999	OXFORD_NANOPORE	MinION	670820930.0	80271.0	WGS	GENOMIC	SINGLE	SSUB025744: Campylobacter coli IDH-11999
SRR10208305	SRX6928224	SRS5452629	SRP223650	PRJNA574878	Escherichia coli	K-12	PACBIO_SMRT	PacBio RS II	540039434.0	58000.0	WGS	GENOMIC	SINGLE	Correct long reads for the simulated 10 kbp long reads
SRR35556817	SRX30631243	SRS5851590	SRP150360	PRJNA475751	Clostridioides difficile	CD08282	OXFORD_NANOPORE	MinION	406949559.0	416304.0	WGS	GENOMIC	SINGLE	WGS Sequencing of Clostridioides difficile
ERR10498892	ERX10016181	ERS14256222	ERP142629	PRJEB57633	Escherichia coli		OXFORD_NANOPORE	GridION	131590118.0	34174.0	WGS	GENOMIC	SINGLE	Raw reads: ONT_30602_2#319
ERR1554603	ERX1625359	ERS1178926	ERP005928	PRJEB6403	Salmonella enterica subsp. enterica serovar Bovismorbificans	NCTC5754	PACBIO_SMRT	PacBio RS	702094073.0	163482.0	WGS	GENOMIC	SINGLE	PacBio RS sequencing
SRR28903470	SRX24459954	SRS21213161	SRP505799	PRJNA1044018	Citrobacter freundii	C61969	OXFORD_NANOPORE	MinION	206183569.0	78781.0	WGS	GENOMIC	SINGLE	WGS of Citrobacter freundii
SRR31599003	SRX26963482	SRS23433194	SRP549287	PRJNA1185485	Escherichia coli	567	OXFORD_NANOPORE	PromethION	1607842901.0	289102.0	WGS	GENOMIC	SINGLE	RMB-3R-barcode35
SRR18291909	SRX14429593	SRS9294567	SRP325975	PRJNA741123	Pseudomonas aeruginosa	1894	OXFORD_NANOPORE	MinION	630013334.0	39062.0	WGS	GENOMIC	SINGLE	Hospital Microbiome Isolates ONT
SRR36718676	SRX31723000	SRS27691628	SRP660515	PRJNA1370641	Enterobacter hormaechei	TUM26385	OXFORD_NANOPORE	MinION	2367461574.0	697461.0	WGS	GENOMIC	SINGLE	TUM26385_MimION
SRR6467890	SRX3557809	SRS2831093	SRP129014	PRJNA428763	Mycobacterium tuberculosis variant bovis	2006/0077	PACBIO_SMRT	PacBio RS II	677356709.0	107338.0	WGS	GENOMIC	SINGLE	WGS of M. bovis: elk, Canada
SRR643259	SRX209646	SRS379415	SRP017524	PRJNA183628	Mycoplasmoides pneumoniae M129	M129	PACBIO_SMRT	PacBio RS	68087458.0	60961.0	WGS	GENOMIC	SINGLE	WGA M. pneumoniae genome DNA sequenced by FCR chemistry
ERR15284541	ERX14690375	ERS711234	ERP176771	PRJEB93892	Klebsiella pneumoniae	KSB2_1B	OXFORD_NANOPORE	MinION	625213491.0	48981.0	WGS	GENOMIC	SINGLE	MinION sequencing
DRR275269	DRX264853	DRS119538	DRP004119	PRJDB6565	Escherichia coli	E044	OXFORD_NANOPORE	GridION	4634338823.0	198337.0	WGS	GENOMIC	SINGLE	GridION sequencing of SAMD00186852
ERR11475405	ERX10881555	ERS15445792	ERP147277	PRJEB62193	Vibrio cholerae O1 biovar El Tor str. N16961		PACBIO_SMRT	PacBio RS II	139855431.0	24299.0	WGS	GENOMIC	SINGLE	PacBio RS II sequencing
DRR572672	DRX556139	DRS426454	DRP012251	PRJDB17574	Escherichia coli	YK-IS1MA-L11-3_G20	OXFORD_NANOPORE	MinION	18662261.0	1504.0	WGS	GENOMIC	SINGLE	nanopore-seq of SAMD00748271 L11-3_G20
ERR3685824	ERX3675428	ERS4047625	ERP114207	PRJEB31632	bacterium		OXFORD_NANOPORE	GridION	306644424.0	27713.0	WGS	GENOMIC	SINGLE	GridION sequencing
DRR179484	DRX170010	DRS095380	DRP005093	PRJDB8150	Alistipes communis	5CBH24	PACBIO_SMRT	Sequel	306946114.0	22124.0	WGS	GENOMIC	SINGLE	Sequel sequencing of SAMD00166231
ERR2508249	ERX2527704	ERS2016117	ERP005928	PRJEB6403	Shewanella putrefaciens		PACBIO_SMRT	PacBio RS	566344515.0	163482.0	WGS	GENOMIC	SINGLE	PacBio RS sequencing
SRR18700872	SRX14801839	SRS12559820	SRP369064	PRJNA695664	Arthrobacter tumbae	DSM 16406	PACBIO_SMRT	Sequel II	6641289399.0	1181135.0	WGS	GENOMIC	SINGLE	Arthrobacter tumbae DSM 16406
SRR26322376	SRX22030463	SRS18569906	SRP133964	PRJNA437002	Bacillus subtilis	PS-168	OXFORD_NANOPORE	MinION	473899486.0	64819.0	WGS	GENOMIC	SINGLE	WGS B. subtilis PS-168
SRR16525673	SRX12728326	SRS10336818	SRP357534	PRJNA801415	Escherichia coli	224	OXFORD_NANOPORE	GridION	396791575.0	54856.0	WGS	GENOMIC	SINGLE	Extensive diversification and dissemination of blaNDM carbapenemase plasmids in Enterobacterales in Singapore 2010-2015
SRR10918384	SRX7585753	SRS6019409	SRP051949	PRJNA271899	Enterobacter cloacae	UCI-260	OXFORD_NANOPORE	GridION	1953985086.0	180985.0	WGS	GENOMIC	SINGLE	Sequencing of Carbapenem resistant bacteria
SRR13575516	SRX9973346	SRS8145954	SRP303741	PRJNA695586	Streptococcus pyogenes	M4C20	OXFORD_NANOPORE	MinION	2161949.0	4000.0	WGS	GENOMIC	SINGLE	Whole genome sequence of Streptococcus pyogenes strain M4C20
SRR36388028	SRX31416431	SRS27399784	SRP653897	PRJNA1378463	Klebsiella pneumoniae	#0974	OXFORD_NANOPORE	MinION	197609003.0	62772.0	WGS	GENOMIC	SINGLE	WGS of Klebsiella pneumoniae ST307 and ST5994: clinical isolates from Cantabria (Spain)
SRR36797801	SRX31784547	SRS27747247	SRP661661	PRJNA1389824	Enterobacter ludwigii		OXFORD_NANOPORE	MinION	95719616.0	54539.0	WGS	GENOMIC	SINGLE	evolved microcosm clones
SRR33303083	SRX28548129	SRS24847226	SRP581061	PRJNA1255178	Variovorax sp. BK018	BK018	OXFORD_NANOPORE	PromethION	637202209.0	149434.0	WGS	GENOMIC	SINGLE	Genome sequencing of Variovorax plant-associated isolates
DRR582003	DRX562556	DRS640944	DRP016847	PRJDB17425	Pantoea sp. X-Soil-ISGK-313	X-Soil-ISGK-313	PACBIO_SMRT	Sequel II	614300687.0	74074.0	WGS	GENOMIC	SINGLE	Soil-X3-313
SRR5438441	SRX2728407	SRS2116502	SRP103672	PRJNA382694	Streptomyces lydicus	GS93	PACBIO_SMRT	PacBio RS II	2111734502.0	163482.0	WGS	GENOMIC	SINGLE	WGS of Streptomyces GS93: PacBio-2
ERR2990040	ERX2992455	ERS1989722	ERP011196	PRJEB10018	Klebsiella pneumoniae		PACBIO_SMRT	PacBio RS	346132122.0	163482.0	WGS	GENOMIC	SINGLE	PacBio RS sequencing
SRR37212161	SRX32148218	SRS28080206	SRP676645	PRJNA1422863	Escherichia coli	DH5alpha	OXFORD_NANOPORE	MinION	14735553.0	5073.0	WGS	GENOMIC	SINGLE	Raw whole-plasmid sequencing reads of mtiATP-T7-BspQI
SRR35213280	SRX30317078	SRS26364013	SRP615992	PRJNA1301220	Acinetobacter baumannii	ABO22-A177	OXFORD_NANOPORE	MinION	208174593.0	25726.0	WGS	GENOMIC	SINGLE	Whole geneme sequencing of Acinetobacter baumannii: isolates of the Ab-One study
SRR22784739	SRX18744705	SRS16179804	SRP413484	PRJNA912639	Escherichia coli	EC_E2F_1_E_CuP_CeP	OXFORD_NANOPORE	MinION	154347107.0	17965.0	WGS	GENOMIC	SINGLE	WGS of Escherichia coli
ERR10357074	ERX9889190	ERS7159867	ERP109413	PRJEB27342	Klebsiella pneumoniae		PACBIO_SMRT	Sequel II	1282250361.0	192539.0	WGS	GENOMIC	SINGLE	Sequel II sequencing
ERR10741402	ERX10190712	ERS14394684	ERP143791	PRJEB58724	Klebsiella pneumoniae		OXFORD_NANOPORE	MinION	54084749.0	24684.0	WGS	GENOMIC	SINGLE	NIHR Nanopore Sequencing
ERR10499115	ERX10016404	ERS14255622	ERP142629	PRJEB57633	Escherichia coli		OXFORD_NANOPORE	GridION	74668717.0	15212.0	WGS	GENOMIC	SINGLE	Raw reads: ONT_30859_5#16
SRR5040249	SRX2363510	SRS1804154	SRP093482	PRJNA353756	Enterococcus faecium	missing	PACBIO_SMRT	PacBio RS II	3998063539.0	163482.0	WGS	GENOMIC	SINGLE	C1
SRR12779533	SRX9249038	SRS7481608	SRP286505	PRJNA667580	Escherichia coli	F048	OXFORD_NANOPORE	MinION	658756741.0	49503.0	WGS	GENOMIC	SINGLE	Long read sequencing of transconjugant E. coli
SRR25466886	SRX21199534	SRS18458348	SRP452337	PRJNA1000618	Escherichia coli	Escherichia coli BL21(DE3)	OXFORD_NANOPORE	MinION	6386234.0	3999.0	WGS	GENOMIC	SINGLE	CASTVK transposition with different condition
SRR26135164	SRX21848563	SRS18945821	SRP462492	PRJNA946810	Pseudomonas aeruginosa	Urine_1_P15	OXFORD_NANOPORE	GridION	89448590.0	13460.0	WGS	GENOMIC	SINGLE	WGS of Pseudomonas aeruginosa from hospitalized patiens from Quito, Ecuador
SRR25737352	SRX21460724	SRS18696305	SRP456577	PRJNA1006645	Bacteroides fragilis	GS084	OXFORD_NANOPORE	GridION	1379774720.0	174454.0	WGS	GENOMIC	SINGLE	WGS of Bacteroides fragilis GS084_Nanopore: isolated from fecal sample
ERR10497879	ERX10015168	ERS14254297	ERP142629	PRJEB57633	Escherichia coli		OXFORD_NANOPORE	GridION	137183018.0	22370.0	WGS	GENOMIC	SINGLE	Raw reads: ONT_30224_1#75
SRR24843436	SRX20607746	SRS17907674	SRP441384	PRJNA975912	Escherichia coli	DGF-298	OXFORD_NANOPORE	MinION	14978836.0	1614.0	WGS	GENOMIC	SINGLE	DNA-seq of Escherichia coli DGF-298: Oxford Nanopore
SRR498014	SRX148634	SRS281882	SRP013241	PRJNA73829	Vibrio cholerae		PACBIO_SMRT	PacBio RS	2810670.0	7697.0	WGS	GENOMIC	SINGLE	
SRR14108860	SRX10479522	SRS8607957	SRP312756	PRJNA689092	Xanthomonas campestris pv. campestris	15-1	PACBIO_SMRT	Sequel II	3187199528.0	390933.0	WGS	GENOMIC	SINGLE	Xc isolated from weeds and crops
SRR36722114	SRX31726379	SRS27695015	SRP660603	PRJNA1398820	Escherichia coli BL21(DE3)	BL21 (DE3)	OXFORD_NANOPORE	MinION	112760204.0	37464.0	WGS	GENOMIC	SINGLE	Whole-genome sequencing of phage-resistant E. coli BL21(DE3)
SRR36760490	SRX31755478	SRS27722334	SRP661114	PRJNA1391519	Yoonia sp. MH D7	MH D7	OXFORD_NANOPORE	MinION	442935537.0	74891.0	WGS	GENOMIC	SINGLE	Draft Genome Sequence of a Novel Yoonia Species (Strain MH D7) Isolated from the Antarctic Green Alga Monostroma hariotii
SRR30193006	SRX25656207	SRS22299048	SRP256141	PRJNA510384	Escherichia coli	not applicable	OXFORD_NANOPORE	GridION	313344509.0	78094.0	WGS	GENOMIC	SINGLE	EC-Pig-OK74078CY240069
SRR14868889	SRX11186419	SRS9243460	SRP324476	PRJNA738868	Acinetobacter baumannii	DETAB-E227	OXFORD_NANOPORE	GridION	705098418.0	54467.0	WGS	GENOMIC	SINGLE	ONT WGS of CRAB:E227
SRR9900607	SRX6652475	SRS1011201	SRP051949	PRJNA271899	Klebsiella pneumoniae	UCI93	OXFORD_NANOPORE	GridION	184903426.0	64043.0	WGS	GENOMIC	SINGLE	Sequencing of Carbapenem resistant bacteria
DRR065951	DRX060094	DRS043045	DRP003586	PRJDB5007	Escherichia coli	MRY15-131	PACBIO_SMRT	PacBio RS II	1398527654.0	163482.0	WGS	GENOMIC	SINGLE	PacBio RS II sequencing of SAMD00056132
SRR497997	SRX148634	SRS281882	SRP013241	PRJNA73829	Vibrio cholerae		PACBIO_SMRT	PacBio RS	2874987.0	7843.0	WGS	GENOMIC	SINGLE	
SRR35504450	SRX30580376	SRS26609553	SRP616549	PRJNA1314197	Mycobacterium tuberculosis	not applicable	OXFORD_NANOPORE	GridION	841628277.0	279039.0	WGS	GENOMIC	SINGLE	WGS of M. tb from culture, Kit-Rapid prep, Sample BC09
SRR33035048	SRX28300687	SRS24644650	SRP577280	PRJNA1219142	Citrobacter freundii	CI2309002	OXFORD_NANOPORE	MinION	210922927.0	46329.0	WGS	GENOMIC	SINGLE	Nanopore sequencing of blaNDM and 16sRMTase isolates
ERR12165303	ERX11576241	ERS16327337	ERP150987	PRJEB65895	Listeria monocytogenes	clinical isolate of L. monocytogenes	OXFORD_NANOPORE	MinION	428879914.0	68341.0	WGS	GENOMIC	SINGLE	MinION sequencing
ERR10498599	ERX10015888	ERS14255892	ERP142629	PRJEB57633	Escherichia coli		OXFORD_NANOPORE	GridION	73024098.0	9597.0	WGS	GENOMIC	SINGLE	Raw reads: ONT_30602_1#106
SRR12207349	SRX8718149	SRS6993747	SRP271537	PRJNA645814	Francisella tularensis subsp. holarctica	19OD0665	PACBIO_SMRT	Sequel	871147059.0	218676.0	WGS	GENOMIC	SINGLE	WGS of Francisella
SRR13708354	SRX10097321	SRS8254647	SRP306354	PRJNA701733	Escherichia coli	S-170425-6	PACBIO_SMRT	Sequel	1324390921.0	300947.0	WGS	GENOMIC	SINGLE	PacBio WGS of blaNDM-1 harboring Escherichia coli from sewage
SRR33769092	SRX28991676	SRS22455704	SRP444583	PRJNA962904	Escherichia coli		PACBIO_SMRT	Sequel II	290308363.0	15736.0	WGS	GENOMIC	SINGLE	PacBio sequencing of AH0275HE2 for ARCH 2
ERR2225504	ERX2278874	ERS1869768	ERP005928	PRJEB6403	Helicobacter pylori	NCTC13207	PACBIO_SMRT	PacBio RS	841617893.0	163482.0	WGS	GENOMIC	SINGLE	PacBio RS sequencing
SRR30200307	SRX25663413	SRS22305960	SRP525608	PRJNA1111859	Escherichia coli	FDN-11	PACBIO_SMRT	Sequel IIe	8487725.0	1068.0	WGS	GENOMIC	SINGLE	Pacbio sequencing of E coli plasmid  pFDN11-1 from layer chicken
SRR2567578	SRX1308272	SRS1099778	SRP064487	PRJNA297409	Aeromonas hydrophila	not applicable	PACBIO_SMRT	PacBio RS II	999245574.0	163482.0	WGS	GENOMIC	SINGLE	Whole genome sequencing of Aeromonas strain Hv13-B-10d
ERR2177095	ERX2233458	ERS1859681	ERP005928	PRJEB6403	Comamonas terrigena		PACBIO_SMRT	PacBio RS	714460909.0	163482.0	WGS	GENOMIC	SINGLE	PacBio RS sequencing
SRR4180937	SRX2142233	SRS1673928	SRP086935	PRJNA303733	Bifidobacterium longum	DSM 20219	PACBIO_SMRT	PacBio RS	469859879.0	131131.0	WGS	GENOMIC	SINGLE	Bifidobacterium longum subsp. longum DSM 20219
SRR16525352	SRX12728133	SRS10336654	SRP357537	PRJNA801416	Klebsiella pneumoniae	133	OXFORD_NANOPORE	GridION	1341177562.0	112011.0	WGS	GENOMIC	SINGLE	Extensive diversification and dissemination of blaNDM carbapenemase plasmids in Enterobacterales in Singapore 2010-2015
SRR21416131	SRX17420357	SRS13525959	SRP361569	PRJNA768416	Bacillus sp. FSL L8-0215	FSL L8-0215	OXFORD_NANOPORE	MinION	636826076.0	197904.0	WGS	GENOMIC	SINGLE	WGS of Bacilli
ERR10229204	ERX9764160	ERS6480133	ERP109413	PRJEB27342	Raoultella ornithinolytica		PACBIO_SMRT	Sequel II	9013839895.0	1431376.0	WGS	GENOMIC	SINGLE	Sequel II sequencing
ERR15700404	ERX15104634	ERS26987287	ERP182035	PRJEB100579	Azospirillum palustre		OXFORD_NANOPORE	MinION	364554625.0	55160.0	WGS	GENOMIC	SINGLE	Raw reads: Sp_RG20A_ONT_run1
SRR36035995	SRX31085118	SRS27072670	SRP644837	PRJNA1364846	Staphylococcus hominis	SHOMINIS	OXFORD_NANOPORE	GridION	261029895.0	52062.0	WGS	GENOMIC	SINGLE	Staphylococcus faecalis, DBT kit, 24-plex and 100 ng DNA, replicate 3
SRR12056168	SRX8584557	SRS6876062	SRP268052	PRJNA485810	Clostridium beijerinckii	DJ176	PACBIO_SMRT	PacBio RS II	780491088.0	321197.0	WGS	GENOMIC	SINGLE	Clostridium beijerinckii DJ176
SRR16925227	SRX13117375	SRS11052360	SRP345712	PRJNA779856	Lacticaseibacillus paracasei		PACBIO_SMRT	Sequel	1519704123.0	168071.0	WGS	GENOMIC	SINGLE	DNA methylation-guided metabolism
ERR10496831	ERX10014150	ERS14248982	ERP142629	PRJEB57633	Escherichia coli		OXFORD_NANOPORE	GridION	82045812.0	18793.0	WGS	GENOMIC	SINGLE	Raw reads: ONT_30859_5#365
SRR1955582	SRX981085	SRS895921	SRP040661	PRJNA231221	Staphylococcus aureus	FDAARGOS_4	PACBIO_SMRT	PacBio RS	457706657.0	163482.0	WGS	GENOMIC	SINGLE	
SRR23392478	SRX19330229	SRS16727170	SRP421832	PRJNA932719	Campylobacter jejuni		OXFORD_NANOPORE	MinION	283590773.0	16158.0	WGS	GENOMIC	SINGLE	Long-read WGS characterization of commensal Campylobacter jejuni and Campylobacter coli isolates from dairy cattle in Northern Spain
ERR1738370	ERX1807996	ERS1247815	ERP005928	PRJEB6403	Stenotrophomonas maltophilia	NCTC10257	PACBIO_SMRT	PacBio RS	1201639425.0	163482.0	WGS	GENOMIC	SINGLE	PacBio RS sequencing
SRR2820619	SRX1384931	SRS1135068	SRP040661	PRJNA231221	Klebsiella aerogenes	FDAARGOS_139	PACBIO_SMRT	PacBio RS	1714979671.0	163482.0	WGS	GENOMIC	SINGLE	
ERR10499300	ERX10016586	ERS14255948	ERP142629	PRJEB57633	Escherichia coli		OXFORD_NANOPORE	GridION	52188930.0	6712.0	WGS	GENOMIC	SINGLE	Raw reads: ONT_31663_7#281
SRR30949438	SRX26352046	SRS22817117	SRP536567	PRJNA1165464	Escherichia coli	Not applicable	OXFORD_NANOPORE	MinION	425669251.0	69476.0	WGS	GENOMIC	SINGLE	Nanopore sequencing of E.coli: blood isolate
SRR10178251	SRX6899656	SRS5431852	SRP222906	PRJNA573516	Streptococcus mitis	S11	OXFORD_NANOPORE	MinION	148399262.0	59160.0	WGS	GENOMIC	SINGLE	MinION sequencing of Streptococcus  mitis
SRR29065903	SRX24590432	SRS21328701	SRP508332	PRJNA1112814	Pseudomonas aeruginosa PAO1	PAO1	OXFORD_NANOPORE	PromethION	67022017.0	28914.0	WGS	GENOMIC	SINGLE	ProA_20min_DNA
SRR5878925	SRX3046156	SRS2393374	SRP040661	PRJNA231221	Weissella paramesenteroides	FDAARGOS_414	PACBIO_SMRT	PacBio RS	2978001714.0	163482.0	WGS	GENOMIC	SINGLE	
SRR6232659	SRX3341069	SRS2642549	SRP122679	PRJNA410630	Nostoc punctiforme PCC 73102	ATCC 29133	PACBIO_SMRT	PacBio RS	378459351.0	223567.0	WGS	GENOMIC	SINGLE	Nostoc punctiforme PCC 73102 PacBio methylation
SRR30149343	SRX25617290	SRS21937357	SRP518730	PRJNA1133668	Klebsiella oxytoca	ST30KO1	OXFORD_NANOPORE	MinION	47229894.0	7216.0	WGS	GENOMIC	SINGLE	Nanopore sequencing of clinical CRE isolates: human
SRR10390696	SRX7091079	SRS5604791	SRP228290	PRJNA587401	Bacillus subtilis	P5_B2	OXFORD_NANOPORE	MinION	1600899136.0	176396.0	WGS	GENOMIC	SINGLE	Bacillus subtilis nanopore ligation lib strain P5_B2
SRR33774784	SRX28997225	SRS25215299	SRP588972	PRJNA1253714	Escherichia coli	J2	OXFORD_NANOPORE	PromethION	749924806.0	62312.0	WGS	GENOMIC	SINGLE	J2g Oxfrod Nanopore sequencing
SRR25741621	SRX21464884	SRS18699953	SRP456656	PRJNA983748	Staphylococcus aureus	ST7	OXFORD_NANOPORE	GridION	887482175.0	215713.0	WGS	GENOMIC	SINGLE	WGS of S. aureus: Human Nose
SRR21563501	SRX17565672	SRS14987129	SRP354045	PRJNA747871	Streptomyces sp. NBC_00299	NBC_00299	OXFORD_NANOPORE	MinION	504240022.0	65930.0	WGS	GENOMIC	SINGLE	nanopore sequencing data from strain NBC_00299
ERR976762	ERX1053739	ERS715473	ERP005928	PRJEB6403	Klebsiella sp.	NCTC9188	PACBIO_SMRT	PacBio RS	2256080230.0	163482.0	WGS	GENOMIC	SINGLE	PacBio RS sequencing
SRR28434497	SRX24038754	SRS20831703	SRP497546	PRJNA1091452	Staphylococcus aureus	SA72-PS	OXFORD_NANOPORE	MinION	184734190.0	50000.0	WGS	GENOMIC	SINGLE	ONT performance study sequencing of S. aureus
SRR13386167	SRX9805262	SRS7989337	SRP300861	PRJNA663900	Enterococcus sp. DIV2395	DIV2395	OXFORD_NANOPORE	GridION	535680294.0	71151.0	WGS	GENOMIC	SINGLE	Zoo 3 Enterococcus Diversity Genome sequencing and assembly
SRR19184142	SRX15249026	SRS12981606	SRP375062	PRJNA837734	Listeria monocytogenes	Isolate 14/23	OXFORD_NANOPORE	MinION	216378945.0	62545.0	WGS	GENOMIC	SINGLE	Nanopore sequencing of Listeria monocytogenes
SRR27959549	SRX23616130	SRS20456795	SRP447891	PRJNA991232	Salmonella enterica subsp. enterica serovar Hadar		OXFORD_NANOPORE	GridION	128211334.0	64534.0	WGS	GENOMIC	SINGLE	Long-read whole genome sequencing of Salmonella Hadar
ERR8441305	ERX8008214	ERS10448309	ERP017368	PRJEB15555	Mycobacterium tuberculosis		OXFORD_NANOPORE	MinION	727361098.0	319605.0	WGS	GENOMIC	SINGLE	MinION sequencing
ERR15516419	ERX14920265	ERS26654014	ERP165332	PRJEB81499	Klebsiella pneumoniae		OXFORD_NANOPORE	GridION	341844447.0	59756.0	WGS	GENOMIC	SINGLE	GridION sequencing
SRR25302917	SRX21046497	SRS18317349	SRP439257	PRJNA975428	Pseudomonas aeruginosa	101901100740-1	OXFORD_NANOPORE	MinION	360553431.0	103405.0	WGS	GENOMIC	SINGLE	Nanopore Pseudomonas clinical isolates
ERR10498714	ERX10016003	ERS14255819	ERP142629	PRJEB57633	Escherichia coli		OXFORD_NANOPORE	GridION	43889376.0	5371.0	WGS	GENOMIC	SINGLE	Raw reads: ONT_30602_1#30
SRR18681666	SRX14782831	SRS12539604	SRP368114	PRJNA824420	Escherichia coli	GD02893_ECOL_HY_8	OXFORD_NANOPORE	MinION	397813686.0	56899.0	WGS	GENOMIC	SINGLE	Long-read sequencing of Escherichia coli: isolate #8 urine
SRR35556671	SRX30631389	SRS19727679	SRP150360	PRJNA475751	Escherichia coli	EC01216	OXFORD_NANOPORE	MinION	494747624.0	104732.0	WGS	GENOMIC	SINGLE	WGS Sequencing of Escherichia coli
DRR684978	DRX665080	DRS481793	DRP011064	PRJDB17342	Escherichia coli	WR3-3	OXFORD_NANOPORE	MinION	520689503.0	121882.0	WGS	GENOMIC	SINGLE	MinION sequencing of SAMD00898862
ERR911090	ERX990301	ERS746966	ERP006804	PRJEB7116	Campylobacter jejuni		PACBIO_SMRT	PacBio RS II	509583006.0	182708.0	WGS	GENOMIC	SINGLE	PacBio RS II sequencing
SRR11612834	SRX8179062	SRS6538732	SRP258614	PRJNA621370	Microbacterium thalassium	DSM 12511	PACBIO_SMRT	Sequel	2950658385.0	716595.0	WGS	GENOMIC	SINGLE	Microbacterium thalassium DSM 12511
ERR10741465	ERX10190769	ERS14394741	ERP143791	PRJEB58724	Klebsiella pneumoniae		OXFORD_NANOPORE	MinION	132453734.0	26387.0	WGS	GENOMIC	SINGLE	NIHR Nanopore Sequencing
SRR18709552	SRX14810416	SRS12567211	SRP369309	PRJNA824703	Roseomonas gilardii subsp. gilardii	ATCC 49956	OXFORD_NANOPORE	MinION	397613825.0	41006.0	WGS	GENOMIC	SINGLE	Genome Seq of Roseomonas gilardii subsp. gilardii MinIon seq
DRR328549	DRX317553	DRS210614	DRP007748	PRJDB12075	Klebsiella pneumoniae	MS5292	OXFORD_NANOPORE	GridION	359798342.0	33076.0	WGS	GENOMIC	SINGLE	GridION sequencing of SAMD00399225
SRR24140385	SRX19938692	SRS17287400	SRP247747	PRJNA604975	Escherichia coli	ox_bsi_344	OXFORD_NANOPORE	GridION	215267949.0	65912.0	WGS	GENOMIC	SINGLE	oxford_bsi
SRR21696357	SRX17693908	SRS14987381	SRP354045	PRJNA747871	Streptomyces sp. NBC_00830	NBC_00830	OXFORD_NANOPORE	MinION	840840094.0	73185.0	WGS	GENOMIC	SINGLE	nanopore sequencing data from strain NBC_00830
SRR11909881	SRX8456439	SRS6757884	SRP265672	PRJNA636827	Klebsiella pneumoniae	IDR1800050501-01-02	OXFORD_NANOPORE	MinION	1318032927.0	195345.0	WGS	GENOMIC	SINGLE	MinION WGS of K. pneumoniae
ERR10854392	ERX10299159	ERS7358020	ERP109413	PRJEB27342	Klebsiella pneumoniae		PACBIO_SMRT	Sequel II	9515022724.0	2752443.0	WGS	GENOMIC	SINGLE	Sequel II sequencing
SRR24512546	SRX20296923	SRS17622873	SRP437242	PRJNA957404	Flavobacterium sp. SORGH_AS_0622	SORGH_AS_0622	PACBIO_SMRT	Sequel IIe	712416375.0	80730.0	WGS	GENOMIC	SINGLE	Flavobacterium sp. SORGH_AS 622
SRR30602161	SRX26024776	SRS22596480	SRP497400	PRJNA1090919	Aeromicrobium sp. UC242_57	UC242_57	OXFORD_NANOPORE	MinION	51092261.0	13934.0	WGS	GENOMIC	SINGLE	Whole_genome_57
SRR498165	SRX148635	SRS281883	SRP013241	PRJNA73829	Vibrio cholerae		PACBIO_SMRT	PacBio RS	1281494.0	3798.0	WGS	GENOMIC	SINGLE	Whole Genome Sequencing for N5 (strobe)
SRR30934739	SRX26337570	SRS22863377	SRP537571	PRJNA1168290	Paenibacillus sp. TAB_01	TAB_01	OXFORD_NANOPORE	MinION	1817537.0	201.0	WGS	GENOMIC	SINGLE	Paenibacillus sp. TAB 01 from cotton plant tissue
SRR9861760	SRX6615389	SRS5178565	SRP216837	PRJNA542320	Rodentibacter caecimuris	G1	PACBIO_SMRT	Sequel	2864169434.0	315302.0	WGS	GENOMIC	SINGLE	PacBio SMRT Sequencing of Rodentibacter pneumotropicus G1 Genomic Library
ERR3798590	ERX3800557	ERS4026990	ERP118444	PRJEB35407	Streptococcus suis		OXFORD_NANOPORE	MinION	120303011.0	10490.0	WGS	GENOMIC	SINGLE	MinION sequencing
SRR12506197	SRX8997379	SRS7250242	SRP278555	PRJNA658821	Escherichia coli	MFDpir	OXFORD_NANOPORE	MinION	2537077839.0	275897.0	WGS	GENOMIC	SINGLE	Whole genome sequencing of E. coli MFDpir
ERR10499627	ERX10016909	ERS14256995			Escherichia coli		OXFORD_NANOPORE	GridION	132527756.0	11412.0	WGS	GENOMIC	SINGLE	GridION sequencing; Raw reads: ONT_30348_2#361
SRR31647078	SRX27010232	SRS23474582	SRP550213	PRJNA1193534	Staphylococcus aureus	p32775	OXFORD_NANOPORE	GridION	5413015.0	847.0	WGS	GENOMIC	SINGLE	Genomic Analysis of Plasmids in Animal-Associated Staphylococcus aureus
ERR10791343	ERX10240653	ERS2651071	ERP104475	PRJEB22771	Streptococcus pneumoniae		PACBIO_SMRT	Sequel II	1627737057.0	245244.0	WGS	GENOMIC	SINGLE	Sequel II sequencing
SRR30258002	SRX25719172	SRS22360065	SRP526700	PRJNA1142166	Pseudomonas syringae pv. atrofaciens	GM 2231	OXFORD_NANOPORE	PromethION	362908324.0	51877.0	WGS	GENOMIC	SINGLE	Nanopore WGS of Pseudomonas syringae pv. atrofaciens GM 2231
SRR32556695	SRX27866707	SRS21545259	SRP512379	PRJNA1121190	Vibrio cholerae	114Vc01	OXFORD_NANOPORE	PromethION	1015983845.0	214749.0	WGS	GENOMIC	SINGLE	WGS of Vcholerae isolates
SRR32204210	SRX27545601	SRS23960614	SRP561120	PRJNA1214876	Ekhidna algicida	To15	OXFORD_NANOPORE	MinION	31158752.0	4000.0	WGS	GENOMIC	SINGLE	Ekhidna algicida strain To15 genome
ERR13600449	ERX12971472	ERS17970316	ERP109316	PRJEB27256	Klebsiella pneumoniae		OXFORD_NANOPORE	GridION	59464169.0	6161.0	WGS	GENOMIC	SINGLE	GridION sequencing
SRR30428113	SRX25853509	SRS22428259	SRP527972	PRJNA1143489	Tardiphaga	94_D9_N1_1	OXFORD_NANOPORE	PromethION	1561888076.0	395400.0	WGS	GENOMIC	SINGLE	Tardiphaga sp. 94_D9_N1_1 nanopore genome sequencing (files compressed once)
ERR902049	ERX981438	ERS659581	ERP005928	PRJEB6403	Klebsiella pneumoniae	NCTC11359	PACBIO_SMRT	PacBio RS	1345620547.0	163482.0	WGS	GENOMIC	SINGLE	PacBio RS sequencing
SRR387031	SRX109912	SRS281278	SRP001087	PRJNA40075	Escherichia coli str. K-12 substr. MG1655	K-12	PACBIO_SMRT	PacBio RS	101999840.0	81741.0	WGS	GENOMIC	SINGLE	Whole Genome Sequencing and Assembly
ERR1173489	ERX1246918	ERS846869	ERP005928	PRJEB6403	Streptococcus dysgalactiae	NCTC4671	PACBIO_SMRT	PacBio RS	848591887.0	163482.0	WGS	GENOMIC	SINGLE	PacBio RS sequencing
SRR498160	SRX148635	SRS281883	SRP013241	PRJNA73829	Vibrio cholerae		PACBIO_SMRT	PacBio RS	213254.0	914.0	WGS	GENOMIC	SINGLE	Whole Genome Sequencing for N5 (strobe)
SRR30483143	SRX25907922	SRS22499139	SRP529572	PRJNA1148956	Clostridioides difficile		OXFORD_NANOPORE	MinION	500006234.0	28259.0	WGS	GENOMIC	SINGLE	cdiff
ERR13600288	ERX12971311	ERS6084892	ERP127844	PRJEB43870	Klebsiella pneumoniae		OXFORD_NANOPORE	GridION	477102578.0	27824.0	WGS	GENOMIC	SINGLE	GridION sequencing
ERR10664184	ERX10133368	ERS2651578	ERP104475	PRJEB22771	Streptococcus pneumoniae		PACBIO_SMRT	Sequel II	2278258056.0	309599.0	WGS	GENOMIC	SINGLE	Sequel II sequencing
ERR1805685	ERX1868712	ERS1324130	ERP005928	PRJEB6403	Legionella busanensis	NCTC13316	PACBIO_SMRT	PacBio RS	1322184276.0	163482.0	WGS	GENOMIC	SINGLE	PacBio RS sequencing
SRR35850892	SRX30900362	SRS26900549	SRP636871	PRJNA1334387	Pseudomonas luteola	ABV4_182	OXFORD_NANOPORE	GridION	3644432326.0	845596.0	WGS	GENOMIC	SINGLE	WGS of Pseudomonas luteola: Marine biofilm
ERR13600638	ERX12971661	ERS15599999	ERP132614	PRJEB48268	Klebsiella pneumoniae		OXFORD_NANOPORE	GridION	272850555.0	20099.0	WGS	GENOMIC	SINGLE	GridION sequencing
SRR22032175	SRX18013390	SRS6411737	SRP254847	PRJNA622426	Enterobacter sp. ESBL3012		OXFORD_NANOPORE	MinION	2109191797.0	359843.0	WGS	GENOMIC	SINGLE	ESBL3012_nano
ERR1140961	ERX1219810	ERS825157	ERP005928	PRJEB6403	Staphylococcus aureus	NCTC8726	PACBIO_SMRT	PacBio RS	1420892744.0	163482.0	WGS	GENOMIC	SINGLE	PacBio RS sequencing
SRR27972861	SRX23626304	SRS20465895	SRP489819	PRJNA1076692	Klebsiella pneumoniae	RIVM_C050125_rerio	OXFORD_NANOPORE	MinION	49930442.0	15693.0	WGS	GENOMIC	SINGLE	RIVM_C050125_rerio
ERR15093200	ERX14497582	ERS24808793	ERP172787	PRJEB89771	Klebsiella pneumoniae		OXFORD_NANOPORE	MinION	706202333.0	89458.0	WGS	GENOMIC	SINGLE	Raw reads: E9225828-28EC-5BB4-88AC-1FC838ED9BA5
DRR378566	DRX364467	DRS241800	DRP008598	PRJDB13586	Campylobacter jejuni	THJ007	OXFORD_NANOPORE	MinION	167730462.0	13548.0	WGS	GENOMIC	SINGLE	SSUB21860 : Campylobacter jejuni THJ007
SRR4235046	SRX2156345	SRS1686326	SRP088389	PRJNA323029	Pseudomonas saponiphila	DSM 9751	PACBIO_SMRT	PacBio RS	1597494.0	848.0	WGS	GENOMIC	SINGLE	Pseudomonas saponiphila DSM 9751
SRR16525578	SRX12728421	SRS10336881	SRP357537	PRJNA801416	Citrobacter freundii	-	OXFORD_NANOPORE	GridION	2808838291.0	376924.0	WGS	GENOMIC	SINGLE	Extensive diversification and dissemination of blaNDM carbapenemase plasmids in Enterobacterales in Singapore 2010-2015
SRR26899096	SRX22593314	SRS19599846	SRP473241	PRJNA1042815	Salmonella enterica	ETS 34	OXFORD_NANOPORE	GridION	14535223876.0	14548784.0	WGS	GENOMIC	SINGLE	WGS of Salmonella enterica isolate
SRR12298990	SRX8802223	SRS6792654	SRP266402	PRJNA605147	Citrobacter sp. RHBSTW-01044	RHBSTW-01044	OXFORD_NANOPORE	GridION	2009861116.0	472353.0	WGS	GENOMIC	SINGLE	OXFORD_NANOPORE sequencing of Citrobacter sp. isolate WTP2|T3-01044 cultured from WTP downstream sample
SRR27678678	SRX23346071	SRS20207309	SRP485167	PRJNA960711	Bacillus altitudinis	G6S2	OXFORD_NANOPORE	MinION	78413273.0	24822.0	WGS	GENOMIC	SINGLE	WGS of Bacillus altitudinis: strain G6S2
SRR35213472	SRX30317251	SRS26364185	SRP615992	PRJNA1301220	Acinetobacter baumannii	ABO22-A118	OXFORD_NANOPORE	MinION	184605601.0	35010.0	WGS	GENOMIC	SINGLE	Whole geneme sequencing of Acinetobacter baumannii: isolates of the Ab-One study
DRR572490	DRX555957	DRS426398	DRP012251	PRJDB17574	Escherichia coli	YK-IS1MA-L08-3_G08	OXFORD_NANOPORE	MinION	50394.0	76.0	WGS	GENOMIC	SINGLE	nanopore-seq of SAMD00748215 L08-3_G8
SRR3151667	SRX1542110	SRS1258612	SRP068790	PRJNA292804	Enterococcus faecium	ISMMS_VRE_9	PACBIO_SMRT	PacBio RS II	1216365756.0	163482.0	WGS	GENOMIC	SINGLE	Vancomycin resistant Enterococcus VRE_9
SRR30342891	SRX25801258	SRS22432733	SRP528120	PRJNA1150149	Pseudomonas aeruginosa	ST4254	OXFORD_NANOPORE	MinION	322562881.0	37301.0	WGS	GENOMIC	SINGLE	ONT long-read sequencing of potential healthcare transmission pathogens
ERR15498328	ERX14902257	ERS066387	ERP000943	PRJEB2705	Staphylococcus haemolyticus	104658	PACBIO_SMRT	Sequel	63711026.0	12081.0	WGS	GENOMIC	SINGLE	Sequel sequencing
SRR22860020	SRX18818563	SRS16251825	SRP414408	PRJNA914892	Staphylococcus aureus	C286	OXFORD_NANOPORE	MinION	453121937.0	135147.0	WGS	GENOMIC	SINGLE	Long read ONT WGS of Staphylococcus aureus isolates from Chronic Rhinosinusitis Patients
ERR11275479	ERX10683049	ERS14857450	ERP146774	PRJEB61685	Mycobacterium tuberculosis variant bovis BCG		OXFORD_NANOPORE	MinION	47173773.0	18759.0	WGS	GENOMIC	SINGLE	MinION sequencing
SRR8739676	SRX5532402	SRS4498625	SRP051949	PRJNA271899	Enterobacter asburiae	MGH298A	OXFORD_NANOPORE	GridION	179375025.0	58093.0	WGS	GENOMIC	SINGLE	Sequencing of Carbapenem resistant bacteria
