srr_accession	srx_accession	srs_accession	srp_accession	bioproject	organism	strain	platform	instrument	total_bases	total_spots	library_strategy	library_source	library_layout	title
SRR5145046	SRX2463443	SRS1463198	SRP075474	PRJNA289138	Burkholderia cenocepacia	VC3917	PACBIO_SMRT	PacBio RS II	18373912.0	3834.0	WGS	GENOMIC	SINGLE	WGS of Burkholderia cenocepacia: Bcc201
SRR19894760	SRX15937783	SRS13624971	SRP384109	PRJNA853901	Bordetella pertussis	Bp-800629-19	OXFORD_NANOPORE	MinION	684168938.0	69423.0	WGS	GENOMIC	SINGLE	Whole genome sequencing of Bordetella pertussis with Nanopore Q20 kit
SRR5826165	SRX3003912	SRS1832507	SRP094480	PRJNA279196	Bordetella pertussis	E809	PACBIO_SMRT	PacBio RS II	1195771003.0	163482.0	WGS	GENOMIC	SINGLE	
SRR36200531	SRX31237074	SRS27216403	SRP649104	PRJNA1367967	Klebsiella pneumoniae	BN06584I1	OXFORD_NANOPORE	PromethION	412363084.0	522262.0	WGS	GENOMIC	SINGLE	WGS of clinical Klebsiella pneumoniae from a referral hospital in Bansang, Gambia
SRR707880	SRX233066	SRS416707	SRP021602	PRJNA88839	Enterococcus malodoratus ATCC 43197	ATCC 43197	PACBIO_SMRT	PacBio RS	67627098.0	81741.0	WGS	GENOMIC	SINGLE	Pacbio whole genome shotgun sequencing of genomic DNA library 'PACBIO-297' containing sample 'ATCC43197' from individual 'Enterococcus malodoratus ATCC43197'
SRR9047927	SRX5824535	SRS4752590	SRP051949	PRJNA271899	Klebsiella pneumoniae	MGH296	OXFORD_NANOPORE	GridION	746111662.0	140250.0	WGS	GENOMIC	SINGLE	Sequencing of Carbapenem resistant bacteria
SRR12298456	SRX8801611	SRS6792783	SRP266402	PRJNA605147	Citrobacter sp. RHBSTW-00029	RHBSTW-00029	PACBIO_SMRT	PacBio RS II	1318574827.0	160612.0	WGS	GENOMIC	SINGLE	PACBIO_SMRT sequencing of Citrobacter sp. isolate WTP4|T1-00029 cultured from WTP downstream sample
SRR17208874	SRX13388798	SRS11290155	SRP350362	PRJNA788148	Raoultella ornithinolytica	A2s	OXFORD_NANOPORE	MinION	1352674.0	300.0	WGS	GENOMIC	SINGLE	A2_r1_adaptive_16h
SRR19787658	SRX15831693	SRS13522784	SRP383167	PRJNA851853	Salmonella enterica	2010K-0348_ONT	OXFORD_NANOPORE	GridION	1341589110.0	579141.0	WGS	GENOMIC	SINGLE	WGS of Salmonella enterica serovar Enteritidis
SRR31820564	SRX27180966	SRS23633246	SRP553618	PRJNA1202375	Acinetobacter baumannii	2	OXFORD_NANOPORE	GridION	1786925449.0	251212.0	WGS	GENOMIC	SINGLE	Acinetobacter baumannii_A11
SRR5742467	SRX2947402	ERS2107566	SRP110172	PRJNA335047	Variovorax sp. YR752	YR752	PACBIO_SMRT	PacBio RS II	397133090.0	112543.0	WGS	GENOMIC	SINGLE	Variovorax sp. YR752
SRR2012419	SRX1020328	SRS930871	SRP058069	PRJEA61443	Escherichia coli O25b:H4-ST131	EC958	PACBIO_SMRT	PacBio RS	1939048763.0	490446.0	WGS	GENOMIC	SINGLE	EC958 Pacific biosciences SMRT sequencing data from the whole genome sequencing of E. coli O25b:H4-ST131
SRR15989155	SRX12277712	SRS9999204	SRP357537	PRJNA801416	Enterobacter cloacae	66	OXFORD_NANOPORE	GridION	955136803.0	139350.0	WGS	GENOMIC	SINGLE	Whole Genome Sequencing of Carbapenemase-producing Enterobacterales (CPE)
DRR170701	DRX161313	DRS091766	DRP004927	PRJDB8056	Staphylococcus aureus	KG-22	PACBIO_SMRT	Sequel	724186296.0	120943.0	WGS	GENOMIC	SINGLE	Sequel sequencing of SAMD00164378
SRR21415850	SRX17420030	SRS14917046	SRP361569	PRJNA768416	Listeria sp. FSL L8-0308	FSL L8-0308	OXFORD_NANOPORE	MinION	191700836.0	61649.0	WGS	GENOMIC	SINGLE	WGS of Bacilli
ERR10124229	ERX9661293	ERS6426088	ERP109413	PRJEB27342	Klebsiella michiganensis		PACBIO_SMRT	Sequel II	4932721691.0	753833.0	WGS	GENOMIC	SINGLE	Sequel II sequencing
SRR9172123	SRX5944788	SRS4857651	SRP040661	PRJNA231221	Shigella flexneri	FDAARGOS_713	PACBIO_SMRT	PacBio RS	1550615520.0	163482.0	WGS	GENOMIC	SINGLE	
SRR9047988	SRX5824474	SRS4752529	SRP051949	PRJNA271899	Enterobacter cloacae	MGH362	OXFORD_NANOPORE	GridION	3555989180.0	526464.0	WGS	GENOMIC	SINGLE	Sequencing of Carbapenem resistant bacteria
SRR10160911	SRX6886310	SRS5419545	SRP222906	PRJNA573516	Streptococcus pneumoniae	S8	OXFORD_NANOPORE	MinION	73149440.0	32987.0	WGS	GENOMIC	SINGLE	MinION sequencing of Streptococcus  pneumoniae
SRR13680663	SRX10070045	SRS8231702	SRP303037	PRJNA694442	Salmonella enterica		OXFORD_NANOPORE	GridION	3732624981.0	505820.0	WGS	GENOMIC	SINGLE	Multiplex WGS of Salmonella enterica
DRR378483	DRX364384	DRS241853	DRP008598	PRJDB13586	Campylobacter jejuni	THJ067	OXFORD_NANOPORE	MinION	515735454.0	46790.0	WGS	GENOMIC	SINGLE	SSUB21860 : Campylobacter jejuni THJ067
ERR5260054	ERX5050449	ERS5671950	ERP126765	PRJEB42844	Xanthomonas arboricola pv. corylina	CFBP 1159	OXFORD_NANOPORE	MinION	365313089.0	25337.0	WGS	GENOMIC	SINGLE	MinION sequencing; CFBP 1159 long reads
SRR23940501	SRX19749815	SRS17115492	SRP428759	PRJNA806727	Paenibacillus polymyxa	R 3.13	OXFORD_NANOPORE	MinION	2594686622.0	452942.0	WGS	GENOMIC	SINGLE	Genome sequencing and assembly of Paenibacillus polymyxa R 3.13 (ONT)
SRR23347691	SRX19289342	SRS16690584	SRP421131	PRJNA931653	Escherichia coli K-12	K-12	OXFORD_NANOPORE	GridION	28077158.0	4000.0	WGS	GENOMIC	SINGLE	Nanopore sequencing of Ciprofloxacin challenged E. coli
SRR4181380	SRX2142616	SRS1674271	SRP086993	PRJNA323239	Bifidobacterium psychraerophilum DSM 22366	DSM 22366	PACBIO_SMRT	PacBio RS	851719574.0	232230.0	WGS	GENOMIC	SINGLE	Bifidobacterium psychraerophilum DSM 22366
SRR15989050	SRX12277817	SRS9998552	SRP357534	PRJNA801415	Klebsiella pneumoniae	15	OXFORD_NANOPORE	GridION	3318606146.0	634852.0	WGS	GENOMIC	SINGLE	Whole Genome Sequencing of Carbapenemase-producing Enterobacterales (CPE)
SRR31598963	SRX26963522	SRS23433234	SRP549287	PRJNA1185485	Escherichia coli	711	OXFORD_NANOPORE	PromethION	1050039866.0	216000.0	WGS	GENOMIC	SINGLE	W3R-barcode30
SRR7971259	SRX4804280	SRS3883045	SRP163896	PRJNA494713	Escherichia coli	ERL06-2503	PACBIO_SMRT	PacBio RS II	1883166987.0	163482.0	WGS	GENOMIC	SINGLE	Compete closed genomes of ten Shiga toxin-containing Escherichia coli O157:H7 strains             from New Zealand
ERR5984431	ERX5624154	ERS6796330	ERP129449	PRJEB45354	Escherichia coli		OXFORD_NANOPORE	GridION	43395946.0	10337.0	WGS	GENOMIC	SINGLE	GridION sequencing; Raw reads: ONT_30224_1#351
SRR30896406	SRX26299615	SRS22828337	SRP536878	PRJNA1134622	Escherichia coli	OXEC-152	OXFORD_NANOPORE	MinION	312559293.0	114048.0	WGS	GENOMIC	SINGLE	OXEC-152
SRR31599566	SRX26964116	SRS23433828	SRP549287	PRJNA1185485	Escherichia coli	399	OXFORD_NANOPORE	PromethION	899851673.0	161747.0	WGS	GENOMIC	SINGLE	pig-inf-barcode34
ERR15693071	ERX15097272	ERS26984933	ERP171481	PRJEB88388	Pseudomonas sp. R-91911	R-91911	OXFORD_NANOPORE	MinION	1189669189.0	310763.0	WGS	GENOMIC	SINGLE	Raw reads: Pseudomonas sp. R-91911
SRR25500206	SRX21231084	SRS18486449	SRP453064	PRJNA981493	Serratia marcescens	ELP1.10	OXFORD_NANOPORE	MinION	890987942.0	147130.0	WGS	GENOMIC	SINGLE	Nanopore of  of PRJNA981493
SRR22193301	SRX18171717	SRS15670939	SRP406143	PRJNA896537	Escherichia coli		OXFORD_NANOPORE	MinION	700960816.0	288396.0	WGS	GENOMIC	SINGLE	E. coli isolate from human urine sample 1
SRR711199	SRX228371	SRS411280	SRP023490	PRJNA82527	Enterococcus faecium EnGen0376	EnGen0376	PACBIO_SMRT	PacBio RS	64888025.0	81741.0	WGS	GENOMIC	SINGLE	Pacbio whole genome shotgun sequencing of genomic DNA library 'LR_115_Efaecium' containing sample 'Pat2-2' from individual 'Enterococcus faecium Efm_NY2-2'
SRR32375322	SRX27708119	SRS21131021	SRP444583	PRJNA962904	Escherichia coli		PACBIO_SMRT	Sequel II	153548946.0	6042.0	WGS	GENOMIC	SINGLE	PacBio sequencing of CS26851C1 for ARCH 1.0
ERR15941361	ERX15336906	ERS27416677	ERP185476	PRJEB104171	Escherichia coli		OXFORD_NANOPORE	MinION	201467152.0	67510.0	WGS	GENOMIC	SINGLE	MinION sequencing
SRR9162624	SRX5935586	SRS4848722	SRP040661	PRJNA231221	Mycolicibacterium smegmatis	FDAARGOS_679	PACBIO_SMRT	PacBio RS	2622243045.0	163482.0	WGS	GENOMIC	SINGLE	
ERR772458	ERX715337	ERS647574	ERP005928	PRJEB6403	Salmonella enterica	NCTC6385	PACBIO_SMRT	PacBio RS	340584950.0	163482.0	WGS	GENOMIC	SINGLE	PacBio RS sequencing
SRR28370663	SRX23975746	SRS19599854	SRP496022	PRJNA1087001	Listeria monocytogenes EGD-e	EGD-e	OXFORD_NANOPORE	GridION	4832691532.0	1657088.0	WGS	GENOMIC	SINGLE	WGS of Listeria monocytogenes isolate
SRR5746714	SRX2947865	SRS1613988	SRP068737	PRJNA292902	Klebsiella pneumoniae		PACBIO_SMRT	PacBio RS II	1363391866.0	163482.0	WGS	GENOMIC	SINGLE	PacBio SMRT Sequencing of Klebsiella pneumoniae FDA-CDC-AR_0146 Genomic Library
SRR15989126	SRX12277741	SRS9998494	SRP357537	PRJNA801416	Klebsiella pneumoniae	E10	OXFORD_NANOPORE	GridION	1345237219.0	247458.0	WGS	GENOMIC	SINGLE	Whole Genome Sequencing of Carbapenemase-producing Enterobacterales (CPE)
SRR13328101	SRX9755111	SRS7944821	SRP299781	PRJNA684363	Pantoea sp. TH84	TH84	OXFORD_NANOPORE	MinION	71068638.0	105833.0	WGS	GENOMIC	SINGLE	WGS of Pantoea sp. : bacterial isolate
ERR13354867	ERX12725799	ERS20552804	ERP161856	PRJEB77424	Mycobacterium tuberculosis		OXFORD_NANOPORE	MinION			WGS	GENOMIC	SINGLE	MinION sequencing
SRR13148778	SRX9589061	SRS7792534	SRP294234	PRJNA680431	Mycoplasmoides gallisepticum	KUVMG001	OXFORD_NANOPORE	MinION	2538813699.0	400260.0	WGS	GENOMIC	SINGLE	Oxford Nanopore reads of Mycoplasma gallisepticum
ERR2237814	ERX2289981	ERS1869813	ERP005928	PRJEB6403	Streptococcus agalactiae	NCTC13945	PACBIO_SMRT	PacBio RS	183277170.0	163482.0	WGS	GENOMIC	SINGLE	PacBio RS sequencing
ERR10499098	ERX10016387	ERS14256115	ERP142629	PRJEB57633	Escherichia coli		OXFORD_NANOPORE	GridION	54067742.0	8885.0	WGS	GENOMIC	SINGLE	Raw reads: ONT_30859_5#153
SRR28784909	SRX24349316	SRS21108281	SRP503643	PRJNA1102902	Klebsiella pneumoniae	23RS4	OXFORD_NANOPORE	PromethION	1601255449.0	183723.0	WGS	GENOMIC	SINGLE	WGS of Klebsiella pneumoniae subsp. pneumoniae
SRR3151664	SRX1541734	SRS1258250	SRP068771	PRJNA292786	Enterococcus faecium	ISMMS_VRE_1	PACBIO_SMRT	PacBio RS II	590180298.0	163482.0	WGS	GENOMIC	SINGLE	Vancomycin-resistant Enterococcus faecium VRE1
SRR12710664	SRX9189541	SRS7425640	SRP285349	PRJNA658327	Rothia aeria	CECT 9999	OXFORD_NANOPORE	MinION	363438043.0	60873.0	WGS	GENOMIC	SINGLE	Oxford Nanopore Technologies raw reads from nitrate-reducing isolated organism from dental plaque sample number 7 of donor number 1
SRR30149491	SRX25617142	SRS21937669	SRP518730	PRJNA1133668	Enterobacter hormaechei	ST171EH14	OXFORD_NANOPORE	MinION	69430490.0	7609.0	WGS	GENOMIC	SINGLE	Nanopore sequencing of clinical CRE isolates: human
ERR15732298	ERX15137433	ERS27093506	ERP182414	PRJEB100987	Xanthomonas oryzae pv. oryzae	CIX3097	OXFORD_NANOPORE	MinION	796521473.0	72669.0	WGS	GENOMIC	SINGLE	OXFORD_NANOPORE MinION sequencing; CIX3097 WGS GENOMIC
SRR35808526	SRX30857806	SRS26863766	SRP633462	PRJNA1346110	Streptococcus dysgalactiae subsp. equisimilis	UT9728	OXFORD_NANOPORE	MinION	323232005.0	166230.0	WGS	GENOMIC	SINGLE	WGS:UT9728 Replicates
SRR30842870	SRX26241789	SRS2153030	SRP040281	PRJNA230403	Salmonella enterica subsp. enterica serovar Enteritidis	PNUSAS010926	OXFORD_NANOPORE	GridION	2828474940.0	487561.0	WGS	GENOMIC	SINGLE	SE using ONT_MP24
ERR16000080	ERX15395314	ERS28312867	ERP185857	PRJEB104599	Staphylococcus aureus		OXFORD_NANOPORE	MinION	627338874.0	422452.0	WGS	GENOMIC	SINGLE	Raw reads: Staphylococcus aureus LFMFP strain 051
SRR27145108	SRX22826811	SRS19807593	SRP476597	PRJNA1050168	Klebsiella pneumoniae	not applicable	OXFORD_NANOPORE	GridION	1033003911.0	538916.0	WGS	GENOMIC	SINGLE	Nanopore-Seq of Klebsiella pneumonia outbreak samples
SRR30669906	SRX26088576	SRS22655140	SRP531402	PRJNA1158507	Escherichia coli	HMT18	PACBIO_SMRT	Revio	1107875290.0	79390.0	WGS	GENOMIC	SINGLE	long read sequencing of Escherichia coli HMT18: colony 11
SRR12492533	SRX8984143	SRS420732	SRP022868	PRJNA201967	Enterobacter sp. MGH 14	MGH 14	OXFORD_NANOPORE	GridION	1355316513.0	316960.0	WGS	GENOMIC	SINGLE	Sequencing of Carbapenem resistant bacteria
SRR26895518	SRX22589718	SRS19596594	SRP473162	PRJNA1043403	Klebsiella pneumoniae	DD02239	OXFORD_NANOPORE	MinION	1603954471.0	525799.0	WGS	GENOMIC	SINGLE	Nanopre Sequencing of Hypervirulent and Carbapenem-resistant Klebsiella pneumoniae
SRR12395049	SRX8893421	SRS7152443	SRP276100	PRJNA650381	Mycobacterium tuberculosis		OXFORD_NANOPORE	MinION	1072788660.0	678866.0	WGS	GENOMIC	SINGLE	Nanopore TB WGS
SRR30940505	SRX26343244	SRS22868755	SRP537654	PRJNA1078514	Streptococcus salivarius	KSS3	PACBIO_SMRT	Sequel II	629810847.0	66497.0	WGS	GENOMIC	SINGLE	Streptococcus salivarius strain:KSS3 Genome sequencing
ERR5214326	ERX5017782	ERS5599710	ERP126298	PRJEB42440	Klebsiella pneumoniae		OXFORD_NANOPORE	MinION	2191887426.0	243505.0	WGS	GENOMIC	SINGLE	MinION sequencing
SRR22389475	SRX18359494	SRS15845356	SRP409379	PRJNA175046	Helicobacter pylori	HP9192	OXFORD_NANOPORE	MinION	1837066220.0	295566.0	WGS	GENOMIC	SINGLE	genome sequencing Helicobacter pylori
ERR13577270	ERX12947173	ERS20900490	ERP161852	PRJEB77420	Enterobacter cloacae		OXFORD_NANOPORE	MinION	1208066414.0	134481.0	WGS	GENOMIC	SINGLE	Raw reads: Long reads sequencing of P07-38828 isolate
SRR30934804	SRX26337505	SRS22863377	SRP537571	PRJNA1168290	Paenibacillus sp. TAB_01	TAB_01	OXFORD_NANOPORE	MinION	1561257.0	201.0	WGS	GENOMIC	SINGLE	Paenibacillus sp. TAB 01 from cotton plant tissue
SRR32212838	SRX27554167	SRS23968091	SRP561287	PRJNA1217515	Xanthomonas euvesicatoria pv. polysciadis	Pgu1	PACBIO_SMRT	Sequel	66008953.0	20167.0	WGS	GENOMIC	SINGLE	WGS of Xanthomonas euvesicatoria pv. polysciadis
SRR21817393	SRX17806715	SRS15330977	SRP401170	PRJNA887425	Campylobacter coli	10-02932	OXFORD_NANOPORE	MinION	4031688864.0	402821.0	WGS	GENOMIC	SINGLE	Sequencing of Campylobacter Coli
ERR10498764	ERX10016053	ERS14255783	ERP142629	PRJEB57633	Escherichia coli		OXFORD_NANOPORE	GridION	78361850.0	9658.0	WGS	GENOMIC	SINGLE	Raw reads: ONT_30602_1#45
ERR3685751	ERX3675355	ERS4047552	ERP114207	PRJEB31632	bacterium		OXFORD_NANOPORE	GridION	356925155.0	47547.0	WGS	GENOMIC	SINGLE	GridION sequencing
SRR31647025	SRX27010216	SRS23474566	SRP550213	PRJNA1193534	Staphylococcus aureus	p26033	OXFORD_NANOPORE	GridION	6758667.0	5059.0	WGS	GENOMIC	SINGLE	Genomic Analysis of Plasmids in Animal-Associated Staphylococcus aureus
SRR35556638	SRX30631422	SRS19727958	SRP150360	PRJNA475751	Escherichia coli	EC01342	OXFORD_NANOPORE	MinION	82929496.0	24680.0	WGS	GENOMIC	SINGLE	WGS Sequencing of Escherichia coli
SRR31583363	SRX26948891	SRS23420353	SRP548954	PRJNA1193326	Campylobacter coli		OXFORD_NANOPORE	MinION	89305199.0	151837.0	WGS	GENOMIC	SINGLE	Long-read Nanopore-based WGS characterization of antimicrobial resistant Campylobacter jejuni and Campylobacter coli isolates from humans, animals and food products in Northern Spain within a One Health approach
SRR25467021	SRX21199904	SRS18458348	SRP452337	PRJNA1000618	Escherichia coli	Escherichia coli BL21(DE3)	OXFORD_NANOPORE	MinION	6035726.0	3999.0	WGS	GENOMIC	SINGLE	CASTVK transposition with different condition
SRR9663395	SRX6424270	SRS5080828	SRP213990	PRJNA536286	Nocardioides sp. IMT03	SLBN-35	PACBIO_SMRT	Sequel	1110496760.0	263646.0	WGS	GENOMIC	SINGLE	Nocardioides sp. SLBN-35
SRR24140427	SRX19938650	SRS17287360	SRP247747	PRJNA604975	Escherichia coli	ox_bsi_209	OXFORD_NANOPORE	GridION	97448714.0	34610.0	WGS	GENOMIC	SINGLE	oxford_bsi
SRR23291423	SRX19234670	SRS10457344	SRP074197	PRJNA288601	Escherichia coli	2021QW-00057	OXFORD_NANOPORE	MinION	1128597024.0	149101.0	WGS	GENOMIC	SINGLE	Oxford nanopore long reads of clinical isolates used to investigate plasmid recovery by long read sequencers
SRR15989135	SRX12277732	SRS9999227	SRP357537	PRJNA801416	Escherichia coli	E1109	OXFORD_NANOPORE	GridION	1725878620.0	290649.0	WGS	GENOMIC	SINGLE	Whole Genome Sequencing of Carbapenemase-producing Enterobacterales (CPE)
SRR8175749	SRX4996084	SRS4030954	SRP040661	PRJNA231221	Acinetobacter haemolyticus	FDAARGOS_492	PACBIO_SMRT	PacBio RS	1044720669.0	163482.0	WGS	GENOMIC	SINGLE	
SRR29778983	SRX25278897	SRS21698274	SRP418402	PRJNA925803	Streptococcus dysgalactiae subsp. equisimilis	MGCS35901	OXFORD_NANOPORE	GridION	163274202.0	120618.0	WGS	GENOMIC	SINGLE	WGS of Streptococcus dysgalactiae subsp. equisimilis
SRR35310084	SRX30411954	SRS26314639	SRP613631	PRJNA1311546	Bacillus cereus	PS03218	OXFORD_NANOPORE	MinION	207033894.0	95836.0	WGS	GENOMIC	SINGLE	WGS of bacterial isolate: Food isolate
SRR24952274	SRX20710331	SRS18002647	SRP444472	PRJNA984747	Escherichia coli	TUM9868	OXFORD_NANOPORE	MinION	3478340129.0	522268.0	WGS	GENOMIC	SINGLE	Full-length genome sequencing of Escherichia coli possessing blaCTX-M-2
SRR873886	SRX290929	SRS432033	SRP023843	PRJNA178405	Bordetella holmesii 35009	35009	PACBIO_SMRT	PacBio RS	260618042.0	81741.0	WGS	GENOMIC	SINGLE	
SRR31598771	SRX26963715	SRS23433427	SRP549287	PRJNA1185485	Escherichia coli	46	OXFORD_NANOPORE	PromethION	1261418908.0	271332.0	WGS	GENOMIC	SINGLE	2ndManhole-barcode47
SRR11038961	SRX7691243	SRS6117405	SRP247582	PRJNA604100	Raoultella ornithinolytica	23	OXFORD_NANOPORE	MinION	1100263165.0	111172.0	WGS	GENOMIC	SINGLE	Genome sequencing Escherichia coli 124 nanopore
ERR2246679	ERX2298702	ERS1906618	ERP005928	PRJEB6403	Prevotella heparinolytica	3012STDY7078512	PACBIO_SMRT	PacBio RS	1489015920.0	163482.0	WGS	GENOMIC	SINGLE	PacBio RS sequencing
SRR24561040	SRX20344692	SRS17660967	SRP437701	PRJNA967359	Rhizobium sp. BT04	BT04	OXFORD_NANOPORE	MinION	1394437248.0	345171.0	WGS	GENOMIC	SINGLE	Nanopore sequencing of Rhizobium sp. BT04
SRR13192472	SRX9626987	SRS7827983	SRP295672	PRJNA681856	Salmonella enterica	LHICA_E1	OXFORD_NANOPORE	MinION	16091268.0	4000.0	WGS	GENOMIC	SINGLE	WGS of Salmonella enterica Lhica E101
SRR25466773	SRX21199648	SRS18458348	SRP452337	PRJNA1000618	Escherichia coli	Escherichia coli BL21(DE3)	OXFORD_NANOPORE	MinION	6169122.0	3999.0	WGS	GENOMIC	SINGLE	CASTVK transposition with different condition
SRR5182031	SRX2498139	SRS1924992	SRP096895	PRJNA353873	Mycobacterium tuberculosis		PACBIO_SMRT	PacBio RS	569004088.0	163482.0	WGS	GENOMIC	SINGLE	DNA of Mtb
SRR9722594	SRX6480177	SRS5130283	SRP215816	PRJNA470993	Staphylococcus aureus	ER01746.3	PACBIO_SMRT	PacBio RS II	1143336472.0	178469.0	WGS	GENOMIC	SINGLE	WGS of Staphylococcus aureus
SRR31944212	SRX27301171	SRS13986855	SRP387145	PRJNA860203	Campylobacter lari subsp. concheus	RM19157	OXFORD_NANOPORE	MinION	401640784.0	208262.0	WGS	GENOMIC	SINGLE	Whole genome sequencing of Campylobacter lari subsp. Concheus
ERR6536249	ERX6163072	ERS4039993	ERP023216	PRJEB20997	Salmonella enterica		PACBIO_SMRT	Sequel II	790275742.0	139932.0	WGS	GENOMIC	SINGLE	Sequel II sequencing
ERR8282786	ERX7850217	ERS3033927	ERP112565	PRJEB30134	Klebsiella pneumoniae	cpe057	OXFORD_NANOPORE	MinION	832526605.0	128937.0	WGS	GENOMIC	SINGLE	MinION sequencing
SRR13386187	SRX9805242	SRS7989317	SRP300861	PRJNA663900	Enterococcus sp. DIV0210g	DIV0210g	OXFORD_NANOPORE	GridION	1002325376.0	225716.0	WGS	GENOMIC	SINGLE	Zoo 3 Enterococcus Diversity Genome sequencing and assembly
DRR393820	DRX379639	DRS297153	DRP007849	PRJDB10842	Enterobacter hormaechei subsp. hoffmannii	JBEAAFA-19-0086	OXFORD_NANOPORE	GridION	354873816.0	63666.0	WGS	GENOMIC	SINGLE	GridION sequencing of SAMD00502170
SRR30949538	SRX26351946	SRS22817141	SRP536567	PRJNA1165464	Escherichia coli	Not applicable	OXFORD_NANOPORE	MinION	314996745.0	83946.0	WGS	GENOMIC	SINGLE	Nanopore sequencing of E.coli: blood isolate
SRR386052	SRX109950	SRS010315	SRP001878	PRJNA40009	Bacteroides eggerthii 1_2_48FAA	1_2_48FAA	PACBIO_SMRT	PacBio RS	49149846.0	81741.0	WGS	GENOMIC	SINGLE	Whole Genome Sequencing and Assembly
SRR8776870	SRX5566900	SRS4529923	SRP189296	PRJNA528186	Staphylococcus aureus	UP_1539	OXFORD_NANOPORE	MinION	637579209.0	119599.0	WGS	GENOMIC	SINGLE	UP_1539_nanopore
ERR16064445	ERX15454627	ERS28397580	ERP173262	PRJEB90249	Campylobacter jejuni		OXFORD_NANOPORE	GridION	427163990.0	112330.0	WGS	GENOMIC	SINGLE	GridION sequencing
SRR2818286	SRX1384254	SRS1134830	SRP040661	PRJNA231221	Vibrio parahaemolyticus	FDAARGOS_120	PACBIO_SMRT	PacBio RS	1417246952.0	163482.0	WGS	GENOMIC	SINGLE	
SRR30896319	SRX26299702	SRS22828424	SRP536878	PRJNA1134622	Escherichia coli	OXEC-447	OXFORD_NANOPORE	MinION	951104171.0	229719.0	WGS	GENOMIC	SINGLE	OXEC-447
ERR13194297	ERX12565162	ERS20185809	ERP160059	PRJEB75483	Rhizobium leguminosarum		OXFORD_NANOPORE	MinION	157465436.0	35966.0	WGS	GENOMIC	SINGLE	MinION sequencing
SRR35224304	SRX30327934	SRS26372309	SRP616549	PRJNA1314197	Mycobacterium tuberculosis	not applicable	OXFORD_NANOPORE	PromethION	650985218.0	112433.0	WGS	GENOMIC	SINGLE	Adaptive sampling of M. tb DNA mixture (1% Resistant), Rep 3
SRR287706	SRX078306	SRS212380	SRP007207	PRJNA68253	Escherichia coli		PACBIO_SMRT	PacBio RS	204684501.0	81741.0	WGS	GENOMIC	SINGLE	Whole Genome Sequencing for 042
SRR32584282	SRX27890858	SRS24262185	SRP568071	PRJNA1231784	Mycobacterium	INH128ugmlmutant38	OXFORD_NANOPORE	GridION	262867044.0	41853.0	WGS	GENOMIC	SINGLE	Genome sequencing of Mycobacterium sp.
ERR10472482	ERX9992827	ERS6795177	ERP109413	PRJEB27342	Klebsiella pneumoniae		PACBIO_SMRT	Sequel II	6340374035.0	1081194.0	WGS	GENOMIC	SINGLE	Sequel II sequencing
SRR27639531	SRX23307660	SRS20184120	SRP484665	PRJNA1066597	Pasteurella multocida	Pm126	OXFORD_NANOPORE	GridION	170448815.0	55897.0	WGS	GENOMIC	SINGLE	Pasteurella multocida Pm126
SRR29837598	SRX25335409	SRS22003014	SRP520032	PRJNA1082471	Streptococcus iniae	QMA0139	OXFORD_NANOPORE	MinION	107761549.0	52835.0	WGS	GENOMIC	SINGLE	HMW DNA extracted by RLS (Resource Limited Settings) method:Streptococcus iniae
SRR924477	SRX314713	SRS452293	SRP026276	PRJNA191769	Salmonella enterica subsp. enterica serovar Heidelberg str. CFSAN002064	CFSAN002064	PACBIO_SMRT	PacBio RS	313543334.0	81741.0	WGS	GENOMIC	SINGLE	Whole genome shotgun sequencing of Salmonella enterica subsp. enterica serovar Heidelberg str. CFSAN002064 by Pacific Biosciences SMRT
SRR18274960	SRX14413133	SRS12222564	SRP363154	PRJNA814053	Escherichia marmotae	W49-2	OXFORD_NANOPORE	MinION	419109412.0	32145.0	WGS	GENOMIC	SINGLE	Long read sequencing of Escherichia marmotae W49-2
SRR21696620	SRX17694163	SRS14987519	SRP354045	PRJNA747871	Nocardia sp. NBC_00881	NBC_00881	OXFORD_NANOPORE	MinION	625854698.0	61843.0	WGS	GENOMIC	SINGLE	nanopore sequencing data from strain NBC_00881
ERR1140969	ERX1219818	ERS825168	ERP005928	PRJEB6403	Staphylococcus aureus	NCTC10656	PACBIO_SMRT	PacBio RS	537719341.0	163482.0	WGS	GENOMIC	SINGLE	PacBio RS sequencing
SRR13996142	SRX10373570	SRS3791246	SRP071789	PRJNA315192	Escherichia coli	588889	OXFORD_NANOPORE	MinION	1234980756.0	128959.0	WGS	GENOMIC	SINGLE	588889
ERR10499628	ERX10016910	ERS14256836			Escherichia coli		OXFORD_NANOPORE	GridION	53972260.0	4180.0	WGS	GENOMIC	SINGLE	GridION sequencing; Raw reads: ONT_30348_2#362
SRR31598795	SRX26963691	SRS23433405	SRP549287	PRJNA1185485	Escherichia coli	467	OXFORD_NANOPORE	PromethION	626592992.0	126269.0	WGS	GENOMIC	SINGLE	R4R-barcode13
SRR10752479	SRX7427276	SRS5873361	SRP238465	PRJNA596872	Aeromonas veronii	AVNIH1	PACBIO_SMRT	PacBio RS II	1542446840.0	169429.0	WGS	GENOMIC	PAIRED	Whole genome sequence of Aeromonas veronii AVNIH1
SRR30293582	SRX25754279	SRS20438715	SRP447847	PRJNA991976	Xanthomonas hortorum pv. hederae	WHRI 7731A	OXFORD_NANOPORE	PromethION	872259035.0	115344.0	WGS	GENOMIC	SINGLE	ONT genome sequencing of WHRI 7731ARx
ERR16124200	ERX15513952	ERS24427881	ERP172280	PRJEB89238	Escherichia coli		OXFORD_NANOPORE	MinION	904979583.0	104279.0	WGS	GENOMIC	SINGLE	Raw reads: CB7453
SRR21696393	SRX17693872	SRS11554242	SRP354045	PRJNA747871	Streptomyces platensis	NBC_01337	OXFORD_NANOPORE	MinION	200290186.0	31972.0	WGS	GENOMIC	SINGLE	nanopore sequencing data from strain NBC_01337
SRR12247691	SRX8755476	SRS6976344	SRP266402	PRJNA605147	Escherichia coli		OXFORD_NANOPORE	GridION	1818002654.0	349174.0	WGS	GENOMIC	SINGLE	Oxford Nanopore sequencing of Escherichia coli isolate RH17|T1-C11 cultured from poultry farm faeces sample
SRR25467095	SRX21199829	SRS18458353	SRP452337	PRJNA1000618	Escherichia coli	Escherichia coli BL21(DE3)	OXFORD_NANOPORE	MinION	9703158.0	4000.0	WGS	GENOMIC	SINGLE	CASTVK transposition with different condition
SRR36388024	SRX31416435	SRS27399788	SRP653897	PRJNA1378463	Klebsiella pneumoniae	#9381	OXFORD_NANOPORE	MinION	1611308439.0	359098.0	WGS	GENOMIC	SINGLE	WGS of Klebsiella pneumoniae ST307 and ST5994: clinical isolates from Cantabria (Spain)
SRR18463878	SRX14596178	SRS12343243	SRP365083	PRJNA818268	Bacillus cereus	Van8R5	PACBIO_SMRT	Sequel II	8093632925.0	977335.0	WGS	GENOMIC	SINGLE	Bacillus cereus 03BB102 isolate Van8R5
SRR19820543	SRX15864378	SRS13525955	SRP361569	PRJNA768416	Paenibacillus sp. FSL K6-1566	FSL K6-1566	OXFORD_NANOPORE	MinION	891909257.0	222837.0	WGS	GENOMIC	SINGLE	WGS of Bacilli
SRR15140909	SRX11448576	SRS9488523	SRP295672	PRJNA681856	Salmonella enterica subsp. arizonae	LHICA_AZ23	OXFORD_NANOPORE	MinION	27035346.0	4000.0	WGS	GENOMIC	SINGLE	Salmonella AZ23
SRR34973186	SRX30092626	SRS26157657	SRP608514	PRJNA1305037	Klebsiella pneumoniae	MI_KPC_845	OXFORD_NANOPORE	PromethION	316364821.0	81439.0	WGS	GENOMIC	SINGLE	KPC CRE collection from state of Michigan
SRR10503773	SRX7192725	SRS5698736	SRP230819	PRJNA347106	Micrococcus flavus	DSM 19079	PACBIO_SMRT	Sequel	1962294126.0	675026.0	WGS	GENOMIC	SINGLE	Micrococcus flavus DSM 19079
SRR26135343	SRX21848637	SRS18945895	SRP462494	PRJNA1019784	Shigella sonnei	3.6.1.1.2	OXFORD_NANOPORE	GridION	388799539.0	253959.0	WGS	GENOMIC	SINGLE	WGS of Shigella in Vancouver, 2021-23
SRR21630356	SRX17631044	SRS14986968	SRP354045	PRJNA747871	Streptomyces sp. NBC_00272	NBC_00272	OXFORD_NANOPORE	MinION	7268228.0	19489.0	WGS	GENOMIC	SINGLE	nanopore sequencing data from strain NBC_00272
SRR29777244	SRX25277152	SRS21961069	SRP519287	PRJNA1134122	Listeria monocytogenes	N24-0020	OXFORD_NANOPORE	MinION	621345356.0	124131.0	WGS	GENOMIC	SINGLE	Long read WGS of Listeria monocytogenes: isolate N24-0020
SRR23796606	SRX19628687	SRS16998279	SRP426545	PRJNA942086	Salmonella enterica subsp. enterica serovar Muenchen	PS_Mu_11_2021	OXFORD_NANOPORE	MinION	146841301.0	18881.0	WGS	GENOMIC	SINGLE	Nanopore sequencing of Campylobacter jejuni from human stool
SRR20082807	SRX16120497	SRS13782983	SRP385959	PRJNA836783	Mycobacterium tuberculosis		OXFORD_NANOPORE	MinION	1308782245.0	832920.0	WGS	GENOMIC	SINGLE	WGS of NR123- ONT fastq
SRR24833096	SRX20597500	SRS17897657	SRP441246	PRJNA980403	Acinetobacter pittii	PC870	OXFORD_NANOPORE	MinION	2183427345.0	1037261.0	WGS	GENOMIC	SINGLE	AB1_R1041_simplex
SRR31024202	SRX26411361	SRS22931318	SRP539092	PRJNA1174068	Vibrio cholerae	mHDM VC165	OXFORD_NANOPORE	PromethION	374304546.0	118058.0	WGS	GENOMIC	SINGLE	WGS of Vcholerae isolates
SRR8194160	SRX5013556	SRS4047427	SRP168926	PRJNA494557	Streptococcus pyogenes	TSPY208	OXFORD_NANOPORE	GridION	167568473.0	136354.0	WGS	GENOMIC	SINGLE	WGS of S pyogenes TSPY208_ont
ERR15941433	ERX15336978	ERS27416749	ERP185476	PRJEB104171	Escherichia coli		OXFORD_NANOPORE	MinION	204165408.0	49002.0	WGS	GENOMIC	SINGLE	MinION sequencing
DRR235029	DRX225219	DRS143930	DRP006245	PRJDB10103	Haemophilus influenzae	TA8730	OXFORD_NANOPORE	MinION	644169157.0	104674.0	WGS	GENOMIC	SINGLE	MinION sequencing of SAMD00233110
SRR1177090	SRX476274	SRS562076	SRP038983	PRJNA212473	Rickettsia bellii str. RML An4		PACBIO_SMRT	PacBio RS	871399205.0	163482.0	WGS	GENOMIC	SINGLE	Experiment PL100039149 C
ERR13326663	ERX12697691	ERS20295482	ERP161282	PRJEB76791	Salmonella enterica subsp. enterica serovar Agona		OXFORD_NANOPORE	MinION	399097850.0	107926.0	WGS	GENOMIC	SINGLE	MinION sequencing
ERR15516444	ERX14920290	ERS26654040	ERP165332	PRJEB81499	Escherichia coli		OXFORD_NANOPORE	GridION	429069104.0	183027.0	WGS	GENOMIC	SINGLE	GridION sequencing
SRR32370113	SRX27704557	SRS24099055	SRP564386	PRJNA1224596	Klebsiella pneumoniae	K-40150	OXFORD_NANOPORE	MinION	566331822.0	125091.0	WGS	GENOMIC	SINGLE	Long read WGS of Klebsiella pneumoniae: isolate K-40150
SRR2154343	SRX1141371	SRS1026481	SRP061662	PRJNA291037	Cronobacter universalis NCTC 9529	NCTC 9529	PACBIO_SMRT	PacBio RS II	1023722997.0	157129.0	WGS	GENOMIC	SINGLE	Cronobacter universalis NCTC 9529 genome sequencing and assembly
SRR31598718	SRX26963768	SRS23433479	SRP549287	PRJNA1185485	Escherichia coli	752	OXFORD_NANOPORE	PromethION	734513590.0	144000.0	WGS	GENOMIC	SINGLE	W3R-barcode81
SRR1006170	SRX362673	SRS489477	SRP030687	PRJNA191797	Mycobacterium xenopi 3993	3993	PACBIO_SMRT	PacBio RS	931054865.0	163482.0	WGS	GENOMIC	SINGLE	
ERR10497669	ERX10014958	ERS14254402	ERP142629	PRJEB57633	Escherichia coli		OXFORD_NANOPORE	GridION	173475007.0	27139.0	WGS	GENOMIC	SINGLE	Raw reads: ONT_30134_6#363
ERR10499593	ERX10016875	ERS14256992			Escherichia coli		OXFORD_NANOPORE	GridION	220098122.0	15149.0	WGS	GENOMIC	SINGLE	GridION sequencing; Raw reads: ONT_30348_2#156
SRR31828392	SRX27188789	SRS21069386	SRP502714	PRJNA1090129	Staphylococcus aureus	sa220209_barcode74	OXFORD_NANOPORE	MinION	216465471.0	284285.0	WGS	GENOMIC	SINGLE	Staphylococcus aureus strain sa220209_barcode74
ERR2125724	ERX2182576	ERS1505804	ERP005928	PRJEB6403	Acinetobacter lwoffii	NCTC5867	PACBIO_SMRT	PacBio RS	1077552524.0	163482.0	WGS	GENOMIC	SINGLE	PacBio RS sequencing
SRR19331781	SRX15391473	SRS13118944	SRP376274	PRJNA839711	Pasteurella multocida	P1581	OXFORD_NANOPORE	MinION	459744558.0	27322.0	WGS	GENOMIC	SINGLE	WGS of P. multocida
SRR10013755	SRX6751874	SRS5301914	SRP219110	PRJNA560883	Salmonella enterica subsp. enterica serovar Heidelberg	SL-312	PACBIO_SMRT	Sequel	874992559.0	108666.0	WGS	GENOMIC	SINGLE	Salmonella Heidelberg  (Donor)
ERR13600282	ERX12971305	ERS6084819	ERP127844	PRJEB43870	Klebsiella pneumoniae		OXFORD_NANOPORE	GridION	561985254.0	23849.0	WGS	GENOMIC	SINGLE	GridION sequencing
SRR21864871	SRX17852568	SRS2268034	SRP272326	PRJNA646837	Klebsiella pneumoniae	INF163	OXFORD_NANOPORE	MinION	171380205.0	11973.0	WGS	GENOMIC	SINGLE	ONT sequencing of Klebsiella pneumoniae: INF163
SRR26805703	SRX22502957	SRS18265531	SRP046387	PRJNA218110	Escherichia coli	2012C-4221	OXFORD_NANOPORE	MinION	473613321.0	57741.0	WGS	GENOMIC	SINGLE	Other WGS of Escherichia coli
SRR28800578	SRX24364331	SRS21121408	SRP503961	PRJNA1100578	Escherichia coli	UTAK-12	OXFORD_NANOPORE	PromethION	1451426796.0	204560.0	WGS	GENOMIC	SINGLE	WGS of multidrug-resistant STEC
ERR1940976	ERX2001509	ERS1452078	ERP005928	PRJEB6403	Vibrio furnissii	NCTC11218	PACBIO_SMRT	PacBio RS	1995691060.0	163482.0	WGS	GENOMIC	SINGLE	PacBio RS sequencing
SRR25241513	SRX20987790	SRS12559763	SRP369057	PRJNA695769	Nocardioides salarius	DSM 18239	PACBIO_SMRT	Sequel IIe	115685436.0	29147.0	WGS	GENOMIC	SINGLE	Nocardioides salarius DSM 18239
SRR15376169	SRX11678640	SRS9710528	SRP331701	PRJNA666790	Escherichia coli O157:H7	Z1834	PACBIO_SMRT	PacBio RS II	3670304162.0	163482.0	WGS	GENOMIC	SINGLE	Genome sequencing of ZAP E. coli O157:H7 strains from Scotland
SRR30016541	SRX25495619	SRS21688780	SRP514994	PRJNA1126170	Agrobacterium arsenijevicii	NCPPB 4602	OXFORD_NANOPORE	PromethION	1053917456.0	176720.0	WGS	GENOMIC	SINGLE	Genome sequencing of Agrobacterium arsenijevicii
SRR15989536	SRX12278003	SRS9999120	SRP357537	PRJNA801416	Escherichia coli	224	OXFORD_NANOPORE	GridION	1122655037.0	158244.0	WGS	GENOMIC	SINGLE	Whole Genome Sequencing of Carbapenemase-producing Enterobacterales (CPE)
SRR28415543	SRX24019892	SRS20798054	SRP496639	PRJNA1090044	Staphylococcus aureus	TUM20926	OXFORD_NANOPORE	MinION	211251571.0	45192.0	WGS	GENOMIC	SINGLE	ONT sequencing of Staphylococcus aureus TUM20926
SRR25466869	SRX21199551	SRS18458348	SRP452337	PRJNA1000618	Escherichia coli	Escherichia coli BL21(DE3)	OXFORD_NANOPORE	MinION	6299182.0	3998.0	WGS	GENOMIC	SINGLE	CASTVK transposition with different condition
SRR24007057	SRX19810433	SRS17171518	SRP429992	PRJNA950057	Burkholderia vietnamiensis	BUV127_M2	PACBIO_SMRT	Sequel	1725584526.0	371331.0	WGS	GENOMIC	SINGLE	Genome sequencing of Burkholderia vietnamiensis: serially collected isolates from a single patient
ERR15094652	ERX14499254	ERS24813631	ERP119900	PRJEB36683	Klebsiella pneumoniae 11227-1		OXFORD_NANOPORE	PromethION	1036650083.0	250882.0	WGS	GENOMIC	SINGLE	Raw reads: JKPB527_L
SRR4176918	SRX2141515	SRS1673300	SRP086891	PRJNA303768	Pseudomonas orientalis	LMG 23660	PACBIO_SMRT	PacBio RS	625770243.0	199853.0	WGS	GENOMIC	SINGLE	Pseudomonas orientalis BS2775
SRR7092002	SRX4020898	SRS1606315	SRP078820	PRJNA329501	Neisseria gonorrhoeae	missing	PACBIO_SMRT	PacBio RS II	1264153096.0	163482.0	WGS	GENOMIC	PAIRED	PacBio Sequencing of Neisseria gonorrhoeae
ERR10879084	ERX10323834	ERS14626523	ERP143848	PRJEB58776	Legionella pneumophila		OXFORD_NANOPORE	GridION	252674940.0	27756.0	WGS	GENOMIC	SINGLE	GridION sequencing
SRR33035053	SRX28300682	SRS24644645	SRP577280	PRJNA1219142	Klebsiella pneumoniae	KP2208062	OXFORD_NANOPORE	MinION	79705612.0	14058.0	WGS	GENOMIC	SINGLE	Nanopore sequencing of blaNDM and 16sRMTase isolates
SRR12299174	SRX8802039	SRS6792480	SRP266402	PRJNA605147	Enterobacter hormaechei	RHBSTW-00844	OXFORD_NANOPORE	GridION	1940980505.0	349752.0	WGS	GENOMIC	SINGLE	OXFORD_NANOPORE sequencing of Enterobacter cloacae isolate WTP5|T3-00844 cultured from WTP influent sample
ERR10499615	ERX10016897	ERS14256985			Escherichia coli		OXFORD_NANOPORE	GridION	311041652.0	22307.0	WGS	GENOMIC	SINGLE	GridION sequencing; Raw reads: ONT_30348_2#268
SRR12045564	SRX8574243	SRS6866235	SRP040661	PRJNA231221	Clostridium perfringens	FDAARGOS_903	PACBIO_SMRT	PacBio RS	2160198074.0	163482.0	WGS	GENOMIC	SINGLE	
SRR12507223	SRX8998285	SRS7251070	SRP278605	PRJNA604600	Campylobacter fetus	CFV08A948-2A	OXFORD_NANOPORE	MinION	741462351.0	133181.0	WGS	GENOMIC	SINGLE	WGS of Campylobacter fetus
ERR15094482	ERX14499080	ERS24813772	ERP119900	PRJEB36683	Klebsiella pneumoniae 11227-1		OXFORD_NANOPORE	PromethION	808316944.0	503035.0	WGS	GENOMIC	SINGLE	Raw reads: RKPU181_L
SRR30896101	SRX26299920	SRS22828642	SRP536878	PRJNA1134622	Escherichia coli	OXEC-247	OXFORD_NANOPORE	MinION	2550428218.0	743839.0	WGS	GENOMIC	SINGLE	OXEC-247
SRR19349800	SRX15408633	SRS12115281	SRP361569	PRJNA768416	Bacillus sp. FSL R9-9492	FSL R9-9492	OXFORD_NANOPORE	MinION	546438241.0	229012.0	WGS	GENOMIC	SINGLE	WGS of Bacilli
SRR386396	SRX109876	SRS212335	SRP007231	PRJNA49881	Scardovia wiggsiae F0424	F0424	PACBIO_SMRT	PacBio RS	64749057.0	81741.0	WGS	GENOMIC	SINGLE	Whole Genome Sequencing and Assembly
SRR27638402	SRX23306574	SRS19599846	SRP473241	PRJNA1042815	Salmonella enterica	ETS 34	OXFORD_NANOPORE	GridION	14651750697.0	14561386.0	WGS	GENOMIC	SINGLE	WGS of Salmonella enterica isolate
SRR12739613	SRX9212319	SRS7446442	SRP285771	PRJNA563568	Cupriavidus basilensis	DSM 11853	OXFORD_NANOPORE	MinION	1815625274.0	291236.0	WGS	GENOMIC	SINGLE	Whole-genome sequencing of the type strain of Cupriavidus basilensis
SRR35903310	SRX30952577	SRS23445008	SRP150360	PRJNA475751	Klebsiella planticola	KLO00142	OXFORD_NANOPORE	MinION	3582746.0	823.0	WGS	GENOMIC	SINGLE	WGS Sequencing of R. planticola
SRR23347625	SRX19289408	SRS16690584	SRP421131	PRJNA931653	Escherichia coli K-12	K-12	OXFORD_NANOPORE	GridION	38524711.0	4000.0	WGS	GENOMIC	SINGLE	Nanopore sequencing of Ciprofloxacin challenged E. coli
SRR31024185	SRX26411378	SRS22931332	SRP539092	PRJNA1174068	Vibrio cholerae	mHDM VC20	OXFORD_NANOPORE	PromethION	149271215.0	67593.0	WGS	GENOMIC	SINGLE	WGS of Vcholerae isolates
SRR17124558	SRX13309063	SRS11218480	SRP040661	PRJNA231221	Mycobacterium kansasii	FDAARGOS_1615	PACBIO_SMRT	Sequel II	34407247871.0	2476716.0	WGS	GENOMIC	SINGLE	
SRR14757215	SRX11090786	SRS9156159	SRP323170	PRJNA732579	Staphylococcus aureus	N6	PACBIO_SMRT	Sequel	846870809.0	169612.0	WGS	GENOMIC	SINGLE	WGS of Staphylococcus aureus: human skin
SRR4124965	SRX2105566	SRS1666164	SRP040661	PRJNA231221	Streptococcus gordonii	FDAARGOS_257	PACBIO_SMRT	PacBio RS	1169409841.0	163482.0	WGS	GENOMIC	SINGLE	
SRR35556640	SRX30631420	SRS19727287	SRP150360	PRJNA475751	Klebsiella pneumoniae	KLP00611	OXFORD_NANOPORE	MinION	721017358.0	123862.0	WGS	GENOMIC	SINGLE	WGS Sequencing of Klebsiella pneumoniae
SRR25466786	SRX21199635	SRS18458349	SRP452337	PRJNA1000618	Escherichia coli	Escherichia coli BL21(DE3)	OXFORD_NANOPORE	MinION	4939995.0	4000.0	WGS	GENOMIC	SINGLE	CASTVK transposition with different condition
SRR26705599	SRX22405229	SRS19441903	SRP470582	PRJNA1031220	Pseudomonas aeruginosa	CPA0053	OXFORD_NANOPORE	GridION	138663026.0	26738.0	WGS	GENOMIC	SINGLE	WGS_Pa_CPA0053Pf
SRR31598822	SRX26963664	SRS23433377	SRP549287	PRJNA1185485	Escherichia coli	297	OXFORD_NANOPORE	PromethION	605458196.0	188457.0	WGS	GENOMIC	SINGLE	manhole-barcode42
SRR23190625	SRX19140957	SRS16553745	SRP418655	PRJNA689372	Paracoccus alcaliphilus	TK 1015 = DSM 8512	OXFORD_NANOPORE	MinION	163082864.0	36778.0	WGS	GENOMIC	SINGLE	The genome of type strain Paracoccus alcaliphilus DSM 8512T was sequenced to increase the number of finished high quality genomes of the genus Paracoccus which will allow follow up comparative genomics and phylogenomics.
SRR14852532	SRX11171046	SRS9229121	SRP324476	PRJNA738868	Acinetobacter baumannii	DETAB-E185	OXFORD_NANOPORE	MinION	969229361.0	103711.0	WGS	GENOMIC	SINGLE	Nanopore WGS of A. baumannii DETAB-E184
SRR10211257	SRX6930987	SRS5461282	SRP191068	PRJNA528511	Escherichia coli	GTEN_407	OXFORD_NANOPORE	GridION	1481312700.0	516034.0	WGS	GENOMIC	SINGLE	Global TravEpiNet AMR surveillance Genome sequencing and assembly
SRR3419353	SRX1720781	SRS606102	SRP041942	PRJNA217033	Anaplasma phagocytophilum str. Norway variant2	Norway variant2	PACBIO_SMRT	PacBio RS II	2566055192.0	163482.0	WGS	GENOMIC	SINGLE	PacBiorun1
ERR10498415	ERX10015704	ERS14255334	ERP142629	PRJEB57633	Escherichia coli		OXFORD_NANOPORE	GridION	96696786.0	14004.0	WGS	GENOMIC	SINGLE	Raw reads: ONT_30345_1#324
SRR31599233	SRX26963851	SRS23433562	SRP549287	PRJNA1185485	Escherichia coli	1007	OXFORD_NANOPORE	PromethION	516639369.0	96178.0	WGS	GENOMIC	SINGLE	wwtp-9n14-barcode84
SRR8054549	SRX4884176	SRS3932925	SRP165734	PRJNA496461	Klebsiella pneumoniae	KLPN_154	OXFORD_NANOPORE	MinION	5348970391.0	594382.0	WGS	GENOMIC	SINGLE	nanopore seq of klebsiella pneumoniae
DRR307121	DRX296555	DRS194083	DRP007467	PRJDB11902	[Clostridium] scindens	CE91-St59	PACBIO_SMRT	Sequel	188714042.0	14299.0	WGS	GENOMIC	SINGLE	Sequel sequencing of SAMD00389867
SRR23725158	SRX19585836	SRS16968712	SRP426074	PRJNA941188	Bacillus subtilis	PRO58	OXFORD_NANOPORE	MinION	732341578.0	129413.0	WGS	GENOMIC	SINGLE	WGS of Bacillus subtilis: cell culture
SRR15989663	SRX12278268	SRS9998451	SRP357537	PRJNA801416	Klebsiella pneumoniae	526	OXFORD_NANOPORE	GridION	1076561285.0	128841.0	WGS	GENOMIC	SINGLE	Whole Genome Sequencing of Carbapenemase-producing Enterobacterales (CPE)
SRR33937034	SRX29139285	SRS25243804	SRP591361	PRJNA1162747	Acinetobacter baumannii	821340	OXFORD_NANOPORE	MinION	659092343.0	290262.0	WGS	GENOMIC	SINGLE	WGS-ONT of Acinetobacter baumannii
SRR13575531	SRX9973330	SRS8145954	SRP303741	PRJNA695586	Streptococcus pyogenes	M4C20	OXFORD_NANOPORE	MinION	2869027.0	4000.0	WGS	GENOMIC	SINGLE	Whole genome sequence of Streptococcus pyogenes strain M4C20
SRR5413249	SRX2705200	SRS2098862	SRP040661	PRJNA231221	Citrobacter braakii	FDAARGOS_290	PACBIO_SMRT	PacBio RS	1346284812.0	163482.0	WGS	GENOMIC	SINGLE	
ERR9843370	ERX9389167	ERS11816111	ERP120185	PRJEB36919	Campylobacter jejuni		PACBIO_SMRT	Sequel II	2955528322.0	366254.0	WGS	GENOMIC	SINGLE	Sequel II sequencing
SRR31565368	SRX26931297	SRS23404807	SRP548643	PRJNA1192988	Vibrio cholerae	ZA8	OXFORD_NANOPORE	MinION	116593245.0	31701.0	WGS	GENOMIC	SINGLE	PulseNet Africa ONT sequencing of Vibrio cholerae isolates
SRR35774899	SRX30824171	SRS26834638	SRP631413	PRJNA1344618	Helicobacter pylori G27	G27	OXFORD_NANOPORE	MinION	458898362.0	156526.0	WGS	GENOMIC	SINGLE	WGS of DSM1 biofilm cells
SRR26182375	SRX21894363	SRS18981651	SRP463228	PRJNA1020390	Bacillus sp. SI2	SI2	OXFORD_NANOPORE	MinION	709172126.0	186656.0	WGS	GENOMIC	SINGLE	WGS of Bacillus sp. SI2
ERR5720151	ERX5435205	ERS6253559	ERP128316	PRJEB44283	Haemophilus influenzae Rd KW20	Rd KW20	OXFORD_NANOPORE	MinION	558763478.0	136711.0	WGS	GENOMIC	SINGLE	MinION sequencing; Raw reads: RdpB-T100-V-nanopore
SRR23913870	SRX19725340	SRS14393253	SRP389280	PRJNA863437	Staphylococcus epidermidis	8	OXFORD_NANOPORE	GridION	304691040.0	27807.0	WGS	GENOMIC	SINGLE	Isolate 08
SRR9641653	SRX6403481	SRS5061498	SRP040661	PRJNA231221	Bacillus cereus	FDAARGOS_780	PACBIO_SMRT	PacBio RS	1870027459.0	163482.0	WGS	GENOMIC	SINGLE	
SRR11867895	SRX8418093	SRS6729721	SRP265117	PRJNA635644	Escherichia coli	O8:H9/H55/H17	OXFORD_NANOPORE	MinION	587543759.0	107933.0	WGS	GENOMIC	SINGLE	Nanopore WGS of Malawi ExPEC 12
DRR291995	DRX281438	DRS062181	DRP004189	PRJDB5929	Klebsiella pneumoniae	KP95	PACBIO_SMRT	PacBio RS II	770183556.0	94922.0	WGS	GENOMIC	SINGLE	PacBio RS II sequencing of SAMD00110876
DRR538117	DRX521936	DRS397751	DRP011824	PRJDB17661	Anaerostipes hadrus	f16	PACBIO_SMRT	Sequel	59352142.0	9260.0	WGS	GENOMIC	SINGLE	Sequel single end sequencing of  SAMD00758967
ERR1407345	ERX1478584	ERS1058927	ERP005928	PRJEB6403	Streptococcus pyogenes	NCTC13741	PACBIO_SMRT	PacBio RS	2809885786.0	163482.0	WGS	GENOMIC	SINGLE	PacBio RS sequencing
ERR731667	ERX675613	ERS538535	ERP005928	PRJEB6403	Escherichia coli	NCTC13352	PACBIO_SMRT	PacBio RS	688691460.0	163482.0	WGS	GENOMIC	SINGLE	PacBio RS sequencing
SRR9701318	SRX6459348	SRS5110819	SRP215174	PRJNA176687	Bacillus velezensis	UCMB5044	PACBIO_SMRT	PacBio RS II	2214354614.0	295302.0	WGS	GENOMIC	SINGLE	WGS PacBio: Bacillus velezensis UCMB5044
SRR7204554	SRX4113551	SRS3328981	SRP148708	PRJNA471525	Chromobacterium phragmitis	IIBBL 274-1	PACBIO_SMRT	PacBio RS II	2004747684.0	163482.0	WGS	GENOMIC	SINGLE	PacBio of Chromobacterium phragmitis: 274-1
SRR6976461	SRX3918075	SRS3153140	SRP139247	PRJNA442023	Bosea sp. 124	124	PACBIO_SMRT	PacBio RS II	185338700.0	49360.0	WGS	GENOMIC	SINGLE	Bosea sp. 124
SRR5829719	SRX3007069	SRS1832534	SRP094480	PRJNA279196	Bordetella pertussis	H847	PACBIO_SMRT	PacBio RS II	887144551.0	163482.0	WGS	GENOMIC	SINGLE	
ERR10499083	ERX10016372	ERS14255680	ERP142629	PRJEB57633	Escherichia coli		OXFORD_NANOPORE	GridION	100705879.0	12057.0	WGS	GENOMIC	SINGLE	Raw reads: ONT_30859_5#100
SRR33123838	SRX28387189	SRS24711115	SRP578427	PRJNA1244367	Bacillus cereus ATCC 14579	ATCC 14579	OXFORD_NANOPORE	GridION	6793848510.0	1695908.0	WGS	GENOMIC	SINGLE	WGS of Bacillus cereus Strain ATCC14593
SRR1505908	SRX645288	SRS346943	SRP013895	PRJNA73191	Klebsiella pneumoniae subsp. pneumoniae KPNIH1	KPNIH1	PACBIO_SMRT	PacBio RS II	373486536.0	163482.0	WGS	GENOMIC	SINGLE	PacBio SMRT Sequencing of Klebsiella pneumoniae subsp. pneumoniae KPNIH1 Genomic Library
SRR12123470	SRX8644769	SRS6928314	SRP192539	PRJNA388547	Serratia marcescens	SGAir0764	PACBIO_SMRT	PacBio RS II	4649383573.0	163482.0	WGS	GENOMIC	SINGLE	Genome of Serratia marcescens SGAir0764
DRR213569	DRX203910	DRS125460	DRP005885	PRJDB8600	Vibrio cholerae	RIMD 2214301	PACBIO_SMRT	PacBio RS II	1440409201.0	121129.0	WGS	GENOMIC	SINGLE	Vibrio cholerae O63 RIMD 2214301
SRR8365083	SRX5175496	SRS4182794	SRP174267	PRJNA510422	Salmonella enterica subsp. salamae serovar 42:r:-	RSE42	OXFORD_NANOPORE	MinION	500000663.0	31817.0	WGS	GENOMIC	SINGLE	whole genome sequencing of Salmonella: food isolate
ERR9030479	ERX8573889	ERS10792343	ERP133548	PRJEB49093	Mycobacterium tuberculosis	Lineage 4.4.1.2	OXFORD_NANOPORE	GridION	466273171.0	516229.0	WGS	GENOMIC	SINGLE	GridION sequencing; Raw reads: 18_0622456-nanopore
SRR13680592	SRX10070116	SRS8231708	SRP303037	PRJNA694442	Salmonella enterica		OXFORD_NANOPORE	GridION	544484695.0	52922.0	WGS	GENOMIC	SINGLE	Multiplex WGS of Salmonella enterica
SRR2820144	SRX1384753	SRS1134959	SRP040661	PRJNA231221	Staphylococcus hominis	FDAARGOS_136	PACBIO_SMRT	PacBio RS	720813896.0	163482.0	WGS	GENOMIC	SINGLE	
ERR16064402	ERX15454584	ERS28397537	ERP173262	PRJEB90249	Acinetobacter baumannii		OXFORD_NANOPORE	GridION	641437319.0	252412.0	WGS	GENOMIC	SINGLE	GridION sequencing
SRR25999206	SRX21716454	SRS18851475	SRP459613	PRJNA1014400	Listeria monocytogenes		OXFORD_NANOPORE	MinION	405347100.0	184035.0	WGS	GENOMIC	SINGLE	ONT R10 WGS of Listeria monoctyogenes isolate
ERR2528499	ERX2547380	ERS515505	ERP107863	PRJEB25895	Escherichia coli		PACBIO_SMRT	PacBio RS	1017707460.0	163482.0	WGS	GENOMIC	SINGLE	PacBio RS sequencing
SRR28036848	SRX23688307	SRS20496056	SRP490411	PRJNA1078256	Escherichia coli	20A24	OXFORD_NANOPORE	MinION	4171397528.0	606988.0	WGS	GENOMIC	SINGLE	ONT sequencing of Escherichia coli: 20A24
SRR21362398	SRX17368055	SRS12114934	SRP361569	PRJNA768416	Bacillus sp. FSL K6-2822	FSL K6-2822	OXFORD_NANOPORE	MinION	324375815.0	73921.0	WGS	GENOMIC	SINGLE	WGS of Bacilli
SRR5182151	SRX2498258	SRS1925111	SRP096895	PRJNA353873	Mycobacterium tuberculosis		PACBIO_SMRT	PacBio RS	191780112.0	163482.0	WGS	GENOMIC	SINGLE	DNA of Mtb
SRR29769148	SRX25269225	SRS21954077	SRP519182	PRJNA1129510	Candidatus Pelagibacter sp. Uisw_092	uisw_092	OXFORD_NANOPORE	MinION	188506696.0	45003.0	WGS	GENOMIC	SINGLE	ONT whole genome sequencing of Candidatus Pelagibacter sp. Uisw_092
ERR10498660	ERX10015949	ERS14256114	ERP142629	PRJEB57633	Escherichia coli		OXFORD_NANOPORE	GridION	98182739.0	10155.0	WGS	GENOMIC	SINGLE	Raw reads: ONT_30602_1#20
DRR054115	DRX022185	DRS016698	DRP002401	PRJDB1726	Paucilactobacillus hokkaidonensis JCM 18461	LOOC260	PACBIO_SMRT	PacBio RS II	376482867.0	163482.0	WGS	GENOMIC	SINGLE	Whole genome sequencing of Lactobacillus hokkaidonensis: Lactobacillus hokkaidonensis LOOC260
ERR15373231	ERX14776916	ERS23666380	ERP169391	PRJEB86018	Haemophilus influenzae		PACBIO_SMRT	Sequel II	400514836.0	38644.0	WGS	GENOMIC	SINGLE	Sequel II sequencing
SRR13955697	SRX10334068	SRS8453787	SRP310443	PRJNA714107	Mannheimia haemolytica	32852	PACBIO_SMRT	PacBio RS II	1397627605.0	298760.0	WGS	GENOMIC	SINGLE	PacBio reads of M. haemolytica
DRR179485	DRX170011	DRS095381	DRP005093	PRJDB8150	Alistipes dispar	5CPEGH6	PACBIO_SMRT	Sequel	224015557.0	16311.0	WGS	GENOMIC	SINGLE	Sequel sequencing of SAMD00166232
ERR4762773	ERX4635839	ERS5247820	ERP124695	PRJEB40976	Enterococcus faecalis		OXFORD_NANOPORE	GridION	593478380.0	29937.0	WGS	GENOMIC	SINGLE	GridION sequencing; Raw reads: 27688_1#225
DRR629235	DRX609562	DRS438784	DRP012484	PRJDB19189	Mycobacterium intracellulare subsp. intracellulare	GA61963	OXFORD_NANOPORE	MinION	391032754.0	54654.0	WGS	GENOMIC	SINGLE	MinION sequencing of SAMD00833286
SRR36153807	SRX31194326	SRS27177418	SRP648098	PRJNA1368854	Neisseria gonorrhoeae	EEE036 gyrBD429N	OXFORD_NANOPORE	MinION	218249015.0	38980.0	WGS	GENOMIC	SINGLE	Genome sequencing of Neisseria gonorrhoeae mutant strain EEE036_gyrBD429N
ERR10676328	ERX10144092	ERS14333427	ERP143248	PRJEB58185	Campylobacter jejuni		OXFORD_NANOPORE	MinION	353693662.0	587531.0	WGS	GENOMIC	PAIRED	MinION paired end sequencing
SRR35782647	SRX30831937	SRS26841163	SRP631932	PRJNA1345010	Escherichia coli		PACBIO_SMRT	Sequel II	1086975000.0	3623250.0	WGS	GENOMIC	PAIRED	WGS of Escherichia coli
SRR35556683	SRX30631377	SRS5851625	SRP150360	PRJNA475751	Clostridioides difficile	CD08316	OXFORD_NANOPORE	MinION	1208974909.0	569536.0	WGS	GENOMIC	SINGLE	WGS Sequencing of Clostridioides difficile
ERR10498733	ERX10016022	ERS14255781	ERP142629	PRJEB57633	Escherichia coli		OXFORD_NANOPORE	GridION	105311487.0	16525.0	WGS	GENOMIC	SINGLE	Raw reads: ONT_30602_1#324
ERR12779857	ERX12153047	ERS18593801	ERP152744	PRJEB67737	Salmonella enterica subsp. enterica serovar Minnesota		OXFORD_NANOPORE	PromethION	604138343.0	522167.0	WGS	GENOMIC	SINGLE	Raw reads: K_046_L
ERR3372815	ERX3396967	ERS2394108	ERP011196	PRJEB10018	Klebsiella pneumoniae		PACBIO_SMRT	Sequel	1257106497.0	259666.0	WGS	GENOMIC	SINGLE	Sequel sequencing
SRR32584365	SRX27890869	SRS24262196	SRP568238	PRJNA1231277	Xanthomonas citri pv. mangiferaeindicae	B3	OXFORD_NANOPORE	PromethION	1409803097.0	206230.0	WGS	GENOMIC	SINGLE	Genome of Xanthomonas citri pv. mangiferaeindicae strain B3
SRR24140185	SRX19938436	SRS17287145	SRP247747	PRJNA604975	Escherichia coli	ox_bsi_427	OXFORD_NANOPORE	GridION	83653966.0	74793.0	WGS	GENOMIC	SINGLE	oxford_bsi
SRR5188338	SRX2504260	SRS1929209	SRP094389	PRJNA355405	Pseudomonas chlororaphis	R47	PACBIO_SMRT	PacBio RS II	1114770814.0	163482.0	WGS	GENOMIC	SINGLE	Pseudomonas chlororaphis R47, PacBio SMRTcell1
SRR24139870	SRX19938535	SRS17287245	SRP247747	PRJNA604975	Escherichia coli	ox_bsi_72	OXFORD_NANOPORE	GridION	238971840.0	57280.0	WGS	GENOMIC	SINGLE	oxford_bsi
SRR27972376	SRX23626077	SRS20465483	SRP489819	PRJNA1076692	Klebsiella pneumoniae	RIVM_C059330_dorado	OXFORD_NANOPORE	MinION	522209242.0	143044.0	WGS	GENOMIC	SINGLE	RIVM_C059330_dorado
SRR19776600	SRX15820896	SRS12273985	SRP364249	PRJNA816422	Helicobacter pylori	Hpfe039	OXFORD_NANOPORE	MinION	210197558.0	23213.0	WGS	GENOMIC	SINGLE	nanopore sequencing of h. pylori genomic DNA
SRR28402948	SRX24007534	SRS20803748	SRP496844	PRJNA1090259	Staphylococcus aureus	P8	OXFORD_NANOPORE	GridION	266891331.0	42886.0	WGS	GENOMIC	SINGLE	WGS of MRSA
SRR21607572	SRX17608746	SRS15144916	SRP397687	PRJNA812594	Acinetobacter baumannii	1326944-2	OXFORD_NANOPORE	GridION	356820863.0	36989.0	WGS	GENOMIC	SINGLE	Nanopore sequencing of CRAB
SRR11553454	SRX8123212	SRS6487648	SRP256573	PRJNA343080	Bacillus sp. RZ2MS9	RZ2MS9	PACBIO_SMRT	Sequel	786535236.0	122450.0	WGS	GENOMIC	SINGLE	PacBio genome sequencing of Bacillus.
SRR35233883	SRX30337126	SRS26381201	SRP291668	PRJNA675431	Klebsiella pneumoniae	KP1814	OXFORD_NANOPORE	PromethION	597327868.0	197333.0	WGS	GENOMIC	SINGLE	WGS of Klebsiella pneumoniae
SRR6750233	SRX3662888	SRS2926000	SRP132457	PRJNA433268	Variovorax sp. PMC12	PMC12	PACBIO_SMRT	PacBio RS II	798077152.0	163482.0	WGS	GENOMIC	SINGLE	Whole genome sequence of Variovorax boronicumulans  PMC12
SRR12298851	SRX8801726	SRS6792019	SRP266402	PRJNA605147	Escherichia coli	RHB24-C17	OXFORD_NANOPORE	GridION	144576918.0	23014.0	WGS	GENOMIC	SINGLE	OXFORD_NANOPORE sequencing of Escherichia coli isolate RH15|T2-C17 cultured from Sheep faeces sample
ERR4763198	ERX4636251	ERS5247872	ERP124695	PRJEB40976	Enterococcus faecalis		OXFORD_NANOPORE	GridION	502632365.0	23849.0	WGS	GENOMIC	SINGLE	GridION sequencing; Raw reads: 28157_4#3
ERR14651462	ERX14052614	ERS23643255	ERP153004	PRJEB67993	Mycobacterium tuberculosis		OXFORD_NANOPORE	MinION			WGS	GENOMIC	SINGLE	MinION sequencing
ERR10499173	ERX10016459	ERS14255661	ERP142629	PRJEB57633	Escherichia coli		OXFORD_NANOPORE	GridION	127921322.0	24543.0	WGS	GENOMIC	SINGLE	Raw reads: ONT_30859_5#268
ERR10447801	ERX9972183	ERS13631238	ERP142069	PRJEB57097	Escherichia coli		OXFORD_NANOPORE	MinION	299527299.0	55898.0	WGS	GENOMIC	SINGLE	MinION sequencing
SRR30896140	SRX26299881	SRS22828603	SRP536878	PRJNA1134622	Escherichia coli	OXEC-356	OXFORD_NANOPORE	MinION	250743810.0	75585.0	WGS	GENOMIC	SINGLE	OXEC-356
SRR353457	SRX101296	SRS259598	SRP008034	PRJNA68215	Escherichia coli O104:H4 str. 11-3677	11-3677	PACBIO_SMRT	PacBio RS	57811103.0	81741.0	WGS	GENOMIC	SINGLE	Genome Sequencing and Assembly of E. coli O104:H4 strains
ERR15941388	ERX15336933	ERS27416704	ERP185476	PRJEB104171	Escherichia coli		OXFORD_NANOPORE	MinION	148876888.0	42806.0	WGS	GENOMIC	SINGLE	MinION sequencing
ERR14747216	ERX14148492	ERS23812153	ERP170065	PRJEB86767	Morganella morganii		OXFORD_NANOPORE	GridION	1027431303.0	220901.0	WGS	GENOMIC	SINGLE	EXP-6-1-2025-03-14_14-31-23
SRR18500170	SRX14631647	SRS7738382	SRP074197	PRJNA288601	Klebsiella pneumoniae	2017HL-00021	OXFORD_NANOPORE	MinION	1024536071.0	80570.0	WGS	GENOMIC	SINGLE	MinION sequencing of Klebsiella pneumoniae
SRR14628210	SRX10968963	SRS9046502	SRP321015	PRJNA731114	Pseudomonas aeruginosa	PaLo530	OXFORD_NANOPORE	MinION	412815872.0	77090.0	WGS	GENOMIC	SINGLE	Nanopore sequencing of Pseudomonas aeruginosa isolates
SRR19184017	SRX15249151	SRS12981652	SRP375062	PRJNA837734	Listeria monocytogenes	BL88/097	OXFORD_NANOPORE	MinION	390519927.0	55593.0	WGS	GENOMIC	SINGLE	Nanopore sequencing of Listeria monocytogenes
SRR30855458	SRX26253833	SRS22793803	SRP536063	PRJNA1167355	Mycetohabitans endofungorum	B51	OXFORD_NANOPORE	PromethION	1138683993.0	208787.0	WGS	GENOMIC	SINGLE	Nanopore sequence of Mycetohabitans spp.: Mycetohabitans endofungorum B51
SRR23796576	SRX19628607	SRS16998200	SRP426543	PRJNA942088	Campylobacter jejuni	PS_4_2021	OXFORD_NANOPORE	MinION	95964942.0	21909.0	WGS	GENOMIC	SINGLE	Nanopore sequencing of Campylobacter jejuni from chicken manure
SRR35628925	SRX30685109	SRS26704525	SRP627750	PRJNA1333901	Viridibacillus sp. KH_047	KH_047	OXFORD_NANOPORE	MinION	1131023850.0	235361.0	WGS	GENOMIC	SINGLE	Oxford Nanopore sequences of cultivable bacteria collected in an iron ore mine and a crystal cave
SRR32250901	SRX27588960	SRS20831662	SRP497546	PRJNA1091452	Staphylococcus aureus	SA80-PS	OXFORD_NANOPORE	MinION	365314735.0	82218.0	WGS	GENOMIC	SINGLE	native ONT data from Staphylococcus aureus
SRR31598785	SRX26963701	SRS23433413	SRP549287	PRJNA1185485	Escherichia coli	476	OXFORD_NANOPORE	PromethION	669123824.0	134715.0	WGS	GENOMIC	SINGLE	R4R-barcode25
SRR34795048	SRX29928141	SRS26026077	SRP605455	PRJNA1299340	Escherichia coli	DA81283	OXFORD_NANOPORE	MinION	1404921557.0	98976.0	WGS	GENOMIC	SINGLE	DA81279 3 mg/L TZP  Nanopore reads I-SceI digested pDNA
SRR389276	SRX032451	SRS140100	SRP004712	PRJNA61297	Vibrio cholerae O1 biovar El Tor		PACBIO_SMRT	PacBio RS	38710229.0	60667.0	WGS	GENOMIC	SINGLE	Sequencing for H1 (Haiti, 2010)
DRR345534	DRX334482	DRS227544	DRP008162	PRJDB13001	Citrobacter koseri	TUM20903	OXFORD_NANOPORE	MinION	6285433910.0	562101.0	WGS	GENOMIC	SINGLE	MinION sequencing of SAMD00441896
SRR30734836	SRX26137719	SRS22699467	SRP532514	PRJNA1160826	Staphylococcus haemolyticus		OXFORD_NANOPORE	MinION	71101275.0	9216.0	WGS	GENOMIC	SINGLE	GW00003_LR
SRR37104806	SRX32051063	SRS27988482	SRP674540	PRJNA1314445	Rhodanobacter sp. UC4443_H10	UC4443_H10	OXFORD_NANOPORE	MinION	744705358.0	136245.0	WGS	GENOMIC	SINGLE	UC4443
ERR3763902	ERX3765079	ERS4181213	ERP118604	PRJEB35543	Methylobacterium bullatum		OXFORD_NANOPORE	MinION	1086599185.0	102009.0	WGS	GENOMIC	SINGLE	MinION sequencing; Raw reads: sra_gr1_min
SRR6831405	SRX3787488	SRS3040211	SRP135627	PRJNA369986	Paraburkholderia denitrificans	KIS30-44	PACBIO_SMRT	PacBio RS II	382291786.0	117621.0	WGS	GENOMIC	SINGLE	Paraburkholderia denitrificans KIS30-44
ERR15465434	ERX14869329	ERS26347568	ERP179079	PRJEB96336	Klebsiella pneumoniae	EuSCAPE_GR116	OXFORD_NANOPORE	GridION	317873132.0	221229.0	WGS	GENOMIC	SINGLE	GridION sequencing
SRR14852517	SRX11171061	SRS9229276	SRP324476	PRJNA738868	Acinetobacter baumannii	DETAB-E324	OXFORD_NANOPORE	MinION	346613157.0	35079.0	WGS	GENOMIC	SINGLE	Nanopore WGS of A. baumannii DETAB-E323
SRR11059147	SRX7705070	SRS6128965	SRP248046	PRJNA462561	Clostridium beijerinckii	DJ283	PACBIO_SMRT	PacBio RS II	598366891.0	145978.0	WGS	GENOMIC	SINGLE	Clostridium beijerinckii DJ283
ERR10499668	ERX10016950	ERS14256870			Escherichia coli		OXFORD_NANOPORE	GridION	475468289.0	46875.0	WGS	GENOMIC	SINGLE	GridION sequencing; Raw reads: ONT_30821_1#163
ERR15006950	ERX14411292	ERS17204824	ERP155701	PRJEB70798	Pasteurella atlantica		OXFORD_NANOPORE	MinION			WGS	GENOMIC	SINGLE	MinION sequencing
SRR30868150	SRX26265665	SRS20686610	SRP250705	PRJNA607328	Bacillus subtilis		OXFORD_NANOPORE	MinION	4860455367.0	667287.0	WGS	GENOMIC	SINGLE	Bacillus subtilis FELIX_MS506 Nanopore reads
SRR18969071	SRX15045217	SRS12791342	SRP372760	PRJNA793395	Phaeobacter sp. BS52	BS52	OXFORD_NANOPORE	GridION	3060116639.0	233223.0	WGS	GENOMIC	SINGLE	Oxford nanopore whole genome sequence for Phaeobacter piscinae strain BS52: bleaching disease protective strain to red seaweed host Delisea pulchra
SRR6312195	SRX3412445	SRS2705640	SRP125383	PRJNA382774	Paenibacillus pasadenensis	R16	OXFORD_NANOPORE	MinION	61760464.0	40642.0	WGS	GENOMIC	SINGLE	Genomic DNA of Paenibacillus pasadenensis R23
SRR386650	SRX109839	SRS004883	SRP001079	PRJNA40077	Cereibacter sphaeroides 2.4.1	2.4.1	PACBIO_SMRT	PacBio RS	71482171.0	81741.0	WGS	GENOMIC	SINGLE	Whole Genome Sequencing and Assembly
SRR27180070	SRX22860406	SRS19835777	SRP477403	PRJNA1049513	Vibrio sp. PBL-C16	PBL-C16	OXFORD_NANOPORE	MinION	16489595.0	3984.0	WGS	GENOMIC	SINGLE	Vibrio sp. PBL-C16 Genome sequencing and assembly
SRR13192564	SRX9626895	SRS7827983	SRP295672	PRJNA681856	Salmonella enterica	LHICA_E1	OXFORD_NANOPORE	MinION	11211210.0	4000.0	WGS	GENOMIC	SINGLE	WGS of Salmonella enterica Lhica E164
SRR11066755	SRX7707156	SRS6130866	SRP248177	PRJNA546958	Pseudomonas fluorescens	XD-MeHg-B2	PACBIO_SMRT	Sequel	1866953924.0	404768.0	WGS	GENOMIC	SINGLE	Pseudomonas fluorescens XD-MeHg-B2
SRR14996184	SRX11308643	SRS9337635	SRP290649	PRJNA672835	Pseudomonas aeruginosa	ZPPH2	OXFORD_NANOPORE	MinION	595406572.0	52464.0	WGS	GENOMIC	SINGLE	Nanopore of Pseudomonas aeruginosa:ZPPH2_hybrid
SRR458504	SRX137012	SRS281278	SRP001087	PRJNA40075	Escherichia coli str. K-12 substr. MG1655	K-12	PACBIO_SMRT	PacBio RS	149886563.0	81741.0	WGS	GENOMIC	SINGLE	Whole Genome Sequencing and Assembly
SRR10613464	SRX7292621	SRS5786146	SRP235318	PRJNA485800	Clostridium beijerinckii	DJ162	PACBIO_SMRT	PacBio RS II	734439525.0	184290.0	WGS	GENOMIC	SINGLE	Clostridium beijerinckii DJ162
SRR31024272	SRX26411291	SRS22931247	SRP539092	PRJNA1174068	Vibrio cholerae	mHDM VC135	OXFORD_NANOPORE	PromethION	251861726.0	168227.0	WGS	GENOMIC	SINGLE	WGS of Vcholerae isolates
SRR1203883	SRX500307	SRS581588	SRP040529	PRJNA212490	Orientia tsutsugamushi str. Sido		PACBIO_SMRT	PacBio RS	2143404665.0	163482.0	WGS	GENOMIC	SINGLE	
SRR27972513	SRX23625940	SRS20465413	SRP489819	PRJNA1076692	Klebsiella pneumoniae	RIVM_C050151_dorado	OXFORD_NANOPORE	MinION	356506209.0	96551.0	WGS	GENOMIC	SINGLE	RIVM_C050151_dorado
SRR36403652	SRX31431146	SRS15378633	SRP649163	PRJNA1230056	Corynebacterium diphtheriae	not applicable	OXFORD_NANOPORE	GridION	122124045.0	22796.0	WGS	GENOMIC	SINGLE	WGS of C. diphtheriae
SRR12280392	SRX8784323	SRS7052987	SRP272861	PRJNA646575	Bacteroides ovatus		OXFORD_NANOPORE	GridION	1609482483.0	164241.0	WGS	GENOMIC	SINGLE	WGS  of Bacteroides fragilis group clinical isolates
ERR15738491	ERX15143613	ERS27094517	ERP182399	PRJEB100972	Mycobacterium tuberculosis	K26T1158	OXFORD_NANOPORE	MinION	130239525.0	30592.0	WGS	GENOMIC	SINGLE	Raw reads: K26T1158
DRR317790	DRX307146	DRS221587	DRP008064	PRJDB11916	Escherichia coli	CVRI_18	OXFORD_NANOPORE	MinION	378486623.0	38385.0	WGS	GENOMIC	SINGLE	MinION sequencing of SAMD00393919
SRR3721812	SRX1879633	SRS1526679	SRP077276	PRJNA214297	Geobacillus vulcani PSS1	PSS1	PACBIO_SMRT	PacBio RS	235427856.0	73810.0	WGS	GENOMIC	SINGLE	Geobacillus vulcani PSS1
ERR13194318	ERX12565183	ERS20185830	ERP160059	PRJEB75483	Mesorhizobium sp. LjRoot246		OXFORD_NANOPORE	MinION	405369550.0	44669.0	WGS	GENOMIC	SINGLE	MinION sequencing
SRR13893775	SRX10273239	SRS8406500	SRP309815	PRJNA686978	Klebsiella oxytoca	not collected	OXFORD_NANOPORE	MinION	7136735924.0	845065.0	WGS	GENOMIC	SINGLE	nanopore sequencing of Klebsiella oxytoca: clinical isolate
SRR31024337	SRX26411226	SRS22931180	SRP539092	PRJNA1174068	Vibrio cholerae	mHDM VC251	OXFORD_NANOPORE	PromethION	603639936.0	224643.0	WGS	GENOMIC	SINGLE	WGS of Vcholerae isolates
SRR9722967	SRX6480527	SRS5110596	SRP215169	PRJNA555108	Salmonella enterica subsp. enterica serovar Typhimurium		OXFORD_NANOPORE	MinION	79599740.0	25115.0	WGS	GENOMIC	SINGLE	Long read sequencing of an endemic MLVA type from NSW Australia
SRR23471048	SRX19374140	SRS11927057	SRP422715	PRJNA878812	Pseudomonas aeruginosa	2022CK-00069	OXFORD_NANOPORE	GridION	290222064.0	33946.0	WGS	GENOMIC	SINGLE	Nanopore sequencing of ARLN isolate
ERR15195559	ERX14601263	ERS25143998	ERP160948	PRJEB76420	Klebsiella oxytoca		OXFORD_NANOPORE	MinION			WGS	GENOMIC	SINGLE	MinION sequencing
ERR16064465	ERX15454647	ERS28397600	ERP173262	PRJEB90249	Enterococcus faecium		OXFORD_NANOPORE	GridION	1472417558.0	690265.0	WGS	GENOMIC	SINGLE	GridION sequencing
SRR516892	SRX148633	SRS281882	SRP013241	PRJNA73829	Vibrio cholerae		PACBIO_SMRT	PacBio RS	75048187.0	60667.0	WGS	GENOMIC	SINGLE	Whole Genome Sequencing of Haitian Vibrio cholerae: Continuous Long Read (CLR) data
SRR10038292	SRX6773344	SRS5320544	SRP219710	PRJNA439799	Nocardioides sp. SAI-095	SAI-095	PACBIO_SMRT	PacBio RS II	384689045.0	71484.0	WGS	GENOMIC	SINGLE	Nocardioides HBUM178932 SAI-095
SRR23725196	SRX19585798	SRS16968673	SRP426074	PRJNA941188	Bacillus velezensis	PRO102	OXFORD_NANOPORE	MinION	487167346.0	67807.0	WGS	GENOMIC	SINGLE	WGS of Bacillus velezensis: cell culture
SRR33768776	SRX28991302	SRS22456314	SRP444583	PRJNA962904	Citrobacter freundii		PACBIO_SMRT	Sequel II	451604551.0	23043.0	WGS	GENOMIC	SINGLE	PacBio sequencing of AH0527HC1 for ARCH 2
SRR13192601	SRX9626858	SRS7827983	SRP295672	PRJNA681856	Salmonella enterica	LHICA_E1	OXFORD_NANOPORE	MinION	13657971.0	4000.0	WGS	GENOMIC	SINGLE	WGS of Salmonella enterica Lhica E130
SRR5435839	SRX2725795	SRS2114238	SRP103578	PRJNA382325	Bartonella henselae	Houston-I	PACBIO_SMRT	PacBio RS II	2462973534.0	163482.0	WGS	GENOMIC	SINGLE	Bartonella henselae CHDE101, PacBio SMRTcell1
ERR10317397	ERX9850668	ERS4418111	ERP120876	PRJEB37551	Klebsiella pneumoniae		OXFORD_NANOPORE	MinION	879727599.0	151068.0	WGS	GENOMIC	SINGLE	MinION sequencing; Raw reads: EbB012
SRR24140328	SRX19938749	SRS17287458	SRP247747	PRJNA604975	Escherichia coli	ox_bsi_720	OXFORD_NANOPORE	GridION	467262536.0	156856.0	WGS	GENOMIC	SINGLE	oxford_bsi
SRR35673908	SRX30725758	SRS26742327	SRP561673	PRJNA1219398	Pasteurella multocida	220836	OXFORD_NANOPORE	MinION	549357508.0	72026.0	WGS	GENOMIC	SINGLE	DNA-Seq of Pasteurella multocida 220836
ERR15805364	ERX15205005	ERS27166954	ERP183293	PRJEB101885	Vibrio crassostreae		PACBIO_SMRT	Sequel	852282168.0	226525.0	WGS	GENOMIC	SINGLE	Sequel sequencing
SRR30232436	SRX25694340	SRS22336378	SRP526328	PRJNA1112457	Variovorax	375MFSha3.1	OXFORD_NANOPORE	MinION	1158258940.0	127004.0	WGS	GENOMIC	SINGLE	hybrid sequencing of Variovorax isolates
SRR9620711	SRX6383724	SRS5043309	SRP212600	PRJNA547241	Leifsonia aquatica	DSM 20146	PACBIO_SMRT	Sequel	717456658.0	194721.0	WGS	GENOMIC	SINGLE	Leifsonia aquatica DSM 20146
ERR13600345	ERX12971368	SRS16422223	SRP416981	PRJNA922900	Klebsiella pneumoniae	Kpn3175	OXFORD_NANOPORE	GridION	537515753.0	44912.0	WGS	GENOMIC	SINGLE	GridION sequencing
SRR12299013	SRX8802200	SRS6792237	SRP266402	PRJNA605147	Escherichia coli	RHB12-C02	OXFORD_NANOPORE	GridION	1412855413.0	296796.0	WGS	GENOMIC	SINGLE	OXFORD_NANOPORE sequencing of Escherichia coli isolate RH09|T1-C02 cultured from Cattle faeces sample
SRR7763984	SRX4619598	SRS3722359	SRP159038	PRJNA396766	Ralstonia solanacearum	T523	PACBIO_SMRT	PacBio RS II	1008367046.0	54494.0	WGS	GENOMIC	SINGLE	Whole genome sequencing and comparative genomic analysis of a tomato strain of Ralstonia solanacearum 10319
SRR14235676	SRX10598898	SRS8700516	SRP314770	PRJNA721829	Aquidulcibacter paucihalophilus	19MK03-0.1R-21	PACBIO_SMRT	PacBio RS II	3097386.0	1.0	WGS	GENOMIC	SINGLE	Complete genome sequencing of Aquidulcibacter paucihalophilus strain 19MK03-0.1R-21
SRR12280273	SRX8784440	SRS7053144	SRP272861	PRJNA646575	Bacteroides thetaiotaomicron		OXFORD_NANOPORE	GridION	1946223563.0	169939.0	WGS	GENOMIC	SINGLE	WGS  of Bacteroides fragilis group clinical isolates
SRR16602899	SRX12803950	SRS10749510	SRP343516	PRJNA775652	Ralstonia solanacearum	UW73	PACBIO_SMRT	PacBio RS	1063237823.0	108407.0	WGS	GENOMIC	SINGLE	Cool-virulence in Ralstonia solanacearum
SRR34967290	SRX30086275	SRS26152599	SRP608514	PRJNA1305037	Klebsiella pneumoniae	MI_KPC_158	OXFORD_NANOPORE	PromethION	500002248.0	64258.0	WGS	GENOMIC	SINGLE	KPC CRE collection from state of Michigan
ERR926632	ERX1005907	ERS685288	ERP005928	PRJEB6403	Streptococcus equi subsp. zooepidemicus	NCTC11854	PACBIO_SMRT	PacBio RS	1310376400.0	163482.0	WGS	GENOMIC	SINGLE	PacBio RS sequencing
SRR10394905	SRX7095281	SRS5607756	SRP228436	PRJNA587580	Pseudomonas putida	MX-2	PACBIO_SMRT	PacBio RS II	2077183711.0	378003.0	WGS	GENOMIC	SINGLE	The rawdata of Pseudomonas putida MX-2
SRR8292571	SRX5107161	SRS2348825	SRP018785	PRJNA186035	Salmonella enterica subsp. enterica serovar Muenchen str. CFSAN000591	SGSC 2251	PACBIO_SMRT	PacBio RS II	840256666.0	163482.0	WGS	GENOMIC	SINGLE	PacBio SMRTbell library protocol library CFSAN000591 H01_1
SRR26135201	SRX21848526	SRS18945784	SRP462492	PRJNA946810	Pseudomonas aeruginosa	Tracheostome_secretion_P6	OXFORD_NANOPORE	GridION	284909570.0	66056.0	WGS	GENOMIC	SINGLE	WGS of Pseudomonas aeruginosa from hospitalized patiens from Quito, Ecuador
DRR242211	DRX232011	DRS165254	DRP006773	PRJDB10450	Escherichia coli	Zam_UTH_29	OXFORD_NANOPORE	MinION	107675872.0	26511.0	WGS	GENOMIC	SINGLE	MinION sequencing of SAMD00243972
ERR10499687	ERX10016969	ERS14257049			Escherichia coli		OXFORD_NANOPORE	GridION	336606248.0	34040.0	WGS	GENOMIC	SINGLE	GridION sequencing; Raw reads: ONT_30859_5#138
SRR22452301	SRX18421073	SRS15904025	SRP410510	PRJNA888456	Pelagibacterium flavum	YIM 151497	PACBIO_SMRT	PacBio RS II	948913810.0	3325004.0	WGS	GENOMIC	SINGLE	RNA-Seq of  Pelagibacterium sp. YIM 151497
SRR17102518	SRX13289959	SRS11198645	SRP348941	PRJNA756567	Exiguobacterium acetylicum	UTDF19-27C	OXFORD_NANOPORE	MinION	142946346.0	41775.0	WGS	GENOMIC	SINGLE	Genome of Exiguobacterium acetylicum UTDF19-27C
SRR23191128	SRX19141461	SRS16553837	SRP418664	PRJNA905051	Pseudomonas aeruginosa	2867	OXFORD_NANOPORE	MinION	210072423.0	5055.0	WGS	GENOMIC	SINGLE	DNA-seq of Pseudomonas aeruginosa from healthcare
SRR27972896	SRX23626269	SRS20465559	SRP489819	PRJNA1076692	Staphylococcus aureus	RIVM_M097153_dorado	OXFORD_NANOPORE	MinION	230383680.0	65347.0	WGS	GENOMIC	SINGLE	RIVM_M097153_dorado
SRR3886565	SRX1941540	SRS1256912	SRP068738	PRJNA292900	Pseudomonas aeruginosa	AR_0090	PACBIO_SMRT	PacBio RS II	663102391.0	163482.0	WGS	GENOMIC	PAIRED	
SRR31599160	SRX26963924	SRS23433637	SRP549287	PRJNA1185485	Escherichia coli	333	OXFORD_NANOPORE	PromethION	535244036.0	158275.0	WGS	GENOMIC	SINGLE	manhole-barcode86
SRR10502246	SRX7191269	SRS5697293	SRP230766	PRJNA347098	Kineococcus aurantiacus	DSM 7487	PACBIO_SMRT	Sequel	464013474.0	142091.0	WGS	GENOMIC	SINGLE	Kineococcus aurantiacus DSM 7487
SRR5181865	SRX2497974	SRS1924827	SRP096895	PRJNA353873	Mycobacterium tuberculosis		PACBIO_SMRT	PacBio RS	541666631.0	163482.0	WGS	GENOMIC	SINGLE	DNA of Mtb
SRR13839232	SRX10217625	SRS8362228	SRP309021	PRJNA706182	Sinorhizobium meliloti	FSM-MA_2	PACBIO_SMRT	Sequel	1169828463.0	180314.0	WGS	GENOMIC	SINGLE	DNA methylation analysis: S. meliloti FSM-MA
SRR18701044	SRX14802007	SRS12559988	SRP369085	PRJNA696075	Crossiella equi	DSM 44580	PACBIO_SMRT	Sequel II	1399338695.0	255973.0	WGS	GENOMIC	SINGLE	Crossiella equi DSM 44580
SRR33769478	SRX28991884	SRS22396933	SRP444583	PRJNA962904	Klebsiella pneumoniae		PACBIO_SMRT	Sequel II	84289918.0	11603.0	WGS	GENOMIC	SINGLE	PacBio sequencing of AH0029HE2 for ARCH 2
SRR8072950	SRX4900920	SRS3947395	SRP040661	PRJNA231221	Burkholderia pseudomallei	FDAARGOS_593	PACBIO_SMRT	PacBio RS	3223965644.0	163482.0	WGS	GENOMIC	SINGLE	
DRR493271	DRX477470	DRS205845	DRP007742	PRJDB10568	Serratia marcescens	QC08	OXFORD_NANOPORE	MinION	554891546.0	42004.0	WGS	GENOMIC	SINGLE	MinION sequencing of SAMD00247381
ERR10178216	ERX9714649	ERS6480089	ERP109413	PRJEB27342	Klebsiella pneumoniae		PACBIO_SMRT	Sequel II	6598562526.0	996160.0	WGS	GENOMIC	SINGLE	Sequel II sequencing
SRR2820382	SRX1384797	SRS1134973	SRP040661	PRJNA231221	Enterococcus faecium	FDAARGOS_138	PACBIO_SMRT	PacBio RS	546502031.0	163482.0	WGS	GENOMIC	SINGLE	
SRR4176950	SRX2141548	SRS1673312	SRP086902	PRJNA303873	Pseudomonas taetrolens	LMG 2336	PACBIO_SMRT	PacBio RS	834253072.0	304483.0	WGS	GENOMIC	SINGLE	Pseudomonas taetrolens BS3652
SRR26130451	SRX21843867	SRS18941885	SRP462258	PRJNA1019258	Escherichia coli	K12 (substr. MG1655)	OXFORD_NANOPORE	MinION	1060786830.0	248000.0	WGS	GENOMIC	SINGLE	Whole-genome sequencing of Recipient Escherichia coli clone 5 isolated at day 88 from mouse 7
SRR28777807	SRX24342739	SRS20831724	SRP497546	PRJNA1091452	Listeria monocytogenes	L-03	OXFORD_NANOPORE	MinION	561806413.0	134702.0	WGS	GENOMIC	SINGLE	ONT performance study sequencing of L. monocytogenes
ERR13600562	ERX12971585	ERS17970321	ERP109316	PRJEB27256	Klebsiella pneumoniae		OXFORD_NANOPORE	GridION	411319149.0	15691.0	WGS	GENOMIC	SINGLE	GridION sequencing
SRR4237174	SRX2158410	SRS1687803	SRP089597	PRJNA331271	Frankineae bacterium MT45	MT45	PACBIO_SMRT	PacBio RS	335125391.0	72323.0	WGS	GENOMIC	SINGLE	Frankineae sp. MT45
SRR29816437	SRX25315654	SRS16968706	SRP426074	PRJNA941188	Bacillus subtilis	PRO52	OXFORD_NANOPORE	GridION	701476392.0	126382.0	WGS	GENOMIC	SINGLE	WGS of Bacillus subtilis: cell culture
SRR27336659	SRX23013506	SRS19865368	SRP478122	PRJNA1044843	Escherichia coli	ExPEC_A71	OXFORD_NANOPORE	MinION	669466948.0	23599.0	WGS	GENOMIC	SINGLE	High-quality long-reads of the genome from swine-derived extraintestinal pathogenic Escherichia coli
DRR424344	DRX409550	DRS205701	DRP007744	PRJDB12343	Escherichia coli	MyNCGM90_1	OXFORD_NANOPORE	MinION	292454516.0	25490.0	WGS	GENOMIC	SINGLE	MinION sequencing of SAMD00406273
SRR14347933	SRX10701820	SRS8791730	SRP316763	PRJNA716667	Escherichia coli	CX15	OXFORD_NANOPORE	MinION	478962854.0	58798.0	WGS	GENOMIC	SINGLE	Whole genome sequencing of Escherichia coli isolates from beef
SRR31690030	SRX27051861	SRS23446050	SRP385391	PRJNA856406	Enterococcus faecalis	AUSMDU00063884	OXFORD_NANOPORE	GridION	583827927.0	232568.0	WGS	GENOMIC	SINGLE	Whole genome sequencing of Enterococcus sp from Victoria, Australia Raw ONT sequence reads
DRR242205	DRX232005	DRS165248	DRP006773	PRJDB10450	Escherichia coli	Zam_UTH_23	OXFORD_NANOPORE	MinION	354045835.0	52514.0	WGS	GENOMIC	SINGLE	MinION sequencing of SAMD00243966
ERR5022859	ERX4831012	ERS3927616	ERP023216	PRJEB20997	Salmonella enterica		PACBIO_SMRT	Sequel	1364149454.0	223276.0	WGS	GENOMIC	SINGLE	Sequel sequencing
SRR35785795	SRX30835044	SRS26843689	SRP632095	PRJNA1345082	Escherichia coli	13-2015-C34	OXFORD_NANOPORE	PromethION	48395505.0	15103.0	WGS	GENOMIC	SINGLE	WGS of persistently-infected Escherichia coli strain restreaks
SRR33759935	SRX28982712	SRS25202820	SRP588811	PRJNA1269797	Salmonella	enterica	OXFORD_NANOPORE	MinION	1238411181.0	324434.0	WGS	GENOMIC	SINGLE	Genome sequencing of Salmonella serovars isolated from equine salmonellosis
SRR7054537	SRX3985577	SRS3210343	SRP142185	PRJNA442787	Sphingomonas elodea	18a	PACBIO_SMRT	PacBio RS II	49858468.0	19082.0	WGS	GENOMIC	SINGLE	Sphingomonas elodea 18a
SRR35903311	SRX30952576	SRS3409789	SRP150360	PRJNA475751	Clostridioides difficile	CD07851	OXFORD_NANOPORE	MinION	69590002.0	26880.0	WGS	GENOMIC	SINGLE	WGS Sequencing of C. difficile
SRR11317984	SRX7922332	SRS6327840	SRP056445	PRJNA278886	Enterobacter cloacae	CFSAN093044	PACBIO_SMRT	Sequel	232208665.0	29174.0	WGS	GENOMIC	SINGLE	Whole genome PacBio Sequel sequence of Enterobacter cloacae
SRR33769205	SRX28991564	SRS22455771	SRP444583	PRJNA962904	Escherichia coli		PACBIO_SMRT	Sequel II	1127644756.0	71550.0	WGS	GENOMIC	SINGLE	PacBio sequencing of AH0296HE2 for ARCH 2
ERR2503161	ERX2522404	ERS1943196	ERP005928	PRJEB6403	Serratia marcescens	NCTC13920	PACBIO_SMRT	PacBio RS	1446556529.0	163482.0	WGS	GENOMIC	SINGLE	PacBio RS sequencing
SRR8894399	SRX5680542	SRS4621247	SRP192539	PRJNA388547	Priestia megaterium	SGAir0080	PACBIO_SMRT	PacBio RS II	716250578.0	163482.0	WGS	GENOMIC	SINGLE	Genome of Bacillus  megaterium SGAir0080
SRR24139805	SRX19938600	SRS17287310	SRP247747	PRJNA604975	Escherichia coli	ox_bsi_39	OXFORD_NANOPORE	GridION	118884443.0	40304.0	WGS	GENOMIC	SINGLE	oxford_bsi
SRR16127352	SRX12412764	SRS10380417	SRP339479	PRJNA767558	Mycobacterium intracellulare subsp. chimaera	850	OXFORD_NANOPORE	GridION	476310676.0	107279.0	WGS	GENOMIC	SINGLE	Complete Genome Sequence of two Mycobacterium chimaera strains 850 and 852, isolated from an HCUs water reservoir
ERR10498971	ERX10016260	ERS14255607	ERP142629	PRJEB57633	Escherichia coli		OXFORD_NANOPORE	GridION	88890726.0	9831.0	WGS	GENOMIC	SINGLE	Raw reads: ONT_30821_1#131
ERR15665896	ERX15070475	ERS203146	ERP001784	PRJEB3255	Proteus mirabilis	M547	OXFORD_NANOPORE	MinION	230899042.0	25114.0	WGS	GENOMIC	SINGLE	MinION sequencing
SRR32370070	SRX27704600	SRS24099098	SRP564386	PRJNA1224596	Klebsiella quasipneumoniae subsp. quasipneumoniae	K-891	OXFORD_NANOPORE	MinION	525010475.0	77876.0	WGS	GENOMIC	SINGLE	Long read WGS of Klebsiella quasipneumoniae subsp. quasipneumoniae: isolate K-891
SRR5851462	SRX3021141	SRS1832523	SRP094480	PRJNA279196	Bordetella pertussis	I978	PACBIO_SMRT	PacBio RS II	881650983.0	163482.0	WGS	GENOMIC	SINGLE	
SRR3109924	SRX1538379	SRS1254890	SRP068664	PRJNA302055	Clostridium botulinum	B515	PACBIO_SMRT	PacBio RS II	2205187994.0	379794.0	WGS	GENOMIC	SINGLE	RSJ_21_PacBio
SRR33906229	SRX29113700	SRS25319855	SRP590983	PRJNA1214554	Shewanella oneidensis	MR1	OXFORD_NANOPORE	MinION	186672169.0	22557.0	WGS	GENOMIC	SINGLE	WGS of Shewanella oneidensis after attempt to reduce the size of megaplasmid clone 2
ERR3685962	ERX3675566	ERS4047763	ERP114207	PRJEB31632	bacterium		OXFORD_NANOPORE	GridION	808404674.0	145806.0	WGS	GENOMIC	SINGLE	GridION sequencing
ERR3294875	ERX3321202	ERS3383180	ERP114985	PRJEB32321	Sodalis glossinidius str. 'morsitans'	SgGMMC1*	OXFORD_NANOPORE	MinION	521111234.0	149847.0	WGS	GENOMIC	SINGLE	MinION sequencing
SRR29816250	SRX25315459	SRS21985217	SRP519641	PRJNA1135336	Enterococcus faecium		OXFORD_NANOPORE	GridION	681766707.0	140761.0	WGS	GENOMIC	SINGLE	Whole genome sequencing of VRE
ERR10498228	ERX10015517	ERS14254384	ERP142629	PRJEB57633	Escherichia coli		OXFORD_NANOPORE	GridION	68178560.0	12481.0	WGS	GENOMIC	SINGLE	Raw reads: ONT_30821_1#36
ERR13326641	ERX12697669	ERS20295553	ERP161282	PRJEB76791	Salmonella enterica subsp. enterica serovar Agona		OXFORD_NANOPORE	MinION	419157652.0	61625.0	WGS	GENOMIC	SINGLE	MinION sequencing
DRR540082	DRX523895	DRS371829	DRP011350	PRJDB17430	Escherichia coli	23-449	OXFORD_NANOPORE	MinION	42631303.0	14952.0	WGS	GENOMIC	SINGLE	MinION sequencing of SAMD00754414
SRR12919150	SRX9383697	SRS7516921	SRP287318	PRJNA375705	Bradyrhizobium diazoefficiens	182_5	PACBIO_SMRT	PacBio RS II	2500293732.0	163482.0	WGS	GENOMIC	SINGLE	WGS of Bradyrhizobium isolates from Acacia
SRR31024336	SRX26411227	SRS22931182	SRP539092	PRJNA1174068	Vibrio cholerae	mHDM VC27	OXFORD_NANOPORE	PromethION	1126678685.0	491322.0	WGS	GENOMIC	SINGLE	WGS of Vcholerae isolates
ERR15462538	ERX14866470	ERS26111829	ERP179003	PRJEB96260	Mammaliicoccus sciuri		OXFORD_NANOPORE	MinION	66145446.0	18398.0	WGS	GENOMIC	SINGLE	Mammaliicoccus sciuri
SRR4181414	SRX2142650	SRS1674084	SRP086971	PRJNA303850	Streptomyces misionensis	DSM 40306	PACBIO_SMRT	PacBio RS	775751032.0	234769.0	WGS	GENOMIC	SINGLE	Streptomyces misionensis DSM 40306
SRR30896286	SRX26299735	SRS22828457	SRP536878	PRJNA1134622	Escherichia coli	OXEC-512	OXFORD_NANOPORE	MinION	900528095.0	193438.0	WGS	GENOMIC	SINGLE	OXEC-512
ERR11831515	ERX11229713	ERS16250266	ERP147976	PRJEB62849	Pseudoalteromonas galatheae		PACBIO_SMRT	Sequel	1342313358.0	241222.0	WGS	GENOMIC	SINGLE	Sequel sequencing
SRR37084194	SRX32030569	SRS19380824	SRP469716	PRJNA1034616	Bacillus velezensis	A3	OXFORD_NANOPORE	GridION	184320770.0	379285.0	WGS	GENOMIC	SINGLE	Whole-genome sequencing of a weakly proteolytic strain of Bacillus velezens
SRR15415524	SRX11717555	SRS9747946	SRP332089	PRJNA528413	Escherichia coli O157:H7	7409	PACBIO_SMRT	PacBio RS II	1284046973.0	163482.0	WGS	GENOMIC	SINGLE	Genome sequencing of E. coli O157:H7 and O55:H7 strains
SRR863640	SRX283874	SRS420088	SRP022727	PRJNA187314	Klebsiella pneumoniae UHKPC32	UHKPC32	PACBIO_SMRT	PacBio RS	111322314.0	38586.0	WGS	GENOMIC	SINGLE	1134709401547 null UHKPC32_2-1-13 Experiment
SRR30949493	SRX26351991	SRS22817315	SRP536567	PRJNA1165464	Escherichia coli	Not applicable	OXFORD_NANOPORE	MinION	344335555.0	112367.0	WGS	GENOMIC	SINGLE	Nanopore sequencing of E.coli: blood isolate
SRR23750732	SRX19602101	SRS16982633	SRP426303	PRJNA942340	Klebsiella pneumoniae		OXFORD_NANOPORE	MinION	787374422.0	130308.0	WGS	GENOMIC	SINGLE	WGS-seq of Kp
SRR2891723	SRX1411049	SRS1145682	SRP065721	PRJNA236529	Francisella tularensis subsp. novicida U112	U112	PACBIO_SMRT	PacBio RS II	411010647.0	75595.0	WGS	GENOMIC	SINGLE	FAH_PacBio
SRR389289	SRX032451	SRS140100	SRP004712	PRJNA61297	Vibrio cholerae O1 biovar El Tor		PACBIO_SMRT	PacBio RS	134587474.0	60667.0	WGS	GENOMIC	SINGLE	Sequencing for H1 (Haiti, 2010)
SRR386660	SRX109840	SRS004883	SRP001079	PRJNA40077	Cereibacter sphaeroides 2.4.1	2.4.1	PACBIO_SMRT	PacBio RS	142913858.0	81741.0	WGS	GENOMIC	SINGLE	Whole Genome Sequencing and Assembly
SRR32026183	SRX27376522	SRS23811297	SRP490180	PRJNA1077651	Escherichia coli	BW25113	OXFORD_NANOPORE	MinION	1060679203.0	245090.0	WGS	GENOMIC	SINGLE	ONT DNA-seq of E.coli strain BW25113 pBREX AL: BrxX WT
ERR13600828	ERX12971851	ERS5521245	ERP126193	PRJEB42350	Klebsiella pneumoniae		OXFORD_NANOPORE	GridION	802728021.0	56575.0	WGS	GENOMIC	SINGLE	GridION sequencing
SRR9648071	SRX6409630	SRS5067023	SRP213212	PRJNA547305	Rhodococcus sp. AK5	AK5	PACBIO_SMRT	PacBio RS II	695221143.0	200259.0	WGS	GENOMIC	SINGLE	Rhodococcus sp. AK5
ERR10499625	ERX10016907	ERS14256860			Escherichia coli		OXFORD_NANOPORE	GridION	179087465.0	16334.0	WGS	GENOMIC	SINGLE	GridION sequencing; Raw reads: ONT_30348_2#35
ERR12448876	ERX11825307	ERS17728843	ERP156572	PRJEB71788	Listeria monocytogenes		OXFORD_NANOPORE	GridION	407468886.0	37198.0	WGS	GENOMIC	SINGLE	Raw reads: ListPred_LIS18
SRR30845971	SRX26244729	SRS22786005	SRP535826	PRJNA1167228	Bacillus methanolicus	ABBM4307(pBV2xp-gadST)_NI	OXFORD_NANOPORE	GridION	541584972.0	113383.0	WGS	GENOMIC	SINGLE	SQK-LSK109 library of Bacillus methanolicus ABBM4307-p_pre: R9.4.1 flowcell on GridION, guppy v3.2.10 in high accuracy mode
SRR16259583	SRX12539336	SRS10498351	SRP040661	PRJNA231221	Campylobacter coli	FDAARGOS_1466	PACBIO_SMRT	Sequel	3387034865.0	348302.0	WGS	GENOMIC	SINGLE	
SRR12280545	SRX8784170	SRS7052960	SRP272861	PRJNA646575	Bacteroides thetaiotaomicron		OXFORD_NANOPORE	GridION	648283995.0	58997.0	WGS	GENOMIC	SINGLE	WGS  of Bacteroides fragilis group clinical isolates
ERR15602670	ERX15005894	ERS26882938	ERP180185	PRJEB97707	Escherichia coli		OXFORD_NANOPORE	MinION	386087233.0	40705.0	WGS	GENOMIC	SINGLE	MinION sequencing
SRR32364887	SRX27699259	SRS21122886	SRP444583	PRJNA962904	Klebsiella pneumoniae		PACBIO_SMRT	Sequel II	297228869.0	11867.0	WGS	GENOMIC	SINGLE	PacBio sequencing of AS5767E2 for ARCH 1.0
SRR5829359	SRX3006695	SRS1832480	SRP094480	PRJNA279196	Bordetella pertussis	H773	PACBIO_SMRT	PacBio RS II	916479757.0	163482.0	WGS	GENOMIC	SINGLE	
SRR31599239	SRX26963845	SRS23433557	SRP549287	PRJNA1185485	Escherichia coli	1001	OXFORD_NANOPORE	PromethION	268995888.0	98265.0	WGS	GENOMIC	SINGLE	wwtp-9n14-barcode75
SRR19843388	SRX15887000	SRS12115048	SRP361569	PRJNA768416	Paenibacillus sp. FSL K6-0108		OXFORD_NANOPORE	MinION	310344570.0	68814.0	WGS	GENOMIC	SINGLE	WGS of Bacilli
ERR10367341	ERX9899272	ERS710832	SRP272326	PRJNA646837	Klebsiella pneumoniae	INF119	OXFORD_NANOPORE	MinION	279838893.0	33187.0	WGS	GENOMIC	SINGLE	MinION sequencing
SRR12699761	SRX9179238	SRS7416461	SRP285140	PRJNA616029	Vibrio cholerae	CMR/2019/56	OXFORD_NANOPORE	MinION	1511616568.0	148347.0	WGS	GENOMIC	SINGLE	Oxford Nanopore sequencing of Vibrio cholerae
DRR520004	DRX503890	DRS477445	DRP013349	PRJDB12871	Enterococcus faecium	MRY19-60	OXFORD_NANOPORE	MinION	1642226889.0	147792.0	WGS	GENOMIC	SINGLE	MinION sequencing of SAMD00665371
SRR28434431	SRX24038610	SRS20831699	SRP497546	PRJNA1091452	Staphylococcus aureus	SA67-PS	OXFORD_NANOPORE	MinION	559023697.0	102454.0	WGS	GENOMIC	SINGLE	ONT performance study sequencing of S. aureus
ERR12670804	ERX12044936	ERS18299908	ERP149678	PRJEB64503	Haemophilus influenzae 10810	HUB-HI14306	OXFORD_NANOPORE	MinION	823537473.0	128485.0	WGS	GENOMIC	SINGLE	MinION sequencing
ERR1070157	ERX1150307	ERS799806	ERP005928	PRJEB6403	Salmonella enterica subsp. enterica serovar Dublin	NCTC12709	PACBIO_SMRT	PacBio RS	802878659.0	163482.0	WGS	GENOMIC	SINGLE	PacBio RS sequencing
SRR2019242	SRX1025859	SRS934834	SRP042343	PRJNA243331	Escherichia coli	CFSAN029787	PACBIO_SMRT	PacBio RS II	562274286.0	163482.0	WGS	GENOMIC	SINGLE	Whole genome shotgun sequencing of Escherichia coli  serovar O96:H19 str. CFSAN029787 by Pacific Biosciences SMRT
SRR21415583	SRX17420297	SRS12115406	SRP361569	PRJNA768416	Bacillus sp. FSL M8-0025		OXFORD_NANOPORE	MinION	643489026.0	196091.0	WGS	GENOMIC	SINGLE	WGS of Bacilli
SRR34268938	SRX29442858	SRS25588832	SRP595615	PRJNA1280179	Pseudomonas aeruginosa	CF-sbj2-Pa1-l	OXFORD_NANOPORE	GridION	176505593.0	10141.0	WGS	GENOMIC	SINGLE	Plasmid-mediated extreme resistance development within lung
SRR15710922	SRX12006642	SRS8694216	SRP314604	PRJNA721573	Escherichia coli	E. coli 16-AB02442	PACBIO_SMRT	Sequel	1556055096.0	241075.0	WGS	GENOMIC	SINGLE	PacBio raw data of SHV-12 producing E. coli
SRR4181437	SRX2142673	SRS1674118	SRP086980	PRJNA303800	Nocardia fluminea	DSM 44489	PACBIO_SMRT	PacBio RS	573207746.0	166920.0	WGS	GENOMIC	SINGLE	Nocardia fluminea DSM 44489
ERR861004	ERX940675	ERS227112	ERP002429	PRJEB1730	Klebsiella pneumoniae		PACBIO_SMRT	PacBio RS	559175312.0	163482.0	WGS	GENOMIC	SINGLE	PacBio RS sequencing
SRR8420481	SRX5229543	SRS4233252	SRP176675	PRJNA460942	Methylobacterium radiotolerans	ES_PA-B5	PACBIO_SMRT	PacBio RS II	781892439.0	221906.0	WGS	GENOMIC	SINGLE	Methylobacterium radiotolerans ES_PA-B5
SRR873653	SRX290746	SRS431843	SRP023553	PRJNA176644	Vibrio parahaemolyticus VP232	VP232	PACBIO_SMRT	PacBio RS	107998476.0	81741.0	WGS	GENOMIC	SINGLE	
SRR6516691	SRX3604659	SRS2872252	SRP131588	PRJNA402570	Streptomyces sp. 19	19	PACBIO_SMRT	PacBio RS II	836812832.0	332374.0	WGS	GENOMIC	SINGLE	Streptomyces sp. 19
SRR9616110	SRX6379193	SRS5039847	SRP212399	PRJNA548188	Borreliella burgdorferi	K90	OXFORD_NANOPORE	GridION	243903311.0	198004.0	WGS	GENOMIC	SINGLE	Borreliella burgdorferi Genome sequencing and assembly
SRR33895134	SRX29106719	SRS25313059	SRP590843	PRJNA1272507	Salmonella enterica	SAL-006	OXFORD_NANOPORE	GridION	133828962.0	35734.0	WGS	GENOMIC	SINGLE	ONT-WGS of Salmonella enterica
ERR2508259	ERX2527714	ERS1572785	ERP021285	PRJEB19288	Vibrio cholerae		PACBIO_SMRT	PacBio RS	133673414.0	163482.0	WGS	GENOMIC	SINGLE	PacBio RS sequencing
ERR13600348	ERX12971371	SRS16422243	SRP416981	PRJNA922900	Klebsiella pneumoniae	Kpn292	OXFORD_NANOPORE	GridION	665636363.0	38221.0	WGS	GENOMIC	SINGLE	GridION sequencing
SRR34967055	SRX30086510	SRS26152760	SRP608514	PRJNA1305037	Klebsiella michiganensis	MI_KPC_33	OXFORD_NANOPORE	PromethION	500016738.0	23170.0	WGS	GENOMIC	SINGLE	KPC CRE collection from state of Michigan
ERR2564856	ERX2583200	ERS2078720	ERP005928	PRJEB6403	Shigella boydii		PACBIO_SMRT	PacBio RS	2451440246.0	163482.0	WGS	GENOMIC	SINGLE	PacBio RS sequencing
SRR15989014	SRX12277853	SRS9998794	SRP357537	PRJNA801416	Escherichia coli	2797	OXFORD_NANOPORE	GridION	412987985.0	46581.0	WGS	GENOMIC	SINGLE	Whole Genome Sequencing of Carbapenemase-producing Enterobacterales (CPE)
SRR30934728	SRX26337581	SRS22863377	SRP537571	PRJNA1168290	Paenibacillus sp. TAB_01	TAB_01	OXFORD_NANOPORE	MinION	1653206.0	188.0	WGS	GENOMIC	SINGLE	Paenibacillus sp. TAB 01 from cotton plant tissue
SRR18700741	SRX14801708	SRS12559703	SRP369026	PRJNA696077	Haloactinomyces albus	DSM 45977	PACBIO_SMRT	Sequel II	5140108456.0	823255.0	WGS	GENOMIC	SINGLE	Haloactinomyces albus DSM 45977
SRR32655905	SRX27959887	SRS24326267	SRP569671	PRJNA912210	Prochlorococcus sp. MIT 9311	MIT 9311	PACBIO_SMRT	Sequel	115272312.0	14347.0	WGS	GENOMIC	SINGLE	PacBio HiFi data of Prochlorococcus sp. MIT 9311
SRR13668413	SRX10059894	SRS8222140	SRP040661	PRJNA231221	Klebsiella pneumoniae	FDAARGOS_1328	PACBIO_SMRT	Sequel	1767426072.0	348816.0	WGS	GENOMIC	SINGLE	
ERR12051299	ERX11434520	ERS16377417	ERP149821	PRJEB64629	Psychrobacter alimentarius		OXFORD_NANOPORE	GridION	2598424124.0	206335.0	WGS	GENOMIC	SINGLE	Psychrobacter alimentarius_oxford_nanopore_ONT
DRR317784	DRX307140	DRS221581	DRP008064	PRJDB11916	Escherichia coli	CVRI_11	OXFORD_NANOPORE	MinION	486386255.0	58602.0	WGS	GENOMIC	SINGLE	MinION sequencing of SAMD00393913
ERR1313294	ERX1384976	ERS1063315	ERP014272	PRJEB12765	Escherichia coli		OXFORD_NANOPORE	MinION	45480571.0	2155.0	WGS	GENOMIC	SINGLE	MinION sequencing
ERR12328565	ERX11705369	ERS17177480	ERP155552	PRJEB70626	Mycobacterium tuberculosis		OXFORD_NANOPORE	MinION	94771214.0	72360.0	WGS	GENOMIC	SINGLE	MinION sequencing
ERR3293663	ERX3320010	ERS3381925	ERP114931	PRJEB32272	Salmonella enterica subsp. enterica serovar Typhi str. Ty2	4316STDY6559670	PACBIO_SMRT	PacBio RS	1116868917.0	163482.0	WGS	GENOMIC	SINGLE	PacBio RS sequencing
SRR17210312	SRX13390198	SRS11290157	SRP350362	PRJNA788148	Citrobacter freundii	B1s	OXFORD_NANOPORE	MinION	2682990.0	394.0	WGS	GENOMIC	SINGLE	B1_r2_adaptive_6h
SRR35907293	SRX30956583	SRS26951378	SRP637912	PRJNA1321591	Pseudomonas aeruginosa	PT31M	PACBIO_SMRT	Sequel	697625891.0	86070.0	WGS	GENOMIC	SINGLE	Subreads of sample PT31M
SRR18681640	SRX14782857	SRS12539562	SRP368114	PRJNA824420	Escherichia coli	GD02900_ECOL_HY_15	OXFORD_NANOPORE	MinION	313305428.0	43244.0	WGS	GENOMIC	SINGLE	Long-read sequencing of Escherichia coli: isolate #15 urine
SRR14108832	SRX10479550	SRS8607985	SRP312756	PRJNA689092	Xanthomonas campestris pv. campestris	0792	PACBIO_SMRT	Sequel II	1490155391.0	262508.0	WGS	GENOMIC	SINGLE	Xc isolated from weeds and crops
SRR27962358	SRX23618764	SRS20459141	SRP489640	PRJNA998543	Staphylococcus epidermidis	HRSE 1	OXFORD_NANOPORE	MinION	2393038534.0	203657.0	WGS	GENOMIC	SINGLE	S. epidermidis isolated from Han River whole genome sequencing
SRR19894762	SRX15937781	SRS13624969	SRP384109	PRJNA853901	Bordetella pertussis	Bp-800369-19	OXFORD_NANOPORE	MinION	1648585812.0	189587.0	WGS	GENOMIC	SINGLE	Whole genome sequencing of Bordetella pertussis Population with Nanopore Q20 kit
SRR27860902	SRX23523534	SRS20373825	SRP487941	PRJNA1073000	Lactococcus cremoris	P2D7	OXFORD_NANOPORE	PromethION	441434149.0	67186.0	WGS	GENOMIC	SINGLE	WGS of Lactococcus cremoris strain P2D7: Probat505 starter culture
SRR14871202	SRX11188616	SRS9244917	SRP324862	PRJNA736470	Streptococcus equi subsp. equi	SEE_19-008	PACBIO_SMRT	Sequel	1420170685.0	225672.0	WGS	GENOMIC	SINGLE	PacBio whole genome sequencing of Streptococcu equi
DRR197062	DRX187479	DRS174743	DRP004189	PRJDB5929	Klebsiella pneumoniae	KP164	PACBIO_SMRT	PacBio RS II	1456163135.0	232580.0	WGS	GENOMIC	SINGLE	PacBio RS II sequencing of SAMD00111795
SRR19820502	SRX15864419	SRS13526022	SRP361569	PRJNA768416	Paenibacillus sp. FSL R7-0337		OXFORD_NANOPORE	MinION	410408319.0	64915.0	WGS	GENOMIC	SINGLE	WGS of Bacilli
SRR4164064	SRX2136280	ERS1460867	SRP086192	PRJNA303519	Micromonospora peucetia	DSM 43363	PACBIO_SMRT	PacBio RS	732652898.0	195064.0	WGS	GENOMIC	SINGLE	Micromonospora peucetia DSM 43363
SRR31565383	SRX26931282	SRS23404792	SRP548643	PRJNA1192988	Vibrio cholerae	ZA10	OXFORD_NANOPORE	MinION	141985113.0	36636.0	WGS	GENOMIC	SINGLE	PulseNet Africa ONT sequencing of Vibrio cholerae isolates
SRR35210652	SRX30314470	SRS26362109	SRP615773	PRJNA893727	Peribacillus simplex	TAGEM15-70-B13	PACBIO_SMRT	Sequel IIe	1971665609.0	218120.0	WGS	GENOMIC	SINGLE	Bacillus simplex TAGEM15-70-B13
SRR36223761	SRX31259811	SRS27017809	SRP642991	PRJNA695104	Pseudomonas sp. AF1	AF1	PACBIO_SMRT	Revio	902438164.0	4645569.0	WGS	GENOMIC	PAIRED	Whole-genome sequencing of Enterobacter cloacae I4
SRR27678733	SRX23346016	SRS20207254	SRP485167	PRJNA960711	Cytobacillus kochii	RZ2	OXFORD_NANOPORE	MinION	190281311.0	59030.0	WGS	GENOMIC	SINGLE	WGS of Cytobacillus kochii: strain RZ2
SRR32655847	SRX27959941	SRS24326322	SRP569671	PRJNA912210	Shimia sp. MIT1388	MIT1388	PACBIO_SMRT	Sequel IIe	535885628.0	67210.0	WGS	GENOMIC	SINGLE	PacBio HiFi data of Shimia sp. MIT1388
SRR32158418	SRX27503862	SRS23924104	SRP560261	PRJNA1129067	Aeromonas	rivipollensis	OXFORD_NANOPORE	MinION	739621143.0	283210.0	WGS	GENOMIC	SINGLE	MAR_SAGR2
ERR16137089	ERX15526755	SRS10827120	ERP187675	PRJEB106623	Neisseria gonorrhoeae		OXFORD_NANOPORE	MinION	251047418.0	45266.0	WGS	GENOMIC	SINGLE	Raw reads: EEE019
ERR4910174	ERX4776998	ERS4556739	ERP121699	PRJEB38289	Klebsiella pneumoniae		PACBIO_SMRT	PacBio RS	1208660564.0	54494.0	WGS	GENOMIC	SINGLE	PacBio RS sequencing
SRR24289057	SRX20084505	SRS17416973	SRP434206	PRJNA957546	Pseudomonas sp. Ap32	Ap32	OXFORD_NANOPORE	GridION	8003259.0	4000.0	WGS	GENOMIC	SINGLE	Genome sequencing of Pseudomonas apalachicolensis
SRR15989225	SRX12277642	SRS9999058	SRP357534	PRJNA801415	Escherichia coli	73	OXFORD_NANOPORE	GridION	2200422085.0	483133.0	WGS	GENOMIC	SINGLE	Whole Genome Sequencing of Carbapenemase-producing Enterobacterales (CPE)
SRR27145222	SRX22826893	SRS19807646	SRP476599	PRJNA1050169	Citroniella saccharovorans	DSM 29873	OXFORD_NANOPORE	MinION	38572679.0	3811.0	WGS	GENOMIC	SINGLE	Nanopore MinION of C. saccharovorans
SRR27352565	SRX23029203	SRS19991087	SRP480168	PRJNA1057299	Clostridioides difficile	cd221122_barcode42	OXFORD_NANOPORE	MinION	27937778.0	18951.0	WGS	GENOMIC	SINGLE	Clostridioides difficile strain cd221122_barcode42
SRR21416074	SRX17420414	SRS12115401	SRP361569	PRJNA768416	Bacillus sp. FSL R7-0718	FSL R7-0718	OXFORD_NANOPORE	MinION	208499862.0	46789.0	WGS	GENOMIC	SINGLE	WGS of Bacilli
ERR581027	ERX539114	ERS426722	ERP001625	PRJEB3164	Salmonella enterica subsp. enterica serovar Typhimurium		PACBIO_SMRT	PacBio RS	510545724.0	163482.0	WGS	GENOMIC	SINGLE	PacBio RS sequencing
SRR32264343	SRX27601731	SRS24011660	SRP540778	PRJNA1177650	Rhizobium johnstonii	3841	OXFORD_NANOPORE	MinION	1152988010.0	72732.0	WGS	GENOMIC	SINGLE	3841_nano
SRR901077	SRX305994	SRS445053	SRP026040	PRJNA191792	Mycobacterium kansasii 824	824	PACBIO_SMRT	PacBio RS	387685392.0	81741.0	WGS	GENOMIC	SINGLE	
SRR31690038	SRX27051853	SRS23446275	SRP385391	PRJNA856406	Enterococcus faecalis	AUSMDU00072393	OXFORD_NANOPORE	GridION	444697288.0	175301.0	WGS	GENOMIC	SINGLE	Whole genome sequencing of Enterococcus sp from Victoria, Australia Raw ONT sequence reads
ERR5984437	ERX5624160	ERS6796418	ERP129449	PRJEB45354	Escherichia coli		OXFORD_NANOPORE	GridION	179511580.0	16831.0	WGS	GENOMIC	SINGLE	GridION sequencing; Raw reads: ONT_30345_1#11
SRR27187031	SRX22867229	SRS18545628	SRP453959	PRJNA1003301	Escherichia coli		OXFORD_NANOPORE	MinION	1503656329.0	421510.0	WGS	GENOMIC	SINGLE	EC15_long-read
SRR31599579	SRX26964103	SRS23433814	SRP549287	PRJNA1185485	Escherichia coli	134	OXFORD_NANOPORE	PromethION	408960593.0	126414.0	WGS	GENOMIC	SINGLE	FW-Pig-barcode45
SRR31075285	SRX26458715	SRS22444102	SRP074197	PRJNA288601	Enterobacter roggenkampii	2024CK-01276	OXFORD_NANOPORE	GridION	478941180.0	63345.0	WGS	GENOMIC	SINGLE	Nanopore sequencing of ARLN isolate
SRR7054569	SRX3985605	SRS3210369	SRP142191	PRJNA442825	Mycobacterium alsense	GAS429	PACBIO_SMRT	PacBio RS II	749145060.0	253914.0	WGS	GENOMIC	SINGLE	Mycobacterium alsense GAS429
ERR1193269	ERX1266653	ERS849594	ERP005928	PRJEB6403	Streptococcus pyogenes	NCTC12051	PACBIO_SMRT	PacBio RS	472657874.0	163482.0	WGS	GENOMIC	SINGLE	PacBio RS sequencing
SRR33759711	SRX28982488	SRS25202613	SRP557179	PRJNA1210162	Streptococcus pyogenes		OXFORD_NANOPORE	MinION	148406665.0	38465.0	WGS	GENOMIC	SINGLE	WGS of GAS
SRR25466840	SRX21199580	SRS18458352	SRP452337	PRJNA1000618	Escherichia coli	Escherichia coli BL21(DE3)	OXFORD_NANOPORE	MinION	6434624.0	4000.0	WGS	GENOMIC	SINGLE	CASTVK transposition with different condition
SRR23648064	SRX19530435	SRS16091092	SRP412517	PRJNA910977	Escherichia coli	P0110	PACBIO_SMRT	Sequel	950334300.0	182033.0	WGS	GENOMIC	SINGLE	WGS of E. coli
SRR12280373	SRX8784342	SRS7053087	SRP272861	PRJNA646575	Bacteroides thetaiotaomicron		OXFORD_NANOPORE	GridION	313151045.0	32992.0	WGS	GENOMIC	SINGLE	WGS  of Bacteroides fragilis group clinical isolates
SRR23471063	SRX19374125	SRS11330496	SRP422715	PRJNA878812	Pseudomonas aeruginosa		OXFORD_NANOPORE	GridION	17428174.0	2616.0	WGS	GENOMIC	SINGLE	Nanopore sequencing of ARLN isolate
SRR31976244	SRX27331433	SRS23507044	SRP074197	PRJNA288601	Klebsiella pneumoniae	2024HL-01373	OXFORD_NANOPORE	MinION	1194549980.0	129588.0	WGS	GENOMIC	SINGLE	Long read sequencing of carbapenemase producing organisms
ERR11177480	ERX10610393	ERS1810774	ERP015655	PRJEB14050	Salmonella enterica subsp. enterica serovar Typhi		OXFORD_NANOPORE	GridION	3146874872.0	290618.0	WGS	GENOMIC	SINGLE	GridION sequencing
SRR36121039	SRX31165026	SRS27151211	SRP647482	PRJNA1367479	Klebsiella pneumoniae	PS-71	OXFORD_NANOPORE	MinION	589197733.0	89928.0	WGS	GENOMIC	SINGLE	WGS of PS-71
SRR22061322	SRX18042181	SRS15548703	SRP404772	PRJNA894144	Methylorubrum rhodesianum	MB200	PACBIO_SMRT	Sequel II	3774346561.0	544522.0	WGS	GENOMIC	SINGLE	WGS of Methylorubrum rhodesianum MB200: household biodigester
SRR21563504	SRX17565669	SRS14987268	SRP354045	PRJNA747871	Streptomyces anthocyanicus	NBC 01668	OXFORD_NANOPORE	MinION	132258589.0	65468.0	WGS	GENOMIC	SINGLE	nanopore sequencing data from strain NBC_01668
SRR15680596	SRX11976919	SRS9985336	SRP335068	PRJNA759208	Escherichia coli O25:H4	CU568-3	OXFORD_NANOPORE	GridION	3729195399.0	239866.0	WGS	GENOMIC	SINGLE	Nanopore sequencing of CU568-3-C5
DRR295354	DRX284810	DRS478539	DRP004189	PRJDB5929	Klebsiella pneumoniae	C895	OXFORD_NANOPORE	GridION	1552697671.0	245803.0	WGS	GENOMIC	SINGLE	GridION sequencing of SAMD00324264
SRR11317965	SRX7922313	SRS1495395	SRP076350	PRJNA308116	Klebsiella pneumoniae	CFSAN044571	PACBIO_SMRT	Sequel	892288015.0	114869.0	WGS	GENOMIC	SINGLE	Whole genome PacBio Sequel sequence of Klebsiella pneumoniae
SRR28466957	SRX24069883	SRS20860415	SRP498025	PRJNA616030	Vibrio cholerae	MWI/2016/20	OXFORD_NANOPORE	MinION	2289152450.0	682230.0	WGS	GENOMIC	SINGLE	Oxford Nanopore sequencing of Vibrio cholerae
SRR387101	SRX109929	SRS281279	SRP001087	PRJNA40075	Escherichia coli str. K-12 substr. MG1655	K-12	PACBIO_SMRT	PacBio RS	35286511.0	81741.0	WGS	GENOMIC	SINGLE	Whole Genome Sequencing and Assembly
SRR25627031	SRX21353897	SRS18598739	SRP454832	PRJNA810251	Gluconobacter frateurii	ML.ISBL3	OXFORD_NANOPORE	MinION	500006833.0	81999.0	WGS	GENOMIC	SINGLE	Nanopore of  of SAMN26237225
SRR12390911	SRX8889433	SRS7148936	SRP276002	PRJNA632194	Sphingobium sp. B9G5A	B9G5A	PACBIO_SMRT	PacBio RS II	8203418927.0	920512.0	WGS	GENOMIC	SINGLE	Sphingobium sp. B9G5A
SRR4181611	SRX2142842	SRS1674406	SRP087001	PRJNA303719	Corynebacterium timonense	DSM 45434	PACBIO_SMRT	PacBio RS	69561119.0	21103.0	WGS	GENOMIC	SINGLE	Corynebacterium timonense DSM 45434
ERR2403053	ERX2443815	ERS1884376	ERP002103	PRJEB1271	Klebsiella pneumoniae	2485STDY7075087	PACBIO_SMRT	PacBio RS	63484988.0	163482.0	WGS	GENOMIC	SINGLE	PacBio RS sequencing
SRR35147323	SRX30252954	SRS12559744	SRP369046	PRJNA696076	Microlunatus capsulatus	DSM 12936	PACBIO_SMRT	Sequel II	332638786.0	42384.0	WGS	GENOMIC	SINGLE	Friedmanniella capsulata DSM 12936
SRR31611437	SRX26976088	SRS23443709	SRP549287	PRJNA1185485	Escherichia coli	444	OXFORD_NANOPORE	PromethION	1175702804.0	244760.0	WGS	GENOMIC	SINGLE	pig-inf-barcode89
SRR33223725	SRX28470822	SRS24790847	SRP579950	PRJNA1253082	Streptococcus pneumoniae		OXFORD_NANOPORE	MinION	198984898.0	103044.0	WGS	GENOMIC	SINGLE	WGS of Streptococcus pneumoniae
SRR13957701	SRX10335976	SRS8455520	SRP300861	PRJNA663900	Enterococcus sp. DIV0765a	DIV0765a	OXFORD_NANOPORE	GridION	534794092.0	266989.0	WGS	GENOMIC	SINGLE	sequencing of enterococcal diversity
SRR20138940	SRX16174058	SRS13835862	SRP385218	PRJNA856428	Escherichia coli	Nanopore_W53	OXFORD_NANOPORE	PromethION	1516784034.0	176028.0	WGS	GENOMIC	SINGLE	Nanopore sequncing of Escherichia coli str. K12 substr. MG1655: MA line
SRR3723613	SRX1881162	SRS1527839	SRP077373	PRJNA235090	Carnobacterium sp. WN1374	WN1374	PACBIO_SMRT	PacBio RS	194562577.0	82344.0	WGS	GENOMIC	SINGLE	Carnobacterium sp. WN1374
SRR27972977	SRX23626188	SRS20465529	SRP489819	PRJNA1076692	Staphylococcus aureus	RIVM_M097040_rerio	OXFORD_NANOPORE	MinION	240859408.0	71130.0	WGS	GENOMIC	SINGLE	RIVM_M097040_rerio
ERR1895597	ERX1955987	ERS1064044	ERP014296	PRJEB12789	Burkholderia multivorans		PACBIO_SMRT	PacBio RS	2837159122.0	163482.0	WGS	GENOMIC	SINGLE	PacBio RS sequencing
SRR36797847	SRX31784501	SRS27747202	SRP661661	PRJNA1389824	Erwinia persicina		OXFORD_NANOPORE	MinION	75278435.0	33998.0	WGS	GENOMIC	SINGLE	evolved microcosm clones
SRR29120070	SRX24643925	SRS21342568	SRP443268	PRJNA983507	Geobacillus stearothermophilus	EF60045	PACBIO_SMRT	Sequel	1088.0	64.0	WGS	GENOMIC	SINGLE	Long reads WGS of G. stearothermophilus EF60045: Neungam Hot spring
ERR14686281	ERX14087800	ERS23773420	ERP169826	PRJEB86481	Escherichia coli str. K-12 substr. MG1655	K-12	OXFORD_NANOPORE	MinION	259206105.0	101164.0	WGS	GENOMIC	SINGLE	MinION sequencing
ERR5984435	ERX5624158	ERS6796352	ERP129449	PRJEB45354	Escherichia coli		OXFORD_NANOPORE	GridION	76898866.0	10349.0	WGS	GENOMIC	SINGLE	GridION sequencing; Raw reads: ONT_30224_1#48
ERR14125707	ERX13528364	ERS22899888	ERP159032	PRJEB74343	Zymomonas mobilis		OXFORD_NANOPORE	PromethION			WGS	GENOMIC	SINGLE	Zymomonas_mobilis_DSMZ22645_CVM
ERR3685770	ERX3675374	ERS4047571	ERP114207	PRJEB31632	bacterium		OXFORD_NANOPORE	GridION	721971191.0	121235.0	WGS	GENOMIC	SINGLE	GridION sequencing
SRR24037496	SRX19840044	SRS17198655	SRP430371	PRJNA948666	Paenibacillus larvae	PL014	OXFORD_NANOPORE	GridION	575925821.0	310097.0	WGS	GENOMIC	SINGLE	DNA seq of Paenibacillus larvae
SRR8303805	SRX5118307	SRS4126641	SRP018785	PRJNA186035	Salmonella enterica subsp. enterica serovar Infantis	CFSAN024781	PACBIO_SMRT	Sequel	2319014924.0	343968.0	WGS	GENOMIC	SINGLE	Whole genome PacBio Sequel sequence of Salmonella enterica subsp. enterica serovar Infantis
SRR2047363	SRX1033654	SRS941207	SRP058356	PRJNA283315	Xanthomonas oryzae pv. oryzicola	BXOR1	PACBIO_SMRT	PacBio RS II	556736756.0	163482.0	WGS	GENOMIC	SINGLE	Xanthomonas oryzae pv. oryzicola BXOR1
SRR1618497	SRX738022	SRS725928	SRP049124	PRJNA244041	Burkholderia mallei	23344	PACBIO_SMRT	PacBio RS	776764417.0	438180.0	WGS	GENOMIC	SINGLE	PacBio Reads for Burkholderia mallei 23344
ERR15289551	ERX14695385	ERS25258641	ERP160926	PRJEB76400	Moraxella cuniculi		OXFORD_NANOPORE	MinION	78580549.0	21860.0	WGS	GENOMIC	SINGLE	MinION sequencing
SRR31707263	SRX27068847	SRS23529483	SRP551273	PRJNA1197850	Acinetobacter baumannii	AB04	OXFORD_NANOPORE	MinION	485480427.0	90987.0	WGS	GENOMIC	SINGLE	Whole genome sequencing of A. baumannii from Shrimp.
ERR3685791	ERX3675395	ERS4047592	ERP114207	PRJEB31632	bacterium		OXFORD_NANOPORE	GridION	1000570200.0	245222.0	WGS	GENOMIC	SINGLE	GridION sequencing
SRR32991835	SRX28258110	SRS24604773	SRP550997	PRJNA1187877	Lactiplantibacillus plantarum	Lactiplantibacillus plantarum #44	OXFORD_NANOPORE	GridION	1653790621.0	363297.0	WGS	GENOMIC	SINGLE	Lactiplantibacillus plantarum_#44
SRR32164138	SRX27509479	SRS23928338	SRP560556	PRJNA1147241	Mucilaginibacter sp. Mucisp86	CT11-86	OXFORD_NANOPORE	MinION	543904247.0	89958.0	WGS	GENOMIC	SINGLE	wheat associated bacteria:Mucilaginibacter sp.
SRR31599546	SRX26964136	SRS23433848	SRP549287	PRJNA1185485	Escherichia coli	454	OXFORD_NANOPORE	PromethION	1185449791.0	298763.0	WGS	GENOMIC	SINGLE	pseu-barcode80
ERR569658	ERX528647	ERS428535	ERP005470	PRJEB6012	Shigella flexneri		PACBIO_SMRT	PacBio RS	933407496.0	163482.0	WGS	GENOMIC	SINGLE	PacBio RS sequencing
ERR2987301	ERX2989729	ERS1921026	ERP024139	PRJEB21840	Rhizobium sp. Q54	Q54	PACBIO_SMRT	PacBio RS	637334942.0	163482.0	WGS	GENOMIC	SINGLE	PacBio RS sequencing
SRR34443658	SRX29604259	SRS25725665	SRP599596	PRJNA1289084	Escherichia coli	07-19	OXFORD_NANOPORE	GridION	1901501987.0	446971.0	WGS	GENOMIC	SINGLE	Ecoli_07-19
SRR15540418	SRX11838510	SRS9849698	SRP333488	PRJNA336330	Escherichia coli	472	PACBIO_SMRT	PacBio RS II	145697656.0	163482.0	WGS	GENOMIC	SINGLE	Genome sequencing of E. coli O157:H7 from Scotland PacBio reads
ERR15191344	ERX14596971	ERS25135714	ERP160948	PRJEB76420	Escherichia coli		OXFORD_NANOPORE	MinION			WGS	GENOMIC	SINGLE	MinION sequencing
SRR8187982	SRX5007784	SRS4041785	SRP168628	PRJNA505407	Escherichia coli	V9	OXFORD_NANOPORE	GridION	518336794.0	92323.0	WGS	GENOMIC	SINGLE	DNA sequencing of Ecoli strain V9
SRR35213463	SRX30317260	SRS26364195	SRP615992	PRJNA1301220	Acinetobacter baumannii	ABO22-A129	OXFORD_NANOPORE	MinION	248885030.0	47896.0	WGS	GENOMIC	SINGLE	Whole geneme sequencing of Acinetobacter baumannii: isolates of the Ab-One study
SRR34854877	SRX29986778	SRS26063896	SRP606221	PRJNA1300812	Escherichia coli	DFI_NG_034	OXFORD_NANOPORE	GridION	377264724.0	163662.0	WGS	GENOMIC	SINGLE	WGS of Escherichia coli: DFI
SRR13957741	SRX10335936	SRS8455480	SRP300861	PRJNA663900	Enterococcus sp. AZ175	AZ175	OXFORD_NANOPORE	GridION	694190787.0	291448.0	WGS	GENOMIC	SINGLE	sequencing of enterococcal diversity
SRR12247706	SRX8755461	SRS6976327	SRP266402	PRJNA605147	Escherichia coli		OXFORD_NANOPORE	GridION	58383108.0	10636.0	WGS	GENOMIC	SINGLE	Oxford Nanopore sequencing of Escherichia coli isolate RH08|T3-E2C08 cultured from cattle farm sediment sample
ERR10491019	ERX10010330	ERS7104647	ERP109413	PRJEB27342	Klebsiella oxytoca		PACBIO_SMRT	Sequel II	7817316736.0	1342041.0	WGS	GENOMIC	SINGLE	Sequel II sequencing
SRR32204117	SRX27545694	SRS23960614	SRP561120	PRJNA1214876	Ekhidna algicida	To15	OXFORD_NANOPORE	MinION	34756726.0	4000.0	WGS	GENOMIC	SINGLE	Ekhidna algicida strain To15 genome
ERR10498734	ERX10016023	ERS14255895	ERP142629	PRJEB57633	Escherichia coli		OXFORD_NANOPORE	GridION	93683024.0	10591.0	WGS	GENOMIC	SINGLE	Raw reads: ONT_30602_1#329
DRR572469	DRX555936	DRS426402	DRP012251	PRJDB17574	Escherichia coli	YK-IS1MA-L09-3_G08	OXFORD_NANOPORE	MinION	13314.0	21.0	WGS	GENOMIC	SINGLE	nanopore-seq of SAMD00748219 L09-3_G8
DRR293664	DRX283114	DRS178782	DRP004189	PRJDB5929	Klebsiella pneumoniae	C803	OXFORD_NANOPORE	GridION	2103381789.0	290598.0	WGS	GENOMIC	SINGLE	GridION sequencing of SAMD00138200
SRR21998715	SRX17981169	SRS15495849	SRP403850	PRJNA892290	Escherichia coli	IPR_LC19	OXFORD_NANOPORE	MinION	91294778.0	6735.0	WGS	GENOMIC	SINGLE	Oxford Nanopore Reads of Escherichia coli in camel production systems in Northern Kenya
SRR15827992	SRX12119805	SRS10099888	SRP336307	PRJNA761884	Escherichia coli	X_26	PACBIO_SMRT	PacBio RS II	1274346935.0	176279.0	WGS	GENOMIC	SINGLE	WGS of Escherichia coli: sample C1616
ERR13355560	ERX12726492	ERS16327401	ERP150987	PRJEB65895	Listeria monocytogenes	clinical isolate of L. monocytogenes	OXFORD_NANOPORE	MinION	1230498804.0	159036.0	WGS	GENOMIC	SINGLE	MinION sequencing
ERR5353218	ERX5141253	ERS5752952	ERP126298	PRJEB42440	Klebsiella oxytoca		OXFORD_NANOPORE	GridION	1008657922.0	256201.0	WGS	GENOMIC	SINGLE	GridION sequencing
SRR31599004	SRX26963481	SRS23433193	SRP549287	PRJNA1185485	Escherichia coli	566	OXFORD_NANOPORE	PromethION	1463542282.0	217104.0	WGS	GENOMIC	SINGLE	RMB-3R-barcode33
SRR32324016	SRX27659098	SRS23523559	SRP074197	PRJNA288601	Klebsiella pneumoniae		OXFORD_NANOPORE	GridION	1599885600.0	542596.0	WGS	GENOMIC	SINGLE	Nanopore sequencing of ARLN isolate
SRR9722546	SRX6480222	SRS5130328	SRP215816	PRJNA470993	Staphylococcus aureus	ER03234.3	PACBIO_SMRT	PacBio RS II	1442307382.0	191022.0	WGS	GENOMIC	SINGLE	WGS of Staphylococcus aureus
SRR26255267	SRX21965281	SRS5288330	SRP102667	PRJNA292664	Campylobacter jejuni	CVM N19C028	OXFORD_NANOPORE	MinION	203113141.0	15995.0	WGS	GENOMIC	SINGLE	Complete Genome of Campylobacter CVM N19C028
SRR26134216	SRX21847533	SRS18945059	SRP462476	PRJNA993145	Staphylococcus aureus	ST352	OXFORD_NANOPORE	GridION	541057630.0	114528.0	WGS	GENOMIC	SINGLE	WGS of S. aureus: Ruminant mastitis isolate
SRR14628276	SRX10968897	SRS8660146	SRP321015	PRJNA731114	Pseudomonas aeruginosa	PaLo32	OXFORD_NANOPORE	MinION	466531105.0	87802.0	WGS	GENOMIC	SINGLE	Nanopore sequencing of Pseudomonas aeruginosa isolates
SRR5885221	SRX1752601	SRS1429711	SRP105291	PRJNA321324	Streptococcus pneumoniae	TH5450	PACBIO_SMRT	PacBio RS II	1660995525.0	163482.0	WGS	GENOMIC	SINGLE	TH5450 mutant
SRR22890850	SRX18848648	SRS16280017	SRP414793	PRJNA871981	plant metagenome		PACBIO_SMRT	Sequel	20584288.0	13566.0	WGS	GENOMIC	SINGLE	Microbial diversity of alfalfa
SRR29986473	SRX25466548	SRS22123195	SRP522148	PRJNA1140127	Streptococcus hillyeri	S23-3001-1	OXFORD_NANOPORE	MinION	759402308.0	146732.0	WGS	GENOMIC	SINGLE	Long read sequencing of Streptococcus hillyeri isolated from septic pleuritis of a horse
ERR10676207	ERX10143971	ERS14333306	ERP143248	PRJEB58185	Campylobacter jejuni		OXFORD_NANOPORE	MinION	421133916.0	699558.0	WGS	GENOMIC	PAIRED	MinION paired end sequencing
SRR23384705	SRX19322957	SRS16721068	SRP421698	PRJNA924056	Acinetobacter ursingii	CPO010	OXFORD_NANOPORE	MinION	349220484.0	16619.0	WGS	GENOMIC	SINGLE	WGS of bacterial isolate possessing blaIMP-4 carbapenemase
ERR1904951	ERX1965357	ERS1198051	ERP022292	PRJEB20162	Burkholderia ubonensis		PACBIO_SMRT	PacBio RS	1178337485.0	163482.0	WGS	GENOMIC	SINGLE	PacBio RS sequencing
SRR30149431	SRX25617202	SRS21937455	SRP518730	PRJNA1133668	Enterobacter hormaechei	ST106EH1	OXFORD_NANOPORE	MinION	423559213.0	49509.0	WGS	GENOMIC	SINGLE	Nanopore sequencing of clinical CRE isolates: human
SRR31486879	SRX26855072	SRS22672579	SRP074197	PRJNA288601	Escherichia coli	2024HL-01022	OXFORD_NANOPORE	MinION	615275457.0	65283.0	WGS	GENOMIC	SINGLE	Long read sequencing of carbapenemase producing organisms
SRR18681745	SRX14782752	SRS12539515	SRP368114	PRJNA824420	Escherichia coli	GD02988_ECOL_HY_106	OXFORD_NANOPORE	MinION	404849557.0	48651.0	WGS	GENOMIC	SINGLE	Long-read sequencing of Escherichia coli: isolate #106 urine
SRR30040135	SRX25514841	SRS21840210	SRP516844	PRJNA1129555	Xanthomonas sp. NCPPB 3569	NCPPB 3569	OXFORD_NANOPORE	PromethION	572819970.0	104252.0	WGS	GENOMIC	SINGLE	Genome sequencing of NCPPB 3569
SRR31540982	SRX26907942	SRS23387401	SRP548173	PRJNA1190675	Escherichia coli	The same strain as the one under SRA accession SRR9675992	OXFORD_NANOPORE	MinION	638509079.0	104921.0	WGS	GENOMIC	SINGLE	ONT of TAS048
SRR27467448	SRX23138995	SRS20090057	SRP482612	PRJNA1062298	Serratia sarumanii	K-M0260	OXFORD_NANOPORE	GridION	131542024.0	20370.0	WGS	GENOMIC	SINGLE	ONT SQK-NBD112-24 library of Serratia sp. K-M0260: R10.4 flowcell on GridION, guppy v6.2.11 in super high accuracy mode
SRR21143304	SRX17155490	SRS14716475	SRP392938	PRJNA672949	Xylella fastidiosa subsp. morus	Riv16	OXFORD_NANOPORE	MinION			WGS	GENOMIC	SINGLE	Oxford Nanopore native genomic DNA of Xylella fastidiosa strain Riv16
SRR19843291	SRX15887097	SRS12115078	SRP361569	PRJNA768416	Paenibacillus sp. FSL H8-0317		OXFORD_NANOPORE	MinION	348601424.0	49257.0	WGS	GENOMIC	SINGLE	WGS of Bacilli
SRR14952068	SRX11264792	SRS9304272	SRP326018	PRJNA730911	Bacillus sp. (in: firmicutes)	unknown	PACBIO_SMRT	PacBio RS II	2256963836.0	534021.0	WGS	GENOMIC	SINGLE	WGS of Bacillus sp. (in: Bacteria): Environmental
SRR33482940	SRX28717975	SRS24984122	SRP584169	PRJNA900432	Salmonella enterica subsp. enterica serovar Brancaster	CSPERAK 3770-5	OXFORD_NANOPORE	MinION	683396565.0	141957.0	WGS	GENOMIC	SINGLE	Nanopore DNA-Seq of Salmonella spp
SRR30785065	SRX26186826	SRS22729885	SRP435872	PRJNA966932	Streptomyces coelicolor	CW6	OXFORD_NANOPORE	MinION	290589704.0	66223.0	WGS	GENOMIC	SINGLE	WGS of Plate S. coelicolor CW6::act c1
SRR10257435	SRX6975371	SRS5500720	SRP225062	PRJNA576863	Leptospira interrogans serovar Manilae	UP-MMC-NIID LP (Comp)	PACBIO_SMRT	PacBio RS II	1817277070.0	163482.0	WGS	GENOMIC	SINGLE	PacBio sequencing of Leptospira interrogans UP-MMC-NIID LP (Comp)
SRR9861706	SRX6615335	SRS5178514	SRP216837	PRJNA542320	Lactobacillus johnsonii	G2A	PACBIO_SMRT	Sequel	1619540160.0	240160.0	WGS	GENOMIC	SINGLE	PacBio SMRT Sequencing of Lactobacillus johnsonii G2A Genomic Library
SRR26886771	SRX22581182	SRS19588416	SRP472973	PRJNA1043044	Staphylococcus pseudintermedius	23-472	OXFORD_NANOPORE	MinION	795798739.0	337366.0	WGS	GENOMIC	SINGLE	WGS of Staphylococcus pseudintermedius
SRR31598661	SRX26963824	SRS23433539	SRP549287	PRJNA1185485	Escherichia coli	910	OXFORD_NANOPORE	PromethION	819355744.0	105219.0	WGS	GENOMIC	SINGLE	WTP-NoR-Nov-barcode64
SRR10666949	SRX7345890	SRS5805518	SRP230855	PRJNA589910	Phocaeicola dorei	JR04	OXFORD_NANOPORE	GridION	2919242884.0	471814.0	WGS	GENOMIC	SINGLE	JR04_Nanopore_fastq
SRR21416103	SRX17420385	SRS12115376	SRP361569	PRJNA768416	Solibacillus sp. FSL W7-1436	FSL W7-1436	OXFORD_NANOPORE	MinION	305139962.0	41666.0	WGS	GENOMIC	SINGLE	WGS of Bacilli
SRR32985090	SRX28251915	SRS17835305	SRP074197	PRJNA288601	Citrobacter freundii	2021XX-00003	OXFORD_NANOPORE	MinION	364883149.0	211245.0	WGS	GENOMIC	SINGLE	MinION sequencing of 2021XX-00003
SRR5182040	SRX2498148	SRS1925000	SRP096895	PRJNA353873	Mycobacterium tuberculosis		PACBIO_SMRT	PacBio RS	246527331.0	163482.0	WGS	GENOMIC	SINGLE	DNA of Mtb
ERR4762956	ERX4636022	ERS5247848	ERP124695	PRJEB40976	Enterococcus faecalis		OXFORD_NANOPORE	GridION	1049999620.0	49657.0	WGS	GENOMIC	SINGLE	GridION sequencing; Raw reads: 27688_1#234
SRR36385456	SRX31413872	SRS27397278	SRP653833	PRJNA1173118	Listeria monocytogenes	C5	OXFORD_NANOPORE	GridION	889905967.0	103722.0	WGS	GENOMIC	SINGLE	WGS of Listeria monocytogenes: C5
ERR15941442	ERX15336987	ERS27416758	ERP185476	PRJEB104171	Escherichia coli		OXFORD_NANOPORE	MinION	288356733.0	92637.0	WGS	GENOMIC	SINGLE	MinION sequencing
SRR28445783	SRX24049118	SRS20840578	SRP497734	PRJNA1077798	Alteromonas gracilis	J4	OXFORD_NANOPORE	MinION	2689392.0	1000.0	WGS	GENOMIC	SINGLE	Alteromonas gracilis strain J4, whole genome Nanopore Sequencing
ERR2528462	ERX2547343	ERS2016154	ERP005928	PRJEB6403	Salmonella enterica subsp. enterica serovar Typhi		PACBIO_SMRT	PacBio RS	50485245.0	163482.0	WGS	GENOMIC	SINGLE	PacBio RS sequencing
SRR25488207	SRX21219622	SRS18476703	SRP452837	PRJNA995638	Pseudomonas oryzihabitans	SORGH_AS 227	PACBIO_SMRT	Sequel IIe	895522509.0	102581.0	WGS	GENOMIC	SINGLE	Pseudomonas psychrotolerans SORGH_AS 227
SRR29580832	SRX25087466	SRS21781470	SRP516316	PRJNA1128702	Cupriavidus necator H16	H16	OXFORD_NANOPORE	GridION	1557471308.0	239866.0	WGS	GENOMIC	SINGLE	WGS of adaptive laboratory evolution on VFA substrates
SRR21979426	SRX17962590	SRS15479148	SRP403584	PRJNA891504	Enterococcus faecalis	BE70	OXFORD_NANOPORE	GridION	203864644.0	18279.0	WGS	GENOMIC	SINGLE	Genome sequencing and assembly of Enterococcus faecalis strains isolated from endodontic infections
ERR13194275	ERX12565140	ERS20185787	ERP160059	PRJEB75483	Phenylobacterium sp. LjRoot167		OXFORD_NANOPORE	MinION	78227262.0	36619.0	WGS	GENOMIC	SINGLE	MinION sequencing
SRR15651902	SRX11948947	SRS9959350	SRP334435	PRJNA757963	Bacillus thuringiensis	P6_FS	OXFORD_NANOPORE	MinION	421663545.0	285241.0	WGS	GENOMIC	SINGLE	gDNA reseq
SRR28174163	SRX23804241	SRS20627185	SRP423864	PRJNA937468	Salmonella enterica subsp. enterica serovar Stanley	21-SA00706-1	OXFORD_NANOPORE	MinION	214487875.0	38444.0	WGS	GENOMIC	SINGLE	WGS of Salmonella enterica subsp. enterica serovar Stanley isolate 21-SA00706-1 using ONT technology
SRR28266706	SRX23876772	SRS20694908	SRP250705	PRJNA607328	synthetic metagenome	not applicable	PACBIO_SMRT	PacBio RS II	1628614375.0	403837.0	WGS	GENOMIC	SINGLE	Saccharomyces cerevisiae/Bacillus subtilis/Bacillus subtilis FELIX_MS577 PacBio
SRR24474927	SRX20261301	SRS17592064	SRP436581	PRJNA967113	Enterobacter hormaechei	CPO390	OXFORD_NANOPORE	MinION	141564280.0	6812.0	WGS	GENOMIC	SINGLE	WGS of bacterial isolate possessing blaNDM carbapenemase
SRR28811902	SRX24375251	SRS21131907	SRP504151	PRJNA1104797	Xanthomonas campestris pv. raphani	Xcc-R1	OXFORD_NANOPORE	PromethION	3403908421.0	474549.0	WGS	GENOMIC	SINGLE	Genome sequencing of Xanthomonas campestris pv. raphani: strain Xcc-R1
ERR16090419	ERX15480254	ERS28454295	ERP183034	PRJEB101632	Kushneria sp. AK266		PACBIO_SMRT	Sequel	131904920.0	11125.0	WGS	GENOMIC	SINGLE	Sequel sequencing
ERR10478494	ERX9998833	ERS14236909	ERP142389	PRJEB57409	Enterococcus faecium		OXFORD_NANOPORE	MinION	99705509.0	15378.0	WGS	GENOMIC	SINGLE	MinION sequencing
ERR15677739	ERX15082130	ERS26963449	ERP171481	PRJEB88388	Pseudomonas sp. R-90880	R-90880	OXFORD_NANOPORE	MinION	1295869629.0	597270.0	WGS	GENOMIC	SINGLE	Raw reads: Pseudomonas sp. R-90880
SRR13005645	SRX9456845	SRS7669305	SRP291558	PRJNA674917	Escherichia	Escherichia coli	PACBIO_SMRT	Sequel	6627519158.0	1301522.0	WGS	GENOMIC	PAIRED	JS-Z0105
SRR32655842	SRX27959947	SRS24326328	SRP569671	PRJNA912210	Prochlorococcus sp. MED1	MED1	PACBIO_SMRT	Sequel	22158887.0	2509.0	WGS	GENOMIC	SINGLE	PacBio HiFi data of Prochlorococcus sp. MED1
SRR19787655	SRX15831696	SRS13522787	SRP383167	PRJNA851853	Salmonella enterica	2010K-0362_ONT	OXFORD_NANOPORE	GridION	976161763.0	312253.0	WGS	GENOMIC	SINGLE	WGS of Salmonella enterica serovar Enteritidis
SRR3723730	SRX1881217	SRS1527875	SRP077388	PRJNA234785	Hydrogenovibrio sp. MA2-6	MA2-6	PACBIO_SMRT	PacBio RS	196950902.0	60470.0	WGS	GENOMIC	SINGLE	Thiomicrospira sp. MA2-6
SRR24848565	SRX20612704	SRS17912474	SRP441459	PRJNA184742	Spiroplasma platyhelix PALS-1	PALS-1	PACBIO_SMRT	PacBio RS II	405653955.0	134281.0	WGS	GENOMIC	SINGLE	WGS of Spiroplasma platyhelix PALS-1 (ATCC 51748)
ERR4763130	ERX4636183	ERS5247935	ERP124695	PRJEB40976	Enterococcus faecalis		OXFORD_NANOPORE	GridION	1339208768.0	73254.0	WGS	GENOMIC	SINGLE	GridION sequencing; Raw reads: 28099_2#370
DRR512858	DRX496744	DRS532339	DRP010765	PRJDB16900	Rahnella aceris		OXFORD_NANOPORE	MinION	34046505.0	3958.0	WGS	GENOMIC	SINGLE	MinION sequencing of SAMD00653954
SRR16506682	SRX12709472	SRS10658931	SRP342428	PRJNA773095	Enterococcus faecalis	VV9	OXFORD_NANOPORE	MinION	163677776.0	72030.0	WGS	GENOMIC	SINGLE	Nanopore reads of VRE isolate
SRR16503842	SRX12706667	SRS10656437	SRP342345	PRJNA771604	Mycobacterium tuberculosis	20-2359	OXFORD_NANOPORE	MinION	940341769.0	682101.0	WGS	GENOMIC	SINGLE	MinION sequencing reads from novel Mycobacterium tuberculosis Complex ecotype related to Mycobacterium caprae
SRR11306710	SRX7911833	SRS6319177	SRP252788	PRJNA588104	Allosaccharopolyspora coralli	E2A	PACBIO_SMRT	Sequel	541358598.0	43224.0	WGS	GENOMIC	SINGLE	The complete genome sequence of Saccharopolyspora sp. E2A
SRR33624394	SRX28852460	SRS24971604	SRP583787	PRJNA1228599	Staphylococcus aureus subsp. aureus USA300	LAC	OXFORD_NANOPORE	MinION	496086120.0	205130.0	WGS	GENOMIC	SINGLE	H202 control 3
SRR35587907	SRX30660553	SRS26534907	SRP620840	PRJNA1329285	Klebsiella pneumoniae	NDM20	OXFORD_NANOPORE	MinION	894177734.0	86701.0	WGS	GENOMIC	SINGLE	Long read sequencing of Klebsiella pneumoniae
ERR10820934	ERX10266534	ERS7761495	ERP109413	PRJEB27342	Klebsiella variicola subsp. variicola		PACBIO_SMRT	Sequel II	16461934553.0	7053878.0	WGS	GENOMIC	SINGLE	Sequel II sequencing
SRR21696471	SRX17694306	SRS11554512	SRP354045	PRJNA747871	Streptomyces caniferus	NBC_01256	OXFORD_NANOPORE	MinION	300808548.0	68778.0	WGS	GENOMIC	SINGLE	nanopore sequencing data from strain NBC_01256
DRR242212	DRX232012	DRS165255	DRP006773	PRJDB10450	Klebsiella pneumoniae	Zam_UTH_30	OXFORD_NANOPORE	MinION	205755117.0	48553.0	WGS	GENOMIC	SINGLE	MinION sequencing of SAMD00243973
SRR35513802	SRX30589562	SRS26617979	SRP620300	PRJNA1328464	Campylobacter coli	GPT20-006	OXFORD_NANOPORE	GridION	94242263.0	51772.0	WGS	GENOMIC	SINGLE	Campylobacter coli, MMM kit, replicate 3, sequence replicate 2
SRR15988992	SRX12277875	SRS9998814	SRP357537	PRJNA801416	Escherichia coli	2797	OXFORD_NANOPORE	GridION	2466390012.0	437543.0	WGS	GENOMIC	SINGLE	Whole Genome Sequencing of Carbapenemase-producing Enterobacterales (CPE)
SRR26413094	SRX22118418	SRS16091055	SRP412517	PRJNA910977	Escherichia coli	P1159	PACBIO_SMRT	Sequel II	581464679.0	46020.0	WGS	GENOMIC	SINGLE	WGS of E. coli
SRR22721368	SRX18682903	SRS16126071	SRP412907	PRJNA904380	Pseudomonas moraviensis	ESBL32	OXFORD_NANOPORE	MinION	42077369.0	4000.0	WGS	GENOMIC	SINGLE	WGS of Pseudomonas moraviensis
DRR097344	DRX090836	DRS244517	DRP008701	PRJDB5841	Helicobacter pylori	PIK29	PACBIO_SMRT	PacBio RS II	2191565502.0	163482.0	WGS	GENOMIC	SINGLE	PacBio RS II sequencing of SAMD00084401
DRR718847	DRX698868	DRS648410	DRP016988	PRJDB20385	Escherichia coli	20AH011	OXFORD_NANOPORE	MinION	538049819.0	77914.0	WGS	GENOMIC	SINGLE	MinION sequencing of SAMD01608460
SRR28777744	SRX24342802	SRS20831677	SRP497546	PRJNA1091452	Staphylococcus aureus	SA63-PS	OXFORD_NANOPORE	MinION	1289960541.0	288529.0	WGS	GENOMIC	SINGLE	ONT performance study sequencing of S. aureus
ERR14314278	ERX13715374	ERS23193093	ERP169026	PRJEB85647	Escherichia coli		OXFORD_NANOPORE	MinION	188311426.0	27547.0	WGS	GENOMIC	SINGLE	E.coli_WGS_14Nov2023
ERR1417246	ERX1488030	ERS1068199	ERP005928	PRJEB6403	Streptococcus gallolyticus	NCTC13773	PACBIO_SMRT	PacBio RS	1859123711.0	163482.0	WGS	GENOMIC	SINGLE	PacBio RS sequencing
SRR32076364	SRX27424816	SRS23852959	SRP559005	PRJNA1191226	Enterococcus faecium	D5	OXFORD_NANOPORE	MinION	794894149.0	177259.0	WGS	GENOMIC	SINGLE	Enterococcus faecium D5
SRR2822440	SRX1385411	SRS1135205	SRP040661	PRJNA231221	Pantoea agglomerans	FDAARGOS_160	PACBIO_SMRT	PacBio RS	1148666703.0	163482.0	WGS	GENOMIC	SINGLE	
SRR26868127	SRX22562691	SRS19570958	SRP472688	PRJNA1041599	Streptomyces	microflavus	OXFORD_NANOPORE	PromethION	3000022728.0	351581.0	WGS	GENOMIC	SINGLE	BGIseg  data of Bombyx mori
ERR1424495	ERX1495077	ERS950472	ERP005928	PRJEB6403	Sphingobacterium thalpophilum	NCTC11429	PACBIO_SMRT	PacBio RS	1592862039.0	163482.0	WGS	GENOMIC	SINGLE	PacBio RS sequencing
SRR7477813	SRX4347297	SRS3507149	SRP071789	PRJNA315192	Escherichia coli	not applicable	OXFORD_NANOPORE	MinION	595456290.0	430911.0	WGS	GENOMIC	SINGLE	WGS of Escherichia coli O157
ERR2246659	ERX2298682	ERS1883833	ERP005928	PRJEB6403	Enterococcus cecorum	NCTC12422	PACBIO_SMRT	PacBio RS	2692336778.0	163482.0	WGS	GENOMIC	SINGLE	PacBio RS sequencing
SRR27678776	SRX23345973	SRS20207211	SRP485167	PRJNA960711	Ureibacillus composti	AQ11	OXFORD_NANOPORE	MinION	359686434.0	91466.0	WGS	GENOMIC	SINGLE	WGS of Ureibacillus composti: strain AQ11
SRR31606420	SRX26971186	SRS23291474	SRP546821	PRJNA1189127	Salmonella enterica	missing	OXFORD_NANOPORE	MinION	32128.0	3.0	WGS	GENOMIC	SINGLE	Salmonella
SRR388537	SRX110934	SRS000865	SRP000263	PRJNA32795	Neisseria gonorrhoeae MS11	MS11	PACBIO_SMRT	PacBio RS	69888169.0	81741.0	WGS	GENOMIC	SINGLE	Whole Genome Sequencing and Assembly
ERR2929709	ERX2932596	ERS2912824	ERP112287	PRJEB29928	Klebsiella variicola	03-311-0071	PACBIO_SMRT	PacBio RS	1526278063.0	163482.0	WGS	GENOMIC	SINGLE	PacBio RS sequencing
ERR10664115	ERX10133299	ERS2785872	ERP104475	PRJEB22771	Streptococcus pneumoniae		PACBIO_SMRT	Sequel II	2594638910.0	405070.0	WGS	GENOMIC	SINGLE	Sequel II sequencing
ERR10498244	ERX10015533	ERS14254499	ERP142629	PRJEB57633	Escherichia coli		OXFORD_NANOPORE	GridION	101838591.0	15892.0	WGS	GENOMIC	SINGLE	Raw reads: ONT_30821_1#76
SRR31131509	SRX26513428	SRS23025983	SRP540434	PRJNA992554	Vibrio alginolyticus	I1B	OXFORD_NANOPORE	GridION	798428557.0	105540.0	WGS	GENOMIC	SINGLE	Raw genome sequencing data (FASTQ) of Vibrio spp. isolates from Anadara tuberculosa
SRR25298673	SRX21042263	SRS18314175	SRP449772	PRJNA977087	Xanthomonas cannabis	DAR82727	OXFORD_NANOPORE	PromethION	527942865.0	54090.0	WGS	GENOMIC	SINGLE	Long read sequencing of Xanthomonas cannabis
SRR35396771	SRX30479484	SRS26512546	SRP620287	PRJNA1328436	Enterobacter kobei	23AR0093	OXFORD_NANOPORE	GridION	704371820.0	43314.0	WGS	GENOMIC	SINGLE	Enterobacter kobei strain 23AR0093
SRR18762316	SRX14861747	SRS12616235	SRP370329	PRJNA821229	Mediterraneibacter gnavus	S107-86	PACBIO_SMRT	Sequel	2260598761.0	570920.0	WGS	GENOMIC	SINGLE	[Ruminococcus] gnavus isolate S107-86
SRR16525372	SRX12728113	SRS10336611	SRP357537	PRJNA801416	Klebsiella pneumoniae	E796	OXFORD_NANOPORE	GridION	776357683.0	298726.0	WGS	GENOMIC	SINGLE	Extensive diversification and dissemination of blaNDM carbapenemase plasmids in Enterobacterales in Singapore 2010-2015
ERR13064442	ERX12434966	ERS17308389	ERP155943	PRJEB71065	Enterococcus lactis		PACBIO_SMRT	Sequel II	311261065.0	27522.0	WGS	GENOMIC	SINGLE	Sequel II sequencing
SRR3114472	SRX1542424	SRS1258970	SRP068804	PRJNA292807	Enterococcus faecium	ISMMS_VRE_11	PACBIO_SMRT	PacBio RS II	288543896.0	163482.0	WGS	GENOMIC	SINGLE	Vancomycin resistant Enterococcus VRE_11
ERR2125630	ERX2182482	ERS1470853	ERP005928	PRJEB6403	Bordetella parapertussis	NCTC5952	PACBIO_SMRT	PacBio RS	1616031605.0	163482.0	WGS	GENOMIC	SINGLE	PacBio RS sequencing
SRR29081095	SRX24605299	SRS21342970	SRP508604	PRJNA1113402	Mycobacterium tuberculosis	H-21-0011	OXFORD_NANOPORE	MinION	127073858.0	154524.0	WGS	GENOMIC	SINGLE	WGS of clinical Mycobacterium tuberculosis isolates from the Philippines
SRR30574387	SRX25997470	SRS22571238	SRP531125	PRJNA1155659	Vibrio parahaemolyticus	VB18PR-0205-1_long	OXFORD_NANOPORE	MinION	695315417.0	285749.0	WGS	GENOMIC	SINGLE	Oxford Nanopore reads of Vibrio
SRR24140007	SRX19938398	SRS17287108	SRP247747	PRJNA604975	Escherichia coli	ox_bsi_296	OXFORD_NANOPORE	GridION	321966998.0	99785.0	WGS	GENOMIC	SINGLE	oxford_bsi
SRR11478878	SRX8055027	SRS6424717	SRP255193	PRJNA615779	Aeromonas media	DSM 4881	OXFORD_NANOPORE	MinION	410280192.0	61992.0	WGS	GENOMIC	SINGLE	Aeromonas media DSM 4881 ONT
DRR538157	DRX521976	DRS397791	DRP011824	PRJDB17661	Firmicutes bacterium i23-0019-B6	i23-0019-B6	PACBIO_SMRT	Sequel	45235060.0	4988.0	WGS	GENOMIC	SINGLE	Sequel single end sequencing of  SAMD00759007
DRR629270	DRX609597	DRS438819	DRP012484	PRJDB19189	Mycobacteroides abscessus subsp. abscessus	GA61924	OXFORD_NANOPORE	MinION	344985613.0	75006.0	WGS	GENOMIC	SINGLE	MinION sequencing of SAMD00833323
SRR12298417	SRX8801650	SRS6792282	SRP266402	PRJNA605147	Citrobacter freundii	RHBSTW-00116	OXFORD_NANOPORE	GridION	1550813941.0	195914.0	WGS	GENOMIC	SINGLE	OXFORD_NANOPORE sequencing of Citrobacter freundii isolate WTP5|T1-00116 cultured from WTP downstream sample
SRR30298755	SRX25759227	SRS22398376	SRP527378	PRJNA1149814	Escherichia coli	HBs30	OXFORD_NANOPORE	GridION	210436226.0	78775.0	WGS	GENOMIC	SINGLE	HBs30_only
ERR10474465	ERX9994808	ERS4418148	ERP120876	PRJEB37551	Escherichia coli		OXFORD_NANOPORE	MinION	1539661981.0	439839.0	WGS	GENOMIC	SINGLE	MinION sequencing
SRR31540927	SRX26907997	SRS23387457	SRP548173	PRJNA1190675	Escherichia coli	The same strain as the one under SRA accession SRR6052934	OXFORD_NANOPORE	MinION	976044529.0	121425.0	WGS	GENOMIC	SINGLE	ONT of TAS215
SRR36276363	SRX31310138	SRS25963008	SRP074197	PRJNA288601	Klebsiella pneumoniae	not applicable	OXFORD_NANOPORE	GridION	3951565075.0	1053718.0	WGS	GENOMIC	SINGLE	Oxford nanopore sequencing of 2025QG-00211
SRR13957771	SRX10335906	SRS8455450	SRP300861	PRJNA663900	Enterococcus sp. DIV0185	DIV0185	OXFORD_NANOPORE	GridION	1995497210.0	292274.0	WGS	GENOMIC	SINGLE	sequencing of enterococcal diversity
ERR2532137	ERX2550566	ERS2016218	ERP005928	PRJEB6403	Providencia rettgeri		PACBIO_SMRT	PacBio RS	1746653746.0	163482.0	WGS	GENOMIC	SINGLE	PacBio RS sequencing
SRR17200546	SRX13380503	SRS11284605	SRP350304	PRJNA786653	Haemophilus influenzae	mpi1117	PACBIO_SMRT	Sequel	1479138330.0	189356.0	WGS	GENOMIC	SINGLE	WGS of Haemophilus influenzae: mpi1117
ERR13600482	ERX12971505	ERS2874463	ERP109316	PRJEB27256	Klebsiella pneumoniae		OXFORD_NANOPORE	GridION	754388905.0	52862.0	WGS	GENOMIC	SINGLE	GridION sequencing
SRR24105540	SRX19905671	SRS17258840	SRP431481	PRJNA846795	Rickettsia rickettsii str. 'Sheila Smith'	Sheila Smith	PACBIO_SMRT	Sequel	1358649839.0	404221.0	WGS	GENOMIC	SINGLE	De novo assembly of Rickettsia rickettsii Sheila Smith RML
ERR15941696	ERX15337241	ERS27418046	ERP171251	PRJEB88111	Escherichia coli	LVK_80	OXFORD_NANOPORE	PromethION	764070707.0	116233.0	WGS	GENOMIC	SINGLE	Raw reads: DTU_2024_1035959_100_SI_LVK_80_SE
ERR3965076	ERX3968419	ERS4359518	ERP120218	PRJEB36951	Escherichia coli		OXFORD_NANOPORE	MinION	485623756.0	34047.0	WGS	GENOMIC	SINGLE	MinION sequencing; Raw reads: SC465
ERR13243092	ERX12613841	ERS15231724	ERP143914	PRJEB58840	Burkholderia contaminans LMG 23361		OXFORD_NANOPORE	MinION	118600505.0	12721.0	WGS	GENOMIC	SINGLE	MinION sequencing
DRR572513	DRX555980	DRS426419	DRP012251	PRJDB17574	Escherichia coli	YK-IS1MA-L02-4_G20	OXFORD_NANOPORE	MinION	20279333.0	1600.0	WGS	GENOMIC	SINGLE	nanopore-seq of SAMD00748236 L02-4_G20
SRR14883155	SRX11200257	SRS9241030	SRP324698	PRJNA736395	Escherichia coli O111:H2	08-3342	PACBIO_SMRT	PacBio RS II	1871384008.0	163482.0	WGS	GENOMIC	SINGLE	Genome sequencing of E. coli O111 serotypes
SRR12934976	SRX9398728	SRS7616811	SRP040661	PRJNA231221	Acinetobacter johnsonii	FDAARGOS_1094	PACBIO_SMRT	PacBio RS	4569587710.0	163482.0	WGS	GENOMIC	SINGLE	
SRR4052252	SRX2041814	SRS1634862	SRP082666	PRJNA195867	Lacrimispora sphenoides JCM 1415	ATCC 19403	PACBIO_SMRT	PacBio RS	11716630.0	4570.0	WGS	GENOMIC	SINGLE	Clostridium sphenoides ATCC 19403
ERR10229238	ERX9764194	ERS6480188	ERP109413	PRJEB27342	Klebsiella pneumoniae		PACBIO_SMRT	Sequel II	3004822788.0	500726.0	WGS	GENOMIC	SINGLE	Sequel II sequencing
SRR29665156	SRX25168880	SRS21858970	SRP517275	PRJNA1130483	Erwinia amylovora	Base1_ONT	OXFORD_NANOPORE	MinION	299633203.0	79086.0	WGS	GENOMIC	SINGLE	Whole genome long read sequencing of  Erwinia amylovora
SRR33415731	SRX28656783	SRS24925573	SRP582886	PRJNA1257444	Acinetobacter baumannii	MC47	OXFORD_NANOPORE	MinION	721032890.0	200817.0	WGS	GENOMIC	SINGLE	Nanopore sequencing of Acinetobacter baumannii:MC47
SRR3723480	SRX1881041	SRS1527762	SRP077350	PRJNA218031	Exiguobacterium sp. NG55	NG55	PACBIO_SMRT	PacBio RS	330294158.0	111766.0	WGS	GENOMIC	SINGLE	Exiguobacterium sp. NG55
ERR2651529	ERX2668019	ERS2054981	ERP005928	PRJEB6403	Yersinia ruckeri		PACBIO_SMRT	PacBio RS	588013133.0	163482.0	WGS	GENOMIC	SINGLE	PacBio RS sequencing
SRR35212458	SRX30316319	SRS26363334	SRP291668	PRJNA675431	Enterococcus faecium	FI588	OXFORD_NANOPORE	PromethION	594056511.0	211204.0	WGS	GENOMIC	SINGLE	WGS of Enterococcus faecium
SRR21696489	SRX17694288	SRS11554357	SRP354045	PRJNA747871	Streptomyces sp. NBC_01201	NBC_01201	OXFORD_NANOPORE	MinION	396880060.0	61172.0	WGS	GENOMIC	SINGLE	nanopore sequencing data from strain NBC_01201
SRR30596875	SRX26019593	SRS22591414	SRP531440	PRJNA1092388	Aeromonas dhakensis	B66231	PACBIO_SMRT	Sequel IIe	288262051.0	35116.0	WGS	GENOMIC	SINGLE	HIFI of Aeromonas dhakensis:190
SRR21131473	SRX17143857	SRS14716493	SRP392938	PRJNA672949	Xylella fastidiosa subsp. fastidiosa	Bakersfield-1	OXFORD_NANOPORE	MinION	703744931.0	134212.0	WGS	GENOMIC	SINGLE	Oxford Nanopore genomic sequencing fastqs DNA of Xylella fastidiosa strain Bakersfield-1
SRR36434893	SRX31459755	SRS27433782	SRP654790	PRJNA1380364	Streptococcus periodonticum	CRC221	PACBIO_SMRT	PacBio RS II	1663968927.0	866543.0	WGS	GENOMIC	SINGLE	Long-read sequencing
SRR15075452	SRX11385490	SRS9430171	SRP040661	PRJNA231221	Enterobacter asburiae	FDAARGOS 1432	PACBIO_SMRT	Sequel II	4330278861.0	396874.0	WGS	GENOMIC	SINGLE	
SRR387087	SRX109943	SRS281278	SRP001087	PRJNA40075	Escherichia coli str. K-12 substr. MG1655	K-12	PACBIO_SMRT	PacBio RS	63060309.0	81741.0	WGS	GENOMIC	SINGLE	Whole Genome Sequencing and Assembly
DRR538200	DRX522019	DRS397834	DRP011824	PRJDB17661	Phocaeicola vulgatus	k24-0099-F2	PACBIO_SMRT	Sequel	1980351721.0	91927.0	WGS	GENOMIC	SINGLE	Sequel single end sequencing of  SAMD00759050
SRR21682066	SRX17680124	SRS15211871	SRP074197	PRJNA288601	Citrobacter freundii	2017-45-106	PACBIO_SMRT	PacBio RS II	1852258390.0	163482.0	WGS	GENOMIC	SINGLE	PacBio sequencing of 2017-45-106
SRR14069006	SRX10443366	SRS8575467	SRP312125	PRJNA714589	Bradyrhizobium barranii subsp. barranii	144S4	PACBIO_SMRT	Sequel	1777988725.0	363680.0	WGS	GENOMIC	SINGLE	Complete genome sequencing of Bradyrhizobium sp. strain 144S4
ERR10420121	ERX9948594	ERS7159964	ERP109413	PRJEB27342	Klebsiella grimontii		PACBIO_SMRT	Sequel II	4432180278.0	710688.0	WGS	GENOMIC	SINGLE	Sequel II sequencing
SRR27860898	SRX23523538	SRS20373829	SRP487941	PRJNA1073000	Lactococcus lactis	P2C1	OXFORD_NANOPORE	PromethION	464225736.0	57935.0	WGS	GENOMIC	SINGLE	WGS of Lactococcus lactis strain P2C1: Probat505 starter culture
SRR21630166	SRX17630842	SRS14987100	SRP354045	PRJNA747871	Streptomyces sp. NBC_00117	NBC_00117	OXFORD_NANOPORE	MinION	587853144.0	80334.0	WGS	GENOMIC	SINGLE	nanopore sequencing data from strain NBC_00117
ERR13600372	ERX12971395	SRS13153940	SRP376797	PRJNA835677	Klebsiella pneumoniae	Kpn148	OXFORD_NANOPORE	GridION	1677920787.0	109632.0	WGS	GENOMIC	SINGLE	GridION sequencing
ERR13363104	ERX12733990	ERS20579623	ERP151254	PRJEB66182	Klebsiella pneumoniae 11227-1		OXFORD_NANOPORE	PromethION	1954779661.0	638246.0	WGS	GENOMIC	SINGLE	PromethION sequencing
SRR22094555	SRX18074563	SRS15579601	SRP405166	PRJNA895408	Xanthomonas phaseoli pv. phaseoli	CFBP 7423	PACBIO_SMRT	Sequel II	645235683.0	73335.0	WGS	GENOMIC	SINGLE	PacBio sequencing of Xanthomonas phaseoli pv. phaseoli strain CFBP 7423 isolated from bean leaves
ERR4910115	ERX4776939	ERS4556736	ERP121699	PRJEB38289	Klebsiella pneumoniae		PACBIO_SMRT	PacBio RS			WGS	GENOMIC	SINGLE	PacBio RS sequencing
SRR13575577	SRX9973674	SRS8145954	SRP303741	PRJNA695586	Streptococcus pyogenes	M4C20	OXFORD_NANOPORE	MinION	2901987.0	4000.0	WGS	GENOMIC	SINGLE	Whole genome sequence of Streptococcus pyogenes strain M4C20
SRR33769172	SRX28991597	SRS22456482	SRP444583	PRJNA962904	Escherichia coli		PACBIO_SMRT	Sequel II	1106297324.0	62746.0	WGS	GENOMIC	SINGLE	PacBio sequencing of AH0546HE2 for ARCH 2
ERR4586364	ERX4520201	ERS5060057	ERP123927	PRJEB40306	Serratia marcescens subsp. marcescens ATCC 13880	ATCC 13880	PACBIO_SMRT	PacBio RS II	2382580208.0	163482.0	WGS	GENOMIC	SINGLE	PacBio RS II sequencing; PacBio SMRT sequencing; Evolution of the bacterium Serratia marcescens under several experimental temperature treatments
SRR28412925	SRX24017329	SRS20812440	SRP256141	PRJNA510384	Escherichia coli	not applicable	OXFORD_NANOPORE	GridION	680768355.0	245156.0	WGS	GENOMIC	SINGLE	EC-Dog-OK74078CY230077
SRR8752518	SRX5543447	SRS4509117	SRP188851	PRJNA523365	Mycobacterium avium complex sp.	JHN_AV_0040_1	OXFORD_NANOPORE	GridION	210695105.0	119230.0	WGS	GENOMIC	SINGLE	Sequencing of non-tuberculosis mycobacteria
SRR12247674	SRX8755493	SRS6976361	SRP266402	PRJNA605147	Escherichia coli	RHB43-SO-C04	OXFORD_NANOPORE	GridION	2162816078.0	331527.0	WGS	GENOMIC	SINGLE	Oxford Nanopore sequencing of Escherichia coli isolate RH17|T1-SOC04 cultured from poultry farm soil sample
SRR36722076	SRX31726417	SRS27695053	SRP660603	PRJNA1398820	Escherichia coli BL21(DE3)	BL21 (DE3)	OXFORD_NANOPORE	MinION	428231695.0	199072.0	WGS	GENOMIC	SINGLE	Whole-genome sequencing of phage-resistant E. coli BL21(DE3)
SRR8303983	SRX5118485	SRS4126807	SRP018785	PRJNA186035	Salmonella enterica subsp. enterica serovar Infantis	CFSAN059940	PACBIO_SMRT	Sequel	778094206.0	113251.0	WGS	GENOMIC	SINGLE	Whole genome PacBio Sequel sequence of Salmonella enterica subsp. enterica serovar Infantis
SRR35754186	SRX30803474	SRS26816191	SRP630759	PRJNA1338348	Streptococcus pneumoniae	01	PACBIO_SMRT	Sequel II	1274893200.0	4249644.0	WGS	GENOMIC	PAIRED	Whole-genome sequencing of Streptococcus pneumoniae NESp01
SRR20138942	SRX16174056	SRS13835860	SRP385218	PRJNA856428	Escherichia coli	Nanopore_W45	OXFORD_NANOPORE	PromethION	1362207714.0	153432.0	WGS	GENOMIC	SINGLE	Nanopore sequncing of Escherichia coli str. K12 substr. MG1655: MA line
SRR5665595	SRX2901216	ERS711175	ERP006536	PRJEB6891	Klebsiella pneumoniae	KSB1_7G	OXFORD_NANOPORE	MinION	1666117920.0	125689.0	WGS	GENOMIC	SINGLE	Whole genome MinION sequencing of Klebsiella pneumoniae
DRR287321	DRX276778	DRS318052	DRP010345	PRJDB10714	Annamia dubia NIES-4383	NIES-4383	OXFORD_NANOPORE	MinION	15894930.0	4000.0	WGS	GENOMIC	SINGLE	Annamia_sp_59
SRR9221506	SRX5991880	SRS4897019	SRP191068	PRJNA528511	Escherichia coli	GTEN_161	OXFORD_NANOPORE	GridION	1148408979.0	233708.0	WGS	GENOMIC	SINGLE	Global TravEpiNet AMR surveillance Genome sequencing and assembly
ERR1641235	ERX1711556	ERS1188823	ERP005928	PRJEB6403	Salmonella enterica	NCTC7388	PACBIO_SMRT	PacBio RS	1327262369.0	163482.0	WGS	GENOMIC	SINGLE	PacBio RS sequencing
SRR26950646	SRX22644559	SRS19641537	SRP474291	PRJNA1043871	Bacillus sp. PBL-C9	PBL-C9	OXFORD_NANOPORE	MinION	23339.0	13.0	WGS	GENOMIC	SINGLE	Bacillus sp. PBL-C9 Genome sequencing and assembly
SRR27337702	SRX23014548	SRS19977754	SRP479923	PRJNA1056466	Vibrio cholerae	KDS1	OXFORD_NANOPORE	MinION	552505973.0	192962.0	WGS	GENOMIC	SINGLE	Nanopore sequencing of KDS1 genomic DNA
SRR5182064	SRX2498172	SRS1925025	SRP096895	PRJNA353873	Mycobacterium tuberculosis		PACBIO_SMRT	PacBio RS	502904466.0	163482.0	WGS	GENOMIC	SINGLE	DNA of Mtb
SRR9020456	SRX5798525	SRS4729753	SRP188851	PRJNA523365	Mycobacteroides abscessus	JHN_AB_0003_1	OXFORD_NANOPORE	GridION	54585516.0	52452.0	WGS	GENOMIC	SINGLE	Sequencing of non-tuberculosis mycobacteria
SRR22784821	SRX18744623	SRS16179766	SRP413484	PRJNA912639	Escherichia coli	EC_E_3862_C11_H_CuN_CeN	OXFORD_NANOPORE	MinION	262817109.0	32000.0	WGS	GENOMIC	SINGLE	WGS of Escherichia coli
SRR32370081	SRX27704589	SRS24099087	SRP564386	PRJNA1224596	Klebsiella pneumoniae	K-163	OXFORD_NANOPORE	MinION	227843707.0	25608.0	WGS	GENOMIC	SINGLE	Long read WGS of Klebsiella pneumoniae: isolate K-163
ERR13600496	ERX12971519	ERS6631013	ERP109316	PRJEB27256	Klebsiella pneumoniae		OXFORD_NANOPORE	GridION	1033633140.0	41015.0	WGS	GENOMIC	SINGLE	GridION sequencing
SRR33210427	SRX28457797	SRS24779177	SRP579658	PRJNA1252136	Escherichia coli	E700241	OXFORD_NANOPORE	MinION	3061382770.0	488867.0	WGS	GENOMIC	SINGLE	WGS of Escherichia coli isolate from sample 700241
SRR18117866	SRX14268368	SRS12087399	SRP361201	PRJNA809755	Klebsiella pneumoniae	not collected	OXFORD_NANOPORE	GridION	661155362.0	119292.0	WGS	GENOMIC	SINGLE	K.pneumoniae CFN_9466
SRR25793434	SRX21515675	SRS1768293	SRP457515	PRJNA1010762	Bacillus cereus	FSL K6-1030	OXFORD_NANOPORE	MinION	1054152028.0	301649.0	WGS	GENOMIC	SINGLE	whole-genome sequencing of Bacillus cereus
ERR1156405	ERX1229931	ERS825167	ERP005928	PRJEB6403	Staphylococcus aureus	NCTC10655	PACBIO_SMRT	PacBio RS	2639530190.0	163482.0	WGS	GENOMIC	SINGLE	PacBio RS sequencing
SRR19357512	SRX15416289	SRS12115257	SRP361569	PRJNA768416	Paenibacillus sp. FSL R5-0623		OXFORD_NANOPORE	MinION	264347381.0	61027.0	WGS	GENOMIC	SINGLE	WGS of Bacilli
SRR30602158	SRX26024779	SRS22596486	SRP497400	PRJNA1090919	Herbiconiux sp.	UC225_62	OXFORD_NANOPORE	MinION	508742071.0	73823.0	WGS	GENOMIC	SINGLE	Whole_genome_62
ERR12448862	ERX11825284	ERS17728805	ERP156572	PRJEB71788	Listeria monocytogenes		OXFORD_NANOPORE	GridION	618848602.0	45367.0	WGS	GENOMIC	SINGLE	Raw reads: ListPred_CP5_2_1
SRR15174960	SRX11482279	SRS9522173	SRP328671	PRJNA746498	Chroococcidiopsis sp. CCMEE 29	CCMEE 029	OXFORD_NANOPORE	PromethION	599374355.0	135457.0	WGS	GENOMIC	SINGLE	DNA-Seq
SRR28370638	SRX23975771	SRS20774117	SRP496022	PRJNA1087001	Staphylococcus aureus	BPH2947	OXFORD_NANOPORE	GridION	689971294.0	162892.0	WGS	GENOMIC	SINGLE	WGS of Staphylococcus aureus isolate
SRR19409818	SRX15464377	SRS13183406	SRP377106	PRJNA842422	Pelagerythrobacter marensis	kcgeb_sd	OXFORD_NANOPORE	MinION	1491530858.0	308118.0	WGS	GENOMIC	SINGLE	Whole genome sequencing of Pelagerythrobacter marensis (strain kcgeb_sd)
ERR13363632	ERX12734518	ERS20581387	ERP161948	PRJEB77560	Escherichia coli		OXFORD_NANOPORE	MinION	852548744.0	112612.0	WGS	GENOMIC	SINGLE	Raw reads: 364_BP0073U-1_ONT
SRR32001229	SRX27354130	SRS23790974	SRP071657	PRJNA312217	Salmonella enterica	JWC-7179	OXFORD_NANOPORE	PromethION	443325769.0	157792.0	WGS	GENOMIC	SINGLE	Hybrid WGS of Salmonella enterica (Long reads)
SRR5165583	SRX2482542	SRS1669517	SRP085713	PRJNA333783	Burkholderia sp. CF145	CF145	PACBIO_SMRT	PacBio RS	359233885.0	68332.0	WGS	GENOMIC	SINGLE	Burkholderia sp. CF145
ERR15660910	ERX15065688	ERS26934207	ERP179947	PRJEB97396	Mycobacterium tuberculosis		OXFORD_NANOPORE	MinION			WGS	GENOMIC	SINGLE	MinION sequencing
SRR31598691	SRX26963795	SRS23433507	SRP549287	PRJNA1185485	Escherichia coli	777	OXFORD_NANOPORE	PromethION	2759948174.0	566786.0	WGS	GENOMIC	SINGLE	W68-barcode86
ERR6414228	ERX6042093	ERS6682837	ERP130837	PRJEB46636	Escherichia coli		PACBIO_SMRT	Sequel	99825587.0	17106.0	WGS	GENOMIC	SINGLE	Sequel sequencing
SRR33977008	SRX29175468	SRS25375785	SRP536063	PRJNA1167355	Mycetohabitans rhizoxinica	B1	OXFORD_NANOPORE	PromethION	1140075379.0	128155.0	WGS	GENOMIC	SINGLE	Nanopore sequence of Mycetohabitans spp.: Mycetohabitans rhizoxinica B1
ERR9030527	ERX8573937	ERS10792206	ERP133548	PRJEB49093	Mycobacterium tuberculosis	Lineage 4.6.2.2	OXFORD_NANOPORE	MinION	661732552.0	92928.0	WGS	GENOMIC	SINGLE	MinION sequencing; Raw reads: mada_120-nanopore
SRR30896078	SRX26299943	SRS22828665	SRP536878	PRJNA1134622	Escherichia coli	OXEC-268	OXFORD_NANOPORE	MinION	211685462.0	52181.0	WGS	GENOMIC	SINGLE	OXEC-268
ERR10769172	ERX10220066	ERS2784608	ERP104475	PRJEB22771	Streptococcus pneumoniae		PACBIO_SMRT	Sequel II	2398427825.0	328053.0	WGS	GENOMIC	SINGLE	Sequel II sequencing
ERR9843296	ERX9389093	ERS2651479	ERP104475	PRJEB22771	Streptococcus pneumoniae		PACBIO_SMRT	Sequel II	5006813941.0	670345.0	WGS	GENOMIC	SINGLE	Sequel II sequencing
ERR14708000	ERX14109434	ERS2564141	ERP109437	PRJEB27363	Escherichia coli		OXFORD_NANOPORE	MinION	1346919348.0	118693.0	WGS	GENOMIC	SINGLE	MinION sequencing
ERR15902788	ERX15298628	ERS27343539	ERP113532	PRJEB31025	Neisseria meningitidis		OXFORD_NANOPORE	GridION	311459555.0	111949.0	WGS	GENOMIC	SINGLE	GridION sequencing
SRR9710055	SRX6467963	SRS5115027	SRP213921	PRJNA553182	Streptomyces olivochromogenes		OXFORD_NANOPORE	MinION	3064027125.0	1424402.0	WGS	GENOMIC	SINGLE	Nanopore reads of strain S1D4-20
ERR15880313	ERX15277266	ERS26933717	ERP180772	PRJEB98371	Listeria monocytogenes		OXFORD_NANOPORE	MinION	22396138.0	2072.0	WGS	GENOMIC	SINGLE	Raw reads: sample_088_nanopore_15
SRR31611447	SRX26976078	SRS23443699	SRP549287	PRJNA1185485	Escherichia coli	435	OXFORD_NANOPORE	PromethION	1366614260.0	268958.0	WGS	GENOMIC	SINGLE	pig-inf-barcode78
SRR9211302	SRX5982193	SRS4334091	SRP184197	PRJNA521119	Staphylococcus pseudintermedius	46_57	OXFORD_NANOPORE	MinION	136291119.0	100513.0	WGS	GENOMIC	SINGLE	MinION Fast5 files of canine bacteremia staphylococcus pseudintermedius isolate
ERR5295532	ERX5085157	ERS5649930	ERP126298	PRJEB42440	Klebsiella pneumoniae		OXFORD_NANOPORE	GridION	1219310087.0	126772.0	WGS	GENOMIC	SINGLE	GridION sequencing
SRR941244	SRX326512	SRS468192	SRP027574	PRJNA63279	Escherichia coli O157:H7 str. F8092B	F8092B	PACBIO_SMRT	PacBio RS	252311897.0	81741.0	WGS	GENOMIC	SINGLE	Escherichia coli O157:H7 F8092B PacBio C2 CLR
ERR10664180	ERX10133364	ERS2651553	ERP104475	PRJEB22771	Streptococcus pneumoniae		PACBIO_SMRT	Sequel II	3581078646.0	483630.0	WGS	GENOMIC	SINGLE	Sequel II sequencing
DRR530169	DRX514042	DRS364613	DRP011177	PRJDB17478	Peptostreptococcus porci	GAI11004	OXFORD_NANOPORE	GridION	2146123815.0	696934.0	WGS	GENOMIC	SINGLE	GridION sequencing of SAMD00736762
SRR17649146	SRX13817385	SRS3556748	SRP072679	PRJNA316969	Escherichia coli	UMB6653	OXFORD_NANOPORE	GridION	28860312.0	12459.0	WGS	GENOMIC	SINGLE	WGS of E. coli UMB6653
SRR5123635	SRX2438627	SRS1873178	SRP095466	PRJNA358289	Bacteroides fragilis	Q1F2	PACBIO_SMRT	PacBio RS II	1489690731.0	163482.0	WGS	GENOMIC	SINGLE	Bacteroides fragilis strain Q1F2, complete genome
SRR10297966	SRX7010749	SRS5531520	SRP226004	PRJNA547984	Pseudomonas sp. THAF187a	THAF187a	OXFORD_NANOPORE	GridION	346923693.0	45723.0	WGS	GENOMIC	SINGLE	ONT SQK-RBK004 library of THAF187a gDNA: R9.4.1 flowcell
SRR32269929	SRX27607104	SRS24016276	SRP562279	PRJNA1220665	Edwardsiella ictaluri	HCF #4 Smooth	OXFORD_NANOPORE	GridION	54951126.0	7763.0	WGS	GENOMIC	SINGLE	DNA-seq of Edwardsiella ictaluri isolates from multiple fish species
SRR23347675	SRX19289358	SRS16690584	SRP421131	PRJNA931653	Escherichia coli K-12	K-12	OXFORD_NANOPORE	GridION	19128232.0	4000.0	WGS	GENOMIC	SINGLE	Nanopore sequencing of Ciprofloxacin challenged E. coli
SRR900465	SRX305561	SRS444703	SRP026023	PRJNA191788	Mycobacteroides abscessus 21	21	PACBIO_SMRT	PacBio RS	493961733.0	81741.0	WGS	GENOMIC	SINGLE	
SRR32385938	SRX27718400	SRS24111748	SRP564717	PRJNA1224760	Pseudomonas aeruginosa	P01	OXFORD_NANOPORE	MinION	343182616.0	81975.0	WGS	GENOMIC	SINGLE	Whole genome sequencing of P.aeruginosa isolate from Aquaculture farm
SRR31875205	SRX27234193	SRS23681052	SRP451765	PRJNA998448	Listeria monocytogenes		OXFORD_NANOPORE	MinION	446069620.0	148042.0	WGS	GENOMIC	SINGLE	WGS of Listeria monocytogenes: mutated WRLP88
SRR27972826	SRX23626339	SRS20465907	SRP489819	PRJNA1076692	Klebsiella pneumoniae	RIVM_C050428_dorado	OXFORD_NANOPORE	MinION	127132094.0	40012.0	WGS	GENOMIC	SINGLE	RIVM_C050428_dorado
SRR12299035	SRX8802178	SRS6792271	SRP266402	PRJNA605147	Escherichia fergusonii	RHB38-C01	OXFORD_NANOPORE	GridION	719953446.0	160462.0	WGS	GENOMIC	SINGLE	OXFORD_NANOPORE sequencing of Escherichia fergusonii isolate RH04|T3-C01 cultured from Pig faeces sample
SRR1161525	SRX463048	SRS551821	SRP036338	PRJNA237250	Xanthomonas oryzae pv. oryzae PXO86	PXO86	PACBIO_SMRT	PacBio RS	238467616.0	163482.0	WGS	GENOMIC	SINGLE	PacBio Sequencing of PXO86
SRR15031872	SRX11343507	SRS9383692	SRP326726	PRJNA737600	Streptomyces sp. GMY02	GMY02	OXFORD_NANOPORE	GridION	9461490.0	4000.0	WGS	GENOMIC	SINGLE	WGS Streptomyces sp. GMY02
SRR14883324	SRX11200405	SRS9255384	SRP325130	PRJNA740046	Chlamydia trachomatis	L2	PACBIO_SMRT	Sequel	2009421481.0	711190.0	WGS	GENOMIC	SINGLE	Sequence analysis of plasmid-transformed C. trachomatis
SRR10541578	SRX7224973	SRS5725797	SRP233406	PRJNA370022	Clostridium beijerinckii	DJ078	PACBIO_SMRT	PacBio RS II	808272736.0	259144.0	WGS	GENOMIC	SINGLE	Clostridium beijerinckii DJ078
ERR11040744	ERX10487992	ERS14796173	ERP145810	PRJEB60752	Escherichia coli		OXFORD_NANOPORE	MinION	800859557.0	1533019.0	WGS	GENOMIC	SINGLE	Raw reads: 38272_S19_[Oxford_Nanopore]
SRR27843426	SRX23506586	SRS20357522	SRP487703	PRJNA1072316	Haemophilus influenzae	P3_EMO	OXFORD_NANOPORE	MinION	135883224.0	36852.0	WGS	GENOMIC	SINGLE	DNA Sequencing of Haemophilus influenzae P3_EMO
SRR27186999	SRX22867189	SRS19841362	SRP477592	PRJNA1051574	Escherichia coli	N1_016	OXFORD_NANOPORE	MinION	1011932194.0	128627.0	WGS	GENOMIC	SINGLE	whole genome sequencing of E. coli isolated from the chicken gut
SRR30896523	SRX26300046	SRS22828768	SRP536878	PRJNA1134622	Escherichia coli	OXEC-335	OXFORD_NANOPORE	MinION	723076072.0	218411.0	WGS	GENOMIC	SINGLE	OXEC-335
ERR3503799	ERX3525013	ERS2629217	ERP023310	PRJEB21081	Klebsiella pneumoniae		PACBIO_SMRT	Sequel	1525219138.0	584790.0	WGS	GENOMIC	SINGLE	Sequel sequencing
ERR1329799	ERX1401419	ERS1003585	ERP005928	PRJEB6403	Sphingobacterium spiritivorum	NCTC11386	PACBIO_SMRT	PacBio RS	2408939266.0	163482.0	WGS	GENOMIC	SINGLE	PacBio RS sequencing
SRR21630352	SRX17630945	SRS14987356	SRP354045	PRJNA747871	Nocardia puris	NBC_00392	OXFORD_NANOPORE	MinION	784826504.0	125657.0	WGS	GENOMIC	SINGLE	nanopore sequencing data from strain NBC_00392
SRR29316548	SRX24833595	SRS21545426	SRP512379	PRJNA1121190	Vibrio cholerae	132Vc09	OXFORD_NANOPORE	PromethION	2693305805.0	504513.0	WGS	GENOMIC	SINGLE	WGS of Vcholerae isolates
SRR10198568	SRX6918719	SRS5449773	SRP051949	PRJNA271899	Escherichia coli	MGH-336	OXFORD_NANOPORE	GridION	1935066164.0	340522.0	WGS	GENOMIC	SINGLE	Sequencing of Carbapenem resistant bacteria
SRR6129955	SRX3242362	SRS2490109	SRP116759	PRJNA400855	Ochrobactrum sp. MYb15	MYb15	PACBIO_SMRT	PacBio RS II	1230439243.0	163482.0	WGS	GENOMIC	SINGLE	WGS of C. elegans microbiome: MYb15, replicate 2
SRR35627247	SRX30683441	SRS26703014	SRP524862	PRJNA851850	Dyella sp. Tek66A03	Tek66A03	OXFORD_NANOPORE	GridION	1732116161.0	304559.0	WGS	GENOMIC	SINGLE	WGS Dyella sp. Tek66A03
SRR31286348	SRX26665343	SRS18216479	SRP074197	PRJNA288601	Pseudomonas aeruginosa		OXFORD_NANOPORE	GridION	966421738.0	352253.0	WGS	GENOMIC	SINGLE	Nanopore sequencing of ARLN isolate
SRR1201757	SRX498594	SRS579605	SRP040481	PRJNA232539	Orientia tsutsugamushi str. UT144		PACBIO_SMRT	PacBio RS	2150003399.0	163482.0	WGS	GENOMIC	SINGLE	
SRR12395446	SRX8893451	SRS7152473	SRP276100	PRJNA650381	Mycobacterium tuberculosis		OXFORD_NANOPORE	MinION	753809347.0	393393.0	WGS	GENOMIC	SINGLE	Nanopore TB WGS
DRR185862	DRX176341	DRS104214	DRP005298	PRJDB4570	Helicobacter suis	SNTW101c	OXFORD_NANOPORE	MinION	44067872.0	11554.0	WGS	GENOMIC	SINGLE	MinION sequencing of SAMD00173587
SRR23086715	SRX19039206	SRS16456470	SRP417605	PRJNA903660	Mycobacterium tuberculosis		OXFORD_NANOPORE	MinION	270325142.0	63105.0	WGS	GENOMIC	SINGLE	WGS of Mycobacterium tuberculosis: isolate
SRR9900623	SRX6652459	SRS5213966	SRP051949	PRJNA271899	Enterobacter cloacae	BIDMC-132A	OXFORD_NANOPORE	GridION	1580584660.0	258631.0	WGS	GENOMIC	SINGLE	Sequencing of Carbapenem resistant bacteria
ERR2528496	ERX2547377	ERS515521	ERP107863	PRJEB25895	Escherichia coli		PACBIO_SMRT	PacBio RS	371126714.0	163482.0	WGS	GENOMIC	SINGLE	PacBio RS sequencing
SRR29384765	SRX24898904	SRS21605160	SRP512887	PRJNA991498	Agrobacterium tumefaciens		PACBIO_SMRT	Sequel II	1511542215.0	128687.0	WGS	GENOMIC	SINGLE	Long-read sequencing of Agrobacterium tumefaciens, Isolate 1 of Microcosm 1 of condition CAtCtMlBa
ERR597265	ERX554228	ERS462978	ERP005928	PRJEB6403	Cedecea neteri	NCTC12120	PACBIO_SMRT	PacBio RS	1283096570.0	163482.0	WGS	GENOMIC	SINGLE	PacBio RS sequencing
SRR14766815	SRX11100213	SRS9165106	SRP323385	PRJNA639797	Pseudomonas peradeniyensis	BW13M1	OXFORD_NANOPORE	MinION	83855861.0	22691.0	WGS	GENOMIC	SINGLE	Nanopore sequencing of isolate BW13M1
SRR36362120	SRX31391169	SRS27376262	SRP653402	PRJNA1377585	Corynebacterium striatum	NCTC 764	OXFORD_NANOPORE	MinION	302848500.0	113377.0	WGS	GENOMIC	SINGLE	Multiplexed WGS of defined gDNA (Corynebacterium striatum): comparison of SFB and SFB+PLP protocol, SFB+PLP used here
SRR8984878	SRX5764140	SRS4698553	SRP040661	PRJNA231221	Yersinia pseudotuberculosis	FDAARGOS_665	PACBIO_SMRT	PacBio RS	1124680309.0	163482.0	WGS	GENOMIC	SINGLE	
SRR387254	SRX110072	SRS281278	SRP001087	PRJNA40075	Escherichia coli str. K-12 substr. MG1655	K-12	PACBIO_SMRT	PacBio RS	112533607.0	81741.0	WGS	GENOMIC	SINGLE	Whole Genome Sequencing and Assembly
SRR16525385	SRX12728100	SRS10337111	SRP357537	PRJNA801416	Escherichia coli	-	OXFORD_NANOPORE	GridION	1125848542.0	122401.0	WGS	GENOMIC	SINGLE	Extensive diversification and dissemination of blaNDM carbapenemase plasmids in Enterobacterales in Singapore 2010-2015
ERR1787531	ERX1851254	ERS1275663	ERP005928	PRJEB6403	Staphylococcus carnosus	NCTC13826	PACBIO_SMRT	PacBio RS	1403063031.0	163482.0	WGS	GENOMIC	SINGLE	PacBio RS sequencing
SRR16249299	SRX12529049	SRS10489305	SRP040661	PRJNA231221	Clostridioides difficile	FDAARGOS_1527	PACBIO_SMRT	Sequel	1069015854.0	169431.0	WGS	GENOMIC	SINGLE	
SRR18887187	SRX14965779	SRS12715889	SRP371697	PRJNA830444	Klebsiella pneumoniae	1	PACBIO_SMRT	PacBio RS II	1019578950.0	120833.0	WGS	GENOMIC	SINGLE	WGS of MRSN546052: Klebsiella pneumoniae
ERR13293921	ERX12664653	ERS18293122	ERP157481	PRJEB72702	Salmonella enterica subsp. enterica serovar Paratyphi A		OXFORD_NANOPORE	MinION	561578564.0	98241.0	WGS	GENOMIC	SINGLE	Raw reads: barcode01
SRR30896444	SRX26299577	SRS22828299	SRP536878	PRJNA1134622	Escherichia coli	OXEC-118	OXFORD_NANOPORE	MinION	578888192.0	154102.0	WGS	GENOMIC	SINGLE	OXEC-118
SRR32216194	SRX27556496	SRS23970407	SRP561337	PRJNA1218789	Streptococcus pyogenes	GAS482	OXFORD_NANOPORE	MinION	349220816.0	70609.0	WGS	GENOMIC	SINGLE	WGS of Streptococcus pyogenes
SRR33557206	SRX28787382	SRS25025927	SRP578314	PRJNA1250189	Pseudomonas aeruginosa		OXFORD_NANOPORE	GridION	1307196083.0	300360.0	WGS	GENOMIC	SINGLE	WGS of Pseudomonas aeruginosa: W23D_Faucet
ERR15941377	ERX15336922	ERS27416693	ERP185476	PRJEB104171	Escherichia coli		OXFORD_NANOPORE	MinION	134094531.0	30688.0	WGS	GENOMIC	SINGLE	MinION sequencing
SRR11248338	SRX7858746	SRS6267827	SRP251777	PRJNA607683	Roseimicrobium sp. ORNL1	ORNL1	PACBIO_SMRT	Sequel	2886638251.0	392263.0	WGS	GENOMIC	SINGLE	Roseimicrobium sp. ORNL1 PacBio
SRR21696258	SRX17694007	SRS11554588	SRP354045	PRJNA747871	Streptomyces sp. NBC_01511	NBC_01511	OXFORD_NANOPORE	MinION	143119629.0	20378.0	WGS	GENOMIC	SINGLE	nanopore sequencing data from strain NBC_01511
SRR6985729	SRX3925592	SRS3159773	SRP133836	PRJNA316321	Klebsiella aerogenes	AR_0431	PACBIO_SMRT	PacBio RS	3087233465.0	163482.0	WGS	GENOMIC	SINGLE	
SRR12298919	SRX8801976	SRS6792320	SRP266402	PRJNA605147	Klebsiella quasipneumoniae	RHBSTW-00268	PACBIO_SMRT	PacBio RS II	1292665151.0	160303.0	WGS	GENOMIC	SINGLE	PACBIO_SMRT sequencing of Klebsiella pneumoniae isolate WTP3|T1-00268 cultured from WTP downstream sample
SRR13449079	SRX9862291	SRS8042175	SRP295672	PRJNA681856	Salmonella enterica subsp. salamae	LHICA_SA3	OXFORD_NANOPORE	MinION	29591952.0	4000.0	WGS	GENOMIC	SINGLE	WGS of Salmonella Lhica SA3_65
SRR32610432	SRX27915752	SRS24273899	SRP568450	PRJNA1228643	Luteibacter sp. E-22	E-22	OXFORD_NANOPORE	GridION	39206900.0	3284.0	WGS	GENOMIC	SINGLE	ONT WGS of Luteibacter E-22
SRR27105544	SRX22794950	SRS19778967	SRP476064	PRJNA949612	Salmonella enterica	salmonella	OXFORD_NANOPORE	MinION	443246765.0	98582.0	WGS	GENOMIC	SINGLE	Sa3248_nanopore
SRR16259834	SRX12539427	SRS10498433	SRP040661	PRJNA231221	Edwardsiella tarda	FDAARGOS_1473	PACBIO_SMRT	Sequel	1618505937.0	178264.0	WGS	GENOMIC	SINGLE	
SRR35903294	SRX30952593	SRS3410085	SRP150360	PRJNA475751	Enterococcus faecium	VRE32560	OXFORD_NANOPORE	MinION	5364.0	11.0	WGS	GENOMIC	SINGLE	WGS Sequencing of E. faecium
SRR10319573	SRX7030493	SRS5550806	SRP226493	PRJNA578680	Streptococcus suis		PACBIO_SMRT	Sequel II	2094873.0	1.0	WGS	GENOMIC	SINGLE	1717_final_assembly
SRR23384655	SRX19323006	SRS16721108	SRP421698	PRJNA924056	Enterobacter hormaechei	CPO081	OXFORD_NANOPORE	MinION	954795166.0	54513.0	WGS	GENOMIC	SINGLE	WGS of bacterial isolate possessing blaIMP-4 carbapenemase
DRR456270	DRX440567	DRS304746	DRP010004	PRJDB15627	Burkholderia pseudomallei	GTC3P0050	OXFORD_NANOPORE	MinION	4902582194.0	688562.0	WGS	GENOMIC	SINGLE	MinION sequencing of SAMD00592125
SRR36095937	SRX31141517	SRS27128481	SRP291668	PRJNA675431	Klebsiella pneumoniae		OXFORD_NANOPORE	PromethION	939276045.0	310853.0	WGS	GENOMIC	SINGLE	WGS of Klebsiella pneumoniae
SRR9722754	SRX6480455	SRS5130519	SRP215816	PRJNA470993	Staphylococcus aureus	pt249	PACBIO_SMRT	PacBio RS II	486978128.0	77658.0	WGS	GENOMIC	SINGLE	WGS of Staphylococcus aureus
SRR21630292	SRX17630926	SRS14987224	SRP354045	PRJNA747871	Streptomyces sp. NBC_00076	NBC_00076	OXFORD_NANOPORE	MinION	379998246.0	55574.0	WGS	GENOMIC	SINGLE	nanopore sequencing data from strain NBC_00076
SRR27972645	SRX23625808	SRS20466045	SRP489819	PRJNA1076692	Citrobacter farmeri	RIVM_C055349_dorado	OXFORD_NANOPORE	MinION	258289822.0	70051.0	WGS	GENOMIC	SINGLE	RIVM_C055349_dorado
SRR21682057	SRX17680133	SRS15211873	SRP074197	PRJNA288601	Citrobacter portucalensis	2017-45-163	PACBIO_SMRT	PacBio RS II	1444039216.0	163482.0	WGS	GENOMIC	SINGLE	PacBio sequencing of 2017-45-163
ERR8007851	ERX7573520	ERS9899372	ERP131998	PRJEB47698	Klebsiella pneumoniae		OXFORD_NANOPORE	MinION	554435306.0	125703.0	WGS	GENOMIC	SINGLE	MinION sequencing
SRR305923	SRX077040	SRS401892	SRP007207	PRJNA68253	Escherichia coli O104:H4 str. C227-11	C227-11	PACBIO_SMRT	PacBio RS	150967285.0	81741.0	WGS	GENOMIC	SINGLE	Whole Genome Sequencing of E. coli isolate C227-11 (Long subread)
DRR572606	DRX556073	DRS426454	DRP012251	PRJDB17574	Escherichia coli	YK-IS1MA-L11-3_G20	OXFORD_NANOPORE	MinION	31624014.0	2482.0	WGS	GENOMIC	SINGLE	nanopore-seq of SAMD00748271 L11-3_G20
SRR35556867	SRX30631193	SRS3409718	SRP150360	PRJNA475751	Escherichia coli	EC00670	OXFORD_NANOPORE	MinION	859976211.0	85194.0	WGS	GENOMIC	SINGLE	WGS Sequencing of Escherichia coli
SRR27972933	SRX23626232	SRS20466095	SRP489819	PRJNA1076692	Klebsiella pneumoniae	RIVM_C051277_dorado	OXFORD_NANOPORE	MinION	277323010.0	67373.0	WGS	GENOMIC	SINGLE	RIVM_C051277_dorado
SRR4235456	SRX2156755	SRS1686709	SRP088723	PRJNA323048	Pseudomonas sihuiensis	KCTC 32246	PACBIO_SMRT	PacBio RS	258960614.0	58111.0	WGS	GENOMIC	SINGLE	Pseudomonas sihuiensis KCTC 32246
DRR707962	DRX687983	DRS603310	DRP016123	PRJDB35593	Bordetella pertussis	2409-036	OXFORD_NANOPORE	MinION	556258757.0	111685.0	WGS	GENOMIC	SINGLE	MinION sequencing of SAMD01593370
ERR14369045	ERX13770443	ERS14467937	ERP143357	PRJEB58304	Salmonella enterica subsp. enterica serovar Enteritidis	VISAVET_ZTA20_00803	OXFORD_NANOPORE	MinION			WGS	GENOMIC	SINGLE	MinION sequencing
ERR10229236	ERX9764192	ERS6480186	ERP109413	PRJEB27342	Klebsiella pneumoniae		PACBIO_SMRT	Sequel II	4708783781.0	729488.0	WGS	GENOMIC	SINGLE	Sequel II sequencing
ERR14031226	ERX13434192	ERS22545276	ERP166762	PRJEB83096	Brucella melitensis		OXFORD_NANOPORE	MinION	584243261.0	141445.0	WGS	GENOMIC	SINGLE	MinION sequencing
SRR30949461	SRX26352023	SRS22817348	SRP536567	PRJNA1165464	Escherichia coli	Not applicable	OXFORD_NANOPORE	MinION	522780637.0	149378.0	WGS	GENOMIC	SINGLE	Nanopore sequencing of E.coli: blood isolate
SRR24918241	SRX20679017	SRS17875827	SRP338930	PRJNA766641	Mycobacterium tuberculosis	IDR 2100096271	OXFORD_NANOPORE	MinION	32244816.0	25025.0	WGS	GENOMIC	SINGLE	MinION sequencing of TB isolates
SRR13575571	SRX9973680	SRS8145954	SRP303741	PRJNA695586	Streptococcus pyogenes	M4C20	OXFORD_NANOPORE	MinION	2925609.0	4000.0	WGS	GENOMIC	SINGLE	Whole genome sequence of Streptococcus pyogenes strain M4C20
SRR385956	SRX109793	SRS001120	SRP000361	PRJNA32935	Enterococcus casseliflavus EC20	899205	PACBIO_SMRT	PacBio RS	56150565.0	81741.0	WGS	GENOMIC	SINGLE	Whole Genome Sequencing and Assembly
SRR14509655	SRX10855391	SRS8951099	SRP319462	PRJNA728709	Escherichia coli	7_29_23A	PACBIO_SMRT	PacBio RS II	2034907002.0	163482.0	WGS	GENOMIC	SINGLE	Genome sequencing of E. coli O26: H11
SRR8739624	SRX5532454	SRS4498677	SRP051949	PRJNA271899	Klebsiella pneumoniae	UCI-CRE-227	OXFORD_NANOPORE	GridION	113007945.0	14477.0	WGS	GENOMIC	SINGLE	Sequencing of Carbapenem resistant bacteria
DRR594376	DRX574923	DRS566202	DRP015300	PRJDB18582	Campylobacter jejuni subsp. jejuni	IFTK87	PACBIO_SMRT	Sequel II	1679982546.0	198831.0	WGS	GENOMIC	SINGLE	Sequel II sequencing of SAMD00817473
ERR1210801	ERX1283043	ERS879586	ERP005928	PRJEB6403	Escherichia coli	NCTC4168	PACBIO_SMRT	PacBio RS	961575706.0	163482.0	WGS	GENOMIC	SINGLE	PacBio RS sequencing
SRR21416058	SRX17420430	SRS13526143	SRP361569	PRJNA768416	Bacillus sp. FSL M8-0326	FSL M8-0326	OXFORD_NANOPORE	MinION	763427827.0	186921.0	WGS	GENOMIC	SINGLE	WGS of Bacilli
SRR12298445	SRX8801622	SRS6791996	SRP266402	PRJNA605147	Klebsiella pneumoniae	RHBSTW-00066	OXFORD_NANOPORE	GridION	899131790.0	144826.0	WGS	GENOMIC	SINGLE	OXFORD_NANOPORE sequencing of Klebsiella pneumoniae isolate WTP5|T1-00066 cultured from WTP influent sample
SRR33968423	SRX29167173	SRS25367670	SRP591870	PRJNA1276484	Mycobacteroides abscessus		OXFORD_NANOPORE	MinION	2402564509.0	468989.0	WGS	GENOMIC	SINGLE	CW29502
ERR15402427	ERX14806068	ERS25299883	ERP176862	PRJEB93985	Cytobacillus oceanisediminis		PACBIO_SMRT	Sequel II	1395628102.0	307675.0	WGS	GENOMIC	SINGLE	Sequel II sequencing
SRR9855329	SRX6609351	SRS5173587	SRP065910	PRJNA300270	Acinetobacter baumannii	CFSAN093707	PACBIO_SMRT	Sequel	35529570.0	4837.0	WGS	GENOMIC	SINGLE	Whole genome PacBio Sequel sequence of Acinetobacter baumannii
SRR31599552	SRX26964130	SRS23433845	SRP549287	PRJNA1185485	Escherichia coli	42	OXFORD_NANOPORE	PromethION	2772857723.0	459904.0	WGS	GENOMIC	SINGLE	2ndManhole-barcode43
SRR18547402	SRX14677183	SRS12441333	SRP366739	PRJNA623876	Staphylococcus aureus	NGA84b	OXFORD_NANOPORE	MinION	462463541.0	107049.0	WGS	GENOMIC	SINGLE	NGA84b-WGS
ERR14225732	ERX13626008	ERS18294156	ERP156237	PRJEB71438	Streptomyces lavendulae subsp. lavendulae		OXFORD_NANOPORE	MinION			WGS	GENOMIC	SINGLE	MinION sequencing
ERR906329	ERX985617	ERS666357	ERP005928	PRJEB6403	Pseudomonas aeruginosa	NCTC13628	PACBIO_SMRT	PacBio RS	625520086.0	163482.0	WGS	GENOMIC	SINGLE	PacBio RS sequencing
SRR32250960	SRX27588901	SRS20831719	SRP497546	PRJNA1091452	Klebsiella pneumoniae	KP05-PS	OXFORD_NANOPORE	MinION	1032695496.0	151397.0	WGS	GENOMIC	SINGLE	native ONT data from Klebsiella pneumoniae
SRR11867886	SRX8418102	SRS6729730	SRP265117	PRJNA635644	Escherichia coli	O8:H9/H55/H17	OXFORD_NANOPORE	MinION	356802108.0	54697.0	WGS	GENOMIC	SINGLE	Nanopore WGS of Malawi ExPEC 3
SRR28740739	SRX24306628	SRS21069402	SRP502714	PRJNA1090129	Staphylococcus aureus	sa220322_barcode15	OXFORD_NANOPORE	MinION	118104816.0	174911.0	WGS	GENOMIC	SINGLE	Staphylococcus aureus strain sa220322_barcode15
SRR6239841	SRX3347216	SRS2647107	SRP123214	PRJNA371182	Caldicellulosiruptor bescii	RKCB125	PACBIO_SMRT	PacBio RS II	294917122.0	83796.0	WGS	GENOMIC	SINGLE	Caldicellulosiruptor bescii RKCB125
SRR35224302	SRX30327936	SRS26372310	SRP616549	PRJNA1314197	Mycobacterium tuberculosis	not applicable	OXFORD_NANOPORE	PromethION	620917951.0	112714.0	WGS	GENOMIC	SINGLE	Adaptive sampling of M. tb DNA mixture (5% Resistant), Rep 3
SRR23384634	SRX19323027	SRS16721100	SRP421698	PRJNA924056	Serratia nevei	CPO139	OXFORD_NANOPORE	MinION	69031855.0	4427.0	WGS	GENOMIC	SINGLE	WGS of bacterial isolate possessing blaIMP-4 carbapenemase
SRR21696569	SRX17694211	SRS11554333	SRP354045	PRJNA747871	Streptomyces albidoflavus	NBC_01170	OXFORD_NANOPORE	MinION	393910327.0	42001.0	WGS	GENOMIC	SINGLE	nanopore sequencing data from strain NBC_01170
DRR572260	DRX555727	DRS426358	DRP012251	PRJDB17574	Escherichia coli	YK-IS1MA-L01_Anc	OXFORD_NANOPORE	MinION	94035588.0	8388.0	WGS	GENOMIC	SINGLE	nanopore-seq of SAMD00748174 L01_Anc
SRR34410523	SRX29574035	SRS16721197	SRP598841	PRJNA1287288	Enterobacter hormaechei	CPO285	OXFORD_NANOPORE	MinION	674943096.0	56670.0	WGS	GENOMIC	SINGLE	R10.4.1 WGS of bacterial isolate for accuracy benchmarking
SRR29316541	SRX24833602	SRS21545433	SRP512379	PRJNA1121190	Vibrio cholerae	144Vc06	OXFORD_NANOPORE	PromethION	164042535.0	21373.0	WGS	GENOMIC	SINGLE	WGS of Vcholerae isolates
ERR3261642	ERX3288360	ERS2278921	ERP019480	PRJEB17615	Klebsiella pneumoniae		PACBIO_SMRT	PacBio RS	781333317.0	163482.0	WGS	GENOMIC	SINGLE	PacBio RS sequencing
DRR534750	DRX518570	DRS403518	DRP011977	PRJDB17629	Paenibacillus melissococcoides	J22TS4	OXFORD_NANOPORE	MinION	751387239.0	125225.0	WGS	GENOMIC	SINGLE	MinION sequencing of SAMD00751202
SRR29820021	SRX25318930	SRS21988539	SRP519730	PRJNA1135485	Salmonella		OXFORD_NANOPORE	MinION	470288760.0	80679.0	WGS	GENOMIC	SINGLE	WGS Salmonella isolates from cattle
SRR36722084	SRX31726409	SRS27695045	SRP660603	PRJNA1398820	Escherichia coli BL21(DE3)	BL21 (DE3)	OXFORD_NANOPORE	MinION	129518995.0	81113.0	WGS	GENOMIC	SINGLE	Whole-genome sequencing of phage-resistant E. coli BL21(DE3)
SRR3756849	SRX1905935	SRS1546720	SRP078108	PRJNA239493	Enterococcus gallinarum	SKF1	PACBIO_SMRT	PacBio RS	215962333.0	136328.0	WGS	GENOMIC	SINGLE	Enterococcus gallinarum SKF1
SRR35338068	SRX30438584	SRS26473624	SRP619066	PRJNA1327256	Legionella pneumophila	L11	OXFORD_NANOPORE	GridION	806352605.0	120372.0	WGS	GENOMIC	SINGLE	Whole genome sequencing of Legionella pneumophila isolate L11
ERR13194280	ERX12565145	ERS20185792	ERP160059	PRJEB75483	Variovorax sp. LjRoot178		OXFORD_NANOPORE	MinION	139350616.0	19011.0	WGS	GENOMIC	SINGLE	MinION sequencing
SRR386714	SRX109810	SRS004883	SRP001079	PRJNA40077	Cereibacter sphaeroides 2.4.1	2.4.1	PACBIO_SMRT	PacBio RS	60290314.0	81741.0	WGS	GENOMIC	SINGLE	Whole Genome Sequencing and Assembly
SRR8292587	SRX5107145	SRS622107	SRP018785	PRJNA186035	Salmonella enterica subsp. enterica serovar Anatum	CFSAN003959	PACBIO_SMRT	PacBio RS II	1361847933.0	163482.0	WGS	GENOMIC	SINGLE	PacBio SMRTbell library protocol library CFSAN003959 B01_1
SRR7508541	SRX4378955	SRS3535346	SRP153035	PRJNA433211	Pseudomonas sp. R3-18-08	R3-18-08	PACBIO_SMRT	PacBio RS II	1777116910.0	163482.0	WGS	GENOMIC	SINGLE	Whole genome sequence of Pseudomonas aridus R3-18-08
SRR10211254	SRX6930990	SRS5461285	SRP191068	PRJNA528511	Escherichia coli	GTEN_344	OXFORD_NANOPORE	GridION	2034266558.0	1075372.0	WGS	GENOMIC	SINGLE	Global TravEpiNet AMR surveillance Genome sequencing and assembly
ERR12049774	ERX11432952	ERS16377467	ERP149821	PRJEB64629	Psychrobacter sp.		OXFORD_NANOPORE	PromethION	1842232370.0	292201.0	WGS	GENOMIC	SINGLE	Psychrobacter sp._oxford_nanopore_ONT
ERR14686285	ERX14087804	ERS23773424	ERP169826	PRJEB86481	Escherichia coli str. K-12 substr. MG1655	K-12	OXFORD_NANOPORE	MinION	232569459.0	87737.0	WGS	GENOMIC	SINGLE	MinION sequencing
SRR35298695	SRX30400756	SRS26437370	SRP618279	PRJNA1315179	Salmonella enterica subsp. enterica	Typhi	OXFORD_NANOPORE	MinION	222634.0	57.0	WGS	GENOMIC	SINGLE	MinION sequencing of Salmonella Typhi
ERR14129337	ERX13532003	ERS13618312	ERP141886	PRJEB56918	Klebsiella pneumoniae		OXFORD_NANOPORE	GridION	1039347307.0	163123.0	WGS	GENOMIC	SINGLE	Raw reads: 1000577
SRR7790161	SRX4645017	SRS3743071	SRP159683	PRJNA487603	Acinetobacter baumannii	UPAB1	PACBIO_SMRT	PacBio RS II	14012054.0	1602.0	WGS	GENOMIC	SINGLE	Acinetobacter baumannii strain UPAB1
SRR386250	SRX109861	SRS002764	SRP001666	PRJNA32461	Coprobacillus cateniformis	D6	PACBIO_SMRT	PacBio RS	59639923.0	81741.0	WGS	GENOMIC	SINGLE	Whole Genome Sequencing and Assembly
SRR21696526	SRX17694254	SRS14987054	SRP354045	PRJNA747871	Streptomyces atratus	NBC 01545	OXFORD_NANOPORE	MinION	612613428.0	53661.0	WGS	GENOMIC	SINGLE	nanopore sequencing data from strain NBC_01545
SRR30949845	SRX26352243	SRS22817233	SRP536567	PRJNA1165464	Escherichia coli	Not applicable	OXFORD_NANOPORE	MinION	742643963.0	106420.0	WGS	GENOMIC	SINGLE	Nanopore sequencing of E.coli: blood isolate
SRR30944905	SRX26347499	SRS22853395	SRP537443	PRJNA1170947	Klebsiella michiganensis	K5-3	OXFORD_NANOPORE	MinION	2500001445.0	130526.0	WGS	GENOMIC	SINGLE	Whole Genome Sequencing of CAV7622: Sink-3PS
SRR21696349	SRX17693916	SRS11554376	SRP354045	PRJNA747871	Streptomyces sp. NBC_01438	NBC_01438	OXFORD_NANOPORE	MinION	772687630.0	111689.0	WGS	GENOMIC	SINGLE	nanopore sequencing data from strain NBC_01438
SRR21669490	SRX17667828	SRS15200046	SRP398575	PRJNA768782	Metapseudomonas lalkuanensis	ACYW.190	OXFORD_NANOPORE	MinION	933938356.0	105990.0	WGS	GENOMIC	SINGLE	Nanopore MinION of  SAMN22062943
SRR10140035	SRX6867976	SRS5405409	SRP222367	PRJNA482667	Staphylococcus chromogenes	17A	PACBIO_SMRT	PacBio RS II	684293487.0	91522.0	WGS	GENOMIC	SINGLE	DNA-Seq of S. chromogenes: Buffalo milk
SRR11558428	SRX8128138	SRS6492116	SRP255655	PRJNA622823	Paracoccus sanguinis	OM2164	PACBIO_SMRT	PacBio RS II	2981904296.0	163482.0	WGS	GENOMIC	SINGLE	SMRTPspOMnew
ERR15941408	ERX15336953	ERS27416724	ERP185476	PRJEB104171	Escherichia coli		OXFORD_NANOPORE	MinION	278280919.0	70264.0	WGS	GENOMIC	SINGLE	MinION sequencing
SRR13276011	SRX9705838	SRS7901367	SRP298559	PRJNA686495	Enterobacter hormaechei	Wu-15	PACBIO_SMRT	Sequel	8129158933.0	1016852.0	WGS	GENOMIC	SINGLE	Genome sequence of E.hormaechei
SRR18681603	SRX14782894	SRS12539546	SRP368114	PRJNA824420	Escherichia coli	GD02984_ECOL_HY_102	OXFORD_NANOPORE	MinION	442684600.0	57513.0	WGS	GENOMIC	SINGLE	Long-read sequencing of Escherichia coli: isolate #102 urine
SRR12811541	SRX9280180	SRS7508085	SRP287122	PRJNA667445	Klebsiella pneumoniae	S25_CRE25	PACBIO_SMRT	Sequel	358134237.0	56232.0	WGS	GENOMIC	SINGLE	Genome sequencing of carbapenem-resistant Enterobacteriaceae
ERR10497801	ERX10015090	ERS14254801	ERP142629	PRJEB57633	Escherichia coli		OXFORD_NANOPORE	GridION	35627434.0	5701.0	WGS	GENOMIC	SINGLE	Raw reads: ONT_30224_1#238
SRR12280344	SRX8784371	SRS7053106	SRP272861	PRJNA646575	Bacteroides fragilis		OXFORD_NANOPORE	GridION	1014005327.0	108673.0	WGS	GENOMIC	SINGLE	WGS  of Bacteroides fragilis group clinical isolates
SRR3030398	SRX1490249	SRS1211984	SRP067520	PRJNA306257	Lactiplantibacillus plantarum	DF	PACBIO_SMRT	PacBio RS	3697306.0	4.0	WGS	GENOMIC	PAIRED	genome seq of Lactobacillus plantarum DF
SRR22784881	SRX18744563	SRS16179738	SRP413484	PRJNA912639	Escherichia coli	EC_E9DN_1_E_CuN_CeN	OXFORD_NANOPORE	MinION	328992422.0	26780.0	WGS	GENOMIC	SINGLE	WGS of Escherichia coli
SRR12298841	SRX8801736	SRS6792683	SRP266402	PRJNA605147	Escherichia coli	RHB25-C13	OXFORD_NANOPORE	GridION	1410271743.0	202455.0	WGS	GENOMIC	SINGLE	OXFORD_NANOPORE sequencing of Escherichia coli isolate RH08|T2-C13 cultured from Cattle faeces sample
SRR13957682	SRX10335995	SRS8455539	SRP300861	PRJNA663900	Enterococcus sp. DIV2386	DIV2386	OXFORD_NANOPORE	GridION	2061984343.0	312373.0	WGS	GENOMIC	SINGLE	sequencing of enterococcal diversity
ERR15077686	ERX14482325	ERS24753400	ERP172924	PRJEB89896	Klebsiella pneumoniae		PACBIO_SMRT	Sequel II	1101024470.0	58060.0	WGS	GENOMIC	SINGLE	Sequel II sequencing
DRR572673	DRX556140	DRS426455	DRP012251	PRJDB17574	Escherichia coli	YK-IS1MA-L11-4_G20	OXFORD_NANOPORE	MinION	45088155.0	2957.0	WGS	GENOMIC	SINGLE	nanopore-seq of SAMD00748272 L11-4_G20
SRR28553092	SRX24152714	SRS20934174	SRP499691	PRJNA1009252	Microbacterium sp. LWH3-1.2	LWH3-1.2	PACBIO_SMRT	Sequel IIe	29007842.0	2761.0	WGS	GENOMIC	SINGLE	Sequencing of LWH3
SRR6078568	SRX3218008	SRS2542913	SRP118927	PRJNA400335	Klebsiella pneumoniae subsp. pneumoniae	KpvK54	OXFORD_NANOPORE	MinION	4176296833.0	363659.0	WGS	GENOMIC	SINGLE	DNA sequence of Klebsiella pneumoniae isolate KpvK54
ERR11148029	ERX10595433	ERS7652065	ERP132109	PRJEB47806	Staphylococcus aureus		PACBIO_SMRT	Sequel	1443654299.0	148832.0	WGS	GENOMIC	SINGLE	Sequel IIe sequencing
SRR32409474	SRX27739894	SRS24128775	SRP565160	PRJNA1225906	Salmonella enterica		OXFORD_NANOPORE	GridION	931490453.0	121333.0	WGS	GENOMIC	SINGLE	WGS of Salmonella enterica isolate
SRR13386080	SRX9805349	SRS7989424	SRP300861	PRJNA663900	Enterococcus sp. AZ177	AZ177	OXFORD_NANOPORE	GridION	497791987.0	234604.0	WGS	GENOMIC	SINGLE	Zoo 3 Enterococcus Diversity Genome sequencing and assembly
SRR386197	SRX109866	SRS002782	SRP001679	PRJNA32483	Fusobacterium animalis 7_1	7_1	PACBIO_SMRT	PacBio RS	54797566.0	81741.0	WGS	GENOMIC	SINGLE	Whole Genome Sequencing and Assembly
SRR20045295	SRX16083771	SRS13749840	SRP385451	PRJNA675960	Campylobacter fetus subsp. venerealis	CFV957	OXFORD_NANOPORE	MinION	3025500868.0	206334.0	WGS	GENOMIC	SINGLE	nanopore-CFVv957
SRR13269093	SRX9699364	SRS7895444	SRP272861	PRJNA646575	Bacteroides fragilis		OXFORD_NANOPORE	GridION	467171105.0	98333.0	WGS	GENOMIC	SINGLE	WGS  of Bacteroides fragilis group clinical isolates
ERR10499575	ERX10016857	ERS14256858			Escherichia coli		OXFORD_NANOPORE	GridION	399149780.0	31739.0	WGS	GENOMIC	SINGLE	GridION sequencing; Raw reads: ONT_30348_1#57
ERR13802595	ERX13203347	ERS21186470	ERP164461	PRJEB80477	Enterobacter cloacae		OXFORD_NANOPORE	MinION	370680373.0	112161.0	WGS	GENOMIC	SINGLE	MinION sequencing
SRR21563492	SRX17565681	SRS14987575	SRP354045	PRJNA747871	Streptosporangium sp. NBC_01810	NBC_01810	OXFORD_NANOPORE	MinION	324573204.0	29445.0	WGS	GENOMIC	SINGLE	nanopore sequencing data from strain NBC_01810
ERR10769161	ERX10220055	ERS2785699	ERP104475	PRJEB22771	Streptococcus pneumoniae		PACBIO_SMRT	Sequel II	2358196757.0	336035.0	WGS	GENOMIC	SINGLE	Sequel II sequencing
DRR680699	DRX660794	DRS483516	DRP013479	PRJDB20529	Mycoplasmopsis bovis	MW01_10_M11	OXFORD_NANOPORE	MinION	799252280.0	428181.0	WGS	GENOMIC	SINGLE	MinION sequencing of SAMD00900373
DRR328560	DRX317564	DRS210787	DRP007748	PRJDB12075	Klebsiella pneumoniae	N60	OXFORD_NANOPORE	GridION	169469445.0	34228.0	WGS	GENOMIC	SINGLE	GridION sequencing of SAMD00399398
SRR30085189	SRX25558654	SRS22210762	SRP523632	PRJNA1142676	Klebsiella variicola	kv220823_barcode76	OXFORD_NANOPORE	MinION	158554910.0	47502.0	WGS	GENOMIC	SINGLE	Klebsiella variicola strain kv220823_barcode76
DRR723601	DRX703622	DRS495745	DRP013760	PRJDB20694	Brachybacterium zhongshanense	JCM 15471	PACBIO_SMRT	Revio	66068609.0	5149.0	WGS	GENOMIC	SINGLE	Revio sequencing of SAMD01611127
SRR28445672	SRX24049229	SRS20840578	SRP497734	PRJNA1077798	Alteromonas gracilis	J4	OXFORD_NANOPORE	MinION	2733432.0	1000.0	WGS	GENOMIC	SINGLE	Alteromonas gracilis strain J4, whole genome Nanopore Sequencing
SRR9722611	SRX6480157	SRS5130263	SRP215816	PRJNA470993	Staphylococcus aureus	ER02262.3	PACBIO_SMRT	PacBio RS II	864743229.0	135636.0	WGS	GENOMIC	SINGLE	WGS of Staphylococcus aureus
ERR14320708	ERX13721804	ERS23193162	ERP169026	PRJEB85647	Escherichia coli		OXFORD_NANOPORE	MinION	87538443.0	17121.0	WGS	GENOMIC	SINGLE	E_coli_27June24
SRR8924505	SRX5705665	SRS4645103	SRP192888	PRJNA532547	Mycobacterium avium subsp. hominissuis	101115	OXFORD_NANOPORE	MinION	550461933.0	259611.0	WGS	GENOMIC	SINGLE	ONT sequencing of MAH: clinical sputum sample
DRR571131	DRX554598	DRS426723	DRP012254	PRJDB18129	Escherichia coli	P13	OXFORD_NANOPORE	GridION	2472975496.0	241288.0	WGS	GENOMIC	SINGLE	GridION sequencing of SAMD00790819
ERR5191787	ERX4996632	ERS4842928	ERP122590	PRJEB39112	Klebsiella pneumoniae		OXFORD_NANOPORE	MinION	398236101.0	56427.0	WGS	GENOMIC	SINGLE	MinION sequencing
SRR12247583	SRX8755584	SRS6976452	SRP266402	PRJNA605147	Escherichia coli	RHB05-SO-C07	OXFORD_NANOPORE	GridION	1986603695.0	450059.0	WGS	GENOMIC	SINGLE	Oxford Nanopore sequencing of Escherichia coli isolate RH12|T1-SOC07 cultured from sheep farm soil sample
SRR10502061	SRX7191089	SRS5697097	SRP230757	PRJNA347101	Actinoplanes digitatis	DSM 43149	PACBIO_SMRT	Sequel	2288680944.0	684288.0	WGS	GENOMIC	SINGLE	Actinoplanes digitatis DSM 43149
ERR987693	ERX1068951	ERS745826	ERP010683	PRJEB9562	Salmonella sp.		PACBIO_SMRT	PacBio RS	2146362643.0	163482.0	WGS	GENOMIC	SINGLE	PacBio RS sequencing
SRR3441709	SRX1727948	SRS1324862	SRP050002	PRJNA266616	Bordetella pertussis		PACBIO_SMRT	PacBio RS II	817131693.0	163482.0	WGS	GENOMIC	SINGLE	
ERR2797068	ERX2806087	ERS2735130	ERP110894	PRJEB28660	Klebsiella pneumoniae		OXFORD_NANOPORE	MinION	192403370.0	23021.0	WGS	GENOMIC	SINGLE	MinION sequencing
SRR24001241	SRX19804761	SRS17166616	SRP429910	PRJNA909850	human blood metagenome	-	OXFORD_NANOPORE	GridION	848441834.0	188057.0	WGS	GENOMIC	SINGLE	DNA isolation from P. aeruginosa using Roche
SRR2003571	SRX1014697	SRS926333	SRP029016	PRJNA78433	Salmonella enterica subsp. enterica serovar Agona str. 460004 2-1	460004 2-1	PACBIO_SMRT	PacBio RS II	807437489.0	163482.0	WGS	GENOMIC	SINGLE	Whole genome shotgun sequencing of Salmonella enterica subsp. enterica serovar Agona str. 460004 2-1 by Pacific Biosciences SMRT
SRR21465445	SRX17469304	SRS15022623	SRP395888	PRJNA812595	Achromobacter xylosoxidans	2021CK-01139	OXFORD_NANOPORE	MinION	2779609374.0	287528.0	WGS	GENOMIC	SINGLE	Pathogen: clinical or host-associated sample
ERR15660865	ERX15065643	ERS26934162	ERP179947	PRJEB97396	Mycobacterium tuberculosis		OXFORD_NANOPORE	MinION			WGS	GENOMIC	SINGLE	MinION sequencing
ERR1351120	ERX1422644	ERS1031235	ERP005928	PRJEB6403	Ectopseudomonas mendocina	NCTC10898	PACBIO_SMRT	PacBio RS	2228110501.0	163482.0	WGS	GENOMIC	SINGLE	PacBio RS sequencing
SRR26135342	SRX21848638	SRS18945896	SRP462494	PRJNA1019784	Shigella sonnei	3.6.1.1.2	OXFORD_NANOPORE	GridION	281437488.0	200516.0	WGS	GENOMIC	SINGLE	WGS of Shigella in Vancouver, 2021-23
ERR8958852	ERX8503882	ERS10771007	ERP135763	PRJEB51164	Staphylococcus aureus		OXFORD_NANOPORE	GridION	725665757.0	40194.0	WGS	GENOMIC	SINGLE	GridION sequencing; Raw reads: MRSA_r9
SRR9722635	SRX6480133	SRS5130239	SRP215816	PRJNA470993	Staphylococcus aureus	ER04242.3	PACBIO_SMRT	PacBio RS II	1173098585.0	165663.0	WGS	GENOMIC	SINGLE	WGS of Staphylococcus aureus
SRR387215	SRX109918	SRS281278	SRP001087	PRJNA40075	Escherichia coli str. K-12 substr. MG1655	K-12	PACBIO_SMRT	PacBio RS	122714401.0	81741.0	WGS	GENOMIC	SINGLE	Whole Genome Sequencing and Assembly
SRR35213471	SRX30317252	SRS26364187	SRP615992	PRJNA1301220	Acinetobacter baumannii	ABO22-A119	OXFORD_NANOPORE	MinION	303128591.0	41538.0	WGS	GENOMIC	SINGLE	Whole geneme sequencing of Acinetobacter baumannii: isolates of the Ab-One study
SRR32614265	SRX27919598	SRS20203121	SRP072679	PRJNA316969	Streptococcus anginosus	UMB6372	OXFORD_NANOPORE	GridION	1055427182.0	233170.0	WGS	GENOMIC	SINGLE	Nanopore WGS of S. anginosus UMB6372
SRR35071070	SRX30184951	SRS26244959	SRP610420	PRJNA1308807	Escherichia coli	Ec_073	OXFORD_NANOPORE	MinION	869020084.0	226666.0	WGS	GENOMIC	SINGLE	Oxford Nanopore sequences of an isolated E. coli strain from wastewater
SRR22784652	SRX18744792	SRS16179841	SRP413484	PRJNA912639	Escherichia coli	EC_D_9226_2S1_D_CuP_CeP	OXFORD_NANOPORE	MinION	920843755.0	172867.0	WGS	GENOMIC	SINGLE	WGS of Escherichia coli
ERR14294168	ERX13695266	ERS23161497	ERP163718	PRJEB79567	Salmonella enterica subsp. enterica serovar Enteritidis		OXFORD_NANOPORE	PromethION	460031711.0	199409.0	WGS	GENOMIC	SINGLE	Raw reads: SE243_L
SRR33768418	SRX28991058	SRS22456507	SRP444583	PRJNA962904	Escherichia coli		PACBIO_SMRT	Sequel II	673724539.0	44006.0	WGS	GENOMIC	SINGLE	PacBio sequencing of AH0629HE2 for ARCH 2
SRR8848335	SRX5636027	SRS4581785	SRP190853	PRJNA519681	Bacillus sp. 2082	2082	PACBIO_SMRT	Sequel	938960111.0	279142.0	WGS	GENOMIC	SINGLE	Bacillus sp. 2082
SRR34364321	SRX29529106	SRS25661778	SRP598211	PRJNA1285964	Stenotrophomonas maltophilia	minION	OXFORD_NANOPORE	MinION	201855338.0	218551.0	WGS	GENOMIC	SINGLE	DNA_seq_S_maltophilia_minION
ERR2246680	ERX2298703	ERS1906619	ERP005928	PRJEB6403	Clostridium novyi	NCTC13108	PACBIO_SMRT	PacBio RS	1391389675.0	163482.0	WGS	GENOMIC	SINGLE	PacBio RS sequencing
SRR5878891	SRX3046122	SRS2393347	SRP040661	PRJNA231221	Micrococcus luteus	FDAARGOS_406	PACBIO_SMRT	PacBio RS	786661784.0	163482.0	WGS	GENOMIC	SINGLE	
SRR386893	SRX109891	SRS281278	SRP001087	PRJNA40075	Escherichia coli str. K-12 substr. MG1655	K-12	PACBIO_SMRT	PacBio RS	36136665.0	81741.0	WGS	GENOMIC	SINGLE	Whole Genome Sequencing and Assembly
DRR393634	DRX379453	DRS296964	DRP007849	PRJDB10842	Enterobacter hormaechei subsp. steigerwaltii	JBBDAAB-19-0170	OXFORD_NANOPORE	GridION	1508844481.0	141330.0	WGS	GENOMIC	SINGLE	GridION sequencing of SAMD00498436
ERR10357020	ERX9889136	ERS7159925	ERP109413	PRJEB27342	Klebsiella aerogenes		PACBIO_SMRT	Sequel II	6385639897.0	1026780.0	WGS	GENOMIC	SINGLE	Sequel II sequencing
SRR863644	SRX283878	SRS420183	SRP022731	PRJNA187309	Klebsiella pneumoniae UHKPC57	UHKPC57	PACBIO_SMRT	PacBio RS	149727653.0	60895.0	WGS	GENOMIC	SINGLE	1134709401555 null UHKPC57_2-7 Experiment
SRR36141193	SRX31182302	SRS27166125	SRP644510	PRJNA1363965	Neisseria gonorrhoeae	4550	OXFORD_NANOPORE	MinION	463472754.0	81014.0	WGS	GENOMIC	SINGLE	WGS of NG: adult male
SRR33191919	SRX28439509	SRS24761373	SRP579431	PRJNA1252054	Clostridioides difficile	ICC5	OXFORD_NANOPORE	GridION	263018220.0	104163.0	WGS	GENOMIC	SINGLE	C. difficile ICC5 genome (long read)
SRR10503777	SRX7192728	SRS5698738	SRP230820	PRJNA347088	Nocardioides kongjuensis	DSM 19082	PACBIO_SMRT	Sequel	402010872.0	120208.0	WGS	GENOMIC	SINGLE	Nocardioides kongjuensis DSM 19082
ERR10114903	ERX9652049	ERS12841956	ERP140502	PRJEB55588	Escherichia coli	natural isolate	OXFORD_NANOPORE	MinION	369092908.0	74477.0	WGS	GENOMIC	SINGLE	Genomic sequencing of E. coli natural isolates to identify methylated bases
SRR21936149	SRX17920021	SRS15435604	SRP403090	PRJNA888950	Enterococcus faecium	IC25-50_poxtA	OXFORD_NANOPORE	MinION	158880868.0	23947.0	WGS	GENOMIC	SINGLE	Molecular characterization and genomic diversity of linezolid-resistant Enterococcus of pig slaughterhouse origin
SRR2821689	SRX1385215	SRS1135161	SRP040661	PRJNA231221	Pseudomonas aeruginosa	FDAARGOS_154	PACBIO_SMRT	PacBio RS	1160102004.0	163482.0	WGS	GENOMIC	SINGLE	
ERR12670820	ERX12044952	ERS18299980	ERP149678	PRJEB64503	Haemophilus parainfluenzae ATCC 33392	HUB-HP15045	OXFORD_NANOPORE	MinION	91458370.0	18579.0	WGS	GENOMIC	SINGLE	MinION sequencing
SRR8859064	SRX5646536	SRS4592132	SRP191068	PRJNA528511	Escherichia coli	GTEN_235	OXFORD_NANOPORE	GridION	1413320393.0	138591.0	WGS	GENOMIC	SINGLE	Global TravEpiNet AMR surveillance Genome sequencing and assembly
SRR33768945	SRX28991134	SRS22455717	SRP444583	PRJNA962904	Klebsiella pneumoniae		PACBIO_SMRT	Sequel II	232248748.0	11258.0	WGS	GENOMIC	SINGLE	PacBio sequencing of AH0283HE2 for ARCH 2
SRR10583068	SRX7263407	SRS5758897	SRP234603	PRJNA524073	Enterobacter hormaechei	cre46	PACBIO_SMRT	Sequel	1034747943.0	181745.0	WGS	GENOMIC	SINGLE	whole genome sequence of Enterobacter hormaechei cre46
ERR10163805	ERX9700390	ERS13423674	ERP140710	PRJEB55790	Apilactobacillus kunkeei	H4B2-06J	PACBIO_SMRT	Sequel	1648599505.0	261547.0	WGS	GENOMIC	SINGLE	Sequel sequencing; Raw reads: H4B2-06J
SRR14757210	SRX11090791	SRS9156164	SRP323170	PRJNA732579	Staphylococcus aureus	276	PACBIO_SMRT	Sequel	1317860532.0	255248.0	WGS	GENOMIC	SINGLE	WGS of Staphylococcus aureus: human skin
ERR8187220	ERX7750094	ERS10222675	ERP135060	PRJEB50484	Staphylococcus aureus		OXFORD_NANOPORE	MinION	102819696.0	108692.0	WGS	GENOMIC	SINGLE	MinION sequencing
SRR28415536	SRX24019899	SRS20798061	SRP496639	PRJNA1090044	Staphylococcus aureus	TUM22188	OXFORD_NANOPORE	MinION	389918651.0	102978.0	WGS	GENOMIC	SINGLE	ONT sequencing of Staphylococcus aureus TUM22188
SRR16525376	SRX12728109	SRS10336608	SRP357534	PRJNA801415	Citrobacter freundii	22	OXFORD_NANOPORE	GridION	2687666661.0	329901.0	WGS	GENOMIC	SINGLE	Extensive diversification and dissemination of blaNDM carbapenemase plasmids in Enterobacterales in Singapore 2010-2015
ERR1805693	ERX1868720	ERS1324138	ERP005928	PRJEB6403	Streptococcus constellatus subsp. pharyngis	NCTC13122	PACBIO_SMRT	PacBio RS	1079808150.0	163482.0	WGS	GENOMIC	SINGLE	PacBio RS sequencing
SRR8267432	SRX5084366	SRS4096864	SRP171618	PRJNA500550	Georgenia muralis	DSM 14418	PACBIO_SMRT	PacBio RS II	572390035.0	93837.0	WGS	GENOMIC	SINGLE	Georgenia muralis DSM 14418
DRR905478	DRX883256	DRS652091	DRP017068	PRJDB20581	Methylococcaceae bacterium AF98	AF98	OXFORD_NANOPORE	MinION	152519588.0	40654.0	WGS	GENOMIC	SINGLE	MinION sequencing of SAMD00899875
ERR581032	ERX539119	ERS426726	ERP001625	PRJEB3164	Salmonella enterica subsp. enterica serovar Typhimurium		PACBIO_SMRT	PacBio RS	571154813.0	163482.0	WGS	GENOMIC	SINGLE	PacBio RS sequencing
SRR32972702	SRX28245854	SRS24593517	SRP576427	PRJNA1190511	Yersinia pestis	91003	PACBIO_SMRT	Sequel	1322976360.0	81118.0	WGS	GENOMIC	SINGLE	WGS of Yersinia pestis: cultured strain 91003
SRR34973800	SRX30093043	SRS26157525	SRP608514	PRJNA1305037	Escherichia coli	MI_KPC_518	OXFORD_NANOPORE	PromethION	500017606.0	43630.0	WGS	GENOMIC	SINGLE	KPC CRE collection from state of Michigan
SRR9046049	SRX5822585	SRS4751213	SRP198168	PRJNA490424	Azospirillum brasilense	MTCC4036	PACBIO_SMRT	PacBio RS II	1304695093.0	423837.0	WGS	GENOMIC	SINGLE	Pacbio sequencing of Abr MTCC4036 strain
SRR8608855	SRX5408286	SRS4392352	SRP186593	PRJNA523610	Yersinia pestis	S1037	OXFORD_NANOPORE	MinION	780025272.0	95806.0	WGS	GENOMIC	SINGLE	Salt Precipitation Lucigen Replicate3
SRR21630050	SRX17630645	SRS11554636	SRP354045	PRJNA747871	Streptomyces sp. NBC_00656	NBC 00656	OXFORD_NANOPORE	MinION	1741125096.0	162868.0	WGS	GENOMIC	SINGLE	nanopore sequencing data from strain NBC_00656
SRR28434541	SRX24038840	SRS20831724	SRP497546	PRJNA1091452	Listeria monocytogenes	L-03	OXFORD_NANOPORE	MinION	329465636.0	120000.0	WGS	GENOMIC	SINGLE	ONT performance study sequencing of L. monocytogenes
SRR3723145	SRX1880832	SRS1527607	SRP077324	PRJNA234917	Carnobacterium gallinarum DSM 4847	MT44	PACBIO_SMRT	PacBio RS	381370979.0	127521.0	WGS	GENOMIC	SINGLE	Carnobacterium gallinarum MT44
SRR26465526	SRX22169431	SRS19227323	SRP467862	PRJNA1000275	Neisseria gonorrhoeae	2018S05-288	OXFORD_NANOPORE	MinION	743789649.0	133221.0	WGS	GENOMIC	SINGLE	VP85
SRR36797865	SRX31784483	SRS27747184	SRP661661	PRJNA1389824	Enterobacter ludwigii		OXFORD_NANOPORE	MinION	762252106.0	399371.0	WGS	GENOMIC	SINGLE	evolved microcosm clones
SRR19161669	SRX15228026	SRS12585754	SRP369761	PRJNA824644	Brevundimonas albigilva	KEME 9005-016	OXFORD_NANOPORE	MinION	766264133.0	73370.0	WGS	GENOMIC	SINGLE	Genome Seq of Brevundimonas albigilva MinIon seq
SRR29842204	SRX25340054	SRS22007432	SRP520125	PRJNA1134661	Salmonella enterica		PACBIO_SMRT	Sequel II	1484030071.0	189941.0	WGS	GENOMIC	SINGLE	Salmonella enterica from broiler chicken litter
SRR27972567	SRX23625886	SRS20465386	SRP489819	PRJNA1076692	Staphylococcus aureus	RIVM_M097203_dorado	OXFORD_NANOPORE	MinION	392463507.0	114580.0	WGS	GENOMIC	SINGLE	RIVM_M097203_dorado
SRR33768845	SRX28991233	SRS22456295	SRP444583	PRJNA962904	Escherichia coli		PACBIO_SMRT	Sequel II	589567737.0	28449.0	WGS	GENOMIC	SINGLE	PacBio sequencing of AH0455HE1 for ARCH 2
SRR21129903	SRX17142254	SRS14714955	SRP392917	PRJNA859120	Lacticaseibacillus rhamnosus	HN067	PACBIO_SMRT	Sequel	917510060.0	99526.0	WGS	GENOMIC	SINGLE	Genome sequence of L. rhamnosus HN067
SRR26327164	SRX22035210	SRS19107621	SRP465262	PRJNA1022162	Sulfitobacter dubius	CI.11.F.A3	OXFORD_NANOPORE	PromethION	384525864.0	66028.0	WGS	GENOMIC	SINGLE	Raw sequencing reads of sulfitobacter dubius isolated from giant kelp gametophyte
ERR1892099	ERX1952597	ERS1374865	ERP005928	PRJEB6403	Pragia fontium	NCTC12283	PACBIO_SMRT	PacBio RS	502187194.0	163482.0	WGS	GENOMIC	SINGLE	PacBio RS sequencing
SRR13950264	SRX10329052	SRS8448933	SRP310366	PRJNA695105	Bacillus anthracis	SA020	OXFORD_NANOPORE	GridION	477976781.0	72926.0	WGS	GENOMIC	SINGLE	Whole genome nanopore sequencing of Bacillus anthracis strain SA020
SRR4181417	SRX2142653	SRS1674085	SRP086972	PRJNA303749	Amycolatopsis lurida	DSM 43134	PACBIO_SMRT	PacBio RS	250394869.0	64864.0	WGS	GENOMIC	SINGLE	Amycolatopsis lurida DSM 43134
ERR3863235	ERX3875269	ERS4281804	ERP112081	PRJEB29732	Mycobacterium tuberculosis		OXFORD_NANOPORE	MinION	361434223.0	263092.0	WGS	GENOMIC	SINGLE	MinION sequencing
SRR13950268	SRX10329048	SRS8448930	SRP310366	PRJNA695105	Bacillus anthracis	A1074	OXFORD_NANOPORE	GridION	847122641.0	242709.0	WGS	GENOMIC	SINGLE	Whole genome nanopore sequencing of Bacillus anthracis strain A1074
SRR33768570	SRX28990906	SRS22397379	SRP444583	PRJNA962904	Escherichia coli		PACBIO_SMRT	Sequel II	350398770.0	16473.0	WGS	GENOMIC	SINGLE	PacBio sequencing of A179013HE2 for ARCH 2
SRR31733714	SRX27096031	SRS23554705	SRP432102	PRJNA954566	Vibrio cholerae	O1	OXFORD_NANOPORE	MinION	801634956.0	538603.0	WGS	GENOMIC	SINGLE	Oxford Nanopore sequencing of Vibrio cholerae
ERR690973	ERX635953	ERS523588	ERP005928	PRJEB6403	Klebsiella pneumoniae	NCTC9140	PACBIO_SMRT	PacBio RS	630734640.0	163482.0	WGS	GENOMIC	SINGLE	PacBio RS sequencing
SRR20138930	SRX16174068	SRS13835872	SRP385218	PRJNA856428	Escherichia coli	Nanopore_S8	OXFORD_NANOPORE	PromethION	2514029284.0	310329.0	WGS	GENOMIC	SINGLE	Nanopore sequncing of Escherichia coli str. K12 substr. MG1655: MA line
SRR33769249	SRX28991520	SRS22455995	SRP444583	PRJNA962904	Escherichia coli		PACBIO_SMRT	Sequel II	533266904.0	24837.0	WGS	GENOMIC	SINGLE	PacBio sequencing of AH0314HE1 for ARCH 2
ERR10497647	ERX10014936	ERS14254561	ERP142629	PRJEB57633	Escherichia coli		OXFORD_NANOPORE	GridION	42606999.0	5758.0	WGS	GENOMIC	SINGLE	Raw reads: ONT_30134_6#314
SRR14730300	SRX11067308	SRS9133826	SRP322703		Xanthomonas campestris pv. campestris	CN08	PACBIO_SMRT	Sequel	456150992.0	78868.0	WGS	GENOMIC	SINGLE	Xcc_CN08-G3_1
SRR7013054	SRX3945502	SRS1256890	SRP068737	PRJNA292902	Enterobacter cloacae complex	FDA-CDC-AR_0164	PACBIO_SMRT	PacBio RS II	1482597189.0	163482.0	WGS	GENOMIC	SINGLE	PacBio SMRT Sequencing of Enterobacter cloacae complex sp. FDA-CDC-AR_0164 FDA-CDC-AR_0164 Genomic Library
SRR13448275	SRX9861464	SRS8041701	SRP295672	PRJNA681856	Salmonella enterica subsp. salamae	LHICA_SA2	OXFORD_NANOPORE	MinION	6546317.0	1143.0	WGS	GENOMIC	SINGLE	WGS of Salmonella Lhica SA2_28
DRR723537	DRX703558	DRS495688	DRP013760	PRJDB20694	Bifidobacterium longum subsp. infantis	JCM 1272	PACBIO_SMRT	Revio	70052196.0	5474.0	WGS	GENOMIC	SINGLE	Revio sequencing of SAMD01611070
ERR14686221	ERX14087740	ERS23773360	ERP169826	PRJEB86481	Escherichia coli str. K-12 substr. MG1655	K-12	OXFORD_NANOPORE	MinION	186199234.0	85216.0	WGS	GENOMIC	SINGLE	MinION sequencing
ERR16000082	ERX15395316	ERS28312870	ERP185857	PRJEB104599	Staphylococcus aureus		OXFORD_NANOPORE	MinION	406300504.0	416896.0	WGS	GENOMIC	SINGLE	Raw reads: Staphylococcus aureus LFMFP strain 079
SRR7508539	SRX4378957	SRS3535347	SRP153035	PRJNA433211	Pseudomonas sp. R11-23-07	R11-23-07	PACBIO_SMRT	PacBio RS II	1549520163.0	163482.0	WGS	GENOMIC	SINGLE	Whole genome sequence of Pseudomonas aridus R11-23-07
SRR787445	SRX252655	SRS401388	SRP019218	PRJNA188139	Vibrio cholerae	2011EL-1818	PACBIO_SMRT	PacBio RS	97909386.0	81741.0	WGS	GENOMIC	SINGLE	2011EL-1818
ERR15284518	ERX14690352	ERS710984	ERP176771	PRJEB93892	Klebsiella pneumoniae	INF299	OXFORD_NANOPORE	MinION	913019813.0	362892.0	WGS	GENOMIC	SINGLE	MinION sequencing
SRR12938600	SRX9402267	SRS7620181	SRP040661	PRJNA231221	Sphingobacterium multivorum	FDAARGOS_1143	PACBIO_SMRT	Sequel	1694781841.0	208330.0	WGS	GENOMIC	SINGLE	
SRR5181941	SRX2498050	SRS1924903	SRP096895	PRJNA353873	Mycobacterium tuberculosis		PACBIO_SMRT	PacBio RS	789634285.0	163482.0	WGS	GENOMIC	SINGLE	DNA of Mtb
SRR33967320	SRX29166004	SRS25366739	SRP591850	PRJNA1274668	Serratia ureilytica	K-E0079	OXFORD_NANOPORE	GridION	541568802.0	140536.0	WGS	GENOMIC	SINGLE	ONT SQK-NBD112-24 library of Serratia ureilytica K-E0079: R10.4 flowcell on GridION, guppy v6.2.11 in super high accuracy mode
ERR10769140	ERX10220034	ERS2785496	ERP104475	PRJEB22771	Streptococcus pneumoniae		PACBIO_SMRT	Sequel II	2644711763.0	365096.0	WGS	GENOMIC	SINGLE	Sequel II sequencing
SRR28434751	SRX24038370	SRS20831661	SRP497546	PRJNA1091452	Staphylococcus aureus	SA79-PS	OXFORD_NANOPORE	MinION	180113856.0	40000.0	WGS	GENOMIC	SINGLE	ONT performance study sequencing of S. aureus
SRR3886581	SRX1941556	SRS1256907	SRP068738	PRJNA292900	Klebsiella pneumoniae	AR_0043	PACBIO_SMRT	PacBio RS II	535550171.0	163482.0	WGS	GENOMIC	PAIRED	
SRR27972644	SRX23625809	SRS20465348	SRP489819	PRJNA1076692	Klebsiella pneumoniae	RIVM_C055350_dorado	OXFORD_NANOPORE	MinION	188890952.0	52733.0	WGS	GENOMIC	SINGLE	RIVM_C055350_dorado
SRR12805828	SRX9274607	SRS7503276	SRP190319	PRJNA284866	Treponema denticola	NY 535	OXFORD_NANOPORE	MinION	272933758.0	75115.0	WGS	GENOMIC	SINGLE	Treponema denticola NY 535
SRR17248033	SRX13427032	SRS5405718	SRP222369	PRJNA565470	Sinorhizobium medicae	AMp01	PACBIO_SMRT	Sequel	2110759262.0	244458.0	WGS	GENOMIC	SINGLE	Genome sequencing of rhizobia from the Almaden mine
ERR13656146	ERX13026848	ERS20964711	ERP152411	PRJEB67372	Streptomyces sp. enrichment culture		PACBIO_SMRT	Revio	1099530166.0	147432.0	WGS	GENOMIC	SINGLE	Raw reads: SudanB21_2040
SRR32409479	SRX27739889	SRS24128763	SRP565160	PRJNA1225906	Salmonella enterica		OXFORD_NANOPORE	GridION	184686800.0	111061.0	WGS	GENOMIC	SINGLE	WGS of Salmonella enterica isolate
SRR31598671	SRX26963814	SRS23433526	SRP549287	PRJNA1185485	Escherichia coli	901	OXFORD_NANOPORE	PromethION	857283174.0	132529.0	WGS	GENOMIC	SINGLE	WTP-NoR-Nov-barcode55
SRR13295147	SRX9724084	SRS7917163	SRP299101	PRJNA687493	Pseudomonas syringae pv. maculicola	MAFF 302723	OXFORD_NANOPORE	GridION	994850533.0	303374.0	WGS	GENOMIC	SINGLE	DNA-Seq of Psm 302723
SRR35213424	SRX30317298	SRS26364233	SRP615992	PRJNA1301220	Acinetobacter baumannii	ABO21-A012	OXFORD_NANOPORE	MinION	97682305.0	42437.0	WGS	GENOMIC	SINGLE	Whole geneme sequencing of Acinetobacter baumannii: isolates of the Ab-One study
SRR32972637	SRX28245919	SRS24593582	SRP576427	PRJNA1190511	Yersinia pestis	680169	PACBIO_SMRT	Sequel	4513872671.0	449818.0	WGS	GENOMIC	SINGLE	WGS of Yersinia pestis: cultured strain 680169
SRR26437366	SRX22142142	SRS19201871	SRP467311	PRJNA1026547	Acinetobacter baumannii	ACC00535_zosurabalpin_2	OXFORD_NANOPORE	GridION	124865104.0	11827.0	WGS	GENOMIC	SINGLE	WGS of Acinetobacter baumannii: ACC00535 derivative with elevated RG6006 MIC
SRR2920075	SRX1426096	SRS1158325	SRP052801	PRJNA273427	Staphylococcus aureus	UTSW MRSA 55	PACBIO_SMRT	PacBio RS	1133693804.0	163482.0	WGS	GENOMIC	SINGLE	UTSW MRSA 55
SRR35213297	SRX30317061	SRS26363996	SRP615992	PRJNA1301220	Acinetobacter baumannii	ABO22-A155	OXFORD_NANOPORE	MinION	285151780.0	44818.0	WGS	GENOMIC	SINGLE	Whole geneme sequencing of Acinetobacter baumannii: isolates of the Ab-One study
SRR32075488	SRX27423970	SRS23852294	SRP558965	PRJNA1208221	Pediococcus siamensis	LMG 24279	OXFORD_NANOPORE	PromethION	225116792.0	25984.0	WGS	GENOMIC	SINGLE	Pediococcus siamensis LMG 24279
SRR16897853	SRX13090522	SRS11026959	SRP345369	PRJNA779223	Shewanella sp. LZH-2	Lzh-2	PACBIO_SMRT	Sequel	4617365380.0	520257.0	WGS	GENOMIC	SINGLE	seq-Lzh-2
SRR711190	SRX228386	SRS411284	SRP022781	PRJNA82543	Enterococcus sulfureus ATCC 49903	ATCC 49903	PACBIO_SMRT	PacBio RS	56851718.0	81741.0	WGS	GENOMIC	SINGLE	Pacbio whole genome shotgun sequencing of genomic DNA library 'LR_135_Esulfurous' containing sample 'ATCC49903' from individual 'Enterococcus_sulfurous _ATCC49903'
ERR657656	ERX613979	ERS500970	ERP005928	PRJEB6403	Salmonella enterica subsp. enterica	NCTC5798	PACBIO_SMRT	PacBio RS	591600181.0	163482.0	WGS	GENOMIC	SINGLE	PacBio RS sequencing
ERR10498394	ERX10015683	ERS14255338	ERP142629	PRJEB57633	Escherichia coli		OXFORD_NANOPORE	GridION	149378025.0	23231.0	WGS	GENOMIC	SINGLE	Raw reads: ONT_30345_1#25
SRR12781665	SRX9251113	SRS7483576	SRP286211	PRJNA625574	Bordetella hinzii	1G2	PACBIO_SMRT	PacBio RS II	977201830.0	110878.0	WGS	GENOMIC	SINGLE	PacBio SMRT sequencing of Bordetella hinzii isolate 1G2 genomic library
