srr_accession	srx_accession	srs_accession	srp_accession	bioproject	organism	strain	platform	instrument	total_bases	total_spots	library_strategy	library_source	library_layout	title
SRR15989454	SRX12278085	SRS9998539	SRP357537	PRJNA801416	Klebsiella pneumoniae	E515	OXFORD_NANOPORE	GridION	3311955375.0	501763.0	WGS	GENOMIC	SINGLE	Whole Genome Sequencing of Carbapenemase-producing Enterobacterales (CPE)
ERR9843290	ERX9389087	ERS2651242	ERP104475	PRJEB22771	Streptococcus pneumoniae		PACBIO_SMRT	Sequel II	2028107916.0	290486.0	WGS	GENOMIC	SINGLE	Sequel II sequencing
ERR15004466	ERX14408441	ERS24538113	ERP172436	PRJEB89409	Lacticaseibacillus paracasei		OXFORD_NANOPORE	GridION	1696070434.0	728009.0	WGS	GENOMIC	SINGLE	GridION sequencing
ERR11757540	ERX11156708	ERS16090794	ERP143198	PRJEB58136	Klebsiella quasipneumoniae		OXFORD_NANOPORE	MinION	36077408.0	8064.0	WGS	GENOMIC	SINGLE	MinION sequencing
SRR7640590	SRX4504096	SRS3624620	SRP156241	PRJNA437124	Megasphaera elsdenii	NCIMB702410	PACBIO_SMRT	PacBio RS II	124356481.0	23268.0	WGS	GENOMIC	SINGLE	pacbio-NCIMB2
ERR13326613	ERX12697641	ERS20295575	ERP161282	PRJEB76791	Salmonella enterica subsp. enterica serovar Agona		OXFORD_NANOPORE	MinION	172806832.0	51955.0	WGS	GENOMIC	SINGLE	MinION sequencing
SRR30037966	SRX25513445	SRS21850007	SRP517074	PRJNA1130015	Xanthomonas citri pv. rhynchosiae	NCPPB 1827	OXFORD_NANOPORE	PromethION	14669703.0	3535.0	WGS	GENOMIC	SINGLE	Genome sequencing of NCPPB 1827
SRR24140451	SRX19939022	SRS17287731	SRP247747	PRJNA604975	Escherichia coli	ox_bsi_685	OXFORD_NANOPORE	GridION	561082310.0	191957.0	WGS	GENOMIC	SINGLE	oxford_bsi
DRR275235	DRX264819	DRS173581	DRP006554	PRJDB10561	Escherichia coli	missing	OXFORD_NANOPORE	MinION	232044543.0	63386.0	WGS	GENOMIC	SINGLE	MinION sequencing of SAMD00281840
SRR14347923	SRX10701830	SRS8791703	SRP316763	PRJNA716667	Escherichia coli	0H25	OXFORD_NANOPORE	MinION	395859566.0	56697.0	WGS	GENOMIC	SINGLE	Whole genome sequencing of Escherichia coli isolates from beef
ERR10498702	ERX10015991	ERS14255877	ERP142629	PRJEB57633	Escherichia coli		OXFORD_NANOPORE	GridION	164304699.0	39745.0	WGS	GENOMIC	SINGLE	Raw reads: ONT_30602_1#278
SRR34699561	SRX29834859	SRS25898691	SRP602616	PRJNA1294593	Salmonella enterica subsp. enterica serovar Typhimurium var. monophasic	22-SA00426-0	OXFORD_NANOPORE	MinION	90417567.0	15642.0	WGS	GENOMIC	SINGLE	WGS of Salmonella enterica subsp. enterica isolate 22-SA00426-0 using ONT technology
SRR7637787	SRX4501330	SRS3622098	SRP156143	PRJNA449717	Helicobacter saguini	16-048 (F4)	PACBIO_SMRT	PacBio RS II	313381768.0	64749.0	WGS	GENOMIC	SINGLE	WGS of H. saguini 16-0408 (F4)
SRR32146572	SRX27492420	SRS23779843	SRP557125	PRJNA1210070	Vibrio harveyi	Vh-47	OXFORD_NANOPORE	MinION	1633327334.0	429788.0	WGS	GENOMIC	SINGLE	Long-read sequencing of Vibro harveyi isolated from moribund grouper
ERR12686586	ERX12060690	ERS18335002	ERP157651	PRJEB72852	Streptococcus pyogenes M1 GAS	SF370	OXFORD_NANOPORE	MinION	327621770.0	119803.0	WGS	GENOMIC	SINGLE	MinION sequencing
ERR10749410	ERX10201339	ERS14369538	ERP143680	PRJEB58617	Acinetobacter baumannii		OXFORD_NANOPORE	GridION	295044043.0	20149.0	WGS	GENOMIC	SINGLE	GridION sequencing
SRR30896267	SRX26299754	SRS22828476	SRP536878	PRJNA1134622	Escherichia coli	OXEC-530	OXFORD_NANOPORE	MinION	248821910.0	82085.0	WGS	GENOMIC	SINGLE	OXEC-530
SRR31598859	SRX26963627	SRS23433339	SRP549287	PRJNA1185485	Escherichia coli	191	OXFORD_NANOPORE	PromethION	1526902075.0	256741.0	WGS	GENOMIC	SINGLE	Kleb-3R-barcode13
SRR29316608	SRX24833535	SRS21545366	SRP512379	PRJNA1121190	Vibrio cholerae	116Vc07	OXFORD_NANOPORE	PromethION	153010700.0	166959.0	WGS	GENOMIC	SINGLE	WGS of Vcholerae isolates
SRR387275	SRX110082	SRS302375	SRP001087	PRJNA40075	Escherichia coli str. K-12 substr. MG1655	K-12	PACBIO_SMRT	PacBio RS	34569970.0	60667.0	WGS	GENOMIC	SINGLE	Whole Genome Sequencing and Assembly
SRR9002432	SRX5781215	SRS4714083	SRP194510	PRJNA332165	Arcticibacter tournemirensis	DSM 23085	PACBIO_SMRT	Sequel	2252973914.0	602741.0	WGS	GENOMIC	SINGLE	Pedobacter tournemirensis DSM 23085
SRR9664646	SRX6425521	SRS5081049	SRP214020	PRJNA536306	Nocardioides sp. RS 4Y-2-4	SLBN-169	PACBIO_SMRT	Sequel	343280077.0	92205.0	WGS	GENOMIC	SINGLE	Nocardioides sp. SLBN-169
SRR2062014	SRX1053696	SRS956602	SRP059248	PRJNA286129	Xanthomonas oryzae pv. oryzae	PXO99	PACBIO_SMRT	PacBio RS	188541958.0	81741.0	WGS	GENOMIC	SINGLE	PacBio Sequencing of PXO99-L-13
ERR16064580	ERX15454762	ERS28397715	ERP173262	PRJEB90249	Pseudomonas aeruginosa		OXFORD_NANOPORE	GridION	600775880.0	99867.0	WGS	GENOMIC	SINGLE	GridION sequencing
SRR34395282	SRX29559805	SRS25685909	SRP598541	PRJNA1280976	Enterococcus faecalis	MS-Stent-001-343	OXFORD_NANOPORE	MinION	1379585866.0	266093.0	WGS	GENOMIC	SINGLE	Draft Genomes of bile duct microbiome strains Klebsiella pneumoniae, Enterococcus faecalis and Enterococcus faecium isolated from bilioenteric catheters from a liver transplantation patient
ERR10452887	ERX9976342	ERS6794082	ERP109413	PRJEB27342	Klebsiella pneumoniae		PACBIO_SMRT	Sequel II	3345860765.0	611781.0	WGS	GENOMIC	SINGLE	Sequel II sequencing
DRR572358	DRX555825	DRS426370	DRP012251	PRJDB17574	Escherichia coli	YK-IS1MA-L01-3_G08	OXFORD_NANOPORE	MinION	2472136.0	195.0	WGS	GENOMIC	SINGLE	nanopore-seq of SAMD00748187 L01-3_G8
ERR12258328	ERX11668616	ERS16539694	ERP152951	PRJEB67942	Streptococcus uberis		OXFORD_NANOPORE	MinION	629687206.0	256639.0	WGS	GENOMIC	SINGLE	MinION sequencing
SRR24557204	SRX20341161	SRS17660421	SRP437676	PRJNA962303	Methylorubrum extorquens	E6	PACBIO_SMRT	Sequel II	373566121.0	55677.0	WGS	GENOMIC	SINGLE	Whole genome sequencing of M. extorquens DM4 polA evolved strain E6
SRR4131439	SRX2114749	SRS1667298	SRP084661	PRJNA333978	Nostoc sp. 996	996	PACBIO_SMRT	PacBio RS	106885516.0	31823.0	WGS	GENOMIC	SINGLE	Nostoc sp. 996
ERR1892108	ERX1952606	ERS1403225	ERP005928	PRJEB6403	Clostridium sporogenes	NCTC13020	PACBIO_SMRT	PacBio RS	1848332343.0	163482.0	WGS	GENOMIC	SINGLE	PacBio RS sequencing
SRR26848019	SRX22543508	SRS19552996	SRP370291	PRJNA805198	Streptococcus equi subsp. zooepidemicus	not applicable	OXFORD_NANOPORE	GridION	739070701.0	336000.0	WGS	GENOMIC	SINGLE	SZOO-Horse-OK74078CY230042
SRR24139890	SRX19938515	SRS17287224	SRP247747	PRJNA604975	Escherichia coli	ox_bsi_693	OXFORD_NANOPORE	GridION	598730870.0	261528.0	WGS	GENOMIC	SINGLE	oxford_bsi
SRR8188004	SRX5007762	SRS4041773	SRP168628	PRJNA505407	Escherichia coli	H113	OXFORD_NANOPORE	GridION	202356657.0	39386.0	WGS	GENOMIC	SINGLE	DNA sequencing of Ecoli strain H113
SRR32316144	SRX27651579	SRS24057392	SRP560996	PRJNA1218017	Bacteroides thetaiotaomicron	vpi-5482	OXFORD_NANOPORE	MinION	490611327.0	108000.0	WGS	GENOMIC	SINGLE	WGS of Bacteroides thetatiotaomicron grown on different carbon sources
SRR35930697	SRX30979987	SRS26973122	SRP639980	PRJNA1334588	Syntrophomonas curvata	GL#14	PACBIO_SMRT	PacBio RS II	490478503.0	56620.0	WGS	GENOMIC	SINGLE	Syntrophomonas curvata
ERR657648	ERX613971	ERS495752	ERP005355	PRJEB5919	Salmonella enterica subsp. enterica serovar Typhi		PACBIO_SMRT	PacBio RS	779604863.0	163482.0	WGS	GENOMIC	SINGLE	PacBio RS sequencing
SRR5010915	SRX2341862	SRS1792514	SRP093181	PRJNA339322	Pseudomonas syringae pv. actinidiae	NZ-47	PACBIO_SMRT	PacBio RS II	2119717502.0	163482.0	WGS	GENOMIC	SINGLE	Whole genome sequence of Pseqdomonas syringae pv. actinidiae ICMP 22180 using PacBio SMRT cell 1
SRR32410599	SRX27740957	SRS24128752	SRP565160	PRJNA1225906	Neisseria meningitidis		OXFORD_NANOPORE	GridION	570602017.0	148380.0	WGS	GENOMIC	SINGLE	WGS of Neisseria meningitids isolate
SRR29316884	SRX24833726	SRS21545557	SRP512379	PRJNA1121190	Vibrio cholerae	109Vc10	OXFORD_NANOPORE	PromethION	241414125.0	113494.0	WGS	GENOMIC	SINGLE	WGS of Vcholerae isolates
SRR22405900	SRX18375601	SRS15861928	SRP409699	PRJNA887339	Escherichia coli	S2	OXFORD_NANOPORE	MinION	780820534.0	291330.0	WGS	GENOMIC	SINGLE	WGS of E. coli strain S2-S1K81
ERR14738215	ERX14139587	ERS23811911	ERP170065	PRJEB86767	Enterobacter hormaechei		OXFORD_NANOPORE	MinION	1050029603.0	249673.0	WGS	GENOMIC	SINGLE	EXP-22-1-2025-03-14_10-52-10
SRR11472078	SRX8048347	SRS6419745	SRP255056	PRJNA546964	Pseudomonas plecoglossicida	YNA158	PACBIO_SMRT	Sequel	1466724432.0	293990.0	WGS	GENOMIC	SINGLE	Pseudomonas plecoglossicida YNA158
SRR386138	SRX109856	SRS002764	SRP001666	PRJNA32461	Coprobacillus cateniformis	D6	PACBIO_SMRT	PacBio RS	70423392.0	81741.0	WGS	GENOMIC	SINGLE	Whole Genome Sequencing and Assembly
SRR26060010	SRX21776143	SRS18881596	SRP321830	PRJNA674638	Lysinibacillus capsici	Lys24	PACBIO_SMRT	Sequel II	411940763.0	48098.0	WGS	GENOMIC	SINGLE	PacBio reads from bacterial isolates derived from cucumber fermentation
ERR11040400	ERX10476245	ERS14796118	ERP145810	PRJEB60752	Escherichia coli		OXFORD_NANOPORE	MinION	461112792.0	54523.0	WGS	GENOMIC	SINGLE	Raw reads: J006_[Oxford_Nanopore]
SRR18291899	SRX14429603	SRS9294586	SRP325975	PRJNA741123	Pseudomonas aeruginosa	282	OXFORD_NANOPORE	MinION	630008969.0	28181.0	WGS	GENOMIC	SINGLE	Hospital Microbiome Isolates ONT
ERR14225679	ERX13625961	ERS18087470	ERP156237	PRJEB71438	Streptomyces fumanus		OXFORD_NANOPORE	MinION			WGS	GENOMIC	SINGLE	MinION sequencing
SRR36366874	SRX31395527	SRS27380372	SRP653506	PRJNA1308153	Escherichia coli	167	OXFORD_NANOPORE	GridION	617469351.0	176018.0	WGS	GENOMIC	SINGLE	ONT long-read sequencing of ceftazidime/avibactam resistant Escherichia coli
DRR572389	DRX555856	DRS426361	DRP012251	PRJDB17574	Escherichia coli	YK-IS1MA-L04_Anc	OXFORD_NANOPORE	MinION	31657427.0	5741.0	WGS	GENOMIC	SINGLE	nanopore-seq of SAMD00748177 L04_Anc
SRR15058277	SRX11368583	SRS9414716	SRP237246	PRJNA595047	Klebsiella pneumoniae	C5921	OXFORD_NANOPORE	GridION	2687710481.0	6473300.0	WGS	GENOMIC	SINGLE	kpn
SRR9849536	SRX6604177	SRS5169157	SRP216572	PRJNA556977	Bordetella pertussis	NZ5	OXFORD_NANOPORE	MinION	1293273537.0	197761.0	WGS	GENOMIC	SINGLE	ONT sequencing of Bordetella pertussis NZ5
SRR24140029	SRX19938376	SRS17287085	SRP247747	PRJNA604975	Escherichia coli	ox_bsi_276	OXFORD_NANOPORE	GridION	224971826.0	59840.0	WGS	GENOMIC	SINGLE	oxford_bsi
SRR34269107	SRX29442691	SRS25588665	SRP595615	PRJNA1280179	Achromobacter sp. NCFB-sbj8-Ac1-l	NCFB-sbj8-Ac1-l	OXFORD_NANOPORE	GridION	1706349095.0	176603.0	WGS	GENOMIC	SINGLE	Plasmid-mediated extreme resistance development within lung
SRR8984867	SRX5764129	SRS4698550	SRP040661	PRJNA231221	Staphylococcus aureus	FDAARGOS_660	PACBIO_SMRT	PacBio RS	1382441856.0	163482.0	WGS	GENOMIC	SINGLE	
SRR12280575	SRX8784140	SRS7052936	SRP272861	PRJNA646575	Bacteroides thetaiotaomicron		OXFORD_NANOPORE	GridION	707013586.0	69210.0	WGS	GENOMIC	SINGLE	WGS  of Bacteroides fragilis group clinical isolates
SRR15989487	SRX12278052	SRS9999192	SRP357534	PRJNA801415	Klebsiella pneumoniae	14	OXFORD_NANOPORE	GridION	1222191021.0	125126.0	WGS	GENOMIC	SINGLE	Whole Genome Sequencing of Carbapenemase-producing Enterobacterales (CPE)
SRR27147081	SRX22828772	SRS19809212	SRP476629	PRJNA1050251	Streptococcus pyogenes	NV6	PACBIO_SMRT	Sequel II	4939260654.0	543987.0	WGS	GENOMIC	SINGLE	PacBio WGS of Streptococcus pyogenes NV6
SRR1609099	SRX729782	SRS719075	SRP040661	PRJNA231221	Proteus mirabilis	FDAARGOS_81	PACBIO_SMRT	PacBio RS	661519601.0	163482.0	WGS	GENOMIC	SINGLE	
SRR12011648	SRX8544372	SRS6688706	SRP262563	PRJNA633476	Vibrio cholerae	SL4G	PACBIO_SMRT	PacBio RS II	1749242232.0	163482.0	WGS	GENOMIC	SINGLE	SL4G
SRR12344026	SRX8843539	SRS7106597	SRP274107	PRJNA626345	Staphylococcus aureus	NAS_AN_079	OXFORD_NANOPORE	MinION	113207356.0	8456.0	WGS	GENOMIC	SINGLE	WGS Staphylococcus aureus among Native Americans in the  southwest US
ERR2532466	ERX2550887	ERS2419168	ERP005928	PRJEB6403	Porphyromonas circumdentaria	NCTC12400	PACBIO_SMRT	PacBio RS	49393138.0	163482.0	WGS	GENOMIC	SINGLE	PacBio RS sequencing
SRR16525664	SRX12728335	SRS10336827	SRP357534	PRJNA801415	Escherichia coli	448	OXFORD_NANOPORE	GridION	101647571.0	25442.0	WGS	GENOMIC	SINGLE	Extensive diversification and dissemination of blaNDM carbapenemase plasmids in Enterobacterales in Singapore 2010-2015
SRR37136233	SRX32078234	SRS28013677	SRP675044	PRJNA1419343	Klebsiella pneumoniae	TUM24790	OXFORD_NANOPORE	MinION	1552384253.0	138679.0	WGS	GENOMIC	SINGLE	WGS of Klebsiella pneumoniae: Patient
SRR15521842	SRX11820601	SRS9835093	SRP272861	PRJNA646575	Bacteroides faecis	BFG-108	PACBIO_SMRT	Sequel	2045334006.0	494654.0	WGS	GENOMIC	SINGLE	WGS  of Bacteroides fragilis group clinical isolates
SRR901400	SRX306260	SRS445281	SRP026049	PRJNA191793	Mycobacterium avium subsp. avium 2285 (S)	2285 (S)	PACBIO_SMRT	PacBio RS	344695527.0	81741.0	WGS	GENOMIC	SINGLE	
SRR13386151	SRX9805278	SRS7989353	SRP300861	PRJNA663900	Enterococcus sp. DIV0174	DIV0174	OXFORD_NANOPORE	GridION	788884984.0	67342.0	WGS	GENOMIC	SINGLE	Zoo 3 Enterococcus Diversity Genome sequencing and assembly
SRR27145219	SRX22826896	SRS19807646	SRP476599	PRJNA1050169	Citroniella saccharovorans	DSM 29873	OXFORD_NANOPORE	MinION	41224626.0	3839.0	WGS	GENOMIC	SINGLE	Nanopore MinION of C. saccharovorans
SRR15140884	SRX11448601	SRS9488523	SRP295672	PRJNA681856	Salmonella enterica subsp. arizonae	LHICA_AZ23	OXFORD_NANOPORE	MinION	27451753.0	4000.0	WGS	GENOMIC	SINGLE	Salmonella AZ23
SRR13448286	SRX9861453	SRS8041701	SRP295672	PRJNA681856	Salmonella enterica subsp. salamae	LHICA_SA2	OXFORD_NANOPORE	MinION	28614033.0	4000.0	WGS	GENOMIC	SINGLE	WGS of Salmonella Lhica SA2_18
ERR16064524	ERX15454706	ERS28397659	ERP173262	PRJEB90249	Escherichia coli		OXFORD_NANOPORE	GridION	916708133.0	430589.0	WGS	GENOMIC	SINGLE	GridION sequencing
ERR10499245	ERX10016531	ERS14255698	ERP142629	PRJEB57633	Escherichia coli		OXFORD_NANOPORE	GridION	69498764.0	11745.0	WGS	GENOMIC	SINGLE	Raw reads: ONT_30859_5#52
DRR013337	DRX012164	DRS012032	DRP001131	PRJDB2329	Helicobacter pylori F30		PACBIO_SMRT	PacBio RS	7314.0	2.0	WGS	GENOMIC	SINGLE	Helicobacter pylori methylome analysis
SRR35178747	SRX30283601	SRS26332659	SRP614097	PRJNA1293422	Proteus mirabilis	HUP16	OXFORD_NANOPORE	PromethION	1662223437.0	745909.0	WGS	GENOMIC	SINGLE	Whole-genome sequencing of Proteus mirabilis
SRR7495820	SRX4365260	SRS2360868	SRP112695	PRJNA363947	Streptomyces sp. 3211.1	3211.1	PACBIO_SMRT	PacBio RS II	310131729.0	65479.0	WGS	GENOMIC	SINGLE	Streptomyces sp. 3211.1
ERR13194367	ERX12565232	ERS20185879	ERP160059	PRJEB75483	Rossellomorea sp. LjRoot5		OXFORD_NANOPORE	MinION	36754418.0	12344.0	WGS	GENOMIC	SINGLE	MinION sequencing
SRR28860699	SRX24420509	SRS21175968	SRP505144	PRJNA1106791	Citrobacter freundii		OXFORD_NANOPORE	GridION	171736741.0	12175.0	WGS	GENOMIC	SINGLE	Long-read DNA sequence for BCR_CFR1
ERR11040743	ERX10487991	ERS14796170	ERP145810	PRJEB60752	Escherichia coli		OXFORD_NANOPORE	MinION	471138637.0	209261.0	WGS	GENOMIC	SINGLE	Raw reads: 36227_S67_[Oxford_Nanopore]
DRR287266	DRX276723	DRS318052	DRP010345	PRJDB10714	Annamia dubia NIES-4383	NIES-4383	OXFORD_NANOPORE	MinION	17116152.0	4000.0	WGS	GENOMIC	SINGLE	Annamia_sp_4
ERR10163234	ERX9699830	ERS13423717	ERP140710	PRJEB55790	Apilactobacillus kunkeei	A2102	PACBIO_SMRT	Sequel	2114053178.0	405334.0	WGS	GENOMIC	SINGLE	Sequel sequencing; Raw reads: A2102
SRR12280268	SRX8784445	SRS7053147	SRP272861	PRJNA646575	Bacteroides thetaiotaomicron		OXFORD_NANOPORE	GridION	259955661.0	31959.0	WGS	GENOMIC	SINGLE	WGS  of Bacteroides fragilis group clinical isolates
SRR32399092	SRX27731265	SRS24122353	SRP565036	PRJNA1084250	Klebsiella pneumoniae		OXFORD_NANOPORE	MinION	1659657310.0	297835.0	WGS	GENOMIC	SINGLE	Nanopore whole-genome sequencing reads of Klebsiella pneumoniae ST8134 isolate KpMVR1
ERR8607210	ERX8239790	ERS10607612	ERP135255	PRJEB50649	Neisseria gonorrhoeae		OXFORD_NANOPORE	MinION	60157381.0	17889.0	WGS	GENOMIC	SINGLE	MinION sequencing
SRR19357563	SRX15416238	SRS12115421	SRP361569	PRJNA768416	Alkalihalobacillus sp. FSL R5-0424	FSL R5-0424	OXFORD_NANOPORE	MinION	242236604.0	102441.0	WGS	GENOMIC	SINGLE	WGS of Bacilli
SRR21630123	SRX17630891	SRS14986987	SRP354045	PRJNA747871	Amycolatopsis sp. NBC_00348	NBC_00348	OXFORD_NANOPORE	MinION	9710003.0	28541.0	WGS	GENOMIC	SINGLE	nanopore sequencing data from strain NBC_00348
ERR3685994	ERX3675598	ERS4047795	ERP114207	PRJEB31632	bacterium		OXFORD_NANOPORE	GridION	429140624.0	54053.0	WGS	GENOMIC	SINGLE	GridION sequencing
SRR35500975	SRX30576832	SRS26606049	SRP621944	PRJNA1330556	Salmonella enterica subsp. enterica serovar Enteritidis	24_2298	OXFORD_NANOPORE	MinION	120182442.0	17061.0	WGS	GENOMIC	SINGLE	Salmonella enterica from pigs in Switzerland
SRR6976458	SRX3918069	SRS3153138	SRP139245	PRJNA442020	Acidovorax sp. 108	108	PACBIO_SMRT	PacBio RS II	497624364.0	117022.0	WGS	GENOMIC	SINGLE	Acidovorax sp. 108
SRR25793436	SRX21515673	SRS8481857	SRP457515	PRJNA1010762	Bacillus thuringiensis		OXFORD_NANOPORE	MinION	761435609.0	172440.0	WGS	GENOMIC	SINGLE	whole-genome sequencing of Bacillus cereus
SRR11867867	SRX8418121	SRS6729749	SRP265117	PRJNA635644	Escherichia coli	O25:H4/H53/H55/H17	OXFORD_NANOPORE	MinION	534204621.0	209618.0	WGS	GENOMIC	SINGLE	Nanopore WGS of Malawi ExPEC 38
SRR30896292	SRX26299729	SRS22828451	SRP536878	PRJNA1134622	Escherichia coli	OXEC-507	OXFORD_NANOPORE	MinION	352136120.0	104668.0	WGS	GENOMIC	SINGLE	OXEC-507
SRR6047878	SRX3158913	SRS2490250	SRP116765	PRJNA400659	[Acidovorax] ebreus		PACBIO_SMRT	PacBio RS	1533831659.0	333282.0	WGS	GENOMIC	SINGLE	The potential mechanism for nitrate reduction coupled with Fe(II) oxidation by Acidovorax ebreus LS-1 isolated from a paddy soil field
ERR11806632	ERX11204992	ERS16226665	ERP119900	PRJEB36683	Klebsiella pneumoniae 11227-1		OXFORD_NANOPORE	MinION	151838897.0	44373.0	WGS	GENOMIC	SINGLE	MinION sequencing; Raw reads: plasmid_ERR3891014
DRR704043	DRX684128	DRS529036	DRP014425	PRJDB35554	Mycobacterium avium subsp. hominissuis	OCU803	PACBIO_SMRT	Sequel II	1518010721.0	167204.0	WGS	GENOMIC	SINGLE	Sequel II sequencing of SAMD01579734
ERR15197981	ERX14603637	ERS25123448	ERP174390	PRJEB91442	Bacillus cereus		OXFORD_NANOPORE	MinION	426835307.0	468113.0	WGS	GENOMIC	SINGLE	MinION sequencing
ERR9030537	ERX8573947	ERS10792212	ERP133548	PRJEB49093	Mycobacterium tuberculosis	Lineage 4.1.2.1	OXFORD_NANOPORE	MinION	661729875.0	2225069.0	WGS	GENOMIC	SINGLE	MinION sequencing; Raw reads: mada_2-34-nanopore
SRR32167595	SRX27512955	SRS23931705	SRP560594	PRJNA1216581	Proteus penneri	IFPPLCEK1	PACBIO_SMRT	Sequel II	17500196194.0	2398733.0	WGS	GENOMIC	SINGLE	WGS of Proteus penneri IFPPLCEK1
SRR30949503	SRX26351981	SRS22817307	SRP536567	PRJNA1165464	Escherichia coli	Not applicable	OXFORD_NANOPORE	MinION	150750318.0	38522.0	WGS	GENOMIC	SINGLE	Nanopore sequencing of E.coli: blood isolate
SRR24918255	SRX20679003	SRS17875791	SRP338930	PRJNA766641	Mycobacterium tuberculosis	IDR 2100019059	OXFORD_NANOPORE	MinION	20044344.0	14667.0	WGS	GENOMIC	SINGLE	MinION sequencing of TB isolates
SRR30483140	SRX25907925	SRS22499141	SRP529572	PRJNA1148956	Clostridioides difficile		OXFORD_NANOPORE	MinION	384610016.0	225919.0	WGS	GENOMIC	SINGLE	cdiff
SRR17153399	SRX13337416	SRS11242478	SRP349574	PRJNA786743	Klebsiella pneumoniae	JIP50556	OXFORD_NANOPORE	MinION	62080770.0	31304.0	WGS	GENOMIC	SINGLE	WGS of Klebsiella pneumoniae using MinION sequencer
SRR15361532	SRX11664015	SRS9696746	SRP331378	PRJNA752621	Streptomyces tendae	B09-01	OXFORD_NANOPORE	MinION	101239325.0	9909.0	WGS	GENOMIC	SINGLE	B09-01
SRR14996193	SRX11308634	SRS9337626	SRP290649	PRJNA672835	Pseudomonas aeruginosa	ZPPH29	OXFORD_NANOPORE	MinION	972215720.0	82294.0	WGS	GENOMIC	SINGLE	Nanopore of Pseudomonas aeruginosa:ZPPH29_hybrid
SRR22139588	SRX18118948	SRS15621043	SRP385959	PRJNA836783	Mycobacterium tuberculosis		OXFORD_NANOPORE	MinION	945446695.0	389282.0	WGS	GENOMIC	SINGLE	WGS of NR123_2- ONT fastq
SRR18508951	SRX14640137	SRS12406239	SRP366387	PRJNA291933	Thioclava electrotropha	Elox9	OXFORD_NANOPORE	MinION	334882625.0	55639.0	WGS	GENOMIC	SINGLE	Thioclava electrotropha ElOx9T Nanopore reads
ERR2532396	ERX2550817	ERS2419207	ERP005928	PRJEB6403	Salmonella enterica subsp. enterica	NCTC9929	PACBIO_SMRT	PacBio RS	455558148.0	163482.0	WGS	GENOMIC	SINGLE	PacBio RS sequencing
DRR572472	DRX555939	DRS426406	DRP012251	PRJDB17574	Escherichia coli	YK-IS1MA-L10-3_G08	OXFORD_NANOPORE	MinION	68238.0	128.0	WGS	GENOMIC	SINGLE	nanopore-seq of SAMD00748223 L10-3_G8
SRR7109156	SRX4036961	SRS1606323	SRP078820	PRJNA329501	Neisseria gonorrhoeae	missing	PACBIO_SMRT	PacBio RS II	2118535766.0	326964.0	WGS	GENOMIC	PAIRED	PacBio Sequencing of Neisseria gonorrhoeae
SRR35903288	SRX30952599	SRS3409713	SRP150360	PRJNA475751	Escherichia coli	EC00635	OXFORD_NANOPORE	MinION	2843016053.0	315209.0	WGS	GENOMIC	SINGLE	WGS Sequencing of E. coli
SRR31402553	SRX26771685	SRS21448464	SRP510300	PRJNA1114737	Bacteroides pyogenes	393	OXFORD_NANOPORE	MinION	273537902.0	23896.0	WGS	GENOMIC	SINGLE	nanopore reads for wgs of liver abscess isolate Bpyo 393
ERR10820947	ERX10266547	ERS7761474	ERP109413	PRJEB27342	Klebsiella pneumoniae		PACBIO_SMRT	Sequel II	5527142378.0	1187621.0	WGS	GENOMIC	SINGLE	Sequel II sequencing
SRR16525815	SRX12728184	SRS10336760	SRP357534	PRJNA801415	Klebsiella pneumoniae	147	OXFORD_NANOPORE	GridION	452845223.0	86759.0	WGS	GENOMIC	SINGLE	Extensive diversification and dissemination of blaNDM carbapenemase plasmids in Enterobacterales in Singapore 2010-2015
SRR34973699	SRX30093144	SRS26158002	SRP608514	PRJNA1305037	Klebsiella michiganensis	MI_KPC_656	OXFORD_NANOPORE	PromethION	500001284.0	45695.0	WGS	GENOMIC	SINGLE	KPC CRE collection from state of Michigan
SRR787400	SRX252610	SRS400720	SRP019218	PRJNA188139	Vibrio cholerae	2010EL-1799	PACBIO_SMRT	PacBio RS	219451877.0	81741.0	WGS	GENOMIC	SINGLE	2010EL-1799
SRR25741570	SRX21464934	SRS18699987	SRP456656	PRJNA983748	Staphylococcus aureus	ST5	OXFORD_NANOPORE	GridION	449334372.0	123860.0	WGS	GENOMIC	SINGLE	WGS of S. aureus: Human Nose
SRR25241517	SRX20987794	SRS12559729	SRP369036	PRJNA695775	Microbacterium esteraromaticum	DSM 8609	PACBIO_SMRT	Sequel IIe	133348777.0	25380.0	WGS	GENOMIC	SINGLE	Microbacterium esteraromaticum DSM 8609
SRR13450788	SRX9863830	SRS8036752	SRP276953	PRJNA605961	Salmonella enterica subsp. enterica serovar Typhimurium	ER3625 descendants	PACBIO_SMRT	PacBio RS II	665836669.0	163482.0	WGS	GENOMIC	SINGLE	ER3727 2 PacBio RSII
SRR8885332	SRX5671061	SRS3954075	SRP166187	PRJNA497581	Acinetobacter baumannii	TG31307	OXFORD_NANOPORE	MinION	2941147882.0	464972.0	WGS	GENOMIC	SINGLE	Acinetobacter baumannii sequencing
SRR19730691	SRX15777083	SRS13470427	SRP380121	PRJNA848627	Methylobacterium sp.	bacterial	PACBIO_SMRT	Sequel II	124017755.0	16706.0	WGS	GENOMIC	SINGLE	OTU13CASTA1
ERR6536191	ERX6163014	ERS3927625	ERP023216	PRJEB20997	Salmonella enterica		PACBIO_SMRT	Sequel II	882598352.0	220745.0	WGS	GENOMIC	SINGLE	Sequel II sequencing
SRR26929510	SRX22623366	SRS19624583	SRP473823	PRJNA1039168	Staphylococcus aureus	96	OXFORD_NANOPORE	PromethION	1396213505.0	334099.0	WGS	GENOMIC	SINGLE	WGS of Staphylococcus aureus:G2
SRR13448495	SRX9861674	SRS8041853	SRP295672	PRJNA681856	Salmonella enterica subsp. diarizonae	LHICA_D1	OXFORD_NANOPORE	MinION	17171169.0	4000.0	WGS	GENOMIC	SINGLE	WGS of Salmonella Lhica D1_27
ERR15516480	ERX14920326	ERS26654080	ERP165332	PRJEB81499	Escherichia coli		OXFORD_NANOPORE	GridION	500017841.0	36146.0	WGS	GENOMIC	SINGLE	GridION sequencing
SRR36366877	SRX31395524	SRS27380370	SRP653506	PRJNA1308153	Escherichia coli	167	OXFORD_NANOPORE	GridION	613077406.0	193345.0	WGS	GENOMIC	SINGLE	ONT long-read sequencing of ceftazidime/avibactam resistant Escherichia coli
SRR19820526	SRX15864395	SRS13526121	SRP361569	PRJNA768416	Paenibacillus sp. FSL H3-0329		OXFORD_NANOPORE	MinION	800041274.0	208596.0	WGS	GENOMIC	SINGLE	WGS of Bacilli
ERR12508714	ERX11884762	ERS17744640	ERP153002	PRJEB67987	Mycobacterium tuberculosis		OXFORD_NANOPORE	MinION			WGS	GENOMIC	SINGLE	MinION sequencing
SRR12057834	SRX8586165	SRS6877660	SRP268086	PRJNA485815	Clostridium beijerinckii	DJ059	PACBIO_SMRT	PacBio RS II	986254599.0	254697.0	WGS	GENOMIC	SINGLE	Clostridium beijerinckii DJ059
SRR12280463	SRX8784252	SRS7053029	SRP272861	PRJNA646575	Bacteroides fragilis		OXFORD_NANOPORE	GridION	883474317.0	102897.0	WGS	GENOMIC	SINGLE	WGS  of Bacteroides fragilis group clinical isolates
SRR498088	SRX148635	SRS281883	SRP013241	PRJNA73829	Vibrio cholerae		PACBIO_SMRT	PacBio RS	1299741.0	3586.0	WGS	GENOMIC	SINGLE	Whole Genome Sequencing for N5 (strobe)
ERR15423274	ERX14827218	ERS25261052	ERP176764	PRJEB93885	Klebsiella pneumoniae		OXFORD_NANOPORE	PromethION	798520766.0	143328.0	WGS	GENOMIC	SINGLE	Raw reads: run0_pilot_96_ont_AF17
SRR2140439	SRX1129503	SRS1021105	SRP060752	PRJNA285350	Salmonella enterica subsp. enterica serovar Newport	0211-109	PACBIO_SMRT	PacBio RS II	2854219259.0	163482.0	WGS	GENOMIC	SINGLE	Global investigation of Salmonella enterica serovar Newport-  Newport-0211-109 rep2
SRR14766829	SRX11100199	SRS9165142	SRP323385	PRJNA639797	Pseudomonas atacamensis	SWRI76	OXFORD_NANOPORE	MinION	162055408.0	24902.0	WGS	GENOMIC	SINGLE	Nanopore sequencing of isolate SWRI76
SRR36722101	SRX31726392	SRS27695028	SRP660603	PRJNA1398820	Escherichia coli BL21(DE3)	BL21 (DE3)	OXFORD_NANOPORE	MinION	1350698878.0	350118.0	WGS	GENOMIC	SINGLE	Whole-genome sequencing of phage-resistant E. coli BL21(DE3)
SRR32818739	SRX28102162	SRS24458209	SRP572422	PRJNA1218699	Enterobacter phage CYPEBC011	CYPEBC011	OXFORD_NANOPORE	MinION	180648.0	1.0	WGS	GENOMIC	SINGLE	WGS of bacteriophage CYPEBC011
ERR13600663	ERX12971686	ERS15599462	ERP132614	PRJEB48268	Klebsiella pneumoniae		OXFORD_NANOPORE	GridION	1753315839.0	179573.0	WGS	GENOMIC	SINGLE	GridION sequencing
SRR10444536	SRX7139282	SRS5647944	SRP229818	PRJNA210893	Acetivibrio thermocellus YS	YS	PACBIO_SMRT	PacBio RS II	306631063.0	182358.0	WGS	GENOMIC	SINGLE	Clostridium thermocellum YS
ERR911085	ERX990296	ERS746961	ERP006804	PRJEB7116	Campylobacter jejuni		PACBIO_SMRT	PacBio RS II	294903368.0	82255.0	WGS	GENOMIC	SINGLE	PacBio RS II sequencing
SRR16525262	SRX12727852	SRS10676786	SRP342584	PRJNA768992	Salmonella enterica subsp. enterica serovar Heidelberg	SA02DT10168701	OXFORD_NANOPORE	MinION	170920723.0	46789.0	WGS	GENOMIC	SINGLE	Evaluation of commercial DNA extraction kits for implementation of rapid Nanopore
ERR10499755	ERX10017037	ERS14248191	ERP142363	PRJEB57392	Escherichia coli		OXFORD_NANOPORE	MinION	449149190.0	746095.0	WGS	GENOMIC	PAIRED	MinION paired end sequencing
SRR1980761	SRX998842	SRS912983	SRP057274	PRJNA281410	Helicobacter pylori J99	J99	PACBIO_SMRT	PacBio RS II	1203152826.0	163482.0	WGS	GENOMIC	SINGLE	Helicobacter pylori J99; 20,000 bp library (native DNA)
SRR31980704	SRX27335736	SRS23774295	SRP557020	PRJNA647881	Neisseria polysaccharea	ATCC 43768	OXFORD_NANOPORE	PromethION	728837642.0	71145.0	WGS	GENOMIC	SINGLE	Genome sequencing of Neisseria polysaccharea
SRR33346827	SRX28591044	SRS24859002	SRP581397	PRJNA1255661	Rhizobium rhizogenes	L98/93	OXFORD_NANOPORE	PromethION	192483964.0	32468.0	WGS	GENOMIC	SINGLE	WGS of Agrobacterium L98/93
SRR23725177	SRX19585817	SRS16968694	SRP426074	PRJNA941188	Bacillus subtilis	PRO134	OXFORD_NANOPORE	MinION	491099543.0	53933.0	WGS	GENOMIC	SINGLE	WGS of Bacillus subtilis: cell culture
SRR28445656	SRX24049245	SRS20840578	SRP497734	PRJNA1077798	Alteromonas gracilis	J4	OXFORD_NANOPORE	MinION	3124933.0	1000.0	WGS	GENOMIC	SINGLE	Alteromonas gracilis strain J4, whole genome Nanopore Sequencing
ERR15602677	ERX15005901	ERS26882945	ERP180185	PRJEB97707	Escherichia coli		OXFORD_NANOPORE	MinION	97227866.0	12004.0	WGS	GENOMIC	SINGLE	MinION sequencing
ERR2262568	ERX2314294	ERS1932648	ERP005928	PRJEB6403	Neisseria meningitidis	NCTC8554	PACBIO_SMRT	PacBio RS	1362755649.0	163482.0	WGS	GENOMIC	SINGLE	PacBio RS sequencing
SRR30149473	SRX25617160	SRS21937683	SRP518730	PRJNA1133668	Enterobacter hormaechei	ST171EH21	OXFORD_NANOPORE	MinION	306923352.0	30469.0	WGS	GENOMIC	SINGLE	Nanopore sequencing of clinical CRE isolates: human
SRR32164144	SRX27509473	SRS23928329	SRP560556	PRJNA1147241	Ralstonia sp. Ralssp112	CT11-112	OXFORD_NANOPORE	MinION	657844176.0	151872.0	WGS	GENOMIC	SINGLE	wheat associated bacteria:Ralstonia sp.
SRR17118586	SRX13303142	SRS11212757	SRP040661	PRJNA231221	Parabacteroides distasonis	FDAARGOS_1565	PACBIO_SMRT	Sequel	1192347248.0	120377.0	WGS	GENOMIC	SINGLE	
SRR30896373	SRX26299648	SRS22828371	SRP536878	PRJNA1134622	Escherichia coli	OXEC-30	OXFORD_NANOPORE	MinION	491431815.0	141905.0	WGS	GENOMIC	SINGLE	OXEC-30
SRR18681697	SRX14782800	SRS12539514	SRP368114	PRJNA824420	Escherichia coli	GD02927_ECOL_HY_43	OXFORD_NANOPORE	MinION	271546696.0	33753.0	WGS	GENOMIC	SINGLE	Long-read sequencing of Escherichia coli: isolate #43 blood
SRR12390497	SRX8889019	SRS7148544	SRP275956	PRJNA632196	Chryseobacterium sp. H1D6C	H1D6C	PACBIO_SMRT	PacBio RS II	4877282933.0	726907.0	WGS	GENOMIC	SINGLE	Chryseobacterium sp. H1D6C
SRR31237486	SRX26617394	SRS23115813	SRP543368	PRJNA1102651	Aeromonas veronii	WSXH-1	PACBIO_SMRT	Sequel IIe	347829470.0	54147.0	WGS	GENOMIC	SINGLE	genome of Aeromonas Veronii
SRR31480911	SRX26849412	SRS23333084	SRP547242	PRJNA1188493	Bacillus cereus	C812	OXFORD_NANOPORE	GridION	5155046887.0	1213848.0	WGS	GENOMIC	SINGLE	WGS of Bacillus Cereus
SRR18729595	SRX14829772	SRS12585761	SRP369762	PRJNA825705	Klebsiella pneumoniae	ST-20	OXFORD_NANOPORE	MinION	6137265586.0	772738.0	WGS	GENOMIC	SINGLE	ONT sequencing of Klebsiella pneumoniae: sample KLPN-M138
ERR15204931	ERX14610640	ERS23842153	ERP169379	PRJEB86006	Staphylococcus aureus		OXFORD_NANOPORE	MinION	520320642.0	141190.0	WGS	GENOMIC	SINGLE	Raw reads: GPT24-03-ONT
ERR8170869	ERX7733647	ERS10251028	ERP135086	PRJEB50504	Mycobacterium tuberculosis		OXFORD_NANOPORE	GridION	440348031.0	97949.0	WGS	GENOMIC	SINGLE	GridION sequencing
SRR34973540	SRX30093008	SRS26157918	SRP608514	PRJNA1305037	Enterobacter hormaechei	MI_KPC_803	OXFORD_NANOPORE	PromethION	500000729.0	42116.0	WGS	GENOMIC	SINGLE	KPC CRE collection from state of Michigan
SRR684503	SRX228367	SRS411273	SRP022777	PRJNA82541	Enterococcus columbae DSM 7374 = ATCC 51263	ATCC 51263	PACBIO_SMRT	PacBio RS	110506550.0	81741.0	WGS	GENOMIC	SINGLE	Pacbio whole genome shotgun sequencing of genomic DNA library 'LR_116_Ecolumbae' containing sample 'ATCC51263' from individual 'Enterococcus_columbae_ATCC51263'
ERR10498666	ERX10015955	ERS14255842	ERP142629	PRJEB57633	Escherichia coli		OXFORD_NANOPORE	GridION	62975241.0	8618.0	WGS	GENOMIC	SINGLE	Raw reads: ONT_30602_1#216
SRR17227390	SRX13406688	SRS11309466	SRP350724	PRJNA788764	Klebsiella	Klebsiella aerogenes X	OXFORD_NANOPORE	GridION	1783260968.0	5952031.0	WGS	GENOMIC	SINGLE	Draft Genome Sequence
SRR4236947	SRX2158183	SRS1687604	SRP089403	PRJNA331552	Streptomyces sp. 3214.6	3214.6	PACBIO_SMRT	PacBio RS	574177114.0	138864.0	WGS	GENOMIC	SINGLE	Streptomyces sp.3124.6
SRR389120	SRX111329	SRS004883	SRP001079	PRJNA40077	Cereibacter sphaeroides 2.4.1	2.4.1	PACBIO_SMRT	PacBio RS	40375308.0	81741.0	WGS	GENOMIC	SINGLE	Whole Genome Sequencing and Assembly
SRR21979968	SRX17963135	SRS15479502	SRP403610	PRJNA757133	Escherichia coli	MS20653	OXFORD_NANOPORE	MinION	158537713.0	46246.0	WGS	GENOMIC	SINGLE	NMEC whole genome sequence
DRR572654	DRX556121	DRS426411	DRP012251	PRJDB17574	Escherichia coli	YK-IS1MA-L11-4_G08	OXFORD_NANOPORE	MinION	5078481.0	461.0	WGS	GENOMIC	SINGLE	nanopore-seq of SAMD00748228 L11-4_G8
SRR5725528	SRX2941483	SRS1832377	SRP094480	PRJNA279196	Bordetella pertussis	G807	PACBIO_SMRT	PacBio RS II	1819708953.0	163482.0	WGS	GENOMIC	SINGLE	
SRR31599365	SRX26964318	SRS23434031	SRP549287	PRJNA1185485	Escherichia coli	149	OXFORD_NANOPORE	PromethION	183012366.0	47517.0	WGS	GENOMIC	SINGLE	FW-Pig-barcode61
ERR1883079	ERX1943580	ERS1497513	ERP005928	PRJEB6403	Legionella lansingensis	NCTC12830	PACBIO_SMRT	PacBio RS	1435249436.0	163482.0	WGS	GENOMIC	SINGLE	PacBio RS sequencing
SRR35895921	SRX30945212	SRS26941198	SRP637500	PRJNA1354391	Streptococcus pneumoniae		OXFORD_NANOPORE	PromethION	972330048.0	506301.0	WGS	GENOMIC	SINGLE	WGS of Streptococcus pneumoniae
SRR942718	SRX327564	SRS468191	SRP028222	PRJNA51643	Salmonella enterica subsp. enterica serovar Newport str. USMARC-S3124.1	USMARC-S3124.1	PACBIO_SMRT	PacBio RS	161592239.0	81741.0	WGS	GENOMIC	SINGLE	Salmonella enterica Newport CLR Sequencing
SRR35213139	SRX30317219	SRS26364154	SRP615992	PRJNA1301220	Acinetobacter baumannii	ABO22-A089	OXFORD_NANOPORE	MinION	213246143.0	57581.0	WGS	GENOMIC	SINGLE	Whole geneme sequencing of Acinetobacter baumannii: isolates of the Ab-One study
SRR30427038	SRX25852515	SRS20297347	SRP486696	PRJNA1070974	Propionibacterium freudenreichii	TL19	OXFORD_NANOPORE	PromethION	1104711782.0	365575.0	WGS	GENOMIC	SINGLE	WGS of Propionibacterium freudenreichii strain TL19: CIRM-BIA Culture
SRR33600011	SRX28829545	SRS25061961	SRP585898	PRJNA1263016	Staphylococcus aureus	MW2	OXFORD_NANOPORE	MinION	532718857.0	70419.0	WGS	GENOMIC	SINGLE	WGS long read sequencing of MRSA
SRR8306578	SRX5121080	SRS476382	SRP029479	PRJNA217342	Salmonella enterica subsp. enterica serovar Saintpaul	CFSAN006246	PACBIO_SMRT	Sequel	777065832.0	110670.0	WGS	GENOMIC	SINGLE	Whole genome PacBio Sequel sequence of Salmonella enterica subsp. enterica serovar Saintpaul
SRR9842090	SRX6596800	SRS5161947	SRP216475	PRJNA554021	Bartonella bacilliformis	Hosp800-31	PACBIO_SMRT	PacBio RS II	512310065.0	163482.0	WGS	GENOMIC	SINGLE	DNA Seq of Bartonella bacilliformis Hosp800-31
ERR2246676	ERX2298699	ERS1906615	ERP005928	PRJEB6403	Stutzerimonas stutzeri	NCTC10473	PACBIO_SMRT	PacBio RS	2046706895.0	163482.0	WGS	GENOMIC	SINGLE	PacBio RS sequencing
SRR5181919	SRX2498028	SRS1924881	SRP096895	PRJNA353873	Mycobacterium tuberculosis		PACBIO_SMRT	PacBio RS	415472701.0	163482.0	WGS	GENOMIC	SINGLE	DNA of Mtb
DRR033229	DRX029952	DRS021467	DRP002789	PRJDB3841	Acinetobacter baumannii	HE-A3-PB	PACBIO_SMRT	PacBio RS II	599284037.0	163482.0	WGS	GENOMIC	SINGLE	PacBio RS II sequencing of SAMD00028861
SRR26624655	SRX22325266	SRS19347228	SRP469384	PRJNA1034027	Escherichia coli	EC958	OXFORD_NANOPORE	MinION	954018128.0	373117.0	WGS	GENOMIC	SINGLE	Nanopore of CAUTI Species
ERR2528513	ERX2547394	ERS515509	ERP107863	PRJEB25895	Escherichia coli		PACBIO_SMRT	PacBio RS	669414798.0	163482.0	WGS	GENOMIC	SINGLE	PacBio RS sequencing
ERR12874975	ERX12247401	ERS18825685	ERP158993	PRJEB74306	Caballeronia sp. S22		PACBIO_SMRT	PacBio RS II	5862279966.0	680112.0	WGS	GENOMIC	SINGLE	PacBio RS II sequencing
SRR13575427	SRX9973435	SRS8145954	SRP303741	PRJNA695586	Streptococcus pyogenes	M4C20	OXFORD_NANOPORE	MinION	3038993.0	4000.0	WGS	GENOMIC	SINGLE	Whole genome sequence of Streptococcus pyogenes strain M4C20
SRR2726665	SRX1344501	SRS1118332	SRP064936	PRJNA288377	Aggregatibacter actinomycetemcomitans	624	PACBIO_SMRT	PacBio RS II	1469508739.0	163482.0	WGS	GENOMIC	SINGLE	Genome sequence of Aggregatibacter actinomycetemcomitans strain 624
SRR26051232	SRX21767584	SRS18873871	SRP270336	PRJNA764920	Pantoea agglomerans	SUH1	OXFORD_NANOPORE	MinION	2208122555.0	357774.0	WGS	GENOMIC	SINGLE	Genomic sequence of Pantoea agglomerans SUH1: Nanopore reads
SRR26950659	SRX22644546	SRS19641537	SRP474291	PRJNA1043871	Bacillus sp. PBL-C9	PBL-C9	OXFORD_NANOPORE	MinION	6205888.0	2128.0	WGS	GENOMIC	SINGLE	Bacillus sp. PBL-C9 Genome sequencing and assembly
SRR13327976	SRX9755236	SRS7944861	SRP299781	PRJNA684363	Pseudomonas sp. TH90	TH90	OXFORD_NANOPORE	MinION	843008847.0	459300.0	WGS	GENOMIC	SINGLE	WGS of Pseudomonas sp. : bacterial isolate
SRR30293603	SRX25754258	SRS20715789	SRP447847	PRJNA991976	Xanthomonas citri	WHRI 6104	OXFORD_NANOPORE	PromethION	1156523259.0	245872.0	WGS	GENOMIC	SINGLE	ONT genome sequencing of WHRI 6104
ERR10498544	ERX10015833	ERS14255241	ERP142629	PRJEB57633	Escherichia coli		OXFORD_NANOPORE	GridION	77560080.0	11897.0	WGS	GENOMIC	SINGLE	Raw reads: ONT_30348_2#277
SRR24140025	SRX19938380	SRS17287089	SRP247747	PRJNA604975	Escherichia coli	ox_bsi_280	OXFORD_NANOPORE	GridION	559072937.0	97568.0	WGS	GENOMIC	SINGLE	oxford_bsi
SRR12825098	SRX9292737	SRS7519412	SRP239979	PRJNA599490	Shigella sonnei	6207	OXFORD_NANOPORE	GridION	1623622629.0	122120.0	WGS	GENOMIC	SINGLE	Shigella AMR plasmid
SRR19760416	SRX15805122	SRS13497225	SRP382823	PRJNA850269	Chromobacterium sp. IIBBL 290-4	IIBBL 290-4	PACBIO_SMRT	PacBio RS II	2241653627.0	163482.0	WGS	GENOMIC	SINGLE	PacBio of Chromobacterium sp. 290-4
SRR26139059	SRX21852322	SRS18002652	SRP462527	PRJNA1019817	Escherichia coli	TUM9975	OXFORD_NANOPORE	MinION	693970057.0	66734.0	WGS	GENOMIC	SINGLE	WGS of Enterobacterales: Patient
SRR1923073	SRX963265	SRS403322	SRP019923	PRJNA78389	Salmonella enterica subsp. enterica serovar Hadar str. ATCC 51956	ATCC 51956	PACBIO_SMRT	PacBio RS II	1149929429.0	163482.0	WGS	GENOMIC	SINGLE	Whole genome shotgun sequencing of Salmonella enterica subsp. enterica serovar Hadar str. ATCC 51956 by Pacific Biosciences SMRT
SRR26780951	SRX22479221	SRS19492853	SRP471160	PRJNA1037684	Klebsiella pneumoniae	FAHZZU7042	OXFORD_NANOPORE	PromethION	522225302.0	103657.0	WGS	GENOMIC	SINGLE	Klebsiella pneumoniae
SRR4177013	SRX2141611	SRS1673347	SRP086915	PRJNA303844	Thermostaphylospora chromogena	DSM 43794	PACBIO_SMRT	PacBio RS	758918529.0	204263.0	WGS	GENOMIC	SINGLE	Thermomonospora chromogena DSM 43794
ERR10499092	ERX10016381	ERS14255797	ERP142629	PRJEB57633	Escherichia coli		OXFORD_NANOPORE	GridION	87554694.0	7470.0	WGS	GENOMIC	SINGLE	Raw reads: ONT_30859_5#122
SRR15031868	SRX11343511	SRS9383692	SRP326726	PRJNA737600	Streptomyces sp. GMY02	GMY02	OXFORD_NANOPORE	GridION	9748868.0	4000.0	WGS	GENOMIC	SINGLE	WGS Streptomyces sp. GMY02
ERR10496811	ERX10014130	ERS14248975	ERP142629	PRJEB57633	Escherichia coli		OXFORD_NANOPORE	GridION	85367912.0	15040.0	WGS	GENOMIC	SINGLE	Raw reads: ONT_30602_2#241
ERR13064344	ERX12434868	ERS18677190	ERP155943	PRJEB71065	Enterococcus lactis		PACBIO_SMRT	Sequel II	294104372.0	26433.0	WGS	GENOMIC	SINGLE	Sequel II sequencing
SRR13452148	SRX9865060	SRS8036752	SRP276953	PRJNA605961	Salmonella enterica subsp. enterica serovar Typhimurium	ER3625 descendants	PACBIO_SMRT	PacBio RS II	2216539230.0	163482.0	WGS	GENOMIC	SINGLE	ER3722 PacBio RSII
SRR31647111	SRX27010131	SRS23474481	SRP550213	PRJNA1193534	Staphylococcus aureus	p36814	OXFORD_NANOPORE	GridION	5910066.0	3433.0	WGS	GENOMIC	SINGLE	Genomic Analysis of Plasmids in Animal-Associated Staphylococcus aureus
SRR12936590	SRX9400294	SRS7617962	SRP040661	PRJNA231221	Corynebacterium riegelii	FDAARGOS_1114	PACBIO_SMRT	PacBio RS	411529380.0	163482.0	WGS	GENOMIC	SINGLE	
SRR12711923	SRX9190798	SRS7426798	SRP285370	PRJNA647647	Streptomyces mexicanus	Marseille-Q0842	OXFORD_NANOPORE	GridION	16054913.0	4000.0	WGS	GENOMIC	SINGLE	ONT of Streptomyces mexicanus : Marseille
SRR21696275	SRX17693990	SRS11554265	SRP354045	PRJNA747871	Sphaerisporangium sp. NBC_01403	NBC_01403	OXFORD_NANOPORE	MinION	127119805.0	34848.0	WGS	GENOMIC	SINGLE	nanopore sequencing data from strain NBC_01403
ERR10664181	ERX10133365	ERS2651555	ERP104475	PRJEB22771	Streptococcus pneumoniae		PACBIO_SMRT	Sequel II	968555753.0	137519.0	WGS	GENOMIC	SINGLE	Sequel II sequencing
SRR29316588	SRX24833555	SRS21545386	SRP512379	PRJNA1121190	Vibrio cholerae	118Vc05	OXFORD_NANOPORE	PromethION	228194132.0	77586.0	WGS	GENOMIC	SINGLE	WGS of Vcholerae isolates
ERR15373170	ERX14776855	ERS23666128	ERP169391	PRJEB86018	Haemophilus influenzae		PACBIO_SMRT	Sequel II	298160198.0	29523.0	WGS	GENOMIC	SINGLE	Sequel II sequencing
SRR13386159	SRX9805270	SRS7989345	SRP300861	PRJNA663900	Enterococcus sp. DIV2392	DIV2392	OXFORD_NANOPORE	GridION	552602841.0	62183.0	WGS	GENOMIC	SINGLE	Zoo 3 Enterococcus Diversity Genome sequencing and assembly
ERR12767385	ERX12140539	ERS18536042	ERP158744	PRJEB74044	Escherichia coli	PBIO3942	OXFORD_NANOPORE	MinION	1023236508.0	103522.0	WGS	GENOMIC	SINGLE	MinION sequencing
SRR11460450	SRX8037765	SRS6409975	SRP254815	PRJNA616136	Escherichia coli	8-3-Ti3	OXFORD_NANOPORE	MinION	198860926.0	54228.0	WGS	GENOMIC	SINGLE	WGS of E. coli ST270: human clinical sample
SRR24140126	SRX19938951	SRS17287660	SRP247747	PRJNA604975	Escherichia coli	ox_bsi_610	OXFORD_NANOPORE	GridION	270841622.0	169826.0	WGS	GENOMIC	SINGLE	oxford_bsi
DRR295318	DRX284774	DRS478503	DRP004189	PRJDB5929	Klebsiella pneumoniae	C1331	OXFORD_NANOPORE	GridION	2084154115.0	302775.0	WGS	GENOMIC	SINGLE	GridION sequencing of SAMD00324223
DRR594365	DRX574912	DRS566191	DRP015300	PRJDB18582	Campylobacter jejuni subsp. jejuni	IA525	PACBIO_SMRT	Sequel II	962971563.0	144102.0	WGS	GENOMIC	SINGLE	Sequel II sequencing of SAMD00817462
ERR1466816	ERX1537293	ERS1106939	ERP005928	PRJEB6403	Klebsiella pneumoniae	NCTC13677	PACBIO_SMRT	PacBio RS	2000950673.0	163482.0	WGS	GENOMIC	SINGLE	PacBio RS sequencing
ERR10664160	ERX10133344	ERS2651090	ERP104475	PRJEB22771	Streptococcus pneumoniae		PACBIO_SMRT	Sequel II	965977594.0	134998.0	WGS	GENOMIC	SINGLE	Sequel II sequencing
ERR13383938	ERX12754753	ERS20600474	ERP162044	PRJEB77683	Streptococcus dysgalactiae subsp. equisimilis	SDSE-HUB-6081	OXFORD_NANOPORE	MinION	12940226.0	1672.0	WGS	GENOMIC	SINGLE	MinION sequencing
ERR2125878	ERX2182730	ERS1726469	ERP005928	PRJEB6403	Legionella shakespearei		PACBIO_SMRT	PacBio RS	282105822.0	163482.0	WGS	GENOMIC	SINGLE	PacBio RS sequencing
ERR15941432	ERX15336977	ERS27416748	ERP185476	PRJEB104171	Escherichia coli		OXFORD_NANOPORE	MinION	256795433.0	70267.0	WGS	GENOMIC	SINGLE	MinION sequencing
SRR389258	SRX032451	SRS140100	SRP004712	PRJNA61297	Vibrio cholerae O1 biovar El Tor		PACBIO_SMRT	PacBio RS	107304836.0	60667.0	WGS	GENOMIC	SINGLE	Sequencing for H1 (Haiti, 2010)
SRR13350375	SRX9776331	SRS7963770	SRP300261	PRJNA686374	Klebsiella pneumoniae		OXFORD_NANOPORE	MinION	248301466.0	49060.0	WGS	GENOMIC	SINGLE	Hybrid sequencing Klebsiella pneumoniae
SRR24140240	SRX19938837	SRS17287547	SRP247747	PRJNA604975	Escherichia coli	ox_bsi_183	OXFORD_NANOPORE	GridION	311356361.0	152907.0	WGS	GENOMIC	SINGLE	oxford_bsi
SRR30949817	SRX26352271	SRS22817259	SRP536567	PRJNA1165464	Escherichia coli	Not applicable	OXFORD_NANOPORE	MinION	256906264.0	121629.0	WGS	GENOMIC	SINGLE	Nanopore sequencing of E.coli: blood isolate
SRR6488883	SRX3578733	SRS2848297	SRP130622	PRJNA428773	uncultured bacterium	unknown	OXFORD_NANOPORE	MinION	4997925.0	1684.0	WGS	GENOMIC	SINGLE	WGS of pEG1-1 on MinION (second run)
ERR849503	ERX930414	ERS627823	ERP005928	PRJEB6403	Neisseria weaveri	NCTC13585	PACBIO_SMRT	PacBio RS	1173145021.0	163482.0	WGS	GENOMIC	SINGLE	PacBio RS sequencing
SRR31599330	SRX26964353	SRS23434066	SRP549287	PRJNA1185485	Escherichia coli	252	OXFORD_NANOPORE	PromethION	1493444949.0	292378.0	WGS	GENOMIC	SINGLE	Kleb-3R-barcode91
SRR35556717	SRX30631343	SRS4051342	SRP150360	PRJNA475751	Escherichia coli	EC00695	OXFORD_NANOPORE	MinION	2706693211.0	387969.0	WGS	GENOMIC	SINGLE	WGS Sequencing of Escherichia coli
SRR19519915	SRX15572392	SRS13275252	SRP378127	PRJNA819273	Staphylococcus aureus	IVB6172	PACBIO_SMRT	Sequel II	1612226553.0	141678.0	WGS	GENOMIC	SINGLE	PacBio Sequel sequencing of camel Staphylococcaceae from the Horn of Africa
SRR34827298	SRX29959705	SRS26039950	SRP605729	PRJNA1299779	Brucella	Brucella abortus	OXFORD_NANOPORE	GridION	415269589.0	116745.0	WGS	GENOMIC	SINGLE	One Health Enteric sample from Brucella
SRR26473416	SRX22177347	SRS19234804	SRP250705	PRJNA607328	Yarrowia lipolytica	pex17-1	OXFORD_NANOPORE	MinION	841887579.0	123622.0	WGS	GENOMIC	SINGLE	Yarrowia lipolytica FELIX_MS699 Nanopore
SRR11565284	SRX8134521	SRS6497933	SRP257007	PRJNA576712	Pseudonocardia sp. JKS002507	JKS002507	OXFORD_NANOPORE	MinION	638863404.0	467889.0	WGS	GENOMIC	SINGLE	Oxford Nanopore MinION JKG000034.1
SRR30949838	SRX26352250	SRS22817239	SRP536567	PRJNA1165464	Escherichia coli	Not applicable	OXFORD_NANOPORE	MinION	477904049.0	153989.0	WGS	GENOMIC	SINGLE	Nanopore sequencing of E.coli: blood isolate
SRR24139817	SRX19938588	SRS17287297	SRP247747	PRJNA604975	Escherichia coli	ox_bsi_370	OXFORD_NANOPORE	GridION	288397815.0	89674.0	WGS	GENOMIC	SINGLE	oxford_bsi
SRR13680667	SRX10070041	SRS8231708	SRP303037	PRJNA694442	Salmonella enterica		OXFORD_NANOPORE	GridION	3459562586.0	387652.0	WGS	GENOMIC	SINGLE	Multiplex WGS of Salmonella enterica
SRR10176397	SRX6897805	SRS5430050	SRP168628	PRJNA505407	Escherichia coli	V232	OXFORD_NANOPORE	GridION	583370109.0	107442.0	WGS	GENOMIC	SINGLE	DNA sequencing of Ecoli strain V232
SRR498049	SRX148634	SRS281882	SRP013241	PRJNA73829	Vibrio cholerae		PACBIO_SMRT	PacBio RS	898719.0	2065.0	WGS	GENOMIC	SINGLE	
SRR21696446	SRX17693819	SRS11554525	SRP354045	PRJNA747871	Streptomyces sp. NBC_01268	NBC_01268	OXFORD_NANOPORE	MinION	323658838.0	38082.0	WGS	GENOMIC	SINGLE	nanopore sequencing data from strain NBC_01268
SRR25793397	SRX21515712	SRS8481868	SRP457515	PRJNA1010762	Bacillus toyonensis		OXFORD_NANOPORE	MinION	2157392588.0	356189.0	WGS	GENOMIC	SINGLE	whole-genome sequencing of Bacillus cereus
DRR538176	DRX521995	DRS397810	DRP011824	PRJDB17661	Solibaculum mannosilyticum	i43-0019-1C4	PACBIO_SMRT	Sequel	394204423.0	21442.0	WGS	GENOMIC	SINGLE	Sequel single end sequencing of  SAMD00759026
DRR393622	DRX379441	DRS296955	DRP007849	PRJDB10842	Enterobacter hormaechei subsp. steigerwaltii	JBBBAEF-19-0073	OXFORD_NANOPORE	GridION	964249280.0	116000.0	WGS	GENOMIC	SINGLE	GridION sequencing of SAMD00498247
SRR29777272	SRX25277124	SRS21961042	SRP519287	PRJNA1134122	Listeria monocytogenes	N21-1451	OXFORD_NANOPORE	MinION	389923183.0	73201.0	WGS	GENOMIC	SINGLE	Long read WGS of Listeria monocytogenes: isolate N21-1451
ERR15606609	ERX15009754	ERS26887931	ERP171481	PRJEB88388	Stutzerimonas chloritidismutans	R-90769	OXFORD_NANOPORE	MinION	851389526.0	393792.0	WGS	GENOMIC	SINGLE	Raw reads: Stutzerimonas chloritidismutans R-90769
ERR10498057	ERX10015346	ERS14254341	ERP142629	PRJEB57633	Escherichia coli		OXFORD_NANOPORE	GridION	105018238.0	16286.0	WGS	GENOMIC	SINGLE	Raw reads: ONT_30348_1#358
SRR22121270	SRX18100995	SRS15603915	SRP405589	PRJNA895213	Segatella copri	Ind63-40	OXFORD_NANOPORE	GridION	387965851.0	106879.0	WGS	GENOMIC	SINGLE	WGS of Prevotella copri Ind63-40
SRR16775445	SRX12974711	SRS10915546	SRP215816	PRJNA470993	Staphylococcus aureus		PACBIO_SMRT	PacBio RS II	1276280534.0	165740.0	WGS	GENOMIC	SINGLE	WGS of Staphylococcus aureus
SRR11067276	SRX7707633	SRS6131317	SRP248204	PRJNA546968	Buttiauxella noackiae	NSW 11	PACBIO_SMRT	Sequel	1738444837.0	336762.0	WGS	GENOMIC	SINGLE	Buttiauxella noackiae NSW 11
SRR32584334	SRX27890806	SRS24262132	SRP568071	PRJNA1231784	Mycobacterium	RIF04ugmlmutant04	OXFORD_NANOPORE	GridION	802020492.0	94649.0	WGS	GENOMIC	SINGLE	Genome sequencing of Mycobacterium sp.
SRR31976252	SRX27331425	SRS23506626	SRP074197	PRJNA288601	Enterobacter hormaechei	2024HL-01330	OXFORD_NANOPORE	MinION	1006472323.0	142262.0	WGS	GENOMIC	SINGLE	Long read sequencing of carbapenemase producing organisms
ERR1940984	ERX2001517	ERS1455250	ERP005928	PRJEB6403	Afipia felis	NCTC12499	PACBIO_SMRT	PacBio RS	1035848397.0	163482.0	WGS	GENOMIC	SINGLE	PacBio RS sequencing
SRR9221379	SRX5992007	SRS4897145	SRP191068	PRJNA528511	Escherichia coli	GTEN_198	OXFORD_NANOPORE	GridION	1684946403.0	267631.0	WGS	GENOMIC	SINGLE	Global TravEpiNet AMR surveillance Genome sequencing and assembly
SRR32184223	SRX27529351	SRS16968669	SRP426074	PRJNA941188	Bacillus subtilis	DSM 3257	OXFORD_NANOPORE	GridION	1457727206.0	235036.0	WGS	GENOMIC	SINGLE	WGS of Bacillus subtilis: cell culture
ERR3863217	ERX3875251	ERS4281786	ERP112081	PRJEB29732	Mycobacterium tuberculosis		OXFORD_NANOPORE	MinION	188425774.0	153667.0	WGS	GENOMIC	SINGLE	MinION sequencing
SRR21416113	SRX17420375	SRS13526027	SRP361569	PRJNA768416	Oceanobacillus sp. FSL W7-1309	FSL W7-1309	OXFORD_NANOPORE	MinION	196874691.0	99253.0	WGS	GENOMIC	SINGLE	WGS of Bacilli
SRR33768759	SRX28991319	SRS22397473	SRP444583	PRJNA962904	Citrobacter amalonaticus		PACBIO_SMRT	Sequel II	487848854.0	25800.0	WGS	GENOMIC	SINGLE	PacBio sequencing of AH0111HC2 for ARCH 2
SRR30149341	SRX25617292	SRS21937360	SRP518730	PRJNA1133668	Klebsiella oxytoca	ST30KO3	OXFORD_NANOPORE	MinION	26156140.0	7653.0	WGS	GENOMIC	SINGLE	Nanopore sequencing of clinical CRE isolates: human
SRR23471057	SRX19374131	SRS7260919	SRP422715	PRJNA878812	Pseudomonas aeruginosa	2020CK-00185	OXFORD_NANOPORE	GridION	253471167.0	21423.0	WGS	GENOMIC	SINGLE	Nanopore sequencing of ARLN isolate
SRR9647280	SRX6408852	SRS5066294	SRP213187	PRJNA546630	Sphingobacterium sp. JUb56	JUb56	PACBIO_SMRT	Sequel	2269952625.0	476218.0	WGS	GENOMIC	SINGLE	Sphingobacterium sp. JUb56
SRR4237160	SRX2158396	SRS1687796	SRP089590	PRJNA331288	Paraburkholderia phenazinium	GAS86	PACBIO_SMRT	PacBio RS	560910772.0	140254.0	WGS	GENOMIC	SINGLE	Burkholderia phenazinium GAS86
SRR17030007	SRX13219929	SRS11145629	SRP347662	PRJNA774104	Enterococcus faecium	S8-5	OXFORD_NANOPORE	MinION	713629502.0	171953.0	WGS	GENOMIC	SINGLE	Long read sequencing of Enterococcus faecium S8-5
SRR16525745	SRX12728254	SRS10337000	SRP357534	PRJNA801415	Enterobacter cloacae	1	OXFORD_NANOPORE	GridION	2201426720.0	302676.0	WGS	GENOMIC	SINGLE	Extensive diversification and dissemination of blaNDM carbapenemase plasmids in Enterobacterales in Singapore 2010-2015
ERR12031450	ERX11414994	ERS16321557	ERP149275	PRJEB64143	Streptococcus pneumoniae	HUB-01990	OXFORD_NANOPORE	MinION	35889851.0	12735.0	WGS	GENOMIC	SINGLE	MinION sequencing
SRR35850895	SRX30900359	SRS26900546	SRP636871	PRJNA1334387	Microbacterium testaceum	ABV4_178	OXFORD_NANOPORE	GridION	3585538876.0	979046.0	WGS	GENOMIC	SINGLE	WGS of Microbacterium testaceum: Marine biofilm
DRR900272	DRX878093	DRS495677	DRP013756	PRJDB35717	Haemophilus influenzae		OXFORD_NANOPORE	MinION	922136991.0	187428.0	WGS	GENOMIC	SINGLE	MinION sequencing of SAMD01599404
SRR9722550	SRX6480219	SRS5130325	SRP215816	PRJNA470993	Staphylococcus aureus	ER00799.3	PACBIO_SMRT	PacBio RS II	853906927.0	119906.0	WGS	GENOMIC	SINGLE	WGS of Staphylococcus aureus
SRR8054542	SRX4884183	SRS3932954	SRP165734	PRJNA496461	Klebsiella pneumoniae	KLPN_101	OXFORD_NANOPORE	MinION	6363238319.0	794150.0	WGS	GENOMIC	SINGLE	nanopore seq of klebsiella pneumoniae
ERR10176082	ERX9712555	ERS13444799	ERP132884	PRJEB48506	Salmonella enterica subsp. enterica serovar Paratyphi A		OXFORD_NANOPORE	MinION	611700023.0	300472.0	WGS	GENOMIC	SINGLE	MinION sequencing; Raw reads: SEAP7506905_MinION
DRR576619	DRX560084	DRS404893	DRP012012	PRJDB18362	Chryseobacterium sp. KCF3-3	KCF3-3	PACBIO_SMRT	Revio	247205453.0	18579.0	WGS	GENOMIC	SINGLE	Revio sequencing of SAMD00797993
SRR7721907	SRX4578799	SRS3693236	SRP158403	PRJNA281531	Pasteurella multocida	USDA-ARS-USMARC-60213	PACBIO_SMRT	PacBio RS II	3237314055.0	163482.0	WGS	GENOMIC	SINGLE	WGS of Pasteurella multocida USDA-ARS-USMARC-60213
ERR879375	ERX958778	ERS654929	ERP005928	PRJEB6403	Staphylococcus caprae	NCTC12196	PACBIO_SMRT	PacBio RS	1463871308.0	163482.0	WGS	GENOMIC	SINGLE	PacBio RS sequencing
SRR4169988	SRX2139328	SRS1671413	SRP086386	PRJNA303549	Pseudomonas fluorescens	ATCC 13525	PACBIO_SMRT	PacBio RS	342151546.0	117753.0	WGS	GENOMIC	SINGLE	Pseudomonas fluorescens ATCC 13525
SRR19049477	SRX15120856	SRS12864959	SRP373300	PRJNA819544	Faecalibacterium sp. I3-3-89	I3-3-89	PACBIO_SMRT	Sequel II	1700003204.0	300107.0	WGS	GENOMIC	SINGLE	long reads for I3-3-89
ERR2632364	ERX2648858	ERS1103834	ERP014552	PRJEB13014	Streptococcus pyogenes		PACBIO_SMRT	PacBio RS	2144652733.0	163482.0	WGS	GENOMIC	SINGLE	PacBio RS sequencing
SRR27198275	SRX22878341	SRS19850552	SRP477750	PRJNA1052001	Microbacterium plantarum	CoE-159-22	OXFORD_NANOPORE	GridION	333059802.0	70214.0	WGS	GENOMIC	SINGLE	Complete genome of Microbacterium plantarum
SRR30934834	SRX26337475	SRS22863377	SRP537571	PRJNA1168290	Paenibacillus sp. TAB_01	TAB_01	OXFORD_NANOPORE	MinION	1603035.0	202.0	WGS	GENOMIC	SINGLE	Paenibacillus sp. TAB 01 from cotton plant tissue
SRR353431	SRX101292	SRS259597	SRP008033	PRJNA68213	Escherichia coli O104:H4 str. 09-7901	09-7901	PACBIO_SMRT	PacBio RS	98901882.0	81741.0	WGS	GENOMIC	SINGLE	Genome Sequencing and Assembly of E. coli O104:H4 strains
SRR29050575	SRX24575404	SRS5810804	SRP040281	PRJNA230403	Salmonella enterica	2016AM-1778	OXFORD_NANOPORE	GridION	1407056531.0	332816.0	WGS	GENOMIC	SINGLE	ONT long-read whole genome sequencing of Salmonella typhi
SRR8489306	SRX5293893	SRS4293195	SRP042343	PRJNA243331	Vibrio vulnificus	29306	PACBIO_SMRT	Sequel	1331886690.0	207937.0	WGS	GENOMIC	SINGLE	Whole genome PacBio Sequel sequence of Vibrio vulnificus
SRR35071088	SRX30184933	SRS26244941	SRP610420	PRJNA1308807	Escherichia coli	Ec_520	OXFORD_NANOPORE	MinION	760840427.0	66038.0	WGS	GENOMIC	SINGLE	Oxford Nanopore sequences of an isolated E. coli strain from wastewater
SRR33769310	SRX28991459	SRS22397436	SRP444583	PRJNA962904	Escherichia coli		PACBIO_SMRT	Sequel II	419283009.0	17785.0	WGS	GENOMIC	SINGLE	PacBio sequencing of AH0052HE2 for ARCH 2
SRR27972596	SRX23625857	SRS20465750	SRP489819	PRJNA1076692	Klebsiella pneumoniae	RIVM_C059189_dorado	OXFORD_NANOPORE	MinION	144962191.0	35143.0	WGS	GENOMIC	SINGLE	RIVM_C059189_dorado
SRR24035307	SRX19837954	SRS17196845	SRP430325	PRJNA944978	Ralstonia sp. AB8-16	AB8-16	OXFORD_NANOPORE	GridION	159246465.0	40774.0	WGS	GENOMIC	SINGLE	Genome sequencing of Harvard Forest soil isolates
SRR4181439	SRX2142675	SRS1674119	SRP086981	PRJNA334662	Rhodococcus opacus	DSM 44240	PACBIO_SMRT	PacBio RS	958490247.0	219184.0	WGS	GENOMIC	SINGLE	Rhodococcus percolatus DSM 44240
SRR8859052	SRX5646548	SRS4592139	SRP191068	PRJNA528511	Escherichia coli	GTEN_20	OXFORD_NANOPORE	GridION	2826901971.0	701699.0	WGS	GENOMIC	SINGLE	Global TravEpiNet AMR surveillance Genome sequencing and assembly
SRR25466799	SRX21199622	SRS18458348	SRP452337	PRJNA1000618	Escherichia coli	Escherichia coli BL21(DE3)	OXFORD_NANOPORE	MinION	6341878.0	3998.0	WGS	GENOMIC	SINGLE	CASTVK transposition with different condition
SRR24940056	SRX20699052	SRS17912307	SRP444247	PRJNA984319	Escherichia coli	TUM13770	OXFORD_NANOPORE	MinION	545658221.0	50148.0	WGS	GENOMIC	SINGLE	Full-length genome sequencing of Enterobacterales: Patient's tracheal secretions
ERR10420080	ERX9948553	ERS6795050	ERP109413	PRJEB27342	Klebsiella quasipneumoniae subsp. similipneumoniae		PACBIO_SMRT	Sequel II	5545909521.0	923360.0	WGS	GENOMIC	SINGLE	Sequel II sequencing
SRR32364718	SRX27699428	SRS21122641	SRP444583	PRJNA962904	Escherichia coli		PACBIO_SMRT	Sequel II	157298328.0	5758.0	WGS	GENOMIC	SINGLE	PacBio sequencing of AS6098E1 for ARCH 1.0
SRR27467532	SRX23139098	SRS20090155	SRP482617	PRJNA942599	Mammaliicoccus sciuri	Dog009_1	PACBIO_SMRT	Sequel II	1391846597.0	128297.0	WGS	GENOMIC	SINGLE	PacBio sequencing of canine Staphylococcaceae isolated from a Kenyan shelter in June 2021
SRR30949782	SRX26352306	SRS22817009	SRP536567	PRJNA1165464	Escherichia coli	Not applicable	OXFORD_NANOPORE	MinION	579521719.0	184167.0	WGS	GENOMIC	SINGLE	Nanopore sequencing of E.coli: blood isolate
SRR22859952	SRX18818631	SRS16251760	SRP414408	PRJNA914892	Staphylococcus aureus	C249	OXFORD_NANOPORE	MinION	256196389.0	36311.0	WGS	GENOMIC	SINGLE	Long read ONT WGS of Staphylococcus aureus isolates from Chronic Rhinosinusitis Patients
SRR13089732	SRX9535646	SRS7742114	SRP293329	PRJNA679678	Escherichia coli	HVM2044	OXFORD_NANOPORE	MinION	814389952.0	123803.0	WGS	GENOMIC	SINGLE	Nanopore sequencing reads for Escherichia coli strain HVM2044
SRR24511743	SRX20296208	SRS17622245	SRP437177	PRJNA957422	Rhodococcus sp. SORGH_AS_0303	SORGH_AS_0303	PACBIO_SMRT	Sequel IIe	732666332.0	82440.0	WGS	GENOMIC	SINGLE	Rhodococcus sp. SORGH_AS303
SRR901701	SRX306478	SRS445426	SRP026065	PRJNA203575	Mycobacterium avium MAV_120809_2495	MAV_120809_2495	PACBIO_SMRT	PacBio RS	307230607.0	81741.0	WGS	GENOMIC	SINGLE	
ERR15942159	ERX15337704	ERS27418077	ERP171251	PRJEB88111	Clostridium perfringens	CP_59B	OXFORD_NANOPORE	PromethION	1687551152.0	329453.0	WGS	GENOMIC	SINGLE	Raw reads: DTU_2024_1035990_100_SI_CP_59B_SE
SRR35851006	SRX30900248	SRS26900598	SRP636871	PRJNA1334387	Thalassospira sp. ABD4_177	ABD4_177	OXFORD_NANOPORE	GridION	2483206609.0	522154.0	WGS	GENOMIC	SINGLE	WGS of Thalassospira sp.: Marine biofilm
SRR9047995	SRX5824467	SRS4752522	SRP051949	PRJNA271899	Klebsiella pneumoniae	MGH366	OXFORD_NANOPORE	GridION	1098504144.0	148281.0	WGS	GENOMIC	SINGLE	Sequencing of Carbapenem resistant bacteria
SRR9047977	SRX5824485	SRS4752540	SRP051949	PRJNA271899	Enterobacter cloacae	MGH322	OXFORD_NANOPORE	GridION	132149322.0	135286.0	WGS	GENOMIC	SINGLE	Sequencing of Carbapenem resistant bacteria
SRR31286350	SRX26665341	SRS22821631	SRP074197	PRJNA288601	Klebsiella pneumoniae	2024CK-01495	OXFORD_NANOPORE	GridION	3957810771.0	2221253.0	WGS	GENOMIC	SINGLE	Nanopore sequencing of ARLN isolate
SRR26386672	SRX22092771	SRS19158732	SRP466359	PRJNA660241	Salmonella sp. C2610	C2610	PACBIO_SMRT	PacBio RS	1525597800.0	5085326.0	WGS	GENOMIC	PAIRED	Salmonella enterica Genome sequencing
SRR29777290	SRX25277106	SRS21961023	SRP519287	PRJNA1134122	Listeria monocytogenes	N22-1391	OXFORD_NANOPORE	MinION	472224135.0	82286.0	WGS	GENOMIC	SINGLE	Long read WGS of Listeria monocytogenes: isolate N22-1391
SRR873688	SRX290747	SRS431861	SRP023572	PRJNA176660	Vibrio parahaemolyticus 10290	10290	PACBIO_SMRT	PacBio RS	284472781.0	81741.0	WGS	GENOMIC	SINGLE	
SRR4176962	SRX2141560	SRS1673316	SRP086905	PRJNA303877	Pseudomonas marginalis	LMG 17761	PACBIO_SMRT	PacBio RS	781177965.0	324681.0	WGS	GENOMIC	SINGLE	Pseudomonas panacis BS2778
ERR10491036	ERX10010347	ERS7104677	ERP109413	PRJEB27342	Klebsiella pneumoniae		PACBIO_SMRT	Sequel II	5764900153.0	749084.0	WGS	GENOMIC	SINGLE	Sequel II sequencing
SRR16525485	SRX12728000	SRS10336743	SRP357534	PRJNA801415	Enterobacter cloacae	418	OXFORD_NANOPORE	GridION	1521700264.0	276877.0	WGS	GENOMIC	SINGLE	Extensive diversification and dissemination of blaNDM carbapenemase plasmids in Enterobacterales in Singapore 2010-2015
ERR159996	ERX135923	ERS088717	ERP001163	PRJEB2848	Staphylococcus aureus subsp. aureus TW20	TW20	PACBIO_SMRT	PacBio RS	139541807.0	81741.0	WGS	GENOMIC	SINGLE	
SRR8179069	SRX4999169	SRS4034049	SRP040661	PRJNA231221	Klebsiella pneumoniae	FDAARGOS_567	PACBIO_SMRT	PacBio RS	312940978.0	163482.0	WGS	GENOMIC	SINGLE	
DRR493245	DRX477444	DRS205596	DRP007742	PRJDB10568	Serratia marcescens	E24	OXFORD_NANOPORE	MinION	541528919.0	86032.0	WGS	GENOMIC	SINGLE	MinION sequencing of SAMD00247280
SRR34348759	SRX29513885	SRS25651019	SRP597976	PRJNA782441	Dehalobacter sp. DCM	DCM	PACBIO_SMRT	PacBio RS II	4294593599.0	618349.0	WGS	GENOMIC	SINGLE	Dichloromethane-degrading Dehalobacter
SRR4176956	SRX2141554	SRS1673315	SRP086904	PRJNA303868	Pseudomonas poae	LMG 21465	PACBIO_SMRT	PacBio RS	758667791.0	235268.0	WGS	GENOMIC	SINGLE	Pseudomonas poae BS2776
SRR19646381	SRX15696366	SRS13392713	SRP380121	PRJNA848627	Comamonadaceae bacterium	OTU4NAUVB1	PACBIO_SMRT	Sequel II	155679320.0	19121.0	WGS	GENOMIC	SINGLE	OTU4NAUVB1
SRR18463449	SRX14595736	SRS12365288	SRP365681	PRJNA782605	Streptomyces somaliensis	MRC016	OXFORD_NANOPORE	MinION	1517480773.0	327430.0	WGS	GENOMIC	SINGLE	WGS of Mycetoma strains isolated from patients in sudan.
SRR16122822	SRX12408281	SRS10376322	SRP339398	PRJNA762190	Acinetobacter guillouiae	PgBE136	PACBIO_SMRT	Sequel	2784730255.0	356801.0	WGS	GENOMIC	SINGLE	Whole genome sequence of PgBE136
ERR10498095	ERX10015384	ERS14254304	ERP142629	PRJEB57633	Escherichia coli		OXFORD_NANOPORE	GridION	140913691.0	21920.0	WGS	GENOMIC	SINGLE	Raw reads: ONT_30348_1#98
ERR15498326	ERX14902255	ERS066304	ERP000943	PRJEB2705	Staphylococcus haemolyticus	51-41	PACBIO_SMRT	Sequel	72259490.0	13000.0	WGS	GENOMIC	SINGLE	Sequel sequencing
DRR451320	DRX436411	DRS284059	DRP009701	PRJDB13655	Thalassotalea agarivorans	JCM 13379	OXFORD_NANOPORE	MinION	357241725.0	43168.0	WGS	GENOMIC	SINGLE	MinION sequencing of SAMD00582805
ERR10497849	ERX10015138	ERS14254784	ERP142629	PRJEB57633	Escherichia coli		OXFORD_NANOPORE	GridION	134927247.0	21325.0	WGS	GENOMIC	SINGLE	Raw reads: ONT_30224_1#358
SRR16525548	SRX12728451	SRS10337034	SRP357537	PRJNA801416	Klebsiella pneumoniae	14	OXFORD_NANOPORE	GridION	1790981942.0	240326.0	WGS	GENOMIC	SINGLE	Extensive diversification and dissemination of blaNDM carbapenemase plasmids in Enterobacterales in Singapore 2010-2015
ERR14721140	ERX14122565	ERS23803932	ERP170064	PRJEB86764	Staphylococcus aureus		OXFORD_NANOPORE	MinION	655697490.0	182101.0	WGS	GENOMIC	SINGLE	EXP-21-1-2025-03-12_13-03-36
SRR31879101	SRX27237990	SRS23684080	SRP555050	PRJNA1205886	Escherichia coli	BH_014_EC1	OXFORD_NANOPORE	MinION	639111317.0	68825.0	WGS	GENOMIC	SINGLE	WGS of Escherichia coli : Wastewater
SRR30596867	SRX26019601	SRS22591568	SRP531440	PRJNA1092388	Aeromonas dhakensis	044458	PACBIO_SMRT	Sequel IIe	334949482.0	43923.0	WGS	GENOMIC	SINGLE	HIFI of Aeromonas dhakensis:173
SRR32204170	SRX27545641	SRS23960614	SRP561120	PRJNA1214876	Ekhidna algicida	To15	OXFORD_NANOPORE	MinION	36234678.0	4000.0	WGS	GENOMIC	SINGLE	Ekhidna algicida strain To15 genome
SRR9620230	SRX6383251	SRS5042856	SRP212575	PRJNA547252	Pseudonocardia hierapolitana	DSM 45671	PACBIO_SMRT	Sequel	939275832.0	265178.0	WGS	GENOMIC	SINGLE	Pseudonocardia hierapolitana DSM 45671
DRR286396	DRX275853	DRS173722	DRP004119	PRJDB6565	Escherichia coli	E301-30d-3p2	OXFORD_NANOPORE	MinION	4432923452.0	591183.0	WGS	GENOMIC	SINGLE	MinION sequencing of SAMD00254148
SRR386503	SRX109806	SRS212337	SRP007233	PRJNA64879	Fusobacterium animalis F0419	OT 420	PACBIO_SMRT	PacBio RS	52738187.0	81741.0	WGS	GENOMIC	SINGLE	Whole Genome Sequencing and Assembly
SRR279918	SRX077040	SRS401892	SRP007207	PRJNA68253	Escherichia coli O104:H4 str. C227-11	C227-11	PACBIO_SMRT	PacBio RS	181642087.0	81741.0	WGS	GENOMIC	SINGLE	Whole Genome Sequencing of E. coli isolate C227-11 (Long subread)
ERR10879092	ERX10323842	ERS14626533	ERP143848	PRJEB58776	Legionella pneumophila		OXFORD_NANOPORE	GridION	1147339675.0	105176.0	WGS	GENOMIC	SINGLE	GridION sequencing
SRR15989018	SRX12277849	SRS9998791	SRP357534	PRJNA801415	Escherichia coli	-	OXFORD_NANOPORE	GridION	901587763.0	134155.0	WGS	GENOMIC	SINGLE	Whole Genome Sequencing of Carbapenemase-producing Enterobacterales (CPE)
SRR33768473	SRX28991003	SRS22397408	SRP444583	PRJNA962904	Escherichia coli		PACBIO_SMRT	Sequel II	609896448.0	31215.0	WGS	GENOMIC	SINGLE	PacBio sequencing of A227003HE1 for ARCH 2
ERR9682724	ERX9231715	ERS11816111	ERP120185	PRJEB36919	Campylobacter jejuni		PACBIO_SMRT	Sequel II	80609010.0	9804.0	WGS	GENOMIC	SINGLE	Sequel II sequencing
SRR10918242	SRX7585556	SRS6019247	SRP243630	PRJNA566822	Saccharothrix violaceirubra	DSM 45084	PACBIO_SMRT	Sequel	3107177964.0	959612.0	WGS	GENOMIC	SINGLE	Saccharothrix violaceirubra DSM 45084
ERR10676365	ERX10144129	ERS14333464	ERP143248	PRJEB58185	Campylobacter coli		OXFORD_NANOPORE	MinION	113886260.0	226552.0	WGS	GENOMIC	PAIRED	MinION paired end sequencing
ERR16064623	ERX15454805	ERS28397758	ERP173262	PRJEB90249	Staphylococcus aureus		OXFORD_NANOPORE	GridION	441577538.0	94722.0	WGS	GENOMIC	SINGLE	GridION sequencing
SRR33366298	SRX28610274	SRS24878432	SRP500352	PRJNA1097666	Klebsiella aerogenes	21AR0759	OXFORD_NANOPORE	GridION	408083583.0	52716.0	WGS	GENOMIC	SINGLE	Klebsiella aerogenes strain 21AR0759
SRR901658	SRX306460	SRS445416	SRP026060	PRJNA203571	Mycobacteroides abscessus MAB_110811_1470	MAB_110811_1470	PACBIO_SMRT	PacBio RS	322687039.0	81741.0	WGS	GENOMIC	SINGLE	
SRR17873550	SRX14032918	SRS11868075	SRP358106	PRJNA800461	Romboutsia hominis	OA2	PACBIO_SMRT	Sequel	6028737636.0	1420659.0	WGS	GENOMIC	SINGLE	DNA Seq of Romboutsia hominis OA2
SRR23387324	SRX19325119	SRS16451697	SRP395888	PRJNA812595	Acinetobacter baumannii	2022CK-00783	OXFORD_NANOPORE	GridION	312331343.0	34395.0	WGS	GENOMIC	SINGLE	Nanopore sequencing of ARLN isolate
SRR16249301	SRX12529052	SRS10489306	SRP040661	PRJNA231221	Clostridioides difficile	FDAARGOS_1528	PACBIO_SMRT	Sequel	758864048.0	81114.0	WGS	GENOMIC	SINGLE	
SRR22890800	SRX18848698	SRS16280066	SRP414793	PRJNA871981	plant metagenome		PACBIO_SMRT	Sequel	18682169.0	12334.0	WGS	GENOMIC	SINGLE	Microbial diversity of alfalfa
SRR27362885	SRX23039427	SRS20000587	SRP480268	PRJNA1057774	Staphylococcus aureus	LA72	OXFORD_NANOPORE	MinION	123173370.0	59767.0	WGS	GENOMIC	SINGLE	DNA-Seq of Staphylococcus aureus: human colonisation palm swab
ERR15602630	ERX15005854	ERS26882898	ERP180185	PRJEB97707	Escherichia coli		OXFORD_NANOPORE	MinION	441777738.0	75110.0	WGS	GENOMIC	SINGLE	MinION sequencing
ERR9939439	ERX9482838	ERS12345049	ERP138720	PRJEB53905	Haemophilus influenzae	HUB-P08-HI19	OXFORD_NANOPORE	MinION	821919526.0	141142.0	WGS	GENOMIC	SINGLE	MinION sequencing
SRR19236889	SRX15297671	SRS13024504	SRP375511	PRJNA838264	Glutamicibacter arilaitensis	CCS165	OXFORD_NANOPORE	MinION	652705222.0	73973.0	WGS	GENOMIC	SINGLE	Nanopore WGS of CCS165
DRR097325	DRX090821	DRS100158	DRP005160	PRJDB5843	Helicobacter pylori	OK185	PACBIO_SMRT	PacBio RS II	1798076117.0	163482.0	WGS	GENOMIC	SINGLE	PacBio RS II sequencing of SAMD00084461
SRR30949445	SRX26352039	SRS22817363	SRP536567	PRJNA1165464	Escherichia coli	Not applicable	OXFORD_NANOPORE	MinION	643529969.0	86219.0	WGS	GENOMIC	SINGLE	Nanopore sequencing of E.coli: blood isolate
SRR5165180	SRX2482161	SRS1913753	SRP096398	PRJNA242420	Mesorhizobium japonicum MAFF 303099	MAFF 303099	PACBIO_SMRT	PacBio RS	153753340.0	98767.0	WGS	GENOMIC	SINGLE	Mesorhizobium loti MAFF303099 bacteroid in symbiosis with Lotus japonicus
DRR472215	DRX456444	DRS305516	DRP010030	PRJDB15919	Polynucleobacter sp. HIN7	HIN7	PACBIO_SMRT	Sequel II	159795315.0	11551.0	WGS	GENOMIC	SINGLE	Sequel II sequencing of SAMD00613835
SRR364897	SRX032455	SRS140104	SRP004712	PRJNA61297	Vibrio cholerae O1		PACBIO_SMRT	PacBio RS	36970616.0	60667.0	WGS	GENOMIC	SINGLE	Sequencing for C6 (Peru, 1991)
SRR28345613	SRX23952148	SRS20752673	SRP495250	PRJNA1087979	Vibrio cholerae	Sudan_2019_19	OXFORD_NANOPORE	MinION	481962459.0	202685.0	WGS	GENOMIC	SINGLE	Genomic Seq of cholera: human stool 46
SRR29820048	SRX25318903	SRS21988512	SRP519730	PRJNA1135485	Salmonella		OXFORD_NANOPORE	MinION	774313623.0	150884.0	WGS	GENOMIC	SINGLE	WGS Salmonella isolates from cattle
SRR33417243	SRX28658187	SRS24926917	SRP582914	PRJNA992958	Salmonella enterica subsp. enterica serovar Corvallis	38344_11	OXFORD_NANOPORE	MinION	186908268.0	46587.0	WGS	GENOMIC	SINGLE	Nanopore DNA-Seq of Salmonella spp
SRR30352277	SRX25810499	SRS22441478	SRP504944	PRJNA1106512	Pseudomonas aeruginosa	PA6559	OXFORD_NANOPORE	MinION	1590443397.0	371496.0	WGS	GENOMIC	SINGLE	Whole genome sequencing of Pseudomonas aeruginosaPA6559
SRR32324008	SRX27659106	SRS23790461	SRP074197	PRJNA288601	Escherichia coli		OXFORD_NANOPORE	GridION	871292393.0	151179.0	WGS	GENOMIC	SINGLE	Nanopore sequencing of ARLN isolate
DRR217704	DRX208039	DRS214899	DRP007978	PRJDB9461	Klebsiella pneumoniae	OCU_hvKP1	OXFORD_NANOPORE	MinION	157979091.0	21247.0	WGS	GENOMIC	SINGLE	MinION sequencing of SAMD00212274
SRR6148268	SRX3260283	SRS2573618	SRP098614	PRJNA362284	Staphylococcus aureus	HSAU10	PACBIO_SMRT	PacBio RS II	1425264966.0	163482.0	WGS	GENOMIC	SINGLE	PacBio P6 isolated bacteria
SRR19552029	SRX15604037	SRS13304897	SRP378750	PRJNA846333	Shigella sonnei	S18BD03411	OXFORD_NANOPORE	MinION	613113823.0	115708.0	WGS	GENOMIC	SINGLE	MinION reads of Shigella S18BD03411
SRR30934771	SRX26337538	SRS22863377	SRP537571	PRJNA1168290	Paenibacillus sp. TAB_01	TAB_01	OXFORD_NANOPORE	MinION	1696552.0	210.0	WGS	GENOMIC	SINGLE	Paenibacillus sp. TAB 01 from cotton plant tissue
ERR15660925	ERX15065703	ERS26934222	ERP179947	PRJEB97396	Mycobacterium tuberculosis		OXFORD_NANOPORE	MinION			WGS	GENOMIC	SINGLE	MinION sequencing
ERR3986932	ERX3988959	ERS4380866	ERP120516	PRJEB37212	Escherichia coli		OXFORD_NANOPORE	MinION	349123213.0	67790.0	WGS	GENOMIC	SINGLE	MinION sequencing; Oxfordshire gram negative bacteraemias
ERR10187964	ERX9723553	ERS13449976	ERP122470	PRJEB39003	Escherichia coli		PACBIO_SMRT	PacBio RS	623841140.0	70098.0	WGS	GENOMIC	SINGLE	PacBio RS sequencing; Raw reads: ECAZ01_PACBIO
SRR28811914	SRX24375239	SRS21131895	SRP504151	PRJNA1104797	Xanthomonas campestris pv. raphani	bglFP 6815	OXFORD_NANOPORE	PromethION	996025115.0	46210.0	WGS	GENOMIC	SINGLE	Genome sequencing of Xanthomonas campestris pv. raphani: strain bglFP 6815
SRR15415598	SRX11717483	SRS1717831	SRP332089	PRJNA528413	Escherichia coli O157:H7	MB41-1	PACBIO_SMRT	PacBio RS II	2073345646.0	163482.0	WGS	GENOMIC	SINGLE	Genome sequencing of E. coli O157:H7 and O55:H7 strains
SRR30655730	SRX26075834	SRS22644075	SRP555365	PRJNA1206708	Klebsiella pneumoniae	DSM30104_Rep4	OXFORD_NANOPORE	GridION	1059701132.0	278809.0	WGS	GENOMIC	SINGLE	Nanopore reproducibility
SRR2857718	SRX1396985	SRS1024449	SRP062079	PRJNA238813	Burkholderia mallei	India86-567-2	PACBIO_SMRT	PacBio RS II	1026285211.0	368718.0	WGS	GENOMIC	PAIRED	BMG_PacBio
SRR10211330	SRX6930914	SRS5461209	SRP191068	PRJNA528511	Escherichia coli	GTEN_398	OXFORD_NANOPORE	GridION	1897939626.0	647244.0	WGS	GENOMIC	SINGLE	Global TravEpiNet AMR surveillance Genome sequencing and assembly
SRR21630271	SRX17630744	SRS11554504	SRP354045	PRJNA747871	Streptomyces achromogenes	NBC_00156	OXFORD_NANOPORE	MinION	472526302.0	140666.0	WGS	GENOMIC	SINGLE	nanopore sequencing data from strain NBC_00156
SRR24726902	SRX20504811	SRS17809917	SRP439388	PRJNA975905	Enterococcus faecium		OXFORD_NANOPORE	MinION	226327615.0	26264.0	WGS	GENOMIC	SINGLE	DNA Sequencing of Enterococcus faecium
ERR10664137	ERX10133321	ERS2650852	ERP104475	PRJEB22771	Streptococcus pneumoniae		PACBIO_SMRT	Sequel II	1322450719.0	204620.0	WGS	GENOMIC	SINGLE	Sequel II sequencing
ERR3956275	ERX3964080	ERS3739593	ERP113355	PRJEB30866	Escherichia coli		PACBIO_SMRT	Sequel	2426959555.0	610962.0	WGS	GENOMIC	SINGLE	Sequel sequencing
SRR16525652	SRX12728347	SRS10336839	SRP357534	PRJNA801415	Klebsiella pneumoniae	147	OXFORD_NANOPORE	GridION	481590899.0	105820.0	WGS	GENOMIC	SINGLE	Extensive diversification and dissemination of blaNDM carbapenemase plasmids in Enterobacterales in Singapore 2010-2015
SRR22751708	SRX18712745	SRS16154382	SRP413264	PRJNA878811	Citrobacter freundii	1445558	OXFORD_NANOPORE	GridION	1425599961.0	150756.0	WGS	GENOMIC	SINGLE	WGS of Citrobacter freundii
SRR33705239	SRX28930700	SRS25168333	SRP587677	PRJNA1187867	Enterococcus sp.	E. faecium HWP072:4A	OXFORD_NANOPORE	PromethION	63592274.0	32000.0	WGS	GENOMIC	SINGLE	E. faecium HWP072:4A
SRR9849557	SRX6604156	SRS5169136	SRP216572	PRJNA556977	Bordetella pertussis	NZ29	OXFORD_NANOPORE	MinION	1353008556.0	223533.0	WGS	GENOMIC	SINGLE	ONT sequencing of Bordetella pertussis NZ29
SRR29516549	SRX25026836	SRS14972698	SRP395888	PRJNA812595	Klebsiella michiganensis	2022CK-00479	OXFORD_NANOPORE	GridION	1310536899.0	458101.0	WGS	GENOMIC	SINGLE	Nanopore sequencing of ARLN isolate
ERR12670839	ERX12044971	ERS18300007	ERP149678	PRJEB64503	Haemophilus parainfluenzae ATCC 33392	HUB-HP16543	OXFORD_NANOPORE	MinION	44543556.0	15890.0	WGS	GENOMIC	SINGLE	MinION sequencing
SRR12298481	SRX8801586	SRS6792782	SRP266402	PRJNA605147	Escherichia coli	RHBSTW-00026	PACBIO_SMRT	PacBio RS II	1068358965.0	131766.0	WGS	GENOMIC	SINGLE	PACBIO_SMRT sequencing of Escherichia coli isolate WTP4|T1-00026 cultured from WTP downstream sample
SRR12326962	SRX8827196	SRS7091760	SRP273606	PRJNA646605	Salmonella enterica	S15BD05371	OXFORD_NANOPORE	MinION	659572863.0	92666.0	WGS	GENOMIC	SINGLE	MinION reads of Salmonella enterica S15BD05371
SRR18306479	SRX14443886	SRS12250708	SRP363681	PRJNA814380	Escherichia coli	DH10B	PACBIO_SMRT	Sequel II	2750969818.0	236684.0	WGS	GENOMIC	SINGLE	Pacbio of E.coli
SRR34973725	SRX30093118	SRS26157986	SRP608514	PRJNA1305037	Klebsiella pneumoniae	MI_KPC_540	OXFORD_NANOPORE	PromethION	377089602.0	72644.0	WGS	GENOMIC	SINGLE	KPC CRE collection from state of Michigan
SRR35674090	SRX30725576	SRS26742280	SRP561673	PRJNA1219398	Pasteurella multocida	222960	OXFORD_NANOPORE	MinION	344367054.0	74547.0	WGS	GENOMIC	SINGLE	DNA-Seq of Pasteurella multocida 222960
ERR5353262	ERX5141297	ERS5753004	ERP126298	PRJEB42440	Escherichia coli		OXFORD_NANOPORE	MinION	715546532.0	181713.0	WGS	GENOMIC	SINGLE	MinION sequencing
ERR4184111	ERX4147402	ERS4590931	ERP121870	PRJEB38443	Pseudomonas putida		OXFORD_NANOPORE	MinION	794785245.0	157978.0	WGS	GENOMIC	SINGLE	MinION sequencing; Raw reads: Nanopore_BB1484
SRR14871186	SRX11188632	SRS9244933	SRP324862	PRJNA736470	Streptococcus equi subsp. equi	SEE_19-066	PACBIO_SMRT	Sequel	1407220020.0	204804.0	WGS	GENOMIC	SINGLE	PacBio whole genome sequencing of Streptococcu equi
SRR21630435	SRX17630964	SRS14987015	SRP354045	PRJNA747871	Streptomyces sp. NBC_00539	NBC_00539	OXFORD_NANOPORE	MinION	534650103.0	83668.0	WGS	GENOMIC	SINGLE	nanopore sequencing data from strain NBC_00539
SRR31599273	SRX26964410	SRS23434118	SRP549287	PRJNA1185485	Escherichia coli	376	OXFORD_NANOPORE	PromethION	1581220033.0	267252.0	WGS	GENOMIC	SINGLE	pig-inf-barcode09
SRR33323157	SRX28567627	SRS24861734	SRP581476	PRJNA1255637	Pseudomonas aeruginosa	ONT-PA05	OXFORD_NANOPORE	GridION	1233748551.0	243135.0	WGS	GENOMIC	SINGLE	ONT-PA05
ERR10123279	ERX9660343	ERS12841972	ERP139464	PRJEB54630	Escherichia coli		OXFORD_NANOPORE	MinION	1096949358.0	213353.0	WGS	GENOMIC	SINGLE	MinION sequencing; Raw reads: 21067608-2_long_read
SRR32364781	SRX27699365	SRS21131105	SRP444583	PRJNA962904	Escherichia coli		PACBIO_SMRT	Sequel II	75007560.0	3589.0	WGS	GENOMIC	SINGLE	PacBio sequencing of CS5330E2 for ARCH 1.0
SRR9047926	SRX5824536	SRS4752591	SRP051949	PRJNA271899	Klebsiella pneumoniae	MGH342A	OXFORD_NANOPORE	GridION	1174615239.0	140103.0	WGS	GENOMIC	SINGLE	Sequencing of Carbapenem resistant bacteria
SRR13328077	SRX9755135	SRS7944845	SRP299781	PRJNA684363	Bacillus sp. TH57	TH57	OXFORD_NANOPORE	MinION	4953158.0	56049.0	WGS	GENOMIC	SINGLE	WGS of Bacillus sp. : bacterial isolate
SRR6349681	SRX3446436	SRS2736646	SRP126201	PRJNA420145	Enterobacter cancerogenus	CR-Eb1	PACBIO_SMRT	PacBio RS II	721041509.0	163482.0	WGS	GENOMIC	SINGLE	Genome sequencing of Enterobacter sp. CR-Eb1
SRR4235000	SRX2156299	SRS1686292	SRP088361	PRJNA331824	Lacrimispora sphenoides	DSM 4024	PACBIO_SMRT	PacBio RS	19100297.0	6185.0	WGS	GENOMIC	SINGLE	Desulfotomaculum guttoideum DSM 4024
SRR36797914	SRX31784434	SRS27747135	SRP661661	PRJNA1389824	Enterobacter ludwigii		OXFORD_NANOPORE	MinION	335110304.0	86280.0	WGS	GENOMIC	SINGLE	evolved microcosm clones
SRR27972528	SRX23625925	SRS20465406	SRP489819	PRJNA1076692	Klebsiella pneumoniae	RIVM_C050151_rerio	OXFORD_NANOPORE	MinION	357030201.0	96658.0	WGS	GENOMIC	SINGLE	RIVM_C050151_rerio
SRR27962356	SRX23618766	SRS20459143	SRP489640	PRJNA998543	Staphylococcus epidermidis	HRSE 11	OXFORD_NANOPORE	MinION	1514154916.0	101454.0	WGS	GENOMIC	SINGLE	S. epidermidis isolated from Han River whole genome sequencing
SRR9722822	SRX6480387	SRS5130451	SRP215816	PRJNA470993	Staphylococcus aureus	pt233	PACBIO_SMRT	PacBio RS II	1281454201.0	178979.0	WGS	GENOMIC	SINGLE	WGS of Staphylococcus aureus
SRR22860015	SRX18818568	SRS16251830	SRP414408	PRJNA914892	Staphylococcus aureus	C58	OXFORD_NANOPORE	MinION	66692862.0	12830.0	WGS	GENOMIC	SINGLE	Long read ONT WGS of Staphylococcus aureus isolates from Chronic Rhinosinusitis Patients
SRR26130632	SRX21844048	SRS18942064	SRP462289	PRJNA1016909	Streptomyces sviceus	SAI-218	PACBIO_SMRT	Sequel IIe	511147742.0	97235.0	WGS	GENOMIC	SINGLE	Streptomyces sviceus SAI-218
ERR8007777	ERX7573446	ERS9899421	ERP131998	PRJEB47698	Escherichia coli		OXFORD_NANOPORE	MinION	956936290.0	216674.0	WGS	GENOMIC	SINGLE	MinION sequencing
ERR1173479	ERX1246908	ERS846859	ERP005928	PRJEB6403	Staphylococcus aureus	NCTC13141	PACBIO_SMRT	PacBio RS	3019684409.0	163482.0	WGS	GENOMIC	SINGLE	PacBio RS sequencing
SRR27136113	SRX22817945	SRS18454249	SRP395888	PRJNA812595	Campylobacter jejuni	PNUSAC037670	OXFORD_NANOPORE	GridION	465386045.0	60557.0	WGS	GENOMIC	SINGLE	Nanopore sequencing of PULSENET isolate
SRR644324	SRX209658	SRS379417	SRP017524	PRJNA183628	Escherichia coli str. K-12 substr. MG1655	K-12 substr. MG1655	PACBIO_SMRT	PacBio RS	38390997.0	60667.0	WGS	GENOMIC	SINGLE	WGA E. coli genome DNA sequenced by FCR chemistry
SRR17036753	SRX13226639	SRS11151631	SRP321296	PRJNA732654	Salmonella enterica subsp. enterica serovar Kentucky	ZTA19/00794	OXFORD_NANOPORE	MinION	592348172.0	87874.0	WGS	GENOMIC	SINGLE	Salmonella sequencing
DRR704760	DRX684793	DRS487179	DRP013557	PRJDB18009	Escherichia coli	K11421	OXFORD_NANOPORE	MinION	1119072183.0	85697.0	WGS	GENOMIC	SINGLE	MinION sequencing of SAMD00771154
DRR393603	DRX379422	DRS296936	DRP007849	PRJDB10842	Klebsiella pneumoniae subsp. pneumoniae	JBAGAAD-19-0142	OXFORD_NANOPORE	GridION	486951796.0	93882.0	WGS	GENOMIC	SINGLE	GridION sequencing of SAMD00497798
SRR5829407	SRX3006749	SRS1832372	SRP094480	PRJNA279196	Bordetella pertussis	H787	PACBIO_SMRT	PacBio RS II	1130712206.0	163482.0	WGS	GENOMIC	SINGLE	
SRR9174984	SRX5947647	SRS4859674	SRP040661	PRJNA231221	Yersinia intermedia	FDAARGOS_729	PACBIO_SMRT	PacBio RS	648875133.0	163482.0	WGS	GENOMIC	SINGLE	
SRR31038683	SRX26423968	SRS22943445	SRP539359	PRJNA1174726	Bacillus thuringiensis serovar tenebrionis	Bacillus thuringiensis serovar tenebrionis 4AA1	PACBIO_SMRT	Sequel IIe	369393477.0	62759.0	WGS	GENOMIC	SINGLE	Whole genome sequence of control evolved Btt isolate #2
SRR1004230	SRX361073	SRS488063	SRP030622	PRJNA178996	Ehrlichia chaffeensis str. Wakulla	Wakulla	PACBIO_SMRT	PacBio RS	292210332.0	81741.0	WGS	GENOMIC	SINGLE	
ERR14225722	ERX13625998	ERS18294147	ERP156237	PRJEB71438	Streptomyces canus		OXFORD_NANOPORE	MinION			WGS	GENOMIC	SINGLE	MinION sequencing
ERR4763191	ERX4636244	ERS5247937	ERP124695	PRJEB40976	Enterococcus faecalis		OXFORD_NANOPORE	GridION	1767543643.0	85997.0	WGS	GENOMIC	SINGLE	GridION sequencing; Raw reads: 28157_4#348
SRR26684650	SRX22384553	SRS2253624	SRP108140	PRJNA313452	Enterococcus termitis	4C2_DIV0658	PACBIO_SMRT	Sequel	1144051399.0	297009.0	WGS	GENOMIC	SINGLE	long-read sequence of novel enterococcal species
ERR581082	ERX539169	ERS437415	ERP005355	PRJEB5919	Salmonella enterica subsp. enterica serovar Typhi		PACBIO_SMRT	PacBio RS	682045423.0	163482.0	WGS	GENOMIC	SINGLE	PacBio RS sequencing
SRR8551240	SRX5353153	SRS4344415	SRP184728	PRJNA521375	Thiospirochaeta perfilievii	P	PACBIO_SMRT	PacBio RS II	684596990.0	163482.0	WGS	GENOMIC	SINGLE	SpeP
ERR1787514	ERX1851237	ERS1273880	ERP005928	PRJEB6403	Yokenella regensburgei	NCTC11966	PACBIO_SMRT	PacBio RS	138269923.0	163482.0	WGS	GENOMIC	SINGLE	PacBio RS sequencing
SRR36496389	SRX31517806	SRS27497188	SRP656241	PRJNA1293716	Borreliella burgdorferi	Bb16 134	OXFORD_NANOPORE	MinION	200164810.0	60046.0	WGS	GENOMIC	SINGLE	Whole genome sequencing of Borrelia burgdorferi Strain Bb16 134
SRR31555838	SRX26921885	SRS23398941	SRP548427	PRJNA1192303	Shigella flexneri	2a	OXFORD_NANOPORE	GridION	448363319.0	228921.0	WGS	GENOMIC	SINGLE	WGS of Shigella sonnei 2021/2022
SRR9904156	SRX6655979	SRS5216941	SRP217415	PRJNA558442	Escherichia coli	1061_d4	OXFORD_NANOPORE	GridION	888857792.0	188838.0	WGS	GENOMIC	SINGLE	Plasmid d4
DRR520003	DRX503889	DRS477441	DRP013349	PRJDB12871	Enterococcus faecium	MRY19-56	OXFORD_NANOPORE	MinION	1700113188.0	144237.0	WGS	GENOMIC	SINGLE	MinION sequencing of SAMD00665367
SRR19858367	SRX15901893	SRS13590442	SRP383692	PRJNA853172	Escherichia coli		OXFORD_NANOPORE	MinION	92690773.0	25614.0	WGS	GENOMIC	SINGLE	Long read sequencing of MDR E. coli from Laos
SRR13680660	SRX10070048	SRS8231701	SRP303037	PRJNA694442	Salmonella enterica		OXFORD_NANOPORE	GridION	2038220783.0	256795.0	WGS	GENOMIC	SINGLE	Multiplex WGS of Salmonella enterica
SRR11844338	SRX8394684	SRS6707778	SRP263555	PRJNA485518	Citrobacter werkmanii	Cb_CB1_SE1_NDM_08_2017	OXFORD_NANOPORE	MinION	2827941507.0	401578.0	WGS	GENOMIC	SINGLE	nanopore sequencing of Citrobacter Cb_CB1_SE1_NDM_08_2017
SRR14628207	SRX10968966	SRS9046506	SRP321015	PRJNA731114	Pseudomonas aeruginosa	PaLo533	OXFORD_NANOPORE	MinION	423684381.0	91451.0	WGS	GENOMIC	SINGLE	Nanopore sequencing of Pseudomonas aeruginosa isolates
ERR10498349	ERX10015638	ERS14255385	ERP142629	PRJEB57633	Escherichia coli		OXFORD_NANOPORE	GridION	100798271.0	14202.0	WGS	GENOMIC	SINGLE	Raw reads: ONT_30345_1#155
SRR18500025	SRX14631402	SRS12397838	SRP366220	PRJNA819214	Acinetobacter baumannii	JAB186	OXFORD_NANOPORE	MinION	594285529.0	84978.0	WGS	GENOMIC	SINGLE	Oxford Nanopore sequencing of Acinetobacter baumannii strain JAB186
SRR26516985	SRX22220528	SRS19275601	SRP467024	PRJNA1028802	Vibrio parahaemolyticus	missing	OXFORD_NANOPORE	MinION	1339140315.0	441034.0	WGS	GENOMIC	SINGLE	Pathogenic vibrio species whole genome sequencing in west sea korea.
SRR24007045	SRX19810445	SRS17171540	SRP429992	PRJNA950057	Burkholderia vietnamiensis	BUV135A_M1	PACBIO_SMRT	Sequel	902428223.0	189007.0	WGS	GENOMIC	SINGLE	Genome sequencing of Burkholderia vietnamiensis: serially collected isolates from a single patient
ERR12488038	ERX11864121	ERS17744587	ERP153002	PRJEB67987	Mycobacterium tuberculosis		OXFORD_NANOPORE	MinION	379134987.0	115298.0	WGS	GENOMIC	SINGLE	MinION sequencing
SRR11747671	SRX8301005	SRS6619078	SRP260949	PRJNA607129	Campylobacter concisus	P13UCO-S1	OXFORD_NANOPORE	MinION	105584519.0	34052.0	WGS	GENOMIC	SINGLE	Nanopore sequence of Campylobacter concisus
SRR15342189	SRX11646444	SRS9679590	SRP331089	PRJNA561159	Agrobacterium tumefaciens	SJ003	OXFORD_NANOPORE	GridION	695855631.0	79335.0	WGS	GENOMIC	SINGLE	Nanopore reads of A. tumefaciens
SRR21465912	SRX17469771	SRS10214066	SRP395888	PRJNA812595	Acinetobacter baumannii	2021CK-01300	OXFORD_NANOPORE	GridION	315298807.0	46583.0	WGS	GENOMIC	SINGLE	Nanopore sequencing of ARLN isolate
ERR9030417	ERX8573827	ERS10792328	ERP133548	PRJEB49093	Mycobacterium tuberculosis	Lineage 4.1.1.1	OXFORD_NANOPORE	MinION	437694166.0	423121.0	WGS	GENOMIC	SINGLE	MinION sequencing; Raw reads: 17_616156-nanopore
SRR7955922	SRX4789608	SRS3868700	SRP163140	PRJNA493236	Listeria monocytogenes	52854	PACBIO_SMRT	PacBio RS II	390073682.0	163482.0	WGS	GENOMIC	SINGLE	Genomic-based identification of environmental and clinical Listeria monocytogenes strains associated with an abortion outbreak in beef heifers
SRR29200884	SRX24720867	SRS21443922	SRP510188	PRJNA1116835	Pseudomonas aeruginosa		PACBIO_SMRT	Sequel II	985159361.0	145684.0	WGS	GENOMIC	SINGLE	WGS of Pseudomonas aeruginosa from an 83-year-old male patient
SRR21696209	SRX17694057	SRS14987412	SRP354045	PRJNA747871	Streptomyces albidoflavus	NBC_01616	OXFORD_NANOPORE	MinION	378777539.0	39213.0	WGS	GENOMIC	SINGLE	nanopore sequencing data from strain NBC_01616
SRR33769491	SRX28991871	SRS22396998	SRP444583	PRJNA962904	Escherichia coli		PACBIO_SMRT	Sequel II	1607117186.0	120876.0	WGS	GENOMIC	SINGLE	PacBio sequencing of AH0149HE1 for ARCH 2
ERR10497894	ERX10015183	ERS14254414	ERP142629	PRJEB57633	Escherichia coli		OXFORD_NANOPORE	GridION	121637971.0	21524.0	WGS	GENOMIC	SINGLE	Raw reads: ONT_30345_1#122
ERR2125692	ERX2182544	ERS1487949	ERP005928	PRJEB6403	Clostridium tetani	NCTC540	PACBIO_SMRT	PacBio RS	1348183197.0	163482.0	WGS	GENOMIC	SINGLE	PacBio RS sequencing
SRR31990049	SRX27344990	SRS23782247	SRP557179	PRJNA1210162	Streptococcus pyogenes	GAS	OXFORD_NANOPORE	MinION	36678687.0	23788.0	WGS	GENOMIC	SINGLE	WGS of GAS
SRR9004650	SRX5783219	SRS4716001	SRP194610	PRJNA538214	Kitasatospora atroaurantiaca	DSM 41649	PACBIO_SMRT	Sequel	1613593707.0	446766.0	WGS	GENOMIC	SINGLE	Kitasatospora atroaurantiaca DSM 41649
ERR2560197	ERX2578541	ERS2462113	ERP108555	PRJEB26560	Neisseria gonorrhoeae		OXFORD_NANOPORE	MinION	3937838741.0	366121.0	WGS	GENOMIC	SINGLE	MinION sequencing
ERR15693057	ERX15097258	ERS26984878	ERP171481	PRJEB88388	Pseudomonas veronii	R-92581	OXFORD_NANOPORE	MinION	1272239821.0	1019379.0	WGS	GENOMIC	SINGLE	Raw reads: Pseudomonas veronii R-92581
SRR18117832	SRX14268402	SRS12087433	SRP361201	PRJNA809755	Escherichia coli	not collected	OXFORD_NANOPORE	GridION	363380622.0	53919.0	WGS	GENOMIC	SINGLE	E.coli CFN_9449
SRR10295170	SRX7007989	SRS5529105	SRP225971	PRJNA395903	Mycoplasmopsis bovis	NADC51	PACBIO_SMRT	PacBio RS II	3530579860.0	163482.0	WGS	GENOMIC	SINGLE	Whole genome sequencing of Mycoplasma bovis strain NADC51
SRR35785755	SRX30835084	SRS26843729	SRP632095	PRJNA1345082	Escherichia coli	13-2015-C34	OXFORD_NANOPORE	PromethION	42324479.0	13878.0	WGS	GENOMIC	SINGLE	WGS of persistently-infected Escherichia coli strain restreaks
DRR707967	DRX687988	DRS603315	DRP016123	PRJDB35593	Bordetella pertussis	2501-015	OXFORD_NANOPORE	MinION	1025645087.0	198724.0	WGS	GENOMIC	SINGLE	MinION sequencing of SAMD01593375
SRR10918447	SRX7585690	SRS6019351	SRP051949	PRJNA271899	Klebsiella pneumoniae	OC-CRE-9055	OXFORD_NANOPORE	GridION	468578815.0	124721.0	WGS	GENOMIC	SINGLE	Sequencing of Carbapenem resistant bacteria
SRR31369794	SRX26743395	SRS23232356	SRP545638	PRJNA1187009	Escherichia coli	5-1-8	OXFORD_NANOPORE	PromethION	919398177.0	49567.0	WGS	GENOMIC	SINGLE	Whole genome of bovine commensal Escherichia coli from feces of Holstein dairy cow
SRR30149264	SRX25617369	SRS21937462	SRP518730	PRJNA1133668	Klebsiella aerogenes	ST93KA1	OXFORD_NANOPORE	MinION	80244773.0	7635.0	WGS	GENOMIC	SINGLE	Nanopore sequencing of clinical CRE isolates: human
SRR26081293	SRX21796150	SRS17937006	SRP441769	PRJNA979260	Micromonospora sp. FIMYZ51	FIMYZ51	OXFORD_NANOPORE	GridION	1495873021.0	372238.0	WGS	GENOMIC	SINGLE	WGS
SRR35071145	SRX30184876	SRS26244882	SRP610420	PRJNA1308807	Escherichia coli	Ec_434	OXFORD_NANOPORE	MinION	805619800.0	78667.0	WGS	GENOMIC	SINGLE	Oxford Nanopore sequences of an isolated E. coli strain from wastewater
SRR11048318	SRX7698341	SRS6122825	SRP247779	PRJNA345944	Actinomadura luteofluorescens	DSM 40398	PACBIO_SMRT	Sequel	77155088.0	15484.0	WGS	GENOMIC	SINGLE	Actinomadura luteofluorescens DSM 40398
SRR13380294	SRX9803276	SRS7987560	SRP300808	PRJNA649533	Salmonella enterica		OXFORD_NANOPORE	GridION	3514060477.0	609700.0	WGS	GENOMIC	SINGLE	ISF salmonella
SRR32655871	SRX27959917	SRS24326297	SRP569671	PRJNA912210	Synechococcus sp. MIT S9508	MIT S9508	PACBIO_SMRT	Sequel	73942278.0	10037.0	WGS	GENOMIC	SINGLE	PacBio HiFi data of Synechococcus sp. MIT S9508
DRR675277	DRX655379	DRS465477	DRP013085	PRJDB19418	Acinetobacter baumannii	ABAY09004	OXFORD_NANOPORE	MinION	846431686.0	37492.0	WGS	GENOMIC	SINGLE	MinION sinlge-end Sequencing of KAS22050724 (KAE22339960)
SRR35213333	SRX30317302	SRS26364237	SRP615992	PRJNA1301220	Acinetobacter baumannii	ABO21-A019	OXFORD_NANOPORE	MinION	548510580.0	101188.0	WGS	GENOMIC	SINGLE	Whole geneme sequencing of Acinetobacter baumannii: isolates of the Ab-One study
SRR25778655	SRX21501161	SRS18732636	SRP457287	PRJNA1010209	Mycobacterium tuberculosis	CT2018-00097	OXFORD_NANOPORE	MinION	1035136810.0	439331.0	WGS	GENOMIC	SINGLE	WGS from BCCM_097 Oxford Nanopore
SRR30342899	SRX25801250	SRS22432728	SRP528120	PRJNA1150149	Enterococcus faecium	ST117	OXFORD_NANOPORE	MinION	261017481.0	33825.0	WGS	GENOMIC	SINGLE	ONT long-read sequencing of potential healthcare transmission pathogens
SRR9661795	SRX6422689	SRS5079482	SRP213928	PRJNA553190	Escherichia coli	SynA-FisC	OXFORD_NANOPORE	MinION	113327675.0	11846.0	WGS	GENOMIC	SINGLE	Fission_C_SynA_Nanopore
SRR26413117	SRX22118395	SRS16091172	SRP412517	PRJNA910977	Klebsiella pneumoniae	P0007	PACBIO_SMRT	Sequel II	718023615.0	59942.0	WGS	GENOMIC	SINGLE	WGS of K. pneumoniae
SRR13680604	SRX10070104	SRS8231703	SRP303037	PRJNA694442	Salmonella enterica		OXFORD_NANOPORE	GridION	377423216.0	58289.0	WGS	GENOMIC	SINGLE	Multiplex WGS of Salmonella enterica
SRR23347699	SRX19289334	SRS16690584	SRP421131	PRJNA931653	Escherichia coli K-12	K-12	OXFORD_NANOPORE	GridION	27379547.0	4000.0	WGS	GENOMIC	SINGLE	Nanopore sequencing of Ciprofloxacin challenged E. coli
SRR35224293	SRX30327945	SRS26372315	SRP616549	PRJNA1314197	Mycobacterium tuberculosis	DM97	OXFORD_NANOPORE	PromethION	25039351.0	13747.0	WGS	GENOMIC	SINGLE	Adaptive sampling of M. tb DNA mixture (100% Resistant), Rep 3
SRR35071049	SRX30184972	SRS26244980	SRP610420	PRJNA1308807	Escherichia coli	Ec_008	OXFORD_NANOPORE	MinION	1663097187.0	218309.0	WGS	GENOMIC	SINGLE	Oxford Nanopore sequences of an isolated E. coli strain from wastewater
SRR30896317	SRX26299704	SRS22828425	SRP536878	PRJNA1134622	Escherichia coli	OXEC-449	OXFORD_NANOPORE	MinION	685135812.0	186186.0	WGS	GENOMIC	SINGLE	OXEC-449
DRR097305	DRX090801	DRS100138	DRP005160	PRJDB5843	Helicobacter pylori	F226	PACBIO_SMRT	PacBio RS II	1662645869.0	163482.0	WGS	GENOMIC	SINGLE	PacBio RS II sequencing of SAMD00084441
SRR35213160	SRX30317198	SRS26364133	SRP615992	PRJNA1301220	Acinetobacter baumannii	ABO22-A067	OXFORD_NANOPORE	MinION	384172553.0	40817.0	WGS	GENOMIC	SINGLE	Whole geneme sequencing of Acinetobacter baumannii: isolates of the Ab-One study
SRR32972727	SRX28245829	SRS24593491	SRP576427	PRJNA1190511	Yersinia pestis	19022	PACBIO_SMRT	Sequel	3306643987.0	294967.0	WGS	GENOMIC	SINGLE	WGS of Yersinia pestis: cultured strain 19022
SRR901545	SRX306371	SRS445374	SRP026055	PRJNA203565	Mycobacteroides abscessus MAB_030201_1075	MAB_020201_1075	PACBIO_SMRT	PacBio RS	293211128.0	81741.0	WGS	GENOMIC	SINGLE	
DRR582519	DRX563072	DRS399765	DRP011882	PRJDB18368	Kitasatospora sp. CMC57	CMC57	OXFORD_NANOPORE	PromethION	1571758694.0	174414.0	WGS	GENOMIC	SINGLE	PromethION sequencing of SAMD00798169
SRR13448628	SRX9861903	SRS8041966	SRP295672	PRJNA681856	Salmonella enterica	LHICA_E3	OXFORD_NANOPORE	MinION	37999128.0	4000.0	WGS	GENOMIC	SINGLE	WGS of Salmonella Lhica E3_76
ERR13600585	ERX12971608	ERS15599374	ERP132614	PRJEB48268	Klebsiella pneumoniae		OXFORD_NANOPORE	GridION	263128066.0	9016.0	WGS	GENOMIC	SINGLE	GridION sequencing
DRR195583	DRX186000	DRS111887	DRP005531	PRJDB8187	Xanthomonas campestris pv. campestris	MAFF302021	PACBIO_SMRT	PacBio RS II	1594793660.0	163482.0	WGS	GENOMIC	SINGLE	PacBio RS II sequencing of SAMD00166935
ERR10452937	ERX9976392	ERS6795166	ERP109413	PRJEB27342	Klebsiella oxytoca		PACBIO_SMRT	Sequel II	491719749.0	72534.0	WGS	GENOMIC	SINGLE	Sequel II sequencing
SRR30944937	SRX26347467	SRS22853365	SRP537443	PRJNA1170947	Serratia marcescens	CAV1492	OXFORD_NANOPORE	MinION	746212732.0	62052.0	WGS	GENOMIC	SINGLE	Whole Genome Sequencing of CAV3988: Sink-3PS
SRR34798594	SRX29931592	SRS26029390	SRP255655	PRJNA622823	Thermus sp. 93170	93170	PACBIO_SMRT	PacBio RS II	1847338593.0	163482.0	WGS	GENOMIC	SINGLE	PacBio Sequencing of Thermus species 93170
ERR15195395	ERX14601069	ERS25142056	ERP160948	PRJEB76420	Escherichia coli		OXFORD_NANOPORE	MinION			WGS	GENOMIC	SINGLE	MinION sequencing
SRR31733719	SRX27096026	SRS23554698	SRP432102	PRJNA954566	Vibrio cholerae	O1	OXFORD_NANOPORE	MinION	1411247323.0	394841.0	WGS	GENOMIC	SINGLE	Oxford Nanopore sequencing of Vibrio cholerae
SRR15989584	SRX12277955	SRS9998997	SRP357537	PRJNA801416	Escherichia coli	405	OXFORD_NANOPORE	GridION	1391562043.0	170043.0	WGS	GENOMIC	SINGLE	Whole Genome Sequencing of Carbapenemase-producing Enterobacterales (CPE)
SRR9047957	SRX5824505	SRS4752560	SRP051949	PRJNA271899	Klebsiella pneumoniae	MGH265	OXFORD_NANOPORE	GridION	1306591524.0	522274.0	WGS	GENOMIC	SINGLE	Sequencing of Carbapenem resistant bacteria
ERR15423961	ERX14827905	ERS25261080	ERP176764	PRJEB93885	Citrobacter portucalensis		OXFORD_NANOPORE	PromethION	1774450440.0	235683.0	WGS	GENOMIC	SINGLE	Raw reads: run0_pilot_96_ont_AF42
SRR32470882	SRX27785224	SRS24163249	SRP565996	PRJNA1177815	Enterococcus faecium	2004-1570	OXFORD_NANOPORE	MinION	323463065.0	60803.0	WGS	GENOMIC	SINGLE	WGS of Enterococcus faecium: Ionophore-resisistance in broiler isolates
ERR13194312	ERX12565177	ERS20185824	ERP160059	PRJEB75483	Neorhizobium tomejilense		OXFORD_NANOPORE	MinION	234274242.0	26876.0	WGS	GENOMIC	SINGLE	MinION sequencing
SRR10211287	SRX6930957	SRS5461252	SRP191068	PRJNA528511	Klebsiella pneumoniae	GTEN_315	OXFORD_NANOPORE	GridION	671497423.0	222945.0	WGS	GENOMIC	SINGLE	Global TravEpiNet AMR surveillance Genome sequencing and assembly
ERR2125683	ERX2182535	ERS1487940	ERP005928	PRJEB6403	Mycolicibacterium tokaiense	NCTC10821	PACBIO_SMRT	PacBio RS	910606678.0	163482.0	WGS	GENOMIC	SINGLE	PacBio RS sequencing
SRR23347646	SRX19289387	SRS16690584	SRP421131	PRJNA931653	Escherichia coli K-12	K-12	OXFORD_NANOPORE	GridION	33209581.0	4000.0	WGS	GENOMIC	SINGLE	Nanopore sequencing of Ciprofloxacin challenged E. coli
DRR538178	DRX521997	DRS397812	DRP011824	PRJDB17661	Bacteroides ovatus	k02-0075-H2-1	PACBIO_SMRT	Sequel	516662439.0	35381.0	WGS	GENOMIC	SINGLE	Sequel single end sequencing of  SAMD00759028
SRR4052362	SRX2041924	SRS710519	SRP047738	PRJNA210206	Methanosarcina soligelidi	SMA-21	PACBIO_SMRT	PacBio RS	212496534.0	70657.0	WGS	GENOMIC	SINGLE	Methanosarcina sp. SMA-21
DRR232369	DRX222591	DRS144589	DRP006262	PRJDB9551	Lactococcus lactis	11/19B-1	OXFORD_NANOPORE	GridION	9134301589.0	971850.0	WGS	GENOMIC	SINGLE	GridION sequencing of SAMD00228249
ERR10155809	ERX9691929	ERS6426051	ERP109413	PRJEB27342	Klebsiella spallanzanii		PACBIO_SMRT	Sequel II	6056676973.0	942484.0	WGS	GENOMIC	SINGLE	Sequel II sequencing
SRR386359	SRX109870	SRS212334	SRP007230	PRJNA64831	Bacteroides finegoldii CL09T03C10	CL09T03C10	PACBIO_SMRT	PacBio RS	30247870.0	81741.0	WGS	GENOMIC	SINGLE	Whole Genome Sequencing and Assembly
SRR27972981	SRX23626184	SRS20465528	SRP489819	PRJNA1076692	Staphylococcus aureus	RIVM_M097013_rerio	OXFORD_NANOPORE	MinION	244999881.0	86976.0	WGS	GENOMIC	SINGLE	RIVM_M097013_rerio
SRR10918436	SRX7585701	SRS6019365	SRP051949	PRJNA271899	Klebsiella pneumoniae	OC-CRE-9109	OXFORD_NANOPORE	GridION	1137119431.0	946539.0	WGS	GENOMIC	SINGLE	Sequencing of Carbapenem resistant bacteria
ERR2125776	ERX2182628	ERS1573008	ERP005928	PRJEB6403	Mycobacterium xenopi	NCTC10042	PACBIO_SMRT	PacBio RS	2053281341.0	163482.0	WGS	GENOMIC	SINGLE	PacBio RS sequencing
SRR30868135	SRX26265680	SRS20686618	SRP250705	PRJNA607328	Komagataella pastoris	Phaff 60-58	OXFORD_NANOPORE	MinION	1609417344.0	243074.0	WGS	GENOMIC	SINGLE	Komagataella pastoris FELIX_MS372 Nanopore reads
SRR26992902	SRX22685912	SRS19679252	SRP475053	PRJNA1046673	Micrococcus sp. HOU01	HOU01	OXFORD_NANOPORE	PromethION	591540260.0	552777.0	WGS	GENOMIC	SINGLE	Micrococcus sp. HOU1
SRR13192561	SRX9626898	SRS7827983	SRP295672	PRJNA681856	Salmonella enterica	LHICA_E1	OXFORD_NANOPORE	MinION	11577562.0	4000.0	WGS	GENOMIC	SINGLE	WGS of Salmonella enterica Lhica E167
SRR4156289	SRX2132076	SRS1669297	SRP085652	PRJNA303384	Bacillus sp. es.034	es.034	PACBIO_SMRT	PacBio RS	197699536.0	68466.0	WGS	GENOMIC	SINGLE	Bacillus sp. ES.034
SRR32364703	SRX27699443	SRS21122933	SRP444583	PRJNA962904	Escherichia coli		PACBIO_SMRT	Sequel II	269170340.0	10109.0	WGS	GENOMIC	SINGLE	PacBio sequencing of AS6284E2 for ARCH 1.0
ERR2125836	ERX2182688	ERS1669581	ERP005928	PRJEB6403	Neisseria lactamica	NCTC10616	PACBIO_SMRT	PacBio RS	1764668570.0	163482.0	WGS	GENOMIC	SINGLE	PacBio RS sequencing
SRR21415932	SRX17420556	SRS13526164	SRP361569	PRJNA768416	Aeribacillus sp. FSL M8-0235	FSL M8-0235	OXFORD_NANOPORE	MinION	332747541.0	167070.0	WGS	GENOMIC	SINGLE	WGS of Bacilli
SRR18592049	SRX14720696	SRS12482875	SRP366656	PRJNA821238	Staphylococcus aureus		PACBIO_SMRT	Sequel II	1316823434.0	151635.0	WGS	GENOMIC	SINGLE	Staphylococcus aureus UA-DI-145-PacBio
SRR36002393	SRX31051683	SRS27041612	SRP644229	PRJNA1339267	Bradyrhizobium elkanii	USDA 491	PACBIO_SMRT	Sequel IIe	1005127792.0	107212.0	WGS	GENOMIC	SINGLE	Bradyrhizobium elkanii USDA 491
ERR10854432	ERX10299199	ERS7357943	ERP109413	PRJEB27342	Raoultella ornithinolytica		PACBIO_SMRT	Sequel II	8380279287.0	3544368.0	WGS	GENOMIC	SINGLE	Sequel II sequencing
SRR33300114	SRX28545214	SRS24844366	SRP581013	PRJNA1255117	Staphylococcus aureus	Staphylococcus	OXFORD_NANOPORE	GridION	267587773.0	83692.0	WGS	GENOMIC	SINGLE	WGS of S. aureus sample 8
SRR24139911	SRX19938494	SRS17287203	SRP247747	PRJNA604975	Escherichia coli	ox_bsi_577	OXFORD_NANOPORE	GridION	240089528.0	58168.0	WGS	GENOMIC	SINGLE	oxford_bsi
SRR21696570	SRX17694210	SRS11554331	SRP354045	PRJNA747871	Streptomyces microflavus	NBC_01168	OXFORD_NANOPORE	MinION	207422124.0	21645.0	WGS	GENOMIC	SINGLE	nanopore sequencing data from strain NBC_01168
SRR24451060	SRX20238165	SRS2526708	SRP071789	PRJNA315192	Escherichia coli	365834	OXFORD_NANOPORE	MinION	774278929.0	147514.0	WGS	GENOMIC	SINGLE	365834
SRR13380270	SRX9803300	SRS7987574	SRP300808	PRJNA649533	Salmonella enterica		OXFORD_NANOPORE	GridION	250863215.0	18172.0	WGS	GENOMIC	SINGLE	ISF salmonella
ERR1223237	ERX1295450	ERS939202	ERP005928	PRJEB6403	Enterococcus hirae	3012STDY6246392	PACBIO_SMRT	PacBio RS	1767919239.0	163482.0	WGS	GENOMIC	SINGLE	PacBio RS sequencing
SRR33768657	SRX28990820	SRS22396610	SRP444583	PRJNA962904	Escherichia coli		PACBIO_SMRT	Sequel II	108420446.0	5359.0	WGS	GENOMIC	SINGLE	PacBio sequencing of A159003HE1 for ARCH 2
ERR1223275	ERX1295488	ERS945383	ERP010683	PRJEB9562	Salmonella sp.		PACBIO_SMRT	PacBio RS	2254432916.0	163482.0	WGS	GENOMIC	SINGLE	PacBio RS sequencing
SRR16110001	SRX12395569	SRS10365144	SRP339221	PRJNA549111	Francisella sp. Scap27	Scap27	OXFORD_NANOPORE	MinION	674062470.0	76622.0	WGS	GENOMIC	SINGLE	WGS of Francisella sp. Scap27
SRR30483155	SRX25907910	SRS22499127	SRP529572	PRJNA1148956	Clostridioides difficile		OXFORD_NANOPORE	MinION	500001606.0	80434.0	WGS	GENOMIC	SINGLE	cdiff
SRR387002	SRX109922	SRS281278	SRP001087	PRJNA40075	Escherichia coli str. K-12 substr. MG1655	K-12	PACBIO_SMRT	PacBio RS	77782086.0	81741.0	WGS	GENOMIC	SINGLE	Whole Genome Sequencing and Assembly
SRR16525324	SRX12728161	SRS10336705	SRP357537	PRJNA801416	Citrobacter freundii	18	OXFORD_NANOPORE	GridION	577949563.0	95610.0	WGS	GENOMIC	SINGLE	Extensive diversification and dissemination of blaNDM carbapenemase plasmids in Enterobacterales in Singapore 2010-2015
SRR8418875	SRX5227956	SRS4231861	SRP176647	PRJNA513828	Lactiplantibacillus plantarum	12-3	PACBIO_SMRT	PacBio RS II	3403608.0	8.0	WGS	GENOMIC	SINGLE	genome of lactobacillus plantarum
SRR12919149	SRX9383698	SRS7516903	SRP287318	PRJNA375705	Bradyrhizobium diazoefficiens		OXFORD_NANOPORE	MinION	64809301.0	6755.0	WGS	GENOMIC	SINGLE	WGS of Bradyrhizobium isolates from Acacia
SRR12298977	SRX8802236	SRS6792668	SRP266402	PRJNA605147	Escherichia coli	RHB01-C20	PACBIO_SMRT	PacBio RS II	1117991426.0	146633.0	WGS	GENOMIC	SINGLE	PACBIO_SMRT sequencing of Escherichia coli isolate RH11|T1-C20 cultured from Sheep faeces sample
SRR21416069	SRX17420419	SRS13526037	SRP361569	PRJNA768416	Staphylococcus sp. FSL W8-0056		OXFORD_NANOPORE	MinION	510860367.0	85176.0	WGS	GENOMIC	SINGLE	WGS of Bacilli
SRR386310	SRX109868	SRS212329	SRP007226	PRJNA64815	Bacteroides fragilis CL05T00C42	CL05T00C42	PACBIO_SMRT	PacBio RS	60404214.0	81741.0	WGS	GENOMIC	SINGLE	Whole Genome Sequencing and Assembly
SRR24140316	SRX19938761	SRS17287470	SRP247747	PRJNA604975	Escherichia coli	ox_bsi_74	OXFORD_NANOPORE	GridION	112590926.0	87509.0	WGS	GENOMIC	SINGLE	oxford_bsi
SRR4063388	SRX2052467	SRS1527861	SRP077386	PRJNA234862	Kitasatospora azatica KCTC 9699	KCTC 9699	PACBIO_SMRT	PacBio RS	155941807.0	77187.0	WGS	GENOMIC	SINGLE	Kitasatospora azatica KCTC 9699
SRR30896142	SRX26299879	SRS22828600	SRP536878	PRJNA1134622	Escherichia coli	OXEC-354	OXFORD_NANOPORE	MinION	693571609.0	275084.0	WGS	GENOMIC	SINGLE	OXEC-354
ERR4467151	ERX4406024	ERS4952643	ERP123454	PRJEB39885	Escherichia coli	71PP1	OXFORD_NANOPORE	MinION	80814550.0	12832.0	WGS	GENOMIC	SINGLE	MinION sequencing
SRR386549	SRX109953	SRS212340	SRP007237	PRJNA39375	Eubacterium sp. 3_1_31	3_1_31	PACBIO_SMRT	PacBio RS	98563502.0	81741.0	WGS	GENOMIC	SINGLE	Whole Genome Sequencing and Assembly
SRR27972750	SRX23626415	SRS20465931	SRP489819	PRJNA1076692	Staphylococcus aureus	RIVM_M097188_rerio	OXFORD_NANOPORE	MinION	222949921.0	69976.0	WGS	GENOMIC	SINGLE	RIVM_M097188_rerio
SRR30040139	SRX25514837	SRS21840231	SRP516844	PRJNA1129555	Xanthomonas	NCPPB 3218	OXFORD_NANOPORE	PromethION	516435796.0	99355.0	WGS	GENOMIC	SINGLE	Genome sequencing of NCPPB 3218
ERR14686256	ERX14087775	ERS23773395	ERP169826	PRJEB86481	Escherichia coli str. K-12 substr. MG1655	K-12	OXFORD_NANOPORE	MinION	45611186.0	16832.0	WGS	GENOMIC	SINGLE	MinION sequencing
ERR718766	ERX662688	ERS530423	ERP005928	PRJEB6403	Klebsiella michiganensis	NCTC11694	PACBIO_SMRT	PacBio RS	808732142.0	163482.0	WGS	GENOMIC	SINGLE	PacBio RS sequencing
SRR9001286	SRX5780096	SRS3932933	SRP165734	PRJNA496461	Klebsiella pneumoniae	KLPN_42	OXFORD_NANOPORE	MinION			WGS	GENOMIC	SINGLE	nanopore seq of klebsiella pneumoniae
SRR4164113	SRX2136374	ERS1460873	SRP086213	PRJNA303508	Micromonospora nigra	DSM 43818	PACBIO_SMRT	PacBio RS	1211953637.0	488798.0	WGS	GENOMIC	SINGLE	Micromonospora nigra DSM 43818
ERR10676172	ERX10143936	ERS14333271	ERP143248	PRJEB58185	Campylobacter coli		OXFORD_NANOPORE	MinION	630033936.0	1046568.0	WGS	GENOMIC	PAIRED	MinION paired end sequencing
SRR36067991	SRX31114187	SRS27072669	SRP644837	PRJNA1364846	Enterococcus faecalis	GPT22-006	OXFORD_NANOPORE	GridION	985618773.0	236453.0	WGS	GENOMIC	SINGLE	Enterococcus faecalis, DBT kit, 36-plex and 100 ng DNA, replicate 9
DRR308215	DRX297635	DRS195671	DRP005243	PRJDB7414	Thermus thermophilus	AA1-1	OXFORD_NANOPORE	GridION	1199553780.0	151074.0	WGS	GENOMIC	SINGLE	GridION sequencing of SAMD00392351
ERR13600788	ERX12971811	ERS5520980	ERP126193	PRJEB42350	Klebsiella pneumoniae		OXFORD_NANOPORE	GridION	692649523.0	39601.0	WGS	GENOMIC	SINGLE	GridION sequencing
ERR8958810	ERX8503840	ERS10770998	ERP135763	PRJEB51164	Klebsiella pneumoniae		OXFORD_NANOPORE	GridION	7481444246.0	869853.0	WGS	GENOMIC	SINGLE	GridION sequencing; Raw reads: Kpneumo_r10.4
SRR36967321	SRX31920523	SRS27869884	SRP666009	PRJNA1369612	Streptococcus agalactiae	Sag1327	OXFORD_NANOPORE	MinION	676254081.0	128953.0	WGS	GENOMIC	SINGLE	Complete Genome Sequences of Streptococcus agalactiae Urine Isolates Collected from Postmenopausal Women using MinION
SRR16525502	SRX12727983	SRS10336726	SRP357534	PRJNA801415	Klebsiella pneumoniae	14	OXFORD_NANOPORE	GridION	154231979.0	29392.0	WGS	GENOMIC	SINGLE	Extensive diversification and dissemination of blaNDM carbapenemase plasmids in Enterobacterales in Singapore 2010-2015
ERR11749531	ERX11148863	ERS15539352	ERP147189	PRJEB62104	Escherichia coli		OXFORD_NANOPORE	MinION	146636959.0	31741.0	WGS	GENOMIC	SINGLE	MinION sequencing
ERR1173498	ERX1246927	ERS846650	ERP012012	PRJEB10722	Listeria monocytogenes	2071098	PACBIO_SMRT	PacBio RS	854728472.0	163482.0	WGS	GENOMIC	SINGLE	PacBio RS sequencing
SRR25890273	SRX21610566	SRS18783797	SRP458186	PRJNA1012291	Staphylococcus	Staphylococcus aureus	OXFORD_NANOPORE	MinION	340362897.0	217291.0	WGS	GENOMIC	SINGLE	Nanopore sequencing data of MRSA
SRR35587898	SRX30660562	SRS26534922	SRP620840	PRJNA1329285	Klebsiella pneumoniae	DM7	OXFORD_NANOPORE	MinION	268683336.0	32151.0	WGS	GENOMIC	SINGLE	Long read sequencing of Klebsiella pneumoniae
SRR31486906	SRX26855045	SRS12173631	SRP074197	PRJNA288601	Citrobacter freundii	2021HL-00920	OXFORD_NANOPORE	MinION	453897348.0	57587.0	WGS	GENOMIC	SINGLE	Long read sequencing of carbapenemase producing organisms
SRR14883177	SRX11200233	SRS9241009	SRP324698	PRJNA736395	Escherichia coli O111:H8	7-15 45A	PACBIO_SMRT	PacBio RS II	3410489606.0	163482.0	WGS	GENOMIC	SINGLE	Genome sequencing of E. coli O111 serotypes
SRR1916166	SRX956319	SRS874039	SRP056142	PRJNA272881	Erwinia tracheiphila	BuffGH	PACBIO_SMRT	PacBio RS	1446054300.0	4820181.0	WGS	GENOMIC	SINGLE	Reference_Sequence
SRR3741177	SRX1895988	SRS1539278	SRP077831	PRJNA217204	Hydrogenovibrio marinus DSM 11271	DSM 11271	PACBIO_SMRT	PacBio RS	479166158.0	138235.0	WGS	GENOMIC	SINGLE	Hydrogenovibrio marinus DSM 11271
SRR36121022	SRX31165043	SRS27151228	SRP647482	PRJNA1367479	Enterobacter roggenkampii	SW-109	OXFORD_NANOPORE	MinION	673390144.0	65780.0	WGS	GENOMIC	SINGLE	WGS of SW-109
ERR5420967	ERX5205531	ERS5845248	ERP126298	PRJEB42440	Klebsiella pneumoniae		OXFORD_NANOPORE	GridION	698937861.0	89767.0	WGS	GENOMIC	SINGLE	GridION sequencing
SRR28777813	SRX24342733	SRS20831710	SRP497546	PRJNA1091452	Klebsiella pneumoniae	KP18-PS	OXFORD_NANOPORE	MinION	1060490514.0	157218.0	WGS	GENOMIC	SINGLE	ONT performance study sequencing of K. pneumoniae
ERR2532106	ERX2550535	ERS2402941	ERP005928	PRJEB6403	Vibrio fluvialis	NCTC11329	PACBIO_SMRT	PacBio RS	351602088.0	163482.0	WGS	GENOMIC	SINGLE	PacBio RS sequencing
SRR12298830	SRX8801747	SRS6792104	SRP266402	PRJNA605147	Citrobacter freundii	RHBSTW-00370	OXFORD_NANOPORE	GridION	1035763020.0	117322.0	WGS	GENOMIC	SINGLE	OXFORD_NANOPORE sequencing of Citrobacter freundii isolate WTP4|T2-00370 cultured from WTP influent sample
DRR624519	DRX604859	DRS524388	DRP014289	PRJDB19587	Bifidobacterium canis	SY61	PACBIO_SMRT	Revio	247860353.0	20382.0	WGS	GENOMIC	SINGLE	Revio sequencing of SAMD00853100
SRR16962406	SRX13153876	SRS11085854	SRP346490	PRJNA779451	Pseudomonas sp. B21-023	B21-023	PACBIO_SMRT	Sequel	1067351082.0	184282.0	WGS	GENOMIC	SINGLE	B21-023 PacBio sequencing reads
SRR32896116	SRX28171411	SRS24523529	SRP573780	PRJNA1242034	Bacillus velezensis	ZN1	OXFORD_NANOPORE	PromethION	1403160106.0	198819.0	WGS	GENOMIC	SINGLE	ZN1-2
SRR25221964	SRX20968617	SRS18241449	SRP448345	PRJNA988043	Rickettsia rickettsii	Mt. Konocti	PACBIO_SMRT	Sequel II	299925872.0	112314.0	WGS	GENOMIC	SINGLE	Whole genome sequencing of Rickettsia phillipi: Mt. Konocti strain
SRR15031901	SRX11343478	SRS9383692	SRP326726	PRJNA737600	Streptomyces sp. GMY02	GMY02	OXFORD_NANOPORE	GridION	8656820.0	4000.0	WGS	GENOMIC	SINGLE	WGS Streptomyces sp. GMY02
SRR24651317	SRX20431214	SRS17736802	SRP438478	PRJNA885826	Clostridium sp. D5	D5	OXFORD_NANOPORE	MinION	843235170.0	49768.0	WGS	GENOMIC	SINGLE	PCR free Oxford Nanopore sequencing of genomic DNA from Clostridium-sp-D5
SRR33895177	SRX29106676	SRS25313016	SRP590843	PRJNA1272507	Salmonella enterica	SAL-162	OXFORD_NANOPORE	GridION	743626203.0	151861.0	WGS	GENOMIC	SINGLE	ONT-WGS of Salmonella enterica
SRR35556741	SRX30631319	SRS19833369	SRP150360	PRJNA475751	Acinetobacter baumannii	ACIN00411	OXFORD_NANOPORE	MinION	185731259.0	38033.0	WGS	GENOMIC	SINGLE	WGS Sequencing of Acinetobacter baumannii
SRR10913895	SRX7581305	SRS6015041	SRP191068	PRJNA528511	Escherichia coli	GTEN_17	OXFORD_NANOPORE	GridION	2897375006.0	472763.0	WGS	GENOMIC	SINGLE	Global TravEpiNet AMR surveillance Genome sequencing and assembly
SRR5514663	SRX2788053	SRS1832554	SRP094480	PRJNA279196	Bordetella pertussis	6229	PACBIO_SMRT	PacBio RS II	3331119240.0	163482.0	WGS	GENOMIC	SINGLE	
SRR19768534	SRX15813170	SRS6849712	SRP040281	PRJNA230403	Salmonella enterica	PNUSAS148096	OXFORD_NANOPORE	GridION	1323960251.0	272000.0	WGS	GENOMIC	SINGLE	nanopore sequence of Salmonella enterica Hadar
SRR19357510	SRX15416291	SRS12115259	SRP361569	PRJNA768416	Solibacillus sp. FSL R5-0691		OXFORD_NANOPORE	MinION	147488951.0	23750.0	WGS	GENOMIC	SINGLE	WGS of Bacilli
ERR14746176	ERX14147548	ERS23811986	ERP170065	PRJEB86767	Enterococcus faecium		OXFORD_NANOPORE	MinION	923754976.0	208564.0	WGS	GENOMIC	SINGLE	EXP-27-1-2025-03-14_12-16-43
SRR9849548	SRX6604165	SRS5169145	SRP216572	PRJNA556977	Bordetella pertussis	NZ44	OXFORD_NANOPORE	MinION	1226662444.0	231652.0	WGS	GENOMIC	SINGLE	ONT sequencing of Bordetella pertussis NZ44
ERR10178202	ERX9714635	ERS6480071	ERP109413	PRJEB27342	Klebsiella pneumoniae		PACBIO_SMRT	Sequel II	9022874425.0	1334759.0	WGS	GENOMIC	SINGLE	Sequel II sequencing
SRR27678704	SRX23346045	SRS20207283	SRP485167	PRJNA960711	Paenibacillus woosongensis	B2_4	OXFORD_NANOPORE	MinION	304067924.0	102591.0	WGS	GENOMIC	SINGLE	WGS of Paenibacillus woosongensis: strain B2_4
SRR37002359	SRX31951970	SRS27897734	SRP667822	PRJNA1415187	Yersinia pestis	2116	OXFORD_NANOPORE	PromethION	878461620.0	460651.0	WGS	GENOMIC	SINGLE	ONT sequencing of Yp_2116_37
ERR15094628	ERX14499226	ERS24813692	ERP119900	PRJEB36683	Klebsiella pneumoniae 11227-1		OXFORD_NANOPORE	PromethION	241614577.0	193078.0	WGS	GENOMIC	SINGLE	Raw reads: RKPB072_L
SRR386101	SRX109800	SRS183306	SRP006189	PRJNA52149	Klebsiella oxytoca 10-5248	10-5248	PACBIO_SMRT	PacBio RS	95381362.0	81741.0	WGS	GENOMIC	SINGLE	Whole Genome Sequencing and Assembly
SRR10902567	SRX7570748	SRS6006418	SRP242178	PRJNA601323	Staphylococcus aureus	USA300	OXFORD_NANOPORE	MinION	883877359.0	74013.0	WGS	GENOMIC	SINGLE	Genomic DNA S. aureus: multiple copy sdr
SRR33323182	SRX28567602	SRS24861709	SRP581476	PRJNA1255637	Staphylococcus aureus	ONT-SA03	OXFORD_NANOPORE	GridION	2099200748.0	488320.0	WGS	GENOMIC	SINGLE	ONT-SA03
SRR386592	SRX109810	SRS004883	SRP001079	PRJNA40077	Cereibacter sphaeroides 2.4.1	2.4.1	PACBIO_SMRT	PacBio RS	53609195.0	81741.0	WGS	GENOMIC	SINGLE	Whole Genome Sequencing and Assembly
ERR15423270	ERX14827214	ERS25261048	ERP176764	PRJEB93885	Klebsiella pneumoniae		OXFORD_NANOPORE	PromethION	697856056.0	141793.0	WGS	GENOMIC	SINGLE	Raw reads: run0_pilot_96_ont_AF13
ERR14707608	ERX14109042	ERS4297703	ERP119932	PRJEB36710	Escherichia coli		OXFORD_NANOPORE	MinION	1007678816.0	83844.0	WGS	GENOMIC	SINGLE	MinION sequencing
SRR22859716	SRX18818521	SRS16251790	SRP414408	PRJNA914892	Staphylococcus aureus	C3	OXFORD_NANOPORE	MinION	56310709.0	18675.0	WGS	GENOMIC	SINGLE	Long read ONT WGS of Staphylococcus aureus isolates from Chronic Rhinosinusitis Patients
SRR27972532	SRX23625921	SRS20465403	SRP489819	PRJNA1076692	Enterobacter cloacae	RIVM_C050142_rerio	OXFORD_NANOPORE	MinION	148982678.0	44743.0	WGS	GENOMIC	SINGLE	RIVM_C050142_rerio
SRR9004682	SRX5783247	SRS4716024	SRP194618	PRJNA538221	Rhodoglobus vestalii	DSM 21947	PACBIO_SMRT	Sequel	1032964319.0	255544.0	WGS	GENOMIC	SINGLE	Rhodoglobus vestalii DSM 21947
SRR25466816	SRX21199604	SRS18458352	SRP452337	PRJNA1000618	Escherichia coli	Escherichia coli BL21(DE3)	OXFORD_NANOPORE	MinION	6411134.0	4000.0	WGS	GENOMIC	SINGLE	CASTVK transposition with different condition
ERR2403052	ERX2443814	ERS1884376	ERP002103	PRJEB1271	Klebsiella pneumoniae	2485STDY7075087	PACBIO_SMRT	PacBio RS	153275048.0	163482.0	WGS	GENOMIC	SINGLE	PacBio RS sequencing
SRR17210333	SRX13390177	SRS11290155	SRP350362	PRJNA788148	Raoultella ornithinolytica	A2s	OXFORD_NANOPORE	MinION	39399288.0	7099.0	WGS	GENOMIC	SINGLE	A2_r1_standard_17h
SRR12395307	SRX8893590	SRS7152612	SRP276100	PRJNA650381	Mycobacterium tuberculosis		OXFORD_NANOPORE	MinION	1103398853.0	546172.0	WGS	GENOMIC	SINGLE	Nanopore TB WGS
SRR15989680	SRX12278251	SRS9998959	SRP357537	PRJNA801416	Enterobacter cloacae	E753	OXFORD_NANOPORE	GridION	772610902.0	105721.0	WGS	GENOMIC	SINGLE	Whole Genome Sequencing of Carbapenemase-producing Enterobacterales (CPE)
ERR16137068	ERX15526734	ERS28508854	ERP187675	PRJEB106623	Neisseria gonorrhoeae		OXFORD_NANOPORE	MinION	599725398.0	124766.0	WGS	GENOMIC	SINGLE	Raw reads: FA19
SRR35673933	SRX30725733	SRS26742361	SRP561673	PRJNA1219398	Pasteurella multocida	202690	OXFORD_NANOPORE	MinION	66683124.0	35118.0	WGS	GENOMIC	SINGLE	DNA-Seq of Pasteurella multocida 202690
SRR24001288	SRX19804714	SRS17166615	SRP429910	PRJNA909850	human blood metagenome	-	OXFORD_NANOPORE	GridION	291082217.0	61858.0	WGS	GENOMIC	SINGLE	DNA isolation from E. faecalis  using Circulomics
ERR10908101	ERX10348908	ERS14656019	ERP145079	PRJEB60038	Campylobacter jejuni	ST-19	OXFORD_NANOPORE	MinION	727680271.0	146844.0	WGS	GENOMIC	SINGLE	MinION sequencing
SRR24139896	SRX19938509	SRS17287218	SRP247747	PRJNA604975	Escherichia coli	ox_bsi_688	OXFORD_NANOPORE	GridION	228687241.0	41671.0	WGS	GENOMIC	SINGLE	oxford_bsi
SRR13182990	SRX9620798	SRS7822818	SRP040661	PRJNA231221	Escherichia coli	FDAARGOS_1263	PACBIO_SMRT	Sequel	1528701720.0	169930.0	WGS	GENOMIC	SINGLE	
DRR097313	DRX090809	DRS100146	DRP005160	PRJDB5843	Helicobacter pylori	OK306	PACBIO_SMRT	PacBio RS II	1270726496.0	163482.0	WGS	GENOMIC	SINGLE	PacBio RS II sequencing of SAMD00084449
SRR36919940	SRX31886288	SRS27841253	SRP665298	PRJNA1403646	Streptococcus constellatus	not applicable	OXFORD_NANOPORE	MinION	10519692.0	13298.0	WGS	GENOMIC	SINGLE	Long Reads for The Genomic Landscape of Head and Neck Cancer-associated Streptococci
SRR21630285	SRX17630931	SRS14987387	SRP354045	PRJNA747871	Kitasatospora papulosa	NBC_00082	OXFORD_NANOPORE	MinION	233384406.0	24670.0	WGS	GENOMIC	SINGLE	nanopore sequencing data from strain NBC_00082
ERR10499727	ERX10017009	ERS14248219	ERP142363	PRJEB57392	Escherichia coli		OXFORD_NANOPORE	MinION	829577070.0	1378035.0	WGS	GENOMIC	PAIRED	MinION paired end sequencing
SRR14509549	SRX10855498	SRS8951146	SRP319462	PRJNA728709	Escherichia coli	00_3230	PACBIO_SMRT	PacBio RS II	2553055083.0	163482.0	WGS	GENOMIC	SINGLE	Genome sequencing of E. coli O26: H11
SRR10259782	SRX6977649	SRS2247672	SRP051099	PRJNA269675	Yersinia pestis subsp. pestis bv. Medievalis	SCPM-O-B-6530	OXFORD_NANOPORE	MinION	424022177.0	95035.0	WGS	GENOMIC	SINGLE	Shotgun 2019 Sample 202
ERR10452885	ERX9976340	ERS6794076	ERP109413	PRJEB27342	Klebsiella pneumoniae		PACBIO_SMRT	Sequel II	2890104715.0	457565.0	WGS	GENOMIC	SINGLE	Sequel II sequencing
SRR30085191	SRX25558652	SRS22210760	SRP523632	PRJNA1142676	Klebsiella variicola	kv220726_barcode07	OXFORD_NANOPORE	MinION	541715521.0	78772.0	WGS	GENOMIC	SINGLE	Klebsiella variicola strain kv220726_barcode07
SRR4235123	SRX2156422	SRS1686392	SRP088455	PRJNA323017	Halopseudomonas sabulinigri	JCM 14963	PACBIO_SMRT	PacBio RS	805722392.0	258011.0	WGS	GENOMIC	SINGLE	Pseudomonas sabulinigri CECT 7679
SRR32653536	SRX27957869	SRS6998543	SRP569638	PRJNA1234602	Listeria monocytogenes	PNUSAL007562	OXFORD_NANOPORE	PromethION	396269762.0	47864.0	WGS	GENOMIC	SINGLE	ONT of clinical Listeria monocytogenes from NY state surveillance
SRR26533013	SRX22236217	SRS19290533	SRP468508	PRJNA1025957	Priestia filamentosa	H146	PACBIO_SMRT	Sequel II	2957400541.0	608023.0	WGS	GENOMIC	SINGLE	Priestia filamentosa H146 raw sequencing data
SRR31024197	SRX26411366	SRS22931320	SRP539092	PRJNA1174068	Vibrio cholerae	mHDM VC170	OXFORD_NANOPORE	PromethION	339087213.0	116006.0	WGS	GENOMIC	SINGLE	WGS of Vcholerae isolates
SRR498044	SRX148634	SRS281882	SRP013241	PRJNA73829	Vibrio cholerae		PACBIO_SMRT	PacBio RS	464887.0	1186.0	WGS	GENOMIC	SINGLE	
SRR5937961	SRX3097872	SRS2434307	SRP115555	PRJNA353337	Ralstonia solanacearum	T60	PACBIO_SMRT	PacBio RS II	2275553666.0	163482.0	WGS	GENOMIC	SINGLE	WGS of Ralstonia solanacearum T60
SRR12825947	SRX9293584	SRS7519932	SRP040661	PRJNA231221	Corynebacterium glucuronolyticum	FDAARGOS_1053	PACBIO_SMRT	PacBio RS	514390622.0	163482.0	WGS	GENOMIC	SINGLE	
SRR13955708	SRX10334057	SRS8453775	SRP310443	PRJNA714107	Mannheimia haemolytica	28240	PACBIO_SMRT	PacBio RS II	1529511499.0	355652.0	WGS	GENOMIC	SINGLE	PacBio reads of M. haemolytica
ERR10367371	ERX9899302	ERS711085	SRP272326	PRJNA646837	Klebsiella pneumoniae	INF355	OXFORD_NANOPORE	MinION	320205726.0	55719.0	WGS	GENOMIC	SINGLE	MinION sequencing
SRR30004943	SRX25484552	SRS9093590	SRP321830	PRJNA674638	Lactiplantibacillus pentosus	MU0445	PACBIO_SMRT	Sequel IIe	1366038085.0	206977.0	WGS	GENOMIC	SINGLE	Lactiplantibacillus pentosus MU045
SRR23998936	SRX19802395	SRS17164752	SRP429850	PRJNA949389	Acinetobacter towneri	SAAt401	OXFORD_NANOPORE	GridION	3154355597.0	409336.0	WGS	GENOMIC	SINGLE	WGS of environmental Acientobacter isolates
ERR9843320	ERX9389117	ERS2652459	ERP104475	PRJEB22771	Streptococcus pneumoniae		PACBIO_SMRT	Sequel II	6023020016.0	785121.0	WGS	GENOMIC	SINGLE	Sequel II sequencing
SRR11613599	SRX8179818	SRS6539436	SRP258652	PRJNA587209	Gordonia amarae	BEN368	OXFORD_NANOPORE	MinION	307367466.0	46219.0	WGS	GENOMIC	SINGLE	Whole genome Oxford Nanopore MinION sequence of Gordonia amarae BEN368
ERR5353223	ERX5141258	ERS5752956	ERP126298	PRJEB42440	Klebsiella pneumoniae		OXFORD_NANOPORE	GridION	1127761097.0	347156.0	WGS	GENOMIC	SINGLE	GridION sequencing
ERR16064587	ERX15454769	ERS28397722	ERP173262	PRJEB90249	Pseudomonas aeruginosa		OXFORD_NANOPORE	GridION	1531165447.0	621696.0	WGS	GENOMIC	SINGLE	GridION sequencing
SRR35332972	SRX30433513	SRS26467848	SRP618964	PRJNA1322554	Escherichia coli	E500002	OXFORD_NANOPORE	MinION	510976190.0	227467.0	WGS	GENOMIC	SINGLE	Sequencing of Escherichia coli isolate E500002
SRR15827997	SRX12119800	SRS10099884	SRP336307	PRJNA761884	Escherichia coli	X_21	PACBIO_SMRT	PacBio RS II	758422913.0	91177.0	WGS	GENOMIC	SINGLE	WGS of Escherichia coli: sample C1461B
SRR31707261	SRX27068849	SRS23529488	SRP551273	PRJNA1197850	Acinetobacter baumannii	AB06	OXFORD_NANOPORE	MinION	483921239.0	124945.0	WGS	GENOMIC	SINGLE	Whole genome sequencing of A. baumannii from fish.
SRR26135162	SRX21848565	SRS18945823	SRP462492	PRJNA946810	Pseudomonas aeruginosa	Rectal_P16	OXFORD_NANOPORE	GridION	74392475.0	9406.0	WGS	GENOMIC	SINGLE	WGS of Pseudomonas aeruginosa from hospitalized patiens from Quito, Ecuador
SRR35211485	SRX30315302	SRS26362931	SRP615861	PRJNA834277	Bradyrhizobium japonicum	USDA 96	PACBIO_SMRT	Sequel II	522667251.0	48160.0	WGS	GENOMIC	SINGLE	Bradyrhizobium japonicum USDA 96
ERR1025275	ERX1104147	ERS764452	ERP005928	PRJEB6403	Klebsiella pneumoniae	NCTC9156	PACBIO_SMRT	PacBio RS	878466431.0	163482.0	WGS	GENOMIC	SINGLE	PacBio RS sequencing
SRR387208	SRX109927	SRS281278	SRP001087	PRJNA40075	Escherichia coli str. K-12 substr. MG1655	K-12	PACBIO_SMRT	PacBio RS	100007406.0	81741.0	WGS	GENOMIC	SINGLE	Whole Genome Sequencing and Assembly
SRR31599421	SRX26964261	SRS23433972	SRP549287	PRJNA1185485	Escherichia coli	891	OXFORD_NANOPORE	PromethION	679251432.0	90473.0	WGS	GENOMIC	SINGLE	WTP-NoR-Nov-barcode41
SRR33768733	SRX28991345	SRS22456475	SRP444583	PRJNA962904	Klebsiella pneumoniae		PACBIO_SMRT	Sequel II	273088621.0	13827.0	WGS	GENOMIC	SINGLE	PacBio sequencing of AH0539HE2 for ARCH 2
SRR33123822	SRX28387205	SRS24711132	SRP578427	PRJNA1244367	Bacillus cereus ATCC 14579	ATCC 14579	OXFORD_NANOPORE	GridION	231653206.0	77420.0	WGS	GENOMIC	SINGLE	WGS of Bacillus cereus Strain ATCC14608
SRR10992705	SRX7653993	SRS5483742	SRP063697	PRJNA217684	Salmonella enterica subsp. enterica serovar Albany	CVM N18S2238	PACBIO_SMRT	Sequel	1450175562.0	403334.0	WGS	GENOMIC	SINGLE	mcr-9 WGS
SRR9172302	SRX5944968	SRS4857803	SRP040661	PRJNA231221	Burkholderia multivorans	FDAARGOS_722	PACBIO_SMRT	PacBio RS	2135843425.0	163482.0	WGS	GENOMIC	SINGLE	
SRR8752525	SRX5543440	SRS4509110	SRP188851	PRJNA523365	Mycobacterium avium complex sp.	JHN_AV_0043_1	OXFORD_NANOPORE	GridION	1266654244.0	544856.0	WGS	GENOMIC	SINGLE	Sequencing of non-tuberculosis mycobacteria
SRR27180082	SRX22860395	SRS19835777	SRP477403	PRJNA1049513	Vibrio sp. PBL-C16	PBL-C16	OXFORD_NANOPORE	MinION	43184.0	13.0	WGS	GENOMIC	SINGLE	Vibrio sp. PBL-C16 Genome sequencing and assembly
SRR36405011	SRX31432139	SRS15378643	SRP649163	PRJNA1230056	Corynebacterium diphtheriae	not applicable	OXFORD_NANOPORE	GridION	243086792.0	77264.0	WGS	GENOMIC	SINGLE	WGS of C. diphtheriae
SRR15540401	SRX11838527	SRS9849699	SRP333488	PRJNA336330	Escherichia coli O157	180-PT54	PACBIO_SMRT	PacBio RS II	1332886587.0	163482.0	WGS	GENOMIC	SINGLE	Genome sequencing of E. coli O157:H7 from Scotland PacBio reads
SRR11317982	SRX7922330	SRS2063466	SRP018785	PRJNA186035	Salmonella enterica subsp. enterica serovar Inverness	CFSAN008810	PACBIO_SMRT	Sequel	474019588.0	83666.0	WGS	GENOMIC	SINGLE	Whole genome PacBio Sequel sequence of Salmonella enterica
SRR10439413	SRX7135163	SRS5644082	SRP229478	PRJNA580340	Escherichia coli	MS6207	PACBIO_SMRT	PacBio RS	600162801.0	163482.0	WGS	GENOMIC	SINGLE	Comparative  genomics of Escherichia coli ST101: strain MS6207
SRR386378	SRX109876	SRS212335	SRP007231	PRJNA49881	Scardovia wiggsiae F0424	F0424	PACBIO_SMRT	PacBio RS	85953131.0	81741.0	WGS	GENOMIC	SINGLE	Whole Genome Sequencing and Assembly
SRR26060011	SRX21776142	SRS18881595	SRP321830	PRJNA674638	Stenotrophomonas indicatrix	7.2.7	PACBIO_SMRT	Sequel II	495633591.0	72052.0	WGS	GENOMIC	SINGLE	PacBio reads from bacterial isolates derived from cucumber fermentation
SRR19138402	SRX15205580	SRS12944352	SRP374155	PRJNA813694	Enterococcus gallinarum	WKB01	OXFORD_NANOPORE	MinION	447022651.0	97323.0	WGS	GENOMIC	SINGLE	E. gallinarum DNA from positive hemoculture
SRR14453805	SRX10804607	SRS5393550	SRP385391	PRJNA856406	Enterococcus faecium	AUSMDU00007499	OXFORD_NANOPORE	GridION	450555711.0	61603.0	WGS	GENOMIC	SINGLE	AUSMDU00007499
SRR28445595	SRX24049080	SRS20840578	SRP497734	PRJNA1077798	Alteromonas gracilis	J4	OXFORD_NANOPORE	MinION	2845769.0	1000.0	WGS	GENOMIC	SINGLE	Alteromonas gracilis strain J4, whole genome Nanopore Sequencing
SRR29932304	SRX25426026	SRS22086497	SRP521720	PRJNA1130504	Staphylococcus chromogenes	pending	OXFORD_NANOPORE	GridION	39420882.0	6716.0	WGS	GENOMIC	SINGLE	WGS of Staphylococcus chromogenes: bovine quarter milk intramammary infection
SRR31583404	SRX26948850	SRS23420312	SRP548954	PRJNA1193326	Campylobacter coli		OXFORD_NANOPORE	MinION	272361778.0	35079.0	WGS	GENOMIC	SINGLE	Long-read Nanopore-based WGS characterization of antimicrobial resistant Campylobacter jejuni and Campylobacter coli isolates from humans, animals and food products in Northern Spain within a One Health approach
SRR33769492	SRX28991870	SRS22456238	SRP444583	PRJNA962904	Escherichia coli		PACBIO_SMRT	Sequel II	1681594072.0	124162.0	WGS	GENOMIC	SINGLE	PacBio sequencing of AH0179HE1 for ARCH 2
ERR15191345	ERX14596972	ERS25135715	ERP160948	PRJEB76420	Escherichia coli		OXFORD_NANOPORE	MinION			WGS	GENOMIC	SINGLE	MinION sequencing
SRR13181986	SRX9620004	SRS7822170	SRP040661	PRJNA231221	Acinetobacter calcoaceticus	FDAARGOS_1218	PACBIO_SMRT	Sequel	3356121959.0	584129.0	WGS	GENOMIC	SINGLE	
SRR31647023	SRX27010218	SRS23474569	SRP550213	PRJNA1193534	Staphylococcus aureus	p27489	OXFORD_NANOPORE	GridION	10901451.0	3480.0	WGS	GENOMIC	SINGLE	Genomic Analysis of Plasmids in Animal-Associated Staphylococcus aureus
SRR32735230	SRX28021558	SRS21935181	SRP518672	PRJNA1133624	Serratia nevei	ARGA0009	PACBIO_SMRT	Revio	1028669586.0	123885.0	WGS	GENOMIC	SINGLE	WGS of ARGA0009
SRR14753633	SRX11087206	SRS9152682	SRP323129	PRJNA735522	Bacillus velezensis	GMEKP1	OXFORD_NANOPORE	GridION	25735487.0	4000.0	WGS	GENOMIC	SINGLE	SRA Bacillus velezensis GMEKP1
SRR4063158	SRX2052211	SRS1644578	SRP082775	PRJNA217215	Maribacter forsetii DSM 18668	DSM 18668	PACBIO_SMRT	PacBio RS	152697325.0	57946.0	WGS	GENOMIC	SINGLE	Maribacter forsetii DSM18668
ERR2528512	ERX2547393	ERS515507	ERP107863	PRJEB25895	Escherichia coli		PACBIO_SMRT	PacBio RS	705233679.0	163482.0	WGS	GENOMIC	SINGLE	PacBio RS sequencing
SRR11867897	SRX8418091	SRS6729719	SRP265117	PRJNA635644	Escherichia coli	O153var1:H6/H44/H17	OXFORD_NANOPORE	MinION	390029296.0	64985.0	WGS	GENOMIC	SINGLE	Nanopore WGS of Malawi ExPEC 2
SRR26322087	SRX22030160	SRS3020870	SRP133964	PRJNA437002	Bacillus subtilis	PS-68	PACBIO_SMRT	Sequel	1143259195.0	95946.0	WGS	GENOMIC	SINGLE	WGS B. subtilis PS-68
SRR35148142	SRX30253773	SRS12567261	SRP369317	PRJNA696473	Sinorhizobium meliloti	USDA 1002	PACBIO_SMRT	Sequel II	651849825.0	60467.0	WGS	GENOMIC	SINGLE	Sinorhizobium meliloti USDA 1002
DRR066331	DRX060373	DRS184434	DRP007273	PRJDB4542	Streptococcus pyogenes	ATCC 14918	PACBIO_SMRT	PacBio RS II	2393988093.0	163482.0	WGS	GENOMIC	SINGLE	PacBio RS II sequencing of SAMD00046532
ERR10087067	ERX9627163	ERS6426015	ERP109413	PRJEB27342	Klebsiella grimontii		PACBIO_SMRT	Sequel II	9677332992.0	1565969.0	WGS	GENOMIC	SINGLE	Sequel II sequencing
SRR8480530	SRX5285376	SRS4285084	SRP181754	PRJNA513392	Bacillus spizizenii ATCC 6633 = JCM 2499	ATCC 6633	OXFORD_NANOPORE	GridION	2375541839.0	250128.0	WGS	GENOMIC	SINGLE	Microbe sample from Bacillus subtilis
ERR4762161	ERX4635265	ERS5247780	ERP124695	PRJEB40976	Enterococcus faecalis		OXFORD_NANOPORE	GridION	1137773563.0	88561.0	WGS	GENOMIC	SINGLE	GridION sequencing; Raw reads: 26975_1#188
SRR29316921	SRX24833689	SRS21545521	SRP512379	PRJNA1121190	Vibrio cholerae	138Vc01	OXFORD_NANOPORE	PromethION	253126206.0	37037.0	WGS	GENOMIC	SINGLE	WGS of Vcholerae isolates
SRR30896528	SRX26300041	SRS22828763	SRP536878	PRJNA1134622	Escherichia coli	OXEC-34	OXFORD_NANOPORE	MinION	126116634.0	39210.0	WGS	GENOMIC	SINGLE	OXEC-34
ERR6716416	ERX6341010	ERS7604506	ERP131742	PRJEB47469	Providencia alcalifaciens	2019-04-28369-1-2	OXFORD_NANOPORE	MinION	240746387.0	51255.0	WGS	GENOMIC	SINGLE	MinION sequencing; Raw reads: Providencia_alcalifaciens_strain_2019-04-28369-1-2_Nanopore
SRR28039462	SRX23691000	SRS20520843	SRP490884	PRJNA1077967	Enterococcus faecium	AH19B023	OXFORD_NANOPORE	GridION	513726763.0	55567.0	WGS	GENOMIC	SINGLE	WGS of Enterococcus faecium isolate
ERR15991627	ERX15386733	ERS28170813	ERP184281	PRJEB102899	Pseudomonas aeruginosa		OXFORD_NANOPORE	GridION	404110109.0	58066.0	WGS	GENOMIC	SINGLE	GridION sequencing
SRR19787622	SRX15831729	SRS13522820	SRP383167	PRJNA851853	Salmonella enterica	2010K-0673_ONT	OXFORD_NANOPORE	GridION	2392582907.0	427370.0	WGS	GENOMIC	SINGLE	WGS of Salmonella enterica serovar Enteritidis
SRR10326407	SRX7036595	SRS5556502	SRP226643	PRJNA578920	Escherichia coli str. K-12 substr. DH10B	DH10B	PACBIO_SMRT	Sequel	515745924.0	185193.0	WGS	GENOMIC	SINGLE	WGS of E. coli on PacBio Sequel
SRR17486877	SRX13657104	SRS3029370	SRP134168	PRJNA437292	Streptococcus pneumoniae	LE4448	OXFORD_NANOPORE	MinION	110000850.0	17040.0	WGS	GENOMIC	SINGLE	Long reads of nine Streptococcus pneumoniae Serotype 3 CC180 Strains
SRR12793996	SRX9263128	SRS7492719	SRP190319	PRJNA284866	Treponema sp. OMZ 790	OMZ 790	OXFORD_NANOPORE	MinION	229359266.0	31309.0	WGS	GENOMIC	SINGLE	Treponema denticola-like canine oral isolate OMZ 790 HU1C1
SRR21415783	SRX17420097	SRS12115069	SRP361569	PRJNA768416	Staphylococcus sp. FSL H8-0121	FSL H8-0121	OXFORD_NANOPORE	MinION	639036980.0	101897.0	WGS	GENOMIC	SINGLE	WGS of Bacilli
SRR35213435	SRX30317287	SRS26364223	SRP615992	PRJNA1301220	Acinetobacter baumannii	ABO23-A221	OXFORD_NANOPORE	MinION	517074016.0	104296.0	WGS	GENOMIC	SINGLE	Whole geneme sequencing of Acinetobacter baumannii: isolates of the Ab-One study
SRR32610393	SRX27915791	SRS24273889	SRP568450	PRJNA1228643	Pseudoduganella sp. R-43	R-43	OXFORD_NANOPORE	GridION	798478315.0	130947.0	WGS	GENOMIC	SINGLE	ONT WGS of Pseudoduganella R-43
ERR9030437	ERX8573847	ERS10792233	ERP133548	PRJEB49093	Mycobacterium tuberculosis	Lineage 1.1.2	OXFORD_NANOPORE	MinION	659142813.0	1180583.0	WGS	GENOMIC	SINGLE	MinION sequencing; Raw reads: mada_1-5-nanopore
SRR13268786	SRX9698931	SRS3041660	SRP255650	PRJNA605356	Salmonella enterica	VA-WGS-18011	OXFORD_NANOPORE	MinION	506824331.0	86764.0	WGS	GENOMIC	SINGLE	Whole genome shotgun sequencing of Salmonella enterica by Oxford Nanopore MinION
SRR33436065	SRX28676959	SRS24944588	SRP583152	PRJNA1257952	cyanobacterium endosymbiont of Rhopalodia sterrenbergii		OXFORD_NANOPORE	PromethION	465055916.0	84129.0	WGS	GENOMIC	SINGLE	cyanobacterium endosymbiont of Rhopalodia sterrenbergii
SRR35148401	SRX30254033	SRS26305872	SRP613318	PRJNA711010	Priestia megaterium	PvP124	PACBIO_SMRT	Sequel II	332641601.0	62142.0	WGS	GENOMIC	SINGLE	Bacillus sp. PvP124
ERR15941362	ERX15336907	ERS27416678	ERP185476	PRJEB104171	Escherichia coli		OXFORD_NANOPORE	MinION	197064108.0	52737.0	WGS	GENOMIC	SINGLE	MinION sequencing
SRR5182022	SRX2498130	SRS1924983	SRP096895	PRJNA353873	Mycobacterium tuberculosis		PACBIO_SMRT	PacBio RS	459825654.0	163482.0	WGS	GENOMIC	SINGLE	DNA of Mtb
SRR13192611	SRX9626848	SRS7827983	SRP295672	PRJNA681856	Salmonella enterica	LHICA_E1	OXFORD_NANOPORE	MinION	18728771.0	4000.0	WGS	GENOMIC	SINGLE	WGS of Salmonella enterica Lhica E14
SRR30149466	SRX25617167	SRS21937690	SRP518730	PRJNA1133668	Klebsiella pneumoniae	ST258KP18	OXFORD_NANOPORE	MinION	61819108.0	12608.0	WGS	GENOMIC	SINGLE	Nanopore sequencing of clinical CRE isolates: human
SRR32486278	SRX27799660	SRS24152451	SRP406175	PRJNA897941	Listeria monocytogenes	AUSMDU00098114	OXFORD_NANOPORE	PromethION	2443403656.0	437127.0	WGS	GENOMIC	SINGLE	WGS of Listeria species from ONT reads
SRR33123768	SRX28387259	SRS24711185	SRP578427	PRJNA1244367	Bacillus cereus ATCC 14579	ATCC 14579	OXFORD_NANOPORE	GridION	6323646062.0	2083527.0	WGS	GENOMIC	SINGLE	WGS of Bacillus cereus Strain ATCC14660
SRR36200537	SRX31237068	SRS27216397	SRP649104	PRJNA1367967	Klebsiella pneumoniae	18338B1	OXFORD_NANOPORE	PromethION	281197167.0	401464.0	WGS	GENOMIC	SINGLE	WGS of clinical Klebsiella pneumoniae from a referral hospital in Bansang, Gambia
SRR11252158	SRX7862285	SRS6271176	SRP251869	PRJNA610035	Salmonella enterica subsp. enterica serovar Adjame	374589	OXFORD_NANOPORE	MinION	524929132.0	101869.0	WGS	GENOMIC	SINGLE	MioION seq of Salmonella:Adjame serovar
SRR33053919	SRX28318999	SRS24657751	SRP577606	PRJNA1248674	Escherichia coli	ESBLEC525	OXFORD_NANOPORE	GridION	833491915.0	135652.0	WGS	GENOMIC	SINGLE	WGS of Escherichia coli
SRR36068596	SRX31114810	SRS27072670	SRP644837	PRJNA1364846	Staphylococcus hominis	SHOMINIS	OXFORD_NANOPORE	GridION	80651170.0	13886.0	WGS	GENOMIC	SINGLE	Staphylococcus faecalis, DBT kit, 36-plex and 50 ng DNA, replicate 8
SRR32179921	SRX27525109	SRS23942894	SRP546704	PRJNA1189028	Staphylococcus epidermidis	PS03147	OXFORD_NANOPORE	MinION	39611915.0	38030.0	WGS	GENOMIC	SINGLE	WGS of bacterial isolate: Environmental isolate
SRR33906233	SRX29113696	SRS25319854	SRP590983	PRJNA1214554	Shewanella oneidensis	MR1	OXFORD_NANOPORE	MinION	181030363.0	36969.0	WGS	GENOMIC	SINGLE	WGS of Shewanella oneidensis after silencing ISSOD1 genes clone 2
SRR12681556	SRX9161708	SRS7400612	SRP284187	PRJNA652996	Micrococcus yunnanensis	DSM 24531	PACBIO_SMRT	PacBio RS II	503986721.0	151449.0	WGS	GENOMIC	SINGLE	Micrococcus yunnanensis DSM 24531
DRR725171	DRX705192	DRS496387	DRP013789	PRJDB35970	Flavobacterium psychrophilum	KNI-2406	OXFORD_NANOPORE	MinION	292312745.0	93396.0	WGS	GENOMIC	SINGLE	MinION sequencing of SAMD01615000
SRR16929205	SRX13121362	SRS11056120	SRP303790	PRJNA685966	Staphylococcus pseudintermedius	HSP250	OXFORD_NANOPORE	MinION	456186114.0	177415.0	WGS	GENOMIC	SINGLE	Long-read genomic sequencing of Staphylococcus pseudintermedius from canine skin
SRR28516889	SRX24117795	SRS20904548	SRP490454	PRJNA1061597	Lachnospiraceae bacterium JLR.KK009	JLR.KK002	PACBIO_SMRT	Sequel II	886284783.0	81055.0	WGS	GENOMIC	SINGLE	PacBio Sequel II genome sequencing of spore-forming community isolate JLR.KK009
SRR30232440	SRX25694336	SRS22336374	SRP526328	PRJNA1112457	Variovorax paradoxus NBRC 15149	NBRC 15149	OXFORD_NANOPORE	MinION	1344100104.0	434631.0	WGS	GENOMIC	SINGLE	hybrid sequencing of Variovorax isolates
SRR32057875	SRX27406772	SRS23836867	SRP558617	PRJNA1199890	Cupriavidus necator	G29	OXFORD_NANOPORE	GridION	825590170.0	84997.0	WGS	GENOMIC	SINGLE	Nanopore whole genome sequencing of Cupriavidus necator strain G29: DSM 517
SRR32972670	SRX28245886	SRS24593549	SRP576427	PRJNA1190511	Yersinia pestis	34011	PACBIO_SMRT	Sequel	4635658176.0	440877.0	WGS	GENOMIC	SINGLE	WGS of Yersinia pestis: cultured strain 34011
SRR35212506	SRX30316271	SRS26363287	SRP291668	PRJNA675431	Enterococcus faecium	FI538	OXFORD_NANOPORE	PromethION	2133373686.0	500764.0	WGS	GENOMIC	SINGLE	WGS of Enterococcus faecium
SRR8305923	SRX5120425	SRS2348828	SRP111691	PRJNA191677	Salmonella enterica subsp. enterica serovar Paratyphi B	SGSC 2503	PACBIO_SMRT	Sequel	901555938.0	132630.0	WGS	GENOMIC	SINGLE	Whole genome PacBio Sequel sequence of Salmonella enterica subsp. enterica serovar Paratyphi B
DRR572584	DRX556051	DRS426439	DRP012251	PRJDB17574	Escherichia coli	YK-IS1MA-L07-4_G20	OXFORD_NANOPORE	MinION	57953819.0	4324.0	WGS	GENOMIC	SINGLE	nanopore-seq of SAMD00748256 L07-4_G20
SRR10948588	SRX7615668	SRS6048982	SRP243855	PRJNA573568	Enterococcus faecium	V2937	OXFORD_NANOPORE	MinION	422257987.0	107456.0	WGS	GENOMIC	SINGLE	DNA-seq of E.faecium
SRR24895934	SRX20658146	SRS17955353	SRP442879	PRJNA956891	Serratia sp. B1	B1	OXFORD_NANOPORE	MinION	1867004893.0	125849.0	WGS	GENOMIC	SINGLE	SerratiaB4-barcode04
ERR14721241	ERX14122666	ERS23791465	ERP170136	PRJEB86838	pig metagenome		OXFORD_NANOPORE	GridION	3621346047.0	1567310.0	WGS	GENOMIC	SINGLE	Raw reads: DTU_2024_1037154_101_MG_G4_Grid_four_rep2_SE
ERR15094655	ERX14499257	ERS24813628	ERP119900	PRJEB36683	Klebsiella pneumoniae 11227-1		OXFORD_NANOPORE	PromethION	298418680.0	209047.0	WGS	GENOMIC	SINGLE	Raw reads: JKPB508_L
SRR10520600	SRX7205368	SRS5709773	SRP231881	PRJNA556438	Listeria monocytogenes	AUSMDU00000224	PACBIO_SMRT	PacBio RS II	3838790171.0	163482.0	WGS	GENOMIC	SINGLE	WGS of AUSMDU00000224: PacBio
ERR11262544	ERX10670042	ERS14949151	ERP144617	PRJEB59568	Klebsiella pneumoniae		OXFORD_NANOPORE	GridION	179806093.0	49279.0	WGS	GENOMIC	SINGLE	GridION sequencing
ERR581042	ERX539129	ERS426725	ERP001625	PRJEB3164	Salmonella enterica subsp. enterica serovar Typhimurium		PACBIO_SMRT	PacBio RS	836948861.0	163482.0	WGS	GENOMIC	SINGLE	PacBio RS sequencing
SRR14509649	SRX10855397	SRS8951105	SRP319462	PRJNA728709	Escherichia coli	94_0962	PACBIO_SMRT	PacBio RS II	3942616326.0	163482.0	WGS	GENOMIC	SINGLE	Genome sequencing of E. coli O26:H11
SRR31599325	SRX26964358	SRS23434072	SRP549287	PRJNA1185485	Escherichia coli	257	OXFORD_NANOPORE	PromethION	580271612.0	381282.0	WGS	GENOMIC	SINGLE	manhole-barcode01
SRR3723272	SRX1880874	SRS1527647	SRP077329	PRJNA234908	Carnobacterium divergens DSM 20623	66	PACBIO_SMRT	PacBio RS	277792153.0	99322.0	WGS	GENOMIC	SINGLE	Carnobacterium divergens 66
SRR9620709	SRX6383722	SRS5043308	SRP212599	PRJNA547257	Microbacterium endophyticum	DSM 27099	PACBIO_SMRT	Sequel	884339875.0	220942.0	WGS	GENOMIC	SINGLE	Microbacterium endophyticum DSM 27099
ERR2532054	ERX2550483	ERS2402922	ERP005928	PRJEB6403	Citrobacter koseri	NCTC11068	PACBIO_SMRT	PacBio RS	2292658580.0	163482.0	WGS	GENOMIC	SINGLE	PacBio RS sequencing
SRR7004877	SRX3937450	SRS3169106	SRP140126	PRJNA442723	Clostridium carboxidivorans P7	P7	PACBIO_SMRT	PacBio RS II	973004458.0	474868.0	WGS	GENOMIC	SINGLE	Clostridium carboxidivorans P7 methylation detection
ERR5984746	ERX5624424	ERS6796349	ERP129449	PRJEB45354	Escherichia coli		OXFORD_NANOPORE	GridION	173714501.0	28716.0	WGS	GENOMIC	SINGLE	GridION sequencing; Raw reads: ONT_30859_5#21
ERR15658844	ERX15063625	ERS26766545	ERP179457	PRJEB96843	Salmonella enterica subsp. enterica serovar Infantis		OXFORD_NANOPORE	MinION	130345407.0	36000.0	WGS	GENOMIC	SINGLE	MinION sequencing
SRR7968348	SRX4801749	SRS3880711	SRP163540	PRJNA431102	Borreliella tanukii	TanegashimaAS13	PACBIO_SMRT	PacBio RS II	2294394381.0	163482.0	WGS	GENOMIC	SINGLE	Borrelia tanukii strain TanegashimaAS13
SRR36919891	SRX31886338	SRS27841281	SRP665298	PRJNA1403646	Streptococcus sp.	sp013394695	OXFORD_NANOPORE	MinION	215940442.0	112567.0	WGS	GENOMIC	SINGLE	Long Reads for The Genomic Landscape of Head and Neck Cancer-associated Streptococci
SRR386254	SRX109854	SRS002809	SRP001771	PRJNA38519	Fusobacterium animalis 3_1_33	3_1_33	PACBIO_SMRT	PacBio RS	118691131.0	81741.0	WGS	GENOMIC	SINGLE	Whole Genome Sequencing and Assembly
SRR33423682	SRX28664630	SRS24932426	SRP051099	PRJNA269675	Yersinia pseudotuberculosis	SCPM-O-B-16895	OXFORD_NANOPORE	MinION	121662730.0	28650.0	WGS	GENOMIC	SINGLE	Shotgun 2025 Sample 1300
SRR32204121	SRX27545690	SRS23960614	SRP561120	PRJNA1214876	Ekhidna algicida	To15	OXFORD_NANOPORE	MinION	35972252.0	4000.0	WGS	GENOMIC	SINGLE	Ekhidna algicida strain To15 genome
SRR19519889	SRX15572418	SRS13275278	SRP378127	PRJNA819273	Staphylococcus simulans	IVB6241	PACBIO_SMRT	Sequel II	2761666927.0	262922.0	WGS	GENOMIC	SINGLE	PacBio Sequel sequencing of camel Staphylococcaceae from the Horn of Africa
ERR10474447	ERX9994790	ERS4418111	ERP120876	PRJEB37551	Klebsiella pneumoniae		OXFORD_NANOPORE	MinION	879727599.0	151068.0	WGS	GENOMIC	SINGLE	MinION sequencing
ERR1475887	ERX1546915	ERS1117683	ERP005928	PRJEB6403	Pseudomonas aeruginosa	NCTC13717	PACBIO_SMRT	PacBio RS	347143411.0	163482.0	WGS	GENOMIC	SINGLE	PacBio RS sequencing
SRR3757103	SRX1906167	SRS1546885	SRP078137	PRJNA217194	Eubacterium sp. AB3007	AB3007	PACBIO_SMRT	PacBio RS	313340992.0	110798.0	WGS	GENOMIC	SINGLE	Eubacterium sp. AB3007
SRR36797872	SRX31784476	SRS27747177	SRP661661	PRJNA1389824	Enterobacter ludwigii		OXFORD_NANOPORE	MinION	302101768.0	103487.0	WGS	GENOMIC	SINGLE	evolved microcosm clones
SRR9214056	SRX5984774	SRS1011247	SRP051949	PRJNA271899	Enterobacter sp. BIDMC110	BIDMC110	OXFORD_NANOPORE	GridION	1535190428.0	233066.0	WGS	GENOMIC	SINGLE	Sequencing of Carbapenem resistant bacteria
SRR26661814	SRX22361948	SRS19409960	SRP469823	PRJNA1034827	Escherichia coli str. K-12 substr. MG1655	K-12	OXFORD_NANOPORE	MinION	696461233.0	146325.0	WGS	GENOMIC	SINGLE	WGS of Escherichia coli conjugated with plasmid p7E2
SRR26748292	SRX22446994	SRS19461572	SRP470969	PRJNA1023047	Enterococcus faecalis	ES-1390	OXFORD_NANOPORE	GridION	982883719.0	116025.0	WGS	GENOMIC	SINGLE	Whole genome sequencing of Enterococcus faecalls:ES-1390
SRR31598951	SRX26963534	SRS23433246	SRP549287	PRJNA1185485	Escherichia coli	830	OXFORD_NANOPORE	PromethION	1312061917.0	232141.0	WGS	GENOMIC	SINGLE	Wnew4R-barcode45
SRR25999215	SRX21716475	SRS18851481	SRP459613	PRJNA1014400	Listeria monocytogenes		OXFORD_NANOPORE	MinION	719299258.0	250201.0	WGS	GENOMIC	SINGLE	ONT R9 WGS of Listeria monoctyogenes isolate
SRR13716846	SRX10105427	SRS8262430	SRP306516	PRJNA695736	Pseudomonas sp. M5	M5	PACBIO_SMRT	PacBio RS II	7501734262.0	777374.0	WGS	GENOMIC	SINGLE	Pseudomonas sp. M5
ERR10499157	ERX10016443	ERS14255725	ERP142629	PRJEB57633	Escherichia coli		OXFORD_NANOPORE	GridION	74400947.0	8232.0	WGS	GENOMIC	SINGLE	Raw reads: ONT_30859_5#22
ERR4763194	ERX4636247	ERS5247932	ERP124695	PRJEB40976	Enterococcus faecalis		OXFORD_NANOPORE	GridION	680910538.0	32069.0	WGS	GENOMIC	SINGLE	GridION sequencing; Raw reads: 28157_4#36
ERR13600535	ERX12971558	ERS16474129	ERP109316	PRJEB27256	Klebsiella pneumoniae		OXFORD_NANOPORE	GridION	230610075.0	9510.0	WGS	GENOMIC	SINGLE	GridION sequencing
ERR5420971	ERX5205535	ERS5845285	ERP126298	PRJEB42440	Klebsiella pneumoniae		OXFORD_NANOPORE	GridION	1251548885.0	223835.0	WGS	GENOMIC	SINGLE	GridION sequencing
SRR34500429	SRX29644357	SRS1278961	SRP069749	PRJNA310138	Rhizobium leguminosarum	KDH_Rht_758_C	PACBIO_SMRT	Revio	318855538.0	30779.0	WGS	GENOMIC	SINGLE	Rhizobium leguminosarum long reads
SRR26139060	SRX21852321	SRS18002633	SRP462527	PRJNA1019817	Escherichia coli	TUM9803	OXFORD_NANOPORE	MinION	1353102723.0	202882.0	WGS	GENOMIC	SINGLE	WGS of Enterobacterales: Chick
SRR5181848	SRX2497957	SRS1924811	SRP096895	PRJNA353873	Mycobacterium tuberculosis		PACBIO_SMRT	PacBio RS	219255575.0	163482.0	WGS	GENOMIC	SINGLE	DNA of Mtb
SRR33370079	SRX28613754	SRS18058559	SRP445695	PRJNA957587	Enterobacter cloacae subsp. cloacae	PEER 926	OXFORD_NANOPORE	MinION	1170996983.0	936906.0	WGS	GENOMIC	SINGLE	Enterobacter cloacae complex genome Sequencing
SRR30188643	SRX25654232	SRS22297028	SRP458186	PRJNA1012291	Enterococcus	Enterococcus faecium	OXFORD_NANOPORE	MinION	1472195255.0	511023.0	WGS	GENOMIC	SINGLE	Nanopore sequencing data of VRE
SRR34323112	SRX29488801	SRS25631197	SRP494488	PRJNA1085078	Mycobacterium tuberculosis	ITM-2005-02460	OXFORD_NANOPORE	MinION	164715963.0	34325.0	WGS	GENOMIC	SINGLE	ONS-MtbC-NTU
SRR9722820	SRX6480388	SRS5130452	SRP215816	PRJNA470993	Staphylococcus aureus	pt232	PACBIO_SMRT	PacBio RS II	843576569.0	137751.0	WGS	GENOMIC	SINGLE	WGS of Staphylococcus aureus
SRR30574421	SRX25997436	SRS22571204	SRP531125	PRJNA1155659	Vibrio parahaemolyticus	VB18PR-0055-1_long	OXFORD_NANOPORE	MinION	1349459727.0	367896.0	WGS	GENOMIC	SINGLE	Oxford Nanopore reads of Vibrio
SRR5194460	SRX2510111	SRS1934070	SRP097477	PRJNA331839	Bacillus sp. YR288	YR288	PACBIO_SMRT	PacBio RS	859371543.0	287174.0	WGS	GENOMIC	SINGLE	Bacillus sp. YR288
SRR30896166	SRX26299855	SRS22828577	SRP536878	PRJNA1134622	Escherichia coli	OXEC-224	OXFORD_NANOPORE	MinION	501984111.0	110593.0	WGS	GENOMIC	SINGLE	OXEC-224
SRR34864051	SRX29995572	SRS26072168	SRP606522	PRJNA1301590	Pseudolactococcus laudensis	T2F6	OXFORD_NANOPORE	PromethION	359809359.0	50264.0	WGS	GENOMIC	SINGLE	WGS of Pseudolactococcus laudensis strain T2F6: Tistrup starter culture
ERR3629072	ERX3622870	ERS2598504	ERP021995	PRJEB19918	Klebsiella pneumoniae		PACBIO_SMRT	Sequel	542847819.0	192512.0	WGS	GENOMIC	SINGLE	Sequel sequencing
SRR33880360	SRX29091955	SRS25301527	SRP590652	PRJNA1273616	Acinetobacter baumannii	LAC-4	PACBIO_SMRT	Revio	3047600499.0	451033.0	WGS	GENOMIC	SINGLE	WGS of Acinetobacter baumannii (LAC-4) strains
ERR2797047	ERX2806066	ERS2735109	ERP110894	PRJEB28660	Escherichia coli		OXFORD_NANOPORE	MinION	451652349.0	68483.0	WGS	GENOMIC	SINGLE	MinION sequencing
ERR10499322	ERX10016608	ERS14255970	ERP142629	PRJEB57633	Escherichia coli		OXFORD_NANOPORE	GridION	136434481.0	15412.0	WGS	GENOMIC	SINGLE	Raw reads: ONT_31663_7#272
SRR13893597	SRX10273417	SRS8406400	SRP309815	PRJNA686978	Klebsiella pneumoniae	not collected	OXFORD_NANOPORE	MinION	850327601.0	102175.0	WGS	GENOMIC	SINGLE	nanopore sequencing of k pneumoniae: clinical isolate
SRR31583348	SRX26948906	SRS23420369	SRP548954	PRJNA1193326	Campylobacter jejuni		OXFORD_NANOPORE	MinION	159345217.0	45103.0	WGS	GENOMIC	SINGLE	Long-read Nanopore-based WGS characterization of antimicrobial resistant Campylobacter jejuni and Campylobacter coli isolates from humans, animals and food products in Northern Spain within a One Health approach
DRR261204	DRX250907	DRS356894	DRP011004	PRJDB10954	Mycobacterium tuberculosis	DN146	OXFORD_NANOPORE	GridION	1456592892.0	917548.0	WGS	GENOMIC	SINGLE	GridION sequencing of SAMD00269952
SRR8130746	SRX4951869	SRS3993548	SRP167148	PRJNA477005	Klebsiella pneumoniae	4743	PACBIO_SMRT	PacBio RS II	1728560439.0	188316.0	WGS	GENOMIC	SINGLE	Comparative genomics of K. pneuominae 4743
ERR13326730	ERX12697758	ERS20295462	ERP161282	PRJEB76791	Salmonella enterica subsp. enterica serovar Agona		OXFORD_NANOPORE	MinION	854402053.0	131873.0	WGS	GENOMIC	SINGLE	MinION sequencing
SRR8960997	SRX5740546	SRS656001	SRP044217	PRJNA253771	Bacteroides fragilis	DCMOUH0042B	PACBIO_SMRT	Sequel	612123446.0	138203.0	WGS	GENOMIC	SINGLE	PacBio DNA-seq of Bacteroides fragilis: BFO42. Fastq.
SRR15293793	SRX11598566	SRS9635179	SRP330390	PRJNA750627	Klebsiella pneumoniae	ST258	OXFORD_NANOPORE	MinION	213044237.0	10486.0	WGS	GENOMIC	SINGLE	WGS of colistin resistant Klebsiella pneumoniae
SRR11523180	SRX8094376	SRS6386597	SRP254342	PRJNA602597	Escherichia coli	E2348/69	OXFORD_NANOPORE	MinION			WGS	GENOMIC	SINGLE	
SRR19646383	SRX15696364	SRS13392711	SRP380121	PRJNA848627	Oxalobacteraceae bacterium OTU3REALA1	OTU3REALA1	PACBIO_SMRT	Sequel II	218500872.0	27977.0	WGS	GENOMIC	SINGLE	OTU3REALA1
SRR10541598	SRX7224997	SRS5725806	SRP233415	PRJNA370029	Clostridium saccharobutylicum	DJ087	PACBIO_SMRT	PacBio RS II	788749178.0	261506.0	WGS	GENOMIC	SINGLE	Clostridium saccharobutylicum DJ087
SRR1284073	SRX533603	SRS602351	SRP040522	PRJNA237120	Escherichia coli str. K-12 substr. MG1655	K-12	PACBIO_SMRT	PacBio RS II	649429887.0	163482.0	WGS	GENOMIC	SINGLE	Pacific Biosciences Model Organism Genome Sequencing-ecoli_P5C3
SRR22859880	SRX18818704	SRS16251834	SRP414408	PRJNA914892	Staphylococcus aureus	C333	OXFORD_NANOPORE	MinION	124324770.0	38128.0	WGS	GENOMIC	SINGLE	Long read ONT WGS of Staphylococcus aureus isolates from Chronic Rhinosinusitis Patients
SRR33935134	SRX29137402	SRS24249994	SRP074197	PRJNA288601	Citrobacter freundii complex	2025HL-00154	OXFORD_NANOPORE	GridION	331426795.0	81051.0	WGS	GENOMIC	SINGLE	Long read sequencing of carbapenemase producing organisms
SRR23814582	SRX19636607	SRS17005582	SRP426688	PRJNA904945	Burkholderia pseudomallei	22MB028029	OXFORD_NANOPORE	GridION	1722481234.0	358577.0	WGS	GENOMIC	SINGLE	Patient22|AUG-2022
SRR15989016	SRX12277851	SRS9998796	SRP357537	PRJNA801416	Citrobacter freundii	-	OXFORD_NANOPORE	GridION	1051247061.0	98481.0	WGS	GENOMIC	SINGLE	Whole Genome Sequencing of Carbapenemase-producing Enterobacterales (CPE)
SRR33769280	SRX28991489	SRS22396665	SRP444583	PRJNA962904	Escherichia coli		PACBIO_SMRT	Sequel II	1476098985.0	66949.0	WGS	GENOMIC	SINGLE	PacBio sequencing of AH0006HE1 for ARCH 2
SRR1797158	SRX866452	SRS837414	SRP055199	PRJNA274640	Escherichia coli	K-12	PACBIO_SMRT	PacBio RS	345011883.0	163482.0	WGS	GENOMIC	SINGLE	Figure 5:  20kb E. coli Low-Input Re-Use Results
SRR31834917	SRX27195261	SRS22210767	SRP523632	PRJNA1142676	Klebsiella variicola	kv221004_barcode23	OXFORD_NANOPORE	MinION	143887858.0	20266.0	WGS	GENOMIC	SINGLE	Klebsiella variicola strain kv221004_barcode23
SRR27467549	SRX23139081	SRS20090136	SRP482617	PRJNA942599	Staphylococcus pseudintermedius	Dog024_2	PACBIO_SMRT	Sequel II	1002651844.0	94318.0	WGS	GENOMIC	SINGLE	PacBio sequencing of canine Staphylococcaceae isolated from a Kenyan shelter in June 2037
SRR13181990	SRX9620008	SRS7822172	SRP040661	PRJNA231221	Phocaeicola coprophilus	FDAARGOS_1220	PACBIO_SMRT	Sequel	2175762137.0	317790.0	WGS	GENOMIC	SINGLE	
SRR24529683	SRX20313903	SRS17638323	SRP437468	PRJNA971657	Mannheimia bovis		OXFORD_NANOPORE	GridION	180047140.0	13920.0	WGS	GENOMIC	SINGLE	Whole genome sequence of Mannheimia bovis 39324.S-11
ERR12328563	ERX11705367	ERS17177482	ERP155552	PRJEB70626	Mycobacterium tuberculosis		OXFORD_NANOPORE	MinION	101685829.0	56046.0	WGS	GENOMIC	SINGLE	MinION sequencing
SRR12042540	SRX8571628	SRS6863647	SRP267773	PRJNA640151	Enterobacter	DSM 30060	PACBIO_SMRT	Sequel	1331873597.0	282546.0	WGS	GENOMIC	SINGLE	WGS of  Enterobacter DSM30060-BlokeschLab
ERR6565399	ERX6191589	ERS7483783	ERP131450	PRJEB47192	Burkholderia pseudomallei		OXFORD_NANOPORE	MinION	360150672.0	116881.0	WGS	GENOMIC	SINGLE	MinION sequencing
ERR10386231	ERX9915391	ERS13587211	ERP141746	PRJEB56775	Streptococcus suis		PACBIO_SMRT	Sequel II	2078977521.0	439989.0	WGS	GENOMIC	SINGLE	Sequel II sequencing
SRR16975822	SRX13166630	SRS11097675	SRP346779	PRJNA642183	Campylobacter coli	R7B144	OXFORD_NANOPORE	MinION	340018401.0	14576.0	WGS	GENOMIC	SINGLE	MinION 1D2 Sequencing of C. coli
SRR25592442	SRX21320822	SRS18568264	SRP454342	PRJNA937333	Priestia aryabhattai	G5MAi6	OXFORD_NANOPORE	MinION	3888094581.0	581911.0	WGS	GENOMIC	SINGLE	Nanopore of  of SAMN33402983
SRR28415539	SRX24019896	SRS20798058	SRP496639	PRJNA1090044	Staphylococcus aureus	TUM22173	OXFORD_NANOPORE	MinION	705912399.0	112076.0	WGS	GENOMIC	SINGLE	ONT sequencing of Staphylococcus aureus TUM22173
SRR21696363	SRX17693902	SRS11554280	SRP354045	PRJNA747871	Streptomyces anulatus	NBC_01421	OXFORD_NANOPORE	MinION	623150020.0	98659.0	WGS	GENOMIC	SINGLE	nanopore sequencing data from strain NBC_01421
SRR5449046	SRX2737836	SRS2124992	SRP040661	PRJNA231221	Gardnerella vaginalis	FDAARGOS_296	PACBIO_SMRT	PacBio RS	681841154.0	163482.0	WGS	GENOMIC	SINGLE	
SRR23725161	SRX19585833	SRS16968710	SRP426074	PRJNA941188	Bacillus subtilis	PRO56	OXFORD_NANOPORE	MinION	880918304.0	145054.0	WGS	GENOMIC	SINGLE	WGS of Bacillus subtilis: cell culture
DRR493277	DRX477476	DRS205857	DRP007742	PRJDB10568	Serratia marcescens	QC20	OXFORD_NANOPORE	MinION	1464100610.0	123490.0	WGS	GENOMIC	SINGLE	MinION sequencing of SAMD00247393
SRR35513763	SRX30589601	SRS26617998	SRP620300	PRJNA1328464	Enterococcus faecalis	GPT22-006	OXFORD_NANOPORE	GridION	18388262.0	21309.0	WGS	GENOMIC	SINGLE	Enterococcus faecalis, MMV kit, replicate 3, sequence replicate 2
SRR32364742	SRX27699404	SRS21122378	SRP444583	PRJNA962904	Escherichia coli		PACBIO_SMRT	Sequel II	294628052.0	10584.0	WGS	GENOMIC	SINGLE	PacBio sequencing of AS27260E1 for ARCH 1.0
SRR12935953	SRX9399734	SRS7617496	SRP289727	PRJNA671608	Bradyrhizobium sp. 187	187	OXFORD_NANOPORE	GridION	782700689.0	388230.0	WGS	GENOMIC	SINGLE	Whole genome sequencing of Bradyrhizobium sp. 187
ERR10367381	ERX9899312	ERS711175	SRP272326	PRJNA646837	Klebsiella pneumoniae	KSB1_7G	OXFORD_NANOPORE	MinION	2195009789.0	165532.0	WGS	GENOMIC	SINGLE	MinION sequencing
SRR36068605	SRX31114801	SRS27072669	SRP644837	PRJNA1364846	Enterococcus faecalis	GPT22-006	OXFORD_NANOPORE	GridION	219271946.0	92517.0	WGS	GENOMIC	SINGLE	Enterococcus faecalis, DBT kit, 36-plex and 50 ng DNA, replicate 9
SRR364934	SRX032454	SRS140103	SRP004712	PRJNA61297	Vibrio cholerae O1 biovar El Tor str. N16961	N16961	PACBIO_SMRT	PacBio RS	24202384.0	60667.0	WGS	GENOMIC	SINGLE	Sequencing for N5 (Bangladesh, 1971)
SRR16525706	SRX12728293	SRS10336618	SRP357534	PRJNA801415	Klebsiella pneumoniae	133	OXFORD_NANOPORE	GridION	633842237.0	87572.0	WGS	GENOMIC	SINGLE	Extensive diversification and dissemination of blaNDM carbapenemase plasmids in Enterobacterales in Singapore 2010-2015
SRR32528054	SRX27839474	SRS24213932	SRP567071	PRJNA1230128	Salmonella enterica subsp. enterica serovar Anatum	22EPA055NSA_18	OXFORD_NANOPORE	MinION	285172488.0	63909.0	WGS	GENOMIC	SINGLE	nanopore sequence of Salmonella enterica
SRR25467060	SRX21199864	SRS18458352	SRP452337	PRJNA1000618	Escherichia coli	Escherichia coli BL21(DE3)	OXFORD_NANOPORE	MinION	6607039.0	4000.0	WGS	GENOMIC	SINGLE	CASTVK transposition with different condition
SRR1185308	SRX482706	SRS420803	SRP022645	PRJNA201983	Escherichia coli BWH 24	BWH 24	PACBIO_SMRT	PacBio RS	337302493.0	81741.0	WGS	GENOMIC	SINGLE	Pacbio whole genome shotgun sequencing of genomic DNA library 'PACBIO-465' containing sample 'Escherichia coli BWH 24'
SRR22784766	SRX18744678	SRS16179791	SRP413484	PRJNA912639	Escherichia coli	EC_B2_0012_2L1_D_CuN_CeP	OXFORD_NANOPORE	MinION	854771870.0	158644.0	WGS	GENOMIC	SINGLE	WGS of Escherichia coli
SRR932048	SRX320108	SRS456503	SRP022914	PRJNA203445	Listeria monocytogenes	N1-011A	PACBIO_SMRT	PacBio RS	176909630.0	81741.0	WGS	GENOMIC	SINGLE	Listeria monocytogenes Strain N1-011A
SRR30149330	SRX25617303	SRS3052364	SRP518730	PRJNA1133668	Citrobacter braakii	KP0924	OXFORD_NANOPORE	MinION	378659767.0	45051.0	WGS	GENOMIC	SINGLE	Nanopore sequencing of clinical CRE isolates: human
SRR15989603	SRX12277936	SRS9998455	SRP357537	PRJNA801416	Klebsiella pneumoniae	14	OXFORD_NANOPORE	GridION	1317931570.0	192059.0	WGS	GENOMIC	SINGLE	Whole Genome Sequencing of Carbapenemase-producing Enterobacterales (CPE)
SRR389224	SRX032453	SRS140102	SRP004712	PRJNA61297	Vibrio cholerae O1 biovar El Tor		PACBIO_SMRT	PacBio RS	48945085.0	60667.0	WGS	GENOMIC	SINGLE	Sequencing for M4 (Bangladesh, 2008)
SRR33528143	SRX28762582	SRS15473591	SRP584580	PRJNA1261832	Klebsiella pneumoniae	K0978	OXFORD_NANOPORE	GridION	98573538.0	100000.0	WGS	GENOMIC	SINGLE	Sequencing of Multidrug-Resistant Klebsiella pneumoniae
ERR2532410	ERX2550831	ERS2419137	ERP005928	PRJEB6403	Pandoraea apista		PACBIO_SMRT	PacBio RS	773742724.0	163482.0	WGS	GENOMIC	SINGLE	PacBio RS sequencing
ERR2146859	ERX2203392	ERS1765909	ERP005928	PRJEB6403	Cedecea davisae		PACBIO_SMRT	PacBio RS	1463471206.0	163482.0	WGS	GENOMIC	SINGLE	PacBio RS sequencing
ERR13600460	ERX12971483	ERS6631357	ERP109316	PRJEB27256	Klebsiella pneumoniae		OXFORD_NANOPORE	GridION	1628149915.0	103757.0	WGS	GENOMIC	SINGLE	GridION sequencing
SRR3723583	SRX1881118	SRS1527807	SRP077365	PRJNA239499	Methylomicrobium agile	ATCC 35068	PACBIO_SMRT	PacBio RS	366937521.0	132904.0	WGS	GENOMIC	SINGLE	Methylomicrobium agile ATCC 35068
SRR12298717	SRX8801860	SRS6792184	SRP266402	PRJNA605147	Enterobacter asburiae	RHBSTW-00542	OXFORD_NANOPORE	GridION	233895747.0	66678.0	WGS	GENOMIC	SINGLE	OXFORD_NANOPORE sequencing of Enterobacter cloacae isolate WTP1|T2-00542 cultured from WTP upstream sample
ERR15602687	ERX15005911	ERS26882955	ERP180185	PRJEB97707	Escherichia coli		OXFORD_NANOPORE	MinION	429016065.0	42930.0	WGS	GENOMIC	SINGLE	MinION sequencing
ERR15516463	ERX14920309	ERS26654063	ERP165332	PRJEB81499	Klebsiella pneumoniae		OXFORD_NANOPORE	GridION	500000293.0	47183.0	WGS	GENOMIC	SINGLE	GridION sequencing
SRR23365139	SRX19306147	SRS16705505	SRP421404	PRJNA932460	Pseudomonas chlororaphis	ATCC 336632	OXFORD_NANOPORE	GridION	536353940.0	73352.0	WGS	GENOMIC	SINGLE	WGS of Pseudomonas chlororaphis
SRR386671	SRX109817	SRS004883	SRP001079	PRJNA40077	Cereibacter sphaeroides 2.4.1	2.4.1	PACBIO_SMRT	PacBio RS	157838347.0	81741.0	WGS	GENOMIC	SINGLE	Whole Genome Sequencing and Assembly
SRR16525618	SRX12728381	SRS10336901	SRP357537	PRJNA801416	Escherichia coli	569	OXFORD_NANOPORE	GridION	807491575.0	126717.0	WGS	GENOMIC	SINGLE	Extensive diversification and dissemination of blaNDM carbapenemase plasmids in Enterobacterales in Singapore 2010-2015
SRR29953286	SRX25443402	SRS22100291	SRP521951	PRJNA1115676	Paraburkholderia sp. OAS925	OAS925	PACBIO_SMRT	Sequel IIe	6413500301.0	820970.0	WGS	GENOMIC	SINGLE	Burkholderia sp. OAS925
SRR5829180	SRX3006589	SRS2357075	SRP111979	PRJNA364291	Micrococcaceae bacterium JKS001869	JKS001869	PACBIO_SMRT	PacBio RS II	368910512.0	67347.0	WGS	GENOMIC	SINGLE	Micrococcaceae sp. JKS001869
ERR14738216	ERX14139588	ERS23811912	ERP170065	PRJEB86767	Enterobacter hormaechei		OXFORD_NANOPORE	GridION	1428787078.0	381242.0	WGS	GENOMIC	SINGLE	EXP-12-1-2025-03-14_11-01-10
SRR12298837	SRX8801740	SRS6792616	SRP266402	PRJNA605147	Citrobacter freundii	RHBSTW-00350	PACBIO_SMRT	PacBio RS II	1335899919.0	193864.0	WGS	GENOMIC	SINGLE	PACBIO_SMRT sequencing of Citrobacter freundii isolate WTP2|T1-00350 cultured from WTP downstream sample
ERR14129390	ERX13532056	ERS13617721	ERP141886	PRJEB56918	Escherichia coli		OXFORD_NANOPORE	GridION	2381237405.0	364771.0	WGS	GENOMIC	SINGLE	Raw reads: 1001664
DRR725184	DRX705205	DRS496375	DRP013784	PRJDB35971	Flavobacterium sp. KY-23412	KY-23412	OXFORD_NANOPORE	MinION	484124621.0	159058.0	WGS	GENOMIC	SINGLE	MinION sequencing of SAMD01615002
SRR11460769	SRX8038056	SRS6015394	SRP242738	PRJNA602061	Escherichia coli	201609	OXFORD_NANOPORE	GridION	119938598.0	8000.0	WGS	GENOMIC	SINGLE	Genome of E.coli ST648
SRR35247412	SRX30350310	SRS26393424	SRP617203	PRJNA958273	Chryseobacterium ginsenosidimutans	W1I9	PACBIO_SMRT	Sequel IIe	203424086.0	21618.0	WGS	GENOMIC	SINGLE	Chryseobacterium ginsenosidimutans W1I9
SRR1955608	SRX981123	SRS895954	SRP040661	PRJNA231221	Staphylococcus aureus	FDAARGOS_12	PACBIO_SMRT	PacBio RS	1488196928.0	163482.0	WGS	GENOMIC	SINGLE	
SRR31540868	SRX26908056	SRS23387515	SRP548173	PRJNA1190675	Escherichia coli	The same strain as the one under SRA accession SRR10452796	OXFORD_NANOPORE	MinION	600737034.0	78420.0	WGS	GENOMIC	SINGLE	ONT of TAS093
SRR34967418	SRX30086819	SRS26152959	SRP608514	PRJNA1305037	Escherichia coli	MI_KPC_256	OXFORD_NANOPORE	PromethION	500001337.0	104543.0	WGS	GENOMIC	SINGLE	KPC CRE collection from state of Michigan
ERR4762223	ERX4635327	ERS5247726	ERP124695	PRJEB40976	Enterococcus faecalis		OXFORD_NANOPORE	GridION	585725238.0	31546.0	WGS	GENOMIC	SINGLE	GridION sequencing; Raw reads: 26975_2#147
ERR10499188	ERX10016474	ERS14255862	ERP142629	PRJEB57633	Escherichia coli		OXFORD_NANOPORE	GridION	43764297.0	8265.0	WGS	GENOMIC	SINGLE	Raw reads: ONT_30859_5#292
ERR15846358	ERX15246606	ERS21188327	ERP146253	PRJEB61160	Escherichia coli		PACBIO_SMRT	Revio	3972820711.0	418250.0	WGS	GENOMIC	SINGLE	Revio sequencing
SRR21696309	SRX17693956	SRS14987245	SRP354045	PRJNA747871	Spirillospora sp. NBC_01491	NBC_01491	OXFORD_NANOPORE	MinION	490272397.0	66713.0	WGS	GENOMIC	SINGLE	nanopore sequencing data from strain NBC_01491
SRR31024134	SRX26411429	SRS22931384	SRP539092	PRJNA1174068	Vibrio cholerae	mHDM VC45	OXFORD_NANOPORE	PromethION	122673625.0	67224.0	WGS	GENOMIC	SINGLE	WGS of Vcholerae isolates
ERR15942129	ERX15337674	ERS27418062	ERP171251	PRJEB88111	Escherichia coli	DTU_83A	OXFORD_NANOPORE	PromethION	797183276.0	131539.0	WGS	GENOMIC	SINGLE	Raw reads: DTU_2024_1035975_100_SI_DTU_83A_SE
DRR420891	DRX406110	DRS265896	DRP009267	PRJDB10588	Ralstonia solanacearum	MAFF 211471	OXFORD_NANOPORE	MinION	623391266.0	136843.0	WGS	GENOMIC	SINGLE	MinION sequencing of SAMD00250057
SRR20083556	SRX16121250	SRS13783715	SRP385976	PRJNA857834	Ralstonia pseudosolanacearum	Gj707	PACBIO_SMRT	Sequel	335703207.0	39789.0	WGS	GENOMIC	SINGLE	WGS of Ralstonia solanacearum Gj707
SRR27972441	SRX23626012	SRS20465791	SRP489819	PRJNA1076692	Escherichia coli	RIVM_C059467_rerio	OXFORD_NANOPORE	MinION	468480040.0	131092.0	WGS	GENOMIC	SINGLE	RIVM_C059467_rerio
SRR8739647	SRX5532431	SRS4498654	SRP051949	PRJNA271899	Klebsiella pneumoniae	OC-CRE-9023	OXFORD_NANOPORE	GridION	233067639.0	29056.0	WGS	GENOMIC	SINGLE	Sequencing of Carbapenem resistant bacteria
SRR34851075	SRX29982997	SRS26061242	SRP606181	PRJNA1294965	Rhizobium sp. Z1P35	Z1P35	OXFORD_NANOPORE	GridION	830056765.0	80393.0	WGS	GENOMIC	SINGLE	Characterization of Pisum sativum and Vicia faba microsymbionts in Morocco
ERR10498419	ERX10015708	ERS14255353	ERP142629	PRJEB57633	Escherichia coli		OXFORD_NANOPORE	GridION	57358652.0	9149.0	WGS	GENOMIC	SINGLE	Raw reads: ONT_30345_1#357
ERR11275457	ERX10683027	ERS14857426	ERP146774	PRJEB61685	Mycobacterium tuberculosis variant bovis BCG		OXFORD_NANOPORE	MinION	3618444799.0	980026.0	WGS	GENOMIC	SINGLE	MinION sequencing
SRR15989338	SRX12278201	SRS9998424	SRP357534	PRJNA801415	Klebsiella pneumoniae	231	OXFORD_NANOPORE	GridION	148519265.0	21859.0	WGS	GENOMIC	SINGLE	Whole Genome Sequencing of Carbapenemase-producing Enterobacterales (CPE)
ERR13332127	ERX12703144	ERS16392027	ERP151328	PRJEB66266	Clostridioides difficile R20291		OXFORD_NANOPORE	GridION	723861137.0	108709.0	WGS	GENOMIC	SINGLE	GridION sequencing
ERR2861594	ERX2867832	ERS1198050	ERP006597	PRJEB6927	Burkholderia gladioli	3723STDY6437373	PACBIO_SMRT	PacBio RS	1732284492.0	163482.0	WGS	GENOMIC	SINGLE	PacBio RS sequencing
SRR29779047	SRX25278833	SRS21698211	SRP418402	PRJNA925803	Streptococcus dysgalactiae subsp. equisimilis	MGCS36051	OXFORD_NANOPORE	GridION	584147156.0	259265.0	WGS	GENOMIC	SINGLE	WGS of Streptococcus dysgalactiae subsp. equisimilis
SRR25258150	SRX21004151	SRS18277247	SRP449313	PRJNA994489	Clostridium carboxidivorans	DSM 15243	PACBIO_SMRT	Sequel II	1568691890.0	550975.0	WGS	GENOMIC	SINGLE	PacBio-seq of Clostridium carboxidivorans
SRR19787729	SRX15831622	SRS13522713	SRP383167	PRJNA851853	Salmonella enterica	2011K-1845_ONT_75X	OXFORD_NANOPORE	GridION	354485148.0	65673.0	WGS	GENOMIC	SINGLE	WGS of Salmonella enterica serovar Enteritidis
SRR8984852	SRX5764113	SRS4698544	SRP040661	PRJNA231221	Cupriavidus gilardii	FDAARGOS_639	PACBIO_SMRT	PacBio RS	2093668310.0	163482.0	WGS	GENOMIC	SINGLE	
SRR10519212	SRX7204059	SRS5708913	SRP231700	PRJNA330524	Clostridium beijerinckii	DJ019	PACBIO_SMRT	PacBio RS II	1795948234.0	683192.0	WGS	GENOMIC	SINGLE	Clostridium beijerinckii 19
DRR242206	DRX232006	DRS165249	DRP006773	PRJDB10450	Escherichia coli	Zam_UTH_24	OXFORD_NANOPORE	MinION	556559842.0	74407.0	WGS	GENOMIC	SINGLE	MinION sequencing of SAMD00243967
ERR3685939	ERX3675543	ERS4047740	ERP114207	PRJEB31632	bacterium		OXFORD_NANOPORE	GridION	745777397.0	267648.0	WGS	GENOMIC	SINGLE	GridION sequencing
ERR10499295	ERX10016581	ERS14256220	ERP142629	PRJEB57633	Escherichia coli		OXFORD_NANOPORE	GridION	143551846.0	32700.0	WGS	GENOMIC	SINGLE	Raw reads: ONT_31663_7#224
ERR1456744	ERX1527222	ERS1106920	ERP005928	PRJEB6403	Hathewaya histolytica	NCTC503	PACBIO_SMRT	PacBio RS	1584397064.0	163482.0	WGS	GENOMIC	SINGLE	PacBio RS sequencing
SRR23384791	SRX19322871	SRS16720992	SRP421698	PRJNA924056	Klebsiella pneumoniae	CPO537	OXFORD_NANOPORE	MinION	417960536.0	24975.0	WGS	GENOMIC	SINGLE	WGS of bacterial isolate possessing blaIMP-4 carbapenemase
ERR12778246	ERX12151436	ERS18592084	ERP158783	PRJEB74087	Streptomyces sp. enrichment culture		PACBIO_SMRT	Revio	668445823.0	96995.0	WGS	GENOMIC	SINGLE	Raw reads: SwissS11.8_2089
DRR393652	DRX379471	DRS296985	DRP007849	PRJDB10842	Escherichia coli	JBBDABA-19-0065	OXFORD_NANOPORE	GridION	1108870263.0	125580.0	WGS	GENOMIC	SINGLE	GridION sequencing of SAMD00498637
SRR31480855	SRX26849468	SRS23333107	SRP547242	PRJNA1188493	Bacillus cereus	C914	OXFORD_NANOPORE	GridION	2074930582.0	799302.0	WGS	GENOMIC	SINGLE	WGS of Bacillus Cereus
SRR10918409	SRX7585728	SRS6019384	SRP051949	PRJNA271899	Enterobacter cloacae	UCI_269	OXFORD_NANOPORE	GridION	1306210961.0	362619.0	WGS	GENOMIC	SINGLE	Sequencing of Carbapenem resistant bacteria
SRR21529823	SRX17532178	SRS15080625	SRP394709	PRJNA860029	Salmonella enterica	STMC081	OXFORD_NANOPORE	MinION	1232189981.0	290809.0	WGS	GENOMIC	SINGLE	Long-read sequencing of Salmonella enterica: Clinical isolates
SRR1608117	SRX729177	SRS718507	SRP048748	PRJNA178668	Burkholderia pseudomallei NCTC 13178	NCTC 13178	PACBIO_SMRT	PacBio RS	465661802.0	526689.0	WGS	GENOMIC	SINGLE	PacBio Data B pseudomallei NCTC13178
SRR22784675	SRX18744769	SRS16179832	SRP413484	PRJNA912639	Escherichia coli	EC_E10L_2_E_CuP_CeP	OXFORD_NANOPORE	MinION	305427956.0	31132.0	WGS	GENOMIC	SINGLE	WGS of Escherichia coli
SRR33768679	SRX28991399	SRS22456340	SRP444583	PRJNA962904	Enterobacter hormaechei		PACBIO_SMRT	Sequel II	383725923.0	18095.0	WGS	GENOMIC	SINGLE	PacBio sequencing of AH0214HE2 for ARCH 2
SRR21472932	SRX17476864	SRS15030078	SRP396115	PRJNA868296	Acinetobacter junii	GD03806	OXFORD_NANOPORE	MinION	431023302.0	44363.0	WGS	GENOMIC	SINGLE	WGS of Acinetobacter junii
SRR35556732	SRX30631328	SRS19727715	SRP150360	PRJNA475751	Escherichia coli	EC01313	OXFORD_NANOPORE	MinION	186817190.0	45560.0	WGS	GENOMIC	SINGLE	WGS Sequencing of Escherichia coli
ERR2322013	ERX2372976	ERS2217301	ERP024191	PRJEB21888	Mycobacterium tuberculosis		PACBIO_SMRT	PacBio RS	2538627066.0	326964.0	WGS	GENOMIC	SINGLE	PacBio RS sequencing
SRR12298462	SRX8801605	SRS6792625	SRP266402	PRJNA605147	Escherichia coli	RHB21-C11	OXFORD_NANOPORE	GridION	491669953.0	127710.0	WGS	GENOMIC	SINGLE	OXFORD_NANOPORE sequencing of Escherichia coli isolate RH06|T2-C11 cultured from Cattle faeces sample
SRR498047	SRX148634	SRS281882	SRP013241	PRJNA73829	Vibrio cholerae		PACBIO_SMRT	PacBio RS	691955.0	1426.0	WGS	GENOMIC	SINGLE	
DRR328574	DRX317577	DRS209353	DRP007871	PRJDB12114	Phocaeicola vulgatus	MG01-03	OXFORD_NANOPORE	MinION	1129693824.0	133757.0	WGS	GENOMIC	SINGLE	MinION sequencing of SAMD00405043
SRR27336666	SRX23013499	SRS19865268	SRP478122	PRJNA1044843	Escherichia coli	ExPEC_A409	OXFORD_NANOPORE	MinION	1170476636.0	49346.0	WGS	GENOMIC	SINGLE	High-quality long-reads of the genome from swine-derived extraintestinal pathogenic Escherichia coli
SRR27887952	SRX23549711	SRS19902421	SRP478651	PRJNA1053631	Lamprobacter modestohalophilus	ShNLb02	OXFORD_NANOPORE	MinION	6943203.0	3775.0	WGS	GENOMIC	SINGLE	The genome sequence of the moderately halophilic Lamprobacter modestohalophilus ShNLb02_OxfordNanoporeLongReads
SRR12056169	SRX8584559	SRS6876063	SRP268053	PRJNA462550	Clostridium beijerinckii	DJ195	PACBIO_SMRT	PacBio RS II	920284055.0	275706.0	WGS	GENOMIC	SINGLE	Clostridium beijerinckii DJ195
SRR24140315	SRX19938762	SRS17287471	SRP247747	PRJNA604975	Escherichia coli	ox_bsi_731	OXFORD_NANOPORE	GridION	124855584.0	47788.0	WGS	GENOMIC	SINGLE	oxford_bsi
ERR15195730	ERX14601386	ERS25144146	ERP160948	PRJEB76420	Klebsiella oxytoca		OXFORD_NANOPORE	MinION			WGS	GENOMIC	SINGLE	MinION sequencing
ERR5420961	ERX5205525	ERS5845242	ERP126298	PRJEB42440	Klebsiella pneumoniae		OXFORD_NANOPORE	GridION	658500438.0	61091.0	WGS	GENOMIC	SINGLE	GridION sequencing
SRR23032934	SRX18987642	SRS16376974	SRP413032	PRJNA906522	Pseudomonas aeruginosa	Paer08	OXFORD_NANOPORE	MinION	285248611.0	75192.0	WGS	GENOMIC	SINGLE	Long read sequencing of Pseudomonas aeruginosa Paer08
SRR27136104	SRX22817954	SRS18857180	SRP395888	PRJNA812595	Campylobacter jejuni	PNUSAC039152	OXFORD_NANOPORE	GridION	324762992.0	46745.0	WGS	GENOMIC	SINGLE	Nanopore sequencing of PULSENET isolate
ERR10499163	ERX10016449	ERS14255671	ERP142629	PRJEB57633	Escherichia coli		OXFORD_NANOPORE	GridION	80737025.0	12019.0	WGS	GENOMIC	SINGLE	Raw reads: ONT_30859_5#24
ERR1070158	ERX1150308	ERS799809	ERP005928	PRJEB6403	Escherichia coli	NCTC10537	PACBIO_SMRT	PacBio RS	921466534.0	163482.0	WGS	GENOMIC	SINGLE	PacBio RS sequencing
ERR12031463	ERX11415007	ERS16321859	ERP149275	PRJEB64143	Streptococcus pneumoniae	HUB-13102	OXFORD_NANOPORE	MinION	38734974.0	28183.0	WGS	GENOMIC	SINGLE	MinION sequencing
SRR11867861	SRX8418127	SRS6729755	SRP265117	PRJNA635644	Escherichia coli	O153var1:H42/H36/H55/H54/H17	OXFORD_NANOPORE	MinION	283216446.0	89597.0	WGS	GENOMIC	SINGLE	Nanopore WGS of Malawi ExPEC 43
SRR33769069	SRX28991699	SRS22455974	SRP444583	PRJNA962904	Escherichia coli		PACBIO_SMRT	Sequel II	501629259.0	27279.0	WGS	GENOMIC	SINGLE	PacBio sequencing of AH0182HC2 for ARCH 2
SRR10048572	SRX6783053	SRS5329279	SRP219398	PRJNA561565	Escherichia albertii	RM10703	PACBIO_SMRT	PacBio RS II	2631787943.0	163482.0	WGS	GENOMIC	SINGLE	Complete genome sequences RM10703
SRR13893580	SRX10273434	SRS8406421	SRP309815	PRJNA686978	Klebsiella pneumoniae	not collected	OXFORD_NANOPORE	MinION	6599872066.0	779943.0	WGS	GENOMIC	SINGLE	nanopore sequencing of k pneumoniae: clinical isolate
SRR3709204	SRX1869517	SRS1520202	SRP076894	PRJNA195815	Prevotella sp. 10(H)	10(H)	PACBIO_SMRT	PacBio RS	242046603.0	67847.0	WGS	GENOMIC	SINGLE	Prevotella sp. isolate #10(H)
SRR30896483	SRX26300086	SRS22828807	SRP536878	PRJNA1134622	Escherichia coli	OXEC-407	OXFORD_NANOPORE	MinION	452076446.0	97317.0	WGS	GENOMIC	SINGLE	OXEC-407
SRR31024110	SRX26411453	SRS22931405	SRP539092	PRJNA1174068	Vibrio cholerae	mHDM VC68	OXFORD_NANOPORE	PromethION	131381349.0	68438.0	WGS	GENOMIC	SINGLE	WGS of Vcholerae isolates
ERR5353237	ERX5141272	ERS5752969	ERP126298	PRJEB42440	Klebsiella pneumoniae		OXFORD_NANOPORE	MinION	404972809.0	64961.0	WGS	GENOMIC	SINGLE	MinION sequencing
SRR30229480	SRX25691463	SRS22333562	SRP526218	PRJNA1147862	Escherichia coli	E1	PACBIO_SMRT	Sequel IIe	1092401118.0	146935.0	WGS	GENOMIC	SINGLE	PacBio HiFi seq of Escherichia coli: wastewater
SRR24139865	SRX19938540	SRS17287249	SRP247747	PRJNA604975	Escherichia coli	ox_bsi_715	OXFORD_NANOPORE	GridION	98009536.0	21598.0	WGS	GENOMIC	SINGLE	oxford_bsi
SRR31598867	SRX26963619	SRS23433330	SRP549287	PRJNA1185485	Escherichia coli	184	OXFORD_NANOPORE	PromethION	1744273943.0	382241.0	WGS	GENOMIC	SINGLE	Kleb-3R-barcode05
SRR24151316	SRX19949447	SRS17297440	SRP432376	PRJNA955009	Bacillus velezensis	PM1	OXFORD_NANOPORE	PromethION	1151218042.0	89085.0	WGS	GENOMIC	SINGLE	Complete genome sequence of  Bacillus velezensis PM1
SRR30149375	SRX25617258	SRS21937568	SRP518730	PRJNA1133668	Klebsiella pneumoniae	ST258KP140	OXFORD_NANOPORE	MinION	512241710.0	47054.0	WGS	GENOMIC	SINGLE	Nanopore sequencing of clinical CRE isolates: human
SRR33434790	SRX28675660	SRS23085181	SRP542766	PRJNA1181261	Salmonella enterica subsp. enterica serovar Dublin	NDSU-VDL-18	PACBIO_SMRT	Sequel IIe	969859490.0	67813.0	WGS	GENOMIC	SINGLE	PacBio WGS of Salmonella Dublin Strains
SRR30149621	SRX25617446	SRS21937487	SRP518730	PRJNA1133668	Klebsiella pneumoniae	ST258KP161	OXFORD_NANOPORE	MinION	178151066.0	24319.0	WGS	GENOMIC	SINGLE	Nanopore sequencing of clinical CRE isolates: human
SRR28331551	SRX23939827	SRS20743865	SRP495027	PRJNA1086569	Bacillus anthracis	Sterne-CLR2-11	OXFORD_NANOPORE	MinION	3535793141.0	938248.0	WGS	GENOMIC	SINGLE	Nanopore WGS of Bacillus anthracis
SRR33422521	SRX28663447	SRS24931417	SRP583015	PRJNA1258586	Bacteroides fragilis	H1	PACBIO_SMRT	PacBio RS II	224290808.0	50277.0	WGS	GENOMIC	SINGLE	isolated from the initial H1R6 resistant clones,after five rounds of passaging,number_H1R6-13
DRR512850	DRX496736	DRS532331	DRP010765	PRJDB16900	Pseudomonas mosselii		OXFORD_NANOPORE	MinION	129743660.0	16727.0	WGS	GENOMIC	SINGLE	MinION sequencing of SAMD00653946
ERR1274822	ERX1346410	ERS980026	ERP005928	PRJEB6403	Escherichia coli	NCTC9028	PACBIO_SMRT	PacBio RS	3089822367.0	163482.0	WGS	GENOMIC	SINGLE	PacBio RS sequencing
ERR13354972	ERX12725904	ERS20228318	ERP160933	PRJEB76407	Mediterraneibacter gnavus		PACBIO_SMRT	Sequel IIe	154272036.0	25854.0	WGS	GENOMIC	SINGLE	Sequel IIe sequencing
SRR12805693	SRX9274385	SRS7503089	SRP286955	PRJNA668428	Haemophilus parainfluenzae	M1C152_1	OXFORD_NANOPORE	MinION	230229278.0	60975.0	WGS	GENOMIC	SINGLE	WGS of H. parainfluenzae: respiratory tract (cystic fibrosis)
SRR15441470	SRX11740888	SRS8025449	SRP301606	PRJNA627032	Escherichia coli O157:H7	FLT_2010G	PACBIO_SMRT	Sequel	777413201.0	46834.0	WGS	GENOMIC	SINGLE	PacBio reads for long term study
SRR35556697	SRX30631363	SRS19833250	SRP150360	PRJNA475751	Enterococcus faecium	VRE37974	OXFORD_NANOPORE	MinION	400448710.0	206456.0	WGS	GENOMIC	SINGLE	WGS Sequencing of Enterococcus faecium
SRR35247545	SRX30350439	SRS26393540	SRP617245	PRJNA893746	Paraburkholderia sp. WC7.3g	WC7.3g	PACBIO_SMRT	Sequel IIe	324530513.0	39988.0	WGS	GENOMIC	SINGLE	Paraburkholderia podalyriae WC7.3g
SRR26893894	SRX22588170	SRS19595086	SRP473093	PRJNA1041797	Streptomyces griseus	NEB1061	PACBIO_SMRT	PacBio RS II	849902657.0	326452.0	WGS	GENOMIC	SINGLE	TET-treated library of Streptomyces griseus gDNA
ERR1341778	ERX1413354	ERS1093623	ERP014688	PRJEB13149	Bordetella holmesii		PACBIO_SMRT	PacBio RS	255865501.0	81741.0	WGS	GENOMIC	SINGLE	PacBio RS sequencing
SRR13575481	SRX9973381	SRS8145954	SRP303741	PRJNA695586	Streptococcus pyogenes	M4C20	OXFORD_NANOPORE	MinION	3478551.0	4000.0	WGS	GENOMIC	SINGLE	Whole genome sequence of Streptococcus pyogenes strain M4C20
SRR2084814	SRX1079061	SRS977340	SRP060269	PRJNA281242	Francisella tularensis subsp. holarctica	OR96-0246	PACBIO_SMRT	PacBio RS II	2294324320.0	163482.0	WGS	GENOMIC	SINGLE	F. tularensis_RawData
SRR18700743	SRX14801710	SRS12559705	SRP369028	PRJNA696067	Nesterenkonia lacusekhoensis	DSM 12544	PACBIO_SMRT	Sequel II	5205099161.0	823764.0	WGS	GENOMIC	SINGLE	Nesterenkonia lacusekhoensis DSM 12544
DRR089659	DRX071005	DRS083259	DRP004699	PRJDB5293	Aphanothece sacrum FPU1	FPU1	PACBIO_SMRT	PacBio RS II	1262274074.0	163482.0	WGS	GENOMIC	SINGLE	PacBio RS II sequencing of SAMD00066878
SRR3930412	SRX1959958	SRS1570076	SRP078922	PRJNA329548	Mycobacterium tuberculosis H37Ra	H37Ra	PACBIO_SMRT	PacBio RS II	1384595346.0	163482.0	WGS	GENOMIC	SINGLE	Single-molecule sequencing of Mycobacterium tuberculosis H37Ra genomic DNA
ERR985344	ERX1066565	ERS739089	ERP005928	PRJEB6403	Escherichia coli	NCTC9086	PACBIO_SMRT	PacBio RS	1345404859.0	163482.0	WGS	GENOMIC	SINGLE	PacBio RS sequencing
SRR24139950	SRX19938455	SRS17287163	SRP247747	PRJNA604975	Escherichia coli	ox_bsi_509	OXFORD_NANOPORE	GridION	250268678.0	149766.0	WGS	GENOMIC	SINGLE	oxford_bsi
SRR26139253	SRX21852541	SRS18949556	SRP462539	PRJNA1019874	Mycobacterium tuberculosis		PACBIO_SMRT	Sequel II	184536350.0	9889.0	WGS	GENOMIC	SINGLE	WGS of M.tuberculosis
SRR10918398	SRX7585739	SRS6019395	SRP051949	PRJNA271899	Escherichia coli	UCI_290	OXFORD_NANOPORE	GridION	1530549583.0	527129.0	WGS	GENOMIC	SINGLE	Sequencing of Carbapenem resistant bacteria
ERR13600394	ERX12971417	ERS6631549	ERP109316	PRJEB27256	Klebsiella pneumoniae		OXFORD_NANOPORE	GridION	898476768.0	36533.0	WGS	GENOMIC	SINGLE	GridION sequencing
ERR15991641	ERX15386747	ERS28170827	ERP184281	PRJEB102899	Pseudomonas aeruginosa		OXFORD_NANOPORE	GridION	1558295127.0	164000.0	WGS	GENOMIC	SINGLE	GridION sequencing
SRR15989046	SRX12277821	SRS9998564	SRP357537	PRJNA801416	Klebsiella pneumoniae	E161	OXFORD_NANOPORE	GridION	296724163.0	40850.0	WGS	GENOMIC	SINGLE	Whole Genome Sequencing of Carbapenemase-producing Enterobacterales (CPE)
SRR27608175	SRX23276495	SRS20178720	SRP484488	PRJNA1048328	Bacillus anthracis	MH-MFM	OXFORD_NANOPORE	MinION	618377209.0	546956.0	WGS	GENOMIC	SINGLE	long read DNA-Seq of B. anthracis soil isolate MH-MFM
SRR10178242	SRX6899665	SRS5431861	SRP222906	PRJNA573516	Streptococcus mitis	S17	OXFORD_NANOPORE	MinION	15861347.0	7383.0	WGS	GENOMIC	SINGLE	MinION sequencing of Streptococcus  mitis
SRR23686055	SRX19548690	SRS4512905	SRP040281	PRJNA230403	Salmonella enterica	PNUSAS070160	OXFORD_NANOPORE	GridION	631733098.0	143706.0	WGS	GENOMIC	SINGLE	nanopore sequence of Salmonella enterica Infantis
ERR9669046	ERX9218271	ERS9873888	ERP134564	PRJEB50014	Streptococcus pneumoniae	24F-CCSPT-1506502	OXFORD_NANOPORE	MinION	387190132.0	75766.0	WGS	GENOMIC	SINGLE	MinION sequencing
SRR33968440	SRX29167156	SRS25367654	SRP591870	PRJNA1276484	Mycobacteroides abscessus		OXFORD_NANOPORE	MinION	2548129764.0	483576.0	WGS	GENOMIC	SINGLE	CW29487
SRR12280449	SRX8784267	SRS7053041	SRP272861	PRJNA646575	Bacteroides salyersiae		OXFORD_NANOPORE	GridION	404376755.0	34416.0	WGS	GENOMIC	SINGLE	WGS  of Bacteroides fragilis group clinical isolates
ERR3685954	ERX3675558	ERS4047755	ERP114207	PRJEB31632	bacterium		OXFORD_NANOPORE	GridION	581981822.0	117856.0	WGS	GENOMIC	SINGLE	GridION sequencing
SRR32485161	SRX27799028	SRS24175940	SRP566268	PRJNA1228140	Bordetella trematum		OXFORD_NANOPORE	MinION	63941755.0	13738.0	WGS	GENOMIC	SINGLE	Whole genome sequencing of Bordetella trematum
ERR14225665	ERX13625947	ERS18087461	ERP156237	PRJEB71438	Streptomyces aurantiogriseus		OXFORD_NANOPORE	MinION			WGS	GENOMIC	SINGLE	MinION sequencing
SRR386030	SRX109793	SRS001120	SRP000361	PRJNA32935	Enterococcus casseliflavus EC20	899205	PACBIO_SMRT	PacBio RS	89373191.0	81741.0	WGS	GENOMIC	SINGLE	Whole Genome Sequencing and Assembly
ERR14294239	ERX13695337	ERS23161472	ERP163718	PRJEB79567	Salmonella enterica subsp. enterica serovar Enteritidis		OXFORD_NANOPORE	PromethION	593928668.0	132000.0	WGS	GENOMIC	SINGLE	Raw reads: SE101_L
DRR493111	DRX477310	DRS314792	DRP010242	PRJDB15994	[Ruminococcus] torques	17CBH32	OXFORD_NANOPORE	GridION	839786068.0	163551.0	WGS	GENOMIC	SINGLE	GridION sequencing of SAMD00622271
SRR13386047	SRX9805382	SRS7989457	SRP300861	PRJNA663900	Enterococcus sp. DIV1237	DIV1237	OXFORD_NANOPORE	GridION	981552586.0	137829.0	WGS	GENOMIC	SINGLE	Zoo 3 Enterococcus Diversity Genome sequencing and assembly
SRR12298595	SRX8801472	SRS6792134	SRP266402	PRJNA605147	Escherichia coli	RHB15-C06	OXFORD_NANOPORE	GridION	659184748.0	140797.0	WGS	GENOMIC	SINGLE	OXFORD_NANOPORE sequencing of Escherichia coli isolate RH11|T2-C06 cultured from Sheep faeces sample
ERR4586340	ERX4520189	ERS5060045	ERP123927	PRJEB40306	Serratia marcescens subsp. marcescens ATCC 13880	ATCC 13880	PACBIO_SMRT	PacBio RS II	498321440.0	163482.0	WGS	GENOMIC	SINGLE	PacBio RS II sequencing; PacBio SMRT sequencing; Evolution of the bacterium Serratia marcescens under several experimental temperature treatments
SRR35148218	SRX30253849	SRS12559920	SRP369081	PRJNA695770	Glutamicibacter nicotianae	DSM 20579	PACBIO_SMRT	Sequel II	604334106.0	106494.0	WGS	GENOMIC	SINGLE	Corynebacterium liquefaciens DSM 20579
ERR2432893	ERX2452472	ERS1963373	ERP005928	PRJEB6403	Streptococcus pneumoniae		PACBIO_SMRT	PacBio RS	1585954630.0	163482.0	WGS	GENOMIC	SINGLE	PacBio RS sequencing
SRR29081116	SRX24605278	SRS21342949	SRP508604	PRJNA1113402	Mycobacterium tuberculosis	H-20-0023	OXFORD_NANOPORE	MinION	159882856.0	137756.0	WGS	GENOMIC	SINGLE	WGS of clinical Mycobacterium tuberculosis isolates from the Philippines
SRR23913875	SRX19725335	SRS14393248	SRP389280	PRJNA863437	Staphylococcus aureus	3	OXFORD_NANOPORE	GridION	349006853.0	34311.0	WGS	GENOMIC	SINGLE	Isolate 03
SRR25192556	SRX20940182	SRS18215979	SRP447966	PRJNA990985	Micromonospora sp. C28SCA-DRY-2	C28SCA-DRY-2	OXFORD_NANOPORE	MinION	15542643.0	2032.0	WGS	GENOMIC	SINGLE	ONT of Micromonospora C28SCA-DRY-2: from a deep-sea sponge
SRR18700794	SRX14801761	SRS12559742	SRP369044	PRJNA695668	Curtobacterium herbarum	DSM 14013	PACBIO_SMRT	Sequel II	4683504654.0	742411.0	WGS	GENOMIC	SINGLE	Curtobacterium herbarum DSM 14013
SRR12298930	SRX8802283	SRS6792053	SRP266402	PRJNA605147	Escherichia coli	RHB39-C22	OXFORD_NANOPORE	GridION	3364943193.0	829330.0	WGS	GENOMIC	SINGLE	OXFORD_NANOPORE sequencing of Escherichia coli isolate RH09|T3-C22 cultured from Cattle faeces sample
SRR33320305	SRX28564775	SRS24220572	SRP074197	PRJNA288601	Enterobacter hormaechei		OXFORD_NANOPORE	GridION	521096778.0	39046.0	WGS	GENOMIC	SINGLE	Nanopore sequencing of ARLN isolate
ERR8007859	ERX7573528	ERS9899380	ERP131998	PRJEB47698	Klebsiella pneumoniae		OXFORD_NANOPORE	MinION	617092269.0	128568.0	WGS	GENOMIC	SINGLE	MinION sequencing
ERR1787522	ERX1851245	ERS1275653	ERP005928	PRJEB6403	Lacrimispora indolis	NCTC11811	PACBIO_SMRT	PacBio RS	2043065707.0	163482.0	WGS	GENOMIC	SINGLE	PacBio RS sequencing
SRR12395139	SRX8893758	SRS7152780	SRP276100	PRJNA650381	Mycobacterium tuberculosis		OXFORD_NANOPORE	MinION	531351364.0	439959.0	WGS	GENOMIC	SINGLE	Nanopore TB WGS
SRR2982535	SRX1471848	SRS1197484	ERP008452	PRJEB7538	Klebsiella pneumoniae	MS6671	PACBIO_SMRT	PacBio RS II	2386448089.0	490446.0	WGS	GENOMIC	SINGLE	Klebsiella pneumoniae Clinical isolate sequencing reads
DRR667360	DRX647462	DRS456688	DRP012867	PRJDB20346	Thiobacillus thiophilus	JCM 15047	PACBIO_SMRT	Revio	261355610.0	16148.0	WGS	GENOMIC	SINGLE	Revio sequencing of SAMD00887304
SRR12298968	SRX8802245	SRS6792306	SRP266402	PRJNA605147	Escherichia coli	RHB13-C13	PACBIO_SMRT	PacBio RS II	848671549.0	117532.0	WGS	GENOMIC	SINGLE	PACBIO_SMRT sequencing of Escherichia coli isolate RH03|T1-C13 cultured from Pig faeces sample
SRR27167519	SRX22848369	SRS19827970	SRP477207	PRJNA1050835	Pseudomonas aeruginosa	not applicable	OXFORD_NANOPORE	MinION	124531868.0	16983.0	WGS	GENOMIC	SINGLE	Long read ONT WGS of Pseduomonas aeruginosa isolates from Chronic Rhinosinusitis Patients
SRR3735526	SRX1891047	SRS1534005	SRP077688	PRJNA205960	Acidobacteriaceae bacterium KBS 146	KBS 146	PACBIO_SMRT	PacBio RS	193321067.0	60300.0	WGS	GENOMIC	SINGLE	Acidobacteriaceae sp. KBS 146
SRR28434543	SRX24038838	SRS20831724	SRP497546	PRJNA1091452	Listeria monocytogenes	L-03	OXFORD_NANOPORE	MinION	595154158.0	77171.0	WGS	GENOMIC	SINGLE	ONT performance study sequencing of L. monocytogenes
ERR5671660	ERX5387141	ERS5845232	ERP126298	PRJEB42440	Klebsiella oxytoca		OXFORD_NANOPORE	GridION	695672006.0	242862.0	WGS	GENOMIC	SINGLE	GridION sequencing
SRR4156318	SRX2133057	SRS1669409	SRP085672	PRJNA303382	Halomonas sp. es.049	ES.049	PACBIO_SMRT	PacBio RS	250487011.0	85253.0	WGS	GENOMIC	SINGLE	Halomonas sp. ES.049
SRR23354878	SRX19296224	SRS16696743	SRP421258	PRJNA932143	Klebsiella pneumoniae	I200	OXFORD_NANOPORE	MinION	135737259.0	79819.0	WGS	GENOMIC	SINGLE	WGS of Klebsiella pneumoniae
SRR12298863	SRX8802032	SRS6792613	SRP266402	PRJNA605147	Escherichia coli	RHB06-C06	PACBIO_SMRT	PacBio RS II	1142974265.0	140937.0	WGS	GENOMIC	SINGLE	PACBIO_SMRT sequencing of Escherichia coli isolate RH14|T1-C06 cultured from Sheep faeces sample
DRR747490	DRX727419	DRS503003	DRP013882	PRJDB37538	Staphylococcus aureus	M75	OXFORD_NANOPORE	GridION	417450955.0	45135.0	WGS	GENOMIC	SINGLE	GridION sequencing of SAMD01682394
SRR14766792	SRX11100236	SRS9165120	SRP323385	PRJNA639797	Pseudomonas azadiae	SWRI103	OXFORD_NANOPORE	MinION	1036087584.0	211862.0	WGS	GENOMIC	SINGLE	Nanopore sequencing of isolate SWRI103
SRR3723559	SRX1881091	SRS1527791	SRP077362	PRJNA217202	Gillisia sp. Hel_I_29	Hel_I_29	PACBIO_SMRT	PacBio RS	148680658.0	90401.0	WGS	GENOMIC	SINGLE	Gillisia sp. Hel_I_29
SRR13617002	SRX10010257	SRS8179179	SRP304443	PRJNA665774	Streptococcus mutans	27-3	PACBIO_SMRT	Sequel II	1576878270.0	248086.0	WGS	GENOMIC	SINGLE	27-3
SRR33417233	SRX28658197	SRS24926926	SRP582914	PRJNA992958	Salmonella enterica subsp. enterica	37125_07	OXFORD_NANOPORE	MinION	253655485.0	59869.0	WGS	GENOMIC	SINGLE	Nanopore DNA-Seq of Salmonella spp
SRR13449148	SRX9862222	SRS8042175	SRP295672	PRJNA681856	Salmonella enterica subsp. salamae	LHICA_SA3	OXFORD_NANOPORE	MinION	27141975.0	4000.0	WGS	GENOMIC	SINGLE	WGS of Salmonella Lhica SA3_103
SRR30342905	SRX25801244	SRS22432719	SRP528120	PRJNA1150149	Staphylococcus aureus	ST30	OXFORD_NANOPORE	MinION	332217319.0	63405.0	WGS	GENOMIC	SINGLE	ONT long-read sequencing of potential healthcare transmission pathogens
SRR8292559	SRX5107173	SRS478518	SRP018785	PRJNA186035	Salmonella enterica subsp. enterica serovar Anatum str. CFSAN003973	CFSAN003973	PACBIO_SMRT	PacBio RS II	1257472089.0	163482.0	WGS	GENOMIC	SINGLE	PacBio SMRTbell library protocol library CFSAN003973 B02_1
SRR32164045	SRX27509572	SRS23928396	SRP560556	PRJNA1147241	Luteibacter sp. Lutesp34	CT11-34	OXFORD_NANOPORE	MinION	72744004.0	9918.0	WGS	GENOMIC	SINGLE	wheat associated bacteria:Luteibacter sp.
SRR30802885	SRX26203718	SRS22745988	SRP534889	PRJNA1163064	Sulfitobacter pontiacus	WPMT18310	PACBIO_SMRT	Sequel IIe	209651061.0	35891.0	WGS	GENOMIC	SINGLE	Pacbio Reads
SRR7896266	SRX4733696	SRS3815835	SRP155537	PRJNA287560	Escherichia coli O121:H19	FWSEC0006	OXFORD_NANOPORE	MinION	672259940.0	178428.0	WGS	GENOMIC	SINGLE	FWSconsortium, WGS of E. coli: Solid - Stool; Clinical; Human (Homo sapiens)
SRR18682988	SRX14784132	SRS12543071	SRP368206	PRJNA812685	Xanthomonas oryzae	NJ01	OXFORD_NANOPORE	PromethION	1206069257.0	172316.0	WGS	GENOMIC	SINGLE	WGS of Xantnomonas oryzae strain NJ01
SRR26950710	SRX22644496	SRS19641537	SRP474291	PRJNA1043871	Bacillus sp. PBL-C9	PBL-C9	OXFORD_NANOPORE	MinION	397.0	1.0	WGS	GENOMIC	SINGLE	Bacillus sp. PBL-C9 Genome sequencing and assembly
SRR1619359	SRX738855	SRS726651	SRP049181	PRJNA244406	Burkholderia pseudomallei	1106a	PACBIO_SMRT	PacBio RS	713758794.0	297788.0	WGS	GENOMIC	SINGLE	PacBio XL Data for Burkholderia pseudomallei 1106a
ERR12342464	ERX11719326	ERS17208559	ERP135763	PRJEB51164	Escherichia coli		OXFORD_NANOPORE	GridION	63162825.0	18723.0	WGS	GENOMIC	SINGLE	Raw reads: B2_131_BSA_neg
SRR12328710	SRX8828933	SRS7093214	SRP273648	PRJNA607827	Acinetobacter seifertii	E-022166	OXFORD_NANOPORE	MinION	500001771.0	64636.0	WGS	GENOMIC	SINGLE	E-022166
SRR24289065	SRX20084497	SRS17416973	SRP434206	PRJNA957546	Pseudomonas sp. Ap32	Ap32	OXFORD_NANOPORE	GridION	7407009.0	4000.0	WGS	GENOMIC	SINGLE	Genome sequencing of Pseudomonas apalachicolensis
SRR7415624	SRX4286602	SRS3450639	SRP151172	PRJNA477598	Listeria monocytogenes	Li 2108	PACBIO_SMRT	PacBio RS II	1165246072.0	163482.0	WGS	GENOMIC	SINGLE	PacBio RSII data for L. monocytogenes
ERR2632361	ERX2648855	ERS1103830	ERP014552	PRJEB13014	Streptococcus pyogenes		PACBIO_SMRT	PacBio RS	1135169870.0	163482.0	WGS	GENOMIC	SINGLE	PacBio RS sequencing
SRR21836401	SRX17825419	SRS15349088	SRP401461	PRJNA813952	Microbacterium oxydans	SV-Bl-I5	OXFORD_NANOPORE	MinION	346775480.0	96618.0	WGS	GENOMIC	SINGLE	Whole Genome Sequencing of Imidacloprid-remediating Bacteria
SRR30896594	SRX26299975	SRS22828698	SRP536878	PRJNA1134622	Escherichia coli	OXEC-477	OXFORD_NANOPORE	MinION	529917072.0	133095.0	WGS	GENOMIC	SINGLE	OXEC-477
ERR14686393	ERX14087912	ERS23773307	ERP169826	PRJEB86481	Escherichia coli str. K-12 substr. MG1655	K-12	OXFORD_NANOPORE	MinION	117473614.0	41379.0	WGS	GENOMIC	SINGLE	MinION sequencing
ERR10676265	ERX10144029	ERS14333364	ERP143248	PRJEB58185	Campylobacter jejuni		OXFORD_NANOPORE	MinION	140687400.0	233700.0	WGS	GENOMIC	PAIRED	MinION paired end sequencing
ERR1954505	ERX2020101	ERS1452068	ERP005928	PRJEB6403	Morganella morganii	NCTC232	PACBIO_SMRT	PacBio RS	1061099389.0	163482.0	WGS	GENOMIC	SINGLE	PacBio RS sequencing
SRR25778596	SRX21501220	SRS18732667	SRP457287	PRJNA1010209	Mycobacterium tuberculosis	TDR146	OXFORD_NANOPORE	MinION	578042390.0	234074.0	WGS	GENOMIC	SINGLE	WGS from TDR146 Oxford Nanopore
SRR31583388	SRX26948866	SRS23420328	SRP548954	PRJNA1193326	Campylobacter jejuni		OXFORD_NANOPORE	MinION	87552279.0	38306.0	WGS	GENOMIC	SINGLE	Long-read Nanopore-based WGS characterization of antimicrobial resistant Campylobacter jejuni and Campylobacter coli isolates from humans, animals and food products in Northern Spain within a One Health approach
SRR21630327	SRX17631071	SRS14987459	SRP354045	PRJNA747871	Spirillospora sp. NBC_00431	NBC_00431	OXFORD_NANOPORE	MinION	610182696.0	80005.0	WGS	GENOMIC	SINGLE	nanopore sequencing data from strain NBC_00431
SRR31746171	SRX27108241	SRS23404826	SRP548644	PRJNA1137138	Leucobacter sp. HNU	HNU	OXFORD_NANOPORE	GridION	2598916333.0	176681.0	WGS	GENOMIC	SINGLE	Leucobacter sp. HNU-1 Genome sequencing
ERR2377070	ERX2425380	ERS2269679	ERP105869	PRJEB24070	Pseudomonas aeruginosa LESB65		PACBIO_SMRT	PacBio RS	1009672025.0	163482.0	WGS	GENOMIC	SINGLE	PacBio RS sequencing
SRR29316795	SRX24833348	SRS21545179	SRP512379	PRJNA1121190	Vibrio cholerae	136Vc06	OXFORD_NANOPORE	PromethION	370639351.0	57259.0	WGS	GENOMIC	SINGLE	WGS of Vcholerae isolates
ERR11011600	ERX10448022	ERS14775377	ERP145689	PRJEB60605	Carnobacterium maltaromaticum	SF2022	OXFORD_NANOPORE	MinION	74385641.0	17452.0	WGS	GENOMIC	SINGLE	MinION sequencing; SF2022_TAG
SRR30896312	SRX26299709	SRS22828431	SRP536878	PRJNA1134622	Escherichia coli	OXEC-453	OXFORD_NANOPORE	MinION	361268246.0	96560.0	WGS	GENOMIC	SINGLE	OXEC-453
SRR31024205	SRX26411358	SRS22931312	SRP539092	PRJNA1174068	Vibrio cholerae	mHDM VC162	OXFORD_NANOPORE	PromethION	148781802.0	88550.0	WGS	GENOMIC	SINGLE	WGS of Vcholerae isolates
ERR15941424	ERX15336969	ERS27416740	ERP185476	PRJEB104171	Escherichia coli		OXFORD_NANOPORE	MinION	361516731.0	96120.0	WGS	GENOMIC	SINGLE	MinION sequencing
DRR572594	DRX556061	DRS426446	DRP012251	PRJDB17574	Escherichia coli	YK-IS1MA-L09-3_G20	OXFORD_NANOPORE	MinION	25288332.0	2657.0	WGS	GENOMIC	SINGLE	nanopore-seq of SAMD00748263 L09-3_G20
SRR16940864	SRX13132853	SRS11066455	SRP346006	PRJNA554638	Escherichia coli	ESBL14	PACBIO_SMRT	Sequel	339244950.0	71655.0	WGS	GENOMIC	SINGLE	Pacbio of ESBL producing Escherichia coli
SRR17244393	SRX13423428	SRS11324681	SRP350990	PRJNA788315	Klebsiella pneumoniae	HKC2	OXFORD_NANOPORE	MinION	176638425.0	594710.0	WGS	GENOMIC	SINGLE	genome sequencing of Klebsiella pneumoniae HKC2
SRR36067980	SRX31114198	SRS27072668	SRP644837	PRJNA1364846	Campylobacter coli	GPT20-006	OXFORD_NANOPORE	GridION	27188.0	11.0	WGS	GENOMIC	SINGLE	Campylobacter coli, DBT kit, 36-plex and 100 ng DNA, replicate 5
ERR10472511	ERX9992856	ERS6795235	ERP109413	PRJEB27342	Klebsiella pneumoniae		PACBIO_SMRT	Sequel II	4976373541.0	835066.0	WGS	GENOMIC	SINGLE	Sequel II sequencing
ERR16137091	ERX15526757	SRS10826755	ERP187675	PRJEB106623	Neisseria gonorrhoeae		OXFORD_NANOPORE	MinION	467429272.0	81034.0	WGS	GENOMIC	SINGLE	Raw reads: CCC013
SRR26305336	SRX22013818	SRS7260929	SRP074197	PRJNA288601	Pseudomonas aeruginosa	2020CK-00194	OXFORD_NANOPORE	GridION	510527477.0	127186.0	WGS	GENOMIC	SINGLE	Nanopore sequencing of ARLN isolate
SRR27379400	SRX23055651	SRS20015686	SRP480616	PRJNA1055176	Escherichia coli	Not available	OXFORD_NANOPORE	MinION	1552384171.0	367643.0	WGS	GENOMIC	SINGLE	Whole genome sequence of E. coli
DRR140928	DRX133642	DRS074967	DRP003581	PRJDB5126	Enterobacter hormaechei subsp. xiangfangensis	M324	PACBIO_SMRT	PacBio RS II	1641689441.0	501468.0	WGS	GENOMIC	SINGLE	PacBio RS II sequencing of SAMD00059764
SRR32796940	SRX28080867	SRS24439778	SRP571969	PRJNA1238846	Latilactobacillus sakei	4-90	OXFORD_NANOPORE	PromethION	695590791.0	161658.0	WGS	GENOMIC	SINGLE	WGS of Latilactobacillus skaltholtiensis 4-90
SRR9850530	SRX6605142	SRS5169979	SRP216601	PRJNA556848	Clostridioides difficile	Mta-79	OXFORD_NANOPORE	MinION	163055712.0	58759.0	WGS	GENOMIC	SINGLE	WGS of C. difficile clinical isolate using Oxford Nanopore
SRR30896093	SRX26299928	SRS22828648	SRP536878	PRJNA1134622	Escherichia coli	OXEC-254	OXFORD_NANOPORE	MinION	239894448.0	63500.0	WGS	GENOMIC	SINGLE	OXEC-254
ERR4910157	ERX4776981	ERS4556738	ERP121699	PRJEB38289	Klebsiella pneumoniae		PACBIO_SMRT	PacBio RS	606928473.0	54494.0	WGS	GENOMIC	SINGLE	PacBio RS sequencing
SRR28466949	SRX24069891	SRS20860423	SRP498025	PRJNA616030	Vibrio cholerae	MWI/2018/32	OXFORD_NANOPORE	MinION	2697755654.0	343840.0	WGS	GENOMIC	SINGLE	Oxford Nanopore sequencing of Vibrio cholerae
SRR31599002	SRX26963483	SRS23433195	SRP549287	PRJNA1185485	Escherichia coli	568	OXFORD_NANOPORE	PromethION	470138732.0	152241.0	WGS	GENOMIC	SINGLE	RMB-3R-barcode36
ERR13802576	ERX13203328	ERS21186451	ERP164461	PRJEB80477	Escherichia coli		OXFORD_NANOPORE	MinION	251057513.0	62878.0	WGS	GENOMIC	SINGLE	MinION sequencing
SRR9620976	SRX6383989	SRS5043513	SRP212614	PRJNA547253	Amycolatopsis granulosa	DSM 45669	PACBIO_SMRT	Sequel	234663474.0	60091.0	WGS	GENOMIC	SINGLE	Amycolatopsis granulosa DSM 45669
SRR27972771	SRX23626394	SRS20465925	SRP489819	PRJNA1076692	Escherichia coli	RIVM_C055471_rerio	OXFORD_NANOPORE	MinION	192386409.0	45643.0	WGS	GENOMIC	SINGLE	RIVM_C055471_rerio
SRR25068140	SRX20822261	SRS5414562	SRP072679	PRJNA316969	Aerococcus tenax	UMB7049	OXFORD_NANOPORE	MinION	860122872.0	195015.0	WGS	GENOMIC	SINGLE	UMB7049
SRR11235093	SRX7846931	SRS6252581	SRP249555	PRJNA606771	Staphylococcus epidermidis	19N	OXFORD_NANOPORE	MinION	1338506221.0	209510.0	WGS	GENOMIC	SINGLE	Staphylococcus epidermidis commensal 19N strain whole genome
SRR29788348	SRX25288231	SRS19679233	SRP475049	PRJNA1046639	Staphylococcus aureus	sa230711barcode84	OXFORD_NANOPORE	MinION	602562445.0	83153.0	WGS	GENOMIC	SINGLE	Staphylococcus aureus strain sa230711barcode84
SRR29015128	SRX24541772	SRS21286501	SRP506715	PRJNA981225	Salmonella enterica subsp. enterica serovar Typhimurium	SH16SF1174	OXFORD_NANOPORE	PromethION	1000025973.0	24535.0	WGS	GENOMIC	SINGLE	raw sequence data of Salmonella enterica subsp. enterica serovar Typhimurium SH16SF1174 using third-generation sequencing
SRR26807505	SRX22504727	SRS19517393	SRP471535	PRJNA1002862	Serratia marcescens	SM14	OXFORD_NANOPORE	MinION	300289003.0	78674.0	WGS	GENOMIC	SINGLE	WGS of GES-6 positive Serratia marcescens
SRR27958767	SRX23615204	SRS20455850	SRP489545	PRJNA1076228	Streptococcus pyogenes	MGAS37809	OXFORD_NANOPORE	GridION	500004617.0	36244.0	WGS	GENOMIC	SINGLE	Oxford Nanopore Technology WGS of GAS M1 clinical isolates
ERR1309549	ERX1381172	ERS1083008	ERP014559	PRJEB13021	Escherichia coli K-12		OXFORD_NANOPORE	MinION	275409369.0	41496.0	WGS	GENOMIC	SINGLE	MinION sequencing
ERR2819212	ERX2826019	ERS1875717	ERP019480	PRJEB17615	Klebsiella pneumoniae		PACBIO_SMRT	PacBio RS	588998864.0	163482.0	WGS	GENOMIC	SINGLE	PacBio RS sequencing
