srr_accession	srx_accession	srs_accession	srp_accession	bioproject	organism	strain	platform	instrument	total_bases	total_spots	library_strategy	library_source	library_layout	title
SRR29384789	SRX24898880	SRS21605137	SRP512887	PRJNA991498	Comamonas testosteroni		PACBIO_SMRT	Sequel II	1778865379.0	170280.0	WGS	GENOMIC	SINGLE	Long-read sequencing of Comamonas testosteroni, Isolate 1 of Microcosm 3 of condition CAtCtMlBa
SRR8143886	SRX4964549	SRS3452228	SRP143617	PRJNA453501	Mesorhizobium sp. M9A.F.Ca.ET.002.03.1.2	M9A.F.Ca.ET.002.03.1.2	PACBIO_SMRT	PacBio RS II	2414128500.0	163482.0	WGS	GENOMIC	SINGLE	2P3S1-b
ERR968264	ERX1045242	ERS706559	ERP005928	PRJEB6403	Klebsiella pneumoniae	NCTC9656	PACBIO_SMRT	PacBio RS	71555977.0	163482.0	WGS	GENOMIC	SINGLE	PacBio RS sequencing
SRR33145582	SRX28407599	SRS24731080	SRP578779	PRJNA1246260	Tenacibaculum ascidiaceicola	CLAM15	OXFORD_NANOPORE	MinION	1390604115.0	215857.0	WGS	GENOMIC	SINGLE	Nanopore sequence of Tenacibaculum ascidiaceicola CLAM15
SRR385995	SRX109795	SRS001120	SRP000361	PRJNA32935	Enterococcus casseliflavus EC20	899205	PACBIO_SMRT	PacBio RS	84088849.0	81741.0	WGS	GENOMIC	SINGLE	Whole Genome Sequencing and Assembly
SRR19854951	SRX15898508	SRS13587341	SRP383632	PRJNA851917	Lacticaseibacillus rhamnosus	DM065	PACBIO_SMRT	Sequel	448674272.0	51476.0	WGS	GENOMIC	SINGLE	DM065_PacBio
ERR2532029	ERX2550458	ERS2402834	ERP005928	PRJEB6403	Neisseria gonorrhoeae	NCTC10224	PACBIO_SMRT	PacBio RS	792079829.0	163482.0	WGS	GENOMIC	SINGLE	PacBio RS sequencing
ERR14369037	ERX13770435	ERS14467741	ERP143357	PRJEB58304	Salmonella enterica subsp. enterica serovar Enteritidis	VISAVET_VE08_02112_1CSK2	OXFORD_NANOPORE	MinION			WGS	GENOMIC	SINGLE	MinION sequencing
SRR12298424	SRX8801643	SRS6792798	SRP266402	PRJNA605147	Citrobacter sp. RHBSTW-00104	RHBSTW-00104	PACBIO_SMRT	PacBio RS II	1101666007.0	146867.0	WGS	GENOMIC	SINGLE	PACBIO_SMRT sequencing of Citrobacter sp. isolate WTP5|T1-00104 cultured from WTP downstream sample
SRR7254055	SRX4158607	SRS1256855	SRP068736	PRJNA292901	Proteus mirabilis	AR_0029	PACBIO_SMRT	PacBio RS II	1450797017.0	163482.0	WGS	GENOMIC	SINGLE	PacBio SMRT Sequencing of Proteus mirabilis FDA-CDC-AR_0029 Genomic Library
SRR25467198	SRX21199727	SRS18458353	SRP452337	PRJNA1000618	Escherichia coli	Escherichia coli BL21(DE3)	OXFORD_NANOPORE	MinION	8200126.0	4000.0	WGS	GENOMIC	SINGLE	CASTVK transposition with different condition
SRR10426897	SRX7122988	SRS5632781	SRP229459	PRJNA554886	Escherichia coli	1413	OXFORD_NANOPORE	MinION	16927615.0	4384.0	WGS	GENOMIC	SINGLE	S.agnetis1379
ERR11528712	ERX10933942	ERS14832454	ERP145920	PRJEB60854	Escherichia coli		OXFORD_NANOPORE	MinION	12559464.0	7655.0	WGS	GENOMIC	SINGLE	MinION sequencing
SRR14871141	SRX11188677	SRS9244978	SRP324862	PRJNA736470	Streptococcus equi subsp. zooepidemicus	SEZ_19-046	PACBIO_SMRT	Sequel	2025159107.0	354092.0	WGS	GENOMIC	SINGLE	PacBio whole genome sequencing of Streptococcu equi
ERR10155853	ERX9691973	ERS6426111	ERP109413	PRJEB27342	Klebsiella terrigena		PACBIO_SMRT	Sequel II	5303550912.0	805284.0	WGS	GENOMIC	SINGLE	Sequel II sequencing
SRR24140098	SRX19938307	SRS17287016	SRP247747	PRJNA604975	Escherichia coli	ox_bsi_635	OXFORD_NANOPORE	GridION	832946154.0	192759.0	WGS	GENOMIC	SINGLE	oxford_bsi
ERR4762145	ERX4635249	ERS5247751	ERP124695	PRJEB40976	Enterococcus faecalis		OXFORD_NANOPORE	GridION	1252803292.0	59232.0	WGS	GENOMIC	SINGLE	GridION sequencing; Raw reads: 26975_1#111
ERR13600719	ERX12971742	ERS13643245	ERP132614	PRJEB48268	Klebsiella pneumoniae		OXFORD_NANOPORE	GridION	450193238.0	65719.0	WGS	GENOMIC	SINGLE	GridION sequencing
SRR26899111	SRX22593299	SRS19599852	SRP473241	PRJNA1042815	Campylobacter lari subsp. lari	NCTC 11352 [WRI 3034/77]	OXFORD_NANOPORE	GridION	2703006719.0	726874.0	WGS	GENOMIC	SINGLE	WGS of Campylobacter lari isolate
SRR24140193	SRX19938884	SRS17287591	SRP247747	PRJNA604975	Escherichia coli	ox_bsi_322	OXFORD_NANOPORE	GridION	133531929.0	22753.0	WGS	GENOMIC	SINGLE	oxford_bsi
SRR13680651	SRX10070057	SRS8231709	SRP303037	PRJNA694442	Salmonella enterica		OXFORD_NANOPORE	GridION	1233644605.0	151909.0	WGS	GENOMIC	SINGLE	Multiplex WGS of Salmonella enterica
SRR387280	SRX110075	SRS302375	SRP001087	PRJNA40075	Escherichia coli str. K-12 substr. MG1655	K-12	PACBIO_SMRT	PacBio RS	21694256.0	60667.0	WGS	GENOMIC	SINGLE	Whole Genome Sequencing and Assembly
SRR35514717	SRX30590472	SRS26618861	SRP622498	PRJNA1331563	Bacillus velezensis	CB3	OXFORD_NANOPORE	MinION	3115094386.0	764246.0	WGS	GENOMIC	SINGLE	Nano pore reads of Bacillus velezensis
SRR16525731	SRX12728268	SRS10336796	SRP357537	PRJNA801416	Klebsiella pneumoniae	273	OXFORD_NANOPORE	GridION	1083845567.0	221470.0	WGS	GENOMIC	SINGLE	Extensive diversification and dissemination of blaNDM carbapenemase plasmids in Enterobacterales in Singapore 2010-2015
SRR14852523	SRX11171055	SRS9229232	SRP324476	PRJNA738868	Acinetobacter baumannii	DETAB-E285	OXFORD_NANOPORE	MinION	949812044.0	91102.0	WGS	GENOMIC	SINGLE	Nanopore WGS of A. baumannii DETAB-E284
DRR065950	DRX060093	DRS043044	DRP003586	PRJDB5007	Escherichia coli	MRY15-117	PACBIO_SMRT	PacBio RS II	2261498784.0	163482.0	WGS	GENOMIC	SINGLE	PacBio RS II sequencing of SAMD00056131
SRR35587906	SRX30660554	SRS26534908	SRP620840	PRJNA1329285	Klebsiella pneumoniae	NDM22	OXFORD_NANOPORE	MinION	805585395.0	77196.0	WGS	GENOMIC	SINGLE	Long read sequencing of Klebsiella pneumoniae
SRR33769457	SRX28991905	SRS22456192	SRP444583	PRJNA962904	Klebsiella pneumoniae		PACBIO_SMRT	Sequel II	73254175.0	11365.0	WGS	GENOMIC	SINGLE	PacBio sequencing of AH0923HE2 for ARCH 2
ERR10497907	ERX10015196	ERS14254412	ERP142629	PRJEB57633	Escherichia coli		OXFORD_NANOPORE	GridION	137886473.0	24404.0	WGS	GENOMIC	SINGLE	Raw reads: ONT_30345_1#267
SRR28375025	SRX23980017	SRS20498498	SRP395888	PRJNA812595	Elizabethkingia anophelis	2024CK-00125	OXFORD_NANOPORE	GridION	509835039.0	34027.0	WGS	GENOMIC	SINGLE	Nanopore sequencing of ARLN isolate
SRR18191638	SRX14338112	SRS12152171	SRP362168	PRJNA808207	Escherichia coli	EC14	OXFORD_NANOPORE	MinION	867502908.0	86602.0	WGS	GENOMIC	SINGLE	MinION whole genome sequencing of STEC from ruminants
SRR6032551	SRX3182681	SRS2511325	SRP117609	PRJNA388336	Sinorhizobium meliloti	M162	PACBIO_SMRT	PacBio RS II	599006363.0	163482.0	WGS	GENOMIC	SINGLE	Ensifer meliloti PacBio Sequencing
SRR25466990	SRX21199935	SRS18458350	SRP452337	PRJNA1000618	Escherichia coli	Escherichia coli BL21(DE3)	OXFORD_NANOPORE	MinION	9889228.0	4000.0	WGS	GENOMIC	SINGLE	CASTVK transposition with different condition
SRR11434954	SRX8013016	SRS6386597	SRP254342	PRJNA602597	Escherichia coli	E2348/69	PACBIO_SMRT	Sequel II	23122913014.0	1789131.0	WGS	GENOMIC	SINGLE	
SRR22859771	SRX18818468	SRS16251741	SRP414408	PRJNA914892	Staphylococcus aureus	C270	OXFORD_NANOPORE	MinION	174325778.0	57777.0	WGS	GENOMIC	SINGLE	Long read ONT WGS of Staphylococcus aureus isolates from Chronic Rhinosinusitis Patients
SRR16929188	SRX13121379	SRS11056136	SRP303790	PRJNA685966	Staphylococcus pseudintermedius	HSP276	OXFORD_NANOPORE	MinION	565009017.0	220508.0	WGS	GENOMIC	SINGLE	Long-read genomic sequencing of Staphylococcus pseudintermedius from canine skin
ERR985342	ERX1066563	ERS739087	ERP005928	PRJEB6403	Escherichia coli	NCTC9084	PACBIO_SMRT	PacBio RS	1324814686.0	163482.0	WGS	GENOMIC	SINGLE	PacBio RS sequencing
ERR10498837	ERX10016126	ERS14255978	ERP142629	PRJEB57633	Escherichia coli		OXFORD_NANOPORE	GridION	91047432.0	14278.0	WGS	GENOMIC	SINGLE	Raw reads: ONT_30602_2#203
ERR1800582	ERX1864123	ERS1497494	ERP005928	PRJEB6403	Neisseria gonorrhoeae	NCTC13822	PACBIO_SMRT	PacBio RS	1082680607.0	163482.0	WGS	GENOMIC	SINGLE	PacBio RS sequencing
SRR31913666	SRX27271647	SRS23715284	SRP555766	PRJNA1207476	Pseudovibrio denitrificans	CCAH7	OXFORD_NANOPORE	MinION	3600679319.0	564295.0	WGS	GENOMIC	SINGLE	Long Read-Seq of H. boergesenii Isolate
SRR23347492	SRX19289541	SRS16690584	SRP421131	PRJNA931653	Escherichia coli K-12	K-12	OXFORD_NANOPORE	GridION	26499059.0	4000.0	WGS	GENOMIC	SINGLE	Nanopore sequencing of Ciprofloxacin challenged E. coli
SRR15989309	SRX12278230	SRS9998923	SRP357534	PRJNA801415	Enterobacter cloacae	93	OXFORD_NANOPORE	GridION	1023509811.0	168522.0	WGS	GENOMIC	SINGLE	Whole Genome Sequencing of Carbapenemase-producing Enterobacterales (CPE)
ERR11806622	ERX11204982	ERS16226698	ERP119900	PRJEB36683	Klebsiella pneumoniae 11227-1		OXFORD_NANOPORE	MinION	129114108.0	41966.0	WGS	GENOMIC	SINGLE	MinION sequencing; Raw reads: plasmid_ERR3891129
ERR10499699	ERX10016981	ERS14256856			Escherichia coli		OXFORD_NANOPORE	GridION	200080781.0	24671.0	WGS	GENOMIC	SINGLE	GridION sequencing; Raw reads: ONT_30859_5#301
SRR26214577	SRX21925003	SRS18999376	SRP303268	PRJNA694822	Escherichia coli	white_strain	OXFORD_NANOPORE	MinION	652263994.0	76649.0	WGS	GENOMIC	SINGLE	white colony
SRR13386117	SRX9805312	SRS7989387	SRP300861	PRJNA663900	Enterococcus sp. DIV0183	DIV0183	OXFORD_NANOPORE	GridION	1737294415.0	150240.0	WGS	GENOMIC	SINGLE	Zoo 3 Enterococcus Diversity Genome sequencing and assembly
SRR31599599	SRX26964083	SRS23433795	SRP549287	PRJNA1185485	Escherichia coli	116	OXFORD_NANOPORE	PromethION	297704878.0	92496.0	WGS	GENOMIC	SINGLE	FW-Pig-barcode10
SRR24087963	SRX19888655	SRS17242684	SRP431209	PRJNA952813	Brucella abortus	Y11_MNG	OXFORD_NANOPORE	MinION	7692932.0	3807.0	WGS	GENOMIC	SINGLE	WGS of Brucella abortus: uterus swab of aborted yak
SRR35281934	SRX30384015	SRS26424133	SRP618029	PRJNA1321121	Streptococcus uberis	1121108	OXFORD_NANOPORE	MinION	358189305.0	104538.0	WGS	GENOMIC	SINGLE	WGS of Streptoccocus uberis islated from cows with mastitis
SRR11146894	SRX7783024	SRS6199695	SRP246080	PRJNA603908	Escherichia coli	p4C	OXFORD_NANOPORE	GridION	3037428018.0	519077.0	WGS	GENOMIC	SINGLE	ONT-seq of E. coli:p4C
SRR9722636	SRX6480185	SRS5130291	SRP215816	PRJNA470993	Staphylococcus aureus	ER04219.3	PACBIO_SMRT	PacBio RS II	1049151597.0	159084.0	WGS	GENOMIC	SINGLE	WGS of Staphylococcus aureus
ERR16086371	ERX15476159	ERS26050550	ERP178906	PRJEB96157	Klebsiella pneumoniae		OXFORD_NANOPORE	MinION	114820235.0	18230.0	WGS	GENOMIC	SINGLE	MinION sequencing
SRR25741559	SRX21464945	SRS18699927	SRP456656	PRJNA983748	Staphylococcus aureus	ST7083	OXFORD_NANOPORE	GridION	446981812.0	73015.0	WGS	GENOMIC	SINGLE	WGS of S. aureus: Hock lesion
SRR34268919	SRX29442877	SRS25588850	SRP595615	PRJNA1280179	Pseudomonas aeruginosa	CF-sbj11-Pa11-l	OXFORD_NANOPORE	GridION	507182270.0	49951.0	WGS	GENOMIC	SINGLE	Plasmid-mediated extreme resistance development within lung
SRR16251425	SRX12531046	SRS10490084	SRP040661	PRJNA231221	Leclercia adecarboxylata	FDAARGOS_1505	PACBIO_SMRT	Sequel	2225213597.0	278032.0	WGS	GENOMIC	SINGLE	
SRR24139979	SRX19938426	SRS17287135	SRP247747	PRJNA604975	Escherichia coli	ox_bsi_418	OXFORD_NANOPORE	GridION	407453416.0	165433.0	WGS	GENOMIC	SINGLE	oxford_bsi
SRR388543	SRX110932	SRS000865	SRP000263	PRJNA32795	Neisseria gonorrhoeae MS11	MS11	PACBIO_SMRT	PacBio RS	73835480.0	81741.0	WGS	GENOMIC	SINGLE	Whole Genome Sequencing and Assembly
SRR24062788	SRX19864087	SRS17220108	SRP430807	PRJNA952137	Staphylococcus aureus	GE-MSSA32	OXFORD_NANOPORE	MinION	15752672.0	9937.0	WGS	GENOMIC	SINGLE	Long read Illumina sequencing of Staphylococcus aureus GE-MSSA32
ERR10356976	ERX9889092	ERS6795088	ERP109413	PRJEB27342	Klebsiella pneumoniae		PACBIO_SMRT	Sequel II	8143714507.0	1081321.0	WGS	GENOMIC	SINGLE	Sequel II sequencing
SRR28445602	SRX24049073	SRS20840578	SRP497734	PRJNA1077798	Alteromonas gracilis	J4	OXFORD_NANOPORE	MinION	2716908.0	1000.0	WGS	GENOMIC	SINGLE	Alteromonas gracilis strain J4, whole genome Nanopore Sequencing
ERR13648006	ERX13018705	ERS18629874	ERP158153	PRJEB73354	Escherichia coli		OXFORD_NANOPORE	MinION	397949926.0	119261.0	WGS	GENOMIC	SINGLE	MinION sequencing
ERR14905094	ERX14309402	ERS24300101	ERP172116	PRJEB89064	Bordetella bronchiseptica	FR6317	OXFORD_NANOPORE	GridION			WGS	GENOMIC	SINGLE	GridION sequencing
SRR35504447	SRX30580379	SRS26609556	SRP616549	PRJNA1314197	Mycobacterium tuberculosis	not applicable	OXFORD_NANOPORE	GridION	371210128.0	131632.0	WGS	GENOMIC	SINGLE	WGS of M. tb from culture, Kit-Rapid prep, Sample BC11
DRR629305	DRX609632	DRS438854	DRP012484	PRJDB19189	Mycobacterium avium subsp. hominissuis	GA70182	OXFORD_NANOPORE	MinION	367013076.0	41233.0	WGS	GENOMIC	SINGLE	MinION sequencing of SAMD00833358
SRR26465543	SRX22169415	SRS19227308	SRP467862	PRJNA1000275	Salmonella enterica subsp. enterica serovar Schwarzengrund	202401	OXFORD_NANOPORE	MinION	1457117243.0	207669.0	WGS	GENOMIC	SINGLE	VP34
SRR5182112	SRX2498219	SRS1925072	SRP096895	PRJNA353873	Mycobacterium tuberculosis		PACBIO_SMRT	PacBio RS	311727207.0	163482.0	WGS	GENOMIC	SINGLE	DNA of Mtb
SRR21504737	SRX17507323	SRS11330419	SRP395888	PRJNA812595	Escherichia coli	2021CK-01784	OXFORD_NANOPORE	GridION	1982970692.0	137235.0	WGS	GENOMIC	SINGLE	Nanopore sequencing of ARLN isolate
SRR21706781	SRX17704283	SRS15235073	SRP399542	PRJNA884016	Escherichia coli	SY22A6	OXFORD_NANOPORE	PromethION	652907852.0	39090.0	WGS	GENOMIC	SINGLE	Illumina reads of Escherichia coli str. K-12 substr. DH10B:SY22A6
SRR5428619	SRX2718648	SRS2109283	SRP103274	PRJNA329823	Brucella haematophila	L1Suc	PACBIO_SMRT	PacBio RS	731456393.0	230701.0	WGS	GENOMIC	SINGLE	Ochrobactrum haematophilum L1Suc
SRR31024194	SRX26411369	SRS22931323	SRP539092	PRJNA1174068	Vibrio cholerae	mHDM VC172	OXFORD_NANOPORE	PromethION	221500215.0	88550.0	WGS	GENOMIC	SINGLE	WGS of Vcholerae isolates
SRR24139912	SRX19938493	SRS17287201	SRP247747	PRJNA604975	Escherichia coli	ox_bsi_576	OXFORD_NANOPORE	GridION	631275503.0	304007.0	WGS	GENOMIC	SINGLE	oxford_bsi
ERR1674580	ERX1744632	ERS1382240	ERP017465	PRJEB15636	Escherichia coli str. K-12 substr. MG1655	K-12	OXFORD_NANOPORE	unspecified	1228158869.0	126697.0	WGS	GENOMIC	SINGLE	unspecified sequencing
SRR13380289	SRX9803281	SRS7987546	SRP300808	PRJNA649533	Salmonella enterica		OXFORD_NANOPORE	GridION	72278027.0	69934.0	WGS	GENOMIC	SINGLE	ISF salmonella
SRR16993378	SRX13183640	SRS11112864	SRP347097	PRJNA781389	Lactococcus lactis subsp. lactis	IBB109	OXFORD_NANOPORE	GridION	225495473.0	13718.0	WGS	GENOMIC	SINGLE	Genome sequencing of Lactococcus lactis subsp. lactis IBB109
SRR35071106	SRX30184915	SRS26244923	SRP610420	PRJNA1308807	Escherichia coli	Ec_462	OXFORD_NANOPORE	MinION	870397563.0	99319.0	WGS	GENOMIC	SINGLE	Oxford Nanopore sequences of an isolated E. coli strain from wastewater
SRR12395042	SRX8893428	SRS7152450	SRP276100	PRJNA650381	Mycobacterium tuberculosis		OXFORD_NANOPORE	MinION	552003152.0	299064.0	WGS	GENOMIC	SINGLE	Nanopore TB WGS
ERR2532428	ERX2550849	ERS2419430	ERP005928	PRJEB6403	Rodentibacter pneumotropicus		PACBIO_SMRT	PacBio RS	369711058.0	163482.0	WGS	GENOMIC	SINGLE	PacBio RS sequencing
SRR36722083	SRX31726410	SRS27695046	SRP660603	PRJNA1398820	Escherichia coli BL21(DE3)	BL21 (DE3)	OXFORD_NANOPORE	MinION	850787641.0	183342.0	WGS	GENOMIC	SINGLE	Whole-genome sequencing of phage-resistant E. coli BL21(DE3)
SRR32021924	SRX27372372	SRS23571422	SRP074197	PRJNA288601	Providencia hangzhouensis	2024HL-01418	OXFORD_NANOPORE	GridION	1020020052.0	223514.0	WGS	GENOMIC	SINGLE	Long read sequencing of carbapenemase producing organisms
SRR7692452	SRX4551971	SRS3669044	SRP157923	PRJNA282520	Haemophilus influenzae	P652-8881	PACBIO_SMRT	PacBio RS II	336167060.0	65113.0	WGS	GENOMIC	SINGLE	WGS of Haemophilus influenzae: COPD sputum isolate
SRR32375283	SRX27708158	SRS21131644	SRP444583	PRJNA962904	Escherichia coli		PACBIO_SMRT	Sequel II	569618369.0	22117.0	WGS	GENOMIC	SINGLE	PacBio sequencing of CS6774C1 for ARCH 1.0
SRR12351486	SRX8850982	SRS7112820	SRP274296	PRJNA618226	Methylobacterium sp. YL-MPn6-2016	YL-MPn6-2016	PACBIO_SMRT	PacBio RS II	989953359.0	131355.0	WGS	GENOMIC	SINGLE	Methylobacterium sp. YL-MPn6-2016
SRR21362400	SRX17368053	SRS14917007	SRP361569	PRJNA768416	Paenibacillus sp. FSL K6-1330		OXFORD_NANOPORE	MinION	770221383.0	147463.0	WGS	GENOMIC	SINGLE	WGS of Bacilli
SRR32592075	SRX27898503	SRS24269405	SRP568404	PRJNA1231577	Bacillus pumilus		OXFORD_NANOPORE	PromethION	130028174.0	51750.0	WGS	GENOMIC	SINGLE	WGS
SRR19776601	SRX15820895	SRS12273973	SRP364249	PRJNA816422	Helicobacter pylori	Hpfe038	OXFORD_NANOPORE	MinION	227298690.0	26108.0	WGS	GENOMIC	SINGLE	nanopore sequencing of h. pylori genomic DNA
SRR12395442	SRX8893455	SRS7152477	SRP276100	PRJNA650381	Mycobacterium tuberculosis		OXFORD_NANOPORE	MinION	433966187.0	309482.0	WGS	GENOMIC	SINGLE	Nanopore TB WGS
SRR22784889	SRX18744555	SRS16179734	SRP413484	PRJNA912639	Escherichia coli	EC_E_3862_C2_H_CuN_CeN	OXFORD_NANOPORE	MinION	841108029.0	69972.0	WGS	GENOMIC	SINGLE	WGS of Escherichia coli
SRR33936365	SRX29138635	SRS25244410	SRP589537	PRJNA1101874	Acinetobacter baumannii	122150	OXFORD_NANOPORE	MinION	282254129.0	61018.0	WGS	GENOMIC	SINGLE	WGS-ONT of Acinetobacter baumannii
SRR31944016	SRX27300962	SRS23742442	SRP556326	PRJNA1190092	Escherichia	missing	PACBIO_SMRT	PacBio RS II	175994612.0	35770.0	WGS	GENOMIC	SINGLE	Wastewater sample KH_3
SRR30149576	SRX25617491	SRS21937500	SRP518730	PRJNA1133668	Escherichia coli	ST8655EC1	OXFORD_NANOPORE	MinION	702492405.0	109737.0	WGS	GENOMIC	SINGLE	Nanopore sequencing of clinical CRE isolates: human
SRR32621836	SRX27926694	SRS22290381	SRP525213	PRJNA1134385	Escherichia coli	PEC1020	PACBIO_SMRT	Sequel	3303748625.0	567551.0	WGS	GENOMIC	SINGLE	PacBio sequencing of E. coli: sewage water in Pakistan
DRR217712	DRX208047	DRS214971	DRP007978	PRJDB9461	Klebsiella pneumoniae	OCU_hvKP1-4	OXFORD_NANOPORE	MinION	144258027.0	17496.0	WGS	GENOMIC	SINGLE	MinION sequencing of SAMD00212278
SRR35556757	SRX30631303	SRS5851634	SRP150360	PRJNA475751	Clostridioides difficile	CD08322	OXFORD_NANOPORE	MinION	514363975.0	404024.0	WGS	GENOMIC	SINGLE	WGS Sequencing of Clostridioides difficile
SRR13957685	SRX10335992	SRS8455536	SRP300861	PRJNA663900	Enterococcus sp. DIV1248a	DIV1248a	OXFORD_NANOPORE	GridION	1866135243.0	298389.0	WGS	GENOMIC	SINGLE	sequencing of enterococcal diversity
SRR21696477	SRX17694300	SRS11554368	SRP354045	PRJNA747871	Streptomyces xinghaiensis	NBC_01215	OXFORD_NANOPORE	MinION	322645998.0	80704.0	WGS	GENOMIC	SINGLE	nanopore sequencing data from strain NBC_01215
SRR30791205	SRX26192786	SRS22735281	SRP534624	PRJNA1161571	Burkholderia pseudomallei	Bp30	OXFORD_NANOPORE	MinION	1021108937.0	381130.0	WGS	GENOMIC	SINGLE	Nanopore sequencing of B. pseudomallei
SRR30209148	SRX25672182	SRS22314231	SRP525766	PRJNA1144124	Mammaliicoccus lentus	missing	OXFORD_NANOPORE	MinION	130708478.0	33908.0	WGS	GENOMIC	SINGLE	Staphylococcus lentus
SRR35247526	SRX30350423	SRS26393524	SRP617229	PRJNA958290	Sphingomonas faeni	W4I17	PACBIO_SMRT	Sequel IIe	430811603.0	51457.0	WGS	GENOMIC	SINGLE	Sphingomonas faeni W4I17
SRR29316529	SRX24833614	SRS21545445	SRP512379	PRJNA1121190	Vibrio cholerae	145Vc07	OXFORD_NANOPORE	PromethION	363540903.0	43996.0	WGS	GENOMIC	SINGLE	WGS of Vcholerae isolates
DRR206389	DRX196782	DRS217716	DRP008011	PRJDB9236	Bacillus cereus	MRY14-0074	OXFORD_NANOPORE	MinION	1545351310.0	383096.0	WGS	GENOMIC	SINGLE	MinION sequencing of SAMD00203325
ERR2125811	ERX2182663	ERS1613566	ERP005928	PRJEB6403	Kluyvera cryocrescens	NCTC10483	PACBIO_SMRT	PacBio RS	244726045.0	163482.0	WGS	GENOMIC	SINGLE	PacBio RS sequencing
SRR9722852	SRX6480356	SRS5130420	SRP215816	PRJNA470993	Staphylococcus aureus	pt241	PACBIO_SMRT	PacBio RS II	489073851.0	65332.0	WGS	GENOMIC	SINGLE	WGS of Staphylococcus aureus
ERR10498438	ERX10015727	ERS14255347	ERP142629	PRJEB57633	Escherichia coli		OXFORD_NANOPORE	GridION	93942087.0	13533.0	WGS	GENOMIC	SINGLE	Raw reads: ONT_30345_1#5
SRR31598903	SRX26963582	SRS23433294	SRP549287	PRJNA1185485	Escherichia coli	941	OXFORD_NANOPORE	PromethION	265634971.0	59282.0	WGS	GENOMIC	SINGLE	wwtp-9n14-barcode08
SRR5658733	SRX2895129	SRS1256851	SRP068736	PRJNA292901	Klebsiella pneumoniae	AR_0004	PACBIO_SMRT	PacBio RS II	821177198.0	163482.0	WGS	GENOMIC	PAIRED	
SRR35197876	SRX30301693	SRS17947141	SRP442052	PRJNA976376	Pararhizobium capsulatum DSM 1112	DSM 1112	PACBIO_SMRT	Sequel II	294456649.0	39014.0	WGS	GENOMIC	SINGLE	Blastobacter capsulatus DSM 1112
SRR10211306	SRX6930938	SRS5461233	SRP191068	PRJNA528511	Escherichia coli	GTEN_271	OXFORD_NANOPORE	GridION	254818424.0	112336.0	WGS	GENOMIC	SINGLE	Global TravEpiNet AMR surveillance Genome sequencing and assembly
SRR32610435	SRX27915749	SRS24273897	SRP568450	PRJNA1228643	Ensifer adhaerens	E-15	OXFORD_NANOPORE	MinION	145358574.0	24950.0	WGS	GENOMIC	SINGLE	ONT WGS of Ensifer E-15
ERR1562478	ERX1633234	ERS1183437	ERP005928	PRJEB6403	Streptococcus intermedius	NCTC11324	PACBIO_SMRT	PacBio RS	1617730898.0	163482.0	WGS	GENOMIC	SINGLE	PacBio RS sequencing
SRR18577984	SRX14707078	SRS12469825	SRP367133	PRJNA819855	Staphylococcus aureus	3860	PACBIO_SMRT	Sequel II	133934041.0	10008.0	WGS	GENOMIC	SINGLE	DNA-seq of Staphylococcus aureus CC398
SRR24001312	SRX19804690	SRS17166614	SRP429910	PRJNA909850	human blood metagenome	-	OXFORD_NANOPORE	GridION	376052584.0	111303.0	WGS	GENOMIC	SINGLE	DNA isolation from S. agalactiae  using Fire Monkey
SRR10918378	SRX7585759	SRS6019415	SRP051949	PRJNA271899	Enterobacter hormaechei	UCI-CRE-207	OXFORD_NANOPORE	GridION	374002945.0	72173.0	WGS	GENOMIC	SINGLE	Sequencing of Carbapenem resistant bacteria
SRR31555766	SRX26921957	SRS23399013	SRP548427	PRJNA1192303	Shigella flexneri	2a	OXFORD_NANOPORE	GridION	343121803.0	112000.0	WGS	GENOMIC	SINGLE	WGS of Shigella sonnei 2021/2022
SRR9047971	SRX5824491	SRS4752546	SRP051949	PRJNA271899	Klebsiella oxytoca	MGH304	OXFORD_NANOPORE	GridION	1759535015.0	676667.0	WGS	GENOMIC	SINGLE	Sequencing of Carbapenem resistant bacteria
SRR9171839	SRX5944503	SRS4855547	SRP040661	PRJNA231221	Bacillus anthracis	FDAARGOS_704	PACBIO_SMRT	PacBio RS	1962368838.0	163482.0	WGS	GENOMIC	SINGLE	
ERR2819204	ERX2826011	ERS1103849	ERP014552	PRJEB13014	Streptococcus pyogenes		PACBIO_SMRT	PacBio RS	2387266192.0	163482.0	WGS	GENOMIC	SINGLE	PacBio RS sequencing
SRR8066536	SRX4894880	SRS3941401	SRP165916	PRJNA494676	Salmonella enterica subsp. enterica serovar Lubbock	10TTU468x	PACBIO_SMRT	PacBio RS II	693598459.0	96785.0	WGS	GENOMIC	SINGLE	Long read sequencing of S. Lubbock
SRR19519897	SRX15572410	SRS13275270	SRP378127	PRJNA819273	Staphylococcus felis	IVB6254	PACBIO_SMRT	Sequel II	2091048660.0	187063.0	WGS	GENOMIC	SINGLE	PacBio Sequel sequencing of camel Staphylococcaceae from the Horn of Africa
SRR27860924	SRX23523512	SRS20373803	SRP487941	PRJNA1073000	Lactococcus cremoris	T2G1	OXFORD_NANOPORE	PromethION	936659546.0	116798.0	WGS	GENOMIC	SINGLE	WGS of Lactococcus cremoris strain T2G1: Tistrup starter culture
SRR28421272	SRX24025294	SRS20819436	SRP497258	PRJNA1090921	Teredinibacter turnerae	T7902	OXFORD_NANOPORE	MinION	1470008025.0	300309.0	WGS	GENOMIC	SINGLE	Oxford Nanopore genome sequencing of Teredinibacter turnerae: strain T7902
SRR15989355	SRX12278184	SRS9998859	SRP357537	PRJNA801416	Enterobacter cloacae	93	OXFORD_NANOPORE	GridION	515569565.0	53834.0	WGS	GENOMIC	SINGLE	Whole Genome Sequencing of Carbapenemase-producing Enterobacterales (CPE)
SRR12395076	SRX8893394	SRS7152416	SRP276100	PRJNA650381	Mycobacterium tuberculosis		OXFORD_NANOPORE	MinION	809308466.0	511625.0	WGS	GENOMIC	SINGLE	Nanopore TB WGS
SRR4180912	SRX2142208	SRS1673920	SRP086927	PRJNA303807	Actinopolyspora saharensis	DSM 45459	PACBIO_SMRT	PacBio RS	862510320.0	200051.0	WGS	GENOMIC	SINGLE	Actinopolyspora saharensis DSM 45459
SRR28208482	SRX23820671	SRS20643063	SRP493058	PRJNA1070810	Mesomycoplasma ovipneumoniae	OCALR_180784SP4	OXFORD_NANOPORE	MinION	397359465.0	75659.0	WGS	GENOMIC	SINGLE	WGS of Mycoplasma ovipneumoniae
ERR1329808	ERX1401428	ERS1022026	ERP005928	PRJEB6403	Pseudomonas aeruginosa	NCTC10731	PACBIO_SMRT	PacBio RS	2349071748.0	163482.0	WGS	GENOMIC	SINGLE	PacBio RS sequencing
SRR6128330	SRX3240885	SRS2564085	SRP119305	PRJNA412976	Sulfitobacter faviae	S5-53	PACBIO_SMRT	PacBio RS	670017552.0	90207.0	WGS	GENOMIC	SINGLE	Whole genome sequencing of Sulfitobacter faviae S5-53T(=JCM 31093T=LMG 29156T)
ERR2532045	ERX2550474	ERS2402833	ERP005928	PRJEB6403	[Actinobacillus] rossii	NCTC10802	PACBIO_SMRT	PacBio RS	659569672.0	163482.0	WGS	GENOMIC	SINGLE	PacBio RS sequencing
SRR19995286	SRX16036365	SRS13716392	SRP385050	PRJNA856098	Brachybacterium rhamnosum	NBEC-018	OXFORD_NANOPORE	PromethION	2740909851.0	120706.0	WGS	GENOMIC	SINGLE	Complete Genome Sequence of Brachybacterium rhamnosum NBEC-018, Isolated from Nematode-infected Potatoes
SRR25793417	SRX21515692	SRS8481936	SRP457515	PRJNA1010762	Bacillus cereus		OXFORD_NANOPORE	MinION	2606181085.0	732252.0	WGS	GENOMIC	SINGLE	whole-genome sequencing of Bacillus cereus
ERR10498317	ERX10015606	ERS14255244	ERP142629	PRJEB57633	Escherichia coli		OXFORD_NANOPORE	GridION	59080548.0	19873.0	WGS	GENOMIC	SINGLE	Raw reads: ONT_30134_6#317
SRR35233885	SRX30337124	SRS26381199	SRP291668	PRJNA675431	Klebsiella pneumoniae	KP1666	OXFORD_NANOPORE	PromethION	563987536.0	195380.0	WGS	GENOMIC	SINGLE	WGS of Klebsiella pneumoniae
SRR36141179	SRX31182316	SRS27166139	SRP644510	PRJNA1363965	Neisseria gonorrhoeae	4092	OXFORD_NANOPORE	MinION	369999163.0	60242.0	WGS	GENOMIC	SINGLE	WGS of NG: adult male
SRR19349846	SRX15408587	SRS12115367	SRP361569	PRJNA768416	Paenibacillus sp. FSL R5-0470		OXFORD_NANOPORE	MinION	200921002.0	51029.0	WGS	GENOMIC	SINGLE	WGS of Bacilli
ERR1474981	ERX1546116	ERS1223174	ERP016176	PRJEB14532	Klebsiella pneumoniae	Klebsiella pneumoniae ATCC-13883	OXFORD_NANOPORE	MinION	25050295.0	1928.0	WGS	GENOMIC	SINGLE	MinION sequencing
ERR10857134	ERX10301855	ERS14574379	ERP144502	PRJEB59466	Salmonella enterica		OXFORD_NANOPORE	MinION	359045703.0	49412.0	WGS	GENOMIC	SINGLE	MinION sequencing
SRR19184027	SRX15249141	SRS12981705	SRP375062	PRJNA837734	Listeria monocytogenes	81-680	OXFORD_NANOPORE	MinION	142292903.0	19835.0	WGS	GENOMIC	SINGLE	Nanopore sequencing of Listeria monocytogenes
ERR2125629	ERX2182481	ERS1470852	ERP005928	PRJEB6403	Cellulomonas fimi	NCTC7547	PACBIO_SMRT	PacBio RS	1655583396.0	163482.0	WGS	GENOMIC	SINGLE	PacBio RS sequencing
SRR32183238	SRX27528418	SRS23945739	SRP560832	PRJNA1105701	Vibrio coralliilyticus	OCN014	OXFORD_NANOPORE	PromethION	235445132.0	56330.0	WGS	GENOMIC	SINGLE	WGS of Vibrio coralliilyticus OCN014
SRR14230922	SRX10595514	SRS837700	SRP314699	PRJNA556442	Streptococcus agalactiae	SS43	OXFORD_NANOPORE	GridION	247382303.0	68184.0	WGS	GENOMIC	SINGLE	WGS of serotype V GBS:SS43
SRR5828164	SRX3005892	SRS1832432	SRP094480	PRJNA279196	Bordetella pertussis	C958	PACBIO_SMRT	PacBio RS II	1213896193.0	163482.0	WGS	GENOMIC	SINGLE	
SRR30791207	SRX26192784	SRS22735281	SRP534624	PRJNA1161571	Burkholderia pseudomallei	Bp30	OXFORD_NANOPORE	MinION	689208614.0	105020.0	WGS	GENOMIC	SINGLE	Nanopore sequencing of B. pseudomallei
SRR29226785	SRX24745548	SRS21467366	SRP510673	PRJNA1112792	Salmonella enterica	E1S-012	OXFORD_NANOPORE	GridION	326626984.0	44891.0	WGS	GENOMIC	SINGLE	Whole genome sequence of E1S-012
SRR36797926	SRX31784422	SRS27747123	SRP661661	PRJNA1389824	Enterobacter ludwigii		OXFORD_NANOPORE	MinION	265059829.0	129273.0	WGS	GENOMIC	SINGLE	evolved microcosm clones
ERR12495477	ERX11871560	ERS17745864	ERP156677	PRJEB71895	Escherichia coli	FFFEB2 MIAE 11482	OXFORD_NANOPORE	MinION	955989233.0	155100.0	WGS	GENOMIC	SINGLE	Raw reads: ST38_3_MI
DRR641168	DRX621463	DRS447955	DRP012653	PRJDB20284	Mycetocola lacteus	CM-10	OXFORD_NANOPORE	PromethION	386054673.0	45185.0	WGS	GENOMIC	SINGLE	PromethION sequencing of SAMD00885969
SRR13501391	SRX9913130	SRS8091038	SRP302787	PRJNA693599	Enterobacter hormaechei	CPO094	OXFORD_NANOPORE	MinION	1661433188.0	147233.0	WGS	GENOMIC	SINGLE	CPO094_nanopore
SRR23044206	SRX18997758	SRS15977022	SRP411586	PRJNA907549	Escherichia coli	DETEC-P1056	OXFORD_NANOPORE	MinION	1740584569.0	131602.0	WGS	GENOMIC	SINGLE	DETEC-P1056 long-read genome sequence
SRR12280452	SRX8784264	SRS7053039	SRP272861	PRJNA646575	Phocaeicola vulgatus		OXFORD_NANOPORE	GridION	705359177.0	76370.0	WGS	GENOMIC	SINGLE	WGS  of Bacteroides fragilis group clinical isolates
SRR18299176	SRX14436708	SRS12243863	SRP363571	PRJNA810040	Pseudomonas aeruginosa	H17	PACBIO_SMRT	Sequel II	1415054856.0	112434.0	WGS	GENOMIC	SINGLE	PacBio reads of phylogenetically diverse collection of P. aeruginosa
ERR16064568	ERX15454750	ERS28397703	ERP173262	PRJEB90249	Pseudomonas aeruginosa		OXFORD_NANOPORE	GridION	284200978.0	37259.0	WGS	GENOMIC	SINGLE	GridION sequencing
SRR34967125	SRX30086440	SRS26152717	SRP608514	PRJNA1305037	Enterobacter hormaechei	MI_KPC_168	OXFORD_NANOPORE	PromethION	232742528.0	40767.0	WGS	GENOMIC	SINGLE	KPC CRE collection from state of Michigan
SRR28039468	SRX23690994	SRS20521484	SRP490884	PRJNA1077967	Enterococcus faecium	AH18K037	OXFORD_NANOPORE	GridION	563619513.0	55222.0	WGS	GENOMIC	SINGLE	WGS of Enterococcus faecium isolate
SRR11209224	SRX7822209	SRS6233359	SRP251108	PRJNA609126	Staphylococcus aureus	SA1428	OXFORD_NANOPORE	GridION	82416579.0	4000.0	WGS	GENOMIC	SINGLE	Genome sequence of a chronic Staphylococcus aureus isolated from dairy cow that is non-responsive to antibiotic treatment
SRR25467002	SRX21199923	SRS18458350	SRP452337	PRJNA1000618	Escherichia coli	Escherichia coli BL21(DE3)	OXFORD_NANOPORE	MinION	9019877.0	4000.0	WGS	GENOMIC	SINGLE	CASTVK transposition with different condition
SRR13106728	SRX9552213	SRS7756730	SRP251948	PRJNA610978	Pseudomonas fragi	A13BB	OXFORD_NANOPORE	GridION	159349045.0	11150.0	WGS	GENOMIC	SINGLE	Complete  genome sequencing of P. fragi A13BB
SRR11038965	SRX7691239	SRS6117403	SRP247582	PRJNA604100	Escherichia coli	61	OXFORD_NANOPORE	MinION	1138308438.0	102741.0	WGS	GENOMIC	SINGLE	Genome sequencing Escherichia coli 164 nanopore
SRR14721507	SRX11058748	SRS9125861	SRP237730	PRJNA595776	Clavibacter michiganensis subsp. michiganensis	VQ143	OXFORD_NANOPORE	MinION	381672887.0	32106.0	WGS	GENOMIC	SINGLE	WGS of Clavibacter michiganensis subsp. michiganensis VQ143
ERR13326666	ERX12697694	ERS20295472	ERP161282	PRJEB76791	Salmonella enterica subsp. enterica serovar Agona		OXFORD_NANOPORE	MinION	298289224.0	42677.0	WGS	GENOMIC	SINGLE	MinION sequencing
ERR9030478	ERX8573888	ERS10792262	ERP133548	PRJEB49093	Mycobacterium tuberculosis	Lineage 1.1.2	OXFORD_NANOPORE	MinION	146367421.0	154976.0	WGS	GENOMIC	SINGLE	MinION sequencing; Raw reads: mada_1-19-nanopore
ERR13600753	ERX12971776	ERS15599718	ERP132614	PRJEB48268	Klebsiella pneumoniae		OXFORD_NANOPORE	GridION	307801468.0	17013.0	WGS	GENOMIC	SINGLE	GridION sequencing
ERR15686832	ERX15091261	ERS26976578	ERP171481	PRJEB88388	Pseudomonas kilonensis	R-92702	OXFORD_NANOPORE	MinION	1214758197.0	424919.0	WGS	GENOMIC	SINGLE	Raw reads: Pseudomonas kilonensis R-92702
ERR16064488	ERX15454670	ERS28397623	ERP173262	PRJEB90249	Enterococcus faecalis		OXFORD_NANOPORE	GridION	622066951.0	120001.0	WGS	GENOMIC	SINGLE	GridION sequencing
SRR25890276	SRX21610563	SRS18783789	SRP458186	PRJNA1012291	Staphylococcus	Staphylococcus aureus	OXFORD_NANOPORE	MinION	332432329.0	187889.0	WGS	GENOMIC	SINGLE	Nanopore sequencing data of MRSA
ERR14294269	ERX13695367	ERS23161494	ERP163718	PRJEB79567	Salmonella enterica subsp. enterica serovar Enteritidis		OXFORD_NANOPORE	PromethION	427199686.0	176000.0	WGS	GENOMIC	SINGLE	Raw reads: SE236_L
ERR13326655	ERX12697683	ERS20295445	ERP161282	PRJEB76791	Salmonella enterica subsp. enterica serovar Agona		OXFORD_NANOPORE	MinION	241371667.0	28134.0	WGS	GENOMIC	SINGLE	MinION sequencing
SRR27145105	SRX22826814	SRS19807596	SRP476597	PRJNA1050168	Klebsiella pneumoniae	not applicable	OXFORD_NANOPORE	GridION	708155894.0	136880.0	WGS	GENOMIC	SINGLE	Nanopore-Seq of Klebsiella pneumonia outbreak samples
SRR24475015	SRX20261213	SRS17591998	SRP436581	PRJNA967113	Klebsiella pneumoniae	CPO036	OXFORD_NANOPORE	MinION	460036683.0	25889.0	WGS	GENOMIC	SINGLE	WGS of bacterial isolate possessing blaNDM carbapenemase
SRR14509652	SRX10855394	SRS8951102	SRP319462	PRJNA728709	Escherichia coli	7_56_38A	PACBIO_SMRT	PacBio RS II	1907377460.0	163482.0	WGS	GENOMIC	SINGLE	Genome sequencing of E. coli O26:H11
ERR14711329	ERX14112756	ERS23791399	ERP170064	PRJEB86764	Enterococcus faecium		OXFORD_NANOPORE	MinION	210795151.0	68072.0	WGS	GENOMIC	SINGLE	EXP-10-1-2025-03-10_15-27-00
SRR26131138	SRX21844554	SRS18942733	SRP462317	PRJNA834232	Bacillus sp. TBS-096	TBS-096	PACBIO_SMRT	Sequel IIe	683066646.0	71001.0	WGS	GENOMIC	SINGLE	Bacillus sp TBS-096
ERR10791232	ERX10240542	ERS2652287	ERP104475	PRJEB22771	Streptococcus pneumoniae		PACBIO_SMRT	Sequel II	2937204069.0	434291.0	WGS	GENOMIC	SINGLE	Sequel II sequencing
ERR10938980	ERX10378289	ERS14690205	ERP143848	PRJEB58776	Legionella pneumophila		OXFORD_NANOPORE	GridION	256065709.0	29856.0	WGS	GENOMIC	SINGLE	GridION sequencing
SRR29816445	SRX25315646	SRS16968698	SRP426074	PRJNA941188	Bacillus safensis	PRO37	OXFORD_NANOPORE	GridION	200761438.0	38344.0	WGS	GENOMIC	SINGLE	WGS of Bacillus safensis: cell culture
SRR12247697	SRX8755470	SRS6976336	SRP266402	PRJNA605147	Escherichia coli	RHB41-E2-C07	OXFORD_NANOPORE	GridION	264970743.0	60242.0	WGS	GENOMIC	SINGLE	Oxford Nanopore sequencing of Escherichia coli isolate RH01|T3-E2C07 cultured from pig farm sediment sample
SRR3440235	SRX1726643	SRS1412072	SRP073916	PRJNA310335	Alkalithermobacter thermoalcaliphilus JW-YL-7 = DSM 7308	JW-YL-7	PACBIO_SMRT	PacBio RS II	1149025072.0	163482.0	WGS	GENOMIC	SINGLE	Clostridium paradoxum JW-YL-7 PacBio Sequencing
SRR21630314	SRX17630906	SRS14987353	SRP354045	PRJNA747871	Streptomyces tubercidicus	NBC 00383	OXFORD_NANOPORE	MinION	588854411.0	109518.0	WGS	GENOMIC	SINGLE	nanopore sequencing data from strain NBC_00383
ERR13802516	ERX13203268	ERS21186391	ERP164461	PRJEB80477	Acinetobacter baumannii		OXFORD_NANOPORE	MinION	499729806.0	188635.0	WGS	GENOMIC	SINGLE	MinION sequencing
ERR15516457	ERX14920303	ERS26654053	ERP165332	PRJEB81499	Klebsiella michiganensis		OXFORD_NANOPORE	GridION	500000261.0	60520.0	WGS	GENOMIC	SINGLE	GridION sequencing
SRR12935942	SRX9399745	SRS7617504	SRP289727	PRJNA671608	Bradyrhizobium sp. 195	195	OXFORD_NANOPORE	MinION	590722406.0	96859.0	WGS	GENOMIC	SINGLE	Whole genome sequencing of Bradyrhizobium sp. 195
SRR28434566	SRX24038408	SRS20831668	SRP497546	PRJNA1091452	Enterococcus faecium	EF25-PS	OXFORD_NANOPORE	MinION	377624663.0	83570.0	WGS	GENOMIC	SINGLE	ONT performance study sequencing of E.faecium
ERR2237826	ERX2289993	ERS1869828	ERP005928	PRJEB6403	Mycoplasmopsis phocirhinis		PACBIO_SMRT	PacBio RS	2856027410.0	163482.0	WGS	GENOMIC	SINGLE	PacBio RS sequencing
SRR28740696	SRX24306671	SRS21069444	SRP502714	PRJNA1090129	Staphylococcus aureus	sa221115_barcode37	OXFORD_NANOPORE	MinION	990645933.0	131834.0	WGS	GENOMIC	SINGLE	Staphylococcus aureus strain sa221115_barcode37
SRR15989688	SRX12278243	SRS9998955	SRP357537	PRJNA801416	Klebsiella pneumoniae	12	OXFORD_NANOPORE	GridION	317628678.0	31943.0	WGS	GENOMIC	SINGLE	Whole Genome Sequencing of Carbapenemase-producing Enterobacterales (CPE)
ERR4910099	ERX4776923	ERS4556735	ERP121699	PRJEB38289	Klebsiella pneumoniae		PACBIO_SMRT	PacBio RS			WGS	GENOMIC	SINGLE	PacBio RS sequencing
SRR35213171	SRX30317187	SRS26364123	SRP615992	PRJNA1301220	Acinetobacter baumannii	ABO21-E078	OXFORD_NANOPORE	MinION	129284259.0	38809.0	WGS	GENOMIC	SINGLE	Whole geneme sequencing of Acinetobacter baumannii: isolates of the Ab-One study
SRR21630460	SRX17630939	SRS14987341	SRP354045	PRJNA747871	Streptomyces sp. NBC_00371	NBC_00371	OXFORD_NANOPORE	MinION	774672600.0	83950.0	WGS	GENOMIC	SINGLE	nanopore sequencing data from strain NBC_00371
ERR2125742	ERX2182594	ERS1545384	ERP005928	PRJEB6403	Yersinia enterocolitica	NCTC10462	PACBIO_SMRT	PacBio RS	1752216950.0	163482.0	WGS	GENOMIC	SINGLE	PacBio RS sequencing
SRR28434816	SRX24038434	SRS20831652	SRP497546	PRJNA1091452	Enterococcus faecium	EF26-PS	OXFORD_NANOPORE	MinION	190118617.0	78392.0	WGS	GENOMIC	SINGLE	ONT performance study sequencing of E.faecium
SRR29771705	SRX25271709	SRS21919552	SRP518436	PRJNA1132783	Salmonella enterica subsp. enterica serovar Infantis	M6-2-F5	PACBIO_SMRT	Sequel IIe	1732438966.0	5738386.0	WGS	GENOMIC	PAIRED	Salmonella enterica subsp. enterica serovar Infantis Genome sequencing and assembly
SRR941231	SRX326512	SRS468192	SRP027574	PRJNA63279	Escherichia coli O157:H7 str. F8092B	F8092B	PACBIO_SMRT	PacBio RS	176962346.0	81741.0	WGS	GENOMIC	SINGLE	Escherichia coli O157:H7 F8092B PacBio C2 CLR
SRR15212457	SRX11518844	SRS9556581	SRP156767	PRJNA484865	Salmonella enterica	SLR1_8245	OXFORD_NANOPORE	MinION	645772663.0	130923.0	WGS	GENOMIC	SINGLE	WGS Salmonella:isolate
SRR10502262	SRX7191288	SRS5697304	SRP230773	PRJNA347124	Arthrobacter pigmenti	DSM 16403	PACBIO_SMRT	Sequel	1965568347.0	522850.0	WGS	GENOMIC	SINGLE	Arthrobacter pigmenti DSM 16403
SRR31486691	SRX26854898	SRS19546426	SRP472100	PRJNA1040819	Escherichia coli	2013_EC6	OXFORD_NANOPORE	PromethION	112725920.0	17462.0	WGS	GENOMIC	SINGLE	Porcine Escherichia coli
SRR13955682	SRX10334083	SRS8453802	SRP310443	PRJNA714107	Mannheimia haemolytica	1583	PACBIO_SMRT	PacBio RS II	1415398340.0	392001.0	WGS	GENOMIC	SINGLE	PacBio reads of M. haemolytica
SRR26139262	SRX21852532	SRS18949554	SRP462539	PRJNA1019874	Mycobacterium tuberculosis		PACBIO_SMRT	Sequel II	154463346.0	8746.0	WGS	GENOMIC	SINGLE	WGS of M.tuberculosis
ERR14720567	ERX14121992	ERS23803108	ERP170064	PRJEB86764	Klebsiella pneumoniae		OXFORD_NANOPORE	MinION	671713290.0	257488.0	WGS	GENOMIC	SINGLE	EXP-5-1-2025-03-12_10-45-00
SRR31583385	SRX26948869	SRS23420331	SRP548954	PRJNA1193326	Campylobacter coli		OXFORD_NANOPORE	MinION	61427905.0	19154.0	WGS	GENOMIC	SINGLE	Long-read Nanopore-based WGS characterization of antimicrobial resistant Campylobacter jejuni and Campylobacter coli isolates from humans, animals and food products in Northern Spain within a One Health approach
SRR33905610	SRX29113032	SRS25319231	SRP590957	PRJNA1274183	Mycobacterium intracellulare subsp. intracellulare	missing	OXFORD_NANOPORE	PromethION	194305668.0	30169.0	WGS	GENOMIC	SINGLE	WGS of NTM from sputum isolate
ERR2532025	ERX2550454	ERS2402829	ERP005928	PRJEB6403	[Pasteurella] mairii	NCTC10700	PACBIO_SMRT	PacBio RS	3372948189.0	163482.0	WGS	GENOMIC	SINGLE	PacBio RS sequencing
SRR11901805	SRX8448818	SRS6751041	SRP129419	PRJNA429440	Metamycoplasma hominis	SS25	OXFORD_NANOPORE	MinION	731859363.0	55947.0	WGS	GENOMIC	SINGLE	SS25 long-read
SRR25778640	SRX21501176	SRS18732650	SRP457287	PRJNA1010209	Mycobacterium tuberculosis	TDR33	OXFORD_NANOPORE	MinION	227524505.0	91230.0	WGS	GENOMIC	SINGLE	WGS from TDR33 Oxford Nanopore
ERR2615941	ERX2632596	ERS1572786	ERP021285	PRJEB19288	Vibrio cholerae		PACBIO_SMRT	PacBio RS	914740457.0	163482.0	WGS	GENOMIC	SINGLE	PacBio RS sequencing
SRR27145107	SRX22826812	SRS19807594	SRP476597	PRJNA1050168	Klebsiella pneumoniae	not applicable	OXFORD_NANOPORE	GridION	1200000436.0	172281.0	WGS	GENOMIC	SINGLE	Nanopore-Seq of Klebsiella pneumonia outbreak samples
SRR787434	SRX252644	SRS401387	SRP019218	PRJNA188139	Vibrio cholerae	2011EL-1300	PACBIO_SMRT	PacBio RS	72511602.0	81741.0	WGS	GENOMIC	SINGLE	2011EL-1300
SRR6256364	SRX3362817	SRS2661090	SRP123734	PRJNA402429	Caldicellulosiruptor bescii	RKCB130	PACBIO_SMRT	PacBio RS II	223095414.0	91186.0	WGS	GENOMIC	SINGLE	Caldicellulosiruptor bescii RKCB130
SRR12681501	SRX9161653	SRS7400561	SRP284171	PRJNA652999	Plantactinospora soyae	DSM 46832	PACBIO_SMRT	PacBio RS II	3805802149.0	1349674.0	WGS	GENOMIC	SINGLE	Plantactinospora soyae DSM 46832
SRR17662739	SRX13830711	SRS11709376	SRP355806	PRJNA783264	Enterococcus faecium	1525	OXFORD_NANOPORE	MinION	500000483.0	33915.0	WGS	GENOMIC	SINGLE	Long read sequencing of Enterococcus faecium 1525
SRR5828170	SRX3005886	SRS1832425	SRP094480	PRJNA279196	Bordetella pertussis	D521	PACBIO_SMRT	PacBio RS II	991342390.0	163482.0	WGS	GENOMIC	SINGLE	
SRR14753626	SRX11087216	SRS9152682	SRP323129	PRJNA735522	Bacillus velezensis	GMEKP1	OXFORD_NANOPORE	GridION	29785051.0	4000.0	WGS	GENOMIC	SINGLE	SRA Bacillus velezensis GMEKP1
SRR31583449	SRX26948805	SRS23420267	SRP548954	PRJNA1193326	Campylobacter coli		OXFORD_NANOPORE	MinION	164586380.0	53110.0	WGS	GENOMIC	SINGLE	Long-read Nanopore-based WGS characterization of antimicrobial resistant Campylobacter jejuni and Campylobacter coli isolates from humans, animals and food products in Northern Spain within a One Health approach
SRR32021920	SRX27372376	SRS22944811	SRP074197	PRJNA288601	Klebsiella pneumoniae	2024HL-01159	OXFORD_NANOPORE	GridION	404988651.0	74633.0	WGS	GENOMIC	SINGLE	Long read sequencing of carbapenemase producing organisms
DRR393800	DRX379619	DRS297133	DRP007849	PRJDB10842	Citrobacter freundii	JBEAACG-19-0048	OXFORD_NANOPORE	GridION	630167394.0	51902.0	WGS	GENOMIC	SINGLE	GridION sequencing of SAMD00502019
DRR572307	DRX555774	DRS426395	DRP012251	PRJDB17574	Escherichia coli	YK-IS1MA-L07-4_G08	OXFORD_NANOPORE	MinION	3967.0	2.0	WGS	GENOMIC	SINGLE	nanopore-seq of SAMD00748212 L07-4_G8
SRR33423012	SRX28663962	SRS24931759	SRP583039	PRJNA1258867	Pantoea stewartii subsp. stewartii	Not available	OXFORD_NANOPORE	MinION	135875235.0	54628.0	WGS	GENOMIC	SINGLE	Pss_1869_Nanopore
SRR25793416	SRX21515693	SRS8481937	SRP457515	PRJNA1010762	Bacillus cereus		OXFORD_NANOPORE	MinION	1190801480.0	582450.0	WGS	GENOMIC	SINGLE	whole-genome sequencing of Bacillus cereus
SRR14628359	SRX10968814	SRS9046473	SRP321015	PRJNA731114	Pseudomonas aeruginosa	PaLo558	OXFORD_NANOPORE	MinION	234375486.0	69914.0	WGS	GENOMIC	SINGLE	Nanopore sequencing of Pseudomonas aeruginosa isolates
SRR33768740	SRX28991338	SRS22396750	SRP444583	PRJNA962904	Escherichia coli		PACBIO_SMRT	Sequel II	234694845.0	10911.0	WGS	GENOMIC	SINGLE	PacBio sequencing of AH0137HE1 for ARCH 2
ERR15183878	ERX14589226	ERS25125965	ERP172519	PRJEB89493	Brochothrix thermosphacta		OXFORD_NANOPORE	MinION	226890462.0	134695.0	WGS	GENOMIC	SINGLE	MinION sequencing
SRR15031913	SRX11343466	SRS9383692	SRP326726	PRJNA737600	Streptomyces sp. GMY02	GMY02	OXFORD_NANOPORE	GridION	8835537.0	4000.0	WGS	GENOMIC	SINGLE	WGS Streptomyces sp. GMY02
SRR12298776	SRX8801801	SRS6792510	SRP266402	PRJNA605147	Klebsiella sp. RHBSTW-00465	RHBSTW-00465	OXFORD_NANOPORE	GridION	1412952899.0	302118.0	WGS	GENOMIC	SINGLE	OXFORD_NANOPORE sequencing of Klebsiella sp. isolate WTP5|T2-00465 cultured from WTP effluent sample
SRR31598937	SRX26963548	SRS23433260	SRP549287	PRJNA1185485	Escherichia coli	842	OXFORD_NANOPORE	PromethION	1273310124.0	275152.0	WGS	GENOMIC	SINGLE	Wnew4R-barcode59
SRR30896541	SRX26300028	SRS22828750	SRP536878	PRJNA1134622	Escherichia coli	OXEC-319	OXFORD_NANOPORE	MinION	30119695.0	8621.0	WGS	GENOMIC	SINGLE	OXEC-319
ERR15602729	ERX15005953	ERS26882997	ERP180185	PRJEB97707	Escherichia coli		OXFORD_NANOPORE	MinION	723974978.0	87258.0	WGS	GENOMIC	SINGLE	MinION sequencing
ERR16064414	ERX15454596	ERS28397549	ERP173262	PRJEB90249	Acinetobacter baumannii		OXFORD_NANOPORE	GridION	169924948.0	85250.0	WGS	GENOMIC	SINGLE	GridION sequencing
SRR25617743	SRX21344838	SRS18589968	SRP454672	PRJNA1004631	Escherichia coli	8563	OXFORD_NANOPORE	MinION	343071322.0	55243.0	WGS	GENOMIC	SINGLE	Nanopore MinION sequencing of E. coli; conjugation experiment
SRR684515	SRX228393	SRS411271	SRP022780	PRJNA82563	Lactococcus garvieae ATCC 49156	ATCC 49156	PACBIO_SMRT	PacBio RS	62424340.0	81741.0	WGS	GENOMIC	SINGLE	Pacbio whole genome shotgun sequencing of genomic DNA library 'LR_136_Lgarvieae' containing sample 'ATCC49156' from individual 'Lactococcus_garvieae_NCIMB_31208'
SRR8534257	SRX5336747	SRS4330025	SRP183771	PRJNA519701	Krasilnikovia cinnamomea	DSM 45162	PACBIO_SMRT	Sequel	1311030266.0	467960.0	WGS	GENOMIC	SINGLE	Krasilnikovia cinnamomea DSM 45162
SRR4181444	SRX2142680	SRS1674188	SRP086984	PRJNA303862	Rhodococcus pyridinivorans	DSM 44555	PACBIO_SMRT	PacBio RS	268535150.0	80208.0	WGS	GENOMIC	SINGLE	Rhodococcus pyridinivorans DSM 44555
ERR10155834	ERX9691954	ERS6426040	ERP109413	PRJEB27342	Klebsiella pneumoniae		PACBIO_SMRT	Sequel II	6159075506.0	1009028.0	WGS	GENOMIC	SINGLE	Sequel II sequencing
SRR15989648	SRX12278283	SRS9998989	SRP357537	PRJNA801416	Klebsiella pneumoniae	841	OXFORD_NANOPORE	GridION	532905745.0	60354.0	WGS	GENOMIC	SINGLE	Whole Genome Sequencing of Carbapenemase-producing Enterobacterales (CPE)
SRR35213065	SRX30316882	SRS26363835	SRP615967	PRJNA834220	Enterobacter sp. JUb101	JUb101	PACBIO_SMRT	Sequel II	479952711.0	38321.0	WGS	GENOMIC	SINGLE	Enterobacter sp. JUb101
SRR19787774	SRX15831577	SRS13522668	SRP383167	PRJNA851853	Salmonella enterica	2011K-1667_ONT_10X	OXFORD_NANOPORE	GridION	48674613.0	11045.0	WGS	GENOMIC	SINGLE	WGS of Salmonella enterica serovar Enteritidis
SRR33768609	SRX28990868	SRS22455637	SRP444583	PRJNA962904	Escherichia coli		PACBIO_SMRT	Sequel II	225291615.0	12928.0	WGS	GENOMIC	SINGLE	PacBio sequencing of AH0752HE1 for ARCH 2
ERR13298017	ERX12668879	ERS20274742	ERP161188	PRJEB76684	Escherichia coli		OXFORD_NANOPORE	MinION	888188902.0	149760.0	WGS	GENOMIC	SINGLE	MinION sequencing
SRR26950745	SRX22644461	SRS19641537	SRP474291	PRJNA1043871	Bacillus sp. PBL-C9	PBL-C9	OXFORD_NANOPORE	MinION	3391663.0	435.0	WGS	GENOMIC	SINGLE	Bacillus sp. PBL-C9 Genome sequencing and assembly
SRR29778976	SRX25278904	SRS21698282	SRP418402	PRJNA925803	Streptococcus dysgalactiae subsp. equisimilis	MGCS35939	OXFORD_NANOPORE	GridION	1850784784.0	1019711.0	WGS	GENOMIC	SINGLE	WGS of Streptococcus dysgalactiae subsp. equisimilis
SRR7508508	SRX4378988	SRS3535379	SRP153035	PRJNA433211	Pseudomonas chlororaphis subsp. aurantiaca	464	PACBIO_SMRT	PacBio RS II	1977186877.0	163482.0	WGS	GENOMIC	SINGLE	Whole genome sequence of Pseudomonas chlororaphis subsp. aurantiaca 464
ERR13064368	ERX12434892	ERS17308332	ERP155943	PRJEB71065	Enterococcus lactis		PACBIO_SMRT	Sequel II	107555656.0	9546.0	WGS	GENOMIC	SINGLE	Sequel II sequencing
ERR15284536	ERX14690370	ERS711203	ERP176771	PRJEB93892	Klebsiella pneumoniae	KSB1_7J	OXFORD_NANOPORE	MinION	616154733.0	40466.0	WGS	GENOMIC	SINGLE	MinION sequencing
SRR387080	SRX109938	SRS281278	SRP001087	PRJNA40075	Escherichia coli str. K-12 substr. MG1655	K-12	PACBIO_SMRT	PacBio RS	24053991.0	81741.0	WGS	GENOMIC	SINGLE	Whole Genome Sequencing and Assembly
SRR21415736	SRX17420144	SRS12115330	SRP361569	PRJNA768416	Solibacillus sp. FSL R7-0668	FSL R7-0668	OXFORD_NANOPORE	MinION	459461979.0	103587.0	WGS	GENOMIC	SINGLE	WGS of Bacilli
SRR1207366	SRX502906	SRS949962	SRP058356	PRJNA283315	Xanthomonas oryzae pv. oryzicola	BLS256	PACBIO_SMRT	PacBio RS II	753763522.0	163482.0	WGS	GENOMIC	SINGLE	Xanthomonas oryzae pv. oryzicola
DRR704746	DRX684779	DRS487164	DRP013557	PRJDB18009	Escherichia coli	K9559	OXFORD_NANOPORE	MinION	1142362641.0	283713.0	WGS	GENOMIC	SINGLE	MinION sequencing of SAMD00771139
SRR33126813	SRX28390226	SRS24714134	SRP578459	PRJNA1250540	Mycobacterium tuberculosis str. Erdman = ATCC 35801	Erdman	PACBIO_SMRT	Revio	27936081608.0	2618219.0	WGS	GENOMIC	SINGLE	Tuberculosis
SRR305958	SRX081567	SRS212041	SRP007207	PRJNA68253	Escherichia coli		PACBIO_SMRT	PacBio RS	171311221.0	81741.0	WGS	GENOMIC	SINGLE	Whole Genome Sequencing of E. coli isolate C227-11 (CCS)
SRR3756984	SRX1906086	SRS1546820	SRP078129	PRJNA217196	Lachnospiraceae bacterium AC2031	AC2031	PACBIO_SMRT	PacBio RS	170325645.0	69125.0	WGS	GENOMIC	SINGLE	Lachnospiraceae bacterium AC2031
SRR12395211	SRX8893686	SRS7152708	SRP276100	PRJNA650381	Mycobacterium tuberculosis		OXFORD_NANOPORE	MinION	1529232236.0	1062617.0	WGS	GENOMIC	SINGLE	Nanopore TB WGS
SRR27962328	SRX23618794	SRS20459171	SRP489640	PRJNA998543	Staphylococcus epidermidis	HRSE 6	OXFORD_NANOPORE	MinION	2944790691.0	316724.0	WGS	GENOMIC	SINGLE	S. epidermidis isolated from Han River whole genome sequencing
ERR976763	ERX1053740	ERS715474	ERP005928	PRJEB6403	Klebsiella planticola	NCTC9527	PACBIO_SMRT	PacBio RS	1930043733.0	163482.0	WGS	GENOMIC	SINGLE	PacBio RS sequencing
ERR13600321	ERX12971344	ERS17970309	ERP142123	PRJEB57159	Klebsiella pneumoniae		OXFORD_NANOPORE	GridION	512369256.0	63729.0	WGS	GENOMIC	SINGLE	GridION sequencing
ERR10498965	ERX10016254	ERS14255477	ERP142629	PRJEB57633	Escherichia coli		OXFORD_NANOPORE	GridION	164506586.0	21877.0	WGS	GENOMIC	SINGLE	Raw reads: ONT_30821_1#120
SRR30207876	SRX25670908	SRS5319994	SRP071789	PRJNA315192	Shigella sonnei	795372	OXFORD_NANOPORE	MinION	1111542940.0	113652.0	WGS	GENOMIC	SINGLE	795372
SRR34888698	SRX30019470	SRS26091518	SRP607038	PRJNA1302174	Streptococcus suis	SS2401	PACBIO_SMRT	Sequel II	1900044613.0	173553.0	WGS	GENOMIC	SINGLE	Streptococcus suis SS2401 Genome sequencing and assembly
SRR30342931	SRX25801218	SRS22432693	SRP528120	PRJNA1150149	Staphylococcus aureus	ST5	OXFORD_NANOPORE	MinION	171211889.0	21288.0	WGS	GENOMIC	SINGLE	ONT long-read sequencing of potential healthcare transmission pathogens
SRR34967057	SRX30086508	SRS26152759	SRP608514	PRJNA1305037	Enterobacter hormaechei	MI_KPC_329	OXFORD_NANOPORE	PromethION	321325875.0	30997.0	WGS	GENOMIC	SINGLE	KPC CRE collection from state of Michigan
ERR13298087	ERX12668949	ERS20274812	ERP161188	PRJEB76684	Enterobacter asburiae		OXFORD_NANOPORE	MinION	182455485.0	50441.0	WGS	GENOMIC	SINGLE	MinION sequencing
SRR25637821	SRX21364481	SRS18600552	SRP454894	PRJNA1005239	Escherichia coli str. K-12 substr. MG1655	K-12	OXFORD_NANOPORE	MinION	587347684.0	41044.0	WGS	GENOMIC	SINGLE	WGS of Escherichia coli MG1655 evolved in tio2 replicate 1 long read
SRR32364894	SRX27699252	SRS21122546	SRP444583	PRJNA962904	Escherichia coli		PACBIO_SMRT	Sequel II	227696748.0	11608.0	WGS	GENOMIC	SINGLE	PacBio sequencing of AS26476E1 for ARCH 1.0
SRR14055287	SRX10431180	SRS8565255	SRP299171	PRJNA684347	Streptococcus pyogenes	M08500	OXFORD_NANOPORE	GridION	460610608.0	69527.0	WGS	GENOMIC	SINGLE	GAS WGS
ERR10498775	ERX10016064	ERS14255873	ERP142629	PRJEB57633	Escherichia coli		OXFORD_NANOPORE	GridION	49409372.0	7041.0	WGS	GENOMIC	SINGLE	Raw reads: ONT_30602_1#55
ERR9795552	ERX9343004	ERS3168082	ERP113904	PRJEB31355	Streptococcus pneumoniae D39		PACBIO_SMRT	Sequel II	1701292673.0	344980.0	WGS	GENOMIC	SINGLE	Sequel II sequencing
ERR2532367	ERX2550788	ERS2419186	ERP005928	PRJEB6403	Klebsiella pneumoniae	NCTC9173	PACBIO_SMRT	PacBio RS	2364752863.0	163482.0	WGS	GENOMIC	SINGLE	PacBio RS sequencing
SRR6514090	SRX3602108	SRS2870034	SRP131199	PRJNA430813	Enterobacteriaceae bacterium ENNIH1	ENNIH1	PACBIO_SMRT	PacBio RS II	320383323.0	163482.0	WGS	GENOMIC	SINGLE	PacBio SMRT Sequencing of Enterobacteriaceae ENNIH1 Genomic Library
ERR581031	ERX539118	ERS426725	ERP001625	PRJEB3164	Salmonella enterica subsp. enterica serovar Typhimurium		PACBIO_SMRT	PacBio RS	1090441165.0	163482.0	WGS	GENOMIC	SINGLE	PacBio RS sequencing
SRR19184146	SRX15249022	SRS12981602	SRP375062	PRJNA837734	Listeria monocytogenes	BL88/015	OXFORD_NANOPORE	MinION	177096410.0	45855.0	WGS	GENOMIC	SINGLE	Nanopore sequencing of Listeria monocytogenes
ERR13863732	ERX13266491	ERS21338637	ERP165332	PRJEB81499	Escherichia coli		OXFORD_NANOPORE	GridION	581890006.0	231708.0	WGS	GENOMIC	SINGLE	GridION sequencing
SRR36886002	SRX31857688	SRS27814237	SRP664490	PRJNA1399416	Pseudomonas amygdali pv. morsprunorum	Pam_MH_A_10_2_2	OXFORD_NANOPORE	PromethION	1110935513.0	130070.0	WGS	GENOMIC	SINGLE	Genomic DNA sequencing reads
SRR3756895	SRX1905994	SRS1546760	SRP078116	PRJNA239123	Streptococcus equinus	AG46	PACBIO_SMRT	PacBio RS	70677704.0	30729.0	WGS	GENOMIC	SINGLE	Streptococcus bovis AG46
SRR10753543	SRX7428128	SRS701773	SRP018785	PRJNA186035	Salmonella enterica subsp. enterica serovar Give	CFSAN024230	PACBIO_SMRT	Sequel	1900427431.0	584979.0	WGS	GENOMIC	SINGLE	Whole genome PacBio Sequel sequence of Salmonella enterica
SRR24308038	SRX20103121	SRS17434213	SRP434545	PRJNA961666	Escherichia coli	AVS0970	OXFORD_NANOPORE	MinION	591608306.0	67412.0	WGS	GENOMIC	SINGLE	Long read sequencing of Escherichia coli AVS0970
SRR32486214	SRX27799607	SRS9239632	SRP399759	PRJNA857539	Salmonella enterica subsp. enterica	AUSMDU00044460	OXFORD_NANOPORE	PromethION	578974068.0	127343.0	WGS	GENOMIC	SINGLE	WGS of Salmonella species from ONT reads
SRR33905605	SRX29113037	SRS25319236	SRP590957	PRJNA1274183	Mycobacterium avium subsp. hominissuis	missing	OXFORD_NANOPORE	PromethION	130272705.0	22563.0	WGS	GENOMIC	SINGLE	WGS of NTM from sputum isolate
SRR25835575	SRX21557161	SRS18759581	SRP255655	PRJNA622823	Serratia fonticola	NEB369	PACBIO_SMRT	Sequel	1874042436.0	216520.0	WGS	GENOMIC	SINGLE	SMRT_Sfo -9649
SRR27561252	SRX23230578	SRS20153316	SRP483965	PRJNA1032276	Staphylococcus capitis subsp. capitis	DSM 20326	OXFORD_NANOPORE	MinION	266145969.0	33167.0	WGS	GENOMIC	SINGLE	Oxford Nanopore MinION whole-genome sequencing reads of S. capitis subsp. capitis type strain DSM20326
SRR12699753	SRX9179246	SRS7416469	SRP285140	PRJNA616029	Vibrio cholerae	NER/2018/024	OXFORD_NANOPORE	MinION	1742247466.0	432581.0	WGS	GENOMIC	SINGLE	Oxford Nanopore sequencing of Vibrio cholerae
SRR873904	SRX290935	SRS432036	SRP023917	PRJNA178408	Bordetella holmesii 44057	44057	PACBIO_SMRT	PacBio RS	356976601.0	81741.0	WGS	GENOMIC	SINGLE	
ERR10499626	ERX10016908	ERS14257002			Escherichia coli		OXFORD_NANOPORE	GridION	494582201.0	44474.0	WGS	GENOMIC	SINGLE	GridION sequencing; Raw reads: ONT_30348_2#319
SRR32972663	SRX28245893	SRS24593556	SRP576427	PRJNA1190511	Yersinia pestis	J100004	PACBIO_SMRT	Sequel	558917546.0	38338.0	WGS	GENOMIC	SINGLE	WGS of Yersinia pestis: cultured strain J100004
ERR1354174	ERX1425649	ERS1043805	ERP005928	PRJEB6403	Staphylococcus saprophyticus	NCTC7688	PACBIO_SMRT	PacBio RS	887358747.0	163482.0	WGS	GENOMIC	SINGLE	PacBio RS sequencing
SRR32854702	SRX28136449	SRS24491241	SRP573026	PRJNA1241850	Bacillus cereus	Tor 16585	OXFORD_NANOPORE	MinION	1116954948.0	163104.0	WGS	GENOMIC	SINGLE	MinION of Bacillus cereus
ERR14747227	ERX14148503	ERS23812259	ERP170065	PRJEB86767	Morganella morganii		OXFORD_NANOPORE	MinION	505053088.0	114503.0	WGS	GENOMIC	SINGLE	EXP-11-1-2025-03-14_14-42-05
ERR14225735	ERX13626011	ERS18294159	ERP156237	PRJEB71438	Leifsonia shinshuensis		OXFORD_NANOPORE	MinION			WGS	GENOMIC	SINGLE	MinION sequencing
SRR13449129	SRX9862241	SRS8042175	SRP295672	PRJNA681856	Salmonella enterica subsp. salamae	LHICA_SA3	OXFORD_NANOPORE	MinION	29897193.0	4000.0	WGS	GENOMIC	SINGLE	WGS of Salmonella Lhica SA3_20
SRR12935278	SRX9398996	SRS7616987	SRP040661	PRJNA231221	Campylobacter ureolyticus	FDAARGOS_1102	PACBIO_SMRT	PacBio RS	485044937.0	163482.0	WGS	GENOMIC	SINGLE	
ERR9939448	ERX9482847	ERS12345058	ERP138720	PRJEB53905	Haemophilus influenzae	HUB-P11-HI07	OXFORD_NANOPORE	MinION	386429355.0	63466.0	WGS	GENOMIC	SINGLE	MinION sequencing
SRR15989230	SRX12277637	SRS9999054	SRP357537	PRJNA801416	Klebsiella pneumoniae	16	OXFORD_NANOPORE	GridION	304435080.0	34615.0	WGS	GENOMIC	SINGLE	Whole Genome Sequencing of Carbapenemase-producing Enterobacterales (CPE)
SRR21630154	SRX17630860	SRS14987329	SRP354045	PRJNA747871	Streptomyces sp. NBC_00203	NBC_00203	OXFORD_NANOPORE	MinION	245793319.0	44763.0	WGS	GENOMIC	SINGLE	nanopore sequencing data from strain NBC_00203
SRR32194403	SRX27535979	SRS23952475	SRP560996	PRJNA1218017	Bacteroides thetaiotaomicron	vpi-5482	OXFORD_NANOPORE	MinION	96913876.0	16000.0	WGS	GENOMIC	SINGLE	WGS of Bacteroides thetatiotaomicron grown on different carbon sources
ERR2532117	ERX2550546	ERS2016169	ERP005928	PRJEB6403	Moraxella lacunata		PACBIO_SMRT	PacBio RS	52906970.0	163482.0	WGS	GENOMIC	SINGLE	PacBio RS sequencing
ERR13600668	ERX12971691	ERS15600171	ERP132614	PRJEB48268	Klebsiella pneumoniae		OXFORD_NANOPORE	GridION	240334431.0	11213.0	WGS	GENOMIC	SINGLE	GridION sequencing
SRR14648486	SRX10986944	SRS9061532	SRP321303	PRJNA693392	Xanthomonas campestris	PHDS-10-309	OXFORD_NANOPORE	MinION	642064613.0	79822.0	WGS	GENOMIC	SINGLE	MinION genome sequencing of Xanthomonas campestris: PHDS-10-309
SRR6829561	SRX3785650	SRS3038523	SRP135276	PRJNA332156	Xenorhabdus ehlersii	DSM 16337	PACBIO_SMRT	PacBio RS II	624380663.0	155187.0	WGS	GENOMIC	SINGLE	Xenorhabdus ehlersii DSM 16337
SRR10918430	SRX7585707	SRS6019364	SRP051949	PRJNA271899	Klebsiella pneumoniae	OC-CRE-9143	OXFORD_NANOPORE	GridION	919262113.0	155567.0	WGS	GENOMIC	SINGLE	Sequencing of Carbapenem resistant bacteria
SRR23689265	SRX19551778	SRS16936858	SRP425361	PRJNA940498	Enterococcus casseliflavus	ASE2	PACBIO_SMRT	Sequel II	9360631443.0	1246140.0	WGS	GENOMIC	SINGLE	DNA-Seq of Enterococcus casseliflavus ASE2_PacBio Sequel II
ERR1213692	ERX1285905	ERS1033981	ERP011210	PRJEB10032	Staphylococcus aureus		PACBIO_SMRT	PacBio RS	2250025758.0	163482.0	WGS	GENOMIC	SINGLE	PacBio RS sequencing
SRR28825860	SRX24388724	SRS21144486	SRP504527	PRJNA984017	Klebsiella pneumoniae	K1K	OXFORD_NANOPORE	MinION	403809191.0	63568.0	WGS	GENOMIC	SINGLE	Klebsiella pneumoniae K1K oxford nanopore reads
SRR30352274	SRX25810502	SRS22441481	SRP504944	PRJNA1106512	Pseudomonas aeruginosa	PA6761	OXFORD_NANOPORE	MinION	1001875052.0	247488.0	WGS	GENOMIC	SINGLE	Whole genome sequencing of Pseudomonas aeruginosaPA6761
SRR14753898	SRX11087429	SRS9152848	SRP133855	PRJNA436694	Taylorella equigenitalis	MCE9	PACBIO_SMRT	Sequel	15905457428.0	3098789.0	WGS	GENOMIC	SINGLE	KJTE
SRR36202309	SRX31238741	SRS27217876	SRP649163	PRJNA1230056	Enterococcus faecium	VRE_19	OXFORD_NANOPORE	GridION	482309015.0	108114.0	WGS	GENOMIC	SINGLE	WGS of E. faecium
SRR34965700	SRX30085294	SRS26151644	SRP608494	PRJNA1304997	Mycobacterium tuberculosis	UTB-81	PACBIO_SMRT	Onso	221642987.0	825579.0	WGS	GENOMIC	PAIRED	WGS of Mycobacterium tuberculosis
SRR21640898	SRX17641042	SRS8481877	SRP361569	PRJNA768416	Bacillus thuringiensis		OXFORD_NANOPORE	MinION	493298865.0	111151.0	WGS	GENOMIC	SINGLE	WGS of Bacilli
SRR19519934	SRX15572373	SRS13275233	SRP378127	PRJNA819273	Staphylococcus arlettae	IVB6234	PACBIO_SMRT	Sequel	1154704596.0	132879.0	WGS	GENOMIC	SINGLE	PacBio Sequel sequencing of camel Staphylococcaceae from the Horn of Africa
SRR2905722	SRX1411472	SRS1146061	SRP065777	PRJNA301101	Streptococcus salivarius	HSISS4	PACBIO_SMRT	PacBio RS	582090464.0	151277.0	WGS	GENOMIC	SINGLE	genome sequencing of Streptococcus salivarius HSISS4 with PacBio technology
ERR15094493	ERX14499091	ERS24813767	ERP119900	PRJEB36683	Klebsiella pneumoniae 11227-1		OXFORD_NANOPORE	PromethION	367318229.0	138816.0	WGS	GENOMIC	SINGLE	Raw reads: RKPR132_L
SRR1740492	SRX747882	SRS734220	SRP049417	PRJNA259789	Klebsiella pneumoniae	38547	PACBIO_SMRT	PacBio RS	699123765.0	163482.0	WGS	GENOMIC	SINGLE	
SRR14196862	SRX10563618	SRS8670055	SRP314211	PRJNA720906	Mycobacterium tuberculosis complex sp.	missing	OXFORD_NANOPORE	MinION	1274221754.0	1371159.0	WGS	GENOMIC	SINGLE	Whole-genome long-read sequencing of M. tuberculosis
SRR21131505	SRX17143825	SRS14716482	SRP392938	PRJNA672949	Xylella fastidiosa subsp. fastidiosa	Bakersfield-14	OXFORD_NANOPORE	MinION			WGS	GENOMIC	SINGLE	Oxford Nanopore native genomic DNA of Xylella fastidiosa strain Bakersfield-14
SRR30896526	SRX26300043	SRS22828765	SRP536878	PRJNA1134622	Escherichia coli	OXEC-332	OXFORD_NANOPORE	MinION	180026076.0	49189.0	WGS	GENOMIC	SINGLE	OXEC-332
SRR8360094	SRX5170786	SRS2552903	SRP119068	PRJNA191679	Salmonella enterica subsp. VII str. CFSAN000550	SGSC 3120	PACBIO_SMRT	PacBio RS II	1521491907.0	163482.0	WGS	GENOMIC	SINGLE	Whole genome PacBio RS sequence of Salmonella enterica
SRR11209289	SRX7822144	SRS6233359	SRP251108	PRJNA609126	Staphylococcus aureus	SA1428	OXFORD_NANOPORE	GridION	91235478.0	4000.0	WGS	GENOMIC	SINGLE	Genome sequence of a chronic Staphylococcus aureus isolated from dairy cow that is non-responsive to antibiotic treatment
ERR10497793	ERX10015082	ERS14254736	ERP142629	PRJEB57633	Escherichia coli		OXFORD_NANOPORE	GridION	86677666.0	17325.0	WGS	GENOMIC	SINGLE	Raw reads: ONT_30224_1#231
SRR35246834	SRX30349733	SRS26392860	SRP617075	PRJNA893739	Paraburkholderia sp. MM5482-R1	MM5482-R1	PACBIO_SMRT	Sequel IIe	853359546.0	88057.0	WGS	GENOMIC	SINGLE	Paraburkholderia tuberum MM5482-R1
SRR24356795	SRX20145802	SRS17474196	SRP435207	PRJNA949442	Kocuria rhizophila	Sample7_17	OXFORD_NANOPORE	MinION	717607237.0	146031.0	WGS	GENOMIC	SINGLE	Nanopore sequencing of Kocuria rhizophila
ERR15195403	ERX14601077	ERS25142073	ERP160948	PRJEB76420	Escherichia coli		OXFORD_NANOPORE	MinION			WGS	GENOMIC	SINGLE	MinION sequencing
SRR4272129	SRX2179322	SRS1704455	SRP040661	PRJNA231221	Neisseria meningitidis	FDAARGOS_215	PACBIO_SMRT	PacBio RS	1105547263.0	163482.0	WGS	GENOMIC	SINGLE	
SRR29316558	SRX24833585	SRS21545417	SRP512379	PRJNA1121190	Vibrio cholerae	131Vc10	OXFORD_NANOPORE	PromethION	701639546.0	149889.0	WGS	GENOMIC	SINGLE	WGS of Vcholerae isolates
SRR11209249	SRX7822184	SRS6233359	SRP251108	PRJNA609126	Staphylococcus aureus	SA1428	OXFORD_NANOPORE	GridION	68545631.0	3622.0	WGS	GENOMIC	SINGLE	Genome sequence of a chronic Staphylococcus aureus isolated from dairy cow that is non-responsive to antibiotic treatment
SRR31235496	SRX26615337	SRS23113860	SRP543347	PRJNA1182389	Escherichia coli	NEB 10-beta	OXFORD_NANOPORE	MinION	717234.0	123.0	WGS	GENOMIC	SINGLE	Long Read Sequencing of synthetic plasmid
ERR3685998	ERX3675602	ERS4047799	ERP114207	PRJEB31632	bacterium		OXFORD_NANOPORE	GridION	463704431.0	60282.0	WGS	GENOMIC	SINGLE	GridION sequencing
ERR12953435	ERX12325632	ERS19223298	ERP159859	PRJEB75271	Staphylococcus aureus		OXFORD_NANOPORE	MinION	157673857.0	89827.0	WGS	GENOMIC	SINGLE	MinION sequencing
SRR15989062	SRX12277805	SRS9999316	SRP357537	PRJNA801416	Enterobacter cloacae	93	OXFORD_NANOPORE	GridION	1440246582.0	207551.0	WGS	GENOMIC	SINGLE	Whole Genome Sequencing of Carbapenemase-producing Enterobacterales (CPE)
SRR31691809	SRX27053617	SRS23515749	SRP550997	PRJNA1187877	Lactiplantibacillus plantarum	Lactiplantibacillus plantarum21	OXFORD_NANOPORE	MinION	1664889839.0	263037.0	WGS	GENOMIC	SINGLE	Lp_A21
SRR7640879	SRX4504388	SRS3624828	SRP156253	PRJNA350610	Mastigocladus laminosus UU774	UU774	OXFORD_NANOPORE	MinION	20011673.0	6714.0	WGS	GENOMIC	SINGLE	M74_wgs
SRR19768533	SRX15813171	SRS1504563	SRP040281	PRJNA230403	Salmonella enterica	2016K-0377	OXFORD_NANOPORE	GridION	1344982933.0	240215.0	WGS	GENOMIC	SINGLE	nanopore sequence of Salmonella enterica Hadar
SRR13289828	SRX9718918	SRS7252289	SRP278657	PRJNA658369	Klebsiella pneumoniae	ARLG-3222	OXFORD_NANOPORE	GridION	4961792105.0	536501.0	WGS	GENOMIC	SINGLE	ONT seq of K. pneumoniae
ERR10676150	ERX10143914	ERS14333249	ERP143248	PRJEB58185	Campylobacter jejuni		OXFORD_NANOPORE	MinION	283098928.0	470264.0	WGS	GENOMIC	PAIRED	MinION paired end sequencing
SRR33880359	SRX29091956	SRS25301528	SRP590652	PRJNA1273616	Acinetobacter baumannii	LAC-4	PACBIO_SMRT	Revio	3082481335.0	470501.0	WGS	GENOMIC	SINGLE	WGS of Acinetobacter baumannii (LAC-4) strains
ERR3685981	ERX3675585	ERS4047782	ERP114207	PRJEB31632	bacterium		OXFORD_NANOPORE	GridION	835097438.0	183088.0	WGS	GENOMIC	SINGLE	GridION sequencing
SRR15959708	SRX12249634	SRS10225426	SRP337728	PRJNA756404	Streptomyces sp. A144	A144	PACBIO_SMRT	Sequel	1221175389.0	186156.0	WGS	GENOMIC	SINGLE	DNA-Seq of bacteria
SRR12299011	SRX8802202	SRS6792239	SRP266402	PRJNA605147	Citrobacter freundii	RHB12-C05	PACBIO_SMRT	PacBio RS II	1022366701.0	133320.0	WGS	GENOMIC	SINGLE	PACBIO_SMRT sequencing of Citrobacter freundii isolate RH09|T1-C05 cultured from Cattle faeces sample
DRR414026	DRX399593	DRS260724	DRP009119	PRJDB13120	Caldinitratiruptor microaerophilus	JCM 16183	PACBIO_SMRT	Sequel	214577397.0	33248.0	WGS	GENOMIC	SINGLE	Sequel sequencing of SAMD00445401
SRR12299109	SRX8802104	SRS6792720	SRP266402	PRJNA605147	Escherichia coli	RHB35-C24	OXFORD_NANOPORE	GridION	692250329.0	130205.0	WGS	GENOMIC	SINGLE	OXFORD_NANOPORE sequencing of Escherichia coli isolate RH06|T3-C24 cultured from Cattle faeces sample
SRR25661069	SRX21386941	SRS18627513	SRP455508	PRJNA951682	Streptomyces scabiei	B21-094	PACBIO_SMRT	Sequel II	1613141474.0	220516.0	WGS	GENOMIC	SINGLE	B21-094 PacBio sequencing reads
SRR23690843	SRX19553254	SRS16938006	SRP425383	PRJNA934404	Streptococcus anginosus	VSI37	OXFORD_NANOPORE	MinION	227591203.0	53626.0	WGS	GENOMIC	SINGLE	VSI37
SRR926382	SRX314712	SRS452292	SRP026275	PRJNA184141	Salmonella enterica subsp. enterica serovar Cubana str. CFSAN002050	CFSAN002050	PACBIO_SMRT	PacBio RS	202368787.0	81741.0	WGS	GENOMIC	SINGLE	Whole genome shotgun sequencing of Salmonella enterica subsp. enterica serovar Cubana str. CFSAN002050 by Pacific Biosciences SMRT
SRR18329059	SRX14465824	SRS12268386	SRP359098	PRJNA804648	Salmonella enterica	P289597	OXFORD_NANOPORE	MinION	136929611.0	15776.0	WGS	GENOMIC	SINGLE	Salmonella Mississippi WGS
ERR1036250	ERX1114984	ERS782625	ERP010888	PRJEB9748	Burkholderia ambifaria	3723STDY6145927	PACBIO_SMRT	PacBio RS	206378296.0	163482.0	WGS	GENOMIC	SINGLE	PacBio RS sequencing
SRR353420	SRX101290	SRS259596	SRP008032	PRJNA68211	Escherichia coli O104:H4 str. 04-8351	04-8351	PACBIO_SMRT	PacBio RS	88650010.0	81741.0	WGS	GENOMIC	SINGLE	Genome Sequencing and Assembly of E. coli O104:H4 strains
SRR31485416	SRX26853610	SRS23336685	SRP547321	PRJNA1190201	Escherichia coli	NEBExpress(lowRF1)	OXFORD_NANOPORE	GridION	946773199.0	106173.0	WGS	GENOMIC	SINGLE	Nanopore reads of Escherichia Coli NEBExpress(lowRF1)
SRR25999221	SRX21716469	SRS18851475	SRP459613	PRJNA1014400	Listeria monocytogenes		OXFORD_NANOPORE	MinION	337433640.0	100209.0	WGS	GENOMIC	SINGLE	ONT R9 WGS of Listeria monoctyogenes isolate
ERR4763125	ERX4636178	ERS5247869	ERP124695	PRJEB40976	Enterococcus faecalis		OXFORD_NANOPORE	GridION	406917703.0	21104.0	WGS	GENOMIC	SINGLE	GridION sequencing; Raw reads: 28099_2#281
SRR12342987	SRX8842698	SRS7105757	SRP156767	PRJNA484865	Salmonella enterica	SLR1_7627	OXFORD_NANOPORE	MinION	1811974594.0	207739.0	WGS	GENOMIC	SINGLE	WGS Salmonella:isolate
DRR520006	DRX503892	DRS477454	DRP013349	PRJDB12871	Enterococcus faecium	MRY19-70	OXFORD_NANOPORE	MinION	1674705748.0	136671.0	WGS	GENOMIC	SINGLE	MinION sequencing of SAMD00665380
SRR287778	SRX078301	SRS212386	SRP007207	PRJNA68253	Escherichia coli		PACBIO_SMRT	PacBio RS	160549861.0	81741.0	WGS	GENOMIC	SINGLE	Whole Genome Sequencing for C682-09
ERR16090439	ERX15480274	ERS28454315	ERP183034	PRJEB101632	Priestia endophytica		PACBIO_SMRT	Sequel	207844280.0	17507.0	WGS	GENOMIC	SINGLE	Sequel sequencing
ERR16064451	ERX15454633	ERS28397586	ERP173262	PRJEB90249	Campylobacter jejuni		OXFORD_NANOPORE	GridION	428204005.0	112243.0	WGS	GENOMIC	SINGLE	GridION sequencing
ERR10497687	ERX10014976	ERS14254334	ERP142629	PRJEB57633	Escherichia coli		OXFORD_NANOPORE	GridION	120533069.0	17835.0	WGS	GENOMIC	SINGLE	Raw reads: ONT_30224_1#101
ERR10498460	ERX10015749	ERS14255411	ERP142629	PRJEB57633	Escherichia coli		OXFORD_NANOPORE	GridION	117549062.0	21141.0	WGS	GENOMIC	SINGLE	Raw reads: ONT_30345_1#91
SRR15070717	SRX11380778	SRS9425589	SRP040661	PRJNA231221	Acinetobacter pittii	FDAARGOS 1397	PACBIO_SMRT	Sequel II	19738341008.0	2252164.0	WGS	GENOMIC	SINGLE	
SRR23759796	SRX19611022	SRS16991094	SRP426418	PRJNA935358	Salmonella enterica subsp. enterica serovar Typhi	1521-2017_CO_04	OXFORD_NANOPORE	MinION	1305042789.0	536008.0	WGS	GENOMIC	SINGLE	WGS of Salmonella enterica strain 1521-2017_CO_04
SRR24574444	SRX20357823	SRS17674989	SRP437814	PRJNA972869	Bacillus velezensis	SMPL716	OXFORD_NANOPORE	MinION	490435525.0	189193.0	WGS	GENOMIC	SINGLE	Bacillus velezensis strain: SMPL716 Genome sequencing and assembly
SRR15989127	SRX12277740	SRS9998492	SRP357537	PRJNA801416	Enterobacter cloacae	66	OXFORD_NANOPORE	GridION	1413305050.0	240132.0	WGS	GENOMIC	SINGLE	Whole Genome Sequencing of Carbapenemase-producing Enterobacterales (CPE)
SRR35850897	SRX30900357	SRS26900544	SRP636871	PRJNA1334387	Alteromonas macleodii	ABV4_151	OXFORD_NANOPORE	GridION	2933134677.0	513493.0	WGS	GENOMIC	SINGLE	WGS of Alteromonas macleodii: Marine biofilm
SRR27394281	SRX23070520	SRS9102137	SRP321992	PRJNA733007	Mycobacterium intracellulare	B1-4	PACBIO_SMRT	Sequel	784889340.0	99054.0	WGS	GENOMIC	SINGLE	Whole genome sequencing of Mycobacterium intracellulare B1-4
SRR21415884	SRX17419996	SRS14916996	SRP361569	PRJNA768416	Paenibacillus sp. FSL K6-1318		OXFORD_NANOPORE	MinION	2058019709.0	393405.0	WGS	GENOMIC	SINGLE	WGS of Bacilli
SRR32157932	SRX27503367	SRS23924041	SRP560261	PRJNA1129067	Aeromonas	allosaccharophila	OXFORD_NANOPORE	MinION	533636319.0	672818.0	WGS	GENOMIC	SINGLE	NOV_LG1
SRR28445639	SRX24049262	SRS20840578	SRP497734	PRJNA1077798	Alteromonas gracilis	J4	OXFORD_NANOPORE	MinION	2618251.0	1000.0	WGS	GENOMIC	SINGLE	Alteromonas gracilis strain J4, whole genome Nanopore Sequencing
ERR13194244	ERX12565109	ERS20185756	ERP160059	PRJEB75483	Acidovorax delafieldii		OXFORD_NANOPORE	MinION	115002386.0	34824.0	WGS	GENOMIC	SINGLE	MinION sequencing
SRR18438238	SRX14571401	SRS11003170	SRP345100	PRJNA758085	Bacillus amyloliquefaciens	JP3144	OXFORD_NANOPORE	MinION	88571295.0	5172.0	WGS	GENOMIC	SINGLE	Minion Genome Sequence of Bacillus amyloliquefaciens Group Strain JP3144 Isolated From California Raisin Vineyard Soils
SRR9043824	SRX5820360	SRS4749077	SRP192539	PRJNA388547	Rhodococcus sp. SGAir0479	SGAir0479	PACBIO_SMRT	PacBio RS II	3627649236.0	163482.0	WGS	GENOMIC	SINGLE	Genome of Rhodococcus sp. SGAir0479
SRR33600009	SRX28829547	SRS25061963	SRP585898	PRJNA1263016	Staphylococcus aureus	LAC	OXFORD_NANOPORE	MinION	502373268.0	92092.0	WGS	GENOMIC	SINGLE	WGS long read sequencing of MRSA
ERR12049750	ERX11432928	ERS16377443	ERP149821	PRJEB64629	Psychrobacter celer		OXFORD_NANOPORE	PromethION	1337720508.0	73588.0	WGS	GENOMIC	SINGLE	Psychrobacter celer_oxford_nanopore_ONT
SRR27379425	SRX23055626	SRS20015660	SRP480616	PRJNA1055176	Escherichia coli	Not available	OXFORD_NANOPORE	MinION	1047817985.0	169222.0	WGS	GENOMIC	SINGLE	Whole genome sequence of E. coli
SRR30574377	SRX25997480	SRS22571248	SRP531125	PRJNA1155659	Vibrio parahaemolyticus	VB18PR-0256-2_long	OXFORD_NANOPORE	MinION	986026850.0	281706.0	WGS	GENOMIC	SINGLE	Oxford Nanopore reads of Vibrio
ERR4762148	ERX4635252	ERS5247753	ERP124695	PRJEB40976	Enterococcus faecalis		OXFORD_NANOPORE	GridION	1301666742.0	100404.0	WGS	GENOMIC	SINGLE	GridION sequencing; Raw reads: 26975_1#118
SRR35550340	SRX30624941	SRS26648742	SRP624576	PRJNA1332117	human metagenome		OXFORD_NANOPORE	MinION	2035427548.0	511487.0	WGS	GENOMIC	SINGLE	Faecal bacteria
ERR4586348	ERX4520193	ERS5060049	ERP123927	PRJEB40306	Serratia marcescens subsp. marcescens ATCC 13880	ATCC 13880	PACBIO_SMRT	PacBio RS II	773106054.0	163482.0	WGS	GENOMIC	SINGLE	PacBio RS II sequencing; PacBio SMRT sequencing; Evolution of the bacterium Serratia marcescens under several experimental temperature treatments
SRR15989456	SRX12278083	SRS9999285	SRP357537	PRJNA801416	Escherichia coli	1196	OXFORD_NANOPORE	GridION	1062023225.0	180114.0	WGS	GENOMIC	SINGLE	Whole Genome Sequencing of Carbapenemase-producing Enterobacterales (CPE)
SRR34531102	SRX29674558	SRS25787664	SRP600654	PRJNA1289023	Enterobacter cloacae complex	E. hormaechei subsp. steigerwaltii	OXFORD_NANOPORE	MinION	1558422841.0	171053.0	WGS	GENOMIC	SINGLE	WGS of enterobacterial clinical strains carrying IncQ2::blaGES plasmid
SRR17036758	SRX13226634	SRS11151626	SRP321296	PRJNA732654	Salmonella enterica subsp. enterica serovar Kentucky	ZTA19/00785	OXFORD_NANOPORE	MinION	217498384.0	20782.0	WGS	GENOMIC	SINGLE	Salmonella sequencing
SRR711704	SRX228371	SRS411280	SRP023490	PRJNA82527	Enterococcus faecium EnGen0376	EnGen0376	PACBIO_SMRT	PacBio RS	48759911.0	81741.0	WGS	GENOMIC	SINGLE	Pacbio whole genome shotgun sequencing of genomic DNA library 'LR_115_Efaecium' containing sample 'Pat2-2' from individual 'Enterococcus faecium Efm_NY2-2'
SRR34967686	SRX30086972	SRS26153051	SRP608514	PRJNA1305037	Klebsiella michiganensis	MI_KPC_1041	OXFORD_NANOPORE	PromethION	500003392.0	55520.0	WGS	GENOMIC	SINGLE	KPC CRE collection from state of Michigan
SRR27467578	SRX23139052	SRS20090110	SRP482617	PRJNA942599	Staphylococcus aureus	Dog006	PACBIO_SMRT	Sequel II	681628835.0	61158.0	WGS	GENOMIC	SINGLE	PacBio sequencing of canine Staphylococcaceae isolated from a Kenyan shelter in June 2019
SRR24035310	SRX19837951	SRS17196842	SRP430325	PRJNA944978	Ralstonia sp. AB36-13C	AB36-13C	OXFORD_NANOPORE	GridION	246663274.0	91043.0	WGS	GENOMIC	SINGLE	Genome sequencing of Harvard Forest soil isolates
SRR17288508	SRX13465803	SRS11363172	SRP351874	PRJNA788321	Streptomyces sp. XE14	XE14	OXFORD_NANOPORE	PromethION	1782210720.0	5901360.0	WGS	GENOMIC	SINGLE	WGS of Streptomyces sp.XE14
DRR524533	DRX508415	DRS363017	DRP011134	PRJDB17298	Tenacibaculum mesophilum	T7	OXFORD_NANOPORE	GridION	891327134.0	74508.0	WGS	GENOMIC	SINGLE	GridION sequencing of SAMD00729802
SRR8054568	SRX4884157	SRS3932945	SRP165734	PRJNA496461	Klebsiella pneumoniae	KLPN_37	OXFORD_NANOPORE	MinION	7724131294.0	837594.0	WGS	GENOMIC	SINGLE	nanopore seq of klebsiella pneumoniae
SRR9641515	SRX6403360	SRS5061404	SRP040661	PRJNA231221	Streptococcus sanguinis	FDAARGOS_770	PACBIO_SMRT	PacBio RS	2965563850.0	163482.0	WGS	GENOMIC	SINGLE	
SRR31647018	SRX27010223	SRS23474573	SRP550213	PRJNA1193534	Staphylococcus aureus	p31929	OXFORD_NANOPORE	GridION	5322398.0	3320.0	WGS	GENOMIC	SINGLE	Genomic Analysis of Plasmids in Animal-Associated Staphylococcus aureus
SRR23096791	SRX19049196	SRS16465816	SRP417822	PRJNA924675	Neisseria gonorrhoeae	SE690.	OXFORD_NANOPORE	MinION	96060707.0	13651.0	WGS	GENOMIC	SINGLE	Long read sequencing of SE690
SRR8902601	SRX5688450	SRS4628349	SRP092448	PRJNA316728	Salmonella enterica subsp. enterica serovar 1,4,[5],12:i:-	PNCS014867	OXFORD_NANOPORE	MinION	98017616.0	20379.0	WGS	GENOMIC	SINGLE	RBK004 barcoding sequencing of 12-6334
SRR27748429	SRX23413665	SRS20268923	SRP486241	PRJNA1070055	Geobacter argillaceus	bacteria	PACBIO_SMRT	PacBio RS	80755752.0	55639.0	WGS	GENOMIC	SINGLE	I-7d-1.fq
SRR13680682	SRX10070026	SRS8231701	SRP303037	PRJNA694442	Salmonella enterica		OXFORD_NANOPORE	GridION	3549404737.0	414189.0	WGS	GENOMIC	SINGLE	Multiplex WGS of Salmonella enterica
SRR12395423	SRX8893474	SRS7152496	SRP276100	PRJNA650381	Mycobacterium tuberculosis		OXFORD_NANOPORE	MinION	797847851.0	700134.0	WGS	GENOMIC	SINGLE	Nanopore TB WGS
SRR11569235	SRX8138166	SRS6501304	SRP257391	PRJNA625662	Avibacterium paragallinarum	ADL-AP07	OXFORD_NANOPORE	MinION	350006240.0	14784.0	WGS	GENOMIC	SINGLE	whole genome sequencing of Avibacterium paragallinarum: clinical sample
SRR21415693	SRX17420187	SRS13526087	SRP361569	PRJNA768416	Bacillus sp. FSL K6-1003		OXFORD_NANOPORE	MinION	451102328.0	193402.0	WGS	GENOMIC	SINGLE	WGS of Bacilli
ERR15732396	ERX15137522	ERS27093541	ERP182414	PRJEB100987	Xanthomonas oryzae pv. oryzae	CIX4297	OXFORD_NANOPORE	MinION	518484844.0	50369.0	WGS	GENOMIC	SINGLE	OXFORD_NANOPORE MinION sequencing; CSG_019 WGS GENOMIC
SRR21696436	SRX17693829	SRS11554534	SRP354045	PRJNA747871	Streptomyces sp. NBC_01280	NBC_01280	OXFORD_NANOPORE	MinION	290134796.0	200680.0	WGS	GENOMIC	SINGLE	nanopore sequencing data from strain NBC_01280
SRR31024215	SRX26411348	SRS22931308	SRP539092	PRJNA1174068	Vibrio cholerae	mHDM VC152	OXFORD_NANOPORE	PromethION	535302591.0	175344.0	WGS	GENOMIC	SINGLE	WGS of Vcholerae isolates
SRR31906701	SRX27264817	SRS23709437	SRP555586	PRJNA1206750	Dehalococcoides mccartyi	JC20	PACBIO_SMRT	Sequel II	336307689.0	232245.0	WGS	GENOMIC	SINGLE	Bacterial Whole Genome de novo Sequencing of Dehalococcoides mccartyi JC20: sample1
SRR31834913	SRX27195265	SRS22210771	SRP523632	PRJNA1142676	Klebsiella variicola	kv221115_barcode17	OXFORD_NANOPORE	MinION	179560214.0	18359.0	WGS	GENOMIC	SINGLE	Klebsiella variicola strain kv221115_barcode17
SRR1178095	SRX477325	SRS562886	SRP039024	PRJNA212471	Rickettsia amblyommatis str. Ac37		PACBIO_SMRT	PacBio RS	357785999.0	163482.0	WGS	GENOMIC	SINGLE	
SRR989489	SRX352901	SRS481725	SRP030013	PRJNA203573	Mycobacterium avium MAV_061107_1842	MAV_061107_1842	PACBIO_SMRT	PacBio RS	381666541.0	81741.0	WGS	GENOMIC	SINGLE	
SRR24140024	SRX19938381	SRS17287090	SRP247747	PRJNA604975	Escherichia coli	ox_bsi_29	OXFORD_NANOPORE	GridION	223843820.0	31832.0	WGS	GENOMIC	SINGLE	oxford_bsi
SRR926370	SRX314711	SRS452291	SRP026274	PRJNA184140	Salmonella enterica subsp. enterica serovar Typhimurium var. 5- str. CFSAN001921	CFSAN001921	PACBIO_SMRT	PacBio RS	230843159.0	81741.0	WGS	GENOMIC	SINGLE	Whole genome shotgun sequencing of Salmonella enterica subsp. enterica serovar Typhimurium var. 5- str. CFSAN001921 by Pacific Biosciences SMRT
ERR5353194	ERX5141229	ERS5752926	ERP126298	PRJEB42440	Klebsiella pneumoniae		OXFORD_NANOPORE	MinION	523502619.0	80289.0	WGS	GENOMIC	SINGLE	MinION sequencing
SRR22069538	SRX18050078	SRS15555486	SRP404914	PRJNA895044	Corynebacterium glutamicum	ATCC 13032 DactA_IxylAB	OXFORD_NANOPORE	GridION	979331354.0	118315.0	WGS	GENOMIC	SINGLE	DNAseq of gX, ONT library, replicate 2
SRR25467054	SRX21199870	SRS18458352	SRP452337	PRJNA1000618	Escherichia coli	Escherichia coli BL21(DE3)	OXFORD_NANOPORE	MinION	6391386.0	4000.0	WGS	GENOMIC	SINGLE	CASTVK transposition with different condition
SRR27397676	SRX23073920	SRS18206698	SRP446139	PRJNA988133	Xanthomonas campestris pv. campestris	WHRI 8978	OXFORD_NANOPORE	MinION	11782872.0	2645.0	WGS	GENOMIC	SINGLE	Genome sequencing of Xcc WHRI 8978
SRR17497240	SRX13667440	SRS11553200	SRP354037	PRJNA794971	Pectobacterium aroidearum	QJ315	OXFORD_NANOPORE	PromethION	951822137.0	64688.0	WGS	GENOMIC	SINGLE	WGS of Pectobacterium aroidearum:QJ315
SRR35227139	SRX30330655	SRS26374961	SRP616598	PRJNA1314240	Thermoanaerobacterium saccharolyticum	M1442 tdk nfnA hydA	OXFORD_NANOPORE	PromethION	716773371.0	335373.0	WGS	GENOMIC	SINGLE	WGS of T. saccharolyticum A2G0057
ERR15726235	ERX15131363	ERS27074464	ERP171481	PRJEB88388	Pseudomonas farris	R-92700	OXFORD_NANOPORE	MinION	1022199872.0	383911.0	WGS	GENOMIC	SINGLE	Raw reads: Pseudomonas farris R-92700
SRR4129123	SRX2112713	SRS1667174	SRP084619	PRJNA248506	Janthinobacterium sp. RA13	RA13	PACBIO_SMRT	PacBio RS	203080079.0	66205.0	WGS	GENOMIC	SINGLE	Jantinobacterium sp. RA13
SRR10556288	SRX7238023	SRS5737594	SRP233773	PRJNA460384	Clostridium beijerinckii	DJ259	PACBIO_SMRT	PacBio RS II	666989352.0	274898.0	WGS	GENOMIC	SINGLE	Clostridium beijerinckii DJ259
SRR5218804	SRX2528933	SRS1949902	SRP098598	PRJNA363096	Deinococcus sp. LM3	LM3	PACBIO_SMRT	PacBio RS II	1564503900.0	163482.0	WGS	GENOMIC	SINGLE	Deinococcus sp. LM3
SRR35158233	SRX30263410	SRS26314674	SRP613362	PRJNA1311315	Yersinia pestis	1906_22C	OXFORD_NANOPORE	PromethION	554440208.0	71303.0	WGS	GENOMIC	SINGLE	WGS of Y.pestis 1906 (22C)
SRR16077999	SRX12364486	SRS9797252	SRP332816	PRJNA755469	Escherichia coli	STEC276	PACBIO_SMRT	Sequel	1132071508.0	119512.0	WGS	GENOMIC	SINGLE	Shiga toxin-producing Escherichia coli
SRR14852539	SRX11171039	SRS9229089	SRP324476	PRJNA738868	Acinetobacter baumannii	DETAB-E155	OXFORD_NANOPORE	MinION	563792301.0	46609.0	WGS	GENOMIC	SINGLE	Nanopore WGS of A. baumannii DETAB-E154
ERR5214390	ERX5017846	ERS5599756	ERP126298	PRJEB42440	Klebsiella pneumoniae		OXFORD_NANOPORE	MinION	800797511.0	69657.0	WGS	GENOMIC	SINGLE	MinION sequencing
SRR33404835	SRX28646099	SRS24916721	SRP582691	PRJNA1256904	Providencia stuartii	missing	OXFORD_NANOPORE	MinION	507094070.0	72180.0	WGS	GENOMIC	SINGLE	NGS of Providencia isolate
SRR31443560	SRX26812347	SRS23025376	SRP530014	PRJNA1155606	Klebsiella pneumoniae	BTF15T-1	OXFORD_NANOPORE	PromethION	1030364966.0	123790.0	WGS	GENOMIC	SINGLE	nanopore sequencing from BTF15T-1
SRR35674123	SRX30725543	SRS26742246	SRP561673	PRJNA1219398	Pasteurella multocida	213182	OXFORD_NANOPORE	MinION	431939965.0	42945.0	WGS	GENOMIC	SINGLE	DNA-Seq of Pasteurella multocida 213182
ERR1210806	ERX1283048	ERS901493	ERP005928	PRJEB6403	Streptococcus parasanguinis	NCTC12854	PACBIO_SMRT	PacBio RS	1348405971.0	163482.0	WGS	GENOMIC	SINGLE	PacBio RS sequencing
SRR5750458	SRX2950681	SRS1613991	SRP068737	PRJNA292902	Escherichia coli	AR_0150	PACBIO_SMRT	PacBio RS II	1134670175.0	163482.0	WGS	GENOMIC	SINGLE	PacBio SMRT Sequencing of Escherichia coli FDA-CDC-AR_0150 Genomic Library
DRR291972	DRX281442	DRS174784	DRP004189	PRJDB5929	Klebsiella pneumoniae	C003	PACBIO_SMRT	PacBio RS II	366808262.0	38627.0	WGS	GENOMIC	SINGLE	PacBio RS II sequencing of SAMD00108761
SRR35513841	SRX30589523	SRS26617960	SRP620300	PRJNA1328464	Staphylococcus hominis	SHOMINIS	OXFORD_NANOPORE	GridION	143161751.0	18257.0	WGS	GENOMIC	SINGLE	Staphylococcus hominis, DBT kit, replicate 1, sequence replicate 1
SRR16925182	SRX13117420	SRS11052385	SRP345712	PRJNA779856	Lacticaseibacillus paracasei		PACBIO_SMRT	Sequel	1961520878.0	234322.0	WGS	GENOMIC	SINGLE	DNA methylation-guided metabolism
SRR31599374	SRX26964309	SRS23434022	SRP549287	PRJNA1185485	Escherichia coli	15	OXFORD_NANOPORE	PromethION	626957623.0	123186.0	WGS	GENOMIC	SINGLE	2ndManhole-barcode15
SRR34986133	SRX30104837	SRS26168487	SRP608826	PRJNA1305362	Listeria monocytogenes	Lm_138	OXFORD_NANOPORE	MinION	447743290.0	71061.0	WGS	GENOMIC	SINGLE	Oxford Nanopore sequences of an isolated L. monocytogenes strain from wastewater
ERR14686241	ERX14087760	ERS23773380	ERP169826	PRJEB86481	Escherichia coli str. K-12 substr. MG1655	K-12	OXFORD_NANOPORE	MinION	131622340.0	38974.0	WGS	GENOMIC	SINGLE	MinION sequencing
ERR4074318	ERX4072654	ERS4532145	ERP121328	PRJEB37967	Escherichia coli		PACBIO_SMRT	PacBio RS II	184513240.0	36317.0	WGS	GENOMIC	SINGLE	PacBio RS II sequencing
SRR19325002	SRX15385045	SRS13114067	SRP376168	PRJNA839731	Escherichia coli	MS1050	OXFORD_NANOPORE	GridION	1200234776.0	158357.0	WGS	GENOMIC	SINGLE	DNA-seq of E.coli MS1050: long reads
SRR22306553	SRX18280127	SRS15772515	SRP408144	PRJNA901346	Lactiplantibacillus paraplantarum	RX-8	OXFORD_NANOPORE	PromethION	3480568351.0	454528.0	WGS	GENOMIC	SINGLE	Genome sequencing and assembly of Lactiplantibacillus plantarum RX-8
SRR5826160	SRX3003917	SRS1832466	SRP094480	PRJNA279196	Bordetella pertussis	E530	PACBIO_SMRT	PacBio RS II	440538928.0	163482.0	WGS	GENOMIC	SINGLE	
ERR16107936	ERX15497589	ERS28447452	ERP186608	PRJEB105405	Gluconobacter oxydans		OXFORD_NANOPORE	MinION			WGS	GENOMIC	SINGLE	Raw reads: MCF_B1_Nanopore
SRR27145210	SRX22826905	SRS19807646	SRP476599	PRJNA1050169	Citroniella saccharovorans	DSM 29873	OXFORD_NANOPORE	MinION	40394526.0	3823.0	WGS	GENOMIC	SINGLE	Nanopore MinION of C. saccharovorans
SRR13448726	SRX9861805	SRS8041966	SRP295672	PRJNA681856	Salmonella enterica	LHICA_E3	OXFORD_NANOPORE	MinION	37410599.0	4000.0	WGS	GENOMIC	SINGLE	WGS of Salmonella Lhica E3_80
ERR10498945	ERX10016234	ERS14255920	ERP142629	PRJEB57633	Escherichia coli		OXFORD_NANOPORE	GridION	90138583.0	13988.0	WGS	GENOMIC	SINGLE	Raw reads: ONT_30602_2#99
SRR6277527	SRX3380171	SRS1256847	SRP068736	PRJNA292901	Klebsiella aerogenes	AR_0009	PACBIO_SMRT	PacBio RS II	742280440.0	163482.0	WGS	GENOMIC	SINGLE	PacBio SMRT Sequencing of Klebsiella aerogenes FDA-CDC-AR_0009 Genomic Library
SRR36067968	SRX31114160	SRS27072671	SRP644837	PRJNA1364846	Escherichia coli	GPT22-004	OXFORD_NANOPORE	GridION	1167319639.0	665923.0	WGS	GENOMIC	SINGLE	Escherchia coli, DBT kit, 12-plex and 50 ng DNA, replicate 1
SRR11671529	SRX8232454	SRS6585049	SRP259651	PRJNA608260	Pseudenhygromyxa sp. WMMC2535	WMMC2535	PACBIO_SMRT	PacBio RS II	18528483108.0	1428262.0	WGS	GENOMIC	SINGLE	Draft Genome of Pseudenhygromyxa WMMC2535
SRR13674408	SRX10063849	SRS8226044	SRP040661	PRJNA231221	Coprococcus comes	FDAARGOS_1339	PACBIO_SMRT	Sequel	2274771725.0	513364.0	WGS	GENOMIC	SINGLE	
SRR6515291	SRX3603278	SRS2871200	SRP131199	PRJNA430813	Escherichia coli	ECONIH5	PACBIO_SMRT	PacBio RS II	1916058690.0	163482.0	WGS	GENOMIC	SINGLE	PacBio SMRT Sequencing of Escherichia coli ECONIH5 Genomic Library
SRR29859756	SRX25357213	SRS22024182	SRP520492	PRJNA1134078	Raoultella ornithinolytica	STS50-E	OXFORD_NANOPORE	MinION	333131972.0	112000.0	WGS	GENOMIC	SINGLE	Long read sequencing of Raoultella ornithinolytica STS50-E
SRR498100	SRX148635	SRS281883	SRP013241	PRJNA73829	Vibrio cholerae		PACBIO_SMRT	PacBio RS	822442.0	2062.0	WGS	GENOMIC	SINGLE	Whole Genome Sequencing for N5 (strobe)
SRR13386165	SRX9805264	SRS7989339	SRP300861	PRJNA663900	Enterococcus sp. DIV2455a	DIV2455a	OXFORD_NANOPORE	GridION	817890713.0	147596.0	WGS	GENOMIC	SINGLE	Zoo 3 Enterococcus Diversity Genome sequencing and assembly
SRR15989434	SRX12278105	SRS9999301	SRP357537	PRJNA801416	Klebsiella pneumoniae	323	OXFORD_NANOPORE	GridION	395252863.0	33690.0	WGS	GENOMIC	SINGLE	Whole Genome Sequencing of Carbapenemase-producing Enterobacterales (CPE)
ERR10791311	ERX10240621	ERS2652168	ERP104475	PRJEB22771	Streptococcus pneumoniae		PACBIO_SMRT	Sequel II	1801194138.0	267588.0	WGS	GENOMIC	SINGLE	Sequel II sequencing
SRR13386063	SRX9805366	SRS7989441	SRP300861	PRJNA663900	Enterococcus sp. DIV1286c	DIV1286c	OXFORD_NANOPORE	GridION	952507778.0	155555.0	WGS	GENOMIC	SINGLE	Zoo 3 Enterococcus Diversity Genome sequencing and assembly
SRR27179996	SRX22860480	SRS19835777	SRP477403	PRJNA1049513	Vibrio sp. PBL-C16	PBL-C16	OXFORD_NANOPORE	MinION	37326.0	12.0	WGS	GENOMIC	SINGLE	Vibrio sp. PBL-C16 Genome sequencing and assembly
ERR2171931	ERX2228374	ERS1859668	ERP005928	PRJEB6403	Neisseria gonorrhoeae	NCTC11421	PACBIO_SMRT	PacBio RS	985538717.0	163482.0	WGS	GENOMIC	SINGLE	PacBio RS sequencing
SRR30949460	SRX26352024	SRS22817349	SRP536567	PRJNA1165464	Escherichia coli	Not applicable	OXFORD_NANOPORE	MinION	245942451.0	86404.0	WGS	GENOMIC	SINGLE	Nanopore sequencing of E.coli: blood isolate
SRR8534490	SRX5336979	SRS4330240	SRP183788	PRJNA519696	Zhihengliuella halotolerans	DSM 17364	PACBIO_SMRT	Sequel	478990702.0	160977.0	WGS	GENOMIC	SINGLE	Zhihengliuella halotolerans DSM 17364
ERR15424173	ERX14828117	ERS25489575	ERP174275	PRJEB91289	Acinetobacter baumannii		OXFORD_NANOPORE	PromethION	693958022.0	129644.0	WGS	GENOMIC	SINGLE	Raw reads: MED1409_L
SRR21473080	SRX17476716	SRS15029945	SRP396115	PRJNA868296	Enterobacter hormaechei	GD03896	OXFORD_NANOPORE	MinION	600882166.0	59583.0	WGS	GENOMIC	SINGLE	WGS of Enterobacter hormaechei
SRR12047204	SRX8575786	SRS6867707	SRP040661	PRJNA231221	Escherichia coli	FDAARGOS_946	PACBIO_SMRT	PacBio RS	636027358.0	163482.0	WGS	GENOMIC	SINGLE	
SRR287708	SRX078306	SRS212380	SRP007207	PRJNA68253	Escherichia coli		PACBIO_SMRT	PacBio RS	202359987.0	81741.0	WGS	GENOMIC	SINGLE	Whole Genome Sequencing for 042
SRR13957664	SRX10336013	SRS8455557	SRP300861	PRJNA663900	Enterococcus sp. DIV0007	DIV0007	OXFORD_NANOPORE	GridION	1026846451.0	193776.0	WGS	GENOMIC	SINGLE	sequencing of enterococcal diversity
SRR13624698	SRX10017747	SRS5623608	SRP229005	PRJNA588274	Pseudomonas aeruginosa	E02	OXFORD_NANOPORE	MinION	1216319313.0	545851.0	WGS	GENOMIC	SINGLE	Long read sequencing of Pseudomonas aeruginosa: clinical samples of a single patient over 20 years
SRR33223740	SRX28470807	SRS24790832	SRP579950	PRJNA1253082	Streptococcus pneumoniae		OXFORD_NANOPORE	MinION	120615001.0	126382.0	WGS	GENOMIC	SINGLE	WGS of Streptococcus pneumoniae
SRR31305307	SRX26683470	SRS23176093	SRP544420	PRJNA1184387	Sellimonas catena	JCM 35623	OXFORD_NANOPORE	GridION	1823353810.0	302965.0	WGS	GENOMIC	SINGLE	JCM35623
SRR11905708	SRX8452303	SRS6754131	SRP265537	PRJNA636382	Escherichia coli	EcPF40	OXFORD_NANOPORE	MinION	1640257914.0	424507.0	WGS	GENOMIC	SINGLE	Genome of Escherichia coli EcPF40
SRR6410911	SRX3503938	SRS2781531	SRP017679	PRJNA184698	Pseudomonas aeruginosa	DPB	OXFORD_NANOPORE	MinION	1852705468.0	291502.0	WGS	GENOMIC	SINGLE	P. aeruginosa DPB nanopore
SRR23365159	SRX19306127	SRS16705495	SRP421404	PRJNA932460	Pseudomonas chlororaphis	ATCC 17417	OXFORD_NANOPORE	GridION	480566039.0	105667.0	WGS	GENOMIC	SINGLE	WGS of Pseudomonas chlororaphis
SRR16525821	SRX12728178	SRS10336755	SRP357534	PRJNA801415	Citrobacter freundii	22	OXFORD_NANOPORE	GridION	433049034.0	57681.0	WGS	GENOMIC	SINGLE	Extensive diversification and dissemination of blaNDM carbapenemase plasmids in Enterobacterales in Singapore 2010-2015
ERR657667	ERX613990	ERS500982	ERP005928	PRJEB6403	Salmonella enterica subsp. arizonae	NCTC7304	PACBIO_SMRT	PacBio RS	585511897.0	163482.0	WGS	GENOMIC	SINGLE	PacBio RS sequencing
SRR16525225	SRX12727889	SRS10676823	SRP342584	PRJNA768992	Salmonella enterica subsp. enterica serovar Heidelberg	SA02DT10168701	OXFORD_NANOPORE	MinION	427695484.0	88881.0	WGS	GENOMIC	SINGLE	Evaluation of commercial DNA extraction kits for implementation of rapid Nanopore
SRR29759448	SRX25260167	SRS21945428	SRP518911	PRJNA877407	Corynebacterium kroppenstedtii	yu01	OXFORD_NANOPORE	PromethION	2649628250.0	1094848.0	WGS	GENOMIC	SINGLE	Nanopore reads of strain yu01
SRR16494728	SRX12697723	SRS10647672	SRP342236	PRJNA769678	Corynebacterium uberis	18M0913	PACBIO_SMRT	Sequel	268376662.0	44479.0	WGS	GENOMIC	SINGLE	Pacbio of Corynebacterium sp.: 18M0913
SRR33168719	SRX28429545	SRS24752415	SRP527102	PRJNA1148967	Achromobacter xylosoxidans	NIIH-016-3	OXFORD_NANOPORE	PromethION	2600300721.0	186899.0	WGS	GENOMIC	SINGLE	genomic DNA of Achromobacter xylosoxidans:sputum
SRR8442991	SRX5250160	SRS4252111	SRP179452	PRJNA515162	Bacillus pumilus BA06	BA06	PACBIO_SMRT	PacBio RS II	1441386211.0	230100.0	WGS	GENOMIC	SINGLE	BA06_genome
ERR10163851	ERX9700436	ERS13423698	ERP140710	PRJEB55790	Apilactobacillus kunkeei	H4B5-03X	PACBIO_SMRT	Sequel	1283064173.0	199778.0	WGS	GENOMIC	SINGLE	Sequel sequencing; Raw reads: H4B5-03X
SRR21696612	SRX17694172	SRS14987527	SRP354045	PRJNA747871	Streptomyces sp. NBC_00891	NBC_00891	OXFORD_NANOPORE	MinION	777705844.0	110911.0	WGS	GENOMIC	SINGLE	nanopore sequencing data from strain NBC_00891
SRR8749631	SRX5540618	SRS4506278	SRP051949	PRJNA271899	Escherichia coli	KINW_3268	OXFORD_NANOPORE	GridION	14251018.0	2017.0	WGS	GENOMIC	SINGLE	Sequencing of Carbapenem resistant bacteria
ERR10499696	ERX10016978	ERS14257058			Escherichia coli		OXFORD_NANOPORE	GridION	82604955.0	10766.0	WGS	GENOMIC	SINGLE	GridION sequencing; Raw reads: ONT_30859_5#297
ERR13326766	ERX12697794	ERS20295509	ERP161282	PRJEB76791	Salmonella enterica subsp. enterica serovar Agona		OXFORD_NANOPORE	MinION	144595081.0	54965.0	WGS	GENOMIC	SINGLE	MinION sequencing
SRR30874465	SRX26271790	SRS22809638	SRP536434	PRJNA1167291	Acinetobacter sp. P1332	P1332	PACBIO_SMRT	PacBio RS II	122476572.0	19346.0	WGS	GENOMIC	SINGLE	WGS of Acinetobacter; P1332
ERR13498473	ERX12868740	ERS18629882	ERP158153	PRJEB73354	Escherichia coli		OXFORD_NANOPORE	MinION	346185114.0	42704.0	WGS	GENOMIC	SINGLE	MinION sequencing
SRR23635585	SRX19518611	SRS16905976	SRP424827	PRJNA939279	Paenibacillus macerans	NCTC6355	OXFORD_NANOPORE	MinION	569484266.0	160964.0	WGS	GENOMIC	SINGLE	the complete genome of Paenibacillus macerans isolated from red pepper powder purchased at Seoul, South Korea.
SRR24062805	SRX19864070	SRS17220092	SRP430807	PRJNA952137	Staphylococcus aureus	GE-MRSA16	OXFORD_NANOPORE	MinION	276679952.0	69634.0	WGS	GENOMIC	SINGLE	Long read Illumina sequencing of Staphylococcus aureus GE-MRSA16
SRR30949467	SRX26352017	SRS22817342	SRP536567	PRJNA1165464	Escherichia coli	Not applicable	OXFORD_NANOPORE	MinION	263884217.0	62847.0	WGS	GENOMIC	SINGLE	Nanopore sequencing of E.coli: blood isolate
SRR30298750	SRX25759232	SRS22398381	SRP527378	PRJNA1149814	Escherichia coli	HBs30	OXFORD_NANOPORE	GridION	342507415.0	140629.0	WGS	GENOMIC	SINGLE	HBs30p200p167c2
SRR28434759	SRX24038362	SRS20831660	SRP497546	PRJNA1091452	Staphylococcus aureus	SA78-PS	OXFORD_NANOPORE	MinION	180378912.0	40000.0	WGS	GENOMIC	SINGLE	ONT performance study sequencing of S. aureus
ERR10499745	ERX10017027	ERS14248201	ERP142363	PRJEB57392	Escherichia coli		OXFORD_NANOPORE	MinION	545015282.0	905341.0	WGS	GENOMIC	PAIRED	MinION paired end sequencing
SRR19165780	SRX15231982	SRS12965126	SRP374671	PRJNA836696	Escherichia coli O25b:H4-ST131	5506	OXFORD_NANOPORE	GridION	1182319744.0	171802.0	WGS	GENOMIC	SINGLE	ONT long-read sequencing of carbapenem non-susceptible Enterobacterales
ERR10498918	ERX10016207	ERS14256015	ERP142629	PRJEB57633	Escherichia coli		OXFORD_NANOPORE	GridION	21334129.0	4319.0	WGS	GENOMIC	SINGLE	Raw reads: ONT_30602_2#46
SRR33768496	SRX28990980	SRS22397155	SRP444583	PRJNA962904	Escherichia coli		PACBIO_SMRT	Sequel II	473810993.0	25290.0	WGS	GENOMIC	SINGLE	PacBio sequencing of A212007HE2 for ARCH 2
ERR10676157	ERX10143921	ERS14333256	ERP143248	PRJEB58185	Campylobacter coli		OXFORD_NANOPORE	MinION	241604272.0	401336.0	WGS	GENOMIC	PAIRED	MinION paired end sequencing
SRR16962383	SRX13153899	SRS11085877	SRP346490	PRJNA779451	Pseudomonas sp. B21-047	B21-047	PACBIO_SMRT	Sequel	1098022373.0	206455.0	WGS	GENOMIC	SINGLE	B21-047 PacBio sequencing reads
SRR932085	SRX320103	SRS456498	SRP022914	PRJNA203445	Listeria monocytogenes	J1-108	PACBIO_SMRT	PacBio RS	217323508.0	81741.0	WGS	GENOMIC	SINGLE	Listeria monocytogenes Strain J2-1091
SRR16775498	SRX12974659	SRS10915493	SRP215816	PRJNA470993	Staphylococcus aureus		PACBIO_SMRT	PacBio RS II	1095946298.0	136528.0	WGS	GENOMIC	SINGLE	WGS of Staphylococcus aureus
SRR389241	SRX032453	SRS140102	SRP004712	PRJNA61297	Vibrio cholerae O1 biovar El Tor		PACBIO_SMRT	PacBio RS	21426645.0	60667.0	WGS	GENOMIC	SINGLE	Sequencing for M4 (Bangladesh, 2008)
SRR31935054	SRX27292086	SRS14304177	SRP388186	PRJNA862465	Campylobacter lari	S4:11	OXFORD_NANOPORE	MinION	581028062.0	204711.0	WGS	GENOMIC	SINGLE	Whole genome sequencing of urease-positive (UPTC) Campylobacter lari
ERR10498423	ERX10015712	ERS14255549	ERP142629	PRJEB57633	Escherichia coli		OXFORD_NANOPORE	GridION	81759382.0	13575.0	WGS	GENOMIC	SINGLE	Raw reads: ONT_30345_1#351
SRR18291914	SRX14429588	SRS9294396	SRP325975	PRJNA741123	Pseudomonas aeruginosa	282	OXFORD_NANOPORE	MinION	575254930.0	41217.0	WGS	GENOMIC	SINGLE	Hospital Microbiome Isolates ONT
SRR23814589	SRX19636600	SRS17005575	SRP426688	PRJNA904945	Burkholderia pseudomallei	22MB259711	OXFORD_NANOPORE	GridION	924592527.0	217551.0	WGS	GENOMIC	SINGLE	Patient36|OCT-2022
DRR572483	DRX555950	DRS426408	DRP012251	PRJDB17574	Escherichia coli	YK-IS1MA-L11-1_G08	OXFORD_NANOPORE	MinION	3018047.0	4400.0	WGS	GENOMIC	SINGLE	nanopore-seq of SAMD00748225 L11-1_G8
ERR5353249	ERX5141284	ERS5752978	ERP126298	PRJEB42440	Klebsiella pneumoniae		OXFORD_NANOPORE	MinION	1277134725.0	379104.0	WGS	GENOMIC	SINGLE	MinION sequencing
ERR10452955	ERX9976410	ERS6793941	ERP109413	PRJEB27342	Klebsiella pneumoniae		PACBIO_SMRT	Sequel II	253516506.0	34739.0	WGS	GENOMIC	SINGLE	Sequel II sequencing
SRR34973513	SRX30092813	SRS26157790	SRP608514	PRJNA1305037	Enterobacter hormaechei	MI_KPC_822	OXFORD_NANOPORE	PromethION	500008648.0	58623.0	WGS	GENOMIC	SINGLE	KPC CRE collection from state of Michigan
SRR10112466	SRX6842009	SRS5371516	SRP221319	PRJNA557356	Escherichia coli	ATCC BAA-196	PACBIO_SMRT	PacBio RS II	3509743878.0	163482.0	WGS	GENOMIC	SINGLE	WGS PacBio: Escherichia coli ATCC BAA-196 FS-1 treated (FS) variant, repeat 3
SRR8108697	SRX4935293	SRS3960837	SRP166386	PRJNA314820	Campylobacter hepaticus	HV10	PACBIO_SMRT	PacBio RS II	2994162056.0	163482.0	WGS	GENOMIC	SINGLE	PacBio genome sequencing of Campylobacter hepaticus HV10
SRR5181995	SRX2498103	SRS1924956	SRP096895	PRJNA353873	Mycobacterium tuberculosis		PACBIO_SMRT	PacBio RS	604300088.0	163482.0	WGS	GENOMIC	SINGLE	DNA of Mtb
SRR25467153	SRX21199771	SRS18458352	SRP452337	PRJNA1000618	Escherichia coli	Escherichia coli BL21(DE3)	OXFORD_NANOPORE	MinION	6474753.0	4000.0	WGS	GENOMIC	SINGLE	CASTVK transposition with different condition
ERR1016539	ERX1095599	ERS747614	ERP005928	PRJEB6403	Klebsiella sp. NCTC 9187	NCTC9187	PACBIO_SMRT	PacBio RS	294300226.0	163482.0	WGS	GENOMIC	SINGLE	PacBio RS sequencing
ERR5902795	ERX5542890	ERS5649953	ERP126298	PRJEB42440	Klebsiella pneumoniae		OXFORD_NANOPORE	MinION	495321339.0	40142.0	WGS	GENOMIC	SINGLE	MinION sequencing
SRR36797869	SRX31784479	SRS27747180	SRP661661	PRJNA1389824	Pseudomonas rustica		OXFORD_NANOPORE	MinION	2373067.0	904.0	WGS	GENOMIC	SINGLE	evolved microcosm clones
SRR12298463	SRX8801604	SRS6792624	SRP266402	PRJNA605147	Escherichia coli	RHB21-C10	OXFORD_NANOPORE	GridION	421177151.0	100102.0	WGS	GENOMIC	SINGLE	OXFORD_NANOPORE sequencing of Escherichia coli isolate RH06|T2-C10 cultured from Cattle faeces sample
ERR15814490	ERX15214407	ERS27173587	ERP183512	PRJEB102112	Rhizobium capsici	JCM 19535	OXFORD_NANOPORE	PromethION	4648772930.0	1756735.0	WGS	GENOMIC	SINGLE	PromethION sequencing
ERR15424192	ERX14828136	ERS25489556	ERP174275	PRJEB91289	Acinetobacter baumannii		OXFORD_NANOPORE	PromethION	1097277127.0	174340.0	WGS	GENOMIC	SINGLE	Raw reads: DAM0183_L
SRR35275926	SRX30377997	SRS26418521	SRP617898	PRJNA1311294	Bacillus subtilis	DSM 10	OXFORD_NANOPORE	PromethION	377295860.0	65671.0	WGS	GENOMIC	SINGLE	WGS of Bacillus subtilis: mutant evolved by exposure to pyrithiamine hydrobromide
SRR27089219	SRX22778481	SRS19762640	SRP475972	PRJNA1049017	Enterococcus faecalis	HRH40	OXFORD_NANOPORE	GridION	306620999.0	69049.0	WGS	GENOMIC	SINGLE	Genomic Sequencing of both Escherichia coli and Enterococcus: recurrent urinary tract infections
SRR22581002	SRX18544004	SRS15658624	SRP074197	PRJNA288601	Escherichia coli	2022CK-00566	OXFORD_NANOPORE	GridION	432096474.0	24637.0	WGS	GENOMIC	SINGLE	Nanopore sequencing of ARLN isolate
SRR10520845	SRX7205596	SRS5710298	SRP231929	PRJNA345670	Clostridium beijerinckii	DJ036	PACBIO_SMRT	PacBio RS II	749271485.0	249386.0	WGS	GENOMIC	SINGLE	Clostridium beijerinckii DJ036
ERR13298013	ERX12668875	ERS20274738	ERP161188	PRJEB76684	Escherichia coli		OXFORD_NANOPORE	MinION	331457800.0	45486.0	WGS	GENOMIC	SINGLE	MinION sequencing
SRR8270578	SRX5087263	SRS4099372	SRP171989	PRJNA501603	Xanthomonas vasicola	BLS185	PACBIO_SMRT	PacBio RS II	671570530.0	367760.0	WGS	GENOMIC	SINGLE	Xanthomonas vasicola pv. holcicola BLS185 methylation
SRR15989475	SRX12278064	SRS9998513	SRP357537	PRJNA801416	Escherichia coli	1193	OXFORD_NANOPORE	GridION	1190071519.0	134810.0	WGS	GENOMIC	SINGLE	Whole Genome Sequencing of Carbapenemase-producing Enterobacterales (CPE)
SRR33422513	SRX28663455	SRS24931425	SRP583015	PRJNA1258586	Bacteroides fragilis	H1	PACBIO_SMRT	PacBio RS II	196943559.0	47532.0	WGS	GENOMIC	SINGLE	First generation of clones(H1) after phage selection,HBP1-resistant colonies,number_H1R10
SRR31598898	SRX26963587	SRS23433299	SRP549287	PRJNA1185485	Escherichia coli	946	OXFORD_NANOPORE	PromethION	595102958.0	126481.0	WGS	GENOMIC	SINGLE	wwtp-9n14-barcode13
SRR31481145	SRX26849669	SRS23333285	SRP547245	PRJNA1189825	Brucella inopinata	5043	OXFORD_NANOPORE	PromethION	3552.0	1.0	WGS	GENOMIC	SINGLE	complete genome sequence of Brucella inopinata 5043
SRR4181431	SRX2142667	SRS1674113	SRP086978	PRJNA303751	Amycolatopsis tolypomycina	DSM 44544	PACBIO_SMRT	PacBio RS	1182383214.0	311288.0	WGS	GENOMIC	SINGLE	Amycolatopsis tolypomycina DSM 44544
ERR902067	ERX981456	ERS666353	ERP005928	PRJEB6403	Pseudomonas aeruginosa	NCTC13618	PACBIO_SMRT	PacBio RS	1361817069.0	163482.0	WGS	GENOMIC	SINGLE	PacBio RS sequencing
SRR16089798	SRX12376134	SRS10347026	SRP151364	PRJNA477706	Moraxella bovis	SAM57973	PACBIO_SMRT	Sequel	621080466.0	187285.0	WGS	GENOMIC	SINGLE	Sequencing Moraxella genomes
SRR31583312	SRX26948942	SRS23420406	SRP548954	PRJNA1193326	Campylobacter jejuni		OXFORD_NANOPORE	MinION	74357936.0	52276.0	WGS	GENOMIC	SINGLE	Long-read Nanopore-based WGS characterization of antimicrobial resistant Campylobacter jejuni and Campylobacter coli isolates from humans, animals and food products in Northern Spain within a One Health approach
SRR31024144	SRX26411419	SRS22931378	SRP539092	PRJNA1174068	Vibrio cholerae	mHDM VC36	OXFORD_NANOPORE	PromethION	132008598.0	70024.0	WGS	GENOMIC	SINGLE	WGS of Vcholerae isolates
SRR25741616	SRX21464889	SRS18699958	SRP456656	PRJNA983748	Staphylococcus aureus	ST3028	OXFORD_NANOPORE	GridION	90679745.0	8048.0	WGS	GENOMIC	SINGLE	WGS of S. aureus: Quarter Milk
ERR15814498	ERX15214415	ERS27173597	ERP183512	PRJEB102112	Rhizobium zeae	CRZM18R	OXFORD_NANOPORE	PromethION	1674827697.0	861431.0	WGS	GENOMIC	SINGLE	PromethION sequencing
ERR9669026	ERX9218251	ERS9873852	ERP134564	PRJEB50014	Streptococcus pneumoniae	11A-HVH-32688442233	OXFORD_NANOPORE	MinION	675970047.0	84567.0	WGS	GENOMIC	SINGLE	MinION sequencing
ERR11275490	ERX10683060	ERS14857461	ERP146774	PRJEB61685	Mycobacterium tuberculosis variant bovis BCG		OXFORD_NANOPORE	MinION	27300359.0	12000.0	WGS	GENOMIC	SINGLE	MinION sequencing
SRR2064841	SRX1060404	SRS874598	SRP056193	PRJNA236012	Mycobacterium tuberculosis 18b	18b	PACBIO_SMRT	PacBio RS II	188025217.0	81741.0	WGS	GENOMIC	SINGLE	Whole genome sequencing of Mycobacterium tuberculosis 18b
SRR19184144	SRX15249024	SRS12981604	SRP375062	PRJNA837734	Listeria monocytogenes	BL88/020	OXFORD_NANOPORE	MinION	316487863.0	91789.0	WGS	GENOMIC	SINGLE	Nanopore sequencing of Listeria monocytogenes
ERR15941409	ERX15336954	ERS27416725	ERP185476	PRJEB104171	Escherichia coli		OXFORD_NANOPORE	MinION	134277810.0	32263.0	WGS	GENOMIC	SINGLE	MinION sequencing
SRR7661002	SRX4521633	SRS3639984	SRP156770	PRJNA485129	Xanthomonas hortorum	VT106	PACBIO_SMRT	PacBio RS II	818710637.0	160681.0	WGS	GENOMIC	SINGLE	VT106
DRR538175	DRX521994	DRS397809	DRP011824	PRJDB17661	Pseudoflavonifractor gallinarum	i42-0019-1B4	PACBIO_SMRT	Sequel	159870560.0	12112.0	WGS	GENOMIC	SINGLE	Sequel single end sequencing of  SAMD00759025
DRR572506	DRX555973	DRS426413	DRP012251	PRJDB17574	Escherichia coli	YK-IS1MA-L01-2_G20	OXFORD_NANOPORE	MinION	101973692.0	6000.0	WGS	GENOMIC	SINGLE	nanopore-seq of SAMD00748230 L01-2_G20
SRR21465139	SRX17468803	SRS3080376	SRP395888	PRJNA812595	Salmonella enterica	PNUSAS036471	OXFORD_NANOPORE	MinION	823135542.0	95712.0	WGS	GENOMIC	SINGLE	Pathogen: clinical or host-associated sample
SRR12938571	SRX9402238	SRS7620159	SRP040661	PRJNA231221	Shigella boydii	FDAARGOS_1139	PACBIO_SMRT	Sequel	2167858774.0	272019.0	WGS	GENOMIC	SINGLE	
SRR21415709	SRX17420171	SRS13526044	SRP361569	PRJNA768416	Bacillus sp. FSL W8-0920	FSL W8-0920	OXFORD_NANOPORE	MinION	760475499.0	136641.0	WGS	GENOMIC	SINGLE	WGS of Bacilli
SRR30990815	SRX26379096	SRS22890950	SRP538219	PRJNA1172271	Klebsiella pneumoniae	BG5067	OXFORD_NANOPORE	MinION	1028320587.0	138807.0	WGS	GENOMIC	SINGLE	Multi-hospital outbreak of NDM-5 producing Klebsiella pneumoniae ST6260 in Bulgaria
SRR3441714	SRX1727953	SRS1324859	SRP050002	PRJNA266616	Bordetella pertussis		PACBIO_SMRT	PacBio RS II	960033631.0	163482.0	WGS	GENOMIC	SINGLE	
SRR12280599	SRX8784525	SRS7053122	SRP272861	PRJNA646575	Bacteroides cellulosilyticus		OXFORD_NANOPORE	GridION	1467251508.0	133040.0	WGS	GENOMIC	SINGLE	WGS  of Bacteroides fragilis group clinical isolates
SRR22420521	SRX18390057	SRS15874168	SRP410035	PRJNA669330	Pseudomonas entomophila	23S	OXFORD_NANOPORE	GridION	640421720.0	149007.0	WGS	GENOMIC	SINGLE	WGS of Pseudomonas entomophila 23S
ERR10791351	ERX10240661	ERS2651314	ERP104475	PRJEB22771	Streptococcus pneumoniae		PACBIO_SMRT	Sequel II	2603170602.0	384686.0	WGS	GENOMIC	SINGLE	Sequel II sequencing
SRR18395915	SRX14529895	SRS12327316	SRP365024	PRJNA807077	Pediococcus pentosaceus	34	OXFORD_NANOPORE	GridION	703745062.0	144000.0	WGS	GENOMIC	SINGLE	Whole Genome Sequencing of Pediococcus pentoseaus- ONT data
SRR8186771	SRX5006613	SRS4040805	SRP168581	PRJNA505382	Mycobacterium tuberculosis	TCDC11	PACBIO_SMRT	PacBio RS II	605084390.0	163482.0	WGS	GENOMIC	SINGLE	TCDC11
ERR12508709	ERX11884757	ERS17744626	ERP153002	PRJEB67987	Mycobacterium tuberculosis		OXFORD_NANOPORE	MinION			WGS	GENOMIC	SINGLE	MinION sequencing
ERR10498967	ERX10016256	ERS14255469	ERP142629	PRJEB57633	Escherichia coli		OXFORD_NANOPORE	GridION	356783748.0	128913.0	WGS	GENOMIC	SINGLE	Raw reads: ONT_30821_1#119
SRR35850921	SRX30900333	SRS26900670	SRP636871	PRJNA1334387	Fulvivirga sp. AWR4_260	AWR4_260	OXFORD_NANOPORE	GridION	3848663833.0	942491.0	WGS	GENOMIC	SINGLE	WGS of Fulvivirga sp.: Ocean water
SRR22859949	SRX18818634	SRS16251870	SRP414408	PRJNA914892	Staphylococcus aureus	C331	OXFORD_NANOPORE	MinION	275160899.0	83941.0	WGS	GENOMIC	SINGLE	Long read ONT WGS of Staphylococcus aureus isolates from Chronic Rhinosinusitis Patients
SRR25525504	SRX21255197	SRS18509074	SRP453433	PRJNA635383	Enterococcus faecium		OXFORD_NANOPORE	GridION	794956037.0	132843.0	WGS	GENOMIC	SINGLE	Nanopore sequencing of AR-0789
SRR33968434	SRX29167162	SRS25367660	SRP591870	PRJNA1276484	Mycobacteroides abscessus		OXFORD_NANOPORE	MinION	2240939944.0	428448.0	WGS	GENOMIC	SINGLE	CW29492
DRR335986	DRX324982	DRS347115	DRP010921	PRJDB12755	Klebsiella pneumoniae	NUKlp34	OXFORD_NANOPORE	MinION	980915707.0	136272.0	WGS	GENOMIC	SINGLE	MinION sequencing of SAMD00433861
ERR10499455	ERX10016741	ERS14256926			Escherichia coli		OXFORD_NANOPORE	GridION	367692335.0	24086.0	WGS	GENOMIC	SINGLE	GridION sequencing; Raw reads: ONT_30224_1#32
SRR13380374	SRX9803196	SRS7987484	SRP300808	PRJNA649533	Salmonella enterica		OXFORD_NANOPORE	GridION	1366608908.0	155183.0	WGS	GENOMIC	SINGLE	ISF salmonella
SRR18329061	SRX14465822	SRS12268385	SRP359098	PRJNA804648	Salmonella enterica	P287611	OXFORD_NANOPORE	MinION	79639668.0	8476.0	WGS	GENOMIC	SINGLE	Salmonella Mississippi WGS
SRR33210433	SRX28457791	SRS24779168	SRP579658	PRJNA1252136	Aeromonas caviae	A600717	OXFORD_NANOPORE	MinION	1742185516.0	265737.0	WGS	GENOMIC	SINGLE	WGS of Aeromonas caviae isolate from sample 600717
SRR12298522	SRX8801545	SRS6792477	SRP266402	PRJNA605147	Escherichia coli	RHB18-C23	OXFORD_NANOPORE	GridION	480716283.0	94859.0	WGS	GENOMIC	SINGLE	OXFORD_NANOPORE sequencing of Escherichia coli isolate RH13|T2-C23 cultured from Sheep faeces sample
ERR2532092	ERX2550521	ERS2402875	ERP005928	PRJEB6403	Mycolicibacterium acapulense	NCTC10270	PACBIO_SMRT	PacBio RS	272518359.0	163482.0	WGS	GENOMIC	SINGLE	PacBio RS sequencing
SRR35513833	SRX30589531	SRS26617964	SRP620300	PRJNA1328464	Campylobacter coli	GPT20-006	OXFORD_NANOPORE	GridION	268093505.0	68076.0	WGS	GENOMIC	SINGLE	Campylobacter coli, MCB kit, replicate 1, sequence replicate 2
SRR22957119	SRX18913911	SRS16341726	SRP415590	PRJNA914624	Streptococcus pyogenes	emm4	OXFORD_NANOPORE	GridION	132689569.0	122914.0	WGS	GENOMIC	SINGLE	WGS of Streptococcus pyogenes
SRR13182521	SRX9620402	SRS7822492	SRP040661	PRJNA231221	Escherichia coli	FDAARGOS_1240	PACBIO_SMRT	Sequel	3681871026.0	651570.0	WGS	GENOMIC	SINGLE	
SRR26950703	SRX22644503	SRS19641537	SRP474291	PRJNA1043871	Bacillus sp. PBL-C9	PBL-C9	OXFORD_NANOPORE	MinION	135111.0	49.0	WGS	GENOMIC	SINGLE	Bacillus sp. PBL-C9 Genome sequencing and assembly
SRR33251904	SRX28497824	SRS24815207	SRP580503	PRJNA1254181	Escherichia coli		OXFORD_NANOPORE	MinION	583179533.0	108746.0	WGS	GENOMIC	SINGLE	long read whole genome sequencing of Escherichia coli: neonatal blood
SRR13893765	SRX10273249	SRS8406511	SRP309815	PRJNA686978	Serratia marcescens	not collected	OXFORD_NANOPORE	MinION	1008569013.0	138862.0	WGS	GENOMIC	SINGLE	nanopore sequencing of Seratia marcescens: clinical isolate
SRR14347924	SRX10701829	SRS8791701	SRP316763	PRJNA716667	Escherichia coli	0H24	OXFORD_NANOPORE	MinION	274612071.0	34159.0	WGS	GENOMIC	SINGLE	Whole genome sequencing of Escherichia coli isolates from beef
SRR18463418	SRX14595767	SRS12365301	SRP365681	PRJNA782605	Streptomyces kordofanensis	MRC013	OXFORD_NANOPORE	MinION	1107885376.0	310309.0	WGS	GENOMIC	SINGLE	WGS of Mycetoma strains isolated from patients in sudan.
ERR5984557	ERX5624253	ERS6796362	ERP129449	PRJEB45354	Escherichia coli		OXFORD_NANOPORE	GridION	105311326.0	13279.0	WGS	GENOMIC	SINGLE	GridION sequencing; Raw reads: ONT_30602_1#64
SRR31303451	SRX26681620	SRS23174476	SRP544363	PRJNA1133929	Bordetella pertussis	YW06	PACBIO_SMRT	Sequel IIe	3054821570.0	237927.0	WGS	GENOMIC	PAIRED	Genome sequencing for Bordetella pertussis
SRR25466901	SRX21199519	SRS18458348	SRP452337	PRJNA1000618	Escherichia coli	Escherichia coli BL21(DE3)	OXFORD_NANOPORE	MinION	6204584.0	4000.0	WGS	GENOMIC	SINGLE	CASTVK transposition with different condition
SRR22784510	SRX18744368	SRS16179640	SRP413484	PRJNA912639	Escherichia coli	EC_D_9226_3H1_D_CuP_CeP	OXFORD_NANOPORE	MinION	956718209.0	222327.0	WGS	GENOMIC	SINGLE	WGS of Escherichia coli
SRR33768961	SRX28991118	SRS22456215	SRP444583	PRJNA962904	Escherichia coli		PACBIO_SMRT	Sequel II	189183978.0	10064.0	WGS	GENOMIC	SINGLE	PacBio sequencing of AH0249HE1 for ARCH 2
ERR12508697	ERX11884745	ERS17744605	ERP153002	PRJEB67987	Mycobacterium tuberculosis		OXFORD_NANOPORE	MinION			WGS	GENOMIC	SINGLE	MinION sequencing
SRR631732	SRX209916	SRS429664	SRP017403	PRJNA182709	Streptomyces sp. PAMC 26508	PAMC 26508	PACBIO_SMRT	PacBio RS	187805069.0	132907.0	WGS	GENOMIC	SINGLE	Continuous Long Read
SRR10520602	SRX7205366	SRS5709772	SRP231881	PRJNA556438	Streptococcus pneumoniae	AUSMDU00010538	PACBIO_SMRT	PacBio RS II	3399626141.0	163482.0	WGS	GENOMIC	SINGLE	WGS of AUSMDU00010538: PacBio
SRR12298353	SRX8801714	SRS6792314	SRP266402	PRJNA605147	Citrobacter freundii	RHBSTW-00228	OXFORD_NANOPORE	GridION	550471474.0	114730.0	WGS	GENOMIC	SINGLE	OXFORD_NANOPORE sequencing of Citrobacter freundii isolate WTP3|T1-00228 cultured from WTP effluent sample
SRR19725659	SRX15772038	SRS13465513	SRP380112	PRJNA755511	Bacteroides ovatus	TLL-48-HuF2	OXFORD_NANOPORE	MinION	1585036337.0	208353.0	WGS	GENOMIC	SINGLE	Bacteroides kribbi TLL-48-HuF2
ERR10496818	ERX10014137	ERS14249011	ERP142629	PRJEB57633	Escherichia coli		OXFORD_NANOPORE	GridION	79827976.0	13069.0	WGS	GENOMIC	SINGLE	Raw reads: ONT_30602_2#329
ERR15094718	ERX14499320	ERS24813595	ERP119900	PRJEB36683	Klebsiella pneumoniae 11227-1		OXFORD_NANOPORE	PromethION	318138943.0	183451.0	WGS	GENOMIC	SINGLE	Raw reads: HKPB221_L
SRR30949816	SRX26352272	SRS22817261	SRP536567	PRJNA1165464	Escherichia coli	Not applicable	OXFORD_NANOPORE	MinION	183165388.0	41061.0	WGS	GENOMIC	SINGLE	Nanopore sequencing of E.coli: blood isolate
SRR32653544	SRX27957861	SRS9359021	SRP569638	PRJNA1234602	Listeria monocytogenes	PNUSAL010694	OXFORD_NANOPORE	PromethION	606050653.0	78359.0	WGS	GENOMIC	SINGLE	ONT of clinical Listeria monocytogenes from NY state surveillance
SRR13348941	SRX9774962	SRS7962416	SRP300211	PRJNA683049	Klebsiella quasipneumoniae	KqPF42	OXFORD_NANOPORE	MinION	807279006.0	125656.0	WGS	GENOMIC	SINGLE	Genome of Klebsiella quasipneumoniae KqPF42
ERR10491045	ERX10010356	ERS7104692	ERP109413	PRJEB27342	Klebsiella pneumoniae		PACBIO_SMRT	Sequel II	7973711713.0	1195022.0	WGS	GENOMIC	SINGLE	Sequel II sequencing
SRR32364857	SRX27699289	SRS21122708	SRP444583	PRJNA962904	Escherichia coli		PACBIO_SMRT	Sequel II	417617580.0	19550.0	WGS	GENOMIC	SINGLE	PacBio sequencing of AS26553C1 for ARCH 1.0
SRR21696650	SRX17694133	SRS14987385	SRP354045	PRJNA747871	Kitasatospora purpeofusca	NBC_00845	OXFORD_NANOPORE	MinION	633668654.0	70088.0	WGS	GENOMIC	SINGLE	nanopore sequencing data from strain NBC_00845
ERR14963528	ERX14367833	ERS24442602	ERP172371	PRJEB89345	Escherichia coli		OXFORD_NANOPORE	MinION	495294997.0	358349.0	WGS	GENOMIC	SINGLE	MinION sequencing
ERR15602688	ERX15005912	ERS26882956	ERP180185	PRJEB97707	Escherichia coli		OXFORD_NANOPORE	MinION	189483266.0	22481.0	WGS	GENOMIC	SINGLE	MinION sequencing
ERR2797089	ERX2806108	ERS2735151	ERP110894	PRJEB28660	Klebsiella pneumoniae		OXFORD_NANOPORE	MinION	338357116.0	41591.0	WGS	GENOMIC	SINGLE	MinION sequencing
ERR15693037	ERX15097238	ERS26984919	ERP181352	PRJEB99006	Mycoplasma mycoides subsp. capri str. GM12	GM12	PACBIO_SMRT	Revio	1777998723.0	181726.0	WGS	GENOMIC	SINGLE	Revio sequencing
SRR787463	SRX252673	SRS401419	SRP019218	PRJNA188139	Vibrio cholerae	2011EL-2319	PACBIO_SMRT	PacBio RS	303030256.0	81741.0	WGS	GENOMIC	SINGLE	2011EL-2319
ERR10357005	ERX9889121	ERS7159897	ERP109413	PRJEB27342	Klebsiella pneumoniae		PACBIO_SMRT	Sequel II	7243915958.0	1105960.0	WGS	GENOMIC	SINGLE	Sequel II sequencing
DRR538115	DRX521934	DRS397749	DRP011824	PRJDB17661	Enterocloster alcoholdehydrogenati	f13	PACBIO_SMRT	Sequel	78403815.0	5773.0	WGS	GENOMIC	SINGLE	Sequel single end sequencing of  SAMD00758965
SRR28375012	SRX23980030	SRS20104210	SRP395888	PRJNA812595	Klebsiella pneumoniae	2024CK-00033	OXFORD_NANOPORE	GridION	872343386.0	161681.0	WGS	GENOMIC	SINGLE	Nanopore sequencing of ARLN isolate
SRR26139048	SRX21852333	SRS18002753	SRP462527	PRJNA1019817	Escherichia coli	TUM2802	OXFORD_NANOPORE	MinION	281511723.0	42277.0	WGS	GENOMIC	SINGLE	WGS of Enterobacterales: Patient
SRR4408348	SRX2234717	SRS1714251	SRP090494	PRJNA344535	Delftia tsuruhatensis	CM13	PACBIO_SMRT	PacBio RS II	166969907.0	11810.0	WGS	GENOMIC	SINGLE	PACBIO of Delftia tsuruhatensis
ERR13298059	ERX12668921	ERS20274784	ERP161188	PRJEB76684	Citrobacter youngae		OXFORD_NANOPORE	MinION	115351638.0	79747.0	WGS	GENOMIC	SINGLE	MinION sequencing
SRR12299030	SRX8802183	SRS6792276	SRP266402	PRJNA605147	Escherichia coli	RHB38-C10	OXFORD_NANOPORE	GridION	805797631.0	227973.0	WGS	GENOMIC	SINGLE	OXFORD_NANOPORE sequencing of Escherichia coli isolate RH04|T3-C10 cultured from Pig faeces sample
SRR32398771	SRX27730914	SRS3409761	SRP150360	PRJNA475751	Clostridioides difficile	CD07982	OXFORD_NANOPORE	MinION	296558969.0	136448.0	WGS	GENOMIC	SINGLE	WGS sequencing of C. difficile
ERR15094623	ERX14499221	ERS24813697	ERP119900	PRJEB36683	Klebsiella pneumoniae 11227-1		OXFORD_NANOPORE	PromethION	330265763.0	114736.0	WGS	GENOMIC	SINGLE	Raw reads: RKPB087_L
SRR12298505	SRX8801562	SRS6792136	SRP266402	PRJNA605147	Escherichia coli	RHB02-C19	OXFORD_NANOPORE	GridION	1553786110.0	117696.0	WGS	GENOMIC	SINGLE	OXFORD_NANOPORE sequencing of Escherichia coli isolate RH02|T1-C19 cultured from Pig faeces sample
ERR8007933	ERX7573602	ERS9899463	ERP131998	PRJEB47698	Ureaplasma parvum		OXFORD_NANOPORE	MinION	855918563.0	346273.0	WGS	GENOMIC	SINGLE	MinION sequencing
SRR33811083	SRX29032521	SRS25248120	SRP589601	PRJNA1271504	Ferrigenium straubiae	KS	OXFORD_NANOPORE	PromethION	9622674544.0	8664524.0	WGS	GENOMIC	SINGLE	Nanopore long read sequencing of Ferrigenium straubiae strain KS: isolated pure strain KS
SRR30896364	SRX26299657	SRS22828378	SRP536878	PRJNA1134622	Escherichia coli	OXEC-299	OXFORD_NANOPORE	MinION	144419792.0	24803.0	WGS	GENOMIC	SINGLE	OXEC-299
SRR35213383	SRX30316975	SRS26363910	SRP615992	PRJNA1301220	Acinetobacter baumannii	ABO22-A187	OXFORD_NANOPORE	MinION	99998372.0	16681.0	WGS	GENOMIC	SINGLE	Whole geneme sequencing of Acinetobacter baumannii: isolates of the Ab-One study
SRR10271435	SRX6984648	SRS5508876	SRP225404	PRJNA574815	Bacteroides fragilis	DK1985	PACBIO_SMRT	Sequel	567727488.0	132487.0	WGS	GENOMIC	SINGLE	PacBio DNA-seq of Bacteroides fragilis: BF_1985
ERR10498908	ERX10016197	ERS14256224	ERP142629	PRJEB57633	Escherichia coli		OXFORD_NANOPORE	GridION	207053796.0	18064.0	WGS	GENOMIC	SINGLE	Raw reads: ONT_30602_2#354
SRR21415549	SRX17420331	SRS13526187	SRP361569	PRJNA768416	Geobacillus sp. FSL W8-0026		OXFORD_NANOPORE	MinION	1309657827.0	412669.0	WGS	GENOMIC	SINGLE	WGS of Bacilli
SRR29777287	SRX25277109	SRS21961026	SRP519287	PRJNA1134122	Listeria monocytogenes	N22-1996	OXFORD_NANOPORE	MinION	1011287161.0	251920.0	WGS	GENOMIC	SINGLE	Long read WGS of Listeria monocytogenes: isolate N22-1996
SRR19820641	SRX15864280	SRS13526035	SRP361569	PRJNA768416	Stenotrophomonas sp. FSL W7-1447		OXFORD_NANOPORE	MinION	283798682.0	119791.0	WGS	GENOMIC	SINGLE	WGS of Bacilli
SRR28466956	SRX24069884	SRS20860416	SRP498025	PRJNA616030	Vibrio cholerae	MWI/2016/21	OXFORD_NANOPORE	MinION	1930515692.0	226454.0	WGS	GENOMIC	SINGLE	Oxford Nanopore sequencing of Vibrio cholerae
ERR15195418	ERX14601092	ERS25142002	ERP160948	PRJEB76420	Escherichia coli		OXFORD_NANOPORE	MinION			WGS	GENOMIC	SINGLE	MinION sequencing
SRR5881896	SRX3048327	SRS2395108	SRP114307	PRJNA340534	Fibrobacter intestinalis	NR9	PACBIO_SMRT	PacBio RS II	223102538.0	172882.0	WGS	GENOMIC	SINGLE	Fibrobacter sp. NR9
SRR30949687	SRX26352099	SRS22817104	SRP536567	PRJNA1165464	Escherichia coli	Not applicable	OXFORD_NANOPORE	MinION	459746599.0	81203.0	WGS	GENOMIC	SINGLE	Nanopore sequencing of E.coli: blood isolate
SRR389230	SRX032453	SRS140102	SRP004712	PRJNA61297	Vibrio cholerae O1 biovar El Tor		PACBIO_SMRT	PacBio RS	91920322.0	60667.0	WGS	GENOMIC	SINGLE	Sequencing for M4 (Bangladesh, 2008)
SRR6799375	SRX3758128	SRS3013401	SRP133836	PRJNA316321	Pseudomonas aeruginosa		PACBIO_SMRT	PacBio RS	2794157247.0	163482.0	WGS	GENOMIC	SINGLE	
ERR13600333	ERX12971356	SRS16422167	SRP416981	PRJNA922900	Klebsiella variicola subsp. variicola	Kpn4591	OXFORD_NANOPORE	GridION	1175441533.0	43490.0	WGS	GENOMIC	SINGLE	GridION sequencing
SRR22163772	SRX18142653	SRS15644105	SRP405998	PRJNA825109	Treponema pallidum subsp. pallidum	TpN-CL3	PACBIO_SMRT	Sequel	122809828.0	23177.0	WGS	GENOMIC	SINGLE	CCS WGS T. pallidum clone TpN-CL3
ERR15191357	ERX14596984	ERS25135727	ERP160948	PRJEB76420	Escherichia coli		OXFORD_NANOPORE	MinION			WGS	GENOMIC	SINGLE	MinION sequencing
SRR36388046	SRX31416413	SRS27399766	SRP653897	PRJNA1378463	Klebsiella pneumoniae	#2190	OXFORD_NANOPORE	MinION	354625555.0	77111.0	WGS	GENOMIC	SINGLE	WGS of Klebsiella pneumoniae ST307 and ST5994: clinical isolates from Cantabria (Spain)
SRR9663118	SRX6423992	SRS5080759	SRP213969	PRJNA536279	Microbacterium sp. SLBN-1	SLBN-1	PACBIO_SMRT	Sequel	584169855.0	111611.0	WGS	GENOMIC	SINGLE	Microbacterium sp. SLBN-1
SRR29090067	SRX24614189	SRS20238703	SRP395888	PRJNA812595	Pseudomonas kurunegalensis	2024CK-00038	OXFORD_NANOPORE	GridION	1154040507.0	157899.0	WGS	GENOMIC	SINGLE	Nanopore sequencing of ARLN isolate
SRR19548071	SRX15600154	SRS13301134	SRP378656	PRJNA844881	Photobacterium sp. S17_bc13	S17_bc13	OXFORD_NANOPORE	PromethION	527422163.0	108516.0	WGS	GENOMIC	SINGLE	Whole Genomic sequencing of Bacteria: Salmon gut
SRR34973365	SRX30092446	SRS26157523	SRP608514	PRJNA1305037	Klebsiella pneumoniae	MI_KPC_955	OXFORD_NANOPORE	PromethION	311755387.0	67709.0	WGS	GENOMIC	SINGLE	KPC CRE collection from state of Michigan
SRR13576849	SRX9974958	SRS8147103	SRP303790	PRJNA685966	Staphylococcus pseudintermedius	HSP140	OXFORD_NANOPORE	MinION	774805471.0	243092.0	WGS	GENOMIC	SINGLE	Long-read genomic sequencing of Staphylococcus pseudintermedius from canine skin
ERR3956273	ERX3964078	ERS3052907	ERP113355	PRJEB30866	Escherichia coli		PACBIO_SMRT	Sequel	2395280931.0	543705.0	WGS	GENOMIC	SINGLE	Sequel sequencing
SRR5829681	SRX3007027	SRS1832420	SRP094480	PRJNA279196	Bordetella pertussis	H637	PACBIO_SMRT	PacBio RS II	1096209248.0	163482.0	WGS	GENOMIC	SINGLE	
SRR23347630	SRX19289403	SRS16690584	SRP421131	PRJNA931653	Escherichia coli K-12	K-12	OXFORD_NANOPORE	GridION	24594866.0	4000.0	WGS	GENOMIC	SINGLE	Nanopore sequencing of Ciprofloxacin challenged E. coli
SRR13192526	SRX9626933	SRS7827983	SRP295672	PRJNA681856	Salmonella enterica	LHICA_E1	OXFORD_NANOPORE	MinION	16089720.0	4000.0	WGS	GENOMIC	SINGLE	WGS of Salmonella enterica Lhica E49
SRR4177433	SRX2142031	ERS1460861	SRP086917	PRJNA303684	Micromonospora purpureochromogenes	DSM 43821	PACBIO_SMRT	PacBio RS	1076310975.0	268307.0	WGS	GENOMIC	SINGLE	Micromonospora purpureochromogenes DSM 43821
SRR27180077	SRX22860370	SRS19835777	SRP477403	PRJNA1049513	Vibrio sp. PBL-C16	PBL-C16	OXFORD_NANOPORE	MinION	1360882.0	214.0	WGS	GENOMIC	SINGLE	Vibrio sp. PBL-C16 Genome sequencing and assembly
ERR10367346	ERX9899277	ERS710895	SRP272326	PRJNA646837	Klebsiella pneumoniae	INF151	OXFORD_NANOPORE	MinION	858124974.0	127127.0	WGS	GENOMIC	SINGLE	MinION sequencing
SRR24139794	SRX19938611	SRS17287320	SRP247747	PRJNA604975	Escherichia coli	ox_bsi_40	OXFORD_NANOPORE	GridION	128803438.0	36490.0	WGS	GENOMIC	SINGLE	oxford_bsi
ERR15195383	ERX14601057	ERS25142009	ERP160948	PRJEB76420	Escherichia coli		OXFORD_NANOPORE	MinION			WGS	GENOMIC	SINGLE	MinION sequencing
SRR10064710	SRX6798536	SRS5340864	SRP220226	PRJNA539822	Arthrobacter sp. KBS0702	KBS0702	OXFORD_NANOPORE	MinION	405532028.0	42205.0	WGS	GENOMIC	SINGLE	Nanopore sequencing
ERR1456742	ERX1527220	ERS1092523	ERP005928	PRJEB6403	Legionella pneumophila	NCTC12181	PACBIO_SMRT	PacBio RS	873384819.0	163482.0	WGS	GENOMIC	SINGLE	PacBio RS sequencing
DRR572527	DRX555994	DRS426383	DRP012251	PRJDB17574	Escherichia coli	YK-IS1MA-L04-4_G08	OXFORD_NANOPORE	MinION	68955945.0	5536.0	WGS	GENOMIC	SINGLE	nanopore-seq of SAMD00748200 L04-4_G8
SRR2056988	SRX1053796	SRS956600	SRP043214	PRJNA252728	Pseudomonas aeruginosa	missing	PACBIO_SMRT	PacBio RS II	1027738921.0	163482.0	WGS	GENOMIC	SINGLE	PacBio RSII Sequencing Data for NIST RM 8377 Pseudomonsa aeruginosa
SRR14871198	SRX11188620	SRS9244921	SRP324862	PRJNA736470	Streptococcus equi subsp. equi	SEE_19-030	PACBIO_SMRT	Sequel	1060148044.0	175022.0	WGS	GENOMIC	SINGLE	PacBio whole genome sequencing of Streptococcu equi
SRR26643264	SRX22343569	SRS18606344	SRP395888	PRJNA812595	Escherichia coli	PNUSAE147324	OXFORD_NANOPORE	GridION	630674197.0	135864.0	WGS	GENOMIC	SINGLE	Nanopore sequencing of PULSENET isolate
SRR35197239	SRX30301056	SRS17947848	SRP442216	PRJNA708450	Catenuloplanes indicus	DSM 44709	PACBIO_SMRT	Sequel II	367088823.0	78104.0	WGS	GENOMIC	SINGLE	Catenuloplanes indicus DSM 44709
SRR23755936	SRX19607156	SRS16987442	SRP426364	PRJNA938278	Klebsiella pneumoniae	AUH_KP_2022_1	OXFORD_NANOPORE	MinION	1523627766.0	147064.0	WGS	GENOMIC	SINGLE	Different carbepenemase producing organisms found in one single patient - Klebsiella pneumoniae
DRR595946	DRX576493	DRS450864	DRP012748	PRJDB16905	Micrococcus luteus	1F2-TY2	OXFORD_NANOPORE	MinION	617689971.0	42884.0	WGS	GENOMIC	SINGLE	MinION sequencing of SAMD00653966
SRR386234	SRX109866	SRS002782	SRP001679	PRJNA32483	Fusobacterium animalis 7_1	7_1	PACBIO_SMRT	PacBio RS	76776683.0	81741.0	WGS	GENOMIC	SINGLE	Whole Genome Sequencing and Assembly
SRR29099098	SRX24623050	SRS21135509	SRP395888	PRJNA812595	Klebsiella pneumoniae	2024CK-00533	OXFORD_NANOPORE	GridION	950256015.0	135587.0	WGS	GENOMIC	SINGLE	Nanopore sequencing of ARLN isolate
SRR12298713	SRX8801864	SRS6792512	SRP266402	PRJNA605147	Citrobacter sp. RHBSTW-00570	RHBSTW-00570	OXFORD_NANOPORE	GridION	1106998763.0	241385.0	WGS	GENOMIC	SINGLE	OXFORD_NANOPORE sequencing of Citrobacter sp. isolate WTP1|T2-00570 cultured from WTP downstream sample
SRR14628235	SRX10968938	SRS8660061	SRP321015	PRJNA731114	Pseudomonas aeruginosa	PaLo419	OXFORD_NANOPORE	MinION	968422937.0	129405.0	WGS	GENOMIC	SINGLE	Nanopore sequencing of Pseudomonas aeruginosa isolates
SRR3820489	SRX1922086	SRS1551570	SRP078178	PRJNA215343	Pelobacter seleniigenes DSM 18267	DSM 18267	PACBIO_SMRT	PacBio RS	276736443.0	120410.0	WGS	GENOMIC	SINGLE	Pelobacter seleniigenes DSM 18267
SRR24918237	SRX20679021	SRS17875847	SRP338930	PRJNA766641	Mycobacterium tuberculosis	IDR 2200025030	OXFORD_NANOPORE	MinION	57407223.0	45983.0	WGS	GENOMIC	SINGLE	MinION sequencing of TB isolates
SRR33769493	SRX28991869	SRS22456311	SRP444583	PRJNA962904	Escherichia coli		PACBIO_SMRT	Sequel II	1118455003.0	78002.0	WGS	GENOMIC	SINGLE	PacBio sequencing of AH0197HE2 for ARCH 2
ERR11262551	ERX10670049	ERS14949158	ERP144617	PRJEB59568	Staphylococcus aureus		OXFORD_NANOPORE	GridION	140567786.0	31241.0	WGS	GENOMIC	SINGLE	GridION sequencing
SRR386601	SRX109819	SRS004883	SRP001079	PRJNA40077	Cereibacter sphaeroides 2.4.1	2.4.1	PACBIO_SMRT	PacBio RS	75095950.0	60961.0	WGS	GENOMIC	SINGLE	Whole Genome Sequencing and Assembly
SRR28434842	SRX24038572	SRS20831694	SRP497546	PRJNA1091452	Klebsiella pneumoniae	KP16-PS	OXFORD_NANOPORE	MinION	760370208.0	104614.0	WGS	GENOMIC	SINGLE	ONT performance study sequencing of K. pneumoniae
DRR704753	DRX684786	DRS487172	DRP013557	PRJDB18009	Escherichia coli	K10737	OXFORD_NANOPORE	MinION	919699269.0	81140.0	WGS	GENOMIC	SINGLE	MinION sequencing of SAMD00771147
ERR2532115	ERX2550544	ERS2402890	ERP005928	PRJEB6403	Klebsiella aerogenes	NCTC11677	PACBIO_SMRT	PacBio RS	1074057096.0	163482.0	WGS	GENOMIC	SINGLE	PacBio RS sequencing
SRR32204074	SRX27545737	SRS23960614	SRP561120	PRJNA1214876	Ekhidna algicida	To15	OXFORD_NANOPORE	MinION	33324150.0	4000.0	WGS	GENOMIC	SINGLE	Ekhidna algicida strain To15 genome
SRR21415987	SRX17420501	SRS12115042	SRP361569	PRJNA768416	Lysinibacillus sp. FSL K6-0057	FSL K6-0057	OXFORD_NANOPORE	MinION	190080755.0	36000.0	WGS	GENOMIC	SINGLE	WGS of Bacilli
SRR34410520	SRX29574038	SRS25698304	SRP598841	PRJNA1287288	Escherichia coli	AH19A017	OXFORD_NANOPORE	MinION	234752125.0	26263.0	WGS	GENOMIC	SINGLE	R10.4.1 WGS of bacterial isolate for accuracy benchmarking
SRR15415602	SRX11717481	SRS9747932	SRP332089	PRJNA528413	Escherichia coli O157:H7	7636	PACBIO_SMRT	PacBio RS II	2144231032.0	163482.0	WGS	GENOMIC	SINGLE	Genome sequencing of E. coli O157:H7 and O55:H7 strains
SRR13313404	SRX9741290	SRS7929364	SRP298364	PRJNA683658	Salmonella enterica subsp. enterica serovar Heidelberg	OG8-05A	PACBIO_SMRT	Sequel II	1025844663.0	114392.0	WGS	GENOMIC	SINGLE	Whole genome sequencing of Salmonella enterica Heidelberg isolated from 2-week old broiler chicken cecum
SRR1202754	SRX499254	SRS579215	SRP040320	PRJNA212450	Anaplasma phagocytophilum	HGE1 mutant	PACBIO_SMRT	PacBio RS	1951584581.0	163482.0	WGS	GENOMIC	SINGLE	
SRR29778945	SRX25278935	SRS21698310	SRP418402	PRJNA925803	Streptococcus dysgalactiae subsp. equisimilis	MGCS36028	OXFORD_NANOPORE	GridION	241689732.0	169440.0	WGS	GENOMIC	SINGLE	WGS of Streptococcus dysgalactiae subsp. equisimilis
SRR25466965	SRX21199960	SRS18458351	SRP452337	PRJNA1000618	Escherichia coli	Escherichia coli BL21(DE3)	OXFORD_NANOPORE	MinION	13499339.0	4000.0	WGS	GENOMIC	SINGLE	CASTVK transposition with different condition
SRR5482570	SRX2765952	SRS2150039	SRP105274	PRJNA383048	Mycoplasmopsis bovis	Ningxia-1	PACBIO_SMRT	PacBio RS II	4097992034.0	163482.0	WGS	GENOMIC	SINGLE	Mycoplasma bovis Ningxia-1 Genome sequencing
SRR27033036	SRX22724869	SRS19713959	SRP475561	PRJNA1047501	Escherichia coli	58882_lr	OXFORD_NANOPORE	MinION	139193104.0	37228.0	WGS	GENOMIC	SINGLE	Enterobacterales isolated from water
SRR32636993	SRX27941640	SRS24307911	SRP253329	PRJNA613441	Pseudomonas	aeruginosa	OXFORD_NANOPORE	MinION	289215208.0	105685.0	WGS	GENOMIC	SINGLE	Clinical Carbapenem-Resistant Isolate in Lebanese Hospitals
SRR35504466	SRX30580360	SRS26609537	SRP616549	PRJNA1314197	Mycobacterium tuberculosis	not applicable	OXFORD_NANOPORE	GridION	1552998703.0	704065.0	WGS	GENOMIC	SINGLE	WGS of M. tb from culture, Kit-Ligation prep, Sample BC06
SRR27591470	SRX23260309	SRS20162286	SRP483422	PRJNA1064157	Agrobacterium fabrum	JC2140	PACBIO_SMRT	Sequel II	13168775632.0	1253390.0	WGS	GENOMIC	SINGLE	DNA of Agrobacterium fabrum: C58 strain with dicentric chromosome
SRR35148507	SRX30254137	SRS26305945	SRP613346	PRJNA695740	Arthrobacter sp. PvP023	PvP023	PACBIO_SMRT	Sequel II	4918127.0	552.0	WGS	GENOMIC	SINGLE	Arthrobacter sp. PvP023
SRR33388012	SRX28630903	SRS24901914	SRP582414	PRJNA1199983	Glaesserella parasuis	LSR002	OXFORD_NANOPORE	MinION	603132603.0	115378.0	WGS	GENOMIC	SINGLE	WGS of Glaesserella parasuis
SRR11620704	SRX8184837	SRS5968844	SRP064275	PRJNA258022	Campylobacter jejuni	CFSAN096297	OXFORD_NANOPORE	MinION	117643697.0	7953.0	WGS	GENOMIC	SINGLE	Complete Genome Sequences of 17 clinical Campylobacter jejuni strains from Chile
SRR30399101	SRX25825319	SRS22234505	SRP523834	PRJNA1143383	Bradyrhizobium	63_E2_N1_1	OXFORD_NANOPORE	PromethION	1185341605.0	325121.0	WGS	GENOMIC	SINGLE	Bradyrhizobium sp. 63_E2_N1_1 nanopore genome sequencing
SRR8180796	SRX5000867	SRS4035604	SRP040661	PRJNA231221	Burkholderia cenocepacia	FDAARGOS_545	PACBIO_SMRT	PacBio RS	1701620577.0	163482.0	WGS	GENOMIC	SINGLE	
SRR15989011	SRX12277856	SRS9998800	SRP357537	PRJNA801416	Klebsiella pneumoniae	E199	OXFORD_NANOPORE	GridION	1588085196.0	167738.0	WGS	GENOMIC	SINGLE	Whole Genome Sequencing of Carbapenemase-producing Enterobacterales (CPE)
SRR32219481	SRX27559738	SRS23973350	SRP561405	PRJNA1213706	Bacillus subtilis	BS18-1	OXFORD_NANOPORE	MinION	1542628857.0	317988.0	WGS	GENOMIC	SINGLE	BS18-1
SRR7265363	SRX4169459	SRS3381404	SRP149821	PRJNA472986	Rhizobium leguminosarum	ATCC 14479	PACBIO_SMRT	PacBio RS	207958450.0	163482.0	WGS	GENOMIC	SINGLE	
SRR13380383	SRX9803187	SRS7987475	SRP300808	PRJNA649533	Salmonella enterica		OXFORD_NANOPORE	GridION	631725967.0	113297.0	WGS	GENOMIC	SINGLE	ISF salmonella
DRR700006	DRX680103	DRS481843	DRP013430	PRJDB20146	Escherichia coli		OXFORD_NANOPORE	MinION	67464600.0	10410.0	WGS	GENOMIC	SINGLE	MinION sequencing of SAMD01239063
SRR28335543	SRX23943705	SRS20745606	SRP495061	PRJNA1083468	Homo sapiens		OXFORD_NANOPORE	MinION	952968058.0	375619.0	WGS	GENOMIC	SINGLE	Nanopore sequencing of Shigella-infected T84 colon cells: 4h BrdU incorporation
ERR1749756	ERX1818936	ERS1457003	ERP005928	PRJEB6403	Streptococcus pyogenes	NCTC8304	PACBIO_SMRT	PacBio RS	1534934531.0	163482.0	WGS	GENOMIC	SINGLE	PacBio RS sequencing
SRR35667901	SRX30719815	SRS26737331	SRP629550	PRJNA1336231	Pseudomonas chlororaphis subsp. aureofaciens	ATCC 13985_hcn_operon_deletion	OXFORD_NANOPORE	GridION	249945326.0	40390.0	WGS	GENOMIC	SINGLE	Whole genome sequence of Pseudomonas chlororaphis subsp. aureofaciens ATCC 13985; hcn operon deletion
SRR23033059	SRX18987758	SRS16376969	SRP413032	PRJNA906522	Pseudomonas aeruginosa	Paer48	OXFORD_NANOPORE	MinION	55773157.0	11082.0	WGS	GENOMIC	SINGLE	Long read sequencing of Pseudomonas aeruginosa Paer48
SRR24474990	SRX20261238	SRS17592035	SRP436581	PRJNA967113	Klebsiella michiganensis	CPO282	OXFORD_NANOPORE	MinION	396212587.0	20209.0	WGS	GENOMIC	SINGLE	WGS of bacterial isolate possessing blaNDM carbapenemase
SRR29816457	SRX25315634	SRS16968687	SRP426074	PRJNA941188	Bacillus subtilis	PRO117	OXFORD_NANOPORE	GridION	394834602.0	62858.0	WGS	GENOMIC	SINGLE	WGS of Bacillus subtilis: cell culture
SRR18729592	SRX14829775	SRS12585764	SRP369762	PRJNA825705	Klebsiella pneumoniae	ST-2096	OXFORD_NANOPORE	MinION	685465073.0	115370.0	WGS	GENOMIC	SINGLE	ONT sequencing of Klebsiella pneumoniae: sample KLPN-M2293
SRR30694576	SRX26112095	SRS22621689	SRP503470	PRJNA833906	Mycobacterium tuberculosis	L1.3.2	OXFORD_NANOPORE	MinION	331638248.0	108624.0	WGS	GENOMIC	SINGLE	WGS of Mycobacterium tuberculosis: clinical isolate
SRR13192507	SRX9626952	SRS7827983	SRP295672	PRJNA681856	Salmonella enterica	LHICA_E1	OXFORD_NANOPORE	MinION	13852161.0	4000.0	WGS	GENOMIC	SINGLE	WGS of Salmonella enterica Lhica E67
DRR287323	DRX276780	DRS318052	DRP010345	PRJDB10714	Annamia dubia NIES-4383	NIES-4383	OXFORD_NANOPORE	MinION	16404392.0	4000.0	WGS	GENOMIC	SINGLE	Annamia_sp_61
SRR13978069	SRX10355630	SRS8473870	SRP310894	PRJNA384178	Xanthomonas citri pv. phaseoli var. fuscans	CFBP6991	PACBIO_SMRT	PacBio RS II	1145677093.0	163482.0	WGS	GENOMIC	SINGLE	CFBP6991 PacBio genome sequencing
ERR3265029	ERX3291673	ERS3355738	ERP114602	PRJEB31984	Escherichia coli		PACBIO_SMRT	PacBio RS II	320456398.0	98058.0	WGS	GENOMIC	SINGLE	PacBio RS II sequencing
SRR22891206	SRX18849017	SRS16280325	SRP414801	PRJNA915757	Kalanchoe blossfeldiana		OXFORD_NANOPORE	MinION	10470997050.0	1911337.0	WGS	GENOMIC	SINGLE	Kalanchoe blossfeldiana genomic nanopore
SRR9221373	SRX5992013	SRS4897151	SRP191068	PRJNA528511	Escherichia coli	GTEN_43	OXFORD_NANOPORE	GridION	1403291908.0	326866.0	WGS	GENOMIC	SINGLE	Global TravEpiNet AMR surveillance Genome sequencing and assembly
SRR19519918	SRX15572389	SRS13275249	SRP378127	PRJNA819273	Staphylococcus aureus	IVB6169	PACBIO_SMRT	Sequel II	1215229371.0	101384.0	WGS	GENOMIC	SINGLE	PacBio Sequel sequencing of camel Staphylococcaceae from the Horn of Africa
SRR15140948	SRX11448537	SRS9488523	SRP295672	PRJNA681856	Salmonella enterica subsp. arizonae	LHICA_AZ23	OXFORD_NANOPORE	MinION	26039071.0	4000.0	WGS	GENOMIC	SINGLE	Salmonella AZ23
SRR29777156	SRX25277240	SRS21961057	SRP519287	PRJNA1134122	Listeria monocytogenes	N21-0276	OXFORD_NANOPORE	MinION	417744525.0	81094.0	WGS	GENOMIC	SINGLE	Long read WGS of Listeria monocytogenes: isolate N21-0276
SRR22190680	SRX18169144	SRS15668433	SRP385218	PRJNA856428	Escherichia coli	Ecoli_del500_sim_nano	OXFORD_NANOPORE	PromethION	748800806.0	49917.0	WGS	GENOMIC	SINGLE	Nanopore sequncing of Escherichia coli str. K12 substr. MG1655: simulated data
SRR31913664	SRX27271649	SRS23715288	SRP555766	PRJNA1207476	Rossellomorea marisflavi	CCAH4	OXFORD_NANOPORE	MinION	419333730.0	74466.0	WGS	GENOMIC	SINGLE	Long Read-Seq of H. boergesenii Isolate
ERR9516997	ERX9058536	ERS2651216	ERP104475	PRJEB22771	Streptococcus pneumoniae		PACBIO_SMRT	Sequel II	427894097.0	67026.0	WGS	GENOMIC	SINGLE	Sequel II sequencing
SRR1029823	SRX377636	SRS502437	SRP033006	PRJNA212446	Rickettsia amblyommatis str. Ac/Pa	Ac/Pa	PACBIO_SMRT	PacBio RS	289805841.0	163482.0	WGS	GENOMIC	SINGLE	
SRR36067876	SRX31114048	SRS27072671	SRP644837	PRJNA1364846	Escherichia coli	GPT22-004	OXFORD_NANOPORE	GridION	91173735.0	22788.0	WGS	GENOMIC	SINGLE	Escherchia coli, DBT kit, 36-plex and 200 ng DNA, replicate 7
SRR21079302	SRX17094268	SRS14671498	SRP334835	PRJNA754843	Staphylococcus aureus	SCAID OTT1-2022 (150)	PACBIO_SMRT	Sequel	966486449.0	109352.0	WGS	GENOMIC	SINGLE	Whole-genome sequencing of Staphylococcus aureus: clinical isolate
SRR21131525	SRX17143805	SRS14716474	SRP392938	PRJNA672949	Xylella fastidiosa subsp. multiplex	Red Oak 8	OXFORD_NANOPORE	MinION			WGS	GENOMIC	SINGLE	Oxford Nanopore native genomic DNA of Xylella fastidiosa strain Red Oak 8
SRR19858345	SRX15901915	SRS13590464	SRP383692	PRJNA853172	Escherichia coli		OXFORD_NANOPORE	MinION	47312805.0	20211.0	WGS	GENOMIC	SINGLE	Long read sequencing of MDR E. coli from Laos
SRR9722900	SRX6480308	SRS5130372	SRP215816	PRJNA470993	Staphylococcus aureus	pt281	PACBIO_SMRT	PacBio RS II	1320219830.0	172734.0	WGS	GENOMIC	SINGLE	WGS of Staphylococcus aureus
SRR1740557	SRX808300	SRS789602	SRP051126	PRJNA259791	Klebsiella pneumoniae	6234	PACBIO_SMRT	PacBio RS	797444319.0	163482.0	WGS	GENOMIC	SINGLE	
SRR9001305	SRX5780077	SRS3932924	SRP165734	PRJNA496461	Klebsiella pneumoniae	KLPN_162	OXFORD_NANOPORE	GridION			WGS	GENOMIC	SINGLE	nanopore seq of klebsiella pneumoniae
SRR27972700	SRX23625753	SRS20466027	SRP489819	PRJNA1076692	Klebsiella pneumoniae	RIVM_C055123_dorado	OXFORD_NANOPORE	MinION	165427362.0	45260.0	WGS	GENOMIC	SINGLE	RIVM_C055123_dorado
SRR32370112	SRX27704558	SRS24099056	SRP564386	PRJNA1224596	Klebsiella pneumoniae	K-1030	OXFORD_NANOPORE	MinION	323445934.0	64662.0	WGS	GENOMIC	SINGLE	Long read WGS of Klebsiella pneumoniae: isolate K-1030
SRR34973183	SRX30093040	SRS26157936	SRP608514	PRJNA1305037	Klebsiella pneumoniae	MI_KPC_882	OXFORD_NANOPORE	PromethION	500000277.0	63126.0	WGS	GENOMIC	SINGLE	KPC CRE collection from state of Michigan
ERR9516998	ERX9058537	ERS2651242	ERP104475	PRJEB22771	Streptococcus pneumoniae		PACBIO_SMRT	Sequel II	195553328.0	30916.0	WGS	GENOMIC	SINGLE	Sequel II sequencing
SRR26205254	SRX21916326	SRS19001468	SRP250705	PRJNA607328	Vibrio natriegens	14048	PACBIO_SMRT	PacBio RS II	1466852618.0	297043.0	WGS	GENOMIC	SINGLE	Vibrio natriegens FELIX_MS466 PacBio
ERR4180610	ERX4144032	ERS4591568	ERP121985	PRJEB38543	Escherichia coli	Ec12_q10	OXFORD_NANOPORE	MinION	882711477.0	74862.0	WGS	GENOMIC	SINGLE	MinION sequencing
SRR8752530	SRX5543435	SRS4509105	SRP188851	PRJNA523365	Mycobacterium avium complex sp.	JHN_AV_MAC104	OXFORD_NANOPORE	GridION	307653181.0	254782.0	WGS	GENOMIC	SINGLE	Sequencing of non-tuberculosis mycobacteria
SRR7252658	SRX4157380	SRS1256917	SRP068738	PRJNA292900	Providencia rettgeri	AR_0082	PACBIO_SMRT	PacBio RS II	2369758758.0	163482.0	WGS	GENOMIC	SINGLE	PacBio SMRT Sequencing of Providencia rettgeri FDA-CDC-AR_0082 Genomic Library
ERR2532126	ERX2550555	ERS2016157	ERP005928	PRJEB6403	Yersinia pestis		PACBIO_SMRT	PacBio RS	2515458838.0	163482.0	WGS	GENOMIC	SINGLE	PacBio RS sequencing
SRR8984807	SRX5764071	SRS4698531	SRP040661	PRJNA231221	Chryseobacterium indologenes	FDAARGOS_648	PACBIO_SMRT	PacBio RS	376631474.0	163482.0	WGS	GENOMIC	SINGLE	
ERR3427693	ERX3451130	ERS2793718	ERP111477	PRJEB29197	Mycobacterium tuberculosis		PACBIO_SMRT	PacBio RS	1469500264.0	163482.0	WGS	GENOMIC	SINGLE	PacBio RS sequencing
SRR16775481	SRX12974676	SRS10915511	SRP215816	PRJNA470993	Staphylococcus aureus		PACBIO_SMRT	PacBio RS II	1249638599.0	158625.0	WGS	GENOMIC	SINGLE	WGS of Staphylococcus aureus
SRR32184225	SRX27529349	SRS16968666	SRP426074	PRJNA941188	Priestia megaterium	DSM 3228	OXFORD_NANOPORE	GridION	1127832307.0	190173.0	WGS	GENOMIC	SINGLE	WGS of Priestia megaterium: cell culture
ERR1246955	ERX1318893	ERS945391	ERP010683	PRJEB9562	Salmonella sp.		PACBIO_SMRT	PacBio RS	2221191958.0	163482.0	WGS	GENOMIC	SINGLE	PacBio RS sequencing
SRR710262	SRX228396	SRS416709	SRP021604	PRJNA88849	Enterococcus asini ATCC 700915	ATCC 700915	PACBIO_SMRT	PacBio RS	80355995.0	81741.0	WGS	GENOMIC	SINGLE	Pacbio whole genome shotgun sequencing of genomic DNA library 'PACBIO-321' containing sample 'ATCC700915' from individual 'Enterococcus asini ATCC700915'
SRR13957684	SRX10335993	SRS8455537	SRP300861	PRJNA663900	Enterococcus sp. DIV0682	DIV0682	OXFORD_NANOPORE	GridION	137259320.0	33019.0	WGS	GENOMIC	SINGLE	sequencing of enterococcal diversity
SRR32398743	SRX27730942	SRS3410169	SRP150360	PRJNA475751	Clostridioides difficile	CD07802	OXFORD_NANOPORE	MinION	151149654.0	90887.0	WGS	GENOMIC	SINGLE	WGS sequencing of C. difficile
ERR15652515	ERX15057233	ERS25268112	ERP176907	PRJEB94028	Mycolicibacterium monacense		OXFORD_NANOPORE	PromethION	4320963165.0	1910905.0	WGS	GENOMIC	SINGLE	PromethION sequencing
SRR31253822	SRX26633241	SRS23128515	SRP543620	PRJNA1182796	Stenotrophomonas maltophilia	B28B	OXFORD_NANOPORE	MinION	413510094.0	62843.0	WGS	GENOMIC	SINGLE	Long read sequence of host bacteria
SRR35986575	SRX31035865	SRS27025772	SRP643617	PRJNA816151	Enterobacter sp. I4	I4	PACBIO_SMRT	Revio	65914697.0	9614.0	WGS	GENOMIC	SINGLE	Whole-genome sequencing of Enterobacter cloacae I4
SRR13575496	SRX9973366	SRS8145954	SRP303741	PRJNA695586	Streptococcus pyogenes	M4C20	OXFORD_NANOPORE	MinION	2763336.0	4000.0	WGS	GENOMIC	SINGLE	Whole genome sequence of Streptococcus pyogenes strain M4C20
ERR2722109	ERX2735882	ERS2632346	ERP110210	PRJEB28046	Campylobacter jejuni subsp. jejuni NCTC 11168 = ATCC 700819		OXFORD_NANOPORE	MinION	1919325543.0	288320.0	WGS	GENOMIC	SINGLE	MinION sequencing
SRR13575587	SRX9973664	SRS8145954	SRP303741	PRJNA695586	Streptococcus pyogenes	M4C20	OXFORD_NANOPORE	MinION	2930293.0	4000.0	WGS	GENOMIC	SINGLE	Whole genome sequence of Streptococcus pyogenes strain M4C20
DRR260916	DRX250619	DRS166623	DRP006832	PRJDB10900	Alteromonas sp. KC14	KC14	OXFORD_NANOPORE	MinION	110879242.0	14641.0	WGS	GENOMIC	SINGLE	MinION sequencing of SAMD00262791
ERR10498409	ERX10015698	ERS14255439	ERP142629	PRJEB57633	Escherichia coli		OXFORD_NANOPORE	GridION	99808377.0	8375.0	WGS	GENOMIC	SINGLE	Raw reads: ONT_30345_1#309
SRR19357528	SRX15416273	SRS12115361	SRP361569	PRJNA768416	Paenibacillus sp. FSL P4-0338	FSL P4-0338	OXFORD_NANOPORE	MinION	424583471.0	214569.0	WGS	GENOMIC	SINGLE	WGS of Bacilli
SRR21415942	SRX17420546	SRS13526155	SRP361569	PRJNA768416	Bacillus sp. FSL W8-0183	FSL W8-0183	OXFORD_NANOPORE	MinION	452311858.0	129143.0	WGS	GENOMIC	SINGLE	WGS of Bacilli
SRR8859065	SRX5646535	SRS4592131	SRP191068	PRJNA528511	Escherichia coli	GTEN_233	OXFORD_NANOPORE	GridION	1627623587.0	148375.0	WGS	GENOMIC	SINGLE	Global TravEpiNet AMR surveillance Genome sequencing and assembly
SRR26131786	SRX21845202	SRS18943256	SRP462329	PRJNA1016923	Streptomyces ambofaciens	SAI-165	PACBIO_SMRT	Sequel IIe	414853153.0	49122.0	WGS	GENOMIC	SINGLE	Streptomyces ambofaciens SAI-165
SRR12299057	SRX8802156	SRS6792757	SRP266402	PRJNA605147	Escherichia coli	RHBSTW-00946	OXFORD_NANOPORE	GridION	1196768664.0	331783.0	WGS	GENOMIC	SINGLE	OXFORD_NANOPORE sequencing of Escherichia coli isolate WTP1|T3-00946 cultured from WTP effluent sample
SRR21820699	SRX17809939	SRS15334068	SRP401235	PRJNA269449	Xanthomonas oryzae pv. oryzae	IXO97	OXFORD_NANOPORE	MinION	1346581514.0	128285.0	WGS	GENOMIC	SINGLE	Complete genome sequence of Xanthomonas oryzae pv. oryzae IXO97
SRR787478	SRX252688	SRS401434	SRP019218	PRJNA188139	Vibrio cholerae	2011EL-2321	PACBIO_SMRT	PacBio RS	267267457.0	81741.0	WGS	GENOMIC	SINGLE	2011EL-2321
SRR28210318	SRX23822596	SRS20644786	SRP493092	PRJNA1082235	Sporomusa carbonis	ACPt	OXFORD_NANOPORE	MinION	1133221815.0	110714.0	WGS	GENOMIC	SINGLE	Nanopore sequencing of Sporomusaceae sp.
ERR9682692	ERX9231683	ERS11816037	ERP120185	PRJEB36919	Campylobacter jejuni		PACBIO_SMRT	Sequel II	75455581.0	10150.0	WGS	GENOMIC	SINGLE	Sequel II sequencing
SRR31235497	SRX26615336	SRS23113859	SRP543347	PRJNA1182389	Escherichia coli	NEB 10-beta	OXFORD_NANOPORE	MinION	361988.0	62.0	WGS	GENOMIC	SINGLE	Long Read Sequencing of synthetic plasmid
SRR926358	SRX314709	SRS452289	SRP026272	PRJNA60535	Listeria monocytogenes J1-220	J1-220	PACBIO_SMRT	PacBio RS	234439908.0	81741.0	WGS	GENOMIC	SINGLE	Whole genome shotgun sequencing of Listeria monocytogenes 1816 by Pacific Biosciences SMRT
SRR19240301	SRX15301084	SRS13027228	SRP375596	PRJNA837789	Psychrobacter sp. CCS169	CCS169	OXFORD_NANOPORE	MinION	76630626.0	12067.0	WGS	GENOMIC	SINGLE	Nanopore WGS of CCS169
ERR10769187	ERX10220081	ERS2784798	ERP104475	PRJEB22771	Streptococcus pneumoniae		PACBIO_SMRT	Sequel II	876366444.0	129268.0	WGS	GENOMIC	SINGLE	Sequel II sequencing
SRR24335781	SRX20128630	SRS6515233	SRP257804	PRJNA626430	Escherichia coli	C325	OXFORD_NANOPORE	MinION	1055676879.0	155745.0	WGS	GENOMIC	SINGLE	Whole-genome sequencing with long-reads of strain C325
SRR21630250	SRX17630763	SRS14987320	SRP354045	PRJNA747871	Streptomyces sp. NBC_00184	NBC_00184	OXFORD_NANOPORE	MinION	350066491.0	127230.0	WGS	GENOMIC	SINGLE	nanopore sequencing data from strain NBC_00184
SRR16525816	SRX12728183	SRS10336759	SRP357534	PRJNA801415	Klebsiella pneumoniae	147	OXFORD_NANOPORE	GridION	4023345121.0	489835.0	WGS	GENOMIC	SINGLE	Extensive diversification and dissemination of blaNDM carbapenemase plasmids in Enterobacterales in Singapore 2010-2015
SRR35396777	SRX30479478	SRS26512533	SRP620287	PRJNA1328436	Enterobacter kobei	18AR0232	OXFORD_NANOPORE	GridION	471375853.0	43983.0	WGS	GENOMIC	SINGLE	Enterobacter kobei strain 18AR0232
SRR35504534	SRX30580292	SRS26609469	SRP616549	PRJNA1314197	Mycobacterium tuberculosis	not applicable	OXFORD_NANOPORE	GridION	484994592.0	528267.0	WGS	GENOMIC	SINGLE	WGS of M. tb from sputum, Phenol-Ligation prep, Sample BC16
ERR16064644	ERX15454826	ERS28397779	ERP173262	PRJEB90249	Staphylococcus aureus		OXFORD_NANOPORE	GridION	1072044141.0	532480.0	WGS	GENOMIC	SINGLE	GridION sequencing
SRR35158211	SRX30263389	SRS26314651	SRP613631	PRJNA1311546	Bacillus pacificus	PS03231	OXFORD_NANOPORE	MinION	135793218.0	30683.0	WGS	GENOMIC	SINGLE	WGS of bacterial isolate: Food isolate
ERR10452934	ERX9976389	ERS6795160	ERP109413	PRJEB27342	Raoultella ornithinolytica		PACBIO_SMRT	Sequel II	184922837.0	28314.0	WGS	GENOMIC	SINGLE	Sequel II sequencing
SRR19776528	SRX15820968	SRS12274039	SRP364249	PRJNA816422	Helicobacter pylori	Hpfe114	OXFORD_NANOPORE	MinION	112555844.0	32977.0	WGS	GENOMIC	SINGLE	nanopore sequencing of h. pylori genomic DNA
SRR21415835	SRX17420045	SRS12115003	SRP361569	PRJNA768416	Paenibacillus sp. FSL H3-0321	FSL H3-0321	OXFORD_NANOPORE	MinION	274192366.0	47981.0	WGS	GENOMIC	SINGLE	WGS of Bacilli
ERR759474	ERX704104	ERS569353	ERP005928	PRJEB6403	Avibacterium volantium	NCTC3438	PACBIO_SMRT	PacBio RS	1026165988.0	163482.0	WGS	GENOMIC	SINGLE	PacBio RS sequencing
DRR462726	DRX446985	DRS057968	DRP004007	PRJDB5169	Salmonella enterica subsp. enterica serovar Typhi	110015TY	OXFORD_NANOPORE	MinION	268137803.0	22087.0	WGS	GENOMIC	SINGLE	MinION sequencing of SAMD00061273
SRR30934786	SRX26337523	SRS22863377	SRP537571	PRJNA1168290	Paenibacillus sp. TAB_01	TAB_01	OXFORD_NANOPORE	MinION	1667252.0	201.0	WGS	GENOMIC	SINGLE	Paenibacillus sp. TAB 01 from cotton plant tissue
ERR10498082	ERX10015371	ERS14254653	ERP142629	PRJEB57633	Escherichia coli		OXFORD_NANOPORE	GridION	103694082.0	11688.0	WGS	GENOMIC	SINGLE	Raw reads: ONT_30348_1#84
SRR28539092	SRX24139121	SRS20923719	SRP499500	PRJNA1093019	Bdellovibrio sp. BCCA	BCCA	OXFORD_NANOPORE	MinION	250258471.0	290508.0	WGS	GENOMIC	SINGLE	Bdellovibrio sp. nov. strain BCCA
SRR9027073	SRX5804622	SRS4734221	SRP196503	PRJNA536317	Zymomonas mobilis	DSM 12495	PACBIO_SMRT	Sequel	1096716861.0	286756.0	WGS	GENOMIC	SINGLE	Zymomonas mobilis mobilis DSM 12495
SRR2814832	SRX1382512	SRS1133500	SRP040661	PRJNA231221	Vibrio alginolyticus	FDAARGOS_100	PACBIO_SMRT	PacBio RS	1182433785.0	163482.0	WGS	GENOMIC	SINGLE	
SRR15173281	SRX11480610	SRS9520525	SRP328640	PRJNA747139	Aeromonas rivuli	20-VB00005	OXFORD_NANOPORE	MinION	113950426.0	12553.0	WGS	GENOMIC	SINGLE	ONT data for Aeromonas rivuli 20-VB00005
SRR34287597	SRX29458762	SRS25603572	SRP595830	PRJNA1283581	Escherichia coli	not provided	OXFORD_NANOPORE	MinION	27925805.0	7795.0	WGS	GENOMIC	SINGLE	Sample 14
ERR15741619	ERX15147341	ERS27100283	ERP171481	PRJEB88388	Paraburkholderia fungorum	R-92973	OXFORD_NANOPORE	MinION	1751068515.0	520184.0	WGS	GENOMIC	SINGLE	Raw reads: Paraburkholderia fungorum R-92973
SRR34860525	SRX29992216	SRS26069019	SRP606394	PRJNA1301420	Klebsiella pneumoniae	23	OXFORD_NANOPORE	MinION	1436278791.0	376094.0	WGS	GENOMIC	SINGLE	HvKP whole genome sequencing
SRR33320315	SRX28564765	SRS24071906	SRP074197	PRJNA288601	Proteus vulgaris		OXFORD_NANOPORE	GridION	453859748.0	31560.0	WGS	GENOMIC	SINGLE	Nanopore sequencing of ARLN isolate
ERR2564860	ERX2583204	ERS2078724	ERP005928	PRJEB6403	Shigella dysenteriae		PACBIO_SMRT	PacBio RS	2077144917.0	163482.0	WGS	GENOMIC	SINGLE	PacBio RS sequencing
SRR36804894	SRX31791011	SRS26913153	SRP637065	PRJNA1264549	Paenarthrobacter nicotinovorans	FJ15	PACBIO_SMRT	Revio	2385168807.0	144114.0	WGS	GENOMIC	SINGLE	PacBio Library of Paenarthrobacter nicotinovorans FJ15
ERR16064442	ERX15454624	ERS28397577	ERP173262	PRJEB90249	Burkholderia stabilis		OXFORD_NANOPORE	GridION	2549866044.0	763879.0	WGS	GENOMIC	SINGLE	GridION sequencing
SRR35737824	SRX30787091	SRS26801277	SRP630567	PRJNA1337272	Salmonella enterica subsp. enterica serovar Senftenberg	not applicable	OXFORD_NANOPORE	GridION	576951733.0	137070.0	WGS	GENOMIC	SINGLE	Nanopore whole genome sequencing of Salmonella enterica subspecies enterica isolate 1940325-3
ERR13577272	ERX12947175	ERS20900493	ERP161852	PRJEB77420	Citrobacter freundii		OXFORD_NANOPORE	MinION	96457788.0	8661.0	WGS	GENOMIC	SINGLE	Raw reads: Long reads sequencing of P08-35811 isolate
SRR388171	SRX110625	SRS281881	SRP001137	PRJNA52007	Mycobacterium tuberculosis KZN 1435	KZN MDR	PACBIO_SMRT	PacBio RS	115042082.0	81741.0	WGS	GENOMIC	SINGLE	Whole Genome Sequencing and Assembly
SRR12298770	SRX8801807	SRS6792076	SRP266402	PRJNA605147	Escherichia coli	RHBSTW-00475	OXFORD_NANOPORE	GridION	887892801.0	165442.0	WGS	GENOMIC	SINGLE	OXFORD_NANOPORE sequencing of Escherichia coli isolate WTP5|T2-00475 cultured from WTP upstream sample
SRR18700809	SRX14801776	SRS12559757	SRP369050	PRJNA696068	Paeniglutamicibacter psychrophenolicus	DSM 15454	PACBIO_SMRT	Sequel II	4684461887.0	650723.0	WGS	GENOMIC	SINGLE	Arthrobacter psychrophenolicus DSM 15454
SRR12187018	SRX8701098	SRS6978756	SRP271147	PRJNA632589	Shewanella sp. ShewBF02	BF02_Schw	OXFORD_NANOPORE	MinION	135098384.0	62868.0	WGS	GENOMIC	SINGLE	DNA sequence from a Blood Falls  Shewanella sp. isolate
SRR516888	SRX148633	SRS281882	SRP013241	PRJNA73829	Vibrio cholerae		PACBIO_SMRT	PacBio RS	123166739.0	60667.0	WGS	GENOMIC	SINGLE	Whole Genome Sequencing of Haitian Vibrio cholerae: Continuous Long Read (CLR) data
SRR386477	SRX109877	SRS212335	SRP007231	PRJNA49881	Scardovia wiggsiae F0424	F0424	PACBIO_SMRT	PacBio RS	67795723.0	81741.0	WGS	GENOMIC	SINGLE	Whole Genome Sequencing and Assembly
SRR36298239	SRX31330829	SRS26886960	SRP074197	PRJNA288601	Escherichia coli	2025CK-01141	OXFORD_NANOPORE	GridION	510383586.0	42741.0	WGS	GENOMIC	SINGLE	Nanopore sequencing of ARLN isolate
ERR2125662	ERX2182514	ERS1473307	ERP005928	PRJEB6403	Providencia rustigianii	NCTC8113	PACBIO_SMRT	PacBio RS	2278167101.0	163482.0	WGS	GENOMIC	SINGLE	PacBio RS sequencing
SRR13575473	SRX9973389	SRS8145954	SRP303741	PRJNA695586	Streptococcus pyogenes	M4C20	OXFORD_NANOPORE	MinION	3260629.0	4000.0	WGS	GENOMIC	SINGLE	Whole genome sequence of Streptococcus pyogenes strain M4C20
SRR386891	SRX109889	SRS281278	SRP001087	PRJNA40075	Escherichia coli str. K-12 substr. MG1655	K-12	PACBIO_SMRT	PacBio RS	91668786.0	81741.0	WGS	GENOMIC	SINGLE	Whole Genome Sequencing and Assembly
SRR35216539	SRX30320351	SRS26367027	SRP616161	PRJNA893715	Pseudomonas silensiensis	A3_2	PACBIO_SMRT	Sequel IIe	2227747622.0	273739.0	WGS	GENOMIC	SINGLE	Pseudomonas silensiensis A3_2
DRR574467	DRX557934	DRS397436	DRP011809	PRJDB18215	Pseudomonas moorei	m318	OXFORD_NANOPORE	MinION	231818882.0	45504.0	WGS	GENOMIC	SINGLE	MinION sequencing of SAMD00790944
SRR31599169	SRX26963915	SRS23433627	SRP549287	PRJNA1185485	Escherichia coli	325	OXFORD_NANOPORE	PromethION	602869524.0	282094.0	WGS	GENOMIC	SINGLE	manhole-barcode77
ERR5984659	ERX5624337	ERS6796405	ERP129449	PRJEB45354	Escherichia coli		OXFORD_NANOPORE	GridION	19636365.0	2517.0	WGS	GENOMIC	SINGLE	GridION sequencing; Raw reads: ONT_30821_1#82
SRR5457528	SRX2745502	SRS1813211	SRP093720	PRJNA353581	Clostridioides difficile	35829	OXFORD_NANOPORE	MinION	78322736.0	7732.0	WGS	GENOMIC	SINGLE	Genome Sequencing of Clostridium difficile
SRR10140385	SRX6868303	SRS5405719	SRP222369	PRJNA565470	Sinorhizobium medicae	AMp05	PACBIO_SMRT	Sequel	1306512674.0	137609.0	WGS	GENOMIC	SINGLE	Genome sequencing of rhizobia from the Almaden mine
SRR31875202	SRX27234196	SRS23681056	SRP451765	PRJNA998448	Listeria monocytogenes		OXFORD_NANOPORE	MinION	415345327.0	123725.0	WGS	GENOMIC	SINGLE	WGS of Listeria monocytogenes: mutated WRLP92
SRR33421099	SRX28662052	SRS24930023	SRP582995	PRJNA1257022	Ralstonia pseudosolanacearum	PPDRS52	OXFORD_NANOPORE	MinION	555772384.0	252543.0	WGS	GENOMIC	SINGLE	Whole genome sequencing of Ralstonia pseudosolanacearum from potato
SRR13957703	SRX10335974	SRS8455518	SRP300861	PRJNA663900	Enterococcus sp. DIV1317a	DIV1317a	OXFORD_NANOPORE	GridION	923330468.0	167723.0	WGS	GENOMIC	SINGLE	sequencing of enterococcal diversity
SRR15462598	SRX11717501	SRS9747937	SRP332089	PRJNA528413	Escherichia coli O55:H7	DEC5A	PACBIO_SMRT	PacBio RS II	4910673219.0	163482.0	WGS	GENOMIC	SINGLE	Genome sequencing of E. coli O157:H7 and O55:H7 strains
SRR14933399	SRX11246052	SRS9292092	SRP325908	PRJNA703736	Staphylococcus aureus	WBG7583	OXFORD_NANOPORE	MinION	1925043823.0	1535230.0	WGS	GENOMIC	SINGLE	Staphylococcus aureus WBG7583 Nanopore sequencing
SRR26465560	SRX22169398	SRS19227293	SRP467862	PRJNA1000275	Enterococcus faecium	2016N21-233	OXFORD_NANOPORE	MinION	670385435.0	120340.0	WGS	GENOMIC	SINGLE	VP19
SRR10211214	SRX6931030	SRS5461325	SRP191068	PRJNA528511	Escherichia coli	GTEN_283	OXFORD_NANOPORE	GridION	496414776.0	168407.0	WGS	GENOMIC	SINGLE	Global TravEpiNet AMR surveillance Genome sequencing and assembly
SRR13062400	SRX9510413	SRS7718907	SRP292606	PRJNA678472	Bacteroides intestinalis	APC919/174 substr. PhR5-1	OXFORD_NANOPORE	MinION	78542713.0	6547.0	WGS	GENOMIC	SINGLE	shotgun sequencing of genomic DNA from Bacteroides intestinalis
ERR772457	ERX715336	ERS647573	ERP005928	PRJEB6403	Salmonella enterica subsp. enterica serovar Havana	NCTC6086	PACBIO_SMRT	PacBio RS	763229723.0	163482.0	WGS	GENOMIC	SINGLE	PacBio RS sequencing
SRR22784579	SRX18744299	SRS16179604	SRP413484	PRJNA912639	Escherichia coli	EC_E15FP_1_E	OXFORD_NANOPORE	MinION	22634708.0	4380.0	WGS	GENOMIC	SINGLE	WGS of Escherichia coli
SRR1792676	SRX868337	SRS348552	SRP014062	PRJNA52491	Salmonella enterica subsp. enterica serovar Enteritidis str. CDC_2010K_0968	CDC_2010K_0968	PACBIO_SMRT	PacBio RS II	633084276.0	163482.0	WGS	GENOMIC	SINGLE	Whole genome shotgun sequencing of Salmonella enterica subsp. enterica serovar Enteritidis str. CDC_2010K-0968 by Pacific Biosciences SMRT
SRR386763	SRX109832	SRS004883	SRP001079	PRJNA40077	Cereibacter sphaeroides 2.4.1	2.4.1	PACBIO_SMRT	PacBio RS	62140656.0	81741.0	WGS	GENOMIC	SINGLE	Whole Genome Sequencing and Assembly
SRR386113	SRX109801	SRS183306	SRP006189	PRJNA52149	Klebsiella oxytoca 10-5248	10-5248	PACBIO_SMRT	PacBio RS	65292637.0	81741.0	WGS	GENOMIC	SINGLE	Whole Genome Sequencing and Assembly
SRR2174302	SRX1158714	SRS1039764	SRP062581	PRJNA293170	Bacillus licheniformis	SCDB 14	PACBIO_SMRT	PacBio RS II	1044776014.0	115769.0	WGS	GENOMIC	SINGLE	Whole genome sequences of an industrial strain B. licheniformis SCDB14
ERR1223233	ERX1295446	ERS921424	ERP005928	PRJEB6403	Staphylococcus epidermidis	NCTC12100	PACBIO_SMRT	PacBio RS	1298743556.0	163482.0	WGS	GENOMIC	SINGLE	PacBio RS sequencing
ERR16064535	ERX15454717	ERS28397670	ERP173262	PRJEB90249	Escherichia coli		OXFORD_NANOPORE	GridION	771971399.0	318962.0	WGS	GENOMIC	SINGLE	GridION sequencing
SRR7967880	SRX4801362	SRS3880413	SRP163540	PRJNA431102	Borreliella burgdorferi	NE_5267	PACBIO_SMRT	PacBio RS II	2050495107.0	163482.0	WGS	GENOMIC	SINGLE	Borrelia burgdorferi strain NE_5267
SRR13575595	SRX9973657	SRS8145954	SRP303741	PRJNA695586	Streptococcus pyogenes	M4C20	OXFORD_NANOPORE	MinION	3620402.0	4000.0	WGS	GENOMIC	SINGLE	Whole genome sequence of Streptococcus pyogenes strain M4C20
ERR14317608	ERX13718704	ERS23193158	ERP169026	PRJEB85647	Escherichia coli		OXFORD_NANOPORE	MinION	80194243.0	20685.0	WGS	GENOMIC	SINGLE	E.coli_WGS_14Nov2023
ERR2632344	ERX2648838	ERS2295889	ERP005928	PRJEB6403	Propionibacterium freudenreichii		PACBIO_SMRT	PacBio RS	256677141.0	163482.0	WGS	GENOMIC	SINGLE	PacBio RS sequencing
SRR31486859	SRX26855092	SRS12968104	SRP074197	PRJNA288601	Klebsiella pneumoniae	2022HL-01245	OXFORD_NANOPORE	MinION	614089820.0	78355.0	WGS	GENOMIC	SINGLE	Long read sequencing of carbapenemase producing organisms
SRR3714172	SRX1873593	SRS1523544	SRP077022	PRJNA186466	Desulfovibrio sp. DMSS-1	DMSS-1	PACBIO_SMRT	PacBio RS	235776416.0	78042.0	WGS	GENOMIC	SINGLE	Desulfovibrio glucosivorans DMSS-1
SRR25437090	SRX21170949	SRS18432409	SRP451748	PRJNA999236	Ralstonia mannitolilytica		OXFORD_NANOPORE	MinION	6831019.0	4000.0	WGS	GENOMIC	SINGLE	WGS of Ralstonia mannitolilytica: patient hemoculture
SRR31540835	SRX26908089	SRS23387547	SRP548173	PRJNA1190675	Escherichia coli	The same strain as the one under SRA accession SRR12008103	OXFORD_NANOPORE	MinION	1098049355.0	412998.0	WGS	GENOMIC	SINGLE	ONT of TAS036
SRR31834914	SRX27195264	SRS22210770	SRP523632	PRJNA1142676	Klebsiella variicola	kv221025_barcode91	OXFORD_NANOPORE	MinION	394922247.0	51351.0	WGS	GENOMIC	SINGLE	Klebsiella variicola strain kv221025_barcode91
SRR21696330	SRX17693935	SRS11554392	SRP354045	PRJNA747871	Streptomyces sp. NBC_01463	NBC_01463	OXFORD_NANOPORE	MinION	1218758089.0	148870.0	WGS	GENOMIC	SINGLE	nanopore sequencing data from strain NBC_01463
DRR684817	DRX664919	DRS471774	DRP013240	PRJDB25708	Treponema medium	T1	OXFORD_NANOPORE	MinION	213855221.0	53348.0	WGS	GENOMIC	SINGLE	MinION sequencing of SAMD00919908
SRR13258535	SRX9689335	SRS7886625	SRP298079	PRJNA681500	Escherichia coli	TOE51	PACBIO_SMRT	Sequel II	1997445436.0	319446.0	WGS	GENOMIC	SINGLE	TOE51_DNA
ERR13194271	ERX12565136	ERS20185783	ERP160059	PRJEB75483	Variovorax paradoxus		OXFORD_NANOPORE	MinION	193157612.0	24359.0	WGS	GENOMIC	SINGLE	MinION sequencing
SRR386057	SRX109951	SRS010315	SRP001878	PRJNA40009	Bacteroides eggerthii 1_2_48FAA	1_2_48FAA	PACBIO_SMRT	PacBio RS	48321043.0	81741.0	WGS	GENOMIC	SINGLE	Whole Genome Sequencing and Assembly
SRR21630065	SRX17630631	SRS14987478	SRP354045	PRJNA747871	Streptomyces sp. NBC_00582	NBC_00582	OXFORD_NANOPORE	MinION	309554500.0	34036.0	WGS	GENOMIC	SINGLE	nanopore sequencing data from strain NBC_00582
SRR13823296	SRX10203971	SRS8350263	SRP308772	PRJNA705564	Klebsiella pneumoniae	C027	OXFORD_NANOPORE	MinION	173342923.0	137598.0	WGS	GENOMIC	SINGLE	DNA-Seq of S. marcescens
SRR35213143	SRX30317215	SRS26364151	SRP615992	PRJNA1301220	Acinetobacter baumannii	ABO22-A085	OXFORD_NANOPORE	MinION	424888372.0	95502.0	WGS	GENOMIC	SINGLE	Whole geneme sequencing of Acinetobacter baumannii: isolates of the Ab-One study
SRR35556762	SRX30631298	SRS19833453	SRP150360	PRJNA475751	Clostridioides difficile	CD08844	OXFORD_NANOPORE	MinION	8954919.0	12164.0	WGS	GENOMIC	SINGLE	WGS Sequencing of Clostridioides difficile
SRR18681728	SRX14782769	SRS12539534	SRP368114	PRJNA824420	Escherichia coli	GD03004_ECOL_HY_122	OXFORD_NANOPORE	MinION	501511280.0	54475.0	WGS	GENOMIC	SINGLE	Long-read sequencing of Escherichia coli: isolate #122 urine
SRR3820047	SRX1921715	SRS1551272	SRP078172	PRJNA234887	Clostridium sp. KNHs205	KNHs205	PACBIO_SMRT	PacBio RS	9091898.0	3936.0	WGS	GENOMIC	SINGLE	Clostridium sp. KNHs205
SRR30993103	SRX26381427	SRS22904675	SRP538558	PRJNA1172918	Escherichia coli str. K-12 substr. MG1655	K-12	OXFORD_NANOPORE	PromethION	492486171.0	64035.0	WGS	GENOMIC	SINGLE	Ecoli_DM_MSssI_kit14_4kHz_dorado_sup_v4
SRR10346075	SRX7055940	SRS4180580	SRP226980	PRJNA541972	Escherichia coli O157:H7	ATCC 43890	OXFORD_NANOPORE	GridION	453633912.0	30387.0	WGS	GENOMIC	SINGLE	Closed genomes of twenty-eight foodborne pathogens from the CFSAN verifcation set by a combination of long and short-reads
SRR10520604	SRX7205364	SRS5709768	SRP231881	PRJNA556438	Salmonella enterica subsp. enterica serovar Typhimurium	AUSMDU00010530	PACBIO_SMRT	PacBio RS II	4222345754.0	163482.0	WGS	GENOMIC	SINGLE	WGS of AUSMDU00010530: PacBio
SRR29213747	SRX24733365	SRS19899709	SRP478634	PRJNA1054115	Klebsiella pneumoniae	KPB147	OXFORD_NANOPORE	GridION	441520596.0	51960.0	WGS	GENOMIC	SINGLE	Long reads sequencing of invasive Klebsiella pneumoniae
SRR16525803	SRX12728196	SRS10336772	SRP357537	PRJNA801416	Citrobacter amalonaticus	E986	OXFORD_NANOPORE	GridION	611683585.0	111657.0	WGS	GENOMIC	SINGLE	Extensive diversification and dissemination of blaNDM carbapenemase plasmids in Enterobacterales in Singapore 2010-2015
SRR7609459	SRX4474303	SRS3599502	SRP042343	PRJNA243331	Enterobacter cloacae	CFSAN061987	PACBIO_SMRT	PacBio RS II	2416005477.0	163482.0	WGS	GENOMIC	SINGLE	Whole genome PacBio RS sequence of Enterobacter cloacae
ERR964415	ERX1041379	ERS712539	ERP009820	PRJEB8783	Mycobacterium tuberculosis		PACBIO_SMRT	PacBio RS	1208864560.0	163482.0	WGS	GENOMIC	SINGLE	PacBio RS sequencing
SRR13192571	SRX9626888	SRS7827983	SRP295672	PRJNA681856	Salmonella enterica	LHICA_E1	OXFORD_NANOPORE	MinION	12530907.0	4000.0	WGS	GENOMIC	SINGLE	WGS of Salmonella enterica Lhica E157
ERR14315179	ERX13717334	ERS23193154	ERP169026	PRJEB85647	Escherichia coli		OXFORD_NANOPORE	MinION	102239442.0	22409.0	WGS	GENOMIC	SINGLE	E.coli_WGS_14Nov2023
SRR26899118	SRX22593292	SRS19599851	SRP473241	PRJNA1042815	Campylobacter jejuni	CIP 702	OXFORD_NANOPORE	GridION	3402394760.0	974020.0	WGS	GENOMIC	SINGLE	WGS of Campylobacter jejuni isolate
SRR18141735	SRX14289759	SRS12107507	SRP361470	PRJNA772001	Clostridium botulinum	426-HONEY	OXFORD_NANOPORE	MinION	505294313.0	203165.0	WGS	GENOMIC	SINGLE	Nanopore MinION sequencing of Clostridium botulinum strain 426-HONEY isolated from contaminated honey in 1977
ERR999922	ERX1078958	ERS744802	ERP005928	PRJEB6403	Escherichia coli	NCTC9032	PACBIO_SMRT	PacBio RS	2441589225.0	163482.0	WGS	GENOMIC	SINGLE	PacBio RS sequencing
SRR15989461	SRX12278078	SRS9999261	SRP357534	PRJNA801415	Klebsiella pneumoniae	-	OXFORD_NANOPORE	GridION	1569167667.0	443328.0	WGS	GENOMIC	SINGLE	Whole Genome Sequencing of Carbapenemase-producing Enterobacterales (CPE)
SRR33738970	SRX28962830	SRS24533471	SRP074197	PRJNA288601	Klebsiella pneumoniae		OXFORD_NANOPORE	GridION	450707611.0	45605.0	WGS	GENOMIC	SINGLE	Nanopore sequencing of ARLN isolate
SRR17793179	SRX13955344	SRS11795759	SRP357102	PRJNA707584	Staphylococcus haemolyticus	1b	OXFORD_NANOPORE	MinION	1205442124.0	136577.0	WGS	GENOMIC	SINGLE	Short read sequences for Staph_1b
SRR33528141	SRX28762584	SRS15473591	SRP584580	PRJNA1261832	Klebsiella pneumoniae	K0978	OXFORD_NANOPORE	GridION	21005029.0	10000.0	WGS	GENOMIC	SINGLE	Sequencing of Multidrug-Resistant Klebsiella pneumoniae
ERR2528491	ERX2547372	ERS515521	ERP107863	PRJEB25895	Escherichia coli		PACBIO_SMRT	PacBio RS	321662070.0	163482.0	WGS	GENOMIC	SINGLE	PacBio RS sequencing
ERR550510	ERX509579	ERS451417	ERP005928	PRJEB6403	Corynebacterium diphtheriae	NCTC11397	PACBIO_SMRT	PacBio RS	683185033.0	163482.0	WGS	GENOMIC	SINGLE	PacBio RS sequencing
SRR21890344	SRX17877257	SRS15395131	SRP402364	PRJNA888854	Catenovulum adriaticum	TS8	OXFORD_NANOPORE	MinION	255783215.0	17324.0	WGS	GENOMIC	SINGLE	long read DNA-Seq of Catenovulum adriacola
SRR5087356	SRX2404607	SRS1843829	SRP094755	PRJNA353060	Klebsiella oxytoca		OXFORD_NANOPORE	MinION	77873635.0	17301.0	WGS	GENOMIC	SINGLE	
ERR15516495	ERX14920341	ERS4261714	ERP119553	PRJEB36370	Klebsiella pneumoniae		OXFORD_NANOPORE	GridION	296427377.0	60632.0	WGS	GENOMIC	SINGLE	GridION sequencing
SRR33640807	SRX28868436	SRS25095870	SRP586284	PRJNA1178460	Pseudomonas aeruginosa	PA102212010790	OXFORD_NANOPORE	MinION	29743351.0	4182.0	WGS	GENOMIC	SINGLE	Nanopore sequencing of P. aeruginosa
ERR3965063	ERX3968406	ERS4359525	ERP120218	PRJEB36951	Escherichia coli		OXFORD_NANOPORE	MinION	412111113.0	40638.0	WGS	GENOMIC	SINGLE	MinION sequencing; Raw reads: SC479
SRR3184082	SRX1571736	SRS1284451	SRP069974	PRJNA311731	Flavobacterium columnare	C#2	PACBIO_SMRT	PacBio RS II	1757787029.0	163482.0	WGS	GENOMIC	SINGLE	Whole Genome Sequence of Flavobacterium columnare C#2
ERR5173339	ERX4978236	ERS4842917	ERP122590	PRJEB39112	Klebsiella pneumoniae		OXFORD_NANOPORE	GridION	696307437.0	81036.0	WGS	GENOMIC	SINGLE	GridION sequencing
SRR30149470	SRX25617163	SRS21937686	SRP518730	PRJNA1133668	Enterobacter hormaechei	NR3086	OXFORD_NANOPORE	MinION	235040477.0	32422.0	WGS	GENOMIC	SINGLE	Nanopore sequencing of clinical CRE isolates: human
SRR33123779	SRX28387248	SRS24711174	SRP578427	PRJNA1244367	Bacillus cereus ATCC 14579	ATCC 14579	OXFORD_NANOPORE	GridION	2118575043.0	629916.0	WGS	GENOMIC	SINGLE	WGS of Bacillus cereus Strain ATCC14649
SRR13823291	SRX10203976	SRS8350271	SRP308772	PRJNA705564	Serratia marcescens	SW10B	OXFORD_NANOPORE	MinION	39870999.0	21846.0	WGS	GENOMIC	SINGLE	DNA-Seq of S. marcescens
SRR30149574	SRX25617493	SRS21937501	SRP518730	PRJNA1133668	Enterobacter hormaechei	ST597EH1	OXFORD_NANOPORE	MinION	269261263.0	40745.0	WGS	GENOMIC	SINGLE	Nanopore sequencing of clinical CRE isolates: human
ERR16115094	ERX15504685	ERS28491515	ERP187546	PRJEB106491	Streptomyces sp.		OXFORD_NANOPORE	MinION	4127183999.0	503893.0	WGS	GENOMIC	SINGLE	Whole genome sequencing of Streptomyces sp. TRD_SC_5, isolated from TsoMoriri Rock Dust
SRR27003629	SRX22696563	SRS19689278	SRP475151	PRJNA1044461	Anoxybacillus gonensis	NP02	PACBIO_SMRT	Sequel	445429850.0	54229.0	WGS	GENOMIC	SINGLE	WGS of GAB thermophile Anoxybacillus gonensis NP02 (sample number 232, bc1009)
SRR35148436	SRX30254068	SRS26305898	SRP613321	PRJNA958338	Pantoea agglomerans	PvP026	PACBIO_SMRT	Sequel II	243630277.0	32705.0	WGS	GENOMIC	SINGLE	Pantoea agglomerans PvP026
SRR31565427	SRX26931238	SRS23404748	SRP548643	PRJNA1192988	Vibrio cholerae	114-14	OXFORD_NANOPORE	PromethION	594411459.0	137936.0	WGS	GENOMIC	SINGLE	PulseNet Africa ONT sequencing of Vibrio cholerae isolates
ERR15191353	ERX14596980	ERS25135723	ERP160948	PRJEB76420	Escherichia coli		OXFORD_NANOPORE	MinION			WGS	GENOMIC	SINGLE	MinION sequencing
SRR9722835	SRX6480374	SRS5130438	SRP215816	PRJNA470993	Staphylococcus aureus	pt237	PACBIO_SMRT	PacBio RS II	1172143048.0	157504.0	WGS	GENOMIC	SINGLE	WGS of Staphylococcus aureus
SRR31599547	SRX26964135	SRS23433847	SRP549287	PRJNA1185485	Escherichia coli	453	OXFORD_NANOPORE	PromethION	1248092484.0	318442.0	WGS	GENOMIC	SINGLE	pseu-barcode76
SRR13269195	SRX9699262	SRS7895422	SRP272861	PRJNA646575	Bacteroides thetaiotaomicron		OXFORD_NANOPORE	GridION	669269675.0	84265.0	WGS	GENOMIC	SINGLE	WGS  of Bacteroides fragilis group clinical isolates
ERR10499206	ERX10016492	ERS14256093	ERP142629	PRJEB57633	Escherichia coli		OXFORD_NANOPORE	GridION	68797277.0	26109.0	WGS	GENOMIC	SINGLE	Raw reads: ONT_30859_5#335
SRR14852542	SRX11171036	SRS9229070	SRP324476	PRJNA738868	Acinetobacter baumannii	DETAB-E138	OXFORD_NANOPORE	MinION	983838220.0	82301.0	WGS	GENOMIC	SINGLE	Nanopore WGS of A. baumannii DETAB-E137
SRR26389276	SRX22095297	SRS19161185	SRP466359	PRJNA660241	Salmonella sp. 139	139	PACBIO_SMRT	PacBio RS	1108266300.0	3694221.0	WGS	GENOMIC	PAIRED	Salmonella enterica Genome sequencing
SRR6818689	SRX3775635	SRS1350033	SRP068738	PRJNA292900	Serratia marcescens	AR_0091	PACBIO_SMRT	PacBio RS II	1285144047.0	163482.0	WGS	GENOMIC	SINGLE	PacBio SMRT Sequencing of Serratia marcescens FDA-CDC-AR_0091 Genomic Library
SRR34531113	SRX29674547	SRS25787654	SRP600654	PRJNA1289023	Klebsiella oxytoca	OK-1	OXFORD_NANOPORE	MinION	1069732162.0	153211.0	WGS	GENOMIC	SINGLE	WGS of enterobacterial clinical strains carrying IncQ2::blaGES plasmid
SRR5886907	SRX1757517	SRS1433940	SRP105291	PRJNA321324	Streptococcus pneumoniae ST556	ST556	PACBIO_SMRT	PacBio RS II	2192167840.0	163482.0	WGS	GENOMIC	SINGLE	ST556_2
DRR582009	DRX562562	DRS640952	DRP016847	PRJDB17425	Pantoea sp. X-Soil-YNGN-844	X-Soil-YNGN-844	PACBIO_SMRT	Sequel II	613749552.0	71400.0	WGS	GENOMIC	SINGLE	Soil-X4-844
ERR15465439	ERX14869334	ERS26347573	ERP179079	PRJEB96336	Klebsiella pneumoniae	EuSCAPE_IL028	OXFORD_NANOPORE	GridION	1645800767.0	249729.0	WGS	GENOMIC	SINGLE	GridION sequencing
SRR4136327	SRX2118916	SRS1667751	SRP084878	PRJNA303198	Burkholderia sp. b13	B13	PACBIO_SMRT	PacBio RS	241417028.0	64638.0	WGS	GENOMIC	SINGLE	Burkholderia sp. B13
DRR393676	DRX379495	DRS297009	DRP007849	PRJDB10842	Klebsiella pneumoniae subsp. pneumoniae	JBBDAGD-19-0097	OXFORD_NANOPORE	GridION	872635706.0	238126.0	WGS	GENOMIC	SINGLE	GridION sequencing of SAMD00498988
ERR10499612	ERX10016894	ERS14256981			Escherichia coli		OXFORD_NANOPORE	GridION	172115479.0	11506.0	WGS	GENOMIC	SINGLE	GridION sequencing; Raw reads: ONT_30348_2#264
SRR28825848	SRX24388736	SRS21144497	SRP504527	PRJNA984017	Klebsiella pneumoniae	K6N	OXFORD_NANOPORE	MinION	335460624.0	53818.0	WGS	GENOMIC	SINGLE	Klebsiella pneumoniae K6N oxford nanopore reads
SRR901714	SRX306485	SRS445428	SRP026066	PRJNA203578	Mycobacterium intracellulare MIN_052511_1280	MIN_052511_1280	PACBIO_SMRT	PacBio RS	439233083.0	81741.0	WGS	GENOMIC	SINGLE	
ERR8007763	ERX7573432	ERS9899353	ERP131998	PRJEB47698	Enterobacter bugandensis		OXFORD_NANOPORE	MinION	258758103.0	82677.0	WGS	GENOMIC	SINGLE	MinION sequencing
ERR15656052	ERX15060833	ERS26515734	ERP179224	PRJEB96513	Ralstonia thomasii		OXFORD_NANOPORE	GridION			WGS	GENOMIC	SINGLE	GridION sequencing
SRR12298473	SRX8801594	SRS6792144	SRP266402	PRJNA605147	Escherichia coli	RHB20-C19	OXFORD_NANOPORE	GridION	1513848524.0	302195.0	WGS	GENOMIC	SINGLE	OXFORD_NANOPORE sequencing of Escherichia coli isolate RH10|T2-C19 cultured from Cattle faeces sample
SRR7719182	SRX4576090	SRS3690724	SRP158350	PRJNA485870	Mesorhizobium sp. DCY119	DCY119	PACBIO_SMRT	PacBio RS	4837721.0	1.0	WGS	GENOMIC	PAIRED	Mesorhizobium panacihumi DCY119
SRR25147127	SRX20898547	SRS18173846	SRP447457	PRJNA842383	Staphylococcus aureus	HP20814-043	OXFORD_NANOPORE	MinION	1563110653.0	119114.0	WGS	GENOMIC	SINGLE	Staphylococcus Aureus from human patient
ERR15682128	ERX15086555	ERS26973162	ERP171481	PRJEB88388	Delftia acidovorans	R-90777	OXFORD_NANOPORE	MinION	782441434.0	241413.0	WGS	GENOMIC	SINGLE	Raw reads: Delftia acidovorans R-90777
ERR718780	ERX662702	ERS530437	ERP005928	PRJEB6403	Klebsiella pneumoniae	NCTC13438	PACBIO_SMRT	PacBio RS	1525898725.0	163482.0	WGS	GENOMIC	SINGLE	PacBio RS sequencing
SRR21563464	SRX17565712	SRS14987420	SRP354045	PRJNA747871	Streptomyces hirsutus	NBC 01753	OXFORD_NANOPORE	MinION	1102644866.0	248491.0	WGS	GENOMIC	SINGLE	nanopore sequencing data from strain NBC_01753
SRR19572345	SRX15624376	SRS13324605	SRP378900	PRJNA837216	Acinetobacter tibetensis	Y-23	PACBIO_SMRT	Sequel II	3193873843.0	300112.0	WGS	GENOMIC	SINGLE	Complete genome sequence of Acinetobacter sp. Y-23
SRR32972712	SRX28245844	SRS24593509	SRP576427	PRJNA1190511	Yersinia pestis	2	PACBIO_SMRT	PacBio RS II	1371881842.0	161959.0	WGS	GENOMIC	SINGLE	WGS of Yersinia pestis: cultured strain 2
SRR4180931	SRX2142227	SRS1673926	SRP086933	PRJNA303721	Corynebacterium mycetoides	DSM 20632	PACBIO_SMRT	PacBio RS	780906157.0	163911.0	WGS	GENOMIC	SINGLE	Corynebacterium mycetoides DSM 20632
DRR572647	DRX556114	DRS426402	DRP012251	PRJDB17574	Escherichia coli	YK-IS1MA-L09-3_G08	OXFORD_NANOPORE	MinION	36218711.0	3450.0	WGS	GENOMIC	SINGLE	nanopore-seq of SAMD00748219 L09-3_G8
ERR10498254	ERX10015543	ERS14254545	ERP142629	PRJEB57633	Escherichia coli		OXFORD_NANOPORE	GridION	102466305.0	16757.0	WGS	GENOMIC	SINGLE	Raw reads: ONT_30859_5#80
SRR1609275	SRX729938	SRS719161	SRP048792	PRJNA177185	Burkholderia thailandensis 2002721723	2002721723	PACBIO_SMRT	PacBio RS	383707102.0	412656.0	WGS	GENOMIC	SINGLE	Burkholderia thailandensis 2002721723 PacBio Data
SRR8466275	SRX5272850	SRS4273181	SRP180858	PRJNA501175	Streptomyces sp. PanSC9	PanSC9	PACBIO_SMRT	PacBio RS II	376455790.0	172807.0	WGS	GENOMIC	SINGLE	Streptomyces sp. PanSC9
SRR15989315	SRX12278224	SRS9998917	SRP357537	PRJNA801416	Citrobacter freundii	22	OXFORD_NANOPORE	GridION	530265534.0	71244.0	WGS	GENOMIC	SINGLE	Whole Genome Sequencing of Carbapenemase-producing Enterobacterales (CPE)
SRR12298504	SRX8801563	SRS6792381	SRP266402	PRJNA605147	Escherichia fergusonii	RHB42-C13	OXFORD_NANOPORE	GridION	1312515763.0	330140.0	WGS	GENOMIC	SINGLE	OXFORD_NANOPORE sequencing of Escherichia fergusonii isolate RH12|T3-C13 cultured from Sheep faeces sample
SRR3735535	SRX1891055	SRS1534007	SRP077689	PRJNA237258	Lachnospiraceae bacterium AC2029	AC2029	PACBIO_SMRT	PacBio RS	296118103.0	76568.0	WGS	GENOMIC	SINGLE	Lachnospiraceae bacterium AC2029
SRR33549588	SRX28783335	SRS25022015	SRP585030	PRJNA1262531	Enterobacter cloacae		OXFORD_NANOPORE	GridION	1603020924.0	214759.0	WGS	GENOMIC	SINGLE	ONT WGS of Enterobacter RS cefiderocol_4_2
SRR31733720	SRX27096025	SRS23554697	SRP432102	PRJNA954566	Vibrio cholerae	O1	OXFORD_NANOPORE	MinION	244115581.0	87418.0	WGS	GENOMIC	SINGLE	Oxford Nanopore sequencing of Vibrio cholerae
SRR28777756	SRX24342790	SRS20831699	SRP497546	PRJNA1091452	Staphylococcus aureus	SA67-PS	OXFORD_NANOPORE	MinION	217542820.0	47764.0	WGS	GENOMIC	SINGLE	ONT performance study sequencing of S. aureus
SRR24140119	SRX19938958	SRS17287666	SRP247747	PRJNA604975	Escherichia coli	ox_bsi_616	OXFORD_NANOPORE	GridION	1005067919.0	347530.0	WGS	GENOMIC	SINGLE	oxford_bsi
SRR23471070	SRX19374118	SRS10952101	SRP422715	PRJNA878812	Pseudomonas aeruginosa	2021CK-01536	OXFORD_NANOPORE	GridION	58901216.0	5157.0	WGS	GENOMIC	SINGLE	Nanopore sequencing of ARLN isolate
SRR14862588	SRX11180179	SRS9237748	SRP324476	PRJNA738868	Acinetobacter baumannii	DETAB-P46	OXFORD_NANOPORE	MinION	559371203.0	37546.0	WGS	GENOMIC	SINGLE	Nanopore WGS of A. baumannii DETAB-P46
SRR2823661	SRX1385777	SRS1135273	SRP040661	PRJNA231221	Pseudomonas monteilii	FDAARGOS_171	PACBIO_SMRT	PacBio RS	1191677971.0	163482.0	WGS	GENOMIC	SINGLE	
SRR33053959	SRX28318959	SRS24657709	SRP577606	PRJNA1248674	Escherichia coli	AV28-002-NN	OXFORD_NANOPORE	GridION	351734477.0	47424.0	WGS	GENOMIC	SINGLE	WGS of Escherichia coli
SRR31599227	SRX26963857	SRS23433573	SRP549287	PRJNA1185485	Escherichia coli	1012	OXFORD_NANOPORE	PromethION	494439533.0	146619.0	WGS	GENOMIC	SINGLE	wwtp-9n14-barcode89
SRR29397290	SRX24911135	SRS21617184	SRP513719	PRJNA1119182	Lactiplantibacillus argentoratensis	GK10	PACBIO_SMRT	PacBio RS	102595075.0	14824.0	WGS	GENOMIC	SINGLE	Lactiplantibacillus plantarum GK10
SRR36640890	SRX31652863	SRS27626796	SRP659015	PRJNA1383263	Escherichia coli	N44	PACBIO_SMRT	Sequel II	191101537.0	22926.0	WGS	GENOMIC	SINGLE	WGS of NMEC
SRR5839534	SRX3015440	SRS1832589	SRP094480	PRJNA279196	Bordetella pertussis	I273	PACBIO_SMRT	PacBio RS II	1794764992.0	163482.0	WGS	GENOMIC	SINGLE	
SRR22313041	SRX18286538	SRS11166371	SRP071789	PRJNA315192	Shigella sonnei	1535095	OXFORD_NANOPORE	MinION	252579215.0	26496.0	WGS	GENOMIC	SINGLE	Nanopore sequencing of Shigella species
SRR516842	SRX148633	SRS281882	SRP013241	PRJNA73829	Vibrio cholerae		PACBIO_SMRT	PacBio RS	98419447.0	60667.0	WGS	GENOMIC	SINGLE	Whole Genome Sequencing of Haitian Vibrio cholerae: Continuous Long Read (CLR) data
SRR3756992	SRX1906094	SRS1546821	SRP078130	PRJNA217189	Ruminococcaceae bacterium AE2021	AE2021	PACBIO_SMRT	PacBio RS	185244957.0	69212.0	WGS	GENOMIC	SINGLE	Ruminococcaceae bacterium AE2021
SRR34266782	SRX29440683	SRS25586681	SRP595571	PRJNA1283097	Enterococcus faecalis	missing	OXFORD_NANOPORE	MinION	133717016.0	39354.0	WGS	GENOMIC	SINGLE	id11_day19_2
ERR13577334	ERX12947237	ERS20900517	ERP161852	PRJEB77420	Serratia marcescens		OXFORD_NANOPORE	MinION	1932718832.0	998052.0	WGS	GENOMIC	SINGLE	Raw reads: Long reads sequencing of P24-38505 isolate
SRR11179866	SRX7800515	SRS6215389	SRP250705	PRJNA607328	Citrobacter freundii ATCC 8090 = MTCC 1658 = NBRC 12681	ATCC 8090	OXFORD_NANOPORE	MinION	1711767627.0	365457.0	WGS	GENOMIC	SINGLE	WGS of Citrobacter freundii BDGP7: ATCC 8090
SRR33296599	SRX28541760	SRS24841586	SRP580922	PRJNA1254897	Salmonella enterica subsp. enterica serovar Typhimurium		OXFORD_NANOPORE	PromethION	594208056.0	152762.0	WGS	GENOMIC	SINGLE	KOM-AMR
SRR13448290	SRX9861449	SRS8041701	SRP295672	PRJNA681856	Salmonella enterica subsp. salamae	LHICA_SA2	OXFORD_NANOPORE	MinION	32785020.0	4000.0	WGS	GENOMIC	SINGLE	WGS of Salmonella Lhica SA2_14
SRR19977216	SRX16019431	SRS13699823	SRP384896	PRJNA855630	Klebsiella variicola	LH53-b-1	OXFORD_NANOPORE	MinION	384921493.0	18517.0	WGS	GENOMIC	SINGLE	Long read sequencing of Klebsiella variicola LH53-b-1
SRR21416078	SRX17420410	SRS12115399	SRP361569	PRJNA768416	Streptococcus sp. FSL R7-0212	FSL R7-0212	OXFORD_NANOPORE	MinION	598016710.0	179383.0	WGS	GENOMIC	SINGLE	WGS of Bacilli
SRR19776615	SRX15820881	SRS12273949	SRP364249	PRJNA816422	Helicobacter pylori	Hpfe010	OXFORD_NANOPORE	MinION	136014850.0	21413.0	WGS	GENOMIC	SINGLE	nanopore sequencing of h. pylori genomic DNA
SRR23347631	SRX19289402	SRS16690584	SRP421131	PRJNA931653	Escherichia coli K-12	K-12	OXFORD_NANOPORE	GridION	23996474.0	4000.0	WGS	GENOMIC	SINGLE	Nanopore sequencing of Ciprofloxacin challenged E. coli
ERR968283	ERX1045261	ERS715410	ERP005928	PRJEB6403	Klebsiella pneumoniae	NCTC9158	PACBIO_SMRT	PacBio RS	1067297055.0	163482.0	WGS	GENOMIC	SINGLE	PacBio RS sequencing
SRR29820049	SRX25318902	SRS21988511	SRP519730	PRJNA1135485	Salmonella		OXFORD_NANOPORE	MinION	288720703.0	64010.0	WGS	GENOMIC	SINGLE	WGS Salmonella isolates from cattle
SRR16940880	SRX13132837	SRS11066464	SRP346006	PRJNA554638	Escherichia coli	ESBL17	OXFORD_NANOPORE	MinION	146792099.0	18115.0	WGS	GENOMIC	SINGLE	Nanopore of ESBL producing Escherichia coli
SRR29316826	SRX24833317	SRS21545148	SRP512379	PRJNA1121190	Vibrio cholerae	133Vc06	OXFORD_NANOPORE	PromethION	416157756.0	66622.0	WGS	GENOMIC	SINGLE	WGS of Vcholerae isolates
SRR36068615	SRX31114791	SRS27072671	SRP644837	PRJNA1364846	Escherichia coli	GPT22-004	OXFORD_NANOPORE	GridION	211369531.0	82596.0	WGS	GENOMIC	SINGLE	Escherchia coli, DBT kit, 36-plex and 50 ng DNA, replicate 9
SRR27972390	SRX23626063	SRS20465477	SRP489819	PRJNA1076692	Acinetobacter baumannii	RIVM_C059305_dorado	OXFORD_NANOPORE	MinION	224470681.0	77233.0	WGS	GENOMIC	SINGLE	RIVM_C059305_dorado
SRR8752502	SRX5543463	SRS4509127	SRP188851	PRJNA523365	Mycobacteroides abscessus	JHN_AB_0001_1A	OXFORD_NANOPORE	GridION	348278824.0	369628.0	WGS	GENOMIC	SINGLE	Sequencing of non-tuberculosis mycobacteria
SRR8362630	SRX5173136	SRS2238144	SRP018785	PRJNA186035	Salmonella enterica subsp. enterica serovar Carno	CFSAN059903	PACBIO_SMRT	Sequel	1299687417.0	190397.0	WGS	GENOMIC	SINGLE	Whole genome PacBio Sequel sequence of Salmonella enterica subsp. enterica serovar Carno
SRR25466980	SRX21199945	SRS18458350	SRP452337	PRJNA1000618	Escherichia coli	Escherichia coli BL21(DE3)	OXFORD_NANOPORE	MinION	9885301.0	4000.0	WGS	GENOMIC	SINGLE	CASTVK transposition with different condition
ERR1354167	ERX1425642	ERS1037090	ERP005928	PRJEB6403	Streptococcus sobrinus	NCTC10921	PACBIO_SMRT	PacBio RS	3223481676.0	163482.0	WGS	GENOMIC	SINGLE	PacBio RS sequencing
SRR12395159	SRX8893738	SRS7152760	SRP276100	PRJNA650381	Mycobacterium tuberculosis		OXFORD_NANOPORE	MinION	1023357193.0	666615.0	WGS	GENOMIC	SINGLE	Nanopore TB WGS
SRR9290562	SRX6060098	SRS4873351	SRP200324	PRJNA546081	Streptomyces cinereoruber	ATCC 19740	PACBIO_SMRT	PacBio RS II	483294408.0	77993.0	WGS	GENOMIC	SINGLE	genome-seq of Streptomyces cinereoruber
ERR3505393	ERX3526607	ERS3719295	ERP117012	PRJEB34150	Amycolatopsis camponoti		OXFORD_NANOPORE	MinION	116140447.0	51221.0	WGS	GENOMIC	SINGLE	MinION sequencing
SRR22997620	SRX18953709	SRS9835089	SRP272861	PRJNA646575	Bacteroides caccae	BFG-100	OXFORD_NANOPORE	GridION	1203385197.0	168766.0	WGS	GENOMIC	SINGLE	gDNA nanopore sequencing of BFG isolate
SRR33768704	SRX28991374	SRS22456102	SRP444583	PRJNA962904	Escherichia coli		PACBIO_SMRT	Sequel II	172858735.0	10381.0	WGS	GENOMIC	SINGLE	PacBio sequencing of AH0676HC1 for ARCH 2
SRR23401453	SRX19332392	SRS16451718	SRP421871	PRJNA933617	Paenibacillus urinalis	2022CK-00833	OXFORD_NANOPORE	GridION	273383535.0	20532.0	WGS	GENOMIC	SINGLE	Nanopore sequencing of ARLN isolate
SRR22859950	SRX18818633	SRS16251869	SRP414408	PRJNA914892	Staphylococcus aureus	C875	OXFORD_NANOPORE	MinION	370771377.0	128526.0	WGS	GENOMIC	SINGLE	Long read ONT WGS of Staphylococcus aureus isolates from Chronic Rhinosinusitis Patients
ERR12723547	ERX12098088	ERS18395291	ERP158324	PRJEB73555	Klebsiella grimontii		OXFORD_NANOPORE	MinION	1299072779.0	631773.0	WGS	GENOMIC	SINGLE	MinION sequencing
SRR33239960	SRX28486493	SRS24805048	SRP580283	PRJNA1253762	Ralstonia solanacearum	UW594_UCD726	OXFORD_NANOPORE	PromethION	515016241.0	72406.0	WGS	GENOMIC	SINGLE	Genome sequencing of Ralstonia solanacearum in Guatemala: Alamo,Tecun Uman
SRR8436562	SRX5244106	SRS4246734	SRP178651	PRJNA500286	Micromonospora sp. Llam0	Llam0	PACBIO_SMRT	PacBio RS II	445157725.0	239569.0	WGS	GENOMIC	SINGLE	Micromonospora sp. Llam0
ERR10769207	ERX10220101	ERS2785066	ERP104475	PRJEB22771	Streptococcus pneumoniae		PACBIO_SMRT	Sequel II	2795246867.0	388728.0	WGS	GENOMIC	SINGLE	Sequel II sequencing
SRR387059	SRX109940	SRS281279	SRP001087	PRJNA40075	Escherichia coli str. K-12 substr. MG1655	K-12	PACBIO_SMRT	PacBio RS	27852650.0	60667.0	WGS	GENOMIC	SINGLE	Whole Genome Sequencing and Assembly
ERR4184085	ERX4147376	ERS4590898	ERP121870	PRJEB38443	Pseudomonas putida		OXFORD_NANOPORE	MinION	948663540.0	181002.0	WGS	GENOMIC	SINGLE	MinION sequencing; Raw reads: Nanopore_BB1451
SRR34967065	SRX30086500	SRS26152753	SRP608514	PRJNA1305037	Enterobacter roggenkampii	MI_KPC_324	OXFORD_NANOPORE	PromethION	500001974.0	57644.0	WGS	GENOMIC	SINGLE	KPC CRE collection from state of Michigan
ERR15465424	ERX14869319	ERS26347558	ERP179079	PRJEB96336	Klebsiella pneumoniae	EuSCAPE_EE007	OXFORD_NANOPORE	GridION	1111192039.0	326811.0	WGS	GENOMIC	SINGLE	GridION sequencing
ERR3265028	ERX3291672	ERS3355737	ERP114602	PRJEB31984	Escherichia coli		PACBIO_SMRT	PacBio RS II	251873547.0	67455.0	WGS	GENOMIC	SINGLE	PacBio RS II sequencing
SRR23032939	SRX18987637	SRS16399851	SRP413032	PRJNA906522	Pseudomonas aeruginosa	Paer29	OXFORD_NANOPORE	MinION	1185183064.0	193804.0	WGS	GENOMIC	SINGLE	Long read sequencing of Pseudomonas aeruginosa Paer29
SRR34291201	SRX29462360	SRS25606696	SRP595933	PRJNA1282432	Arthrobacter sp. KN11-1C	KN11-1C	PACBIO_SMRT	Revio	619926368.0	72504.0	WGS	GENOMIC	SINGLE	Genome sequencing of Arthrobacter sp. KACC 24083
SRR27972695	SRX23625758	SRS20465332	SRP489819	PRJNA1076692	Klebsiella pneumoniae	RIVM_C055135_dorado	OXFORD_NANOPORE	MinION	74312340.0	20257.0	WGS	GENOMIC	SINGLE	RIVM_C055135_dorado
SRR27972736	SRX23626429	SRS20465645	SRP489819	PRJNA1076692	Staphylococcus aureus	RIVM_M100215_rerio	OXFORD_NANOPORE	MinION	174838461.0	103405.0	WGS	GENOMIC	SINGLE	RIVM_M100215_rerio
ERR159984	ERX135917	ERS088715	ERP001163	PRJEB2848	Bordetella pertussis 18323	18323 (ST24)	PACBIO_SMRT	PacBio RS	123546451.0	81741.0	WGS	GENOMIC	SINGLE	
DRR674098	DRX654200	DRS462649	DRP012940	PRJDB19399	Sphingobacterium nematocida		OXFORD_NANOPORE	MinION	7487140.0	5.0	WGS	GENOMIC	SINGLE	MinION sinlge-end Sequencing of KAS22027085 (KAE22288290)
ERR13802525	ERX13203277	ERS21186400	ERP164461	PRJEB80477	Enterococcus faecalis		OXFORD_NANOPORE	MinION	1179438195.0	354977.0	WGS	GENOMIC	SINGLE	MinION sequencing
SRR12298970	SRX8802243	SRS6792305	SRP266402	PRJNA605147	Escherichia coli	RHB13-C09	PACBIO_SMRT	PacBio RS II	916795757.0	118299.0	WGS	GENOMIC	SINGLE	PACBIO_SMRT sequencing of Escherichia coli isolate RH03|T1-C09 cultured from Pig faeces sample
SRR22353686	SRX18324652	SRS15814065	SRP408862	PRJNA902650	Pasteurella multocida	PF16	OXFORD_NANOPORE	MinION	948498485.0	100463.0	WGS	GENOMIC	SINGLE	genome sequencing of Pasteurella multocida
SRR36067999	SRX31114179	SRS27072669	SRP644837	PRJNA1364846	Enterococcus faecalis	GPT22-006	OXFORD_NANOPORE	GridION	753737062.0	207908.0	WGS	GENOMIC	SINGLE	Enterococcus faecalis, DBT kit, 36-plex and 100 ng DNA, replicate 2
SRR23384521	SRX19323140	SRS16720979	SRP421698	PRJNA924056	Citrobacter koseri	CPO482	OXFORD_NANOPORE	MinION	489301074.0	30354.0	WGS	GENOMIC	SINGLE	WGS of bacterial isolate possessing blaIMP-4 carbapenemase
SRR27972697	SRX23625756	SRS20466028	SRP489819	PRJNA1076692	Escherichia coli	RIVM_C055126_dorado	OXFORD_NANOPORE	MinION	209107948.0	46620.0	WGS	GENOMIC	SINGLE	RIVM_C055126_dorado
SRR12658925	SRX9139985	SRS7381601	SRP282709	PRJNA663005	Klebsiella pneumoniae		OXFORD_NANOPORE	MinION	2196832617.0	423473.0	WGS	GENOMIC	SINGLE	Nanopore WGS of Klebsiella pneumoniae: 16W01963_4
ERR4025934	ERX4027322	ERS3340481	ERP113355	PRJEB30866	Escherichia coli		PACBIO_SMRT	Sequel	3810151676.0	1076088.0	WGS	GENOMIC	SINGLE	Sequel sequencing
SRR386242	SRX109865	SRS002764	SRP001666	PRJNA32461	Coprobacillus cateniformis	D6	PACBIO_SMRT	PacBio RS	54498479.0	81741.0	WGS	GENOMIC	SINGLE	Whole Genome Sequencing and Assembly
SRR21696683	SRX17694099	SRS11554295	SRP354045	PRJNA747871	Streptomyces sp. NBC_01012	NBC_01012	OXFORD_NANOPORE	MinION	1167803087.0	228560.0	WGS	GENOMIC	SINGLE	nanopore sequencing data from strain NBC_01012
SRR36200465	SRX31237140	SRS27216469	SRP649104	PRJNA1367967	Klebsiella pneumoniae	38972B1	OXFORD_NANOPORE	PromethION	2267007863.0	857962.0	WGS	GENOMIC	SINGLE	WGS of clinical Klebsiella pneumoniae from a referral hospital in Bansang, Gambia
SRR32364847	SRX27699299	SRS21131482	SRP444583	PRJNA962904	Klebsiella pneumoniae		PACBIO_SMRT	Sequel II	300908034.0	9558.0	WGS	GENOMIC	SINGLE	PacBio sequencing of CS6696C1 for ARCH 1.0
SRR387188	SRX109908	SRS281278	SRP001087	PRJNA40075	Escherichia coli str. K-12 substr. MG1655	K-12	PACBIO_SMRT	PacBio RS	67888777.0	81741.0	WGS	GENOMIC	SINGLE	Whole Genome Sequencing and Assembly
SRR32370071	SRX27704599	SRS24099097	SRP564386	PRJNA1224596	Klebsiella quasipneumoniae subsp. quasipneumoniae	K-39	OXFORD_NANOPORE	MinION	762517332.0	97886.0	WGS	GENOMIC	SINGLE	Long read WGS of Klebsiella quasipneumoniae subsp. quasipneumoniae: isolate K-39
ERR5353089	ERX5141124	ERS5752863	ERP126298	PRJEB42440	Klebsiella pneumoniae		OXFORD_NANOPORE	MinION	1218478354.0	139586.0	WGS	GENOMIC	SINGLE	MinION sequencing
SRR9214012	SRX5984818	SRS4890348	SRP051949	PRJNA271899	bacterium	KINB_1007	OXFORD_NANOPORE	GridION	588336695.0	119994.0	WGS	GENOMIC	SINGLE	Sequencing of Carbapenem resistant bacteria
SRR14307891	SRX10663285	SRS8145448	SRP301498	PRJNA690640	Enterococcus faecium		OXFORD_NANOPORE	MinION	53394241.0	5097.0	WGS	GENOMIC	SINGLE	WGS of E. faecium
SRR26473425	SRX22177338	SRS19234799	SRP250705	PRJNA607328	Saccharomyces cerevisiae	301.10a	OXFORD_NANOPORE	MinION	715172636.0	126628.0	WGS	GENOMIC	SINGLE	Saccharomyces cerevisiae FELIX_MS700 Nanopore
ERR3685996	ERX3675600	ERS4047797	ERP114207	PRJEB31632	bacterium		OXFORD_NANOPORE	GridION	583961766.0	66643.0	WGS	GENOMIC	SINGLE	GridION sequencing
SRR29762665	SRX25263314	SRS21948428	SRP519048	PRJNA1133736	Shigella flexneri	600717	OXFORD_NANOPORE	MinION	2151756420.0	605604.0	WGS	GENOMIC	SINGLE	WGS of Shigella flexneri serotype 6 isolate 600717
SRR34854875	SRX29986780	SRS26063898	SRP606221	PRJNA1300812	Escherichia coli	DFI_UK_045MTS00209	OXFORD_NANOPORE	GridION	492470454.0	64218.0	WGS	GENOMIC	SINGLE	WGS of Escherichia coli: DFI
SRR34986079	SRX30104891	SRS26168541	SRP608826	PRJNA1305362	Listeria monocytogenes	Lm_346	OXFORD_NANOPORE	MinION	946392573.0	118965.0	WGS	GENOMIC	SINGLE	Oxford Nanopore sequences of an isolated L. monocytogenes strain from wastewater
SRR386432	SRX109874	SRS212335	SRP007231	PRJNA49881	Scardovia wiggsiae F0424	F0424	PACBIO_SMRT	PacBio RS	189008331.0	81741.0	WGS	GENOMIC	SINGLE	Whole Genome Sequencing and Assembly
SRR33768800	SRX28991278	SRS22456440	SRP444583	PRJNA962904	Escherichia coli		PACBIO_SMRT	Sequel II	183045724.0	9994.0	WGS	GENOMIC	SINGLE	PacBio sequencing of AH0466HE1 for ARCH 2
ERR15373207	ERX14776892	ERS23666228	ERP169391	PRJEB86018	Haemophilus influenzae		PACBIO_SMRT	Sequel II	375455246.0	35918.0	WGS	GENOMIC	SINGLE	Sequel II sequencing
SRR5040273	SRX2363529	SRS1804154	SRP093482	PRJNA353756	Enterococcus faecium	missing	PACBIO_SMRT	PacBio RS II	1462718686.0	230857.0	WGS	GENOMIC	SINGLE	C1
SRR13518322	SRX9929370	SRS3060518	SRP042645	PRJNA248792	Salmonella enterica subsp. enterica serovar Infantis	114061	OXFORD_NANOPORE	MinION	524408353.0	120474.0	WGS	GENOMIC	SINGLE	Nanopore sequencing of S. Infantis
SRR30149307	SRX25617326	SRS21937628	SRP518730	PRJNA1133668	Klebsiella pneumoniae	ST258KP7	OXFORD_NANOPORE	MinION	154244838.0	21166.0	WGS	GENOMIC	SINGLE	Nanopore sequencing of clinical CRE isolates: human
SRR4181331	SRX2142567	SRS1674029	SRP086960	PRJNA303808	Actinopolymorpha singaporensis	DSM 22024	PACBIO_SMRT	PacBio RS	1115033815.0	285328.0	WGS	GENOMIC	SINGLE	Actinopolymorpha singaporensis DSM 22024
SRR23392507	SRX19330200	SRS16727141	SRP421832	PRJNA932719	Campylobacter jejuni		OXFORD_NANOPORE	MinION	284500481.0	18201.0	WGS	GENOMIC	SINGLE	Long-read WGS characterization of commensal Campylobacter jejuni and Campylobacter coli isolates from dairy cattle in Northern Spain
SRR33768735	SRX28991343	SRS22397216	SRP444583	PRJNA962904	Klebsiella pneumoniae		PACBIO_SMRT	Sequel II	124064434.0	6619.0	WGS	GENOMIC	SINGLE	PacBio sequencing of AH0095HC1 for ARCH 2
SRR5829177	SRX3006584	SRS2357073	SRP111977	PRJNA364297	Burkholderia sp. JKS000303	JKS000303	PACBIO_SMRT	PacBio RS II	540253078.0	257547.0	WGS	GENOMIC	SINGLE	Burkholderia sp. JKS000303
ERR1731816	ERX1801744	ERS1436444	ERP005928	PRJEB6403	Pseudomonas synxantha	NCTC10696	PACBIO_SMRT	PacBio RS	1825657006.0	163482.0	WGS	GENOMIC	SINGLE	PacBio RS sequencing
SRR24620917	SRX20401657	SRS17709040	SRP438214	PRJNA391502	Curtobacterium sp. MCBD17_035	MCBD17_035	OXFORD_NANOPORE	MinION	475643423.0	45173.0	WGS	GENOMIC	SINGLE	Curtobacterium isolate from plant litter collected from California Desert site of elevation gradient
DRR482574	DRX466800	DRS312812	DRP010188	PRJDB15932	Campylobacter jejuni	BCH-11399	OXFORD_NANOPORE	MinION	114814654.0	6630.0	WGS	GENOMIC	SINGLE	SSUB025744: Campylobacter jejuni BCH-11399
SRR12280622	SRX8784502	SRS7053169	SRP272861	PRJNA646575	Bacteroides thetaiotaomicron		OXFORD_NANOPORE	GridION	774786961.0	59481.0	WGS	GENOMIC	SINGLE	WGS  of Bacteroides fragilis group clinical isolates
ERR5420972	ERX5205536	ERS5845286	ERP126298	PRJEB42440	Klebsiella pneumoniae		OXFORD_NANOPORE	GridION	909665036.0	133058.0	WGS	GENOMIC	SINGLE	GridION sequencing
ERR10498755	ERX10016044	ERS14255808	ERP142629	PRJEB57633	Escherichia coli		OXFORD_NANOPORE	GridION	126834997.0	16051.0	WGS	GENOMIC	SINGLE	Raw reads: ONT_30602_1#373
SRR28223482	SRX23834837	SRS20655796	SRP493331	PRJNA1019103	Pasteurella multocida	212516	OXFORD_NANOPORE	MinION	339998826.0	153686.0	WGS	GENOMIC	SINGLE	DNA-seq of Pasteurella multocida 212516
SRR32486103	SRX27799501	SRS21898298	SRP394274	PRJNA856407	Vibrio parahaemolyticus	AUSMDU00065997	OXFORD_NANOPORE	PromethION	153328162.0	38074.0	WGS	GENOMIC	SINGLE	WGS of Vibrio species from ONT reads
SRR5181956	SRX2498065	SRS1924918	SRP096895	PRJNA353873	Mycobacterium tuberculosis		PACBIO_SMRT	PacBio RS	266680403.0	163482.0	WGS	GENOMIC	SINGLE	DNA of Mtb
SRR3747411	SRX1901277	SRS1544004	SRP078018	PRJNA214298	Thermus scotoductus KI2	KI2	PACBIO_SMRT	PacBio RS	398821439.0	115189.0	WGS	GENOMIC	SINGLE	Thermus scotoductus KI2
SRR15989332	SRX12278207	SRS9998880	SRP357537	PRJNA801416	Klebsiella pneumoniae	16	OXFORD_NANOPORE	GridION	594192161.0	106742.0	WGS	GENOMIC	SINGLE	Whole Genome Sequencing of Carbapenemase-producing Enterobacterales (CPE)
SRR30343002	SRX25801147	SRS22432623	SRP528120	PRJNA1150149	Staphylococcus aureus	ST8	OXFORD_NANOPORE	MinION	193100554.0	40128.0	WGS	GENOMIC	SINGLE	ONT long-read sequencing of potential healthcare transmission pathogens
SRR386791	SRX109958	SRS107442	SRP009303	PRJNA76613	Streptococcus pneumoniae TIGR4	Tigr4	PACBIO_SMRT	PacBio RS	116521767.0	81741.0	WGS	GENOMIC	SINGLE	Whole Genome Sequencing and Assembly
SRR32204193	SRX27545618	SRS23960614	SRP561120	PRJNA1214876	Ekhidna algicida	To15	OXFORD_NANOPORE	MinION	33309241.0	4000.0	WGS	GENOMIC	SINGLE	Ekhidna algicida strain To15 genome
ERR13655792	ERX13026494	ERS20964734	ERP152411	PRJEB67372	Nocardiopsis dassonvillei		PACBIO_SMRT	Revio	384012958.0	58014.0	WGS	GENOMIC	SINGLE	Raw reads: SudanB114_2066
SRR13680627	SRX10070081	SRS8231703	SRP303037	PRJNA694442	Salmonella enterica		OXFORD_NANOPORE	GridION	575123912.0	79921.0	WGS	GENOMIC	SINGLE	Multiplex WGS of Salmonella enterica
ERR10499678	ERX10016960	ERS14257050			Escherichia coli		OXFORD_NANOPORE	GridION	290608628.0	25815.0	WGS	GENOMIC	SINGLE	GridION sequencing; Raw reads: ONT_30821_1#369
SRR4181388	SRX2142624	SRS1674274	SRP086996	PRJNA303806	Agrococcus carbonis	DSM 22965	PACBIO_SMRT	PacBio RS	408952001.0	102195.0	WGS	GENOMIC	SINGLE	Agrococcus carbonis DSM 22965
SRR24760456	SRX20535747	SRS17843839	SRP440092	PRJNA970518	Methylocystis sp. JR02	JR02	PACBIO_SMRT	PacBio RS II	1497910858.0	163482.0	WGS	GENOMIC	SINGLE	Whole genome sequencing of Methylocystis sp. JR02
SRR34854869	SRX29986786	SRS26063904	SRP606221	PRJNA1300812	Escherichia coli	DFI_UK_234MTS000612	OXFORD_NANOPORE	GridION	695698188.0	100147.0	WGS	GENOMIC	SINGLE	WGS of Escherichia coli: DFI
ERR4592254	ERX4525916	ERS5046554	ERP123886	PRJEB40268	Escherichia coli		OXFORD_NANOPORE	MinION	1612041950.0	310224.0	WGS	GENOMIC	SINGLE	MinION sequencing
SRR31235431	SRX26615402	SRS23113925	SRP543347	PRJNA1182389	Escherichia coli	NEB 10-beta	OXFORD_NANOPORE	MinION	2429661.0	1308.0	WGS	GENOMIC	SINGLE	Long Read Sequencing of synthetic plasmid
SRR8359764	SRX5170456	SRS2161697	SRP106082	PRJNA191689	Salmonella enterica subsp. enterica serovar Derby str. CFSAN000564	SGSC 2467	PACBIO_SMRT	PacBio RS II	617888212.0	163482.0	WGS	GENOMIC	SINGLE	Whole genome PacBio RS sequence of Salmonella enterica subsp. enterica serovar Derby
SRR10556205	SRX7237940	SRS5737518	SRP233760	PRJNA460369	Clostridium beijerinckii	DJ235	PACBIO_SMRT	PacBio RS II	384897453.0	77037.0	WGS	GENOMIC	SINGLE	Clostridium beijerinckii DJ235
ERR15465456	ERX14869351	ERS26347590	ERP179079	PRJEB96336	Klebsiella pneumoniae	EuSCAPE_UK099	OXFORD_NANOPORE	GridION	234829454.0	61791.0	WGS	GENOMIC	SINGLE	GridION sequencing
