srr_accession	srx_accession	srs_accession	srp_accession	bioproject	organism	strain	platform	instrument	total_bases	total_spots	library_strategy	library_source	library_layout	title
SRR2819357	SRX1384523	SRS1134897	SRP040661	PRJNA231221	Klebsiella pneumoniae	FDAARGOS_127	PACBIO_SMRT	PacBio RS	663054824.0	163482.0	WGS	GENOMIC	SINGLE	
SRR25759839	SRX21482529	SRS18715067	SRP457026	PRJNA1008870	Mucilaginibacter gossypii	P3	OXFORD_NANOPORE	PromethION	1102804566.0	152821.0	WGS	GENOMIC	SINGLE	WGS of Mucilaginibacter rubeus:P3
SRR9722630	SRX6480138	SRS5130244	SRP215816	PRJNA470993	Staphylococcus aureus	ER02578.3	PACBIO_SMRT	PacBio RS II	315447413.0	92351.0	WGS	GENOMIC	SINGLE	WGS of Staphylococcus aureus
SRR28445657	SRX24049244	SRS20840578	SRP497734	PRJNA1077798	Alteromonas gracilis	J4	OXFORD_NANOPORE	MinION	2712774.0	1000.0	WGS	GENOMIC	SINGLE	Alteromonas gracilis strain J4, whole genome Nanopore Sequencing
SRR35556744	SRX30631316	SRS19727466	SRP150360	PRJNA475751	Escherichia coli	EC01257	OXFORD_NANOPORE	MinION	106012443.0	31611.0	WGS	GENOMIC	SINGLE	WGS Sequencing of Escherichia coli
SRR33600005	SRX28829551	SRS25061967	SRP585898	PRJNA1263016	Staphylococcus aureus	LAC	OXFORD_NANOPORE	MinION	497696592.0	102100.0	WGS	GENOMIC	SINGLE	WGS long read sequencing of MRSA
SRR10520593	SRX7205375	SRS5709781	SRP231881	PRJNA556438	Salmonella enterica subsp. enterica serovar Birkenhead	AUSMDU00010532	PACBIO_SMRT	PacBio RS II	2638844982.0	163482.0	WGS	GENOMIC	SINGLE	WGS of AUSMDU00010532: PacBio
SRR12298448	SRX8801619	SRS6791993	SRP266402	PRJNA605147	Klebsiella pneumoniae	RHBSTW-00062	PACBIO_SMRT	PacBio RS II	940573977.0	112589.0	WGS	GENOMIC	SINGLE	PACBIO_SMRT sequencing of Klebsiella pneumoniae isolate WTP5|T1-00062 cultured from WTP influent sample
SRR5829351	SRX3006703	SRS1832487	SRP094480	PRJNA279196	Bordetella pertussis	H779	PACBIO_SMRT	PacBio RS II	897091744.0	163482.0	WGS	GENOMIC	SINGLE	
SRR12298647	SRX8801930	SRS6792555	SRP266402	PRJNA605147	Escherichia coli	RHB31-C08	OXFORD_NANOPORE	GridION	1812644489.0	470328.0	WGS	GENOMIC	SINGLE	OXFORD_NANOPORE sequencing of Escherichia coli isolate RH10|T3-C08 cultured from Cattle faeces sample
ERR2403051	ERX2443813	ERS1884375	ERP002103	PRJEB1271	Klebsiella pneumoniae	2485STDY7075086	PACBIO_SMRT	PacBio RS	714625640.0	163482.0	WGS	GENOMIC	SINGLE	PacBio RS sequencing
DRR522856	DRX506742	DRS419931	DRP012118	PRJDB16803	Burkholderia gladioli	NB6	PACBIO_SMRT	Sequel	1656031214.0	176697.0	WGS	GENOMIC	SINGLE	Sequel sequencing of SAMD00651214
SRR1185269	SRX482680	SRS420803	SRP022645	PRJNA201983	Escherichia coli BWH 24	BWH 24	PACBIO_SMRT	PacBio RS	173680006.0	81741.0	WGS	GENOMIC	SINGLE	Pacbio whole genome shotgun sequencing of genomic DNA library 'PACBIO-465' containing sample 'Escherichia coli BWH 24'
SRR29224851	SRX24744260	SRS21466221	SRP510673	PRJNA1112792	Salmonella enterica	E1S-038	OXFORD_NANOPORE	GridION	1132747950.0	295200.0	WGS	GENOMIC	SINGLE	Whole genome sequence of E1S-038
DRR401495	DRX387198	DRS253385	DRP005500	PRJDB8147	Escherichia coli	JNE071324	OXFORD_NANOPORE	MinION	1474517273.0	167081.0	WGS	GENOMIC	SINGLE	MinION sequencing of SAMD00523005
SRR36388029	SRX31416430	SRS27399783	SRP653897	PRJNA1378463	Klebsiella pneumoniae	#8012	OXFORD_NANOPORE	MinION	181769404.0	110370.0	WGS	GENOMIC	SINGLE	WGS of Klebsiella pneumoniae ST307 and ST5994: clinical isolates from Cantabria (Spain)
SRR386410	SRX109879	SRS212335	SRP007231	PRJNA49881	Scardovia wiggsiae F0424	F0424	PACBIO_SMRT	PacBio RS	67454658.0	81741.0	WGS	GENOMIC	SINGLE	Whole Genome Sequencing and Assembly
SRR14347932	SRX10701821	SRS8791732	SRP316763	PRJNA716667	Escherichia coli	CX16	OXFORD_NANOPORE	MinION	1602262737.0	195444.0	WGS	GENOMIC	SINGLE	Whole genome sequencing of Escherichia coli isolates from beef
DRR536146	DRX519965	DRS369631	DRP011327	PRJDB17653	Thermus thermophilus	TF25	OXFORD_NANOPORE	MinION	757559343.0	124457.0	WGS	GENOMIC	SINGLE	MinION sequencing of SAMD00754791
SRR25221959	SRX20968622	SRS18241453	SRP448345	PRJNA988043	Rickettsia rickettsii	Highland Creek	PACBIO_SMRT	Sequel II	217386980.0	50887.0	WGS	GENOMIC	SINGLE	Whole genome sequencing of Rickettsia phillipi: Highland Creek strain
ERR11144646	ERX10592030	ERS14838567	ERP144960	PRJEB59914	Streptomyces sp. SudanB5_2050		PACBIO_SMRT	Sequel	2139183743.0	297340.0	WGS	GENOMIC	SINGLE	Sequel sequencing; Raw reads: SudanB5_2050
SRR24807240	SRX20579505	SRS17881495	SRP338930	PRJNA766641	Mycobacterium tuberculosis	IDR 2200029431	OXFORD_NANOPORE	MinION	60942599.0	62915.0	WGS	GENOMIC	SINGLE	MinION sequencing of TB isolates
SRR12280254	SRX8784459	SRS7053126	SRP272861	PRJNA646575	Bacteroides ovatus		OXFORD_NANOPORE	GridION	1575938792.0	169793.0	WGS	GENOMIC	SINGLE	WGS  of Bacteroides fragilis group clinical isolates
SRR24474968	SRX20261260	SRS17592049	SRP436581	PRJNA967113	Enterobacter hormaechei	CPO351	OXFORD_NANOPORE	MinION	577183343.0	44590.0	WGS	GENOMIC	SINGLE	WGS of bacterial isolate possessing blaNDM carbapenemase
SRR9620229	SRX6383252	SRS5042856	SRP212575	PRJNA547252	Pseudonocardia hierapolitana	DSM 45671	PACBIO_SMRT	Sequel	713167781.0	183556.0	WGS	GENOMIC	SINGLE	Pseudonocardia hierapolitana DSM 45671
SRR26193459	SRX21904963	SRS18990964	SRP463451	PRJNA1021585	Mycobacterium tuberculosis	14	PACBIO_SMRT	Sequel II	944359133.0	341324.0	WGS	GENOMIC	SINGLE	PreXDR-TB
SRR5852283	SRX3021715	SRS1832565	SRP094480	PRJNA279196	Bordetella pertussis	I110	PACBIO_SMRT	PacBio RS II	1983943990.0	163482.0	WGS	GENOMIC	SINGLE	
SRR23886250	SRX19698091	SRS17066758	SRP427835	PRJNA944972	Streptomyces sp. MAA1	MAA1	OXFORD_NANOPORE	MinION	330414071.0	507000.0	WGS	GENOMIC	SINGLE	Genome sequencing of Harvard Forest soil isolates
SRR33769034	SRX28991734	SRS22397023	SRP444583	PRJNA962904	Escherichia coli		PACBIO_SMRT	Sequel II	326563749.0	18901.0	WGS	GENOMIC	SINGLE	PacBio sequencing of A010002HE3 for ARCH 2
SRR10918399	SRX7585738	SRS6019394	SRP051949	PRJNA271899	Enterobacter cloacae	UCI_284	OXFORD_NANOPORE	GridION	1847689808.0	713626.0	WGS	GENOMIC	SINGLE	Sequencing of Carbapenem resistant bacteria
ERR15991581	ERX15386687	ERS28170767	ERP184281	PRJEB102899	Pseudomonas aeruginosa		OXFORD_NANOPORE	MinION	624145551.0	51242.0	WGS	GENOMIC	SINGLE	MinION sequencing
SRR22890792	SRX18848706	SRS16280074	SRP414793	PRJNA871981	plant metagenome		PACBIO_SMRT	Sequel	19577558.0	12946.0	WGS	GENOMIC	SINGLE	Microbial diversity of alfalfa
ERR14711344	ERX14112771	ERS23791412	ERP170064	PRJEB86764	Escherichia coli		OXFORD_NANOPORE	MinION	434802825.0	162675.0	WGS	GENOMIC	SINGLE	EXP-4-1-2025-03-10_15-51-09
SRR36153811	SRX31194322	SRS27177414	SRP648098	PRJNA1368854	Neisseria gonorrhoeae	FFF043 gyrBD429N	OXFORD_NANOPORE	MinION	284580964.0	45984.0	WGS	GENOMIC	SINGLE	Genome sequencing of Neisseria gonorrhoeae mutant strain FFF043_gyrBD429N
SRR24918233	SRX20679025	SRS17875857	SRP338930	PRJNA766641	Mycobacterium tuberculosis	IDR 2200034903	OXFORD_NANOPORE	MinION	32710684.0	22969.0	WGS	GENOMIC	SINGLE	MinION sequencing of TB isolates
SRR35130060	SRX30237370	SRS26288613	SRP500352	PRJNA1097666	Escherichia coli	23AR1101	OXFORD_NANOPORE	GridION	1000004073.0	47374.0	WGS	GENOMIC	SINGLE	Escherichia coli strain 23AR1101
SRR2815877	SRX1382871	SRS1133721	SRP040661	PRJNA231221	Vibrio fluvialis	ATCC 33809	PACBIO_SMRT	PacBio RS	1409837826.0	163482.0	WGS	GENOMIC	SINGLE	
SRR3500410	SRX1758446	SRS1433885	SRP074859	PRJNA321327	Staphylococcus simulans	MR1	PACBIO_SMRT	PacBio RS	1959531399.0	163482.0	WGS	GENOMIC	SINGLE	PacBio sequencing of Staphylococcus simulans MR1
SRR26130631	SRX21844047	SRS18942063	SRP462288	PRJNA1016900	Streptomyces sviceus	SAI-124	PACBIO_SMRT	Sequel IIe	737890749.0	98315.0	WGS	GENOMIC	SINGLE	Streptomyces sp. SAI-124
SRR15271126	SRX11576166	SRS5369498	SRP221243	PRJNA497126	Acinetobacter junii	AJ_351	OXFORD_NANOPORE	MinION	118484078.0	15609.0	WGS	GENOMIC	SINGLE	WGS of bacterial isolate
SRR15140964	SRX11448521	SRS9488523	SRP295672	PRJNA681856	Salmonella enterica subsp. arizonae	LHICA_AZ23	OXFORD_NANOPORE	MinION	22651680.0	4000.0	WGS	GENOMIC	SINGLE	Salmonella AZ23
ERR5873029	ERX5516559	ERS3927621	ERP023216	PRJEB20997	Salmonella enterica		PACBIO_SMRT	Sequel	1055258259.0	250898.0	WGS	GENOMIC	SINGLE	Sequel sequencing
SRR26135178	SRX21848549	SRS18945807	SRP462492	PRJNA946810	Pseudomonas aeruginosa	Wound_1_P13	OXFORD_NANOPORE	GridION	89294612.0	18238.0	WGS	GENOMIC	SINGLE	WGS of Pseudomonas aeruginosa from hospitalized patiens from Quito, Ecuador
SRR5878836	SRX3046066	SRS2393313	SRP040661	PRJNA231221	Escherichia coli	FDAARGOS_401	PACBIO_SMRT	PacBio RS	2421757993.0	163482.0	WGS	GENOMIC	SINGLE	
SRR32164096	SRX27509521	SRS23928364	SRP560556	PRJNA1147241	Rhizobium sp. Rhizsp130	CT11-130	OXFORD_NANOPORE	MinION	279268307.0	50386.0	WGS	GENOMIC	SINGLE	wheat associated bacteria:Rhizobium sp.
SRR30602139	SRX26024798	SRS22596506	SRP497400	PRJNA1090919	Sphingomonas leidyi	UC122_23	OXFORD_NANOPORE	MinION	651587047.0	90201.0	WGS	GENOMIC	SINGLE	Whole_genome_23
SRR27596809	SRX23265368	SRS20167318	SRP484288	PRJNA1065929	Escherichia coli	Syn61	OXFORD_NANOPORE	GridION	1341945077.0	270338.0	WGS	GENOMIC	SINGLE	Nanopore sequencing of Syn61 serU KO
ERR13801798	ERX13202592	ERS21132430	ERP163654	PRJEB79489	Thermoanaerobacter kivui	CO-1	OXFORD_NANOPORE	PromethION	177704581.0	204697.0	WGS	GENOMIC	SINGLE	Raw reads: CO-1-G11_14
SRR12247531	SRX8755636	SRS6976250	SRP266402	PRJNA605147	Escherichia coli		OXFORD_NANOPORE	GridION	1808505807.0	240749.0	WGS	GENOMIC	SINGLE	Oxford Nanopore sequencing of Escherichia coli isolate RH03|T2-SOC01 cultured from pig farm soil sample
SRR30896422	SRX26299599	SRS22828321	SRP536878	PRJNA1134622	Escherichia coli	OXEC-138	OXFORD_NANOPORE	MinION	279075496.0	104984.0	WGS	GENOMIC	SINGLE	OXEC-138
SRR386299	SRX109869	SRS212329	SRP007226	PRJNA64815	Bacteroides fragilis CL05T00C42	CL05T00C42	PACBIO_SMRT	PacBio RS	39315299.0	81741.0	WGS	GENOMIC	SINGLE	Whole Genome Sequencing and Assembly
SRR31565425	SRX26931240	SRS23404750	SRP548643	PRJNA1192988	Vibrio cholerae	483-12	OXFORD_NANOPORE	PromethION	808124321.0	240376.0	WGS	GENOMIC	SINGLE	PulseNet Africa ONT sequencing of Vibrio cholerae isolates
ERR10499782	ERX10017064	ERS14248164	ERP142363	PRJEB57392	Escherichia coli		OXFORD_NANOPORE	MinION	446170070.0	888785.0	WGS	GENOMIC	PAIRED	MinION paired end sequencing
SRR31083732	SRX26467150	SRS22981835	SRP540300	PRJNA1176323	Pasteurella multocida	667	OXFORD_NANOPORE	MinION	93744722.0	16250.0	WGS	GENOMIC	SINGLE	DNA-Seq of Pasteurella multocida 667
SRR8551239	SRX5353154	SRS4344415	SRP184728	PRJNA521375	Thiospirochaeta perfilievii	P	PACBIO_SMRT	PacBio RS II	853988522.0	163482.0	WGS	GENOMIC	SINGLE	SpeP
SRR13426038	SRX9841144	SRS8023236	SRP301555	PRJNA690767	Candidatus Hepatincola sp. Av	Av	OXFORD_NANOPORE	MinION	7757518783.0	2456209.0	WGS	GENOMIC	SINGLE	DAN seq from Candidatus Hepatincola isopodorum strain AV from Armadillidium vulgare
SRR386120	SRX109854	SRS002809	SRP001771	PRJNA38519	Fusobacterium animalis 3_1_33	3_1_33	PACBIO_SMRT	PacBio RS	131455706.0	81741.0	WGS	GENOMIC	SINGLE	Whole Genome Sequencing and Assembly
SRR28781551	SRX24346124	SRS21105111	SRP503596	PRJNA1103744	Streptococcus pneumoniae	TL7/1993	PACBIO_SMRT	Sequel II	2098532857.0	256682.0	WGS	GENOMIC	SINGLE	Pacbio sequencing of strain TL7/1993
SRR30896507	SRX26300062	SRS22828783	SRP536878	PRJNA1134622	Escherichia coli	OXEC-350	OXFORD_NANOPORE	MinION	689414934.0	238124.0	WGS	GENOMIC	SINGLE	OXEC-350
SRR25916672	SRX21636500	SRS18806601	SRP321830	PRJNA674638	Lactiplantibacillus pentosus	LA0445	PACBIO_SMRT	PacBio RS	280651824.0	42596.0	WGS	GENOMIC	SINGLE	PacBio sequencing of bacterial genomes associated with fermentation and spoilage of pickling cucumbers
SRR13448717	SRX9861814	SRS8041966	SRP295672	PRJNA681856	Salmonella enterica	LHICA_E3	OXFORD_NANOPORE	MinION	36364605.0	4000.0	WGS	GENOMIC	SINGLE	WGS of Salmonella Lhica E3_88
ERR15658878	ERX15063659	ERS26771590	ERP179457	PRJEB96843	Salmonella enterica subsp. enterica serovar Infantis		OXFORD_NANOPORE	MinION	376242736.0	137927.0	WGS	GENOMIC	SINGLE	MinION sequencing
ERR10498373	ERX10015662	ERS14255417	ERP142629	PRJEB57633	Escherichia coli		OXFORD_NANOPORE	GridION	61765442.0	8699.0	WGS	GENOMIC	SINGLE	Raw reads: ONT_30345_1#227
SRR3114089	SRX1542107	SRS1258609	SRP068787	PRJNA292801	Enterococcus faecium	ISMMS_VRE_7	PACBIO_SMRT	PacBio RS II	1219235903.0	163482.0	WGS	GENOMIC	SINGLE	Vancomycin-resistant Enterococcus VRE_7
SRR18681654	SRX14782843	SRS12539548	SRP368114	PRJNA824420	Escherichia coli	GD03013_ECOL_HY_131	OXFORD_NANOPORE	MinION	468215862.0	48199.0	WGS	GENOMIC	SINGLE	Long-read sequencing of Escherichia coli: isolate #131 urine
ERR13328607	ERX12699635	ERS20388565	ERP160519	PRJEB75963	Bradyrhizobium japonicum		PACBIO_SMRT	PacBio RS II	394627691.0	28484.0	WGS	GENOMIC	SINGLE	Raw reads: CIRCLES_WGS12_RUN2
SRR12200487	SRX8711358	SRS6987323	SRP271399	PRJNA645521	Acinetobacter baumannii	ATCC 17978	PACBIO_SMRT	PacBio RS II	5059468973.0	326964.0	WGS	GENOMIC	SINGLE	WGS of ATCC17978-BlokeschLab
SRR35184080	SRX30288956	SRS26337713	SRP614598	PRJNA709242	Methylorubrum extorquens	TLI 801	PACBIO_SMRT	Sequel IIe	559600264.0	95071.0	WGS	GENOMIC	SINGLE	Methylorubrum extorquens TLI 801
SRR12789466	SRX9258641	SRS7489765	SRP286656	PRJNA667599	Escherichia coli	PI-7	PACBIO_SMRT	Sequel	1159361592.0	221387.0	WGS	GENOMIC	SINGLE	2-12C
ERR15665824	ERX15070403	ERS174282	ERP001784	PRJEB3255	Proteus mirabilis	M548	OXFORD_NANOPORE	MinION	991675243.0	77170.0	WGS	GENOMIC	SINGLE	MinION sequencing
SRR24651252	SRX20431279	SRS17736836	SRP438478	PRJNA885826	Ruminococcus albus 8	8	OXFORD_NANOPORE	MinION	1997311847.0	383557.0	WGS	GENOMIC	SINGLE	PCR free Oxford Nanopore sequencing of genomic DNA from Ruminococcus-albus-8
SRR10297997	SRX7010718	SRS5531504	SRP226004	PRJNA547984	Halomonas sp. B23F22_10	THAF12	OXFORD_NANOPORE	GridION	346249587.0	41359.0	WGS	GENOMIC	SINGLE	ONT SQK-RBK004 library of THAF012 gDNA: R9.4.1 flowcell
ERR15424175	ERX14828119	ERS25489573	ERP174275	PRJEB91289	Acinetobacter baumannii		OXFORD_NANOPORE	PromethION	448715231.0	86563.0	WGS	GENOMIC	SINGLE	Raw reads: MED1131_L
SRR29081072	SRX24605322	SRS21342998	SRP508604	PRJNA1113402	Mycobacterium tuberculosis	TH-19-6143	OXFORD_NANOPORE	MinION	94903620.0	128874.0	WGS	GENOMIC	SINGLE	WGS of clinical Mycobacterium tuberculosis isolates from the Philippines
SRR16249240	SRX12529002	SRS10489263	SRP040661	PRJNA231221	Burkholderia vietnamiensis	FDAARGOS_1488	PACBIO_SMRT	Sequel	3088292560.0	694830.0	WGS	GENOMIC	SINGLE	
SRR32649596	SRX27954007	SRS24319912	SRP569572	PRJNA1234539	Variovorax paradoxus NBRC 15149	35b25	PACBIO_SMRT	Sequel II	461561365.0	53373.0	WGS	GENOMIC	SINGLE	Whole genome sequencing of Strain 35b25
DRR393604	DRX379423	DRS296937	DRP007849	PRJDB10842	Citrobacter freundii	JBAGABE-19-0007	OXFORD_NANOPORE	GridION	350667942.0	186123.0	WGS	GENOMIC	SINGLE	GridION sequencing of SAMD00497815
SRR15076596	SRX11386619	SRS9431233	SRP040661	PRJNA231221	Aeromonas sp. FDAARGOS 1414	FDAARGOS 1414	PACBIO_SMRT	Sequel II	1746919815.0	430777.0	WGS	GENOMIC	SINGLE	
SRR34773743	SRX29907126	SRS26006416	SRP604529	PRJNA1294544	Stutzerimonas chloritidismutans	CYJ03	PACBIO_SMRT	Sequel II	750014674.0	37790.0	WGS	GENOMIC	SINGLE	SchlCYJ03
SRR2146903	SRX1134565	SRS1024451	SRP062081	PRJNA238918	Burkholderia mallei	KC_1092	PACBIO_SMRT	PacBio RS II	1545471103.0	377856.0	WGS	GENOMIC	SINGLE	BMH_PacBio
SRR34967098	SRX30086467	SRS26152732	SRP608514	PRJNA1305037	Klebsiella pneumoniae	MI_KPC_238	OXFORD_NANOPORE	PromethION	345588456.0	34600.0	WGS	GENOMIC	SINGLE	KPC CRE collection from state of Michigan
SRR27187029	SRX22867231	SRS18545600	SRP453959	PRJNA1003301	Escherichia coli		OXFORD_NANOPORE	MinION	934605550.0	249414.0	WGS	GENOMIC	SINGLE	K8_long-read
SRR35790532	SRX30839822	SRS26847031	SRP632343	PRJNA1345344	Lactiplantibacillus plantarum	Lactiplantibacillus plantarum PS128	PACBIO_SMRT	PacBio RS II	1316808600.0	4389362.0	WGS	GENOMIC	PAIRED	Whole-genome sequencing of Lactiplantibacillus plantarum PS128
SRR35628932	SRX30685102	SRS26704517	SRP627750	PRJNA1333901	Comamonadaceae bacterium	KH_043	OXFORD_NANOPORE	MinION	1183800203.0	109340.0	WGS	GENOMIC	SINGLE	Oxford Nanopore sequences of cultivable bacteria collected in an iron ore mine and a crystal cave
ERR10497818	ERX10015107	ERS14254751	ERP142629	PRJEB57633	Escherichia coli		OXFORD_NANOPORE	GridION	98448751.0	10472.0	WGS	GENOMIC	SINGLE	Raw reads: ONT_30224_1#288
SRR3735524	SRX1891044	SRS1534005	SRP077688	PRJNA205960	Acidobacteriaceae bacterium KBS 146	KBS 146	PACBIO_SMRT	PacBio RS	79677344.0	24627.0	WGS	GENOMIC	SINGLE	Acidobacteriaceae sp. KBS 146
ERR15665916	ERX15070495	ERS222789	ERP001784	PRJEB3255	Proteus sp. (in: enterobacteria)		OXFORD_NANOPORE	MinION	166498316.0	18073.0	WGS	GENOMIC	SINGLE	MinION sequencing
SRR9722669	SRX6480100	SRS5130206	SRP215816	PRJNA470993	Staphylococcus aureus	ER03023.3	PACBIO_SMRT	PacBio RS II	892697341.0	135717.0	WGS	GENOMIC	SINGLE	WGS of Staphylococcus aureus
SRR24289054	SRX20084508	SRS17416973	SRP434206	PRJNA957546	Pseudomonas sp. Ap32	Ap32	OXFORD_NANOPORE	GridION	7820522.0	4000.0	WGS	GENOMIC	SINGLE	Genome sequencing of Pseudomonas apalachicolensis
SRR29819965	SRX25318986	SRS21988595	SRP519730	PRJNA1135485	Salmonella		OXFORD_NANOPORE	MinION	534424650.0	86542.0	WGS	GENOMIC	SINGLE	WGS Salmonella isolates from cattle
SRR516898	SRX148633	SRS281882	SRP013241	PRJNA73829	Vibrio cholerae		PACBIO_SMRT	PacBio RS	103794204.0	60667.0	WGS	GENOMIC	SINGLE	Whole Genome Sequencing of Haitian Vibrio cholerae: Continuous Long Read (CLR) data
SRR13575355	SRX9973507	SRS8145954	SRP303741	PRJNA695586	Streptococcus pyogenes	M4C20	OXFORD_NANOPORE	MinION	2789193.0	4000.0	WGS	GENOMIC	SINGLE	Whole genome sequence of Streptococcus pyogenes strain M4C20
SRR35233895	SRX30337114	SRS26381189	SRP291668	PRJNA675431	Klebsiella pneumoniae	KP1833	OXFORD_NANOPORE	PromethION	1350044166.0	425130.0	WGS	GENOMIC	SINGLE	WGS of Klebsiella pneumoniae
ERR12833689	ERX12206500	ERS18714788	ERP157202	PRJEB72410	Klebsiella pneumoniae		OXFORD_NANOPORE	MinION	427965252.0	124685.0	WGS	GENOMIC	SINGLE	MinION sequencing
SRR7416570	SRX4287527	SRS3451339	SRP151194	PRJNA237995	Streptomyces griseus	S4-7	PACBIO_SMRT	PacBio RS II	284119972.0	58157.0	WGS	GENOMIC	SINGLE	S4-7 genome data
SRR29788350	SRX25288229	SRS19679229	SRP475049	PRJNA1046639	Staphylococcus aureus	sa230705barcode22	OXFORD_NANOPORE	MinION	370361286.0	200733.0	WGS	GENOMIC	SINGLE	Staphylococcus aureus strain sa230705barcode22
SRR29316800	SRX24833343	SRS21545175	SRP512379	PRJNA1121190	Vibrio cholerae	136Vc01	OXFORD_NANOPORE	PromethION	256278140.0	44072.0	WGS	GENOMIC	SINGLE	WGS of Vcholerae isolates
SRR24140382	SRX19938695	SRS17287403	SRP247747	PRJNA604975	Escherichia coli	ox_bsi_347	OXFORD_NANOPORE	GridION	174403831.0	178180.0	WGS	GENOMIC	SINGLE	oxford_bsi
SRR9619700	SRX6382743	SRS5042342	SRP212547	PRJNA547240	Micromonospora sp. CNZ280	CNZ280	PACBIO_SMRT	Sequel	4280653675.0	1366325.0	WGS	GENOMIC	SINGLE	Micromonospora sp. CNZ280
ERR15682215	ERX15086642	ERS26973183	ERP171481	PRJEB88388	Pseudomonas sp. R-91693	R-91693	OXFORD_NANOPORE	MinION	761356360.0	238317.0	WGS	GENOMIC	SINGLE	Raw reads: Pseudomonas sp. R-91693
SRR10520829	SRX7205580	SRS5710288	SRP231919	PRJNA345723	Clostridium butyricum	DJ065	PACBIO_SMRT	PacBio RS II	955752674.0	341240.0	WGS	GENOMIC	SINGLE	Clostridium butyricum DJ065
SRR498052	SRX148634	SRS281882	SRP013241	PRJNA73829	Vibrio cholerae		PACBIO_SMRT	PacBio RS	223515.0	468.0	WGS	GENOMIC	SINGLE	
SRR32364924	SRX27699222	SRS21122797	SRP444583	PRJNA962904	Klebsiella quasipneumoniae		PACBIO_SMRT	Sequel II	251978714.0	12139.0	WGS	GENOMIC	SINGLE	PacBio sequencing of AS27770E2 for ARCH 1.0
SRR34500448	SRX29644338	SRS1278932	SRP069749	PRJNA310138	Rhizobium leguminosarum	KDH_Rht_415_C	PACBIO_SMRT	Revio	227164684.0	24884.0	WGS	GENOMIC	SINGLE	Rhizobium leguminosarum long reads
SRR35213225	SRX30317133	SRS26364068	SRP615992	PRJNA1301220	Acinetobacter baumannii	ABO22-H084	OXFORD_NANOPORE	MinION	151462414.0	49346.0	WGS	GENOMIC	SINGLE	Whole geneme sequencing of Acinetobacter baumannii: isolates of the Ab-One study
ERR2532465	ERX2550886	ERS2419217	ERP005928	PRJEB6403	Porphyromonas circumdentaria	NCTC12469	PACBIO_SMRT	PacBio RS	968421927.0	163482.0	WGS	GENOMIC	SINGLE	PacBio RS sequencing
SRR34986061	SRX30104909	SRS26168559	SRP608826	PRJNA1305362	Listeria monocytogenes	Lm_040	OXFORD_NANOPORE	MinION	1562119745.0	224583.0	WGS	GENOMIC	SINGLE	Oxford Nanopore sequences of an isolated L. monocytogenes strain from wastewater
SRR13449126	SRX9862244	SRS8042175	SRP295672	PRJNA681856	Salmonella enterica subsp. salamae	LHICA_SA3	OXFORD_NANOPORE	MinION	27855885.0	4000.0	WGS	GENOMIC	SINGLE	WGS of Salmonella Lhica SA3_22
SRR29286272	SRX24803393	SRS21519423	SRP511822	PRJNA1119682	Streptococcus pneumoniae	ST556 with rpsL1	PACBIO_SMRT	PacBio RS II	5072048265.0	413172.0	WGS	GENOMIC	SINGLE	SMRT-seq of Streptococcus pneumoniae ST606: wild type
SRR1955824	SRX981325	SRS896138	SRP040661	PRJNA231221	Staphylococcus aureus	FDAARGOS_27	PACBIO_SMRT	PacBio RS	495922569.0	163482.0	WGS	GENOMIC	SINGLE	
SRR26950728	SRX22644478	SRS19641537	SRP474291	PRJNA1043871	Bacillus sp. PBL-C9	PBL-C9	OXFORD_NANOPORE	MinION	30510.0	21.0	WGS	GENOMIC	SINGLE	Bacillus sp. PBL-C9 Genome sequencing and assembly
SRR27778292	SRX23443187	SRS20296733	SRP486680	PRJNA1070412	Enterococcus faecalis	FB-R	OXFORD_NANOPORE	MinION	1627391085.0	440918.0	WGS	GENOMIC	SINGLE	Raw sequence of E.faecalis phage resistant mutant FB-R
SRR14628364	SRX10968809	SRS9046468	SRP321015	PRJNA731114	Pseudomonas aeruginosa	PaLo552	OXFORD_NANOPORE	MinION	341517847.0	69854.0	WGS	GENOMIC	SINGLE	Nanopore sequencing of Pseudomonas aeruginosa isolates
DRR671303	DRX651405	DRS468465	DRP013125	PRJDB19303	Shewanella japonica		PACBIO_SMRT	PacBio RS II	1299796276.0	151587.0	WGS	GENOMIC	SINGLE	PacBio RS II sinlge-end Sequencing of KAS22021909 (KAE22235310)
SRR30944940	SRX26347464	SRS22853361	SRP537443	PRJNA1170947	Serratia marcescens	CAV1492	OXFORD_NANOPORE	MinION	2007128252.0	176355.0	WGS	GENOMIC	SINGLE	Whole Genome Sequencing of CAV2445: Sink-3PS
SRR7739756	SRX4596105	SRS3680025	SRP158268	PRJNA480016	Staphylococcus aureus	CFBR-105	OXFORD_NANOPORE	MinION	693454946.0	86389.0	WGS	GENOMIC	SINGLE	Genome Sequence of Staphylococcus aureus Cystic Fibrosis Isolates
ERR15095060	ERX14499662	ERS24813683	ERP119900	PRJEB36683	Klebsiella pneumoniae 11227-1		OXFORD_NANOPORE	PromethION	1139843661.0	316746.0	WGS	GENOMIC	SINGLE	Raw reads: RKPB033_L
SRR29778977	SRX25278903	SRS21698280	SRP418402	PRJNA925803	Streptococcus dysgalactiae subsp. equisimilis	MGCS35926	OXFORD_NANOPORE	GridION	113352039.0	78552.0	WGS	GENOMIC	SINGLE	WGS of Streptococcus dysgalactiae subsp. equisimilis
SRR26135313	SRX21848667	SRS18945927	SRP462494	PRJNA1019784	Shigella sonnei	3.6.1.1.2	OXFORD_NANOPORE	GridION	329250135.0	60773.0	WGS	GENOMIC	SINGLE	WGS of Shigella in Vancouver, 2021-23
SRR30949486	SRX26351998	SRS22817323	SRP536567	PRJNA1165464	Escherichia coli	Not applicable	OXFORD_NANOPORE	MinION	176385854.0	39767.0	WGS	GENOMIC	SINGLE	Nanopore sequencing of E.coli: blood isolate
SRR11209271	SRX7822162	SRS6233359	SRP251108	PRJNA609126	Staphylococcus aureus	SA1428	OXFORD_NANOPORE	GridION	102063602.0	4000.0	WGS	GENOMIC	SINGLE	Genome sequence of a chronic Staphylococcus aureus isolated from dairy cow that is non-responsive to antibiotic treatment
ERR15991633	ERX15386739	ERS28170819	ERP184281	PRJEB102899	Pseudomonas aeruginosa		OXFORD_NANOPORE	GridION	1026582166.0	107111.0	WGS	GENOMIC	SINGLE	GridION sequencing
SRR31583424	SRX26948830	SRS23420292	SRP548954	PRJNA1193326	Campylobacter coli		OXFORD_NANOPORE	MinION	278496047.0	31664.0	WGS	GENOMIC	SINGLE	Long-read Nanopore-based WGS characterization of antimicrobial resistant Campylobacter jejuni and Campylobacter coli isolates from humans, animals and food products in Northern Spain within a One Health approach
SRR13089726	SRX9535652	SRS7742121	SRP293329	PRJNA679678	Escherichia coli	S24EC	OXFORD_NANOPORE	MinION	523007484.0	84153.0	WGS	GENOMIC	SINGLE	Nanopore sequencing reads for Escherichia coli strain S24EC
SRR12280447	SRX8784269	SRS7053042	SRP272861	PRJNA646575	Phocaeicola vulgatus		OXFORD_NANOPORE	GridION	1776827916.0	188806.0	WGS	GENOMIC	SINGLE	WGS  of Bacteroides fragilis group clinical isolates
SRR8359909	SRX5170601	SRS2161698	SRP106083	PRJNA191684	Salmonella enterica subsp. diarizonae str. CFSAN000558	SGSC 3068	PACBIO_SMRT	PacBio RS II	1510787005.0	163482.0	WGS	GENOMIC	SINGLE	Whole genome PacBio RS sequence of Salmonella enterica subsp. diarizonae serovar IIIb 50:1,2,3:k:z
ERR10498536	ERX10015825	ERS14255307	ERP142629	PRJEB57633	Escherichia coli		OXFORD_NANOPORE	GridION	65724615.0	14202.0	WGS	GENOMIC	SINGLE	Raw reads: ONT_30348_2#21
SRR25778345	SRX21500935	SRS18732411	SRP457280	PRJNA763404	Streptococcus suis	Ssuis_MA7	PACBIO_SMRT	Sequel	404473696.0	349552.0	WGS	GENOMIC	SINGLE	Whole genome sequencing of Streptococcus suis
ERR10676348	ERX10144112	ERS14333447	ERP143248	PRJEB58185	Campylobacter jejuni		OXFORD_NANOPORE	MinION	192600268.0	319934.0	WGS	GENOMIC	PAIRED	MinION paired end sequencing
ERR159975	ERX135913	ERS088717	ERP001163	PRJEB2848	Staphylococcus aureus subsp. aureus TW20	TW20	PACBIO_SMRT	PacBio RS	299526516.0	81741.0	WGS	GENOMIC	SINGLE	
SRR26437389	SRX22142119	SRS19201872	SRP467311	PRJNA1026547	Acinetobacter baumannii	ACC00445_zosurabalpin_3	OXFORD_NANOPORE	GridION	358358752.0	36140.0	WGS	GENOMIC	SINGLE	WGS of Acinetobacter baumannii: ACC00445 derivative with elevated RG6006 MIC
SRR35808521	SRX30857811	SRS26863771	SRP633462	PRJNA1346110	Streptococcus dysgalactiae subsp. equisimilis	UT9728	OXFORD_NANOPORE	MinION	854054569.0	432074.0	WGS	GENOMIC	SINGLE	WGS:UT9728 Replicates
SRR12247651	SRX8755516	SRS6976384	SRP266402	PRJNA605147	Citrobacter braakii	RHB44-SE-C08	OXFORD_NANOPORE	GridION	2036130295.0	388066.0	WGS	GENOMIC	SINGLE	Oxford Nanopore sequencing of Citrobacter freundii isolate RH18|T1-SEC08 cultured from poultry farm sediment sample
SRR12280427	SRX8784289	SRS7053006	SRP272861	PRJNA646575	Bacteroides fragilis		OXFORD_NANOPORE	GridION	1530431241.0	290037.0	WGS	GENOMIC	SINGLE	WGS  of Bacteroides fragilis group clinical isolates
ERR13600546	ERX12971569	ERS6631453	ERP109316	PRJEB27256	Klebsiella pneumoniae		OXFORD_NANOPORE	GridION	918882895.0	39237.0	WGS	GENOMIC	SINGLE	GridION sequencing
ERR15284517	ERX14690351	SRS1840583	ERP176771	PRJEB93892	Klebsiella pneumoniae	INF298	OXFORD_NANOPORE	MinION	919071425.0	224355.0	WGS	GENOMIC	SINGLE	MinION sequencing
SRR13258502	SRX9689280	SRS7886570	SRP297072	PRJNA682584	Enterococcus faecium	Dallas 111	OXFORD_NANOPORE	MinION	387271523.0	94368.0	WGS	GENOMIC	SINGLE	WGS of vancomycin resistant Enterococcus faecium collected from Dallas, Texas
SRR32636996	SRX27941637	SRS24307908	SRP253329	PRJNA613441	Klebsiella	pneumoniae	OXFORD_NANOPORE	MinION	226199444.0	90347.0	WGS	GENOMIC	SINGLE	Clinical Carbapenem-Resistant Isolate in Lebanese Hospitals
DRR723677	DRX703698	DRS495814	DRP013760	PRJDB20694	Natronotalea proteinilytica	JCM 31342	PACBIO_SMRT	Revio	211423756.0	18272.0	WGS	GENOMIC	SINGLE	Revio sequencing of SAMD01611197
ERR2125713	ERX2182565	ERS1502667	ERP005928	PRJEB6403	Neisseria polysaccharea	NCTC 11858	PACBIO_SMRT	PacBio RS	1857392276.0	163482.0	WGS	GENOMIC	SINGLE	PacBio RS sequencing
SRR17842163	SRX14003121	SRS11841421	SRP357667	PRJNA798866	Acinetobacter baumannii	AB171-VUB	OXFORD_NANOPORE	MinION	820430876.0	60080.0	WGS	GENOMIC	SINGLE	AB171-VUB complete chromosome
ERR13064387	ERX12434911	ERS18677354	ERP155943	PRJEB71065	Enterococcus lactis		PACBIO_SMRT	Sequel II	99436399.0	8791.0	WGS	GENOMIC	SINGLE	Sequel II sequencing
DRR667307	DRX647409	DRS457061	DRP012869	PRJDB20344	Fusibacter fontis	JCM 19912	PACBIO_SMRT	Revio	111149050.0	7506.0	WGS	GENOMIC	SINGLE	Revio sequencing of SAMD00887365
SRR31024237	SRX26411326	SRS22931279	SRP539092	PRJNA1174068	Vibrio cholerae	mHDM VC207	OXFORD_NANOPORE	PromethION	133285168.0	82954.0	WGS	GENOMIC	SINGLE	WGS of Vcholerae isolates
SRR11252160	SRX7862283	SRS6271174	SRP251869	PRJNA610035	Salmonella enterica subsp. enterica serovar Adjame	434304	OXFORD_NANOPORE	MinION	723206863.0	138105.0	WGS	GENOMIC	SINGLE	MioION seq of Salmonella:Adjame serovar
SRR21630252	SRX17630764	SRS11554274	SRP354045	PRJNA747871	Kitasatospora papulosa	NBC_00185	OXFORD_NANOPORE	MinION	590255832.0	74807.0	WGS	GENOMIC	SINGLE	nanopore sequencing data from strain NBC_00185
ERR1805672	ERX1868699	ERS1324116	ERP005928	PRJEB6403	Legionella rubrilucens	NCTC11987	PACBIO_SMRT	PacBio RS	56326603.0	163482.0	WGS	GENOMIC	SINGLE	PacBio RS sequencing
ERR10178618	ERX9715051	ERS13444797	ERP132884	PRJEB48506	Salmonella enterica subsp. enterica serovar Paratyphi A		OXFORD_NANOPORE	MinION	599229820.0	209241.0	WGS	GENOMIC	SINGLE	MinION sequencing; Raw reads: SEAP7506606_MinION
SRR32021923	SRX27372373	SRS21631174	SRP074197	PRJNA288601	Enterobacter hormaechei	2024HL-00577	OXFORD_NANOPORE	GridION	681410234.0	176090.0	WGS	GENOMIC	SINGLE	Long read sequencing of carbapenemase producing organisms
SRR12936589	SRX9400291	SRS7617962	SRP040661	PRJNA231221	Corynebacterium riegelii	FDAARGOS_1114	PACBIO_SMRT	PacBio RS	290998797.0	163482.0	WGS	GENOMIC	SINGLE	
ERR10499493	ERX10016779	ERS14257032			Escherichia coli		OXFORD_NANOPORE	GridION	243596501.0	28895.0	WGS	GENOMIC	SINGLE	GridION sequencing; Raw reads: ONT_30345_1#306
SRR13449085	SRX9862285	SRS8042175	SRP295672	PRJNA681856	Salmonella enterica subsp. salamae	LHICA_SA3	OXFORD_NANOPORE	MinION	31060270.0	4000.0	WGS	GENOMIC	SINGLE	WGS of Salmonella Lhica SA3_60
ERR16119358	ERX15508953	ERS28447457	ERP186608	PRJEB105405	Novacetimonas hansenii		OXFORD_NANOPORE	MinION			WGS	GENOMIC	SINGLE	Raw reads: MCF_B2_Nanopore
SRR31598877	SRX26963609	SRS23433322	SRP549287	PRJNA1185485	Escherichia coli	175	OXFORD_NANOPORE	PromethION	378155696.0	119138.0	WGS	GENOMIC	SINGLE	FW-Pig-barcode89
SRR25865495	SRX21586902	SRS18786956	SRP457925	PRJNA1011016	Staphylococcus aureus	21SAU_AGRO3	OXFORD_NANOPORE	MinION	853423688.0	89605.0	WGS	GENOMIC	SINGLE	WGS of Staphylococcus aureus: sweet potato leaf
ERR1895605	ERX1955995	ERS1064045	ERP014298	PRJEB12791	Burkholderia multivorans		PACBIO_SMRT	PacBio RS	3177198583.0	163482.0	WGS	GENOMIC	SINGLE	PacBio RS sequencing
ERR8607204	ERX8239784	ERS10607606	ERP135255	PRJEB50649	Neisseria gonorrhoeae		OXFORD_NANOPORE	MinION	121836347.0	36560.0	WGS	GENOMIC	SINGLE	MinION sequencing
SRR5935058	SRX3095116	SRS2432288	SRP115478	PRJNA398368	Bacillus spizizenii ATCC 6633 = JCM 2499	ATCC 6633	OXFORD_NANOPORE	MinION	6447131176.0	718432.0	WGS	GENOMIC	SINGLE	B. subtilis in Lambda Carrier
SRR10096472	SRX6828652	SRS3967805	SRP161673	PRJNA292663	Escherichia coli	CVM N17EC0616	PACBIO_SMRT	Sequel	5371292735.0	1321781.0	WGS	GENOMIC	SINGLE	Quinolone resistant E.coli
SRR15654680	SRX11951721	SRS9961795	SRP334469	PRJNA757420	Cupriavidus gilardii	NOV2-1	PACBIO_SMRT	PacBio RS II	1503769974.0	150530.0	WGS	GENOMIC	PAIRED	C_gilardii_NOV2-1
ERR2580787	ERX2597852	ERS1615938	ERP009820	PRJEB8783	Mycobacterium tuberculosis H37Rv		PACBIO_SMRT	PacBio RS	1118292478.0	163482.0	WGS	GENOMIC	SINGLE	PacBio RS sequencing
SRR21630408	SRX17630992	SRS14987205	SRP354045	PRJNA747871	Streptomyces sp. NBC_00708	NBC_00708	OXFORD_NANOPORE	MinION	289123974.0	40627.0	WGS	GENOMIC	SINGLE	nanopore sequencing data from strain NBC_00708
SRR35556679	SRX30631381	SRS19727519	SRP150360	PRJNA475751	Klebsiella pneumoniae	KLP00652	OXFORD_NANOPORE	MinION	771117344.0	161934.0	WGS	GENOMIC	SINGLE	WGS Sequencing of Klebsiella pneumoniae
SRR18700781	SRX14801748	SRS12559729	SRP369036	PRJNA695775	Microbacterium esteraromaticum	DSM 8609	PACBIO_SMRT	Sequel II	3009458498.0	559141.0	WGS	GENOMIC	SINGLE	Microbacterium esteraromaticum DSM 8609
ERR13802605	ERX13203357	ERS21186480	ERP164461	PRJEB80477	Staphylococcus aureus		OXFORD_NANOPORE	MinION	268855781.0	77623.0	WGS	GENOMIC	SINGLE	MinION sequencing
ERR15665915	ERX15070494	ERS222761	ERP001784	PRJEB3255	Escherichia coli		OXFORD_NANOPORE	MinION	706886135.0	97518.0	WGS	GENOMIC	SINGLE	MinION sequencing
SRR2818093	SRX1384195	SRS1134795	SRP040661	PRJNA231221	Vibrio parahaemolyticus	ATCC 17802	PACBIO_SMRT	PacBio RS	755054506.0	163482.0	WGS	GENOMIC	SINGLE	
SRR10211303	SRX6930941	SRS5461236	SRP191068	PRJNA528511	Escherichia coli	GTEN_284	OXFORD_NANOPORE	GridION	155407596.0	48500.0	WGS	GENOMIC	SINGLE	Global TravEpiNet AMR surveillance Genome sequencing and assembly
ERR999907	ERX1078943	ERS744787	ERP005928	PRJEB6403	Raoultella ornithinolytica	NCTC9164	PACBIO_SMRT	PacBio RS	2052428584.0	163482.0	WGS	GENOMIC	SINGLE	PacBio RS sequencing
SRR12390633	SRX8889155	SRS7148679	SRP275967	PRJNA632059	Novosphingobium sp. R1F6A	R1F6A	PACBIO_SMRT	PacBio RS II	3072119916.0	491821.0	WGS	GENOMIC	SINGLE	Novosphingobium sp. R1F6A
SRR24001249	SRX19804753	SRS17166616	SRP429910	PRJNA909850	human blood metagenome	-	OXFORD_NANOPORE	GridION	866575031.0	199846.0	WGS	GENOMIC	SINGLE	DNA isolation from S. baumannii using Roche
SRR35504513	SRX30580313	SRS26609491	SRP616549	PRJNA1314197	Mycobacterium tuberculosis	not applicable	OXFORD_NANOPORE	GridION	221432857.0	95972.0	WGS	GENOMIC	SINGLE	WGS of M. tb from sputum, Phenol-Rapid prep, Sample BC23
SRR15989261	SRX12277606	SRS9998517	SRP357537	PRJNA801416	Klebsiella pneumoniae	24	OXFORD_NANOPORE	GridION	1579338339.0	280746.0	WGS	GENOMIC	SINGLE	Whole Genome Sequencing of Carbapenemase-producing Enterobacterales (CPE)
ERR13600655	ERX12971678	ERS15600105	ERP132614	PRJEB48268	Klebsiella pneumoniae		OXFORD_NANOPORE	GridION	1285608253.0	113369.0	WGS	GENOMIC	SINGLE	GridION sequencing
DRR572645	DRX556112	DRS426404	DRP012251	PRJDB17574	Escherichia coli	YK-IS1MA-L10-1_G08	OXFORD_NANOPORE	MinION	103015567.0	8517.0	WGS	GENOMIC	SINGLE	nanopore-seq of SAMD00748221 L10-1_G8
ERR4184154	ERX4147445	ERS4590907	ERP121870	PRJEB38443	Citrobacter werkmanii		OXFORD_NANOPORE	MinION	473079070.0	213375.0	WGS	GENOMIC	SINGLE	MinION sequencing; Raw reads: Nanopore_BB1460
SRR32972771	SRX28245785	SRS24593448	SRP576427	PRJNA1190511	Yersinia pestis	50010	PACBIO_SMRT	Sequel	1851478760.0	193539.0	WGS	GENOMIC	SINGLE	WGS of Yersinia pestis: cultured strain 50010
ERR1210811	ERX1283053	ERS901498	ERP005928	PRJEB6403	Streptococcus pyogenes	NCTC12062	PACBIO_SMRT	PacBio RS	1033349555.0	163482.0	WGS	GENOMIC	SINGLE	PacBio RS sequencing
SRR11146896	SRX7783022	SRS6199693	SRP246080	PRJNA603908	Escherichia coli	p4A_H1	OXFORD_NANOPORE	GridION	792821481.0	101207.0	WGS	GENOMIC	SINGLE	ONT-seq of E. coli:p4A_H1
SRR12280448	SRX8784268	SRS7053041	SRP272861	PRJNA646575	Bacteroides salyersiae		OXFORD_NANOPORE	GridION	391985515.0	31369.0	WGS	GENOMIC	SINGLE	WGS  of Bacteroides fragilis group clinical isolates
ERR13363110	ERX12733996	ERS20579617	ERP151254	PRJEB66182	Klebsiella pneumoniae 11227-1		OXFORD_NANOPORE	PromethION	2946906598.0	944780.0	WGS	GENOMIC	SINGLE	PromethION sequencing
SRR21640901	SRX17641039	SRS1929711	SRP361569	PRJNA768416	Bacillus cereus	FSL R5-0811	OXFORD_NANOPORE	MinION	1562367674.0	317022.0	WGS	GENOMIC	SINGLE	WGS of Bacilli
SRR386540	SRX109804	SRS212337	SRP007233	PRJNA64879	Fusobacterium animalis F0419	OT 420	PACBIO_SMRT	PacBio RS	37309718.0	81741.0	WGS	GENOMIC	SINGLE	Whole Genome Sequencing and Assembly
SRR15827901	SRX12119897	SRS10099935	SRP336307	PRJNA761884	Escherichia coli	X_72	PACBIO_SMRT	PacBio RS II	1375528385.0	176211.0	WGS	GENOMIC	SINGLE	WGS of Escherichia coli: sample C889
ERR14314288	ERX13715384	ERS23193143	ERP169026	PRJEB85647	Escherichia coli		OXFORD_NANOPORE	MinION	112057238.0	10119.0	WGS	GENOMIC	SINGLE	E.coli_WGS_14Nov2023
SRR18729613	SRX14830116	SRS12585881	SRP369762	PRJNA825705	Klebsiella pneumoniae	ST-16	OXFORD_NANOPORE	MinION	8293588097.0	1002486.0	WGS	GENOMIC	SINGLE	ONT sequencing of Klebsiella pneumoniae: sample KLPN-6
SRR25467157	SRX21199767	SRS18458352	SRP452337	PRJNA1000618	Escherichia coli	Escherichia coli BL21(DE3)	OXFORD_NANOPORE	MinION	5573669.0	4000.0	WGS	GENOMIC	SINGLE	CASTVK transposition with different condition
SRR23392510	SRX19330197	SRS16727138	SRP421832	PRJNA932719	Campylobacter jejuni		OXFORD_NANOPORE	MinION	196030175.0	12529.0	WGS	GENOMIC	SINGLE	Long-read WGS characterization of commensal Campylobacter jejuni and Campylobacter coli isolates from dairy cattle in Northern Spain
DRR520173	DRX504059	DRS347570	DRP010943	PRJDB17196	Staphylococcus epidermidis	KUHPSE03	OXFORD_NANOPORE	MinION	1021112808.0	177377.0	WGS	GENOMIC	SINGLE	MinION sequencing of SAMD00725007
ERR15183301	ERX14588691	ERS25125701	ERP160948	PRJEB76420	Escherichia coli		OXFORD_NANOPORE	MinION			WGS	GENOMIC	SINGLE	MinION sequencing
ERR1070152	ERX1150302	ERS799801	ERP005928	PRJEB6403	Klebsiella aerogenes	NCTC9644	PACBIO_SMRT	PacBio RS	1247434053.0	163482.0	WGS	GENOMIC	SINGLE	PacBio RS sequencing
ERR16064648	ERX15454830	ERS28397783	ERP173262	PRJEB90249	Streptococcus pyogenes		OXFORD_NANOPORE	GridION	86681587.0	28321.0	WGS	GENOMIC	SINGLE	GridION sequencing
SRR35281938	SRX30384011	SRS26424129	SRP618029	PRJNA1321121	Streptococcus uberis	1121751	OXFORD_NANOPORE	MinION	189534072.0	79551.0	WGS	GENOMIC	SINGLE	WGS of Streptoccocus uberis islated from cows with mastitis
SRR22784819	SRX18744625	SRS16179767	SRP413484	PRJNA912639	Escherichia coli	EC_8630_1S2_D	OXFORD_NANOPORE	MinION	235821006.0	36344.0	WGS	GENOMIC	SINGLE	WGS of Escherichia coli
SRR11747311	SRX8300636	SRS1753269	SRP091806	PRJNA348396	Campylobacter concisus	P3UCO1	OXFORD_NANOPORE	MinION	126884512.0	95591.0	WGS	GENOMIC	SINGLE	Nanopore sequence of Campylobacter concisus
SRR1811719	SRX866605	SRS837414	SRP055199	PRJNA274640	Escherichia coli	K-12	PACBIO_SMRT	PacBio RS	2019017681.0	163482.0	WGS	GENOMIC	SINGLE	Sup Fig 3:  Data from Figure 5 used to generate this analysis using HGAP
SRR9027963	SRX5805502	SRS4735085	SRP188851	PRJNA523365	Mycobacterium avium complex sp.	JHN_AV_0059_1	OXFORD_NANOPORE	GridION	397074854.0	266440.0	WGS	GENOMIC	SINGLE	Sequencing of non-tuberculosis mycobacteria
SRR8749645	SRX5540604	SRS4506264	SRP051949	PRJNA271899	Klebsiella pneumoniae	KINS_1049	OXFORD_NANOPORE	GridION	96682585.0	20990.0	WGS	GENOMIC	SINGLE	Sequencing of Carbapenem resistant bacteria
ERR2377075	ERX2425385	ERS2269681	ERP105869	PRJEB24070	Pseudomonas aeruginosa LESB65		PACBIO_SMRT	PacBio RS	685059478.0	163482.0	WGS	GENOMIC	SINGLE	PacBio RS sequencing
SRR25741485	SRX21465019	SRS18699983	SRP456656	PRJNA983748	Staphylococcus aureus	ST352	OXFORD_NANOPORE	GridION	902887776.0	306467.0	WGS	GENOMIC	SINGLE	WGS of S. aureus: Bulk Tank Milk
SRR6818875	SRX3775807	SRS1350031	SRP068738	PRJNA292900	Pseudomonas aeruginosa	AR_0095	PACBIO_SMRT	PacBio RS II	412202909.0	163482.0	WGS	GENOMIC	SINGLE	PacBio SMRT Sequencing of Pseudomonas aeruginosa FDA-CDC-AR_0095 Genomic Library
SRR30149511	SRX25617122	SRS3052383	SRP518730	PRJNA1133668	Klebsiella pneumoniae	258	OXFORD_NANOPORE	MinION	344386948.0	40572.0	WGS	GENOMIC	SINGLE	Nanopore sequencing of clinical CRE isolates: human
SRR28434556	SRX24038825	SRS20831722	SRP497546	PRJNA1091452	Listeria monocytogenes	L-01	OXFORD_NANOPORE	MinION	1123557912.0	151122.0	WGS	GENOMIC	SINGLE	ONT performance study sequencing of L. monocytogenes
SRR36003505	SRX31052796	SRS27042491	SRP644249	PRJNA1363095	Clostridioides difficile	630 Delta erm Delta7	OXFORD_NANOPORE	MinION	681740713.0	206231.0	WGS	GENOMIC	SINGLE	WGS of 630Delta erm Delta7
ERR5353104	ERX5141139	ERS5753024	ERP126298	PRJEB42440	Klebsiella pneumoniae		OXFORD_NANOPORE	MinION	416460131.0	66610.0	WGS	GENOMIC	SINGLE	MinION sequencing
SRR13893582	SRX10273432	SRS8406418	SRP309815	PRJNA686978	Klebsiella pneumoniae	not collected	OXFORD_NANOPORE	MinION	1819179616.0	187628.0	WGS	GENOMIC	SINGLE	nanopore sequencing of k pneumoniae: clinical isolate
SRR32250945	SRX27588916	SRS20831711	SRP497546	PRJNA1091452	Klebsiella pneumoniae	KP19-PS	OXFORD_NANOPORE	MinION	881691391.0	141728.0	WGS	GENOMIC	SINGLE	native ONT data from Klebsiella pneumoniae
SRR9663393	SRX6424267	SRS5080827	SRP213989	PRJNA536285	Streptomyces sp. IMCr09	SLBN-31	PACBIO_SMRT	Sequel	2155901581.0	580696.0	WGS	GENOMIC	SINGLE	Streptomyces sp. SLBN-31
SRR35049678	SRX30164066	SRS26224588	SRP212399	PRJNA548188	Borreliella burgdorferi	BL522	PACBIO_SMRT	PacBio RS II	1928926306.0	163482.0	WGS	GENOMIC	SINGLE	"=""Genome sequencing of Borreliella burgdorferi: ""&B6"
SRR33768876	SRX28991202	SRS22456257	SRP444583	PRJNA962904	Klebsiella pneumoniae		PACBIO_SMRT	Sequel II	164133629.0	7589.0	WGS	GENOMIC	SINGLE	PacBio sequencing of AH0335HE1 for ARCH 2
DRR667348	DRX647450	DRS456670	DRP012867	PRJDB20346	Hydrogenovibrio thermophilus	JCM 12397	PACBIO_SMRT	Revio	141829667.0	11976.0	WGS	GENOMIC	SINGLE	Revio sequencing of SAMD00887286
SRR9722576	SRX6480192	SRS5130298	SRP215816	PRJNA470993	Staphylococcus aureus	ER01116.3	PACBIO_SMRT	PacBio RS II	239645043.0	94122.0	WGS	GENOMIC	SINGLE	WGS of Staphylococcus aureus
ERR13600339	ERX12971362	SRS16422190	SRP416981	PRJNA922900	Klebsiella pneumoniae	Kpn46	OXFORD_NANOPORE	GridION	558689100.0	32770.0	WGS	GENOMIC	SINGLE	GridION sequencing
ERR10499751	ERX10017033	ERS14248195	ERP142363	PRJEB57392	Escherichia coli		OXFORD_NANOPORE	MinION	559916588.0	930094.0	WGS	GENOMIC	PAIRED	MinION paired end sequencing
ERR1193261	ERX1266645	ERS849586	ERP005928	PRJEB6403	Streptococcus dysgalactiae subsp. equisimilis	NCTC6407	PACBIO_SMRT	PacBio RS	1612161144.0	163482.0	WGS	GENOMIC	SINGLE	PacBio RS sequencing
ERR1124227	ERX1203426	ERS811729	ERP005928	PRJEB6403	Staphylococcus aureus	NCTC5663	PACBIO_SMRT	PacBio RS	3508905481.0	163482.0	WGS	GENOMIC	SINGLE	PacBio RS sequencing
SRR28434771	SRX24038350	SRS20831657	SRP497546	PRJNA1091452	Staphylococcus aureus	SA77-PS	OXFORD_NANOPORE	MinION	332516566.0	90759.0	WGS	GENOMIC	SINGLE	ONT performance study sequencing of S. aureus
SRR32528060	SRX27839468	SRS24213927	SRP567071	PRJNA1230128	Salmonella enterica subsp. enterica serovar Anatum	22EPA055NSA_13	OXFORD_NANOPORE	MinION	447649940.0	119519.0	WGS	GENOMIC	SINGLE	nanopore sequence of Salmonella enterica
SRR34967375	SRX30086862	SRS26152985	SRP608514	PRJNA1305037	Klebsiella pneumoniae	MI_KPC_295	OXFORD_NANOPORE	PromethION	500001511.0	62735.0	WGS	GENOMIC	SINGLE	KPC CRE collection from state of Michigan
SRR33769483	SRX28991879	SRS22396973	SRP444583	PRJNA962904	Klebsiella pneumoniae		PACBIO_SMRT	Sequel II	135997940.0	16635.0	WGS	GENOMIC	SINGLE	PacBio sequencing of AH0085HE2 for ARCH 2
SRR27732884	SRX23398472	SRS20259222	SRP486057	PRJNA1037066	Ralstonia pseudosolanacearum	NS25	OXFORD_NANOPORE	PromethION	7024735086.0	377405.0	WGS	GENOMIC	SINGLE	ONT Sequencing of NS
SRR21979966	SRX17963137	SRS15479504	SRP403610	PRJNA757133	Escherichia coli	MS20655	OXFORD_NANOPORE	MinION	281676141.0	99994.0	WGS	GENOMIC	SINGLE	NMEC whole genome sequence
SRR19776618	SRX15820878	SRS12273963	SRP364249	PRJNA816422	Helicobacter pylori	Hpfe0021	OXFORD_NANOPORE	MinION	529117246.0	84975.0	WGS	GENOMIC	SINGLE	nanopore sequencing of h. pylori genomic DNA
SRR30200640	SRX25663743	SRS22306280	SRP525621	PRJNA1133913	Klebsiella pneumoniae	3086_kpn	OXFORD_NANOPORE	GridION	337665582.0	45544.0	WGS	GENOMIC	SINGLE	ONT seq of kpn:sputum
ERR10854429	ERX10299196	ERS7358115	ERP109413	PRJEB27342	Klebsiella michiganensis		PACBIO_SMRT	Sequel II	10856927165.0	2832117.0	WGS	GENOMIC	SINGLE	Sequel II sequencing
SRR13366502	SRX9790575	SRS7976444	SRP051949	PRJNA271899	Enterobacter cloacae	BIDMC146	OXFORD_NANOPORE	GridION	831552112.0	152601.0	WGS	GENOMIC	SINGLE	Sequencing of Carbapenem resistant bacteria
SRR30149456	SRX25617177	SRS21937401	SRP518730	PRJNA1133668	Klebsiella pneumoniae	ST3359KP2	OXFORD_NANOPORE	MinION	522660155.0	82082.0	WGS	GENOMIC	SINGLE	Nanopore sequencing of clinical CRE isolates: human
SRR18681624	SRX14782873	SRS12539489	SRP368114	PRJNA824420	Escherichia coli	GD02906_ECOL_HY_21	OXFORD_NANOPORE	MinION	295900087.0	41210.0	WGS	GENOMIC	SINGLE	Long-read sequencing of Escherichia coli: isolate #21 blood
SRR13448507	SRX9861662	SRS8041853	SRP295672	PRJNA681856	Salmonella enterica subsp. diarizonae	LHICA_D1	OXFORD_NANOPORE	MinION	21360313.0	4000.0	WGS	GENOMIC	SINGLE	WGS of Salmonella Lhica D1_16
SRR31486890	SRX26855061	SRS20734132	SRP074197	PRJNA288601	Escherichia coli	2024HL-00262	OXFORD_NANOPORE	MinION	282325097.0	54702.0	WGS	GENOMIC	SINGLE	Long read sequencing of carbapenemase producing organisms
ERR13326727	ERX12697755	ERS20295469	ERP161282	PRJEB76791	Salmonella enterica subsp. enterica serovar Agona		OXFORD_NANOPORE	MinION	194886276.0	29528.0	WGS	GENOMIC	SINGLE	MinION sequencing
ERR6536250	ERX6163073	ERS4039996	ERP023216	PRJEB20997	Salmonella enterica		PACBIO_SMRT	Sequel II	656978662.0	118448.0	WGS	GENOMIC	SINGLE	Sequel II sequencing
SRR29816258	SRX25315451	SRS21985209	SRP519641	PRJNA1135336	Enterococcus faecium		OXFORD_NANOPORE	GridION	2041432629.0	444920.0	WGS	GENOMIC	SINGLE	Whole genome sequencing of VRE
SRR35303642	SRX30405623	SRS26442091	SRP618388	PRJNA1321833	Klebsiella pneumoniae	NK01067	OXFORD_NANOPORE	MinION	5935499703.0	322241.0	WGS	GENOMIC	SINGLE	Nanopore sequencing of Klebsiella: NK01067
ERR14710589	ERX14112016	ERS23790103	ERP170064	PRJEB86764	Acinetobacter baumannii		OXFORD_NANOPORE	MinION	401671493.0	145770.0	WGS	GENOMIC	SINGLE	EXP-3-1-2025-03-10_12-07-01
ERR15941481	ERX15337026	ERS27416797	ERP185476	PRJEB104171	Escherichia coli		OXFORD_NANOPORE	MinION	312318747.0	75513.0	WGS	GENOMIC	SINGLE	MinION sequencing
SRR21541287	SRX17543654	SRS15090883	SRP367713	PRJNA823737	Ralstonia solanacearum	missing	OXFORD_NANOPORE	MinION	1225666648.0	282081.0	WGS	GENOMIC	SINGLE	Whole genome sequencing of Ralstonia solanacearum
SRR28926173	SRX24482260	SRS20746043	SRP395888	PRJNA812595	Acinetobacter baumannii	2024CK-00247	OXFORD_NANOPORE	GridION	215020155.0	34897.0	WGS	GENOMIC	SINGLE	Nanopore sequencing of ARLN isolate
SRR19843322	SRX15887066	SRS12115023	SRP361569	PRJNA768416	Bacillus sp. FSL M7-0558	FSL M7-0558	OXFORD_NANOPORE	MinION	1461679408.0	310692.0	WGS	GENOMIC	SINGLE	WGS of Bacilli
ERR15284515	ERX14690349	ERS711121	ERP176771	PRJEB93892	Klebsiella pneumoniae	INF289	OXFORD_NANOPORE	MinION	257504082.0	32058.0	WGS	GENOMIC	SINGLE	MinION sequencing
SRR34699564	SRX29834856	SRS25898688	SRP602616	PRJNA1294593	Salmonella enterica subsp. enterica serovar Typhimurium var. monophasic	22-SA00423-0	OXFORD_NANOPORE	MinION	121383721.0	13814.0	WGS	GENOMIC	SINGLE	WGS of Salmonella enterica subsp. enterica isolate 22-SA00423-0 using ONT technology
SRR31024303	SRX26411260	SRS22931217	SRP539092	PRJNA1174068	Vibrio cholerae	mHDM VC102	OXFORD_NANOPORE	PromethION	116107108.0	93582.0	WGS	GENOMIC	SINGLE	WGS of Vcholerae isolates
ERR13600444	ERX12971467	ERS6631000	ERP109316	PRJEB27256	Klebsiella pneumoniae		OXFORD_NANOPORE	GridION	747946319.0	67286.0	WGS	GENOMIC	SINGLE	GridION sequencing
SRR18700976	SRX14801939	SRS12559920	SRP369081	PRJNA695770	Glutamicibacter nicotianae	DSM 20579	PACBIO_SMRT	Sequel II	10445560659.0	2388016.0	WGS	GENOMIC	SINGLE	Corynebacterium liquefaciens DSM 20579
SRR387200	SRX109892	SRS281278	SRP001087	PRJNA40075	Escherichia coli str. K-12 substr. MG1655	K-12	PACBIO_SMRT	PacBio RS	97080947.0	81741.0	WGS	GENOMIC	SINGLE	Whole Genome Sequencing and Assembly
SRR386954	SRX109916	SRS281278	SRP001087	PRJNA40075	Escherichia coli str. K-12 substr. MG1655	K-12	PACBIO_SMRT	PacBio RS	57606227.0	81741.0	WGS	GENOMIC	SINGLE	Whole Genome Sequencing and Assembly
SRR15076386	SRX11386411	SRS9431065	SRP040661	PRJNA231221	Streptococcus mutans	FDAARGOS 1458	PACBIO_SMRT	Sequel II	2627727461.0	253896.0	WGS	GENOMIC	SINGLE	
SRR33370078	SRX28613755	SRS20646592	SRP445695	PRJNA957587	Enterobacter hormaechei subsp. xiangfangensis	EER 314_2023	OXFORD_NANOPORE	MinION	1111303418.0	1071999.0	WGS	GENOMIC	SINGLE	Enterobacter cloacae complex genome Sequencing
SRR21901519	SRX17887572	SRS15404805	SRP402555	PRJNA872900	Micrococcus yunnanensis	TT7	OXFORD_NANOPORE	MinION	82478825.0	12893.0	WGS	GENOMIC	SINGLE	Genome Seq of Micrococcus yunnanensis MinIon seq
ERR972362	ERX1049339	ERS715429	ERP005928	PRJEB6403	Escherichia coli	NCTC11132	PACBIO_SMRT	PacBio RS	1654300041.0	163482.0	WGS	GENOMIC	SINGLE	PacBio RS sequencing
SRR7721915	SRX4578791	SRS3693231	SRP158403	PRJNA281531	Pasteurella multocida	USDA-ARS-USMARC-60714	PACBIO_SMRT	PacBio RS II	1806837797.0	163482.0	WGS	GENOMIC	SINGLE	WGS of Pasteurella multocida USDA-ARS-USMARC-60714
SRR36200509	SRX31237096	SRS27216425	SRP649104	PRJNA1367967	Klebsiella pneumoniae	SS25E	OXFORD_NANOPORE	PromethION	644025283.0	586776.0	WGS	GENOMIC	SINGLE	WGS of clinical Klebsiella pneumoniae from a referral hospital in Bansang, Gambia
DRR089658	DRX071005	DRS083259	DRP004699	PRJDB5293	Aphanothece sacrum FPU1	FPU1	PACBIO_SMRT	PacBio RS II	1312407643.0	163482.0	WGS	GENOMIC	SINGLE	PacBio RS II sequencing of SAMD00066878
SRR25775079	SRX21497703	SRS18683218	SRP401127	PRJNA886432	Bacillus thuringiensis serovar tenebrionis	ten BI 256-82/CM3	OXFORD_NANOPORE	MinION	7522226622.0	1514538.0	WGS	GENOMIC	SINGLE	DNA-SeqofBacillusthuringiensisssp.tenebrionis
SRR21630440	SRX17630803	SRS14987013	SRP354045	PRJNA747871	Streptomyces anulatus	NBC_00535	OXFORD_NANOPORE	MinION	635021029.0	67987.0	WGS	GENOMIC	SINGLE	nanopore sequencing data from strain NBC_00535
SRR19820497	SRX15864424	SRS13526027	SRP361569	PRJNA768416	Oceanobacillus sp. FSL W7-1309	FSL W7-1309	OXFORD_NANOPORE	MinION	188237139.0	94584.0	WGS	GENOMIC	SINGLE	WGS of Bacilli
SRR31486889	SRX26855062	SRS21111728	SRP074197	PRJNA288601	Pseudomonas mosselii	2024HL-00417	OXFORD_NANOPORE	MinION	297472885.0	66700.0	WGS	GENOMIC	SINGLE	Long read sequencing of carbapenemase producing organisms
ERR13332130	ERX12703147	ERS16392030	ERP151328	PRJEB66266	Clostridioides difficile R20291		OXFORD_NANOPORE	GridION	692148240.0	84192.0	WGS	GENOMIC	SINGLE	GridION sequencing
ERR2125805	ERX2182657	ERS1573008	ERP005928	PRJEB6403	Mycobacterium xenopi	NCTC10042	PACBIO_SMRT	PacBio RS	769667178.0	163482.0	WGS	GENOMIC	SINGLE	PacBio RS sequencing
SRR35178749	SRX30283599	SRS26332657	SRP614097	PRJNA1293422	Proteus mirabilis	HUP14	OXFORD_NANOPORE	PromethION	749932720.0	223503.0	WGS	GENOMIC	SINGLE	Whole-genome sequencing of Proteus mirabilis
SRR26403600	SRX22109324	SRS19174097	SRP466673	PRJNA1028676	Neisseria meningitidis	EXNM678	PACBIO_SMRT	Sequel II	990334678.0	116367.0	WGS	GENOMIC	SINGLE	PacBio sequencing of N meningitidis EXNM678
ERR597266	ERX554229	ERS462979	ERP005928	PRJEB6403	Enterobacter cancerogenus	NCTC12126	PACBIO_SMRT	PacBio RS	976117413.0	163482.0	WGS	GENOMIC	SINGLE	PacBio RS sequencing
SRR14103433	SRX10475235	SRS8604441	SRP312718	PRJNA718542	Brevibacterium laterosporus	SN19-1	PACBIO_SMRT	Sequel II	21456998646.0	1780357.0	WGS	GENOMIC	SINGLE	genome-seq
DRR482575	DRX466801	DRS312813	DRP010188	PRJDB15932	Campylobacter jejuni	BCH-11411	OXFORD_NANOPORE	MinION	148069451.0	78642.0	WGS	GENOMIC	SINGLE	SSUB025744: Campylobacter jejuni BCH-11411
ERR10820957	ERX10266557	ERS7761485	ERP109413	PRJEB27342	Klebsiella pneumoniae		PACBIO_SMRT	Sequel II	16382432144.0	6495546.0	WGS	GENOMIC	SINGLE	Sequel II sequencing
SRR7637786	SRX4501331	SRS3622099	SRP156143	PRJNA449717	Helicobacter saguini	97-6194-5 (F0)	PACBIO_SMRT	PacBio RS II	107037296.0	39614.0	WGS	GENOMIC	SINGLE	WGS of H. saguini 97-6194-5 (F0)
ERR4910173	ERX4776997	ERS4556739	ERP121699	PRJEB38289	Klebsiella pneumoniae		PACBIO_SMRT	PacBio RS	755802362.0	54494.0	WGS	GENOMIC	SINGLE	PacBio RS sequencing
SRR12298988	SRX8802225	SRS6792656	SRP266402	PRJNA605147	Enterobacter asburiae	RHBSTW-01055	OXFORD_NANOPORE	GridION	146677546.0	52896.0	WGS	GENOMIC	SINGLE	OXFORD_NANOPORE sequencing of Enterobacter cloacae isolate WTP2|T3-01055 cultured from WTP effluent sample
ERR14905095	ERX14309403	ERS24300102	ERP172116	PRJEB89064	Bordetella holmesii	FR7062	OXFORD_NANOPORE	GridION			WGS	GENOMIC	SINGLE	GridION sequencing
SRR4063157	SRX2052210	SRS1644578	SRP082775	PRJNA217215	Maribacter forsetii DSM 18668	DSM 18668	PACBIO_SMRT	PacBio RS	157301668.0	62324.0	WGS	GENOMIC	SINGLE	Maribacter forsetii DSM18668
SRR24140045	SRX19938360	SRS17287069	SRP247747	PRJNA604975	Escherichia coli	ox_bsi_164	OXFORD_NANOPORE	GridION	78900963.0	93994.0	WGS	GENOMIC	SINGLE	oxford_bsi
SRR1004229	SRX361071	SRS488063	SRP030622	PRJNA178996	Ehrlichia chaffeensis str. Wakulla	Wakulla	PACBIO_SMRT	PacBio RS	213843738.0	81741.0	WGS	GENOMIC	SINGLE	
SRR684506	SRX228367	SRS411273	SRP022777	PRJNA82541	Enterococcus columbae DSM 7374 = ATCC 51263	ATCC 51263	PACBIO_SMRT	PacBio RS	79343511.0	81741.0	WGS	GENOMIC	SINGLE	Pacbio whole genome shotgun sequencing of genomic DNA library 'LR_116_Ecolumbae' containing sample 'ATCC51263' from individual 'Enterococcus_columbae_ATCC51263'
ERR13863752	ERX13266511	ERS21338657	ERP165332	PRJEB81499	Klebsiella oxytoca		OXFORD_NANOPORE	GridION	1208999559.0	646340.0	WGS	GENOMIC	SINGLE	GridION sequencing
ERR10317393	ERX9850664	ERS4418138	ERP120876	PRJEB37551	Escherichia coli		OXFORD_NANOPORE	MinION	577676183.0	150289.0	WGS	GENOMIC	SINGLE	MinION sequencing; Raw reads: EbB041
SRR31541009	SRX26907915	SRS23387374	SRP548173	PRJNA1190675	Escherichia coli	The same strain as the one under SRA accession SRR7223137	OXFORD_NANOPORE	MinION	1151578125.0	237114.0	WGS	GENOMIC	SINGLE	ONT of TAS200
SRR23347567	SRX19289466	SRS16690584	SRP421131	PRJNA931653	Escherichia coli K-12	K-12	OXFORD_NANOPORE	GridION	14440776.0	4000.0	WGS	GENOMIC	SINGLE	Nanopore sequencing of Ciprofloxacin challenged E. coli
DRR424339	DRX409545	DRS205780	DRP007744	PRJDB12343	Escherichia coli	MyNCGM13	OXFORD_NANOPORE	MinION	533768052.0	33843.0	WGS	GENOMIC	SINGLE	MinION sequencing of SAMD00406352
SRR19119761	SRX15187412	SRS12926684	SRP373959	PRJNA834920	Acidovorax sp. NCPPB 2350	NCPPB 2350	OXFORD_NANOPORE	MinION	47142467.0	6758.0	WGS	GENOMIC	SINGLE	short read WGS of NCPPB2350
ERR581107	ERX539194	ERS437411	ERP005355	PRJEB5919	Salmonella enterica subsp. enterica serovar Typhi		PACBIO_SMRT	PacBio RS	710304666.0	163482.0	WGS	GENOMIC	SINGLE	PacBio RS sequencing
SRR31598761	SRX26963725	SRS23433436	SRP549287	PRJNA1185485	Escherichia coli	606	OXFORD_NANOPORE	PromethION	663236335.0	124543.0	WGS	GENOMIC	SINGLE	RMB-NoR-barcode04
SRR27887953	SRX23549710	SRS19902421	SRP478651	PRJNA1053631	Lamprobacter modestohalophilus	ShNLb02	OXFORD_NANOPORE	MinION	5949300.0	3686.0	WGS	GENOMIC	SINGLE	The genome sequence of the moderately halophilic Lamprobacter modestohalophilus ShNLb02_OxfordNanoporeLongReads
SRR12934922	SRX9398682	SRS7616805	SRP040661	PRJNA231221	Pseudomonas fluorescens	FDAARGOS_1088	PACBIO_SMRT	Sequel	1084941448.0	247215.0	WGS	GENOMIC	SINGLE	
ERR13600800	ERX12971823	ERS5521055	ERP126193	PRJEB42350	Klebsiella pneumoniae		OXFORD_NANOPORE	GridION	692982922.0	26932.0	WGS	GENOMIC	SINGLE	GridION sequencing
SRR13386099	SRX9805330	SRS7989405	SRP300861	PRJNA663900	Enterococcus sp. DIV0755f	DIV0755f	OXFORD_NANOPORE	GridION	642668440.0	227776.0	WGS	GENOMIC	SINGLE	Zoo 3 Enterococcus Diversity Genome sequencing and assembly
SRR35213347	SRX30317010	SRS26363945	SRP615992	PRJNA1301220	Acinetobacter baumannii	ABO22-H046	OXFORD_NANOPORE	MinION	446195312.0	55893.0	WGS	GENOMIC	SINGLE	Whole geneme sequencing of Acinetobacter baumannii: isolates of the Ab-One study
SRR31599144	SRX26963940	SRS23433653	SRP549287	PRJNA1185485	Escherichia coli	348	OXFORD_NANOPORE	PromethION	577631153.0	135460.0	WGS	GENOMIC	SINGLE	Pig-barcode43
SRR9172017	SRX5944682	SRS4856674	SRP040661	PRJNA231221	Salmonella enterica	FDAARGOS_708	PACBIO_SMRT	PacBio RS	2792705661.0	163482.0	WGS	GENOMIC	SINGLE	
SRR27972443	SRX23626010	SRS20465449	SRP489819	PRJNA1076692	Pseudomonas aeruginosa	RIVM_C059465_rerio	OXFORD_NANOPORE	MinION	192580663.0	48893.0	WGS	GENOMIC	SINGLE	RIVM_C059465_rerio
SRR32325626	SRX27660607	SRS24065711	SRP563564	PRJNA1221122	Acinetobacter baumannii	Acinetobacter baumannii ATCC 19606	OXFORD_NANOPORE	PromethION	1042921374.0	82776.0	WGS	GENOMIC	SINGLE	Genome sequencing of Acinetobacter baumannii
SRR4176911	SRX2141508	SRS1673297	SRP086888	PRJNA303869	Pseudomonas gessardii	LMG 21604	PACBIO_SMRT	PacBio RS	475848037.0	138823.0	WGS	GENOMIC	SINGLE	Pseudomonas gessardii BS2982
SRR28434426	SRX24038615	SRS20831699	SRP497546	PRJNA1091452	Staphylococcus aureus	SA67-PS	OXFORD_NANOPORE	MinION	272146432.0	33430.0	WGS	GENOMIC	SINGLE	ONT performance study sequencing of S. aureus
SRR35785775	SRX30835064	SRS26843709	SRP632095	PRJNA1345082	Escherichia coli	13-2015-C34	OXFORD_NANOPORE	PromethION	60900499.0	18770.0	WGS	GENOMIC	SINGLE	WGS of persistently-infected Escherichia coli strain restreaks
SRR7172060	SRX4089927	SRS3306668	SRP119082	PRJNA274591	Spiroplasma	hy1	PACBIO_SMRT	PacBio RS II	5717374929.0	163482.0	WGS	GENOMIC	SINGLE	Pacbio data of Drosophila hydei with Spiroplasma hy1
SRR33769420	SRX28991942	SRS22456423	SRP444583	PRJNA962904	Klebsiella michiganensis		PACBIO_SMRT	Sequel II	315721934.0	15577.0	WGS	GENOMIC	SINGLE	PacBio sequencing of AH0950HE1 for ARCH 2
SRR32649593	SRX27954010	SRS24319916	SRP569572	PRJNA1234539	Enterobacter ludwigii	4b24	PACBIO_SMRT	Sequel II	322727594.0	26176.0	WGS	GENOMIC	SINGLE	Whole genome sequencing of Strain 4b24
SRR32184196	SRX27529378	SRS16968689	SRP426074	PRJNA941188	Bacillus subtilis	DSM 13019	OXFORD_NANOPORE	GridION	1539963911.0	260977.0	WGS	GENOMIC	SINGLE	WGS of Bacillus subtilis: cell culture
SRR6202032	SRX3312016	ERS711097	ERP006536	PRJEB6891	Klebsiella pneumoniae	INF274	OXFORD_NANOPORE	MinION	165542641.0	25691.0	WGS	GENOMIC	SINGLE	ONT nanopore long read sequencing of K. pneumoniae
SRR28445596	SRX24049079	SRS20840578	SRP497734	PRJNA1077798	Alteromonas gracilis	J4	OXFORD_NANOPORE	MinION	2874958.0	1000.0	WGS	GENOMIC	SINGLE	Alteromonas gracilis strain J4, whole genome Nanopore Sequencing
SRR35298692	SRX30400759	SRS26437373	SRP618279	PRJNA1315179	Salmonella enterica subsp. enterica	Typhi	OXFORD_NANOPORE	MinION	1107640804.0	253683.0	WGS	GENOMIC	SINGLE	MinION sequencing of Salmonella Typhi
SRR27467536	SRX23139094	SRS20090152	SRP482617	PRJNA942599	Mammaliicoccus sciuri	Dog116	PACBIO_SMRT	Sequel II	1670458219.0	156070.0	WGS	GENOMIC	SINGLE	PacBio sequencing of canine Staphylococcaceae isolated from a Kenyan shelter in June 2071
ERR9030389	ERX8573799	ERS10792325	ERP133548	PRJEB49093	Mycobacterium tuberculosis	Lineage 4.1.1.3	OXFORD_NANOPORE	MinION	608127635.0	146532.0	WGS	GENOMIC	SINGLE	MinION sequencing; Raw reads: R20983-nanopore
SRR386567	SRX109953	SRS212340	SRP007237	PRJNA39375	Eubacterium sp. 3_1_31	3_1_31	PACBIO_SMRT	PacBio RS	101305751.0	81741.0	WGS	GENOMIC	SINGLE	Whole Genome Sequencing and Assembly
DRR723544	DRX703565	DRS495695	DRP013760	PRJDB20694	Bacteroides pyogenes	JCM 6294	PACBIO_SMRT	Revio	186383245.0	16756.0	WGS	GENOMIC	SINGLE	Revio sequencing of SAMD01611077
SRR15989041	SRX12277826	SRS9999343	SRP357537	PRJNA801416	Escherichia coli	E167	OXFORD_NANOPORE	GridION	1547978286.0	168967.0	WGS	GENOMIC	SINGLE	Whole Genome Sequencing of Carbapenemase-producing Enterobacterales (CPE)
DRR097303	DRX090799	DRS100136	DRP005160	PRJDB5843	Helicobacter pylori	F221	PACBIO_SMRT	PacBio RS II	2565518605.0	163482.0	WGS	GENOMIC	SINGLE	PacBio RS II sequencing of SAMD00084439
SRR21669539	SRX17667877	SRS15200050	SRP398582	PRJNA801791	Lysinibacillus sp. ACHW1.5	ACHW1.5	OXFORD_NANOPORE	MinION	375016461.0	52006.0	WGS	GENOMIC	SINGLE	Nanopore MinION of  SAMN25390723
SRR23728163	SRX19588803	SRS16971611	SRP426112	PRJNA939376	Streptomyces sp. VNUA24	VNUA24	PACBIO_SMRT	Sequel II	3453834249.0	410888.0	WGS	GENOMIC	PAIRED	Streptomyces sp. VNUA24
DRR126361	DRX119105	DRS063434	DRP004255	PRJDB6815	Olsenella sp. GAM18	GAM18	PACBIO_SMRT	PacBio RS II	1315161313.0	163482.0	WGS	GENOMIC	SINGLE	PacBio RS II sequencing of SAMD00113754
SRR1980752	SRX998840	SRS912983	SRP057274	PRJNA281410	Helicobacter pylori J99	J99	PACBIO_SMRT	PacBio RS II	1261619047.0	81741.0	WGS	GENOMIC	SINGLE	Helicobacter pylori J99; 250 bp library (native DNA)
ERR15800137	ERX15199753	ERS21188325	ERP146253	PRJEB61160	Escherichia coli		PACBIO_SMRT	Revio	22724893.0	2290.0	WGS	GENOMIC	SINGLE	Revio sequencing
DRR493235	DRX477434	DRS205835	DRP007742	PRJDB10568	Serratia marcescens	CM5	OXFORD_NANOPORE	MinION	590093518.0	63274.0	WGS	GENOMIC	SINGLE	MinION sequencing of SAMD00247259
SRR36068135	SRX31114315	SRS27072669	SRP644837	PRJNA1364846	Enterococcus faecalis	GPT22-006	OXFORD_NANOPORE	GridION	426657289.0	222236.0	WGS	GENOMIC	SINGLE	Enterococcus faecalis, DBT kit, 24-plex and 50 ng DNA, replicate 2
SRR4176955	SRX2141553	SRS1673315	SRP086904	PRJNA303868	Pseudomonas poae	LMG 21465	PACBIO_SMRT	PacBio RS	120874486.0	38344.0	WGS	GENOMIC	SINGLE	Pseudomonas poae BS2776
SRR34410454	SRX29574104	SRS25698334	SRP598841	PRJNA1287288	Enterobacter cloacae	CPO388	OXFORD_NANOPORE	MinION	337913211.0	226578.0	WGS	GENOMIC	SINGLE	R10.4.1 WGS of bacterial isolate for accuracy benchmarking
SRR28995488	SRX24522780	SRS21270378	SRP507029	PRJNA1109834	Salmonella enterica subsp. enterica serovar Dublin	PSUSE00314	OXFORD_NANOPORE	MinION	374686127.0	106144.0	WGS	GENOMIC	SINGLE	Whole genome sequencing of Salmonella Dublin isolated from 2011 to 2022 in Pennsylvania, USA
DRR242186	DRX231986	DRS165229	DRP006773	PRJDB10450	Escherichia coli	Zam_UTH_01	OXFORD_NANOPORE	MinION	893367140.0	132080.0	WGS	GENOMIC	SINGLE	MinION sequencing of SAMD00243947
SRR30427040	SRX25852513	SRS20297346	SRP486696	PRJNA1070974	Propionibacterium freudenreichii	TL110	OXFORD_NANOPORE	PromethION	288976003.0	23299.0	WGS	GENOMIC	SINGLE	WGS of Propionibacterium freudenreichii strain TL110: CIRM-BIA Culture
SRR35737827	SRX30787088	SRS26801274	SRP630567	PRJNA1337272	Salmonella enterica subsp. enterica serovar Agona	not applicable	OXFORD_NANOPORE	GridION	714660073.0	214484.0	WGS	GENOMIC	SINGLE	Nanopore whole genome sequencing of Salmonella enterica subspecies enterica isolate 1939748-3
SRR16525243	SRX12727871	SRS10676805	SRP342584	PRJNA768992	Salmonella enterica subsp. enterica serovar Heidelberg	SA02DT10168701	OXFORD_NANOPORE	MinION	188039518.0	38236.0	WGS	GENOMIC	SINGLE	Evaluation of commercial DNA extraction kits for implementation of rapid Nanopore
SRR35147316	SRX30252947	SRS26304915	SRP613111	PRJNA709550	Pseudomonas marginalis	ICMP 3553_3	PACBIO_SMRT	Sequel II	942477960.0	106296.0	WGS	GENOMIC	SINGLE	Pseudomonas marginalis ICMP3553_3
SRR7721917	SRX4578789	SRS3693226	SRP158403	PRJNA281531	Pasteurella multocida	USDA-ARS-USMARC-60494	PACBIO_SMRT	PacBio RS II	2000559330.0	163482.0	WGS	GENOMIC	SINGLE	WGS of Pasteurella multocida USDA-ARS-USMARC-60494
ERR10357052	ERX9889168	ERS7159825	ERP109413	PRJEB27342	Klebsiella pneumoniae		PACBIO_SMRT	Sequel II	1360408037.0	205432.0	WGS	GENOMIC	SINGLE	Sequel II sequencing
SRR32325875	SRX27660845	SRS24065938	SRP563575	PRJNA1223019	Enterococcus faecium	AUS0233ardA2	OXFORD_NANOPORE	MinION	276677827.0	44315.0	WGS	GENOMIC	SINGLE	AUS0233ardA2
SRR33895171	SRX29106682	SRS25313022	SRP590843	PRJNA1272507	Salmonella enterica	SAL-172	OXFORD_NANOPORE	GridION	1366817731.0	352916.0	WGS	GENOMIC	SINGLE	ONT-WGS of Salmonella enterica
ERR10498880	ERX10016169	ERS14256223	ERP142629	PRJEB57633	Escherichia coli		OXFORD_NANOPORE	GridION	136342561.0	23253.0	WGS	GENOMIC	SINGLE	Raw reads: ONT_30602_2#272
ERR9030311	ERX8573721	ERS10792282	ERP133548	PRJEB49093	Mycobacterium tuberculosis	Lineage 4.3.4.2.1	OXFORD_NANOPORE	MinION	482016733.0	227691.0	WGS	GENOMIC	SINGLE	MinION sequencing; Raw reads: mada_106-nanopore
ERR10664158	ERX10133342	ERS2651044	ERP104475	PRJEB22771	Streptococcus pneumoniae		PACBIO_SMRT	Sequel II	1352465500.0	187647.0	WGS	GENOMIC	SINGLE	Sequel II sequencing
ERR1254531	ERX1326140	ERS708731	ERP014188	PRJEB12684	Escherichia coli str. K-12 substr. MG1655	K-12	OXFORD_NANOPORE	MinION	560461747.0	66212.0	WGS	GENOMIC	SINGLE	MinION sequencing
ERR1246953	ERX1318891	ERS945389	ERP010683	PRJEB9562	Salmonella sp.		PACBIO_SMRT	PacBio RS	3108868684.0	163482.0	WGS	GENOMIC	SINGLE	PacBio RS sequencing
SRR13386045	SRX9805384	SRS7989459	SRP300861	PRJNA663900	Enterococcus sp. AZ150	AZ150	OXFORD_NANOPORE	GridION	2311543650.0	1425223.0	WGS	GENOMIC	SINGLE	Zoo 3 Enterococcus Diversity Genome sequencing and assembly
ERR9939473	ERX9482905	ERS12345082	ERP138720	PRJEB53905	Haemophilus parainfluenzae	HUB-P11-HP03	OXFORD_NANOPORE	MinION	291226329.0	48395.0	WGS	GENOMIC	SINGLE	MinION sequencing
ERR13600759	ERX12971782	ERS5520811	ERP126193	PRJEB42350	Klebsiella pneumoniae		OXFORD_NANOPORE	GridION	213571495.0	13698.0	WGS	GENOMIC	SINGLE	GridION sequencing
SRR31757608	SRX27119473	SRS23577015	SRP552247	PRJNA1199779	Enterococcus faecium	17_H10-B90_Ef	OXFORD_NANOPORE	MinION	2655407263.0	521932.0	WGS	GENOMIC	SINGLE	17_H10-B90_Ef
SRR12123469	SRX8644770	SRS6928314	SRP192539	PRJNA388547	Serratia marcescens	SGAir0764	PACBIO_SMRT	PacBio RS II	4339911709.0	163482.0	WGS	GENOMIC	SINGLE	Genome of Serratia marcescens SGAir0764
SRR13996144	SRX10373568	SRS3771727	SRP071789	PRJNA315192	Escherichia coli	595557	OXFORD_NANOPORE	MinION	782202136.0	117203.0	WGS	GENOMIC	SINGLE	595557
ERR1802399	ERX1866130	ERS1497472	ERP005928	PRJEB6403	Lacrimispora sphenoides	NCTC507	PACBIO_SMRT	PacBio RS	1367440321.0	163482.0	WGS	GENOMIC	SINGLE	PacBio RS sequencing
ERR10497999	ERX10015288	ERS14254628	ERP142629	PRJEB57633	Escherichia coli		OXFORD_NANOPORE	GridION	80939222.0	11777.0	WGS	GENOMIC	SINGLE	Raw reads: ONT_30348_1#198
SRR27089210	SRX22778489	SRS19762650	SRP475972	PRJNA1049017	Escherichia coli	KE51	OXFORD_NANOPORE	GridION	560822298.0	124944.0	WGS	GENOMIC	SINGLE	Genomic Sequencing of both Escherichia coli and Enterococcus: recurrent urinary tract infections
SRR31690040	SRX27051851	SRS23446272	SRP385391	PRJNA856406	Enterococcus faecalis	AUSMDU00070652	OXFORD_NANOPORE	GridION	198636134.0	64790.0	WGS	GENOMIC	SINGLE	Whole genome sequencing of Enterococcus sp from Victoria, Australia Raw ONT sequence reads
SRR36920159	SRX31886382	SRS27841310	SRP665298	PRJNA1403646	Staphylococcus haemolyticus	not applicable	OXFORD_NANOPORE	MinION	329686070.0	162326.0	WGS	GENOMIC	SINGLE	Long Reads for The Genomic Landscape of Head and Neck Cancer-associated Streptococci
SRR5839531	SRX3015443	SRS1832437	SRP094480	PRJNA279196	Bordetella pertussis	I271	PACBIO_SMRT	PacBio RS II	1653972893.0	163482.0	WGS	GENOMIC	SINGLE	
SRR35275920	SRX30378003	SRS26418527	SRP617898	PRJNA1311294	Bacillus subtilis	DSM 10	OXFORD_NANOPORE	PromethION	434410456.0	58094.0	WGS	GENOMIC	SINGLE	WGS of Bacillus subtilis: mutant evolved by exposure to pyrithiamine hydrobromide
SRR30896265	SRX26299756	SRS22828478	SRP536878	PRJNA1134622	Escherichia coli	OXEC-531	OXFORD_NANOPORE	MinION	785815948.0	220226.0	WGS	GENOMIC	SINGLE	OXEC-531
SRR6032548	SRX3182684	SRS2511328	SRP117609	PRJNA388336	Sinorhizobium meliloti	T073	PACBIO_SMRT	PacBio RS II	1366246915.0	163482.0	WGS	GENOMIC	SINGLE	Ensifer meliloti PacBio Sequencing
ERR1193266	ERX1266650	ERS849591	ERP005928	PRJEB6403	Streptococcus pyogenes	NCTC8332	PACBIO_SMRT	PacBio RS	1550605059.0	163482.0	WGS	GENOMIC	SINGLE	PacBio RS sequencing
SRR9002085	SRX5780879	SRS4713766	SRP194485	PRJNA334663	Roseinatronobacter monicus	DSM 18423	PACBIO_SMRT	Sequel	1788812541.0	441677.0	WGS	GENOMIC	SINGLE	Roseinatronobacter monicus DSM 18423
SRR18500175	SRX14631642	SRS12328239	SRP074197	PRJNA288601	Klebsiella pneumoniae	2017HL-01180	OXFORD_NANOPORE	MinION	933194315.0	114364.0	WGS	GENOMIC	SINGLE	MinION sequencing of Klebsiella pneumoniae
SRR33123839	SRX28387188	SRS24711116	SRP578427	PRJNA1244367	Bacillus cereus ATCC 14579	ATCC 14579	OXFORD_NANOPORE	GridION	3608911247.0	1112292.0	WGS	GENOMIC	SINGLE	WGS of Bacillus cereus Strain ATCC14592
ERR4910107	ERX4776931	ERS4556735	ERP121699	PRJEB38289	Klebsiella pneumoniae		PACBIO_SMRT	PacBio RS			WGS	GENOMIC	SINGLE	PacBio RS sequencing
SRR10918228	SRX7585542	SRS6019236	SRP243626	PRJNA566817	Actinopolymorpha rutila	DSM 18448	PACBIO_SMRT	Sequel	1997317261.0	533460.0	WGS	GENOMIC	SINGLE	Actinopolymorpha rutila DSM 18448
SRR32184172	SRX27529402	SRS16968733	SRP426074	PRJNA941188	Bacillus subtilis	PRO59	OXFORD_NANOPORE	GridION	1694178348.0	259916.0	WGS	GENOMIC	SINGLE	WGS of Bacillus subtilis: cell culture
SRR21630362	SRX17631038	SRS11554610	SRP354045	PRJNA747871	Streptomyces sp. NBC_00029	NBC_00029	OXFORD_NANOPORE	MinION	1011371796.0	148508.0	WGS	GENOMIC	SINGLE	nanopore sequencing data from strain NBC_00029
SRR24062751	SRX19864124	SRS17220146	SRP430807	PRJNA952137	Staphylococcus aureus	SW-MRSA59	OXFORD_NANOPORE	MinION	361788831.0	59032.0	WGS	GENOMIC	SINGLE	Long read Illumina sequencing of Staphylococcus aureus SW-MRSA59
ERR10498410	ERX10015699	ERS14255491	ERP142629	PRJEB57633	Escherichia coli		OXFORD_NANOPORE	GridION	79332259.0	9052.0	WGS	GENOMIC	SINGLE	Raw reads: ONT_30345_1#334
SRR8305851	SRX5120353	SRS1606415	SRP018785	PRJNA186035	Salmonella enterica subsp. enterica serovar Meleagridis	CFSAN044885	PACBIO_SMRT	Sequel	1704022848.0	236997.0	WGS	GENOMIC	SINGLE	Whole genome PacBio Sequel sequence of Salmonella enterica
SRR19560894	SRX15612941	SRS13313677	SRP378820	PRJNA689369	Lysobacter enzymogenes	CX03	PACBIO_SMRT	Sequel	959480020.0	182994.0	WGS	GENOMIC	SINGLE	whole genome sequence of Lysobacter enzymogenes CX03
ERR3685831	ERX3675435	ERS4047632	ERP114207	PRJEB31632	bacterium		OXFORD_NANOPORE	GridION	636925773.0	98392.0	WGS	GENOMIC	SINGLE	GridION sequencing
SRR30188635	SRX25654240	SRS22297036	SRP458186	PRJNA1012291	Staphylococcus	Staphylococcus aureus	OXFORD_NANOPORE	MinION	198725938.0	166315.0	WGS	GENOMIC	SINGLE	Nanopore sequencing data of MRSA
SRR36491328	SRX31512785	SRS27492406	SRP656131	PRJNA1387419	Bacillus cereus ATCC 14579	D57	OXFORD_NANOPORE	GridION	932394270.0	411153.0	WGS	GENOMIC	SINGLE	WGS of Bacillus cereus Strain ATCC14632
SRR13674449	SRX10063890	SRS8226064	SRP040661	PRJNA231221	Staphylococcus epidermidis	FDAARGOS_1361	PACBIO_SMRT	Sequel	1819471821.0	360317.0	WGS	GENOMIC	SINGLE	
DRR287298	DRX276755	DRS318052	DRP010345	PRJDB10714	Annamia dubia NIES-4383	NIES-4383	OXFORD_NANOPORE	MinION	15638822.0	4000.0	WGS	GENOMIC	SINGLE	Annamia_sp_36
SRR4164075	SRX2136291	ERS1460855	SRP086196	PRJNA303521	Micromonospora echinofusca	DSM 43913	PACBIO_SMRT	PacBio RS	1338993840.0	462950.0	WGS	GENOMIC	SINGLE	Micromonospora echinofusca DSM 43913
SRR3741176	SRX1895987	SRS1539278	SRP077831	PRJNA217204	Hydrogenovibrio marinus DSM 11271	DSM 11271	PACBIO_SMRT	PacBio RS	174935861.0	58880.0	WGS	GENOMIC	SINGLE	Hydrogenovibrio marinus DSM 11271
SRR21563516	SRX17565880	SRS14987091	SRP354045	PRJNA747871	Streptomyces albidoflavus	NBC 01692	OXFORD_NANOPORE	MinION	416584372.0	48151.0	WGS	GENOMIC	SINGLE	nanopore sequencing data from strain NBC_01692
SRR386094	SRX109803	SRS183306	SRP006189	PRJNA52149	Klebsiella oxytoca 10-5248	10-5248	PACBIO_SMRT	PacBio RS	102694858.0	81741.0	WGS	GENOMIC	SINGLE	Whole Genome Sequencing and Assembly
ERR14939081	ERX14343325	ERS22970230	ERP167347	PRJEB83773	Escherichia coli	607	OXFORD_NANOPORE	MinION	234008468.0	23807.0	WGS	GENOMIC	SINGLE	Raw reads: 250903E_Ga4481i
SRR35147594	SRX30253225	SRS12559705	SRP369028	PRJNA696067	Nesterenkonia lacusekhoensis	DSM 12544	PACBIO_SMRT	Sequel II	394375000.0	52620.0	WGS	GENOMIC	SINGLE	Nesterenkonia lacusekhoensis DSM 12544
SRR15729314	SRX12022738	SRS10027412	SRP335826	PRJNA757250	Bacillus thuringiensis	GC-91	OXFORD_NANOPORE	MinION	640684530.0	45670.0	WGS	GENOMIC	SINGLE	Nanopore long read sequencing of Bacillus thuringiensis CH_186
SRR12682715	SRX9162759	SRS7401658	SRP255655	PRJNA622823	Lysinibacillus capsici	NEB659	PACBIO_SMRT	PacBio RS II	1551716825.0	163482.0	WGS	GENOMIC	SINGLE	SMRT_Bae_BP8_50
SRR32364749	SRX27699397	SRS21122333	SRP444583	PRJNA962904	Escherichia coli		PACBIO_SMRT	Sequel II	262680480.0	13182.0	WGS	GENOMIC	SINGLE	PacBio sequencing of AS26991E1 for ARCH 1.0
SRR12247566	SRX8755601	SRS6976470	SRP266402	PRJNA605147	Citrobacter freundii	RHB09-E3-C07	OXFORD_NANOPORE	GridION	336029908.0	103628.0	WGS	GENOMIC	SINGLE	Oxford Nanopore sequencing of Citrobacter freundii isolate RH08|T1-E3C07 cultured from cattle farm sediment sample
SRR36733034	SRX31732152	SRS27700354	SRP538888	PRJNA1173529	Actinotignum timonense	UMB4789	OXFORD_NANOPORE	GridION	2074435780.0	1425692.0	WGS	GENOMIC	SINGLE	UMB4789
ERR15183876	ERX14589224	ERS25125963	ERP172519	PRJEB89493	Latilactobacillus sakei		OXFORD_NANOPORE	MinION	795178344.0	287115.0	WGS	GENOMIC	SINGLE	MinION sequencing
SRR30949814	SRX26352274	SRS22817262	SRP536567	PRJNA1165464	Escherichia coli	Not applicable	OXFORD_NANOPORE	MinION	162725177.0	22917.0	WGS	GENOMIC	SINGLE	Nanopore sequencing of E.coli: blood isolate
SRR4063389	SRX2052468	SRS1527861	SRP077386	PRJNA234862	Kitasatospora azatica KCTC 9699	KCTC 9699	PACBIO_SMRT	PacBio RS	121757728.0	50421.0	WGS	GENOMIC	SINGLE	Kitasatospora azatica KCTC 9699
SRR15680598	SRX11976917	SRS9985335	SRP335068	PRJNA759208	Escherichia coli O25:H1	CU39ES-1	OXFORD_NANOPORE	GridION	1301459635.0	33058.0	WGS	GENOMIC	SINGLE	Nanopore sequencing of CU39ES-1-A1
ERR4592257	ERX4525919	ERS5046557	ERP123886	PRJEB40268	Escherichia coli		OXFORD_NANOPORE	MinION	449314960.0	129950.0	WGS	GENOMIC	SINGLE	MinION sequencing
ERR12508708	ERX11884756	ERS17744625	ERP153002	PRJEB67987	Mycobacterium tuberculosis		OXFORD_NANOPORE	MinION			WGS	GENOMIC	SINGLE	MinION sequencing
ERR10163661	ERX9700246	ERS13423665	ERP140710	PRJEB55790	Apilactobacillus kunkeei	H3B1-01J	PACBIO_SMRT	Sequel	2664867947.0	503799.0	WGS	GENOMIC	SINGLE	Sequel sequencing; Raw reads: H3B1-01J
SRR32528050	SRX27839478	SRS24213936	SRP567071	PRJNA1230128	Salmonella enterica subsp. enterica serovar Enteritidis	22EPA058NSA_2	OXFORD_NANOPORE	MinION	632063283.0	100521.0	WGS	GENOMIC	SINGLE	nanopore sequence of Salmonella enterica
ERR3284490	ERX3311034	ERS2281251	ERP011196	PRJEB10018	Klebsiella pneumoniae		PACBIO_SMRT	PacBio RS	2890390507.0	163482.0	WGS	GENOMIC	SINGLE	PacBio RS sequencing
DRR013336	DRX012163	DRS012031	DRP001131	PRJDB2329	Helicobacter pylori F30		PACBIO_SMRT	PacBio RS	581.0	2.0	WGS	GENOMIC	SINGLE	Helicobacter pylori methylome analysis
SRR11952883	SRX8497252	SRS6796049	SRP266458	PRJNA638116	Citrobacter portucalensis	MBL	PACBIO_SMRT	Sequel II	42654363.0	4335.0	WGS	GENOMIC	SINGLE	PacBio WGS of C. portucalensis MBL
DRR121804	DRX114741	DRS062155	DRP004189	PRJDB5929	Klebsiella pneumoniae	KP55	PACBIO_SMRT	PacBio RS II	1530930878.0	476915.0	WGS	GENOMIC	SINGLE	PacBio RS II sequencing of SAMD00059739
SRR7820280	SRX4671612	SRS3766355	SRP161531	PRJNA451379	Neisseria gonorrhoeae	TFG-A2	PACBIO_SMRT	PacBio RS II	2440185450.0	163482.0	WGS	GENOMIC	SINGLE	Neisseria gonorrhoeae treatment failure sample TFG-A2; post-treatment isolate
SRR14509650	SRX10855395	SRS8951103	SRP319462	PRJNA728709	Escherichia coli	88_1577	PACBIO_SMRT	PacBio RS II	9738699765.0	653928.0	WGS	GENOMIC	SINGLE	Genome sequencing of E. coli O26:H11
SRR27352653	SRX23029115	SRS19990999	SRP480168	PRJNA1057299	Clostridioides difficile	cd230105_barcode41	OXFORD_NANOPORE	MinION	241627455.0	104720.0	WGS	GENOMIC	SINGLE	Clostridioides difficile strain cd230105_barcode41
SRR5829172	SRX3006580	SRS2357071	SRP111974	PRJNA364290	Candidatus Pantoea floridensis		PACBIO_SMRT	PacBio RS II	602160875.0	217613.0	WGS	GENOMIC	SINGLE	Enterobacteriaceae sp. JKS000234
SRR31599084	SRX26964000	SRS23433713	SRP549287	PRJNA1185485	Escherichia coli	656	OXFORD_NANOPORE	PromethION	613654342.0	142232.0	WGS	GENOMIC	SINGLE	RMB-NoR-barcode70
SRR8489319	SRX5293906	SRS312239	SRP023121	PRJNA162823	Salmonella enterica subsp. enterica serovar Bareilly str. CFSAN000954	CFSAN000954	PACBIO_SMRT	Sequel	1163199952.0	223776.0	WGS	GENOMIC	SINGLE	Whole genome PacBio Sequel sequence of Salmonella enterica subsp. enterica serovar Bareilly
ERR4762963	ERX4636029	ERS5248002	ERP124695	PRJEB40976	Enterococcus faecalis		OXFORD_NANOPORE	GridION	1041638346.0	74519.0	WGS	GENOMIC	SINGLE	GridION sequencing; Raw reads: 27688_1#260
SRR15989001	SRX12277866	SRS9998808	SRP357537	PRJNA801416	Escherichia coli	410	OXFORD_NANOPORE	GridION	153996569.0	26401.0	WGS	GENOMIC	SINGLE	Whole Genome Sequencing of Carbapenemase-producing Enterobacterales (CPE)
ERR10676262	ERX10144026	ERS14333361	ERP143248	PRJEB58185	Campylobacter coli		OXFORD_NANOPORE	MinION	205064076.0	340638.0	WGS	GENOMIC	PAIRED	MinION paired end sequencing
ERR15686913	ERX15091342	ERS26976634	ERP171481	PRJEB88388	Pseudomonas sp. R-92826	R-92826	OXFORD_NANOPORE	MinION	909052468.0	187302.0	WGS	GENOMIC	SINGLE	Raw reads: Pseudomonas sp. R-92826
SRR8275891	SRX5090770	SRS4102490	SRP172392	PRJNA500371	Streptomyces sp. E5N91 SAI-083	SAI-097	PACBIO_SMRT	PacBio RS II	132941839.0	41137.0	WGS	GENOMIC	SINGLE	Streptomyces W SAI-097
DRR070685	DRX064635	DRS042928	DRP003581	PRJDB5126	Escherichia coli	M213	PACBIO_SMRT	PacBio RS II	619184315.0	87177.0	WGS	GENOMIC	SINGLE	PacBio RS II sequencing of SAMD00059750
SRR26316622	SRX22024893	SRS19098047	SRP058582	PRJNA203400	Escherichia coli	MOD1-EC6310	OXFORD_NANOPORE	GridION	34784633.0	12007.0	WGS	GENOMIC	SINGLE	Identification of Thirty-two New O antigen Gene Clusters in Escherichia coli
SRR30896182	SRX26299839	SRS22828561	SRP536878	PRJNA1134622	Escherichia coli	OXEC-210	OXFORD_NANOPORE	MinION	771806905.0	286013.0	WGS	GENOMIC	SINGLE	OXEC-210
SRR9004681	SRX5783248	SRS4716024	SRP194618	PRJNA538221	Rhodoglobus vestalii	DSM 21947	PACBIO_SMRT	Sequel	1046161809.0	249902.0	WGS	GENOMIC	SINGLE	Rhodoglobus vestalii DSM 21947
SRR15989577	SRX12277962	SRS9999002	SRP357537	PRJNA801416	Enterobacter cloacae	-	OXFORD_NANOPORE	GridION	124302397.0	13046.0	WGS	GENOMIC	SINGLE	Whole Genome Sequencing of Carbapenemase-producing Enterobacterales (CPE)
SRR27972807	SRX23626358	SRS20465606	SRP489819	PRJNA1076692	Pseudomonas aeruginosa	RIVM_C050178_dorado	OXFORD_NANOPORE	MinION	57475243.0	12029.0	WGS	GENOMIC	SINGLE	RIVM_C050178_dorado
SRR35108113	SRX30216964	SRS26274576	SRP611977	PRJNA1291794	Anabaena sp. WFMT	WFMT	OXFORD_NANOPORE	MinION	5223559739.0	4119342.0	WGS	GENOMIC	SINGLE	Genome sequencing of Anabaena sp. WFMT
ERR10498584	ERX10015873	ERS14255271	ERP142629	PRJEB57633	Escherichia coli		OXFORD_NANOPORE	GridION	77602246.0	14985.0	WGS	GENOMIC	SINGLE	Raw reads: ONT_30348_2#372
ERR849506	ERX930417	ERS572885	ERP008529	PRJEB7608	Campylobacter jejuni		PACBIO_SMRT	PacBio RS	1167316078.0	163482.0	WGS	GENOMIC	SINGLE	PacBio RS sequencing
SRR30636222	SRX26058111	SRS22627955	SRP532121	PRJNA1159795	Klebsiella pneumoniae	Klebsiella pneumoniae ST45	OXFORD_NANOPORE	PromethION	485439408.0	120678.0	WGS	GENOMIC	SINGLE	Whole genome sequencing of Klebsiella pneumoniae found in rectal carriage of patient #4
SRR32610260	SRX27915696	SRS24285659	SRP568690	PRJNA1233267	Acinetobacter seifertii	missing	OXFORD_NANOPORE	MinION	114784965.0	52342.0	WGS	GENOMIC	SINGLE	WGS chicken breast enrichment: 57
SRR30791233	SRX26192758	SRS22735272	SRP534624	PRJNA1161571	Burkholderia pseudomallei	Bp22	OXFORD_NANOPORE	PromethION	3142594750.0	361912.0	WGS	GENOMIC	SINGLE	Nanopore sequencing of B. pseudomallei
SRR36002379	SRX31051668	SRS27041597	SRP610612	PRJNA1309298	Klebsiella pneumoniae		OXFORD_NANOPORE	GridION	203291584.0	27715.0	WGS	GENOMIC	SINGLE	ONT sequencing using rapidbarcoding R10.4.1
SRR32787927	SRX28072067	SRS24431132	SRP571879	PRJNA1238795	Lactococcus lactis	LC_45	OXFORD_NANOPORE	MinION	608193755.0	133491.0	WGS	GENOMIC	SINGLE	WGS of Lactococcus lactis
SRR8261919	SRX5078945	SRS4092052	SRP171155	PRJNA460331	Paraburkholderia phenazinium	ES_FE-G6	PACBIO_SMRT	PacBio RS II	632572474.0	134662.0	WGS	GENOMIC	SINGLE	Paraburkholderia phenazinium ES_FE-G6
ERR3685810	ERX3675414	ERS4047611	ERP114207	PRJEB31632	bacterium		OXFORD_NANOPORE	GridION	762273905.0	135339.0	WGS	GENOMIC	SINGLE	GridION sequencing
ERR9364110	ERX8906359	ERS11202335	ERP136327	PRJEB51675	Vibrio cholerae O1 biovar El Tor	not provided	OXFORD_NANOPORE	MinION	1860756835.0	276625.0	WGS	GENOMIC	SINGLE	MinION sequencing
ERR15991674	ERX15386780	ERS28170860	ERP184281	PRJEB102899	Pseudomonas aeruginosa		OXFORD_NANOPORE	GridION	298254468.0	36652.0	WGS	GENOMIC	SINGLE	GridION sequencing
SRR25068160	SRX20822241	SRS3150586	SRP072679	PRJNA316969	Aerococcus tenax	UMB0337	OXFORD_NANOPORE	MinION	1875807399.0	611548.0	WGS	GENOMIC	SINGLE	UMB0337
SRR19634183	SRX15684593	SRS13381672	SRP379817	PRJNA848631	Escherichia coli		OXFORD_NANOPORE	GridION	739448781.0	59089.0	WGS	GENOMIC	SINGLE	Long read sequencing of E. coli that has been experimentally evolved with a CTX-M-15 plasmid
ERR10791297	ERX10240607	ERS2652031	ERP104475	PRJEB22771	Streptococcus pneumoniae		PACBIO_SMRT	Sequel II	3695287530.0	546120.0	WGS	GENOMIC	SINGLE	Sequel II sequencing
SRR29926346	SRX25420315	SRS22080487	SRP521564	PRJNA1139115	Stenotrophomonas indicatrix	DAI2m/c	OXFORD_NANOPORE	PromethION	3940376563.0	307391.0	WGS	GENOMIC	SINGLE	WGS of Stenotrophomonas indicatrix DAI2m/c
ERR15516456	ERX14920302	ERS26654052	ERP165332	PRJEB81499	Citrobacter freundii		OXFORD_NANOPORE	GridION	297180423.0	103084.0	WGS	GENOMIC	SINGLE	GridION sequencing
SRR31599192	SRX26963892	SRS23433605	SRP549287	PRJNA1185485	Escherichia coli	232	OXFORD_NANOPORE	PromethION	1345215985.0	271428.0	WGS	GENOMIC	SINGLE	Kleb-3R-barcode61
SRR4156317	SRX2133056	SRS1669409	SRP085672	PRJNA303382	Halomonas sp. es.049	ES.049	PACBIO_SMRT	PacBio RS	314754526.0	111630.0	WGS	GENOMIC	SINGLE	Halomonas sp. ES.049
SRR1267253	SRX530366	SRS599867	SRP041598	PRJNA245985	Vibrio cholerae		PACBIO_SMRT	PacBio RS	1092686756.0	163482.0	WGS	GENOMIC	SINGLE	PacBio run of 2012EL-2176
ERR10498382	ERX10015671	ERS14255484	ERP142629	PRJEB57633	Escherichia coli		OXFORD_NANOPORE	GridION	48632972.0	6500.0	WGS	GENOMIC	SINGLE	Raw reads: ONT_30345_1#246
SRR17687071	SRX13850348	SRS10450448	SRP340037	PRJNA768294	Klebsiella quasipneumoniae subsp. similipneumoniae	CIP110288	OXFORD_NANOPORE	MinION	216435828.0	11829.0	WGS	GENOMIC	SINGLE	SB4697
ERR1447943	ERX1518421	ERS433507	ERP003278	PRJEB4024	Neisseria gonorrhoeae	WHO L	PACBIO_SMRT	PacBio RS	909424218.0	163482.0	WGS	GENOMIC	SINGLE	PacBio RS sequencing
SRR5181999	SRX2498107	SRS1924960	SRP096895	PRJNA353873	Mycobacterium tuberculosis		PACBIO_SMRT	PacBio RS	444430751.0	163482.0	WGS	GENOMIC	SINGLE	DNA of Mtb
SRR12298709	SRX8801868	SRS6792516	SRP266402	PRJNA605147	Klebsiella grimontii	RHBSTW-00577	OXFORD_NANOPORE	GridION	364048125.0	89884.0	WGS	GENOMIC	SINGLE	OXFORD_NANOPORE sequencing of Klebsiella oxytoca isolate WTP1|T2-00577 cultured from WTP downstream sample
SRR29316817	SRX24833326	SRS21545157	SRP512379	PRJNA1121190	Vibrio cholerae	134Vc04	OXFORD_NANOPORE	PromethION	319745661.0	70896.0	WGS	GENOMIC	SINGLE	WGS of Vcholerae isolates
SRR13893822	SRX10273192	SRS8406462	SRP309815	PRJNA686978	Klebsiella pneumoniae	not collected	OXFORD_NANOPORE	MinION	9295405054.0	1263522.0	WGS	GENOMIC	SINGLE	nanopore sequencing of k pneumoniae: clinical isolate
SRR32729607	SRX28016011	SRS24377831	SRP570798	PRJNA1236865	Escherichia coli	TUM23339	OXFORD_NANOPORE	MinION	172470523.0	27836.0	WGS	GENOMIC	SINGLE	"=""ONT sequencing using ""&[1]SRA_data!$J$2&"" of ""&[1]SRA_data!B19"
SRR19776613	SRX15820883	SRS12273945	SRP364249	PRJNA816422	Helicobacter pylori	Hpfe022	OXFORD_NANOPORE	MinION	131826152.0	19102.0	WGS	GENOMIC	SINGLE	nanopore sequencing of h. pylori genomic DNA
DRR667357	DRX647459	DRS456689	DRP012867	PRJDB20346	Venenivibrio stagnispumantis	JCM 14244	OXFORD_NANOPORE	MinION	224397288.0	329935.0	WGS	GENOMIC	SINGLE	MinION sequencing of SAMD00887305
ERR2125619	ERX2182471	ERS1455253	ERP005928	PRJEB6403	Clostridium tetani	NCTC539	PACBIO_SMRT	PacBio RS	3165258860.0	163482.0	WGS	GENOMIC	SINGLE	PacBio RS sequencing
ERR581075	ERX539162	ERS437400	ERP005355	PRJEB5919	Salmonella enterica subsp. enterica serovar Typhi		PACBIO_SMRT	PacBio RS	665471663.0	163482.0	WGS	GENOMIC	SINGLE	PacBio RS sequencing
SRR34548632	SRX29691514	SRS9239636	SRP399759	PRJNA857539	Salmonella enterica subsp. enterica	AUSMDU00044634	OXFORD_NANOPORE	GridION	217846675.0	43070.0	WGS	GENOMIC	SINGLE	Whole genome sequencing of Salmonella Typhi ONT reads
SRR24462672	SRX20249535	SRS17582402	SRP436364	PRJNA970070	Vibrio cholerae	M650	OXFORD_NANOPORE	GridION	577799278.0	194532.0	WGS	GENOMIC	SINGLE	Genomic evidence of the transmissions in early seventh cholera pandemic
ERR15424231	ERX14828175	ERS25261032	ERP176764	PRJEB93885	Klebsiella pneumoniae		OXFORD_NANOPORE	PromethION	1108205225.0	255573.0	WGS	GENOMIC	SINGLE	Raw reads: run0_pilot_96_ont_AHB26
SRR30944913	SRX26347491	SRS22853387	SRP537443	PRJNA1170947	Citrobacter freundii	RHBSTW-00350	OXFORD_NANOPORE	MinION	549117579.0	124800.0	WGS	GENOMIC	SINGLE	Whole Genome Sequencing of CAV7352: Sink-1BS
SRR31540881	SRX26908043	SRS23387502	SRP548173	PRJNA1190675	Escherichia coli	The same strain as the one under SRA accession SRR11096687	OXFORD_NANOPORE	MinION	2387760029.0	614130.0	WGS	GENOMIC	SINGLE	ONT of TAS081
SRR33300163	SRX28545165	SRS24844317	SRP581013	PRJNA1255117	Staphylococcus aureus	Staphylococcus	OXFORD_NANOPORE	GridION	651278424.0	241585.0	WGS	GENOMIC	SINGLE	WGS of S. aureus sample 26
SRR20215786	SRX16249972	SRS13890214	SRP386521	PRJNA717148	Klebsiella pneumoniae	b1-2L	OXFORD_NANOPORE	MinION	22753101.0	2540.0	WGS	GENOMIC	SINGLE	Nanopore of Klebsiella pneumoniae: b1-3L
SRR33906223	SRX29113706	SRS25319852	SRP590983	PRJNA1214554	Shewanella oneidensis	MR1	OXFORD_NANOPORE	MinION	279615010.0	36000.0	WGS	GENOMIC	SINGLE	WGS of Shewanella oneidensis WT after growth with temperature stress replicate 2
ERR4586376	ERX4520207	ERS5060063	ERP123927	PRJEB40306	Serratia marcescens subsp. marcescens ATCC 13880	ATCC 13880	PACBIO_SMRT	PacBio RS II	2143426352.0	163482.0	WGS	GENOMIC	SINGLE	PacBio RS II sequencing; PacBio SMRT sequencing; Evolution of the bacterium Serratia marcescens under several experimental temperature treatments
ERR10499538	ERX10016824	ERS14256923			Escherichia coli		OXFORD_NANOPORE	GridION	204181307.0	12309.0	WGS	GENOMIC	SINGLE	GridION sequencing; Raw reads: ONT_30348_1#370
ERR5726863	ERX5441576	ERS6219039	ERP128194	PRJEB44175	Escherichia coli		OXFORD_NANOPORE	GridION	246929013.0	20501.0	WGS	GENOMIC	SINGLE	GridION sequencing
SRR32398755	SRX27730930	SRS5066335	SRP150360	PRJNA475751	Clostridioides difficile	CD08197	OXFORD_NANOPORE	MinION	400963545.0	355851.0	WGS	GENOMIC	SINGLE	WGS sequencing of C. difficile
SRR389264	SRX032451	SRS140100	SRP004712	PRJNA61297	Vibrio cholerae O1 biovar El Tor		PACBIO_SMRT	PacBio RS	130696963.0	60667.0	WGS	GENOMIC	SINGLE	Sequencing for H1 (Haiti, 2010)
ERR13510131	ERX12880047	ERS18629889	ERP158153	PRJEB73354	Escherichia coli		OXFORD_NANOPORE	MinION	117654543.0	28219.0	WGS	GENOMIC	SINGLE	MinION sequencing
SRR5101406	SRX2417635	SRS1854968	SRP095029	PRJNA357161	Mycobacterium dioxanotrophicus	PH-06	PACBIO_SMRT	PacBio RS II	8277813.0	5.0	WGS	GENOMIC	PAIRED	Genome Sequencing of Mycobacterium sp. PH-06
SRR17117160	SRX13301716	SRS11211376	SRP040661	PRJNA231221	Corynebacterium diphtheriae	FDAARGOS_1552	PACBIO_SMRT	Sequel	1575288941.0	144330.0	WGS	GENOMIC	SINGLE	
SRR9001301	SRX5780081	SRS3932949	SRP165734	PRJNA496461	Klebsiella pneumoniae	KLPN_16	OXFORD_NANOPORE	MinION			WGS	GENOMIC	SINGLE	nanopore seq of klebsiella pneumoniae
ERR1309542	ERX1381165	ERS1083008	ERP014559	PRJEB13021	Escherichia coli K-12		OXFORD_NANOPORE	MinION	171702993.0	16307.0	WGS	GENOMIC	SINGLE	MinION sequencing
SRR21696474	SRX17694303	SRS14987043	SRP354045	PRJNA747871	Streptomyces sp. NBC_00779	NBC_00779	OXFORD_NANOPORE	MinION	2651759227.0	340999.0	WGS	GENOMIC	SINGLE	nanopore sequencing data from strain NBC_00779
SRR19237397	SRX15298179	SRS13024994	SRP375516	PRJNA837770	Microbacterium gubbeenense	CCS160	OXFORD_NANOPORE	MinION	194158638.0	14877.0	WGS	GENOMIC	SINGLE	Nanopore WGS of CCS160
SRR30193012	SRX25656201	SRS22299042	SRP256141	PRJNA510384	Escherichia coli	not applicable	OXFORD_NANOPORE	GridION	230257536.0	68266.0	WGS	GENOMIC	SINGLE	EC-Horse-OK74078CY240070
SRR32250927	SRX27588934	SRS20831714	SRP497546	PRJNA1091452	Listeria monocytogenes	L-15	OXFORD_NANOPORE	MinION	407979423.0	116833.0	WGS	GENOMIC	SINGLE	native ONT data from Listeria monocytogenes
SRR5427933	SRX2717956	SRS2108659	SRP040661	PRJNA231221	Enterococcus faecalis	FDAARGOS_339	PACBIO_SMRT	PacBio RS	1084675068.0	163482.0	WGS	GENOMIC	SINGLE	
SRR7495819	SRX4365261	SRS2360868	SRP112695	PRJNA363947	Streptomyces sp. 3211.1	3211.1	PACBIO_SMRT	PacBio RS II	246134322.0	49828.0	WGS	GENOMIC	SINGLE	Streptomyces sp. 3211.1
ERR1341786	ERX1413358	ERS1093621	ERP014688	PRJEB13149	Bordetella trematum	H044680328	PACBIO_SMRT	PacBio RS	421368473.0	163482.0	WGS	GENOMIC	SINGLE	PacBio RS sequencing
SRR19858329	SRX15901931	SRS13590480	SRP383692	PRJNA853172	Escherichia coli		OXFORD_NANOPORE	MinION	257038362.0	180314.0	WGS	GENOMIC	SINGLE	Long read sequencing of MDR E. coli from Laos
ERR9517012	ERX9058551	ERS2651883	ERP104475	PRJEB22771	Streptococcus pneumoniae		PACBIO_SMRT	Sequel II	372687069.0	58198.0	WGS	GENOMIC	SINGLE	Sequel II sequencing
SRR19433003	SRX15486242	SRS13201888	SRP377463	PRJNA675653	Staphylococcus aureus	TCH32929	OXFORD_NANOPORE	GridION	314102046.0	81937.0	WGS	GENOMIC	SINGLE	WGS of TCH32929_ont
SRR12857269	SRX9324252	SRS7548575	SRP287972	PRJNA609136	Streptococcus pyogenes	ABC25	OXFORD_NANOPORE	GridION	182277712.0	186235.0	WGS	GENOMIC	SINGLE	WGS of emm4 GAS: ABC25
SRR12298911	SRX8801984	SRS6792329	SRP266402	PRJNA605147	Escherichia coli	RHBSTW-00303	PACBIO_SMRT	PacBio RS II	1338312551.0	174171.0	WGS	GENOMIC	SINGLE	PACBIO_SMRT sequencing of Escherichia coli isolate WTP2|T1-00303 cultured from WTP influent sample
SRR15361527	SRX11664020	SRS9696751	SRP331378	PRJNA752621	Nocardia brasiliensis	GA14-001	OXFORD_NANOPORE	MinION	160860016.0	40516.0	WGS	GENOMIC	SINGLE	GA14-001
SRR24139893	SRX19938512	SRS17287221	SRP247747	PRJNA604975	Escherichia coli	ox_bsi_70	OXFORD_NANOPORE	GridION	134777615.0	138686.0	WGS	GENOMIC	SINGLE	oxford_bsi
ERR13744099	ERX13145511	ERS16082355	ERP149426	PRJEB64289	Escherichia coli		PACBIO_SMRT	Sequel IIe	327478747.0	33621.0	WGS	GENOMIC	SINGLE	Sequel IIe sequencing
SRR9221401	SRX5991985	SRS4897124	SRP191068	PRJNA528511	Escherichia coli	GTEN_246	OXFORD_NANOPORE	GridION	1255222001.0	273244.0	WGS	GENOMIC	SINGLE	Global TravEpiNet AMR surveillance Genome sequencing and assembly
SRR14804997	SRX11137681	SRS9149411	SRP323048	PRJNA735700	Escherichia coli O170:H18	CFIAFB20120266	OXFORD_NANOPORE	MinION	210381676.0	51231.0	WGS	GENOMIC	SINGLE	ONT WGS of E. coli strain OLC-1056
ERR15095076	ERX14499678	ERS24813667	ERP119900	PRJEB36683	Klebsiella pneumoniae 11227-1		OXFORD_NANOPORE	PromethION	262230885.0	156091.0	WGS	GENOMIC	SINGLE	Raw reads: MKPU079_L
ERR6716421	ERX6341015	ERS7604503	ERP131742	PRJEB47469	Providencia alcalifaciens	2019-04-29292-1-3	OXFORD_NANOPORE	MinION	360288580.0	87265.0	WGS	GENOMIC	SINGLE	MinION sequencing; Raw reads: Providencia_alcalifaciens_strain_2019-04-29292-1-3_Nanopore
SRR13575525	SRX9973336	SRS8145954	SRP303741	PRJNA695586	Streptococcus pyogenes	M4C20	OXFORD_NANOPORE	MinION	3042236.0	4000.0	WGS	GENOMIC	SINGLE	Whole genome sequence of Streptococcus pyogenes strain M4C20
SRR30209145	SRX25672185	SRS22314240	SRP525766	PRJNA1144124	Staphylococcus aureus	missing	OXFORD_NANOPORE	MinION	259129280.0	73176.0	WGS	GENOMIC	SINGLE	Staphylococcus aureus
SRR28434521	SRX24038324	SRS20831650	SRP497546	PRJNA1091452	Listeria monocytogenes	L-18	OXFORD_NANOPORE	MinION	520554588.0	74921.0	WGS	GENOMIC	SINGLE	ONT performance study sequencing of L. monocytogenes
SRR13380310	SRX9803260	SRS7987544	SRP300808	PRJNA649533	Salmonella enterica		OXFORD_NANOPORE	GridION	921820232.0	148185.0	WGS	GENOMIC	SINGLE	ISF salmonella
SRR33895132	SRX29106721	SRS25313061	SRP590843	PRJNA1272507	Salmonella enterica	SAL-056	OXFORD_NANOPORE	GridION	312595936.0	76479.0	WGS	GENOMIC	SINGLE	ONT-WGS of Salmonella enterica
SRR386001	SRX109795	SRS001120	SRP000361	PRJNA32935	Enterococcus casseliflavus EC20	899205	PACBIO_SMRT	PacBio RS	76221061.0	81741.0	WGS	GENOMIC	SINGLE	Whole Genome Sequencing and Assembly
ERR15602658	ERX15005882	ERS26882926	ERP180185	PRJEB97707	Escherichia coli		OXFORD_NANOPORE	MinION	369111976.0	63941.0	WGS	GENOMIC	SINGLE	MinION sequencing
SRR27379211	SRX23055841	SRS20015623	SRP480616	PRJNA1055176	Escherichia coli	Not available	OXFORD_NANOPORE	MinION	1172543011.0	187721.0	WGS	GENOMIC	SINGLE	Whole genome sequence of E. coli
ERR9030315	ERX8573725	ERS10792237	ERP133548	PRJEB49093	Mycobacterium tuberculosis	Lineage 4.1.2	OXFORD_NANOPORE	MinION	163925720.0	102143.0	WGS	GENOMIC	SINGLE	MinION sequencing; Raw reads: mada_140-nanopore
SRR11529294	SRX8100347	SRS6466688	SRP256076	PRJNA624739	Streptomyces collinus	L2	PACBIO_SMRT	PacBio RS II	1623226558.0	146454.0	WGS	GENOMIC	SINGLE	L2_pb_WGS
SRR22365958	SRX18336588	SRS15825614	SRP409050	PRJNA895221	Stutzerimonas stutzeri	missing	OXFORD_NANOPORE	PromethION	11347638935.0	5561890.0	WGS	GENOMIC	SINGLE	Stutzerimonas stutzeri SOCE 002
ERR15880242	ERX15277195	ERS26933706	ERP180772	PRJEB98371	Listeria monocytogenes		OXFORD_NANOPORE	MinION	27594370.0	2106.0	WGS	GENOMIC	SINGLE	Raw reads: sample_077_nanopore_17
SRR36298240	SRX31330828	SRS26825904	SRP074197	PRJNA288601	Klebsiella pneumoniae	2025CK-01108	OXFORD_NANOPORE	GridION	548014309.0	90957.0	WGS	GENOMIC	SINGLE	Nanopore sequencing of ARLN isolate
ERR15077684	ERX14482323	ERS24753407	ERP172924	PRJEB89896	Klebsiella pneumoniae		PACBIO_SMRT	Sequel II	1455024672.0	81153.0	WGS	GENOMIC	SINGLE	Sequel II sequencing
ERR3440434	ERX3462454	ERS2549518	ERP019480	PRJEB17615	Klebsiella pneumoniae		PACBIO_SMRT	Sequel	1799031654.0	349613.0	WGS	GENOMIC	SINGLE	Sequel sequencing
SRR32364706	SRX27699440	SRS21122917	SRP444583	PRJNA962904	Escherichia coli		PACBIO_SMRT	Sequel II	266564611.0	12934.0	WGS	GENOMIC	SINGLE	PacBio sequencing of AS6248E1 for ARCH 1.0
SRR31599271	SRX26964412	SRS23434124	SRP549287	PRJNA1185485	Escherichia coli	378	OXFORD_NANOPORE	PromethION	348665924.0	58552.0	WGS	GENOMIC	SINGLE	pig-inf-barcode12
SRR36579290	SRX31592374	SRS4247839	SRP071789	PRJNA315192	Escherichia coli	663175	OXFORD_NANOPORE	MinION	2375093355.0	553020.0	WGS	GENOMIC	SINGLE	Routine surveillance of E. coli and Shigella
SRR15495685	SRX11795380	SRS9795530	SRP332777	PRJNA591399	Flavobacterium psychrophilum	CN38	OXFORD_NANOPORE	PromethION	456447545.0	1524095.0	WGS	GENOMIC	SINGLE	WGS of Flavobacterium psychrophilum CHN38
SRR11816522	SRX8367525	SRS6683193	SRP262414	PRJNA633990	Xanthomonas oryzae	XOO10	OXFORD_NANOPORE	MinION	310108161.0	68245.0	WGS	GENOMIC	SINGLE	WGS of Xanthomonas Oryzae pv. oryzae: XOO10
SRR25890192	SRX21610647	SRS18783875	SRP458186	PRJNA1012291	Enterococcus	Enterococcus faecium	OXFORD_NANOPORE	MinION	1846176767.0	702895.0	WGS	GENOMIC	SINGLE	Nanopore sequencing data of VRE
ERR14364937	ERX13766342	ERS23231989	ERP165658	PRJEB81867	Staphylococcus aureus		OXFORD_NANOPORE	PromethION	434090396.0	126291.0	WGS	GENOMIC	SINGLE	Raw reads: s52
SRR34350304	SRX29515430	SRS25638308	SRP596922	PRJNA1275811	Staphylococcus aureus	SA121	OXFORD_NANOPORE	MinION	695762974.0	548581.0	WGS	GENOMIC	SINGLE	Nanopore reads for StaAu121
SRR30149300	SRX25617333	SRS21937371	SRP518730	PRJNA1133668	Klebsiella pneumoniae	ST258KP112	OXFORD_NANOPORE	MinION	131044142.0	40436.0	WGS	GENOMIC	SINGLE	Nanopore sequencing of clinical CRE isolates: human
ERR10791344	ERX10240654	ERS2651072	ERP104475	PRJEB22771	Streptococcus pneumoniae		PACBIO_SMRT	Sequel II	1950155189.0	286425.0	WGS	GENOMIC	SINGLE	Sequel II sequencing
SRR30574425	SRX25997432	SRS22571200	SRP531125	PRJNA1155659	Vibrio parahaemolyticus	VB18PR-0037-1_long	OXFORD_NANOPORE	MinION	339464466.0	49553.0	WGS	GENOMIC	SINGLE	Oxford Nanopore reads of Vibrio
SRR16602836	SRX12804013	SRS10749574	SRP343516	PRJNA775652	Ralstonia solanacearum	UW37	PACBIO_SMRT	PacBio RS	1690989706.0	170269.0	WGS	GENOMIC	SINGLE	Cool-virulence in Ralstonia solanacearum
SRR36920042	SRX31886491	SRS27841339	SRP665298	PRJNA1403646	Enterobacter hormaechei	not applicable	OXFORD_NANOPORE	MinION	80508592.0	21085.0	WGS	GENOMIC	SINGLE	Long Reads for The Genomic Landscape of Head and Neck Cancer-associated Streptococci
SRR33705240	SRX28930699	SRS25168333	SRP587677	PRJNA1187867	Enterococcus sp.	E. faecium HWP072:4A	OXFORD_NANOPORE	PromethION	63442974.0	32000.0	WGS	GENOMIC	SINGLE	E. faecium HWP072:4A
SRR14148801	SRX10517816	SRS8641696	SRP313600	PRJNA663878	Escherichia coli O128ac:H12	AW1.7	PACBIO_SMRT	Sequel	354739505.0	23542.0	WGS	GENOMIC	SINGLE	E. coli AW1.7 whole genome
SRR33768580	SRX28990854	SRS22397133	SRP444583	PRJNA962904	Escherichia coli		PACBIO_SMRT	Sequel II	431438420.0	20052.0	WGS	GENOMIC	SINGLE	PacBio sequencing of A173006HE1 for ARCH 2
SRR901654	SRX306460	SRS445416	SRP026060	PRJNA203571	Mycobacteroides abscessus MAB_110811_1470	MAB_110811_1470	PACBIO_SMRT	PacBio RS	294998423.0	81741.0	WGS	GENOMIC	SINGLE	
SRR28777771	SRX24342775	SRS20831660	SRP497546	PRJNA1091452	Staphylococcus aureus	SA78-PS	OXFORD_NANOPORE	MinION	510150321.0	97388.0	WGS	GENOMIC	SINGLE	ONT performance study sequencing of S. aureus
SRR14753648	SRX11087194	SRS9152682	SRP323129	PRJNA735522	Bacillus velezensis	GMEKP1	OXFORD_NANOPORE	GridION	29039851.0	4000.0	WGS	GENOMIC	SINGLE	SRA Bacillus velezensis GMEKP1
SRR901700	SRX306478	SRS445426	SRP026065	PRJNA203575	Mycobacterium avium MAV_120809_2495	MAV_120809_2495	PACBIO_SMRT	PacBio RS	279457738.0	81741.0	WGS	GENOMIC	SINGLE	
SRR19816832	SRX15860500	SRS12115270	SRP361569	PRJNA768416	Viridibacillus sp. FSL R5-0888	FSL R5-0888	OXFORD_NANOPORE	MinION	213943394.0	40787.0	WGS	GENOMIC	SINGLE	WGS of Bacilli
SRR10519232	SRX7204078	SRS5708926	SRP231706	PRJNA330526	Clostridium beijerinckii	DJ211	PACBIO_SMRT	PacBio RS II	1194321397.0	383357.0	WGS	GENOMIC	SINGLE	Clostridium beijerinckii 211
ERR10474455	ERX9994798	ERS4418129	ERP120876	PRJEB37551	Escherichia coli		OXFORD_NANOPORE	MinION	1517024659.0	286475.0	WGS	GENOMIC	SINGLE	MinION sequencing
SRR34967707	SRX30086951	SRS26153040	SRP608514	PRJNA1305037	Escherichia coli	MI_KPC_104	OXFORD_NANOPORE	PromethION	500000623.0	108872.0	WGS	GENOMIC	SINGLE	KPC CRE collection from state of Michigan
ERR13354952	ERX12725884	ERS20228298	ERP160933	PRJEB76407	Mediterraneibacter gnavus		PACBIO_SMRT	Sequel IIe	210982356.0	23452.0	WGS	GENOMIC	SINGLE	Sequel IIe sequencing
DRR723686	DRX703707	DRS495867	DRP013760	PRJDB20694	Streptomyces platensis subsp. malvinus	JCM 4914	PACBIO_SMRT	Revio	180489632.0	17341.0	WGS	GENOMIC	SINGLE	Revio sequencing of SAMD01611644
SRR4167815	SRX2138766	SRS1670913	SRP086325	PRJNA303410	Marinobacter sp. lvr2a5a20	LVR2A5A20	PACBIO_SMRT	PacBio RS	413539218.0	110835.0	WGS	GENOMIC	SINGLE	Marinobacter sp. LVR2A5A20
SRR35940936	SRX30990230	SRS26982978	SRP291668	PRJNA675431	Acinetobacter baumannii		OXFORD_NANOPORE	PromethION	85951231.0	32419.0	WGS	GENOMIC	SINGLE	WGS of Acinetobacter baumannii
SRR14757211	SRX11090790	SRS9156163	SRP323170	PRJNA732579	Staphylococcus aureus	202	PACBIO_SMRT	Sequel	1428738077.0	272528.0	WGS	GENOMIC	SINGLE	WGS of Staphylococcus aureus: human skin
SRR448084	SRX131406	SRS002764	SRP001666	PRJNA32461	Coprobacillus cateniformis	D6	PACBIO_SMRT	PacBio RS	128824456.0	81741.0	WGS	GENOMIC	SINGLE	Whole Genome Sequencing and Assembly
SRR24886705	SRX20649263	SRS17947194	SRP442092	PRJNA708474	Saccharothrix longispora	DSM 43749	PACBIO_SMRT	Sequel II	6597917736.0	925799.0	WGS	GENOMIC	SINGLE	Saccharothrix longispora DSM 43749
SRR28434826	SRX24038424	SRS20831671	SRP497546	PRJNA1091452	Listeria monocytogenes	L-06	OXFORD_NANOPORE	MinION	168339953.0	26455.0	WGS	GENOMIC	SINGLE	ONT performance study sequencing of L. monocytogenes
SRR13386115	SRX9805314	SRS7989389	SRP300861	PRJNA663900	Enterococcus sp. DIV0692	DIV0692	OXFORD_NANOPORE	GridION	1455089656.0	138016.0	WGS	GENOMIC	SINGLE	Zoo 3 Enterococcus Diversity Genome sequencing and assembly
SRR9842091	SRX6596799	SRS5161946	SRP216475	PRJNA554021	Bartonella bacilliformis	Cusco5	PACBIO_SMRT	PacBio RS II	485556386.0	163482.0	WGS	GENOMIC	SINGLE	DNA Seq of Bartonella bacilliformis Cusco5
ERR10229250	ERX9764206	ERS6480211	ERP109413	PRJEB27342	Klebsiella pneumoniae		PACBIO_SMRT	Sequel II	6065216827.0	1049029.0	WGS	GENOMIC	SINGLE	Sequel II sequencing
SRR9047970	SRX5824492	SRS4752547	SRP051949	PRJNA271899	Klebsiella pneumoniae	MGH305	OXFORD_NANOPORE	GridION	886081663.0	294269.0	WGS	GENOMIC	SINGLE	Sequencing of Carbapenem resistant bacteria
ERR2177087	ERX2233450	ERS1859676	ERP005928	PRJEB6403	Yersinia pseudotuberculosis	NCTC1101	PACBIO_SMRT	PacBio RS	413427585.0	163482.0	WGS	GENOMIC	SINGLE	PacBio RS sequencing
SRR11675954	SRX8236880	SRS6587999	SRP259751	PRJNA378768	Mycoplasmopsis bovis	NADC70	PACBIO_SMRT	PacBio RS II	502771552.0	163482.0	WGS	GENOMIC	SINGLE	Whole genome sequencing of Mycoplasma bovis strain NADC70
ERR15726445	ERX15131573	ERS27074477	ERP171481	PRJEB88388	Pseudomonas veronii	R-93396	OXFORD_NANOPORE	MinION	960086274.0	260997.0	WGS	GENOMIC	SINGLE	Raw reads: Pseudomonas veronii R-93396
SRR32364776	SRX27699370	SRS21131393	SRP444583	PRJNA962904	Escherichia coli		PACBIO_SMRT	Sequel II	202970791.0	8061.0	WGS	GENOMIC	SINGLE	PacBio sequencing of CS5578C2 for ARCH 1.0
SRR19552045	SRX15604021	SRS13304883	SRP378750	PRJNA846333	Shigella sonnei	S14BD05406	OXFORD_NANOPORE	MinION	1378242915.0	627139.0	WGS	GENOMIC	SINGLE	MinION reads of Shigella S14BD05406
SRR12905381	SRX9370265	SRS7592104	SRP288736	PRJNA672121	Phycisphaerales bacterium	M1803	OXFORD_NANOPORE	MinION	375262482.0	105184.0	WGS	GENOMIC	SINGLE	WGS of Phycisphaerales bacterium strain:M1803
SRR27972642	SRX23625811	SRS20465736	SRP489819	PRJNA1076692	Klebsiella oxytoca	RIVM_C055352_dorado	OXFORD_NANOPORE	MinION	146402601.0	35590.0	WGS	GENOMIC	SINGLE	RIVM_C055352_dorado
SRR27180039	SRX22860437	SRS19835777	SRP477403	PRJNA1049513	Vibrio sp. PBL-C16	PBL-C16	OXFORD_NANOPORE	MinION	37343.0	14.0	WGS	GENOMIC	SINGLE	Vibrio sp. PBL-C16 Genome sequencing and assembly
ERR2246654	ERX2298677	ERS1883828	ERP005928	PRJEB6403	Afipia felis	NCTC12722	PACBIO_SMRT	PacBio RS	950248117.0	163482.0	WGS	GENOMIC	SINGLE	PacBio RS sequencing
SRR33768957	SRX28991122	SRS22456230	SRP444583	PRJNA962904	Enterobacter hormaechei		PACBIO_SMRT	Sequel II	594784964.0	30062.0	WGS	GENOMIC	SINGLE	PacBio sequencing of AH0256HE2 for ARCH 2
SRR2176136	SRX1160342	SRS1041366	SRP062664	PRJNA240103	Yersinia pestis Antiqua	Antiqua	PACBIO_SMRT	PacBio RS II	509917476.0	251416.0	WGS	GENOMIC	SINGLE	YPW_9_PacBio
SRR22997618	SRX18953711	SRS9835094	SRP272861	PRJNA646575	Bacteroides stercoris	BFG-121	OXFORD_NANOPORE	GridION	854077247.0	108868.0	WGS	GENOMIC	SINGLE	gDNA nanopore sequencing of BFG isolate
SRR27972411	SRX23626042	SRS20465465	SRP489819	PRJNA1076692	Escherichia coli	RIVM_C048768_dorado	OXFORD_NANOPORE	MinION	152305033.0	47697.0	WGS	GENOMIC	SINGLE	RIVM_C048768_dorado
SRR9221384	SRX5992002	SRS4897141	SRP191068	PRJNA528511	Escherichia coli	GTEN_176	OXFORD_NANOPORE	GridION	1404051412.0	604965.0	WGS	GENOMIC	SINGLE	Global TravEpiNet AMR surveillance Genome sequencing and assembly
SRR21696495	SRX17694282	SRS11554351	SRP354045	PRJNA747871	Streptomyces microflavus	NBC_01194	OXFORD_NANOPORE	MinION	781698731.0	90094.0	WGS	GENOMIC	SINGLE	nanopore sequencing data from strain NBC_01194
SRR35513758	SRX30589606	SRS26618001	SRP620300	PRJNA1328464	Staphylococcus hominis	SHOMINIS	OXFORD_NANOPORE	GridION	61294852.0	50098.0	WGS	GENOMIC	SINGLE	Staphylococcus hominis, MMV kit, replicate 2, sequence replicate 2
ERR1377178	ERX1448304	ERS1054582	ERP005928	PRJEB6403	Neisseria lactamica	NCTC10617	PACBIO_SMRT	PacBio RS	83437842.0	163482.0	WGS	GENOMIC	SINGLE	PacBio RS sequencing
ERR2432901	ERX2452480	ERS1943132	ERP005928	PRJEB6403	Flavobacterium lindanitolerans		PACBIO_SMRT	PacBio RS	483702103.0	163482.0	WGS	GENOMIC	SINGLE	PacBio RS sequencing
SRR15031897	SRX11343482	SRS9383692	SRP326726	PRJNA737600	Streptomyces sp. GMY02	GMY02	OXFORD_NANOPORE	GridION	5977421.0	4000.0	WGS	GENOMIC	SINGLE	WGS Streptomyces sp. GMY02
SRR30149309	SRX25617324	SRS21937626	SRP518730	PRJNA1133668	Klebsiella pneumoniae	ST258KP56	OXFORD_NANOPORE	MinION	160620141.0	24654.0	WGS	GENOMIC	SINGLE	Nanopore sequencing of clinical CRE isolates: human
SRR9048002	SRX5824460	SRS4752515	SRP051949	PRJNA271899	Klebsiella pneumoniae	MGH368	OXFORD_NANOPORE	GridION	2171367052.0	273459.0	WGS	GENOMIC	SINGLE	Sequencing of Carbapenem resistant bacteria
ERR14127004	ERX13529670	ERS22899859	ERP159032	PRJEB74343	Cupriavidus necator		OXFORD_NANOPORE	PromethION	88190555.0	20393.0	WGS	GENOMIC	SINGLE	R1041_V5_Cupriavidus_necator
ERR14225684	ERX13625966	ERS18294128	ERP156237	PRJEB71438	Streptomyces violaceorubidus		OXFORD_NANOPORE	MinION			WGS	GENOMIC	SINGLE	MinION sequencing
ERR9030346	ERX8573756	ERS10792291	ERP133548	PRJEB49093	Mycobacterium tuberculosis	Lineage 2.2	OXFORD_NANOPORE	MinION	420147291.0	74518.0	WGS	GENOMIC	SINGLE	MinION sequencing; Raw reads: R29816-nanopore
ERR14711317	ERX14112744	ERS23791386	ERP170064	PRJEB86764	Enterococcus faecium		OXFORD_NANOPORE	MinION	596903181.0	210492.0	WGS	GENOMIC	SINGLE	EXP-0-1-2025-03-10_15-27-00
SRR12824650	SRX9292286	SRS7519024	SRP287360	PRJNA669159	Acinetobacter towneri	GX3	OXFORD_NANOPORE	PromethION	1771807250.0	110799.0	WGS	GENOMIC	SINGLE	whole genome sequencing
DRR393681	DRX379500	DRS297016	DRP007849	PRJDB10842	Enterobacter hormaechei subsp. steigerwaltii	JBBDAJB-19-0014	OXFORD_NANOPORE	GridION	909582868.0	92917.0	WGS	GENOMIC	SINGLE	GridION sequencing of SAMD00499141
SRR29316771	SRX24833372	SRS21545203	SRP512379	PRJNA1121190	Vibrio cholerae	107Vc03	OXFORD_NANOPORE	PromethION	267416305.0	93263.0	WGS	GENOMIC	SINGLE	WGS of Vcholerae isolates
SRR13073493	SRX9520648	SRS7661054	SRP018785	PRJNA186035	Salmonella enterica	UWI_PP98	OXFORD_NANOPORE	GridION	633424199.0	106256.0	WGS	GENOMIC	SINGLE	MDR Salmonella Trinidad and Tobago
SRR10918415	SRX7585722	SRS6019378	SRP051949	PRJNA271899	Klebsiella pneumoniae	UCI_262	OXFORD_NANOPORE	GridION	2589880774.0	487676.0	WGS	GENOMIC	SINGLE	Sequencing of Carbapenem resistant bacteria
SRR30896145	SRX26299876	SRS22828598	SRP536878	PRJNA1134622	Escherichia coli	OXEC-351	OXFORD_NANOPORE	MinION	121815806.0	40282.0	WGS	GENOMIC	SINGLE	OXEC-351
SRR15989043	SRX12277824	SRS9998566	SRP357537	PRJNA801416	Enterobacter cloacae	93	OXFORD_NANOPORE	GridION	606358891.0	112263.0	WGS	GENOMIC	SINGLE	Whole Genome Sequencing of Carbapenemase-producing Enterobacterales (CPE)
SRR13680732	SRX10069976	SRS8231702	SRP303037	PRJNA694442	Salmonella enterica		OXFORD_NANOPORE	GridION	2992735718.0	334940.0	WGS	GENOMIC	SINGLE	Multiplex WGS of Salmonella enterica
SRR34410487	SRX29574071	SRS25698318	SRP598841	PRJNA1287288	Escherichia coli	AH21B060	OXFORD_NANOPORE	MinION	818677417.0	123180.0	WGS	GENOMIC	SINGLE	R10.4.1 WGS of bacterial isolate for accuracy benchmarking
SRR12298520	SRX8801547	SRS6792429	SRP266402	PRJNA605147	Escherichia coli	RHB19-C06	OXFORD_NANOPORE	GridION	1189818167.0	202275.0	WGS	GENOMIC	SINGLE	OXFORD_NANOPORE sequencing of Escherichia coli isolate RH14|T2-C06 cultured from Sheep faeces sample
SRR14871189	SRX11188629	SRS9244930	SRP324862	PRJNA736470	Streptococcus equi subsp. equi	SEE_19-063	PACBIO_SMRT	Sequel	1369307124.0	196911.0	WGS	GENOMIC	SINGLE	PacBio whole genome sequencing of Streptococcu equi
SRR5182069	SRX2498177	SRS1925030	SRP096895	PRJNA353873	Mycobacterium tuberculosis		PACBIO_SMRT	PacBio RS	110810976.0	163482.0	WGS	GENOMIC	SINGLE	DNA of Mtb
SRR11048319	SRX7698340	SRS6122825	SRP247779	PRJNA345944	Actinomadura luteofluorescens	DSM 40398	PACBIO_SMRT	Sequel	40033612.0	7804.0	WGS	GENOMIC	SINGLE	Actinomadura luteofluorescens DSM 40398
SRR13705505	SRX10094454	SRS8251900	SRP306286	PRJNA700828	Rhodococcus pseudokoreensis	R79	PACBIO_SMRT	Sequel	1536622831.0	312614.0	WGS	GENOMIC	PAIRED	WGS of Rhodococcus sp.: demultiplexed raw reads
SRR32204080	SRX27545731	SRS23960614	SRP561120	PRJNA1214876	Ekhidna algicida	To15	OXFORD_NANOPORE	MinION	32721130.0	4000.0	WGS	GENOMIC	SINGLE	Ekhidna algicida strain To15 genome
SRR11809742	SRX8361112	SRS6677146	SRP262237	PRJNA633711	Shewanella oneidensis MR-1	MR-1	PACBIO_SMRT	Sequel II	1145931577.0	143046.0	WGS	GENOMIC	SINGLE	Genome seq of Shewanella oneidensis
SRR10227619	SRX6947172	SRS5475171	SRP224114	PRJNA575551	Bradyrhizobium betae	PL7HG1	PACBIO_SMRT	PacBio RS II	2296437949.0	163482.0	WGS	GENOMIC	SINGLE	Complete genome sequencing of Bradyrhizobium betae type strain PL7HG1
SRR8744412	SRX5536447	SRS4502289	SRP051949	PRJNA271899	Escherichia coli	UCI-CRE-241	OXFORD_NANOPORE	GridION	2045207126.0	198001.0	WGS	GENOMIC	SINGLE	Sequencing of Carbapenem resistant bacteria
SRR12825948	SRX9293585	SRS7519932	SRP040661	PRJNA231221	Corynebacterium glucuronolyticum	FDAARGOS_1053	PACBIO_SMRT	PacBio RS	1423592519.0	163482.0	WGS	GENOMIC	SINGLE	
SRR5816150	SRX2994544	SRS2346084	SRP111485	PRJNA393703	Escherichia coli O121:H19	16-9255	OXFORD_NANOPORE	MinION	842452557.0	65189.0	WGS	GENOMIC	SINGLE	Rapid sequencing of E. coli non O157:H7
SRR7473056	SRX4342694	SRS3503278	SRP152212	PRJNA332243	Megasphaera elsdenii	NCIMB 702410	PACBIO_SMRT	PacBio RS II	928486310.0	539591.0	WGS	GENOMIC	SINGLE	Megasphaera elsdenii NCIMB 702410
SRR10556141	SRX7237875	SRS5737470	SRP233726	PRJNA460350	Clostridium beijerinckii	DJ116	PACBIO_SMRT	PacBio RS II	801299669.0	259355.0	WGS	GENOMIC	SINGLE	Clostridium beijerinckii DJ116
SRR13385954	SRX9805475	SRS7989549	SRP300861	PRJNA663900	Enterococcus sp. DIV2368	DIV2368	OXFORD_NANOPORE	GridION	874695208.0	85095.0	WGS	GENOMIC	SINGLE	Zoo 3 Enterococcus Diversity Genome sequencing and assembly
SRR13269180	SRX9699277	SRS7895416	SRP272861	PRJNA646575	Bacteroides faecis		OXFORD_NANOPORE	GridION	485949638.0	69800.0	WGS	GENOMIC	SINGLE	WGS  of Bacteroides fragilis group clinical isolates
SRR4180908	SRX2142204	SRS1673919	SRP086926	PRJNA303713	Gardnerella vaginalis	DSM 4944	PACBIO_SMRT	PacBio RS	938233098.0	256531.0	WGS	GENOMIC	SINGLE	Gardnerella vaginalis DSM 4944
SRR25793459	SRX21515650	SRS1095604	SRP457515	PRJNA1010762	Bacillus cereus	FSL K6-0043	OXFORD_NANOPORE	MinION	817451453.0	215157.0	WGS	GENOMIC	SINGLE	whole-genome sequencing of Bacillus cereus
ERR9030429	ERX8573839	ERS10792259	ERP133548	PRJEB49093	Mycobacterium tuberculosis	Lineage 2.2	OXFORD_NANOPORE	MinION	661729885.0	641269.0	WGS	GENOMIC	SINGLE	MinION sequencing; Raw reads: mada_1-11-nanopore
SRR8143882	SRX4964553	SRS3452382	SRP143617	PRJNA453501	Mesorhizobium sp. M1B.F.Ca.ET.045.04.1.1	M1B.F.Ca.ET.045.04.1.1	PACBIO_SMRT	PacBio RS II	2836333445.0	163482.0	WGS	GENOMIC	SINGLE	45P4S1
SRR32194399	SRX27535983	SRS23952478	SRP560996	PRJNA1218017	Bacteroides thetaiotaomicron	vpi-5482	OXFORD_NANOPORE	MinION	123879601.0	24000.0	WGS	GENOMIC	SINGLE	WGS of Bacteroides thetatiotaomicron grown on different carbon sources
SRR3723562	SRX1881094	SRS1527791	SRP077362	PRJNA217202	Gillisia sp. Hel_I_29	Hel_I_29	PACBIO_SMRT	PacBio RS	135487833.0	88810.0	WGS	GENOMIC	SINGLE	Gillisia sp. Hel_I_29
ERR15942126	ERX15337671	ERS27418085	ERP171251	PRJEB88111	Clostridium perfringens	CP_97A	OXFORD_NANOPORE	PromethION	1552621387.0	283934.0	WGS	GENOMIC	SINGLE	Raw reads: DTU_2024_1035998_100_SI_CP_97A_SE
ERR972360	ERX1049337	ERS715427	ERP005928	PRJEB6403	Escherichia coli	NCTC11128	PACBIO_SMRT	PacBio RS	1033144442.0	163482.0	WGS	GENOMIC	SINGLE	PacBio RS sequencing
SRR26322088	SRX22030159	SRS3020871	SRP133964	PRJNA437002	Bacillus subtilis	PS-65	PACBIO_SMRT	Sequel	1392473483.0	120736.0	WGS	GENOMIC	SINGLE	WGS B. subtilis PS-65
SRR31540954	SRX26907970	SRS23387429	SRP548173	PRJNA1190675	Escherichia coli	The same strain as the one under SRA accession SRR7291952	OXFORD_NANOPORE	MinION	227502183.0	33662.0	WGS	GENOMIC	SINGLE	ONT of TAS162
SRR12395315	SRX8893582	SRS7152604	SRP276100	PRJNA650381	Mycobacterium tuberculosis		OXFORD_NANOPORE	MinION	1044283728.0	577654.0	WGS	GENOMIC	SINGLE	Nanopore TB WGS
SRR26398677	SRX22104477	SRS19169559	SRP466591	PRJNA996987	Acinetobacter calcoaceticus	AC001_UM	OXFORD_NANOPORE	MinION	2737005256.0	483255.0	WGS	GENOMIC	SINGLE	AC001_UM
SRR15441468	SRX11740890	SRS8025501	SRP301606	PRJNA627032	Escherichia coli O157:H7	FLT_2005F	PACBIO_SMRT	Sequel	430887499.0	26729.0	WGS	GENOMIC	SINGLE	PacBio reads for long term study
ERR10499032	ERX10016321	ERS14255435	ERP142629	PRJEB57633	Escherichia coli		OXFORD_NANOPORE	GridION	34137871.0	4671.0	WGS	GENOMIC	SINGLE	Raw reads: ONT_30821_1#328
SRR36068620	SRX31114786	SRS27072671	SRP644837	PRJNA1364846	Escherichia coli	GPT22-004	OXFORD_NANOPORE	GridION	140598442.0	60663.0	WGS	GENOMIC	SINGLE	Escherchia coli, DBT kit, 36-plex and 50 ng DNA, replicate 4
SRR6799221	SRX3758058	SRS3013340	SRP133836	PRJNA316321	Pseudomonas aeruginosa	AR_0351	PACBIO_SMRT	PacBio RS	73237946.0	163482.0	WGS	GENOMIC	SINGLE	
SRR36919971	SRX31886257	SRS27841222	SRP665298	PRJNA1403646	Streptococcus sp.	sp002238115	OXFORD_NANOPORE	MinION	15521868.0	28737.0	WGS	GENOMIC	SINGLE	Long Reads for The Genomic Landscape of Head and Neck Cancer-associated Streptococci
SRR21630094	SRX17630600	SRS11554438	SRP354045	PRJNA747871	Streptomyces sp. NBC_00049	NBC_00049	OXFORD_NANOPORE	MinION	256028650.0	51949.0	WGS	GENOMIC	SINGLE	nanopore sequencing data from strain NBC_00049
SRR5826159	SRX3003918	SRS1832507	SRP094480	PRJNA279196	Bordetella pertussis	E809	PACBIO_SMRT	PacBio RS II	1052357491.0	163482.0	WGS	GENOMIC	SINGLE	
SRR22121272	SRX18100993	SRS15603913	SRP405589	PRJNA895213	Segatella copri	Ind63-31	OXFORD_NANOPORE	GridION	856164503.0	261834.0	WGS	GENOMIC	SINGLE	WGS of Prevotella copri Ind63-31
ERR4762236	ERX4635340	ERS5247773	ERP124695	PRJEB40976	Enterococcus faecalis		OXFORD_NANOPORE	GridION	664775870.0	52188.0	WGS	GENOMIC	SINGLE	GridION sequencing; Raw reads: 26975_2#195
SRR15031905	SRX11343474	SRS9383692	SRP326726	PRJNA737600	Streptomyces sp. GMY02	GMY02	OXFORD_NANOPORE	GridION	8925053.0	4000.0	WGS	GENOMIC	SINGLE	WGS Streptomyces sp. GMY02
SRR7968347	SRX4801750	SRS3880712	SRP163540	PRJNA431102	Borreliella tanukii	TanegashimaAS9	PACBIO_SMRT	PacBio RS II	1940219437.0	163482.0	WGS	GENOMIC	SINGLE	Borrelia tanukii strain TanegashimaAS9
ERR13600608	ERX12971631	ERS15599791	ERP132614	PRJEB48268	Klebsiella pneumoniae		OXFORD_NANOPORE	GridION	1295953388.0	51139.0	WGS	GENOMIC	SINGLE	GridION sequencing
SRR12298986	SRX8802227	SRS6792658	SRP266402	PRJNA605147	Citrobacter sp. RHBSTW-01065	RHBSTW-01065	OXFORD_NANOPORE	GridION	133032068.0	25828.0	WGS	GENOMIC	SINGLE	OXFORD_NANOPORE sequencing of Citrobacter sp. isolate WTP2|T3-01065 cultured from WTP effluent sample
SRR35767943	SRX30817234	SRS26181075	SRP608946	PRJNA1011034	Staphylococcus epidermidis	HDRNA_10_K01	OXFORD_NANOPORE	GridION	1328279368.0	108820.0	WGS	GENOMIC	SINGLE	Whole genome sequencing of Staphylococcus epidermidis isolated from synovial fluid
SRR32364757	SRX27699389	SRS21122319	SRP444583	PRJNA962904	Klebsiella pneumoniae		PACBIO_SMRT	Sequel II	69355077.0	3299.0	WGS	GENOMIC	SINGLE	PacBio sequencing of AS26969E2 for ARCH 1.0
SRR24140115	SRX19938962	SRS17287671	SRP247747	PRJNA604975	Escherichia coli	ox_bsi_620	OXFORD_NANOPORE	GridION	168987060.0	55910.0	WGS	GENOMIC	SINGLE	oxford_bsi
SRR387006	SRX109918	SRS281278	SRP001087	PRJNA40075	Escherichia coli str. K-12 substr. MG1655	K-12	PACBIO_SMRT	PacBio RS	236018803.0	81741.0	WGS	GENOMIC	SINGLE	Whole Genome Sequencing and Assembly
SRR10048573	SRX6783054	SRS5329280	SRP219398	PRJNA561565	Escherichia albertii	RM10705	PACBIO_SMRT	PacBio RS II	2013526731.0	163482.0	WGS	GENOMIC	SINGLE	Complete genome sequences of RM10705
ERR8007797	ERX7573466	ERS9899334	ERP131998	PRJEB47698	Escherichia coli		OXFORD_NANOPORE	MinION	529476766.0	78091.0	WGS	GENOMIC	SINGLE	MinION sequencing
SRR17126948	SRX13311429	SRS11219910	SRP040661	PRJNA231221	Collinsella stercoris DSM 13279	FDAARGOS_1572	PACBIO_SMRT	Sequel II	5836713603.0	583055.0	WGS	GENOMIC	SINGLE	
SRR31309412	SRX26687295	SRS23179780	SRP544567	PRJNA818820	Halomonas cupida	J9	PACBIO_SMRT	PacBio RS	2119988660.0	7019830.0	WGS	GENOMIC	PAIRED	chromosome of halomonas cupida J9
ERR10498661	ERX10015950	ERS14255865	ERP142629	PRJEB57633	Escherichia coli		OXFORD_NANOPORE	GridION	27824007.0	10088.0	WGS	GENOMIC	SINGLE	Raw reads: ONT_30602_1#212
SRR30149380	SRX25617253	SRS21937563	SRP518730	PRJNA1133668	Klebsiella pneumoniae	ST258KP20	OXFORD_NANOPORE	MinION	383441518.0	54010.0	WGS	GENOMIC	SINGLE	Nanopore sequencing of clinical CRE isolates: human
SRR28811899	SRX24375254	SRS21131910	SRP504151	PRJNA1104797	Xanthomonas campestris pv. raphani	Xcr-TH1B	OXFORD_NANOPORE	PromethION	743939034.0	32623.0	WGS	GENOMIC	SINGLE	Genome sequencing of Xanthomonas campestris pv. raphani: strain Xcr-TH1B
SRR35940179	SRX30989470	SRS26982268	SRP640263	PRJNA1356953	Priestia megaterium	AKSKSLAB05	PACBIO_SMRT	Onso	1394593133.0	4665692.0	WGS	GENOMIC	PAIRED	Whole genome sequencing of dye-degrading Priestia megaterium strain AKSKSLAB05 isolated from industrial effluent, Tiruppur, Tamil Nadu, India
SRR9722565	SRX6480204	SRS5130310	SRP215816	PRJNA470993	Staphylococcus aureus	ER03783.3	PACBIO_SMRT	PacBio RS II	1465684522.0	201411.0	WGS	GENOMIC	SINGLE	WGS of Staphylococcus aureus
ERR15954741	ERX15350104	ERS27947592	ERP183034	PRJEB101632	Priestia filamentosa		PACBIO_SMRT	Sequel	217729360.0	18317.0	WGS	GENOMIC	SINGLE	Sequel sequencing
ERR1036222	ERX1114956	ERS747611	ERP005928	PRJEB6403	Klebsiella pneumoniae	NCTC9163	PACBIO_SMRT	PacBio RS	1137579817.0	163482.0	WGS	GENOMIC	SINGLE	PacBio RS sequencing
SRR25467188	SRX21199737	SRS18458351	SRP452337	PRJNA1000618	Escherichia coli	Escherichia coli BL21(DE3)	OXFORD_NANOPORE	MinION	13459416.0	4000.0	WGS	GENOMIC	SINGLE	CASTVK transposition with different condition
SRR31244669	SRX26624578	SRS23120946	SRP543473	PRJNA1179941	[Ruminococcus] torques	CIP112193	OXFORD_NANOPORE	MinION	327671768.0	22292.0	WGS	GENOMIC	SINGLE	DNA-Seq
SRR35147802	SRX30253433	SRS26305359	SRP613232	PRJNA709556	Curtobacterium herbarum	P420/07	PACBIO_SMRT	Sequel II	286114475.0	40103.0	WGS	GENOMIC	SINGLE	Curtobacterium herbarum P420/07
DRR457472	DRX441769	DRS418667	DRP012097	PRJDB15501	Staphylococcus aureus	13008-19-S004	OXFORD_NANOPORE	GridION	496257730.0	62038.0	WGS	GENOMIC	SINGLE	GridION sequencing of SAMD00591007
SRR13192535	SRX9626924	SRS7827983	SRP295672	PRJNA681856	Salmonella enterica	LHICA_E1	OXFORD_NANOPORE	MinION	15334434.0	4000.0	WGS	GENOMIC	SINGLE	WGS of Salmonella enterica Lhica E40
SRR33422505	SRX28663463	SRS24931433	SRP583015	PRJNA1258586	Bacteroides fragilis	H1	PACBIO_SMRT	PacBio RS II	141607802.0	26049.0	WGS	GENOMIC	SINGLE	isolated from the initial H1R7 resistant clones,after five rounds of passaging,number_H1R7-8
SRR8305997	SRX5120499	SRS2161688	SRP018785	PRJNA186035	Salmonella enterica subsp. enterica serovar Paratyphi B	SGSC 2239	PACBIO_SMRT	Sequel	676448975.0	86603.0	WGS	GENOMIC	SINGLE	Whole genome PacBio Sequel sequence of Salmonella enterica subsp. enterica serovar Paratyphi B
ERR10497670	ERX10014959	ERS14254514	ERP142629	PRJEB57633	Escherichia coli		OXFORD_NANOPORE	GridION	123857942.0	18740.0	WGS	GENOMIC	SINGLE	Raw reads: ONT_30134_6#347
SRR35147123	SRX30252754	SRS12559888	SRP369075	PRJNA695766	Curtobacterium luteum	DSM 20542	PACBIO_SMRT	Sequel II	384661232.0	74044.0	WGS	GENOMIC	SINGLE	Curtobacterium luteum DSM 20542
SRR23796520	SRX19628663	SRS16998258	SRP426543	PRJNA942088	Campylobacter jejuni	PS_38_2021	OXFORD_NANOPORE	MinION	52074613.0	8920.0	WGS	GENOMIC	SINGLE	Nanopore sequencing of Campylobacter jejuni from human stool
SRR26950746	SRX22644460	SRS19641537	SRP474291	PRJNA1043871	Bacillus sp. PBL-C9	PBL-C9	OXFORD_NANOPORE	MinION	3154389.0	426.0	WGS	GENOMIC	SINGLE	Bacillus sp. PBL-C9 Genome sequencing and assembly
SRR12681517	SRX9161670	SRS7400574	SRP284184	PRJNA652994	Nesterenkonia halotolerans	DSM 15474	PACBIO_SMRT	PacBio RS II	1113834315.0	389200.0	WGS	GENOMIC	SINGLE	Nesterenkonia halotolerans DSM 15474
SRR873689	SRX290747	SRS431861	SRP023572	PRJNA176660	Vibrio parahaemolyticus 10290	10290	PACBIO_SMRT	PacBio RS	213643813.0	81741.0	WGS	GENOMIC	SINGLE	
SRR9221369	SRX5992017	SRS4897156	SRP191068	PRJNA528511	Escherichia coli	GTEN_133	OXFORD_NANOPORE	GridION	888881118.0	219268.0	WGS	GENOMIC	SINGLE	Global TravEpiNet AMR surveillance Genome sequencing and assembly
DRR670797	DRX650899	DRS471514	DRP013232	PRJDB19278	bacterium		PACBIO_SMRT	PacBio RS II	1525676179.0	178481.0	WGS	GENOMIC	SINGLE	PacBio RS II sinlge-end Sequencing of KAS22021543 (KAE22230310)
SRR30234374	SRX25696260	SRS22341485	SRP442879	PRJNA956891	Pseudomonas sp. CBR-F	CBR-F	OXFORD_NANOPORE	MinION	358639597.0	20155.0	WGS	GENOMIC	SINGLE	Long-read sequencing of Pseudomonas sp. CBR-F isolate
SRR31599205	SRX26963879	SRS23433594	SRP549287	PRJNA1185485	Escherichia coli	23	OXFORD_NANOPORE	PromethION	406179115.0	101157.0	WGS	GENOMIC	SINGLE	2ndManhole-barcode23
ERR5647073	ERX5362573	ERS6162968	ERP128070	PRJEB44065	Bacillus velezensis		OXFORD_NANOPORE	MinION	1481107575.0	1199536.0	WGS	GENOMIC	SINGLE	MinION sequencing; Raw reads: MinION_WGS_Pilsner2-1
DRR393659	DRX379478	DRS296992	DRP007849	PRJDB10842	Klebsiella pneumoniae subsp. pneumoniae	JBBDACI-19-0018	OXFORD_NANOPORE	GridION	2147650718.0	215016.0	WGS	GENOMIC	SINGLE	GridION sequencing of SAMD00498729
SRR13088116	SRX9534164	SRS7519356	SRP293284	PRJNA679594	Campylobacter jejuni	RM1221	OXFORD_NANOPORE	MinION	1775387.0	1.0	WGS	GENOMIC	SINGLE	WGS
SRR35935531	SRX30984818	SRS26977843	SRP640189	PRJNA1356842	Neisseria gonorrhoeae	MS11	OXFORD_NANOPORE	PromethION	2237764.0	2.0	WGS	GENOMIC	SINGLE	Whole genome sequencing of Neisseria gonorrhoeae MS11
SRR30896561	SRX26300008	SRS22828730	SRP536878	PRJNA1134622	Escherichia coli	OXEC-86	OXFORD_NANOPORE	MinION	205742334.0	65511.0	WGS	GENOMIC	SINGLE	OXEC-86
SRR7162863	SRX4081161	SRS3298390	SRP145627	PRJNA460963	Asanoa ferruginea	DSM 44099	PACBIO_SMRT	PacBio RS II	591218294.0	175078.0	WGS	GENOMIC	SINGLE	Asanoa ferruginea DSM 44099
ERR14686343	ERX14087862	ERS23773257	ERP169826	PRJEB86481	Escherichia coli str. K-12 substr. MG1655	K-12	OXFORD_NANOPORE	MinION	294276795.0	133953.0	WGS	GENOMIC	SINGLE	MinION sequencing
ERR1231346	ERX1303285	ERS1046083	ERP014041	PRJEB12552	Staphylococcus aureus		PACBIO_SMRT	PacBio RS			WGS	GENOMIC	SINGLE	PacBio RS sequencing
SRR9620710	SRX6383721	SRS5043308	SRP212599	PRJNA547257	Microbacterium endophyticum	DSM 27099	PACBIO_SMRT	Sequel	1383479116.0	357829.0	WGS	GENOMIC	SINGLE	Microbacterium endophyticum DSM 27099
SRR33417236	SRX28658194	SRS24926923	SRP582914	PRJNA992958	Salmonella enterica subsp. enterica serovar Corvallis	37132_04	OXFORD_NANOPORE	MinION	202963015.0	43582.0	WGS	GENOMIC	SINGLE	Nanopore DNA-Seq of Salmonella spp
ERR1805679	ERX1868706	ERS1324124	ERP005928	PRJEB6403	Legionella beliardensis	NCTC13315	PACBIO_SMRT	PacBio RS	1891573573.0	163482.0	WGS	GENOMIC	SINGLE	PacBio RS sequencing
SRR23755933	SRX19607159	SRS16987445	SRP426364	PRJNA938278	Citrobacter amalonaticus	AUH_CA_2023_1	OXFORD_NANOPORE	MinION	1436017062.0	637254.0	WGS	GENOMIC	SINGLE	Different carbepenemase producing organisms found in one single patient - Citrobacter amalonaticus
ERR2180702	ERX2237033	ERS1859692	ERP005928	PRJEB6403	Streptococcus pneumoniae	NCTC11032	PACBIO_SMRT	PacBio RS	391915783.0	163482.0	WGS	GENOMIC	SINGLE	PacBio RS sequencing
SRR21979957	SRX17963146	SRS15479496	SRP403610	PRJNA757133	Escherichia coli	MS21199	OXFORD_NANOPORE	MinION	194857704.0	49452.0	WGS	GENOMIC	SINGLE	NMEC whole genome sequence
SRR34711400	SRX29846431	SRS25949864	SRP603488	PRJNA1295973	Campylobacter coli	LDI6770	OXFORD_NANOPORE	MinION	61191195.0	47871.0	WGS	GENOMIC	SINGLE	C. coli Minion reads
ERR13656292	ERX13026994	ERS20964716	ERP152411	PRJEB67372	Streptomyces sp. enrichment culture		PACBIO_SMRT	Revio	277980266.0	40392.0	WGS	GENOMIC	SINGLE	Raw reads: SudanB38_2045
SRR31178802	SRX26561516	SRS23067022	SRP051099	PRJNA269675	Yersinia intermedia	SCPM-O-B-16218 (Nart-101-1-10)	OXFORD_NANOPORE	MinION	365411156.0	207620.0	WGS	GENOMIC	SINGLE	Shotgun 2024 Sample 873
SRR2140436	SRX1129501	SRS1021106	SRP060752	PRJNA285350	Salmonella enterica subsp. enterica serovar Newport	0112-791	PACBIO_SMRT	PacBio RS II	4415814816.0	163482.0	WGS	GENOMIC	SINGLE	Global investigation of Salmonella enterica serovar Newport- Newport-0112-791 rep2
SRR28063687	SRX23713290	SRS20528692	SRP490965	PRJNA1079198	Salmonella enterica subsp. enterica serovar Typhimurium	20-SA00562-0	OXFORD_NANOPORE	MinION	202435715.0	32794.0	WGS	GENOMIC	SINGLE	WGS of Salmonella enterica subsp. enterica serovar Typhimurium isolate 20-SA00562-0 using ONT technology
SRR12298399	SRX8801668	SRS6792462	SRP266402	PRJNA605147	Escherichia coli	RHBSTW-00139	PACBIO_SMRT	PacBio RS II	1514301842.0	175334.0	WGS	GENOMIC	SINGLE	PACBIO_SMRT sequencing of Escherichia coli isolate WTP1|T1-00139 cultured from WTP influent sample
ERR12953442	ERX12325639	ERS19223305	ERP159859	PRJEB75271	Staphylococcus aureus		OXFORD_NANOPORE	MinION	345999947.0	133302.0	WGS	GENOMIC	SINGLE	MinION sequencing
SRR31480960	SRX26849363	SRS23333079	SRP547242	PRJNA1188493	Bacillus cereus	C44	OXFORD_NANOPORE	GridION	574977560.0	200100.0	WGS	GENOMIC	SINGLE	WGS of Bacillus Cereus
SRR32584319	SRX27890821	SRS24262148	SRP568071	PRJNA1231784	Mycobacterium	INH128ugmlmutant04	OXFORD_NANOPORE	GridION	325816100.0	44146.0	WGS	GENOMIC	SINGLE	Genome sequencing of Mycobacterium sp.
SRR22784875	SRX18744569	SRS16179742	SRP413484	PRJNA912639	Escherichia coli	EC_E3BE_1_E_CuP_CeP	OXFORD_NANOPORE	MinION	55673062.0	6356.0	WGS	GENOMIC	SINGLE	WGS of Escherichia coli
SRR19894745	SRX15937798	SRS13624986	SRP384109	PRJNA853901	Bordetella pertussis	Bp-803247-19	OXFORD_NANOPORE	MinION	685574453.0	76465.0	WGS	GENOMIC	SINGLE	Whole genome sequencing of Bordetella pertussis with Nanopore Q20 kit
SRR15361538	SRX11664009	SRS9696740	SRP331378	PRJNA752621	Streptomyces tendae	GB13-009	OXFORD_NANOPORE	MinION	68603296.0	7517.0	WGS	GENOMIC	SINGLE	GB13-009
SRR30628895	SRX26050809	SRS6210547	SRP250563	PRJNA607555	Agrobacterium tumefaciens	LMG 267	OXFORD_NANOPORE	MinION	362192891.0	14586.0	WGS	GENOMIC	SINGLE	WGS of Agrobacterium tumefaciens LMG 267
SRR28249923	SRX23860568	SRS20679583	SRP458718	PRJNA1013328	Escherichia coli	Escherichia coli BL21(DE3)	OXFORD_NANOPORE	PromethION	761155537.0	116120.0	WGS	GENOMIC	SINGLE	Long read WGS sequencing for genomic insertion assay: genomeinsertion-bRNA-3-RTG7.biorep2.techrep2
SRR31555822	SRX26921901	SRS23398957	SRP548427	PRJNA1192303	Shigella flexneri	2a	OXFORD_NANOPORE	GridION	305892092.0	90710.0	WGS	GENOMIC	SINGLE	WGS of Shigella sonnei 2021/2022
SRR5181948	SRX2498057	SRS1924910	SRP096895	PRJNA353873	Mycobacterium tuberculosis		PACBIO_SMRT	PacBio RS	660262421.0	163482.0	WGS	GENOMIC	SINGLE	DNA of Mtb
SRR4125184	SRX2107164	SRS1666428	SRP040661	PRJNA231221	Clostridioides difficile	FDAARGOS_268	PACBIO_SMRT	PacBio RS	2222810462.0	163482.0	WGS	GENOMIC	SINGLE	
SRR29777164	SRX25277232	SRS21961085	SRP519287	PRJNA1134122	Listeria monocytogenes	N23-1883	OXFORD_NANOPORE	MinION	507183003.0	84332.0	WGS	GENOMIC	SINGLE	Long read WGS of Listeria monocytogenes: isolate N23-1883
SRR33935135	SRX29137401	SRS24172136	SRP074197	PRJNA288601	Klebsiella oxytoca	2025HL-00129	OXFORD_NANOPORE	GridION	100663326.0	20637.0	WGS	GENOMIC	SINGLE	Long read sequencing of carbapenemase producing organisms
SRR32204168	SRX27545643	SRS23960614	SRP561120	PRJNA1214876	Ekhidna algicida	To15	OXFORD_NANOPORE	MinION	34001048.0	4000.0	WGS	GENOMIC	SINGLE	Ekhidna algicida strain To15 genome
SRR364963	SRX032454	SRS140103	SRP004712	PRJNA61297	Vibrio cholerae O1 biovar El Tor str. N16961	N16961	PACBIO_SMRT	PacBio RS	75056209.0	60667.0	WGS	GENOMIC	SINGLE	Sequencing for N5 (Bangladesh, 1971)
SRR30750203	SRX26152898	SRS22678973	SRP345837	PRJNA857700	Escherichia coli	1507D004	OXFORD_NANOPORE	MinION	907772463.0	286793.0	WGS	GENOMIC	SINGLE	Long read HMW DNA sequencing of florfenicol resistant Escherichia coli
SRR18117833	SRX14268401	SRS12087432	SRP361201	PRJNA809755	Escherichia coli	not collected	OXFORD_NANOPORE	GridION	531307556.0	90836.0	WGS	GENOMIC	SINGLE	E.coli CFN_9447
ERR12670814	ERX12044946	ERS18299972	ERP149678	PRJEB64503	Haemophilus parainfluenzae ATCC 33392	HUB-HP14290	OXFORD_NANOPORE	MinION	344110960.0	55965.0	WGS	GENOMIC	SINGLE	MinION sequencing
SRR23384632	SRX19323029	SRS16721115	SRP421698	PRJNA924056	Serratia nevei	CPO141	OXFORD_NANOPORE	MinION	100220989.0	6202.0	WGS	GENOMIC	SINGLE	WGS of bacterial isolate possessing blaIMP-4 carbapenemase
SRR30896348	SRX26299673	SRS22828395	SRP536878	PRJNA1134622	Escherichia coli	OXEC-312	OXFORD_NANOPORE	MinION	670198015.0	196961.0	WGS	GENOMIC	SINGLE	OXEC-312
SRR25434755	SRX21168769	SRS18430281	SRP451700	PRJNA998204	Klebsiella pneumoniae	60798_minion	OXFORD_NANOPORE	MinION	490257882.0	98529.0	WGS	GENOMIC	SINGLE	multidrug resistant Enterobacterales Libya
ERR10357018	ERX9889134	ERS7159921	ERP109413	PRJEB27342	Raoultella ornithinolytica		PACBIO_SMRT	Sequel II	4953911725.0	734493.0	WGS	GENOMIC	SINGLE	Sequel II sequencing
ERR15602679	ERX15005903	ERS26882947	ERP180185	PRJEB97707	Escherichia coli		OXFORD_NANOPORE	MinION	76410959.0	8819.0	WGS	GENOMIC	SINGLE	MinION sequencing
SRR13950258	SRX10329058	SRS5598756	SRP310366	PRJNA695105	Bacillus anthracis	A166	OXFORD_NANOPORE	GridION	432860279.0	51654.0	WGS	GENOMIC	SINGLE	Whole genome nanopore sequencing of Bacillus anthracis strain A166
ERR10791254	ERX10240564	ERS2652679	ERP104475	PRJEB22771	Streptococcus pneumoniae		PACBIO_SMRT	Sequel II	5580136950.0	799675.0	WGS	GENOMIC	SINGLE	Sequel II sequencing
ERR4910186	ERX4777010	ERS4556740	ERP121699	PRJEB38289	Klebsiella pneumoniae		PACBIO_SMRT	PacBio RS	506241914.0	54494.0	WGS	GENOMIC	SINGLE	PacBio RS sequencing
SRR12395450	SRX8893447	SRS7152469	SRP276100	PRJNA650381	Mycobacterium tuberculosis		OXFORD_NANOPORE	MinION	536250978.0	351359.0	WGS	GENOMIC	SINGLE	Nanopore TB WGS
SRR13680603	SRX10070105	SRS8231704	SRP303037	PRJNA694442	Salmonella enterica		OXFORD_NANOPORE	GridION	1690631833.0	273649.0	WGS	GENOMIC	SINGLE	Multiplex WGS of Salmonella enterica
SRR31286345	SRX26665346	SRS22973759	SRP074197	PRJNA288601	Pseudomonas aeruginosa		OXFORD_NANOPORE	GridION	628935373.0	294081.0	WGS	GENOMIC	SINGLE	Nanopore sequencing of ARLN isolate
ERR10124232	ERX9661296	ERS6426091	ERP109413	PRJEB27342	Klebsiella spallanzanii		PACBIO_SMRT	Sequel II	4981745512.0	741428.0	WGS	GENOMIC	SINGLE	Sequel II sequencing
SRR35513777	SRX30589587	SRS26617992	SRP620300	PRJNA1328464	Campylobacter coli	GPT20-006	OXFORD_NANOPORE	GridION	6545945.0	2879.0	WGS	GENOMIC	SINGLE	Campylobacter coli, MMV kit, replicate 3, sequence replicate 1
ERR15732300	ERX15137437	ERS27093513	ERP182414	PRJEB100987	Xanthomonas oryzae pv. oryzae	CIX4067	OXFORD_NANOPORE	MinION	1092649048.0	84433.0	WGS	GENOMIC	SINGLE	OXFORD_NANOPORE MinION sequencing; CIX4067 WGS GENOMIC
ERR10496757	ERX10014076	ERS14249002	ERP142629	PRJEB57633	Escherichia coli		OXFORD_NANOPORE	GridION	84605659.0	17474.0	WGS	GENOMIC	SINGLE	Raw reads: ONT_30134_6#194
SRR32364787	SRX27699359	SRS21131377	SRP444583	PRJNA962904	Escherichia coli		PACBIO_SMRT	Sequel II	284154830.0	13261.0	WGS	GENOMIC	SINGLE	PacBio sequencing of CS5163E1 for ARCH 1.0
SRR21857880	SRX17846193	SRS15367782	SRP401918	PRJNA882345	Escherichia coli	C 237-04	OXFORD_NANOPORE	MinION	383203758.0	41675.0	WGS	GENOMIC	SINGLE	ONP_Seq of E. coli p7
SRR27678685	SRX23346064	SRS20207302	SRP485167	PRJNA960711	Bacillus toyonensis	Cuernavaca_S4	OXFORD_NANOPORE	MinION	369744602.0	157662.0	WGS	GENOMIC	SINGLE	WGS of Bacillus toyonensis: strain Cuernavaca_S4
SRR10297980	SRX7010734	SRS5531507	SRP226004	PRJNA547984	Pseudoalteromonas sp. THAF3	THAF3	OXFORD_NANOPORE	GridION	533980572.0	82948.0	WGS	GENOMIC	SINGLE	ONT SQK-RBK004 library of THAF003 gDNA: R9.4.1 flowcell
SRR13289837	SRX9718909	SRS7252884	SRP278657	PRJNA658369	Klebsiella pneumoniae	ARLG-3205	OXFORD_NANOPORE	GridION	1604802115.0	214250.0	WGS	GENOMIC	SINGLE	ONT seq of K. pneumoniae
ERR14686231	ERX14087750	ERS23773370	ERP169826	PRJEB86481	Escherichia coli str. K-12 substr. MG1655	K-12	OXFORD_NANOPORE	MinION	141614405.0	55451.0	WGS	GENOMIC	SINGLE	MinION sequencing
SRR31599446	SRX26964236	SRS23433948	SRP549287	PRJNA1185485	Escherichia coli	84	OXFORD_NANOPORE	PromethION	2252242457.0	422959.0	WGS	GENOMIC	SINGLE	2ndManhole-barcode95
SRR30742898	SRX26152450	SRS22700795	SRP533875	PRJNA1134706	Staphylococcus sp. 11262D007BW	11262D007BW	PACBIO_SMRT	Sequel II	4099122661.0	458475.0	WGS	GENOMIC	SINGLE	WGS of Staphylococcus;s__ from swine milk/colostrum
SRR353434	SRX101293	SRS259597	SRP008033	PRJNA68213	Escherichia coli O104:H4 str. 09-7901	09-7901	PACBIO_SMRT	PacBio RS	73711528.0	81741.0	WGS	GENOMIC	SINGLE	Genome Sequencing and Assembly of E. coli O104:H4 strains
SRR17881040	SRX14040422	SRS11875452	SRP358234	PRJNA803326	Salmonella enterica subsp. enterica serovar Kentucky	N12-0931	OXFORD_NANOPORE	MinION	424076668.0	29908.0	WGS	GENOMIC	SINGLE	Long read sequencing of Salmonella enterica N12-0931
ERR5420988	ERX5205552	ERS5845276	ERP126298	PRJEB42440	Klebsiella pneumoniae		OXFORD_NANOPORE	GridION	1076025079.0	156710.0	WGS	GENOMIC	SINGLE	GridION sequencing
SRR25258152	SRX21004149	SRS18277247	SRP449313	PRJNA994489	Clostridium carboxidivorans	DSM 15243	PACBIO_SMRT	Sequel II	472937210.0	144370.0	WGS	GENOMIC	SINGLE	PacBio-seq of Clostridium carboxidivorans
SRR8518577	SRX5322098	SRS4317789	SRP136968	PRJNA448475	Salmonella enterica subsp. enterica serovar Albany	sg_wt5	PACBIO_SMRT	PacBio RS II	2411818325.0	163482.0	WGS	GENOMIC	SINGLE	Genome sequencing of Salmonella enterica subsp. enterica serovar Albany sg_wt5
SRR33967316	SRX29166008	SRS25366743	SRP591850	PRJNA1274668	Serratia marcescens	K-M0056	OXFORD_NANOPORE	GridION	70654702.0	15936.0	WGS	GENOMIC	SINGLE	ONT SQK-NBD112-24 library of Serratia marcescens K-M0056: R10.4 flowcell on GridION, guppy v6.2.11 in super high accuracy mode
DRR070689	DRX064639	DRS042931	DRP003581	PRJDB5126	Escherichia coli	M217	PACBIO_SMRT	PacBio RS II	432537598.0	62028.0	WGS	GENOMIC	SINGLE	PacBio RS II sequencing of SAMD00059754
SRR33968425	SRX29167171	SRS25367669	SRP591870	PRJNA1276484	Mycobacteroides abscessus		OXFORD_NANOPORE	MinION	1443013687.0	276223.0	WGS	GENOMIC	SINGLE	CW29500
SRR10556259	SRX7237994	SRS5737567	SRP233769	PRJNA460401	Clostridium saccharobutylicum	DJ250	PACBIO_SMRT	PacBio RS II	553807894.0	176589.0	WGS	GENOMIC	SINGLE	Clostridium saccharobutylicum DJ250
SRR30934723	SRX26337586	SRS22863377	SRP537571	PRJNA1168290	Paenibacillus sp. TAB_01	TAB_01	OXFORD_NANOPORE	MinION	1713492.0	202.0	WGS	GENOMIC	SINGLE	Paenibacillus sp. TAB 01 from cotton plant tissue
SRR27145240	SRX22826875	SRS19807646	SRP476599	PRJNA1050169	Citroniella saccharovorans	DSM 29873	OXFORD_NANOPORE	MinION	40420535.0	3801.0	WGS	GENOMIC	SINGLE	Nanopore MinION of C. saccharovorans
ERR2532112	ERX2550541	ERS2402852	ERP005928	PRJEB6403	Bibersteinia trehalosi	NCTC11549	PACBIO_SMRT	PacBio RS	1500708590.0	163482.0	WGS	GENOMIC	SINGLE	PacBio RS sequencing
ERR3284706	ERX3311240	ERS3005695	ERP112974	PRJEB30511	Escherichia coli		OXFORD_NANOPORE	GridION	1248403543.0	190449.0	WGS	GENOMIC	SINGLE	GridION sequencing
SRR386746	SRX109818	SRS004883	SRP001079	PRJNA40077	Cereibacter sphaeroides 2.4.1	2.4.1	PACBIO_SMRT	PacBio RS	24404556.0	60667.0	WGS	GENOMIC	SINGLE	Whole Genome Sequencing and Assembly
SRR15540407	SRX11838521	SRS9849700	SRP333488	PRJNA336330	Escherichia coli O157	644-PT8	PACBIO_SMRT	PacBio RS II	965130144.0	163482.0	WGS	GENOMIC	SINGLE	Genome sequencing of E. coli O157:H7 from Scotland PacBio reads
SRR19349786	SRX15408647	SRS12115421	SRP361569	PRJNA768416	Alkalihalobacillus sp. FSL R5-0424	FSL R5-0424	OXFORD_NANOPORE	MinION	253070211.0	107907.0	WGS	GENOMIC	SINGLE	WGS of Bacilli
SRR18681612	SRX14782885	SRS12539626	SRP368114	PRJNA824420	Escherichia coli	GD02895_ECOL_HY_10	OXFORD_NANOPORE	MinION	344912688.0	42262.0	WGS	GENOMIC	SINGLE	Long-read sequencing of Escherichia coli: isolate #10 urine
SRR31599469	SRX26964213	SRS23433923	SRP549287	PRJNA1185485	Escherichia coli	739	OXFORD_NANOPORE	PromethION	584261082.0	108000.0	WGS	GENOMIC	SINGLE	W3R-barcode66
SRR13674444	SRX10063886	SRS8226062	SRP040661	PRJNA231221	Acinetobacter baumannii	FDAARGOS_1359	PACBIO_SMRT	Sequel	818768463.0	152050.0	WGS	GENOMIC	SINGLE	
SRR34973852	SRX30092990	SRS26157905	SRP608514	PRJNA1305037	Enterobacter roggenkampii	MI_KPC_792	OXFORD_NANOPORE	PromethION	252119810.0	32647.0	WGS	GENOMIC	SINGLE	KPC CRE collection from state of Michigan
SRR3723582	SRX1881117	SRS1527807	SRP077365	PRJNA239499	Methylomicrobium agile	ATCC 35068	PACBIO_SMRT	PacBio RS	391610776.0	137612.0	WGS	GENOMIC	SINGLE	Methylomicrobium agile ATCC 35068
SRR12280616	SRX8784508	SRS7052923	SRP272861	PRJNA646575	Parabacteroides distasonis		OXFORD_NANOPORE	GridION	1323552472.0	220487.0	WGS	GENOMIC	SINGLE	WGS  of Bacteroides fragilis group clinical isolates
SRR5165185	SRX2482166	SRS1913755	SRP096400	PRJNA243967	Mesorhizobium japonicum MAFF 303099	MAFF 303099	PACBIO_SMRT	PacBio RS	298859432.0	175587.0	WGS	GENOMIC	SINGLE	Mesorhizobium loti MAFF303099 from free-living rhizobial cells
SRR5165192	SRX2482173	SRS1913758	SRP096403	PRJNA243968	Bradyrhizobium diazoefficiens	USDA110	PACBIO_SMRT	PacBio RS	260074708.0	155292.0	WGS	GENOMIC	SINGLE	Bradyrhizobium japonicum USDA110 bacteroid in symbiosis with Glycine max
SRR24451063	SRX20238162	SRS6556875	SRP071789	PRJNA315192	Escherichia coli	940231	OXFORD_NANOPORE	MinION	370277087.0	56668.0	WGS	GENOMIC	SINGLE	940231
ERR1554604	ERX1625360	ERS1178927	ERP005928	PRJEB6403	Salmonella enterica subsp. enterica serovar Sendai	NCTC5772	PACBIO_SMRT	PacBio RS	672283264.0	163482.0	WGS	GENOMIC	SINGLE	PacBio RS sequencing
SRR9004651	SRX5783218	SRS4716001	SRP194610	PRJNA538214	Kitasatospora atroaurantiaca	DSM 41649	PACBIO_SMRT	Sequel	1113309994.0	335390.0	WGS	GENOMIC	SINGLE	Kitasatospora atroaurantiaca DSM 41649
SRR23931587	SRX19741532	SRS17107510	SRP401191	PRJNA887443	Aeromonas salmonicida	SFG-04	OXFORD_NANOPORE	GridION	568983586.0	232772.0	WGS	GENOMIC	SINGLE	ONT sequencing
SRR30397919	SRX25824155	SRS22231190	SRP523802	PRJNA1143194	Bradyrhizobium sp. 482_C4_N1_8	482_C4_N1_8	OXFORD_NANOPORE	PromethION	1154366429.0	462458.0	WGS	GENOMIC	SINGLE	Bradyrhizobium sp. 482_C4_N1_8 nanopore genome sequencing (files compressed once)
ERR11148025	ERX10595429	ERS7652061	ERP132109	PRJEB47806	Staphylococcus aureus		PACBIO_SMRT	Sequel	1086141560.0	105793.0	WGS	GENOMIC	SINGLE	Sequel IIe sequencing
ERR11275497	ERX10683067	ERS14857469	ERP146774	PRJEB61685	Mycobacterium tuberculosis variant bovis BCG		OXFORD_NANOPORE	MinION	167308735.0	52122.0	WGS	GENOMIC	SINGLE	MinION sequencing
SRR32972674	SRX28245882	SRS24593544	SRP576427	PRJNA1190511	Yersinia pestis	O010017	PACBIO_SMRT	Sequel	684619135.0	54063.0	WGS	GENOMIC	SINGLE	WGS of Yersinia pestis: cultured strain O010017
ERR10499007	ERX10016296	ERS14255584	ERP142629	PRJEB57633	Escherichia coli		OXFORD_NANOPORE	GridION	105943982.0	13287.0	WGS	GENOMIC	SINGLE	Raw reads: ONT_30821_1#228
ERR3523470	ERX3542729	ERS2629223	ERP023310	PRJEB21081	Klebsiella pneumoniae		PACBIO_SMRT	Sequel	554266135.0	183592.0	WGS	GENOMIC	SINGLE	Sequel sequencing
SRR31599324	SRX26964359	SRS23434073	SRP549287	PRJNA1185485	Escherichia coli	258	OXFORD_NANOPORE	PromethION	766189718.0	543368.0	WGS	GENOMIC	SINGLE	manhole-barcode02
SRR12711915	SRX9190806	SRS7426798	SRP285370	PRJNA647647	Streptomyces mexicanus	Marseille-Q0842	OXFORD_NANOPORE	GridION	16606459.0	4000.0	WGS	GENOMIC	SINGLE	ONT of Streptomyces mexicanus : Marseille
ERR10498549	ERX10015838	ERS14255243	ERP142629	PRJEB57633	Escherichia coli		OXFORD_NANOPORE	GridION	127429669.0	18201.0	WGS	GENOMIC	SINGLE	Raw reads: ONT_30348_2#233
SRR30868083	SRX26265732	SRS22609584	SRP250705	PRJNA607328	Citrobacter freundii	ATCC 8090 (Braak)	OXFORD_NANOPORE	MinION	1943763156.0	494522.0	WGS	GENOMIC	SINGLE	Citrobacter freundii FELIX_MS53 Nanopore reads
SRR30655754	SRX26075810	SRS22644051	SRP555365	PRJNA1206708	Escherichia coli	ATCC25922_Rep2	OXFORD_NANOPORE	GridION	2364264403.0	626908.0	WGS	GENOMIC	SINGLE	Nanopore reproducibility
SRR13893781	SRX10273233	SRS8406497	SRP309815	PRJNA686978	Citrobacter freundii	not collected	OXFORD_NANOPORE	MinION	6395823048.0	1052460.0	WGS	GENOMIC	SINGLE	nanopore sequencing of Citrobacter freundii complex: clinical isolate
SRR932082	SRX320103	SRS456498	SRP022914	PRJNA203445	Listeria monocytogenes	J1-108	PACBIO_SMRT	PacBio RS	186678959.0	81741.0	WGS	GENOMIC	SINGLE	Listeria monocytogenes Strain J2-1091
SRR24138859	SRX19937373	SRS17286124	SRP432102	PRJNA954566	Vibrio cholerae	CMR/2022/NS23	OXFORD_NANOPORE	MinION	269835847.0	34399.0	WGS	GENOMIC	SINGLE	Oxford Nanopore sequencing of Vibrio cholerae
SRR4177015	SRX2141613	SRS1673347	SRP086915	PRJNA303844	Thermostaphylospora chromogena	DSM 43794	PACBIO_SMRT	PacBio RS	1172307283.0	317321.0	WGS	GENOMIC	SINGLE	Thermomonospora chromogena DSM 43794
ERR5295477	ERX5085102	ERS5649875	ERP126298	PRJEB42440	Klebsiella pneumoniae		OXFORD_NANOPORE	MinION	2550431402.0	216931.0	WGS	GENOMIC	SINGLE	MinION sequencing
SRR25525515	SRX21255186	SRS18509063	SRP453433	PRJNA635383	Enterococcus faecalis		OXFORD_NANOPORE	GridION	2454071639.0	410797.0	WGS	GENOMIC	SINGLE	Nanopore sequencing of AR-0805
ERR5950939	ERX5591514	ERS6480222	ERP129212	PRJEB45084	Escherichia coli		OXFORD_NANOPORE	MinION	39768474.0	40092.0	WGS	GENOMIC	SINGLE	MinION sequencing
SRR30896385	SRX26299636	SRS22828358	SRP536878	PRJNA1134622	Escherichia coli	OXEC-280	OXFORD_NANOPORE	MinION	175948260.0	76857.0	WGS	GENOMIC	SINGLE	OXEC-280
SRR24140072	SRX19938333	SRS17287042	SRP247747	PRJNA604975	Escherichia coli	ox_bsi_140	OXFORD_NANOPORE	GridION	241521778.0	188001.0	WGS	GENOMIC	SINGLE	oxford_bsi
SRR8154663	SRX4975569	SRS4013287	SRP167786	PRJNA503483	Vibrio vulnificus	CMCP6	PACBIO_SMRT	PacBio RS II	5112068669.0	163482.0	WGS	GENOMIC	SINGLE	SMRT sequencing of V. vulnificus in: seawater
ERR15665910	ERX15070489	ERS203176	ERP001784	PRJEB3255	Klebsiella pneumoniae	M636	OXFORD_NANOPORE	MinION	162707386.0	17252.0	WGS	GENOMIC	SINGLE	MinION sequencing
SRR10686572	SRX7363417	SRS5822407	SRP237454	PRJNA587233	Stappia indica	PHM037	PACBIO_SMRT	PacBio RS II	1403633624.0	163482.0	WGS	GENOMIC	PAIRED	PacBio reads
SRR14871136	SRX11188682	SRS9244983	SRP324862	PRJNA736470	Streptococcus equi subsp. zooepidemicus	SEZ_19-051	PACBIO_SMRT	Sequel	754277519.0	126397.0	WGS	GENOMIC	SINGLE	PacBio whole genome sequencing of Streptococcu equi
SRR31733712	SRX27096033	SRS23554707	SRP432102	PRJNA954566	Vibrio cholerae	O1	OXFORD_NANOPORE	MinION	1821534871.0	1077206.0	WGS	GENOMIC	SINGLE	Oxford Nanopore sequencing of Vibrio cholerae
SRR12395301	SRX8893596	SRS7152618	SRP276100	PRJNA650381	Mycobacterium tuberculosis		OXFORD_NANOPORE	MinION	443768315.0	388423.0	WGS	GENOMIC	SINGLE	Nanopore TB WGS
SRR18709402	SRX14810266	SRS12567058	SRP369304	PRJNA696470	Bradyrhizobium elkanii	USDA 406	PACBIO_SMRT	Sequel II	9711349008.0	989154.0	WGS	GENOMIC	SINGLE	Bradyrhizobium elkanii USDA 406
SRR4178958	SRX2142062	SRS1673785	SRP086921	PRJNA311475	Nakamurella panacisegetis	P4-7,KCTC 19426,CECT 7604	PACBIO_SMRT	PacBio RS	530800566.0	116706.0	WGS	GENOMIC	SINGLE	Nakamurella panacisegetis DSM 26919
ERR5902784	ERX5542879	ERS5649942	ERP126298	PRJEB42440	Klebsiella pneumoniae		OXFORD_NANOPORE	MinION	1178091842.0	126235.0	WGS	GENOMIC	SINGLE	MinION sequencing
SRR10918243	SRX7585555	SRS6019247	SRP243630	PRJNA566822	Saccharothrix violaceirubra	DSM 45084	PACBIO_SMRT	Sequel	3231404748.0	974203.0	WGS	GENOMIC	SINGLE	Saccharothrix violaceirubra DSM 45084
SRR29316598	SRX24833545	SRS21545377	SRP512379	PRJNA1121190	Vibrio cholerae	117Vc06	OXFORD_NANOPORE	PromethION	223562446.0	244319.0	WGS	GENOMIC	SINGLE	WGS of Vcholerae isolates
ERR15424183	ERX14828127	ERS25489567	ERP174275	PRJEB91289	Acinetobacter baumannii		OXFORD_NANOPORE	PromethION	1016470173.0	133655.0	WGS	GENOMIC	SINGLE	Raw reads: MED0906_L
ERR2797058	ERX2806077	ERS2735120	ERP110894	PRJEB28660	Klebsiella pneumoniae		OXFORD_NANOPORE	MinION	496122424.0	64715.0	WGS	GENOMIC	SINGLE	MinION sequencing
SRR36719410	SRX31723734	SRS27692421	SRP660543	PRJNA1398983	Pseudomonas aeruginosa	KK6	PACBIO_SMRT	Revio	246118960.0	26337.0	WGS	GENOMIC	SINGLE	PacBio Revio sequencing of Pseudomonas aeruginosa strain KK6
ERR1599933	ERX1670500	ERS1199552	ERP005928	PRJEB6403	Salmonella enterica	NCTC10415	PACBIO_SMRT	PacBio RS	177805393.0	163482.0	WGS	GENOMIC	SINGLE	PacBio RS sequencing
ERR2237790	ERX2289957	ERS1826240	ERP005928	PRJEB6403	Yokenella regensburgei	NCTC11967	PACBIO_SMRT	PacBio RS	1108466264.0	163482.0	WGS	GENOMIC	SINGLE	PacBio RS sequencing
SRR386346	SRX109870	SRS212334	SRP007230	PRJNA64831	Bacteroides finegoldii CL09T03C10	CL09T03C10	PACBIO_SMRT	PacBio RS	45622350.0	81741.0	WGS	GENOMIC	SINGLE	Whole Genome Sequencing and Assembly
SRR32158415	SRX27503849	SRS23924091	SRP560261	PRJNA1129067	Enterobacter	roggenkampii	OXFORD_NANOPORE	MinION	166005485.0	53947.0	WGS	GENOMIC	SINGLE	FEB_RS1
SRR21630004	SRX17630690	SRS14987125	SRP354045	PRJNA747871	Streptomyces violaceus	NBC_00293	OXFORD_NANOPORE	MinION	658758592.0	125883.0	WGS	GENOMIC	SINGLE	nanopore sequencing data from strain NBC_00293
ERR10498988	ERX10016277	ERS14255464	ERP142629	PRJEB57633	Escherichia coli		OXFORD_NANOPORE	GridION	56262050.0	7093.0	WGS	GENOMIC	SINGLE	Raw reads: ONT_30821_1#177
SRR16259836	SRX12539429	SRS10498434	SRP040661	PRJNA231221	Clostridium sporogenes	FDAARGOS_1471	PACBIO_SMRT	Sequel	1016278323.0	134131.0	WGS	GENOMIC	SINGLE	
SRR15012767	SRX11324858	SRS9375606	SRP325930	PRJNA741404	Escherichia coli O141:H4	P13-6	PACBIO_SMRT	PacBio RS II	1562027397.0	144860.0	WGS	GENOMIC	SINGLE	PacBio seq of E. coli from pig
ERR12342509	ERX11719371	ERS17208564	ERP135763	PRJEB51164	Escherichia coli		OXFORD_NANOPORE	GridION	708252266.0	101873.0	WGS	GENOMIC	SINGLE	Raw reads: D_5150_BSA_pos
SRR16925224	SRX13117378	SRS11052363	SRP345712	PRJNA779856	Lacticaseibacillus paracasei		PACBIO_SMRT	Sequel	1474891860.0	167920.0	WGS	GENOMIC	SINGLE	DNA methylation-guided metabolism
ERR16064549	ERX15454731	ERS28397684	ERP173262	PRJEB90249	Klebsiella pneumoniae		OXFORD_NANOPORE	GridION	412360896.0	108325.0	WGS	GENOMIC	SINGLE	GridION sequencing
SRR26804803	SRX22502052	SRS19514404	SRP471522	PRJNA1039750	Pseudomonas aeruginosa		OXFORD_NANOPORE	MinION	131242487.0	8320.0	WGS	GENOMIC	SINGLE	Genome sequencing of Pseudomonas aeruginosa
SRR27860888	SRX23523548	SRS20373839	SRP487941	PRJNA1073000	Pseudolactococcus laudensis	T2H4	OXFORD_NANOPORE	PromethION	193924521.0	32878.0	WGS	GENOMIC	SINGLE	WGS of Lactococcus laudensis strain T2H4: Tistrup starter culture
SRR33714342	SRX28939097	SRS25161553	SRP587900	PRJNA1268026	Escherichia coli	not applicable	OXFORD_NANOPORE	MinION	413572388.0	182342.0	WGS	GENOMIC	SINGLE	Long read sequencing of Escherichia coli: stool sample
SRR34973247	SRX30092566	SRS26157613	SRP608514	PRJNA1305037	Citrobacter koseri	MI_KPC_654	OXFORD_NANOPORE	PromethION	279079685.0	50170.0	WGS	GENOMIC	SINGLE	KPC CRE collection from state of Michigan
SRR27490540	SRX23161742	SRS20111850	SRP186943	PRJNA510385	Staphylococcus pseudintermedius	not applicable	OXFORD_NANOPORE	GridION	958764557.0	484000.0	WGS	GENOMIC	SINGLE	SIG-Dog-OK74078CY230044
SRR3441732	SRX1727971	SRS943793	SRP050002	PRJNA266616	Bordetella pertussis		PACBIO_SMRT	PacBio RS II	883778154.0	163482.0	WGS	GENOMIC	SINGLE	
ERR15991663	ERX15386769	ERS28170849	ERP184281	PRJEB102899	Pseudomonas aeruginosa		OXFORD_NANOPORE	GridION	1059984728.0	131207.0	WGS	GENOMIC	SINGLE	GridION sequencing
SRR12344009	SRX8843556	SRS7106613	SRP274107	PRJNA626345	Staphylococcus aureus	NAS_AN_152	OXFORD_NANOPORE	MinION	140003304.0	21643.0	WGS	GENOMIC	SINGLE	WGS Staphylococcus aureus among Native Americans in the  southwest US
ERR10791318	ERX10240628	ERS2650740	ERP104475	PRJEB22771	Streptococcus pneumoniae		PACBIO_SMRT	Sequel II	4026986790.0	560499.0	WGS	GENOMIC	SINGLE	Sequel II sequencing
SRR23347686	SRX19289347	SRS16690584	SRP421131	PRJNA931653	Escherichia coli K-12	K-12	OXFORD_NANOPORE	GridION	25492753.0	4000.0	WGS	GENOMIC	SINGLE	Nanopore sequencing of Ciprofloxacin challenged E. coli
SRR2181869	SRX1163434	SRS637099	SRP043214	PRJNA252728	Salmonella enterica subsp. enterica serovar Typhimurium	LT2	PACBIO_SMRT	PacBio RS II	1894594906.0	163482.0	WGS	GENOMIC	SINGLE	RM8375 PacBio C01_2
SRR35247384	SRX30350282	SRS26393393	SRP617196	PRJNA958258	Streptomyces canus	V4I22	PACBIO_SMRT	Sequel IIe	235633567.0	30936.0	WGS	GENOMIC	SINGLE	Streptomyces ciscaucasicus V4I22
SRR13380279	SRX9803291	SRS7987564	SRP300808	PRJNA649533	Salmonella enterica		OXFORD_NANOPORE	GridION	565539585.0	117669.0	WGS	GENOMIC	SINGLE	ISF salmonella
ERR10498899	ERX10016188	ERS14256032	ERP142629	PRJEB57633	Escherichia coli		OXFORD_NANOPORE	GridION	124759361.0	17428.0	WGS	GENOMIC	SINGLE	Raw reads: ONT_30602_2#334
ERR9939454	ERX9482853	ERS12345062	ERP138720	PRJEB53905	Haemophilus influenzae	HUB-P13-HI03	OXFORD_NANOPORE	MinION	538614640.0	144553.0	WGS	GENOMIC	SINGLE	MinION sequencing
SRR30107257	SRX25580085	SRS22231195	SRP486766	PRJNA1070447	Streptococcus pyogenes	Isolate 8	OXFORD_NANOPORE	GridION	155489721.0	14338.0	WGS	GENOMIC	SINGLE	WGS of Streptococcus pyogenes isolate 8
SRR30896343	SRX26299678	SRS22828400	SRP536878	PRJNA1134622	Escherichia coli	OXEC-425	OXFORD_NANOPORE	MinION	271954645.0	88536.0	WGS	GENOMIC	SINGLE	OXEC-425
SRR16962373	SRX13153909	SRS11085887	SRP346490	PRJNA779451	Pseudomonas wadenswilerensis	B21-022	PACBIO_SMRT	Sequel	998274815.0	170464.0	WGS	GENOMIC	SINGLE	B21-022 PacBio sequencing reads
SRR30949725	SRX26352363	SRS22817065	SRP536567	PRJNA1165464	Escherichia coli	Not applicable	OXFORD_NANOPORE	MinION	291674075.0	36404.0	WGS	GENOMIC	SINGLE	Nanopore sequencing of E.coli: blood isolate
SRR31490995	SRX26859153	SRS21229596	SRP510483	PRJNA1101017	Listeria monocytogenes	GTVSS-013	PACBIO_SMRT	Sequel	801798055.0	54820.0	WGS	GENOMIC	SINGLE	Whole genome PacBio Sequel sequence of  Listeria monocytogenes
SRR13328082	SRX9755130	SRS7944840	SRP299781	PRJNA684363	Pseudomonas sp. TH07	TH07	OXFORD_NANOPORE	MinION	421319383.0	357071.0	WGS	GENOMIC	SINGLE	WGS of Pseudomonas sp. : bacterial isolate
SRR279912	SRX077040	SRS401892	SRP007207	PRJNA68253	Escherichia coli O104:H4 str. C227-11	C227-11	PACBIO_SMRT	PacBio RS	158765406.0	81741.0	WGS	GENOMIC	SINGLE	Whole Genome Sequencing of E. coli isolate C227-11 (Long subread)
SRR942721	SRX327564	SRS468191	SRP028222	PRJNA51643	Salmonella enterica subsp. enterica serovar Newport str. USMARC-S3124.1	USMARC-S3124.1	PACBIO_SMRT	PacBio RS	156922054.0	81741.0	WGS	GENOMIC	SINGLE	Salmonella enterica Newport CLR Sequencing
ERR5191780	ERX4996625	ERS4842912	ERP122590	PRJEB39112	Klebsiella pneumoniae		OXFORD_NANOPORE	MinION	561260719.0	155214.0	WGS	GENOMIC	SINGLE	MinION sequencing
ERR3986921	ERX3988948	ERS4380855	ERP120516	PRJEB37212	Klebsiella pneumoniae		OXFORD_NANOPORE	MinION	254336131.0	52488.0	WGS	GENOMIC	SINGLE	MinION sequencing; Oxfordshire gram negative bacteraemias
SRR15989174	SRX12277693	SRS9999110	SRP357537	PRJNA801416	Escherichia coli	10	OXFORD_NANOPORE	GridION	1446165620.0	241150.0	WGS	GENOMIC	SINGLE	Whole Genome Sequencing of Carbapenemase-producing Enterobacterales (CPE)
SRR23392493	SRX19330214	SRS16727155	SRP421832	PRJNA932719	Campylobacter jejuni		OXFORD_NANOPORE	MinION	276999606.0	15468.0	WGS	GENOMIC	SINGLE	Long-read WGS characterization of commensal Campylobacter jejuni and Campylobacter coli isolates from dairy cattle in Northern Spain
ERR4769726	ERX4639567	ERS5247705	ERP124695	PRJEB40976	Enterococcus faecalis		OXFORD_NANOPORE	GridION	436170864.0	20061.0	WGS	GENOMIC	SINGLE	GridION sequencing; Raw reads: 26975_2#34
SRR32486277	SRX27799661	SRS24152450	SRP406175	PRJNA897941	Listeria monocytogenes	AUSMDU00095756	OXFORD_NANOPORE	PromethION	2079205832.0	380180.0	WGS	GENOMIC	SINGLE	WGS of Listeria species from ONT reads
SRR11472079	SRX8048346	SRS6419745	SRP255056	PRJNA546964	Pseudomonas plecoglossicida	YNA158	PACBIO_SMRT	Sequel	10581258.0	2399.0	WGS	GENOMIC	SINGLE	Pseudomonas plecoglossicida YNA158
SRR901407	SRX306260	SRS445281	SRP026049	PRJNA191793	Mycobacterium avium subsp. avium 2285 (S)	2285 (S)	PACBIO_SMRT	PacBio RS	335302160.0	81741.0	WGS	GENOMIC	SINGLE	
ERR4132478	ERX4099794	ERS4551989	ERP121328	PRJEB37967	Escherichia coli		PACBIO_SMRT	PacBio RS II	427440508.0	67029.0	WGS	GENOMIC	SINGLE	PacBio RS II sequencing
SRR27638398	SRX23306578	SRS19599850	SRP473241	PRJNA1042815	Escherichia coli	FDA strain Seattle 1946	OXFORD_NANOPORE	GridION	9398091348.0	6949528.0	WGS	GENOMIC	SINGLE	WGS of Escherichia coli isolate
SRR19843299	SRX15887089	SRS12115069	SRP361569	PRJNA768416	Staphylococcus sp. FSL H8-0121	FSL H8-0121	OXFORD_NANOPORE	MinION	624945098.0	99429.0	WGS	GENOMIC	SINGLE	WGS of Bacilli
SRR6976457	SRX3918070	SRS3153138	SRP139245	PRJNA442020	Acidovorax sp. 108	108	PACBIO_SMRT	PacBio RS II	389615590.0	79591.0	WGS	GENOMIC	SINGLE	Acidovorax sp. 108
ERR10791266	ERX10240576	ERS2652794	ERP104475	PRJEB22771	Streptococcus pneumoniae		PACBIO_SMRT	Sequel II	2558974263.0	366754.0	WGS	GENOMIC	SINGLE	Sequel II sequencing
SRR34973912	SRX30092931	SRS26157866	SRP608514	PRJNA1305037	Enterobacter hormaechei	MI_KPC_684	OXFORD_NANOPORE	PromethION	500002078.0	69199.0	WGS	GENOMIC	SINGLE	KPC CRE collection from state of Michigan
ERR14738213	ERX14139585	ERS23811827	ERP170065	PRJEB86767	Enterobacter hormaechei		OXFORD_NANOPORE	MinION	1694133898.0	338490.0	WGS	GENOMIC	SINGLE	EXP-21-1-2025-03-14_10-52-10
SRR13708357	SRX10097318	SRS8254663	SRP306354	PRJNA701733	Escherichia coli	S-160121-1	PACBIO_SMRT	Sequel	1880852409.0	428394.0	WGS	GENOMIC	SINGLE	WGS of blaOXA-48 harboring Escherichia coli from sewage
SRR10211318	SRX6930926	SRS5461221	SRP191068	PRJNA528511	Escherichia coli	GTEN_392	OXFORD_NANOPORE	GridION	224958833.0	59319.0	WGS	GENOMIC	SINGLE	Global TravEpiNet AMR surveillance Genome sequencing and assembly
SRR19165795	SRX15231967	SRS12965118	SRP374671	PRJNA836696	Escherichia coli	4238	OXFORD_NANOPORE	GridION	987498466.0	143004.0	WGS	GENOMIC	SINGLE	ONT long-read sequencing of carbapenem non-susceptible Enterobacterales
SRR30161852	SRX25629021	SRS22273637	SRP524728	PRJNA1145325	Pseudescherichia vulneris	G3	OXFORD_NANOPORE	MinION	95574260.0	19606.0	WGS	GENOMIC	SINGLE	ONT data from Pseudescherichia vulneris isolated from a healthy cat
SRR16086228	SRX12372644	SRS10343682	SRP270336	PRJNA764920	Pantoea agglomerans	CB1	OXFORD_NANOPORE	MinION	548049457.0	86288.0	WGS	GENOMIC	SINGLE	Nanopore reads for Pantoea agglomerans CB1
ERR15879591	ERX15276544	ERS27259353	ERP182816	PRJEB101410	Escherichia coli	Esc24	OXFORD_NANOPORE	GridION	429523780.0	69442.0	WGS	GENOMIC	SINGLE	GridION sequencing
SRR386629	SRX109830	SRS004883	SRP001079	PRJNA40077	Cereibacter sphaeroides 2.4.1	2.4.1	PACBIO_SMRT	PacBio RS	188188459.0	81741.0	WGS	GENOMIC	SINGLE	Whole Genome Sequencing and Assembly
ERR13600785	ERX12971808	ERS5520971	ERP126193	PRJEB42350	Klebsiella pneumoniae		OXFORD_NANOPORE	GridION	711168269.0	34136.0	WGS	GENOMIC	SINGLE	GridION sequencing
ERR13600691	ERX12971714	ERS15600267	ERP132614	PRJEB48268	Klebsiella pneumoniae		OXFORD_NANOPORE	GridION	250545227.0	10657.0	WGS	GENOMIC	SINGLE	GridION sequencing
SRR34967705	SRX30086953	SRS26153039	SRP608514	PRJNA1305037	Klebsiella pneumoniae	MI_KPC_460	OXFORD_NANOPORE	PromethION	383884340.0	40712.0	WGS	GENOMIC	SINGLE	KPC CRE collection from state of Michigan
SRR35513849	SRX30589515	SRS26617956	SRP620300	PRJNA1328464	Campylobacter coli	GPT20-006	OXFORD_NANOPORE	GridION	89937011.0	28482.0	WGS	GENOMIC	SINGLE	Campylobacter coli, DBT kit, replicate 1, sequence replicate 1
SRR30896418	SRX26299603	SRS22828325	SRP536878	PRJNA1134622	Escherichia coli	OXEC-141	OXFORD_NANOPORE	MinION	711610938.0	244334.0	WGS	GENOMIC	SINGLE	OXEC-141
SRR29932303	SRX25426027	SRS22086499	SRP521720	PRJNA1130504	Staphylococcus chromogenes	pending	OXFORD_NANOPORE	GridION	65060774.0	10281.0	WGS	GENOMIC	SINGLE	WGS of Staphylococcus chromogenes: bovine quarter milk intramammary infection
SRR12047140	SRX8575724	SRS6867668	SRP040661	PRJNA231221	Escherichia coli	FDAARGOS_942	PACBIO_SMRT	PacBio RS	2124363726.0	163482.0	WGS	GENOMIC	SINGLE	
ERR6719415	ERX6344009	ERS4039999	ERP023216	PRJEB20997	Salmonella enterica		PACBIO_SMRT	Sequel II	1114399130.0	229214.0	WGS	GENOMIC	SINGLE	Sequel II sequencing
SRR14753682	SRX11087157	SRS9152682	SRP323129	PRJNA735522	Bacillus velezensis	GMEKP1	OXFORD_NANOPORE	GridION	26880804.0	4000.0	WGS	GENOMIC	SINGLE	SRA Bacillus velezensis GMEKP1
SRR15540392	SRX11838536	SRS9849702	SRP333488	PRJNA336330	Escherichia coli	9000	PACBIO_SMRT	PacBio RS II	119041229.0	163482.0	WGS	GENOMIC	SINGLE	Genome sequencing of E. coli O157:H7 from Scotland PacBio reads
SRR15462552	SRX11717483	SRS1717831	SRP332089	PRJNA528413	Escherichia coli O157:H7	MB41-1	PACBIO_SMRT	PacBio RS II	1989000307.0	163482.0	WGS	GENOMIC	SINGLE	Genome sequencing of E. coli O157:H7 and O55:H7 strains
ERR15335137	ERX14738452	ERS5247189	ERP177037	PRJEB94163	Francisella tularensis subsp. holarctica	18T0200	OXFORD_NANOPORE	MinION	434266566.0	285786.0	WGS	GENOMIC	SINGLE	MinION sequencing
SRR10556123	SRX7237857	SRS5737456	SRP233712	PRJNA460348	Clostridium beijerinckii	DJ110	PACBIO_SMRT	PacBio RS II	763762686.0	184019.0	WGS	GENOMIC	SINGLE	Clostridium beijerinckii DJ110
SRR22031414	SRX18012671	SRS15521336	SRP404363	PRJNA892289	Arthrobacter sp. YA7-1	YA7-1	OXFORD_NANOPORE	MinION	350227897.0	67366.0	WGS	GENOMIC	SINGLE	WGS of Arthrobacter sp. YA7-1
SRR30037968	SRX25513443	SRS21850008	SRP517074	PRJNA1130015	Xanthomonas citri pv. rhynchosiae	NCPPB 2060	OXFORD_NANOPORE	PromethION	21497503.0	8085.0	WGS	GENOMIC	SINGLE	Genome sequencing of NCPPB 2060
SRR387117	SRX109889	SRS281278	SRP001087	PRJNA40075	Escherichia coli str. K-12 substr. MG1655	K-12	PACBIO_SMRT	PacBio RS	55480734.0	81741.0	WGS	GENOMIC	SINGLE	Whole Genome Sequencing and Assembly
SRR21931413	SRX17915858	SRS15431515	SRP403030	PRJNA802087	Escherichia coli	EC0002	PACBIO_SMRT	Sequel II	9474318921.0	1726867.0	WGS	GENOMIC	SINGLE	DNA
SRR1923075	SRX963265	SRS403322	SRP019923	PRJNA78389	Salmonella enterica subsp. enterica serovar Hadar str. ATCC 51956	ATCC 51956	PACBIO_SMRT	PacBio RS II	981299135.0	163482.0	WGS	GENOMIC	SINGLE	Whole genome shotgun sequencing of Salmonella enterica subsp. enterica serovar Hadar str. ATCC 51956 by Pacific Biosciences SMRT
SRR36797874	SRX31784474	SRS27747175	SRP661661	PRJNA1389824	Enterobacter ludwigii		OXFORD_NANOPORE	MinION	499749060.0	230028.0	WGS	GENOMIC	SINGLE	evolved microcosm clones
ERR5950938	ERX5591513	ERS6480221	ERP129212	PRJEB45084	Escherichia coli		OXFORD_NANOPORE	MinION	88001921.0	65503.0	WGS	GENOMIC	SINGLE	MinION sequencing
SRR33769203	SRX28991566	SRS22455773	SRP444583	PRJNA962904	Escherichia coli		PACBIO_SMRT	Sequel II	297987926.0	13895.0	WGS	GENOMIC	SINGLE	PacBio sequencing of AH0295HE2 for ARCH 2
ERR15680837	ERX15085264	ERS26970852	ERP171481	PRJEB88388	Pseudomonas putida	R-90759	OXFORD_NANOPORE	MinION	809436488.0	226202.0	WGS	GENOMIC	SINGLE	Raw reads: Pseudomonas putida R-90759
SRR26752395	SRX22451075	SRS19465121	SRP471000	PRJNA1036818	Alkalihalobacillus sp. R86527	R86527	OXFORD_NANOPORE	MinION	503606081.0	94184.0	WGS	GENOMIC	SINGLE	WGS of Alkalihalobacillus sp.
SRR17853485	SRX14014312	SRS11711490	SRP355829	PRJNA798585	Klebsiella pneumoniae	hvK2115	PACBIO_SMRT	Sequel II	5213583151.0	285231.0	WGS	GENOMIC	SINGLE	hvK2115
SRR25067777	SRX20821884	SRS18100746	SRP446469	PRJNA985868	Vibrio harveyi	EFL_2201	PACBIO_SMRT	Sequel	4641500144.0	389345.0	WGS	GENOMIC	SINGLE	WGS of  Vibrio harveyi:EFL-2201
ERR10499324	ERX10016610	ERS14255995	ERP142629	PRJEB57633	Escherichia coli		OXFORD_NANOPORE	GridION	131538202.0	12164.0	WGS	GENOMIC	SINGLE	Raw reads: ONT_31663_7#344
ERR14721371	ERX14122796	ERS23791473	ERP170136	PRJEB86838	pig metagenome		OXFORD_NANOPORE	GridION	2612045857.0	1307209.0	WGS	GENOMIC	SINGLE	Raw reads: DTU_2024_1037154_103_MG_G4_Grid_eight_rep1
ERR1016525	ERX1095585	ERS747600	ERP005928	PRJEB6403	Escherichia coli	NCTC9098	PACBIO_SMRT	PacBio RS	875219858.0	163482.0	WGS	GENOMIC	SINGLE	PacBio RS sequencing
SRR27972694	SRX23625759	SRS20466029	SRP489819	PRJNA1076692	Escherichia coli	RIVM_C055167_dorado	OXFORD_NANOPORE	MinION	365214715.0	102880.0	WGS	GENOMIC	SINGLE	RIVM_C055167_dorado
SRR30868103	SRX26265712	SRS20686613	SRP250705	PRJNA607328	Yarrowia lipolytica	FEB77	OXFORD_NANOPORE	MinION	2659435376.0	425635.0	WGS	GENOMIC	SINGLE	Yarrowia lipolytica FELIX_MS113 Nanopore reads
SRR4181440	SRX2142676	SRS1674119	SRP086981	PRJNA334662	Rhodococcus opacus	DSM 44240	PACBIO_SMRT	PacBio RS	879094727.0	202001.0	WGS	GENOMIC	SINGLE	Rhodococcus percolatus DSM 44240
SRR31690032	SRX27051859	SRS23446175	SRP385391	PRJNA856406	Enterococcus faecium	AUSMDU00049166	OXFORD_NANOPORE	GridION	238356389.0	89995.0	WGS	GENOMIC	SINGLE	Whole genome sequencing of Enterococcus sp from Victoria, Australia Raw ONT sequence reads
SRR4131441	SRX2114751	SRS1667298	SRP084661	PRJNA333978	Nostoc sp. 996	996	PACBIO_SMRT	PacBio RS	395278327.0	126441.0	WGS	GENOMIC	SINGLE	Nostoc sp. 996
SRR31779823	SRX27141243	SRS23002377	SRP540652	PRJNA1173757	Candidatus Pelagibacter bacterium nBUS_25	nBUS_25	OXFORD_NANOPORE	MinION	51399411.0	22049.0	WGS	GENOMIC	SINGLE	ONT whole genome sequencing of Pelagibacter sp. nBUS_25
SRR10178263	SRX6899644	SRS5431840	SRP222906	PRJNA573516	Streptococcus mitis	S9	OXFORD_NANOPORE	MinION	67136280.0	48752.0	WGS	GENOMIC	SINGLE	MinION sequencing of Streptococcus  mitis
SRR3221965	SRX1628800	SRS1336439	SRP071649	PRJNA279612	Escherichia coli	ECONIH2	PACBIO_SMRT	PacBio RS II	1548322609.0	163482.0	WGS	GENOMIC	SINGLE	PacBio SMRT Sequencing of Escherichia coli ECONIH2 Genomic Library
SRR27755680	SRX23420772	SRS20275769	SRP151512	PRJNA478278	Salmonella enterica	R16.5203	OXFORD_NANOPORE	MinION	1093968731.0	453117.0	WGS	GENOMIC	SINGLE	WGS of Salmonella enterica
SRR28375008	SRX23980034	SRS20238705	SRP395888	PRJNA812595	Enterobacter hormaechei	2024CK-00066	OXFORD_NANOPORE	GridION	998768792.0	165522.0	WGS	GENOMIC	SINGLE	Nanopore sequencing of ARLN isolate
SRR28811909	SRX24375244	SRS21131899	SRP504151	PRJNA1104797	Xanthomonas campestris pv. campestris	MBG-39.2	OXFORD_NANOPORE	PromethION	828013693.0	34332.0	WGS	GENOMIC	SINGLE	Genome sequencing of Xanthomonas campestris pv. campestris: strain MBG-39.2
ERR11011586	ERX10448008	ERS14775363	ERP145689	PRJEB60605	Carnobacterium maltaromaticum	SF2022	OXFORD_NANOPORE	MinION	297924024.0	334500.0	WGS	GENOMIC	SINGLE	MinION sequencing; SF2022_PCR
ERR8433115	ERX8000024	ERS10153315	ERP134918	PRJEB50347	Escherichia coli		OXFORD_NANOPORE	MinION	307247796.0	29959.0	WGS	GENOMIC	SINGLE	MinION sequencing; Raw reads: 16_21_nano
SRR26437358	SRX22142150	SRS19201827	SRP467311	PRJNA1026547	Acinetobacter baumannii	ACC00535_zosurabalpin_10	OXFORD_NANOPORE	GridION	213848187.0	22232.0	WGS	GENOMIC	SINGLE	WGS of Acinetobacter baumannii: ACC00535 derivative with elevated RG6006 MIC
SRR31599466	SRX26964216	SRS23433927	SRP549287	PRJNA1185485	Escherichia coli	742	OXFORD_NANOPORE	PromethION	453772695.0	76000.0	WGS	GENOMIC	SINGLE	W3R-barcode69
SRR35513790	SRX30589574	SRS26617986	SRP620300	PRJNA1328464	Enterococcus faecalis	GPT22-006	OXFORD_NANOPORE	GridION	170674045.0	56718.0	WGS	GENOMIC	SINGLE	Enterococcus faecalis, MMM kit, replicate 3, sequence replicate 1
SRR23814584	SRX19636605	SRS17005580	SRP426688	PRJNA904945	Burkholderia pseudomallei	22MB014009	OXFORD_NANOPORE	GridION	1582889545.0	324569.0	WGS	GENOMIC	SINGLE	Patient19|APR-2022
ERR10676193	ERX10143957	ERS14333292	ERP143248	PRJEB58185	Campylobacter jejuni		OXFORD_NANOPORE	MinION	90822536.0	150868.0	WGS	GENOMIC	PAIRED	MinION paired end sequencing
SRR10747014	SRX7422398	SRS909609	SRP018785	PRJNA186035	Salmonella enterica subsp. enterica serovar Inverness	CFSAN029879	PACBIO_SMRT	Sequel	1490894498.0	218054.0	WGS	GENOMIC	SINGLE	Whole genome PacBio Sequel sequence of Salmonella enterica
SRR34854859	SRX29986796	SRS26063914	SRP606221	PRJNA1300812	Escherichia coli	DFI_NG_010	OXFORD_NANOPORE	GridION	358568878.0	89508.0	WGS	GENOMIC	SINGLE	WGS of Escherichia coli: DFI
SRR15647452	SRX11944498	SRS9955049	SRP334362	PRJNA167409	Pseudomonas syringae pv. actinidifoliorum ICMP 18803	ICMP 18803	OXFORD_NANOPORE	MinION	785076738.0	137777.0	WGS	GENOMIC	SINGLE	Complete genome of Pseudomonas syringae pv. actinidifoliorum ICMP18803
SRR12266919	SRX8772014	SRS7042479	SRP051988	PRJNA271006	Enterobacter cloacae subsp. cloacae		OXFORD_NANOPORE	MinION	6150197.0	758.0	WGS	GENOMIC	SINGLE	
SRR33243134	SRX28489349	SRS24806760	SRP524862	PRJNA851850	Bradyrhizobium sp. McL0615	McL0615	OXFORD_NANOPORE	GridION	867372419.0	150256.0	WGS	GENOMIC	SINGLE	WGS Bradyrhizobium sp. McL0615
SRR27467521	SRX23139109	SRS20090165	SRP482617	PRJNA942599	Staphylococcus pseudintermedius	Dog009_2	PACBIO_SMRT	Sequel II	422053549.0	40088.0	WGS	GENOMIC	SINGLE	PacBio sequencing of canine Staphylococcaceae isolated from a Kenyan shelter in June 2022
SRR35071102	SRX30184919	SRS26244927	SRP610420	PRJNA1308807	Escherichia coli	Ec_487	OXFORD_NANOPORE	MinION	872078016.0	117951.0	WGS	GENOMIC	SINGLE	Oxford Nanopore sequences of an isolated E. coli strain from wastewater
SRR13192485	SRX9626974	SRS7827983	SRP295672	PRJNA681856	Salmonella enterica	LHICA_E1	OXFORD_NANOPORE	MinION	16388631.0	4000.0	WGS	GENOMIC	SINGLE	WGS of Salmonella enterica Lhica E89
ERR9030518	ERX8573928	ERS10792342	ERP133548	PRJEB49093	Mycobacterium tuberculosis	Lineage 3.1.2	OXFORD_NANOPORE	GridION	325565112.0	236620.0	WGS	GENOMIC	SINGLE	GridION sequencing; Raw reads: 18_0622455-nanopore
SRR33821206	SRX29042450	SRS25257838	SRP589740	PRJNA1271720	Xenorhabdus thailandensis	ALN 7.1	OXFORD_NANOPORE	GridION	73368846.0	25334.0	WGS	GENOMIC	SINGLE	WGS of Xenorhabdus thailandensis ALN 7.1
ERR9030285	ERX8573695	ERS10792334	ERP133548	PRJEB49093	Mycobacterium tuberculosis	Lineage 1.1.1	OXFORD_NANOPORE	GridION	233430348.0	312409.0	WGS	GENOMIC	SINGLE	GridION sequencing; Raw reads: 18_0622291-nanopore
SRR13516990	SRX9928113	SRS8104122	SRP303037	PRJNA694442	Salmonella enterica		OXFORD_NANOPORE	GridION	423355996.0	77817.0	WGS	GENOMIC	SINGLE	WGS of Salmonella enterica
ERR8007917	ERX7573586	ERS9899447	ERP131998	PRJEB47698	Streptococcus agalactiae		OXFORD_NANOPORE	MinION	97804259.0	19823.0	WGS	GENOMIC	SINGLE	MinION sequencing
SRR12247600	SRX8755567	SRS6976436	SRP266402	PRJNA605147	Escherichia coli	RHB47-C06	OXFORD_NANOPORE	GridION	509238010.0	111381.0	WGS	GENOMIC	SINGLE	Oxford Nanopore sequencing of Escherichia coli isolate RH16|T1-C06 cultured from poultry farm faeces sample
SRR33769462	SRX28991900	SRS22396757	SRP444583	PRJNA962904	Escherichia coli		PACBIO_SMRT	Sequel II	2243980659.0	230491.0	WGS	GENOMIC	SINGLE	PacBio sequencing of A019023HE1 for ARCH 2
SRR32184203	SRX27529371	SRS16968685	SRP426074	PRJNA941188	Priestia aryabhattai	PRO113	OXFORD_NANOPORE	GridION	667494716.0	123595.0	WGS	GENOMIC	SINGLE	WGS of Priestia aryabhattai: cell culture
SRR29316568	SRX24833575	SRS21545405	SRP512379	PRJNA1121190	Vibrio cholerae	104Vc01	OXFORD_NANOPORE	PromethION	301504307.0	110855.0	WGS	GENOMIC	SINGLE	WGS of Vcholerae isolates
ERR1407353	ERX1478592	ERS1066621	ERP005928	PRJEB6403	Enterococcus hirae	NCTC12204	PACBIO_SMRT	PacBio RS	1027905329.0	163482.0	WGS	GENOMIC	SINGLE	PacBio RS sequencing
ERR5295502	ERX5085127	ERS5649900	ERP126298	PRJEB42440	Enterobacter cloacae		OXFORD_NANOPORE	MinION	1502188023.0	165444.0	WGS	GENOMIC	SINGLE	MinION sequencing
SRR13269193	SRX9699264	SRS7895424	SRP272861	PRJNA646575	Bacteroides fragilis		OXFORD_NANOPORE	GridION	1024338308.0	248520.0	WGS	GENOMIC	SINGLE	WGS  of Bacteroides fragilis group clinical isolates
SRR13328053	SRX9755159	SRS7944807	SRP299781	PRJNA684363	Pseudomonas sp. TH35	TH35	OXFORD_NANOPORE	MinION	41316504.0	78262.0	WGS	GENOMIC	SINGLE	WGS of Pseudomonas sp. : bacterial isolate
ERR12686580	ERX12060684	ERS18334996	ERP157651	PRJEB72852	Streptococcus pyogenes M1 GAS	SF370	OXFORD_NANOPORE	MinION	335577873.0	83695.0	WGS	GENOMIC	SINGLE	MinION sequencing
DRR594386	DRX574933	DRS566212	DRP015300	PRJDB18582	Campylobacter jejuni subsp. jejuni	IFTK252	PACBIO_SMRT	Sequel II	916289555.0	143044.0	WGS	GENOMIC	SINGLE	Sequel II sequencing of SAMD00817483
SRR13385975	SRX9805454	SRS7989529	SRP300861	PRJNA663900	Enterococcus sp. AZ081	AZ081	OXFORD_NANOPORE	GridION	632555534.0	196282.0	WGS	GENOMIC	SINGLE	Zoo 3 Enterococcus Diversity Genome sequencing and assembly
SRR388122	SRX110616	SRS000872	SRP000269	PRJNA32793	Neisseria gonorrhoeae FA19	FA19	PACBIO_SMRT	PacBio RS	36027801.0	81741.0	WGS	GENOMIC	SINGLE	Whole Genome Sequencing and Assembly
SRR12200485	SRX8711360	SRS6987325	SRP271399	PRJNA645521	Acinetobacter baumannii	ATCC 19606	PACBIO_SMRT	PacBio RS II	1420915939.0	163482.0	WGS	GENOMIC	SINGLE	WGS of ATCC19606-BlokeschLab
SRR13386057	SRX9805372	SRS7989447	SRP300861	PRJNA663900	Enterococcus sp. AZ101	AZ101	OXFORD_NANOPORE	GridION	440240892.0	233720.0	WGS	GENOMIC	SINGLE	Zoo 3 Enterococcus Diversity Genome sequencing and assembly
SRR30596879	SRX26019589	SRS22591410	SRP531440	PRJNA1092388	Aeromonas dhakensis	B35279	PACBIO_SMRT	Sequel IIe	357221266.0	47325.0	WGS	GENOMIC	SINGLE	HIFI of Aeromonas dhakensis:154
SRR22190676	SRX18169148	SRS15668437	SRP385218	PRJNA856428	Escherichia coli	Ecoli_inv100_sim_nano	OXFORD_NANOPORE	PromethION	928331074.0	62223.0	WGS	GENOMIC	SINGLE	Nanopore sequncing of Escherichia coli str. K12 substr. MG1655: simulated data
DRR512844	DRX496730	DRS532325	DRP010765	PRJDB16900	Escherichia coli		OXFORD_NANOPORE	MinION	70000480.0	8963.0	WGS	GENOMIC	SINGLE	MinION sequencing of SAMD00653940
SRR14576008	SRX10919086	SRS9008834	SRP320318	PRJNA730534	Escherichia coli BL21(DE3)	BL21(DE3)	PACBIO_SMRT	Sequel II	627763652.0	53340.0	WGS	GENOMIC	SINGLE	Vch TnsAD90A BW25113 Rep 3
SRR36095871	SRX31141441	SRS21867719	SRP291668	PRJNA675431	Klebsiella pneumoniae		OXFORD_NANOPORE	PromethION	1173140105.0	589376.0	WGS	GENOMIC	SINGLE	WGS of Klebsiella pneumoniae
SRR4164112	SRX2136373	ERS1460873	SRP086213	PRJNA303508	Micromonospora nigra	DSM 43818	PACBIO_SMRT	PacBio RS	1343122023.0	595826.0	WGS	GENOMIC	SINGLE	Micromonospora nigra DSM 43818
SRR30896538	SRX26300031	SRS22828753	SRP536878	PRJNA1134622	Escherichia coli	OXEC-321	OXFORD_NANOPORE	MinION	55921408.0	14179.0	WGS	GENOMIC	SINGLE	OXEC-321
ERR10938987	ERX10378296	ERS14690212	ERP143848	PRJEB58776	Legionella pneumophila		OXFORD_NANOPORE	GridION	479112607.0	15266.0	WGS	GENOMIC	SINGLE	GridION sequencing
SRR24139908	SRX19938497	SRS17287206	SRP247747	PRJNA604975	Escherichia coli	ox_bsi_580	OXFORD_NANOPORE	GridION	156117065.0	30274.0	WGS	GENOMIC	SINGLE	oxford_bsi
SRR12395316	SRX8893581	SRS7152603	SRP276100	PRJNA650381	Mycobacterium tuberculosis		OXFORD_NANOPORE	MinION	989378747.0	532692.0	WGS	GENOMIC	SINGLE	Nanopore TB WGS
SRR26413069	SRX22118442	SRS16091159	SRP412517	PRJNA910977	Klebsiella pneumoniae	P0697	PACBIO_SMRT	Sequel II	822402409.0	63774.0	WGS	GENOMIC	SINGLE	WGS of K. pneumoniae
SRR33768465	SRX28991011	SRS22397306	SRP444583	PRJNA962904	Escherichia coli		PACBIO_SMRT	Sequel II	456615155.0	22381.0	WGS	GENOMIC	SINGLE	PacBio sequencing of A121008HE2 for ARCH 2
SRR22784564	SRX18744314	SRS16179613	SRP413484	PRJNA912639	Escherichia coli	EC_G_0205_1L3_D_CuN_CeP	OXFORD_NANOPORE	MinION	317023519.0	82425.0	WGS	GENOMIC	SINGLE	WGS of Escherichia coli
SRR24139790	SRX19938615	SRS17287324	SRP247747	PRJNA604975	Escherichia coli	ox_bsi_394	OXFORD_NANOPORE	GridION	71532273.0	35816.0	WGS	GENOMIC	SINGLE	oxford_bsi
SRR13893820	SRX10273194	SRS8406464	SRP309815	PRJNA686978	Klebsiella pneumoniae	not collected	OXFORD_NANOPORE	MinION	2775136845.0	368435.0	WGS	GENOMIC	SINGLE	nanopore sequencing of k pneumoniae: clinical isolate
SRR801651	SRX255228	SRS000462	SRP020003	PRJNA194437	Escherichia coli str. K-12 substr. MG1655	K-12	PACBIO_SMRT	PacBio RS	147880756.0	81741.0	WGS	GENOMIC	SINGLE	E. coli K12 MG1655 PacBio RS C2 Sequencing
SRR16525663	SRX12728336	SRS10336828	SRP357534	PRJNA801415	Escherichia coli	101	OXFORD_NANOPORE	GridION	1861595924.0	335480.0	WGS	GENOMIC	SINGLE	Extensive diversification and dissemination of blaNDM carbapenemase plasmids in Enterobacterales in Singapore 2010-2015
ERR1210825	ERX1283067	ERS904726	ERP005928	PRJEB6403	Escherichia coli	NCTC9047	PACBIO_SMRT	PacBio RS	1973424200.0	163482.0	WGS	GENOMIC	SINGLE	PacBio RS sequencing
ERR10741463	ERX10190767	ERS14394739	ERP143791	PRJEB58724	Klebsiella pneumoniae		OXFORD_NANOPORE	MinION	81701870.0	68918.0	WGS	GENOMIC	SINGLE	NIHR Nanopore Sequencing
SRR28777772	SRX24342774	SRS20831657	SRP497546	PRJNA1091452	Staphylococcus aureus	SA77-PS	OXFORD_NANOPORE	MinION	390607409.0	92089.0	WGS	GENOMIC	SINGLE	ONT performance study sequencing of S. aureus
SRR16525633	SRX12728366	SRS10336683	SRP357534	PRJNA801415	Klebsiella oxytoca	108	OXFORD_NANOPORE	GridION	1624522808.0	280831.0	WGS	GENOMIC	SINGLE	Extensive diversification and dissemination of blaNDM carbapenemase plasmids in Enterobacterales in Singapore 2010-2015
ERR10741406	ERX10190698	ERS14394670	ERP143791	PRJEB58724	Klebsiella pneumoniae		OXFORD_NANOPORE	MinION	62019843.0	26991.0	WGS	GENOMIC	SINGLE	NIHR Nanopore Sequencing
SRR35212478	SRX30316299	SRS26363315	SRP291668	PRJNA675431	Enterococcus faecium	FI566	OXFORD_NANOPORE	PromethION	833505705.0	191154.0	WGS	GENOMIC	SINGLE	WGS of Enterococcus faecium
ERR14720715	ERX14122140	ERS23803117	ERP170064	PRJEB86764	Klebsiella pneumoniae		OXFORD_NANOPORE	MinION	1542751120.0	576540.0	WGS	GENOMIC	SINGLE	EXP-11-1-2025-03-12_10-45-00
SRR10882901	SRX7551895	SRS4529919	SRP189296	PRJNA528186	Staphylococcus aureus	UP_248	OXFORD_NANOPORE	MinION	1007318002.0	78055.0	WGS	GENOMIC	SINGLE	UP_248_nanopore
SRR36298237	SRX31330831	SRS26886963	SRP074197	PRJNA288601	Klebsiella pneumoniae	2025CK-01152	OXFORD_NANOPORE	GridION	285575826.0	30162.0	WGS	GENOMIC	SINGLE	Nanopore sequencing of ARLN isolate
SRR12492388	SRX8984010	SRS1011364	SRP051949	PRJNA271899	Citrobacter sp. BIDMC108	BIDMC108	OXFORD_NANOPORE	GridION	386805743.0	85862.0	WGS	GENOMIC	SINGLE	Sequencing of Carbapenem resistant bacteria
SRR15989226	SRX12277641	SRS9999059	SRP357537	PRJNA801416	Klebsiella aerogenes	-	OXFORD_NANOPORE	GridION	720956282.0	128440.0	WGS	GENOMIC	SINGLE	Whole Genome Sequencing of Carbapenemase-producing Enterobacterales (CPE)
SRR13957770	SRX10335907	SRS8455451	SRP300861	PRJNA663900	Enterococcus sp. MSG3332	MSG3332	OXFORD_NANOPORE	GridION	1138843304.0	167325.0	WGS	GENOMIC	SINGLE	sequencing of enterococcal diversity
SRR3757104	SRX1906168	SRS1546885	SRP078137	PRJNA217194	Eubacterium sp. AB3007	AB3007	PACBIO_SMRT	PacBio RS	296354305.0	107038.0	WGS	GENOMIC	SINGLE	Eubacterium sp. AB3007
SRR17231628	SRX13410734	SRS11313195	SRP350803	PRJNA788515	Erwinia tracheiphila	SCR3	OXFORD_NANOPORE	MinION	194389017.0	23830.0	WGS	GENOMIC	SINGLE	SCR3_ONT_reads
ERR14294244	ERX13695342	ERS23161461	ERP163718	PRJEB79567	Salmonella enterica subsp. enterica serovar Enteritidis		OXFORD_NANOPORE	PromethION	730321092.0	132000.0	WGS	GENOMIC	SINGLE	Raw reads: SE047_L
SRR5221038	SRX2530876	SRS1951765	SRP093756	PRJNA352974	Burkholderia pseudomallei	2002721100	PACBIO_SMRT	PacBio RS II	2587747163.0	163482.0	WGS	GENOMIC	SINGLE	
SRR14883176	SRX11200234	SRS9241010	SRP324698	PRJNA736395	Escherichia coli O111:H8	7-16 37A	PACBIO_SMRT	PacBio RS II	4881011556.0	163482.0	WGS	GENOMIC	SINGLE	Genome sequencing of E. coli O111 serotypes
ERR2928981	ERX2931917	ERS2903363	ERP112075	PRJEB29727	Streptococcus pneumoniae	947	PACBIO_SMRT	PacBio RS	943087989.0	163482.0	WGS	GENOMIC	SINGLE	PacBio RS sequencing
SRR5413423	SRX2705367	SRS2098940	SRP103023	PRJNA257883	Klebsiella variicola	F10Cl	PACBIO_SMRT	PacBio RS	61661454.0	21461.0	WGS	GENOMIC	SINGLE	Klebsiella variicola F10Cl
SRR10918455	SRX7585682	SRS6019344	SRP051949	PRJNA271899	Escherichia coli	OC-CRE-9033	OXFORD_NANOPORE	GridION	3820022593.0	865438.0	WGS	GENOMIC	SINGLE	Sequencing of Carbapenem resistant bacteria
SRR30934801	SRX26337508	SRS22863377	SRP537571	PRJNA1168290	Paenibacillus sp. TAB_01	TAB_01	OXFORD_NANOPORE	MinION	1281848.0	161.0	WGS	GENOMIC	SINGLE	Paenibacillus sp. TAB 01 from cotton plant tissue
SRR29316863	SRX24833280	SRS21545111	SRP512379	PRJNA1121190	Vibrio cholerae	119Vc04	OXFORD_NANOPORE	PromethION	196912062.0	163746.0	WGS	GENOMIC	SINGLE	WGS of Vcholerae isolates
SRR11460739	SRX8038086	SRS6015394	SRP242738	PRJNA602061	Escherichia coli	201609	OXFORD_NANOPORE	GridION	107898398.0	8000.0	WGS	GENOMIC	SINGLE	Genome of E.coli ST648
ERR581159	ERX539246	ERS462985	ERP005928	PRJEB6403	Proteus penneri	NCTC12737	PACBIO_SMRT	PacBio RS	902799133.0	163482.0	WGS	GENOMIC	SINGLE	PacBio RS sequencing
SRR35247555	SRX30350449	SRS26393550	SRP617251	PRJNA958292	Streptomyces achromogenes	W4I19-2	PACBIO_SMRT	Sequel IIe	570225928.0	77925.0	WGS	GENOMIC	SINGLE	Streptomyces achromogenes W4I19-2
SRR30107263	SRX25580079	SRS22231192	SRP486766	PRJNA1070447	Streptococcus pyogenes	Isolate 1	OXFORD_NANOPORE	GridION	176990016.0	29310.0	WGS	GENOMIC	SINGLE	WGS of Streptococcus pyogenes isolate 1
SRR27972657	SRX23625796	SRS20465344	SRP489819	PRJNA1076692	Klebsiella pneumoniae	RIVM_C055328_dorado	OXFORD_NANOPORE	MinION	307150608.0	98299.0	WGS	GENOMIC	SINGLE	RIVM_C055328_dorado
SRR787439	SRX252649	SRS401387	SRP019218	PRJNA188139	Vibrio cholerae	2011EL-1300	PACBIO_SMRT	PacBio RS	159172112.0	81741.0	WGS	GENOMIC	SINGLE	2011EL-1300
SRR25525512	SRX21255189	SRS18509066	SRP453433	PRJNA635383	Enterococcus gallinarum		OXFORD_NANOPORE	GridION	3214113496.0	496739.0	WGS	GENOMIC	SINGLE	Nanopore sequencing of AR-0808
SRR13328070	SRX9755142	SRS7944852	SRP299781	PRJNA684363	Bacillus sp. TH51	TH51	OXFORD_NANOPORE	MinION	1494811740.0	712121.0	WGS	GENOMIC	SINGLE	WGS of Bacillus sp. : bacterial isolate
SRR24510238	SRX20294735	SRS17620879	SRP437123	PRJNA957397	Microbacterium testaceum	SORGH_AS_0426	PACBIO_SMRT	Sequel IIe	764557006.0	89215.0	WGS	GENOMIC	SINGLE	Microbacterium testaceum SORGH_AS 426
ERR15665833	ERX15070412	ERS179703	ERP001784	PRJEB3255	Salmonella enterica subsp. enterica serovar Typhimurium	M155	OXFORD_NANOPORE	MinION	1435957570.0	84752.0	WGS	GENOMIC	SINGLE	MinION sequencing
ERR11040485	ERX10476330	ERS14796127	ERP145810	PRJEB60752	Escherichia coli		OXFORD_NANOPORE	MinION	372573448.0	40214.0	WGS	GENOMIC	SINGLE	Raw reads: J065_[Oxford_Nanopore]
SRR16525363	SRX12728122	SRS10336643	SRP357537	PRJNA801416	Citrobacter freundii	-	OXFORD_NANOPORE	GridION	590995514.0	105980.0	WGS	GENOMIC	SINGLE	Extensive diversification and dissemination of blaNDM carbapenemase plasmids in Enterobacterales in Singapore 2010-2015
SRR23365163	SRX19306123	SRS16705493	SRP421404	PRJNA932460	Pseudomonas chlororaphis	ATCC 174151	OXFORD_NANOPORE	GridION	579665951.0	147714.0	WGS	GENOMIC	SINGLE	WGS of Pseudomonas chlororaphis
SRR25466896	SRX21199524	SRS18458348	SRP452337	PRJNA1000618	Escherichia coli	Escherichia coli BL21(DE3)	OXFORD_NANOPORE	MinION	6414976.0	3998.0	WGS	GENOMIC	SINGLE	CASTVK transposition with different condition
ERR12448853	ERX11825275	ERS17728767	ERP156572	PRJEB71788	Listeria monocytogenes		OXFORD_NANOPORE	GridION	528094883.0	31523.0	WGS	GENOMIC	SINGLE	Raw reads: ListPred_7605
DRR572593	DRX556060	DRS426446	DRP012251	PRJDB17574	Escherichia coli	YK-IS1MA-L09-3_G20	OXFORD_NANOPORE	MinION	6835055.0	6480.0	WGS	GENOMIC	SINGLE	nanopore-seq of SAMD00748263 L09-3_G20
SRR5829181	SRX3006588	SRS2357075	SRP111979	PRJNA364291	Micrococcaceae bacterium JKS001869	JKS001869	PACBIO_SMRT	PacBio RS II	385899748.0	78098.0	WGS	GENOMIC	SINGLE	Micrococcaceae sp. JKS001869
DRR723979	DRX704000	DRS495672	DRP013756	PRJDB35717	Haemophilus influenzae		OXFORD_NANOPORE	MinION	886847038.0	195119.0	WGS	GENOMIC	SINGLE	Oxford Nanopore MinION R10.4 sequencing of SAMD01599399
DRR337708	DRX326668	DRS195542	DRP007433	PRJDB11405	Staphylococcus aureus	JMUB3024	OXFORD_NANOPORE	MinION	522835774.0	65521.0	WGS	GENOMIC	SINGLE	MinION sequencing of SAMD00287805
SRR35855864	SRX30905149	SRS26904099	SRP636926	PRJNA1348213	Mycobacterium tuberculosis	ATCC 35801	OXFORD_NANOPORE	MinION	12543260.0	11728.0	WGS	GENOMIC	SINGLE	Whole-genome sequencing
SRR36202305	SRX31238745	SRS27217880	SRP649163	PRJNA1230056	Enterococcus faecium	VRE_04	OXFORD_NANOPORE	GridION	446482487.0	97807.0	WGS	GENOMIC	SINGLE	WGS of E. faecium
SRR12298393	SRX8801674	SRS6792469	SRP266402	PRJNA605147	Escherichia coli	RHBSTW-00148	OXFORD_NANOPORE	GridION	1261523262.0	229156.0	WGS	GENOMIC	SINGLE	OXFORD_NANOPORE sequencing of Escherichia coli isolate WTP1|T1-00148 cultured from WTP effluent sample
SRR24320976	SRX20115513	SRS17445313	SRP434787	PRJNA962291	Pseudomonas aeruginosa	USA_2_Control	OXFORD_NANOPORE	MinION	137801443.0	20860.0	WGS	GENOMIC	SINGLE	Long read ONT WGS of Pseudomonas aeruginosa clinical respiratory isolates with acquired resistance to a bacteriophage cocktail
SRR901669	SRX306466	SRS445420	SRP026061	PRJNA203572	Mycobacteroides abscessus MAB_110811_2726	MAB_110811_2726	PACBIO_SMRT	PacBio RS	318218314.0	81741.0	WGS	GENOMIC	SINGLE	
ERR11528731	ERX10933961	ERS14832509	ERP145920	PRJEB60854	Escherichia coli		OXFORD_NANOPORE	MinION	16143328.0	3320.0	WGS	GENOMIC	SINGLE	MinION sequencing
SRR12298916	SRX8801979	SRS6792324	SRP266402	PRJNA605147	Escherichia coli	RHBSTW-00277	PACBIO_SMRT	PacBio RS II	901647402.0	162169.0	WGS	GENOMIC	SINGLE	PACBIO_SMRT sequencing of Escherichia coli isolate WTP3|T1-00277 cultured from WTP downstream sample
SRR31402562	SRX26771676	SRS21448455	SRP510300	PRJNA1114737	Bacteroides sp. 260	260	OXFORD_NANOPORE	MinION	351560997.0	43947.0	WGS	GENOMIC	SINGLE	nanopore reads for wgs of liver abscess isolate Bpur 260
SRR12395431	SRX8893466	SRS7152488	SRP276100	PRJNA650381	Mycobacterium tuberculosis		OXFORD_NANOPORE	MinION	1190228477.0	806224.0	WGS	GENOMIC	SINGLE	Nanopore TB WGS
ERR14747233	ERX14148509	ERS23812265	ERP170065	PRJEB86767	Morganella morganii		OXFORD_NANOPORE	MinION	1591032529.0	361880.0	WGS	GENOMIC	SINGLE	EXP-13-1-2025-03-14_14-42-05
SRR12969374	SRX9421672	SRS7636751	SRP290888	PRJNA673360	Enterococcus faecium		OXFORD_NANOPORE	MinION	283490629.0	65909.0	WGS	GENOMIC	SINGLE	long-read sequencing of Enterococcus faecium: PR07292-4
ERR15902782	ERX15298622	ERS27343533	ERP113532	PRJEB31025	Neisseria meningitidis		OXFORD_NANOPORE	GridION	324347315.0	169239.0	WGS	GENOMIC	SINGLE	GridION sequencing
SRR34827288	SRX29959715	SRS26039960	SRP605729	PRJNA1299779	Brucella	Brucella abortus	OXFORD_NANOPORE	GridION	445233731.0	117419.0	WGS	GENOMIC	SINGLE	One Health Enteric sample from Brucella
ERR13298007	ERX12668869	ERS20274732	ERP161188	PRJEB76684	Klebsiella pneumoniae		OXFORD_NANOPORE	MinION	1613648539.0	274876.0	WGS	GENOMIC	SINGLE	MinION sequencing
SRR28370697	SRX23975712	SRS20774113	SRP496022	PRJNA1087001	Klebsiella variicola	AJ292	OXFORD_NANOPORE	GridION	585098432.0	71970.0	WGS	GENOMIC	SINGLE	WGS of Klebsiella variicola isolate
SRR35123194	SRX30231081	SRS26284306	SRP560791	PRJNA1215303	Bordetella pertussis	MDH-25-000078	OXFORD_NANOPORE	GridION	1561598335.0	729161.0	WGS	GENOMIC	SINGLE	Oxford Nanopore Sequencing of Bordetella pertussis
ERR3863237	ERX3875271	ERS4281806	ERP112081	PRJEB29732	Mycobacterium tuberculosis		OXFORD_NANOPORE	MinION	517338147.0	264420.0	WGS	GENOMIC	SINGLE	MinION sequencing
SRR386705	SRX109834	SRS004883	SRP001079	PRJNA40077	Cereibacter sphaeroides 2.4.1	2.4.1	PACBIO_SMRT	PacBio RS	11850059.0	60667.0	WGS	GENOMIC	SINGLE	Whole Genome Sequencing and Assembly
SRR13955699	SRX10334066	SRS8453785	SRP310443	PRJNA714107	Mannheimia haemolytica	38599	PACBIO_SMRT	PacBio RS II	1116559688.0	274820.0	WGS	GENOMIC	SINGLE	PacBio reads of M. haemolytica
ERR2125773	ERX2182625	ERS1554599	ERP005928	PRJEB6403	Haemophilus parahaemolyticus HK385	NCTC 8479	PACBIO_SMRT	PacBio RS	1164769361.0	163482.0	WGS	GENOMIC	SINGLE	PacBio RS sequencing
SRR31598994	SRX26963491	SRS23433203	SRP549287	PRJNA1185485	Escherichia coli	683	OXFORD_NANOPORE	PromethION	2459416803.0	456000.0	WGS	GENOMIC	SINGLE	W3R-barcode02
ERR10498455	ERX10015744	ERS14255653	ERP142629	PRJEB57633	Escherichia coli		OXFORD_NANOPORE	GridION	35338924.0	4295.0	WGS	GENOMIC	SINGLE	Raw reads: ONT_30348_1#120
SRR11174056	SRX7795244	SRS6210635	SRP250563	PRJNA607555	Rhizobium rhizogenes	CA75/95	OXFORD_NANOPORE	MinION	4122269403.0	459046.0	WGS	GENOMIC	SINGLE	Sequencing of Agrobacterium rhizogenes CA75/95
SRR30896114	SRX26299907	SRS22828629	SRP536878	PRJNA1134622	Escherichia coli	OXEC-380	OXFORD_NANOPORE	MinION	191450733.0	55745.0	WGS	GENOMIC	SINGLE	OXEC-380
SRR12343962	SRX8843603	SRS7106655	SRP274107	PRJNA626345	Staphylococcus aureus	NAS_OP_042	OXFORD_NANOPORE	MinION	160009038.0	12863.0	WGS	GENOMIC	SINGLE	WGS Staphylococcus aureus among Native Americans in the  southwest US
SRR21696476	SRX17694301	SRS11554481	SRP354045	PRJNA747871	Streptomyces sp. NBC_01216	NBC_01216	OXFORD_NANOPORE	MinION	797403585.0	107014.0	WGS	GENOMIC	SINGLE	nanopore sequencing data from strain NBC_01216
SRR13386086	SRX9805343	SRS7989417	SRP300861	PRJNA663900	Enterococcus sp. DIV0924	DIV0924	OXFORD_NANOPORE	GridION	869362059.0	105056.0	WGS	GENOMIC	SINGLE	Zoo 3 Enterococcus Diversity Genome sequencing and assembly
DRR629340	DRX609667	DRS438889	DRP012484	PRJDB19189	Mycobacterium avium subsp. hominissuis	GA70198	OXFORD_NANOPORE	MinION	376724745.0	40363.0	WGS	GENOMIC	SINGLE	MinION sequencing of SAMD00833393
SRR33053976	SRX28318942	SRS24657692	SRP577606	PRJNA1248674	Escherichia coli	AS26-002	OXFORD_NANOPORE	GridION	419054797.0	133465.0	WGS	GENOMIC	SINGLE	WGS of Escherichia coli
SRR29816268	SRX25315441	SRS21985199	SRP519641	PRJNA1135336	Enterococcus faecium		OXFORD_NANOPORE	GridION	653902020.0	146691.0	WGS	GENOMIC	SINGLE	Whole genome sequencing of VRE
SRR25299289	SRX21042900	SRS18314795	SRP449794	PRJNA995360	Yersinia pestis	S0007	PACBIO_SMRT	Sequel	4669293.0	162.0	WGS	GENOMIC	SINGLE	WGS of Yersinia pestis
SRR10257940	SRX6975812	SRS5501118	SRP224882	PRJNA483500	Escherichia coli O145	RM11626-C1	PACBIO_SMRT	PacBio RS II	4163694327.0	163482.0	WGS	GENOMIC	SINGLE	Complete genome sequence of a Shiga toxin-producing Escherichia coli environmental isolate
SRR364902	SRX032455	SRS140104	SRP004712	PRJNA61297	Vibrio cholerae O1		PACBIO_SMRT	PacBio RS	35694714.0	60667.0	WGS	GENOMIC	SINGLE	Sequencing for C6 (Peru, 1991)
SRR31565379	SRX26931286	SRS23404796	SRP548643	PRJNA1192988	Vibrio cholerae	ZA16	OXFORD_NANOPORE	MinION	437784665.0	107930.0	WGS	GENOMIC	SINGLE	PulseNet Africa ONT sequencing of Vibrio cholerae isolates
ERR12049643	ERX11432821	ERS16377336	ERP149821	PRJEB64629	Glutamicibacter arilaitensis		OXFORD_NANOPORE	PromethION	1295563032.0	72277.0	WGS	GENOMIC	SINGLE	Glutamicibacter arilaitensis_oxford_nanopore_ONT
ERR1417233	ERX1488017	ERS1068186	ERP005928	PRJEB6403	Pseudomonas aeruginosa	NCTC6750	PACBIO_SMRT	PacBio RS	2401982428.0	163482.0	WGS	GENOMIC	SINGLE	PacBio RS sequencing
SRR26282622	SRX21991695	SRS5596776	SRP227831	PRJNA586859	Mycobacterium tuberculosis	6765	PACBIO_SMRT	Sequel II	363300494.0	42413.0	WGS	GENOMIC	SINGLE	TB6735
SRR8305854	SRX5120356	SRS472155	SRP018785	PRJNA186035	Salmonella enterica subsp. enterica serovar Saintpaul	SGSC 2206	PACBIO_SMRT	Sequel	779698829.0	124415.0	WGS	GENOMIC	SINGLE	Whole genome PacBio Sequel sequence of Salmonella enterica subsp. enterica serovar Saintpaul
SRR19820711	SRX15864210	SRS13525965	SRP361569	PRJNA768416	Enterococcus sp. FSL W8-0510	FSL W8-0510	OXFORD_NANOPORE	MinION	1475408139.0	262539.0	WGS	GENOMIC	SINGLE	WGS of Bacilli
SRR14628215	SRX10968958	SRS9046499	SRP321015	PRJNA731114	Pseudomonas aeruginosa	PaLo526	OXFORD_NANOPORE	MinION	246575618.0	67341.0	WGS	GENOMIC	SINGLE	Nanopore sequencing of Pseudomonas aeruginosa isolates
SRR31024172	SRX26411391	SRS22931346	SRP539092	PRJNA1174068	Vibrio cholerae	mHDM VC266	OXFORD_NANOPORE	PromethION	362455887.0	67375.0	WGS	GENOMIC	SINGLE	WGS of Vcholerae isolates
SRR24620913	SRX20401661	SRS17709042	SRP438214	PRJNA391502	Curtobacterium sp. MCLR17_007	MCLR17_007	OXFORD_NANOPORE	MinION	873796764.0	63814.0	WGS	GENOMIC	SINGLE	Curtobacterium isolate from plant litter collected from California Grassland site of elevation gradient
SRR31599344	SRX26964339	SRS23434049	SRP549287	PRJNA1185485	Escherichia coli	168	OXFORD_NANOPORE	PromethION	271797135.0	77251.0	WGS	GENOMIC	SINGLE	FW-Pig-barcode82
SRR28415518	SRX24019917	SRS20798079	SRP496639	PRJNA1090044	Staphylococcus aureus	TUM20820	OXFORD_NANOPORE	MinION	310230139.0	93478.0	WGS	GENOMIC	SINGLE	ONT sequencing of Staphylococcus aureus TUM20820
SRR17200551	SRX13380498	SRS11284600	SRP350304	PRJNA786653	Haemophilus influenzae	mpi971	PACBIO_SMRT	PacBio RS II	350078902.0	76958.0	WGS	GENOMIC	SINGLE	WGS of Haemophilus influenzae: mpi971
SRR34426556	SRX29587981	SRS25710675	SRP599150	PRJNA1288400	Listeria aquatica	24163866-004	OXFORD_NANOPORE	GridION	112428454.0	166880.0	WGS	GENOMIC	SINGLE	WGS of Listeria
SRR21630089	SRX17630606	SRS14987169	SRP354045	PRJNA747871	Nocardia sp. NBC_00508	NBC_00508	OXFORD_NANOPORE	MinION	310200850.0	71601.0	WGS	GENOMIC	SINGLE	nanopore sequencing data from strain NBC_00508
SRR32194478	SRX27535904	SRS23952399	SRP560996	PRJNA1218017	Bacteroides thetaiotaomicron	vpi-5482	OXFORD_NANOPORE	MinION	143367322.0	22700.0	WGS	GENOMIC	SINGLE	WGS of Bacteroides thetatiotaomicron grown on different carbon sources
SRR10882880	SRX7551916	SRS4529932	SRP189296	PRJNA528186	Staphylococcus aureus	UP_1150	OXFORD_NANOPORE	MinION	955779299.0	77194.0	WGS	GENOMIC	SINGLE	UP_1150_nanopore
SRR18463420	SRX14595765	SRS12365300	SRP365681	PRJNA782605	Streptomyces somaliensis	MRC009	OXFORD_NANOPORE	MinION	882373116.0	142011.0	WGS	GENOMIC	SINGLE	WGS of Mycetoma strains isolated from patients in sudan.
SRR17041179	SRX13230975	SRS11155974	SRP051099	PRJNA269675	Salmonella enterica subsp. enterica serovar Typhimurium	SCPM-O-B-4515	OXFORD_NANOPORE	MinION	770684440.0	165164.0	WGS	GENOMIC	SINGLE	Shotgun 2021 Sample 432
SRR27608177	SRX23276493	SRS20178718	SRP484488	PRJNA1048328	Bacillus anthracis	MH-JJ	OXFORD_NANOPORE	MinION	253433682.0	244000.0	WGS	GENOMIC	SINGLE	long read DNA-Seq of B. anthracis soil isolate MH-JJ
DRR572402	DRX555869	DRS426373	DRP012251	PRJDB17574	Escherichia coli	YK-IS1MA-L02-2_G08	OXFORD_NANOPORE	MinION	463786823.0	98000.0	WGS	GENOMIC	SINGLE	nanopore-seq of SAMD00748190 L02-2_G8
SRR12298695	SRX8801882	SRS6792190	SRP266402	PRJNA605147	Klebsiella pneumoniae	RHBSTW-00636	OXFORD_NANOPORE	GridION	1059579181.0	229028.0	WGS	GENOMIC	SINGLE	OXFORD_NANOPORE sequencing of Klebsiella pneumoniae isolate WTP3|T2-00636 cultured from WTP influent sample
ERR10357016	ERX9889132	ERS7159917	ERP109413	PRJEB27342	Klebsiella michiganensis		PACBIO_SMRT	Sequel II	2574221035.0	423918.0	WGS	GENOMIC	SINGLE	Sequel II sequencing
