srr_accession	srx_accession	srs_accession	srp_accession	bioproject	organism	strain	platform	instrument	total_bases	total_spots	library_strategy	library_source	library_layout	title
SRR10613421	SRX7292588	SRS5786125	SRP235306	PRJNA593863	Streptococcus pneumoniae	TH13619	PACBIO_SMRT	Sequel	1104334452.0	133485.0	WGS	GENOMIC	SINGLE	SMRT-seq of pneumococcal strain TH5160(spn556II and spn556III deleted) derivative: TH13619 S. agalactiae-A2
SRR35556718	SRX30631342	SRS19727468	SRP150360	PRJNA475751	Clostridioides difficile	CD08794	OXFORD_NANOPORE	MinION	31514265.0	29958.0	WGS	GENOMIC	SINGLE	WGS Sequencing of Clostridioides difficile
ERR15602739	ERX15005963	ERS26883007	ERP180185	PRJEB97707	Escherichia coli		OXFORD_NANOPORE	MinION	924360929.0	118681.0	WGS	GENOMIC	SINGLE	MinION sequencing
SRR20083812	SRX16121487	SRS13783903	SRP385998	PRJNA857878	Klebsiella pneumoniae	F88	OXFORD_NANOPORE	MinION	778670801.0	167024.0	WGS	GENOMIC	SINGLE	F88
SRR26305335	SRX22013786	SRS19087279	SRP250705	PRJNA607328	Bacillus subtilis	missing	OXFORD_NANOPORE	MinION	1545811592.0	359083.0	WGS	GENOMIC	SINGLE	Bacillus subtilis FELIX_MS382 Nanopore
SRR21979431	SRX17962585	SRS15479143	SRP403584	PRJNA891504	Enterococcus faecalis	BE62	OXFORD_NANOPORE	GridION	251363176.0	44215.0	WGS	GENOMIC	SINGLE	Genome sequencing and assembly of Enterococcus faecalis strains isolated from endodontic infections
ERR10472431	ERX9992776	ERS6795243	ERP109413	PRJEB27342	Klebsiella pneumoniae		PACBIO_SMRT	Sequel II	9953401716.0	1557501.0	WGS	GENOMIC	SINGLE	Sequel II sequencing
SRR27786983	SRX23451763	SRS20304803	SRP486857	PRJNA1070959	Lactiplantibacillus plantarum	LP140	OXFORD_NANOPORE	GridION	408021658.0	81930.0	WGS	GENOMIC	SINGLE	Oxford Nanopore sequencing of Lactiplantibacillus plantarum LP140
SRR24503420	SRX20288336	SRS17615150	SRP437064	PRJNA971580	Klebsiella pneumoniae	khv2157	OXFORD_NANOPORE	GridION	223587107.0	32292.0	WGS	GENOMIC	SINGLE	Genome Sequencing Klebsiella pneumoniae
SRR35509601	SRX30585387	SRS26613973	SRP622153	PRJNA1276982	Clostridium neuense	SDL48	PACBIO_SMRT	Revio	247602199.0	25173.0	WGS	GENOMIC	SINGLE	Genome of Clostridium neuense SDL48
ERR2125646	ERX2182498	ERS1473294	ERP005928	PRJEB6403	Corynebacterium amycolatum	NCTC7243	PACBIO_SMRT	PacBio RS	843588807.0	163482.0	WGS	GENOMIC	SINGLE	PacBio RS sequencing
SRR10083118	SRX6816118	SRS5359870	SRP220854	PRJNA562597	Streptococcus pneumoniae	TH9048	PACBIO_SMRT	PacBio RS II	3644796848.0	163482.0	WGS	GENOMIC	SINGLE	SMRT-seq of Streptococcus pneumoniae ST556: TH9048 rr01 mutant
SRR27201525	SRX22881479	SRS19853888	SRP477847	PRJNA1052100	Klebsiella pneumoniae	E49	OXFORD_NANOPORE	MinION	575919382.0	230619.0	WGS	GENOMIC	SINGLE	ONT R9.4.1 sequences of Klebsiella pneumoniae from clinical sources in Ghana
SRR15076625	SRX11386649	SRS9431260	SRP040661	PRJNA231221	Aeromonas sp. FDAARGOS 1405	FDAARGOS 1405	PACBIO_SMRT	Sequel II	2397058965.0	352358.0	WGS	GENOMIC	SINGLE	
SRR12298356	SRX8801711	SRS6792215	SRP266402	PRJNA605147	Escherichia coli	RHBSTW-00219	OXFORD_NANOPORE	GridION	486303943.0	95256.0	WGS	GENOMIC	SINGLE	OXFORD_NANOPORE sequencing of Escherichia coli isolate WTP3|T1-00219 cultured from WTP influent sample
SRR24140158	SRX19938919	SRS17287628	SRP247747	PRJNA604975	Escherichia coli	ox_bsi_451	OXFORD_NANOPORE	GridION	197011157.0	104026.0	WGS	GENOMIC	SINGLE	oxford_bsi
SRR31303474	SRX26681597	SRS23174453	SRP544363	PRJNA1133929	Bordetella pertussis	YW26	PACBIO_SMRT	Sequel IIe	2143603463.0	164839.0	WGS	GENOMIC	PAIRED	Genome sequencing for Bordetella pertussis
SRR498115	SRX148635	SRS281883	SRP013241	PRJNA73829	Vibrio cholerae		PACBIO_SMRT	PacBio RS	64099.0	267.0	WGS	GENOMIC	SINGLE	Whole Genome Sequencing for N5 (strobe)
SRR2288572	SRX1200209	SRS1058324	SRP063391	PRJNA287201	Staphylococcus aureus	JS395	PACBIO_SMRT	PacBio RS II	3943592283.0	163482.0	WGS	GENOMIC	SINGLE	Staphylococcus aureus subsp. aureus strain:JS395
SRR9722623	SRX6480145	SRS5130251	SRP215816	PRJNA470993	Staphylococcus aureus	ER04436.3	PACBIO_SMRT	PacBio RS II	999499321.0	138161.0	WGS	GENOMIC	SINGLE	WGS of Staphylococcus aureus
SRR5160931	SRX2479142	SRS1910212	SRP095178	PRJNA357595	Serratia marcescens	UMH2	PACBIO_SMRT	PacBio RS II	1938769863.0	163482.0	WGS	GENOMIC	SINGLE	Insertion site sequencing (InSeq) of Serratia marcescens during bacteremia
SRR35049689	SRX30164055	SRS26224577	SRP212399	PRJNA548188	Borreliella burgdorferi	BL206	PACBIO_SMRT	PacBio RS II	1700799679.0	163482.0	WGS	GENOMIC	SINGLE	"=""Genome sequencing of Borreliella burgdorferi: ""&B3"
SRR11961844	SRX8505961	SRS6804618	SRP266536	PRJNA638177	Bacillus velezensis	YB-130	PACBIO_SMRT	PacBio RS II	2381982861.0	219950.0	WGS	GENOMIC	SINGLE	YB-130
SRR9620674	SRX6383685	SRS5043284	SRP212590	PRJNA547258	Helcobacillus massiliensis	DSM 23040	PACBIO_SMRT	Sequel	818215600.0	190445.0	WGS	GENOMIC	SINGLE	Helcobacillus massiliensis DSM 23040
SRR8769340	SRX5559471	SRS4517764	SRP189083	PRJNA528470	Burkholderia pseudomallei	Yap7	PACBIO_SMRT	PacBio RS II	1109164558.0	163482.0	WGS	GENOMIC	PAIRED	Burkholderia pseudomallei
SRR17631716	SRX13800165	SRS11681933	SRP355217	PRJNA797673	Vibrio cholerae	13-6_pacbio	PACBIO_SMRT	Sequel	1173464165.0	108135.0	WGS	GENOMIC	SINGLE	WGS of Vibrio cholerae
SRR15989578	SRX12277961	SRS9998476	SRP357537	PRJNA801416	Klebsiella quasipneumoniae	E33	OXFORD_NANOPORE	GridION	116832369.0	20962.0	WGS	GENOMIC	SINGLE	Whole Genome Sequencing of Carbapenemase-producing Enterobacterales (CPE)
SRR32076370	SRX27424810	SRS23852953	SRP559005	PRJNA1191226	Enterococcus faecium	D1-1	OXFORD_NANOPORE	MinION	692426655.0	143101.0	WGS	GENOMIC	SINGLE	Enterococcus faecium D1-1
ERR950084	ERX1029069	ERS686711	ERP005928	PRJEB6403	Klebsiella michiganensis	NCTC9161	PACBIO_SMRT	PacBio RS	609282511.0	163482.0	WGS	GENOMIC	SINGLE	PacBio RS sequencing
SRR19634180	SRX15684596	SRS13381675	SRP379817	PRJNA848631	Escherichia coli		OXFORD_NANOPORE	GridION	390039531.0	39262.0	WGS	GENOMIC	SINGLE	Long read sequencing of E. coli that has been experimentally evolved with a CTX-M-15 plasmid
SRR37168512	SRX32108109	SRS28041598	SRP675690	PRJNA1420075	Pseudomonas aeruginosa		OXFORD_NANOPORE	PromethION	2520217.0	1436.0	WGS	GENOMIC	SINGLE	DNA-Seq: Pf6: Isolate LD8_0500_phi1
SRR34286651	SRX29457819	SRS25602663	SRP595817	PRJNA1276980	Agathobacter rectalis	H10.1	OXFORD_NANOPORE	MinION	220169365.0	131579.0	WGS	GENOMIC	SINGLE	Whole genome sequencing of Agathobacter rectalis_barcode12
SRR13575436	SRX9973426	SRS8145954	SRP303741	PRJNA695586	Streptococcus pyogenes	M4C20	OXFORD_NANOPORE	MinION	2903849.0	4000.0	WGS	GENOMIC	SINGLE	Whole genome sequence of Streptococcus pyogenes strain M4C20
SRR19451798	SRX15504780	SRS13219427	SRP377780	PRJNA841852	Klebsiella pneumoniae	not applicable	OXFORD_NANOPORE	GridION	342687035.0	40000.0	WGS	GENOMIC	SINGLE	sample_6_ukl
SRR13516983	SRX9928120	SRS8104121	SRP303037	PRJNA694442	Salmonella enterica		OXFORD_NANOPORE	GridION	528756435.0	73624.0	WGS	GENOMIC	SINGLE	WGS of Salmonella enterica
DRR494185	DRX478367	DRS408317	DRP012077	PRJDB14978	Roseateles sp. E2	E2	OXFORD_NANOPORE	PromethION	52039352.0	4000.0	WGS	GENOMIC	SINGLE	PromethION sequencing of SAMD00571186
SRR18191517	SRX14338233	SRS12152231	SRP362168	PRJNA808207	Escherichia coli	06QMA126-1	OXFORD_NANOPORE	MinION	631989987.0	78151.0	WGS	GENOMIC	SINGLE	MinION whole genome sequencing of STEC from ruminants
SRR31611436	SRX26976089	SRS23443710	SRP549287	PRJNA1185485	Escherichia coli	422	OXFORD_NANOPORE	PromethION	1971630117.0	359754.0	WGS	GENOMIC	SINGLE	pig-inf-barcode63
SRR8848721	SRX5636408	SRS4420744	SRP092448	PRJNA316728	Salmonella enterica subsp. enterica serovar Senftenberg	SA20061017	OXFORD_NANOPORE	MinION	663655730.0	91442.0	WGS	GENOMIC	SINGLE	Salmonella  enterica multiserovar sequencing data
SRR26437482	SRX22142026	SRS19201829	SRP467311	PRJNA1026547	Acinetobacter baumannii	ACC01085_CDC_AR307	OXFORD_NANOPORE	GridION	1709006479.0	174043.0	WGS	GENOMIC	SINGLE	WGS of Acinetobacter baumannii: ACC01085 (CDC AR isolate bank AR307)
SRR30602147	SRX26024790	SRS22596501	SRP497400	PRJNA1090919	Terribium terrae	UC48_103	OXFORD_NANOPORE	MinION	284991606.0	35683.0	WGS	GENOMIC	SINGLE	Whole_genome_103
SRR27467504	SRX23139126	SRS20090183	SRP482617	PRJNA942599	Staphylococcus aureus	Dog156	PACBIO_SMRT	Sequel II	1731716580.0	161570.0	WGS	GENOMIC	SINGLE	PacBio sequencing of canine Staphylococcaceae isolated from a Kenyan shelter in June 2100
ERR14866122	ERX14273159	ERS24008951	ERP171808	PRJEB88731	Haemophilus parainfluenzae	HUMT-HP05	OXFORD_NANOPORE	MinION	18183113.0	5286.0	WGS	GENOMIC	SINGLE	MinION sequencing
SRR26752393	SRX22451077	SRS19465123	SRP471000	PRJNA1036818	Alteromonas sp. R78001	R78001	OXFORD_NANOPORE	MinION	269308142.0	53250.0	WGS	GENOMIC	SINGLE	WGS of Alteromonas sp.
SRR34269011	SRX29442785	SRS25588758	SRP595615	PRJNA1280179	Pseudomonas aeruginosa	CF-sbj9-Pa21-l	OXFORD_NANOPORE	GridION	766276126.0	46415.0	WGS	GENOMIC	SINGLE	Plasmid-mediated extreme resistance development within lung
SRR26807495	SRX22504737	SRS19517403	SRP471535	PRJNA1002862	Serratia marcescens	SM06	OXFORD_NANOPORE	MinION	210557876.0	66236.0	WGS	GENOMIC	SINGLE	WGS of GES-6 positive Serratia marcescens
SRR13448250	SRX9861443	SRS8041700	SRP295672	PRJNA681856	Salmonella enterica subsp. salamae	LHICA_SA1	OXFORD_NANOPORE	MinION	29823252.0	4000.0	WGS	GENOMIC	SINGLE	WGS of Salmonella Lhica SA1_13
ERR15686899	ERX15091328	ERS26976621	ERP171481	PRJEB88388	Pseudomonas sp. R-92786	R-92786	OXFORD_NANOPORE	MinION	879380668.0	223607.0	WGS	GENOMIC	SINGLE	Raw reads: Pseudomonas sp. R-92786
ERR2532052	ERX2550481	ERS2402951	ERP005928	PRJEB6403	Campylobacter fetus subsp. fetus	NCTC10348	PACBIO_SMRT	PacBio RS	1185712140.0	163482.0	WGS	GENOMIC	SINGLE	PacBio RS sequencing
SRR12207350	SRX8718148	SRS6993746	SRP271537	PRJNA645814	Francisella tularensis subsp. holarctica	19OD0587	PACBIO_SMRT	Sequel	1048004566.0	226282.0	WGS	GENOMIC	SINGLE	WGS of Francisella
SRR31757611	SRX27119470	SRS23577012	SRP552247	PRJNA1199779	Staphylococcus aureus	14_H40-B60_Sa	OXFORD_NANOPORE	MinION	1241070720.0	493954.0	WGS	GENOMIC	SINGLE	14_H40-B60_Sa
DRR723556	DRX703577	DRS495707	DRP013760	PRJDB20694	Rhodococcus erythropolis	JCM 9805	PACBIO_SMRT	Revio	238835847.0	19331.0	WGS	GENOMIC	SINGLE	Revio sequencing of SAMD01611089
SRR9722905	SRX6480304	SRS5130368	SRP215816	PRJNA470993	Staphylococcus aureus	pt285	PACBIO_SMRT	PacBio RS II	703564760.0	90244.0	WGS	GENOMIC	SINGLE	WGS of Staphylococcus aureus
SRR30149295	SRX25617338	SRS21937373	SRP518730	PRJNA1133668	Klebsiella pneumoniae	ST45KP1	OXFORD_NANOPORE	MinION	155722845.0	20668.0	WGS	GENOMIC	SINGLE	Nanopore sequencing of clinical CRE isolates: human
SRR31598658	SRX26963827	SRS23433538	SRP549287	PRJNA1185485	Escherichia coli	913	OXFORD_NANOPORE	PromethION	693918712.0	100405.0	WGS	GENOMIC	SINGLE	WTP-NoR-Nov-barcode68
SRR17965722	SRX14122043	SRS11949284	SRP359098	PRJNA804648	Salmonella enterica	P281972	OXFORD_NANOPORE	MinION	243922581.0	26189.0	WGS	GENOMIC	SINGLE	longreads
SRR4136244	SRX2118833	SRS1667714	SRP084841	PRJNA263059	Flavobacteriaceae bacterium MAR_2010_119	Mar_2010_119	PACBIO_SMRT	PacBio RS	120241354.0	43191.0	WGS	GENOMIC	SINGLE	Flavobacteriaceae bacterium Mar_2010_119
SRR710524	SRX229081	SRS411282	SRP022779	PRJNA82533	Enterococcus cecorum DSM 20682 = ATCC 43198	ATCC 43198	PACBIO_SMRT	PacBio RS	87378134.0	81741.0	WGS	GENOMIC	SINGLE	Pacbio whole genome shotgun sequencing of genomic DNA library 'LR_117_Ececorum_0.75nM' containing sample 'ATCC43198' from individual 'Enterococcus_cecorum_ATCC43198'
SRR29743966	SRX25244964	SRS21930927	SRP518587	PRJNA958120	Saccharophagus degradans	FZY0027	OXFORD_NANOPORE	PromethION	2427172486.0	1095143.0	WGS	GENOMIC	SINGLE	Nanopore Geno-Seq of FZY0027
SRR7548449	SRX4414626	SRS3567943	SRP154606	PRJNA478786	Enterococcus	Enterococcus faecalis	PACBIO_SMRT	PacBio RS II	3033858.0	4.0	WGS	GENOMIC	SINGLE	Enterococcus faecalis Genome sequencing
ERR15465420	ERX14869315	ERS26347554	ERP179079	PRJEB96336	Klebsiella pneumoniae	EuSCAPE_SK003	OXFORD_NANOPORE	GridION	85399839.0	16134.0	WGS	GENOMIC	SINGLE	GridION sequencing
SRR3741283	SRX1896028	SRS1539285	SRP077835	PRJNA195836	Methylosinus sp. PW1	PW1	PACBIO_SMRT	PacBio RS	158022690.0	66518.0	WGS	GENOMIC	SINGLE	Methylosinus sp. PW1
SRR36114696	SRX31159324	SRS27145597	SRP647288	PRJNA1357910	Pseudomonas sp. CLCA07	CLCA07	OXFORD_NANOPORE	MinION	356563720.0	33842.0	WGS	GENOMIC	SINGLE	wgs of chitinolytic Pseudomonas sp. strain CLCA7
SRR10297984	SRX7010731	SRS5531511	SRP226004	PRJNA547984	Sulfitobacter sp. THAF37	THAF37	OXFORD_NANOPORE	GridION	685431255.0	98523.0	WGS	GENOMIC	SINGLE	ONT SQK-RBK004 library of THAF037 gDNA: R9.4.1 flowcell
SRR36885959	SRX31857731	SRS27814280	SRP664490	PRJNA1399416	Pseudomonas amygdali pv. morsprunorum	Pam_MH_A_6_3_3	OXFORD_NANOPORE	PromethION	392476324.0	61133.0	WGS	GENOMIC	SINGLE	Genomic DNA sequencing reads
ERR15465415	ERX14869310	ERS15929477	ERP179079	PRJEB96336	Klebsiella pneumoniae	TU50125_UR_KP	OXFORD_NANOPORE	GridION	1554779827.0	396052.0	WGS	GENOMIC	SINGLE	GridION sequencing
SRR36121025	SRX31165040	SRS27151225	SRP647482	PRJNA1367479	Klebsiella pneumoniae	SS-84	OXFORD_NANOPORE	MinION	985316156.0	120541.0	WGS	GENOMIC	SINGLE	WGS of SS-84
SRR30990798	SRX26379113	SRS22890937	SRP538219	PRJNA1172271	Klebsiella pneumoniae	BG5036	OXFORD_NANOPORE	MinION	703709613.0	75539.0	WGS	GENOMIC	SINGLE	Multi-hospital outbreak of NDM-5 producing Klebsiella pneumoniae ST6260 in Bulgaria
SRR386968	SRX109914	SRS281278	SRP001087	PRJNA40075	Escherichia coli str. K-12 substr. MG1655	K-12	PACBIO_SMRT	PacBio RS	45736316.0	81741.0	WGS	GENOMIC	SINGLE	Whole Genome Sequencing and Assembly
DRR526127	DRX510008	DRS360184	DRP011064	PRJDB17342	Salmonella enterica	SE-21-289	OXFORD_NANOPORE	MinION	684504783.0	53443.0	WGS	GENOMIC	SINGLE	MinION sequencing of SAMD00731427
SRR32398758	SRX27730927	SRS4051570	SRP150360	PRJNA475751	Clostridioides difficile	CD08184	OXFORD_NANOPORE	MinION	829414975.0	423155.0	WGS	GENOMIC	SINGLE	WGS sequencing of C. difficile
SRR29820035	SRX25318916	SRS21988525	SRP519730	PRJNA1135485	Salmonella		OXFORD_NANOPORE	MinION	1211184634.0	283032.0	WGS	GENOMIC	SINGLE	WGS Salmonella isolates from cattle
ERR13600332	ERX12971355	SRS16422166	SRP416981	PRJNA922900	Klebsiella pneumoniae	Kpn3020	OXFORD_NANOPORE	GridION	480519968.0	23409.0	WGS	GENOMIC	SINGLE	GridION sequencing
SRR2822464	SRX1385431	SRS1135213	SRP040661	PRJNA231221	Citrobacter amalonaticus	FDAARGOS_166	PACBIO_SMRT	PacBio RS	2144217487.0	163482.0	WGS	GENOMIC	SINGLE	
SRR35674192	SRX30725838	SRS26742300	SRP561673	PRJNA1219398	Pasteurella multocida	212366	OXFORD_NANOPORE	MinION	172072919.0	30168.0	WGS	GENOMIC	SINGLE	DNA-Seq of Pasteurella multocida 212366
ERR3685732	ERX3675336	ERS4047533	ERP114207	PRJEB31632	bacterium		OXFORD_NANOPORE	GridION	752817616.0	180165.0	WGS	GENOMIC	SINGLE	GridION sequencing
ERR1036235	ERX1114969	ERS764956	ERP005928	PRJEB6403	Escherichia coli	NCTC12655	PACBIO_SMRT	PacBio RS	782068131.0	163482.0	WGS	GENOMIC	SINGLE	PacBio RS sequencing
SRR10912292	SRX7579987	SRS6014140	SRP242646	PRJNA563711	Rathayibacter iranicus NCPPB 2253 = VKM Ac-1602	VKM Ac-1602	OXFORD_NANOPORE	MinION	1826556.0	3667.0	WGS	GENOMIC	SINGLE	WGS of Rathayibacter iranicus VKM Ac-1602
ERR710265	ERX654569	ERS530418	ERP005928	PRJEB6403	Escherichia coli	NCTC11105	PACBIO_SMRT	PacBio RS	764958736.0	163482.0	WGS	GENOMIC	SINGLE	PacBio RS sequencing
SRR4181554	SRX2142785	SRS1674353	SRP086998	PRJNA303709	Gordonia malaquae	DSM 45064	PACBIO_SMRT	PacBio RS	302943038.0	80827.0	WGS	GENOMIC	SINGLE	Gordonia malaquae DSM 45064
SRR33905578	SRX29113064	SRS25319263	SRP590957	PRJNA1274183	Mycobacterium intracellulare subsp. intracellulare	missing	OXFORD_NANOPORE	PromethION	169134937.0	24736.0	WGS	GENOMIC	SINGLE	WGS of NTM from sputum isolate
ERR13594492	ERX12965361	ERS18629898	ERP158153	PRJEB73354	Escherichia coli		OXFORD_NANOPORE	MinION	429412611.0	183529.0	WGS	GENOMIC	SINGLE	MinION sequencing
SRR33086166	SRX28350324	SRS24679767	SRP577906	PRJNA1248189	Enterobacter hormaechei	180205	PACBIO_SMRT	Sequel IIe	295512675.0	38686.0	WGS	GENOMIC	SINGLE	Pacbio of ECC:Human
SRR5181880	SRX2497989	SRS1924842	SRP096895	PRJNA353873	Mycobacterium tuberculosis		PACBIO_SMRT	PacBio RS	706468576.0	163482.0	WGS	GENOMIC	SINGLE	DNA of Mtb
SRR26458728	SRX22162758	SRS19221309	SRP467790	PRJNA1029296	Pigmentiphaga sp. CHJ604	CHJ604	PACBIO_SMRT	Sequel II	2102823905.0	200044.0	WGS	GENOMIC	SINGLE	sequencing reads of CHJ604
SRR33532046	SRX28766409	SRS25006318	SRP584654	PRJNA1258996	Bordetella pertussis	J820L04P08	PACBIO_SMRT	Sequel II	1161987658.0	215860.0	WGS	GENOMIC	SINGLE	Long-read sequencing of Bordetella pertussis serial laboratory passage J820L04P08
SRR23759723	SRX19610937	SRS16991019	SRP425471	PRJNA940651	Enterococcus montenegrensis	CoE-012-22	OXFORD_NANOPORE	MinION	296050647.0	67043.0	WGS	GENOMIC	SINGLE	DNA-Seq of Enterococcus montenegrensis sp. nov
SRR21903045	SRX17889113	SRS15406288	SRP402614	PRJNA890545	Staphylococcus		OXFORD_NANOPORE	GridION	283748258.0	266112.0	WGS	GENOMIC	SINGLE	Metagenomic Nanopore Sequencing of Ocular Microbiome in Patients with Meibomian Gland Dysfunction 05
SRR19256381	SRX15316849	SRS13025960	SRP162786	PRJNA493675	Listeria monocytogenes	R20.0088	OXFORD_NANOPORE	MinION	345134126.0	95611.0	WGS	GENOMIC	SINGLE	WGS of Listeria monocytogenes
SRR32021925	SRX27372371	SRS23462155	SRP074197	PRJNA288601	Escherichia coli	2024HL-01274	OXFORD_NANOPORE	GridION	337687344.0	98539.0	WGS	GENOMIC	SINGLE	Long read sequencing of carbapenemase producing organisms
SRR34580179	SRX29721757	SRS25829395	SRP601806	PRJNA1123745	Escherichia coli	723_250714_31n	OXFORD_NANOPORE	MinION	395547721.0	87821.0	WGS	GENOMIC	SINGLE	Nanopore long read sequencing for the fully closed genome for the sample
SRR35513829	SRX30589535	SRS26617966	SRP620300	PRJNA1328464	Campylobacter coli	GPT20-006	OXFORD_NANOPORE	GridION	609127800.0	99906.0	WGS	GENOMIC	SINGLE	Campylobacter coli, MCB kit, replicate 3, sequence replicate 2
SRR8739668	SRX5532410	SRS4498633	SRP051949	PRJNA271899	Enterobacter cloacae	UCI-CRE-206	OXFORD_NANOPORE	GridION	370069879.0	53401.0	WGS	GENOMIC	SINGLE	Sequencing of Carbapenem resistant bacteria
SRR3756818	SRX1905907	SRS1546712	SRP078101	PRJNA214530	Ruminococcus flavefaciens AE3010	AE3010	PACBIO_SMRT	PacBio RS	102261763.0	37690.0	WGS	GENOMIC	SINGLE	Ruminococcus flavefaciens AE3010
SRR26139049	SRX21852332	SRS18002710	SRP462527	PRJNA1019817	Escherichia coli	TUM2367	OXFORD_NANOPORE	MinION	1101892104.0	211641.0	WGS	GENOMIC	SINGLE	WGS of Enterobacterales: E. coli
SRR30742879	SRX26152459	SRS22700803	SRP533875	PRJNA1134706	Limosilactobacillus reuteri	11266D007AM-1	PACBIO_SMRT	Sequel II	2028462253.0	367831.0	WGS	GENOMIC	SINGLE	WGS of Limosilactobacillus reuteri from swine milk/colostrum
SRR19539232	SRX15591291	SRS13202031	SRP377466	PRJNA842739	Klebsiella pneumoniae		OXFORD_NANOPORE	MinION	1622784947.0	207811.0	WGS	GENOMIC	SINGLE	Whole genome sequencing of Klebsiella isolate
SRR36067998	SRX31114180	SRS27072668	SRP644837	PRJNA1364846	Campylobacter coli	GPT20-006	OXFORD_NANOPORE	GridION	32003940.0	7480.0	WGS	GENOMIC	SINGLE	Campylobacter coli, DBT kit, 36-plex and 100 ng DNA, replicate 3
ERR10676346	ERX10144110	ERS14333445	ERP143248	PRJEB58185	Campylobacter jejuni		OXFORD_NANOPORE	MinION	352510732.0	585566.0	WGS	GENOMIC	PAIRED	MinION paired end sequencing
ERR10609013	ERX10082279	ERS14299494	ERP131407	PRJEB47152	Escherichia coli str. K-12 substr. MG1655	E.coli MG1655	OXFORD_NANOPORE	MinION			WGS	GENOMIC	SINGLE	MinION sequencing
SRR386596	SRX109814	SRS004883	SRP001079	PRJNA40077	Cereibacter sphaeroides 2.4.1	2.4.1	PACBIO_SMRT	PacBio RS	17668719.0	60667.0	WGS	GENOMIC	SINGLE	Whole Genome Sequencing and Assembly
SRR30342936	SRX25801213	SRS22432689	SRP528120	PRJNA1150149	Staphylococcus aureus	ST1	OXFORD_NANOPORE	MinION	101147910.0	14820.0	WGS	GENOMIC	SINGLE	ONT long-read sequencing of potential healthcare transmission pathogens
SRR22702312	SRX18664385	SRS16108388	SRP412667	PRJNA862724	Citrobacter freundii	wang9	OXFORD_NANOPORE	GridION	16942884655.0	2361594.0	WGS	GENOMIC	SINGLE	Citrobacter freundii
ERR15094505	ERX14499103	ERS24813758	ERP119900	PRJEB36683	Klebsiella pneumoniae 11227-1		OXFORD_NANOPORE	PromethION	1032681370.0	251268.0	WGS	GENOMIC	SINGLE	Raw reads: RKPR002_L
SRR26378203	SRX22085152	SRS19151602	SRP466202	PRJNA1025036	Alloalcanivorax xenomutans	GOM8	OXFORD_NANOPORE	MinION	487487365.0	33425.0	WGS	GENOMIC	SINGLE	GOM8_nanopore
SRR35794940	SRX30844226	SRS26851169	SRP632532	PRJNA1345429	Mycobacterium tuberculosis	Not applicable	OXFORD_NANOPORE	MinION	117958302.0	70391.0	WGS	GENOMIC	SINGLE	Whole -genome sequencing of Mycobacterium tuberculosis: culture isolate
SRR31599279	SRX26964404	SRS23434115	SRP549287	PRJNA1185485	Escherichia coli	38	OXFORD_NANOPORE	PromethION	1064994708.0	174280.0	WGS	GENOMIC	SINGLE	2ndManhole-barcode38
SRR31555771	SRX26921952	SRS23399008	SRP548427	PRJNA1192303	Shigella flexneri	2a	OXFORD_NANOPORE	GridION	290441315.0	68000.0	WGS	GENOMIC	SINGLE	WGS of Shigella sonnei 2021/2022
SRR33769115	SRX28991653	SRS22397451	SRP444583	PRJNA962904	Escherichia coli		PACBIO_SMRT	Sequel II	634826912.0	27535.0	WGS	GENOMIC	SINGLE	PacBio sequencing of AH0058HE1 for ARCH 2
ERR13326776	ERX12697804	ERS20295478	ERP161282	PRJEB76791	Salmonella enterica subsp. enterica serovar Agona		OXFORD_NANOPORE	MinION	569468308.0	71210.0	WGS	GENOMIC	SINGLE	MinION sequencing
SRR10918428	SRX7585709	SRS6019367	SRP051949	PRJNA271899	Klebsiella pneumoniae	OC-CRE-9146	OXFORD_NANOPORE	GridION	1677045620.0	347319.0	WGS	GENOMIC	SINGLE	Sequencing of Carbapenem resistant bacteria
SRR19977223	SRX16019424	SRS13699817	SRP384896	PRJNA855630	Escherichia coli	LH10-b-1	OXFORD_NANOPORE	MinION	538902829.0	572967.0	WGS	GENOMIC	SINGLE	Long read sequencing of Escherichia coli LH10-b-1
SRR12919160	SRX9383687	SRS7516931	SRP287318	PRJNA375705	Bradyrhizobium diazoefficiens	36_1	OXFORD_NANOPORE	MinION	1572129288.0	237442.0	WGS	GENOMIC	SINGLE	WGS of Bradyrhizobium isolates from Acacia
SRR18729685	SRX14830044	SRS12585816	SRP369762	PRJNA825705	Klebsiella pneumoniae	ST-3727	OXFORD_NANOPORE	MinION	8797628858.0	1007370.0	WGS	GENOMIC	SINGLE	ONT sequencing of Klebsiella pneumoniae: sample KLPN-39
SRR6976420	SRX3918033	SRS3153107	SRP139236	PRJNA442017	Acidovorax sp. 104	104	PACBIO_SMRT	PacBio RS II	274228520.0	53099.0	WGS	GENOMIC	SINGLE	Acidovorax sp. 104
SRR13575479	SRX9973383	SRS8145954	SRP303741	PRJNA695586	Streptococcus pyogenes	M4C20	OXFORD_NANOPORE	MinION	3554811.0	4000.0	WGS	GENOMIC	SINGLE	Whole genome sequence of Streptococcus pyogenes strain M4C20
ERR1246948	ERX1318886	ERS950465	ERP005928	PRJEB6403	Neisseria animalis	NCTC10212	PACBIO_SMRT	PacBio RS	1367304985.0	163482.0	WGS	GENOMIC	SINGLE	PacBio RS sequencing
SRR15345381	SRX11649603	SRS9682647	SRP331128	PRJNA751914	Acidithiobacillus ferriphilus	GT2	PACBIO_SMRT	Sequel II	271925483.0	40250.0	WGS	GENOMIC	SINGLE	WGS of Acidithiobacillus ferriphilus GT2
ERR14314287	ERX13715383	ERS23193142	ERP169026	PRJEB85647	Escherichia coli		OXFORD_NANOPORE	MinION	141577158.0	20585.0	WGS	GENOMIC	SINGLE	E.coli_WGS_14Nov2023
SRR10521270	SRX7206014	SRS5710699	SRP232227	PRJNA562727	Klebsiella pneumoniae		OXFORD_NANOPORE	MinION	145480111.0	25484.0	WGS	GENOMIC	SINGLE	minION seq of KP_P16_L7_10.18
SRR4272605	SRX2179437	SRS1704497	SRP040661	PRJNA231221	Pasteurella multocida	FDAARGOS_219	PACBIO_SMRT	PacBio RS	1703282873.0	163482.0	WGS	GENOMIC	SINGLE	
SRR21547802	SRX17549997	SRS8206012	SRP395888	PRJNA812595	Klebsiella pneumoniae	2021CK-00608	OXFORD_NANOPORE	GridION	111410751.0	7712.0	WGS	GENOMIC	SINGLE	Nanopore sequencing of ARLN isolate
SRR31555795	SRX26921928	SRS23398984	SRP548427	PRJNA1192303	Shigella flexneri	2a	OXFORD_NANOPORE	GridION	734433484.0	553548.0	WGS	GENOMIC	SINGLE	WGS of Shigella sonnei 2021/2022
SRR787413	SRX252623	SRS400720	SRP019218	PRJNA188139	Vibrio cholerae	2010EL-1799	PACBIO_SMRT	PacBio RS	147725372.0	81741.0	WGS	GENOMIC	SINGLE	2010EL-1799
SRR33895156	SRX29106697	SRS25313037	SRP590843	PRJNA1272507	Salmonella enterica	SAL-252	OXFORD_NANOPORE	GridION	560690078.0	129177.0	WGS	GENOMIC	SINGLE	ONT-WGS of Salmonella enterica
SRR8363033	SRX5173539	SRS2995202	SRP018785	PRJNA186035	Salmonella enterica subsp. enterica serovar Javiana	CFSAN073554	PACBIO_SMRT	Sequel	82592772.0	27392.0	WGS	GENOMIC	SINGLE	Whole genome PacBio Sequel sequence of Salmonella enterica
ERR5726853	ERX5441566	ERS6219029	ERP128194	PRJEB44175	Escherichia coli		OXFORD_NANOPORE	GridION	500001500.0	60370.0	WGS	GENOMIC	SINGLE	GridION sequencing
SRR6994965	SRX3929699	SRS1739407	SRP133836	PRJNA316321	Staphylococcus aureus	AR_0215	PACBIO_SMRT	PacBio RS	2675530933.0	163482.0	WGS	GENOMIC	SINGLE	
SRR12298438	SRX8801629	SRS6792003	SRP266402	PRJNA605147	Escherichia coli	RHBSTW-00082	OXFORD_NANOPORE	GridION	377065926.0	59600.0	WGS	GENOMIC	SINGLE	OXFORD_NANOPORE sequencing of Escherichia coli isolate WTP5|T1-00082 cultured from WTP effluent sample
SRR28295772	SRX23904610	SRS20726839	SRP494653	PRJNA1086210	Brevibacillus laterosporus	FJAT-26384	PACBIO_SMRT	Onso	1599143152.0	5295176.0	WGS	GENOMIC	PAIRED	Brevibacillus laterosporus strain FJAT-26384 Raw sequence reads
SRR6189152	SRX3299183	SRS2607499	SRP120442	PRJNA414941	Bacillus altitudinis	P-10	PACBIO_SMRT	PacBio RS II	2909933031.0	163482.0	WGS	GENOMIC	SINGLE	Genome sequencing of Bacillus altitudinis P-10
ERR15373187	ERX14776872	ERS23666161	ERP169391	PRJEB86018	Haemophilus influenzae		PACBIO_SMRT	Sequel II	444488769.0	42675.0	WGS	GENOMIC	SINGLE	Sequel II sequencing
SRR10556429	SRX7238163	SRS5737726	SRP233785	PRJNA460391	Clostridium beijerinckii	DJ274	PACBIO_SMRT	PacBio RS II	954386721.0	231969.0	WGS	GENOMIC	SINGLE	Clostridium beijerinckii DJ274
SRR387204	SRX109912	SRS281278	SRP001087	PRJNA40075	Escherichia coli str. K-12 substr. MG1655	K-12	PACBIO_SMRT	PacBio RS	172623023.0	81741.0	WGS	GENOMIC	SINGLE	Whole Genome Sequencing and Assembly
SRR11048422	SRX7698440	SRS6122909	SRP247784	PRJNA347127	Cryobacterium roopkundense	DSM 21065	PACBIO_SMRT	Sequel	73250858.0	22780.0	WGS	GENOMIC	SINGLE	Cryobacterium roopkundense DSM 21065
SRR24001244	SRX19804758	SRS17166616	SRP429910	PRJNA909850	human blood metagenome	-	OXFORD_NANOPORE	GridION	380414164.0	73184.0	WGS	GENOMIC	SINGLE	DNA isolation from K. pneumoniae using Roche
SRR35808518	SRX30857814	SRS26863774	SRP633462	PRJNA1346110	Streptococcus dysgalactiae subsp. equisimilis	UT9728	OXFORD_NANOPORE	MinION	429341884.0	242522.0	WGS	GENOMIC	SINGLE	WGS:UT9728 Replicates
SRR35148430	SRX30254061	SRS12557340	SRP369005	PRJNA695756	Methylobacterium sp. PvR107	PvR107	PACBIO_SMRT	Sequel II	602502243.0	56146.0	WGS	GENOMIC	SINGLE	Methylobacterium sp. PvR107
SRR19776610	SRX15820886	SRS12273959	SRP364249	PRJNA816422	Helicobacter pylori	Hpfe027	OXFORD_NANOPORE	MinION	90903597.0	11333.0	WGS	GENOMIC	SINGLE	nanopore sequencing of h. pylori genomic DNA
SRR14852507	SRX11171071	SRS9229401	SRP324476	PRJNA738868	Acinetobacter baumannii	DETAB-E51	OXFORD_NANOPORE	MinION	798148978.0	75290.0	WGS	GENOMIC	SINGLE	Nanopore WGS of A. baumannii DETAB-E50
SRR32410576	SRX27740980	SRS24128759	SRP565160	PRJNA1225906	Salmonella enterica		OXFORD_NANOPORE	GridION	457410226.0	96619.0	WGS	GENOMIC	SINGLE	WGS of Salmonella enterica isolate
SRR22190984	SRX18169438	SRS15668703	SRP303037	PRJNA694442	Salmonella enterica		OXFORD_NANOPORE	GridION	563899230.0	59846.0	WGS	GENOMIC	SINGLE	Multiplex WGS of Salmonella
DRR194274	DRX184726	DRS108805	DRP005504	PRJDB8849	Enterococcus faecium	AA708	OXFORD_NANOPORE	MinION	527015141.0	28462.0	WGS	GENOMIC	SINGLE	MinION sequencing of SAMD00190298
SRR33768801	SRX28991277	SRS22456436	SRP444583	PRJNA962904	Salmonella enterica		PACBIO_SMRT	Sequel II	154712614.0	11598.0	WGS	GENOMIC	SINGLE	PacBio sequencing of AH0464HE2 for ARCH 2
SRR15031888	SRX11343491	SRS9383692	SRP326726	PRJNA737600	Streptomyces sp. GMY02	GMY02	OXFORD_NANOPORE	GridION	9320172.0	4000.0	WGS	GENOMIC	SINGLE	WGS Streptomyces sp. GMY02
SRR28837369	SRX24400083	SRS21155212	SRP186943	PRJNA510385	Staphylococcus pseudintermedius	not applicable	OXFORD_NANOPORE	GridION	1661287124.0	400000.0	WGS	GENOMIC	SINGLE	SIG-Dog-OK74078CY240020
SRR15989672	SRX12278259	SRS9998442	SRP357537	PRJNA801416	Klebsiella variicola	E761	OXFORD_NANOPORE	GridION	695595785.0	50960.0	WGS	GENOMIC	SINGLE	Whole Genome Sequencing of Carbapenemase-producing Enterobacterales (CPE)
SRR15989510	SRX12278029	SRS9999169	SRP357534	PRJNA801415	Escherichia coli	115	OXFORD_NANOPORE	GridION	270259935.0	37607.0	WGS	GENOMIC	SINGLE	Whole Genome Sequencing of Carbapenemase-producing Enterobacterales (CPE)
SRR29726888	SRX25229052	SRS21915581	SRP518338	PRJNA1132578	Salmonella enterica subsp. enterica	N22-3044	OXFORD_NANOPORE	MinION	112462117.0	14671.0	WGS	GENOMIC	SINGLE	Long read WGS of Salmonella enterica: isolate N22-3044
SRR16089729	SRX12376203	SRS10347058	SRP151364	PRJNA477706	Moraxella bovis	SAM109245	PACBIO_SMRT	Sequel	1455173260.0	314795.0	WGS	GENOMIC	SINGLE	Sequencing Moraxella genomes
ERR12723551	ERX12098092	ERS18395295	ERP158324	PRJEB73555	Lelliottia amnigena		OXFORD_NANOPORE	MinION	882046647.0	363061.0	WGS	GENOMIC	SINGLE	MinION sequencing
SRR31480850	SRX26849473	SRS23333123	SRP547242	PRJNA1188493	Bacillus cereus	C920	OXFORD_NANOPORE	GridION	5512008676.0	1332155.0	WGS	GENOMIC	SINGLE	WGS of Bacillus Cereus
SRR32757847	SRX28042949	SRS24403610	SRP571349	PRJNA1237838	Mycobacterium tuberculosis	Euro American (Harleem)	OXFORD_NANOPORE	PromethION	5883103.0	7758.0	WGS	GENOMIC	SINGLE	WGS M.tuberculosis drug sensitive patients in Surabaya
SRR18972801	SRX15048704	SRS12794658	SRP372864	PRJNA833428	Xylella fastidiosa	CFBP8177	PACBIO_SMRT	PacBio RS II	473425560.0	204084.0	WGS	GENOMIC	SINGLE	Whole genome sequencing of Xylella fastidiosa
SRR27180005	SRX22860471	SRS19835777	SRP477403	PRJNA1049513	Vibrio sp. PBL-C16	PBL-C16	OXFORD_NANOPORE	MinION	21839.0	9.0	WGS	GENOMIC	SINGLE	Vibrio sp. PBL-C16 Genome sequencing and assembly
SRR33769262	SRX28991507	SRS22456236	SRP444583	PRJNA962904	Escherichia coli		PACBIO_SMRT	Sequel II	565636770.0	28185.0	WGS	GENOMIC	SINGLE	PacBio sequencing of AH0325HE1 for ARCH 2
SRR4210113	SRX2153096	SRS1683624	SRP087690	PRJNA319695	Pseudomonas extremaustralis	DSM 17835	PACBIO_SMRT	PacBio RS	516010.0	276.0	WGS	GENOMIC	SINGLE	Pseudomonas extremaustralis DSM 17835
SRR10240059	SRX6959150	SRS4818701	SRP224653	PRJNA545328	Streptococcus suis	2015UMN3479.3	OXFORD_NANOPORE	MinION	579127297.0	95356.0	WGS	GENOMIC	SINGLE	WGS of S.suis
SRR11048498	SRX7698522	SRS6122977	SRP247793	PRJNA347102	Agromyces atrinae	DSM 23870	PACBIO_SMRT	PacBio RS II	2607339487.0	663558.0	WGS	GENOMIC	SINGLE	Agromyces atrinae DSM 23870
ERR2528517	ERX2547398	ERS515516	ERP107863	PRJEB25895	Escherichia coli		PACBIO_SMRT	PacBio RS	612020001.0	163482.0	WGS	GENOMIC	SINGLE	PacBio RS sequencing
SRR23347594	SRX19289439	SRS16690584	SRP421131	PRJNA931653	Escherichia coli K-12	K-12	OXFORD_NANOPORE	GridION	21804140.0	4000.0	WGS	GENOMIC	SINGLE	Nanopore sequencing of Ciprofloxacin challenged E. coli
DRR324401	DRX313729	DRS210132	DRP007898	PRJDB12421	Enterococcus faecalis	K-4	OXFORD_NANOPORE	MinION	580338872.0	111821.0	WGS	GENOMIC	SINGLE	MinION sequencing of SAMD00412537
SRR27180109	SRX22860368	SRS19835777	SRP477403	PRJNA1049513	Vibrio sp. PBL-C16	PBL-C16	OXFORD_NANOPORE	MinION	511374.0	91.0	WGS	GENOMIC	SINGLE	Vibrio sp. PBL-C16 Genome sequencing and assembly
SRR30463436	SRX25888524	SRS22459532	SRP515179	PRJNA1126331	Acidobacteriota bacterium		PACBIO_SMRT	Sequel II	6476456.0	1.0	WGS	GENOMIC	SINGLE	HiFi.Melbourne_complete.11241
SRR27006226	SRX22699158	SRS19691845	SRP250705	PRJNA607328	Escherichia coli	Mixture	OXFORD_NANOPORE	MinION	3236670221.0	663392.0	WGS	GENOMIC	SINGLE	Escherichia coli/Pseudomonas aeruginosa/Saccharomyces cerevisiae/Salmonella enterica/Pseudomonas putida FELIX_MS839 Nanopore
DRR374946	DRX360847	DRS379861	DRP011581	PRJDB13357	Bradyrhizobium sp. TY 11d-1	TY 11d-1	OXFORD_NANOPORE	MinION	362800308.0	36983.0	WGS	GENOMIC	SINGLE	MinION sequencing of SAMD00453076
SRR7983753	SRX4815023	SRS3890343	SRP164633	PRJNA494982	Mycobacterium tuberculosis variant bovis	Danish delta-sapM	PACBIO_SMRT	PacBio RS II	1109648637.0	114695.0	WGS	GENOMIC	SINGLE	BCGDanishSapMkoPacBio
DRR232349	DRX222570	DRS140080	DRP003581	PRJDB5126	Escherichia coli	YJ4	OXFORD_NANOPORE	MinION	816693133.0	125106.0	WGS	GENOMIC	SINGLE	MinION sequencing of SAMD00157545
SRR15140860	SRX11448625	SRS9488523	SRP295672	PRJNA681856	Salmonella enterica subsp. arizonae	LHICA_AZ23	OXFORD_NANOPORE	MinION	24053734.0	4000.0	WGS	GENOMIC	SINGLE	Salmonella AZ23
SRR5871734	SRX3039282	SRS2387717	SRP040661	PRJNA231221	Staphylococcus lugdunensis	FDAARGOS_377	PACBIO_SMRT	PacBio RS	3130410548.0	163482.0	WGS	GENOMIC	SINGLE	
SRR33189761	SRX28437379	SRS24759789	SRP579392	PRJNA1109353	Ralstonia solanacearum	077-080_1	OXFORD_NANOPORE	GridION	993977856.0	641114.0	WGS	GENOMIC	SINGLE	gDNA of R solanacearum
SRR13192489	SRX9626970	SRS7827983	SRP295672	PRJNA681856	Salmonella enterica	LHICA_E1	OXFORD_NANOPORE	MinION	15395048.0	4000.0	WGS	GENOMIC	SINGLE	WGS of Salmonella enterica Lhica E86
SRR28777789	SRX24342757	SRS20831655	SRP497546	PRJNA1091452	Listeria monocytogenes	L-20	OXFORD_NANOPORE	MinION	667363054.0	128113.0	WGS	GENOMIC	SINGLE	ONT performance study sequencing of L. monocytogenes
SRR24887435	SRX20649993	SRS17947884	SRP442241	PRJNA708455	Streptomyces griseoviridis	DSM 40229	PACBIO_SMRT	Sequel II	5950888307.0	1240838.0	WGS	GENOMIC	SINGLE	Streptomyces griseoviridis DSM 40229
SRR12298518	SRX8801549	SRS6792432	SRP266402	PRJNA605147	Klebsiella pneumoniae	RHB19-C08	OXFORD_NANOPORE	GridION	117023837.0	24725.0	WGS	GENOMIC	SINGLE	OXFORD_NANOPORE sequencing of Klebsiella pneumoniae isolate RH14|T2-C08 cultured from Sheep faeces sample
SRR19912880	SRX15955609	SRS13642137	SRP384433	PRJNA769740	Enterobacter roggenkampii	ECl_2.VN	PACBIO_SMRT	Sequel II	5027378.0	3.0	WGS	GENOMIC	SINGLE	DNA sequence of Enterobacter roggenkampii isolate ECl_2.VN
SRR23913873	SRX19725337	SRS14393250	SRP389280	PRJNA863437	Staphylococcus haemolyticus	5	OXFORD_NANOPORE	GridION	285898952.0	21055.0	WGS	GENOMIC	SINGLE	Isolate 05
ERR2125747	ERX2182599	ERS1545389	ERP005928	PRJEB6403	Proteus vulgaris	NCTC10376	PACBIO_SMRT	PacBio RS	1536045017.0	163482.0	WGS	GENOMIC	SINGLE	PacBio RS sequencing
SRR9722973	SRX6480521	SRS5110566	SRP215169	PRJNA555108	Salmonella enterica subsp. enterica serovar Typhimurium		OXFORD_NANOPORE	MinION	85336602.0	21876.0	WGS	GENOMIC	SINGLE	Long read sequencing of an endemic MLVA type from NSW Australia
DRR629236	DRX609563	DRS438785	DRP012484	PRJDB19189	Mycobacterium avium subsp. hominissuis	GA61948	OXFORD_NANOPORE	MinION	382686788.0	50895.0	WGS	GENOMIC	SINGLE	MinION sequencing of SAMD00833287
SRR25466883	SRX21199537	SRS18458349	SRP452337	PRJNA1000618	Escherichia coli	Escherichia coli BL21(DE3)	OXFORD_NANOPORE	MinION	5766955.0	4000.0	WGS	GENOMIC	SINGLE	CASTVK transposition with different condition
SRR11209188	SRX7822245	SRS6233359	SRP251108	PRJNA609126	Staphylococcus aureus	SA1428	OXFORD_NANOPORE	GridION	96273366.0	4000.0	WGS	GENOMIC	SINGLE	Genome sequence of a chronic Staphylococcus aureus isolated from dairy cow that is non-responsive to antibiotic treatment
ERR9030469	ERX8573879	ERS10792264	ERP133548	PRJEB49093	Mycobacterium tuberculosis	Lineage 1.1.2	OXFORD_NANOPORE	MinION	661729943.0	1399937.0	WGS	GENOMIC	SINGLE	MinION sequencing; Raw reads: mada_1-3-nanopore
SRR30149327	SRX25617306	SRS21937610	SRP518730	PRJNA1133668	Klebsiella pneumoniae	ST258KP44	OXFORD_NANOPORE	MinION	561636073.0	71488.0	WGS	GENOMIC	SINGLE	Nanopore sequencing of clinical CRE isolates: human
SRR4180984	SRX2142280	SRS1673944	SRP086951	PRJNA303691	Paramicrobacterium humi	DSM 21799	PACBIO_SMRT	PacBio RS	376520275.0	83974.0	WGS	GENOMIC	SINGLE	Microbacterium humi DSM 21799
SRR5419939	SRX2711469	SRS2103201	SRP040661	PRJNA231221	Staphylococcus cohnii	FDAARGOS_334	PACBIO_SMRT	PacBio RS	1970007369.0	163482.0	WGS	GENOMIC	SINGLE	
SRR12298766	SRX8801811	SRS6792080	SRP266402	PRJNA605147	Citrobacter freundii	RHBSTW-00486	OXFORD_NANOPORE	MinION	1404670744.0	173864.0	WGS	GENOMIC	SINGLE	OXFORD_NANOPORE sequencing of Citrobacter freundii isolate WTP5|T2-00486 cultured from WTP downstream sample
SRR13516993	SRX9928110	SRS8104122	SRP303037	PRJNA694442	Salmonella enterica		OXFORD_NANOPORE	GridION	6799588418.0	914423.0	WGS	GENOMIC	SINGLE	WGS of Salmonella enterica
ERR11275462	ERX10683032	ERS14857431	ERP146774	PRJEB61685	Mycobacterium tuberculosis variant bovis BCG		OXFORD_NANOPORE	MinION	234378026.0	113353.0	WGS	GENOMIC	SINGLE	MinION sequencing
ERR4763201	ERX4636254	ERS5247947	ERP124695	PRJEB40976	Enterococcus faecalis		OXFORD_NANOPORE	GridION	839738083.0	49830.0	WGS	GENOMIC	SINGLE	GridION sequencing; Raw reads: 28157_4#48
SRR9722670	SRX6480099	SRS5130205	SRP215816	PRJNA470993	Staphylococcus aureus	ER03113.3	PACBIO_SMRT	PacBio RS II	994473940.0	148647.0	WGS	GENOMIC	SINGLE	WGS of Staphylococcus aureus
SRR33346821	SRX28591050	SRS24859013	SRP581397	PRJNA1255661	Agrobacterium vitis	16-92-2B	OXFORD_NANOPORE	PromethION	474660726.0	66928.0	WGS	GENOMIC	SINGLE	WGS of Agrobacterium vitis 16-92-2B
SRR30413556	SRX25839234	SRS19795729	SRP250705	PRJNA607328	soil metagenome		OXFORD_NANOPORE	MinION	52707064410.0	21486209.0	WGS	GENOMIC	SINGLE	Soil Metagenome FELIX_MS756 Nanopore reads
SRR1576780	SRX702527	SRS702306	SRP047219	PRJNA202894	Enterobacter hormaechei subsp. hoffmannii ECNIH3	ECNIH3	PACBIO_SMRT	PacBio RS II	616981491.0	163482.0	WGS	GENOMIC	SINGLE	PacBio SMRT Sequencing of Enterobacter cloacae ECNIH3 Genomic Library
SRR35674100	SRX30725566	SRS26742269	SRP561673	PRJNA1219398	Pasteurella multocida	214302	OXFORD_NANOPORE	MinION	546164609.0	56724.0	WGS	GENOMIC	SINGLE	DNA-Seq of Pasteurella multocida 214302
SRR16543146	SRX12745382	SRS10693320	SRP342772	PRJNA604418	Weissella hellenica	MBEL1842	PACBIO_SMRT	PacBio RS II	104793594.0	13376.0	WGS	GENOMIC	SINGLE	Genome sequencing and assembly of Weisella hellenica MBEL1842
SRR30896450	SRX26299571	SRS22828293	SRP536878	PRJNA1134622	Escherichia coli	OXEC-112	OXFORD_NANOPORE	MinION	874314903.0	230719.0	WGS	GENOMIC	SINGLE	OXEC-112
SRR14852511	SRX11171067	SRS9229348	SRP324476	PRJNA738868	Acinetobacter baumannii	DETAB-E390	OXFORD_NANOPORE	MinION	259328909.0	26580.0	WGS	GENOMIC	SINGLE	Nanopore WGS of A. baumannii DETAB-E389
ERR10676314	ERX10144078	ERS14333413	ERP143248	PRJEB58185	Campylobacter jejuni		OXFORD_NANOPORE	MinION	148479688.0	246644.0	WGS	GENOMIC	PAIRED	MinION paired end sequencing
SRR9047943	SRX5824519	SRS4752574	SRP051949	PRJNA271899	Escherichia coli	MGH261	OXFORD_NANOPORE	GridION	1961769008.0	504752.0	WGS	GENOMIC	SINGLE	Sequencing of Carbapenem resistant bacteria
ERR1193257	ERX1266641	ERS747605	ERP005928	PRJEB6403	Escherichia coli	NCTC9962	PACBIO_SMRT	PacBio RS	92008466.0	163482.0	WGS	GENOMIC	SINGLE	PacBio RS sequencing
SRR29316616	SRX24833527	SRS21545358	SRP512379	PRJNA1121190	Vibrio cholerae	115Vc10	OXFORD_NANOPORE	PromethION	174755402.0	331841.0	WGS	GENOMIC	SINGLE	WGS of Vcholerae isolates
SRR33769263	SRX28991506	SRS22397280	SRP444583	PRJNA962904	Escherichia coli		PACBIO_SMRT	Sequel II	879708054.0	52310.0	WGS	GENOMIC	SINGLE	PacBio sequencing of A067009HE1 for ARCH 2
SRR16525573	SRX12728426	SRS10336886	SRP357537	PRJNA801416	Escherichia coli	69	OXFORD_NANOPORE	GridION	386193902.0	55695.0	WGS	GENOMIC	SINGLE	Extensive diversification and dissemination of blaNDM carbapenemase plasmids in Enterobacterales in Singapore 2010-2015
SRR32486153	SRX27799520	SRS3808706	SRP390960	PRJNA857526	Shigella sonnei	AUSMDU00010052	OXFORD_NANOPORE	PromethION	912253418.0	210089.0	WGS	GENOMIC	SINGLE	WGS of Escherichia/Shigella species from ONT reads
SRR27966708	SRX23620394	SRS20460505	SRP489704	PRJNA1063262	Ruoffia tabacinasalis	jzb001	OXFORD_NANOPORE	MinION	12520818.0	3961.0	WGS	GENOMIC	SINGLE	WGS of Ruoffia tabacinasalis
ERR14686192	ERX14087711	ERS23773331	ERP169826	PRJEB86481	Escherichia coli str. K-12 substr. MG1655	K-12	OXFORD_NANOPORE	MinION	92247345.0	29603.0	WGS	GENOMIC	SINGLE	MinION sequencing
SRR13442165	SRX9855576	SRS8036752	SRP276953	PRJNA605961	Salmonella enterica subsp. enterica serovar Typhimurium	ER3625 descendants	PACBIO_SMRT	PacBio RS II	4123774035.0	163482.0	WGS	GENOMIC	SINGLE	PacBio RSII seq of JZ_056
SRR25528524	SRX21258000	SRS18511515	SRP453500	PRJNA1001517	Janthinobacterium sp. J1-1	J1-1	PACBIO_SMRT	Sequel II	1701697146.0	299486.0	WGS	GENOMIC	SINGLE	WGS of Janthinobacterium sp. :J1-1
SRR924455	SRX317125	SRS454365	SRP022914	PRJNA203445	Vibrio parahaemolyticus O1:K33 str. CDC_K4557	CDC_K4557	PACBIO_SMRT	PacBio RS	101437353.0	81741.0	WGS	GENOMIC	SINGLE	Vibrio parahaemolyticus O1:K33 str. CDC_K4557
SRR29744428	SRX25245426	SRS21931322	SRP518604	PRJNA1131625	Weissella confusa	SY628	OXFORD_NANOPORE	PromethION	1738141367.0	524217.0	WGS	GENOMIC	SINGLE	The Whole Genome Sequence Analysis and Biological Characteristics of a Suitable Strain for Soybean yogurt
ERR13363103	ERX12733989	ERS20579624	ERP151254	PRJEB66182	Klebsiella pneumoniae 11227-1		OXFORD_NANOPORE	PromethION	1108973451.0	301366.0	WGS	GENOMIC	SINGLE	PromethION sequencing
ERR1254177	ERX1325786	ERS956188	ERP005928	PRJEB6403	Streptococcus dysgalactiae	NCTC6403	PACBIO_SMRT	PacBio RS	4641249091.0	163482.0	WGS	GENOMIC	SINGLE	PacBio RS sequencing
SRR33968424	SRX29167172	SRS25367671	SRP591870	PRJNA1276484	Mycobacteroides abscessus		OXFORD_NANOPORE	MinION	1351314391.0	264578.0	WGS	GENOMIC	SINGLE	CW29501
SRR21663231	SRX17662975	SRS15195053	SRP398507	PRJNA678150	Photorhabdus luminescens	EN01	OXFORD_NANOPORE	GridION	326363219.0	62836.0	WGS	GENOMIC	SINGLE	ONT SQK-LSK109 library of Photorhabdus laumondii EN01: R9.4.1 flowcell on GridION, guppy v4.0.11 high accuracy mode
SRR28445649	SRX24049252	SRS20840578	SRP497734	PRJNA1077798	Alteromonas gracilis	J4	OXFORD_NANOPORE	MinION	2888969.0	1000.0	WGS	GENOMIC	SINGLE	Alteromonas gracilis strain J4, whole genome Nanopore Sequencing
SRR21696662	SRX17694120	SRS11554202	SRP354045	PRJNA747871	Streptomyces sp. NBC_01104	NBC_01104	OXFORD_NANOPORE	MinION	418738491.0	60550.0	WGS	GENOMIC	SINGLE	nanopore sequencing data from strain NBC_01104
SRR28147522	SRX23778358	SRS20603184	SRP492291	PRJNA1081146	Brevundimonas sp. LF-1	LF-1	OXFORD_NANOPORE	GridION	1439143373.0	369918.0	WGS	GENOMIC	SINGLE	WGS of Brevundimonas sp. LF-1
SRR33399037	SRX28641574	SRS24911929	SRP582626	PRJNA1194585	Rothia mucilaginosa	SOSUI004	OXFORD_NANOPORE	MinION	890863631.0	259271.0	WGS	GENOMIC	SINGLE	WGS of Rothia mucilaginosa isolate SOSUI004
SRR35631579	SRX30687616	SRS26706895	SRP627955	PRJNA1333837	Klebsiella quasipneumoniae	ATCC 700603	OXFORD_NANOPORE	GridION	500007438.0	47535.0	WGS	GENOMIC	SINGLE	DNA-seq-klebiella 1
SRR32655889	SRX27959903	SRS24326284	SRP569671	PRJNA912210	Prochlorococcus sp. MIT 0916	MIT 0916	PACBIO_SMRT	PacBio RS II	927983306.0	118924.0	WGS	GENOMIC	SINGLE	PacBio Subread data of Prochlorococcus sp. MIT 0916
SRR27145212	SRX22826903	SRS19807646	SRP476599	PRJNA1050169	Citroniella saccharovorans	DSM 29873	OXFORD_NANOPORE	MinION	38804947.0	3837.0	WGS	GENOMIC	SINGLE	Nanopore MinION of C. saccharovorans
ERR13253053	ERX12623676	ERS20229438	ERP161024	PRJEB76496	Klebsiella pneumoniae	Zagreb037	OXFORD_NANOPORE	GridION	1157243332.0	1189375.0	WGS	GENOMIC	SINGLE	GridION sequencing
SRR14108819	SRX10479563	SRS8607998	SRP312756	PRJNA689092	Xanthomonas campestris pv. incanae	CFBP1371	PACBIO_SMRT	Sequel II	4212041638.0	526172.0	WGS	GENOMIC	SINGLE	Xc isolated from weeds and crops
SRR11207793	SRX7820808	SRS6232063	SRP251096	PRJNA609353	Lacticaseibacillus rhamnosus GG	ATCC 53103	PACBIO_SMRT	PacBio RS II	3212383478.0	457503.0	WGS	GENOMIC	SINGLE	Methylome of Lactobacillus rhamnosus: GG
SRR389266	SRX032451	SRS140100	SRP004712	PRJNA61297	Vibrio cholerae O1 biovar El Tor		PACBIO_SMRT	PacBio RS	107523627.0	60667.0	WGS	GENOMIC	SINGLE	Sequencing for H1 (Haiti, 2010)
ERR10497629	ERX10014918	ERS14254836	ERP142629	PRJEB57633	Escherichia coli		OXFORD_NANOPORE	GridION	113984079.0	19124.0	WGS	GENOMIC	SINGLE	Raw reads: ONT_30134_6#224
ERR10452911	ERX9976366	ERS6793967	ERP109413	PRJEB27342	Klebsiella pneumoniae		PACBIO_SMRT	Sequel II	366755782.0	52279.0	WGS	GENOMIC	SINGLE	Sequel II sequencing
DRR572419	DRX555886	DRS426371	DRP012251	PRJDB17574	Escherichia coli	YK-IS1MA-L01-4_G08	OXFORD_NANOPORE	MinION	153372223.0	11141.0	WGS	GENOMIC	SINGLE	nanopore-seq of SAMD00748188 L01-4_G8
SRR31583380	SRX26948874	SRS23420336	SRP548954	PRJNA1193326	Campylobacter jejuni		OXFORD_NANOPORE	MinION	63772331.0	21495.0	WGS	GENOMIC	SINGLE	Long-read Nanopore-based WGS characterization of antimicrobial resistant Campylobacter jejuni and Campylobacter coli isolates from humans, animals and food products in Northern Spain within a One Health approach
SRR5884800	SRX3050824	SRS2397405	SRP040661	PRJNA231221	Klebsiella pneumoniae	FDAARGOS_442	PACBIO_SMRT	PacBio RS	2624009716.0	163482.0	WGS	GENOMIC	SINGLE	
SRR25741629	SRX21464876	SRS18699945	SRP456656	PRJNA983748	Staphylococcus aureus	ST151	OXFORD_NANOPORE	GridION	962153174.0	189885.0	WGS	GENOMIC	SINGLE	WGS of S. aureus: Quarter Milk
SRR9214009	SRX5984821	SRS4890332	SRP051949	PRJNA271899	bacterium	UCI-CRE-223	OXFORD_NANOPORE	GridION	4037156.0	2855.0	WGS	GENOMIC	SINGLE	Sequencing of Carbapenem resistant bacteria
SRR2080417	SRX1075084	SRS973842	SRP059997	PRJNA285481	Campylobacter coli	BFR-CA-9557	PACBIO_SMRT	PacBio RS II	3313009227.0	163482.0	WGS	GENOMIC	SINGLE	Campylobacter coli BFR 9557 whole genome
SRR36095980	SRX31141474	SRS27128438	SRP291668	PRJNA675431	Klebsiella pneumoniae		OXFORD_NANOPORE	PromethION	653510234.0	175318.0	WGS	GENOMIC	SINGLE	WGS of Klebsiella pneumoniae
SRR32250951	SRX27588910	SRS20831691	SRP497546	PRJNA1091452	Klebsiella pneumoniae	KP13-PS	OXFORD_NANOPORE	MinION	807197513.0	121502.0	WGS	GENOMIC	SINGLE	native ONT data from Klebsiella pneumoniae
SRR19256710	SRX15317180	SRS12395682	SRP162786	PRJNA493675	Listeria monocytogenes	R19.2905	OXFORD_NANOPORE	MinION	311272973.0	103489.0	WGS	GENOMIC	SINGLE	WGS of Listeria monocytogenes
DRR018508	DRX016701	DRS016171	DRP002314	PRJDB1660	Caballeronia cordobensis		PACBIO_SMRT	PacBio RS	164656324.0	94258.0	WGS	GENOMIC	SINGLE	Burkholeria sp. RPE67 PacBio
SRR31480828	SRX26849495	SRS23333143	SRP547242	PRJNA1188493	Bacillus cereus	C95	OXFORD_NANOPORE	GridION	1975694151.0	651940.0	WGS	GENOMIC	SINGLE	WGS of Bacillus Cereus
SRR32364789	SRX27699357	SRS21131256	SRP444583	PRJNA962904	Escherichia coli		PACBIO_SMRT	Sequel II	161868777.0	5876.0	WGS	GENOMIC	SINGLE	PacBio sequencing of CS5112E1 for ARCH 1.0
SRR23347501	SRX19289532	SRS16690584	SRP421131	PRJNA931653	Escherichia coli K-12	K-12	OXFORD_NANOPORE	GridION	50992709.0	4000.0	WGS	GENOMIC	SINGLE	Nanopore sequencing of Ciprofloxacin challenged E. coli
SRR11048547	SRX7698569	SRS6123024	SRP247796	PRJNA347116	Pedococcus badiiscoriae	DSM 23987	PACBIO_SMRT	PacBio RS II	5052889104.0	1303218.0	WGS	GENOMIC	SINGLE	Phycicoccus badiiscoriae DSM 23987
SRR35737831	SRX30787084	SRS26801270	SRP630567	PRJNA1337272	Salmonella enterica subsp. enterica serovar Mbandaka	not applicable	OXFORD_NANOPORE	GridION	550864005.0	115833.0	WGS	GENOMIC	SINGLE	Nanopore whole genome sequencing of Salmonella enterica subspecies enterica isolate 1939584-1
ERR15516477	ERX14920323	ERS26654077	ERP165332	PRJEB81499	Escherichia coli		OXFORD_NANOPORE	GridION	500004599.0	107936.0	WGS	GENOMIC	SINGLE	GridION sequencing
SRR1714341	SRX810650	SRS791855	SRP051177	PRJNA270247	Francisella tularensis subsp. tularensis str. SCHU S4 substr. NR-28534	SCHU S4	PACBIO_SMRT	PacBio RS	1751954234.0	163482.0	WGS	GENOMIC	SINGLE	
SRR14860013	SRX11177772	SRS9235473	SRP324571	PRJNA734910	Streptococcus pneumoniae	PP14	PACBIO_SMRT	Sequel	388157987.0	52997.0	WGS	GENOMIC	SINGLE	WGS of Streptococcus pneumoniae
ERR10769129	ERX10220023	ERS2785349	ERP104475	PRJEB22771	Streptococcus pneumoniae		PACBIO_SMRT	Sequel II	2549469570.0	383906.0	WGS	GENOMIC	SINGLE	Sequel II sequencing
SRR21415714	SRX17420166	SRS13526038	SRP361569	PRJNA768416	Bacillus sp. FSL W8-0770	FSL W8-0770	OXFORD_NANOPORE	MinION	1162579715.0	257790.0	WGS	GENOMIC	SINGLE	WGS of Bacilli
SRR787435	SRX252645	SRS401387	SRP019218	PRJNA188139	Vibrio cholerae	2011EL-1300	PACBIO_SMRT	PacBio RS	68136055.0	81741.0	WGS	GENOMIC	SINGLE	2011EL-1300
SRR31976256	SRX27331421	SRS23506622	SRP074197	PRJNA288601	Klebsiella pneumoniae	2024HL-01362	OXFORD_NANOPORE	MinION	1020009307.0	131285.0	WGS	GENOMIC	SINGLE	Long read sequencing of carbapenemase producing organisms
SRR3723484	SRX1881045	SRS1527763	SRP077351	PRJNA237260	Lachnoclostridium phytofermentans KNHs212	KNHs212	PACBIO_SMRT	PacBio RS	184228740.0	63464.0	WGS	GENOMIC	SINGLE	Clostridium phytofermentans KNHs212
SRR13731459	SRX10119109	SRS8273774	SRP217415	PRJNA558442	Escherichia coli	5a_a	OXFORD_NANOPORE	GridION	324811636.0	58413.0	WGS	GENOMIC	SINGLE	Nanopore sequencing of Chromosome_a
ERR10163334	ERX9699919	ERS13423724	ERP140710	PRJEB55790	Apilactobacillus kunkeei	G0803	PACBIO_SMRT	Sequel	1002328088.0	180993.0	WGS	GENOMIC	SINGLE	Sequel sequencing; Raw reads: G0803
SRR27972428	SRX23626025	SRS20465457	SRP489819	PRJNA1076692	Staphylococcus aureus	RIVM_M096728_rerio	OXFORD_NANOPORE	MinION	190936235.0	78291.0	WGS	GENOMIC	SINGLE	RIVM_M096728_rerio
SRR12280346	SRX8784369	SRS7053105	SRP272861	PRJNA646575	Bacteroides fragilis		OXFORD_NANOPORE	GridION	620870815.0	62424.0	WGS	GENOMIC	SINGLE	WGS  of Bacteroides fragilis group clinical isolates
ERR10498384	ERX10015673	ERS14255349	ERP142629	PRJEB57633	Escherichia coli		OXFORD_NANOPORE	GridION	95576271.0	14743.0	WGS	GENOMIC	SINGLE	Raw reads: ONT_30345_1#236
SRR21696403	SRX17693862	SRS11554232	SRP354045	PRJNA747871	Nocardia sp. NBC_01327	NBC_01327	OXFORD_NANOPORE	MinION	1195076837.0	181563.0	WGS	GENOMIC	SINGLE	nanopore sequencing data from strain NBC_01327
SRR4164068	SRX2136284	ERS1460858	SRP086194	PRJNA303525	Micromonospora coriariae	DSM 44875	PACBIO_SMRT	PacBio RS	975577527.0	283282.0	WGS	GENOMIC	SINGLE	Micromonospora coriariae DSM 44875
SRR34973646	SRX30092679	SRS26157695	SRP608514	PRJNA1305037	Enterobacter kobei	MI_KPC_999	OXFORD_NANOPORE	PromethION	500000380.0	93529.0	WGS	GENOMIC	SINGLE	KPC CRE collection from state of Michigan
SRR32204128	SRX27545683	SRS23960614	SRP561120	PRJNA1214876	Ekhidna algicida	To15	OXFORD_NANOPORE	MinION	36710173.0	4000.0	WGS	GENOMIC	SINGLE	Ekhidna algicida strain To15 genome
ERR14651449	ERX14052601	ERS23643241	ERP153004	PRJEB67993	Mycobacterium tuberculosis		OXFORD_NANOPORE	MinION			WGS	GENOMIC	SINGLE	MinION sequencing
DRR457490	DRX441787	DRS419000	DRP012097	PRJDB15501	Staphylococcus aureus	43001-19-S003	OXFORD_NANOPORE	GridION	436138080.0	46192.0	WGS	GENOMIC	SINGLE	GridION sequencing of SAMD00591352
SRR7051034	SRX3982070	SRS3206894	SRP141550	PRJNA442821	Catellatospora citrea	DSM 44097	PACBIO_SMRT	PacBio RS II	516461697.0	144787.0	WGS	GENOMIC	SINGLE	Catellatospora citrea DSM 44097
SRR34986147	SRX30104823	SRS26168473	SRP608826	PRJNA1305362	Listeria monocytogenes	Lm_056	OXFORD_NANOPORE	MinION	1789990200.0	389533.0	WGS	GENOMIC	SINGLE	Oxford Nanopore sequences of an isolated L. monocytogenes strain from wastewater
SRR32557299	SRX27867301	SRS24240292	SRP567650	PRJNA1231080	Phenylobacterium conjunctum	FWC 21 / LMG24262	OXFORD_NANOPORE	MinION	652273708.0	58118.0	WGS	GENOMIC	SINGLE	WGS of Phenylobacterium conjunctum Nanopore
SRR30149349	SRX25617284	SRS21937355	SRP518730	PRJNA1133668	Enterobacter hormaechei	ST134EH1	OXFORD_NANOPORE	MinION	122852615.0	9292.0	WGS	GENOMIC	SINGLE	Nanopore sequencing of clinical CRE isolates: human
SRR15499552	SRX11799034	SRS9801775	SRP332850	PRJNA751845	Staphylococcus aureus	SQL1	PACBIO_SMRT	Sequel	8936801400.0	29789338.0	WGS	GENOMIC	SINGLE	Methicillin-resistant Staphylococcus aureus Genome sequencing and assembly
SRR22489994	SRX18455159	SRS7973297	SRP042645	PRJNA248792	Salmonella enterica subsp. enterica serovar Infantis	1059469	OXFORD_NANOPORE	MinION	521193206.0	81007.0	WGS	GENOMIC	SINGLE	Nanopore sequencing of Salmonella
SRR11038974	SRX7691230	SRS6117400	SRP247582	PRJNA604100	Escherichia coli	64	OXFORD_NANOPORE	MinION	829866790.0	113031.0	WGS	GENOMIC	SINGLE	Genome sequencing Escherichia coli 38 nanopore
DRR667168	DRX647270	DRS454584	DRP012833	PRJDB20538	Escherichia coli		OXFORD_NANOPORE	MinION	1436295944.0	201206.0	WGS	GENOMIC	SINGLE	MinION sequencing of SAMD00899031
SRR28416691	SRX24021053	SRS20815507	SRP497143	PRJNA1067993	Microaceticoccus formicicus	AMB_02	OXFORD_NANOPORE	MinION	29352.0	5.0	WGS	GENOMIC	SINGLE	Raw Nanopore sequences for barcode 04 AMB_Tp6
SRR11096306	SRX7735087	SRS6155214	SRP249719	PRJNA557486	Acinetobacter baumannii	19WIARLN021_full	OXFORD_NANOPORE	MinION	933712998.0	128500.0	WGS	GENOMIC	SINGLE	WGS sequencing of Acinetobacter baumannii
SRR29065901	SRX24590434	SRS21328703	SRP508332	PRJNA1112814	Pseudomonas aeruginosa PAO1	PAO1	OXFORD_NANOPORE	PromethION	296892388.0	116834.0	WGS	GENOMIC	SINGLE	EP_0min_DNA
SRR30149451	SRX25617182	SRS21937406	SRP518730	PRJNA1133668	Klebsiella pneumoniae	ST258KP28	OXFORD_NANOPORE	MinION	448611902.0	40000.0	WGS	GENOMIC	SINGLE	Nanopore sequencing of clinical CRE isolates: human
SRR28434611	SRX24038494	SRS20831682	SRP497546	PRJNA1091452	Enterococcus faecium	EF23-PS	OXFORD_NANOPORE	MinION	389073905.0	78843.0	WGS	GENOMIC	SINGLE	ONT performance study sequencing of E.faecium
SRR35761188	SRX30810478	SRS26822121	SRP630868	PRJNA1338801	Escherichia coli	EEC_F-25	OXFORD_NANOPORE	MinION	777648534.0	129718.0	WGS	GENOMIC	SINGLE	Whole genome sequencing of Escherichia coli from poultry faces
ERR12488154	ERX11864237	ERS17745160	ERP153004	PRJEB67993	Mycobacterium tuberculosis		OXFORD_NANOPORE	MinION	311864932.0	87965.0	WGS	GENOMIC	SINGLE	MinION sequencing
SRR26322162	SRX22030244	SRS3020882	SRP133964	PRJNA437002	Bacillus subtilis	PS-18	OXFORD_NANOPORE	MinION	1375948860.0	626817.0	WGS	GENOMIC	SINGLE	WGS B. subtilis PS-18
SRR11612427	SRX8178688	SRS6538381	SRP258590	PRJNA621371	Nonomuraea roseoviolacea	DSM 44170	PACBIO_SMRT	Sequel	840874371.0	291076.0	WGS	GENOMIC	SINGLE	Nonomuraea roseoviolacea DSM 44170
SRR9047032	SRX5823558	SRS4751681	SRP198200	PRJNA540762	Brevibacterium sp. CS2	CS2	OXFORD_NANOPORE	MinION	1978966752.0	265373.0	WGS	GENOMIC	SINGLE	Full genome sequencing of arsenite resistant Brevibacterium sp. CS2
SRR5882552	SRX3048892	SRS2395666	SRP114319	PRJNA363957	Streptomyces sp. TLI_171	TLI_171	PACBIO_SMRT	PacBio RS II	1181009307.0	225273.0	WGS	GENOMIC	SINGLE	Streptomyces sp. TLI_171
SRR6117388	SRX3230115	SRS2554632	SRP119110	PRJNA386696	Mycobacterium tuberculosis	microbial	OXFORD_NANOPORE	MinION	1430650130.0	379547.0	WGS	GENOMIC	SINGLE	Oxford nanopore sequencing of MTB
ERR1883071	ERX1943572	ERS1345978	ERP005928	PRJEB6403	Mycoplasmopsis pulmonis	NCTC10139	PACBIO_SMRT	PacBio RS	2218321265.0	163482.0	WGS	GENOMIC	SINGLE	PacBio RS sequencing
SRR31481148	SRX26849665	SRS23333285	SRP547245	PRJNA1189825	Brucella inopinata	5043	OXFORD_NANOPORE	PromethION	763.0	1.0	WGS	GENOMIC	SINGLE	complete genome sequence of Brucella inopinata 5043
SRR13171160	SRX9609528	SRS7812803	SRP295229	PRJNA674351	Rhodococcus sp. M8	M8	OXFORD_NANOPORE	MinION	918527761.0	133821.0	WGS	GENOMIC	SINGLE	M8 Genome sequencing
SRR13366498	SRX9790579	SRS7976449	SRP051949	PRJNA271899	Klebsiella aerogenes	BIDMC150	OXFORD_NANOPORE	GridION	1008045648.0	180264.0	WGS	GENOMIC	SINGLE	Sequencing of Carbapenem resistant bacteria
ERR8282780	ERX7850211	ERS3033919	ERP112565	PRJEB30134	Klebsiella pneumoniae	cpe049	OXFORD_NANOPORE	MinION	556558150.0	179514.0	WGS	GENOMIC	SINGLE	MinION sequencing
SRR24140430	SRX19938647	SRS17287356	SRP247747	PRJNA604975	Escherichia coli	ox_bsi_206	OXFORD_NANOPORE	GridION	150252229.0	16785.0	WGS	GENOMIC	SINGLE	oxford_bsi
SRR33774789	SRX28997220	SRS25215294	SRP588972	PRJNA1253714	Escherichia coli	G5	OXFORD_NANOPORE	PromethION	401677171.0	29049.0	WGS	GENOMIC	SINGLE	G5g Oxfrod Nanopore sequencing
ERR1716490	ERX1786724	ERS1285815	ERP016318	PRJEB14661	Vibrio cholerae	4295STDY6534216	PACBIO_SMRT	PacBio RS	1532977720.0	163482.0	WGS	GENOMIC	SINGLE	PacBio RS sequencing
SRR11065998	SRX7707145	SRS6130858	SRP248174	PRJNA546960	Pseudomonas putida	PC2	PACBIO_SMRT	Sequel	911745961.0	189664.0	WGS	GENOMIC	SINGLE	Pseudomonas putida PC2
ERR2532450	ERX2550871	ERS2419178	ERP005928	PRJEB6403	Capnocytophaga sp. oral taxon 412	NCTC11547	PACBIO_SMRT	PacBio RS	520049998.0	163482.0	WGS	GENOMIC	SINGLE	PacBio RS sequencing
SRR14753673	SRX11087169	SRS9152682	SRP323129	PRJNA735522	Bacillus velezensis	GMEKP1	OXFORD_NANOPORE	GridION	30150894.0	4000.0	WGS	GENOMIC	SINGLE	SRA Bacillus velezensis GMEKP1
SRR10032567	SRX6767880	SRS5315787	SRP219538	PRJNA559199	Bacillus amyloliquefaciens	H	OXFORD_NANOPORE	MinION	792809181.0	419451.0	WGS	GENOMIC	SINGLE	DNA-seq of Bacillus amyloliquefaciens H: Native DNA from isolated culture
SRR33895215	SRX29106638	SRS25312978	SRP590843	PRJNA1272507	Salmonella enterica	SAL-199	OXFORD_NANOPORE	GridION	983264759.0	208297.0	WGS	GENOMIC	SINGLE	ONT-WGS of Salmonella enterica
SRR10443616	SRX7138362	SRS5647032	SRP229383	PRJNA587443	Wolbachia endosymbiont of Drosophila melanogaster		OXFORD_NANOPORE	MinION	1029703810.0	104156.0	WGS	GENOMIC	SINGLE	Genomic sequencing of wMelPop2 Wolbachia: whole flies MiniON
SRR2979477	SRX1467117	SRS1193208	SRP067033	PRJNA305279	Neisseria meningitidis	38277	PACBIO_SMRT	PacBio RS II	357774117.0	163482.0	WGS	GENOMIC	SINGLE	PacBio sequencing of an isolate of N. meningitidis
SRR24062761	SRX19864114	SRS17220137	SRP430807	PRJNA952137	Staphylococcus aureus	MRSA-COL	OXFORD_NANOPORE	MinION	679402665.0	82383.0	WGS	GENOMIC	SINGLE	Long read Illumina sequencing of Staphylococcus aureus MRSA-COL
SRR18114342	SRX14264871	SRS12083822	SRP040281	PRJNA230403	Salmonella enterica	PNUSAS154696	OXFORD_NANOPORE	MinION	1027387761.0	190301.0	WGS	GENOMIC	SINGLE	Whole genome Oxford Nanopore MinION sequence of Salmonella enterica
SRR36095891	SRX31141421	SRS21867771	SRP291668	PRJNA675431	Klebsiella pneumoniae		OXFORD_NANOPORE	PromethION	873529436.0	174332.0	WGS	GENOMIC	SINGLE	WGS of Klebsiella pneumoniae
ERR841676	ERX921744	ERS605485	ERP005928	PRJEB6403	Vibrio cincinnatiensis	NCTC12012	PACBIO_SMRT	PacBio RS	1219834933.0	163482.0	WGS	GENOMIC	SINGLE	PacBio RS sequencing
ERR15094730	ERX14499332	ERS24813583	ERP119900	PRJEB36683	Klebsiella pneumoniae 11227-1		OXFORD_NANOPORE	PromethION	352043340.0	147143.0	WGS	GENOMIC	SINGLE	Raw reads: HKPB056_L
SRR21607593	SRX17608725	SRS15144895	SRP397687	PRJNA812594	Acinetobacter baumannii	1326525-3	OXFORD_NANOPORE	GridION	371623218.0	55678.0	WGS	GENOMIC	SINGLE	Nanopore sequencing of CRAB
SRR12971190	SRX9423572	SRS7638421	SRP290944	PRJNA674061	Salmonella enterica subsp. enterica serovar Heidelberg	missing	OXFORD_NANOPORE	MinION	377503101.0	61897.0	WGS	GENOMIC	SINGLE	Transconjugant Salmonella enterica serovar Heidelberg (DPI:21) (Group:Str-Amp) (ID:PG20180127)
SRR31690045	SRX27051846	SRS23446334	SRP385391	PRJNA856406	Enterococcus faecium	AUSMDU00041684	OXFORD_NANOPORE	GridION	509144158.0	363103.0	WGS	GENOMIC	SINGLE	Whole genome sequencing of Enterococcus sp from Victoria, Australia Raw ONT sequence reads
SRR35213200	SRX30317158	SRS26364093	SRP615992	PRJNA1301220	Acinetobacter baumannii	ABO23-A202	OXFORD_NANOPORE	MinION	160598938.0	44597.0	WGS	GENOMIC	SINGLE	Whole geneme sequencing of Acinetobacter baumannii: isolates of the Ab-One study
SRR9900611	SRX6652471	SRS1011230	SRP051949	PRJNA271899	Escherichia coli	BIDMC98	OXFORD_NANOPORE	GridION	978909888.0	533904.0	WGS	GENOMIC	SINGLE	Sequencing of Carbapenem resistant bacteria
SRR30900534	SRX26304015	SRS22832649	SRP536962	PRJNA1169800	Salmonella enterica subsp. enterica serovar Bareilly	UTK W1-0003	OXFORD_NANOPORE	MinION	69610568.0	8000.0	WGS	GENOMIC	SINGLE	Nanopore whole-genome sequencing of Salmonella isolate UTK-W1-0003
ERR581058	ERX539145	ERS329053	ERP003616	PRJEB4340	Streptococcus sp. 'group A'		PACBIO_SMRT	PacBio RS	605381232.0	163482.0	WGS	GENOMIC	SINGLE	PacBio RS sequencing
SRR12247652	SRX8755515	SRS6976383	SRP266402	PRJNA605147	Escherichia coli	RHB44-SE-C07	OXFORD_NANOPORE	GridION	729850483.0	129425.0	WGS	GENOMIC	SINGLE	Oxford Nanopore sequencing of Escherichia coli isolate RH18|T1-SEC07 cultured from poultry farm sediment sample
SRR28445713	SRX24049188	SRS20840578	SRP497734	PRJNA1077798	Alteromonas gracilis	J4	OXFORD_NANOPORE	MinION	2817603.0	1000.0	WGS	GENOMIC	SINGLE	Alteromonas gracilis strain J4, whole genome Nanopore Sequencing
SRR8739627	SRX5532451	SRS4498674	SRP051949	PRJNA271899	Klebsiella pneumoniae	OC-CRE-9124	OXFORD_NANOPORE	GridION	889455000.0	109289.0	WGS	GENOMIC	SINGLE	Sequencing of Carbapenem resistant bacteria
SRR35785766	SRX30835073	SRS26843718	SRP632095	PRJNA1345082	Escherichia coli	30-2013-C25	OXFORD_NANOPORE	PromethION	53359108.0	16041.0	WGS	GENOMIC	SINGLE	WGS of persistently-infected Escherichia coli strain restreaks
SRR31024317	SRX26411246	SRS22931203	SRP539092	PRJNA1174068	Vibrio cholerae	mHDM VC89	OXFORD_NANOPORE	PromethION	142788579.0	79225.0	WGS	GENOMIC	SINGLE	WGS of Vcholerae isolates
SRR11567702	SRX8136633	SRS6499930	SRP255655	PRJNA622823	Lactococcus cremoris	F	PACBIO_SMRT	PacBio RS II	453719089.0	163482.0	WGS	GENOMIC	SINGLE	SMRTScrFBP6_50
SRR386653	SRX109840	SRS004883	SRP001079	PRJNA40077	Cereibacter sphaeroides 2.4.1	2.4.1	PACBIO_SMRT	PacBio RS	115587877.0	81741.0	WGS	GENOMIC	SINGLE	Whole Genome Sequencing and Assembly
ERR5353150	ERX5141185	ERS5752883	ERP126298	PRJEB42440	Escherichia coli		OXFORD_NANOPORE	MinION	447259411.0	58694.0	WGS	GENOMIC	SINGLE	MinION sequencing
SRR31599570	SRX26964112	SRS23433825	SRP549287	PRJNA1185485	Escherichia coli	395	OXFORD_NANOPORE	PromethION	746094121.0	150957.0	WGS	GENOMIC	SINGLE	pig-inf-barcode30
SRR29081106	SRX24605288	SRS21342959	SRP508604	PRJNA1113402	Mycobacterium tuberculosis	H-20-0036	OXFORD_NANOPORE	MinION	240002351.0	375930.0	WGS	GENOMIC	SINGLE	WGS of clinical Mycobacterium tuberculosis isolates from the Philippines
SRR12280442	SRX8784274	SRS7053003	SRP272861	PRJNA646575	Bacteroides fragilis		OXFORD_NANOPORE	GridION	1298884248.0	180656.0	WGS	GENOMIC	SINGLE	WGS  of Bacteroides fragilis group clinical isolates
ERR581080	ERX539167	ERS437405	ERP005355	PRJEB5919	Salmonella enterica subsp. enterica serovar Typhi		PACBIO_SMRT	PacBio RS	1090683189.0	163482.0	WGS	GENOMIC	SINGLE	PacBio RS sequencing
SRR33053926	SRX28318992	SRS24657743	SRP577606	PRJNA1248674	Escherichia coli	ESBLEC379	OXFORD_NANOPORE	GridION	1162670158.0	291399.0	WGS	GENOMIC	SINGLE	WGS of Escherichia coli
SRR21696285	SRX17693980	SRS11554561	SRP354045	PRJNA747871	Nocardia sp. NBC_01388	NBC_01388	OXFORD_NANOPORE	MinION	428515961.0	54644.0	WGS	GENOMIC	SINGLE	nanopore sequencing data from strain NBC_01388
SRR24651223	SRX20431308	SRS17736851	SRP438478	PRJNA885826	Phocaeicola coprocola	DSM 17136	OXFORD_NANOPORE	MinION	1877897527.0	481672.0	WGS	GENOMIC	SINGLE	PCR free Oxford Nanopore sequencing of genomic DNA from Bacteroides-coprocola-DSM-17136
SRR9004673	SRX5783240	SRS4716020	SRP194614	PRJNA538208	Yimella lutea	DSM 19828	PACBIO_SMRT	Sequel	1585347153.0	550737.0	WGS	GENOMIC	SINGLE	Yimella lutea DSM 19828
SRR35178734	SRX30283614	SRS26332672	SRP614097	PRJNA1293422	Proteus mirabilis	CH03	OXFORD_NANOPORE	PromethION	1581399021.0	221350.0	WGS	GENOMIC	SINGLE	Whole-genome sequencing of Proteus mirabilis
SRR13680600	SRX10070108	SRS8231701	SRP303037	PRJNA694442	Salmonella enterica		OXFORD_NANOPORE	GridION	4293153771.0	585553.0	WGS	GENOMIC	SINGLE	Multiplex WGS of Salmonella enterica
DRR193891	DRX184346	DRS119536	DRP004119	PRJDB6565	Escherichia coli	E033	OXFORD_NANOPORE	GridION	1394028236.0	184167.0	WGS	GENOMIC	SINGLE	E033
SRR32972733	SRX28245823	SRS24593489	SRP576427	PRJNA1190511	Yersinia pestis	F020032	PACBIO_SMRT	Sequel	3644540397.0	352861.0	WGS	GENOMIC	SINGLE	WGS of Yersinia pestis: cultured strain F020032
ERR768059	ERX711332	ERS557931	ERP000733	PRJEB2581	Escherichia coli		PACBIO_SMRT	PacBio RS	459452268.0	163482.0	WGS	GENOMIC	SINGLE	PacBio RS sequencing
ERR10498189	ERX10015478	ERS14254685	ERP142629	PRJEB57633	Escherichia coli		OXFORD_NANOPORE	GridION	220869179.0	24337.0	WGS	GENOMIC	SINGLE	Raw reads: ONT_30602_6#213
SRR17698253	SRX13861314	SRS11735435	SRP356218	PRJNA799443	Duffyella gerundensis		OXFORD_NANOPORE	MinION	227113618.0	58799.0	WGS	GENOMIC	SINGLE	nanopore whole genome sequencing of citrus endophyte
SRR8707643	SRX5503063	SRS270903	SRP009352	PRJNA48461	Salmonella enterica subsp. enterica serovar Montevideo str. 42N	42N	OXFORD_NANOPORE	GridION	423079228.0	32750.0	WGS	GENOMIC	SINGLE	Salmonella in foods
SRR31676613	SRX27039037	SRS23502232	SRP550721	PRJNA1195730	Escherichia coli DSM 30083 = JCM 1649 = ATCC 11775	DSM 30083	OXFORD_NANOPORE	MinION	205271080.0	136734.0	WGS	GENOMIC	SINGLE	Genomic DNA for E. coli
SRR14173251	SRX10541302	SRS8658500	SRP313909	PRJNA718988	Phenylobacterium montanum	S6	OXFORD_NANOPORE	PromethION	1000045429.0	25093.0	WGS	GENOMIC	SINGLE	genome sequencing for Caulobacter sp. S6
SRR35217126	SRX30320939	SRS26367394	SRP616241	PRJNA834286	Bradyrhizobium japonicum	USDA 114	PACBIO_SMRT	Sequel II	741156922.0	77051.0	WGS	GENOMIC	SINGLE	Bradyrhizobium japonicum USDA 114
ERR13999907	ERX13401060	ERS22463002	ERP163944	PRJEB79854	Rhodanobacter sp. Root179	R179	PACBIO_SMRT	Revio	11458066632.0	1375496.0	WGS	GENOMIC	SINGLE	Raw reads: R179_dssA_PacBio
ERR1911785	ERX1972265	ERS1420641	ERP005928	PRJEB6403	Leuconostoc mesenteroides	NCTC12954	PACBIO_SMRT	PacBio RS	3939722023.0	163482.0	WGS	GENOMIC	SINGLE	PacBio RS sequencing
SRR14576007	SRX10919087	SRS9008836	SRP320318	PRJNA730534	Escherichia coli BL21(DE3)	BL21(DE3)	PACBIO_SMRT	Sequel II	495075325.0	43891.0	WGS	GENOMIC	SINGLE	ShCAST sg252 BW25113 Rep 1
SRR15989078	SRX12277789	SRS9999166	SRP357537	PRJNA801416	Enterobacter cloacae	-	OXFORD_NANOPORE	GridION	168681474.0	18979.0	WGS	GENOMIC	SINGLE	Whole Genome Sequencing of Carbapenemase-producing Enterobacterales (CPE)
SRR23690860	SRX19553237	SRS16937989	SRP425383	PRJNA934404	Winkia neuii	VSI01	OXFORD_NANOPORE	MinION	462865844.0	70081.0	WGS	GENOMIC	SINGLE	VSI01
DRR493276	DRX477475	DRS205856	DRP007742	PRJDB10568	Serratia marcescens	QC19	OXFORD_NANOPORE	MinION	726014643.0	61894.0	WGS	GENOMIC	SINGLE	MinION sequencing of SAMD00247392
SRR17649137	SRX13817394	SRS3556808	SRP072679	PRJNA316969	Escherichia coli	UMB1223	OXFORD_NANOPORE	GridION	191639709.0	52466.0	WGS	GENOMIC	SINGLE	WGS of E. coli UMB1223
SRR12158098	SRX8673639	SRS6953160	SRP270336	PRJNA764920	Pantoea ananatis	OC5a	PACBIO_SMRT	PacBio RS II	1464867561.0	177195.0	WGS	GENOMIC	SINGLE	PacBio sequencing of Pantoea ananatis OC5a
ERR13577266	ERX12947169	ERS20900482	ERP161852	PRJEB77420	Klebsiella pneumoniae		OXFORD_NANOPORE	MinION	328915550.0	55906.0	WGS	GENOMIC	SINGLE	Raw reads: Long reads sequencing of P05-36423 isolate
ERR12488080	ERX11864163	ERS17744629	ERP153002	PRJEB67987	Mycobacterium tuberculosis		OXFORD_NANOPORE	MinION	303853557.0	52532.0	WGS	GENOMIC	SINGLE	MinION sequencing
SRR7989235	SRX4820424	SRS3894895	SRP164759	PRJNA406856	Borrelia miyamotoi	Izh-4	OXFORD_NANOPORE	MinION	847757062.0	121099.0	WGS	GENOMIC	SINGLE	WGS Borrelia:isolate
SRR34662571	SRX29800539	SRS25905699	SRP602763	PRJNA1294972	Staphylococcus hyicus	SC390	OXFORD_NANOPORE	PromethION	403702840.0	106834.0	WGS	GENOMIC	SINGLE	SC390
SRR12298383	SRX8801684	SRS6792575	SRP266402	PRJNA605147	Escherichia coli	RHBSTW-00176	PACBIO_SMRT	PacBio RS II	1359004398.0	176521.0	WGS	GENOMIC	SINGLE	PACBIO_SMRT sequencing of Escherichia coli isolate WTP1|T1-00176 cultured from WTP upstream sample
ERR12739000	ERX12112925	ERS18421859	ERP154232	PRJEB69284	Shewanella putrefaciens		OXFORD_NANOPORE	PromethION	420242304.0	210384.0	WGS	GENOMIC	SINGLE	PromethION sequencing
SRR31540862	SRX26908062	SRS23387522	SRP548173	PRJNA1190675	Escherichia coli	The same strain as the one under SRA accession SRR6052124	OXFORD_NANOPORE	MinION	763113335.0	94067.0	WGS	GENOMIC	SINGLE	ONT of TAS247
SRR24005614	SRX19809018	SRS17148899	SRP429554	PRJNA949223	Escherichia coli	BW25113	OXFORD_NANOPORE	MinION	592475373.0	50861.0	WGS	GENOMIC	SINGLE	NativeWGS_E.coli_dcmKO:mock-adapted
SRR21563389	SRX17565785	SRS14987437	SRP354045	PRJNA747871	Streptomyces brevispora	NBC 01769	OXFORD_NANOPORE	MinION	817597296.0	59418.0	WGS	GENOMIC	SINGLE	nanopore sequencing data from strain NBC_01769
ERR1599940	ERX1670507	ERS1201843	ERP005928	PRJEB6403	Clostridium perfringens	NCTC3182	PACBIO_SMRT	PacBio RS	2386100282.0	163482.0	WGS	GENOMIC	SINGLE	PacBio RS sequencing
SRR15989031	SRX12277836	SRS9999349	SRP357534	PRJNA801415	Citrobacter freundii	22	OXFORD_NANOPORE	GridION	1319038885.0	163704.0	WGS	GENOMIC	SINGLE	Whole Genome Sequencing of Carbapenemase-producing Enterobacterales (CPE)
SRR5902579	SRX3064120	SRS1832446	SRP094480	PRJNA279196	Bordetella pertussis	J039	PACBIO_SMRT	PacBio RS II	923405147.0	163482.0	WGS	GENOMIC	SINGLE	
SRR16167635	SRX12452500	SRS10418579	SRP339765	PRJNA669220	Vibrio sp. ED002	ED002	OXFORD_NANOPORE	MinION	181778772.0	57052.0	WGS	GENOMIC	SINGLE	Vibrio genome ED-2 Nanopre Minion sequenced sample
SRR15827953	SRX12119844	SRS10099924	SRP336307	PRJNA761884	Escherichia coli	X_61	PACBIO_SMRT	PacBio RS II	929612414.0	115865.0	WGS	GENOMIC	SINGLE	WGS of Escherichia coli: sample C605
ERR15880235	ERX15277188	ERS26933706	ERP180772	PRJEB98371	Listeria monocytogenes		OXFORD_NANOPORE	MinION	28108453.0	2173.0	WGS	GENOMIC	SINGLE	Raw reads: sample_077_nanopore_11
SRR36141203	SRX31182292	SRS27166115	SRP644510	PRJNA1363965	Neisseria gonorrhoeae	4221	OXFORD_NANOPORE	MinION	1768298218.0	296493.0	WGS	GENOMIC	SINGLE	WGS of NG: adult male
SRR18969073	SRX15045215	SRS12791340	SRP372760	PRJNA793395	Phaeobacter sp. BS23	BS23	OXFORD_NANOPORE	GridION	6264923221.0	513722.0	WGS	GENOMIC	SINGLE	Oxford nanopore whole genome sequence for Phaeobacter piscinae strain BS23: commensal strain to red seaweed host Delisea pulchra
SRR12390425	SRX8888947	SRS7148475	SRP275889	PRJNA632180	Brevundimonas sp. B9D7B	B9D7B	PACBIO_SMRT	PacBio RS II	4116900334.0	597585.0	WGS	GENOMIC	SINGLE	Brevundimonas sp. B9D7B
SRR24087976	SRX19888642	SRS17242684	SRP431209	PRJNA952813	Brucella abortus	Y11_MNG	OXFORD_NANOPORE	MinION	7365104.0	3785.0	WGS	GENOMIC	SINGLE	WGS of Brucella abortus: uterus swab of aborted yak
SRR386260	SRX109867	SRS002782	SRP001679	PRJNA32483	Fusobacterium animalis 7_1	7_1	PACBIO_SMRT	PacBio RS	46121733.0	81741.0	WGS	GENOMIC	SINGLE	Whole Genome Sequencing and Assembly
SRR30149599	SRX25617468	SRS21937715	SRP518730	PRJNA1133668	Klebsiella pneumoniae	ST340KP2	OXFORD_NANOPORE	MinION	63347060.0	6590.0	WGS	GENOMIC	SINGLE	Nanopore sequencing of clinical CRE isolates: human
ERR13600459	ERX12971482	ERS6631328	ERP109316	PRJEB27256	Klebsiella pneumoniae		OXFORD_NANOPORE	GridION	549933848.0	49932.0	WGS	GENOMIC	SINGLE	GridION sequencing
SRR10541206	SRX7224603	SRS5725449	SRP233400	PRJNA591929	Bacillus cereus	JHU	OXFORD_NANOPORE	GridION	11090858581.0	6117476.0	WGS	GENOMIC	SINGLE	ONT
SRR19858358	SRX15901902	SRS13590451	SRP383692	PRJNA853172	Escherichia coli		OXFORD_NANOPORE	MinION	587684248.0	64021.0	WGS	GENOMIC	SINGLE	Long read sequencing of MDR E. coli from Laos
SRR35329211	SRX30430166	SRS26464548	SRP618831	PRJNA1321367	Escherichia coli	500111	OXFORD_NANOPORE	MinION	706616857.0	741913.0	WGS	GENOMIC	SINGLE	Sequencing of Escherichia coli isolate 500111
SRR34443673	SRX29604244	SRS25725654	SRP599596	PRJNA1289084	Escherichia coli	10-19	OXFORD_NANOPORE	GridION	1890544242.0	379439.0	WGS	GENOMIC	SINGLE	Ecoli_10-19
SRR1955826	SRX981329	SRS896141	SRP040661	PRJNA231221	Staphylococcus aureus	FDAARGOS_28	PACBIO_SMRT	PacBio RS	519824109.0	163482.0	WGS	GENOMIC	SINGLE	
SRR26493848	SRX22197691	SRS4320845	SRP468095	PRJNA841788	Salmonella enterica subsp. enterica serovar Kentucky	SSSE-03	OXFORD_NANOPORE	MinION	1147517555.0	117628.0	WGS	GENOMIC	SINGLE	Long read of Salmonella enterica serovar Kentucky
ERR15941328	ERX15336873	ERS27416644	ERP185476	PRJEB104171	Escherichia coli		OXFORD_NANOPORE	MinION	271928467.0	77391.0	WGS	GENOMIC	SINGLE	MinION sequencing
SRR32972758	SRX28245798	SRS24593463	SRP576427	PRJNA1190511	Yersinia pestis	83007	PACBIO_SMRT	Sequel	655986168.0	51214.0	WGS	GENOMIC	SINGLE	WGS of Yersinia pestis: cultured strain 83007
SRR21563351	SRX17565823	SRS14987417	SRP354045	PRJNA747871	Streptomyces sp. NBC_01751	NBC_01751	OXFORD_NANOPORE	MinION	524333302.0	73211.0	WGS	GENOMIC	SINGLE	nanopore sequencing data from strain NBC_01751
ERR14651444	ERX14052596	ERS23643236	ERP153004	PRJEB67993	Mycobacterium tuberculosis		OXFORD_NANOPORE	MinION			WGS	GENOMIC	SINGLE	MinION sequencing
SRR3221673	SRX1628505	SRS1336147	SRP071644	PRJNA304612	Rummeliibacillus stabekisii	PP9	PACBIO_SMRT	PacBio RS II	2568551378.0	163482.0	WGS	GENOMIC	SINGLE	Rummeliibacillus stabekisii PP9 genome sequencing SMRT cells 1 and 2
SRR12172866	SRX8687637	SRS6966305	SRP270913	PRJNA644866	Bacillus anthracis	Sterne	OXFORD_NANOPORE	MinION	568931765.0	170338.0	WGS	GENOMIC	SINGLE	Analysis of Hybrid and Non-Hybrid assemblies: Bacillus anthracis Strains from iSeq and MinION Data
SRR27972857	SRX23626308	SRS20465580	SRP489819	PRJNA1076692	Pseudomonas aeruginosa	RIVM_C055358_rerio	OXFORD_NANOPORE	MinION	501233022.0	134385.0	WGS	GENOMIC	SINGLE	RIVM_C055358_rerio
ERR13600674	ERX12971697	ERS15600193	ERP132614	PRJEB48268	Klebsiella pneumoniae		OXFORD_NANOPORE	GridION	338914867.0	26858.0	WGS	GENOMIC	SINGLE	GridION sequencing
SRR21733707	SRX17729473	SRS15258893	SRP399949	PRJNA881767	Achromobacter marplatensis		OXFORD_NANOPORE	PromethION	1756807550.0	223655.0	WGS	GENOMIC	SINGLE	YKS2
SRR14628357	SRX10968816	SRS9046475	SRP321015	PRJNA731114	Pseudomonas aeruginosa	PaLo560	OXFORD_NANOPORE	MinION	327209928.0	69337.0	WGS	GENOMIC	SINGLE	Nanopore sequencing of Pseudomonas aeruginosa isolates
SRR30342995	SRX25801154	SRS22432630	SRP528120	PRJNA1150149	Enterococcus faecium	ST117	OXFORD_NANOPORE	MinION	434064194.0	94144.0	WGS	GENOMIC	SINGLE	ONT long-read sequencing of potential healthcare transmission pathogens
ERR9030419	ERX8573829	ERS10792255	ERP133548	PRJEB49093	Mycobacterium tuberculosis	Lineage 4.1.2.1	OXFORD_NANOPORE	MinION	488155173.0	79729.0	WGS	GENOMIC	SINGLE	MinION sequencing; Raw reads: mada_129-nanopore
SRR27946199	SRX23602958	SRS20445575	SRP364418	PRJNA743662	Bacillus paralicheniformis	HAS-1	OXFORD_NANOPORE	MinION	250614855.0	82233.0	WGS	GENOMIC	SINGLE	Nanopore-seq of B. paralicheniformis strain HAS-1
SRR353486	SRX101297	SRS259611	SRP000285	PRJNA68153	Escherichia coli O104:H4 str. C227-11	C227-11	PACBIO_SMRT	PacBio RS	88974088.0	81741.0	WGS	GENOMIC	SINGLE	Genome Sequencing and Assembly of E. coli O104:H4 strains
SRR8305842	SRX5120344	SRS2398633	SRP018785	PRJNA186035	Salmonella enterica subsp. enterica serovar 1,3,19:l,v:1,2	CFSAN060808	PACBIO_SMRT	Sequel	1097289972.0	166802.0	WGS	GENOMIC	SINGLE	Whole genome PacBio Sequel sequence of Salmonella enterica subsp. enterica
SRR14757253	SRX11090748	SRS9156120	SRP323170	PRJNA732579	Staphylococcus aureus	280	PACBIO_SMRT	Sequel	689926927.0	125745.0	WGS	GENOMIC	SINGLE	WGS of Staphylococcus aureus: human skin
SRR27991888	SRX23644626	SRS20455882	SRP489545	PRJNA1076228	Streptococcus pyogenes	MGAS37641	OXFORD_NANOPORE	GridION	500002641.0	53160.0	WGS	GENOMIC	SINGLE	Oxford Nanopore Technology WGS of GAS M1 clinical isolates
SRR36316117	SRX31347765	SRS27319545	SRP651533	PRJNA1374223	Klebsiella pneumoniae	AR-1054	OXFORD_NANOPORE	GridION	1322544878.0	140477.0	WGS	GENOMIC	SINGLE	WGS of Klebsiella pneumoniae: CDC AR Isolate Collection strain AR-1054
ERR14721808	ERX14123233	ERS23791503	ERP170136	PRJEB86838	pig metagenome		OXFORD_NANOPORE	PromethION	10575312676.0	3544931.0	WGS	GENOMIC	SINGLE	Raw reads: DTU_2024_1037152_111_MG_P2_P2_eight_rep3
SRR27972963	SRX23626202	SRS20465536	SRP489819	PRJNA1076692	Staphylococcus aureus	RIVM_M097149_rerio	OXFORD_NANOPORE	MinION	156602563.0	61174.0	WGS	GENOMIC	SINGLE	RIVM_M097149_rerio
ERR1456753	ERX1527231	ERS1106934	ERP005928	PRJEB6403	Aggregatibacter aphrophilus ATCC 33389	NCTC 5906	PACBIO_SMRT	PacBio RS	401623435.0	163482.0	WGS	GENOMIC	SINGLE	PacBio RS sequencing
SRR11215568	SRX7827946	SRS6226392	SRP250949	PRJNA522746	Salmonella enterica subsp. enterica serovar 4,[5],12:i:-	PNCS014863	OXFORD_NANOPORE	MinION	348352645.0	28928.0	WGS	GENOMIC	SINGLE	Salmonella  4,[5],12:i:-
SRR35213178	SRX30317180	SRS26364115	SRP615992	PRJNA1301220	Acinetobacter baumannii	ABO21-E071	OXFORD_NANOPORE	MinION	441483767.0	54915.0	WGS	GENOMIC	SINGLE	Whole geneme sequencing of Acinetobacter baumannii: isolates of the Ab-One study
SRR18291903	SRX14429599	SRS9294450	SRP325975	PRJNA741123	Pseudomonas aeruginosa	1894	OXFORD_NANOPORE	MinION	630005710.0	29091.0	WGS	GENOMIC	SINGLE	Hospital Microbiome Isolates ONT
SRR12047137	SRX8575721	SRS6867667	SRP040661	PRJNA231221	Escherichia coli	FDAARGOS_941	PACBIO_SMRT	PacBio RS	878742263.0	163482.0	WGS	GENOMIC	SINGLE	
ERR10497948	ERX10015237	ERS14254444	ERP142629	PRJEB57633	Escherichia coli		OXFORD_NANOPORE	GridION	127386218.0	15933.0	WGS	GENOMIC	SINGLE	Raw reads: ONT_30345_1#51
SRR4236949	SRX2158185	SRS1687605	SRP089404	PRJNA329680	Pseudomonas syringae	31R1	PACBIO_SMRT	PacBio RS	7934121.0	3403.0	WGS	GENOMIC	SINGLE	Pseudomonas syringae 31R1
SRR21607590	SRX17608728	SRS15144898	SRP397687	PRJNA812594	Acinetobacter baumannii	1326952-2	OXFORD_NANOPORE	GridION	414586507.0	69630.0	WGS	GENOMIC	SINGLE	Nanopore sequencing of CRAB
SRR18681747	SRX14782750	SRS12539487	SRP368114	PRJNA824420	Escherichia coli	GD02986_ECOL_HY_104	OXFORD_NANOPORE	MinION	517770594.0	63227.0	WGS	GENOMIC	SINGLE	Long-read sequencing of Escherichia coli: isolate #104 urine
SRR4131409	SRX2114719	SRS1667287	SRP084650	PRJNA248521	Allomuricauda sp. MAR_2010_75	MAR_2010_75	PACBIO_SMRT	PacBio RS	370835313.0	102518.0	WGS	GENOMIC	SINGLE	Muricauda sp. MAR_2010_75
SRR15597957	SRX11895607	SRS9907017	SRP333904	PRJNA748736	Curtobacterium sp. TC1	TC1	OXFORD_NANOPORE	MinION	536975707.0	20000.0	WGS	GENOMIC	SINGLE	Nanopore Genome of Curtobacterium TC1
SRR16004257	SRX12291935	SRS10012193	SRP335458	PRJNA759103	Pseudobacillus badius	NBPM-293	OXFORD_NANOPORE	GridION	1000023354.0	30025.0	WGS	GENOMIC	SINGLE	Bacillus badius strain:NBPM-293 Genome sequencing
SRR25466927	SRX21199997	SRS18458352	SRP452337	PRJNA1000618	Escherichia coli	Escherichia coli BL21(DE3)	OXFORD_NANOPORE	MinION	6359520.0	4000.0	WGS	GENOMIC	SINGLE	CASTVK transposition with different condition
SRR5181929	SRX2498038	SRS1924891	SRP096895	PRJNA353873	Mycobacterium tuberculosis		PACBIO_SMRT	PacBio RS	124233671.0	163482.0	WGS	GENOMIC	SINGLE	DNA of Mtb
SRR33768838	SRX28991240	SRS22397229	SRP444583	PRJNA962904	Escherichia coli		PACBIO_SMRT	Sequel II	197086975.0	9406.0	WGS	GENOMIC	SINGLE	PacBio sequencing of AH0102HE1 for ARCH 2
ERR2531736	ERX2550165	ERS1932693	ERP005928	PRJEB6403	Helicobacter pylori NCTC 11638		PACBIO_SMRT	PacBio RS	85420484.0	163482.0	WGS	GENOMIC	SINGLE	PacBio RS sequencing
SRR31599302	SRX26964381	SRS23434095	SRP549287	PRJNA1185485	Escherichia coli	278	OXFORD_NANOPORE	PromethION	550640781.0	394636.0	WGS	GENOMIC	SINGLE	manhole-barcode23
SRR28434506	SRX24038339	SRS20831655	SRP497546	PRJNA1091452	Listeria monocytogenes	L-20	OXFORD_NANOPORE	MinION	312531389.0	130000.0	WGS	GENOMIC	SINGLE	ONT performance study sequencing of L. monocytogenes
ERR3385640	ERX3409524	ERS3527553	ERP115886	PRJEB33118	Dyadobacter sp. 32		PACBIO_SMRT	PacBio RS	414218672.0	48271.0	WGS	GENOMIC	SINGLE	PacBio RS sequencing
ERR10498977	ERX10016266	ERS14255560	ERP142629	PRJEB57633	Escherichia coli		OXFORD_NANOPORE	GridION	113287368.0	12995.0	WGS	GENOMIC	SINGLE	Raw reads: ONT_30821_1#132
SRR35587915	SRX30660545	SRS26534894	SRP620840	PRJNA1329285	Klebsiella pneumoniae	DM30	OXFORD_NANOPORE	MinION	756153988.0	83870.0	WGS	GENOMIC	SINGLE	Long read sequencing of Klebsiella pneumoniae
ERR2237836	ERX2290003	ERS1883801	ERP005928	PRJEB6403	Helicobacter mustelae	NCTC12031	PACBIO_SMRT	PacBio RS	1565542673.0	163482.0	WGS	GENOMIC	SINGLE	PacBio RS sequencing
ERR10498076	ERX10015365	ERS14254586	ERP142629	PRJEB57633	Escherichia coli		OXFORD_NANOPORE	GridION	78324721.0	8379.0	WGS	GENOMIC	SINGLE	Raw reads: ONT_30348_1#61
SRR9001298	SRX5780084	SRS3932947	SRP165734	PRJNA496461	Klebsiella pneumoniae	KLPN_29	OXFORD_NANOPORE	MinION			WGS	GENOMIC	SINGLE	nanopore seq of klebsiella pneumoniae
SRR924421	SRX317133	SRS454372	SRP026481	PRJNA178554	Streptococcus intermedius BA1	BA1	PACBIO_SMRT	PacBio RS	138920483.0	81741.0	WGS	GENOMIC	SINGLE	
SRR31541061	SRX26907863	SRS23387322	SRP548173	PRJNA1190675	Escherichia coli	The same strain as the one under SRA accession SRR8304512	OXFORD_NANOPORE	MinION	1260880008.0	338193.0	WGS	GENOMIC	SINGLE	ONT of TAS123
SRR35213343	SRX30317014	SRS26363949	SRP615992	PRJNA1301220	Acinetobacter baumannii	ABO20-E041	OXFORD_NANOPORE	MinION	87439435.0	16680.0	WGS	GENOMIC	SINGLE	Whole geneme sequencing of Acinetobacter baumannii: isolates of the Ab-One study
SRR24510771	SRX20295236	SRS17621273	SRP437146	PRJNA957355	Microbacterium sp. SORGH_AS_0862	SORGH_AS_0862	PACBIO_SMRT	Sequel IIe	609371574.0	52073.0	WGS	GENOMIC	SINGLE	Microbacterium sp. SORGH_AS 862
SRR33086170	SRX28350320	SRS24679763	SRP577906	PRJNA1248189	Enterobacter hormaechei	190810	PACBIO_SMRT	Sequel IIe	342906356.0	42425.0	WGS	GENOMIC	SINGLE	Pacbio of ECC:Human
ERR2125774	ERX2182626	ERS1572996	ERP005928	PRJEB6403	Clostridium carnis	NCTC10913	PACBIO_SMRT	PacBio RS	1582812352.0	163482.0	WGS	GENOMIC	SINGLE	PacBio RS sequencing
ERR1656451	ERX1726769	ERS1201855	ERP005928	PRJEB6403	Fusobacterium necrophorum subsp. necrophorum	NCTC13726	PACBIO_SMRT	PacBio RS	2078670643.0	163482.0	WGS	GENOMIC	SINGLE	PacBio RS sequencing
SRR926390	SRX314714	SRS452294	SRP026277	PRJNA184142	Salmonella enterica subsp. enterica serovar Heidelberg str. CFSAN002069	CFSAN002069	PACBIO_SMRT	PacBio RS	216610627.0	81741.0	WGS	GENOMIC	SINGLE	Whole genome shotgun sequencing of Salmonella enterica subsp. enterica serovar Heidelberg str. CFSAN002069 by Pacific Biosciences SMRT
SRR13269170	SRX9699287	SRS7895419	SRP272861	PRJNA646575	Bacteroides thetaiotaomicron		OXFORD_NANOPORE	GridION	171149873.0	35980.0	WGS	GENOMIC	SINGLE	WGS  of Bacteroides fragilis group clinical isolates
ERR12488072	ERX11864155	ERS17744621	ERP153002	PRJEB67987	Mycobacterium tuberculosis		OXFORD_NANOPORE	MinION	182709770.0	57892.0	WGS	GENOMIC	SINGLE	MinION sequencing
SRR36920002	SRX31886530	SRS27841383	SRP665298	PRJNA1403646	Veillonella parvula	not applicable	OXFORD_NANOPORE	MinION	328049719.0	81654.0	WGS	GENOMIC	SINGLE	Long Reads for The Genomic Landscape of Head and Neck Cancer-associated Streptococci
SRR21362352	SRX17368101	SRS14917028	SRP361569	PRJNA768416	Niallia sp. FSL W8-0954	FSL W8-0954	OXFORD_NANOPORE	MinION	791442723.0	227157.0	WGS	GENOMIC	SINGLE	WGS of Bacilli
SRR12395329	SRX8893568	SRS7152590	SRP276100	PRJNA650381	Mycobacterium tuberculosis		OXFORD_NANOPORE	MinION	475338909.0	242850.0	WGS	GENOMIC	SINGLE	Nanopore TB WGS
SRR19820600	SRX15864321	SRS13525980	SRP361569	PRJNA768416	Paenibacillus sp. FSL R10-2788	FSL R10-2788	OXFORD_NANOPORE	MinION	582551724.0	116338.0	WGS	GENOMIC	SINGLE	WGS of Bacilli
DRR205600	DRX195999	DRS139290	DRP006116	PRJDB9227	Klebsiella pneumoniae	LM22-1	OXFORD_NANOPORE	MinION	1060548694.0	279706.0	WGS	GENOMIC	SINGLE	MinION sequencing of SAMD00201313
SRR31598878	SRX26963608	SRS23433320	SRP549287	PRJNA1185485	Escherichia coli	174	OXFORD_NANOPORE	PromethION	493320104.0	133014.0	WGS	GENOMIC	SINGLE	FW-Pig-barcode88
SRR30896597	SRX26299972	SRS22828694	SRP536878	PRJNA1134622	Escherichia coli	OXEC-474	OXFORD_NANOPORE	MinION	481505721.0	136100.0	WGS	GENOMIC	SINGLE	OXEC-474
SRR31599006	SRX26963479	SRS23433191	SRP549287	PRJNA1185485	Escherichia coli	564	OXFORD_NANOPORE	PromethION	1308505657.0	211717.0	WGS	GENOMIC	SINGLE	RMB-3R-barcode31
SRR21630414	SRX17630985	SRS11554642	SRP354045	PRJNA747871	Streptomyces sp. NBC_00691	NBC_00691	OXFORD_NANOPORE	MinION	441560890.0	72210.0	WGS	GENOMIC	SINGLE	nanopore sequencing data from strain NBC_00691
SRR24833080	SRX20597516	SRS17897658	SRP441246	PRJNA980403	Staphylococcus aureus	MRSA11	OXFORD_NANOPORE	MinION	1151581765.0	597564.0	WGS	GENOMIC	SINGLE	SAU_R1041_simplex
ERR9364089	ERX8906338	ERS11202314	ERP136327	PRJEB51675	Vibrio cholerae O1 biovar El Tor	not provided	OXFORD_NANOPORE	MinION	508800730.0	46848.0	WGS	GENOMIC	SINGLE	MinION sequencing
SRR27869121	SRX23531130	SRS20380376	SRP488079	PRJNA906182	Agarivorans sp. JK6		OXFORD_NANOPORE	MinION	2911037869.0	256223.0	WGS	GENOMIC	SINGLE	Genome sequencing of JK6
SRR643248	SRX209662	SRS379415	SRP017524	PRJNA183628	Mycoplasmoides pneumoniae M129	M129	PACBIO_SMRT	PacBio RS	170534644.0	81741.0	WGS	GENOMIC	SINGLE	WGA M. pneumoniae genome DNA sequenced by C2 chemistry
SRR11638837	SRX8202660	SRS6560728	SRP259126	PRJNA627683	Xylella fastidiosa subsp. multiplex	Fillmore	OXFORD_NANOPORE	MinION	116064599.0	24044.0	WGS	GENOMIC	SINGLE	WGS of Xylella fastidiosa subsp. multiplex strain Fillmore: genomic DNA from culture
SRR22784529	SRX18744349	SRS16179631	SRP413484	PRJNA912639	Escherichia coli	EC_9503_1H3_D	OXFORD_NANOPORE	MinION	548247008.0	87937.0	WGS	GENOMIC	SINGLE	WGS of Escherichia coli
SRR18117873	SRX14268361	SRS12087392	SRP361201	PRJNA809755	Enterobacter cloacae	not collected	OXFORD_NANOPORE	GridION	726700263.0	138629.0	WGS	GENOMIC	SINGLE	E.cloacae CFN_9949
SRR27033672	SRX22725525	SRS19714579	SRP475574	PRJNA1047486	Myroides odoratus	HAMBI_1923	OXFORD_NANOPORE	GridION	1131895556.0	195631.0	WGS	GENOMIC	SINGLE	Whole genome sequencing of Flavobacterium odoratum HAMBI_1923; long read
SRR24140051	SRX19938354	SRS17287063	SRP247747	PRJNA604975	Escherichia coli	ox_bsi_159	OXFORD_NANOPORE	GridION	500004752.0	53207.0	WGS	GENOMIC	SINGLE	oxford_bsi
ERR4388890	ERX4332703	ERS4859074	ERP123131	PRJEB39595	Xanthomonas arboricola		OXFORD_NANOPORE	MinION	100473406.0	18008.0	WGS	GENOMIC	SINGLE	MinION sequencing
SRR33880361	SRX29091954	SRS25301526	SRP590652	PRJNA1273616	Acinetobacter baumannii	LAC-4	PACBIO_SMRT	Revio	3073702780.0	473356.0	WGS	GENOMIC	SINGLE	WGS of Acinetobacter baumannii (LAC-4) strains
SRR15720537	SRX12016025	SRS10021550	SRP292285	PRJNA667898	Helicobacter pylori	J99	PACBIO_SMRT	Sequel II	86144381198.0	190405078.0	WGS	GENOMIC	SINGLE	Pacbio SEQ2 Short insert library: Helicobacter pylori J99
ERR13326525	ERX12697501	ERS20392259	ERP156173	PRJEB71369	Escherichia coli DH5[alpha]		PACBIO_SMRT	Sequel	70464760.0	12592.0	WGS	GENOMIC	SINGLE	Sequel sequencing
ERR9837053	ERX9382915	ERS8226954	ERP132884	PRJEB48506	Salmonella enterica subsp. enterica serovar Paratyphi A		OXFORD_NANOPORE	MinION	654192510.0	266094.0	WGS	GENOMIC	SINGLE	MinION sequencing; Raw reads: E81_MinION
SRR23033680	SRX18988354	SRS16399843	SRP413032	PRJNA906522	Pseudomonas aeruginosa	Paer58	OXFORD_NANOPORE	MinION	311135552.0	55037.0	WGS	GENOMIC	SINGLE	Long read sequencing of Pseudomonas aeruginosa Paer58
SRR4180939	SRX2142235	SRS1673929	SRP086936	PRJNA303735	Atopobium minutum	DSM 20586	PACBIO_SMRT	PacBio RS	1010330066.0	232142.0	WGS	GENOMIC	SINGLE	Atopobium minutum DSM 20586
SRR24000762	SRX19804194	SRS17166151	SRP429893	PRJNA949825	Auritidibacter ignavus	BABAE-2	OXFORD_NANOPORE	GridION	76576780.0	6842.0	WGS	GENOMIC	SINGLE	WGS of Auritidibacter ignavus
SRR29777298	SRX25277098	SRS21961015	SRP519287	PRJNA1134122	Listeria monocytogenes	N23-1635	OXFORD_NANOPORE	MinION	737451027.0	172834.0	WGS	GENOMIC	SINGLE	Long read WGS of Listeria monocytogenes: isolate N23-1635
SRR34878334	SRX30009209	SRS26084422	SRP606896	PRJNA1283264	Escherichia coli	FCI9	OXFORD_NANOPORE	MinION	1536201529.0	336060.0	WGS	GENOMIC	SINGLE	FCI9 whole genome shotgun sequencing (e_coli_2022_9_30_51)
ERR10452933	ERX9976388	ERS6795159	ERP109413	PRJEB27342	Klebsiella aerogenes		PACBIO_SMRT	Sequel II	235129930.0	34997.0	WGS	GENOMIC	SINGLE	Sequel II sequencing
DRR629339	DRX609666	DRS438888	DRP012484	PRJDB19189	Mycobacterium avium subsp. hominissuis	GA70197	OXFORD_NANOPORE	MinION	324984387.0	37491.0	WGS	GENOMIC	SINGLE	MinION sequencing of SAMD00833392
SRR12395106	SRX8893791	SRS7152813	SRP276100	PRJNA650381	Mycobacterium tuberculosis		OXFORD_NANOPORE	MinION	761516540.0	445174.0	WGS	GENOMIC	SINGLE	Nanopore TB WGS
SRR27972938	SRX23626227	SRS20466174	SRP489819	PRJNA1076692	Pseudomonas aeruginosa	RIVM_C051270_dorado	OXFORD_NANOPORE	MinION	285084797.0	87710.0	WGS	GENOMIC	SINGLE	RIVM_C051270_dorado
SRR29329186	SRX24845337	SRS21556325	SRP512696	PRJNA1121524	Escherichia coli	BKQ91S	OXFORD_NANOPORE	MinION	134124425.0	8920.0	WGS	GENOMIC	SINGLE	Escherichia coli long-read WGS
ERR13600644	ERX12971667	ERS15600032	ERP132614	PRJEB48268	Klebsiella pneumoniae		OXFORD_NANOPORE	GridION	266097399.0	12991.0	WGS	GENOMIC	SINGLE	GridION sequencing
SRR4176988	SRX2141586	ERS1358615	SRP086909	PRJNA303686	Micromonospora pallida	DSM 43817	PACBIO_SMRT	PacBio RS	606735729.0	136028.0	WGS	GENOMIC	SINGLE	Micromonospora pallida DSM 43817
SRR36093113	SRX31138606	SRS27124380	SRP151512	PRJNA478278	Salmonella enterica	R25.1094	OXFORD_NANOPORE	MinION	160833532.0	21494.0	WGS	GENOMIC	SINGLE	WGS of Salmonella enterica
SRR25822366	SRX21543990	SRS18753323	SRP457688	PRJNA1010975	Agrobacterium pusense	Bbcg2-2	OXFORD_NANOPORE	MinION	93366209.0	4916.0	WGS	GENOMIC	SINGLE	WGS of Agrobacterium pusense Bbcg2-2
SRR23471065	SRX19374123	SRS11330477	SRP422715	PRJNA878812	Pseudomonas aeruginosa		OXFORD_NANOPORE	GridION	8092174.0	603.0	WGS	GENOMIC	SINGLE	Nanopore sequencing of ARLN isolate
ERR10155855	ERX9691975	ERS6426113	ERP109413	PRJEB27342	Klebsiella terrigena		PACBIO_SMRT	Sequel II	6814141533.0	1028970.0	WGS	GENOMIC	SINGLE	Sequel II sequencing
SRR14509646	SRX10855400	SRS8951108	SRP319462	PRJNA728709	Escherichia coli	96_1414B	PACBIO_SMRT	PacBio RS II	1523709214.0	163482.0	WGS	GENOMIC	SINGLE	Genome sequencing of E. coli O26: H11
ERR14720728	ERX14122153	ERS23803364	ERP170064	PRJEB86764	Klebsiella pneumoniae		OXFORD_NANOPORE	MinION	1528896283.0	362756.0	WGS	GENOMIC	SINGLE	EXP-19-1-2025-03-12_10-45-00
SRR25467231	SRX21199694	SRS18458353	SRP452337	PRJNA1000618	Escherichia coli	Escherichia coli BL21(DE3)	OXFORD_NANOPORE	MinION	7976414.0	4000.0	WGS	GENOMIC	SINGLE	CASTVK transposition with different condition
SRR36797789	SRX31784559	SRS27747260	SRP661661	PRJNA1389824	Klebsiella grimontii		OXFORD_NANOPORE	MinION	69245361.0	33394.0	WGS	GENOMIC	SINGLE	evolved microcosm clones
SRR11867849	SRX8418139	SRS6729767	SRP265117	PRJNA635644	Escherichia coli	Onovel32:H10/H55/H17	OXFORD_NANOPORE	MinION	2076158785.0	539714.0	WGS	GENOMIC	SINGLE	Nanopore WGS of Malawi ExPEC 54
SRR5742134	SRX2947080	SRS1832500	SRP094480	PRJNA279196	Bordetella pertussis	J300	PACBIO_SMRT	PacBio RS II	690215958.0	163482.0	WGS	GENOMIC	SINGLE	
SRR19776616	SRX15820880	SRS12273950	SRP364249	PRJNA816422	Helicobacter pylori	Hpfe009	OXFORD_NANOPORE	MinION	3394045.0	2251.0	WGS	GENOMIC	SINGLE	nanopore sequencing of h. pylori genomic DNA
SRR29731230	SRX25233386	SRS21919554	SRP518437	PRJNA1088810	Stenotrophomonas maltophilia	AOUS-28640	OXFORD_NANOPORE	MinION	269318188.0	27647.0	WGS	GENOMIC	SINGLE	AOUS-28640_basecalled
ERR3280116	ERX3306925	ERS3369312	ERP114808	PRJEB32162	Mycobacterium riyadhense		PACBIO_SMRT	PacBio RS II	126544903.0	18966.0	WGS	GENOMIC	SINGLE	PacBio RS II sequencing
SRR35574277	SRX30647171	SRS26670415	SRP625638	PRJNA1320685	Escherichia coli	MB07152	OXFORD_NANOPORE	MinION	1275513001.0	130268.0	WGS	GENOMIC	SINGLE	ONT Long-Read DNA Sequencing of MB07152 Dorado SUP basecalling
SRR29446936	SRX24959272	SRS21662920	SRP462793	PRJNA1020275	Escherichia coli	RIVM_C051029	OXFORD_NANOPORE	GridION	126108304.0	36974.0	WGS	GENOMIC	SINGLE	RIVM_C051029
SRR13575342	SRX9973521	SRS8145954	SRP303741	PRJNA695586	Streptococcus pyogenes	M4C20	OXFORD_NANOPORE	MinION	3198182.0	4000.0	WGS	GENOMIC	SINGLE	Whole genome sequence of Streptococcus pyogenes strain M4C20
SRR386104	SRX109800	SRS183306	SRP006189	PRJNA52149	Klebsiella oxytoca 10-5248	10-5248	PACBIO_SMRT	PacBio RS	98975564.0	81741.0	WGS	GENOMIC	SINGLE	Whole Genome Sequencing and Assembly
SRR25018168	SRX20773285	SRS18059482	SRP445703	PRJNA987350	Wolbachia pipientis		OXFORD_NANOPORE	MinION	225565741.0	97542.0	WGS	GENOMIC	SINGLE	WGS_ONT_AK7_1
SRR32486261	SRX27799646	SRS24152087	SRP403292	PRJNA870170	Citrobacter freundii	AUSMDU00023830	OXFORD_NANOPORE	PromethION	447467054.0	53236.0	WGS	GENOMIC	SINGLE	WGS of other Enterobacteriales and Gram negative pathogens from ONT reads
SRR27972891	SRX23626274	SRS20465561	SRP489819	PRJNA1076692	Klebsiella pneumoniae	RIVM_C048214_rerio	OXFORD_NANOPORE	MinION	325839877.0	82366.0	WGS	GENOMIC	SINGLE	RIVM_C048214_rerio
ERR601558	ERX558387	ERS473438	ERP005928	PRJEB6403	Klebsiella planticola	NCTC12998	PACBIO_SMRT	PacBio RS	563989138.0	163482.0	WGS	GENOMIC	SINGLE	PacBio RS sequencing
SRR15376162	SRX11678647	SRS9710535	SRP331701	PRJNA666790	Escherichia coli O157:H7	Z887	PACBIO_SMRT	PacBio RS II	1940508652.0	163482.0	WGS	GENOMIC	SINGLE	Genome sequencing of ZAP E. coli O157:H7 strains from Scotland
SRR26473136	SRX22177046	SRS19234547	SRP467965	PRJNA1023607	Methylocystis echinoides	RIM	PACBIO_SMRT	Sequel II	1761786870.0	151210.0	WGS	GENOMIC	SINGLE	Genome Assembly of Methylocystis echinoides
SRR9221488	SRX5991898	SRS4897037	SRP191068	PRJNA528511	Escherichia coli	GTEN_59	OXFORD_NANOPORE	GridION	1678489583.0	380213.0	WGS	GENOMIC	SINGLE	Global TravEpiNet AMR surveillance Genome sequencing and assembly
SRR35213282	SRX30317076	SRS26364011	SRP615992	PRJNA1301220	Acinetobacter baumannii	ABO22-A176	OXFORD_NANOPORE	MinION	93918373.0	19943.0	WGS	GENOMIC	SINGLE	Whole geneme sequencing of Acinetobacter baumannii: isolates of the Ab-One study
SRR12935955	SRX9399732	SRS7617495	SRP289727	PRJNA671608	Bradyrhizobium sp. 186	186	OXFORD_NANOPORE	GridION	2665068364.0	1665371.0	WGS	GENOMIC	SINGLE	Whole genome sequencing of Bradyrhizobium sp. 186
SRR33769088	SRX28991680	SRS22456065	SRP444583	PRJNA962904	Escherichia coli		PACBIO_SMRT	Sequel II	450541692.0	25031.0	WGS	GENOMIC	SINGLE	PacBio sequencing of AH0196HE1 for ARCH 2
SRR13576867	SRX9974940	SRS8147085	SRP303790	PRJNA685966	Staphylococcus pseudintermedius	HSP081	OXFORD_NANOPORE	MinION	255164966.0	118634.0	WGS	GENOMIC	SINGLE	Long-read genomic sequencing of Staphylococcus pseudintermedius from canine skin
SRR36121027	SRX31165038	SRS27151223	SRP647482	PRJNA1367479	Enterobacter asburiae	SS-77	OXFORD_NANOPORE	MinION	410494497.0	66369.0	WGS	GENOMIC	SINGLE	WGS of SS-77
ERR4763172	ERX4636225	ERS5247964	ERP124695	PRJEB40976	Enterococcus faecalis		OXFORD_NANOPORE	GridION	821759495.0	58370.0	WGS	GENOMIC	SINGLE	GridION sequencing; Raw reads: 28157_4#263
SRR36797861	SRX31784487	SRS27747188	SRP661661	PRJNA1389824	Chryseobacterium sp. W1e		OXFORD_NANOPORE	MinION	88184518.0	33843.0	WGS	GENOMIC	SINGLE	evolved microcosm clones
SRR18681749	SRX14782748	SRS12539485	SRP368114	PRJNA824420	Escherichia coli	GD02887_ECOL_HY_2	OXFORD_NANOPORE	MinION	258893872.0	34680.0	WGS	GENOMIC	SINGLE	Long-read sequencing of Escherichia coli: isolate #2 urine
SRR21696483	SRX17694294	SRS11554363	SRP354045	PRJNA747871	Streptomyces sp. NBC_01208	NBC_01208	OXFORD_NANOPORE	MinION	491595338.0	78765.0	WGS	GENOMIC	SINGLE	nanopore sequencing data from strain NBC_01208
ERR1941001	ERX2001534	ERS1415933	ERP010248	PRJEB9167	Mycobacteroides abscessus		PACBIO_SMRT	PacBio RS	649624076.0	163482.0	WGS	GENOMIC	SINGLE	PacBio RS sequencing
SRR516859	SRX148633	SRS281882	SRP013241	PRJNA73829	Vibrio cholerae		PACBIO_SMRT	PacBio RS	121556229.0	60667.0	WGS	GENOMIC	SINGLE	Whole Genome Sequencing of Haitian Vibrio cholerae: Continuous Long Read (CLR) data
SRR36298232	SRX31330836	SRS26941624	SRP074197	PRJNA288601	Providencia sp. PROV170	2025CB-00756	OXFORD_NANOPORE	GridION	420933343.0	56764.0	WGS	GENOMIC	SINGLE	Nanopore sequencing of ARLN isolate
DRR378814	DRX364706	DRS420167	DRP006482	PRJDB5246	Staphylococcus aureus	CN06	PACBIO_SMRT	Sequel	982286887.0	98488.0	WGS	GENOMIC	SINGLE	Sequel sequencing of SAMD00493208
SRR33738965	SRX28962835	SRS24858953	SRP074197	PRJNA288601	Escherichia coli		OXFORD_NANOPORE	GridION	1194937410.0	125404.0	WGS	GENOMIC	SINGLE	Nanopore sequencing of ARLN isolate
SRR1201021	SRX497874	SRS504771	SRP033172	PRJNA194873	Acinetobacter baumannii 1428368	1428368	PACBIO_SMRT	PacBio RS	2252364570.0	163482.0	WGS	GENOMIC	SINGLE	
ERR2651533	ERX2668023	ERS2078752	ERP005928	PRJEB6403	Shigella dysenteriae		PACBIO_SMRT	PacBio RS	407926739.0	163482.0	WGS	GENOMIC	SINGLE	PacBio RS sequencing
ERR10498215	ERX10015504	ERS14254382	ERP142629	PRJEB57633	Escherichia coli		OXFORD_NANOPORE	GridION	247389244.0	48397.0	WGS	GENOMIC	SINGLE	Raw reads: ONT_30821_1#212
SRR7415617	SRX4286574	SRS3450592	SRP151167	PRJNA316661	Streptomyces badius	SF7B6	PACBIO_SMRT	PacBio RS II	7682334.0	2.0	WGS	GENOMIC	SINGLE	SF7B6
SRR20980344	SRX16997813	SRS14583548	SRP390613	PRJNA862624	Vibrio japonicus	JCM 31412	OXFORD_NANOPORE	MinION	326933573.0	63293.0	WGS	GENOMIC	SINGLE	Nanopore reads of Vibrio japonicus type strain genome
ERR14720843	ERX14122268	ERS23803783	ERP170064	PRJEB86764	Staphylococcus aureus		OXFORD_NANOPORE	MinION	205127297.0	67397.0	WGS	GENOMIC	SINGLE	EXP-1-1-2025-03-12_13-03-36
SRR9068489	SRX5844595	SRS4769525	SRP040661	PRJNA231221	Staphylococcus hominis	FDAARGOS_661	PACBIO_SMRT	PacBio RS	484930248.0	163482.0	WGS	GENOMIC	SINGLE	
SRR12395350	SRX8893547	SRS7152569	SRP276100	PRJNA650381	Mycobacterium tuberculosis		OXFORD_NANOPORE	MinION	910853306.0	529455.0	WGS	GENOMIC	SINGLE	Nanopore TB WGS
SRR21696536	SRX17694244	SRS11554511	SRP354045	PRJNA747871	Kitasatospora sp. NBC_01250	NBC_01250	OXFORD_NANOPORE	MinION	351848260.0	57294.0	WGS	GENOMIC	SINGLE	nanopore sequencing data from strain NBC_01250
ERR980622	ERX1057494	ERS715482	ERP005928	PRJEB6403	Escherichia coli	NCTC11121	PACBIO_SMRT	PacBio RS	3108376850.0	163482.0	WGS	GENOMIC	SINGLE	PacBio RS sequencing
SRR9732422	SRX6489584	SRS5138375	SRP215929	PRJNA555902	Achromobacter xylosoxidans	mfec-24	OXFORD_NANOPORE	GridION	388001453.0	73186.0	WGS	GENOMIC	SINGLE	Genome sequencing of bacterial strain mfec-24
SRR13680699	SRX10070009	SRS8231702	SRP303037	PRJNA694442	Salmonella enterica		OXFORD_NANOPORE	GridION	2678369240.0	327550.0	WGS	GENOMIC	SINGLE	Multiplex WGS of Salmonella enterica
ERR14743738	ERX14145110	ERS23811935	ERP170065	PRJEB86767	Enterococcus faecium		OXFORD_NANOPORE	MinION	700898825.0	181202.0	WGS	GENOMIC	SINGLE	EXP-2-1-2025-03-14_12-16-43
SRR23538269	SRX19430711	SRS16824734	SRP423167	PRJNA935284	Escherichia coli	201902596	PACBIO_SMRT	Sequel	717485126.0	107587.0	WGS	GENOMIC	SINGLE	Sequencing of EIEC O8 strain  201902596
SRR33783899	SRX29006129	SRS25222873	SRP589164	PRJNA1270766	Klebsiella pneumoniae	EH100	OXFORD_NANOPORE	MinION	145602985.0	28488.0	WGS	GENOMIC	SINGLE	nanopore of EH100
SRR13386005	SRX9805424	SRS7989499	SRP300861	PRJNA663900	Enterococcus sp. DIV1682a	DIV1682a	OXFORD_NANOPORE	GridION	664057857.0	95655.0	WGS	GENOMIC	SINGLE	Zoo 3 Enterococcus Diversity Genome sequencing and assembly
ERR15660860	ERX15065638	ERS26934157	ERP179947	PRJEB97396	Mycobacterium tuberculosis		OXFORD_NANOPORE	MinION			WGS	GENOMIC	SINGLE	MinION sequencing
SRR4180960	SRX2142256	SRS1673936	SRP086943	PRJNA303732	Bifidobacterium longum	Su859	PACBIO_SMRT	PacBio RS	298776554.0	75808.0	WGS	GENOMIC	SINGLE	Bifidobacterium longum subsp. suis DSM 20211
ERR14686190	ERX14087709	ERS23773329	ERP169826	PRJEB86481	Escherichia coli str. K-12 substr. MG1655	K-12	OXFORD_NANOPORE	MinION	113520724.0	42211.0	WGS	GENOMIC	SINGLE	MinION sequencing
SRR15989638	SRX12277901	SRS9998426	SRP357537	PRJNA801416	Klebsiella pneumoniae	323	OXFORD_NANOPORE	GridION	1470470436.0	151702.0	WGS	GENOMIC	SINGLE	Whole Genome Sequencing of Carbapenemase-producing Enterobacterales (CPE)
SRR12343981	SRX8843584	SRS7106638	SRP274107	PRJNA626345	Staphylococcus aureus	NAS_NP_123	OXFORD_NANOPORE	MinION	50831007.0	16102.0	WGS	GENOMIC	SINGLE	WGS Staphylococcus aureus among Native Americans in the  southwest US
SRR10613467	SRX7292628	SRS5786148	SRP235320	PRJNA459238	Clostridium beijerinckii	DJ165	PACBIO_SMRT	PacBio RS II	875410339.0	253754.0	WGS	GENOMIC	SINGLE	Clostridium beijerinckii DJ165
ERR902048	ERX981437	ERS659580	ERP005928	PRJEB6403	Klebsiella pneumoniae	NCTC11358	PACBIO_SMRT	PacBio RS	1645540209.0	163482.0	WGS	GENOMIC	SINGLE	PacBio RS sequencing
SRR27972552	SRX23625901	SRS20465393	SRP489819	PRJNA1076692	Staphylococcus aureus	RIVM_M100299_dorado	OXFORD_NANOPORE	MinION	146240271.0	101787.0	WGS	GENOMIC	SINGLE	RIVM_M100299_dorado
SRR34973987	SRX30092857	SRS26157816	SRP608514	PRJNA1305037	Klebsiella pneumoniae	MI_KPC_574	OXFORD_NANOPORE	PromethION	500001932.0	55536.0	WGS	GENOMIC	SINGLE	KPC CRE collection from state of Michigan
SRR14648485	SRX10986946	SRS9061534	SRP321303	PRJNA693392	Xanthomonas campestris	PHDS-03-111	OXFORD_NANOPORE	MinION	484406960.0	570907.0	WGS	GENOMIC	SINGLE	MinION genome sequencing of Xanthomonas campestris: PHDS-03-111
SRR10140034	SRX6867977	SRS5405410	SRP222367	PRJNA482667	Staphylococcus xylosus	2	PACBIO_SMRT	PacBio RS II	757441514.0	86478.0	WGS	GENOMIC	SINGLE	DNA-Seq of S. xylosus: Milker's hand
SRR29530096	SRX25039867	SRS21737386	SRP515779	PRJNA1127853	Salmonella enterica subsp. enterica serovar Typhi	A58390	OXFORD_NANOPORE	MinION	374582410.0	60382.0	WGS	GENOMIC	SINGLE	WGS of Salmonella Typhi
ERR2532053	ERX2550482	ERS2402920	ERP005928	PRJEB6403	Vibrio parahaemolyticus	NCTC10886	PACBIO_SMRT	PacBio RS	553216181.0	163482.0	WGS	GENOMIC	SINGLE	PacBio RS sequencing
SRR21630064	SRX17630634	SRS11554418	SRP354045	PRJNA747871	Streptomyces longwoodensis	NBC_00594	OXFORD_NANOPORE	MinION	152914711.0	28368.0	WGS	GENOMIC	SINGLE	nanopore sequencing data from strain NBC_00594
ERR2125736	ERX2182588	ERS1545377	ERP005928	PRJEB6403	Campylobacter gracilis	NCTC12738	PACBIO_SMRT	PacBio RS	1570439627.0	163482.0	WGS	GENOMIC	SINGLE	PacBio RS sequencing
SRR16525486	SRX12727999	SRS10336742	SRP357537	PRJNA801416	Klebsiella pneumoniae	E355	OXFORD_NANOPORE	GridION	1835287016.0	295199.0	WGS	GENOMIC	SINGLE	Extensive diversification and dissemination of blaNDM carbapenemase plasmids in Enterobacterales in Singapore 2010-2015
SRR16948995	SRX13140860	SRS11074048	SRP346156	PRJNA780526	Klebsiella pneumoniae		OXFORD_NANOPORE	MinION	9271547795.0	599908.0	WGS	GENOMIC	SINGLE	WGS of Klebsiella pneumoniae
SRR32972647	SRX28245909	SRS24593573	SRP576427	PRJNA1190511	Yersinia pestis	70003	PACBIO_SMRT	Sequel	4248964755.0	411582.0	WGS	GENOMIC	SINGLE	WGS of Yersinia pestis: cultured strain 70003
ERR10749416	ERX10201345	ERS14369544	ERP143680	PRJEB58617	Escherichia coli		OXFORD_NANOPORE	GridION	826196159.0	129064.0	WGS	GENOMIC	SINGLE	GridION sequencing
SRR18729557	SRX14829810	SRS12585799	SRP369762	PRJNA825705	Klebsiella pneumoniae	ST-896	OXFORD_NANOPORE	MinION	561617149.0	71200.0	WGS	GENOMIC	SINGLE	ONT sequencing of Klebsiella pneumoniae: sample 3SUS
SRR33549589	SRX28783334	SRS25022015	SRP585030	PRJNA1262531	Enterobacter cloacae		OXFORD_NANOPORE	GridION	1463933109.0	196771.0	WGS	GENOMIC	SINGLE	ONT WGS of Enterobacter RS cefiderocol_4_1
SRR10541584	SRX7224984	SRS5725799	SRP233408	PRJNA370030	Clostridium beijerinckii	DJ089	PACBIO_SMRT	PacBio RS II	44927821.0	13371.0	WGS	GENOMIC	SINGLE	Clostridium beijerinckii DJ089
SRR1736225	SRX735347	SRS723694	SRP049022	PRJNA264128	Streptococcus pneumoniae ST556	ST556	PACBIO_SMRT	PacBio RS	350938587.0	163482.0	WGS	GENOMIC	SINGLE	SMRT sequencing data of whole genome amplified (WGA) S. pneumoniae ST556
SRR12809825	SRX9278431	SRS7506540	SRP190319	PRJNA284866	Treponema socranskii subsp. buccale	ATCC 35534	OXFORD_NANOPORE	MinION	1142737111.0	324354.0	WGS	GENOMIC	SINGLE	Treponema socranskii buccale ATCC 35534 (OMZ 884, 445-o, ZIA, VPI D2B8)
SRR18729835	SRX14829894	SRS12585862	SRP369762	PRJNA825705	Escherichia coli		OXFORD_NANOPORE	MinION	1163225883.0	92087.0	WGS	GENOMIC	SINGLE	ONT sequencing of Escherichia coli: sample ecoli-516
SRR4236677	SRX2157918	SRS1687475	SRP089279	PRJNA322873	Pseudomonas sp. A214	A214	PACBIO_SMRT	PacBio RS	476539626.0	162479.0	WGS	GENOMIC	SINGLE	Pseudomonas sp. A214
SRR13576846	SRX9974961	SRS8147106	SRP303790	PRJNA685966	Staphylococcus pseudintermedius	HSP143	OXFORD_NANOPORE	MinION	793102475.0	267680.0	WGS	GENOMIC	SINGLE	Long-read genomic sequencing of Staphylococcus pseudintermedius from canine skin
ERR10499176	ERX10016462	ERS14256096	ERP142629	PRJEB57633	Escherichia coli		OXFORD_NANOPORE	GridION	82242692.0	11805.0	WGS	GENOMIC	SINGLE	Raw reads: ONT_30859_5#262
SRR386118	SRX109852	SRS002749	SRP001660	PRJNA30055	Bifidobacterium bifidum NCIMB 41171	NCIMB 41171	PACBIO_SMRT	PacBio RS	227269529.0	81741.0	WGS	GENOMIC	SINGLE	Whole Genome Sequencing and Assembly
ERR10498474	ERX10015763	ERS14255677	ERP142629	PRJEB57633	Escherichia coli		OXFORD_NANOPORE	GridION	68279103.0	6432.0	WGS	GENOMIC	SINGLE	Raw reads: ONT_30348_1#213
ERR1397213	ERX1468472	ERS1058926	ERP005928	PRJEB6403	Streptococcus pyogenes	NCTC13740	PACBIO_SMRT	PacBio RS	1483241446.0	163482.0	WGS	GENOMIC	SINGLE	PacBio RS sequencing
DRR667354	DRX647456	DRS456661	DRP012867	PRJDB20346	Hydrogenivirga okinawensis	JCM 13302	PACBIO_SMRT	Revio	193588790.0	13968.0	WGS	GENOMIC	SINGLE	Revio sequencing of SAMD00887277
SRR31598659	SRX26963826	SRS23433537	SRP549287	PRJNA1185485	Escherichia coli	912	OXFORD_NANOPORE	PromethION	1105785130.0	128595.0	WGS	GENOMIC	SINGLE	WTP-NoR-Nov-barcode67
SRR28257163	SRX23867743	SRS20686633	SRP250705	PRJNA607328	Saccharomyces cerevisiae	missing	PACBIO_SMRT	PacBio RS II	7349379601.0	640716.0	WGS	GENOMIC	SINGLE	Saccharomyces cerevisiae FELIX_MS420 PacBio
DRR572301	DRX555768	DRS426391	DRP012251	PRJDB17574	Escherichia coli	YK-IS1MA-L06-4_G08	OXFORD_NANOPORE	MinION	741.0	4.0	WGS	GENOMIC	SINGLE	nanopore-seq of SAMD00748208 L06-4_G8
SRR4181474	SRX2142710	SRS1674016	SRP086959	PRJNA311476	Jiangella sp. DSM 45060	DSM 45060	PACBIO_SMRT	PacBio RS	1143842134.0	309382.0	WGS	GENOMIC	SINGLE	Jiangella sp. DSM 45060
SRR33574385	SRX28804360	SRS24967588	SRP585378	PRJNA1182244	Salmonella enterica subsp. enterica serovar Derby	PP14-08	OXFORD_NANOPORE	MinION	1523622671.0	277615.0	WGS	GENOMIC	SINGLE	Long-read sequencing of ESBL-producing Salmonella strains isolated from food samples in Thailand
SRR28370664	SRX23975745	SRS19599853	SRP496022	PRJNA1087001	Listeria welshimeri	DSM 20650 V8	OXFORD_NANOPORE	GridION	6324359973.0	1648977.0	WGS	GENOMIC	SINGLE	WGS of Listeria welshimeri isolate
SRR5760373	SRX2338854	SRS1791731	SRP090564	PRJNA344739	Enterococcus faecium	A_020709_82	OXFORD_NANOPORE	MinION	127402299.0	18629.0	WGS	GENOMIC	SINGLE	WGS of Enterococcus faecium: hospital patient-colonizing isolate, isolate A_020709_82
SRR32918030	SRX28192983	SRS24543464	SRP575239	PRJNA1206315	Thermodesulfobacteriota bacterium B35	B35	PACBIO_SMRT	Sequel II	332395315.0	67625.0	WGS	GENOMIC	SINGLE	Genome of strain B35
SRR386009	SRX109794	SRS001120	SRP000361	PRJNA32935	Enterococcus casseliflavus EC20	899205	PACBIO_SMRT	PacBio RS	87944830.0	81741.0	WGS	GENOMIC	SINGLE	Whole Genome Sequencing and Assembly
SRR22784724	SRX18744720	SRS16179810	SRP413484	PRJNA912639	Escherichia coli	EC_9503_C3_H	OXFORD_NANOPORE	MinION	774308545.0	72677.0	WGS	GENOMIC	SINGLE	WGS of Escherichia coli
DRR538211	DRX522030	DRS397845	DRP011824	PRJDB17661	Agathobaculum butyriciproducens	k35-0107-B3-2	PACBIO_SMRT	Sequel	86477854.0	6583.0	WGS	GENOMIC	SINGLE	Sequel single end sequencing of  SAMD00759061
SRR31286353	SRX26665338	SRS22681357	SRP074197	PRJNA288601	Providencia stuartii	2024CK-01390	OXFORD_NANOPORE	GridION	1768956250.0	134004.0	WGS	GENOMIC	SINGLE	Nanopore sequencing of ARLN isolate
SRR31599270	SRX26964413	SRS23434130	SRP549287	PRJNA1185485	Escherichia coli	379	OXFORD_NANOPORE	PromethION	217554370.0	42976.0	WGS	GENOMIC	SINGLE	pig-inf-barcode13
SRR15076597	SRX11386621	SRS9431234	SRP040661	PRJNA231221	Aeromonas sp. FDAARGOS 1415	FDAARGOS 1415	PACBIO_SMRT	Sequel II	800309643.0	144470.0	WGS	GENOMIC	SINGLE	
SRR31599046	SRX26964038	SRS23433749	SRP549287	PRJNA1185485	Escherichia coli	77	OXFORD_NANOPORE	PromethION	2365975377.0	427573.0	WGS	GENOMIC	SINGLE	2ndManhole-barcode84
SRR10083111	SRX6816125	SRS5359877	SRP220854	PRJNA562597	Streptococcus pneumoniae	TH10784	PACBIO_SMRT	PacBio RS II	2414276357.0	163482.0	WGS	GENOMIC	SINGLE	SMRT-seq of Streptococcus pneumoniae ST556: TH10784 rr05 mutant
SRR30009075	SRX25488363	SRS22143870	SRP522510	PRJNA1140646	Escherichia coli	spoT-	OXFORD_NANOPORE	GridION	647714511.0	244907.0	WGS	GENOMIC	SINGLE	Oxford nanopore sequencing of Escherichia coli isolates
DRR161061	DRX151686	DRS080854	DRP004635	PRJDB7731	Staphylococcus argenteus	missing	OXFORD_NANOPORE	MinION	1138334378.0	221580.0	WGS	GENOMIC	SINGLE	MinION sequencing of SAMD00153157
DRR299391	DRX288830	DRS189428	DRP007382	PRJDB11678	Latilactobacillus curvatus	WDN19	PACBIO_SMRT	PacBio RS II	1214146882.0	121795.0	WGS	GENOMIC	SINGLE	PacBio RS II sequencing of SAMD00323104
SRR8297736	SRX5112241	SRS4121166	SRP018785	PRJNA186035	Salmonella enterica subsp. enterica serovar Enteritidis	CFSAN072192	PACBIO_SMRT	Sequel	794009917.0	117728.0	WGS	GENOMIC	SINGLE	Whole genome PacBio Sequel sequence of Salmonella enterica subsp. enterica serovar Enteritidis
SRR8192193	SRX5011592	SRS4045497	SRP168760	PRJNA505665	Salmonella enterica subsp. enterica		PACBIO_SMRT	Sequel	2348279036.0	304017.0	WGS	GENOMIC	SINGLE	PacBio WGS of Salmonella enterica_Isolate_69
SRR34967464	SRX30086773	SRS26152929	SRP608514	PRJNA1305037	Citrobacter freundii	MI_KPC_140	OXFORD_NANOPORE	PromethION	435986404.0	88063.0	WGS	GENOMIC	SINGLE	KPC CRE collection from state of Michigan
SRR4181377	SRX2142613	SRS1674080	SRP086967	PRJNA303731	Branchiibius hedensis	DSM 22951	PACBIO_SMRT	PacBio RS	392453986.0	101585.0	WGS	GENOMIC	SINGLE	Branchiibius hedensis DSM 22951
DRR667169	DRX647271	DRS454585	DRP012833	PRJDB20538	Escherichia coli		OXFORD_NANOPORE	MinION	1287878011.0	216549.0	WGS	GENOMIC	SINGLE	MinION sequencing of SAMD00899032
SRR32972711	SRX28245845	SRS24593507	SRP576427	PRJNA1190511	Yersinia pestis	CMCC92010	PACBIO_SMRT	PacBio RS II	1239073381.0	124055.0	WGS	GENOMIC	SINGLE	WGS of Yersinia pestis: cultured strain CMCC92010
SRR13955687	SRX10334078	SRS8453797	SRP310443	PRJNA714107	Mannheimia haemolytica	1287	PACBIO_SMRT	PacBio RS II	1305163458.0	259364.0	WGS	GENOMIC	SINGLE	PacBio reads of M. haemolytica
SRR10686513	SRX7363372	SRS4273353	SRP180904	PRJNA514949	Streptomyces sp. S6	S6	OXFORD_NANOPORE	MinION	126865461.0	20000.0	WGS	GENOMIC	SINGLE	WGS Streptomyces sp. S6
SRR30791254	SRX26192737	SRS22735264	SRP534624	PRJNA1161571	Burkholderia pseudomallei	Bp15	OXFORD_NANOPORE	PromethION	2242817714.0	192937.0	WGS	GENOMIC	SINGLE	Nanopore sequencing of B. pseudomallei
ERR2580786	ERX2597851	ERS2016147	ERP005928	PRJEB6403	Brucella suis		PACBIO_SMRT	PacBio RS	2000819918.0	163482.0	WGS	GENOMIC	SINGLE	PacBio RS sequencing
SRR28777791	SRX24342755	SRS20831650	SRP497546	PRJNA1091452	Listeria monocytogenes	L-18	OXFORD_NANOPORE	MinION	401237911.0	109176.0	WGS	GENOMIC	SINGLE	ONT performance study sequencing of L. monocytogenes
ERR10676206	ERX10143970	ERS14333305	ERP143248	PRJEB58185	Campylobacter jejuni		OXFORD_NANOPORE	MinION	193091500.0	320750.0	WGS	GENOMIC	PAIRED	MinION paired end sequencing
SRR14307861	SRX10663315	SRS8104720	SRP301498	PRJNA690640	Enterococcus faecium		OXFORD_NANOPORE	MinION	16230115.0	1161.0	WGS	GENOMIC	SINGLE	WGS of E. faecium
ERR13600497	ERX12971520	ERS6631022	ERP109316	PRJEB27256	Klebsiella pneumoniae		OXFORD_NANOPORE	GridION	929265281.0	56015.0	WGS	GENOMIC	SINGLE	GridION sequencing
ERR5214372	ERX5017828	ERS5599742	ERP126298	PRJEB42440	Klebsiella pneumoniae		OXFORD_NANOPORE	MinION	1028021556.0	148177.0	WGS	GENOMIC	SINGLE	MinION sequencing
SRR386962	SRX109893	SRS281278	SRP001087	PRJNA40075	Escherichia coli str. K-12 substr. MG1655	K-12	PACBIO_SMRT	PacBio RS	46135374.0	81741.0	WGS	GENOMIC	SINGLE	Whole Genome Sequencing and Assembly
ERR10854430	ERX10299197	ERS7358116	ERP109413	PRJEB27342	Klebsiella variicola subsp. variicola		PACBIO_SMRT	Sequel II	7248602972.0	2343269.0	WGS	GENOMIC	SINGLE	Sequel II sequencing
ERR10367357	ERX9899288	ERS710986	SRP272326	PRJNA646837	Klebsiella pneumoniae	INF300	OXFORD_NANOPORE	MinION	225499042.0	23613.0	WGS	GENOMIC	SINGLE	MinION sequencing
ERR10498698	ERX10015987	ERS14255800	ERP142629	PRJEB57633	Escherichia coli		OXFORD_NANOPORE	GridION	132984992.0	17491.0	WGS	GENOMIC	SINGLE	Raw reads: ONT_30602_1#24
ERR8433098	ERX8000007	ERS10153286	ERP134918	PRJEB50347	Escherichia coli		OXFORD_NANOPORE	MinION	224019472.0	24933.0	WGS	GENOMIC	SINGLE	MinION sequencing; Raw reads: 12_02_nano
SRR36002381	SRX31051666	SRS27041595	SRP610612	PRJNA1309298	Enterobacter cloacae		OXFORD_NANOPORE	GridION	311221152.0	41877.0	WGS	GENOMIC	SINGLE	ONT sequencing using rapidbarcoding R10.4.1
SRR14584533	SRX10931860	SRS9014645	SRP320446	PRJNA705832	Sinorhizobium meliloti	FSM-MA	PACBIO_SMRT	Sequel	920645842.0	380108.0	WGS	GENOMIC	SINGLE	nodule isolation
DRR572507	DRX555974	DRS426412	DRP012251	PRJDB17574	Escherichia coli	YK-IS1MA-L01-1_G20	OXFORD_NANOPORE	MinION	37077466.0	3200.0	WGS	GENOMIC	SINGLE	nanopore-seq of SAMD00748229 L01-1_G20
ERR704372	ERX648635	ERS523599	ERP005928	PRJEB6403	Escherichia coli	NCTC10418	PACBIO_SMRT	PacBio RS	634026467.0	163482.0	WGS	GENOMIC	SINGLE	PacBio RS sequencing
SRR30397293	SRX25823570	SRS22139123	SRP522388	PRJNA1140108	Bradyrhizobium sp. 1050_B9_N1_2	1050_B9_N1_2	OXFORD_NANOPORE	PromethION	1666335584.0	482775.0	WGS	GENOMIC	SINGLE	Bradyrhizobium sp. 1050_B9_N1_2 nanopore genome sequencing (files compressed once)
SRR31599124	SRX26963960	SRS23433671	SRP549287	PRJNA1185485	Escherichia coli	512	OXFORD_NANOPORE	PromethION	284378218.0	56239.0	WGS	GENOMIC	SINGLE	R4R-barcode69
ERR10499411	ERX10016697	ERS14256934			Escherichia coli		OXFORD_NANOPORE	GridION	127334842.0	4740.0	WGS	GENOMIC	SINGLE	GridION sequencing; Raw reads: ONT_30224_1#188
SRR9900619	SRX6652463	SRS5213970	SRP051949	PRJNA271899	Klebsiella pneumoniae	BIDMC-135	OXFORD_NANOPORE	GridION	1529927597.0	188513.0	WGS	GENOMIC	SINGLE	Sequencing of Carbapenem resistant bacteria
SRR873403	SRX290652	SRS431806	SRP023536	PRJNA178410	Bordetella holmesii ATCC 51541	ATCC 51541	PACBIO_SMRT	PacBio RS	352525610.0	81741.0	WGS	GENOMIC	SINGLE	
ERR10498027	ERX10015316	ERS14254573	ERP142629	PRJEB57633	Escherichia coli		OXFORD_NANOPORE	GridION	78988803.0	10901.0	WGS	GENOMIC	SINGLE	Raw reads: ONT_30348_1#28
SRR24451075	SRX20238150	SRS4341091	SRP071789	PRJNA315192	Escherichia coli	680532	OXFORD_NANOPORE	MinION	893481092.0	139025.0	WGS	GENOMIC	SINGLE	680532
ERR12049876	ERX11433054	ERS16377569	ERP149821	PRJEB64629	Candidatus Corynebacterium faecigallinarum		OXFORD_NANOPORE	PromethION	1280545622.0	62460.0	WGS	GENOMIC	SINGLE	Candidatus Corynebacterium faecigallinarum_oxford_nanopore_ONT
SRR29192068	SRX24712131	SRS21438197	SRP510053	PRJNA1113337	Peribacillus frigoritolerans	C1141	PACBIO_SMRT	Sequel II	4398875735.0	370273.0	WGS	GENOMIC	SINGLE	WGS Bacillus frigotolerans: Cannabis seed endphyte
SRR22318779	SRX18292033	SRS15783454	SRP408384	PRJNA838004	Pseudomonas aeruginosa	C4.2	OXFORD_NANOPORE	GridION	4677015288.0	483619.0	WGS	GENOMIC	SINGLE	ONT SQK-LSK109 library of Pseudomonas aeruginosa C4.2: R9.4.1 flowcell on GridION, guppy v5.0.16 in super high accuracy mode
SRR1047943	SRX390510	SRS372025	SRP006085	PRJNA61265	Mycobacterium tuberculosis W-148	W-148	PACBIO_SMRT	PacBio RS	136654305.0	81741.0	WGS	GENOMIC	SINGLE	Pacbio whole genome shotgun sequencing of genomic DNA library 'PACBIO-333' containing sample 'Mycobacterium tuberculosis W-148'
SRR6448766	SRX3539732	SRS2814579	SRP128407	PRJNA369961	Paraburkholderia sp. BL6669N2	BL6669N2	PACBIO_SMRT	PacBio RS II	169597211.0	43706.0	WGS	GENOMIC	SINGLE	Paraburkholderia sp. BL6669N2
SRR16954714	SRX13146294	SRS11078735	SRP346308	PRJNA780771	Streptomyces coelicolor A3(2)	M145	PACBIO_SMRT	Sequel	2026187834.0	548568.0	WGS	GENOMIC	SINGLE	WGS of S. coelicolor: T0 M1
SRR32194463	SRX27535919	SRS23952414	SRP560996	PRJNA1218017	Bacteroides thetaiotaomicron	vpi-5482	OXFORD_NANOPORE	MinION	174743825.0	45561.0	WGS	GENOMIC	SINGLE	WGS of Bacteroides thetatiotaomicron grown on different carbon sources
SRR8754885	SRX5545611	SRS4226626	SRP176474	PRJNA211606	Pseudomonas syringae pv. pisi str. PP1	PP1	OXFORD_NANOPORE	MinION	203583393.0	102949.0	WGS	GENOMIC	SINGLE	MinION Long Sequence Reads Solely from strain PP1
SRR6232638	SRX3341090	SRS2642554	SRP122684	PRJNA410633	Nostoc punctiforme PCC 73102	ATCC 29133	PACBIO_SMRT	PacBio RS	129615728.0	79509.0	WGS	GENOMIC	SINGLE	Nostoc punctiforme PCC 73102 PacBio methylation
SRR11051192	SRX7701114	SRS6125331	SRP247921	PRJNA605734	Bacillus paranthracis	MN1F	PACBIO_SMRT	PacBio RS	5687871.0	1.0	WGS	GENOMIC	SINGLE	Draft genome of Bacillus parantharcis
SRR15171305	SRX11478518	SRS9518536	SRP328635	PRJNA746600	Bacteroides sp. 3_1_19	3_1_19	OXFORD_NANOPORE	MinION	4113420146.0	425998.0	WGS	GENOMIC	SINGLE	WGS of Bacteroides-sp-3-1-19 library1 using OXFORD_NANOPORE
ERR2125848	ERX2182700	ERS1669595	ERP005928	PRJEB6403	Staphylococcus equorum	NCTC12414	PACBIO_SMRT	PacBio RS	1104302866.0	163482.0	WGS	GENOMIC	SINGLE	PacBio RS sequencing
SRR14883163	SRX11200251	SRS9241022	SRP324698	PRJNA736395	Escherichia coli O111:H11	8D	PACBIO_SMRT	PacBio RS II	2691777212.0	163482.0	WGS	GENOMIC	SINGLE	Genome sequencing of E. coli O111 serotypes
DRR572533	DRX556000	DRS426392	DRP012251	PRJDB17574	Escherichia coli	YK-IS1MA-L07-1_G08	OXFORD_NANOPORE	MinION	4487038.0	291.0	WGS	GENOMIC	SINGLE	nanopore-seq of SAMD00748209 L07-1_G8
SRR5457525	SRX2745505	SRS1813213	SRP093720	PRJNA353581	Clostridioides difficile	36877	OXFORD_NANOPORE	MinION	33800260.0	3419.0	WGS	GENOMIC	SINGLE	Genome Sequencing of Clostridium difficile
SRR27201508	SRX22881496	SRS19853905	SRP477847	PRJNA1052100	Klebsiella pneumoniae	K20	OXFORD_NANOPORE	MinION	529638069.0	206411.0	WGS	GENOMIC	SINGLE	ONT R9.4.1 sequences of Klebsiella pneumoniae from clinical sources in Ghana
SRR24140023	SRX19938382	SRS17287091	SRP247747	PRJNA604975	Escherichia coli	ox_bsi_281	OXFORD_NANOPORE	GridION	164633373.0	106846.0	WGS	GENOMIC	SINGLE	oxford_bsi
SRR10918407	SRX7585730	SRS6019387	SRP051949	PRJNA271899	Klebsiella pneumoniae	UCI_271	OXFORD_NANOPORE	GridION	2095043792.0	451592.0	WGS	GENOMIC	SINGLE	Sequencing of Carbapenem resistant bacteria
SRR24139929	SRX19938476	SRS17287185	SRP247747	PRJNA604975	Escherichia coli	ox_bsi_57	OXFORD_NANOPORE	GridION	278415258.0	139350.0	WGS	GENOMIC	SINGLE	oxford_bsi
ERR3965068	ERX3968411	ERS4359528	ERP120218	PRJEB36951	Escherichia coli		OXFORD_NANOPORE	MinION	435034980.0	72424.0	WGS	GENOMIC	SINGLE	MinION sequencing; Raw reads: SC489
SRR19843305	SRX15887083	SRS12114914	SRP361569	PRJNA768416	Paenibacillus sp. FSL K6-1096		OXFORD_NANOPORE	MinION	452294338.0	143036.0	WGS	GENOMIC	SINGLE	WGS of Bacilli
SRR21415541	SRX17420339	SRS14917016	SRP361569	PRJNA768416	Paenibacillus sp. FSL H7-0357		OXFORD_NANOPORE	MinION	391710376.0	82307.0	WGS	GENOMIC	SINGLE	WGS of Bacilli
SRR8266304	SRX5083229	SRS4095807	SRP171591	PRJNA500544	Agrococcus jenensis	DSM 9580	PACBIO_SMRT	PacBio RS II	274335847.0	43378.0	WGS	GENOMIC	SINGLE	Agrococcus jenensis DSM 9580
SRR4180820	SRX2142116	SRS1673837	SRP086922	PRJNA303797	Parafannyhessea umbonata	DSM 22620	PACBIO_SMRT	PacBio RS	1184214690.0	269310.0	WGS	GENOMIC	SINGLE	Olsenella umbonata DSM 22620
SRR6238591	SRX3346826	SRS2646888	SRP123206	PRJNA371180	Caldicellulosiruptor bescii	RKCB123	PACBIO_SMRT	PacBio RS II	241730005.0	68529.0	WGS	GENOMIC	SINGLE	Caldicellulosiruptor bescii RKCB123
ERR3835955	ERX3848639	ERS4261941	ERP008597	PRJEB7665	Acididesulfobacillus acetoxydans		PACBIO_SMRT	PacBio RS	1809557658.0	163482.0	WGS	GENOMIC	SINGLE	PacBio RS sequencing
SRR4180971	SRX2142267	SRS1673939	SRP086946	PRJNA303680	Microterricola viridarii	DSM 21772	PACBIO_SMRT	PacBio RS	555110339.0	154985.0	WGS	GENOMIC	SINGLE	Microterricola viridarii DSM 21772
SRR28435070	SRX24038984	SRS20831856	SRP497559	PRJNA1090217	Xanthomonas oryzae pv. oryzae	N1	PACBIO_SMRT	Sequel II	5327314104.0	756186.0	WGS	GENOMIC	SINGLE	PacBio Genome Sequencing of Xanthomonas oryzae pv. oryzae: Whole Genome
SRR28373370	SRX23978443	SRS20776602	SRP496064	PRJNA1087411	Dryocola baronae	BD626	PACBIO_SMRT	Sequel II	2473917530.0	381552.0	WGS	GENOMIC	SINGLE	Whole genome sequencing of novel pathogenic bacteria
SRR32655858	SRX27959931	SRS24326312	SRP569671	PRJNA912210	Synechococcus sp. WH 8017	WH 8017	PACBIO_SMRT	Sequel	55929848.0	10279.0	WGS	GENOMIC	SINGLE	PacBio HiFi data of Synechococcus sp. WH 8017
SRR23148059	SRX19098854	SRS16514089	SRP418402	PRJNA925803	Streptococcus dysgalactiae subsp. equisimilis	MGGS36055	OXFORD_NANOPORE	GridION	158715183.0	105300.0	WGS	GENOMIC	SINGLE	SDSE strain MGGS36055 whole genome sequencing
ERR10497878	ERX10015167	ERS14254742	ERP142629	PRJEB57633	Escherichia coli		OXFORD_NANOPORE	GridION	104971746.0	12007.0	WGS	GENOMIC	SINGLE	Raw reads: ONT_30224_1#54
ERR10499657	ERX10016939	ERS14256930			Escherichia coli		OXFORD_NANOPORE	GridION	141053367.0	6109.0	WGS	GENOMIC	SINGLE	GridION sequencing; Raw reads: ONT_30602_6#10
SRR2910887	SRX1092360	SRS987953	SRP060697	PRJNA289613	Acutalibacter muris	KB18	PACBIO_SMRT	PacBio RS II	385876521.0	163482.0	WGS	GENOMIC	SINGLE	Genome sequencing of a defined mouse intestinal bacterial community
SRR35556754	SRX30631306	SRS4051604	SRP150360	PRJNA475751	Clostridioides difficile	CD08043	OXFORD_NANOPORE	MinION	347237697.0	393219.0	WGS	GENOMIC	SINGLE	WGS Sequencing of Clostridioides difficile
SRR22070785	SRX18051184	SRS15557496	SRP404950	PRJNA895048	Cohnella ginsengisoli	DSM 18997	OXFORD_NANOPORE	MinION	602422029.0	184000.0	WGS	GENOMIC	SINGLE	Nanopore sequencing data from Cohnella ginsengisoli DSM 18997 (type strain)
SRR5181998	SRX2498106	SRS1924959	SRP096895	PRJNA353873	Mycobacterium tuberculosis		PACBIO_SMRT	PacBio RS	484830356.0	163482.0	WGS	GENOMIC	SINGLE	DNA of Mtb
SRR35673896	SRX30725770	SRS26742340	SRP561673	PRJNA1219398	Pasteurella multocida	221923	OXFORD_NANOPORE	MinION	393939238.0	65730.0	WGS	GENOMIC	SINGLE	DNA-Seq of Pasteurella multocida 221923
SRR33768832	SRX28991246	SRS22456158	SRP444583	PRJNA962904	Klebsiella pneumoniae		PACBIO_SMRT	Sequel II	317323082.0	14373.0	WGS	GENOMIC	SINGLE	PacBio sequencing of AH0804HC1 for ARCH 2
ERR14747324	ERX14148600	ERS23812309	ERP170065	PRJEB86767	Morganella morganii		OXFORD_NANOPORE	MinION	1083124289.0	278247.0	WGS	GENOMIC	SINGLE	EXP-30-1-2025-03-14_14-42-05
SRR13313226	SRX9741113	SRS7339977	SRP135783	PRJNA438482	Clostridioides sp. ES-S-0010-02	ES-S-0010-02	OXFORD_NANOPORE	MinION	1357192433.0	86175.0	WGS	GENOMIC	SINGLE	Analysis of cryptic Clostridioides isolates
SRR27397680	SRX23073916	SRS22411979	SRP446139	PRJNA988133	Xanthomonas campestris pv. campestris	WHRI 6056	OXFORD_NANOPORE	MinION	119400490.0	18155.0	WGS	GENOMIC	SINGLE	Genome sequencing of Xcc WHRI 6056
SRR19169390	SRX15234944	SRS12448959	SRP366665	PRJNA801099	Bartonella krasnovii	75C_7_S16	OXFORD_NANOPORE	MinION	400788820.0	124002.0	WGS	GENOMIC	SINGLE	ONT of Bartonella krasnovii: Synosternus cleopatrae flea
ERR15423945	ERX14827889	ERS25261071	ERP176764	PRJEB93885	Escherichia coli		OXFORD_NANOPORE	PromethION	1688510278.0	237603.0	WGS	GENOMIC	SINGLE	Raw reads: run0_pilot_96_ont_AF34
SRR35212483	SRX30316294	SRS26363310	SRP291668	PRJNA675431	Enterococcus faecium	FI561	OXFORD_NANOPORE	PromethION	1023377996.0	325874.0	WGS	GENOMIC	SINGLE	WGS of Enterococcus faecium
SRR498096	SRX148635	SRS281883	SRP013241	PRJNA73829	Vibrio cholerae		PACBIO_SMRT	PacBio RS	836568.0	3159.0	WGS	GENOMIC	SINGLE	Whole Genome Sequencing for N5 (strobe)
ERR1681936	ERX1751553	ERS986331	ERP005928	PRJEB6403	Streptococcus pneumoniae	NCTC11898	PACBIO_SMRT	PacBio RS	2012535594.0	163482.0	WGS	GENOMIC	SINGLE	PacBio RS sequencing
SRR23392485	SRX19330222	SRS16727162	SRP421832	PRJNA932719	Campylobacter jejuni		OXFORD_NANOPORE	MinION	235602351.0	13321.0	WGS	GENOMIC	SINGLE	Long-read WGS characterization of commensal Campylobacter jejuni and Campylobacter coli isolates from dairy cattle in Northern Spain
SRR12395385	SRX8893512	SRS7152534	SRP276100	PRJNA650381	Mycobacterium tuberculosis		OXFORD_NANOPORE	MinION	847684666.0	514214.0	WGS	GENOMIC	SINGLE	Nanopore TB WGS
ERR2373156	ERX2421466	ERS2181608	ERP106691	PRJEB24834	Orientia tsutsugamushi		PACBIO_SMRT	PacBio RS	1196670120.0	163482.0	WGS	GENOMIC	SINGLE	PacBio RS sequencing
ERR1305740	ERX1377363	ERS1003583	ERP005928	PRJEB6403	Escherichia coli	NCTC8006	PACBIO_SMRT	PacBio RS	996204119.0	163482.0	WGS	GENOMIC	SINGLE	PacBio RS sequencing
ERR15732361	ERX15137452	ERS27093517	ERP182414	PRJEB100987	Xanthomonas oryzae pv. oryzae	CIX4018	OXFORD_NANOPORE	MinION	1015717969.0	91891.0	WGS	GENOMIC	SINGLE	OXFORD_NANOPORE MinION sequencing; CIX4018 WGS GENOMIC
ERR10829098	ERX10274139	ERS14471577	ERP144235	PRJEB59173	Chlamydiifrater volucris		OXFORD_NANOPORE	MinION	153286927.0	107371.0	WGS	GENOMIC	SINGLE	MinION sequencing
SRR18701078	SRX14802034	SRS12560015	SRP369091	PRJNA695674	Microlunatus spumicola	DSM 21308	PACBIO_SMRT	Sequel II	9395674910.0	1967779.0	WGS	GENOMIC	SINGLE	Friedmanniella spumicola DSM 21308
SRR15989189	SRX12277678	SRS9999096	SRP357537	PRJNA801416	Escherichia coli	3580	OXFORD_NANOPORE	GridION	365952455.0	61259.0	WGS	GENOMIC	SINGLE	Whole Genome Sequencing of Carbapenemase-producing Enterobacterales (CPE)
SRR4125017	SRX2107011	SRS1666288	SRP040661	PRJNA231221	Campylobacter jejuni	FDAARGOS_263	PACBIO_SMRT	PacBio RS	2541688835.0	163482.0	WGS	GENOMIC	SINGLE	
SRR9722800	SRX6480412	SRS5130475	SRP215816	PRJNA470993	Staphylococcus aureus	pt226	PACBIO_SMRT	PacBio RS II	1396134124.0	190963.0	WGS	GENOMIC	SINGLE	WGS of Staphylococcus aureus
SRR31486899	SRX26855052	SRS22548535	SRP074197	PRJNA288601	Klebsiella pneumoniae	2024HL-00933	OXFORD_NANOPORE	MinION	799800894.0	96787.0	WGS	GENOMIC	SINGLE	Long read sequencing of carbapenemase producing organisms
SRR35811623	SRX30860913	SRS26866354	SRP633355	PRJNA1346086	Lactobacillus taiwanensis	not applicable	PACBIO_SMRT	Revio	86459188.0	93377.0	WGS	GENOMIC	SINGLE	Sequence of bacteria
SRR35213165	SRX30317193	SRS26364128	SRP615992	PRJNA1301220	Acinetobacter baumannii	ABO21-E115	OXFORD_NANOPORE	MinION	256705581.0	43910.0	WGS	GENOMIC	SINGLE	Whole geneme sequencing of Acinetobacter baumannii: isolates of the Ab-One study
DRR197415	DRX187832	DRS113566	DRP005581	PRJDB8589	Streptococcus sp. 116-D4	116-D4	OXFORD_NANOPORE	MinION	2260272488.0	1583887.0	WGS	GENOMIC	SINGLE	MinION sequencing of SAMD00180331
SRR24138994	SRX19937524	SRS17286256	SRP432114	PRJNA776702	Pseudomonas frederiksbergensis	A6	OXFORD_NANOPORE	MinION	931657730.0	98584.0	WGS	GENOMIC	SINGLE	WGS of Pseudomonas frederiksbergensis strain A6
SRR32164114	SRX27509503	SRS23928310	SRP560556	PRJNA1147241	Kosakonia cowanii	CT11-105	OXFORD_NANOPORE	MinION	567518724.0	65476.0	WGS	GENOMIC	SINGLE	wheat associated bacteria:Kosakonia cowanii
SRR19165782	SRX15231980	SRS12965147	SRP374671	PRJNA836696	Enterobacter hormaechei	3131	OXFORD_NANOPORE	GridION	697344394.0	227584.0	WGS	GENOMIC	SINGLE	ONT long-read sequencing of carbapenem non-susceptible Enterobacterales
SRR5828160	SRX3005896	SRS1832425	SRP094480	PRJNA279196	Bordetella pertussis	D521	PACBIO_SMRT	PacBio RS II	968939686.0	163482.0	WGS	GENOMIC	SINGLE	
SRR15171308	SRX11478515	SRS9519503	SRP328635	PRJNA746600	Bacteroides fragilis	2_1_16	OXFORD_NANOPORE	MinION	1904942173.0	143410.0	WGS	GENOMIC	SINGLE	WGS of Bacteroides-fragilis-2-1-16 library1 using OXFORD_NANOPORE
ERR15384574	ERX14788288	ERS25418431	ERP172131	PRJEB89084	Mycobacterium tuberculosis		OXFORD_NANOPORE	MinION			WGS	GENOMIC	SINGLE	MinION sequencing
DRR170687	DRX161299	DRS270050	DRP009383	PRJDB8055	Escherichia coli	THO-008	PACBIO_SMRT	Sequel	1049965784.0	109519.0	WGS	GENOMIC	SINGLE	Sequel sequencing of SAMD00164371
SRR23117878	SRX19068820	SRS6210502	SRP250563	PRJNA607555	Agrobacterium tumefaciens	CG920	OXFORD_NANOPORE	MinION	393874345.0	12292.0	WGS	GENOMIC	SINGLE	WGS of Agrobacterium tumefaciens CG920
SRR25607711	SRX21334868	SRS18580413	SRP454576	PRJNA883514	Brucella intermedia	SG.G2	OXFORD_NANOPORE	MinION	350011324.0	42613.0	WGS	GENOMIC	SINGLE	Nanopore of  of SAMN30966659
SRR33936366	SRX29138634	SRS25244413	SRP589537	PRJNA1101874	Acinetobacter baumannii	122190	OXFORD_NANOPORE	MinION	333380411.0	60663.0	WGS	GENOMIC	SINGLE	WGS-ONT of Acinetobacter baumannii
SRR8859043	SRX5646557	SRS4592145	SRP191068	PRJNA528511	Escherichia coli	GTEN_12	OXFORD_NANOPORE	GridION	5393658200.0	1106383.0	WGS	GENOMIC	SINGLE	Global TravEpiNet AMR surveillance Genome sequencing and assembly
ERR2302898	ERX2354235	ERS1963332	ERP005928	PRJEB6403	Oligella urethralis	NCTC11999	PACBIO_SMRT	PacBio RS	1657478085.0	163482.0	WGS	GENOMIC	SINGLE	PacBio RS sequencing
SRR34986105	SRX30104865	SRS26168515	SRP608826	PRJNA1305362	Listeria monocytogenes	Lm_028	OXFORD_NANOPORE	MinION	1471666254.0	166509.0	WGS	GENOMIC	SINGLE	Oxford Nanopore sequences of an isolated L. monocytogenes strain from wastewater
DRR667179	DRX647281	DRS454595	DRP012833	PRJDB20538	Escherichia coli		OXFORD_NANOPORE	MinION	894517637.0	207675.0	WGS	GENOMIC	SINGLE	MinION sequencing of SAMD00899042
SRR34861817	SRX29993467	SRS26070280	SRP401024	PRJNA827450	Staphylococcus saprophyticus	BA94	OXFORD_NANOPORE	GridION	1692871175.0	539920.0	WGS	GENOMIC	SINGLE	Microbe from agricultural soil in Morocco
ERR12833697	ERX12206508	ERS18714796	ERP157202	PRJEB72410	Klebsiella pneumoniae		OXFORD_NANOPORE	MinION	166809470.0	63281.0	WGS	GENOMIC	SINGLE	MinION sequencing
SRR33768885	SRX28991194	SRS22456211	SRP444583	PRJNA962904	Escherichia coli		PACBIO_SMRT	Sequel II	200860371.0	10038.0	WGS	GENOMIC	SINGLE	PacBio sequencing of AH0243HE1 for ARCH 2
SRR8306353	SRX5120855	SRS1827617	SRP018785	PRJNA186035	Salmonella enterica subsp. enterica serovar Enteritidis	CFSAN051890	PACBIO_SMRT	Sequel	1133299533.0	150759.0	WGS	GENOMIC	SINGLE	Whole genome PacBio Sequel sequence of Salmonella enterica subsp. enterica serovar Enteritidis
SRR34090091	SRX29278329	SRS25457354	SRP593573	PRJNA1280284	Burkholderia pseudomallei	Burkholderia pseudomallei-7	PACBIO_SMRT	PacBio RS II	462462191.0	58866.0	WGS	GENOMIC	SINGLE	WGS of Burkholderia pseudomallei
SRR35794935	SRX30844231	SRS26851174	SRP632532	PRJNA1345429	Mycobacterium tuberculosis	Not applicable	OXFORD_NANOPORE	MinION	197995614.0	263039.0	WGS	GENOMIC	SINGLE	Whole -genome sequencing of Mycobacterium tuberculosis: culture isolate
SRR12343944	SRX8843621	SRS7106672	SRP274107	PRJNA626345	Staphylococcus aureus	NAS_OP_153	OXFORD_NANOPORE	MinION	160004413.0	11829.0	WGS	GENOMIC	SINGLE	WGS Staphylococcus aureus among Native Americans in the  southwest US
SRR12640103	SRX9122161	SRS7364676	SRP282378	PRJNA644947	Rhodococcus aetherivorans	4CI	PACBIO_SMRT	Sequel	1736843483.0	189816.0	WGS	GENOMIC	SINGLE	Genome of Rhodococcus aetherivorans 4CI
SRR27638401	SRX23306575	SRS19599847	SRP473241	PRJNA1042815	Vibrio cholerae	NCTC 8021 [R. Hugh 1094]	OXFORD_NANOPORE	GridION	2722418950.0	847104.0	WGS	GENOMIC	SINGLE	WGS of Vibrio cholerae isolate
SRR28825862	SRX24388722	SRS21144484	SRP504527	PRJNA984017	Pseudomonas aeruginosa	B2H	OXFORD_NANOPORE	MinION	192123870.0	18518.0	WGS	GENOMIC	SINGLE	Pseudomonas aeruginosa B2H oxford nanopore reads
DRR597154	DRX577701	DRS407243	DRP012045	PRJDB18831	Enterococcus songbeiensis	KCM18590	OXFORD_NANOPORE	MinION	78404783.0	12255.0	WGS	GENOMIC	SINGLE	MinION sequencing of SAMD00821007
ERR15373202	ERX14776887	ERS23666212	ERP169391	PRJEB86018	Haemophilus influenzae		PACBIO_SMRT	Sequel II	319635363.0	26337.0	WGS	GENOMIC	SINGLE	Sequel II sequencing
SRR9644502	SRX6406314	SRS5064097	SRP212938	PRJNA483246	Klebsiella pneumoniae		OXFORD_NANOPORE	MinION	683570635.0	143618.0	WGS	GENOMIC	SINGLE	nanopore sequence of Klebsiella pneumoniae Kpv_ST101_L5
SRR31024162	SRX26411401	SRS22931353	SRP539092	PRJNA1174068	Vibrio cholerae	mHDM VC275	OXFORD_NANOPORE	PromethION	315561970.0	46491.0	WGS	GENOMIC	SINGLE	WGS of Vcholerae isolates
SRR16167673	SRX12452462	SRS10418559	SRP339765	PRJNA669220	Vibrio cyclitrophicus	ED287	OXFORD_NANOPORE	MinION	286021247.0	92758.0	WGS	GENOMIC	SINGLE	Vibrio genome ED-287 Nanopore Minion sequenced sample
SRR3441671	SRX1727910	SRS1324854	SRP050002	PRJNA266616	Bordetella pertussis		PACBIO_SMRT	PacBio RS II	1024585689.0	163482.0	WGS	GENOMIC	SINGLE	
SRR28740733	SRX24306634	SRS21069408	SRP502714	PRJNA1090129	Staphylococcus aureus	sa220201_barcode55	OXFORD_NANOPORE	MinION	205083199.0	134633.0	WGS	GENOMIC	SINGLE	Staphylococcus aureus strain sa220201_barcode55
SRR26950794	SRX22644412	SRS19641537	SRP474291	PRJNA1043871	Bacillus sp. PBL-C9	PBL-C9	OXFORD_NANOPORE	MinION	44789.0	19.0	WGS	GENOMIC	SINGLE	Bacillus sp. PBL-C9 Genome sequencing and assembly
DRR424343	DRX409549	DRS205700	DRP007744	PRJDB12343	Escherichia coli	MyNCGM74	OXFORD_NANOPORE	MinION	441003045.0	28298.0	WGS	GENOMIC	SINGLE	MinION sequencing of SAMD00406272
ERR10420075	ERX9948548	ERS6795043	ERP109413	PRJEB27342	Klebsiella michiganensis		PACBIO_SMRT	Sequel II	4659301347.0	768009.0	WGS	GENOMIC	SINGLE	Sequel II sequencing
ERR5191779	ERX4996624	ERS4842930	ERP122590	PRJEB39112	Klebsiella pneumoniae		OXFORD_NANOPORE	GridION	704580699.0	78352.0	WGS	GENOMIC	SINGLE	GridION sequencing
SRR13674459	SRX10063900	SRS8226069	SRP040661	PRJNA231221	Bordetella pertussis	FDAARGOS_1366	PACBIO_SMRT	Sequel	1261449085.0	178503.0	WGS	GENOMIC	SINGLE	
SRR13854333	SRX10235722	SRS8377393	SRP309206	PRJNA685325	Streptococcus oralis	SF100	PACBIO_SMRT	PacBio RS II	1957556776.0	163482.0	WGS	GENOMIC	SINGLE	Complete Genome Sequence of Streptococcus oralis SF100
SRR10123222	SRX6852722	SRS5312592	SRP219457	PRJNA543274	Klebsiella oxytoca	DSM 5175	PACBIO_SMRT	Sequel	440999476.0	67482.0	WGS	GENOMIC	SINGLE	DSM-5175
SRR9048003	SRX5824459	SRS4752514	SRP051949	PRJNA271899	Escherichia coli	MGH319	OXFORD_NANOPORE	GridION	2148915976.0	733011.0	WGS	GENOMIC	SINGLE	Sequencing of Carbapenem resistant bacteria
SRR33769377	SRX28991801	SRS25210254	SRP444583	PRJNA962904	Escherichia coli		PACBIO_SMRT	Sequel II	432081805.0	23834.0	WGS	GENOMIC	SINGLE	PacBio sequencing of A229034HE2 for ARCH 2
ERR14747203	ERX14148479	ERS23812139	ERP170065	PRJEB86767	Morganella morganii		OXFORD_NANOPORE	GridION	759980385.0	163931.0	WGS	GENOMIC	SINGLE	EXP-2-1-2025-03-14_14-31-23
SRR11252618	SRX7862688	SRS6271501	SRP251885	PRJNA605433	Salmonella enterica subsp. enterica serovar Typhimurium	OLF-FSR1_WB_Junco_ST-35	OXFORD_NANOPORE	MinION	485001745.0	25398.0	WGS	GENOMIC	SINGLE	WB_Junco_ST-35
DRR206409	DRX196802	DRS217736	DRP008011	PRJDB9236	Bacillus cereus	30102	OXFORD_NANOPORE	MinION	1968309009.0	490333.0	WGS	GENOMIC	SINGLE	MinION sequencing of SAMD00203345
SRR29816483	SRX25315608	SRS16968659	SRP426074	PRJNA941188	Bacillus licheniformis	DSM 26543	OXFORD_NANOPORE	GridION	148752830.0	33363.0	WGS	GENOMIC	SINGLE	WGS of Bacillus licheniformis: cell culture
SRR33768365	SRX28991111	SRS22397345	SRP444583	PRJNA962904	Escherichia coli		PACBIO_SMRT	Sequel II	312400186.0	14854.0	WGS	GENOMIC	SINGLE	PacBio sequencing of A152007HE1 for ARCH 2
SRR15989307	SRX12277560	SRS9998990	SRP357537	PRJNA801416	Enterobacter hormaechei	E798	OXFORD_NANOPORE	GridION	553959086.0	86165.0	WGS	GENOMIC	SINGLE	Whole Genome Sequencing of Carbapenemase-producing Enterobacterales (CPE)
SRR30149195	SRX25617037	SRS21570379	SRP074197	PRJNA288601	Citrobacter freundii	2024CK-00789	OXFORD_NANOPORE	GridION	1386093867.0	284271.0	WGS	GENOMIC	SINGLE	Nanopore sequencing of ARLN isolate
SRR30949770	SRX26352318	SRS22817021	SRP536567	PRJNA1165464	Escherichia coli	Not applicable	OXFORD_NANOPORE	MinION	493852079.0	173809.0	WGS	GENOMIC	SINGLE	Nanopore sequencing of E.coli: blood isolate
SRR30946275	SRX26348821	SRS22873980	SRP537809	PRJNA1171136	Klebsiella pneumoniae		OXFORD_NANOPORE	MinION	483128643.0	49958.0	WGS	GENOMIC	SINGLE	WGS of K. pneumoniae
SRR21415949	SRX17420539	SRS12114957	SRP361569	PRJNA768416	Bacillus sp. FSL K6-0255		OXFORD_NANOPORE	MinION	1677846481.0	376910.0	WGS	GENOMIC	SINGLE	WGS of Bacilli
SRR901252	SRX306163	SRS445209	SRP026043	PRJNA191785	Mycobacteroides abscessus subsp. bolletii 1513	1513	PACBIO_SMRT	PacBio RS	621989857.0	81741.0	WGS	GENOMIC	SINGLE	
SRR30934798	SRX26337511	SRS22863377	SRP537571	PRJNA1168290	Paenibacillus sp. TAB_01	TAB_01	OXFORD_NANOPORE	MinION	1597434.0	187.0	WGS	GENOMIC	SINGLE	Paenibacillus sp. TAB 01 from cotton plant tissue
SRR16578363	SRX12779866	SRS10725002	SRP343032	PRJNA772095	Propionibacterium freudenreichii	TL29	PACBIO_SMRT	PacBio RS II	318746784.0	163482.0	WGS	GENOMIC	SINGLE	SMRT_TL29_BP9_50
SRR36200532	SRX31237073	SRS27216402	SRP649104	PRJNA1367967	Klebsiella pneumoniae	BN02203I1	OXFORD_NANOPORE	PromethION	2212562840.0	1493830.0	WGS	GENOMIC	SINGLE	WGS of clinical Klebsiella pneumoniae from a referral hospital in Bansang, Gambia
SRR31598850	SRX26963636	SRS23433349	SRP549287	PRJNA1185485	Escherichia coli	200	OXFORD_NANOPORE	PromethION	2092645804.0	455486.0	WGS	GENOMIC	SINGLE	Kleb-3R-barcode22
SRR12606298	SRX9089960	SRS7335822	SRP281161	PRJNA660404	Neisseria gonorrhoeae	SW0018	OXFORD_NANOPORE	MinION	639607332.0	212594.0	WGS	GENOMIC	SINGLE	WGS of neisseria gonorrhoeae
SRR30894777	SRX26298302	SRS22827042	SRP536843	PRJNA1147605	Cutibacterium acnes	CN6	OXFORD_NANOPORE	MinION	524678217.0	203933.0	WGS	GENOMIC	SINGLE	Genome Sequencing of Cutibacterium acnes CN6
ERR13194317	ERX12565182	ERS20185829	ERP160059	PRJEB75483	Rhizobium leguminosarum		OXFORD_NANOPORE	MinION	528962786.0	84758.0	WGS	GENOMIC	SINGLE	MinION sequencing
SRR27958556	SRX23615415	SRS20455859	SRP489545	PRJNA1076228	Streptococcus pyogenes	MGAS37848	OXFORD_NANOPORE	GridION	500004897.0	31204.0	WGS	GENOMIC	SINGLE	Oxford Nanopore Technology WGS of GAS M1 clinical isolates
SRR15882005	SRX12172867	SRS10151174	SRP336887	PRJNA762936	Pseudoxanthomonas beigongshangi	XL7	PACBIO_SMRT	PacBio RS II	2249082455.0	296404.0	WGS	GENOMIC	SINGLE	Whole genome sequencing of Pseudoxanthomonas japonensis XL7
SRR19165813	SRX15231949	SRS12965095	SRP374671	PRJNA836696	Klebsiella pneumoniae	433	OXFORD_NANOPORE	GridION	975253264.0	81180.0	WGS	GENOMIC	SINGLE	ONT long-read sequencing of carbapenem non-susceptible Enterobacterales
SRR31583316	SRX26948938	SRS23420399	SRP548954	PRJNA1193326	Campylobacter jejuni		OXFORD_NANOPORE	MinION	164587368.0	92551.0	WGS	GENOMIC	SINGLE	Long-read Nanopore-based WGS characterization of antimicrobial resistant Campylobacter jejuni and Campylobacter coli isolates from humans, animals and food products in Northern Spain within a One Health approach
ERR10498358	ERX10015647	ERS14255405	ERP142629	PRJEB57633	Escherichia coli		OXFORD_NANOPORE	GridION	74360484.0	13475.0	WGS	GENOMIC	SINGLE	Raw reads: ONT_30345_1#195
SRR14509542	SRX10855504	SRS8951126	SRP319462	PRJNA728709	Escherichia coli	05_3471	PACBIO_SMRT	PacBio RS II	2998415590.0	163482.0	WGS	GENOMIC	SINGLE	Genome sequencing of E. coli O26: H11
SRR31598923	SRX26963562	SRS23433274	SRP549287	PRJNA1185485	Escherichia coli	855	OXFORD_NANOPORE	PromethION	1136145913.0	196172.0	WGS	GENOMIC	SINGLE	Wnew4R-barcode75
ERR13600708	ERX12971731	ERS15600364	ERP132614	PRJEB48268	Klebsiella pneumoniae		OXFORD_NANOPORE	GridION	187025752.0	7269.0	WGS	GENOMIC	SINGLE	GridION sequencing
SRR1118730	SRX433554	SRS533719	SRP035425	PRJNA212478	Rickettsia parkeri str. Grand Bay		PACBIO_SMRT	PacBio RS	2113992656.0	163482.0	WGS	GENOMIC	SINGLE	
SRR30896376	SRX26299645	SRS22828367	SRP536878	PRJNA1134622	Escherichia coli	OXEC-288	OXFORD_NANOPORE	MinION	332687012.0	90885.0	WGS	GENOMIC	SINGLE	OXEC-288
SRR30896550	SRX26300019	SRS22828741	SRP536878	PRJNA1134622	Escherichia coli	OXEC-96	OXFORD_NANOPORE	MinION	767174712.0	180413.0	WGS	GENOMIC	SINGLE	OXEC-96
SRR23701664	SRX19563486	SRS16947891	SRP425675	PRJNA937909	Bacillus velezensis	XRD006	OXFORD_NANOPORE	PromethION	1021374341.0	79380.0	WGS	GENOMIC	SINGLE	Bacillus velezensis strain XRD006
SRR32653569	SRX27957836	SRS8752943	SRP569638	PRJNA1234602	Listeria monocytogenes	PNUSAL009968	OXFORD_NANOPORE	PromethION	311051468.0	36339.0	WGS	GENOMIC	SINGLE	ONT of clinical Listeria monocytogenes from NY state surveillance
SRR5215142	SRX2525400	SRS1946382	SRP098378	PRJNA363095	Sphingomonas sp. LM7	LM7	PACBIO_SMRT	PacBio RS II	2161232919.0	163482.0	WGS	GENOMIC	SINGLE	Sphingomonas sp. LM7
SRR28063969	SRX23713554	SRS20543019	SRP491284	PRJNA1079530	Rhizobium laguerreae	AMPS22	OXFORD_NANOPORE	MinION	478957015.0	61292.0	WGS	GENOMIC	SINGLE	ONT_Rhizobium_laguerreae_AMPS22
SRR13269128	SRX9699329	SRS7895455	SRP272861	PRJNA646575	Bacteroides uniformis		OXFORD_NANOPORE	GridION	1603963336.0	328664.0	WGS	GENOMIC	SINGLE	WGS  of Bacteroides fragilis group clinical isolates
ERR10938999	ERX10378308	ERS14690224	ERP143848	PRJEB58776	Legionella pneumophila		OXFORD_NANOPORE	GridION	1272046662.0	88741.0	WGS	GENOMIC	SINGLE	GridION sequencing
SRR8303978	SRX5118480	SRS1711279	SRP018785	PRJNA186035	Salmonella enterica subsp. arizonae serovar 41:z4,z23:-	01-0089	PACBIO_SMRT	Sequel	955144996.0	173446.0	WGS	GENOMIC	SINGLE	Whole genome PacBio Sequel sequence of Salmonella enterica subsp. arizonae
SRR11675965	SRX8236869	SRS6588001	SRP259751	PRJNA378768	Mycoplasmopsis bovis	NADC18	PACBIO_SMRT	PacBio RS II	1095700756.0	163482.0	WGS	GENOMIC	SINGLE	Whole genome sequencing of Mycoplasma bovis strain NADC18
SRR24512037	SRX20296472	SRS17622449	SRP437210	PRJNA957410	Klebsiella variicola	SORGH_AS_0906	PACBIO_SMRT	Sequel IIe	762524862.0	80399.0	WGS	GENOMIC	SINGLE	Klebsiella variicola SORGH_AS 906
ERR5671468	ERX5386961	ERS5752932	ERP126298	PRJEB42440	Klebsiella pneumoniae		OXFORD_NANOPORE	GridION	1029952910.0	121472.0	WGS	GENOMIC	SINGLE	GridION sequencing
SRR24887470	SRX20650028	SRS17947919	SRP442263	PRJNA708460	Streptomyces sp. DSM 41037	DSM 41037	PACBIO_SMRT	Sequel II	9274183685.0	1952711.0	WGS	GENOMIC	SINGLE	Streptomyces sp. DSM 41037
SRR10556209	SRX7237942	SRS5737520	SRP233762	PRJNA460375	Clostridium beijerinckii	DJ241	PACBIO_SMRT	PacBio RS II	518925774.0	156047.0	WGS	GENOMIC	SINGLE	Clostridium beijerinckii DJ241
SRR24651255	SRX20431276	SRS17736835	SRP438478	PRJNA885826	Bifidobacterium catenulatum	DSM 16992	OXFORD_NANOPORE	MinION	674731759.0	66890.0	WGS	GENOMIC	SINGLE	PCR free Oxford Nanopore sequencing of genomic DNA from Bifidobacterium-catenulatum-JCM-1194
SRR26617620	SRX22318534	SRS19369276	SRP469428	PRJNA954313	Salmonella enterica subsp. enterica serovar Schwarzengrund	SEWLSH-3	OXFORD_NANOPORE	MinION	168382001.0	29473.0	WGS	GENOMIC	SINGLE	Long read sequecing
SRR31598961	SRX26963524	SRS23433236	SRP549287	PRJNA1185485	Escherichia coli	713	OXFORD_NANOPORE	PromethION	145884840.0	48000.0	WGS	GENOMIC	SINGLE	W3R-barcode32
SRR32486155	SRX27799518	SRS5701533	SRP390960	PRJNA857526	Shigella sonnei	AUSMDU00020566	OXFORD_NANOPORE	PromethION	1505906394.0	367793.0	WGS	GENOMIC	SINGLE	WGS of Escherichia/Shigella species from ONT reads
SRR849078	SRX276686	SRS419873	SRP022249	PRJNA157929	Bibersteinia trehalosi USDA-ARS-USMARC-192	USDA-ARS-USMARC-192	PACBIO_SMRT	PacBio RS	82563514.0	81741.0	WGS	GENOMIC	SINGLE	Bibersteinia trehalosi C2 Sequencing
SRR27198273	SRX22878340	SRS19850976	SRP477767	PRJNA1001324	Eubacterium callanderi	DSM 3468	OXFORD_NANOPORE	MinION	1455923185.0	375514.0	WGS	GENOMIC	SINGLE	Eubacterium callanderi DSM 3468 Nanopore raw reads
SRR12527562	SRX9017523	SRS7268571	SRP278949	PRJNA594094	Bacillus subtilis	TR21	PACBIO_SMRT	Sequel	1623718695.0	201314.0	WGS	GENOMIC	SINGLE	Bacillus subtilis
SRR13575585	SRX9973666	SRS8145954	SRP303741	PRJNA695586	Streptococcus pyogenes	M4C20	OXFORD_NANOPORE	MinION	2814876.0	4000.0	WGS	GENOMIC	SINGLE	Whole genome sequence of Streptococcus pyogenes strain M4C20
SRR32179910	SRX27525120	SRS23942905	SRP546704	PRJNA1189028	Staphylococcus epidermidis	PS03166	OXFORD_NANOPORE	MinION	191069164.0	87449.0	WGS	GENOMIC	SINGLE	WGS of bacterial isolate: Environmental isolate
ERR10791264	ERX10240574	ERS2652784	ERP104475	PRJEB22771	Streptococcus pneumoniae		PACBIO_SMRT	Sequel II	5206674627.0	747153.0	WGS	GENOMIC	SINGLE	Sequel II sequencing
ERR1883073	ERX1943574	ERS1345980	ERP005928	PRJEB6403	Mesomycoplasma ovipneumoniae	NCTC10151	PACBIO_SMRT	PacBio RS	1719838909.0	163482.0	WGS	GENOMIC	SINGLE	PacBio RS sequencing
SRR21696565	SRX17694215	SRS11554338	SRP354045	PRJNA747871	Streptomyces sp. NBC_01176	NBC_01176	OXFORD_NANOPORE	MinION	1003013881.0	129756.0	WGS	GENOMIC	SINGLE	nanopore sequencing data from strain NBC_01176
SRR386399	SRX109879	SRS212335	SRP007231	PRJNA49881	Scardovia wiggsiae F0424	F0424	PACBIO_SMRT	PacBio RS	70523149.0	81741.0	WGS	GENOMIC	SINGLE	Whole Genome Sequencing and Assembly
SRR33895212	SRX29106641	SRS25312981	SRP590843	PRJNA1272507	Salmonella enterica	SAL-207	OXFORD_NANOPORE	GridION	1088529414.0	238368.0	WGS	GENOMIC	SINGLE	ONT-WGS of Salmonella enterica
SRR34626483	SRX29767724	SRS25874432	SRP602291	PRJNA644408	Xanthomonas oryzae pv. oryzicola	ML5	OXFORD_NANOPORE	GridION	2314715700.0	7715719.0	WGS	GENOMIC	SINGLE	ONT genome sequence of Xanthomonas oryzae pv. oryzicola ML5
SRR17833884	SRX13994853	SRS11833556	SRP357541	PRJNA721847	Staphylococcus epidermidis	BC1190	OXFORD_NANOPORE	MinION	2843865779.0	746849.0	WGS	GENOMIC	SINGLE	S. epidermidis strain:BC1190 gDNA Nanopore sequencing
ERR11475403	ERX10881553	ERS15445794	ERP147277	PRJEB62193	Vibrio cholerae O1 biovar El Tor str. N16961		PACBIO_SMRT	PacBio RS II	158429785.0	24612.0	WGS	GENOMIC	SINGLE	PacBio RS II sequencing
SRR28434931	SRX24038515	SRS20831682	SRP497546	PRJNA1091452	Enterococcus faecium	EF23-PS	OXFORD_NANOPORE	MinION	254968093.0	38329.0	WGS	GENOMIC	SINGLE	ONT performance study sequencing of E.faecium
SRR14130572	SRX10500675	SRS8624814	SRP313118	PRJNA719112	Klebsiella pneumoniae	ST258	OXFORD_NANOPORE	MinION	91121186.0	13061.0	WGS	GENOMIC	SINGLE	Genomics of K. pneumoniae: blood isolate
ERR15941434	ERX15336979	ERS27416750	ERP185476	PRJEB104171	Escherichia coli		OXFORD_NANOPORE	MinION	234552224.0	62074.0	WGS	GENOMIC	SINGLE	MinION sequencing
SRR23384520	SRX19323141	SRS16720982	SRP421698	PRJNA924056	Klebsiella pneumoniae	CPO487	OXFORD_NANOPORE	MinION	431276683.0	22376.0	WGS	GENOMIC	SINGLE	WGS of bacterial isolate possessing blaIMP-4 carbapenemase
ERR1223261	ERX1295474	ERS945358	ERP010683	PRJEB9562	Salmonella sp.		PACBIO_SMRT	PacBio RS	773786512.0	163482.0	WGS	GENOMIC	SINGLE	PacBio RS sequencing
ERR1901079	ERX1961450	ERS1374878	ERP005928	PRJEB6403	Arachnia propionica	NCTC12967	PACBIO_SMRT	PacBio RS	89113264.0	163482.0	WGS	GENOMIC	SINGLE	PacBio RS sequencing
DRR155002	DRX145680	DRS122848	DRP005845	PRJDB6461	Fluviibacter phosphoraccumulans	SHINM1	PACBIO_SMRT	PacBio RS II	1286727612.0	163482.0	WGS	GENOMIC	SINGLE	PacBio RS II sequencing of SAMD00098160
SRR36366898	SRX31395503	SRS27380349	SRP653506	PRJNA1308153	Escherichia coli	2450	OXFORD_NANOPORE	GridION	532603847.0	82237.0	WGS	GENOMIC	SINGLE	ONT long-read sequencing of ceftazidime/avibactam resistant Escherichia coli
ERR14963527	ERX14367832	ERS24442599	ERP172371	PRJEB89345	Klebsiella pneumoniae		OXFORD_NANOPORE	MinION	302702584.0	124683.0	WGS	GENOMIC	SINGLE	MinION sequencing
SRR24326781	SRX20121148	SRS15321983	SRP074197	PRJNA288601	Pseudomonas aeruginosa	2022CK-00491	OXFORD_NANOPORE	GridION	305090492.0	98289.0	WGS	GENOMIC	SINGLE	Nanopore sequencing of ARLN isolate
SRR21397104	SRX17402392	SRS14960364	SRP395325	PRJNA874878	Klebsiella pneumoniae		OXFORD_NANOPORE	MinION	6005186.0	32.0	WGS	GENOMIC	SINGLE	BJ19-0009
SRR25134083	SRX20886996	SRS18164965	SRP447404	PRJNA991495	Vibrio metoecus	ZF102	OXFORD_NANOPORE	MinION	159844225.0	52052.0	WGS	GENOMIC	SINGLE	WGS of V. cholerae_ZF102
SRR26322175	SRX22030231	SRS3020880	SRP133964	PRJNA437002	Bacillus subtilis	PS-13	OXFORD_NANOPORE	MinION	1150346443.0	511068.0	WGS	GENOMIC	SINGLE	WGS B. subtilis PS-13
ERR11181595	ERX10614693	ERS14863256	ERP143744	PRJEB58678	Escherichia coli	EC0880B	OXFORD_NANOPORE	MinION	935114903.0	191996.0	WGS	GENOMIC	SINGLE	MinION sequencing
SRR901680	SRX306470	SRS445421	SRP026062	PRJNA203577	Mycobacterium sp. MAC_080597_8934	MAC_080597_8934	PACBIO_SMRT	PacBio RS	272193187.0	81741.0	WGS	GENOMIC	SINGLE	
SRR17842132	SRX14003152	SRS11841452	SRP357667	PRJNA798866	Acinetobacter baumannii	AB231-VUB	OXFORD_NANOPORE	MinION	804986223.0	68557.0	WGS	GENOMIC	SINGLE	AB231-VUB complete chromosome
SRR3438475	SRX1725686	SRS1411304	SRP073812	PRJNA318633	Enterococcus faecalis	sorialis	PACBIO_SMRT	PacBio RS II	2317825517.0	163482.0	WGS	GENOMIC	SINGLE	
SRR30342792	SRX25801357	SRS22432833	SRP528120	PRJNA1150149	Staphylococcus aureus	ST5	OXFORD_NANOPORE	MinION	334560057.0	55417.0	WGS	GENOMIC	SINGLE	ONT long-read sequencing of potential healthcare transmission pathogens
SRR31598818	SRX26963668	SRS23433379	SRP549287	PRJNA1185485	Escherichia coli	4	OXFORD_NANOPORE	PromethION	475495425.0	99213.0	WGS	GENOMIC	SINGLE	2ndManhole-barcode04
DRR567791	DRX551258	DRS389513	DRP007013	PRJDB11064	Pseudomonas aeruginosa		OXFORD_NANOPORE	GridION	1683318413.0	227783.0	WGS	GENOMIC	SINGLE	GridION sequencing of SAMD00787771
SRR32527912	SRX27839616	SRS24213873	SRP567071	PRJNA1230128	Salmonella enterica subsp. enterica serovar Java	20EPA002NSA_12	OXFORD_NANOPORE	MinION	161912420.0	57606.0	WGS	GENOMIC	SINGLE	nanopore sequence of Salmonella enterica
ERR16064584	ERX15454766	ERS28397719	ERP173262	PRJEB90249	Pseudomonas aeruginosa		OXFORD_NANOPORE	GridION	609893460.0	105959.0	WGS	GENOMIC	SINGLE	GridION sequencing
SRR26821826	SRX22518534	SRS19530124	SRP471746	PRJNA1024677	Streptomyces sp. LN325	LN325	OXFORD_NANOPORE	PromethION	95272920.0	19817.0	WGS	GENOMIC	SINGLE	Genome sequencing of TSBor2xYT 28C 200rpm [JMF-2104-14-0002A]
SRR12247582	SRX8755585	SRS6976453	SRP266402	PRJNA605147	Escherichia coli	RHB07-SO-C03	OXFORD_NANOPORE	GridION	1069342809.0	126131.0	WGS	GENOMIC	SINGLE	Oxford Nanopore sequencing of Escherichia coli isolate RH07|T1-SOC03 cultured from cattle farm soil sample
ERR3986904	ERX3988931	ERS4380838	ERP120516	PRJEB37212	Klebsiella pneumoniae		OXFORD_NANOPORE	MinION	239643286.0	59204.0	WGS	GENOMIC	SINGLE	MinION sequencing; Oxfordshire gram negative bacteraemias
SRR17879840	SRX14039203	SRS11863749	SRP357984	PRJNA801425	Escherichia coli	10	OXFORD_NANOPORE	GridION	89741918.0	10291.0	WGS	GENOMIC	SINGLE	Rapid dominance of a carbapenemase-encoding plasmid in clinical Enterobacteriaceae isolates and hypervirulent Klebsiella pneumoniae in Singapore
SRR35513847	SRX30589517	SRS26617957	SRP620300	PRJNA1328464	Escherichia coli	GPT22-004	OXFORD_NANOPORE	GridION	214796935.0	100920.0	WGS	GENOMIC	SINGLE	Escherichia coli, DBT kit, replicate 3, sequence replicate 1
SRR2831550	SRX1388461	SRS1136320	SRP065336	PRJNA298770	Xanthomonas citri pv. malvacearum	XcmN1003	PACBIO_SMRT	PacBio RS II	1890861375.0	163482.0	WGS	GENOMIC	SINGLE	XcmN1003 Genome Sequencing
SRR29316644	SRX24833499	SRS21545330	SRP512379	PRJNA1121190	Vibrio cholerae	142Vc05	OXFORD_NANOPORE	PromethION	543652024.0	65657.0	WGS	GENOMIC	SINGLE	WGS of Vcholerae isolates
SRR33768457	SRX28991019	SRS22396609	SRP444583	PRJNA962904	Escherichia coli		PACBIO_SMRT	Sequel II	331735327.0	15131.0	WGS	GENOMIC	SINGLE	PacBio sequencing of A029011HE1 for ARCH 2
ERR13064392	ERX12434916	ERS17308348	ERP155943	PRJEB71065	Enterococcus lactis		PACBIO_SMRT	Sequel II	303741828.0	26597.0	WGS	GENOMIC	SINGLE	Sequel II sequencing
SRR22890840	SRX18848658	SRS16280026	SRP414793	PRJNA871981	plant metagenome		PACBIO_SMRT	Sequel	21538609.0	14076.0	WGS	GENOMIC	SINGLE	Microbial diversity of alfalfa
ERR4762749	ERX4635815	ERS5248011	ERP124695	PRJEB40976	Enterococcus faecalis		OXFORD_NANOPORE	GridION	804528849.0	46742.0	WGS	GENOMIC	SINGLE	GridION sequencing; Raw reads: 27688_1#128
SRR21630128	SRX17630886	SRS14986984	SRP354045	PRJNA747871	Streptomyces sp. NBC_00344	NBC_00344	OXFORD_NANOPORE	MinION	1118902530.0	147536.0	WGS	GENOMIC	SINGLE	nanopore sequencing data from strain NBC_00344
SRR30944921	SRX26347483	SRS22853389	SRP537443	PRJNA1170947	Raoultella ornithinolytica	TET32	OXFORD_NANOPORE	MinION	230208823.0	15049.0	WGS	GENOMIC	SINGLE	Whole Genome Sequencing of CAV4950: Sink-4PS
SRR30896149	SRX26299872	SRS22828594	SRP536878	PRJNA1134622	Escherichia coli	OXEC-240	OXFORD_NANOPORE	MinION	203966688.0	54408.0	WGS	GENOMIC	SINGLE	OXEC-240
SRR28445561	SRX24049114	SRS20840578	SRP497734	PRJNA1077798	Alteromonas gracilis	J4	OXFORD_NANOPORE	MinION	2520373.0	1000.0	WGS	GENOMIC	SINGLE	Alteromonas gracilis strain J4, whole genome Nanopore Sequencing
SRR11048366	SRX7698387	SRS6122864	SRP247781	PRJNA347094	Actinoplanes lobatus	DSM 43150	PACBIO_SMRT	Sequel	753474029.0	210396.0	WGS	GENOMIC	SINGLE	Actinoplanes lobatus DSM 43150
ERR3685719	ERX3675323	ERS4047520	ERP114207	PRJEB31632	bacterium		OXFORD_NANOPORE	GridION	321211036.0	31633.0	WGS	GENOMIC	SINGLE	GridION sequencing
SRR22777639	SRX18737638	SRS16173645	SRP413465	PRJNA913162	Xanthomonas citri pv. citri	CM-BD-sm	OXFORD_NANOPORE	MinION	245190394.0	126891.0	WGS	GENOMIC	SINGLE	Nanopore_reads_from_Xanthomonas
ERR10226995	ERX9761957	ERS13469326	ERP141064	PRJEB56148	Escherichia coli		OXFORD_NANOPORE	GridION	2060865956.0	553844.0	WGS	GENOMIC	SINGLE	GridION sequencing
SRR36919938	SRX31886290	SRS27841255	SRP665298	PRJNA1403646	Streptococcus mitis	not applicable	OXFORD_NANOPORE	MinION	42312068.0	44990.0	WGS	GENOMIC	SINGLE	Long Reads for The Genomic Landscape of Head and Neck Cancer-associated Streptococci
SRR28063694	SRX23713283	SRS20528149	SRP490965	PRJNA1079198	Salmonella enterica subsp. enterica serovar 1,4,[5],12:i:-	17-SA02627-0	OXFORD_NANOPORE	MinION	374407787.0	57300.0	WGS	GENOMIC	SINGLE	WGS of Salmonella enterica subsp. enterica serovar 1,4,[5],12:i:- isolate 17-SA02627-0 using ONT technology
SRR28260742	SRX23871039	SRS20690225	SRP493916	PRJNA1085274	Streptococcus pneumoniae	LV2022	OXFORD_NANOPORE	GridION	1069225097.0	231219.0	WGS	GENOMIC	SINGLE	ONT long-read sequencing of Streptococcus pneumoniae isoltate mouse-lung
ERR5889580	ERX5531470	ERS6383346	ERP124924	PRJEB41184	Klebsiella pneumoniae		OXFORD_NANOPORE	GridION	2074987848.0	277181.0	WGS	GENOMIC	SINGLE	GridION sequencing
ERR2125852	ERX2182704	ERS1669599	ERP005928	PRJEB6403	Legionella quateirensis	NCTC12376	PACBIO_SMRT	PacBio RS	1017844449.0	163482.0	WGS	GENOMIC	SINGLE	PacBio RS sequencing
SRR10140037	SRX6867974	SRS5405407	SRP222367	PRJNA482667	Staphylococcus warneri	16A	PACBIO_SMRT	PacBio RS II	1468966099.0	142571.0	WGS	GENOMIC	SINGLE	DNA-Seq of S. warneri: Buffalo milk
SRR31598648	SRX26963837	SRS23433548	SRP549287	PRJNA1185485	Escherichia coli	922	OXFORD_NANOPORE	PromethION	496820549.0	67285.0	WGS	GENOMIC	SINGLE	WTP-NoR-Nov-barcode80
SRR28434420	SRX24038621	SRS20831700	SRP497546	PRJNA1091452	Staphylococcus aureus	SA68-PS	OXFORD_NANOPORE	MinION	179362610.0	45000.0	WGS	GENOMIC	SINGLE	ONT performance study sequencing of S. aureus
SRR31598825	SRX26963661	SRS23433372	SRP549287	PRJNA1185485	Escherichia coli	294	OXFORD_NANOPORE	PromethION	444460994.0	164103.0	WGS	GENOMIC	SINGLE	manhole-barcode39
SRR30842872	SRX26241787	SRS2153028	SRP040281	PRJNA230403	Salmonella enterica	PNUSAS012168	OXFORD_NANOPORE	GridION	3107506870.0	494810.0	WGS	GENOMIC	SINGLE	SE using ONT_MP24
SRR22550160	SRX18513753	SRS15982791	SRP309589	PRJNA707214	Escherichia coli		OXFORD_NANOPORE	GridION	1354224947.0	139587.0	WGS	GENOMIC	SINGLE	WGS of E.coli from pig farm
SRR21696294	SRX17693971	SRS11554552	SRP354045	PRJNA747871	Nocardia sp. NBC_01377	NBC_01377	OXFORD_NANOPORE	MinION	401767853.0	58211.0	WGS	GENOMIC	SINGLE	nanopore sequencing data from strain NBC_01377
ERR12448460	ERX11824882	ERS17728826	ERP156572	PRJEB71788	Listeria monocytogenes		OXFORD_NANOPORE	GridION	459159931.0	37645.0	WGS	GENOMIC	SINGLE	Raw reads: ListPred_5907
SRR19746198	SRX15792034	SRS13484703	SRP382438	PRJNA850532	Escherichia coli		OXFORD_NANOPORE	MinION	404611292.0	34389.0	WGS	GENOMIC	SINGLE	EM130d_nano
SRR24918252	SRX20679006	SRS17875798	SRP338930	PRJNA766641	Mycobacterium tuberculosis	IDR 2100056151	OXFORD_NANOPORE	MinION	24519461.0	20857.0	WGS	GENOMIC	SINGLE	MinION sequencing of TB isolates
ERR15284503	ERX14690337	ERS710904	ERP176771	PRJEB93892	Klebsiella pneumoniae	INF156	OXFORD_NANOPORE	MinION	356271535.0	25703.0	WGS	GENOMIC	SINGLE	MinION sequencing
SRR13708669	SRX10097583	SRS8254912	SRP255655	PRJNA622823	Lysinibacillus fusiformis	NEB1292	PACBIO_SMRT	PacBio RS II	814724883.0	163482.0	WGS	GENOMIC	SINGLE	SMRT_BfuAI_Tet2
SRR22784581	SRX18744297	SRS16179603	SRP413484	PRJNA912639	Escherichia coli	EC_G_0205_2L2_D_CuN_CeP	OXFORD_NANOPORE	MinION	761477001.0	218158.0	WGS	GENOMIC	SINGLE	WGS of Escherichia coli
ERR879372	ERX958775	ERS654926	ERP005928	PRJEB6403	Staphylococcus aureus	NCTC12035	PACBIO_SMRT	PacBio RS	1113340170.0	163482.0	WGS	GENOMIC	SINGLE	PacBio RS sequencing
SRR30949820	SRX26352268	SRS22817256	SRP536567	PRJNA1165464	Escherichia coli	Not applicable	OXFORD_NANOPORE	MinION	390515576.0	184573.0	WGS	GENOMIC	SINGLE	Nanopore sequencing of E.coli: blood isolate
SRR35281937	SRX30384012	SRS26424130	SRP618029	PRJNA1321121	Streptococcus uberis	1121757	OXFORD_NANOPORE	MinION	346430918.0	82857.0	WGS	GENOMIC	SINGLE	WGS of Streptoccocus uberis islated from cows with mastitis
SRR14651728	SRX10990232	SRS8777064	SRP314006	PRJNA717738	Mycoplasmopsis agalactiae	4055	PACBIO_SMRT	PacBio RS II	8335720.0	591.0	WGS	GENOMIC	SINGLE	Pacbio SMRT sequencing of Mycoplasma agalactiae strain 4055
SRR13386070	SRX9805359	SRS7989434	SRP300861	PRJNA663900	Enterococcus sp. DIV0340	DIV0340	OXFORD_NANOPORE	GridION	2261314338.0	249570.0	WGS	GENOMIC	SINGLE	Zoo 3 Enterococcus Diversity Genome sequencing and assembly
ERR14686209	ERX14087728	ERS23773348	ERP169826	PRJEB86481	Escherichia coli str. K-12 substr. MG1655	K-12	OXFORD_NANOPORE	MinION	111890053.0	46395.0	WGS	GENOMIC	SINGLE	MinION sequencing
ERR16137071	ERX15526737	ERS621732	ERP187675	PRJEB106623	Neisseria gonorrhoeae	11CFX_T_003	OXFORD_NANOPORE	MinION	220696633.0	31854.0	WGS	GENOMIC	SINGLE	Raw reads: GCGS1013
SRR16025779	SRX12312638	SRS10285973	SRP315092	PRJNA721536	Enterobacter hormaechei subsp. xiangfangensis	P955 : NRCR 5	OXFORD_NANOPORE	MinION	59802899.0	13156.0	WGS	GENOMIC	SINGLE	Enterobacter Genome sequencing
SRR24462678	SRX20249529	SRS17582399	SRP436364	PRJNA970070	Vibrio cholerae	M811	OXFORD_NANOPORE	GridION	1246449144.0	296033.0	WGS	GENOMIC	SINGLE	Genomic evidence of the transmissions in early seventh cholera pandemic
ERR13194343	ERX12565208	ERS20185855	ERP160059	PRJEB75483	Pseudoduganella sp. LjRoot287		OXFORD_NANOPORE	MinION	164306743.0	57073.0	WGS	GENOMIC	SINGLE	MinION sequencing
ERR16080322	ERX15470110	ERS28438704	ERP187240	PRJEB106135	Enterococcus faecium	3440814320	OXFORD_NANOPORE	PromethION			WGS	GENOMIC	SINGLE	Raw reads: LRE_20_3440814320_ONT_P2_solo
ERR718773	ERX662695	ERS530430	ERP005928	PRJEB6403	Salmonella enterica subsp. enterica serovar Goldcoast	NCTC13175	PACBIO_SMRT	PacBio RS	954736666.0	163482.0	WGS	GENOMIC	SINGLE	PacBio RS sequencing
SRR15140925	SRX11448560	SRS9488523	SRP295672	PRJNA681856	Salmonella enterica subsp. arizonae	LHICA_AZ23	OXFORD_NANOPORE	MinION	27703100.0	4000.0	WGS	GENOMIC	SINGLE	Salmonella AZ23
SRR32204161	SRX27545650	SRS23960614	SRP561120	PRJNA1214876	Ekhidna algicida	To15	OXFORD_NANOPORE	MinION	34831121.0	4000.0	WGS	GENOMIC	SINGLE	Ekhidna algicida strain To15 genome
SRR9172298	SRX5944965	SRS4857802	SRP040661	PRJNA231221	Burkholderia cepacia	FDAARGOS_721	PACBIO_SMRT	PacBio RS	2182652965.0	163482.0	WGS	GENOMIC	SINGLE	
SRR23291422	SRX19234671	SRS16559809	SRP074197	PRJNA288601	Staphylococcus aureus	2022QW-00133	OXFORD_NANOPORE	MinION	268932048.0	63402.0	WGS	GENOMIC	SINGLE	Oxford nanopore long reads of clinical isolates used to investigate plasmid recovery by long read sequencers
SRR26135189	SRX21848538	SRS18945795	SRP462492	PRJNA946810	Pseudomonas aeruginosa	Rectal_P10	OXFORD_NANOPORE	GridION	74892291.0	13633.0	WGS	GENOMIC	SINGLE	WGS of Pseudomonas aeruginosa from hospitalized patiens from Quito, Ecuador
SRR35903312	SRX30952575	SRS3409987	SRP150360	PRJNA475751	Clostridioides difficile	CD07748	OXFORD_NANOPORE	MinION	381970361.0	188823.0	WGS	GENOMIC	SINGLE	WGS Sequencing of C. difficile
SRR7179749	SRX4096957	SRS3313445	SRP148168	PRJNA463280	Nocardiopsis sp. Huas11	Huas11	PACBIO_SMRT	PacBio RS II	396413938.0	184308.0	WGS	GENOMIC	SINGLE	Nocardiopsis sp. Huas11
SRR13520209	SRX9931228	SRS8106701	SRP303127	PRJNA694570	Staphylococcus gallinarum	STP534	OXFORD_NANOPORE	MinION	609869168.0	88949.0	WGS	GENOMIC	SINGLE	Genome of Callosobruchus maculatus-associated Staphylococcus gallinarum sequenced with Nanopore
ERR4244431	ERX4203225	ERS3414288	ERP024062	PRJEB21775	Streptococcus suis		PACBIO_SMRT	Sequel	772474242.0	168835.0	WGS	GENOMIC	SINGLE	Sequel sequencing
SRR29182573	SRX24702727	SRS21430256	SRP509902	PRJNA1093357	Enterobacter hormaechei subsp. steigerwaltii	SA_23A	OXFORD_NANOPORE	MinION	208648736.0	82312.0	WGS	GENOMIC	SINGLE	Enterobacter hormaechei subsp. steigerwaltii SA_23A
SRR36808235	SRX31794361	SRS27754083	SRP661862	PRJNA1402325	Escherichia coli	LU100	OXFORD_NANOPORE	MinION	2018745114.0	405647.0	WGS	GENOMIC	SINGLE	Sequencing of LU100 capsule mutant
SRR787491	SRX252701	SRS401435	SRP019218	PRJNA188139	Vibrio cholerae	2011EL-2322	PACBIO_SMRT	PacBio RS	193666445.0	81741.0	WGS	GENOMIC	SINGLE	2011EL-2322
SRR28222759	SRX23834114	SRS20655077	SRP493312	PRJNA1083720	Bacillus pumilus	S9	OXFORD_NANOPORE	MinION	1367733806.0	484613.0	WGS	GENOMIC	SINGLE	S9-Oxford
SRR5438440	SRX2728406	SRS2116502	SRP103672	PRJNA382694	Streptomyces lydicus	GS93	PACBIO_SMRT	PacBio RS II	1493247856.0	163482.0	WGS	GENOMIC	SINGLE	WGS of Streptomyces GS93: PacBio-3
SRR16525449	SRX12728036	SRS10337045	SRP357534	PRJNA801415	Klebsiella pneumoniae	133	OXFORD_NANOPORE	GridION	960615017.0	205808.0	WGS	GENOMIC	SINGLE	Extensive diversification and dissemination of blaNDM carbapenemase plasmids in Enterobacterales in Singapore 2010-2015
ERR15195710	ERX14601366	ERS25144170	ERP160948	PRJEB76420	Klebsiella oxytoca		OXFORD_NANOPORE	MinION			WGS	GENOMIC	SINGLE	MinION sequencing
SRR8072953	SRX4900924	SRS3947396	SRP040661	PRJNA231221	Francisella tularensis	FDAARGOS_595	PACBIO_SMRT	PacBio RS	2034059739.0	163482.0	WGS	GENOMIC	SINGLE	
SRR13790222	SRX10175325	SRS8324260	SRP308340	PRJNA704656	Streptococcus equi subsp. equi	470_008	PACBIO_SMRT	Sequel	719568362.0	112805.0	WGS	GENOMIC	SINGLE	PacBio whole genome sequencing of Streptococcu equi
SRR8984858	SRX5764120	SRS4698546	SRP040661	PRJNA231221	Enterobacter hormaechei	FDAARGOS_642	PACBIO_SMRT	PacBio RS	620996808.0	163482.0	WGS	GENOMIC	SINGLE	
ERR10498051	ERX10015340	ERS14254574	ERP142629	PRJEB57633	Escherichia coli		OXFORD_NANOPORE	GridION	54603781.0	6330.0	WGS	GENOMIC	SINGLE	Raw reads: ONT_30348_1#356
SRR9027964	SRX5805501	SRS4735084	SRP188851	PRJNA523365	Mycobacterium avium complex sp.	JHN_AV_0055_2	OXFORD_NANOPORE	GridION	197415692.0	204130.0	WGS	GENOMIC	SINGLE	Sequencing of non-tuberculosis mycobacteria
SRR13566561	SRX9964769	SRS8138328	SRP303540	PRJNA695307	Wolbachia endosymbiont of Aedes aegypti		OXFORD_NANOPORE	MinION	212709197.0	19136.0	WGS	GENOMIC	SINGLE	Sequencing of wMel Wolbachia in Aedes aegypti
ERR1305752	ERX1377375	ERS1018582	ERP005928	PRJEB6403	Paucimonas lemoignei	NCTC10937	PACBIO_SMRT	PacBio RS	2408131748.0	163482.0	WGS	GENOMIC	SINGLE	PacBio RS sequencing
SRR35212953	SRX30316770	SRS26363767	SRP615929	PRJNA708366	Bradyrhizobium elkanii	USDA 13	PACBIO_SMRT	Sequel II	281794159.0	25946.0	WGS	GENOMIC	SINGLE	Bradyrhizobium elkanii USDA 13
ERR13326777	ERX12697805	ERS20295495	ERP161282	PRJEB76791	Salmonella enterica subsp. enterica serovar Agona		OXFORD_NANOPORE	MinION	470320990.0	80856.0	WGS	GENOMIC	SINGLE	MinION sequencing
SRR21050829	SRX17066016	SRS14649156	SRP101993	PRJNA329489	Polaromonas sp. P2-4	P2-4	OXFORD_NANOPORE	MinION	1233249134.0	220914.0	WGS	GENOMIC	SINGLE	WGS of Polaromonas sp.: strain P2-4
ERR15941470	ERX15337015	ERS27416786	ERP185476	PRJEB104171	Escherichia coli		OXFORD_NANOPORE	MinION	322770237.0	97818.0	WGS	GENOMIC	SINGLE	MinION sequencing
SRR30949776	SRX26352312	SRS22817015	SRP536567	PRJNA1165464	Escherichia coli	Not applicable	OXFORD_NANOPORE	MinION	310705302.0	84181.0	WGS	GENOMIC	SINGLE	Nanopore sequencing of E.coli: blood isolate
SRR31611452	SRX26976073	SRS23443693	SRP549287	PRJNA1185485	Escherichia coli	440	OXFORD_NANOPORE	PromethION	850791140.0	168055.0	WGS	GENOMIC	SINGLE	pig-inf-barcode84
ERR1456748	ERX1527226	ERS1106925	ERP005928	PRJEB6403	Corynebacterium ulcerans	NCTC13718	PACBIO_SMRT	PacBio RS	1100173646.0	163482.0	WGS	GENOMIC	SINGLE	PacBio RS sequencing
SRR4300069	SRX2194619	SRS1315739	SRP070986	PRJNA291880	Escherichia coli O157:H7	1130	PACBIO_SMRT	PacBio RS II	2271102856.0	226904.0	WGS	GENOMIC	SINGLE	Genome sequencing of E. coli O157:H7: regions
SRR22784486	SRX18744392	SRS16179654	SRP413484	PRJNA912639	Escherichia coli	EC_B2_9413_3S1_D_CuP_CeP	OXFORD_NANOPORE	MinION	1521330752.0	150227.0	WGS	GENOMIC	SINGLE	WGS of Escherichia coli
ERR10676275	ERX10144039	ERS14333374	ERP143248	PRJEB58185	Campylobacter coli		OXFORD_NANOPORE	MinION	180372444.0	299622.0	WGS	GENOMIC	PAIRED	MinION paired end sequencing
SRR787476	SRX252686	SRS401431	SRP019218	PRJNA188139	Vibrio cholerae	2011EL-2320	PACBIO_SMRT	PacBio RS	200724876.0	81741.0	WGS	GENOMIC	SINGLE	2011EL-2320
ERR10938977	ERX10378286	ERS14690202	ERP143848	PRJEB58776	Legionella pneumophila		OXFORD_NANOPORE	GridION	94269174.0	4626.0	WGS	GENOMIC	SINGLE	GridION sequencing
SRR17873543	SRX14032925	SRS11868082	SRP358106	PRJNA800461	[Clostridium] innocuum	OA5	PACBIO_SMRT	Sequel	3179870078.0	579331.0	WGS	GENOMIC	SINGLE	DNA Seq of Clostridium innocuum OA5
SRR20281129	SRX16314690	SRS13953394	SRP386850	PRJNA859696	Vitreoscilla massiliensis	SN4, Type strain	OXFORD_NANOPORE	MinION	231975119.0	26958.0	WGS	GENOMIC	SINGLE	WGS of Vitreoscilla massiliensis
SRR27764004	SRX23428969	SRS20283447	SRP486505	PRJNA1069998	Enterococcus faecalis	IDRL-7639	OXFORD_NANOPORE	GridION	1249382060.0	206196.0	WGS	GENOMIC	SINGLE	Whole-genome sequencing of Enterococcus faecalis isolated from prosthetic joint infections
SRR12298414	SRX8801653	SRS6792285	SRP266402	PRJNA605147	Escherichia coli	RHB05-C17	OXFORD_NANOPORE	GridION	1110982536.0	216633.0	WGS	GENOMIC	SINGLE	OXFORD_NANOPORE sequencing of Escherichia coli isolate RH12|T1-C17 cultured from Sheep faeces sample
ERR10664176	ERX10133360	ERS2786258	ERP104475	PRJEB22771	Streptococcus pneumoniae		PACBIO_SMRT	Sequel II	3386181779.0	454332.0	WGS	GENOMIC	SINGLE	Sequel II sequencing
SRR9705064	SRX6463186	SRS5112793	SRP215224	PRJNA554850	Nocardia otitidiscaviarum	NEB252	PACBIO_SMRT	PacBio RS II	1345614382.0	163482.0	WGS	GENOMIC	SINGLE	SMRT_Not
ERR16064653	ERX15454835	ERS28397788	ERP173262	PRJEB90249	Streptococcus pyogenes		OXFORD_NANOPORE	GridION	192692333.0	32041.0	WGS	GENOMIC	SINGLE	GridION sequencing
SRR18729799	SRX14829930	SRS12585885	SRP369762	PRJNA825705	Klebsiella pneumoniae	ST-323	OXFORD_NANOPORE	MinION	2849631068.0	343666.0	WGS	GENOMIC	SINGLE	ONT sequencing of Klebsiella pneumoniae: sample KLPN-168
SRR35808527	SRX30857805	SRS26863765	SRP633462	PRJNA1346110	Streptococcus dysgalactiae subsp. equisimilis	UT9728	OXFORD_NANOPORE	MinION	120095126.0	56913.0	WGS	GENOMIC	SINGLE	WGS:UT9728 Replicates
ERR15602674	ERX15005898	ERS26882942	ERP180185	PRJEB97707	Escherichia coli		OXFORD_NANOPORE	MinION	186103712.0	18767.0	WGS	GENOMIC	SINGLE	MinION sequencing
SRR26139063	SRX21852318	SRS18002630	SRP462527	PRJNA1019817	Escherichia coli	TUM1223	OXFORD_NANOPORE	MinION	789152119.0	86646.0	WGS	GENOMIC	SINGLE	WGS of Enterobacterales: Patient
SRR32857414	SRX28139110	SRS24493680	SRP573064	PRJNA1241873	Klebsiella pneumoniae		OXFORD_NANOPORE	GridION	705474502.0	136487.0	WGS	GENOMIC	SINGLE	Whole genome sequencing of Klebsiella pneumoniae
SRR9290548	SRX6060112	SRS4873360	SRP200324	PRJNA546081	Streptomyces nitrosporeus	ATCC 12769	PACBIO_SMRT	PacBio RS II	732161296.0	131505.0	WGS	GENOMIC	SINGLE	genome-seq of Streptomyces nitrosporeus
ERR581167	ERX539254	ERS462977	ERP005928	PRJEB6403	Cronobacter sakazakii	NCTC11467	PACBIO_SMRT	PacBio RS	853573305.0	163482.0	WGS	GENOMIC	SINGLE	PacBio RS sequencing
SRR28434485	SRX24038766	SRS20831717	SRP497546	PRJNA1091452	Staphylococcus aureus	SA74-PS	OXFORD_NANOPORE	MinION	524147573.0	143591.0	WGS	GENOMIC	SINGLE	ONT performance study sequencing of S. aureus
ERR4763121	ERX4636174	ERS5247957	ERP124695	PRJEB40976	Enterococcus faecalis		OXFORD_NANOPORE	GridION	669427359.0	32146.0	WGS	GENOMIC	SINGLE	GridION sequencing; Raw reads: 28099_2#221
ERR1940990	ERX2001523	ERS1429822	ERP005928	PRJEB6403	Clostridium paraputrificum	NCTC11833	PACBIO_SMRT	PacBio RS	940274322.0	163482.0	WGS	GENOMIC	SINGLE	PacBio RS sequencing
SRR35071179	SRX30184842	SRS26244850	SRP610420	PRJNA1308807	Escherichia coli	Ec_023	OXFORD_NANOPORE	MinION	961544872.0	121328.0	WGS	GENOMIC	SINGLE	Oxford Nanopore sequences of an isolated E. coli strain from wastewater
ERR2503988	ERX2523231	ERS2362351	ERP107644	PRJEB25703	Neisseria gonorrhoeae		OXFORD_NANOPORE	MinION	659802996.0	69479.0	WGS	GENOMIC	SINGLE	MinION sequencing
SRR4180921	SRX2142217	SRS1673923	SRP086930	PRJNA303644	Schaalia radingae	DSM 9169	PACBIO_SMRT	PacBio RS	1310104996.0	373723.0	WGS	GENOMIC	SINGLE	Actinomyces radingae DSM 9169
SRR12395415	SRX8893482	SRS7152504	SRP276100	PRJNA650381	Mycobacterium tuberculosis		OXFORD_NANOPORE	MinION	718268905.0	426432.0	WGS	GENOMIC	SINGLE	Nanopore TB WGS
ERR15941375	ERX15336920	ERS27416691	ERP185476	PRJEB104171	Escherichia coli		OXFORD_NANOPORE	MinION	127998581.0	33772.0	WGS	GENOMIC	SINGLE	MinION sequencing
SRR6175468	SRX3286231	ERS710909	ERP006536	PRJEB6891	Klebsiella pneumoniae	INF158	OXFORD_NANOPORE	MinION	282815038.0	33526.0	WGS	GENOMIC	SINGLE	ONT nanopore long read sequencing of K. pneumoniae
SRR23347593	SRX19289440	SRS16690584	SRP421131	PRJNA931653	Escherichia coli K-12	K-12	OXFORD_NANOPORE	GridION	21675123.0	4000.0	WGS	GENOMIC	SINGLE	Nanopore sequencing of Ciprofloxacin challenged E. coli
ERR12814823	ERX12187819	ERS18629877	ERP158153	PRJEB73354	Escherichia coli		OXFORD_NANOPORE	GridION	626890021.0	219928.0	WGS	GENOMIC	SINGLE	GridION sequencing
SRR32051145	SRX27400212	SRS23831442	SRP558459	PRJNA828004	Leptospira interrogans	KR40	OXFORD_NANOPORE	MinION	845640251.0	189022.0	WGS	GENOMIC	SINGLE	Hybrid genome assembly of Leptospira interrogans strain:N 116 using Illumina and Oxford Nanopore sequencing:  Oxford nanopore reads
SRR32028211	SRX27378229	SRS20930941	SRP546801	PRJNA1128686	Listeria ivanovii	PNUSAL004272	PACBIO_SMRT	PacBio RS II	1251543154.0	353818.0	WGS	GENOMIC	SINGLE	PacBio sequencing of Listeria ivanovii PNUSAL004272
ERR15373200	ERX14776885	ERS23666210	ERP169391	PRJEB86018	Haemophilus influenzae		PACBIO_SMRT	Sequel II	305911170.0	24398.0	WGS	GENOMIC	SINGLE	Sequel II sequencing
SRR33768930	SRX28991149	SRS22456250	SRP444583	PRJNA962904	Escherichia coli		PACBIO_SMRT	Sequel II	276845759.0	13831.0	WGS	GENOMIC	SINGLE	PacBio sequencing of AH0329HC2 for ARCH 2
SRR28921460	SRX24477652	SRS21227597	SRP506039	PRJNA1098252	Escherichia coli	CIDM-EC22-0303_ONTR	OXFORD_NANOPORE	GridION	234460412.0	18788.0	WGS	GENOMIC	SINGLE	WGS of CIDM-EC22-0303_ONTR
SRR26113931	SRX21827941	SRS18927529	SRP391002	PRJNA868478	Escherichia coli	XH987	OXFORD_NANOPORE	MinION	817202756.0	62669.0	WGS	GENOMIC	SINGLE	DNA-Seq of E. coli XH987
DRR451318	DRX436409	DRS284057	DRP009701	PRJDB13655	Thalassotalea sediminis	KCTC 42588	OXFORD_NANOPORE	MinION	2909587042.0	283851.0	WGS	GENOMIC	SINGLE	MinION sequencing of SAMD00582803
DRR572345	DRX555812	DRS426406	DRP012251	PRJDB17574	Escherichia coli	YK-IS1MA-L10-3_G08	OXFORD_NANOPORE	MinION	1624857.0	243.0	WGS	GENOMIC	SINGLE	nanopore-seq of SAMD00748223 L10-3_G8
SRR13957659	SRX10336018	SRS8455562	SRP300861	PRJNA663900	Enterococcus sp. DIV1328a	DIV1328a	OXFORD_NANOPORE	GridION	1435815305.0	238224.0	WGS	GENOMIC	SINGLE	sequencing of enterococcal diversity
SRR386998	SRX109910	SRS281279	SRP001087	PRJNA40075	Escherichia coli str. K-12 substr. MG1655	K-12	PACBIO_SMRT	PacBio RS	84040572.0	81741.0	WGS	GENOMIC	SINGLE	Whole Genome Sequencing and Assembly
ERR16016601	ERX15411508	ERS28333162	ERP186531	PRJEB105328	Priestia megaterium		PACBIO_SMRT	Sequel	229122640.0	19350.0	WGS	GENOMIC	SINGLE	Sequel sequencing
SRR27201577	SRX22881427	SRS19853836	SRP477847	PRJNA1052100	Klebsiella pneumoniae	C21	OXFORD_NANOPORE	MinION	473250655.0	151192.0	WGS	GENOMIC	SINGLE	ONT R9.4.1 sequences of Klebsiella pneumoniae from clinical sources in Ghana
SRR21682053	SRX17680137	SRS15211878	SRP074197	PRJNA288601	Enterobacter hormaechei	2017-45-33	PACBIO_SMRT	PacBio RS II	781431664.0	163482.0	WGS	GENOMIC	SINGLE	PacBio sequencing of 2017-45-33
ERR10664109	ERX10133293	ERS2785806	ERP104475	PRJEB22771	Streptococcus pneumoniae		PACBIO_SMRT	Sequel II	2021627267.0	318564.0	WGS	GENOMIC	SINGLE	Sequel II sequencing
SRR12299060	SRX8802153	SRS6792754	SRP266402	PRJNA605147	Escherichia coli	RHBSTW-00941	OXFORD_NANOPORE	GridION	388369286.0	105914.0	WGS	GENOMIC	SINGLE	OXFORD_NANOPORE sequencing of Escherichia coli isolate WTP1|T3-00941 cultured from WTP effluent sample
ERR10499656	ERX10016938	ERS14256864			Escherichia coli		OXFORD_NANOPORE	GridION	466769655.0	41604.0	WGS	GENOMIC	SINGLE	GridION sequencing; Raw reads: ONT_30602_2#254
SRR23384612	SRX19323049	SRS16721132	SRP421698	PRJNA924056	Enterobacter hormaechei	CPO177	OXFORD_NANOPORE	MinION	215323931.0	87008.0	WGS	GENOMIC	SINGLE	WGS of bacterial isolate possessing blaIMP-4 carbapenemase
SRR6747885	SRX3720564	SRS2978305	SRP133040	PRJNA307517	Klebsiella pneumoniae	16_GR_13	OXFORD_NANOPORE	MinION	586807575.0	176248.0	WGS	GENOMIC	SINGLE	Nanopore DNA sequencing of XDR Klebsiella pneumoniae: 16_GR_13
SRR11620691	SRX8184850	SRS5970347	SRP064275	PRJNA258022	Campylobacter sp. CFSAN093224	CFSAN093224	OXFORD_NANOPORE	MinION	108242507.0	7887.0	WGS	GENOMIC	SINGLE	Complete Genome Sequences of 17 clinical Campylobacter jejuni strains from Chile
ERR8007920	ERX7573589	ERS9899450	ERP131998	PRJEB47698	Streptococcus agalactiae		OXFORD_NANOPORE	MinION	505212756.0	86432.0	WGS	GENOMIC	SINGLE	MinION sequencing
SRR33943422	SRX29143447	SRS22793800	SRP536063	PRJNA1167355	Mycetohabitans sp.	B46	OXFORD_NANOPORE	PromethION	572522810.0	109787.0	WGS	GENOMIC	SINGLE	Nanopore sequence of Mycetohabitans spp.: Mycetohabitans sp. B46
SRR25466778	SRX21199643	SRS18458348	SRP452337	PRJNA1000618	Escherichia coli	Escherichia coli BL21(DE3)	OXFORD_NANOPORE	MinION	6203467.0	3999.0	WGS	GENOMIC	SINGLE	CASTVK transposition with different condition
SRR31075624	SRX26459035	SRS20726445	SRP399759	PRJNA857539	Salmonella enterica subsp. enterica serovar Panama	AUSMDU00068423	OXFORD_NANOPORE	MinION	1129131580.0	351106.0	WGS	GENOMIC	SINGLE	WGS of Salmonella enterica subsp. enterica serovar Panama
SRR28825849	SRX24388735	SRS21144498	SRP504527	PRJNA984017	Escherichia coli	E8N	OXFORD_NANOPORE	MinION	382018293.0	63234.0	WGS	GENOMIC	SINGLE	Escherichia coli E8N oxford nanopore reads
ERR15459750	ERX14863637	ERS23132439	ERP168932	PRJEB85558	Burkholderia cenocepacia		OXFORD_NANOPORE	PromethION	98724338.0	193302.0	WGS	GENOMIC	SINGLE	PromethION sequencing
DRR572501	DRX555968	DRS426373	DRP012251	PRJDB17574	Escherichia coli	YK-IS1MA-L02-2_G08	OXFORD_NANOPORE	MinION	315367919.0	19200.0	WGS	GENOMIC	SINGLE	nanopore-seq of SAMD00748190 L02-2_G8
SRR28015934	SRX23668135	SRS20499224	SRP490485	PRJNA1007734	Sinorhizobium chiapasense	ITTG S70	OXFORD_NANOPORE	MinION	294093559.0	35750.0	WGS	GENOMIC	SINGLE	DNA-seq of Sinorhizobium chiapanecum ITTG S70
ERR2528456	ERX2547337	ERS2016125	ERP005928	PRJEB6403	Serratia plymuthica		PACBIO_SMRT	PacBio RS	718805303.0	163482.0	WGS	GENOMIC	SINGLE	PacBio RS sequencing
SRR34352490	SRX29517602	SRS25652862	SRP598021	PRJNA1274170	Ralstonia pseudosolanacearum	RalTom1	OXFORD_NANOPORE	PromethION	209337000.0	47152.0	WGS	GENOMIC	SINGLE	Ralstonia pseudosolanacearum
SRR32735227	SRX28021561	SRS21935114	SRP518672	PRJNA1133624	Pseudomonas aeruginosa	ARGA00190	PACBIO_SMRT	Revio	967856225.0	113432.0	WGS	GENOMIC	SINGLE	WGS of ARGA00190
SRR36388060	SRX31416399	SRS27399752	SRP653897	PRJNA1378463	Klebsiella pneumoniae	#0498	OXFORD_NANOPORE	MinION	279849915.0	62883.0	WGS	GENOMIC	SINGLE	WGS of Klebsiella pneumoniae ST307 and ST5994: clinical isolates from Cantabria (Spain)
SRR16525604	SRX12728395	SRS10336856	SRP357534	PRJNA801415	Enterobacter cloacae	171	OXFORD_NANOPORE	GridION	2124999170.0	276698.0	WGS	GENOMIC	SINGLE	Extensive diversification and dissemination of blaNDM carbapenemase plasmids in Enterobacterales in Singapore 2010-2015
SRR25466824	SRX21199596	SRS18458352	SRP452337	PRJNA1000618	Escherichia coli	Escherichia coli BL21(DE3)	OXFORD_NANOPORE	MinION	6320633.0	4000.0	WGS	GENOMIC	SINGLE	CASTVK transposition with different condition
SRR35178740	SRX30283608	SRS26332666	SRP614097	PRJNA1293422	Proteus mirabilis	HUP22	OXFORD_NANOPORE	PromethION	282479560.0	133688.0	WGS	GENOMIC	SINGLE	Whole-genome sequencing of Proteus mirabilis
SRR13386143	SRX9805286	SRS7989361	SRP300861	PRJNA663900	Enterococcus sp. DIV0086	DIV0086	OXFORD_NANOPORE	GridION	1627409203.0	424660.0	WGS	GENOMIC	SINGLE	Zoo 3 Enterococcus Diversity Genome sequencing and assembly
SRR34531123	SRX29674537	SRS25787643	SRP600654	PRJNA1289023	Enterobacter cloacae complex	E. hormaechei subsp. steigerwaltii	OXFORD_NANOPORE	MinION	541540855.0	66346.0	WGS	GENOMIC	SINGLE	WGS of enterobacterial clinical strains carrying IncQ2::blaGES plasmid
ERR13925674	ERX13327549	ERS16398129	ERP151344	PRJEB66282	Pseudomonas protegens CHA0		PACBIO_SMRT	PacBio RS II	1538485110.0	207191.0	WGS	GENOMIC	SINGLE	Raw reads: C4
SRR17299235	SRX13476416	SRS11359043	SRP399759	PRJNA857539	Salmonella enterica	AUSMDU00049496	OXFORD_NANOPORE	GridION	2475689632.0	404041.0	WGS	GENOMIC	SINGLE	Long read sequencing of Salmonella enterica serovar Typhi
SRR5809256	SRX2987835	SRS2339778	SRP111205	PRJNA392824	Klebsiella pneumoniae	JHTS007	OXFORD_NANOPORE	MinION	1033632480.0	132615.0	WGS	GENOMIC	SINGLE	KPN Isolate 7 Nanopore
SRR4180956	SRX2142252	SRS1673934	SRP086941	PRJNA303720	Corynebacterium renale	DSM 20688	PACBIO_SMRT	PacBio RS	572183857.0	185572.0	WGS	GENOMIC	SINGLE	Corynebacterium renale DSM 20688
SRR13448265	SRX9861428	SRS8041700	SRP295672	PRJNA681856	Salmonella enterica subsp. salamae	LHICA_SA1	OXFORD_NANOPORE	MinION	23798108.0	4000.0	WGS	GENOMIC	SINGLE	WGS of Salmonella Lhica SA1_16
SRR34967116	SRX30086449	SRS26152722	SRP608514	PRJNA1305037	Klebsiella pneumoniae	MI_KPC_172	OXFORD_NANOPORE	PromethION	415650130.0	87777.0	WGS	GENOMIC	SINGLE	KPC CRE collection from state of Michigan
SRR10211243	SRX6931001	SRS5461296	SRP191068	PRJNA528511	Escherichia coli	GTEN_216	OXFORD_NANOPORE	GridION	1491630576.0	325685.0	WGS	GENOMIC	SINGLE	Global TravEpiNet AMR surveillance Genome sequencing and assembly
ERR3965045	ERX3968388	ERS4359509	ERP120218	PRJEB36951	Escherichia coli		OXFORD_NANOPORE	MinION	217353654.0	13322.0	WGS	GENOMIC	SINGLE	MinION sequencing; Raw reads: SC445
SRR5413428	SRX2705372	ERS1894625	SRP103024	PRJNA257886	Xaviernesmea oryzae	B4P	PACBIO_SMRT	PacBio RS	86878031.0	48689.0	WGS	GENOMIC	SINGLE	Rhizobium oryzae B4P
SRR13893811	SRX10273203	SRS8406472	SRP309815	PRJNA686978	Klebsiella pneumoniae	not collected	OXFORD_NANOPORE	MinION	808487227.0	94574.0	WGS	GENOMIC	SINGLE	nanopore sequencing of k pneumoniae: clinical isolate
SRR24140079	SRX19938326	SRS17287035	SRP247747	PRJNA604975	Escherichia coli	ox_bsi_652	OXFORD_NANOPORE	GridION	487237387.0	190270.0	WGS	GENOMIC	SINGLE	oxford_bsi
SRR33769378	SRX28991800	SRS25210253	SRP444583	PRJNA962904	Escherichia coli		PACBIO_SMRT	Sequel II	309325158.0	15015.0	WGS	GENOMIC	SINGLE	PacBio sequencing of A147007HE1 for ARCH 2
ERR1800574	ERX1864115	ERS1497477	ERP005928	PRJEB6403	Rothia dentocariosa	NCTC10917	PACBIO_SMRT	PacBio RS	734138934.0	163482.0	WGS	GENOMIC	SINGLE	PacBio RS sequencing
ERR1016534	ERX1095594	ERS747609	ERP005928	PRJEB6403	Escherichia coli	NCTC9966	PACBIO_SMRT	PacBio RS	1125614713.0	163482.0	WGS	GENOMIC	SINGLE	PacBio RS sequencing
DRR393627	DRX379446	DRS296960	DRP007849	PRJDB10842	Escherichia coli	JBBCACA-19-0005	OXFORD_NANOPORE	GridION	209740938.0	17393.0	WGS	GENOMIC	SINGLE	GridION sequencing of SAMD00498339
ERR15941296	ERX15336841	ERS27416612	ERP185476	PRJEB104171	Escherichia coli		OXFORD_NANOPORE	MinION	432100953.0	114504.0	WGS	GENOMIC	SINGLE	MinION sequencing
SRR22784616	SRX18744262	SRS16179586	SRP413484	PRJNA912639	Escherichia coli	EC_A_6245_C4_H_CuP_CeP	OXFORD_NANOPORE	MinION	1015895375.0	138760.0	WGS	GENOMIC	SINGLE	WGS of Escherichia coli
SRR30638109	SRX26059958	SRS22262580	SRP074197	PRJNA288601	Enterobacter ludwigii	2024CK-01200	OXFORD_NANOPORE	GridION	1728877049.0	217611.0	WGS	GENOMIC	SINGLE	Nanopore sequencing of ARLN isolate
SRR8420314	SRX5229382	SRS4233156	SRP176665	PRJNA512395	Klebsiella oxytoca	M82255ONP	OXFORD_NANOPORE	MinION	362177917.0	204000.0	WGS	GENOMIC	SINGLE	WGS of K. oxytoca: ONP complete genome
DRR684980	DRX665082	DRS481850	DRP012116	PRJDB18898	Atlantibacter hermannii	VT10-S	OXFORD_NANOPORE	MinION	1226593919.0	313829.0	WGS	GENOMIC	SINGLE	MinION sequencing of SAMD00900375
SRR26950711	SRX22644495	SRS19641537	SRP474291	PRJNA1043871	Bacillus sp. PBL-C9	PBL-C9	OXFORD_NANOPORE	MinION	552.0	1.0	WGS	GENOMIC	SINGLE	Bacillus sp. PBL-C9 Genome sequencing and assembly
SRR35544096	SRX30618992	SRS26643859	SRP624405	PRJNA1330714	Bacillus mycoides	MC118	OXFORD_NANOPORE	PromethION	3583351483.0	397907.0	WGS	GENOMIC	SINGLE	Whole genome sequences of 20 Bacillus cereus isolated from various environments
SRR37184084	SRX32121773	SRS28054733	SRP676055	PRJNA1405938	Klebsiella pneumoniae	2024005002	OXFORD_NANOPORE	MinION	1066912775.0	378722.0	WGS	GENOMIC	SINGLE	Hypervirulence-associated genes in Klebsiella pneumoniae
SRR24475419	SRX20261751	SRS17592452	SRP436596	PRJNA924104	Bacillus thuringiensis	BLB1	PACBIO_SMRT	Sequel II	3060590945.0	374689.0	WGS	GENOMIC	PAIRED	PacBio CCS reads of whole genome sequencing of Bacillus thuringiensis strain BLB1
ERR15602661	ERX15005885	ERS26882929	ERP180185	PRJEB97707	Escherichia coli		OXFORD_NANOPORE	MinION	155229164.0	29102.0	WGS	GENOMIC	SINGLE	MinION sequencing
SRR18560242	SRX14689567	SRS12453010	SRP366938	PRJNA821870	Ornithobacterium rhinotracheale	97	OXFORD_NANOPORE	MinION	150373784.0	50152.0	WGS	GENOMIC	SINGLE	DNA sequencing of ORT strain 97
ERR968973	ERX978765	ERS739356	ERP010554	PRJEB9447	Escherichia coli str. K-12 substr. MG1655	K-12	OXFORD_NANOPORE	MinION	301141523.0	33716.0	WGS	GENOMIC	SINGLE	MinION sequencing
SRR25466837	SRX21199583	SRS18458352	SRP452337	PRJNA1000618	Escherichia coli	Escherichia coli BL21(DE3)	OXFORD_NANOPORE	MinION	6335825.0	4000.0	WGS	GENOMIC	SINGLE	CASTVK transposition with different condition
SRR12247670	SRX8755497	SRS6976365	SRP266402	PRJNA605147	Escherichia fergusonii	RHB44-C01	OXFORD_NANOPORE	GridION	887025345.0	160692.0	WGS	GENOMIC	SINGLE	Oxford Nanopore sequencing of Escherichia coli isolate RH18|T1-C01 cultured from poultry farm faeces sample
SRR32584321	SRX27890819	SRS24262146	SRP568071	PRJNA1231784	Mycobacterium	INH128ugmlmutant02	OXFORD_NANOPORE	GridION	298009432.0	36580.0	WGS	GENOMIC	SINGLE	Genome sequencing of Mycobacterium sp.
SRR8509633	SRX5313291	SRS4310420	SRP182982	PRJNA516749	Escherichia coli	U15A	PACBIO_SMRT	PacBio RS II	1106187821.0	163482.0	WGS	GENOMIC	SINGLE	PacBio Sequence read data for E. coli ST131 str. U15A
SRR8859038	SRX5646562	SRS4592150	SRP191068	PRJNA528511	Escherichia coli	GTEN_26	OXFORD_NANOPORE	GridION	1815814684.0	254341.0	WGS	GENOMIC	SINGLE	Global TravEpiNet AMR surveillance Genome sequencing and assembly
ERR3764141	ERX3765318	ERS4183449	ERP115330	PRJEB32627	Escherichia coli		OXFORD_NANOPORE	MinION	412904311.0	57608.0	WGS	GENOMIC	SINGLE	MinION sequencing
SRR5165453	SRX2482422	SRS1913863	SRP096425	PRJNA257885	Azospirillum lipoferum	R1C	PACBIO_SMRT	PacBio RS	247639256.0	128501.0	WGS	GENOMIC	SINGLE	Azospirillum lipoferum R1C
SRR33323175	SRX28567609	SRS24861716	SRP581476	PRJNA1255637	Staphylococcus aureus	ONT-SA09	OXFORD_NANOPORE	GridION	1182473330.0	301633.0	WGS	GENOMIC	SINGLE	ONT-SA09
SRR2145875	SRX1133840	SRS1023826	SRP062049	PRJNA178670	Burkholderia pseudomallei MSHR1079	MSHR1079	PACBIO_SMRT	PacBio RS II	283854485.0	313598.0	WGS	GENOMIC	SINGLE	BBM_PacBio
ERR2531741	ERX2550170	ERS1963337	ERP005928	PRJEB6403	Aeromonas hydrophila		PACBIO_SMRT	PacBio RS	500086130.0	163482.0	WGS	GENOMIC	SINGLE	PacBio RS sequencing
SRR19843424	SRX15886964	SRS12114924	SRP361569	PRJNA768416	Bacillus sp. FSL K6-1336	FSL K6-1336	OXFORD_NANOPORE	MinION	349238288.0	73781.0	WGS	GENOMIC	SINGLE	WGS of Bacilli
SRR33123832	SRX28387195	SRS24711122	SRP578427	PRJNA1244367	Bacillus cereus ATCC 14579	ATCC 14579	OXFORD_NANOPORE	GridION	3342154867.0	879100.0	WGS	GENOMIC	SINGLE	WGS of Bacillus cereus Strain ATCC14581
SRR31828405	SRX27188796	SRS19679239	SRP475049	PRJNA1046639	Staphylococcus aureus	sa230627barcode06	OXFORD_NANOPORE	MinION	556027442.0	104393.0	WGS	GENOMIC	SINGLE	Staphylococcus aureus strain sa230627_barcode06
ERR10155872	ERX9691992	ERS6426130	ERP109413	PRJEB27342	Klebsiella huaxiensis		PACBIO_SMRT	Sequel II	6316920634.0	993122.0	WGS	GENOMIC	SINGLE	Sequel II sequencing
SRR18206676	SRX14353265	SRS12167123	SRP362195	PRJNA789891	Xanthomonas translucens	B8GF	PACBIO_SMRT	Sequel	8926263667.0	1308751.0	WGS	GENOMIC	SINGLE	XttB8GF-raw genomic
SRR9722592	SRX6480175	SRS5130281	SRP215816	PRJNA470993	Staphylococcus aureus	ER01838.3	PACBIO_SMRT	PacBio RS II	997307820.0	144238.0	WGS	GENOMIC	SINGLE	WGS of Staphylococcus aureus
SRR4164099	SRX2136360	ERS1358155	SRP086208	PRJNA303509	Micromonospora narathiwatensis	DSM 45248	PACBIO_SMRT	PacBio RS	1359273887.0	469095.0	WGS	GENOMIC	SINGLE	Micromonospora narathiwatensis DSM 45248
SRR448138	SRX131412	SRS010315	SRP001878	PRJNA40009	Bacteroides eggerthii 1_2_48FAA	1_2_48FAA	PACBIO_SMRT	PacBio RS	191808266.0	81741.0	WGS	GENOMIC	SINGLE	Whole Genome Sequencing and Assembly
DRR307162	DRX296596	DRS194124	DRP007467	PRJDB11902	Pyramidobacter piscolens	CE91-St28	PACBIO_SMRT	Sequel	116391082.0	8905.0	WGS	GENOMIC	SINGLE	Sequel sequencing of SAMD00389908
SRR2353020	SRX1225084	SRS1064979	SRP063618	PRJNA292573	Pseudomonas brassicacearum	LBUM300	PACBIO_SMRT	PacBio RS II	3423173.0	1195.0	WGS	GENOMIC	SINGLE	Complete genome sequencing of Pseudomonas brassicacearum LBUM300
ERR14129400	ERX13532066	ERS13618090	ERP141886	PRJEB56918	Klebsiella pneumoniae		OXFORD_NANOPORE	GridION	54989482.0	8834.0	WGS	GENOMIC	SINGLE	Raw reads: 1002720
SRR31315271	SRX26693123	SRS23185537	SRP544682	PRJNA1184784	Pseudomonas rhizophila	Pseudomonas_E sp.	PACBIO_SMRT	Sequel	1716155569.0	200867.0	WGS	GENOMIC	SINGLE	G1_seq02
SRR23191127	SRX19141462	SRS16553838	SRP418664	PRJNA905051	Pseudomonas aeruginosa	2868	OXFORD_NANOPORE	MinION	210045598.0	4400.0	WGS	GENOMIC	SINGLE	DNA-seq of Pseudomonas aeruginosa from healthcare
SRR31583381	SRX26948873	SRS23420335	SRP548954	PRJNA1193326	Campylobacter jejuni		OXFORD_NANOPORE	MinION	713711196.0	201922.0	WGS	GENOMIC	SINGLE	Long-read Nanopore-based WGS characterization of antimicrobial resistant Campylobacter jejuni and Campylobacter coli isolates from humans, animals and food products in Northern Spain within a One Health approach
ERR13913819	ERX13315638	ERS21347592	ERP158224	PRJEB73456	Neisseria gonorrhoeae		OXFORD_NANOPORE	GridION	1449487688.0	451001.0	WGS	GENOMIC	SINGLE	GridION sequencing
SRR36706826	SRX31714240	SRS27683946	SRP660378	PRJNA1399394	Bacillus subtilis subsp. subtilis str. 168	168	OXFORD_NANOPORE	MinION	291760407.0	23805.0	WGS	GENOMIC	SINGLE	Long-read WGS library of Bacillus subtilis 168 Tet1-M lineage
SRR29316924	SRX24833686	SRS21545517	SRP512379	PRJNA1121190	Vibrio cholerae	137Vc08	OXFORD_NANOPORE	PromethION	497239488.0	76719.0	WGS	GENOMIC	SINGLE	WGS of Vcholerae isolates
ERR15991620	ERX15386726	ERS28170806	ERP184281	PRJEB102899	Pseudomonas aeruginosa		OXFORD_NANOPORE	GridION	1778247479.0	141828.0	WGS	GENOMIC	SINGLE	GridION sequencing
SRR20082622	SRX16120323	SRS11390401	SRP367045	PRJNA821264	Lacticaseibacillus paracasei	VHProbi F22	PACBIO_SMRT	PacBio RS II	1016265146.0	90122.0	WGS	GENOMIC	SINGLE	DNA-Seq of  L. paracasei:old man feces
SRR14876243	SRX11193581	SRS9249392	SRP324986	PRJNA731904	Escherichia coli	K-12 substr. AB1157	OXFORD_NANOPORE	GridION	21805201346.0	3327684.0	WGS	GENOMIC	SINGLE	DNA-Seq of Escherichia coli: Strain K-12, substr. AB1157
SRR35898081	SRX30947338	SRS26942981	SRP637540	PRJNA1345719	Escherichia coli	U19fL	OXFORD_NANOPORE	PromethION	953580828.0	204084.0	WGS	GENOMIC	SINGLE	U19fL
ERR12642470	ERX12016803	ERS16746407	ERP155683	PRJEB70780	Klebsiella pneumoniae		OXFORD_NANOPORE	MinION	299779642.0	96786.0	WGS	GENOMIC	SINGLE	MinION sequencing
ERR1456743	ERX1527221	ERS1092524	ERP005928	PRJEB6403	Legionella pneumophila subsp. pascullei	NCTC12272	PACBIO_SMRT	PacBio RS	697712508.0	163482.0	WGS	GENOMIC	SINGLE	PacBio RS sequencing
DRR671058	DRX651160	DRS468825	DRP013154	PRJDB19298	Flagellimonas lutaonensis		PACBIO_SMRT	PacBio RS II	661524590.0	85247.0	WGS	GENOMIC	SINGLE	PacBio RS II sinlge-end Sequencing of KAS22021773 (KAE22235250)
SRR32556697	SRX27866705	SRS21545380	SRP512379	PRJNA1121190	Vibrio cholerae	117Vc10	OXFORD_NANOPORE	PromethION	911833085.0	210513.0	WGS	GENOMIC	SINGLE	WGS of Vcholerae isolates
SRR12395269	SRX8893628	SRS7152650	SRP276100	PRJNA650381	Mycobacterium tuberculosis		OXFORD_NANOPORE	MinION	579002659.0	421752.0	WGS	GENOMIC	SINGLE	Nanopore TB WGS
SRR1177097	SRX476281	SRS561981	SRP038985	PRJNA212466	Anaplasma phagocytophilum str. HGE2		PACBIO_SMRT	PacBio RS	769380264.0	163482.0	WGS	GENOMIC	SINGLE	
DRR660590	DRX640795	DRS501509	DRP013856	PRJDB20339	Staphylococcus aureus	M-18-227	OXFORD_NANOPORE	MinION	1503231052.0	244951.0	WGS	GENOMIC	SINGLE	M-18-227_ONT
SRR13680709	SRX10069999	SRS8231703	SRP303037	PRJNA694442	Salmonella enterica		OXFORD_NANOPORE	GridION	687650510.0	79340.0	WGS	GENOMIC	SINGLE	Multiplex WGS of Salmonella enterica
SRR14871142	SRX11188676	SRS9244977	SRP324862	PRJNA736470	Streptococcus equi subsp. zooepidemicus	SEZ_19-045	PACBIO_SMRT	Sequel	840514576.0	138991.0	WGS	GENOMIC	SINGLE	PacBio whole genome sequencing of Streptococcu equi
ERR6504080	ERX6130995	ERS7421248	ERP131249	PRJEB47011	Escherichia coli		OXFORD_NANOPORE	MinION	888729868.0	217146.0	WGS	GENOMIC	SINGLE	MinION sequencing; Raw reads: VNHN08_84
SRR26895492	SRX22589744	SRS19596620	SRP473162	PRJNA1043403	Klebsiella pneumoniae	DD02090	OXFORD_NANOPORE	MinION	1558721640.0	411304.0	WGS	GENOMIC	SINGLE	Nanopre Sequencing of Hypervirulent and Carbapenem-resistant Klebsiella pneumoniae
ERR2125870	ERX2182722	ERS1726463	ERP005928	PRJEB6403	Chromobacterium violaceum		PACBIO_SMRT	PacBio RS	34834740.0	163482.0	WGS	GENOMIC	SINGLE	PacBio RS sequencing
