srr_accession	srx_accession	srs_accession	srp_accession	bioproject	organism	strain	platform	instrument	total_bases	total_spots	library_strategy	library_source	library_layout	title
SRR23032140	SRX18986842	SRS16407903	SRP414243	PRJNA914626	Pseudomonas putida	PD584_L3	OXFORD_NANOPORE	MinION	306237276.0	64621.0	WGS	GENOMIC	SINGLE	DNA-Seq of Pseudomonas putida strain PD584_L3
SRR29303097	SRX24820158	SRS21490954	SRP511146	PRJNA1119015	Pseudomonas savastanoi pv. phaseolicola 1448A	Pseudomonas syringae	OXFORD_NANOPORE	MinION	2550988249.0	423978.0	WGS	GENOMIC	SINGLE	Nanopore sequenicng of psph_hsdmsrKO_R9_subsampled
SRR31235424	SRX26615409	SRS23113934	SRP543347	PRJNA1182389	Escherichia coli	NEB 10-beta	OXFORD_NANOPORE	MinION	8315896.0	3615.0	WGS	GENOMIC	SINGLE	Long Read Sequencing of synthetic plasmid
ERR13744128	ERX13145540	ERS16082384	ERP149426	PRJEB64289	Escherichia coli		PACBIO_SMRT	Sequel IIe	293944446.0	33275.0	WGS	GENOMIC	SINGLE	Sequel IIe sequencing
SRR10828861	SRX7502237	SRS5943605	SRP239488	PRJNA598947	Vibrio cholerae O1 biovar El Tor	E7946	PACBIO_SMRT	PacBio RS II	4829234393.0	163482.0	WGS	GENOMIC	SINGLE	WGS of E7946-BlokeschLab
SRR4061918	SRX2050972	SRS1527661	SRP077341	PRJNA225843	Arenibacter algicola	TG409	PACBIO_SMRT	PacBio RS	300734484.0	78899.0	WGS	GENOMIC	SINGLE	Arenibacter algicola TG409
ERR3685989	ERX3675593	ERS4047790	ERP114207	PRJEB31632	bacterium		OXFORD_NANOPORE	GridION	792240977.0	144030.0	WGS	GENOMIC	SINGLE	GridION sequencing
ERR13600818	ERX12971841	ERS5521185	ERP126193	PRJEB42350	Klebsiella pneumoniae		OXFORD_NANOPORE	GridION	313592248.0	12957.0	WGS	GENOMIC	SINGLE	GridION sequencing
ERR4352179	ERX4296718	ERS4535075	ERP115312	PRJEB32611	Methylomonas fluvii		PACBIO_SMRT	PacBio RS	2864835694.0	163482.0	WGS	GENOMIC	SINGLE	PacBio RS sequencing
SRR12298644	SRX8801933	SRS6792557	SRP266402	PRJNA605147	Escherichia coli	RHB31-C15	OXFORD_NANOPORE	GridION	2187027776.0	355180.0	WGS	GENOMIC	SINGLE	OXFORD_NANOPORE sequencing of Escherichia coli isolate RH10|T3-C15 cultured from Cattle faeces sample
ERR3523455	ERX3542714	ERS3738949	ERP009812	PRJEB8776	Escherichia coli		PACBIO_SMRT	PacBio RS	601315696.0	163482.0	WGS	GENOMIC	SINGLE	PacBio RS sequencing
SRR25689481	SRX21414653	SRS18495494	SRP395888	PRJNA812595	Escherichia coli O157:H7	PNUSAE145591	OXFORD_NANOPORE	GridION	1774856786.0	319945.0	WGS	GENOMIC	SINGLE	Nanopore sequencing of ARLN isolate
SRR33769441	SRX28991921	SRS22455965	SRP444583	PRJNA962904	Klebsiella pneumoniae		PACBIO_SMRT	Sequel II	72394202.0	13883.0	WGS	GENOMIC	SINGLE	PacBio sequencing of AH0895HC1 for ARCH 2
SRR30463438	SRX25888522	SRS22459530	SRP515179	PRJNA1126331	Candidatus Korobacteraceae bacterium		PACBIO_SMRT	Sequel II	4340846.0	1.0	WGS	GENOMIC	SINGLE	HiFi.Rittmann_complete.5631
SRR8365126	SRX5175453	SRS4182783	SRP174267	PRJNA510422	Salmonella enterica subsp. salamae	RSE09	OXFORD_NANOPORE	MinION	500035039.0	11587.0	WGS	GENOMIC	SINGLE	whole genome sequencing of Salmonella: animal isolate
SRR32385929	SRX27718409	SRS24111757	SRP564717	PRJNA1224760	Pseudomonas aeruginosa	P15	OXFORD_NANOPORE	MinION	298280236.0	62083.0	WGS	GENOMIC	SINGLE	Whole genome sequencing of P.aeruginosa isolate from Aquaculture farm
SRR11425869	SRX8004223	SRS6378182	SRP254068	PRJNA615288	Salmonella enterica subsp. enterica serovar Typhimurium	ST56	OXFORD_NANOPORE	MinION	214531001.0	12000.0	WGS	GENOMIC	SINGLE	MinION sequencing of Salmonella  Indiana: Human
ERR10499335	ERX10016621	ERS14255972	ERP142629	PRJEB57633	Escherichia coli		OXFORD_NANOPORE	GridION	113589687.0	13675.0	WGS	GENOMIC	SINGLE	Raw reads: ONT_31663_7#345
DRR393709	DRX379528	DRS297042	DRP007849	PRJDB10842	Klebsiella pneumoniae subsp. ozaenae	JBBEABG-19-0024	OXFORD_NANOPORE	GridION	510163588.0	45921.0	WGS	GENOMIC	SINGLE	GridION sequencing of SAMD00499198
DRR197066	DRX187483	DRS178434	DRP004189	PRJDB5929	Escherichia coli	C278	OXFORD_NANOPORE	GridION	2045231726.0	281210.0	WGS	GENOMIC	SINGLE	GridION sequencing of SAMD00137852
SRR36200471	SRX31237134	SRS27216463	SRP649104	PRJNA1367967	Klebsiella pneumoniae	38768B1	OXFORD_NANOPORE	PromethION	1730152469.0	572112.0	WGS	GENOMIC	SINGLE	WGS of clinical Klebsiella pneumoniae from a referral hospital in Bansang, Gambia
SRR21415748	SRX17420132	SRS12115322	SRP361569	PRJNA768416	Paenibacillus sp. FSL R7-0302	FSL R7-0302	OXFORD_NANOPORE	MinION	627265838.0	282087.0	WGS	GENOMIC	SINGLE	WGS of Bacilli
SRR27180053	SRX22860423	SRS19835777	SRP477403	PRJNA1049513	Vibrio sp. PBL-C16	PBL-C16	OXFORD_NANOPORE	MinION	855159.0	173.0	WGS	GENOMIC	SINGLE	Vibrio sp. PBL-C16 Genome sequencing and assembly
SRR32649613	SRX27953990	SRS24319895	SRP569572	PRJNA1234539	Roseateles noduli	37a16	PACBIO_SMRT	Sequel II	135096983.0	11881.0	WGS	GENOMIC	SINGLE	Whole genome sequencing of Strain 37a16
SRR18681740	SRX14782757	SRS12539520	SRP368114	PRJNA824420	Escherichia coli	GD02993_ECOL_HY_111	OXFORD_NANOPORE	MinION	464746171.0	55260.0	WGS	GENOMIC	SINGLE	Long-read sequencing of Escherichia coli: isolate #111 blood
SRR30041326	SRX25515909	SRS21849302	SRP517055	PRJNA1129907	Xanthomonas axonopodis pv. ricini	NCPPB 535	OXFORD_NANOPORE	PromethION	1070308462.0	242853.0	WGS	GENOMIC	SINGLE	Genome sequencing of NCPPB 535
ERR3396645	ERX3420508	ERS1436280	ERP024062	PRJEB21775	Streptococcus suis		PACBIO_SMRT	PacBio RS	903922752.0	163482.0	WGS	GENOMIC	SINGLE	PacBio RS sequencing
SRR32316774	SRX27652183	SRS24057808	SRP563376	PRJNA1222096	Burkholderia gladioli	HG_1	OXFORD_NANOPORE	MinION	465762464.0	57968.0	WGS	GENOMIC	SINGLE	MinION sequences of Burkholderia gladioli: isolated from rice panicule collected in Vietnam
ERR13600351	ERX12971374	SRS16422145	SRP416981	PRJNA922900	Klebsiella pneumoniae	Kpn394	OXFORD_NANOPORE	GridION	824221485.0	41431.0	WGS	GENOMIC	SINGLE	GridION sequencing
SRR26465548	SRX22169410	SRS19227304	SRP467862	PRJNA1000275	Pseudomonas aeruginosa	2016C06-003	OXFORD_NANOPORE	MinION	698985753.0	67629.0	WGS	GENOMIC	SINGLE	VP30
SRR13448513	SRX9861656	SRS8041853	SRP295672	PRJNA681856	Salmonella enterica subsp. diarizonae	LHICA_D1	OXFORD_NANOPORE	MinION	19896257.0	4000.0	WGS	GENOMIC	SINGLE	WGS of Salmonella Lhica D1_2
SRR27301225	SRX22978759	SRS19944387	SRP479212	PRJNA1055088	Staphylococcus pseudintermedius	MLST 84	OXFORD_NANOPORE	PromethION	448384215.0	233228.0	WGS	GENOMIC	SINGLE	WGS of S. pseudintermedius canine isolate 18-007
SRR24523567	SRX20307782	SRS17631327	SRP437380	PRJNA911709	Ligilactobacillus salivarius	S92	OXFORD_NANOPORE	MinION	253110036.0	26333.0	WGS	GENOMIC	SINGLE	Nanopore sequencing of S92
SRR34986137	SRX30104833	SRS26168483	SRP608826	PRJNA1305362	Listeria monocytogenes	Lm_100	OXFORD_NANOPORE	MinION	1099332135.0	125932.0	WGS	GENOMIC	SINGLE	Oxford Nanopore sequences of an isolated L. monocytogenes strain from wastewater
SRR27089213	SRX22778486	SRS19762648	SRP475972	PRJNA1049017	Escherichia coli	KE48	OXFORD_NANOPORE	GridION	476522227.0	91709.0	WGS	GENOMIC	SINGLE	Genomic Sequencing of both Escherichia coli and Enterococcus: recurrent urinary tract infections
SRR23796518	SRX19628665	SRS16998260	SRP426543	PRJNA942088	Campylobacter jejuni	PS_6_2022	OXFORD_NANOPORE	MinION	88760622.0	52960.0	WGS	GENOMIC	SINGLE	Nanopore sequencing of Campylobacter jejuni from chicken manure
ERR5671659	ERX5387140	ERS5845207	ERP126298	PRJEB42440	Klebsiella variicola		OXFORD_NANOPORE	GridION	320065954.0	286773.0	WGS	GENOMIC	SINGLE	GridION sequencing
ERR8282744	ERX7850175	ERS3033892	ERP112565	PRJEB30134	Pseudomonas aeruginosa	cpe007	OXFORD_NANOPORE	MinION	230600863.0	29403.0	WGS	GENOMIC	SINGLE	MinION sequencing
SRR387288	SRX110077	SRS302375	SRP001087	PRJNA40075	Escherichia coli str. K-12 substr. MG1655	K-12	PACBIO_SMRT	PacBio RS	25910261.0	60667.0	WGS	GENOMIC	SINGLE	Whole Genome Sequencing and Assembly
SRR17248028	SRX13427037	SRS5405725	SRP222369	PRJNA565470	Rhizobium leguminosarum bv. trifolii	VTg12	PACBIO_SMRT	Sequel	1647716971.0	207762.0	WGS	GENOMIC	SINGLE	Genome sequencing of rhizobia from the Almaden mine
SRR12805701	SRX9274377	SRS7503082	SRP286955	PRJNA668428	Haemophilus parainfluenzae	M1C149_1	OXFORD_NANOPORE	MinION	187212468.0	33730.0	WGS	GENOMIC	SINGLE	WGS of H. parainfluenzae: respiratory tract (cystic fibrosis)
SRR13703360	SRX10092473	SRS8249585	SRP255655	PRJNA622823	Clostridium acetobutylicum	NEB406	PACBIO_SMRT	PacBio RS II	312008516.0	163482.0	WGS	GENOMIC	SINGLE	SMRTCac8Tet2
SRR18216845	SRX14363264	SRS12038718	SRP360446	PRJNA808186	Erwinia sp. B304	B304	PACBIO_SMRT	Sequel	794554537.0	98985.0	WGS	GENOMIC	SINGLE	WGS of Erwinia sp.2
SRR11832377	SRX8382828	SRS6696793	SRP262992	PRJNA565754	Clostridium diolis	DSM 15410	PACBIO_SMRT	PacBio RS II	4375547125.0	1557346.0	WGS	GENOMIC	SINGLE	WGS of Clostridium diolis DSM 15410: long reads 1
SRR498070	SRX148634	SRS281882	SRP013241	PRJNA73829	Vibrio cholerae		PACBIO_SMRT	PacBio RS	994317.0	2189.0	WGS	GENOMIC	SINGLE	
SRR21696281	SRX17693984	SRS11554259	SRP354045	PRJNA747871	Micromonospora sp. NBC_01392	NBC_01392	OXFORD_NANOPORE	MinION	392089363.0	55261.0	WGS	GENOMIC	SINGLE	nanopore sequencing data from strain NBC_01392
SRR23347465	SRX19289568	SRS16690584	SRP421131	PRJNA931653	Escherichia coli K-12	K-12	OXFORD_NANOPORE	GridION	22340995.0	4000.0	WGS	GENOMIC	SINGLE	Nanopore sequencing of Ciprofloxacin challenged E. coli
SRR2132504	SRX1121935	SRS1014533	SRP061658	PRJNA291146	Bradyrhizobium diazoefficiens	missing	PACBIO_SMRT	PacBio RS II	1584826136.0	163482.0	WGS	GENOMIC	SINGLE	bradyrhizobium-bacteroid
SRR22386538	SRX18356620	SRS15843655	SRP409331	PRJNA904414	Paenilisteria newyorkensis	CMB191063	OXFORD_NANOPORE	MinION	564571995.0	41327.0	WGS	GENOMIC	SINGLE	Nanopore WGS of Listeria newyorkensis
SRR28415517	SRX24019918	SRS20798080	SRP496639	PRJNA1090044	Staphylococcus aureus	TUM20823	OXFORD_NANOPORE	MinION	473251983.0	104503.0	WGS	GENOMIC	SINGLE	ONT sequencing of Staphylococcus aureus TUM20823
SRR30949746	SRX26352342	SRS22817045	SRP536567	PRJNA1165464	Escherichia coli	Not applicable	OXFORD_NANOPORE	MinION	708146437.0	200000.0	WGS	GENOMIC	SINGLE	Nanopore sequencing of E.coli: blood isolate
DRR378836	DRX364724	DRS245163	DRP008720	PRJDB13381	Paraprevotella clara	1C4	PACBIO_SMRT	Sequel	155223011.0	11758.0	WGS	GENOMIC	SINGLE	Sequel sequencing of SAMD00494463
SRR8359124	SRX5169876	SRS4177016	SRP042343	PRJNA243331	Pseudomonas aeruginosa	CFSAN084950	PACBIO_SMRT	PacBio RS II	2466045925.0	163482.0	WGS	GENOMIC	SINGLE	Whole genome PacBio RS sequence of Pseudomonas aeruginosa
SRR35213427	SRX30317295	SRS26364230	SRP615992	PRJNA1301220	Acinetobacter baumannii	ABO21-A002	OXFORD_NANOPORE	MinION	248518556.0	47174.0	WGS	GENOMIC	SINGLE	Whole geneme sequencing of Acinetobacter baumannii: isolates of the Ab-One study
SRR35850982	SRX30900272	SRS26900630	SRP636871	PRJNA1334387	Planctobacterium sp. AWH2_060	AWH2_060	OXFORD_NANOPORE	GridION	3795608929.0	737755.0	WGS	GENOMIC	SINGLE	WGS of Planctobacterium sp. : Ocean water
DRR572421	DRX555888	DRS426375	DRP012251	PRJDB17574	Escherichia coli	YK-IS1MA-L02-4_G08	OXFORD_NANOPORE	MinION	81889.0	139.0	WGS	GENOMIC	SINGLE	nanopore-seq of SAMD00748192 L02-4_G8
SRR13332053	SRX9758931	SRS7948059	SRP299820	PRJNA362898	Staphylococcus aureus	CMRSA7	PACBIO_SMRT	PacBio RS II	1147149415.0	168159.0	WGS	GENOMIC	SINGLE	Pacbio filtered subread reads of S. aureus strain CMRSA7
SRR5829348	SRX3006706	SRS1832487	SRP094480	PRJNA279196	Bordetella pertussis	H779	PACBIO_SMRT	PacBio RS II	786570039.0	163482.0	WGS	GENOMIC	SINGLE	
ERR12508685	ERX11884733	ERS17744585	ERP153002	PRJEB67987	Mycobacterium tuberculosis		OXFORD_NANOPORE	MinION			WGS	GENOMIC	SINGLE	MinION sequencing
SRR9620536	SRX6383553	SRS5043155	SRP212583	PRJNA547242	Actinoplanes teichomyceticus	DSM 43866	PACBIO_SMRT	Sequel	793671801.0	210856.0	WGS	GENOMIC	SINGLE	Actinoplanes teichomyceticus DSM 43866
ERR1223268	ERX1295481	ERS945373	ERP010683	PRJEB9562	Salmonella sp.		PACBIO_SMRT	PacBio RS	2091347275.0	163482.0	WGS	GENOMIC	SINGLE	PacBio RS sequencing
SRR33768687	SRX28991391	SRS22397259	SRP444583	PRJNA962904	Klebsiella pneumoniae		PACBIO_SMRT	Sequel II	111687767.0	5646.0	WGS	GENOMIC	SINGLE	PacBio sequencing of AH0171HE1 for ARCH 2
SRR32194469	SRX27535913	SRS23952408	SRP560996	PRJNA1218017	Bacteroides thetaiotaomicron	vpi-5482	OXFORD_NANOPORE	MinION	106605695.0	95047.0	WGS	GENOMIC	SINGLE	WGS of Bacteroides thetatiotaomicron grown on different carbon sources
SRR12298397	SRX8801670	SRS6792463	SRP266402	PRJNA605147	Escherichia coli	RHBSTW-00141	OXFORD_NANOPORE	GridION	699450275.0	112629.0	WGS	GENOMIC	SINGLE	OXFORD_NANOPORE sequencing of Escherichia coli isolate WTP1|T1-00141 cultured from WTP effluent sample
SRR12395439	SRX8893458	SRS7152480	SRP276100	PRJNA650381	Mycobacterium tuberculosis		OXFORD_NANOPORE	MinION	426159298.0	276720.0	WGS	GENOMIC	SINGLE	Nanopore TB WGS
SRR34973517	SRX30092809	SRS26157788	SRP608514	PRJNA1305037	Klebsiella pneumoniae	MI_KPC_820	OXFORD_NANOPORE	PromethION	398392692.0	86723.0	WGS	GENOMIC	SINGLE	KPC CRE collection from state of Michigan
ERR10741438	ERX10190745	ERS14394717	ERP143791	PRJEB58724	Klebsiella pneumoniae		OXFORD_NANOPORE	MinION	102996141.0	23260.0	WGS	GENOMIC	SINGLE	NIHR Nanopore Sequencing
ERR13298036	ERX12668898	ERS20274761	ERP161188	PRJEB76684	Citrobacter freundii		OXFORD_NANOPORE	MinION	260072813.0	100718.0	WGS	GENOMIC	SINGLE	MinION sequencing
SRR3723275	SRX1880877	SRS1527648	SRP077330	PRJNA234883	Carnobacterium maltaromaticum DSM 20342	MX5	PACBIO_SMRT	PacBio RS	276544775.0	80579.0	WGS	GENOMIC	SINGLE	Carnobacterium maltaromaticum MX5
SRR23972357	SRX19776863	SRS17140635	SRP429345	PRJNA946682	Escherichia coli	M3-1-3	OXFORD_NANOPORE	GridION	582425405.0	91582.0	WGS	GENOMIC	SINGLE	WGS of Escherichia coli
SRR16004119	SRX12291798	SRS10265612	SRP338151	PRJNA764829	Lactobacillus helsingborgensis	IBH003	OXFORD_NANOPORE	MinION	1692991348.0	356062.0	WGS	GENOMIC	SINGLE	Lactobacillus species from Apis mellifera, Switzerland
SRR5192168	SRX2507883	SRS1932113	SRP097340	PRJNA362210	Dolosigranulum pigrum	15S00348	PACBIO_SMRT	PacBio RS II	2121027.0	3.0	WGS	GENOMIC	SINGLE	Complete Genome Sequence of Dolosigranulum pigrum isolated from a Patient with interstitial lung disease
ERR14963512	ERX14367817	ERS24442556	ERP172371	PRJEB89345	Enterobacter hormaechei		OXFORD_NANOPORE	MinION	298156949.0	127261.0	WGS	GENOMIC	SINGLE	MinION sequencing
SRR28777815	SRX24342731	SRS20831694	SRP497546	PRJNA1091452	Klebsiella pneumoniae	KP16-PS	OXFORD_NANOPORE	MinION	845039312.0	139196.0	WGS	GENOMIC	SINGLE	ONT performance study sequencing of K. pneumoniae
ERR14001911	ERX13403058	ERS22463855	ERP166492	PRJEB82825	Lacticaseibacillus paracasei		PACBIO_SMRT	PacBio RS	1871830071.0	189097.0	WGS	GENOMIC	SINGLE	PacBio RS sequencing
SRR13269099	SRX9699358	SRS7895473	SRP272861	PRJNA646575	Bacteroides ovatus		OXFORD_NANOPORE	GridION	1118700541.0	285640.0	WGS	GENOMIC	SINGLE	WGS  of Bacteroides fragilis group clinical isolates
SRR31480916	SRX26849407	SRS23333120	SRP547242	PRJNA1188493	Bacillus cereus	C73	OXFORD_NANOPORE	GridION	801688062.0	254470.0	WGS	GENOMIC	SINGLE	WGS of Bacillus Cereus
SRR12298395	SRX8801672	SRS6792466	SRP266402	PRJNA605147	Enterobacter roggenkampii	RHBSTW-00144	PACBIO_SMRT	PacBio RS II	1495055967.0	193422.0	WGS	GENOMIC	SINGLE	PACBIO_SMRT sequencing of Enterobacter cloacae isolate WTP1|T1-00144 cultured from WTP effluent sample
SRR13386128	SRX9805301	SRS7989376	SRP300861	PRJNA663900	Enterococcus sp. DIV0093	DIV0093	OXFORD_NANOPORE	GridION	1294248783.0	141517.0	WGS	GENOMIC	SINGLE	Zoo 3 Enterococcus Diversity Genome sequencing and assembly
SRR4180949	SRX2142245	SRS1673932	SRP086939	PRJNA303689	Microbacterium paraoxydans	DSM 15019	PACBIO_SMRT	PacBio RS	593565282.0	135310.0	WGS	GENOMIC	SINGLE	Microbacterium paraoxydans DSM 15019
SRR35806592	SRX30855881	SRS26861945	SRP633321	PRJNA1345728	Pseudomonas veronii	TT1_725_7	OXFORD_NANOPORE	MinION	925871046.0	172384.0	WGS	GENOMIC	SINGLE	Pseudomonas veronii  TT1_725_7  Lake_La_Thuile_Sediment_Trap_2024
SRR26130531	SRX21843947	SRS18941963	SRP462281	PRJNA708487	Pantoea agglomerans	SLBN-76	PACBIO_SMRT	Sequel II	1992500509.0	370669.0	WGS	GENOMIC	SINGLE	Pantoea agglomerans SLBN-76
SRR1289659	SRX544937	SRS607718	SRP042022	PRJNA246192	Staphylococcus agnetis	908	PACBIO_SMRT	PacBio RS	2249886093.0	490446.0	WGS	GENOMIC	SINGLE	PacBio data for isolate 908 Staphylococcus agnetis
SRR31038670	SRX26423981	SRS22943458	SRP539359	PRJNA1174726	Bacillus thuringiensis serovar tenebrionis	Bacillus thuringiensis serovar tenebrionis 4AA1	PACBIO_SMRT	Sequel IIe	437244539.0	74414.0	WGS	GENOMIC	SINGLE	Whole genome sequence of priming evolved Btt isolate #6
ERR13600633	ERX12971656	ERS15599967	ERP132614	PRJEB48268	Klebsiella pneumoniae		OXFORD_NANOPORE	GridION	302270150.0	24524.0	WGS	GENOMIC	SINGLE	GridION sequencing
SRR14871221	SRX11188597	SRS9244898	SRP324862	PRJNA736470	Streptococcus equi subsp. equi	SEE_18-009	PACBIO_SMRT	Sequel	211539188.0	36960.0	WGS	GENOMIC	SINGLE	PacBio whole genome sequencing of Streptococcu equi
ERR10791324	ERX10240634	ERS2650770	ERP104475	PRJEB22771	Streptococcus pneumoniae		PACBIO_SMRT	Sequel II	3397962158.0	485390.0	WGS	GENOMIC	SINGLE	Sequel II sequencing
ERR16098023	ERX15487785	ERS28463041	ERP187479	PRJEB106409	Clostridium perfringens		OXFORD_NANOPORE	MinION	149166018.0	19742.0	WGS	GENOMIC	SINGLE	MinION sequencing
ERR3700237	ERX3689777	ERS2630970	ERP017350	PRJEB15537	Streptococcus pneumoniae		PACBIO_SMRT	Sequel	825379771.0	120382.0	WGS	GENOMIC	SINGLE	Sequel sequencing
SRR8275884	SRX5090760	SRS4102488	SRP172390	PRJNA500367	Dermacoccus sp. DS28 SAI-028	SAI-028	PACBIO_SMRT	PacBio RS II	56930888.0	21316.0	WGS	GENOMIC	SINGLE	Dermacoccus DS28 SAI-028
SRR36095898	SRX31141414	SRS21867749	SRP291668	PRJNA675431	Klebsiella pneumoniae		OXFORD_NANOPORE	PromethION	1001837875.0	186575.0	WGS	GENOMIC	SINGLE	WGS of Klebsiella pneumoniae
SRR25467167	SRX21199757	SRS18458352	SRP452337	PRJNA1000618	Escherichia coli	Escherichia coli BL21(DE3)	OXFORD_NANOPORE	MinION	6562034.0	4000.0	WGS	GENOMIC	SINGLE	CASTVK transposition with different condition
ERR15941463	ERX15337008	ERS27416779	ERP185476	PRJEB104171	Escherichia coli		OXFORD_NANOPORE	MinION	227373482.0	66741.0	WGS	GENOMIC	SINGLE	MinION sequencing
SRR36095976	SRX31141478	SRS27128442	SRP291668	PRJNA675431	Klebsiella pneumoniae		OXFORD_NANOPORE	PromethION	316573549.0	90893.0	WGS	GENOMIC	SINGLE	WGS of Klebsiella pneumoniae
ERR13802569	ERX13203321	ERS21186444	ERP164461	PRJEB80477	Staphylococcus aureus		OXFORD_NANOPORE	MinION	106572645.0	43641.0	WGS	GENOMIC	SINGLE	MinION sequencing
SRR13380269	SRX9803301	SRS7987575	SRP300808	PRJNA649533	Salmonella enterica		OXFORD_NANOPORE	GridION	203401734.0	15345.0	WGS	GENOMIC	SINGLE	ISF salmonella
DRR900262	DRX878083	DRS495667	DRP013756	PRJDB35717	Haemophilus influenzae		OXFORD_NANOPORE	MinION	1268100983.0	182204.0	WGS	GENOMIC	SINGLE	MinION sequencing of SAMD01599394
SRR34973973	SRX30092871	SRS26157826	SRP608514	PRJNA1305037	Enterobacter hormaechei	MI_KPC_581	OXFORD_NANOPORE	PromethION	500000920.0	79207.0	WGS	GENOMIC	SINGLE	KPC CRE collection from state of Michigan
SRR17593958	SRX13762777	SRS11642942	SRP329965	PRJNA749815	Klebsiella pneumoniae	K191663	PACBIO_SMRT	Sequel	111238.0	1.0	WGS	GENOMIC	SINGLE	WGS of Klebsiella pneumoniae K191663
ERR10447790	ERX9972172	ERS13631227	ERP142069	PRJEB57097	Escherichia coli		OXFORD_NANOPORE	MinION	817353763.0	494244.0	WGS	GENOMIC	SINGLE	MinION sequencing
SRR9165326	SRX5938094	SRS4851055	SRP199986	PRJNA526490	Marinobacter sp. JH2	sp.	OXFORD_NANOPORE	MinION	104137290.0	6898.0	WGS	GENOMIC	SINGLE	Genome sequence of Marinobacter sp. JH2
SRR21415968	SRX17420520	SRS12115060	SRP361569	PRJNA768416	Paenibacillus sp. FSL H3-0302		OXFORD_NANOPORE	MinION	595473374.0	160516.0	WGS	GENOMIC	SINGLE	WGS of Bacilli
SRR18191515	SRX14338235	SRS12152232	SRP362168	PRJNA808207	Escherichia coli	3382-O103	OXFORD_NANOPORE	MinION	534041742.0	95341.0	WGS	GENOMIC	SINGLE	MinION whole genome sequencing of STEC from ruminants
ERR14686365	ERX14087884	ERS23773279	ERP169826	PRJEB86481	Escherichia coli str. K-12 substr. MG1655	K-12	OXFORD_NANOPORE	MinION	83989982.0	26500.0	WGS	GENOMIC	SINGLE	MinION sequencing
ERR9364059	ERX8906308	ERS11202284	ERP136327	PRJEB51675	Vibrio cholerae O1 biovar El Tor	not provided	OXFORD_NANOPORE	MinION	939904506.0	113909.0	WGS	GENOMIC	SINGLE	MinION sequencing
SRR25661065	SRX21386945	SRS18627517	SRP455508	PRJNA951682	Streptomyces niveus	B21-099	PACBIO_SMRT	Sequel II	31707116501.0	9737470.0	WGS	GENOMIC	SINGLE	B21-099 PacBio sequencing reads
SRR21415685	SRX17420195	SRS12115094	SRP361569	PRJNA768416	Solibacillus sp. FSL H8-0538	FSL H8-0538	OXFORD_NANOPORE	MinION	556909407.0	105164.0	WGS	GENOMIC	SINGLE	WGS of Bacilli
SRR25467233	SRX21199692	SRS18458350	SRP452337	PRJNA1000618	Escherichia coli	Escherichia coli BL21(DE3)	OXFORD_NANOPORE	MinION	9366017.0	4000.0	WGS	GENOMIC	SINGLE	CASTVK transposition with different condition
SRR30868082	SRX26265733	SRS22609634	SRP250705	PRJNA607328	Escherichia coli	K12 MG1655	OXFORD_NANOPORE	MinION	959606937.0	191887.0	WGS	GENOMIC	SINGLE	Escherichia coli FELIX_MS64 Nanopore reads
SRR21630421	SRX17630979	SRS14987197	SRP354045	PRJNA747871	Streptomyces sp. NBC_00680	NBC_00680	OXFORD_NANOPORE	MinION	784616614.0	88981.0	WGS	GENOMIC	SINGLE	nanopore sequencing data from strain NBC_00680
SRR27958558	SRX23615413	SRS20455858	SRP489545	PRJNA1076228	Streptococcus pyogenes	MGAS37844	OXFORD_NANOPORE	GridION	500000272.0	119658.0	WGS	GENOMIC	SINGLE	Oxford Nanopore Technology WGS of GAS M1 clinical isolates
SRR28996183	SRX24523364	SRS21270833	SRP507057	PRJNA1110228	Amphidinium carterae	CCMP1314	OXFORD_NANOPORE	MinION	11310847911.0	736861.0	WGS	GENOMIC	SINGLE	Microbe sequences from Amphidinium carterae with antibiotics
SRR12711922	SRX9190799	SRS7426798	SRP285370	PRJNA647647	Streptomyces mexicanus	Marseille-Q0842	OXFORD_NANOPORE	GridION	16806922.0	4000.0	WGS	GENOMIC	SINGLE	ONT of Streptomyces mexicanus : Marseille
SRR18729623	SRX14830106	SRS12585935	SRP369762	PRJNA825705	Klebsiella pneumoniae	ST-11	OXFORD_NANOPORE	MinION	8238637432.0	1200633.0	WGS	GENOMIC	SINGLE	ONT sequencing of Klebsiella pneumoniae: sample KLPN-19
SRR30009078	SRX25488360	SRS22143867	SRP522510	PRJNA1140646	Escherichia coli	NEB5a	OXFORD_NANOPORE	GridION	471730986.0	54427.0	WGS	GENOMIC	SINGLE	Oxford nanopore sequencing of Escherichia coli isolates
DRR667279	DRX647381	DRS457101	DRP012869	PRJDB20344	Oligosphaera ethanolica	JCM 17152	OXFORD_NANOPORE	MinION	2456345576.0	1208191.0	WGS	GENOMIC	SINGLE	MinION sequencing of SAMD00887405
SRR31599293	SRX26964390	SRS23434100	SRP549287	PRJNA1185485	Escherichia coli	358	OXFORD_NANOPORE	PromethION	871043055.0	178070.0	WGS	GENOMIC	SINGLE	Pig-barcode58
SRR30896428	SRX26299593	SRS22828315	SRP536878	PRJNA1134622	Escherichia coli	OXEC-132	OXFORD_NANOPORE	MinION	520031612.0	135802.0	WGS	GENOMIC	SINGLE	OXEC-132
SRR34973283	SRX30092529	SRS26157585	SRP608514	PRJNA1305037	Klebsiella pneumoniae	MI_KPC_487	OXFORD_NANOPORE	PromethION	500000904.0	19065.0	WGS	GENOMIC	SINGLE	KPC CRE collection from state of Michigan
SRR16251440	SRX12531061	SRS10490092	SRP040661	PRJNA231221	Aeromonas enteropelogenes	FDAARGOS_1536	PACBIO_SMRT	Sequel	2274848395.0	296501.0	WGS	GENOMIC	SINGLE	
ERR3775162	ERX3777109	ERS4202827	ERP119104	PRJEB35979	Enterococcus faecium		OXFORD_NANOPORE	GridION	78878652.0	91249.0	WGS	GENOMIC	SINGLE	GridION sequencing
SRR29219139	SRX24738637	SRS21460685	SRP510575	PRJNA1117853	Cronobacter sakazakii		OXFORD_NANOPORE	GridION	537690663.0	108000.0	WGS	GENOMIC	SINGLE	Nanopore sequencing allows to recover high-quality completely closed genomes of all Cronobacter species from powdered infant formula overnight enrichments
SRR17645349	SRX13813606	SRS3969531	SRP071789	PRJNA315192	Escherichia coli	623214	OXFORD_NANOPORE	MinION	450239318.0	120189.0	WGS	GENOMIC	SINGLE	Nanopore sequencing of E. coli
SRR35628934	SRX30685100	SRS26704518	SRP627750	PRJNA1333901	Pseudomonas sp. KH_040	KH_040	OXFORD_NANOPORE	MinION	607765568.0	54417.0	WGS	GENOMIC	SINGLE	Oxford Nanopore sequences of cultivable bacteria collected in an iron ore mine and a crystal cave
SRR4181621	SRX2142852	SRS1674408	SRP087003	PRJNA303701	Jiangella alba	DSM 45237	PACBIO_SMRT	PacBio RS	944006895.0	284076.0	WGS	GENOMIC	SINGLE	Jiangella alba DSM 45237
SRR28039464	SRX23690998	SRS20520840	SRP490884	PRJNA1077967	Enterococcus faecium	AH18L071	OXFORD_NANOPORE	GridION	688415177.0	164105.0	WGS	GENOMIC	SINGLE	WGS of Enterococcus faecium isolate
SRR28777839	SRX24342707	SRS20831685	SRP497546	PRJNA1091452	Enterococcus faecium	EF34-PS	OXFORD_NANOPORE	MinION	714730618.0	128803.0	WGS	GENOMIC	SINGLE	ONT performance study sequencing of E.faecium
SRR21563442	SRX17565733	SRS11554385	SRP354045	PRJNA747871	Streptomyces sp. NBC_01453	NBC_01453	OXFORD_NANOPORE	MinION	16249541.0	1827.0	WGS	GENOMIC	SINGLE	nanopore sequencing data from strain NBC_01453
SRR13385991	SRX9805438	SRS7989513	SRP300861	PRJNA663900	Enterococcus sp. DIV1434a	DIV1434a	OXFORD_NANOPORE	GridION	742595661.0	88927.0	WGS	GENOMIC	SINGLE	Zoo 3 Enterococcus Diversity Genome sequencing and assembly
ERR10178207	ERX9714640	ERS6480076	ERP109413	PRJEB27342	Klebsiella pneumoniae		PACBIO_SMRT	Sequel II	4297515183.0	694411.0	WGS	GENOMIC	SINGLE	Sequel II sequencing
SRR8179074	SRX4999173	SRS4034050	SRP040661	PRJNA231221	Acinetobacter sp. FDAARGOS_560	FDAARGOS_560	PACBIO_SMRT	PacBio RS	2919885821.0	163482.0	WGS	GENOMIC	SINGLE	
SRR31599451	SRX26964231	SRS23433944	SRP549287	PRJNA1185485	Escherichia coli	864	OXFORD_NANOPORE	PromethION	1113178133.0	221594.0	WGS	GENOMIC	SINGLE	Wnew4R-barcode85
SRR8088507	SRX4915396	SRS3960816	SRP166384	PRJNA496338	Mesorhizobium jarvisii	ATCC 33669	OXFORD_NANOPORE	MinION	115321695.0	5330.0	WGS	GENOMIC	SINGLE	WGS of MJ700743
SRR27145197	SRX22826918	SRS19807646	SRP476599	PRJNA1050169	Citroniella saccharovorans	DSM 29873	OXFORD_NANOPORE	MinION	42294299.0	3837.0	WGS	GENOMIC	SINGLE	Nanopore MinION of C. saccharovorans
SRR33123821	SRX28387206	SRS24711133	SRP578427	PRJNA1244367	Bacillus cereus ATCC 14579	ATCC 14579	OXFORD_NANOPORE	GridION	5749530270.0	1434743.0	WGS	GENOMIC	SINGLE	WGS of Bacillus cereus Strain ATCC14582
SRR35984811	SRX31034101	SRS27024087	SRP643365	PRJNA1339266	Sinorhizobium meliloti	USDA 1781	PACBIO_SMRT	Sequel IIe	778181486.0	128303.0	WGS	GENOMIC	SINGLE	Sinorhizobium meliloti USDA 1781
SRR33296604	SRX28541755	SRS24841581	SRP580922	PRJNA1254897	Salmonella enterica subsp. enterica serovar Typhimurium		OXFORD_NANOPORE	PromethION	133920168.0	31201.0	WGS	GENOMIC	SINGLE	KOM-AMR
SRR30934763	SRX26337546	SRS22863377	SRP537571	PRJNA1168290	Paenibacillus sp. TAB_01	TAB_01	OXFORD_NANOPORE	MinION	1721144.0	205.0	WGS	GENOMIC	SINGLE	Paenibacillus sp. TAB 01 from cotton plant tissue
SRR25466829	SRX21199591	SRS18458352	SRP452337	PRJNA1000618	Escherichia coli	Escherichia coli BL21(DE3)	OXFORD_NANOPORE	MinION	6456256.0	4000.0	WGS	GENOMIC	SINGLE	CASTVK transposition with different condition
SRR30992080	SRX26380377	SRS22904095	SRP538541	PRJNA1172751	Piscirickettsia salmonis	NZRLO2	OXFORD_NANOPORE	PromethION	18130791334.0	3531023.0	WGS	GENOMIC	SINGLE	NZRLO2
SRR8984468	SRX5763730	SRS4698198	SRP040661	PRJNA231221	Citrobacter koseri	FDAARGOS_646	PACBIO_SMRT	PacBio RS	1864273337.0	163482.0	WGS	GENOMIC	SINGLE	
SRR15031973	SRX11343406	SRS9383692	SRP326726	PRJNA737600	Streptomyces sp. GMY02	GMY02	OXFORD_NANOPORE	GridION	9104816.0	4000.0	WGS	GENOMIC	SINGLE	WGS Streptomyces sp. GMY02
SRR287729	SRX078302	SRS212388	SRP007207	PRJNA68253	Escherichia coli		PACBIO_SMRT	PacBio RS	158815364.0	81741.0	WGS	GENOMIC	SINGLE	Whole Genome Sequencing for C754-09
ERR2543060	ERX2561402	ERS2016254	ERP005928	PRJEB6403	Mycolicibacterium parafortuitum		PACBIO_SMRT	PacBio RS	893163991.0	163482.0	WGS	GENOMIC	SINGLE	PacBio RS sequencing
SRR12298840	SRX8801737	SRS6792684	SRP266402	PRJNA605147	Escherichia coli	RHB25-C16	OXFORD_NANOPORE	GridION	1544961961.0	217728.0	WGS	GENOMIC	SINGLE	OXFORD_NANOPORE sequencing of Escherichia coli isolate RH08|T2-C16 cultured from Cattle faeces sample
SRR12247704	SRX8755463	SRS6976329	SRP266402	PRJNA605147	Citrobacter portucalensis	RHB40-E3-C05	OXFORD_NANOPORE	GridION	120506560.0	29581.0	WGS	GENOMIC	SINGLE	Oxford Nanopore sequencing of Citrobacter freundii isolate RH08|T3-E3C05 cultured from cattle farm sediment sample
ERR4047299	ERX4048432	ERS3340504	ERP113355	PRJEB30866	Escherichia coli		PACBIO_SMRT	Sequel	2671082010.0	692878.0	WGS	GENOMIC	SINGLE	Sequel sequencing
SRR27186980	SRX22867208	SRS19841381	SRP477592	PRJNA1051574	Escherichia coli	N3_122	OXFORD_NANOPORE	MinION	849896152.0	149270.0	WGS	GENOMIC	SINGLE	whole genome sequencing of E. coli isolated from the chicken gut
SRR28416696	SRX24021048	SRS20815507	SRP497143	PRJNA1067993	Microaceticoccus formicicus	AMB_02	OXFORD_NANOPORE	MinION	37218.0	10.0	WGS	GENOMIC	SINGLE	Raw Nanopore sequences for barcode 04 AMB_Tp6
SRR30949848	SRX26352240	SRS22817229	SRP536567	PRJNA1165464	Escherichia coli	Not applicable	OXFORD_NANOPORE	MinION	132073126.0	26176.0	WGS	GENOMIC	SINGLE	Nanopore sequencing of E.coli: blood isolate
SRR386146	SRX109857	SRS002809	SRP001771	PRJNA38519	Fusobacterium animalis 3_1_33	3_1_33	PACBIO_SMRT	PacBio RS	93328749.0	81741.0	WGS	GENOMIC	SINGLE	Whole Genome Sequencing and Assembly
ERR13802587	ERX13203339	ERS21186462	ERP164461	PRJEB80477	Acinetobacter baumannii		OXFORD_NANOPORE	MinION	301106989.0	91697.0	WGS	GENOMIC	SINGLE	MinION sequencing
SRR386636	SRX109819	SRS004883	SRP001079	PRJNA40077	Cereibacter sphaeroides 2.4.1	2.4.1	PACBIO_SMRT	PacBio RS	80898037.0	60961.0	WGS	GENOMIC	SINGLE	Whole Genome Sequencing and Assembly
SRR35213300	SRX30317058	SRS26363993	SRP615992	PRJNA1301220	Acinetobacter baumannii	ABO22-A151	OXFORD_NANOPORE	MinION	226340656.0	47091.0	WGS	GENOMIC	SINGLE	Whole geneme sequencing of Acinetobacter baumannii: isolates of the Ab-One study
SRR34573093	SRX29714864	SRS25823746	SRP601637	PRJNA1292907	Mycobacterium tuberculosis	not applicable	OXFORD_NANOPORE	MinION	175620621.0	272730.0	WGS	GENOMIC	SINGLE	Whole genome sequencing
SRR25778639	SRX21501177	SRS18732652	SRP457287	PRJNA1010209	Mycobacterium tuberculosis	TDR34	OXFORD_NANOPORE	MinION	145984456.0	54634.0	WGS	GENOMIC	SINGLE	WGS from TDR34 Oxford Nanopore
SRR33768905	SRX28991174	SRS22456354	SRP444583	PRJNA962904	Klebsiella pneumoniae		PACBIO_SMRT	Sequel II	206475447.0	9470.0	WGS	GENOMIC	SINGLE	PacBio sequencing of AH0709HE1 for ARCH 2
SRR8143884	SRX4964551	SRS3452534	SRP143617	PRJNA453501	Mesorhizobium sp. M4B.F.Ca.ET.058.02.1.1	M4B.F.Ca.ET.058.02.1.1	PACBIO_SMRT	PacBio RS II	3610236775.0	163482.0	WGS	GENOMIC	SINGLE	58P2S1
SRR19820673	SRX15864248	SRS13526070	SRP361569	PRJNA768416	Bacillus sp. FSL R10-2780	FSL R10-2780	OXFORD_NANOPORE	MinION	778428106.0	138730.0	WGS	GENOMIC	SINGLE	WGS of Bacilli
SRR34858039	SRX29989744	SRS26066650	SRP428444	PRJNA940483	Pseudomonas fulva	SAR320	OXFORD_NANOPORE	GridION	819915138.0	219125.0	WGS	GENOMIC	SINGLE	sequencing reads from Pseudomonas fulva SAR320
SRR35247877	SRX30350707	SRS26393777	SRP617276	PRJNA958329	Paraburkholderia youngii	JPY480	PACBIO_SMRT	Sequel IIe	424093729.0	52025.0	WGS	GENOMIC	SINGLE	Paraburkholderia youngii JPY480
SRR386550	SRX109953	SRS212340	SRP007237	PRJNA39375	Eubacterium sp. 3_1_31	3_1_31	PACBIO_SMRT	PacBio RS	140401740.0	81741.0	WGS	GENOMIC	SINGLE	Whole Genome Sequencing and Assembly
SRR32665207	SRX27968874	SRS24334234	SRP569850	PRJNA1153276	Pseudomonas aeruginosa	6722001	OXFORD_NANOPORE	PromethION	29771361.0	17227.0	WGS	GENOMIC	SINGLE	Pseudomonas aeruginosa 6722001
SRR1955923	SRX981452	SRS896208	SRP040661	PRJNA231221	Staphylococcus aureus	FDAARGOS_46	PACBIO_SMRT	PacBio RS	744557934.0	163482.0	WGS	GENOMIC	SINGLE	
SRR5221028	SRX2530866	SRS1951755	SRP093756	PRJNA352974	Burkholderia pseudomallei	2010007509	PACBIO_SMRT	PacBio RS II	2172948360.0	163482.0	WGS	GENOMIC	SINGLE	
ERR15997239	ERX15392473	ERS28312892	ERP185857	PRJEB104599	Staphylococcus aureus		OXFORD_NANOPORE	MinION	835375045.0	895848.0	WGS	GENOMIC	SINGLE	Raw reads: Staphylococcus aureus LFMFP strain 361
SRR6278377	SRX3381009	SRS1256863	SRP068736	PRJNA292901	Citrobacter freundii		PACBIO_SMRT	PacBio RS II	1339616567.0	163482.0	WGS	GENOMIC	SINGLE	PacBio SMRT Sequencing of Citrobacter freundii FDA-CDC-AR_0021 Genomic Library
SRR11620706	SRX8184835	SRS5970373	SRP064275	PRJNA258022	Campylobacter sp. CFSAN093259	CFSAN093259	OXFORD_NANOPORE	MinION	50286226.0	5234.0	WGS	GENOMIC	SINGLE	Complete Genome Sequences of 17 clinical Campylobacter jejuni strains from Chile
SRR30896181	SRX26299840	SRS22828562	SRP536878	PRJNA1134622	Escherichia coli	OXEC-22	OXFORD_NANOPORE	MinION	168442374.0	63852.0	WGS	GENOMIC	SINGLE	OXEC-22
SRR9722584	SRX6480184	SRS5130290	SRP215816	PRJNA470993	Staphylococcus aureus	ER04225.3	PACBIO_SMRT	PacBio RS II	1130118032.0	163008.0	WGS	GENOMIC	SINGLE	WGS of Staphylococcus aureus
SRR1201266	SRX498123	SRS494484	SRP032265	PRJNA194772	Acinetobacter sp. 1592897	1592897	PACBIO_SMRT	PacBio RS	1321261459.0	163482.0	WGS	GENOMIC	SINGLE	
SRR34973266	SRX30092547	SRS26157603	SRP608514	PRJNA1305037	Klebsiella pneumoniae	MI_KPC_646	OXFORD_NANOPORE	PromethION	498245211.0	76599.0	WGS	GENOMIC	SINGLE	KPC CRE collection from state of Michigan
SRR24140370	SRX19938707	SRS17287415	SRP247747	PRJNA604975	Escherichia coli	ox_bsi_358	OXFORD_NANOPORE	GridION	661127719.0	188324.0	WGS	GENOMIC	SINGLE	oxford_bsi
ERR15424447	ERX14828391	ERS25261042	ERP176764	PRJEB93885	Klebsiella pneumoniae		OXFORD_NANOPORE	PromethION	901598315.0	167936.0	WGS	GENOMIC	SINGLE	Raw reads: run0_pilot_96_ont_AHB8
SRR19787718	SRX15831633	SRS13522724	SRP383167	PRJNA851853	Salmonella enterica	2011K-1845_ONT_100X	OXFORD_NANOPORE	GridION	468816039.0	85704.0	WGS	GENOMIC	SINGLE	WGS of Salmonella enterica serovar Enteritidis
SRR25466890	SRX21199530	SRS18458348	SRP452337	PRJNA1000618	Escherichia coli	Escherichia coli BL21(DE3)	OXFORD_NANOPORE	MinION	6140166.0	3998.0	WGS	GENOMIC	SINGLE	CASTVK transposition with different condition
SRR34967341	SRX30086224	SRS26152555	SRP608514	PRJNA1305037	Citrobacter freundii	MI_KPC_1003	OXFORD_NANOPORE	PromethION	155953361.0	40522.0	WGS	GENOMIC	SINGLE	KPC CRE collection from state of Michigan
DRR667185	DRX647287	DRS454601	DRP012833	PRJDB20538	Escherichia coli		OXFORD_NANOPORE	MinION	411392511.0	94830.0	WGS	GENOMIC	SINGLE	MinION sequencing of SAMD00899048
SRR24140455	SRX19939018	SRS17287727	SRP247747	PRJNA604975	Escherichia coli	ox_bsi_681	OXFORD_NANOPORE	GridION	363584785.0	234686.0	WGS	GENOMIC	SINGLE	oxford_bsi
SRR25147128	SRX20898546	SRS18173855	SRP447457	PRJNA842383	Staphylococcus aureus	HP20814-006	OXFORD_NANOPORE	MinION	1364376920.0	101842.0	WGS	GENOMIC	SINGLE	Staphylococcus Aureus from human patient
ERR10498088	ERX10015377	ERS14254850	ERP142629	PRJEB57633	Escherichia coli		OXFORD_NANOPORE	GridION	34892035.0	5337.0	WGS	GENOMIC	SINGLE	Raw reads: ONT_30348_2#150
SRR35071038	SRX30184983	SRS26244990	SRP610420	PRJNA1308807	Escherichia coli	Ec_016	OXFORD_NANOPORE	MinION	797074496.0	117841.0	WGS	GENOMIC	SINGLE	Oxford Nanopore sequences of an isolated E. coli strain from wastewater
SRR28445734	SRX24049167	SRS20840578	SRP497734	PRJNA1077798	Alteromonas gracilis	J4	OXFORD_NANOPORE	MinION	2830282.0	1000.0	WGS	GENOMIC	SINGLE	Alteromonas gracilis strain J4, whole genome Nanopore Sequencing
SRR12342984	SRX8842701	SRS7105759	SRP156767	PRJNA484865	Salmonella enterica	SLR1_7697	OXFORD_NANOPORE	MinION	2236979967.0	311416.0	WGS	GENOMIC	SINGLE	WGS Salmonella:isolate
SRR4181359	SRX2142595	SRS1674235	SRP086989	PRJNA303694	Nocardioides scoriae	DSM 22127	PACBIO_SMRT	PacBio RS	715167576.0	163800.0	WGS	GENOMIC	SINGLE	Marmoricola scoriae DSM 22127
DRR261754	DRX251457	DRS268086	DRP009331	PRJDB10937	Salmonella enterica	SEOhiM2008	OXFORD_NANOPORE	GridION	639841899.0	254667.0	WGS	GENOMIC	SINGLE	GridION sequencing of SAMD00206788
DRR393673	DRX379492	DRS297006	DRP007849	PRJDB10842	Enterobacter hormaechei subsp. steigerwaltii	JBBDAFH-19-0097	OXFORD_NANOPORE	GridION	292716895.0	42750.0	WGS	GENOMIC	SINGLE	GridION sequencing of SAMD00498944
DRR161261	DRX151886	DRS115444	DRP005652	PRJDB7717	Mycolicibacterium chitae	JCM 12403	OXFORD_NANOPORE	MinION	1499262783.0	333751.0	WGS	GENOMIC	SINGLE	MinION single end sequencing of SAMD00153176
SRR31599196	SRX26963888	SRS23433598	SRP549287	PRJNA1185485	Escherichia coli	229	OXFORD_NANOPORE	PromethION	2019861842.0	362310.0	WGS	GENOMIC	SINGLE	Kleb-3R-barcode58
SRR33769075	SRX28991693	SRS22397173	SRP444583	PRJNA962904	Escherichia coli		PACBIO_SMRT	Sequel II	630095155.0	28271.0	WGS	GENOMIC	SINGLE	PacBio sequencing of AH0035HE1 for ARCH 2
SRR37104817	SRX32051052	SRS27988471	SRP674540	PRJNA1314445	Castellaniella sp. UC4447_H14	UC4447_H14	OXFORD_NANOPORE	MinION	444315408.0	80106.0	WGS	GENOMIC	SINGLE	UC4447
ERR1716477	ERX1786711	ERS1234131	ERP005928	PRJEB6403	Bacteroides eggerthii	NCTC11155	PACBIO_SMRT	PacBio RS	1159754502.0	163482.0	WGS	GENOMIC	SINGLE	PacBio RS sequencing
SRR30574397	SRX25997460	SRS22571228	SRP531125	PRJNA1155659	Vibrio cholerae	VB18PR-0180-1_long	OXFORD_NANOPORE	MinION	521946643.0	138411.0	WGS	GENOMIC	SINGLE	Oxford Nanopore reads of Vibrio
SRR31649280	SRX27012235	SRS23476561	SRP550280	PRJNA1191407	Photobacterium piscicola	WVL24019	OXFORD_NANOPORE	GridION	5991339821.0	1324265.0	WGS	GENOMIC	SINGLE	Complete genome sequence of Photobacterium piscicola strain WVL24019 isolated from a hatchery-raised rainbow trout (Oncorhynchus mykiss)
SRR31599204	SRX26963880	SRS23433591	SRP549287	PRJNA1185485	Escherichia coli	221	OXFORD_NANOPORE	PromethION	507010811.0	94593.0	WGS	GENOMIC	SINGLE	Kleb-3R-barcode46
ERR5726838	ERX5441551	ERS6219014	ERP128194	PRJEB44175	Klebsiella pneumoniae		OXFORD_NANOPORE	GridION	288478061.0	28408.0	WGS	GENOMIC	SINGLE	GridION sequencing
SRR15989312	SRX12278227	SRS9998920	SRP357537	PRJNA801416	Klebsiella pneumoniae	E723	OXFORD_NANOPORE	GridION	298645414.0	38219.0	WGS	GENOMIC	SINGLE	Whole Genome Sequencing of Carbapenemase-producing Enterobacterales (CPE)
DRR540069	DRX523882	DRS371843	DRP011350	PRJDB17430	Escherichia coli	N223	OXFORD_NANOPORE	MinION	33774797.0	7766.0	WGS	GENOMIC	SINGLE	MinION sequencing of SAMD00735536
SRR21415865	SRX17420015	SRS12114995	SRP361569	PRJNA768416	Peribacillus sp. FSL K6-5616	FSL K6-5616	OXFORD_NANOPORE	MinION	2024703222.0	515757.0	WGS	GENOMIC	SINGLE	WGS of Bacilli
SRR18274952	SRX14413141	SRS12222566	SRP363154	PRJNA814053	Moellerella wisconsensis	W51	OXFORD_NANOPORE	MinION	912391599.0	90504.0	WGS	GENOMIC	SINGLE	Long read sequencing of Moellerella wisconsensis W51
SRR34827291	SRX29959712	SRS26039957	SRP605729	PRJNA1299779	Brucella	Brucella abortus	OXFORD_NANOPORE	GridION	419457481.0	112314.0	WGS	GENOMIC	SINGLE	One Health Enteric sample from Brucella
SRR8833178	SRX5621439	SRS4567465	SRP190054	PRJNA527802	Rhodococcus ruber	R1	PACBIO_SMRT	PacBio RS II	1869953159.0	163482.0	WGS	GENOMIC	SINGLE	Whole genome shotgun sequencing of a novel Rhodococcus bacterium from kraft-pulp mill effluents with the ability to use several aromatic pollutants as sole carbon and energy sources
SRR28777787	SRX24342759	SRS20831676	SRP497546	PRJNA1091452	Enterococcus faecium	EF28-PS	OXFORD_NANOPORE	MinION	489732100.0	149744.0	WGS	GENOMIC	SINGLE	ONT performance study sequencing of E.faecium
SRR30734854	SRX26137701	SRS22699450	SRP532514	PRJNA1160826	Staphylococcus haemolyticus		OXFORD_NANOPORE	MinION	173259356.0	16343.0	WGS	GENOMIC	SINGLE	RW110148_LR
SRR19519927	SRX15572380	SRS13275240	SRP378127	PRJNA819273	Staphylococcus aureus	IVB6158	PACBIO_SMRT	Sequel II	885266031.0	84615.0	WGS	GENOMIC	SINGLE	PacBio Sequel sequencing of camel Staphylococcaceae from the Horn of Africa
SRR31969287	SRX27324647	SRS17572018	SRP436175	PRJNA954997	Pseudomonas alkylphenolica	Hg5Tf	PACBIO_SMRT	Sequel IIe	1127148199.0	121206.0	WGS	GENOMIC	SINGLE	Genome of Pseudomonas sp. Hg5Tf, PacBio Sequel IIe reads, .fastq file
SRR12971183	SRX9423579	SRS7638412	SRP290944	PRJNA674061	Salmonella enterica subsp. enterica serovar Heidelberg	missing	OXFORD_NANOPORE	MinION	50714780.0	7837.0	WGS	GENOMIC	SINGLE	Transconjugant Salmonella enterica serovar Heidelberg (DPI:14) (Group:Str-Amp) (ID:PG20180133)
SRR15989623	SRX12277916	SRS9998903	SRP357537	PRJNA801416	Klebsiella pneumoniae	E270	OXFORD_NANOPORE	GridION	1402994689.0	129097.0	WGS	GENOMIC	SINGLE	Whole Genome Sequencing of Carbapenemase-producing Enterobacterales (CPE)
SRR3756798	SRX1905888	SRS1546707	SRP078097	PRJNA239510	Ruminococcus sp. NK3A76	NK3A76	PACBIO_SMRT	PacBio RS	126801692.0	56772.0	WGS	GENOMIC	SINGLE	Ruminococcus sp. NK3A76
SRR29924861	SRX25418840	SRS22019464	SRP520391	PRJNA1136785	Clostridioides difficile		OXFORD_NANOPORE	GridION	477981150.0	52156.0	WGS	GENOMIC	SINGLE	22S0570-CDI-HON-2018_Cdifficile_WGS_ONT_RT027/ST1
SRR25466825	SRX21199595	SRS18458349	SRP452337	PRJNA1000618	Escherichia coli	Escherichia coli BL21(DE3)	OXFORD_NANOPORE	MinION	5669542.0	4000.0	WGS	GENOMIC	SINGLE	CASTVK transposition with different condition
SRR35247525	SRX30350422	SRS26393523	SRP617228	PRJNA958263	Inquilinus ginsengisoli	V4I1	PACBIO_SMRT	Sequel IIe	302805787.0	34536.0	WGS	GENOMIC	SINGLE	Inquilinus ginsengisoli V4I1
SRR36399349	SRX31426986	SRS27409700	SRP654172	PRJNA1377667	Paenibacillus sp. SEL1	SEL1	PACBIO_SMRT	Revio	16115736581.0	1659624.0	WGS	GENOMIC	SINGLE	DNA-Seq of Paenibacillus sp. strain SEL1
SRR30896269	SRX26299752	SRS22828474	SRP536878	PRJNA1134622	Escherichia coli	OXEC-528	OXFORD_NANOPORE	MinION	219594863.0	51648.0	WGS	GENOMIC	SINGLE	OXEC-528
ERR4165341	ERX4130660	ERS4576022	ERP121237	PRJEB37895	Sphingomonas molluscorum		PACBIO_SMRT	Sequel	491232934.0	50000.0	WGS	GENOMIC	SINGLE	Sequel sequencing
DRR584466	DRX565019	DRS398357	DRP011844	PRJDB18318	Prevotella sp. GTC17254	GTC17254	OXFORD_NANOPORE	PromethION	1301976569.0	189146.0	WGS	GENOMIC	SINGLE	PromethION sequencing of SAMD00796728
SRR10096477	SRX6828647	SRS5361181	SRP161673	PRJNA292663	Escherichia coli	CVM N16EC0140	PACBIO_SMRT	Sequel	2670997725.0	595865.0	WGS	GENOMIC	SINGLE	Quinolone resistant E.coli
SRR29778948	SRX25278932	SRS21698305	SRP418402	PRJNA925803	Streptococcus dysgalactiae subsp. equisimilis	MGCS35685	OXFORD_NANOPORE	GridION	605975535.0	296909.0	WGS	GENOMIC	SINGLE	WGS of Streptococcus dysgalactiae subsp. equisimilis
SRR28825841	SRX24388743	SRS21144505	SRP504527	PRJNA984017	Klebsiella pneumoniae	K2N	OXFORD_NANOPORE	MinION	660142359.0	92373.0	WGS	GENOMIC	SINGLE	Klebsiella pneumoniae K2N oxford nanopore reads
SRR13448678	SRX9861853	SRS8041966	SRP295672	PRJNA681856	Salmonella enterica	LHICA_E3	OXFORD_NANOPORE	MinION	35582224.0	4000.0	WGS	GENOMIC	SINGLE	WGS of Salmonella Lhica E3_4
SRR31598916	SRX26963569	SRS23433281	SRP549287	PRJNA1185485	Escherichia coli	930	OXFORD_NANOPORE	PromethION	1109708371.0	138604.0	WGS	GENOMIC	SINGLE	WTP-NoR-Nov-barcode88
SRR32409467	SRX27739901	SRS24128765	SRP565160	PRJNA1225906	Salmonella enterica		OXFORD_NANOPORE	GridION	232092944.0	114518.0	WGS	GENOMIC	SINGLE	WGS of Salmonella enterica isolate
SRR37078333	SRX32024710	SRS27964741	SRP674073	PRJNA1293090	Salmonella enterica	W126	OXFORD_NANOPORE	MinION	1261365551.0	384486.0	WGS	GENOMIC	SINGLE	ONT genomic reads for Salmonella enterica strain:W126
SRR30428064	SRX25853460	SRS22420023	SRP527768	PRJNA1143480	Tardiphaga sp. 866_E4_N1_4	866_E4_N1_4	OXFORD_NANOPORE	PromethION	1464800769.0	437793.0	WGS	GENOMIC	SINGLE	Tardiphaga sp. 866_E4_N1_4 nanopore genome sequencing (files compressed once)
SRR35181478	SRX30286356	SRS7612163	SRP289627	PRJNA651892	Polaromonas sp. CG_23.6	CG_23.6	PACBIO_SMRT	Sequel II	465755372.0	44890.0	WGS	GENOMIC	SINGLE	Polaromonas sp. CG_23.6
SRR30896407	SRX26299614	SRS22828336	SRP536878	PRJNA1134622	Escherichia coli	OXEC-151	OXFORD_NANOPORE	MinION	906513690.0	387678.0	WGS	GENOMIC	SINGLE	OXEC-151
ERR10676353	ERX10144117	ERS14333452	ERP143248	PRJEB58185	Campylobacter coli		OXFORD_NANOPORE	MinION	216733413.0	425490.0	WGS	GENOMIC	PAIRED	MinION paired end sequencing
SRR37102313	SRX32048541	SRS27985973	SRP674509	PRJNA1395651	Escherichia coli	GPEC1201	PACBIO_SMRT	Sequel II	280706180.0	28647.0	WGS	GENOMIC	SINGLE	WGS of APEC from GA
SRR12298761	SRX8801816	SRS6792695	SRP266402	PRJNA605147	Escherichia coli	RHB27-C22	OXFORD_NANOPORE	GridION	1050746202.0	139085.0	WGS	GENOMIC	SINGLE	OXFORD_NANOPORE sequencing of Escherichia coli isolate RH04|T2-C22 cultured from Pig faeces sample
SRR9732370	SRX6489636	SRS5138419	SRP215929	PRJNA555902	Variovorax sp. mfec-17	mfec-17	OXFORD_NANOPORE	GridION	361519068.0	56700.0	WGS	GENOMIC	SINGLE	Genome sequencing of bacterial strain mfec-17
SRR2064218	SRX1058378	SRS953053	SRP059074	PRJNA207881	Streptomyces sp. Mg1	Mg1	PACBIO_SMRT	PacBio RS II	904987754.0	163482.0	WGS	GENOMIC	SINGLE	S. Mg1 PacBio CLR 20 kb Blue Pippin size-selected library #2
SRR1501123	SRX641259	SRS650220	SRP043657	PRJNA202895	Klebsiella oxytoca KONIH1	KONIH1	PACBIO_SMRT	PacBio RS	661289820.0	163482.0	WGS	GENOMIC	SINGLE	PacBio SMRT Sequencing of Klebsiella oxytoca KONIH1 Genomic Library
SRR24139925	SRX19938480	SRS17287190	SRP247747	PRJNA604975	Escherichia coli	ox_bsi_564	OXFORD_NANOPORE	GridION	185653978.0	71656.0	WGS	GENOMIC	SINGLE	oxford_bsi
SRR10211325	SRX6930919	SRS5461214	SRP191068	PRJNA528511	Escherichia coli	GTEN_412	OXFORD_NANOPORE	GridION	1253677706.0	249802.0	WGS	GENOMIC	SINGLE	Global TravEpiNet AMR surveillance Genome sequencing and assembly
SRR28825852	SRX24388732	SRS21144494	SRP504527	PRJNA984017	Escherichia coli	E10N	OXFORD_NANOPORE	MinION	560711570.0	78156.0	WGS	GENOMIC	SINGLE	Escherichia coli E10N oxford nanopore reads
SRR30342863	SRX25801286	SRS22432762	SRP528120	PRJNA1150149	Staphylococcus aureus	ST30	OXFORD_NANOPORE	MinION	310586245.0	60998.0	WGS	GENOMIC	SINGLE	ONT long-read sequencing of potential healthcare transmission pathogens
ERR3685956	ERX3675560	ERS4047757	ERP114207	PRJEB31632	bacterium		OXFORD_NANOPORE	GridION	837189584.0	424687.0	WGS	GENOMIC	SINGLE	GridION sequencing
SRR15171257	SRX11478566	SRS9518577	SRP328635	PRJNA746600	Hungatella hathewayi	DSM 13479	PACBIO_SMRT	Sequel II	1811535331.0	289621.0	WGS	GENOMIC	SINGLE	WGS of Clostridium-hathewayi-DSM-13479 library1 using PACBIO_SMRT
SRR707844	SRX228379	SRS411277	SRP022786	PRJNA82565	Enterococcus faecalis V583	V583	PACBIO_SMRT	PacBio RS	115436682.0	81741.0	WGS	GENOMIC	SINGLE	Pacbio whole genome shotgun sequencing of genomic DNA library 'LR_177' containing sample 'V583' from individual 'Enterococcus_faecalis_V583_CB807'
ERR10155826	ERX9691946	ERS6426032	ERP109413	PRJEB27342	Klebsiella pasteurii		PACBIO_SMRT	Sequel II	5300826947.0	843229.0	WGS	GENOMIC	SINGLE	Sequel II sequencing
SRR11048554	SRX7698576	SRS6123027	SRP247799	PRJNA347150	Nocardioides lianchengensis	CGMCC 4.6858	PACBIO_SMRT	PacBio RS II	8004908253.0	1742339.0	WGS	GENOMIC	SINGLE	Nocardioides lianchengensis DSM 24663
SRR35737798	SRX30787117	SRS26801303	SRP630567	PRJNA1337272	Salmonella enterica subsp. enterica serovar Enteritidis	not applicable	OXFORD_NANOPORE	GridION	395443692.0	102054.0	WGS	GENOMIC	SINGLE	Nanopore whole genome sequencing of Salmonella enterica subspecies enterica isolate 1927910-1
SRR21415715	SRX17420165	SRS13525973	SRP361569	PRJNA768416	Caldifermentibacillus hisashii	FSL W8-0751	OXFORD_NANOPORE	MinION	505702500.0	136847.0	WGS	GENOMIC	SINGLE	WGS of Bacilli
SRR35298694	SRX30400757	SRS26437371	SRP618279	PRJNA1315179	Salmonella enterica subsp. enterica	Typhi	OXFORD_NANOPORE	MinION	1373141268.0	259373.0	WGS	GENOMIC	SINGLE	MinION sequencing of Salmonella Typhi
SRR9171528	SRX5944297	SRS4855012	SRP040661	PRJNA231221	Bacillus anthracis	FDAARGOS_702	PACBIO_SMRT	PacBio RS	1416888377.0	163482.0	WGS	GENOMIC	SINGLE	
SRR34675265	SRX29811106	SRS25915898	SRP602871	PRJNA1295092	Burkholderia pseudomallei	TSV292_S	OXFORD_NANOPORE	GridION	3966038154.0	366938.0	WGS	GENOMIC	SINGLE	"=_xlfn.CONCAT(""Nanopore DNA sequencing of Burkholderia pseudomallei "", B20)"
ERR15095071	ERX14499673	ERS24813672	ERP119900	PRJEB36683	Klebsiella pneumoniae 11227-1		OXFORD_NANOPORE	PromethION	394542602.0	180184.0	WGS	GENOMIC	SINGLE	Raw reads: MKPU112_L
SRR30149346	SRX25617287	SRS21937358	SRP518730	PRJNA1133668	Klebsiella aerogenes	ST93KA2	OXFORD_NANOPORE	MinION	243654488.0	25640.0	WGS	GENOMIC	SINGLE	Nanopore sequencing of clinical CRE isolates: human
SRR34701454	SRX29836718	SRS25940504	SRP603238	PRJNA1295476	Stenotrophomonas muris	STK18_22	OXFORD_NANOPORE	PromethION	491097751.0	52983.0	WGS	GENOMIC	SINGLE	ONT SQK-NBD114-96 library of Stenotrophomonas muris STK18_22: R10.4.1 flowcell on PromethION, guppy v7.2.13 with model dna_r10.4.1_e8.2_400bps_sup@v4.2.0
ERR5984551	ERX5624247	ERS6796398	ERP129449	PRJEB45354	Escherichia coli		OXFORD_NANOPORE	GridION	53251283.0	7400.0	WGS	GENOMIC	SINGLE	GridION sequencing; Raw reads: ONT_30602_1#104
SRR29762669	SRX25263310	SRS21948423	SRP519048	PRJNA1133736	Shigella flexneri	700302	OXFORD_NANOPORE	MinION	1254007176.0	421090.0	WGS	GENOMIC	SINGLE	WGS of Shigella flexneri serotype 6 isolate 700302
ERR15465385	ERX14869280	ERS15928955	ERP179079	PRJEB96336	Klebsiella pneumoniae	GR55063_BL_KP	OXFORD_NANOPORE	GridION	1628557615.0	306148.0	WGS	GENOMIC	SINGLE	GridION sequencing
SRR26942067	SRX22635835	SRS19633634	SRP474026	PRJNA1044807	Mesorhizobium huakuii	NZP2235	OXFORD_NANOPORE	MinION	1033609569.0	300694.0	WGS	GENOMIC	SINGLE	Nanopore sequencing of Mesorhizobium huakuii NZP2235
SRR31540830	SRX26908094	SRS23387551	SRP548173	PRJNA1190675	Escherichia coli	The same strain as the one under SRA accession SRR10269131	OXFORD_NANOPORE	MinION	605592226.0	94476.0	WGS	GENOMIC	SINGLE	ONT of TAS099
SRR11209270	SRX7822163	SRS6233359	SRP251108	PRJNA609126	Staphylococcus aureus	SA1428	OXFORD_NANOPORE	GridION	89402737.0	4000.0	WGS	GENOMIC	SINGLE	Genome sequence of a chronic Staphylococcus aureus isolated from dairy cow that is non-responsive to antibiotic treatment
SRR25467103	SRX21199821	SRS18458353	SRP452337	PRJNA1000618	Escherichia coli	Escherichia coli BL21(DE3)	OXFORD_NANOPORE	MinION	8153265.0	4000.0	WGS	GENOMIC	SINGLE	CASTVK transposition with different condition
ERR10791330	ERX10240640	ERS2650854	ERP104475	PRJEB22771	Streptococcus pneumoniae		PACBIO_SMRT	Sequel II	2680132510.0	385568.0	WGS	GENOMIC	SINGLE	Sequel II sequencing
SRR873683	SRX290498	SRS431670	SRP023526	PRJNA176643	Vibrio parahaemolyticus VP250	VP250	PACBIO_SMRT	PacBio RS	163082751.0	81741.0	WGS	GENOMIC	SINGLE	
SRR26255280	SRX21965268	SRS3530671	SRP102667	PRJNA292664	Campylobacter jejuni	CVM N17C483	OXFORD_NANOPORE	MinION	341313870.0	34296.0	WGS	GENOMIC	SINGLE	Complete Genome of Campylobacter CVM N17C483
ERR3986935	ERX3988962	ERS4380869	ERP120516	PRJEB37212	Escherichia coli		OXFORD_NANOPORE	MinION	107747146.0	30964.0	WGS	GENOMIC	SINGLE	MinION sequencing; Oxfordshire gram negative bacteraemias
ERR2125802	ERX2182654	ERS1613567	ERP005928	PRJEB6403	Janthinobacterium lividum		PACBIO_SMRT	PacBio RS	528389151.0	163482.0	WGS	GENOMIC	SINGLE	PacBio RS sequencing
SRR21696355	SRX17693910	SRS11554284	SRP354045	PRJNA747871	Streptomyces sp. NBC_01429	NBC_01429	OXFORD_NANOPORE	MinION	1881310828.0	210169.0	WGS	GENOMIC	SINGLE	nanopore sequencing data from strain NBC_01429
SRR13927893	SRX10307310	SRS8428565	SRP261507	PRJNA631701	Thiothrix fructosivorans	ATCC 49748	PACBIO_SMRT	PacBio RS II	2305521484.0	163482.0	WGS	GENOMIC	SINGLE	SMRT_Tfr
SRR33685510	SRX28911848	SRS25136904	SRP587316	PRJNA1265688	Acinetobacter baumannii	Abau2	PACBIO_SMRT	Revio	9174971656.0	1055381.0	WGS	GENOMIC	SINGLE	WGS of Acinetobacter baumannii
SRR34795061	SRX29928128	SRS26026064	SRP605455	PRJNA1299340	Escherichia coli	DA81311	OXFORD_NANOPORE	MinION	1118940797.0	89101.0	WGS	GENOMIC	SINGLE	DA79881 80 gen without TZP  Nanopore reads I-SceI digested pDNA
SRR33224295	SRX28471377	SRS24791390	SRP579950	PRJNA1253082	Streptococcus pneumoniae		OXFORD_NANOPORE	MinION	117820106.0	160463.0	WGS	GENOMIC	SINGLE	WGS of Streptococcus pneumoniae
DRR680679	DRX660784	DRS483511	DRP013479	PRJDB20529	Mycoplasmopsis bovis	S0001_05_M05	OXFORD_NANOPORE	MinION	1371998218.0	482801.0	WGS	GENOMIC	SINGLE	MinION sequencing of SAMD00900368
ERR15941443	ERX15336988	ERS27416759	ERP185476	PRJEB104171	Escherichia coli		OXFORD_NANOPORE	MinION	428260696.0	135509.0	WGS	GENOMIC	SINGLE	MinION sequencing
SRR932057	SRX320107	SRS456502	SRP022914	PRJNA203445	Listeria monocytogenes	C1-387	PACBIO_SMRT	PacBio RS	270883825.0	81741.0	WGS	GENOMIC	SINGLE	Listeria monocytogenes Strain C1-387
SRR30149074	SRX25616932	SRS22262787	SRP524510	PRJNA1144171	Staphylococcus aureus	sa231212_barcode77	OXFORD_NANOPORE	MinION	130040945.0	72297.0	WGS	GENOMIC	SINGLE	Staphylococcus aureus strain sa231212_barcode77
ERR752441	ERX696123	ERS576874	ERP005355	PRJEB5919	Salmonella enterica subsp. enterica serovar Typhi		PACBIO_SMRT	PacBio RS	1900507561.0	163482.0	WGS	GENOMIC	SINGLE	PacBio RS sequencing
SRR36200510	SRX31237095	SRS27216424	SRP649104	PRJNA1367967	Klebsiella pneumoniae	25849B1	OXFORD_NANOPORE	PromethION	890629443.0	794579.0	WGS	GENOMIC	SINGLE	WGS of clinical Klebsiella pneumoniae from a referral hospital in Bansang, Gambia
SRR12342613	SRX8842322	SRS7105407	SRP274063	PRJNA649373	Gordonia rubripertincta	SD5	PACBIO_SMRT	PacBio RS II	1925401206.0	163482.0	WGS	GENOMIC	SINGLE	Whole genome sequencing of Gordonia rubripertincta SD5
SRR29081084	SRX24605310	SRS21342981	SRP508604	PRJNA1113402	Mycobacterium tuberculosis	H-21-0027	OXFORD_NANOPORE	MinION	93030488.0	67963.0	WGS	GENOMIC	SINGLE	WGS of clinical Mycobacterium tuberculosis isolates from the Philippines
ERR12258335	ERX11668623	ERS16539725	ERP152951	PRJEB67942	Streptococcus uberis		OXFORD_NANOPORE	MinION	2392497668.0	474740.0	WGS	GENOMIC	SINGLE	MinION sequencing
SRR15415588	SRX11717493	SRS1717763	SRP332089	PRJNA528413	Escherichia coli O157:H7	SS TX 313-1	PACBIO_SMRT	PacBio RS II	2274338300.0	163482.0	WGS	GENOMIC	SINGLE	Genome sequencing of E. coli O157:H7 and O55:H7 strains
SRR22860029	SRX18818554	SRS16251817	SRP414408	PRJNA914892	Staphylococcus aureus	C244	OXFORD_NANOPORE	MinION	435680940.0	119809.0	WGS	GENOMIC	SINGLE	Long read ONT WGS of Staphylococcus aureus isolates from Chronic Rhinosinusitis Patients
SRR8365091	SRX5175488	SRS4182811	SRP174267	PRJNA510422	Salmonella enterica subsp. enterica serovar Stanleyville	RSE30	OXFORD_NANOPORE	MinION	500006937.0	42848.0	WGS	GENOMIC	SINGLE	whole genome sequencing of Salmonella: food isolate
SRR13386156	SRX9805273	SRS7989348	SRP300861	PRJNA663900	Enterococcus sp. DIV0841a	DIV0841a	OXFORD_NANOPORE	GridION	468476458.0	55277.0	WGS	GENOMIC	SINGLE	Zoo 3 Enterococcus Diversity Genome sequencing and assembly
ERR13744110	ERX13145522	ERS16082366	ERP149426	PRJEB64289	Escherichia coli		PACBIO_SMRT	Sequel IIe	238493827.0	24178.0	WGS	GENOMIC	SINGLE	Sequel IIe sequencing
ERR2125867	ERX2182719	ERS1681020	ERP005928	PRJEB6403	Tsukamurella paurometabola	NCTC10741	PACBIO_SMRT	PacBio RS	42254720.0	163482.0	WGS	GENOMIC	SINGLE	PacBio RS sequencing
DRR295336	DRX284792	DRS478521	DRP004189	PRJDB5929	Klebsiella pneumoniae	C1755	OXFORD_NANOPORE	GridION	1319659029.0	195026.0	WGS	GENOMIC	SINGLE	GridION sequencing of SAMD00324242
SRR22890828	SRX18848670	SRS16280038	SRP414793	PRJNA871981	plant metagenome		PACBIO_SMRT	Sequel	17920958.0	11765.0	WGS	GENOMIC	SINGLE	Microbial diversity of alfalfa
ERR10497808	ERX10015097	ERS14254683	ERP142629	PRJEB57633	Escherichia coli		OXFORD_NANOPORE	GridION	47932201.0	6347.0	WGS	GENOMIC	SINGLE	Raw reads: ONT_30224_1#25
SRR28120355	SRX23765125	SRS20590767	SRP492033	PRJNA1080086	Acinetobacter baylyi	ATCC 3330	OXFORD_NANOPORE	MinION	980187306.0	219033.0	WGS	GENOMIC	SINGLE	Nanopore sequencing of Acinetobacter baylyi ancsetor
SRR35674214	SRX30725816	SRS26742256	SRP561673	PRJNA1219398	Pasteurella multocida	182045	OXFORD_NANOPORE	MinION	68408964.0	10443.0	WGS	GENOMIC	SINGLE	DNA-Seq of Pasteurella multocida 182045
ERR1351118	ERX1422642	ERS1022038	ERP005928	PRJEB6403	Neisseria cinerea	NCTC10294	PACBIO_SMRT	PacBio RS	2405064390.0	163482.0	WGS	GENOMIC	SINGLE	PacBio RS sequencing
SRR16259008	SRX12539052	SRS10498074	SRP040661	PRJNA231221	Bacteroides fragilis	FDAARGOS_1514	PACBIO_SMRT	Sequel	1811432356.0	223169.0	WGS	GENOMIC	SINGLE	
ERR12245901	ERX11656859	ERS16613419	ERP153128	PRJEB68143	Mycobacterium tuberculosis		OXFORD_NANOPORE	MinION	480905154.0	203859.0	WGS	GENOMIC	SINGLE	MinION sequencing
ERR10163245	ERX9699841	ERS13423716	ERP140710	PRJEB55790	Apilactobacillus kunkeei	A2103	PACBIO_SMRT	Sequel	1740812968.0	312578.0	WGS	GENOMIC	SINGLE	Sequel sequencing; Raw reads: A2103
ERR14686320	ERX14087839	ERS23773459	ERP169826	PRJEB86481	Escherichia coli str. K-12 substr. MG1655	K-12	OXFORD_NANOPORE	MinION	183249263.0	72743.0	WGS	GENOMIC	SINGLE	MinION sequencing
DRR393613	DRX379432	DRS296946	DRP007849	PRJDB10842	Escherichia coli	JBAGABE-19-0121	OXFORD_NANOPORE	GridION	739230834.0	53278.0	WGS	GENOMIC	SINGLE	GridION sequencing of SAMD00497845
SRR28261197	SRX23871495	SRS20690679	SRP493931	PRJNA1085272	Haemophilus influenzae	missing	OXFORD_NANOPORE	GridION	717641447.0	151479.0	WGS	GENOMIC	SINGLE	ONT long-read sequencing of Haemophilus influenzae strain NTHi375nagB#9
SRR25778641	SRX21501175	SRS18732651	SRP457287	PRJNA1010209	Mycobacterium tuberculosis	TDR19	OXFORD_NANOPORE	MinION	217750907.0	93674.0	WGS	GENOMIC	SINGLE	WGS from TDR19 Oxford Nanopore
ERR16064444	ERX15454626	ERS28397579	ERP173262	PRJEB90249	Campylobacter jejuni		OXFORD_NANOPORE	GridION	391675563.0	102010.0	WGS	GENOMIC	SINGLE	GridION sequencing
SRR10556203	SRX7237938	SRS5737517	SRP233759	PRJNA460370	Clostridium beijerinckii	DJ237	PACBIO_SMRT	PacBio RS II	530949290.0	135808.0	WGS	GENOMIC	SINGLE	Clostridium beijerinckii DJ237
SRR15989076	SRX12277791	SRS9999167	SRP357537	PRJNA801416	Enterobacter asburiae	E1241	OXFORD_NANOPORE	GridION	269878746.0	50068.0	WGS	GENOMIC	SINGLE	Whole Genome Sequencing of Carbapenemase-producing Enterobacterales (CPE)
SRR14018331	SRX10394953	SRS8517849	SRP311423	PRJNA715927	Klebsiella quasipneumoniae	WW-14A	OXFORD_NANOPORE	MinION	488236294.0	73068.0	WGS	GENOMIC	SINGLE	Long-read WGS of Klebsiella quasipneumoniae isolated in sewage from Argentina
SRR14628211	SRX10968962	SRS9046503	SRP321015	PRJNA731114	Pseudomonas aeruginosa	PaLo529	OXFORD_NANOPORE	MinION	540680252.0	103717.0	WGS	GENOMIC	SINGLE	Nanopore sequencing of Pseudomonas aeruginosa isolates
SRR15680594	SRX11976921	SRS9985338	SRP335068	PRJNA759208	Escherichia coli O99:H6	CU42ET-1	OXFORD_NANOPORE	GridION	2899757115.0	112086.0	WGS	GENOMIC	SINGLE	Nanopore sequencing of CU42ET-1-D5
SRR27678721	SRX23346028	SRS20207266	SRP485167	PRJNA960711	Bacillus cereus	Tehuacan_S5	OXFORD_NANOPORE	MinION	51749528.0	23827.0	WGS	GENOMIC	SINGLE	WGS of Bacillus cereus: strain Tehuacan_S5
SRR4235464	SRX2156763	SRS1686713	SRP088727	PRJNA322999	Streptomyces sp. 2131.1	2131.1	PACBIO_SMRT	PacBio RS	29937811.0	7617.0	WGS	GENOMIC	SINGLE	Streptomyces sp 2131.1
SRR15271128	SRX11576164	SRS5369508	SRP221243	PRJNA497126	Acinetobacter variabilis	AV_175	OXFORD_NANOPORE	MinION	177160318.0	13573.0	WGS	GENOMIC	SINGLE	WGS of bacterial isolate
SRR8359504	SRX5170201	SRS1305627	SRP046387	PRJNA218110	Escherichia albertii	2014C-4015	PACBIO_SMRT	PacBio RS II	865952953.0	163482.0	WGS	GENOMIC	SINGLE	Whole genome sequencing of Escherichia albertii
ERR10124212	ERX9661276	ERS6426076	ERP109413	PRJEB27342	Klebsiella michiganensis		PACBIO_SMRT	Sequel II	8076998158.0	1188715.0	WGS	GENOMIC	SINGLE	Sequel II sequencing
SRR18531191	SRX14661272	SRS11668572	SRP352217	PRJNA785080	Limosilactobacillus reuteri	VHProbi E18	PACBIO_SMRT	PacBio RS II	3222109280.0	288337.0	WGS	GENOMIC	SINGLE	DNA-Seq of Limosilactobacillus reuteri: old man feces
SRR32216188	SRX27556502	SRS23970410	SRP561337	PRJNA1218789	Streptococcus pyogenes	GAS474	OXFORD_NANOPORE	MinION	894596278.0	128457.0	WGS	GENOMIC	SINGLE	WGS of Streptococcus pyogenes
ERR1447952	ERX1518430	ERS557942	ERP003278	PRJEB4024	Neisseria gonorrhoeae	WHO_U	PACBIO_SMRT	PacBio RS	1294866038.0	163482.0	WGS	GENOMIC	SINGLE	PacBio RS sequencing
SRR30574376	SRX25997481	SRS22571249	SRP531125	PRJNA1155659	Vibrio parahaemolyticus	VB18PR-0262-1_long	OXFORD_NANOPORE	MinION	118481900.0	40846.0	WGS	GENOMIC	SINGLE	Oxford Nanopore reads of Vibrio
SRR5181927	SRX2498036	SRS1924889	SRP096895	PRJNA353873	Mycobacterium tuberculosis		PACBIO_SMRT	PacBio RS	180995440.0	163482.0	WGS	GENOMIC	SINGLE	DNA of Mtb
SRR4136156	SRX2118745	SRS1667651	SRP084785	PRJNA257842	Gramella sp. Hel_I_59	Hel_I_59	PACBIO_SMRT	PacBio RS	245032069.0	80864.0	WGS	GENOMIC	SINGLE	Gramella sp. Hel_I_59
SRR33769112	SRX28991656	SRS22455716	SRP444583	PRJNA962904	Escherichia coli		PACBIO_SMRT	Sequel II	354621945.0	18763.0	WGS	GENOMIC	SINGLE	PacBio sequencing of AH0283HE1 for ARCH 2
SRR21696595	SRX17694184	SRS14987053	SRP354045	PRJNA747871	Streptomyces mirabilis	NBC_00793	OXFORD_NANOPORE	MinION	603240751.0	89137.0	WGS	GENOMIC	SINGLE	nanopore sequencing data from strain NBC_00793
SRR35850913	SRX30900341	SRS26900676	SRP636871	PRJNA1334387	Ruegeria sp. ABV4_181	ABV4_181	OXFORD_NANOPORE	GridION	2820940143.0	482798.0	WGS	GENOMIC	SINGLE	WGS of Ruegeria sp. : Marine biofilm
SRR28370691	SRX23975718	SRS20774116	SRP496022	PRJNA1087001	Mycobacterium tuberculosis	mc26030	OXFORD_NANOPORE	GridION	713108676.0	187101.0	WGS	GENOMIC	SINGLE	WGS of avirulent Mycobacterium tuberculosis isolate
SRR3441680	SRX1727919	SRS1324849	SRP050002	PRJNA266616	Bordetella pertussis		PACBIO_SMRT	PacBio RS II	926958192.0	163482.0	WGS	GENOMIC	SINGLE	
SRR12873109	SRX9339222	SRS7559112	SRP288030	PRJNA669190	Prochlorococcus marinus str. NATL2A	NATL2A	PACBIO_SMRT	Sequel	121392236.0	134959.0	WGS	GENOMIC	SINGLE	Parent Prochlorococcus NATL2A transfer 0 replicate 2, PacBio WGS
SRR21696346	SRX17693919	SRS11554656	SRP354045	PRJNA747871	Streptomyces virginiae	NBC_00831	OXFORD_NANOPORE	MinION	118392498.0	48654.0	WGS	GENOMIC	SINGLE	nanopore sequencing data from strain NBC_00831
SRR1003150	SRX360789	SRS487996	SRP030611	PRJNA178994	Ehrlichia chaffeensis str. Osceola	Osceola	PACBIO_SMRT	PacBio RS	286964529.0	81741.0	WGS	GENOMIC	SINGLE	
ERR7058027	ERX6626973	ERS7695707	ERP132473	PRJEB48150	Vibrio cholerae		OXFORD_NANOPORE	MinION	1109537482.0	105688.0	WGS	GENOMIC	SINGLE	MinION sequencing
SRR26135307	SRX21848673	SRS18945933	SRP462494	PRJNA1019784	Shigella sonnei	3.6.1.1.2	OXFORD_NANOPORE	GridION	366611152.0	121116.0	WGS	GENOMIC	SINGLE	WGS of Shigella in Vancouver, 2021-23
SRR19843277	SRX15887111	SRS12115092	SRP361569	PRJNA768416	Bacillus sp. FSL H8-0534	FSL H8-0534	OXFORD_NANOPORE	MinION	829556322.0	158083.0	WGS	GENOMIC	SINGLE	WGS of Bacilli
SRR6129954	SRX3242363	SRS2490136	SRP116759	PRJNA400855	Brucella pseudogrignonensis	MYb58	PACBIO_SMRT	PacBio RS II	1076521990.0	163482.0	WGS	GENOMIC	SINGLE	WGS of C. elegans microbiome: MYb58, replicate 2
SRR2819362	SRX1384529	SRS1134899	SRP040661	PRJNA231221	Acinetobacter nosocomialis	FDAARGOS_129	PACBIO_SMRT	PacBio RS	1163304689.0	163482.0	WGS	GENOMIC	SINGLE	
ERR12448877	ERX11825308	ERS17728777	ERP156572	PRJEB71788	Listeria monocytogenes		OXFORD_NANOPORE	GridION	856198401.0	68508.0	WGS	GENOMIC	SINGLE	Raw reads: ListPred_LIS21
SRR13386022	SRX9805407	SRS7989482	SRP300861	PRJNA663900	Enterococcus sp. AZ173	AZ173	OXFORD_NANOPORE	GridION	205624912.0	101428.0	WGS	GENOMIC	SINGLE	Zoo 3 Enterococcus Diversity Genome sequencing and assembly
SRR13182722	SRX9620586	SRS7822655	SRP040661	PRJNA231221	Escherichia coli	FDAARGOS_1253	PACBIO_SMRT	Sequel	2154705278.0	231650.0	WGS	GENOMIC	SINGLE	
ERR11275456	ERX10683026	ERS14857425	ERP146774	PRJEB61685	Mycobacterium tuberculosis variant bovis BCG		OXFORD_NANOPORE	MinION	7945860835.0	1993320.0	WGS	GENOMIC	SINGLE	MinION sequencing
SRR17858527	SRX14019342	SRS11856077	SRP357802	PRJNA802760	Salmonella enterica subsp. enterica serovar Tennessee	21-SA00318-0	OXFORD_NANOPORE	MinION	197030221.0	30938.0	WGS	GENOMIC	SINGLE	WGS of Salmonella strain 21-SA00318-0
SRR17118595	SRX13303151	SRS11212762	SRP040661	PRJNA231221	Psychrobacter sanguinis	FDAARGOS_1598	PACBIO_SMRT	Sequel	1420948129.0	140720.0	WGS	GENOMIC	SINGLE	
ERR5984436	ERX5624159	ERS6796404	ERP129449	PRJEB45354	Escherichia coli		OXFORD_NANOPORE	GridION	75037829.0	14117.0	WGS	GENOMIC	SINGLE	GridION sequencing; Raw reads: ONT_30345_1#119
SRR22875071	SRX18833604	SRS16265655	SRP414546	PRJNA909323	Escherichia coli	LRPF62	OXFORD_NANOPORE	MinION	1647851088.0	1448674.0	WGS	GENOMIC	SINGLE	Genome Sequencing of Seven B2 clade Escherichia coli Associated with Recurrent Urinary Tract Infections in Post-Menopausal Women
SRR12280403	SRX8784312	SRS7053068	SRP272861	PRJNA646575	Bacteroides fragilis		OXFORD_NANOPORE	GridION	1019286469.0	109943.0	WGS	GENOMIC	SINGLE	WGS  of Bacteroides fragilis group clinical isolates
SRR34268857	SRX29442939	SRS25588913	SRP595615	PRJNA1280179	Pseudomonas aeruginosa	CF-sbj13-Pa1-l	OXFORD_NANOPORE	GridION	1262968000.0	163663.0	WGS	GENOMIC	SINGLE	Plasmid-mediated extreme resistance development within lung
ERR2532120	ERX2550549	ERS2016156	ERP005928	PRJEB6403	Yersinia pestis		PACBIO_SMRT	PacBio RS	1071634049.0	163482.0	WGS	GENOMIC	SINGLE	PacBio RS sequencing
DRR332833	DRX321830	DRS217918	DRP008020	PRJDB10858	Streptococcus parasuis	SUT-328	OXFORD_NANOPORE	MinION	62405248.0	10888.0	WGS	GENOMIC	SINGLE	MinION sequencing of SAMD00265707
DRR403234	DRX388933	DRS255014	DRP008964	PRJDB14140	Helicobacter suis HS1	HS1	OXFORD_NANOPORE	MinION	254085407.0	56198.0	WGS	GENOMIC	SINGLE	MinION sequencing of SAMD00532366
ERR2262580	ERX2314306	ERS1932666	ERP005928	PRJEB6403	Neisseria meningitidis	NCTC6455	PACBIO_SMRT	PacBio RS	2127194889.0	163482.0	WGS	GENOMIC	SINGLE	PacBio RS sequencing
ERR13600794	ERX12971817	ERS5521016	ERP126193	PRJEB42350	Klebsiella pneumoniae		OXFORD_NANOPORE	GridION	632158638.0	27795.0	WGS	GENOMIC	SINGLE	GridION sequencing
SRR27959550	SRX23616129	SRS20456794	SRP447891	PRJNA991232	Salmonella enterica subsp. enterica serovar Hadar		OXFORD_NANOPORE	GridION	131055647.0	66590.0	WGS	GENOMIC	SINGLE	Long-read whole genome sequencing of Salmonella Hadar
SRR385997	SRX109796	SRS001120	SRP000361	PRJNA32935	Enterococcus casseliflavus EC20	899205	PACBIO_SMRT	PacBio RS	66283478.0	81741.0	WGS	GENOMIC	SINGLE	Whole Genome Sequencing and Assembly
SRR35574240	SRX30647208	SRS26670452	SRP625638	PRJNA1320685	Escherichia coli	MB06173	OXFORD_NANOPORE	MinION	2561894616.0	441853.0	WGS	GENOMIC	SINGLE	ONT Long-Read DNA Sequencing of MB06173 Dorado SUP basecalling
ERR10042319	ERX9582287	ERS6425983	ERP109413	PRJEB27342	Klebsiella pneumoniae		PACBIO_SMRT	Sequel II	3499562818.0	470923.0	WGS	GENOMIC	SINGLE	Sequel II sequencing
ERR16115092	ERX15504683	ERS28491513	ERP187546	PRJEB106491	Paenarthrobacter sp.		OXFORD_NANOPORE	MinION	610431682.0	39622.0	WGS	GENOMIC	SINGLE	Whole genome sequencing of Paenarthrobacter sp. TRD_SC_7, isolated from TsoMoriri Rock Dust
SRR3944662	SRX1970651	SRS1553007	SRP076579	PRJNA325667	Brenneria goodwinii	FRB141	PACBIO_SMRT	PacBio RS II	1796738526.0	163482.0	WGS	GENOMIC	SINGLE	Whole genome sequece of Brenneria goodwinii FRB1411: Sample B_goodwinii_FRB141_pacbio
SRR14554120	SRX10897497	SRS8989659	SRP051949	PRJNA271899	Klebsiella pneumoniae	BIDMC-130	OXFORD_NANOPORE	GridION	1662161851.0	760786.0	WGS	GENOMIC	SINGLE	Sequencing of Carbapenem resistant bacteria
SRR30944970	SRX26347434	SRS22853332	SRP537443	PRJNA1170947	Serratia marcescens	CM2017_569	OXFORD_NANOPORE	MinION	2500004946.0	118796.0	WGS	GENOMIC	SINGLE	Whole Genome Sequencing of CAV2778: Sink-4PS
ERR10498756	ERX10016045	ERS14255945	ERP142629	PRJEB57633	Escherichia coli		OXFORD_NANOPORE	GridION	91451526.0	9288.0	WGS	GENOMIC	SINGLE	Raw reads: ONT_30602_1#366
DRR149211	DRX139962	DRS074989	DRP004434	PRJDB7192	Pseudonocardia autotrophica	NBRC 12743	PACBIO_SMRT	PacBio RS II	2108734257.0	163482.0	WGS	GENOMIC	SINGLE	PacBio RS II sequencing of SAMD00129985
ERR10676334	ERX10144098	ERS14333433	ERP143248	PRJEB58185	Campylobacter coli		OXFORD_NANOPORE	MinION	511098602.0	849001.0	WGS	GENOMIC	PAIRED	MinION paired end sequencing
SRR5438168	SRX2728126	SRS2116362	SRP103663	PRJNA382643	Streptomyces sp. 3211	3211	PACBIO_SMRT	PacBio RS II	790030967.0	163482.0	WGS	GENOMIC	SINGLE	WGS of Streptomyces 3211: PacBio-3
SRR29779017	SRX25278863	SRS21698241	SRP418402	PRJNA925803	Streptococcus dysgalactiae subsp. equisimilis	MGCS35755	OXFORD_NANOPORE	GridION	280082021.0	180089.0	WGS	GENOMIC	SINGLE	WGS of Streptococcus dysgalactiae subsp. equisimilis
SRR28811877	SRX24375143	SRS21036775	SRP501980	PRJNA894337	Fluoribacter dumoffii	PATHC019	OXFORD_NANOPORE	MinION	346459776.0	152502.0	WGS	GENOMIC	SINGLE	whole genome sequencing of environmental isolates of Legionella
ERR4910094	ERX4776918	ERS4556734	ERP121699	PRJEB38289	Klebsiella pneumoniae		PACBIO_SMRT	PacBio RS	494269134.0	54494.0	WGS	GENOMIC	SINGLE	PacBio RS sequencing
SRR34967461	SRX30086776	SRS26152931	SRP608514	PRJNA1305037	Citrobacter werkmanii	MI_KPC_142	OXFORD_NANOPORE	PromethION	424142801.0	97866.0	WGS	GENOMIC	SINGLE	KPC CRE collection from state of Michigan
SRR2818098	SRX1384199	SRS1134797	SRP040661	PRJNA231221	Vibrio vulnificus	FDAARGOS_117	PACBIO_SMRT	PacBio RS	764156946.0	163482.0	WGS	GENOMIC	SINGLE	
SRR31598930	SRX26963555	SRS23433267	SRP549287	PRJNA1185485	Escherichia coli	82	OXFORD_NANOPORE	PromethION	1753774240.0	330239.0	WGS	GENOMIC	SINGLE	2ndManhole-barcode91
SRR28466960	SRX24069880	SRS20860412	SRP498025	PRJNA616030	Vibrio cholerae	MWI/2016/15	OXFORD_NANOPORE	MinION	1598960250.0	208475.0	WGS	GENOMIC	SINGLE	Oxford Nanopore sequencing of Vibrio cholerae
SRR23384625	SRX19323036	SRS16721120	SRP421698	PRJNA924056	Enterobacter hormaechei	CPO153	OXFORD_NANOPORE	MinION	233503616.0	16319.0	WGS	GENOMIC	SINGLE	WGS of bacterial isolate possessing blaIMP-4 carbapenemase
SRR287697	SRX078304	SRS212390	SRP007207	PRJNA68253	Escherichia coli		PACBIO_SMRT	PacBio RS	81251182.0	81741.0	WGS	GENOMIC	SINGLE	Whole Genome Sequencing for C777-09
SRR3384111	SRX1672007	SRS1369167	SRP072701	PRJNA307507	Escherichia coli	JJ2434	PACBIO_SMRT	PacBio RS II	2006820664.0	326964.0	WGS	GENOMIC	SINGLE	JJ2434 PacBio
SRR32610404	SRX27915780	SRS24273883	SRP568450	PRJNA1228643	Acidovorax facilis	R-28	OXFORD_NANOPORE	GridION	10528336.0	689.0	WGS	GENOMIC	SINGLE	ONT WGS of Acidovorax R-28
SRR386363	SRX109870	SRS212334	SRP007230	PRJNA64831	Bacteroides finegoldii CL09T03C10	CL09T03C10	PACBIO_SMRT	PacBio RS	44362044.0	81741.0	WGS	GENOMIC	SINGLE	Whole Genome Sequencing and Assembly
SRR1955878	SRX981409	SRS896171	SRP040661	PRJNA231221	Staphylococcus aureus	FDAARGOS_45	PACBIO_SMRT	PacBio RS	2125181611.0	163482.0	WGS	GENOMIC	SINGLE	
ERR718776	ERX662698	ERS530433	ERP005928	PRJEB6403	Escherichia coli	NCTC13351	PACBIO_SMRT	PacBio RS	1377568205.0	163482.0	WGS	GENOMIC	SINGLE	PacBio RS sequencing
SRR4164066	SRX2136282	ERS1358606	SRP086193	PRJNA303523	Micromonospora citrea	DSM 43903	PACBIO_SMRT	PacBio RS	876256751.0	247115.0	WGS	GENOMIC	SINGLE	Micromonospora citrea DSM 43903
SRR9663512	SRX6424386	SRS5080927	SRP214010	PRJNA536299	Arthrobacter sp. M29	SLBN-122	PACBIO_SMRT	Sequel	1955594526.0	491272.0	WGS	GENOMIC	SINGLE	Arthrobacter sp M29
ERR13600722	ERX12971745	ERS15599493	ERP132614	PRJEB48268	Klebsiella pneumoniae		OXFORD_NANOPORE	GridION	341913678.0	12056.0	WGS	GENOMIC	SINGLE	GridION sequencing
SRR33300135	SRX28545193	SRS24844344	SRP581013	PRJNA1255117	Staphylococcus aureus	Staphylococcus	OXFORD_NANOPORE	GridION	338522627.0	82712.0	WGS	GENOMIC	SINGLE	WGS of S. aureus sample 51
SRR35850994	SRX30900260	SRS26900620	SRP636871	PRJNA1334387	Thalassovita sp. ABM4_323	ABM4_323	OXFORD_NANOPORE	GridION	3009347951.0	691067.0	WGS	GENOMIC	SINGLE	WGS of Thalassovita sp.: Marine biofilm
SRR13386182	SRX9805247	SRS7989322	SRP300861	PRJNA663900	Enterococcus sp. DIV1938	DIV1938	OXFORD_NANOPORE	GridION	1689463885.0	159195.0	WGS	GENOMIC	SINGLE	Zoo 3 Enterococcus Diversity Genome sequencing and assembly
SRR10918426	SRX7585711	SRS6019369	SRP051949	PRJNA271899	Klebsiella pneumoniae	OC-CRE-9152	OXFORD_NANOPORE	GridION	897562162.0	213740.0	WGS	GENOMIC	SINGLE	Sequencing of Carbapenem resistant bacteria
SRR32486196	SRX27799583	SRS15374145	SRP402031	PRJNA857534	Serratia marcescens	AUSMDU00013571	OXFORD_NANOPORE	PromethION	1616094247.0	322700.0	WGS	GENOMIC	SINGLE	WGS of Serratia species from ONT reads
SRR353401	SRX101287	SRS259595	SRP008003	PRJNA68155	Escherichia coli O104:H4 str. C236-11	C236-11	PACBIO_SMRT	PacBio RS	63467915.0	81741.0	WGS	GENOMIC	SINGLE	Genome Sequencing and Assembly of E. coli O104:H4 strains
SRR28860697	SRX24420511	SRS21175970	SRP505144	PRJNA1106791	Klebsiella oxytoca		OXFORD_NANOPORE	GridION	67838942.0	14541.0	WGS	GENOMIC	SINGLE	Long-read DNA sequence for BCR_KOX4
ERR10498370	ERX10015659	ERS14255486	ERP142629	PRJEB57633	Escherichia coli		OXFORD_NANOPORE	GridION	64100683.0	8933.0	WGS	GENOMIC	SINGLE	Raw reads: ONT_30345_1#202
DRR403999	DRX389609	DRS312909	DRP010192	PRJDB14332	Clostridium tetani	KHSU-154307-017	PACBIO_SMRT	Sequel	337546071.0	64302.0	WGS	GENOMIC	SINGLE	Sequel sequencing of SAMD00534306
ERR4763171	ERX4636224	ERS5247919	ERP124695	PRJEB40976	Enterococcus faecalis		OXFORD_NANOPORE	GridION	686632854.0	34458.0	WGS	GENOMIC	SINGLE	GridION sequencing; Raw reads: 28157_4#260
SRR36286192	SRX31319565	SRS27217869	SRP649163	PRJNA1230056	Enterococcus faecium	VRE_11	OXFORD_NANOPORE	GridION	401003763.0	127457.0	WGS	GENOMIC	SINGLE	WGS of E. faecium
SRR33600033	SRX28829523	SRS25061939	SRP585898	PRJNA1263016	Staphylococcus aureus	MRSA252	OXFORD_NANOPORE	MinION	1773182578.0	251264.0	WGS	GENOMIC	SINGLE	WGS long read sequencing of MRSA
SRR10252084	SRX6970091	SRS5495656	SRP224882	PRJNA483500	Escherichia coli O145	RM9154-C1	PACBIO_SMRT	PacBio RS II	555854407.0	163482.0	WGS	GENOMIC	SINGLE	Complete genome sequence of a Shiga toxin-producing Escherichia coli environmental isolate
ERR11040752	ERX10488000	ERS14796175	ERP145810	PRJEB60752	Escherichia coli		OXFORD_NANOPORE	MinION	489549377.0	122724.0	WGS	GENOMIC	SINGLE	Raw reads: 39789_S44_[Oxford_Nanopore]
DRR594373	DRX574920	DRS566199	DRP015300	PRJDB18582	Campylobacter jejuni	IFTK60	PACBIO_SMRT	Revio	2516133859.0	230889.0	WGS	GENOMIC	SINGLE	Revio sequencing of SAMD00817470
SRR33300175	SRX28545153	SRS24844306	SRP581013	PRJNA1255117	Staphylococcus aureus	Staphylococcus	OXFORD_NANOPORE	GridION	358182022.0	117761.0	WGS	GENOMIC	SINGLE	WGS of S. aureus sample 15
ERR910532	ERX989787	ERS685286	ERP005928	PRJEB6403	Streptococcus mutans	NCTC10923	PACBIO_SMRT	PacBio RS	698431693.0	163482.0	WGS	GENOMIC	SINGLE	PacBio RS sequencing
ERR13656301	ERX13027003	ERS20964719	ERP152411	PRJEB67372	Streptomyces sp. enrichment culture		PACBIO_SMRT	Revio	831847053.0	114922.0	WGS	GENOMIC	SINGLE	Raw reads: SudanB54_2050
SRR31303485	SRX26681586	SRS23174442	SRP544363	PRJNA1133929	Bordetella pertussis	YW01	PACBIO_SMRT	Sequel IIe	3767650398.0	354059.0	WGS	GENOMIC	PAIRED	Genome sequencing for Bordetella pertussis
ERR10497715	ERX10015004	ERS14254808	ERP142629	PRJEB57633	Escherichia coli		OXFORD_NANOPORE	GridION	114198337.0	18221.0	WGS	GENOMIC	SINGLE	Raw reads: ONT_30224_1#169
ERR10498828	ERX10016117	ERS14255869	ERP142629	PRJEB57633	Escherichia coli		OXFORD_NANOPORE	GridION	47045287.0	9890.0	WGS	GENOMIC	SINGLE	Raw reads: ONT_30602_2#18
ERR776852	ERX719730	ERS671488	ERP009748	PRJEB8723	Acinetobacter baylyi ADP1		OXFORD_NANOPORE	MinION	19271675.0	3990.0	WGS	GENOMIC	SINGLE	MinION sequencing; Acinetobacter sp. ADP1 whole genome sequencing using MinIon R7 chemistry
SRR4272587	SRX2179427	SRS1704494	SRP040661	PRJNA231221	Pasteurella multocida	FDAARGOS_217	PACBIO_SMRT	PacBio RS	1060953681.0	163482.0	WGS	GENOMIC	SINGLE	
SRR13148772	SRX9589055	SRS7792530	SRP294233	PRJNA680857	Klebsiella pneumoniae		OXFORD_NANOPORE	MinION	19909555.0	1828.0	WGS	GENOMIC	SINGLE	WGS of NDM positive isolate
SRR16525513	SRX12727972	SRS10336715	SRP357534	PRJNA801415	Escherichia coli	101	OXFORD_NANOPORE	GridION	1695873158.0	160765.0	WGS	GENOMIC	SINGLE	Extensive diversification and dissemination of blaNDM carbapenemase plasmids in Enterobacterales in Singapore 2010-2015
ERR13354979	ERX12725911	ERS20228325	ERP160933	PRJEB76407	Mediterraneibacter gnavus		PACBIO_SMRT	Sequel IIe	13427499.0	2048.0	WGS	GENOMIC	SINGLE	Sequel IIe sequencing
ERR4762706	ERX4635795	ERS5247781	ERP124695	PRJEB40976	Enterococcus faecalis		OXFORD_NANOPORE	GridION	1241024262.0	64548.0	WGS	GENOMIC	SINGLE	GridION sequencing; Raw reads: 26975_2#221
ERR10497893	ERX10015182	ERS14254415	ERP142629	PRJEB57633	Escherichia coli		OXFORD_NANOPORE	GridION	123418703.0	20734.0	WGS	GENOMIC	SINGLE	Raw reads: ONT_30345_1#111
SRR22121269	SRX18100996	SRS15603916	SRP405589	PRJNA895213	Segatella copri	JCM13464	OXFORD_NANOPORE	GridION	419133435.0	86644.0	WGS	GENOMIC	SINGLE	WGS of Prevotella copri JCM13464
ERR3421337	ERX3444774	ERS3568084	ERP009963	PRJEB8920	Chitinophaga pinensis		PACBIO_SMRT	PacBio RS II	4350290228.0	823164.0	WGS	GENOMIC	SINGLE	PacBio RS II sequencing
SRR31375103	SRX26748714	SRS23237345	SRP545813	PRJNA1185690	Pseudomonas graminis	CoPs-76	OXFORD_NANOPORE	MinION	1542008327.0	147903.0	WGS	GENOMIC	SINGLE	Nanopore WGS sequencing of Pseudomonas spp. Strains
SRR35212494	SRX30316283	SRS26363300	SRP291668	PRJNA675431	Enterococcus faecium	FI550	OXFORD_NANOPORE	PromethION	300449988.0	91305.0	WGS	GENOMIC	SINGLE	WGS of Enterococcus faecium
SRR10519645	SRX7204485	SRS5709274	SRP231800	PRJNA335152	Clostridium tetanomorphum	DJ062	PACBIO_SMRT	PacBio RS II	1459164459.0	397995.0	WGS	GENOMIC	SINGLE	Clostridium tetanomorphum 62
SRR26950651	SRX22644554	SRS19641537	SRP474291	PRJNA1043871	Bacillus sp. PBL-C9	PBL-C9	OXFORD_NANOPORE	MinION	34804.0	19.0	WGS	GENOMIC	SINGLE	Bacillus sp. PBL-C9 Genome sequencing and assembly
SRR30868096	SRX26265719	SRS21390614	SRP250705	PRJNA607328	Bacillus subtilis subsp. subtilis	missing	OXFORD_NANOPORE	MinION	1849129861.0	369268.0	WGS	GENOMIC	SINGLE	Bacillus subtilis FELIX_MS9 Nanopore reads
SRR33768927	SRX28991152	SRS22456251	SRP444583	PRJNA962904	Escherichia coli		PACBIO_SMRT	Sequel II	110048452.0	6511.0	WGS	GENOMIC	SINGLE	PacBio sequencing of AH0329HE2 for ARCH 2
SRR27397526	SRX23073765	SRS20033126	SRP480894	PRJNA774128	Xanthomonas campestris pv. barbareae	NCPPB 983	OXFORD_NANOPORE	MinION	419272170.0	46342.0	WGS	GENOMIC	SINGLE	ONT genome sequencing of X. campestris pv. barbareae
SRR21563343	SRX17565831	SRS14987283	SRP354045	PRJNA747871	Streptomyces sp. NBC_01723	NBC_01723	OXFORD_NANOPORE	MinION	1064092541.0	147471.0	WGS	GENOMIC	SINGLE	nanopore sequencing data from strain NBC_01723
SRR8778555	SRX5568632	SRS4531571	SRP189319	PRJNA279675	Klebsiella pneumoniae	ABFQB	PACBIO_SMRT	PacBio RS II	548926336.0	163482.0	WGS	GENOMIC	SINGLE	PacBio SMRT Sequencing of Klebsiella pneumoniae ABFQB Genomic Library
ERR2532387	ERX2550808	ERS2419199	ERP005928	PRJEB6403	Salmonella enterica subsp. enterica	NCTC6589	PACBIO_SMRT	PacBio RS	2001238137.0	163482.0	WGS	GENOMIC	SINGLE	PacBio RS sequencing
SRR25466872	SRX21199548	SRS18458348	SRP452337	PRJNA1000618	Escherichia coli	Escherichia coli BL21(DE3)	OXFORD_NANOPORE	MinION	6223569.0	3999.0	WGS	GENOMIC	SINGLE	CASTVK transposition with different condition
ERR6719432	ERX6344026	ERS4197115	ERP023216	PRJEB20997	Salmonella enterica		PACBIO_SMRT	Sequel II	1066959675.0	256653.0	WGS	GENOMIC	SINGLE	Sequel II sequencing
DRR460656	DRX444915	DRS296814	DRP009845	PRJDB15568	Escherichia coli	JU503	OXFORD_NANOPORE	MinION	956542879.0	188190.0	WGS	GENOMIC	SINGLE	MinION sequencing of SAMD00589546
SRR13996137	SRX10373575	SRS3798138	SRP071789	PRJNA315192	Escherichia coli	592579	OXFORD_NANOPORE	MinION	660859170.0	122759.0	WGS	GENOMIC	SINGLE	592579
SRR31024251	SRX26411312	SRS22931266	SRP539092	PRJNA1174068	Vibrio cholerae	mHDM VC194	OXFORD_NANOPORE	PromethION	140534651.0	105234.0	WGS	GENOMIC	SINGLE	WGS of Vcholerae isolates
SRR25793435	SRX21515674	SRS8481859	SRP457515	PRJNA1010762	Bacillus cereus		OXFORD_NANOPORE	MinION	1973574239.0	386989.0	WGS	GENOMIC	SINGLE	whole-genome sequencing of Bacillus cereus
SRR32271206	SRX27608365	SRS24017103	SRP562291	PRJNA1221016	Escherichia coli		OXFORD_NANOPORE	MinION	4134469086.0	368407.0	WGS	GENOMIC	SINGLE	Study strain
SRR11209276	SRX7822157	SRS6233359	SRP251108	PRJNA609126	Staphylococcus aureus	SA1428	OXFORD_NANOPORE	GridION	100765331.0	4000.0	WGS	GENOMIC	SINGLE	Genome sequence of a chronic Staphylococcus aureus isolated from dairy cow that is non-responsive to antibiotic treatment
SRR12299162	SRX8802051	SRS6792572	SRP266402	PRJNA605147	Escherichia coli	RHB33-C19	OXFORD_NANOPORE	GridION	939227203.0	180294.0	WGS	GENOMIC	SINGLE	OXFORD_NANOPORE sequencing of Escherichia coli isolate RH14|T3-C19 cultured from Sheep faeces sample
SRR15521839	SRX11820604	SRS9835095	SRP272861	PRJNA646575	Parabacteroides distasonis	BFG-238	PACBIO_SMRT	Sequel	2787388215.0	790275.0	WGS	GENOMIC	SINGLE	WGS  of Bacteroides fragilis group clinical isolates
ERR2588230	ERX2604506	ERS1572783	ERP021285	PRJEB19288	Vibrio cholerae		PACBIO_SMRT	PacBio RS	1905490454.0	163482.0	WGS	GENOMIC	SINGLE	PacBio RS sequencing
SRR16089805	SRX12376127	SRS10347023	SRP151364	PRJNA477706	Moraxella bovis	SAM57964	PACBIO_SMRT	Sequel	417602117.0	89561.0	WGS	GENOMIC	SINGLE	Sequencing Moraxella genomes
ERR15811592	ERX15211242	ERS27120266	ERP182742	PRJEB101319	Oscillatoria salina		OXFORD_NANOPORE	MinION	1000024396.0	69705.0	WGS	GENOMIC	SINGLE	Second time Nanopore Sequencing of Oscillatoria salina
ERR160064	ERX135957	ERS088717	ERP001163	PRJEB2848	Staphylococcus aureus subsp. aureus TW20	TW20	PACBIO_SMRT	PacBio RS	184142187.0	81741.0	WGS	GENOMIC	SINGLE	
SRR15000910	SRX11313115	SRS9342150	SRP326274	PRJNA741847	Bacillus subtilis subsp. subtilis str. 168	168	OXFORD_NANOPORE	MinION	702381754.0	123335.0	WGS	GENOMIC	SINGLE	Nanopore WGS of Bacillus subtilis 168
ERR15941345	ERX15336890	ERS27416661	ERP185476	PRJEB104171	Escherichia coli		OXFORD_NANOPORE	MinION	496663599.0	137638.0	WGS	GENOMIC	SINGLE	MinION sequencing
ERR10496756	ERX10014075	ERS14248988	ERP142629	PRJEB57633	Escherichia coli		OXFORD_NANOPORE	GridION	104033503.0	18221.0	WGS	GENOMIC	SINGLE	Raw reads: ONT_30134_6#185
SRR27561282	SRX23230548	SRS20153302	SRP483965	PRJNA1032276	Staphylococcus capitis subsp. urealyticus	Sc1365701	OXFORD_NANOPORE	MinION	86839946.0	38027.0	WGS	GENOMIC	SINGLE	Oxford Nanopore MinION whole-genome sequencing reads of S. capitis clinical isolate Sc1365701
SRR17965221	SRX14121554	SRS5960621	SRP359094	PRJNA803486	Listeria monocytogenes	CFIAFB20180112	OXFORD_NANOPORE	MinION	1219094878.0	107957.0	WGS	GENOMIC	SINGLE	Nanopre sequencing: Listeria monocytogenes
ERR10498573	ERX10015862	ERS14255259	ERP142629	PRJEB57633	Escherichia coli		OXFORD_NANOPORE	GridION	105739248.0	13903.0	WGS	GENOMIC	SINGLE	Raw reads: ONT_30348_2#368
SRR30896213	SRX26299808	SRS22828530	SRP536878	PRJNA1134622	Escherichia coli	OXEC-182	OXFORD_NANOPORE	MinION	420271036.0	140177.0	WGS	GENOMIC	SINGLE	OXEC-182
SRR29446939	SRX24959269	SRS21662917	SRP462793	PRJNA1020275	Providencia stuartii	RIVM_C050076	OXFORD_NANOPORE	GridION	83795950.0	29777.0	WGS	GENOMIC	SINGLE	RIVM_C050076
SRR16004117	SRX12291800	SRS10265613	SRP338151	PRJNA764829	Lactobacillus sp. IBH004		OXFORD_NANOPORE	MinION	203519996.0	27982.0	WGS	GENOMIC	SINGLE	Lactobacillus species from Apis mellifera, Switzerland
SRR25741563	SRX21464941	SRS18699923	SRP456656	PRJNA983748	Staphylococcus aureus	ST2187	OXFORD_NANOPORE	GridION	456794086.0	91720.0	WGS	GENOMIC	SINGLE	WGS of S. aureus: Quarter Milk
SRR27972578	SRX23625875	SRS20466148	SRP489819	PRJNA1076692	Citrobacter freundii	RIVM_C059274_dorado	OXFORD_NANOPORE	MinION	38065309.0	13323.0	WGS	GENOMIC	SINGLE	RIVM_C059274_dorado
ERR10498204	ERX10015493	ERS14254468	ERP142629	PRJEB57633	Escherichia coli		OXFORD_NANOPORE	GridION	33855354.0	3708.0	WGS	GENOMIC	SINGLE	Raw reads: ONT_30821_1#277
ERR10488921	ERX10008232	ERS14235822	ERP142385	PRJEB57405	Streptococcus pneumoniae		OXFORD_NANOPORE	MinION	636994156.0	112435.0	WGS	GENOMIC	SINGLE	MinION sequencing
SRR33895206	SRX29106647	SRS25312987	SRP590843	PRJNA1272507	Salmonella enterica	SAL-021	OXFORD_NANOPORE	GridION	655113050.0	132748.0	WGS	GENOMIC	SINGLE	ONT-WGS of Salmonella enterica
SRR36797913	SRX31784435	SRS27747136	SRP661661	PRJNA1389824	Enterobacter ludwigii		OXFORD_NANOPORE	MinION	317797586.0	218754.0	WGS	GENOMIC	SINGLE	evolved microcosm clones
SRR18249428	SRX14390791	SRS12201099	SRP356526	PRJNA791971	Vibrio harveyi	ATCC 33866	OXFORD_NANOPORE	MinION	713762495.0	74917.0	WGS	GENOMIC	SINGLE	The genome sequence of Vibrio harveyi ATCC 33866
ERR5353244	ERX5141279	ERS5752974	ERP126298	PRJEB42440	Enterobacter cloacae		OXFORD_NANOPORE	GridION	261659716.0	46884.0	WGS	GENOMIC	SINGLE	GridION sequencing
SRR32194420	SRX27535962	SRS23952457	SRP560996	PRJNA1218017	Bacteroides thetaiotaomicron	vpi-5482	OXFORD_NANOPORE	MinION	219653215.0	49137.0	WGS	GENOMIC	SINGLE	WGS of Bacteroides thetatiotaomicron grown on different carbon sources
SRR33769161	SRX28991608	SRS22456491	SRP444583	PRJNA962904	Escherichia coli		PACBIO_SMRT	Sequel II	595021275.0	40002.0	WGS	GENOMIC	SINGLE	PacBio sequencing of AH0625HE1 for ARCH 2
SRR19776589	SRX15820907	SRS12274010	SRP364249	PRJNA816422	Helicobacter pylori	Hpfe086	OXFORD_NANOPORE	MinION	22690485.0	9999.0	WGS	GENOMIC	SINGLE	nanopore sequencing of h. pylori genomic DNA
SRR15140965	SRX11448520	SRS9488523	SRP295672	PRJNA681856	Salmonella enterica subsp. arizonae	LHICA_AZ23	OXFORD_NANOPORE	MinION	23128757.0	4000.0	WGS	GENOMIC	SINGLE	Salmonella AZ23
ERR2146848	ERX2203381	ERS1765910	ERP005928	PRJEB6403	Providencia heimbachae		PACBIO_SMRT	PacBio RS	1463238082.0	163482.0	WGS	GENOMIC	SINGLE	PacBio RS sequencing
SRR29816436	SRX25315655	SRS16968707	SRP426074	PRJNA941188	Bacillus subtilis	PRO53	OXFORD_NANOPORE	GridION	211107764.0	32774.0	WGS	GENOMIC	SINGLE	WGS of Bacillus subtilis: cell culture
SRR11058966	SRX7704908	SRS6128810	SRP248027	PRJNA459245	Clostridium beijerinckii	DJ207	PACBIO_SMRT	PacBio RS II	490058750.0	115890.0	WGS	GENOMIC	SINGLE	Clostridium beijerinckii DJ207
ERR5902786	ERX5542881	ERS5649944	ERP126298	PRJEB42440	Klebsiella pneumoniae		OXFORD_NANOPORE	MinION	792668576.0	78387.0	WGS	GENOMIC	SINGLE	MinION sequencing
SRR14753679	SRX11087161	SRS9152682	SRP323129	PRJNA735522	Bacillus velezensis	GMEKP1	OXFORD_NANOPORE	GridION	25508302.0	4000.0	WGS	GENOMIC	SINGLE	SRA Bacillus velezensis GMEKP1
ERR1140963	ERX1219812	ERS825162	ERP005928	PRJEB6403	Staphylococcus aureus	NCTC9613	PACBIO_SMRT	PacBio RS	1009717066.0	163482.0	WGS	GENOMIC	SINGLE	PacBio RS sequencing
SRR19184112	SRX15249056	SRS12981636	SRP375062	PRJNA837734	Listeria monocytogenes	LS12-521	OXFORD_NANOPORE	MinION	104063744.0	20008.0	WGS	GENOMIC	SINGLE	Nanopore sequencing of Listeria monocytogenes
SRR26413082	SRX22118429	SRS16091323	SRP412517	PRJNA910977	Escherichia coli	P1235	PACBIO_SMRT	Sequel II	685605336.0	53235.0	WGS	GENOMIC	SINGLE	WGS of E. coli
SRR30934844	SRX26337465	SRS22863377	SRP537571	PRJNA1168290	Paenibacillus sp. TAB_01	TAB_01	OXFORD_NANOPORE	MinION	1995951.0	218.0	WGS	GENOMIC	SINGLE	Paenibacillus sp. TAB 01 from cotton plant tissue
SRR35556847	SRX30631213	SRS4051456	SRP150360	PRJNA475751	Klebsiella pneumoniae	KLP00201	OXFORD_NANOPORE	MinION	465601821.0	78583.0	WGS	GENOMIC	SINGLE	WGS Sequencing of Klebsiella pneumoniae
SRR29409939	SRX24923406	SRS21629028	SRP513901	PRJNA1119925	Pediococcus acidilactici	TY5	PACBIO_SMRT	PacBio RS	214817964.0	22802.0	WGS	GENOMIC	SINGLE	Pediococcus acidilactici TY5 genome sequencing
SRR34967668	SRX30086569	SRS26152798	SRP608514	PRJNA1305037	Klebsiella grimontii	MI_KPC_430	OXFORD_NANOPORE	PromethION	500005084.0	40172.0	WGS	GENOMIC	SINGLE	KPC CRE collection from state of Michigan
SRR36388054	SRX31416405	SRS27399758	SRP653897	PRJNA1378463	Klebsiella pneumoniae	#1263	OXFORD_NANOPORE	MinION	191889666.0	78975.0	WGS	GENOMIC	SINGLE	WGS of Klebsiella pneumoniae ST307 and ST5994: clinical isolates from Cantabria (Spain)
SRR12008672	SRX8541762	SRS3828260	SRP162791	PRJNA493523	Escherichia coli	MS10858	OXFORD_NANOPORE	MinION	1403609943.0	166359.0	WGS	GENOMIC	SINGLE	E. coli strain MS10858
SRR30868157	SRX26265658	SRS22609583	SRP250705	PRJNA607328	Bacillus subtilis	DSM 10	OXFORD_NANOPORE	MinION	1871956229.0	309184.0	WGS	GENOMIC	SINGLE	Bacillus subtilis FELIX_MS520 Nanopore reads
SRR36388044	SRX31416415	SRS27399768	SRP653897	PRJNA1378463	Klebsiella pneumoniae	#3442	OXFORD_NANOPORE	MinION	434589583.0	63753.0	WGS	GENOMIC	SINGLE	WGS of Klebsiella pneumoniae ST307 and ST5994: clinical isolates from Cantabria (Spain)
SRR34878337	SRX30009206	SRS26084419	SRP606896	PRJNA1283264	Escherichia coli	FCI35	OXFORD_NANOPORE	MinION	1723548431.0	390139.0	WGS	GENOMIC	SINGLE	FCI35 whole genome shotgun sequencing (e_coli_2022_9_30_51)
SRR33121694	SRX28385251	SRS24709188	SRP578399	PRJNA1250426	Klebsiella pneumoniae	B13243	OXFORD_NANOPORE	PromethION	883204268.0	185199.0	WGS	GENOMIC	SINGLE	WGS of Klebsiella pneumoniae: <28 days,  Blood
SRR24651188	SRX20431343	SRS17736868	SRP438478	PRJNA885826	Lachnospira eligens	DSM 3376	OXFORD_NANOPORE	MinION	1182787626.0	271097.0	WGS	GENOMIC	SINGLE	PCR free Oxford Nanopore sequencing of genomic DNA from Lachnospira-eligens-ATCC-27750
SRR33404828	SRX28646106	SRS24916727	SRP582691	PRJNA1256904	Pseudomonas aeruginosa	missing	OXFORD_NANOPORE	MinION	921472266.0	117900.0	WGS	GENOMIC	SINGLE	NGS of Pseudomonas isolate
ERR13802547	ERX13203299	ERS21186422	ERP164461	PRJEB80477	Staphylococcus aureus		OXFORD_NANOPORE	MinION	491869018.0	183402.0	WGS	GENOMIC	SINGLE	MinION sequencing
DRR308217	DRX297637	DRS195672	DRP005243	PRJDB7414	Thermus thermophilus	AA2-2	OXFORD_NANOPORE	GridION	2545561323.0	602728.0	WGS	GENOMIC	SINGLE	GridION sequencing of SAMD00392352
SRR29842201	SRX25340057	SRS22007435	SRP520125	PRJNA1134661	Salmonella enterica		OXFORD_NANOPORE	MinION	1348805876.0	304202.0	WGS	GENOMIC	SINGLE	Salmonella enterica from broiler chicken litter
ERR15402429	ERX14806070	ERS25299885	ERP176862	PRJEB93985	Peribacillus frigoritolerans		PACBIO_SMRT	Sequel II	1133329240.0	250620.0	WGS	GENOMIC	SINGLE	Sequel II sequencing
SRR15058274	SRX11368586	SRS9414719	SRP237246	PRJNA595047	Klebsiella oxytoca	C7532	OXFORD_NANOPORE	GridION	3292939806.0	6469687.0	WGS	GENOMIC	SINGLE	kox
SRR34848036	SRX29979972	SRS26054396	SRP605437	PRJNA1059746	Salmonella enterica subsp. enterica serovar Kentucky	FC3446	OXFORD_NANOPORE	MinION	1098718435.0	278969.0	WGS	GENOMIC	SINGLE	Emergence of ceftriaxone resistant Salmonella Kentucky in India driven by multiple novel variants of Salmonella genomic island carrying blaCTX-M-55
SRR3944666	SRX1970655	SRS1559783	SRP076579	PRJNA325667	Gibbsiella quercinecans	FRB97	PACBIO_SMRT	PacBio RS II	2330357714.0	163482.0	WGS	GENOMIC	SINGLE	Whole genome sequece of Gibbsiella quercinecans FRB97: Sample G_quercinecans_FRB97_pacbio
ERR13383936	ERX12754751	ERS20600468	ERP162044	PRJEB77683	Streptococcus dysgalactiae subsp. equisimilis	SDSE-HUB-5929	OXFORD_NANOPORE	MinION	39921554.0	3926.0	WGS	GENOMIC	SINGLE	MinION sequencing
ERR14908532	ERX14312838	ERS24357764	ERP172148	PRJEB89099	Mixta calida		OXFORD_NANOPORE	PromethION	1572181041.0	630541.0	WGS	GENOMIC	SINGLE	WGS of Mixta calida of Indian Origin
SRR27972964	SRX23626201	SRS20465856	SRP489819	PRJNA1076692	Staphylococcus aureus	RIVM_M097148_rerio	OXFORD_NANOPORE	MinION	240160092.0	83151.0	WGS	GENOMIC	SINGLE	RIVM_M097148_rerio
DRR182644	DRX173150	DRS196669	DRP007538	PRJDB8468	Streptococcus pyogenes	missing	PACBIO_SMRT	PacBio RS II	593717615.0	163482.0	WGS	GENOMIC	SINGLE	PacBio RS II sequencing of SAMD00175478
SRR33685511	SRX28911847	SRS25136903	SRP587316	PRJNA1265688	Acinetobacter baumannii	Abau1	PACBIO_SMRT	Revio	8483397095.0	933335.0	WGS	GENOMIC	SINGLE	WGS of Acinetobacter baumannii
SRR28208483	SRX23820670	SRS20643062	SRP493058	PRJNA1070810	Mesomycoplasma ovipneumoniae	OCALR_180750SP4	OXFORD_NANOPORE	MinION	266409864.0	48110.0	WGS	GENOMIC	SINGLE	WGS of Mycoplasma ovipneumoniae
SRR6232636	SRX3341092	SRS2642553	SRP122683	PRJNA410634	Nostoc punctiforme PCC 73102	ATCC 29133	PACBIO_SMRT	PacBio RS	427315797.0	214454.0	WGS	GENOMIC	SINGLE	Nostoc punctiforme PCC 73102 PacBio methylation
ERR8607214	ERX8239794	ERS10607616	ERP135255	PRJEB50649	Neisseria gonorrhoeae		OXFORD_NANOPORE	MinION	172824139.0	80153.0	WGS	GENOMIC	SINGLE	MinION sequencing
SRR21143298	SRX17155496	SRS14716483	SRP392938	PRJNA672949	Xylella fastidiosa subsp. multiplex	Riv5	OXFORD_NANOPORE	MinION	501452670.0	133895.0	WGS	GENOMIC	SINGLE	Oxford Nanopore genomic sequencing fastqs DNA of Xylella fastidiosa strain Riv5
SRR7896269	SRX4733693	SRS3815831	SRP155537	PRJNA287560	Escherichia coli O103:H2	FWSEC0007	OXFORD_NANOPORE	MinION	312097027.0	100004.0	WGS	GENOMIC	SINGLE	FWSconsortium, WGS of E. coli: Solid - Stool; Clinical; Human (Homo sapiens)
SRR35556622	SRX30631438	SRS4051186	SRP150360	PRJNA475751	Klebsiella pneumoniae	KLP00192	OXFORD_NANOPORE	MinION	1162634558.0	141588.0	WGS	GENOMIC	SINGLE	WGS Sequencing of Klebsiella pneumoniae
SRR37104807	SRX32051062	SRS27988481	SRP674540	PRJNA1314445	Rhodanobacter sp. UC4437_H4	UC4437_H4	OXFORD_NANOPORE	MinION	527133212.0	91466.0	WGS	GENOMIC	SINGLE	UC4437
SRR36399345	SRX31426990	SRS27416002	SRP654172	PRJNA1377667	Paenibacillus sp. ALE2	ALE2	PACBIO_SMRT	Revio	17495737085.0	2045760.0	WGS	GENOMIC	SINGLE	DNA-Seq of Paenibacillus sp. strain ALE2
ERR10498111	ERX10015400	ERS14254791	ERP142629	PRJEB57633	Escherichia coli		OXFORD_NANOPORE	GridION	84290118.0	13511.0	WGS	GENOMIC	SINGLE	Raw reads: ONT_30348_2#279
SRR16953731	SRX13145334	SRS11052625	SRP213466	PRJNA472828	Acinetobacter baumannii	RCH52	OXFORD_NANOPORE	MinION	570323108.0	82835.0	WGS	GENOMIC	SINGLE	RCH54-MinION
ERR4763164	ERX4636217	ERS5247891	ERP124695	PRJEB40976	Enterococcus faecalis		OXFORD_NANOPORE	GridION	1040083601.0	68959.0	WGS	GENOMIC	SINGLE	GridION sequencing; Raw reads: 28157_4#221
ERR1193277	ERX1266661	ERS879564	ERP005928	PRJEB6403	Streptococcus agalactiae	NCTC8188	PACBIO_SMRT	PacBio RS	2647844289.0	163482.0	WGS	GENOMIC	SINGLE	PacBio RS sequencing
ERR13600804	ERX12971827	ERS5521077	ERP126193	PRJEB42350	Klebsiella pneumoniae		OXFORD_NANOPORE	GridION	404096248.0	19281.0	WGS	GENOMIC	SINGLE	GridION sequencing
DRR532496	DRX516316	DRS365784	DRP011240	PRJDB17563	Enterococcus faecalis	EF01	OXFORD_NANOPORE	MinION	981180044.0	190448.0	WGS	GENOMIC	SINGLE	MinION sequencing of SAMD00748008
SRR386070	SRX109803	SRS183306	SRP006189	PRJNA52149	Klebsiella oxytoca 10-5248	10-5248	PACBIO_SMRT	PacBio RS	106804889.0	81741.0	WGS	GENOMIC	SINGLE	Whole Genome Sequencing and Assembly
SRR36722082	SRX31726411	SRS27695047	SRP660603	PRJNA1398820	Escherichia coli BL21(DE3)	BL21 (DE3)	OXFORD_NANOPORE	MinION	121341022.0	48221.0	WGS	GENOMIC	SINGLE	Whole-genome sequencing of phage-resistant E. coli BL21(DE3)
SRR386754	SRX109843	SRS004883	SRP001079	PRJNA40077	Cereibacter sphaeroides 2.4.1	2.4.1	PACBIO_SMRT	PacBio RS	237642414.0	81741.0	WGS	GENOMIC	SINGLE	Whole Genome Sequencing and Assembly
SRR12298606	SRX8801461	SRS6792447	SRP266402	PRJNA605147	Escherichia coli	RHB40-C05	OXFORD_NANOPORE	GridION	1561943769.0	313262.0	WGS	GENOMIC	SINGLE	OXFORD_NANOPORE sequencing of Escherichia coli isolate RH08|T3-C05 cultured from Cattle faeces sample
SRR36067881	SRX31114043	SRS27072671	SRP644837	PRJNA1364846	Escherichia coli	GPT22-004	OXFORD_NANOPORE	GridION	134428345.0	76497.0	WGS	GENOMIC	SINGLE	Escherchia coli, DBT kit, 36-plex and 200 ng DNA, replicate 2
SRR8475314	SRX5280834	SRS4280643	SRP181288	PRJNA501195	Granulicella sp. GAS466	GAS466	PACBIO_SMRT	PacBio RS II	473507832.0	302399.0	WGS	GENOMIC	SINGLE	Granulicella sp. GAS466
SRR32818737	SRX28102160	SRS24458207	SRP572420	PRJNA1218692	Enterobacter phage CYPEBC008	CYPEBC008	OXFORD_NANOPORE	MinION	178881.0	1.0	WGS	GENOMIC	SINGLE	WGS of bacteriophage CYPEBC008
SRR34878309	SRX30009234	SRS26084447	SRP606896	PRJNA1283264	Escherichia coli	FCI62	OXFORD_NANOPORE	MinION	804535129.0	319140.0	WGS	GENOMIC	SINGLE	FCI62 whole genome shotgun sequencing (Ecoli_30-9-3)
SRR4171290	SRX2139725	ERS1358154	SRP086518	PRJNA303829	Halomonas sp. HL-93	HL-93	PACBIO_SMRT	PacBio RS	233106739.0	69081.0	WGS	GENOMIC	SINGLE	Halomonas sp. HL-93
ERR9827842	ERX9373826	ERS12154443	ERP137781	PRJEB53023	Escherichia coli		OXFORD_NANOPORE	MinION	443407469.0	41603.0	WGS	GENOMIC	SINGLE	MinION sequencing
SRR35787241	SRX30836528	SRS24114683	SRP564778	PRJNA1225312	Salmonella enterica	Enteritidis	PACBIO_SMRT	Revio	5916103830.0	699128.0	WGS	GENOMIC	SINGLE	Whole-genome sequencing of Salmonella Enteritidis
SRR31375123	SRX26748694	SRS23237327	SRP545813	PRJNA1185690	Pseudomonas syringae	GBBC 3538	OXFORD_NANOPORE	MinION	54981809.0	9337.0	WGS	GENOMIC	SINGLE	Nanopore WGS sequencing of Pseudomonas spp. Strains
SRR21607610	SRX17608708	SRS15144878	SRP397687	PRJNA812594	Acinetobacter baumannii	1326584	OXFORD_NANOPORE	GridION	165754075.0	38731.0	WGS	GENOMIC	SINGLE	Nanopore sequencing of CRAB
SRR7051014	SRX3982052	SRS3206879	SRP141539	PRJNA442831	Actinokineospora alba	DSM 45114	PACBIO_SMRT	PacBio RS II	476448923.0	95281.0	WGS	GENOMIC	SINGLE	Alloactinosynnema album DSM 45114
SRR6515495	SRX3603478	SRS2871340	SRP131199	PRJNA430813	Klebsiella oxytoca	KONIH4	PACBIO_SMRT	PacBio RS II	1449088664.0	163482.0	WGS	GENOMIC	SINGLE	PacBio SMRT Sequencing of Klebsiella oxytoca KONIH4 Genomic Library
SRR27187027	SRX22867233	SRS18545603	SRP453959	PRJNA1003301	Escherichia coli		OXFORD_NANOPORE	MinION	736841594.0	175455.0	WGS	GENOMIC	SINGLE	K10_long-read
DRR629225	DRX609552	DRS438774	DRP012484	PRJDB19189	Mycobacterium avium subsp. hominissuis	GA61956	OXFORD_NANOPORE	MinION	423346245.0	61524.0	WGS	GENOMIC	SINGLE	MinION sequencing of SAMD00833276
SRR3356531	SRX1690270	SRS1384280	SRP073114	PRJNA299765	Escherichia coli	SRCC 1675	PACBIO_SMRT	PacBio RS II	776349543.0	107184.0	WGS	GENOMIC	SINGLE	Genome sequences of Escherichia coli O157:H7 strain SRCC 1675
ERR12488064	ERX11864147	ERS17744613	ERP153002	PRJEB67987	Mycobacterium tuberculosis		OXFORD_NANOPORE	MinION	173286709.0	34608.0	WGS	GENOMIC	SINGLE	MinION sequencing
SRR10270696	SRX6983908	SRS5508259	SRP225324	PRJNA572481	Canibacter oris	DSM 27064	PACBIO_SMRT	Sequel	1456532805.0	493516.0	WGS	GENOMIC	SINGLE	Canibacter oris DSM 27064
SRR387165	SRX109921	SRS302375	SRP001087	PRJNA40075	Escherichia coli str. K-12 substr. MG1655	K-12	PACBIO_SMRT	PacBio RS	33688501.0	60667.0	WGS	GENOMIC	SINGLE	Whole Genome Sequencing and Assembly
ERR10676355	ERX10144119	ERS14333454	ERP143248	PRJEB58185	Campylobacter jejuni		OXFORD_NANOPORE	MinION	327119576.0	543388.0	WGS	GENOMIC	PAIRED	MinION paired end sequencing
SRR27131369	SRX22813267	SRS19795168	SRP476448	PRJNA1047625	Campylobacter jejuni	777	OXFORD_NANOPORE	GridION	187265368.0	32018.0	WGS	GENOMIC	SINGLE	Nanopore read for C. jejuni strain CJ777
SRR21563379	SRX17565795	SRS11554681	SRP354045	PRJNA747871	Streptomyces sp. NBC_00998	NBC_00998	OXFORD_NANOPORE	MinION	383560134.0	204147.0	WGS	GENOMIC	SINGLE	nanopore sequencing data from strain NBC_00998
SRR34861223	SRX29992906	SRS26069728	SRP606414	PRJNA1268186	Phytobacter ursingii	OUH-01	OXFORD_NANOPORE	PromethION	1844203213.0	191629.0	WGS	GENOMIC	SINGLE	Phytobacter_ursingii
SRR31611456	SRX26976069	SRS23443690	SRP549287	PRJNA1185485	Escherichia coli	443	OXFORD_NANOPORE	PromethION	1658789206.0	293004.0	WGS	GENOMIC	SINGLE	pig-inf-barcode88
SRR26841325	SRX22536956	SRS19546721	SRP472108	PRJNA1018939	Mycoplasmopsis felis	35610	OXFORD_NANOPORE	MinION	477174682.0	216381.0	WGS	GENOMIC	SINGLE	M. felis 3
SRR29316665	SRX24833478	SRS21545309	SRP512379	PRJNA1121190	Vibrio cholerae	140Vc07	OXFORD_NANOPORE	PromethION	162923599.0	40851.0	WGS	GENOMIC	SINGLE	WGS of Vcholerae isolates
SRR32364645	SRX27699501	SRS21131014	SRP444583	PRJNA962904	Escherichia coli		PACBIO_SMRT	Sequel II	475643769.0	22882.0	WGS	GENOMIC	SINGLE	PacBio sequencing of AS6695E1 for ARCH 1.0
SRR19357519	SRX15416282	SRS12115425	SRP361569	PRJNA768416	Priestia sp. FSL R5-0680	FSL R5-0680	OXFORD_NANOPORE	MinION	283798229.0	89842.0	WGS	GENOMIC	SINGLE	WGS of Bacilli
SRR900537	SRX305589	SRS444718	SRP026026	PRJNA191795	Mycobacterium intracellulare 1956	1956	PACBIO_SMRT	PacBio RS	325299674.0	81741.0	WGS	GENOMIC	SINGLE	
SRR386497	SRX109806	SRS212337	SRP007233	PRJNA64879	Fusobacterium animalis F0419	OT 420	PACBIO_SMRT	PacBio RS	66460849.0	81741.0	WGS	GENOMIC	SINGLE	Whole Genome Sequencing and Assembly
SRR15989294	SRX12277573	SRS9998481	SRP357534	PRJNA801415	Escherichia coli	-	OXFORD_NANOPORE	GridION	1340215695.0	280708.0	WGS	GENOMIC	SINGLE	Whole Genome Sequencing of Carbapenemase-producing Enterobacterales (CPE)
SRR17283898	SRX13461320	SRS11359152	SRP351739	PRJNA791013	Pseudomonas aeruginosa		OXFORD_NANOPORE	MinION	1140038100.0	3800127.0	WGS	GENOMIC	SINGLE	WGS of Pseudomonas aeruginosa:1586981
SRR30984385	SRX26375307	SRS22899176	SRP538432	PRJNA1046213	Geobacillus subterraneus	OXR-76	OXFORD_NANOPORE	MinION	1977469829.0	667805.0	WGS	GENOMIC	SINGLE	Hydrothermal vent plume bacterial isolate genomes
SRR26165241	SRX21877364	SRS18968786	SRP463027	PRJNA1019775	Mycobacterium tuberculosis		OXFORD_NANOPORE	MinION	464225309.0	227666.0	WGS	GENOMIC	SINGLE	WGS of Erdman_2 Oxford Nanopore
SRR20280219	SRX16313826	SRS13952653	SRP386821	PRJNA857909	Escherichia coli	49823_LR	OXFORD_NANOPORE	MinION	354230917.0	290337.0	WGS	GENOMIC	SINGLE	mcr-1-positive E. coli in the French goat sector
SRR32972777	SRX28245779	SRS24593442	SRP576427	PRJNA1190511	Yersinia pestis	50003	PACBIO_SMRT	Sequel	2330623982.0	224012.0	WGS	GENOMIC	SINGLE	WGS of Yersinia pestis: cultured strain 50003
ERR3265022	ERX3291666	ERS3355731	ERP114602	PRJEB31984	Escherichia coli		PACBIO_SMRT	PacBio RS II	851687303.0	262528.0	WGS	GENOMIC	SINGLE	PacBio RS II sequencing
SRR18701043	SRX14802006	SRS12559987	SRP369084	PRJNA696079	Mycolicibacterium lutetiense	DSM 46713	PACBIO_SMRT	Sequel II	1491109023.0	338178.0	WGS	GENOMIC	SINGLE	Mycobacterium lutetiense DSM 46713
SRR19843339	SRX15887049	SRS12115002	SRP361569	PRJNA768416	Lysinibacillus sp. FSL L8-0126	FSL L8-0126	OXFORD_NANOPORE	MinION	189416540.0	31885.0	WGS	GENOMIC	SINGLE	WGS of Bacilli
ERR10499154	ERX10016440	ERS14255568	ERP142629	PRJEB57633	Escherichia coli		OXFORD_NANOPORE	GridION	90827205.0	19952.0	WGS	GENOMIC	SINGLE	Raw reads: ONT_30859_5#226
SRR25466933	SRX21199991	SRS18458352	SRP452337	PRJNA1000618	Escherichia coli	Escherichia coli BL21(DE3)	OXFORD_NANOPORE	MinION	6464063.0	3999.0	WGS	GENOMIC	SINGLE	CASTVK transposition with different condition
SRR31834912	SRX27195266	SRS22210773	SRP523632	PRJNA1142676	Klebsiella variicola	kv221213_barcode89	OXFORD_NANOPORE	MinION	147874703.0	30504.0	WGS	GENOMIC	SINGLE	Klebsiella variicola strain kv221213_barcode89
ERR10498480	ERX10015769	ERS14256135	ERP142629	PRJEB57633	Escherichia coli		OXFORD_NANOPORE	GridION	75560084.0	7240.0	WGS	GENOMIC	SINGLE	Raw reads: ONT_30348_1#314
SRR387264	SRX110070	SRS302375	SRP001087	PRJNA40075	Escherichia coli str. K-12 substr. MG1655	K-12	PACBIO_SMRT	PacBio RS	19733055.0	60667.0	WGS	GENOMIC	SINGLE	Whole Genome Sequencing and Assembly
SRR23606765	SRX19491658	SRS16881900	SRP423955	PRJNA802708	Vibrio aestuarianus	U29	PACBIO_SMRT	Sequel II	903372504.0	96825.0	WGS	GENOMIC	SINGLE	U29
SRR27444322	SRX23116175	SRS20070655	SRP482212	PRJNA1061665	Brucella abortus	Y9_MNG	OXFORD_NANOPORE	MinION	7303398.0	3638.0	WGS	GENOMIC	SINGLE	B.abortus_Y9MNG_WGS_MinION
SRR30238175	SRX25699941	SRS22338520	SRP526368	PRJNA1091664	Bradyrhizobium ottawaense	OO86	PACBIO_SMRT	Sequel II	2132348966.0	237870.0	WGS	GENOMIC	SINGLE	Complete Genome Sequencing of Bradyrhizobium ottawaense strain OO86
SRR14859975	SRX11177810	SRS9235497	SRP324571	PRJNA734910	Streptococcus pneumoniae	S602	PACBIO_SMRT	Sequel	1080709491.0	166550.0	WGS	GENOMIC	SINGLE	WGS of Streptococcus pneumoniae
SRR15342213	SRX11646420	SRS9679565	SRP331089	PRJNA561159	Agrobacterium tumefaciens	Sta003	OXFORD_NANOPORE	GridION	953177241.0	84081.0	WGS	GENOMIC	SINGLE	Nanopore reads of A. tumefaciens
SRR13575517	SRX9973344	SRS8145954	SRP303741	PRJNA695586	Streptococcus pyogenes	M4C20	OXFORD_NANOPORE	MinION	2906400.0	4000.0	WGS	GENOMIC	SINGLE	Whole genome sequence of Streptococcus pyogenes strain M4C20
SRR18191572	SRX14338178	SRS12152206	SRP362168	PRJNA808207	Escherichia coli	98HMPL487	OXFORD_NANOPORE	MinION	768123464.0	101016.0	WGS	GENOMIC	SINGLE	MinION whole genome sequencing of STEC from ruminants
SRR30949586	SRX26352200	SRS22817460	SRP536567	PRJNA1165464	Escherichia coli	Not applicable	OXFORD_NANOPORE	MinION	229259691.0	54386.0	WGS	GENOMIC	SINGLE	Nanopore sequencing of E.coli: blood isolate
ERR10664175	ERX10133359	ERS2786200	ERP104475	PRJEB22771	Streptococcus pneumoniae		PACBIO_SMRT	Sequel II	2662944391.0	360691.0	WGS	GENOMIC	SINGLE	Sequel II sequencing
SRR30149235	SRX25617398	SRS21937579	SRP518730	PRJNA1133668	Enterobacter hormaechei	ST141EH1	OXFORD_NANOPORE	MinION	181340239.0	46458.0	WGS	GENOMIC	SINGLE	Nanopore sequencing of clinical CRE isolates: human
SRR24462668	SRX20249539	SRS17582407	SRP436364	PRJNA970070	Vibrio cholerae	M714	OXFORD_NANOPORE	GridION	693960444.0	529229.0	WGS	GENOMIC	SINGLE	Genomic evidence of the transmissions in early seventh cholera pandemic
ERR14686380	ERX14087899	ERS23773294	ERP169826	PRJEB86481	Escherichia coli str. K-12 substr. MG1655	K-12	OXFORD_NANOPORE	MinION	95913786.0	33210.0	WGS	GENOMIC	SINGLE	MinION sequencing
SRR13957654	SRX10336023	SRS8455567	SRP300861	PRJNA663900	Enterococcus sp. DIV0165	DIV0165	OXFORD_NANOPORE	GridION	1383855346.0	121253.0	WGS	GENOMIC	SINGLE	sequencing of enterococcal diversity
SRR27784340	SRX23449168	SRS20101299	SRP482875	PRJNA1037062	Bacillus thuringiensis	PS03092	OXFORD_NANOPORE	MinION	208657439.0	25007.0	WGS	GENOMIC	SINGLE	WGS of bacterial isolate: Environmental isolate
SRR24561042	SRX20344690	SRS17660965	SRP437701	PRJNA967359	Rhizobium leguminosarum	BT01	OXFORD_NANOPORE	MinION	2378429724.0	708175.0	WGS	GENOMIC	SINGLE	Nanopore sequencing of Rhizobium leguminosarum BT01
SRR8848102	SRX5635858	SRS4581627	SRP190842	PRJNA497605	Xanthomonas oryzae pv. oryzae	PXO404	PACBIO_SMRT	PacBio RS II	1759618060.0	326964.0	WGS	GENOMIC	SINGLE	Xanthomonas oryzae pv. oryzae PXO404
SRR35504419	SRX30580407	SRS26609584	SRP616549	PRJNA1314197	Mycobacterium tuberculosis	not applicable	OXFORD_NANOPORE	GridION	498891901.0	563014.0	WGS	GENOMIC	SINGLE	WGS of M. tb from sputum, Kit-Ligation prep, Sample BC02
SRR32584352	SRX27890788	SRS24262115	SRP568071	PRJNA1231784	Mycobacterium	RIF04ugmlmutant14	OXFORD_NANOPORE	GridION	384204924.0	79092.0	WGS	GENOMIC	SINGLE	Genome sequencing of Mycobacterium sp.
SRR13328072	SRX9755140	SRS7944850	SRP299781	PRJNA684363	Bacillus sp. TH52	TH52	OXFORD_NANOPORE	MinION	319978365.0	170851.0	WGS	GENOMIC	SINGLE	WGS of Bacillus sp. : bacterial isolate
SRR2818084	SRX1384184	SRS1134793	SRP040661	PRJNA231221	Vibrio mimicus	FDAARGOS_113	PACBIO_SMRT	PacBio RS	591722691.0	163482.0	WGS	GENOMIC	SINGLE	
SRR8752515	SRX5543450	SRS4509120	SRP188851	PRJNA523365	Mycobacterium avium complex sp.	JHN_AV_0039_1	OXFORD_NANOPORE	GridION	213028674.0	157618.0	WGS	GENOMIC	SINGLE	Sequencing of non-tuberculosis mycobacteria
ERR1743959	ERX1813165	ERS1247820	ERP005928	PRJEB6403	Staphylococcus aureus	NCTC13811	PACBIO_SMRT	PacBio RS	1005475749.0	163482.0	WGS	GENOMIC	SINGLE	PacBio RS sequencing
SRR29418653	SRX24932003	SRS21636408	SRP514025	PRJNA1107577	Staphylococcus capitis	AR003	OXFORD_NANOPORE	GridION	881700892.0	316784.0	WGS	GENOMIC	SINGLE	whole genome seq. of bacteria isolated from arctic ground squirrel gut contents
ERR13326743	ERX12697771	ERS20295410	ERP161282	PRJEB76791	Salmonella enterica subsp. enterica serovar Agona		OXFORD_NANOPORE	MinION	549111337.0	74141.0	WGS	GENOMIC	SINGLE	MinION sequencing
SRR19156783	SRX15223263	SRS12428933	SRP366665	PRJNA801099	Bartonella krasnovii	B9_5	OXFORD_NANOPORE	MinION	447907010.0	188129.0	WGS	GENOMIC	SINGLE	ONT of Bartonella krasnovii: Gerbilus andersoni
SRR18681639	SRX14782858	SRS12539563	SRP368114	PRJNA824420	Escherichia coli	GD03026_ECOL_HY_144	OXFORD_NANOPORE	MinION	528587539.0	55289.0	WGS	GENOMIC	SINGLE	Long-read sequencing of Escherichia coli: isolate #144 urine
SRR15076557	SRX11386581	SRS9431217	SRP040661	PRJNA231221	Escherichia coli	FDAARGOS 1389	PACBIO_SMRT	Sequel	1579989444.0	194712.0	WGS	GENOMIC	SINGLE	
SRR5182147	SRX2498254	SRS1925107	SRP096895	PRJNA353873	Mycobacterium tuberculosis		PACBIO_SMRT	PacBio RS	361461558.0	163482.0	WGS	GENOMIC	SINGLE	DNA of Mtb
ERR1140971	ERX1219820	ERS825170	ERP005928	PRJEB6403	Staphylococcus aureus	NCTC10724	PACBIO_SMRT	PacBio RS	436108001.0	163482.0	WGS	GENOMIC	SINGLE	PacBio RS sequencing
ERR13326671	ERX12697699	ERS20295493	ERP161282	PRJEB76791	Salmonella enterica subsp. enterica serovar Agona		OXFORD_NANOPORE	MinION	95952086.0	120519.0	WGS	GENOMIC	SINGLE	MinION sequencing
ERR2797038	ERX2806057	ERS2735100	ERP110894	PRJEB28660	Klebsiella pneumoniae		OXFORD_NANOPORE	MinION	409938571.0	77759.0	WGS	GENOMIC	SINGLE	MinION sequencing
SRR33822596	SRX29043850	SRS25259224	SRP589762	PRJNA1271261	Burkholderia pseudomallei	PPS-00727	OXFORD_NANOPORE	GridION	651076981.0	117097.0	WGS	GENOMIC	SINGLE	ONT-WGS of Burkholderia pseudomallei: from  of
SRR9698074	SRX6456314	SRS5108504	SRP215020	PRJNA273983	Xanthomonas citri pv. aurantifolii	FDC 1561	PACBIO_SMRT	PacBio RS II	925576439.0	96512.0	WGS	GENOMIC	SINGLE	DNA-Seq
SRR2140441	SRX1129499	SRS988456	SRP060752	PRJNA285350	Salmonella enterica subsp. enterica serovar Newport	0007-33	PACBIO_SMRT	PacBio RS II	1755839964.0	163482.0	WGS	GENOMIC	SINGLE	Global investigation of Salmonella enterica serovar Newport- Newport-0007-33 rep2
SRR21563424	SRX17565751	SRS11554251	SRP354045	PRJNA747871	Kitasatospora papulosa	NBC_01347	OXFORD_NANOPORE	MinION	11748863.0	1696.0	WGS	GENOMIC	SINGLE	nanopore sequencing data from strain NBC_01347
SRR498092	SRX148635	SRS281883	SRP013241	PRJNA73829	Vibrio cholerae		PACBIO_SMRT	PacBio RS	2224104.0	6159.0	WGS	GENOMIC	SINGLE	Whole Genome Sequencing for N5 (strobe)
SRR29788351	SRX25288228	SRS19679241	SRP475049	PRJNA1046639	Staphylococcus aureus	sa230705barcode21	OXFORD_NANOPORE	MinION	191055409.0	125786.0	WGS	GENOMIC	SINGLE	Staphylococcus aureus strain sa230705barcode21
SRR32364697	SRX27699449	SRS21122294	SRP444583	PRJNA962904	Escherichia coli		PACBIO_SMRT	Sequel II	550001197.0	20927.0	WGS	GENOMIC	SINGLE	PacBio sequencing of AS6411E1 for ARCH 1.0
SRR36095887	SRX31141425	SRS21867783	SRP291668	PRJNA675431	Klebsiella pneumoniae		OXFORD_NANOPORE	PromethION	387520935.0	125744.0	WGS	GENOMIC	SINGLE	WGS of Klebsiella pneumoniae
SRR8893087	SRX5679281	SRS656000	SRP044216	PRJNA244942	Bacteroides fragilis	DCMSKEJBY0001B	OXFORD_NANOPORE	MinION	203871786.0	34258.0	WGS	GENOMIC	SINGLE	Nanopore DNA-seq of Bacteroides fragilis: S01. First run. demultiplexed fast5.
SRR714500	SRX229078	SRS411285	SRP022782	PRJNA82535	Enterococcus saccharolyticus subsp. saccharolyticus ATCC 43076	ATCC 43076	PACBIO_SMRT	PacBio RS	83043001.0	81741.0	WGS	GENOMIC	SINGLE	Pacbio whole genome shotgun sequencing of genomic DNA library 'LR_141_Esaccharolyticus_wbead' containing sample 'ATCC43076' from individual 'Enterococcus_saccharolyticus_ATCC43076'
ERR14721223	ERX14122648	ERS23791460	ERP170136	PRJEB86838	pig metagenome		OXFORD_NANOPORE	GridION	2475360590.0	578084.0	WGS	GENOMIC	SINGLE	Raw reads: DTU_2024_1037153_100_MG_G3_Grid_four_rep1
ERR10499664	ERX10016946	ERS14257035			Escherichia coli		OXFORD_NANOPORE	GridION	252514241.0	26610.0	WGS	GENOMIC	SINGLE	GridION sequencing; Raw reads: ONT_30821_1#145
ERR2125837	ERX2182689	ERS1669582	ERP005928	PRJEB6403	Phocaeicola vulgatus	NCTC10583	PACBIO_SMRT	PacBio RS	1537005345.0	163482.0	WGS	GENOMIC	SINGLE	PacBio RS sequencing
SRR36797863	SRX31784485	SRS27747186	SRP661661	PRJNA1389824	Enterobacter ludwigii		OXFORD_NANOPORE	MinION	206288683.0	100021.0	WGS	GENOMIC	SINGLE	evolved microcosm clones
SRR33123812	SRX28387215	SRS24711142	SRP578427	PRJNA1244367	Bacillus cereus ATCC 14579	ATCC 14579	OXFORD_NANOPORE	GridION	1199099325.0	183789.0	WGS	GENOMIC	SINGLE	WGS of Bacillus cereus Strain ATCC14617
SRR37184087	SRX32121770	SRS28054730	SRP676055	PRJNA1405938	Klebsiella pneumoniae	2023005708	OXFORD_NANOPORE	MinION	1000413153.0	108824.0	WGS	GENOMIC	SINGLE	Hypervirulence-associated genes in Klebsiella pneumoniae
DRR097363	DRX090854	DRS101423	DRP005230	PRJDB5840	Helicobacter pylori	YN4-109	PACBIO_SMRT	PacBio RS II	2383195165.0	163482.0	WGS	GENOMIC	SINGLE	PacBio RS II sequencing of SAMD00084393
DRR066338	DRX060376	DRS184437	DRP007273	PRJDB4542	Streptococcus pyogenes	ATCC BAA-1315	PACBIO_SMRT	PacBio RS II	2069681013.0	163482.0	WGS	GENOMIC	SINGLE	PacBio RS II sequencing of SAMD00046535
SRR9301212	SRX6070027	SRS4972287	SRP201411	PRJNA544389	Clostridium butyricum	DSM 10702	PACBIO_SMRT	PacBio RS II	4224782191.0	163482.0	WGS	GENOMIC	SINGLE	C_butyricum_DSM10702_PacBio_SMRTcell1
SRR35213386	SRX30316972	SRS26363907	SRP615992	PRJNA1301220	Acinetobacter baumannii	ABO22-A184	OXFORD_NANOPORE	MinION	105623457.0	13264.0	WGS	GENOMIC	SINGLE	Whole geneme sequencing of Acinetobacter baumannii: isolates of the Ab-One study
DRR206392	DRX196785	DRS217719	DRP008011	PRJDB9236	Bacillus cereus	MRY14-0100	OXFORD_NANOPORE	MinION	1231157560.0	368960.0	WGS	GENOMIC	SINGLE	MinION sequencing of SAMD00203328
SRR3439603	SRX1725197	SRS1410617	SRP073798	PRJNA319462	Lactobacillus helveticus	FAM8105	PACBIO_SMRT	PacBio RS II	2101379834.0	163482.0	WGS	GENOMIC	SINGLE	Pacbio RSII data of Lactobacillus helveticus FAM8105
SRR32204207	SRX27545604	SRS23960614	SRP561120	PRJNA1214876	Ekhidna algicida	To15	OXFORD_NANOPORE	MinION	31868949.0	4000.0	WGS	GENOMIC	SINGLE	Ekhidna algicida strain To15 genome
SRR1740461	SRX747856	SRS734209	SRP046977	PRJNA259658	Enterobacter hormaechei subsp. xiangfangensis	34978	PACBIO_SMRT	PacBio RS	647956615.0	163482.0	WGS	GENOMIC	SINGLE	
SRR5902572	SRX3064127	SRS1832584	SRP094480	PRJNA279196	Bordetella pertussis	J038	PACBIO_SMRT	PacBio RS II	701348033.0	163482.0	WGS	GENOMIC	SINGLE	
SRR28789466	SRX24353767	SRS21111619	SRP503747	PRJNA935790	Escherichia coli	UTAK-18	OXFORD_NANOPORE	PromethION	1906046476.0	300000.0	WGS	GENOMIC	SINGLE	WGS of E. coli O45 serogroup
ERR15234046	ERX14639737	ERS25193146	ERP175083	PRJEB92155	Basfia succiniciproducens		PACBIO_SMRT	Revio	1419852938.0	132519.0	WGS	GENOMIC	SINGLE	Revio sequencing
SRR9213995	SRX5984717	SRS4729749	SRP188851	PRJNA523365	Mycobacteroides abscessus	JHN_AB_0006_4	OXFORD_NANOPORE	GridION	437231283.0	472907.0	WGS	GENOMIC	SINGLE	Sequencing of non-tuberculosis mycobacteria
SRR32486207	SRX27799586	SRS24152388	SRP402290	PRJNA857533	Klebsiella aerogenes	AUSMDU00056892	OXFORD_NANOPORE	PromethION	535287128.0	55256.0	WGS	GENOMIC	SINGLE	WGS of Klebsiella species from ONT reads
SRR873643	SRX290743	SRS431842	SRP023552	PRJNA176653	Vibrio parahaemolyticus VP-NY4	VP-NY4	PACBIO_SMRT	PacBio RS	134665078.0	81741.0	WGS	GENOMIC	SINGLE	
DRR535093	DRX518913	DRS301634	DRP007849	PRJDB10842	Escherichia coli	JBEAACH-19-0210	OXFORD_NANOPORE	GridION	1399781580.0	108985.0	WGS	GENOMIC	SINGLE	GridION sequencing of SAMD00502069
SRR28445618	SRX24049283	SRS20840578	SRP497734	PRJNA1077798	Alteromonas gracilis	J4	OXFORD_NANOPORE	MinION	2759519.0	1000.0	WGS	GENOMIC	SINGLE	Alteromonas gracilis strain J4, whole genome Nanopore Sequencing
SRR31779809	SRX27141257	SRS23512781	SRP540652	PRJNA1173757	Candidatus Pelagibacter bacterium nBUS_24	nBUS_24	OXFORD_NANOPORE	MinION	467573468.0	90987.0	WGS	GENOMIC	SINGLE	ONT whole genome sequencing of Rhodobacteraceae sp. nBUS_24
SRR9722787	SRX6480422	SRS5130486	SRP215816	PRJNA470993	Staphylococcus aureus	pt266	PACBIO_SMRT	PacBio RS II	1387667534.0	188530.0	WGS	GENOMIC	SINGLE	WGS of Staphylococcus aureus
ERR10367351	ERX9899282	ERS710936	SRP272326	PRJNA646837	Klebsiella pneumoniae	INF174	OXFORD_NANOPORE	MinION	110496740.0	16778.0	WGS	GENOMIC	SINGLE	MinION sequencing
SRR31599050	SRX26964034	SRS23433747	SRP549287	PRJNA1185485	Escherichia coli	795	OXFORD_NANOPORE	PromethION	864087838.0	160907.0	WGS	GENOMIC	SINGLE	Wnew4R-barcode10
SRR21696366	SRX17693899	SRS11554275	SRP354045	PRJNA747871	Streptomyces anulatus	NBC_01418	OXFORD_NANOPORE	MinION	311273588.0	35977.0	WGS	GENOMIC	SINGLE	nanopore sequencing data from strain NBC_01418
ERR1377190	ERX1448316	ERS1054598	ERP005928	PRJEB6403	Pseudomonas aeruginosa	NCTC10299	PACBIO_SMRT	PacBio RS	4661162026.0	163482.0	WGS	GENOMIC	SINGLE	PacBio RS sequencing
ERR10676260	ERX10144024	ERS14333359	ERP143248	PRJEB58185	Campylobacter coli		OXFORD_NANOPORE	MinION	315543718.0	524159.0	WGS	GENOMIC	PAIRED	MinION paired end sequencing
SRR17221629	SRX13401212	SRS11304283	SRP350590	PRJNA787476	Burkholderia multivorans	AU42096	OXFORD_NANOPORE	MinION	2108156137.0	495350.0	WGS	GENOMIC	SINGLE	Whole-genome sequencing of B. multivorans 1 (AU42096) WT
SRR15828018	SRX12119779	SRS10099864	SRP336307	PRJNA761884	Klebsiella pneumoniae	X_2	PACBIO_SMRT	PacBio RS II	638522061.0	239548.0	WGS	GENOMIC	SINGLE	WGS of Klebsiella pneumoniae: sample C1026
ERR9030382	ERX8573792	ERS10792229	ERP133548	PRJEB49093	Mycobacterium tuberculosis	Lineage 4.4.1.1	OXFORD_NANOPORE	MinION	661730273.0	132634.0	WGS	GENOMIC	SINGLE	MinION sequencing; Raw reads: mada_112-nanopore
SRR33768695	SRX28991383	SRS22397008	SRP444583	PRJNA962904	Klebsiella pneumoniae		PACBIO_SMRT	Sequel II	150694192.0	8485.0	WGS	GENOMIC	SINGLE	PacBio sequencing of AH0154HC2 for ARCH 2
DRR512849	DRX496735	DRS532330	DRP010765	PRJDB16900	Raoultella ornithinolytica		OXFORD_NANOPORE	MinION	7461.0	4.0	WGS	GENOMIC	SINGLE	MinION sequencing of SAMD00653945
SRR10103065	SRX6834956	SRS5376666	SRP071789	PRJNA315192	Escherichia coli	E116508	OXFORD_NANOPORE	MinION	1018594887.0	212180.0	WGS	GENOMIC	SINGLE	Nanopore sequencing of STEC
ERR15606600	ERX15009745	ERS26887944	ERP171481	PRJEB88388	Luteibacter sp. R-90003	R-90003	OXFORD_NANOPORE	MinION	742644104.0	393684.0	WGS	GENOMIC	SINGLE	Raw reads: Luteibacter sp. R-90003
SRR27958581	SRX23615390	SRS20455869	SRP489545	PRJNA1076228	Streptococcus pyogenes	MGAS37815	OXFORD_NANOPORE	GridION	258883613.0	99001.0	WGS	GENOMIC	SINGLE	Oxford Nanopore Technology WGS of GAS M1 clinical isolates
SRR932049	SRX320108	SRS456503	SRP022914	PRJNA203445	Listeria monocytogenes	N1-011A	PACBIO_SMRT	PacBio RS	186326430.0	81741.0	WGS	GENOMIC	SINGLE	Listeria monocytogenes Strain N1-011A
SRR15989197	SRX12277670	SRS9999280	SRP357534	PRJNA801415	Klebsiella pneumoniae	1161	OXFORD_NANOPORE	GridION	909188387.0	86698.0	WGS	GENOMIC	SINGLE	Whole Genome Sequencing of Carbapenemase-producing Enterobacterales (CPE)
SRR18733175	SRX14833406	SRS12589065	SRP304365	PRJNA694661	Williamsia sp. DF01-3	DF01-3	OXFORD_NANOPORE	MinION	2477163339.0	1067309.0	WGS	GENOMIC	SINGLE	Williamsia sp. strain DF01-3 Genome Sequencing
SRR33768686	SRX28991392	SRS22455776	SRP444583	PRJNA962904	Klebsiella pneumoniae		PACBIO_SMRT	Sequel II	291071884.0	14581.0	WGS	GENOMIC	SINGLE	PacBio sequencing of AH0182HC1 for ARCH 2
SRR12699734	SRX9179265	SRS7416488	SRP285140	PRJNA616029	Vibrio cholerae	NGA/2018/235	OXFORD_NANOPORE	MinION	1639395853.0	212584.0	WGS	GENOMIC	SINGLE	Oxford Nanopore sequencing of Vibrio cholerae
SRR33053958	SRX28318960	SRS24657711	SRP577606	PRJNA1248674	Escherichia coli	AV28-003	OXFORD_NANOPORE	GridION	759413266.0	244784.0	WGS	GENOMIC	SINGLE	WGS of Escherichia coli
SRR787470	SRX252680	SRS401431	SRP019218	PRJNA188139	Vibrio cholerae	2011EL-2320	PACBIO_SMRT	PacBio RS	278600645.0	81741.0	WGS	GENOMIC	SINGLE	2011EL-2320
SRR19816830	SRX15860502	SRS12115273	SRP361569	PRJNA768416	Paenibacillus sp. FSL R5-0914	FSL R5-0914	OXFORD_NANOPORE	MinION	289046447.0	125130.0	WGS	GENOMIC	SINGLE	WGS of Bacilli
ERR4762197	ERX4635301	ERS5247748	ERP124695	PRJEB40976	Enterococcus faecalis		OXFORD_NANOPORE	GridION	644457935.0	35235.0	WGS	GENOMIC	SINGLE	GridION sequencing; Raw reads: 26975_1#367
SRR29316779	SRX24833364	SRS21545195	SRP512379	PRJNA1121190	Vibrio cholerae	106Vc06	OXFORD_NANOPORE	PromethION	319223399.0	132098.0	WGS	GENOMIC	SINGLE	WGS of Vcholerae isolates
SRR32551872	SRX27862817	SRS24236080	SRP375062	PRJNA837734	Listeria monocytogenes	241745	OXFORD_NANOPORE	MinION	35655302.0	6876.0	WGS	GENOMIC	SINGLE	Nanopore sequencing of Listeria monocytogenes
SRR3710049	SRX1870075	SRS1520658	SRP076913	PRJNA242614	Salmonella enterica subsp. enterica serovar Infantis	CVM44454	PACBIO_SMRT	PacBio RS II	372389344.0	163482.0	WGS	GENOMIC	PAIRED	WGS of Salmonella enterica Infantis: 2014 CDC clinical (pacbio): Sample CVM 44454
ERR10938973	ERX10378282	ERS14690198	ERP143848	PRJEB58776	Legionella pneumophila		OXFORD_NANOPORE	GridION	449628099.0	29896.0	WGS	GENOMIC	SINGLE	GridION sequencing
ERR10741408	ERX10190717	ERS14394689	ERP143791	PRJEB58724	Klebsiella pneumoniae		OXFORD_NANOPORE	MinION	121862445.0	18832.0	WGS	GENOMIC	SINGLE	NIHR Nanopore Sequencing
SRR30483151	SRX25907914	SRS22499131	SRP529572	PRJNA1148956	Clostridioides difficile		OXFORD_NANOPORE	MinION	349409497.0	113200.0	WGS	GENOMIC	SINGLE	cdiff
ERR10096274	ERX9634063	ERS12760336	ERP140236	PRJEB55348	Streptococcus pneumoniae		OXFORD_NANOPORE	MinION	427526391.0	197654.0	WGS	GENOMIC	SINGLE	MinION sequencing
SRR364959	SRX032454	SRS140103	SRP004712	PRJNA61297	Vibrio cholerae O1 biovar El Tor str. N16961	N16961	PACBIO_SMRT	PacBio RS	67880945.0	60667.0	WGS	GENOMIC	SINGLE	Sequencing for N5 (Bangladesh, 1971)
SRR27887949	SRX23549714	SRS19902421	SRP478651	PRJNA1053631	Lamprobacter modestohalophilus	ShNLb02	OXFORD_NANOPORE	MinION	6309959.0	3785.0	WGS	GENOMIC	SINGLE	The genome sequence of the moderately halophilic Lamprobacter modestohalophilus ShNLb02_OxfordNanoporeLongReads
SRR16525439	SRX12728046	SRS10337056	SRP357534	PRJNA801415	Enterobacter cloacae	-	OXFORD_NANOPORE	GridION	3033523250.0	635388.0	WGS	GENOMIC	SINGLE	Extensive diversification and dissemination of blaNDM carbapenemase plasmids in Enterobacterales in Singapore 2010-2015
ERR8187218	ERX7750092	ERS10222677	ERP135060	PRJEB50484	Staphylococcus aureus		OXFORD_NANOPORE	MinION	357426013.0	75507.0	WGS	GENOMIC	SINGLE	MinION sequencing
SRR27972880	SRX23626285	SRS20465568	SRP489819	PRJNA1076692	Proteus mirabilis	RIVM_C048678_rerio	OXFORD_NANOPORE	MinION	160142253.0	40304.0	WGS	GENOMIC	SINGLE	RIVM_C048678_rerio
SRR32364802	SRX27699344	SRS21122856	SRP444583	PRJNA962904	Klebsiella pneumoniae		PACBIO_SMRT	Sequel II	77225029.0	2460.0	WGS	GENOMIC	SINGLE	PacBio sequencing of AS5581E2 for ARCH 1.0
SRR3711507	SRX1871326	SRS1521707	SRP076960	PRJNA178963	Enterobacteriaceae bacterium strain FGI 57	FGI 57	PACBIO_SMRT	PacBio RS	247265409.0	87797.0	WGS	GENOMIC	SINGLE	Cronobacter sp. FGI57
SRR31709304	SRX27070887	SRS23531076	SRP551014	PRJNA1197166	Listeria monocytogenes	not applicable	OXFORD_NANOPORE	MinION	619479251.0	107969.0	WGS	GENOMIC	SINGLE	WGS of Listeria monocytogenes strain LI-3 using ONT technology
ERR8958820	ERX8503850	ERS10770994	ERP135763	PRJEB51164	Klebsiella pneumoniae		OXFORD_NANOPORE	GridION	7772922913.0	789562.0	WGS	GENOMIC	SINGLE	GridION sequencing; Raw reads: Kpneumo_r10
SRR28811886	SRX24375267	SRS21131923	SRP504151	PRJNA1104797	Xanthomonas campestris pv. raphani	XLS-10	OXFORD_NANOPORE	PromethION	1840996200.0	151022.0	WGS	GENOMIC	SINGLE	Genome sequencing of Xanthomonas campestris pv. raphani: strain XLS-10
SRR30944949	SRX26347455	SRS22853353	SRP537443	PRJNA1170947	Serratia marcescens	CAV1492	OXFORD_NANOPORE	MinION	1641267356.0	132641.0	WGS	GENOMIC	SINGLE	Whole Genome Sequencing of CAV3906: Sink-3PS
SRR12298733	SRX8801844	SRS6792086	SRP266402	PRJNA605147	Escherichia coli	RHB06-C17	OXFORD_NANOPORE	GridION	1753866317.0	300859.0	WGS	GENOMIC	SINGLE	OXFORD_NANOPORE sequencing of Escherichia coli isolate RH14|T1-C17 cultured from Sheep faeces sample
SRR2829967	SRX1155577	SRS697476	SRP046387	PRJNA218110	Escherichia coli	2009C-3133	PACBIO_SMRT	PacBio RS II	796866595.0	163482.0	WGS	GENOMIC	SINGLE	PacBio sequencing of Escherichia coli: 2009C-3133
SRR26353490	SRX22060913	SRS19130953	SRP465760	PRJNA1026992	Campylobacter jejuni	S2-20	OXFORD_NANOPORE	MinION	8397869433.0	1480766.0	WGS	GENOMIC	SINGLE	C. jejuni S2-20 ONT reads
SRR14555474	SRX10898850	SRS8991224	SRP300861	PRJNA663900	Enterococcus sp. DIV0876	DIV0876	OXFORD_NANOPORE	GridION	4258816132.0	685020.0	WGS	GENOMIC	SINGLE	Global TravEpiNet AMR surveillance Genome sequencing and assembly
SRR4131322	SRX2114707	SRS1667279	SRP084642	PRJNA251768	Cellulophaga sp. Hel_I_12	Hel_I_12	PACBIO_SMRT	PacBio RS	278493018.0	94042.0	WGS	GENOMIC	SINGLE	Cellulophaga sp. Hel_I_12
SRR28370696	SRX23975713	SRS20774112	SRP496022	PRJNA1087001	Klebsiella pneumoniae	KPC2_202310	OXFORD_NANOPORE	GridION	429075637.0	49255.0	WGS	GENOMIC	SINGLE	WGS of Klebsiella pneumoniae isolate
SRR5514664	SRX2788054	SRS1832597	SRP094480	PRJNA279196	Bordetella pertussis	25525	PACBIO_SMRT	PacBio RS II	3854273200.0	163482.0	WGS	GENOMIC	SINGLE	
SRR34958585	SRX30078434	SRS26144960	SRP608376	PRJNA1295998	Hafnia alvei	A64	OXFORD_NANOPORE	GridION	1070997548.0	256177.0	WGS	GENOMIC	SINGLE	WGS of Hafnia alvei
SRR6798505	SRX3757358	SRS3011067	SRP133784	PRJNA433735	Xylella fastidiosa	WM1-1	PACBIO_SMRT	PacBio RS	232618345.0	202679.0	WGS	GENOMIC	PAIRED	WM1-1
ERR10163774	ERX9700359	ERS13423682	ERP140710	PRJEB55790	Apilactobacillus kunkeei	H4B1-03J	PACBIO_SMRT	Sequel	991417235.0	170013.0	WGS	GENOMIC	SINGLE	Sequel sequencing; Raw reads: H4B1-03J
SRR17842146	SRX14003138	SRS11841438	SRP357667	PRJNA798866	Acinetobacter baumannii	AB212-VUB	OXFORD_NANOPORE	MinION	670770146.0	136171.0	WGS	GENOMIC	SINGLE	AB212-VUB complete chromosome
ERR1550053	ERX1620823	ERS1117688	ERP005928	PRJEB6403	Salmonella enterica subsp. enterica serovar Dublin	NCTC12710	PACBIO_SMRT	PacBio RS	1158442383.0	163482.0	WGS	GENOMIC	SINGLE	PacBio RS sequencing
SRR24140418	SRX19938659	SRS17287368	SRP247747	PRJNA604975	Escherichia coli	ox_bsi_217	OXFORD_NANOPORE	GridION	179266637.0	52521.0	WGS	GENOMIC	SINGLE	oxford_bsi
DRR624520	DRX604860	DRS431782	DRP012409	PRJDB19810	Serratia rubidaea	SY163	PACBIO_SMRT	Sequel IIe	250629633.0	20110.0	WGS	GENOMIC	SINGLE	Sequel IIe sequencing of SAMD00853225
SRR28434886	SRX24038673	SRS20831706	SRP497546	PRJNA1091452	Klebsiella pneumoniae	KP02-PS	OXFORD_NANOPORE	MinION	994437397.0	106477.0	WGS	GENOMIC	SINGLE	ONT performance study sequencing of K. pneumoniae
SRR16525710	SRX12728289	SRS10336817	SRP357534	PRJNA801415	Klebsiella pneumoniae	394	OXFORD_NANOPORE	GridION	712194738.0	114461.0	WGS	GENOMIC	SINGLE	Extensive diversification and dissemination of blaNDM carbapenemase plasmids in Enterobacterales in Singapore 2010-2015
SRR34986059	SRX30104911	SRS26168561	SRP608826	PRJNA1305362	Listeria monocytogenes	Lm_494	OXFORD_NANOPORE	MinION	695802475.0	86499.0	WGS	GENOMIC	SINGLE	Oxford Nanopore sequences of an isolated L. monocytogenes strain from wastewater
SRR22784911	SRX18744533	SRS16179724	SRP413484	PRJNA912639	Escherichia coli	EC_A_0205_C9_H_CuP_CeP	OXFORD_NANOPORE	MinION	693574356.0	189021.0	WGS	GENOMIC	SINGLE	WGS of Escherichia coli
ERR4165340	ERX4130659	ERS4576020	ERP121237	PRJEB37895	Enterobacter cloacae		PACBIO_SMRT	Sequel	594555497.0	63249.0	WGS	GENOMIC	SINGLE	Sequel sequencing
SRR31541049	SRX26907875	SRS23387334	SRP548173	PRJNA1190675	Escherichia coli	The same strain as the one under SRA accession SRR7832325	OXFORD_NANOPORE	MinION	2014035154.0	406707.0	WGS	GENOMIC	SINGLE	ONT of TAS134
SRR23931586	SRX19741533	SRS17107511	SRP401191	PRJNA887443	Serratia nevei	SFG-21	OXFORD_NANOPORE	GridION	484058135.0	199325.0	WGS	GENOMIC	SINGLE	ONT sequencing
SRR32972620	SRX28245936	SRS24593600	SRP576427	PRJNA1190511	Yersinia pestis	84007	PACBIO_SMRT	Sequel	673750691.0	50462.0	WGS	GENOMIC	SINGLE	WGS of Yersinia pestis: cultured strain 84007
SRR21415769	SRX17420111	SRS12115275	SRP361569	PRJNA768416	Paenibacillus sp. FSL R5-0928		OXFORD_NANOPORE	MinION	807510655.0	170959.0	WGS	GENOMIC	SINGLE	WGS of Bacilli
SRR22859701	SRX18818536	SRS16251803	SRP414408	PRJNA914892	Staphylococcus aureus	C79	OXFORD_NANOPORE	MinION	71575647.0	20116.0	WGS	GENOMIC	SINGLE	Long read ONT WGS of Staphylococcus aureus isolates from Chronic Rhinosinusitis Patients
SRR23648066	SRX19530433	SRS16091081	SRP412517	PRJNA910977	Escherichia coli	P0100	PACBIO_SMRT	Sequel	621394755.0	106376.0	WGS	GENOMIC	SINGLE	WGS of E. coli
SRR24140498	SRX19938975	SRS17287684	SRP247747	PRJNA604975	Escherichia coli	ox_bsi_545	OXFORD_NANOPORE	GridION	181857924.0	145342.0	WGS	GENOMIC	SINGLE	oxford_bsi
SRR17231609	SRX13410719	SRS3542705	SRP153211	PRJNA480888	Mycobacterium tuberculosis	2968	PACBIO_SMRT	Sequel II	3143299545.0	461293.0	WGS	GENOMIC	SINGLE	DNA120
ERR752444	ERX696126	ERS576877	ERP005355	PRJEB5919	Salmonella enterica subsp. enterica serovar Typhi		PACBIO_SMRT	PacBio RS	1424910340.0	163482.0	WGS	GENOMIC	SINGLE	PacBio RS sequencing
SRR32375279	SRX27708162	SRS21131520	SRP444583	PRJNA962904	Escherichia coli		PACBIO_SMRT	Sequel II	143388568.0	5352.0	WGS	GENOMIC	SINGLE	PacBio sequencing of CS26489E1 for ARCH 1.0
SRR21415928	SRX17420560	SRS13526167	SRP361569	PRJNA768416	Bacillus sp. FSL M8-0368	FSL M8-0368	OXFORD_NANOPORE	MinION	838574942.0	166962.0	WGS	GENOMIC	SINGLE	WGS of Bacilli
SRR30868149	SRX26265666	SRS20686590	SRP250705	PRJNA607328	Bacillus subtilis		OXFORD_NANOPORE	MinION	1724042930.0	342713.0	WGS	GENOMIC	SINGLE	Bacillus subtilis FELIX_MS512 Nanopore reads
SRR13192576	SRX9626883	SRS7827983	SRP295672	PRJNA681856	Salmonella enterica	LHICA_E1	OXFORD_NANOPORE	MinION	13294161.0	4000.0	WGS	GENOMIC	SINGLE	WGS of Salmonella enterica Lhica E152
SRR24094119	SRX19894522	SRS17248366	SRP431309	PRJNA952980	Salmonella enterica	Agona MHI949	OXFORD_NANOPORE	MinION	511219345.0	738017.0	WGS	GENOMIC	SINGLE	Raw sequence reads (Nanopore) of whole-genome sequencing of Salmonella enterica serovar Agona MHI949
DRR572517	DRX555984	DRS426368	DRP012251	PRJDB17574	Escherichia coli	YK-IS1MA-L01-1_G08	OXFORD_NANOPORE	MinION	11054214.0	858.0	WGS	GENOMIC	SINGLE	nanopore-seq of SAMD00748185 L01-1_G8
SRR21813837	SRX17803212	SRS15327482	SRP401099	PRJNA269452	Xanthomonas oryzae pv. oryzae	IXO134	OXFORD_NANOPORE	MinION	1741154081.0	165978.0	WGS	GENOMIC	SINGLE	Complete genome sequence of Xanthomonas oryzae pv. oryzae IXO134
SRR9647282	SRX6408854	SRS5066295	SRP213188	PRJNA546628	Phytopseudomonas flavescens	BIGb0408	PACBIO_SMRT	Sequel	1699700361.0	404800.0	WGS	GENOMIC	SINGLE	Pseudomonas flavescens BIGb0408
SRR9001279	SRX5780103	SRS3932940	SRP165734	PRJNA496461	Klebsiella pneumoniae	KLPN_M84	OXFORD_NANOPORE	GridION			WGS	GENOMIC	SINGLE	nanopore seq of klebsiella pneumoniae
ERR14686218	ERX14087737	ERS23773357	ERP169826	PRJEB86481	Escherichia coli str. K-12 substr. MG1655	K-12	OXFORD_NANOPORE	MinION	161771164.0	82437.0	WGS	GENOMIC	SINGLE	MinION sequencing
SRR23725156	SRX19585838	SRS16968714	SRP426074	PRJNA941188	Priestia megaterium	DSM 17641	OXFORD_NANOPORE	MinION	1108106263.0	139343.0	WGS	GENOMIC	SINGLE	WGS of Priestia megaterium: cell culture
SRR30232062	SRX25693951	SRS22335989	SRP526022	PRJNA1147599	Klebsiella pneumoniae	Z0318KP0107-W	PACBIO_SMRT	Sequel II	1473384916.0	4878758.0	WGS	GENOMIC	SINGLE	WGS of Klebsiella pneumoniae: sputum
SRR12207341	SRX8718157	SRS6993742	SRP271537	PRJNA645814	Francisella tularensis subsp. holarctica	19OD0886	PACBIO_SMRT	Sequel	1021049244.0	258830.0	WGS	GENOMIC	SINGLE	WGS of Francisella
ERR3307078	ERX3333086	ERS3383069	ERP114522	PRJEB31907	Pseudomonas aeruginosa		OXFORD_NANOPORE	MinION	568781656.0	216457.0	WGS	GENOMIC	SINGLE	MinION sequencing
ERR15459743	ERX14863630	ERS23132436	ERP168932	PRJEB85558	Sagittula stellata		OXFORD_NANOPORE	PromethION	34704552.0	120544.0	WGS	GENOMIC	SINGLE	PromethION sequencing
SRR26533662	SRX22236853	SRS19291136	SRP468529	PRJNA955429	Mycobacterium marinum	ATCC 927	PACBIO_SMRT	Sequel II	3665402676.0	334798.0	WGS	GENOMIC	SINGLE	PacBio sequencing reads of Mycobacterium marinum ATCC 927 type strain
SRR5629780	SRX2870021	SRS706895	SRP094755	PRJNA353060	Klebsiella pneumoniae	CAV1596	OXFORD_NANOPORE	MinION	322056573.0	29238.0	WGS	GENOMIC	SINGLE	CAV1596_minION
SRR3756845	SRX1905931	SRS1546719	SRP078107	PRJNA237253	Enterococcus faecalis 68A	68A	PACBIO_SMRT	PacBio RS	245485233.0	86829.0	WGS	GENOMIC	SINGLE	Enterococcus faecalis 68A
SRR31834147	SRX27194517	SRS23258539	SRP074197	PRJNA288601	Klebsiella pneumoniae		OXFORD_NANOPORE	GridION	1132552016.0	1083946.0	WGS	GENOMIC	SINGLE	Nanopore sequencing of ARLN isolate
SRR6831557	SRX3787641	SRS3040338	SRP135639	PRJNA369951	Paraburkholderia sp. BL27I4N3	BL27I4N3	PACBIO_SMRT	PacBio RS II	61351347.0	21367.0	WGS	GENOMIC	SINGLE	Paraburkholderia sp BL27I4N3
SRR35513786	SRX30589578	SRS26617988	SRP620300	PRJNA1328464	Staphylococcus hominis	SHOMINIS	OXFORD_NANOPORE	GridION	25191711.0	7739.0	WGS	GENOMIC	SINGLE	Staphylococcus hominis, MMM kit, replicate 2, sequence replicate 1
ERR10229249	ERX9764205	ERS6480210	ERP109413	PRJEB27342	Klebsiella pneumoniae		PACBIO_SMRT	Sequel II	1944025013.0	316185.0	WGS	GENOMIC	SINGLE	Sequel II sequencing
ERR1787536	ERX1851259	ERS1275669	ERP005928	PRJEB6403	Megamonas hypermegale	NCTC10570	PACBIO_SMRT	PacBio RS	2156721938.0	163482.0	WGS	GENOMIC	SINGLE	PacBio RS sequencing
SRR25342327	SRX21081761	SRS18351214	SRP310573	PRJNA714412	Pseudomonas fluorescens		OXFORD_NANOPORE	MinION	780699210.0	123482.0	WGS	GENOMIC	SINGLE	Nanopore whole genome sequencing: Pseudomonas fluorescens
ERR2246643	ERX2298666	ERS1883816	ERP005928	PRJEB6403	Mobiluncus mulieris	NCTC11497	PACBIO_SMRT	PacBio RS	2059057444.0	163482.0	WGS	GENOMIC	SINGLE	PacBio RS sequencing
ERR11861377	ERX11259384	ERS15952132	ERP148219	PRJEB63082	Escherichia coli		OXFORD_NANOPORE	GridION	531790220.0	150141.0	WGS	GENOMIC	SINGLE	GridION sequencing
SRR31486699	SRX26854890	SRS19546507	SRP472100	PRJNA1040819	Escherichia coli	2020_EC48	OXFORD_NANOPORE	PromethION	1315283125.0	306417.0	WGS	GENOMIC	SINGLE	Porcine Escherichia coli
SRR2822461	SRX1385426	SRS1135212	SRP040661	PRJNA231221	Citrobacter amalonaticus	FDAARGOS_165	PACBIO_SMRT	PacBio RS	1930376113.0	163482.0	WGS	GENOMIC	SINGLE	
SRR21682067	SRX17680123	SRS15211887	SRP074197	PRJNA288601	Pseudomonas aeruginosa	2017-45-85	PACBIO_SMRT	PacBio RS II	653684636.0	163482.0	WGS	GENOMIC	SINGLE	PacBio sequencing of 2017-45-85
SRR32164118	SRX27509499	SRS23928351	SRP560556	PRJNA1147241	Pseudomonas sp. Pseusp9	CT11-9	OXFORD_NANOPORE	MinION	470119937.0	53072.0	WGS	GENOMIC	SINGLE	wheat associated bacteria:Pseudomonas sp.
SRR35544105	SRX30618983	SRS26643850	SRP624405	PRJNA1330714	Bacillus paranthracis	LKT1/1	OXFORD_NANOPORE	PromethION	212397258.0	46673.0	WGS	GENOMIC	SINGLE	Whole genome sequences of 20 Bacillus cereus isolated from various environments
SRR2993968	SRX1446234	SRS1173982	SRP066567	PRJNA291301	Streptomyces eurocidicus	ATCC 27428	PACBIO_SMRT	PacBio RS II	1901313927.0	163482.0	WGS	GENOMIC	SINGLE	PacBio RS II for Streptomyces eurocidicus ATCC 27428
SRR11234624	SRX7846626	SRS6252240	SRP251489	PRJNA599566	Xanthomonas citri pv. citri	LN006-18	OXFORD_NANOPORE	MinION	268190178.0	40228.0	WGS	GENOMIC	SINGLE	WGS of Xanthomonas citri pv. citri strain LN006-18
SRR32216184	SRX27556506	SRS23970412	SRP561337	PRJNA1218789	Streptococcus pyogenes	GAS18	OXFORD_NANOPORE	MinION	210949321.0	47593.0	WGS	GENOMIC	SINGLE	WGS of Streptococcus pyogenes
SRR30896386	SRX26299635	SRS22828357	SRP536878	PRJNA1134622	Escherichia coli	OXEC-18	OXFORD_NANOPORE	MinION	244740649.0	57501.0	WGS	GENOMIC	SINGLE	OXEC-18
DRR260892	DRX250595	DRS397395	DRP006482	PRJDB5246	Staphylococcus aureus	CN02	OXFORD_NANOPORE	MinION	943387881.0	64729.0	WGS	GENOMIC	SINGLE	MinION sequencing of SAMD00265711
SRR21630280	SRX17630936	SRS14987521	SRP354045	PRJNA747871	Streptomyces canus	NBC_00087	OXFORD_NANOPORE	MinION	255183992.0	29728.0	WGS	GENOMIC	SINGLE	nanopore sequencing data from strain NBC_00087
ERR6412377	ERX6040430	ERS6092796	ERP127875	PRJEB43898	Mycobacterium avium subsp. paratuberculosis	PICSAR68	PACBIO_SMRT	PacBio RS II	2347672116.0	1376203.0	WGS	GENOMIC	SINGLE	PacBio RS II sequencing; Raw reads: Whole_Genome_Sequence_ERS6092796
SRR25466770	SRX21199651	SRS18458348	SRP452337	PRJNA1000618	Escherichia coli	Escherichia coli BL21(DE3)	OXFORD_NANOPORE	MinION	6297186.0	4000.0	WGS	GENOMIC	SINGLE	CASTVK transposition with different condition
SRR35212467	SRX30316310	SRS26363326	SRP291668	PRJNA675431	Enterococcus faecium	FI578	OXFORD_NANOPORE	PromethION	1092080075.0	321678.0	WGS	GENOMIC	SINGLE	WGS of Enterococcus faecium
ERR5190304	ERX4995151	ERS5602980	ERP126547	PRJEB42655	Escherichia coli		OXFORD_NANOPORE	MinION	626410356.0	95692.0	WGS	GENOMIC	SINGLE	MinION sequencing
DRR228291	DRX218555	DRS144651	DRP006272	PRJDB9848	Paraburkholderia largidicola	PGU16	PACBIO_SMRT	PacBio RS II	1337526580.0	117326.0	WGS	GENOMIC	SINGLE	PacBio RS II sequencing of SAMD00227920
SRR23725150	SRX19585844	SRS16968720	SRP426074	PRJNA941188	Bacillus velezensis	PRO97	OXFORD_NANOPORE	MinION	960075796.0	134633.0	WGS	GENOMIC	SINGLE	WGS of Bacillus velezensis: cell culture
SRR13328058	SRX9755154	SRS7944813	SRP299781	PRJNA684363	Pseudomonas sp. TH40	TH40	OXFORD_NANOPORE	MinION	81350569.0	134801.0	WGS	GENOMIC	SINGLE	WGS of Pseudomonas sp. : bacterial isolate
SRR35395151	SRX30477852	SRS26511840	SRP620275	PRJNA1328416	Limosilactobacillus fermentum	SLAM_LAF05	OXFORD_NANOPORE	MinION	68591769.0	48360.0	WGS	GENOMIC	SINGLE	Whole genome sequence of SLAM_LAF05
SRR27779105	SRX23443991	SRS20297347	SRP486696	PRJNA1070974	Propionibacterium freudenreichii	TL19	OXFORD_NANOPORE	PromethION	100518120.0	6063.0	WGS	GENOMIC	SINGLE	WGS of Propionibacterium freudenreichii strain TL19: CIRM-BIA Culture
SRR13449099	SRX9862271	SRS8042175	SRP295672	PRJNA681856	Salmonella enterica subsp. salamae	LHICA_SA3	OXFORD_NANOPORE	MinION	31014196.0	4000.0	WGS	GENOMIC	SINGLE	WGS of Salmonella Lhica SA3_47
SRR30483159	SRX25907906	SRS22499123	SRP529572	PRJNA1148956	Clostridioides difficile		OXFORD_NANOPORE	MinION	500001261.0	66488.0	WGS	GENOMIC	SINGLE	cdiff
SRR29808756	SRX25308032	SRS21733298	SRP515665	PRJNA1127668	Mannheimia haemolytica	37-14	OXFORD_NANOPORE	MinION	2967279345.0	837183.0	WGS	GENOMIC	SINGLE	Mannheimia Isolate 37-14
SRR26799536	SRX22496804	SRS19509771	SRP471418	PRJNA1029823	Enterococcus faecium	Enterococcus faecium B13	PACBIO_SMRT	Sequel	964072472.0	44572.0	WGS	GENOMIC	SINGLE	WGS of Enterococcus faecium strain B13, pacbio reads
SRR13680692	SRX10070016	SRS8231702	SRP303037	PRJNA694442	Salmonella enterica		OXFORD_NANOPORE	GridION	1463851135.0	130297.0	WGS	GENOMIC	SINGLE	Multiplex WGS of Salmonella enterica
SRR6786647	SRX3746075	SRS3002488	SRP133392	PRJNA433676	Enterococcus faecium		PACBIO_SMRT	PacBio RS II	1326898271.0	163482.0	WGS	GENOMIC	SINGLE	Cross-sectional study of vancomycin-resistant Enterococcus faecium in Victoria, Australia (Nov-Dec.2015).
SRR16929209	SRX13121358	SRS11056114	SRP303790	PRJNA685966	Staphylococcus pseudintermedius	HSP245	OXFORD_NANOPORE	MinION	524521459.0	171938.0	WGS	GENOMIC	SINGLE	Long-read genomic sequencing of Staphylococcus pseudintermedius from canine skin
ERR13967273	ERX13368366	ERS21330460	ERP149886	PRJEB64694	Candidatus Ornithobacterium hominis	SA-OH-C5	OXFORD_NANOPORE	MinION	217798565.0	198782.0	WGS	GENOMIC	SINGLE	MinION sequencing
SRR25018162	SRX20773291	SRS18059488	SRP445703	PRJNA987350	Wolbachia pipientis		OXFORD_NANOPORE	MinION	216156086.0	94112.0	WGS	GENOMIC	SINGLE	WGS_ONT_CS
SRR35213439	SRX30317283	SRS26364218	SRP615992	PRJNA1301220	Acinetobacter baumannii	ABO23-A218	OXFORD_NANOPORE	MinION	173537547.0	36346.0	WGS	GENOMIC	SINGLE	Whole geneme sequencing of Acinetobacter baumannii: isolates of the Ab-One study
SRR31486898	SRX26855053	SRS22548538	SRP074197	PRJNA288601	Klebsiella pneumoniae	2024HL-00935	OXFORD_NANOPORE	MinION	655222943.0	81583.0	WGS	GENOMIC	SINGLE	Long read sequencing of carbapenemase producing organisms
SRR27971573	SRX23624982	SRS20465249	SRP489810	PRJNA1076679	Morganella morganii	MM	OXFORD_NANOPORE	MinION	505062656.0	108152.0	WGS	GENOMIC	SINGLE	WGS of Morganella morganii
SRR36067851	SRX31114073	SRS27072668	SRP644837	PRJNA1364846	Campylobacter coli	GPT20-006	OXFORD_NANOPORE	GridION	4782497.0	1266.0	WGS	GENOMIC	SINGLE	Campylobacter coli, DBT kit, 36-plex and 200 ng DNA, replicate 7
SRR26139056	SRX21852325	SRS18002681	SRP462527	PRJNA1019817	Escherichia coli	TUM13064	OXFORD_NANOPORE	MinION	704349351.0	69585.0	WGS	GENOMIC	SINGLE	WGS of Enterobacterales: Patient
SRR873850	SRX290899	SRS432006	SRP023802	PRJNA178404	Bordetella holmesii 30539	30539	PACBIO_SMRT	PacBio RS	448250276.0	81741.0	WGS	GENOMIC	SINGLE	
SRR15989308	SRX12278231	SRS9998922	SRP357537	PRJNA801416	Klebsiella pneumoniae	281	OXFORD_NANOPORE	GridION	15298235.0	837.0	WGS	GENOMIC	SINGLE	Whole Genome Sequencing of Carbapenemase-producing Enterobacterales (CPE)
SRR386328	SRX109869	SRS212329	SRP007226	PRJNA64815	Bacteroides fragilis CL05T00C42	CL05T00C42	PACBIO_SMRT	PacBio RS	65778504.0	81741.0	WGS	GENOMIC	SINGLE	Whole Genome Sequencing and Assembly
SRR5160943	SRX2479154	SRS1910217	SRP095178	PRJNA357595	Serratia marcescens	UMH6	PACBIO_SMRT	PacBio RS II	1030762412.0	163482.0	WGS	GENOMIC	SINGLE	Insertion site sequencing (InSeq) of Serratia marcescens during bacteremia
SRR6507245	SRX3595686	SRS2864067	SRP131264	PRJNA431423	Escherichia coli	C1	OXFORD_NANOPORE	MinION	79721337.0	12738.0	WGS	GENOMIC	SINGLE	MinIon reads
SRR32528103	SRX27839425	SRS24213896	SRP567071	PRJNA1230128	Salmonella enterica subsp. enterica serovar Java	20EPA011NSA_14	OXFORD_NANOPORE	MinION	426419191.0	59601.0	WGS	GENOMIC	SINGLE	nanopore sequence of Salmonella enterica
SRR11789050	SRX8341170	SRS6659300	SRP261590	PRJNA632750	Fusobacterium nucleatum	Fn12230	PACBIO_SMRT	PacBio RS	277603400.0	36746.0	WGS	GENOMIC	SINGLE	Pacbio genome sequencing of Fn12230
ERR3863229	ERX3875263	ERS4281798	ERP112081	PRJEB29732	Mycobacterium tuberculosis		OXFORD_NANOPORE	MinION	307350493.0	278337.0	WGS	GENOMIC	SINGLE	MinION sequencing
ERR10497638	ERX10014927	ERS14254536	ERP142629	PRJEB57633	Escherichia coli		OXFORD_NANOPORE	GridION	117899192.0	19010.0	WGS	GENOMIC	SINGLE	Raw reads: ONT_30134_6#217
ERR1055232	ERX1135517	ERS902634	ERP012664	PRJEB11297	Streptomyces albus subsp. albus DSM 41398	DSM 41398	PACBIO_SMRT	PacBio RS	384172058.0	163482.0	WGS	GENOMIC	SINGLE	PacBio RS sequencing
SRR27678688	SRX23346061	SRS20207299	SRP485167	PRJNA960711	Virgibacillus halodenitrificans	ACCC02857	OXFORD_NANOPORE	MinION	497616210.0	137726.0	WGS	GENOMIC	SINGLE	WGS of Virgibacillus halodenitrificans: strain ACCC02857
SRR21630109	SRX17630904	SRS14987337	SRP354045	PRJNA747871	Nocardioides sp. NBC_00368	NBC_00368	OXFORD_NANOPORE	MinION	1795087199.0	287309.0	WGS	GENOMIC	SINGLE	nanopore sequencing data from strain NBC_00368
SRR35935195	SRX30984486	SRS26977511	SRP640179	PRJNA1132529	Saccharothrix sp. HUAS TT1	HUAS TT1	OXFORD_NANOPORE	PromethION	2704339512.0	681123.0	WGS	GENOMIC	SINGLE	TT1.fastq
SRR29307031	SRX24823996	SRS21408476	SRP509553	PRJNA1115805	Castellaniella ginsengisoli	150221	OXFORD_NANOPORE	MinION	906543957.0	134977.0	WGS	GENOMIC	SINGLE	ONT seq of cas_150221
SRR33053931	SRX28318987	SRS24657739	SRP577606	PRJNA1248674	Escherichia coli	ESBLEC281-N	OXFORD_NANOPORE	GridION	186676710.0	35917.0	WGS	GENOMIC	SINGLE	WGS of Escherichia coli
SRR30342815	SRX25801334	SRS22432810	SRP528120	PRJNA1150149	Pseudomonas aeruginosa	ST179	OXFORD_NANOPORE	MinION	406087490.0	41995.0	WGS	GENOMIC	SINGLE	ONT long-read sequencing of potential healthcare transmission pathogens
SRR19843397	SRX15886991	SRS12114982	SRP361569	PRJNA768416	Lysinibacillus sp. FSL K6-3209		OXFORD_NANOPORE	MinION	152762082.0	26983.0	WGS	GENOMIC	SINGLE	WGS of Bacilli
SRR15989620	SRX12277919	SRS9998908	SRP357537	PRJNA801416	Klebsiella pneumoniae	742	OXFORD_NANOPORE	GridION	469332771.0	51244.0	WGS	GENOMIC	SINGLE	Whole Genome Sequencing of Carbapenemase-producing Enterobacterales (CPE)
SRR19165805	SRX15231957	SRS12965179	SRP374671	PRJNA836696	Klebsiella pneumoniae	4014	OXFORD_NANOPORE	GridION	900770547.0	76214.0	WGS	GENOMIC	SINGLE	ONT long-read sequencing of carbapenem non-susceptible Enterobacterales
SRR19548063	SRX15600162	SRS13301142	SRP378656	PRJNA844881	Psychrobacter sp. S24_bc20	S24_bc20	OXFORD_NANOPORE	PromethION	2065441610.0	225360.0	WGS	GENOMIC	SINGLE	Whole Genomic sequencing of Bacteria: Salmon gut
ERR10497940	ERX10015229	ERS14254448	ERP142629	PRJEB57633	Escherichia coli		OXFORD_NANOPORE	GridION	117320816.0	47799.0	WGS	GENOMIC	SINGLE	Raw reads: ONT_30345_1#371
SRR16525422	SRX12728063	SRS10337074	SRP357537	PRJNA801416	Citrobacter freundii	-	OXFORD_NANOPORE	GridION	1264244777.0	251797.0	WGS	GENOMIC	SINGLE	Extensive diversification and dissemination of blaNDM carbapenemase plasmids in Enterobacterales in Singapore 2010-2015
SRR21415786	SRX17420094	SRS14917009	SRP361569	PRJNA768416	Paenibacillus sp. FSL R5-0407	FSL R5-0407	OXFORD_NANOPORE	MinION	576159369.0	170352.0	WGS	GENOMIC	SINGLE	WGS of Bacilli
DRR670770	DRX650872	DRS468809	DRP013134	PRJDB19275	Flavobacteriaceae bacterium UJ101		PACBIO_SMRT	PacBio RS II	864159760.0	81191.0	WGS	GENOMIC	SINGLE	PacBio RS II sinlge-end Sequencing of KAS22021502 (KAE22230220)
SRR19519888	SRX15572419	SRS13275279	SRP378127	PRJNA819273	Staphylococcus simulans	IVB6244	PACBIO_SMRT	Sequel II	1717674618.0	160167.0	WGS	GENOMIC	SINGLE	PacBio Sequel sequencing of camel Staphylococcaceae from the Horn of Africa
SRR30342796	SRX25801353	SRS22432829	SRP528120	PRJNA1150149	Enterobacter cloacae	ST948	OXFORD_NANOPORE	MinION	470439470.0	56357.0	WGS	GENOMIC	SINGLE	ONT long-read sequencing of potential healthcare transmission pathogens
SRR37168515	SRX32108106	SRS28041597	SRP675690	PRJNA1420075	Pseudomonas aeruginosa		OXFORD_NANOPORE	PromethION	2326826.0	1388.0	WGS	GENOMIC	SINGLE	DNA-Seq: Pf6: Isolate LD8_0250_phi2
SRR29819995	SRX25318956	SRS21988566	SRP519730	PRJNA1135485	Salmonella		OXFORD_NANOPORE	MinION	524725812.0	84391.0	WGS	GENOMIC	SINGLE	WGS Salmonella isolates from cattle
SRR12937825	SRX9401497	SRS7619436	SRP040661	PRJNA231221	Enterococcus hirae	FDAARGOS_1125	PACBIO_SMRT	PacBio RS	1318389936.0	163482.0	WGS	GENOMIC	SINGLE	
ERR10488984	ERX10008295	ERS14235885	ERP142385	PRJEB57405	Streptococcus pneumoniae		OXFORD_NANOPORE	MinION	354773064.0	43539.0	WGS	GENOMIC	SINGLE	MinION sequencing
SRR12145306	SRX8666155	SRS6946978	SRP269976	PRJNA643902	Acinetobacter baumannii	ATCC BAA1605	OXFORD_NANOPORE	MinION	185680961.0	16071.0	WGS	GENOMIC	SINGLE	Whole Genome Sequencing of Acinetobacter baumannii ATCC BAA1605: pneumoniae
SRR30285761	SRX25746452	SRS22385891	SRP527158	PRJNA1149322	Escherichia coli	C10524/61480_Ec_LR	OXFORD_NANOPORE	MinION	202180049.0	29059.0	WGS	GENOMIC	SINGLE	High molecular weight DNA extraction from pure E. coli cultures
SRR5572049	SRX2830750	SRS2205945	SRP107157	PRJNA383457	Kushneria marisflavi	SW32	PACBIO_SMRT	PacBio RS II	2181094807.0	163482.0	WGS	GENOMIC	SINGLE	Kushneria marisflavi SW32 genome sequencing
ERR5353280	ERX5141315	ERS5752931	ERP126298	PRJEB42440	Klebsiella pneumoniae		OXFORD_NANOPORE	GridION	281041138.0	40736.0	WGS	GENOMIC	SINGLE	GridION sequencing
SRR32729600	SRX28016018	SRS24377838	SRP570798	PRJNA1236865	Escherichia coli	TUM24565	OXFORD_NANOPORE	MinION	484907334.0	51228.0	WGS	GENOMIC	SINGLE	"=""ONT sequencing using ""&[1]SRA_data!$J$2&"" of ""&[1]SRA_data!B25"
SRR36273488	SRX31307277	SRS27283368	SRP552027	PRJNA1178821	Escherichia coli	K99B	OXFORD_NANOPORE	MinION	97270391.0	21758.0	WGS	GENOMIC	SINGLE	MinION based WGS of Escherichia coli (strain K99B): animal vaccine bacteria strain
SRR17970895	SRX14127152	SRS11954251	SRP359185	PRJNA797520	Lactiplantibacillus plantarum	LP39	OXFORD_NANOPORE	PromethION	3680516271.0	488299.0	WGS	GENOMIC	SINGLE	WGS of Lactiplantibacillus plantarum:vegetable
SRR28222457	SRX23833812	SRS20654920	SRP493309	PRJNA1083723	Bacillus velezensis		OXFORD_NANOPORE	MinION	1852691191.0	278680.0	WGS	GENOMIC	SINGLE	K8-Oxford
SRR8180459	SRX5000532	SRS4035290	SRP040661	PRJNA231221	Staphylococcus epidermidis	FDAARGOS_529	PACBIO_SMRT	PacBio RS	2007533493.0	163482.0	WGS	GENOMIC	SINGLE	
SRR16940882	SRX13132835	SRS11066463	SRP346006	PRJNA554638	Escherichia coli	ESBL11	OXFORD_NANOPORE	MinION	435856051.0	50705.0	WGS	GENOMIC	SINGLE	Nanopore of ESBL producing Escherichia coli
ERR8007808	ERX7573477	ERS9899363	ERP131998	PRJEB47698	Escherichia coli		OXFORD_NANOPORE	MinION	267967670.0	31901.0	WGS	GENOMIC	SINGLE	MinION sequencing
SRR15076406	SRX11386429	SRS9431078	SRP040661	PRJNA231221	Escherichia coli	FDAARGOS_1384	PACBIO_SMRT	Sequel	1535217209.0	184376.0	WGS	GENOMIC	SINGLE	
SRR13575533	SRX9973328	SRS8145954	SRP303741	PRJNA695586	Streptococcus pyogenes	M4C20	OXFORD_NANOPORE	MinION	2882129.0	4000.0	WGS	GENOMIC	SINGLE	Whole genome sequence of Streptococcus pyogenes strain M4C20
ERR581046	ERX539133	ERS426726	ERP001625	PRJEB3164	Salmonella enterica subsp. enterica serovar Typhimurium		PACBIO_SMRT	PacBio RS	1017177999.0	163482.0	WGS	GENOMIC	SINGLE	PacBio RS sequencing
ERR3685889	ERX3675493	ERS4047690	ERP114207	PRJEB31632	bacterium		OXFORD_NANOPORE	GridION	790777085.0	397486.0	WGS	GENOMIC	SINGLE	GridION sequencing
SRR11867871	SRX8418117	SRS6729745	SRP265117	PRJNA635644	Escherichia coli	Onovel1:H9/H55/H17	OXFORD_NANOPORE	MinION	679577779.0	140859.0	WGS	GENOMIC	SINGLE	Nanopore WGS of Malawi ExPEC 34
SRR13328063	SRX9755149	SRS7944816	SRP299781	PRJNA684363	Bacillus sp. TH44	TH44	OXFORD_NANOPORE	MinION	119527225.0	138816.0	WGS	GENOMIC	SINGLE	WGS of Bacillus sp. : bacterial isolate
ERR14720749	ERX14122174	ERS23803420	ERP170064	PRJEB86764	Proteus mirabilis		OXFORD_NANOPORE	MinION	452797251.0	140955.0	WGS	GENOMIC	SINGLE	EXP-0-1-2025-03-12_11-40-52
SRR14871162	SRX11188656	SRS9244957	SRP324862	PRJNA736470	Streptococcus equi subsp. zooepidemicus	SEZ_18-053	PACBIO_SMRT	Sequel	1497768237.0	164094.0	WGS	GENOMIC	SINGLE	PacBio whole genome sequencing of Streptococcu equi
SRR19140298	SRX15207387	SRS12946069	SRP374220	PRJNA834592	Candidatus Phytoplasma australasiaticum		OXFORD_NANOPORE	MinION	4205100642.0	423744.0	WGS	GENOMIC	SINGLE	WGS of 'Candidatus Phytoplasma australasia' NCHU2022
SRR24510334	SRX20294799	SRS17620927	SRP437133	PRJNA957357	Sphingomonas sp. SORGH_AS_0879	SORGH_AS_0879	PACBIO_SMRT	Sequel IIe	794701420.0	79461.0	WGS	GENOMIC	SINGLE	Sphingomonas sp. SORGH_AS 879
SRR33895200	SRX29106653	SRS25312993	SRP590843	PRJNA1272507	Salmonella enterica	SAL-223	OXFORD_NANOPORE	GridION	410818752.0	97931.0	WGS	GENOMIC	SINGLE	ONT-WGS of Salmonella enterica
SRR901639	SRX306455	SRS445413	SRP026059	PRJNA203569	Mycobacteroides abscessus MAB_091912_2446	MAB_091912_2446	PACBIO_SMRT	PacBio RS	557066723.0	81741.0	WGS	GENOMIC	SINGLE	
ERR10854395	ERX10299162	ERS7358036	ERP109413	PRJEB27342	Klebsiella michiganensis		PACBIO_SMRT	Sequel II	5945378129.0	1102563.0	WGS	GENOMIC	SINGLE	Sequel II sequencing
ERR663941	ERX620217	ERS513131	ERP005928	PRJEB6403	Citrobacter freundii	NCTC6267	PACBIO_SMRT	PacBio RS	408689348.0	163482.0	WGS	GENOMIC	SINGLE	PacBio RS sequencing
SRR32896258	SRX28171553	SRS24523649	SRP573788	PRJNA1241691	Klebsiella pneumoniae subsp. pneumoniae	CGMCC 31459	OXFORD_NANOPORE	MinION	1111164042.0	122009.0	WGS	GENOMIC	SINGLE	whole genome of Klebsiella pneumoniae subsp. pneumoniae CGMCC 31459
SRR12280554	SRX8784161	SRS7052954	SRP272861	PRJNA646575	Bacteroides faecis		OXFORD_NANOPORE	GridION	86569181.0	8561.0	WGS	GENOMIC	SINGLE	WGS  of Bacteroides fragilis group clinical isolates
SRR6478738	SRX3568611	SRS2839674	SRP129921	PRJNA408484	Geminisphaera colitermitum TAV2	TAV2	PACBIO_SMRT	PacBio RS II	805629751.0	451778.0	WGS	GENOMIC	SINGLE	Diplosphaera colotermitum TAV2 methylome
SRR29015149	SRX24541751	SRS21286479	SRP506715	PRJNA981225	Salmonella enterica subsp. enterica serovar Typhimurium	SH15G1782	OXFORD_NANOPORE	PromethION	1000032902.0	27394.0	WGS	GENOMIC	SINGLE	raw sequence data of Salmonella enterica subsp. enterica serovar Typhimurium SH15G1782 using third-generation sequencing
SRR12298685	SRX8801892	SRS6792200	SRP266402	PRJNA605147	Escherichia coli	RHBSTW-00673	OXFORD_NANOPORE	GridION	1425867395.0	216590.0	WGS	GENOMIC	SINGLE	OXFORD_NANOPORE sequencing of Escherichia coli isolate WTP2|T2-00673 cultured from WTP influent sample
SRR26322167	SRX22030239	SRS3020868	SRP133964	PRJNA437002	Bacillus subtilis	PS-216	OXFORD_NANOPORE	MinION	1148459157.0	927888.0	WGS	GENOMIC	SINGLE	WGS B. subtilis PS-216
SRR28039580	SRX23690882	SRS20520804	SRP490884	PRJNA1077967	Enterococcus faecium	AH19L034	OXFORD_NANOPORE	GridION	316577416.0	25567.0	WGS	GENOMIC	SINGLE	WGS of Enterococcus faecium isolate
SRR29316687	SRX24833456	SRS21545287	SRP512379	PRJNA1121190	Vibrio cholerae	127Vc06	OXFORD_NANOPORE	PromethION	314693489.0	48795.0	WGS	GENOMIC	SINGLE	WGS of Vcholerae isolates
ERR5295494	ERX5085119	ERS5649892	ERP126298	PRJEB42440	Klebsiella pneumoniae		OXFORD_NANOPORE	MinION	852311341.0	95589.0	WGS	GENOMIC	SINGLE	MinION sequencing
SRR34973430	SRX30092380	SRS26157487	SRP608514	PRJNA1305037	Enterobacter hormaechei	MI_KPC_850	OXFORD_NANOPORE	PromethION	464450023.0	53752.0	WGS	GENOMIC	SINGLE	KPC CRE collection from state of Michigan
SRR29316575	SRX24833568	SRS21545400	SRP512379	PRJNA1121190	Vibrio cholerae	130Vc05	OXFORD_NANOPORE	PromethION	463153508.0	85134.0	WGS	GENOMIC	SINGLE	WGS of Vcholerae isolates
SRR21050828	SRX17066017	SRS14649157	SRP101993	PRJNA329489	Polaromonas sp. P1-6	P1-6	OXFORD_NANOPORE	MinION	1342084808.0	236907.0	WGS	GENOMIC	SINGLE	WGS of Polaromonas sp.: strain P1-6
ERR15094651	ERX14499253	ERS24813632	ERP119900	PRJEB36683	Klebsiella pneumoniae 11227-1		OXFORD_NANOPORE	PromethION	94813737.0	56851.0	WGS	GENOMIC	SINGLE	Raw reads: JKPB532_L
SRR34699575	SRX29834845	SRS25898677	SRP602616	PRJNA1294593	Salmonella enterica subsp. enterica serovar Typhimurium var. monophasic	22-SA00420-0	OXFORD_NANOPORE	MinION	129580894.0	17346.0	WGS	GENOMIC	SINGLE	WGS of Salmonella enterica subsp. enterica isolate 22-SA00420-0 using ONT technology
SRR4061948	SRX2050997	SRS1643397	SRP082754	PRJNA247910	Luteibacter sp. 9145	9145	PACBIO_SMRT	PacBio RS	285533601.0	69948.0	WGS	GENOMIC	SINGLE	Luteibacter sp. 9145
SRR33251893	SRX28497835	SRS24815219	SRP580503	PRJNA1254181	Klebsiella pneumoniae		OXFORD_NANOPORE	MinION	248318489.0	57783.0	WGS	GENOMIC	SINGLE	long read whole genome sequencing of Klebsiella pneumoniae: rectal swab
SRR28800569	SRX24364340	SRS21121418	SRP503961	PRJNA1100578	Escherichia coli	UTAK-14	OXFORD_NANOPORE	PromethION	1448573285.0	254148.0	WGS	GENOMIC	SINGLE	WGS of multidrug-resistant STEC
SRR15989331	SRX12278208	SRS9998881	SRP357537	PRJNA801416	Escherichia coli	359	OXFORD_NANOPORE	GridION	9251746.0	1758.0	WGS	GENOMIC	SINGLE	Whole Genome Sequencing of Carbapenemase-producing Enterobacterales (CPE)
SRR16109998	SRX12395572	SRS10365147	SRP339221	PRJNA549111	Pseudoalteromonas sp. Scap25	Scap25	OXFORD_NANOPORE	MinION	486992589.0	58719.0	WGS	GENOMIC	SINGLE	WGS of Pseudomonas sp. Scap25
SRR8154668	SRX4975577	SRS4013288	SRP151172	PRJNA477598	Escherichia coli	K12 / MG1655 / ATCC 47076	PACBIO_SMRT	PacBio RS II	897324802.0	163482.0	WGS	GENOMIC	SINGLE	PacBio RSII sequencing of E. coli K12
SRR22028292	SRX18009590	SRS15518358	SRP404288	PRJNA874543	Acholeplasma laidlawii	JS42	OXFORD_NANOPORE	MinION	1880545931.0	587320.0	WGS	GENOMIC	SINGLE	Nanopore Seq of A. laidlawii
SRR27033679	SRX22725518	SRS19714576	SRP475574	PRJNA1047486	Sphingobium yanoikuyae	HAMBI_1842	PACBIO_SMRT	Sequel IIe	666663121.0	63512.0	WGS	GENOMIC	SINGLE	Whole genome sequencing of Sphingobium yanoikuyae HAMBI_1842; long read
SRR31521403	SRX26888890	SRS23369119	SRP547827	PRJNA835507	Acinetobacter baumannii	NIH1	OXFORD_NANOPORE	MinION	129504804.0	18862.0	WGS	GENOMIC	SINGLE	Long read sequencing of NIH1
SRR25466755	SRX21199666	SRS18458348	SRP452337	PRJNA1000618	Escherichia coli	Escherichia coli BL21(DE3)	OXFORD_NANOPORE	MinION	6433927.0	3998.0	WGS	GENOMIC	SINGLE	CASTVK transposition with different condition
SRR15989683	SRX12278248	SRS9998957	SRP357537	PRJNA801416	Klebsiella quasipneumoniae	E748	OXFORD_NANOPORE	GridION	376116392.0	57930.0	WGS	GENOMIC	SINGLE	Whole Genome Sequencing of Carbapenemase-producing Enterobacterales (CPE)
ERR3771206	ERX3772955	ERS2444046	ERP011196	PRJEB10018	Klebsiella pneumoniae		PACBIO_SMRT	Sequel	556054736.0	97641.0	WGS	GENOMIC	SINGLE	Sequel sequencing
ERR4047298	ERX4048431	ERS3340499	ERP113355	PRJEB30866	Escherichia coli		PACBIO_SMRT	Sequel	3438301438.0	919941.0	WGS	GENOMIC	SINGLE	Sequel sequencing
SRR27935471	SRX23592458	SRS20436989	SRP489214	PRJNA1075202	Priestia aryabhattai	kcgeb_S4	OXFORD_NANOPORE	MinION	1135190645.0	1080557.0	WGS	GENOMIC	SINGLE	MinION based WGS of Priestia aryabhattai (strain kcgeb_S4), isolated from sabkha (salt flat) environment
SRR23796531	SRX19628652	SRS16998247	SRP426543	PRJNA942088	Campylobacter jejuni	PS_31_2021	OXFORD_NANOPORE	MinION	53962839.0	8582.0	WGS	GENOMIC	SINGLE	Nanopore sequencing of Campylobacter jejuni from human stool
SRR30293591	SRX25754270	SRS20375777	SRP447847	PRJNA991976	Xanthomonas campestris pv. campestris	WHRI 8339	OXFORD_NANOPORE	PromethION	1481247208.0	328478.0	WGS	GENOMIC	SINGLE	ONT genome sequencing of WHRI 8339
SRR8792695	SRX5582010	SRS4543517	SRP071789	PRJNA315192	Escherichia coli	377323_ONT	OXFORD_NANOPORE	MinION	780457050.0	245087.0	WGS	GENOMIC	SINGLE	Nanopore WGS typing of Escherichia species
SRR24807273	SRX20579472	SRS17881460	SRP338930	PRJNA766641	Mycobacterium tuberculosis	IDR 2100079155	OXFORD_NANOPORE	MinION	103728170.0	68905.0	WGS	GENOMIC	SINGLE	MinION sequencing of TB isolates
SRR21362314	SRX17368139	SRS12115268	SRP361569	PRJNA768416	Paenibacillus sp. FSL R5-0876	FSL R5-0876	OXFORD_NANOPORE	MinION	954144460.0	127968.0	WGS	GENOMIC	SINGLE	WGS of Bacilli
ERR10497664	ERX10014953	ERS14254501	ERP142629	PRJEB57633	Escherichia coli		OXFORD_NANOPORE	GridION	88727724.0	13141.0	WGS	GENOMIC	SINGLE	Raw reads: ONT_30134_6#372
ERR1787525	ERX1851248	ERS1275657	ERP005928	PRJEB6403	Gemella morbillorum	NCTC11323	PACBIO_SMRT	PacBio RS	2686907202.0	163482.0	WGS	GENOMIC	SINGLE	PacBio RS sequencing
SRR34757060	SRX29890591	SRS25632571	SRP074197	PRJNA288601	Klebsiella aerogenes	2025CK-00690	OXFORD_NANOPORE	GridION	1989798460.0	196097.0	WGS	GENOMIC	SINGLE	Nanopore sequencing of ARLN isolate
ERR10497648	ERX10014937	ERS14254529	ERP142629	PRJEB57633	Escherichia coli		OXFORD_NANOPORE	GridION	46747565.0	7339.0	WGS	GENOMIC	SINGLE	Raw reads: ONT_30134_6#315
SRR17842130	SRX14003154	SRS11841454	SRP357667	PRJNA798866	Acinetobacter baumannii	AB233-VUB	OXFORD_NANOPORE	MinION	1064427229.0	73793.0	WGS	GENOMIC	SINGLE	AB233-VUB complete chromosome
SRR4210112	SRX2153095	SRS1683623	SRP087689	PRJNA303838	Pseudomonas deceptionensis	LMG 25555	PACBIO_SMRT	PacBio RS	511247258.0	137886.0	WGS	GENOMIC	SINGLE	Pseudomonas deceptionensis LMG 25555
SRR28434428	SRX24038613	SRS20831699	SRP497546	PRJNA1091452	Staphylococcus aureus	SA67-PS	OXFORD_NANOPORE	MinION	126974112.0	25000.0	WGS	GENOMIC	SINGLE	ONT performance study sequencing of S. aureus
SRR364918	SRX032455	SRS140104	SRP004712	PRJNA61297	Vibrio cholerae O1		PACBIO_SMRT	PacBio RS	45163436.0	60667.0	WGS	GENOMIC	SINGLE	Sequencing for C6 (Peru, 1991)
ERR4180591	ERX4144013	ERS4591549	ERP121985	PRJEB38543	Escherichia coli	Ec05_q8	OXFORD_NANOPORE	MinION	1041712932.0	111123.0	WGS	GENOMIC	SINGLE	MinION sequencing
SRR5879312	SRX3046508	SRS2393721	SRP040661	PRJNA231221	Burkholderia thailandensis	FDAARGOS_425	PACBIO_SMRT	PacBio RS	2268208973.0	163482.0	WGS	GENOMIC	SINGLE	
SRR30463419	SRX25888541	SRS22459549	SRP515179	PRJNA1126331	Candidatus Dadabacteria bacterium		PACBIO_SMRT	Sequel II	2903480.0	1.0	WGS	GENOMIC	SINGLE	HiFi.Rittmann_complete.8805
ERR15879577	ERX15276530	ERS27259339	ERP182816	PRJEB101410	Escherichia coli	Esc10	OXFORD_NANOPORE	GridION	338656429.0	83542.0	WGS	GENOMIC	SINGLE	GridION sequencing
SRR35504536	SRX30580290	SRS26609466	SRP616549	PRJNA1314197	Mycobacterium tuberculosis	not applicable	OXFORD_NANOPORE	GridION	633813234.0	904688.0	WGS	GENOMIC	SINGLE	WGS of M. tb from sputum, Phenol-Ligation prep, Sample BC14
ERR10497936	ERX10015225	ERS14254393	ERP142629	PRJEB57633	Escherichia coli		OXFORD_NANOPORE	GridION	242892007.0	31601.0	WGS	GENOMIC	SINGLE	Raw reads: ONT_30345_1#189
ERR10178212	ERX9714645	ERS6480084	ERP109413	PRJEB27342	Klebsiella pneumoniae		PACBIO_SMRT	Sequel II	5408754841.0	805247.0	WGS	GENOMIC	SINGLE	Sequel II sequencing
SRR31599019	SRX26963466	SRS23433178	SRP549287	PRJNA1185485	Escherichia coli	552	OXFORD_NANOPORE	PromethION	1678881577.0	242887.0	WGS	GENOMIC	SINGLE	RMB-3R-barcode19
SRR22859687	SRX18818433	SRS16251710	SRP414407	PRJNA914889	Corynebacterium pseudotuberculosis	CVUAS 32689	OXFORD_NANOPORE	MinION	575234917.0	131012.0	WGS	GENOMIC	SINGLE	WGS of Corynebacterium pseudotuberculosis strain CVUAS 32689
SRR34576495	SRX29718127	SRS25826812	SRP601713	PRJNA1172360	Faucicola mancuniensis		OXFORD_NANOPORE	GridION	290590698.0	200840.0	WGS	GENOMIC	SINGLE	WGS of Faucicola mancuniensis
SRR3723558	SRX1881088	SRS1527788	SRP077361	PRJNA217216	Maribacter sp. Hel_I_7	Hel_I_7	PACBIO_SMRT	PacBio RS	309271679.0	103262.0	WGS	GENOMIC	SINGLE	Maribacter sp. Hel_I _7
SRR17238521	SRX13417611	SRS9466496	SRP328141	PRJNA744868	Escherichia coli	04_A_26_2_1	OXFORD_NANOPORE	MinION	197596392.0	38343.0	WGS	GENOMIC	SINGLE	Nanopore sequence of STEC: sheep RAJ
SRR386189	SRX109851	SRS002764	SRP001666	PRJNA32461	Coprobacillus cateniformis	D6	PACBIO_SMRT	PacBio RS	102646866.0	81741.0	WGS	GENOMIC	SINGLE	Whole Genome Sequencing and Assembly
SRR35396780	SRX30479475	SRS26512536	SRP620287	PRJNA1328436	Escherichia coli	20AR1039	OXFORD_NANOPORE	GridION	807346116.0	49928.0	WGS	GENOMIC	SINGLE	Escherichia coli strain 20AR1039
SRR12298361	SRX8801706	SRS6792210	SRP266402	PRJNA605147	Enterobacter hormaechei	RHBSTW-00216	OXFORD_NANOPORE	GridION	385137405.0	70832.0	WGS	GENOMIC	SINGLE	OXFORD_NANOPORE sequencing of Enterobacter cloacae isolate WTP3|T1-00216 cultured from WTP influent sample
SRR388124	SRX110615	SRS000872	SRP000269	PRJNA32793	Neisseria gonorrhoeae FA19	FA19	PACBIO_SMRT	PacBio RS	99861636.0	81741.0	WGS	GENOMIC	SINGLE	Whole Genome Sequencing and Assembly
DRR287289	DRX276746	DRS318052	DRP010345	PRJDB10714	Annamia dubia NIES-4383	NIES-4383	OXFORD_NANOPORE	MinION	16956674.0	4000.0	WGS	GENOMIC	SINGLE	Annamia_sp_27
SRR13448662	SRX9861869	SRS8041966	SRP295672	PRJNA681856	Salmonella enterica	LHICA_E3	OXFORD_NANOPORE	MinION	37860145.0	4000.0	WGS	GENOMIC	SINGLE	WGS of Salmonella Lhica E3_45
ERR10488965	ERX10008276	ERS14235866	ERP142385	PRJEB57405	Streptococcus pneumoniae		OXFORD_NANOPORE	MinION	127465262.0	30371.0	WGS	GENOMIC	SINGLE	MinION sequencing
SRR15989499	SRX12278040	SRS9999181	SRP357537	PRJNA801416	Enterobacter hormaechei	E445	OXFORD_NANOPORE	GridION	2850141802.0	384772.0	WGS	GENOMIC	SINGLE	Whole Genome Sequencing of Carbapenemase-producing Enterobacterales (CPE)
ERR15195722	ERX14601378	ERS25144164	ERP160948	PRJEB76420	Klebsiella oxytoca		OXFORD_NANOPORE	MinION			WGS	GENOMIC	SINGLE	MinION sequencing
SRR5829716	SRX3007072	SRS1832402	SRP094480	PRJNA279196	Bordetella pertussis	H864	PACBIO_SMRT	PacBio RS II	642884167.0	163482.0	WGS	GENOMIC	SINGLE	
SRR3726672	SRX1883361	SRS1529762	SRP077520	PRJNA279832	Metallibacterium scheffleri	DKE6	PACBIO_SMRT	PacBio RS	410564541.0	163482.0	WGS	GENOMIC	SINGLE	Metallibacterium scheffleri genome
SRR29286270	SRX24803395	SRS21519425	SRP511822	PRJNA1119682	Streptococcus pneumoniae	ST556 rpsL1, pgdA-D275N	PACBIO_SMRT	PacBio RS II	633455426.0	77039.0	WGS	GENOMIC	SINGLE	SMRT-seq of Streptococcus pneumoniae ST606 pgdA-D275N mutant
SRR25466749	SRX21199672	SRS18458349	SRP452337	PRJNA1000618	Escherichia coli	Escherichia coli BL21(DE3)	OXFORD_NANOPORE	MinION	5756146.0	4000.0	WGS	GENOMIC	SINGLE	CASTVK transposition with different condition
SRR19634179	SRX15684597	SRS13381676	SRP379817	PRJNA848631	Escherichia coli		OXFORD_NANOPORE	GridION	1155213820.0	151662.0	WGS	GENOMIC	SINGLE	Long read sequencing of E. coli that has been experimentally evolved with a CTX-M-15 plasmid
ERR1274823	ERX1346411	ERS980027	ERP005928	PRJEB6403	Escherichia coli	NCTC9041	PACBIO_SMRT	PacBio RS	1754558616.0	163482.0	WGS	GENOMIC	SINGLE	PacBio RS sequencing
SRR16525716	SRX12728283	SRS10336811	SRP357537	PRJNA801416	Escherichia coli	E1149	OXFORD_NANOPORE	GridION	1102754651.0	189642.0	WGS	GENOMIC	SINGLE	Extensive diversification and dissemination of blaNDM carbapenemase plasmids in Enterobacterales in Singapore 2010-2015
SRR32250920	SRX27588941	SRS20831656	SRP497546	PRJNA1091452	Staphylococcus aureus	SA61-PS	OXFORD_NANOPORE	MinION	455398697.0	169144.0	WGS	GENOMIC	SINGLE	native ONT data from Staphylococcus aureus
ERR5902801	ERX5542896	ERS5649959	ERP126298	PRJEB42440	Enterobacter cloacae		OXFORD_NANOPORE	MinION	736540896.0	75327.0	WGS	GENOMIC	SINGLE	MinION sequencing
SRR21630261	SRX17630754	SRS11554246	SRP354045	PRJNA747871	Streptomyces sp. NBC_00169	NBC_00169	OXFORD_NANOPORE	MinION	374729344.0	50197.0	WGS	GENOMIC	SINGLE	nanopore sequencing data from strain NBC_00169
SRR13380263	SRX9803307	SRS7987581	SRP300808	PRJNA649533	Salmonella enterica		OXFORD_NANOPORE	GridION	345166171.0	54568.0	WGS	GENOMIC	SINGLE	ISF salmonella
DRR457465	DRX441762	DRS418601	DRP012097	PRJDB15501	Staphylococcus aureus	08026-19-S041	OXFORD_NANOPORE	GridION	721370972.0	78700.0	WGS	GENOMIC	SINGLE	GridION sequencing of SAMD00590938
SRR30149070	SRX25616936	SRS22262793	SRP524510	PRJNA1144171	Staphylococcus aureus	sa230307_barcode09	OXFORD_NANOPORE	MinION	50546145.0	44662.0	WGS	GENOMIC	SINGLE	Staphylococcus aureus strain sa230307_barcode09
SRR21903057	SRX17889101	SRS15406276	SRP402614	PRJNA890545	Staphylococcus		OXFORD_NANOPORE	GridION	203772364.0	88000.0	WGS	GENOMIC	SINGLE	Metagenomic Nanopore Sequencing of Ocular Microbiome in Patients with Meibomian Gland Dysfunction 16
SRR27179977	SRX22860499	SRS19835777	SRP477403	PRJNA1049513	Vibrio sp. PBL-C16	PBL-C16	OXFORD_NANOPORE	MinION	22586.0	10.0	WGS	GENOMIC	SINGLE	Vibrio sp. PBL-C16 Genome sequencing and assembly
SRR25466865	SRX21199555	SRS18458349	SRP452337	PRJNA1000618	Escherichia coli	Escherichia coli BL21(DE3)	OXFORD_NANOPORE	MinION	4755898.0	4000.0	WGS	GENOMIC	SINGLE	CASTVK transposition with different condition
SRR24062812	SRX19864063	SRS17220085	SRP430807	PRJNA952137	Staphylococcus aureus	BE-MRSA1	OXFORD_NANOPORE	MinION	173946750.0	68676.0	WGS	GENOMIC	SINGLE	Long read Illumina sequencing of Staphylococcus aureus BE-MRSA1
SRR24140422	SRX19938655	SRS17287364	SRP247747	PRJNA604975	Escherichia coli	ox_bsi_213	OXFORD_NANOPORE	GridION	151418407.0	86586.0	WGS	GENOMIC	SINGLE	oxford_bsi
DRR097361	DRX090852	DRS101421	DRP005230	PRJDB5840	Helicobacter pylori	YN4-150	PACBIO_SMRT	PacBio RS II	2040657435.0	163482.0	WGS	GENOMIC	SINGLE	PacBio RS II sequencing of SAMD00084391
ERR8170870	ERX7733648	ERS10251029	ERP135086	PRJEB50504	Mycobacterium tuberculosis		OXFORD_NANOPORE	GridION	410623737.0	75742.0	WGS	GENOMIC	SINGLE	GridION sequencing
DRR209177	DRX199527	DRS276459	DRP009483	PRJDB9003	Bordetella pertussis	missing	PACBIO_SMRT	PacBio RS II	579597608.0	88426.0	WGS	GENOMIC	SINGLE	PacBio RS II sequencing of SAMD00194231
SRR28445644	SRX24049257	SRS20840578	SRP497734	PRJNA1077798	Alteromonas gracilis	J4	OXFORD_NANOPORE	MinION	2869720.0	1000.0	WGS	GENOMIC	SINGLE	Alteromonas gracilis strain J4, whole genome Nanopore Sequencing
SRR21563437	SRX17565738	SRS11554268	SRP354045	PRJNA747871	Streptomyces sp. NBC_01410	NBC_01410	OXFORD_NANOPORE	MinION	5682715.0	594.0	WGS	GENOMIC	SINGLE	nanopore sequencing data from strain NBC_01410
ERR13802575	ERX13203327	ERS21186450	ERP164461	PRJEB80477	Escherichia coli		OXFORD_NANOPORE	MinION	453837566.0	84851.0	WGS	GENOMIC	SINGLE	MinION sequencing
DRR189760	DRX180225	DRS106762	DRP005395	PRJDB8498	Microbulbifer sp. GL-2	GL-2	PACBIO_SMRT	PacBio RS II	1202368702.0	142130.0	WGS	GENOMIC	SINGLE	PacBio RS II sequencing of SAMD00177827
SRR15031869	SRX11343510	SRS9383692	SRP326726	PRJNA737600	Streptomyces sp. GMY02	GMY02	OXFORD_NANOPORE	GridION	9403360.0	4000.0	WGS	GENOMIC	SINGLE	WGS Streptomyces sp. GMY02
ERR3986927	ERX3988954	ERS4380861	ERP120516	PRJEB37212	Escherichia coli		OXFORD_NANOPORE	MinION	50021070.0	17139.0	WGS	GENOMIC	SINGLE	MinION sequencing; Oxfordshire gram negative bacteraemias
SRR15215150	SRX11521539	SRS6662583	SRP261711	PRJNA632943	Acinetobacter baumannii		OXFORD_NANOPORE	MinION	255582025.0	11629.0	WGS	GENOMIC	SINGLE	Long-read WGS of Acinetobacter baumannii clinical isolate
SRR36141294	SRX31182400	SRS27166202	SRP644510	PRJNA1363965	Neisseria gonorrhoeae	4749	OXFORD_NANOPORE	MinION	491420298.0	51848.0	WGS	GENOMIC	SINGLE	WGS of NG: adult male
SRR9047928	SRX5824534	SRS4752589	SRP051949	PRJNA271899	Raoultella ornithinolytica	MGH295	OXFORD_NANOPORE	GridION	1966874572.0	396675.0	WGS	GENOMIC	SINGLE	Sequencing of Carbapenem resistant bacteria
SRR35674202	SRX30725828	SRS26742382	SRP561673	PRJNA1219398	Pasteurella multocida	210373	OXFORD_NANOPORE	MinION	397722866.0	52697.0	WGS	GENOMIC	SINGLE	DNA-Seq of Pasteurella multocida 210373
SRR4272052	SRX2179275	SRS1704429	SRP040661	PRJNA231221	Neisseria gonorrhoeae	FDAARGOS_204	PACBIO_SMRT	PacBio RS	1971579928.0	163482.0	WGS	GENOMIC	SINGLE	
ERR13801796	ERX13202590	ERS21132428	ERP163654	PRJEB79489	Thermoanaerobacter kivui	CO-1	OXFORD_NANOPORE	PromethION	631268441.0	241876.0	WGS	GENOMIC	SINGLE	Raw reads: CO-1-G7C1_12
SRR498060	SRX148634	SRS281882	SRP013241	PRJNA73829	Vibrio cholerae		PACBIO_SMRT	PacBio RS	120098.0	243.0	WGS	GENOMIC	SINGLE	
ERR10499786	ERX10017068	ERS14248160	ERP142363	PRJEB57392	Escherichia coli		OXFORD_NANOPORE	MinION	1059149438.0	2286170.0	WGS	GENOMIC	PAIRED	MinION paired end sequencing
SRR35038856	SRX30154762	SRS26215948	SRP212399	PRJNA548188	Borreliella burgdorferi	L113	OXFORD_NANOPORE	GridION	559601724.0	273440.0	WGS	GENOMIC	SINGLE	Borreliella burgdorferi Genome sequencing and assembly
SRR21563348	SRX17565826	SRS14987130	SRP354045	PRJNA747871	Streptomyces bobili	NBC_00302	OXFORD_NANOPORE	MinION	111172515.0	19210.0	WGS	GENOMIC	SINGLE	nanopore sequencing data from strain NBC_00302
ERR14824725	ERX14230429	ERS23952115	ERP170535	PRJEB87311	Pseudochrobactrum saccharolyticum		OXFORD_NANOPORE	MinION	769819708.0	149774.0	WGS	GENOMIC	SINGLE	Raw reads: Ochrobactrum/Pseudochrobactrum Diversity in Compost Heaps, sample A8_Pb
SRR31745330	SRX27107398	SRS23565427	SRP551717	PRJNA1198866	Staphylococcus epidermidis	1457LA	OXFORD_NANOPORE	MinION	89854110.0	18132.0	WGS	GENOMIC	SINGLE	DNA-seq of Staphylococcus epidermidis
ERR14734615	ERX14135987	ERS23810516	ERP170065	PRJEB86767	Enterobacter hormaechei		OXFORD_NANOPORE	MinION	233642992.0	76632.0	WGS	GENOMIC	SINGLE	EXP-1-1-2025-03-14_10-52-10
SRR12395379	SRX8893518	SRS7152540	SRP276100	PRJNA650381	Mycobacterium tuberculosis		OXFORD_NANOPORE	MinION	855772793.0	456710.0	WGS	GENOMIC	SINGLE	Nanopore TB WGS
SRR4142441	SRX2124728	SRS1668542	SRP085246	PRJNA330441	Rhizobium mongolense USDA 1844	USDA 1844	PACBIO_SMRT	PacBio RS	2490358.0	954.0	WGS	GENOMIC	SINGLE	Rhizobium mongolense USDA 1844
SRR15989263	SRX12277604	SRS9999264	SRP357537	PRJNA801416	Enterobacter cloacae	252	OXFORD_NANOPORE	GridION	672478080.0	92032.0	WGS	GENOMIC	SINGLE	Whole Genome Sequencing of Carbapenemase-producing Enterobacterales (CPE)
DRR492955	DRX477154	DRS209801	DRP007033	PRJDB9509	Klebsiella pneumoniae	KpWEA4-1	OXFORD_NANOPORE	MinION	903169590.0	68385.0	WGS	GENOMIC	SINGLE	MinION sequencing of SAMD00287287
SRR29081054	SRX24605340	SRS21343016	SRP508604	PRJNA1113402	Mycobacterium tuberculosis	TH-21-5150	OXFORD_NANOPORE	MinION	169712970.0	84861.0	WGS	GENOMIC	SINGLE	WGS of clinical Mycobacterium tuberculosis isolates from the Philippines
SRR11678616	SRX8239523	SRS6589460	SRP259865	PRJNA619584	Parapedobacter pyrenivorans	ZKA34	PACBIO_SMRT	PacBio RS II	1918407870.0	265252.0	WGS	GENOMIC	SINGLE	Parapedobacter pyrenivorans ZKA34
SRR287677	SRX078300	SRS212385	SRP007207	PRJNA68253	Escherichia coli		PACBIO_SMRT	PacBio RS	173897569.0	81741.0	WGS	GENOMIC	SINGLE	Whole Genome Sequencing for C35-10
ERR13744126	ERX13145538	ERS16082382	ERP149426	PRJEB64289	Escherichia coli		PACBIO_SMRT	Sequel IIe	318411258.0	32455.0	WGS	GENOMIC	SINGLE	Sequel IIe sequencing
SRR498032	SRX148634	SRS281882	SRP013241	PRJNA73829	Vibrio cholerae		PACBIO_SMRT	PacBio RS	2169322.0	6038.0	WGS	GENOMIC	SINGLE	
SRR33528134	SRX28762591	SRS15473591	SRP584580	PRJNA1261832	Klebsiella pneumoniae	K0978	OXFORD_NANOPORE	GridION	14186748.0	10000.0	WGS	GENOMIC	SINGLE	Sequencing of Multidrug-Resistant Klebsiella pneumoniae
SRR16929221	SRX13121346	SRS11056104	SRP303790	PRJNA685966	Staphylococcus pseudintermedius	HSP232	OXFORD_NANOPORE	MinION	579992282.0	193967.0	WGS	GENOMIC	SINGLE	Long-read genomic sequencing of Staphylococcus pseudintermedius from canine skin
SRR36919961	SRX31886267	SRS27841231	SRP665298	PRJNA1403646	Streptococcus mitis	not applicable	OXFORD_NANOPORE	MinION	125615976.0	105122.0	WGS	GENOMIC	SINGLE	Long Reads for The Genomic Landscape of Head and Neck Cancer-associated Streptococci
SRR32743056	SRX28028830	SRS9930179	SRP334240	PRJNA732900	Streptococcus oralis	E664	OXFORD_NANOPORE	MinION	319769130.0	67108.0	WGS	GENOMIC	SINGLE	8
SRR34878343	SRX30009200	SRS26084413	SRP606896	PRJNA1283264	Escherichia coli	FCI2	OXFORD_NANOPORE	MinION	228903314.0	82191.0	WGS	GENOMIC	SINGLE	FCI2 whole genome shotgun sequencing (e_coli_2022_9_30_51)
SRR8848641	SRX5636328	SRS4582086	SRP190857	PRJNA519683	Stenotrophomonas sp. 2174	2174	PACBIO_SMRT	Sequel	723493184.0	171991.0	WGS	GENOMIC	SINGLE	Stenotrophomonas sp. 2174
DRR393689	DRX379508	DRS297024	DRP007849	PRJDB10842	Citrobacter freundii	JBBDAJB-19-0033	OXFORD_NANOPORE	GridION	265277187.0	46723.0	WGS	GENOMIC	SINGLE	GridION sequencing of SAMD00499150
ERR14366902	ERX13768300	ERS23242491	ERP169113	PRJEB85738	Escherichia coli		OXFORD_NANOPORE	MinION	347295788.0	1285469.0	WGS	GENOMIC	SINGLE	MinION sequencing
SRR22801530	SRX18761275	SRS16196210	SRP413623	PRJNA913572	Pseudomonas aeruginosa	cluster D	OXFORD_NANOPORE	MinION	504166099.0	47391.0	WGS	GENOMIC	SINGLE	Oxford_Nanopore sequence of D2_12.19
SRR498153	SRX148635	SRS281883	SRP013241	PRJNA73829	Vibrio cholerae		PACBIO_SMRT	PacBio RS	554020.0	1796.0	WGS	GENOMIC	SINGLE	Whole Genome Sequencing for N5 (strobe)
SRR23347486	SRX19289547	SRS16690584	SRP421131	PRJNA931653	Escherichia coli K-12	K-12	OXFORD_NANOPORE	GridION	38843149.0	4000.0	WGS	GENOMIC	SINGLE	Nanopore sequencing of Ciprofloxacin challenged E. coli
SRR9903657	SRX6655486	SRS5216583	SRP217434	PRJNA558852	Brucella tritici	DSM 13340	OXFORD_NANOPORE	MinION	400228218.0	65126.0	WGS	GENOMIC	SINGLE	Whole genome sequencing Ochrobactrum species
ERR4763138	ERX4636191	ERS5247907	ERP124695	PRJEB40976	Enterococcus faecalis		OXFORD_NANOPORE	GridION	479295460.0	24638.0	WGS	GENOMIC	SINGLE	GridION sequencing; Raw reads: 28157_4#120
SRR19843320	SRX15887068	SRS12115022	SRP361569	PRJNA768416	Paenibacillus sp. FSL M7-0656	FSL M7-0656	OXFORD_NANOPORE	MinION	156048341.0	38245.0	WGS	GENOMIC	SINGLE	WGS of Bacilli
SRR33346931	SRX28591109	SRS24878581	SRP581904	PRJNA1255604	Burkholderia cenocepacia	E84	OXFORD_NANOPORE	PromethION	1899509383.0	421524.0	WGS	GENOMIC	SINGLE	WGS of K56-2:dCas9 gyrB evolved mutant
SRR17299237	SRX13476414	SRS11358994	SRP399759	PRJNA857539	Salmonella enterica	AUSMDU00049308	OXFORD_NANOPORE	GridION	2351387059.0	357081.0	WGS	GENOMIC	SINGLE	Long read sequencing of Salmonella enterica serovar Typhi
SRR35214725	SRX30318542	SRS26365476	SRP616019	PRJNA834240	Bradyrhizobium japonicum	USDA 41	PACBIO_SMRT	Sequel II	545063292.0	52471.0	WGS	GENOMIC	SINGLE	Bradyrhizobium japonicum USDA 41
SRR22784610	SRX18744268	SRS16179584	SRP413484	PRJNA912639	Escherichia coli	EC_A_7578_2L2_D_CuP_CeP	OXFORD_NANOPORE	MinION	682045436.0	115657.0	WGS	GENOMIC	SINGLE	WGS of Escherichia coli
SRR26950687	SRX22644519	SRS19641537	SRP474291	PRJNA1043871	Bacillus sp. PBL-C9	PBL-C9	OXFORD_NANOPORE	MinION	72283.0	16.0	WGS	GENOMIC	SINGLE	Bacillus sp. PBL-C9 Genome sequencing and assembly
SRR8305983	SRX5120485	SRS622114	SRP042343	PRJNA243331	Salmonella enterica subsp. enterica serovar Saintpaul	CFSAN004079	PACBIO_SMRT	Sequel	1375325779.0	206403.0	WGS	GENOMIC	SINGLE	Whole genome PacBio Sequel sequence of Salmonella enterica subsp. enterica serovar Saintpaul
SRR32204142	SRX27545669	SRS23960614	SRP561120	PRJNA1214876	Ekhidna algicida	To15	OXFORD_NANOPORE	MinION	32372144.0	4000.0	WGS	GENOMIC	SINGLE	Ekhidna algicida strain To15 genome
SRR13893809	SRX10273205	SRS8406473	SRP309815	PRJNA686978	Klebsiella pneumoniae	not collected	OXFORD_NANOPORE	MinION	628031739.0	77560.0	WGS	GENOMIC	SINGLE	nanopore sequencing of k pneumoniae: clinical isolate
ERR15660907	ERX15065685	ERS26934204	ERP179947	PRJEB97396	Mycobacterium tuberculosis		OXFORD_NANOPORE	MinION			WGS	GENOMIC	SINGLE	MinION sequencing
SRR932067	SRX320106	SRS456501	SRP022914	PRJNA203445	Listeria monocytogenes	R2-502	PACBIO_SMRT	PacBio RS	248849212.0	81741.0	WGS	GENOMIC	SINGLE	Listeria monocytogenes Strain R2-502
SRR4181454	SRX2142690	SRS1674162	SRP086983	PRJNA303863	Rhodococcus koreensis	DSM 44498	PACBIO_SMRT	PacBio RS	822768628.0	217509.0	WGS	GENOMIC	SINGLE	Rhodococcus koreensis DSM 44498
ERR776484	ERX719363	ERS565664	ERP006904	PRJEB7205	Salmonella enterica subsp. enterica serovar Enteritidis		OXFORD_NANOPORE	MinION	415598920.0	53914.0	WGS	GENOMIC	SINGLE	MinION sequencing; Salmonella outbreak sequencing on MinION using R7 chemistry
ERR10499535	ERX10016821	ERS14256911			Escherichia coli		OXFORD_NANOPORE	GridION	125505267.0	12160.0	WGS	GENOMIC	SINGLE	GridION sequencing; Raw reads: ONT_30348_1#292
SRR28434716	SRX24038796	SRS20831719	SRP497546	PRJNA1091452	Klebsiella pneumoniae	KP05-PS	OXFORD_NANOPORE	MinION	605914569.0	1031752.0	WGS	GENOMIC	SINGLE	ONT performance study sequencing of K. pneumoniae
SRR3756864	SRX1905950	SRS1546722	SRP078110	PRJNA214528	Levilactobacillus brevis AG48	AG48	PACBIO_SMRT	PacBio RS	377958144.0	116765.0	WGS	GENOMIC	SINGLE	Lactobacillus brevis AG48
ERR10472497	ERX9992842	ERS6795207	ERP109413	PRJEB27342	Klebsiella pneumoniae		PACBIO_SMRT	Sequel II	6089038642.0	1111229.0	WGS	GENOMIC	SINGLE	Sequel II sequencing
SRR1980031	SRX997815	SRS401892	SRP057274	PRJNA281410	Escherichia coli O104:H4 str. C227-11	C227-11	PACBIO_SMRT	PacBio RS II	2301409357.0	163482.0	WGS	GENOMIC	SINGLE	Escherichia coli O104:H4 str. C227-11; 250 bp library (native DNA)
ERR15094700	ERX14499302	ERS24813613	ERP119900	PRJEB36683	Klebsiella pneumoniae 11227-1		OXFORD_NANOPORE	PromethION	532516606.0	156658.0	WGS	GENOMIC	SINGLE	Raw reads: HKPU004_L
ERR14251422	ERX13652525	ERS23132438	ERP168932	PRJEB85558	Salmonella bongori		OXFORD_NANOPORE	PromethION	740933847.0	101820.0	WGS	GENOMIC	SINGLE	PromethION sequencing
ERR2532444	ERX2550865	ERS2419512	ERP005928	PRJEB6403	Aerococcus viridans	NCTC10331	PACBIO_SMRT	PacBio RS	2296537169.0	163482.0	WGS	GENOMIC	SINGLE	PacBio RS sequencing
SRR19820685	SRX15864236	SRS13526057	SRP361569	PRJNA768416	Priestia sp. FSL W8-1185	FSL W8-1185	OXFORD_NANOPORE	MinION	369982443.0	141035.0	WGS	GENOMIC	SINGLE	WGS of Bacilli
ERR5353227	ERX5141262	ERS5752960	ERP126298	PRJEB42440	Klebsiella pneumoniae		OXFORD_NANOPORE	MinION	317808253.0	44822.0	WGS	GENOMIC	SINGLE	MinION sequencing
ERR15686839	ERX15091268	ERS26976579	ERP171481	PRJEB88388	Cupriavidus sp. R-92703	R-92703	OXFORD_NANOPORE	MinION	925602615.0	210421.0	WGS	GENOMIC	SINGLE	Raw reads: Cupriavidus sp. R-92703
SRR23347685	SRX19289348	SRS16690584	SRP421131	PRJNA931653	Escherichia coli K-12	K-12	OXFORD_NANOPORE	GridION	26128839.0	4000.0	WGS	GENOMIC	SINGLE	Nanopore sequencing of Ciprofloxacin challenged E. coli
ERR1749758	ERX1818938	ERS1457006	ERP005928	PRJEB6403	Klebsiella pneumoniae	NCTC13685	PACBIO_SMRT	PacBio RS	972047958.0	163482.0	WGS	GENOMIC	SINGLE	PacBio RS sequencing
SRR36095974	SRX31141480	SRS27128444	SRP291668	PRJNA675431	Klebsiella pneumoniae		OXFORD_NANOPORE	PromethION	501540512.0	167642.0	WGS	GENOMIC	SINGLE	WGS of Klebsiella pneumoniae
SRR31235437	SRX26615396	SRS23113920	SRP543347	PRJNA1182389	Escherichia coli	NEB 10-beta	OXFORD_NANOPORE	MinION	3308400.0	1469.0	WGS	GENOMIC	SINGLE	Long Read Sequencing of synthetic plasmid
SRR30949646	SRX26352140	SRS22817399	SRP536567	PRJNA1165464	Escherichia coli	Not applicable	OXFORD_NANOPORE	MinION	807842962.0	188000.0	WGS	GENOMIC	SINGLE	Nanopore sequencing of E.coli: blood isolate
SRR32364666	SRX27699480	SRS21122113	SRP444583	PRJNA962904	Escherichia coli		PACBIO_SMRT	Sequel II	290249962.0	13859.0	WGS	GENOMIC	SINGLE	PacBio sequencing of AS26944C1 for ARCH 1.0
DRR670783	DRX650885	DRS468818	DRP013153	PRJDB19276	Verrucomicrobium sp.		PACBIO_SMRT	PacBio RS II	640214878.0	174499.0	WGS	GENOMIC	SINGLE	PacBio RS II sinlge-end Sequencing of KAS22021525 (KAE22230230)
SRR386415	SRX109879	SRS212335	SRP007231	PRJNA49881	Scardovia wiggsiae F0424	F0424	PACBIO_SMRT	PacBio RS	107905298.0	81741.0	WGS	GENOMIC	SINGLE	Whole Genome Sequencing and Assembly
SRR30188645	SRX25654230	SRS22297029	SRP458186	PRJNA1012291	Enterococcus	Enterococcus faecium	OXFORD_NANOPORE	MinION	1473280232.0	630822.0	WGS	GENOMIC	SINGLE	Nanopore sequencing data of VRE
SRR29418646	SRX24932010	SRS21636415	SRP514025	PRJNA1107577	Roseburia hominis	AN2004	OXFORD_NANOPORE	GridION	488401842.0	364000.0	WGS	GENOMIC	SINGLE	whole genome seq. of bacteria isolated from arctic ground squirrel gut contents
SRR32808922	SRX28092746	SRS24450131	SRP572218	PRJNA1240278	Klebsiella pneumoniae	KP2	OXFORD_NANOPORE	GridION	1306515614.0	314263.0	WGS	GENOMIC	SINGLE	WGS of Klebsiella pneumoniae
SRR32486211	SRX27799610	SRS19225016	SRP399759	PRJNA857539	Salmonella enterica subsp. enterica serovar Paratyphi A		OXFORD_NANOPORE	PromethION	1379652358.0	317802.0	WGS	GENOMIC	SINGLE	WGS of Salmonella species from ONT reads
ERR12328555	ERX11705359	ERS17177490	ERP155552	PRJEB70626	Mycobacterium tuberculosis		OXFORD_NANOPORE	MinION	96558000.0	106101.0	WGS	GENOMIC	SINGLE	MinION sequencing
SRR27352602	SRX23029166	SRS19991050	SRP480168	PRJNA1057299	Clostridioides difficile	cd220317_barcode68	OXFORD_NANOPORE	MinION	30614849.0	37515.0	WGS	GENOMIC	SINGLE	Clostridioides difficile strain cd220317_barcode68
SRR8306484	SRX5120986	SRS622108	SRP018785	PRJNA186035	Salmonella enterica subsp. enterica serovar Anatum	CFSAN003983	PACBIO_SMRT	Sequel	1572582463.0	228177.0	WGS	GENOMIC	SINGLE	Whole genome PacBio Sequel sequence of Salmonella enterica subsp. enterica serovar Anatum
SRR5192079	SRX2507794	SRS1932041	SRP094389	PRJNA355405	Pseudomonas sp. R76	R76	PACBIO_SMRT	PacBio RS II	1651932404.0	163482.0	WGS	GENOMIC	SINGLE	Pseudomonas species R76, PacBio SMRTcell1
SRR35850947	SRX30900307	SRS26900638	SRP636871	PRJNA1334387	Marinobacter flavimaris	ABM1_004	OXFORD_NANOPORE	GridION	2660487867.0	471739.0	WGS	GENOMIC	SINGLE	WGS of Marinobacter flavimaris: Marine biofilm
SRR20083559	SRX16121247	SRS13783714	SRP385976	PRJNA857834	Ralstonia pseudosolanacearum	Sw698	PACBIO_SMRT	Sequel	326628083.0	37988.0	WGS	GENOMIC	SINGLE	WGS of Ralstonia solanacearum Sw698
SRR24001310	SRX19804692	SRS17166614	SRP429910	PRJNA909850	human blood metagenome	-	OXFORD_NANOPORE	GridION	11891677.0	3358.0	WGS	GENOMIC	SINGLE	DNA isolation from S. agalactiae  using Fire Monkey
SRR6995001	SRX3929733	SRS3163153	SRP133836	PRJNA316321	Pseudomonas aeruginosa	AR_0459	PACBIO_SMRT	PacBio RS	2726200498.0	163482.0	WGS	GENOMIC	SINGLE	
DRR720271	DRX700292	DRS638997	DRP016811	PRJDB35784	Klebsiella pneumoniae	FUJA0714	OXFORD_NANOPORE	MinION	167275210.0	15430.0	WGS	GENOMIC	SINGLE	MinION sequencing of SAMD01601253
SRR31676599	SRX27039051	SRS23502246	SRP550721	PRJNA1195730	Enterococcus faecalis	ATCC 19433	OXFORD_NANOPORE	MinION	580853778.0	133101.0	WGS	GENOMIC	SINGLE	Genomic DNA for Enterococcus
SRR28261199	SRX23871493	SRS20690678	SRP493931	PRJNA1085272	Haemophilus influenzae	missing	OXFORD_NANOPORE	GridION	801178039.0	157731.0	WGS	GENOMIC	SINGLE	ONT long-read sequencing of Haemophilus influenzae strain NtcopZA/v
SRR35556811	SRX30631249	SRS19833525	SRP150360	PRJNA475751	Enterococcus faecium	VRE38063	OXFORD_NANOPORE	MinION	480338904.0	145810.0	WGS	GENOMIC	SINGLE	WGS Sequencing of Enterococcus faecium
SRR10556161	SRX7237894	SRS5737484	SRP233740	PRJNA485369	Clostridium beijerinckii	DJ159	PACBIO_SMRT	PacBio RS II	895873455.0	357400.0	WGS	GENOMIC	SINGLE	Clostridium beijerinckii DJ159
SRR27972780	SRX23626385	SRS20465621	SRP489819	PRJNA1076692	Klebsiella pneumoniae	RIVM_C055454_rerio	OXFORD_NANOPORE	MinION	237512433.0	77778.0	WGS	GENOMIC	SINGLE	RIVM_C055454_rerio
ERR5353178	ERX5141213	ERS5752911	ERP126298	PRJEB42440	Klebsiella pneumoniae		OXFORD_NANOPORE	MinION	1995051793.0	540886.0	WGS	GENOMIC	SINGLE	MinION sequencing
SRR21541365	SRX17543576	SRS15090810	SRP367713	PRJNA823737	Ralstonia solanacearum	missing	OXFORD_NANOPORE	MinION	2560970449.0	811454.0	WGS	GENOMIC	SINGLE	Whole genome sequencing of Ralstonia solanacearum
SRR35213019	SRX30316836	SRS26363790	SRP615952	PRJNA834272	Bradyrhizobium elkanii	USDA 84a	PACBIO_SMRT	Sequel II	359101041.0	35702.0	WGS	GENOMIC	SINGLE	Bradyrhizobium elkanii USDA 84a
SRR31579374	SRX26944841	SRS23416591	SRP548894	PRJNA1193213	Mycobacterium tuberculosis		OXFORD_NANOPORE	GridION	38942377.0	21240.0	WGS	GENOMIC	SINGLE	02MTB0409_S114_L002
SRR9620698	SRX6383709	SRS5043297	SRP212596	PRJNA547255	Garicola koreensis	DSM 28238	PACBIO_SMRT	Sequel	1679221252.0	465117.0	WGS	GENOMIC	SINGLE	Garicola koreensis DSM 28238
ERR10499787	ERX10017069	ERS14248159	ERP142363	PRJEB57392	Escherichia coli		OXFORD_NANOPORE	MinION	251689246.0	501373.0	WGS	GENOMIC	PAIRED	MinION paired end sequencing
ERR10087085	ERX9627181	ERS6425996	ERP109413	PRJEB27342	Klebsiella quasivariicola		PACBIO_SMRT	Sequel II	7192297427.0	989581.0	WGS	GENOMIC	SINGLE	Sequel II sequencing
DRR572379	DRX555846	DRS426403	DRP012251	PRJDB17574	Escherichia coli	YK-IS1MA-L09-4_G08	OXFORD_NANOPORE	MinION	1020982.0	147.0	WGS	GENOMIC	SINGLE	nanopore-seq of SAMD00748220 L09-4_G8
SRR22784847	SRX18744597	SRS16179756	SRP413484	PRJNA912639	Escherichia coli	EC_B1_9619_2S1_D_CuP_CeP	OXFORD_NANOPORE	MinION	579631428.0	94111.0	WGS	GENOMIC	SINGLE	WGS of Escherichia coli
SRR21696272	SRX17693993	SRS11554577	SRP354045	PRJNA747871	Streptosporangium sp. NBC_01495	NBC_01495	OXFORD_NANOPORE	MinION	202857209.0	58286.0	WGS	GENOMIC	SINGLE	nanopore sequencing data from strain NBC_01495
SRR36405616	SRX31432734	SRS15378637	SRP649163	PRJNA1230056	Corynebacterium diphtheriae	not applicable	OXFORD_NANOPORE	GridION	365476862.0	84186.0	WGS	GENOMIC	SINGLE	WGS of C. diphtheriae
SRR34687330	SRX29822995	SRS25926485	SRP602975	PRJNA1288210	Weissella sp. ESL1139	ESL1139	OXFORD_NANOPORE	GridION	216162999.0	192000.0	WGS	GENOMIC	SINGLE	ONT WGS of Weissella isolated from stingless bee gut
SRR35247097	SRX30349996	SRS26393111	SRP617111	PRJNA958291	Streptomyces luteogriseus	W4I19-1	PACBIO_SMRT	Sequel IIe	527884792.0	64628.0	WGS	GENOMIC	SINGLE	Streptomyces luteogriseus W4I19-1
ERR4910148	ERX4776972	ERS4556738	ERP121699	PRJEB38289	Klebsiella pneumoniae		PACBIO_SMRT	PacBio RS	583430666.0	54494.0	WGS	GENOMIC	SINGLE	PacBio RS sequencing
SRR9663495	SRX6424371	SRS5080919	SRP214002	PRJNA536291	Mycolicibacterium neoaurum	SLBN-56	PACBIO_SMRT	Sequel	1451400191.0	323923.0	WGS	GENOMIC	SINGLE	Mycobacterium sp NRRL B-3805
SRR24139781	SRX19938624	SRS17287333	SRP247747	PRJNA604975	Escherichia coli	ox_bsi_531	OXFORD_NANOPORE	GridION	74352879.0	52060.0	WGS	GENOMIC	SINGLE	oxford_bsi
SRR25467069	SRX21199855	SRS18458349	SRP452337	PRJNA1000618	Escherichia coli	Escherichia coli BL21(DE3)	OXFORD_NANOPORE	MinION	5842220.0	4000.0	WGS	GENOMIC	SINGLE	CASTVK transposition with different condition
SRR25131389	SRX20883236	SRS18162116	SRP447296	PRJNA991090	Paenibacillus amylolyticus	W018	OXFORD_NANOPORE	MinION	139549745.0	13081.0	WGS	GENOMIC	SINGLE	Whole genome sequencing of Paenibacillus amylolyticus W018
DRR457474	DRX441771	DRS418712	DRP012097	PRJDB15501	Staphylococcus aureus	17010-19-S001	OXFORD_NANOPORE	GridION	620706090.0	62931.0	WGS	GENOMIC	SINGLE	GridION sequencing of SAMD00591053
ERR10499680	ERX10016962	ERS14257036			Escherichia coli		OXFORD_NANOPORE	GridION	236650618.0	24328.0	WGS	GENOMIC	SINGLE	GridION sequencing; Raw reads: ONT_30821_1#60
SRR18681610	SRX14782887	SRS12539628	SRP368114	PRJNA824420	Escherichia coli	GD02977_ECOL_HY_94	OXFORD_NANOPORE	MinION	494812774.0	66777.0	WGS	GENOMIC	SINGLE	Long-read sequencing of Escherichia coli: isolate #94 blood
ERR5984454	ERX5624177	ERS6796392	ERP129449	PRJEB45354	Escherichia coli		OXFORD_NANOPORE	GridION	152175155.0	29191.0	WGS	GENOMIC	SINGLE	GridION sequencing; Raw reads: ONT_30345_1#220
SRR31793432	SRX27154562	SRS23608909	SRP552990	PRJNA1201147	Legionella pneumophila	Philadelphia 1	OXFORD_NANOPORE	PromethION	486131213.0	72773.0	WGS	GENOMIC	SINGLE	Resequencing of reference Legionella pneumophila strain using nanopore
SRR26316645	SRX22024870	SRS19098045	SRP058582	PRJNA203400	Escherichia coli	MOD1-EC6405	OXFORD_NANOPORE	GridION	137133028.0	56000.0	WGS	GENOMIC	SINGLE	Identification of Thirty-two New O antigen Gene Clusters in Escherichia coli
ERR16137117	ERX15526783	SRS10827048	ERP187675	PRJEB106623	Neisseria gonorrhoeae		OXFORD_NANOPORE	MinION	324924982.0	56094.0	WGS	GENOMIC	SINGLE	Raw reads: DDD031
SRR9842076	SRX6596814	SRS5161960	SRP216475	PRJNA554021	Bartonella bacilliformis	KC584_LH	PACBIO_SMRT	PacBio RS II	1218079805.0	163482.0	WGS	GENOMIC	SINGLE	DNA Seq of Bartonella bacilliformis KC584_LH
SRR31024107	SRX26411456	SRS22931414	SRP539092	PRJNA1174068	Vibrio cholerae	mHDM VC71	OXFORD_NANOPORE	PromethION	84681656.0	37815.0	WGS	GENOMIC	SINGLE	WGS of Vcholerae isolates
SRR386964	SRX109900	SRS281279	SRP001087	PRJNA40075	Escherichia coli str. K-12 substr. MG1655	K-12	PACBIO_SMRT	PacBio RS	64359754.0	81741.0	WGS	GENOMIC	SINGLE	Whole Genome Sequencing and Assembly
DRR723603	DRX703624	DRS495746	DRP013760	PRJDB20694	Geofilum rubicundum JCM 15548	JCM 15548	OXFORD_NANOPORE	MinION	141276104.0	45770.0	WGS	GENOMIC	SINGLE	MinION sequencing of SAMD01611129
SRR31375116	SRX26748701	SRS23237333	SRP545813	PRJNA1185690	Pseudomonas viridiflava	GBBC 3526	OXFORD_NANOPORE	MinION	179831559.0	63618.0	WGS	GENOMIC	SINGLE	Nanopore WGS sequencing of Pseudomonas spp. Strains
SRR15989692	SRX12278239	SRS9998930	SRP357537	PRJNA801416	Escherichia coli	E738	OXFORD_NANOPORE	GridION	934254777.0	109218.0	WGS	GENOMIC	SINGLE	Whole Genome Sequencing of Carbapenemase-producing Enterobacterales (CPE)
SRR28434643	SRX24038594	SRS20831696	SRP497546	PRJNA1091452	Listeria monocytogenes	L-11	OXFORD_NANOPORE	MinION	546310762.0	77741.0	WGS	GENOMIC	SINGLE	ONT performance study sequencing of L. monocytogenes
SRR24887430	SRX20649988	SRS17947879	SRP442236	PRJNA708479	Olsenella profusa DSM 13989	DSM 13989	PACBIO_SMRT	Sequel II	4083707959.0	829104.0	WGS	GENOMIC	SINGLE	Olsenella profusa DSM 13989
SRR31974494	SRX27329726	SRS23769003	SRP556902	PRJNA1209846	Enterococcus faecalis	5410	OXFORD_NANOPORE	GridION	1012993166.0	163553.0	WGS	GENOMIC	SINGLE	WGS of Enterococcus faecalis isolate 5410
DRR164895	DRX155514	DRS083314	DRP004119	PRJDB6565	Klebsiella pneumoniae	E188	PACBIO_SMRT	PacBio RS II	990963567.0	112173.0	WGS	GENOMIC	SINGLE	PacBio RS II sequencing of SAMD00108741
SRR15989423	SRX12278116	SRS9998555	SRP357537	PRJNA801416	Klebsiella pneumoniae	20	OXFORD_NANOPORE	GridION	2105028123.0	174026.0	WGS	GENOMIC	SINGLE	Whole Genome Sequencing of Carbapenemase-producing Enterobacterales (CPE)
