srr_accession	srx_accession	srs_accession	srp_accession	bioproject	organism	strain	platform	instrument	total_bases	total_spots	library_strategy	library_source	library_layout	title
SRR10519621	SRX7204469	SRS5709267	SRP231794	PRJNA330529	Clostridium beijerinckii	DJ031	PACBIO_SMRT	PacBio RS II	430343466.0	161481.0	WGS	GENOMIC	SINGLE	Clostridium beijerenckii 031
SRR31480896	SRX26849427	SRS23333097	SRP547242	PRJNA1188493	Bacillus cereus	C824	OXFORD_NANOPORE	GridION	1058378633.0	192029.0	WGS	GENOMIC	SINGLE	WGS of Bacillus Cereus
SRR21397110	SRX17402386	SRS14960364	SRP395325	PRJNA874878	Klebsiella pneumoniae		OXFORD_NANOPORE	MinION	6069708.0	7.0	WGS	GENOMIC	SINGLE	BJ19-0025
SRR14307895	SRX10663281	SRS8104713	SRP301498	PRJNA690640	Enterococcus faecium		OXFORD_NANOPORE	MinION	10095236.0	988.0	WGS	GENOMIC	SINGLE	WGS of E. faecium
SRR3747408	SRX1901274	SRS1544004	SRP078018	PRJNA214298	Thermus scotoductus KI2	KI2	PACBIO_SMRT	PacBio RS	147794269.0	50668.0	WGS	GENOMIC	SINGLE	Thermus scotoductus KI2
ERR3013209	ERX3015661	ERS1972730	ERP104475	PRJEB22771	Streptococcus pneumoniae		PACBIO_SMRT	PacBio RS	1466512703.0	163482.0	WGS	GENOMIC	SINGLE	PacBio RS sequencing
ERR16064586	ERX15454768	ERS28397721	ERP173262	PRJEB90249	Pseudomonas aeruginosa		OXFORD_NANOPORE	GridION	1346445100.0	541180.0	WGS	GENOMIC	SINGLE	GridION sequencing
SRR5428621	SRX2718650	SRS2109283	SRP103274	PRJNA329823	Brucella haematophila	L1Suc	PACBIO_SMRT	PacBio RS	705812792.0	218510.0	WGS	GENOMIC	SINGLE	Ochrobactrum haematophilum L1Suc
SRR35754184	SRX30803476	SRS26816193	SRP630759	PRJNA1338348	Streptococcus pneumoniae	23F	PACBIO_SMRT	Sequel II	1287459900.0	4291533.0	WGS	GENOMIC	PAIRED	Whole-genome sequencing of Streptococcus pneumoniae 23F
SRR26899110	SRX22593300	SRS19599852	SRP473241	PRJNA1042815	Campylobacter lari subsp. lari	NCTC 11352 [WRI 3034/77]	OXFORD_NANOPORE	GridION	2732810232.0	733913.0	WGS	GENOMIC	SINGLE	WGS of Campylobacter lari isolate
ERR10939006	ERX10378315	ERS14690231	ERP143848	PRJEB58776	Legionella pneumophila		OXFORD_NANOPORE	GridION	2162032031.0	177639.0	WGS	GENOMIC	SINGLE	GridION sequencing
SRR17838386	SRX13999570	SRS11837959	SRP357603	PRJNA721846	Staphylococcus epidermidis	BC1191	OXFORD_NANOPORE	MinION	3519243538.0	871895.0	WGS	GENOMIC	SINGLE	S. epidermidis strain:BC1191 gDNA Nanopore sequencing
SRR19357513	SRX15416288	SRS12115256	SRP361569	PRJNA768416	Bacillus sp. FSL R5-0585	FSL R5-0585	OXFORD_NANOPORE	MinION	310296580.0	68571.0	WGS	GENOMIC	SINGLE	WGS of Bacilli
SRR13192470	SRX9626989	SRS7827983	SRP295672	PRJNA681856	Salmonella enterica	LHICA_E1	OXFORD_NANOPORE	MinION	14690322.0	4000.0	WGS	GENOMIC	SINGLE	WGS of Salmonella enterica Lhica E104
SRR21541368	SRX17543573	SRS12513955	SRP367713	PRJNA823737	Ralstonia solanacearum	missing	OXFORD_NANOPORE	MinION	40251173.0	15974.0	WGS	GENOMIC	SINGLE	Whole genome sequencing of Ralstonia solanacearum
SRR35071035	SRX30184986	SRS26244994	SRP610420	PRJNA1308807	Escherichia coli	Ec_192	OXFORD_NANOPORE	MinION	629812600.0	138387.0	WGS	GENOMIC	SINGLE	Oxford Nanopore sequences of an isolated E. coli strain from wastewater
SRR26899129	SRX22593281	SRS19599850	SRP473241	PRJNA1042815	Escherichia coli	FDA strain Seattle 1946	OXFORD_NANOPORE	GridION	758715291.0	279927.0	WGS	GENOMIC	SINGLE	WGS of Escherichia coli isolate
ERR1857495	ERX1919178	ERS1497497	ERP005928	PRJEB6403	Capnocytophaga cynodegmi	NCTC12243	PACBIO_SMRT	PacBio RS	196790371.0	163482.0	WGS	GENOMIC	SINGLE	PacBio RS sequencing
ERR15880231	ERX15277184	ERS26933706	ERP180772	PRJEB98371	Listeria monocytogenes		OXFORD_NANOPORE	MinION	28314364.0	2029.0	WGS	GENOMIC	SINGLE	Raw reads: sample_077_nanopore_7
SRR13950275	SRX10329041	SRS5598770	SRP310366	PRJNA695105	Bacillus anthracis	A182	OXFORD_NANOPORE	GridION	554869155.0	64381.0	WGS	GENOMIC	SINGLE	Whole genome nanopore sequencing of Bacillus anthracis strain A182
SRR707870	SRX228396	SRS416709	SRP021604	PRJNA88849	Enterococcus asini ATCC 700915	ATCC 700915	PACBIO_SMRT	PacBio RS	87752156.0	81741.0	WGS	GENOMIC	SINGLE	Pacbio whole genome shotgun sequencing of genomic DNA library 'PACBIO-321' containing sample 'ATCC700915' from individual 'Enterococcus asini ATCC700915'
ERR4763157	ERX4636210	ERS5247938	ERP124695	PRJEB40976	Enterococcus faecalis		OXFORD_NANOPORE	GridION	1065754803.0	54292.0	WGS	GENOMIC	SINGLE	GridION sequencing; Raw reads: 28157_4#18
ERR10472507	ERX9992852	ERS6795227	ERP109413	PRJEB27342	Klebsiella pneumoniae		PACBIO_SMRT	Sequel II	9240276421.0	1585449.0	WGS	GENOMIC	SINGLE	Sequel II sequencing
SRR33880350	SRX29091965	SRS25301537	SRP590652	PRJNA1273616	Acinetobacter baumannii	LAC-4	PACBIO_SMRT	Revio	3025014560.0	460140.0	WGS	GENOMIC	SINGLE	WGS of Acinetobacter baumannii (LAC-4) strains
SRR31073003	SRX26456545	SRS22971866	SRP540187	PRJNA1176018	Escherichia coli		OXFORD_NANOPORE	MinION	597088753.0	158131.0	WGS	GENOMIC	SINGLE	Long read WGS of Escherichia coli: isolate GF75
SRR32021928	SRX27372368	SRS23493901	SRP074197	PRJNA288601	Providencia hangzhouensis	2024HL-01322	OXFORD_NANOPORE	GridION	1124581255.0	273570.0	WGS	GENOMIC	SINGLE	Long read sequencing of carbapenemase producing organisms
SRR19165822	SRX15231940	SRS12965080	SRP374671	PRJNA836696	Escherichia coli	ST410	OXFORD_NANOPORE	GridION	957155566.0	128894.0	WGS	GENOMIC	SINGLE	ONT long-read sequencing of carbapenem non-susceptible Enterobacterales
SRR37168533	SRX32108088	SRS28041577	SRP675690	PRJNA1420075	Pseudomonas aeruginosa		OXFORD_NANOPORE	PromethION	7396639.0	3000.0	WGS	GENOMIC	SINGLE	DNA-Seq: Pf6: Isolate HD7_0250_phi3
SRR14130575	SRX10500672	SRS8624813	SRP313118	PRJNA719112	Klebsiella pneumoniae	ST258	OXFORD_NANOPORE	MinION	260393681.0	36422.0	WGS	GENOMIC	SINGLE	Genomics of K. pneumoniae: blood isolate
DRR381761	DRX367645	DRS246918	DRP008791	PRJDB13729	Escherichia coli	CEC96047	OXFORD_NANOPORE	MinION	692079829.0	61815.0	WGS	GENOMIC	SINGLE	CEC96047_ONT
SRR21665125	SRX17663532	SRS15195591	SRP398532	PRJNA678176	Xenorhabdus indica	DSM 17382	OXFORD_NANOPORE	GridION	1220487235.0	115349.0	WGS	GENOMIC	SINGLE	ONT SQK-LSK109 library of Xenorhabdus indica DSM 17382: R9.4.1 flowcell on GridION, guppy v4.0.11 high accuracy mode
SRR5829602	SRX3006944	SRS2357378	SRP112186	PRJNA329676	Clostridium beijerinckii	DJ051	PACBIO_SMRT	PacBio RS II	625857733.0	166137.0	WGS	GENOMIC	SINGLE	Clostridium beijerinckii str. 51
SRR13957673	SRX10336004	SRS8455548	SRP300861	PRJNA663900	Enterococcus sp. DIV0872a	DIV0872a	OXFORD_NANOPORE	GridION	702832632.0	130029.0	WGS	GENOMIC	SINGLE	sequencing of enterococcal diversity
SRR26106019	SRX21820430	SRS18921032	SRP461604	PRJNA1018715	Pseudomonas putida	SEM11	OXFORD_NANOPORE	MinION	89885318.0	18871.0	WGS	GENOMIC	SINGLE	genome of Pseudomonas putida SEM11
SRR500893	SRX149606	SRS281883	SRP013241	PRJNA73829	Vibrio cholerae		PACBIO_SMRT	PacBio RS	214242427.0	81741.0	WGS	GENOMIC	SINGLE	Whole Genome Sequencing of N5 (C2 Long subread)
DRR572347	DRX555814	DRS426407	DRP012251	PRJDB17574	Escherichia coli	YK-IS1MA-L10-4_G08	OXFORD_NANOPORE	MinION	434050.0	64.0	WGS	GENOMIC	SINGLE	nanopore-seq of SAMD00748224 L10-4_G8
SRR30949407	SRX26352077	SRS22817196	SRP536567	PRJNA1165464	Escherichia coli	Not applicable	OXFORD_NANOPORE	MinION	537354946.0	94665.0	WGS	GENOMIC	SINGLE	Nanopore sequencing of E.coli: blood isolate
ERR15660897	ERX15065675	ERS26934194	ERP179947	PRJEB97396	Mycobacterium tuberculosis		OXFORD_NANOPORE	MinION			WGS	GENOMIC	SINGLE	MinION sequencing
SRR628252	SRX208160	SRS429664	SRP017403	PRJNA182709	Streptomyces sp. PAMC 26508	PAMC 26508	PACBIO_SMRT	PacBio RS	197046247.0	253467.0	WGS	GENOMIC	SINGLE	Circular consensus sequencing reads
SRR25996810	SRX21714134	SRS18849518	SRP459544	PRJNA1004043	Pyramidobacter sp. YE332	YE332	PACBIO_SMRT	PacBio RS II	1808070523.0	163482.0	WGS	GENOMIC	SINGLE	PacBio genome sequencing of Pyramidobacter sp. YE332
SRR25342326	SRX21081762	SRS18351213	SRP310573	PRJNA714412	Brochothrix thermosphacta		OXFORD_NANOPORE	MinION	1158021299.0	397410.0	WGS	GENOMIC	SINGLE	Nanopore whole genome sequencing: Brochothrix thermosphacta
SRR19820558	SRX15864363	SRS13526178	SRP361569	PRJNA768416	Bacillus sp. FSL R5-0654	FSL R5-0654	OXFORD_NANOPORE	MinION	682483420.0	147497.0	WGS	GENOMIC	SINGLE	WGS of Bacilli
SRR27179983	SRX22860493	SRS19835777	SRP477403	PRJNA1049513	Vibrio sp. PBL-C16	PBL-C16	OXFORD_NANOPORE	MinION	57688.0	15.0	WGS	GENOMIC	SINGLE	Vibrio sp. PBL-C16 Genome sequencing and assembly
SRR27379208	SRX23055844	SRS20015626	SRP480616	PRJNA1055176	Escherichia coli	Not available	OXFORD_NANOPORE	MinION	2541520456.0	383585.0	WGS	GENOMIC	SINGLE	Whole genome sequence of E. coli
SRR25592472	SRX21320852	SRS18568285	SRP454349	PRJNA903656	Pseudomonas citronellolis	G5Li.T10	OXFORD_NANOPORE	MinION	1485091816.0	95327.0	WGS	GENOMIC	SINGLE	Nanopore of  of SAMN31808192
SRR873902	SRX290935	SRS432036	SRP023917	PRJNA178408	Bordetella holmesii 44057	44057	PACBIO_SMRT	PacBio RS	270505944.0	81741.0	WGS	GENOMIC	SINGLE	
SRR34973869	SRX30092974	SRS26157887	SRP608514	PRJNA1305037	Enterobacter kobei	MI_KPC_50	OXFORD_NANOPORE	PromethION	500004650.0	41012.0	WGS	GENOMIC	SINGLE	KPC CRE collection from state of Michigan
SRR15989213	SRX12277654	SRS9998504	SRP357537	PRJNA801416	Enterobacter cloacae	820	OXFORD_NANOPORE	GridION	289951587.0	48175.0	WGS	GENOMIC	SINGLE	Whole Genome Sequencing of Carbapenemase-producing Enterobacterales (CPE)
ERR14686220	ERX14087739	ERS23773359	ERP169826	PRJEB86481	Escherichia coli str. K-12 substr. MG1655	K-12	OXFORD_NANOPORE	MinION	154491034.0	74138.0	WGS	GENOMIC	SINGLE	MinION sequencing
SRR27145220	SRX22826895	SRS19807646	SRP476599	PRJNA1050169	Citroniella saccharovorans	DSM 29873	OXFORD_NANOPORE	MinION	42641166.0	3851.0	WGS	GENOMIC	SINGLE	Nanopore MinION of C. saccharovorans
SRR8066656	SRX4894998	SRS3941518	SRP165931	PRJNA494681	Salmonella enterica subsp. enterica serovar Lubbock	11TTU1590	PACBIO_SMRT	PacBio RS II	3491953649.0	347976.0	WGS	GENOMIC	SINGLE	Long-read sequencing of S. Lubbock
SRR9974523	SRX6721772	SRS5274064	SRP216572	PRJNA556977	Bordetella pertussis	NZ56	OXFORD_NANOPORE	MinION	1016668614.0	143112.0	WGS	GENOMIC	SINGLE	ONT sequencing of Bordetella pertussis NZ11
SRR26929508	SRX22623368	SRS19624585	SRP473823	PRJNA1039168	Staphylococcus aureus	263	OXFORD_NANOPORE	PromethION	1746017912.0	341505.0	WGS	GENOMIC	SINGLE	WGS of Staphylococcus aureus:X1
SRR1562674	SRX665275	SRS670089	SRP045069	PRJNA256165	Vibrio coralliilyticus	RE98	PACBIO_SMRT	PacBio RS	1351366160.0	163482.0	WGS	GENOMIC	SINGLE	The Complete Genome Sequence for Vibrio coralliilyticus RE98
DRR905084	DRX882868	DRS651940	DRP017058	PRJDB35689	Dictyobacter sp. Z7_2	Z7_2	PACBIO_SMRT	Revio	248329452.0	32439.0	WGS	GENOMIC	SINGLE	Revio sequencing of SAMD01789996
ERR16124042	ERX15513794	ERS24427877	ERP172280	PRJEB89238	Escherichia coli		OXFORD_NANOPORE	MinION	891983242.0	116374.0	WGS	GENOMIC	SINGLE	Raw reads: CB209
SRR21887502	SRX17874418	SRS15392686	SRP402327	PRJNA875571	Enterobacter roggenkampii	RX.G5M56	OXFORD_NANOPORE	MinION	2896024794.0	388732.0	WGS	GENOMIC	SINGLE	Nanopore of  of SAMN30618652
SRR20852780	SRX16872033	SRS14459654	SRP390093	PRJNA689732	Streptomyces sp. CA-210063	CA-210063	OXFORD_NANOPORE	MinION	606147737.0	42705.0	WGS	GENOMIC	SINGLE	CA-210063_M643_np
SRR713882	SRX228370	SRS411270	SRP023491	PRJNA82531	Enterococcus dispar ATCC 51266	ATCC 51266	PACBIO_SMRT	PacBio RS	99407489.0	81741.0	WGS	GENOMIC	SINGLE	Pacbio whole genome shotgun sequencing of genomic DNA library 'LR_120_Edispar_1.25nM' containing sample 'ATCC51266' from individual 'Enterococcus_dispar_ATCC51266'
SRR27467547	SRX23139083	SRS20090141	SRP482617	PRJNA942599	Mammaliicoccus lentus	Dog026	PACBIO_SMRT	Sequel II	902488896.0	89992.0	WGS	GENOMIC	SINGLE	PacBio sequencing of canine Staphylococcaceae isolated from a Kenyan shelter in June 2039
SRR31879114	SRX27237977	SRS23684067	SRP555050	PRJNA1205886	Escherichia coli	PR_014_EC1	OXFORD_NANOPORE	MinION	1245193293.0	358709.0	WGS	GENOMIC	SINGLE	WGS of Escherichia coli : Wastewater
SRR30984387	SRX26375305	SRS22899172	SRP538432	PRJNA1046213	Sulfitobacter faviae	OXR-9	OXFORD_NANOPORE	MinION	368528211.0	50602.0	WGS	GENOMIC	SINGLE	Hydrothermal vent plume bacterial isolate genomes
ERR10496777	ERX10014096	ERS14248968	ERP142629	PRJEB57633	Escherichia coli		OXFORD_NANOPORE	GridION	87361313.0	16851.0	WGS	GENOMIC	SINGLE	Raw reads: ONT_30348_1#379
SRR30293605	SRX25754256	SRS20715787	SRP447847	PRJNA991976	Xanthomonas hortorum	WHRI 6029A	OXFORD_NANOPORE	PromethION	803197732.0	142597.0	WGS	GENOMIC	SINGLE	ONT genome sequencing of WHRI 6029A
ERR12508713	ERX11884761	ERS17744639	ERP153002	PRJEB67987	Mycobacterium tuberculosis		OXFORD_NANOPORE	MinION			WGS	GENOMIC	SINGLE	MinION sequencing
ERR15076797	ERX14481448	ERS23842147	ERP169378	PRJEB86005	Salmonella enterica subsp. enterica serovar 1,4,[5],12:i:-		OXFORD_NANOPORE	MinION	5147150248.0	530905.0	WGS	GENOMIC	SINGLE	Raw reads: GENOMIC23-003-ONT
SRR30149539	SRX25617094	SRS21937537	SRP518730	PRJNA1133668	Klebsiella pneumoniae	ST258KP75	OXFORD_NANOPORE	MinION	187144135.0	29729.0	WGS	GENOMIC	SINGLE	Nanopore sequencing of clinical CRE isolates: human
DRR723672	DRX703693	DRS495809	DRP013760	PRJDB20694	Lentibacillus kimchii	JCM 30234	PACBIO_SMRT	Revio	213589346.0	17811.0	WGS	GENOMIC	SINGLE	Revio sequencing of SAMD01611192
SRR35149276	SRX30254907	SRS26306616	SRP613362	PRJNA1311315	Yersinia pestis	109_22C	OXFORD_NANOPORE	PromethION	1257492056.0	307118.0	WGS	GENOMIC	SINGLE	WGS of Y. pestis 109_22C
ERR2098135	ERX2155487	ERS1510238	ERP020605	PRJEB18658	Burkholderia stabilis		PACBIO_SMRT	PacBio RS	370035515.0	50923.0	WGS	GENOMIC	SINGLE	PacBio RS sequencing
SRR5885232	SRX1757519	SRS1433940	SRP105291	PRJNA321324	Streptococcus pneumoniae ST556	ST556	PACBIO_SMRT	PacBio RS II	1668474162.0	163482.0	WGS	GENOMIC	SINGLE	ST556_3
SRR15140929	SRX11448556	SRS9488523	SRP295672	PRJNA681856	Salmonella enterica subsp. arizonae	LHICA_AZ23	OXFORD_NANOPORE	MinION	26848676.0	4000.0	WGS	GENOMIC	SINGLE	Salmonella AZ23
SRR22071683	SRX18052083	SRS15558377	SRP404983	PRJNA745006	Mesomycoplasma ovipneumoniae	150	PACBIO_SMRT	Sequel II	2350445533.0	177992.0	WGS	GENOMIC	SINGLE	Genome sequence of Mycoplasma ovipneumoniae strain 150
SRR33768377	SRX28991099	SRS22396645	SRP444583	PRJNA962904	Escherichia coli		PACBIO_SMRT	Sequel II	498789562.0	28343.0	WGS	GENOMIC	SINGLE	PacBio sequencing of A030023HE1 for ARCH 2
ERR10498887	ERX10016176	ERS14255990	ERP142629	PRJEB57633	Escherichia coli		OXFORD_NANOPORE	GridION	80118379.0	9537.0	WGS	GENOMIC	SINGLE	Raw reads: ONT_30602_2#304
SRR12464720	SRX8958933	SRS7215478	SRP277881	PRJNA609701	Proteus vulgaris	HH17	OXFORD_NANOPORE	MinION	1354755665.0	112319.0	WGS	GENOMIC	SINGLE	WGS of Wastewater Biosolid: HH17
SRR12298804	SRX8801773	SRS6792350	SRP266402	PRJNA605147	Escherichia coli	RHB26-C18	OXFORD_NANOPORE	GridION	1883053878.0	232969.0	WGS	GENOMIC	SINGLE	OXFORD_NANOPORE sequencing of Escherichia coli isolate RH09|T2-C18 cultured from Cattle faeces sample
SRR34973710	SRX30093133	SRS26157995	SRP608514	PRJNA1305037	Enterobacter hormaechei	MI_KPC_548	OXFORD_NANOPORE	PromethION	403289899.0	66107.0	WGS	GENOMIC	SINGLE	KPC CRE collection from state of Michigan
SRR30149287	SRX25617346	SRS3052392	SRP518730	PRJNA1133668	Klebsiella quasipneumoniae	KP0011	OXFORD_NANOPORE	MinION	1552897475.0	171352.0	WGS	GENOMIC	SINGLE	Nanopore sequencing of clinical CRE isolates: human
SRR26135346	SRX21848634	SRS18945892	SRP462494	PRJNA1019784	Shigella sonnei	3.6.1.1.2	OXFORD_NANOPORE	GridION	375887024.0	83413.0	WGS	GENOMIC	SINGLE	WGS of Shigella in Vancouver, 2021-23
ERR15183383	ERX14588773	ERS25125890	ERP160948	PRJEB76420	Escherichia coli		OXFORD_NANOPORE	MinION			WGS	GENOMIC	SINGLE	MinION sequencing
SRR5856179	SRX3025288	SRS1832439	SRP094480	PRJNA279196	Bordetella pertussis	I387	PACBIO_SMRT	PacBio RS II	1681809989.0	163482.0	WGS	GENOMIC	SINGLE	
ERR10357010	ERX9889126	ERS7159906	ERP109413	PRJEB27342	Klebsiella planticola		PACBIO_SMRT	Sequel II	6250457152.0	1012671.0	WGS	GENOMIC	SINGLE	Sequel II sequencing
SRR35513806	SRX30589558	SRS26617978	SRP620300	PRJNA1328464	Campylobacter coli	GPT20-006	OXFORD_NANOPORE	GridION	137190090.0	71513.0	WGS	GENOMIC	SINGLE	Campylobacter coli, MMM kit, replicate 2, sequence replicate 1
SRR4129124	SRX2112714	SRS1667174	SRP084619	PRJNA248506	Janthinobacterium sp. RA13	RA13	PACBIO_SMRT	PacBio RS	299710108.0	87600.0	WGS	GENOMIC	SINGLE	Jantinobacterium sp. RA13
ERR13326721	ERX12697749	ERS20295383	ERP161282	PRJEB76791	Salmonella enterica subsp. enterica serovar Agona		OXFORD_NANOPORE	MinION	104511574.0	28287.0	WGS	GENOMIC	SINGLE	MinION sequencing
SRR25467189	SRX21199736	SRS18458351	SRP452337	PRJNA1000618	Escherichia coli	Escherichia coli BL21(DE3)	OXFORD_NANOPORE	MinION	13250146.0	4000.0	WGS	GENOMIC	SINGLE	CASTVK transposition with different condition
SRR7508549	SRX4378947	SRS3535337	SRP153035	PRJNA433211	Pseudomonas synxantha	2-79	PACBIO_SMRT	PacBio RS II	2154290077.0	163482.0	WGS	GENOMIC	SINGLE	Whole genome sequence of Pseudomonas synxantha 2-79
ERR13194263	ERX12565128	ERS20185775	ERP160059	PRJEB75483	Acidovorax sp. LjRoot146		OXFORD_NANOPORE	MinION	655058984.0	75630.0	WGS	GENOMIC	SINGLE	MinION sequencing
SRR5067210	SRX2387510	SRS1829400	SRP094405	PRJNA355640	Alteromonas macleodii	Te101	PACBIO_SMRT	PacBio RS II	885071351.0	163482.0	WGS	GENOMIC	SINGLE	Whole genome sequencing of Alteromonas macleodii str. Te101 using PacBio platform
SRR9732357	SRX6489649	SRS5136075	SRP215929	PRJNA555902	Sphingomonas melonis	Col-0-51	OXFORD_NANOPORE	GridION	548468351.0	121271.0	WGS	GENOMIC	SINGLE	Genome sequencing of bacterial strain Col-0-51
SRR12046205	SRX8574828	SRS6866796	SRP040661	PRJNA231221	Delftia lacustris	FDAARGOS_890	PACBIO_SMRT	PacBio RS	2629196597.0	163482.0	WGS	GENOMIC	SINGLE	
SRR35850903	SRX30900351	SRS26900537	SRP636871	PRJNA1334387	Pseudomaricurvus sp. ABR4_320	ABR4_320	OXFORD_NANOPORE	GridION	3550992736.0	607815.0	WGS	GENOMIC	SINGLE	WGS of Pseudomaricurvus sp. : Marine biofilm
SRR498155	SRX148635	SRS281883	SRP013241	PRJNA73829	Vibrio cholerae		PACBIO_SMRT	PacBio RS	330364.0	953.0	WGS	GENOMIC	SINGLE	Whole Genome Sequencing for N5 (strobe)
SRR27379325	SRX23055726	SRS20015725	SRP480616	PRJNA1055176	Escherichia coli	Not available	OXFORD_NANOPORE	MinION	1878259885.0	281024.0	WGS	GENOMIC	SINGLE	Whole genome sequence of E. coli
SRR36388031	SRX31416428	SRS27399780	SRP653897	PRJNA1378463	Klebsiella pneumoniae	#7870	OXFORD_NANOPORE	MinION	419159343.0	79760.0	WGS	GENOMIC	SINGLE	WGS of Klebsiella pneumoniae ST307 and ST5994: clinical isolates from Cantabria (Spain)
SRR16561798	SRX12763931	SRS10711089	SRP342987	PRJNA773974	Lacticaseibacillus paracasei	GMNL-855	OXFORD_NANOPORE	GridION	1268530993.0	144634.0	WGS	GENOMIC	SINGLE	GMNL-855 sequencing by Nanopore
ERR10820918	ERX10266518	ERS7761464	ERP109413	PRJEB27342	Klebsiella quasipneumoniae subsp. quasipneumoniae		PACBIO_SMRT	Sequel II	8368489559.0	3369329.0	WGS	GENOMIC	SINGLE	Sequel II sequencing
SRR30791219	SRX26192772	SRS22735278	SRP534624	PRJNA1161571	Burkholderia pseudomallei	Bp27	OXFORD_NANOPORE	PromethION	1647131248.0	134057.0	WGS	GENOMIC	SINGLE	Nanopore sequencing of B. pseudomallei
SRR34749233	SRX29883095	SRS25971936	SRP603874	PRJNA1297324	Pediococcus pentosaceus	13_7_2A_1	OXFORD_NANOPORE	MinION	104625443.0	25045.0	WGS	GENOMIC	SINGLE	Whole genome sequencing of P. pentosaceus isolate 13_7_2A_1 from bovine teat canal biofilm
ERR3700251	ERX3689791	ERS2787563	ERP110627	PRJEB28425	Klebsiella oxytoca		PACBIO_SMRT	Sequel	2993876979.0	539017.0	WGS	GENOMIC	SINGLE	Sequel sequencing
SRR34555513	SRX29698295	SRS25809745	SRP601115	PRJNA1291675	Klebsiella pneumoniae	ZJG30146	PACBIO_SMRT	PacBio RS II	1760844658.0	5887375.0	WGS	GENOMIC	PAIRED	ZJG30146
SRR24759618	SRX20534909	SRS6581538	SRP440076	PRJNA976066	Agrobacterium fabrum	ARqua1	OXFORD_NANOPORE	PromethION	1443718596.0	101392.0	WGS	GENOMIC	SINGLE	The complete genome sequence of Agrobacterium fabrum ARqua1
SRR587638	SRX188639	SRS364998	SRP015810	PRJNA175447	Escherichia coli ER2796	ER2796/DB24	PACBIO_SMRT	PacBio RS	1472628.0	3003.0	WGS	GENOMIC	SINGLE	M.Sau3AI Native DNA
ERR11806623	ERX11204983	ERS16226669	ERP119900	PRJEB36683	Klebsiella pneumoniae 11227-1		OXFORD_NANOPORE	MinION	131061512.0	47616.0	WGS	GENOMIC	SINGLE	MinION sequencing; Raw reads: plasmid_ERR3891032
ERR15602717	ERX15005941	ERS26882985	ERP180185	PRJEB97707	Escherichia coli		OXFORD_NANOPORE	MinION	127676919.0	15513.0	WGS	GENOMIC	SINGLE	MinION sequencing
SRR2823949	SRX1385895	SRS1135294	SRP040661	PRJNA231221	Bordetella pertussis 18323	FDAARGOS_178	PACBIO_SMRT	PacBio RS	1545649031.0	163482.0	WGS	GENOMIC	SINGLE	
SRR14753639	SRX11087202	SRS9152682	SRP323129	PRJNA735522	Bacillus velezensis	GMEKP1	OXFORD_NANOPORE	GridION	23406371.0	4000.0	WGS	GENOMIC	SINGLE	SRA Bacillus velezensis GMEKP1
SRR13575434	SRX9973428	SRS8145954	SRP303741	PRJNA695586	Streptococcus pyogenes	M4C20	OXFORD_NANOPORE	MinION	2855155.0	4000.0	WGS	GENOMIC	SINGLE	Whole genome sequence of Streptococcus pyogenes strain M4C20
SRR20280225	SRX16313820	SRS13952647	SRP386821	PRJNA857909	Escherichia coli	49775_LR	OXFORD_NANOPORE	MinION	1008906965.0	510872.0	WGS	GENOMIC	SINGLE	mcr-1-positive E. coli in the French goat sector
SRR26382869	SRX22089648	SRS7260931	SRP074197	PRJNA288601	Pseudomonas aeruginosa	2020CK-00196	OXFORD_NANOPORE	GridION	193446838.0	13412.0	WGS	GENOMIC	SINGLE	Nanopore sequencing of ARLN isolate
SRR19787748	SRX15831603	SRS13522694	SRP383167	PRJNA851853	Salmonella enterica	2012K-0738_ONT_30X	OXFORD_NANOPORE	GridION	139215954.0	22015.0	WGS	GENOMIC	SINGLE	WGS of Salmonella enterica serovar Enteritidis
SRR36035991	SRX31085122	SRS27072668	SRP644837	PRJNA1364846	Campylobacter coli	GPT20-006	OXFORD_NANOPORE	GridION	33537616.0	8273.0	WGS	GENOMIC	SINGLE	Campylobacter coli, DBT kit, 24-plex and 100 ng DNA, replicate 4
SRR31555767	SRX26921956	SRS23399012	SRP548427	PRJNA1192303	Shigella flexneri	2a	OXFORD_NANOPORE	GridION	378461487.0	104000.0	WGS	GENOMIC	SINGLE	WGS of Shigella sonnei 2021/2022
SRR12395196	SRX8893701	SRS7152723	SRP276100	PRJNA650381	Mycobacterium tuberculosis		OXFORD_NANOPORE	MinION	600007847.0	432495.0	WGS	GENOMIC	SINGLE	Nanopore TB WGS
ERR550478	ERX509547	ERS445051	ERP005928	PRJEB6403	Staphylococcus aureus	NCTC13435	PACBIO_SMRT	PacBio RS	732141612.0	163482.0	WGS	GENOMIC	SINGLE	PacBio RS sequencing
ERR1407346	ERX1478585	ERS1058928	ERP005928	PRJEB6403	Streptococcus pyogenes	NCTC13742	PACBIO_SMRT	PacBio RS	3196863906.0	163482.0	WGS	GENOMIC	SINGLE	PacBio RS sequencing
SRR24001263	SRX19804739	SRS17166615	SRP429910	PRJNA909850	human blood metagenome	-	OXFORD_NANOPORE	GridION	203466146.0	46576.0	WGS	GENOMIC	SINGLE	DNA isolation from Salmonella sp. using Circulomics
ERR11275430	ERX10683000	ERS14857396	ERP146774	PRJEB61685	Mycobacterium tuberculosis variant bovis BCG		OXFORD_NANOPORE	MinION	1064594054.0	388003.0	WGS	GENOMIC	SINGLE	MinION sequencing
SRR13289847	SRX9718899	SRS7252871	SRP278657	PRJNA658369	Klebsiella pneumoniae	ARLG-3188	OXFORD_NANOPORE	GridION	2133324108.0	278118.0	WGS	GENOMIC	SINGLE	ONT seq of K. pneumoniae
SRR31980707	SRX27335733	SRS23774294	SRP557020	PRJNA647881	Neisseria sp. LNP16475	LNP16475	OXFORD_NANOPORE	PromethION	631230442.0	61101.0	WGS	GENOMIC	SINGLE	Genome sequencing of Neisseria sp. (LNP16475)
SRR32250926	SRX27588935	SRS20831715	SRP497546	PRJNA1091452	Listeria monocytogenes	L-16	OXFORD_NANOPORE	MinION	419117733.0	93215.0	WGS	GENOMIC	SINGLE	native ONT data from Listeria monocytogenes
SRR29316508	SRX24833635	SRS21545466	SRP512379	PRJNA1121190	Vibrio cholerae	147Vc06	OXFORD_NANOPORE	PromethION	392987316.0	77668.0	WGS	GENOMIC	SINGLE	WGS of Vcholerae isolates
SRR21131455	SRX17143875	SRS14716478	SRP392938	PRJNA672949	Xylella fastidiosa subsp. fastidiosa	Stag's Leap	OXFORD_NANOPORE	MinION	800596386.0	156630.0	WGS	GENOMIC	SINGLE	Oxford Nanopore genomic sequencing fastqs DNA of Xylella fastidiosa strain Stag's Leap
SRR287718	SRX078298	SRS212384	SRP007207	PRJNA68253	Escherichia coli		PACBIO_SMRT	PacBio RS	136037967.0	81741.0	WGS	GENOMIC	SINGLE	Whole Genome Sequencing for 55989
ERR569657	ERX528646	ERS428535	ERP005470	PRJEB6012	Shigella flexneri		PACBIO_SMRT	PacBio RS	1107187124.0	163482.0	WGS	GENOMIC	SINGLE	PacBio RS sequencing
SRR27860911	SRX23523525	SRS20373816	SRP487941	PRJNA1073000	Lactococcus cremoris	P1F6	OXFORD_NANOPORE	PromethION	218649154.0	32321.0	WGS	GENOMIC	SINGLE	WGS of Lactococcus cremoris strain P1F6: Probat505 starter culture
SRR30602170	SRX26024767	SRS22596473	SRP497400	PRJNA1090919	Burkholderiaceae bacterium	UC74_6	OXFORD_NANOPORE	MinION	645657857.0	68583.0	WGS	GENOMIC	SINGLE	Whole_genome_6
ERR15094764	ERX14499366	ERS24813575	ERP119900	PRJEB36683	Klebsiella pneumoniae 11227-1		OXFORD_NANOPORE	PromethION	1149134490.0	387052.0	WGS	GENOMIC	SINGLE	Raw reads: DKPU095_L
ERR1681939	ERX1751556	ERS986334	ERP005928	PRJEB6403	Streptococcus pneumoniae	NCTC11893	PACBIO_SMRT	PacBio RS	2807162593.0	163482.0	WGS	GENOMIC	SINGLE	PacBio RS sequencing
SRR5851464	SRX3021139	SRS1832511	SRP094480	PRJNA279196	Bordetella pertussis	I977	PACBIO_SMRT	PacBio RS II	966571533.0	163482.0	WGS	GENOMIC	SINGLE	
ERR12767412	ERX12140566	ERS18536069	ERP158744	PRJEB74044	Escherichia coli	PBIO4675	OXFORD_NANOPORE	MinION	1872470276.0	235057.0	WGS	GENOMIC	SINGLE	MinION sequencing
ERR10124217	ERX9661281	ERS6426081	ERP109413	PRJEB27342	Klebsiella terrigena		PACBIO_SMRT	Sequel II	7658383045.0	1100091.0	WGS	GENOMIC	SINGLE	Sequel II sequencing
SRR23690832	SRX19553265	SRS16938017	SRP425383	PRJNA934404	Lacticaseibacillus rhamnosus	VSI33	OXFORD_NANOPORE	MinION	104118177.0	14926.0	WGS	GENOMIC	SINGLE	VSI33
SRR27180034	SRX22860442	SRS19835777	SRP477403	PRJNA1049513	Vibrio sp. PBL-C16	PBL-C16	OXFORD_NANOPORE	MinION	9273.0	1.0	WGS	GENOMIC	SINGLE	Vibrio sp. PBL-C16 Genome sequencing and assembly
SRR29731130	SRX25233287	SRS21919456	SRP518426	PRJNA1132769	Myxosarcina sp. GI1	GI1(2024)	OXFORD_NANOPORE	MinION	813215795.0	515158.0	WGS	GENOMIC	SINGLE	Nanopore  long read raw sequences for Myxosarcina
ERR10498061	ERX10015350	ERS14254663	ERP142629	PRJEB57633	Escherichia coli		OXFORD_NANOPORE	GridION	127427193.0	15139.0	WGS	GENOMIC	SINGLE	Raw reads: ONT_30348_1#361
ERR14734641	ERX14136013	ERS23810737	ERP170065	PRJEB86767	Enterobacter hormaechei		OXFORD_NANOPORE	GridION	588396844.0	166118.0	WGS	GENOMIC	SINGLE	EXP-8-1-2025-03-14_11-01-10
SRR28784911	SRX24349314	SRS21108280	SRP503643	PRJNA1102902	Klebsiella pneumoniae	23RS3	OXFORD_NANOPORE	PromethION	1747817445.0	194709.0	WGS	GENOMIC	SINGLE	WGS of Klebsiella pneumoniae subsp. pneumoniae
ERR768067	ERX711340	ERS639457	ERP005928	PRJEB6403	Haemophilus influenzae	NCTC11394	PACBIO_SMRT	PacBio RS	1032061286.0	163482.0	WGS	GENOMIC	SINGLE	PacBio RS sequencing
SRR13673803	SRX10063243	SRS8225441	SRP040661	PRJNA231221	Escherichia coli	FDAARGOS_1296	PACBIO_SMRT	Sequel	1721423840.0	166131.0	WGS	GENOMIC	SINGLE	
SRR5457531	SRX2745503	SRS1813210	SRP093720	PRJNA353581	Clostridioides difficile	38157	OXFORD_NANOPORE	MinION	16593058.0	1648.0	WGS	GENOMIC	SINGLE	Genome Sequencing of Clostridium difficile
SRR23445272	SRX19354654	SRS16751660	SRP422287	PRJNA933575	Candidatus Mycobacterium wuenschmannii		OXFORD_NANOPORE	MinION	670135829.0	274484.0	WGS	GENOMIC	SINGLE	Long read WGS of a novel Mycobacterium sp.
SRR9732378	SRX6489628	SRS5138410	SRP215929	PRJNA555902	Variovorax paradoxus	Col-0-47	OXFORD_NANOPORE	GridION	627285041.0	133338.0	WGS	GENOMIC	SINGLE	Genome sequencing of bacterial strain Col-0-47
ERR15094501	ERX14499099	ERS24813760	ERP119900	PRJEB36683	Klebsiella pneumoniae 11227-1		OXFORD_NANOPORE	PromethION	442517439.0	288853.0	WGS	GENOMIC	SINGLE	Raw reads: RKPR043_L
SRR12699723	SRX9179276	SRS7416499	SRP285140	PRJNA616029	Vibrio cholerae	CMR/2018/31	OXFORD_NANOPORE	MinION	1542616132.0	201198.0	WGS	GENOMIC	SINGLE	Oxford Nanopore sequencing of Vibrio cholerae
SRR35213445	SRX30317277	SRS26364212	SRP615992	PRJNA1301220	Acinetobacter baumannii	ABO23-A210	OXFORD_NANOPORE	MinION	242561686.0	65360.0	WGS	GENOMIC	SINGLE	Whole geneme sequencing of Acinetobacter baumannii: isolates of the Ab-One study
ERR15424439	ERX14828383	ERS25261035	ERP176764	PRJEB93885	Escherichia coli		OXFORD_NANOPORE	PromethION	713327736.0	117455.0	WGS	GENOMIC	SINGLE	Raw reads: run0_pilot_96_ont_AHB29
DRR097351	DRX090842	DRS101411	DRP005230	PRJDB5840	Helicobacter pylori	YN1-139	PACBIO_SMRT	PacBio RS II	1425714922.0	163482.0	WGS	GENOMIC	SINGLE	PacBio RS II sequencing of SAMD00084381
SRR19548091	SRX15600134	SRS13301114	SRP378656	PRJNA844881	Aliivibrio sp. A37_bc81	A37_bc81	OXFORD_NANOPORE	PromethION	1258656989.0	72594.0	WGS	GENOMIC	SINGLE	Whole Genomic sequencing of Bacteria: Salmon gut
SRR24139777	SRX19938628	SRS17287337	SRP247747	PRJNA604975	Escherichia coli	ox_bsi_535	OXFORD_NANOPORE	GridION	309624474.0	182745.0	WGS	GENOMIC	SINGLE	oxford_bsi
SRR19539249	SRX15591274	SRS13202037	SRP377466	PRJNA842739	Klebsiella pneumoniae		OXFORD_NANOPORE	MinION	436524448.0	47975.0	WGS	GENOMIC	SINGLE	Whole genome sequencing of Klebsiella isolate
SRR10858520	SRX7528621	SRS5967945	SRP240926	PRJNA599000	Vibrio cholerae O37	ATCC 25872	PACBIO_SMRT	Sequel	7722829245.0	484367.0	WGS	GENOMIC	SINGLE	WGS of ATCC25872-BlokeschLab
SRR5833681	SRX3010569	SRS1832578	SRP094480	PRJNA279196	Bordetella pertussis	H703	PACBIO_SMRT	PacBio RS II	800282875.0	163482.0	WGS	GENOMIC	SINGLE	
SRR13448685	SRX9861846	SRS8041966	SRP295672	PRJNA681856	Salmonella enterica	LHICA_E3	OXFORD_NANOPORE	MinION	38738981.0	4000.0	WGS	GENOMIC	SINGLE	WGS of Salmonella Lhica E3_24
ERR13600428	ERX12971451	ERS6631104	ERP109316	PRJEB27256	Klebsiella pneumoniae		OXFORD_NANOPORE	GridION	986002017.0	42852.0	WGS	GENOMIC	SINGLE	GridION sequencing
SRR2652132	SRX1334353	SRS1113737	SRP064242	PRJNA289334	Bacteroides thetaiotaomicron	7330	PACBIO_SMRT	PacBio RS II	1061768031.0	163482.0	WGS	GENOMIC	SINGLE	Whole genome sequencing of B. thetaiotaomicron 7330 using the PacBio RSII platform
SRR17030008	SRX13219928	SRS11145628	SRP347662	PRJNA774104	Enterococcus faecium	S39-7a	OXFORD_NANOPORE	MinION	669841942.0	152401.0	WGS	GENOMIC	SINGLE	Long read sequencing of Enterococcus faecium S39-7a
SRR25584828	SRX21313351	SRS18561219	SRP454266	PRJNA1003869	Serratia marcescens	KZ11	OXFORD_NANOPORE	MinION	2430533873.0	392202.0	WGS	GENOMIC	SINGLE	WGS of bee gut symbionts
SRR2822470	SRX1385435	SRS1135216	SRP040661	PRJNA231221	Staphylococcus saprophyticus	FDAARGOS_168	PACBIO_SMRT	PacBio RS	1549751544.0	163482.0	WGS	GENOMIC	SINGLE	
ERR15941486	ERX15337031	ERS27416802	ERP185476	PRJEB104171	Escherichia coli		OXFORD_NANOPORE	MinION	577867405.0	134950.0	WGS	GENOMIC	SINGLE	MinION sequencing
SRR12995724	SRX9447151	SRS7653710	SRP291226	PRJNA673199	Streptococcus equi subsp. zooepidemicus	SEZ28	OXFORD_NANOPORE	MinION	288473075.0	77047.0	WGS	GENOMIC	SINGLE	Streptococcus equi subsp. zooepidemicus isolated from mares with endometritis
SRR35392644	SRX30475354	SRS26434177	SRP500352	PRJNA1097666	Klebsiella pneumoniae	21AR0470	OXFORD_NANOPORE	GridION	115295648.0	6020.0	WGS	GENOMIC	SINGLE	Klebsiella pneumoniae strain 21AR0470
SRR21132205	SRX17144555	SRS14717162	SRP392951	PRJNA870753	Streptomyces angustmyceticus	CQUSa03	OXFORD_NANOPORE	MinION	1727126922.0	11521616.0	WGS	GENOMIC	SINGLE	genome
DRR097358	DRX090849	DRS101418	DRP005230	PRJDB5840	Helicobacter pylori	YN4-105	PACBIO_SMRT	PacBio RS II	1737058077.0	163482.0	WGS	GENOMIC	SINGLE	PacBio RS II sequencing of SAMD00084388
SRR27596381	SRX23265010	SRS20166972	SRP256141	PRJNA510384	Escherichia coli	not applicable	OXFORD_NANOPORE	GridION	638879703.0	364000.0	WGS	GENOMIC	SINGLE	EC-Pig-OK74078CY230003
ERR1937798	ERX1995525	ERS1424468	ERP005928	PRJEB6403	Actinobacillus capsulatus	NCTC11408	PACBIO_SMRT	PacBio RS	1301681974.0	163482.0	WGS	GENOMIC	SINGLE	PacBio RS sequencing
ERR2262579	ERX2314305	ERS1932665	ERP005928	PRJEB6403	Neisseria meningitidis	NCTC3372	PACBIO_SMRT	PacBio RS	2121133780.0	163482.0	WGS	GENOMIC	SINGLE	PacBio RS sequencing
ERR2432871	ERX2452450	ERS1963359	ERP005928	PRJEB6403	Proteus mirabilis	NCTC12446	PACBIO_SMRT	PacBio RS	967356780.0	163482.0	WGS	GENOMIC	SINGLE	PacBio RS sequencing
ERR12351795	ERX11728657	ERS16746407	ERP151442	PRJEB66377	Klebsiella pneumoniae		OXFORD_NANOPORE	MinION	299779642.0	96786.0	WGS	GENOMIC	SINGLE	MinION sequencing
SRR30949547	SRX26351937	SRS22817006	SRP536567	PRJNA1165464	Escherichia coli	Not applicable	OXFORD_NANOPORE	MinION	352084362.0	118109.0	WGS	GENOMIC	SINGLE	Nanopore sequencing of E.coli: blood isolate
SRR35147782	SRX30253413	SRS12559761	SRP369054	PRJNA696065	Brachybacterium sacelli	DSM 14566	PACBIO_SMRT	Sequel II	350778601.0	52898.0	WGS	GENOMIC	SINGLE	Brachybacterium sacelli DSM 14566
SRR27823333	SRX23486701	SRS20339016	SRP487305	PRJNA1069211	Bradyrhizobium sp. AZCC 1693	AZCC 1693	PACBIO_SMRT	Sequel IIe	629227561.0	69044.0	WGS	GENOMIC	SINGLE	Bradyrhizobium sp. AZCC 1693
SRR29816465	SRX25315626	SRS16968679	SRP426074	PRJNA941188	Bacillus licheniformis	DSM 13	OXFORD_NANOPORE	GridION	585503857.0	102502.0	WGS	GENOMIC	SINGLE	WGS of Bacillus licheniformis: cell culture
SRR12298947	SRX8802266	SRS6792673	SRP266402	PRJNA605147	Escherichia coli	RHB08-C24	OXFORD_NANOPORE	GridION	1769465514.0	379442.0	WGS	GENOMIC	SINGLE	OXFORD_NANOPORE sequencing of Escherichia coli isolate RH06|T1-C24 cultured from Cattle faeces sample
SRR23891545	SRX19703353	SRS6484542	SRP277193	PRJNA629351	Clostridioides difficile	CDI-17	PACBIO_SMRT	Sequel	321387373.0	68136.0	WGS	GENOMIC	SINGLE	PacBIO sequencing of AR-1083
SRR901716	SRX306485	SRS445428	SRP026066	PRJNA203578	Mycobacterium intracellulare MIN_052511_1280	MIN_052511_1280	PACBIO_SMRT	PacBio RS	550172970.0	81741.0	WGS	GENOMIC	SINGLE	
ERR5214361	ERX5017817	ERS5599736	ERP126298	PRJEB42440	Klebsiella pneumoniae		OXFORD_NANOPORE	MinION	307741898.0	83436.0	WGS	GENOMIC	SINGLE	MinION sequencing
SRR13976552	SRX10354211	SRS8472499	SRP310834	PRJNA383319	Xanthomonas citri pv. phaseoli var. fuscans	CFBP7767	PACBIO_SMRT	PacBio RS II	1285472522.0	163482.0	WGS	GENOMIC	SINGLE	CFBP7767R PacBio genome sequencing
ERR11262543	ERX10670041	ERS14949150	ERP144617	PRJEB59568	Klebsiella pneumoniae		OXFORD_NANOPORE	GridION	206191243.0	55630.0	WGS	GENOMIC	SINGLE	GridION sequencing
SRR12395174	SRX8893723	SRS7152745	SRP276100	PRJNA650381	Mycobacterium tuberculosis		OXFORD_NANOPORE	MinION	732312280.0	548527.0	WGS	GENOMIC	SINGLE	Nanopore TB WGS
SRR15076401	SRX11386426	SRS9431076	SRP040661	PRJNA231221	Providencia rettgeri	FDAARGOS 1449	PACBIO_SMRT	Sequel II	7542697581.0	639198.0	WGS	GENOMIC	SINGLE	
SRR31305306	SRX26683469	SRS23176092	SRP544419	PRJNA1184385	Sellimonas catena	JCM 35622	OXFORD_NANOPORE	GridION	1094610856.0	140072.0	WGS	GENOMIC	SINGLE	JCM35622
SRR498016	SRX148634	SRS281882	SRP013241	PRJNA73829	Vibrio cholerae		PACBIO_SMRT	PacBio RS	2060882.0	5787.0	WGS	GENOMIC	SINGLE	
SRR15827871	SRX12119927	SRS10099963	SRP336307	PRJNA761884	Klebsiella pneumoniae	X_98	PACBIO_SMRT	PacBio RS II	1213370909.0	143468.0	WGS	GENOMIC	SINGLE	WGS of Klebsiella pneumoniae: sample WFA85
SRR32187668	SRX27529911	SRS23947008	SRP560856	PRJNA1217328	Acinetobacter baumannii	Pathogenic	OXFORD_NANOPORE	GridION	709772163.0	203717.0	WGS	GENOMIC	SINGLE	Acinetobacter baumannii (10857_Sample_4)
SRR12935277	SRX9398998	SRS7616987	SRP040661	PRJNA231221	Campylobacter ureolyticus	FDAARGOS_1102	PACBIO_SMRT	PacBio RS	344736603.0	163482.0	WGS	GENOMIC	SINGLE	
SRR24335780	SRX20128631	SRS6515299	SRP257804	PRJNA626430	Citrobacter freundii	CF12	PACBIO_SMRT	PacBio RS II	268884646.0	38654.0	WGS	GENOMIC	SINGLE	Whole-genome sequencing with long-reads of strain CF12
SRR26543732	SRX22245649	SRS19299466	SRP468749	PRJNA1030312	Streptomyces scabiei	LBUM848	PACBIO_SMRT	Sequel II	1823950706.0	255614.0	WGS	GENOMIC	SINGLE	LBUM848 PacBio sequencing reads
SRR35851004	SRX30900250	SRS26900610	SRP636871	PRJNA1334387	Microbulbifer sp. ABM4_008	ABM4_008	OXFORD_NANOPORE	GridION	1310170881.0	244673.0	WGS	GENOMIC	SINGLE	WGS of Microbulbifer sp. : Marine biofilm
SRR11393287	SRX7972395	SRS6357297	SRP101993	PRJNA329489	Sinorhizobium meliloti	RCAM1750	OXFORD_NANOPORE	MinION	774281771.0	46492.0	WGS	GENOMIC	SINGLE	Sinorhizobium meliloti RCAM1750
SRR13957704	SRX10335973	SRS8455517	SRP300861	PRJNA663900	Enterococcus sp. AZ009	AZ009	OXFORD_NANOPORE	GridION	840193528.0	485297.0	WGS	GENOMIC	SINGLE	sequencing of enterococcal diversity
ERR13328900	ERX12699865	ERS20388571	ERP160519	PRJEB75963	Priestia endophytica		PACBIO_SMRT	PacBio RS II	1106678325.0	79967.0	WGS	GENOMIC	SINGLE	Raw reads: CIRCLES_WGS19_RUN1
SRR12280662	SRX8784461	SRS7053158	SRP272861	PRJNA646575	Bacteroides thetaiotaomicron		OXFORD_NANOPORE	GridION	939047561.0	82364.0	WGS	GENOMIC	SINGLE	WGS  of Bacteroides fragilis group clinical isolates
SRR28415546	SRX24019889	SRS20798051	SRP496639	PRJNA1090044	Staphylococcus aureus	TUM20816	OXFORD_NANOPORE	MinION	196158815.0	53217.0	WGS	GENOMIC	SINGLE	ONT sequencing of Staphylococcus aureus TUM20816
SRR31442420	SRX26811230	SRS23296435	SRP546965	PRJNA1118145	Pseudodesulfovibrio sp. 7M6	7M6	OXFORD_NANOPORE	GridION	377984162.0	108476.0	WGS	GENOMIC	SINGLE	Genome of Pseudodesulfovibrio sp 7M6
SRR287777	SRX078301	SRS212386	SRP007207	PRJNA68253	Escherichia coli		PACBIO_SMRT	PacBio RS	168897157.0	81741.0	WGS	GENOMIC	SINGLE	Whole Genome Sequencing for C682-09
SRR31083736	SRX26467146	SRS22981833	SRP540300	PRJNA1176323	Pasteurella multocida	16180823	OXFORD_NANOPORE	MinION	30805940.0	6092.0	WGS	GENOMIC	SINGLE	DNA-Seq of Pasteurella multocida16180823
SRR23347633	SRX19289400	SRS16690584	SRP421131	PRJNA931653	Escherichia coli K-12	K-12	OXFORD_NANOPORE	GridION	23637104.0	4000.0	WGS	GENOMIC	SINGLE	Nanopore sequencing of Ciprofloxacin challenged E. coli
ERR704375	ERX648638	ERS530413	ERP005928	PRJEB6403	Citrobacter koseri	NCTC10768	PACBIO_SMRT	PacBio RS	915217846.0	163482.0	WGS	GENOMIC	SINGLE	PacBio RS sequencing
ERR8441303	ERX8008212	ERS10448307	ERP017368	PRJEB15555	Mycobacterium tuberculosis		OXFORD_NANOPORE	MinION	238565771.0	99367.0	WGS	GENOMIC	SINGLE	MinION sequencing
SRR13386090	SRX9805339	SRS7989414	SRP300861	PRJNA663900	Enterococcus sp. DIV0501	DIV0501	OXFORD_NANOPORE	GridION	1290413533.0	176428.0	WGS	GENOMIC	SINGLE	Zoo 3 Enterococcus Diversity Genome sequencing and assembly
SRR36920047	SRX31886489	SRS27841337	SRP665298	PRJNA1403646	Streptococcus parasanguinis	not applicable	OXFORD_NANOPORE	MinION	187721761.0	111200.0	WGS	GENOMIC	SINGLE	Long Reads for The Genomic Landscape of Head and Neck Cancer-associated Streptococci
SRR31598668	SRX26963817	SRS23433528	SRP549287	PRJNA1185485	Escherichia coli	904	OXFORD_NANOPORE	PromethION	1001718236.0	142536.0	WGS	GENOMIC	SINGLE	WTP-NoR-Nov-barcode58
SRR10208276	SRX6928195	SRS5452629	SRP223650	PRJNA574878	Escherichia coli	K-12	PACBIO_SMRT	PacBio RS II	116000000.0	58000.0	WGS	GENOMIC	SINGLE	Simulated 2 kbp PacBio long reads from E. coli K-12
SRR5829176	SRX3006585	SRS2357073	SRP111977	PRJNA364297	Burkholderia sp. JKS000303	JKS000303	PACBIO_SMRT	PacBio RS II	696578282.0	308290.0	WGS	GENOMIC	SINGLE	Burkholderia sp. JKS000303
ERR14225738	ERX13626014	ERS18294162	ERP156237	PRJEB71438	Cellulomonas persica		OXFORD_NANOPORE	MinION			WGS	GENOMIC	SINGLE	MinION sequencing
SRR31599434	SRX26964248	SRS23433961	SRP549287	PRJNA1185485	Escherichia coli	879	OXFORD_NANOPORE	PromethION	551456352.0	83723.0	WGS	GENOMIC	SINGLE	WTP-NoR-Nov-barcode12
SRR35851072	SRX30900182	SRS26900561	SRP636871	PRJNA1334387	Anaerobacillus sp. ABA4_114	ABA4_114	OXFORD_NANOPORE	GridION	1518052362.0	294449.0	WGS	GENOMIC	SINGLE	WGS of Anaerobacillus sp947387515: Marine biofilm
SRR18699909	SRX14800876	SRS12558875	SRP369014	PRJNA696029	Kribbella aluminosa	DSM 18824	PACBIO_SMRT	Sequel II	6843495852.0	957554.0	WGS	GENOMIC	SINGLE	Kribbella aluminosa DSM 18824
SRR33769270	SRX28991499	SRS22455733	SRP444583	PRJNA962904	Escherichia coli		PACBIO_SMRT	Sequel II	216050758.0	13583.0	WGS	GENOMIC	SINGLE	PacBio sequencing of AH0346HE1 for ARCH 2
SRR19184020	SRX15249148	SRS12981650	SRP375062	PRJNA837734	Listeria monocytogenes	81-784	OXFORD_NANOPORE	MinION	121363986.0	15850.0	WGS	GENOMIC	SINGLE	Nanopore sequencing of Listeria monocytogenes
SRR10520835	SRX7205584	SRS5710291	SRP231922	PRJNA345668	Clostridium beijerinckii	DJ034	PACBIO_SMRT	PacBio RS II	895883991.0	296482.0	WGS	GENOMIC	SINGLE	Clostridium beijerinckii DJ034
SRR30574413	SRX25997444	SRS22571212	SRP531125	PRJNA1155659	Vibrio parahaemolyticus	VB18PR-0131-2_long	OXFORD_NANOPORE	MinION	624797108.0	203484.0	WGS	GENOMIC	SINGLE	Oxford Nanopore reads of Vibrio
SRR32364661	SRX27699485	SRS21131356	SRP444583	PRJNA962904	Escherichia coli		PACBIO_SMRT	Sequel II	199103587.0	8424.0	WGS	GENOMIC	SINGLE	PacBio sequencing of AS6498E1 for ARCH 1.0
SRR34967509	SRX30086728	SRS26152902	SRP608514	PRJNA1305037	Escherichia coli	MI_KPC_445	OXFORD_NANOPORE	PromethION	401405076.0	52814.0	WGS	GENOMIC	SINGLE	KPC CRE collection from state of Michigan
SRR21416047	SRX17420441	SRS13526060	SRP361569	PRJNA768416	Staphylococcus sp. FSL W8-1268	FSL W8-1268	OXFORD_NANOPORE	MinION	203953397.0	54820.0	WGS	GENOMIC	SINGLE	WGS of Bacilli
SRR35275930	SRX30377993	SRS26418517	SRP617898	PRJNA1311294	Bacillus subtilis	DSM 10	OXFORD_NANOPORE	PromethION	1639214348.0	196418.0	WGS	GENOMIC	SINGLE	WGS of Bacillus subtilis: mutant evolved by exposure to pyrithiamine hydrobromide
SRR33423016	SRX28663958	SRS24931757	SRP583039	PRJNA1258867	Pantoea stewartii subsp. stewartii	Not available	OXFORD_NANOPORE	MinION	842716445.0	174077.0	WGS	GENOMIC	SINGLE	Pss_1990_Nanopore
SRR36067989	SRX31114189	SRS27072670	SRP644837	PRJNA1364846	Staphylococcus hominis	SHOMINIS	OXFORD_NANOPORE	GridION	163869798.0	18651.0	WGS	GENOMIC	SINGLE	Staphylococcus faecalis, DBT kit, 36-plex and 100 ng DNA, replicate 2
SRR3820049	SRX1921717	SRS1551272	SRP078172	PRJNA234887	Clostridium sp. KNHs205	KNHs205	PACBIO_SMRT	PacBio RS	167914335.0	62346.0	WGS	GENOMIC	SINGLE	Clostridium sp. KNHs205
SRR12395171	SRX8893726	SRS7152748	SRP276100	PRJNA650381	Mycobacterium tuberculosis		OXFORD_NANOPORE	MinION	859508486.0	651617.0	WGS	GENOMIC	SINGLE	Nanopore TB WGS
SRR9668384	SRX6428965	SRS5084188	SRP040661	PRJNA231221	Bacillus thuringiensis	FDAARGOS_795	PACBIO_SMRT	PacBio RS	1072193823.0	163482.0	WGS	GENOMIC	SINGLE	
SRR32179914	SRX27525116	SRS23942901	SRP546704	PRJNA1189028	Staphylococcus epidermidis	PS03162	OXFORD_NANOPORE	MinION	30778412.0	24661.0	WGS	GENOMIC	SINGLE	WGS of bacterial isolate: Environmental isolate
SRR29931815	SRX25425685	SRS22086156	SRP521707	PRJNA1139194	Shigella sonnei	3.6.1.1.2	OXFORD_NANOPORE	GridION	377532121.0	98064.0	WGS	GENOMIC	SINGLE	Nanopore sequencing of Shigella
SRR34687343	SRX29822982	SRS25926492	SRP602975	PRJNA1288210	Fructobacillus sp. ESL1105	ESL1105	OXFORD_NANOPORE	GridION	240713324.0	196000.0	WGS	GENOMIC	SINGLE	ONT WGS of Fructobacillus isolated from stingless bee gut
SRR14697117	SRX11035202	SRS9105632	SRP322068	PRJNA728548	Bacillus amyloliquefaciens	SN16-1	PACBIO_SMRT	Sequel	1535501471.0	239617.0	WGS	GENOMIC	SINGLE	Whole gene sequencing of Bacillus amyloliquefaciens
ERR581143	ERX539230	ERS445050	ERP005928	PRJEB6403	Clostridioides difficile	NCTC13307	PACBIO_SMRT	PacBio RS	206396279.0	163482.0	WGS	GENOMIC	SINGLE	PacBio RS sequencing
SRR28777749	SRX24342797	SRS20831691	SRP497546	PRJNA1091452	Klebsiella pneumoniae	KP13-PS	OXFORD_NANOPORE	MinION	719443661.0	1133972.0	WGS	GENOMIC	SINGLE	ONT performance study sequencing of K. pneumoniae
SRR32729613	SRX28016005	SRS24377825	SRP570798	PRJNA1236865	Escherichia coli	TUM22769	OXFORD_NANOPORE	MinION	413715594.0	52427.0	WGS	GENOMIC	SINGLE	"=""ONT sequencing using ""&[1]SRA_data!$J$2&"" of ""&[1]SRA_data!B13"
SRR30342826	SRX25801323	SRS22432799	SRP528120	PRJNA1150149	Staphylococcus aureus	ST8	OXFORD_NANOPORE	MinION	91453215.0	13130.0	WGS	GENOMIC	SINGLE	ONT long-read sequencing of potential healthcare transmission pathogens
SRR26465441	SRX22169516	SRS19227367	SRP467862	PRJNA1000275	Staphylococcus aureus	2004N07-109	OXFORD_NANOPORE	MinION	169588475.0	54615.0	WGS	GENOMIC	SINGLE	VP72
DRR572497	DRX555964	DRS426411	DRP012251	PRJDB17574	Escherichia coli	YK-IS1MA-L11-4_G08	OXFORD_NANOPORE	MinION	17688181.0	1600.0	WGS	GENOMIC	SINGLE	nanopore-seq of SAMD00748228 L11-4_G8
ERR15284549	ERX14690383	ERS711308	ERP176771	PRJEB93892	Escherichia coli	MSB1_3I	OXFORD_NANOPORE	MinION	796958655.0	402461.0	WGS	GENOMIC	SINGLE	MinION sequencing
ERR15465375	ERX14869270	ERS26347547	ERP179079	PRJEB96336	Klebsiella pneumoniae	EuSCAPE_RO024	OXFORD_NANOPORE	GridION	248268191.0	89689.0	WGS	GENOMIC	SINGLE	GridION sequencing
SRR31583422	SRX26948832	SRS23420294	SRP548954	PRJNA1193326	Campylobacter jejuni		OXFORD_NANOPORE	MinION	236495399.0	30405.0	WGS	GENOMIC	SINGLE	Long-read Nanopore-based WGS characterization of antimicrobial resistant Campylobacter jejuni and Campylobacter coli isolates from humans, animals and food products in Northern Spain within a One Health approach
ERR13770161	ERX13170962	ERS21039349	ERP164181	PRJEB80140	Acinetobacter baumannii		OXFORD_NANOPORE	MinION	347398006.0	64694.0	WGS	GENOMIC	SINGLE	Raw reads: 10_GEN12924
SRR28415520	SRX24019915	SRS20798077	SRP496639	PRJNA1090044	Staphylococcus aureus	TUM22749	OXFORD_NANOPORE	MinION	453092736.0	100935.0	WGS	GENOMIC	SINGLE	ONT sequencing of Staphylococcus aureus TUM22749
SRR34967105	SRX30086460	SRS26152729	SRP608514	PRJNA1305037	Escherichia coli	MI_KPC_179	OXFORD_NANOPORE	PromethION	238667455.0	55587.0	WGS	GENOMIC	SINGLE	KPC CRE collection from state of Michigan
SRR22190671	SRX18169153	SRS15668442	SRP385218	PRJNA856428	Escherichia coli	Ecoli_td200_sim_nano	OXFORD_NANOPORE	PromethION	1163285577.0	77509.0	WGS	GENOMIC	SINGLE	Nanopore sequncing of Escherichia coli str. K12 substr. MG1655: simulated data
SRR10698360	SRX7374853	SRS5832728	SRP237730	PRJNA595776	Clavibacter michiganensis subsp. michiganensis	MSF322	OXFORD_NANOPORE	MinION	1489347710.0	76862.0	WGS	GENOMIC	SINGLE	WGS of Clavibacter michiganensis subsp. michiganensis MSF322
ERR9030280	ERX8573690	ERS10792324	ERP133548	PRJEB49093	Mycobacterium tuberculosis	Lineage 2.2.1	OXFORD_NANOPORE	MinION	661730240.0	146991.0	WGS	GENOMIC	SINGLE	MinION sequencing; Raw reads: R22601-nanopore
SRR16525226	SRX12727888	SRS10676822	SRP342584	PRJNA768992	Salmonella enterica subsp. enterica serovar Heidelberg	SA02DT10168701	OXFORD_NANOPORE	MinION	234397997.0	57532.0	WGS	GENOMIC	SINGLE	Evaluation of commercial DNA extraction kits for implementation of rapid Nanopore
SRR28777806	SRX24342740	SRS20831646	SRP497546	PRJNA1091452	Listeria monocytogenes	L-04	OXFORD_NANOPORE	MinION	620864179.0	167123.0	WGS	GENOMIC	SINGLE	ONT performance study sequencing of L. monocytogenes
SRR16525767	SRX12728232	SRS10336955	SRP357534	PRJNA801415	Klebsiella pneumoniae	11	OXFORD_NANOPORE	GridION	898717778.0	343339.0	WGS	GENOMIC	SINGLE	Extensive diversification and dissemination of blaNDM carbapenemase plasmids in Enterobacterales in Singapore 2010-2015
SRR387186	SRX109927	SRS281278	SRP001087	PRJNA40075	Escherichia coli str. K-12 substr. MG1655	K-12	PACBIO_SMRT	PacBio RS	237552689.0	81741.0	WGS	GENOMIC	SINGLE	Whole Genome Sequencing and Assembly
ERR5646197	ERX5361697	ERS6162964	ERP128070	PRJEB44065	Bacillus velezensis		OXFORD_NANOPORE	MinION	1739007378.0	1472000.0	WGS	GENOMIC	SINGLE	MinION sequencing; Raw reads: MinION_WGS_Crystal-1
SRR386096	SRX109801	SRS183306	SRP006189	PRJNA52149	Klebsiella oxytoca 10-5248	10-5248	PACBIO_SMRT	PacBio RS	123411671.0	81741.0	WGS	GENOMIC	SINGLE	Whole Genome Sequencing and Assembly
DRR572388	DRX555855	DRS426363	DRP012251	PRJDB17574	Escherichia coli	YK-IS1MA-L06_Anc	OXFORD_NANOPORE	MinION	23460637.0	4352.0	WGS	GENOMIC	SINGLE	nanopore-seq of SAMD00748179 L06_Anc
SRR8054534	SRX4884191	SRS3932947	SRP165734	PRJNA496461	Klebsiella pneumoniae	KLPN_29	OXFORD_NANOPORE	MinION	3974679625.0	407179.0	WGS	GENOMIC	SINGLE	nanopore seq of klebsiella pneumoniae
DRR572525	DRX555992	DRS426381	DRP012251	PRJDB17574	Escherichia coli	YK-IS1MA-L04-2_G08	OXFORD_NANOPORE	MinION	96373621.0	8231.0	WGS	GENOMIC	SINGLE	nanopore-seq of SAMD00748198 L04-2_G8
SRR2056053	SRX1033566	SRS937225	SRP058356	PRJNA283315	Xanthomonas oryzae pv. oryzicola	B8-12	PACBIO_SMRT	PacBio RS II	395205619.0	163482.0	WGS	GENOMIC	SINGLE	Xanthomonas oryzae pv. oryzicola B8-12
SRR11060106	SRX7705996	SRS6129816	SRP248096	PRJNA585397	Serratia fonticola	102RA	PACBIO_SMRT	Sequel	137391826.0	46088.0	WGS	GENOMIC	SINGLE	Serratia glossinae 102RA
SRR34967175	SRX30086390	SRS26152678	SRP608514	PRJNA1305037	Enterobacter hormaechei	MI_KPC_1046	OXFORD_NANOPORE	PromethION	500007982.0	45614.0	WGS	GENOMIC	SINGLE	KPC CRE collection from state of Michigan
SRR25293806	SRX21037401	SRS18309817	SRP449670	PRJNA995064	Myroides odoratimimus	B8-1C	OXFORD_NANOPORE	MinION	195841538.0	22873.0	WGS	GENOMIC	SINGLE	genome sequencing and assembly
SRR1792902	SRX868579	SRS348552	SRP014062	PRJNA52491	Salmonella enterica subsp. enterica serovar Enteritidis str. CDC_2010K_0968	CDC_2010K_0968	PACBIO_SMRT	PacBio RS II	124092667.0	81741.0	WGS	GENOMIC	SINGLE	Whole genome shotgun sequencing of Salmonella enterica subsp. enterica serovar Enteritidis str. CDC_2010K-0968 by Pacific Biosciences SMRT
SRR1608968	SRX729659	SRS718990	SRP040661	PRJNA231221	Enterobacter hormaechei	FDAARGOS_68	PACBIO_SMRT	PacBio RS	973002037.0	163482.0	WGS	GENOMIC	SINGLE	
ERR2929701	ERX2932588	ERS2912829	ERP112289	PRJEB29930	Escherichia coli	MS14384	PACBIO_SMRT	PacBio RS	1922535584.0	163482.0	WGS	GENOMIC	SINGLE	PacBio RS sequencing
SRR8769335	SRX5559476	SRS4523220	SRP189083	PRJNA528470	Burkholderia pseudomallei	Yap5	PACBIO_SMRT	PacBio RS II	1458412143.0	163482.0	WGS	GENOMIC	PAIRED	Burkholderia pseudomallei
SRR21416016	SRX17420472	SRS13526122	SRP361569	PRJNA768416	Paenibacillus sp. FSL H7-0714	FSL H7-0714	OXFORD_NANOPORE	MinION	448776691.0	126734.0	WGS	GENOMIC	SINGLE	WGS of Bacilli
SRR34973660	SRX30092665	SRS26157686	SRP608514	PRJNA1305037	Raoultella ornithinolytica	MI_KPC_990	OXFORD_NANOPORE	PromethION	481260170.0	124272.0	WGS	GENOMIC	SINGLE	KPC CRE collection from state of Michigan
SRR33768399	SRX28991041	SRS22396869	SRP444583	PRJNA962904	Escherichia coli		PACBIO_SMRT	Sequel II	444742759.0	26732.0	WGS	GENOMIC	SINGLE	PacBio sequencing of A030007HE1 for ARCH 2
SRR19165759	SRX15232003	SRS12965155	SRP374671	PRJNA836696	Klebsiella pneumoniae	ST307	OXFORD_NANOPORE	GridION	579639569.0	125494.0	WGS	GENOMIC	SINGLE	ONT long-read sequencing of carbapenem non-susceptible Enterobacterales
SRR29316570	SRX24833573	SRS21545403	SRP512379	PRJNA1121190	Vibrio cholerae	130Vc10	OXFORD_NANOPORE	PromethION	410745501.0	73310.0	WGS	GENOMIC	SINGLE	WGS of Vcholerae isolates
ERR5984465	ERX5624188	ERS6796380	ERP129449	PRJEB45354	Escherichia coli		OXFORD_NANOPORE	GridION	190491306.0	21370.0	WGS	GENOMIC	SINGLE	GridION sequencing; Raw reads: ONT_30345_1#36
SRR25637834	SRX21364468	SRS18600539	SRP454894	PRJNA1005239	Escherichia coli str. K-12 substr. MG1655	K-12	OXFORD_NANOPORE	MinION	359786808.0	107426.0	WGS	GENOMIC	SINGLE	WGS of Escherichia coli MG1655 evolved in propranolol replicate 2 long read
SRR15140937	SRX11448548	SRS9488523	SRP295672	PRJNA681856	Salmonella enterica subsp. arizonae	LHICA_AZ23	OXFORD_NANOPORE	MinION	26778109.0	4000.0	WGS	GENOMIC	SINGLE	Salmonella AZ23
SRR21415882	SRX17419998	SRS14917007	SRP361569	PRJNA768416	Paenibacillus sp. FSL K6-1330		OXFORD_NANOPORE	MinION	771671154.0	148022.0	WGS	GENOMIC	SINGLE	WGS of Bacilli
SRR29316793	SRX24833350	SRS21545181	SRP512379	PRJNA1121190	Vibrio cholerae	136Vc08	OXFORD_NANOPORE	PromethION	751900426.0	125957.0	WGS	GENOMIC	SINGLE	WGS of Vcholerae isolates
SRR30883004	SRX26287235	SRS22816286	SRP536548	PRJNA287738	Megasphaera hexanoica	MH	PACBIO_SMRT	Sequel IIe	331500498.0	45266.0	WGS	GENOMIC	SINGLE	MH_PacBio HiFi
SRR4052260	SRX2041822	SRS1523544	SRP077022	PRJNA186466	Desulfovibrio sp. DMSS-1	DMSS-1	PACBIO_SMRT	PacBio RS	213100818.0	83464.0	WGS	GENOMIC	SINGLE	Desulfovibrio glucosivorans DMSS-1
ERR5295531	ERX5085156	ERS5649929	ERP126298	PRJEB42440	Klebsiella pneumoniae		OXFORD_NANOPORE	GridION	587822366.0	59238.0	WGS	GENOMIC	SINGLE	GridION sequencing
SRR21472668	SRX17476537	SRS15029789	SRP396115	PRJNA868296	Delftia tsuruhatensis	GD03927	OXFORD_NANOPORE	MinION	310056923.0	25328.0	WGS	GENOMIC	SINGLE	WGS of Delftia tsuruhatensis
SRR14757246	SRX11090755	SRS9156128	SRP323170	PRJNA732579	Staphylococcus aureus	323	PACBIO_SMRT	Sequel	619455311.0	120834.0	WGS	GENOMIC	SINGLE	WGS of Staphylococcus aureus: human skin
SRR13380268	SRX9803302	SRS7987576	SRP300808	PRJNA649533	Salmonella enterica		OXFORD_NANOPORE	GridION	202388294.0	12157.0	WGS	GENOMIC	SINGLE	ISF salmonella
ERR11049006	ERX10495797	ERS14796237	ERP145810	PRJEB60752	Escherichia coli		OXFORD_NANOPORE	MinION	452740649.0	94869.0	WGS	GENOMIC	SINGLE	Raw reads: IMT44724_[Oxford_Nanopore]
SRR4181387	SRX2142623	SRS1674274	SRP086996	PRJNA303806	Agrococcus carbonis	DSM 22965	PACBIO_SMRT	PacBio RS	572056535.0	145228.0	WGS	GENOMIC	SINGLE	Agrococcus carbonis DSM 22965
SRR16940883	SRX13132834	SRS11066461	SRP346006	PRJNA554638	Escherichia coli	ESBL01	OXFORD_NANOPORE	MinION	633380854.0	71786.0	WGS	GENOMIC	SINGLE	Nanopore of ESBL producing Escherichia coli
SRR25437096	SRX21170943	SRS18432404	SRP451748	PRJNA999236	Ralstonia mannitolilytica		OXFORD_NANOPORE	MinION	11913183.0	4000.0	WGS	GENOMIC	SINGLE	WGS of Ralstonia mannitolilytica: patient hemoculture
SRR29384798	SRX24898871	SRS21605128	SRP512887	PRJNA991498	Comamonas testosteroni		PACBIO_SMRT	Sequel II	1239971845.0	120510.0	WGS	GENOMIC	SINGLE	Long-read sequencing of Comamonas testosteroni, Isolate 1 of Microcosm 1 of condition CAtCtMl
SRR13575328	SRX9973535	SRS8145954	SRP303741	PRJNA695586	Streptococcus pyogenes	M4C20	OXFORD_NANOPORE	MinION	3413819.0	4000.0	WGS	GENOMIC	SINGLE	Whole genome sequence of Streptococcus pyogenes strain M4C20
SRR12825962	SRX9293600	SRS7519938	SRP040661	PRJNA231221	Escherichia coli	FDAARGOS_1059	PACBIO_SMRT	PacBio RS	1027539028.0	163482.0	WGS	GENOMIC	SINGLE	
SRR31540913	SRX26908011	SRS23387470	SRP548173	PRJNA1190675	Escherichia coli	The same strain as the one under SRA accession SRR6052778	OXFORD_NANOPORE	MinION	1103060538.0	141474.0	WGS	GENOMIC	SINGLE	ONT of TAS229
SRR24807263	SRX20579482	SRS17881471	SRP338930	PRJNA766641	Mycobacterium tuberculosis	IDR 2100090500	OXFORD_NANOPORE	MinION	39512258.0	26163.0	WGS	GENOMIC	SINGLE	MinION sequencing of TB isolates
SRR13575316	SRX9973546	SRS8145954	SRP303741	PRJNA695586	Streptococcus pyogenes	M4C20	OXFORD_NANOPORE	MinION	3344256.0	4000.0	WGS	GENOMIC	SINGLE	Whole genome sequence of Streptococcus pyogenes strain M4C20
SRR34611029	SRX29752282	SRS25859204	SRP602274	PRJNA1293863	Pseudomonas aeruginosa	PAO1 GCA_000006765.1	PACBIO_SMRT	Sequel	521262343.0	227585.0	WGS	GENOMIC	SINGLE	Pseudomoans aeruginosa PAO1, 5 generations post 43C growth, replicate 3
SRR32250909	SRX27588952	SRS20831703	SRP497546	PRJNA1091452	Staphylococcus aureus	SA72-PS	OXFORD_NANOPORE	MinION	610148107.0	202884.0	WGS	GENOMIC	SINGLE	native ONT data from Staphylococcus aureus
SRR24062757	SRX19864118	SRS17220140	SRP430807	PRJNA952137	Staphylococcus aureus	MRSA-USA300	OXFORD_NANOPORE	MinION	373915831.0	114356.0	WGS	GENOMIC	SINGLE	Long read Illumina sequencing of Staphylococcus aureus MRSA-USA300
SRR30734843	SRX26137712	SRS22699460	SRP532514	PRJNA1160826	Staphylococcus haemolyticus		OXFORD_NANOPORE	MinION	577114942.0	125625.0	WGS	GENOMIC	SINGLE	TR
SRR30896534	SRX26300035	SRS22828756	SRP536878	PRJNA1134622	Escherichia coli	OXEC-325	OXFORD_NANOPORE	MinION	36567925.0	7559.0	WGS	GENOMIC	SINGLE	OXEC-325
SRR15989175	SRX12277692	SRS9999112	SRP357534	PRJNA801415	Klebsiella pneumoniae	151	OXFORD_NANOPORE	GridION	830376672.0	70776.0	WGS	GENOMIC	SINGLE	Whole Genome Sequencing of Carbapenemase-producing Enterobacterales (CPE)
ERR2025970	ERX1744632	ERS1382240	ERP017465	PRJEB15636	Escherichia coli str. K-12 substr. MG1655	K-12	OXFORD_NANOPORE	unspecified	379977892.0	36539.0	WGS	GENOMIC	SINGLE	unspecified sequencing
ERR8007908	ERX7573577	ERS9899404	ERP131998	PRJEB47698	Staphylococcus aureus		OXFORD_NANOPORE	MinION	89635490.0	62966.0	WGS	GENOMIC	SINGLE	MinION sequencing
SRR31943992	SRX27300986	SRS23742466	SRP556326	PRJNA1190092	Escherichia	missing	PACBIO_SMRT	PacBio RS II	124802580.0	25157.0	WGS	GENOMIC	SINGLE	Wastewater sample KH2_22
SRR21416068	SRX17420420	SRS13526134	SRP361569	PRJNA768416	Staphylococcus sp. FSL W8-0097	FSL W8-0097	OXFORD_NANOPORE	MinION	501307720.0	84781.0	WGS	GENOMIC	SINGLE	WGS of Bacilli
SRR16494727	SRX12697724	SRS10647673	SRP342236	PRJNA769678	Corynebacterium uberis	17M2518	PACBIO_SMRT	Sequel	378582637.0	51603.0	WGS	GENOMIC	SINGLE	Pacbio of Corynebacterium sp.: 17M2518
SRR10918363	SRX7585774	SRS6019431	SRP051949	PRJNA271899	Klebsiella pneumoniae	UCI-CRE-247	OXFORD_NANOPORE	GridION	687738559.0	105747.0	WGS	GENOMIC	SINGLE	Sequencing of Carbapenem resistant bacteria
SRR35513823	SRX30589541	SRS26617969	SRP620300	PRJNA1328464	Escherichia coli	GPT22-004	OXFORD_NANOPORE	GridION	212396501.0	46762.0	WGS	GENOMIC	SINGLE	Escherichia coli, MCB kit, replicate 3, sequence replicate 1
SRR24139924	SRX19938481	SRS17287189	SRP247747	PRJNA604975	Escherichia coli	ox_bsi_565	OXFORD_NANOPORE	GridION	264043546.0	142987.0	WGS	GENOMIC	SINGLE	oxford_bsi
SRR8534256	SRX5336748	SRS4330025	SRP183771	PRJNA519701	Krasilnikovia cinnamomea	DSM 45162	PACBIO_SMRT	Sequel	1425144861.0	544118.0	WGS	GENOMIC	SINGLE	Krasilnikovia cinnamomea DSM 45162
DRR572679	DRX556146	DRS426421	DRP012251	PRJDB17574	Escherichia coli	YK-IS1MA-L03-2_G20	OXFORD_NANOPORE	MinION	246772042.0	23780.0	WGS	GENOMIC	SINGLE	nanopore-seq of SAMD00748238 L03-2_G20
SRR34900045	SRX30028313	SRS26098870	SRP607210	PRJNA1297403	Bacillus pumilus	27-H10-BHI	OXFORD_NANOPORE	PromethION	2761161383.0	271707.0	WGS	GENOMIC	SINGLE	WGS of Bacillus subtilis: cell culture
SRR17675155	SRX13838633	SRS11715875	SRP355905	PRJNA798882	Flavobacterium jumunjinense	HME7102(T)	PACBIO_SMRT	PacBio RS II	4694567.0	3.0	WGS	GENOMIC	PAIRED	Assembly of Flavobacterium jumunjinense
SRR34967100	SRX30086465	SRS26152731	SRP608514	PRJNA1305037	Citrobacter freundii	MI_KPC_180	OXFORD_NANOPORE	PromethION	410109747.0	75351.0	WGS	GENOMIC	SINGLE	KPC CRE collection from state of Michigan
ERR10499746	ERX10017028	ERS14248200	ERP142363	PRJEB57392	Escherichia coli		OXFORD_NANOPORE	MinION	605271268.0	1005434.0	WGS	GENOMIC	PAIRED	MinION paired end sequencing
SRR35556803	SRX30631257	SRS19620919	SRP150360	PRJNA475751	Staphylococcus aureus	MRSA11414	OXFORD_NANOPORE	MinION	522096863.0	84853.0	WGS	GENOMIC	SINGLE	WGS Sequencing of Staphylococcus aureus
ERR2532372	ERX2550793	ERS2419180	ERP005928	PRJEB6403	Legionella dresdenensis	NCTC13707	PACBIO_SMRT	PacBio RS	863818209.0	163482.0	WGS	GENOMIC	SINGLE	PacBio RS sequencing
SRR15031864	SRX11343515	SRS9383692	SRP326726	PRJNA737600	Streptomyces sp. GMY02	GMY02	OXFORD_NANOPORE	GridION	6345662.0	4000.0	WGS	GENOMIC	SINGLE	WGS Streptomyces sp. GMY02
ERR3685868	ERX3675472	ERS4047669	ERP114207	PRJEB31632	bacterium		OXFORD_NANOPORE	GridION	467036305.0	66477.0	WGS	GENOMIC	SINGLE	GridION sequencing
DRR439537	DRX424711	DRS281812	DRP009609	PRJDB14135	Mycobacterium antarcticum	TUM20985	OXFORD_NANOPORE	MinION	324183854.0	55211.0	WGS	GENOMIC	SINGLE	MinION sequencing of SAMD00573267
ERR1588644	ERX1659290	ERS1183435	ERP005928	PRJEB6403	Salmonella enterica	NCTC6020	PACBIO_SMRT	PacBio RS	1291905144.0	163482.0	WGS	GENOMIC	SINGLE	PacBio RS sequencing
SRR23347550	SRX19289483	SRS16690584	SRP421131	PRJNA931653	Escherichia coli K-12	K-12	OXFORD_NANOPORE	GridION	36201492.0	4000.0	WGS	GENOMIC	SINGLE	Nanopore sequencing of Ciprofloxacin challenged E. coli
SRR26270933	SRX21980453	SRS19033159	SRP464031	PRJNA1000728	Escherichia coli	JM101	OXFORD_NANOPORE	PromethION	59876642.0	4000.0	WGS	GENOMIC	SINGLE	The genome sequence of E. coli JM101
SRR31599403	SRX26964279	SRS23433991	SRP549287	PRJNA1185485	Escherichia coli	977	OXFORD_NANOPORE	PromethION	416187556.0	77446.0	WGS	GENOMIC	SINGLE	wwtp-9n14-barcode45
SRR24726899	SRX20504814	SRS17809930	SRP439388	PRJNA975905	Enterococcus faecium		OXFORD_NANOPORE	MinION	277767272.0	32284.0	WGS	GENOMIC	SINGLE	DNA Sequencing of Enterococcus faecium
SRR10502253	SRX7191280	SRS5697298	SRP230770	PRJNA345951	Kineosphaera limosa	DSM 14548	PACBIO_SMRT	Sequel	349896783.0	67342.0	WGS	GENOMIC	SINGLE	Kineosphaera limosa DSM 14548
SRR30574401	SRX25997456	SRS22571224	SRP531125	PRJNA1155659	Vibrio parahaemolyticus	VB18PR-0173-1_long	OXFORD_NANOPORE	MinION	1083281610.0	273988.0	WGS	GENOMIC	SINGLE	Oxford Nanopore reads of Vibrio
SRR19787771	SRX15831580	SRS13522671	SRP383167	PRJNA851853	Salmonella enterica	2012K-0644_ONT_10X	OXFORD_NANOPORE	GridION	48943789.0	7995.0	WGS	GENOMIC	SINGLE	WGS of Salmonella enterica serovar Enteritidis
SRR30107209	SRX25580133	SRS22231219	SRP486766	PRJNA1070447	Streptococcus pyogenes	Isolate 35	OXFORD_NANOPORE	GridION	233126816.0	38524.0	WGS	GENOMIC	SINGLE	WGS of Streptococcus pyogenes isolate  35
SRR19894759	SRX15937784	SRS13624972	SRP384109	PRJNA853901	Bordetella pertussis	Bp-800630-19	OXFORD_NANOPORE	MinION	729554632.0	87858.0	WGS	GENOMIC	SINGLE	Whole genome sequencing of Bordetella pertussis with Nanopore Q20 kit
SRR9020199	SRX5798294	SRS4729529	SRP195649	PRJNA537957	Streptomyces cinereoruber	DSM 41512	PACBIO_SMRT	Sequel	2100603872.0	531728.0	WGS	GENOMIC	SINGLE	Streptomyces cinereoruber DSM 41512
ERR10488925	ERX10008236	ERS14235826	ERP142385	PRJEB57405	Streptococcus pneumoniae		OXFORD_NANOPORE	MinION	168092391.0	30731.0	WGS	GENOMIC	SINGLE	MinION sequencing
ERR15658872	ERX15063653	ERS26766563	ERP179457	PRJEB96843	Salmonella enterica subsp. enterica serovar Infantis		OXFORD_NANOPORE	MinION	278530450.0	72000.0	WGS	GENOMIC	SINGLE	MinION sequencing
DRR572383	DRX555850	DRS426410	DRP012251	PRJDB17574	Escherichia coli	YK-IS1MA-L11-3_G08	OXFORD_NANOPORE	MinION	3844437.0	462.0	WGS	GENOMIC	SINGLE	nanopore-seq of SAMD00748227 L11-3_G8
DRR572374	DRX555841	DRS426400	DRP012251	PRJDB17574	Escherichia coli	YK-IS1MA-L09-1_G08	OXFORD_NANOPORE	MinION	1864645.0	211.0	WGS	GENOMIC	SINGLE	nanopore-seq of SAMD00748217 L09-1_G8
SRR9732412	SRX6489594	SRS5138384	SRP215929	PRJNA555902	Achromobacter xylosoxidans	mfec-12	OXFORD_NANOPORE	GridION	227865667.0	42819.0	WGS	GENOMIC	SINGLE	Genome sequencing of bacterial strain mfec-12
SRR33769042	SRX28991726	SRS22396698	SRP444583	PRJNA962904	Escherichia coli		PACBIO_SMRT	Sequel II	527349577.0	29897.0	WGS	GENOMIC	SINGLE	PacBio sequencing of A012005HE2 for ARCH 2
SRR29316675	SRX24833468	SRS21545299	SRP512379	PRJNA1121190	Vibrio cholerae	128Vc07	OXFORD_NANOPORE	PromethION	246903742.0	47971.0	WGS	GENOMIC	SINGLE	WGS of Vcholerae isolates
SRR19519863	SRX15572444	SRS13275304	SRP378127	PRJNA819273	Staphylococcus sp. IVB6238	IVB6238	PACBIO_SMRT	Sequel II	1342916510.0	123273.0	WGS	GENOMIC	SINGLE	PacBio Sequel sequencing of camel Staphylococcaceae from the Horn of Africa
SRR386614	SRX109827	SRS004883	SRP001079	PRJNA40077	Cereibacter sphaeroides 2.4.1	2.4.1	PACBIO_SMRT	PacBio RS	22134202.0	60667.0	WGS	GENOMIC	SINGLE	Whole Genome Sequencing and Assembly
SRR6985727	SRX3925591	SRS1739412	SRP133836	PRJNA316321	Staphylococcus aureus	AR_0228	PACBIO_SMRT	PacBio RS	2541774150.0	163482.0	WGS	GENOMIC	SINGLE	
SRR25793422	SRX21515687	SRS8481894	SRP457515	PRJNA1010762	Bacillus cereus		OXFORD_NANOPORE	MinION	993331341.0	277416.0	WGS	GENOMIC	SINGLE	whole-genome sequencing of Bacillus cereus
SRR3756810	SRX1905900	SRS1546709	SRP078099	PRJNA239124	Lactococcus lactis subsp. lactis	511	PACBIO_SMRT	PacBio RS	106628767.0	35562.0	WGS	GENOMIC	SINGLE	Lactococcus lactis subsp. lactis 511
SRR35550329	SRX30624952	SRS26648753	SRP624576	PRJNA1332117	human metagenome		OXFORD_NANOPORE	MinION	117533830.0	113054.0	WGS	GENOMIC	SINGLE	Faecal bacteria
ERR14711322	ERX14112749	ERS23791391	ERP170064	PRJEB86764	Enterococcus faecium		OXFORD_NANOPORE	MinION	324396040.0	141025.0	WGS	GENOMIC	SINGLE	EXP-4-1-2025-03-10_15-27-00
SRR1609075	SRX729755	SRS719068	SRP040661	PRJNA231221	Aeromonas caviae	FDAARGOS_75	PACBIO_SMRT	PacBio RS	1049221090.0	163482.0	WGS	GENOMIC	SINGLE	
SRR13575527	SRX9973334	SRS8145954	SRP303741	PRJNA695586	Streptococcus pyogenes	M4C20	OXFORD_NANOPORE	MinION	2823115.0	4000.0	WGS	GENOMIC	SINGLE	Whole genome sequence of Streptococcus pyogenes strain M4C20
SRR34973741	SRX30093102	SRS26157970	SRP608514	PRJNA1305037	Klebsiella aerogenes	MI_KPC_523	OXFORD_NANOPORE	PromethION	500005453.0	61367.0	WGS	GENOMIC	SINGLE	KPC CRE collection from state of Michigan
SRR15058276	SRX11368584	SRS9414717	SRP237246	PRJNA595047	Klebsiella pneumoniae	C6364	OXFORD_NANOPORE	GridION	3333591194.0	7009957.0	WGS	GENOMIC	SINGLE	kpn
SRR35213206	SRX30317152	SRS26364087	SRP615992	PRJNA1301220	Acinetobacter baumannii	ABO22-H107	OXFORD_NANOPORE	MinION	207067575.0	58884.0	WGS	GENOMIC	SINGLE	Whole geneme sequencing of Acinetobacter baumannii: isolates of the Ab-One study
ERR5353081	ERX5141116	ERS5752930	ERP126298	PRJEB42440	Klebsiella pneumoniae		OXFORD_NANOPORE	MinION			WGS	GENOMIC	SINGLE	MinION sequencing
ERR15686826	ERX15091255	ERS26976572	ERP171481	PRJEB88388	Cupriavidus sp. R-92680	R-92680	OXFORD_NANOPORE	MinION	1171386063.0	259876.0	WGS	GENOMIC	SINGLE	Raw reads: Cupriavidus sp. R-92680
SRR13449132	SRX9862238	SRS8042175	SRP295672	PRJNA681856	Salmonella enterica subsp. salamae	LHICA_SA3	OXFORD_NANOPORE	MinION	28902598.0	4000.0	WGS	GENOMIC	SINGLE	WGS of Salmonella Lhica SA3_17
ERR16064501	ERX15454683	ERS28397636	ERP173262	PRJEB90249	Escherichia coli		OXFORD_NANOPORE	GridION	1757443097.0	414223.0	WGS	GENOMIC	SINGLE	GridION sequencing
ERR6535512	ERX6162349	ERS3604641	ERP113904	PRJEB31355	Streptococcus pneumoniae D39		PACBIO_SMRT	Sequel II	728309138.0	185838.0	WGS	GENOMIC	SINGLE	Sequel II sequencing
SRR24474905	SRX20261323	SRS17592005	SRP436581	PRJNA967113	Citrobacter youngae	CPO452	OXFORD_NANOPORE	MinION	1496854296.0	341001.0	WGS	GENOMIC	SINGLE	WGS of bacterial isolate possessing blaNDM carbapenemase
SRR24962225	SRX20720260	SRS18011700	SRP375375	PRJNA838568	Escherichia coli	OE36NF_ONT	OXFORD_NANOPORE	GridION	1274290663.0	354499.0	WGS	GENOMIC	SINGLE	WGS of Enterics
SRR15989100	SRX12277767	SRS9999046	SRP357537	PRJNA801416	Klebsiella pneumoniae	14	OXFORD_NANOPORE	GridION	1000541506.0	90717.0	WGS	GENOMIC	SINGLE	Whole Genome Sequencing of Carbapenemase-producing Enterobacterales (CPE)
SRR15989090	SRX12277777	SRS9999153	SRP357537	PRJNA801416	Klebsiella pneumoniae	E1212	OXFORD_NANOPORE	GridION	897145526.0	79251.0	WGS	GENOMIC	SINGLE	Whole Genome Sequencing of Carbapenemase-producing Enterobacterales (CPE)
ERR15677727	ERX15082118	ERS26963440	ERP171481	PRJEB88388	Achromobacter kerstersii	R-90030	OXFORD_NANOPORE	MinION	1050170154.0	400189.0	WGS	GENOMIC	SINGLE	Raw reads: Achromobacter kerstersii R-90030
SRR13501387	SRX9913134	SRS8091042	SRP302787	PRJNA693599	Klebsiella oxytoca	CPO121	OXFORD_NANOPORE	MinION	33336505.0	1615.0	WGS	GENOMIC	SINGLE	CPO121_nanopore
SRR921435	SRX314711	SRS452291	SRP026274	PRJNA184140	Salmonella enterica subsp. enterica serovar Typhimurium var. 5- str. CFSAN001921	CFSAN001921	PACBIO_SMRT	PacBio RS	263577034.0	81741.0	WGS	GENOMIC	SINGLE	Whole genome shotgun sequencing of Salmonella enterica subsp. enterica serovar Typhimurium var. 5- str. CFSAN001921 by Pacific Biosciences SMRT
DRR232383	DRX222605	DRS140085	DRP006163	PRJDB8658	Corynebacterium glutamicum	ATCC 31831	PACBIO_SMRT	PacBio RS II	1557115326.0	144465.0	WGS	GENOMIC	SINGLE	PacBio RS II sequencing of SAMD00191681
SRR8776877	SRX5566893	SRS4529916	SRP189296	PRJNA528186	Staphylococcus aureus	UP_1405	OXFORD_NANOPORE	MinION	494407218.0	56899.0	WGS	GENOMIC	SINGLE	UP_1405_nanopore
SRR37184078	SRX32121779	SRS28054739	SRP676055	PRJNA1405938	Klebsiella pneumoniae	2024005107	OXFORD_NANOPORE	MinION	765537084.0	86931.0	WGS	GENOMIC	SINGLE	Hypervirulence-associated genes in Klebsiella pneumoniae
SRR17299238	SRX13476413	SRS11358992	SRP399759	PRJNA857539	Salmonella enterica	AUSMDU00049305	OXFORD_NANOPORE	GridION	846243303.0	105509.0	WGS	GENOMIC	SINGLE	Long read sequencing of Salmonella enterica serovar Typhi
SRR31481142	SRX26849672	SRS23333285	SRP547245	PRJNA1189825	Brucella inopinata	5043	OXFORD_NANOPORE	PromethION	30099840.0	5098.0	WGS	GENOMIC	SINGLE	complete genome sequence of Brucella inopinata 5043
SRR23384591	SRX19323070	SRS16721150	SRP421698	PRJNA924056	Klebsiella michiganensis	CPO262	OXFORD_NANOPORE	MinION	567835922.0	29977.0	WGS	GENOMIC	SINGLE	WGS of bacterial isolate possessing blaIMP-4 carbapenemase
ERR1358779	ERX1430251	ERS1115624	ERP015056	PRJEB13500	Escherichia coli K-12		OXFORD_NANOPORE	MinION	1143468471.0	77589.0	WGS	GENOMIC	SINGLE	MinION sequencing
SRR29398345	SRX24912145	SRS21618168	SRP513745	PRJNA1123652	Caldicellulosiruptor bescii	RKCB89	OXFORD_NANOPORE	MinION	1026413189.0	174550.0	WGS	GENOMIC	SINGLE	WGS of Caldicellulosiruptor bescii RKCB89
SRR10918375	SRX7585762	SRS6019419	SRP051949	PRJNA271899	Klebsiella pneumoniae	UCI-CRE-214	OXFORD_NANOPORE	GridION	1645623540.0	263768.0	WGS	GENOMIC	SINGLE	Sequencing of Carbapenem resistant bacteria
ERR13064414	ERX12434938	ERS18677472	ERP155943	PRJEB71065	Enterococcus lactis		PACBIO_SMRT	Sequel II	283493403.0	25235.0	WGS	GENOMIC	SINGLE	Sequel II sequencing
SRR9027078	SRX5804627	SRS4734224	SRP196506	PRJNA536319	Zymomonas mobilis	DSM 14017	PACBIO_SMRT	Sequel	935555898.0	226194.0	WGS	GENOMIC	SINGLE	Zymomonas mobilis mobilis DSM 14017
ERR15195741	ERX14601397	ERS25144153	ERP160948	PRJEB76420	Klebsiella oxytoca		OXFORD_NANOPORE	MinION			WGS	GENOMIC	SINGLE	MinION sequencing
SRR4235024	SRX2156323	SRS1686313	SRP088382	PRJNA319714	Pseudomonas fragi	NRRL B-727	PACBIO_SMRT	PacBio RS	738666790.0	205279.0	WGS	GENOMIC	SINGLE	Pseudomonas fragi NRRL B-727
SRR32409492	SRX27739876	SRS24128767	SRP565160	PRJNA1225906	Salmonella enterica		OXFORD_NANOPORE	GridION	601686799.0	78537.0	WGS	GENOMIC	SINGLE	WGS of Salmonella enterica isolate
SRR9020431	SRX5798550	SRS4729778	SRP188851	PRJNA523365	Mycobacterium avium complex sp.	JHN_AV_0013_1A	OXFORD_NANOPORE	GridION	26319289.0	18509.0	WGS	GENOMIC	SINGLE	Sequencing of non-tuberculosis mycobacteria
SRR13192621	SRX9626838	SRS7827983	SRP295672	PRJNA681856	Salmonella enterica	LHICA_E1	OXFORD_NANOPORE	MinION	14789444.0	4000.0	WGS	GENOMIC	SINGLE	WGS of Salmonella enterica Lhica E109
SRR10502263	SRX7191287	SRS5697304	SRP230773	PRJNA347124	Arthrobacter pigmenti	DSM 16403	PACBIO_SMRT	Sequel	1844329258.0	561697.0	WGS	GENOMIC	SINGLE	Arthrobacter pigmenti DSM 16403
SRR27135505	SRX22817397	SRS19429691	SRP395888	PRJNA812595	Acinetobacter baumannii	2023CK-01292	OXFORD_NANOPORE	GridION	242944442.0	36851.0	WGS	GENOMIC	SINGLE	Nanopore sequencing of ARLN isolate
SRR4180929	SRX2142225	SRS1673926	SRP086933	PRJNA303721	Corynebacterium mycetoides	DSM 20632	PACBIO_SMRT	PacBio RS	327162592.0	74416.0	WGS	GENOMIC	SINGLE	Corynebacterium mycetoides DSM 20632
SRR33769445	SRX28991917	SRS22455967	SRP444583	PRJNA962904	Klebsiella pneumoniae		PACBIO_SMRT	Sequel II	100380829.0	30929.0	WGS	GENOMIC	SINGLE	PacBio sequencing of AH0902HE1 for ARCH 2
SRR27973002	SRX23626163	SRS20465844	SRP489819	PRJNA1076692	Citrobacter freundii	RIVM_C059274_rerio	OXFORD_NANOPORE	MinION	38110496.0	13331.0	WGS	GENOMIC	SINGLE	RIVM_C059274_rerio
SRR34266783	SRX29440682	SRS25586679	SRP595571	PRJNA1283097	Enterococcus faecalis	missing	OXFORD_NANOPORE	MinION	111052663.0	37744.0	WGS	GENOMIC	SINGLE	id10_day35_3
SRR21696487	SRX17694290	SRS11554360	SRP354045	PRJNA747871	Kitasatospora purpeofusca	NBC_01203	OXFORD_NANOPORE	MinION	451407178.0	57182.0	WGS	GENOMIC	SINGLE	nanopore sequencing data from strain NBC_01203
ERR16064632	ERX15454814	ERS28397767	ERP173262	PRJEB90249	Staphylococcus aureus		OXFORD_NANOPORE	GridION	1211622326.0	391614.0	WGS	GENOMIC	SINGLE	GridION sequencing
SRR6447851	SRX3538816	SRS1673346	SRP086913	PRJNA332823	Micromonospora pisi	DSM 45175	PACBIO_SMRT	PacBio RS II	242538767.0	65877.0	WGS	GENOMIC	SINGLE	Micromonospora pisi DSM 45175
ERR985321	ERX1066542	ERS736966	ERP005928	PRJEB6403	Escherichia coli	NCTC13127	PACBIO_SMRT	PacBio RS	592763294.0	163482.0	WGS	GENOMIC	SINGLE	PacBio RS sequencing
ERR3396644	ERX3420507	ERS1436279	ERP024062	PRJEB21775	Streptococcus suis		PACBIO_SMRT	PacBio RS	1060551523.0	163482.0	WGS	GENOMIC	SINGLE	PacBio RS sequencing
ERR832411	ERX912485	ERS605480	ERP005928	PRJEB6403	Elizabethkingia anophelis	NCTC10588	PACBIO_SMRT	PacBio RS	991630818.0	163482.0	WGS	GENOMIC	SINGLE	PacBio RS sequencing
SRR31599259	SRX26964424	SRS23434137	SRP549287	PRJNA1185485	Escherichia coli	535	OXFORD_NANOPORE	PromethION	1031432130.0	242731.0	WGS	GENOMIC	SINGLE	R4R-barcode95
SRR34573096	SRX29714861	SRS25823743	SRP601637	PRJNA1292907	Mycobacterium tuberculosis	not applicable	OXFORD_NANOPORE	MinION	203338712.0	338219.0	WGS	GENOMIC	SINGLE	Whole genome sequencing
ERR10498032	ERX10015321	ERS14254657	ERP142629	PRJEB57633	Escherichia coli		OXFORD_NANOPORE	GridION	65730325.0	11973.0	WGS	GENOMIC	SINGLE	Raw reads: ONT_30348_1#312
ERR852665	ERX932303	ERS625274	ERP008928	PRJEB7928	Shigella dysenteriae	CDC 69-3818	PACBIO_SMRT	PacBio RS	965609342.0	163482.0	WGS	GENOMIC	SINGLE	PacBio RS sequencing
SRR35185032	SRX30289794	SRS23219707	SRP545286	PRJNA1186210	Enterococcus faecium	18031631R	OXFORD_NANOPORE	GridION	287837510.0	44000.0	WGS	GENOMIC	SINGLE	ONT seq of VVE
ERR2632354	ERX2648848	ERS2295898	ERP005928	PRJEB6403	Bacteroides caccae		PACBIO_SMRT	PacBio RS	3395737895.0	163482.0	WGS	GENOMIC	SINGLE	PacBio RS sequencing
ERR1948272	ERX2014059	ERS1545989	ERP020775	PRJEB18813	Escherichia coli		PACBIO_SMRT	PacBio RS	1170190668.0	163482.0	WGS	GENOMIC	SINGLE	PacBio RS sequencing
SRR31599047	SRX26964037	SRS23433750	SRP549287	PRJNA1185485	Escherichia coli	798	OXFORD_NANOPORE	PromethION	1260647652.0	223178.0	WGS	GENOMIC	SINGLE	Wnew4R-barcode13
SRR6123545	SRX3236195	SRS2553173	SRP119076	PRJNA407949	Escherichia coli	7386Nal	PACBIO_SMRT	PacBio RS II	982830429.0	163482.0	WGS	GENOMIC	SINGLE	DNA E. coli O157:H7 from packaged lettuce, treated with nalidixic acid
SRR387144	SRX109910	SRS281279	SRP001087	PRJNA40075	Escherichia coli str. K-12 substr. MG1655	K-12	PACBIO_SMRT	PacBio RS	72220136.0	81741.0	WGS	GENOMIC	SINGLE	Whole Genome Sequencing and Assembly
ERR3284496	ERX3311040	ERS2278927	ERP019480	PRJEB17615	Escherichia coli		PACBIO_SMRT	PacBio RS	1065345183.0	163482.0	WGS	GENOMIC	SINGLE	PacBio RS sequencing
SRR2817473	SRX1384030	SRS1134761	SRP040661	PRJNA231221	Vibrio alginolyticus	FDAARGOS_110	PACBIO_SMRT	PacBio RS	1162657609.0	163482.0	WGS	GENOMIC	SINGLE	
SRR25793466	SRX21515643	SRS1095695	SRP457515	PRJNA1010762	Bacillus cereus	FSL W8-0932	OXFORD_NANOPORE	MinION	29349718.0	87984.0	WGS	GENOMIC	SINGLE	whole-genome sequencing of Bacillus cereus
ERR8007923	ERX7573592	ERS9899453	ERP131998	PRJEB47698	Streptococcus agalactiae		OXFORD_NANOPORE	MinION	998594758.0	194838.0	WGS	GENOMIC	SINGLE	MinION sequencing
ERR5295496	ERX5085121	ERS5649894	ERP126298	PRJEB42440	Klebsiella pneumoniae		OXFORD_NANOPORE	MinION	626769681.0	68277.0	WGS	GENOMIC	SINGLE	MinION sequencing
ERR911092	ERX990303	ERS746968	ERP006804	PRJEB7116	Campylobacter jejuni		PACBIO_SMRT	PacBio RS II	546368522.0	178352.0	WGS	GENOMIC	SINGLE	PacBio RS II sequencing
SRR26131840	SRX21845256	SRS18943298	SRP462344	PRJNA1016930	Rossellomorea marisflavi	SLBN-71	PACBIO_SMRT	Sequel IIe	2216519136.0	382034.0	WGS	GENOMIC	SINGLE	Rossellomorea marisflavi SLBN-71
SRR386117	SRX109851	SRS002764	SRP001666	PRJNA32461	Coprobacillus cateniformis	D6	PACBIO_SMRT	PacBio RS	79108738.0	81741.0	WGS	GENOMIC	SINGLE	Whole Genome Sequencing and Assembly
ERR10561256	ERX10074915	ERS6300756	ERP142966	PRJEB57950	Mycobacterium tuberculosis		PACBIO_SMRT	Sequel II	3659144449.0	788024.0	WGS	GENOMIC	SINGLE	Sequel II sequencing
SRR34848033	SRX29979975	SRS26054434	SRP605437	PRJNA1059746	Salmonella enterica	Kentucky	OXFORD_NANOPORE	MinION	61619808.0	27013.0	WGS	GENOMIC	SINGLE	Emergence of ceftriaxone resistant Salmonella Kentucky in India driven by multiple novel variants of Salmonella genomic island carrying blaCTX-M-55
SRR30670646	SRX26089190	SRS22655593	SRP532827	PRJNA1161419	Mycobacterium tuberculosis str. Erdman = ATCC 35801	Erdman = ATCC 35801	OXFORD_NANOPORE	MinION	348756198.0	104882.0	WGS	GENOMIC	SINGLE	Oxford Nanopore genome sequencing of a virulent barcodedM. tuberculosis Erdman strain
SRR35106642	SRX30215479	SRS26273248	SRP611182	PRJNA1249055	Yersinia pestis	20_YP78_UST	OXFORD_NANOPORE	PromethION	553925222.0	92020.0	WGS	GENOMIC	SINGLE	WGS of Yersinia pestis from infected patient
SRR22756109	SRX18716691	SRS7553523	SRP395888	PRJNA812595	Enterobacter hormaechei	2020CK-00376	OXFORD_NANOPORE	GridION	219491864.0	14208.0	WGS	GENOMIC	SINGLE	Nanopore sequencing of ARLN isolate
DRR629241	DRX609568	DRS438790	DRP012484	PRJDB19189	Mycobacterium avium subsp. hominissuis	GA68628	OXFORD_NANOPORE	MinION	325892820.0	40452.0	WGS	GENOMIC	SINGLE	MinION sequencing of SAMD00833292
ERR14686202	ERX14087721	ERS23773341	ERP169826	PRJEB86481	Escherichia coli str. K-12 substr. MG1655	K-12	OXFORD_NANOPORE	MinION	187012992.0	88120.0	WGS	GENOMIC	SINGLE	MinION sequencing
SRR35246380	SRX30349279	SRS26392404	SRP617060	PRJNA958299	Streptomyces sp. B3I7	B3I7	PACBIO_SMRT	Sequel IIe	424505205.0	58882.0	WGS	GENOMIC	SINGLE	Streptomyces sp. B3I7
SRR24564523	SRX20348173	SRS17663354	SRP437723	PRJNA944190	Enterococcus faecalis	EfsC20	OXFORD_NANOPORE	MinION	680632757.0	98099.0	WGS	GENOMIC	SINGLE	ONT MinION Reads of Enterococcus faecalis EfsC20
SRR33616190	SRX28844536	SRS25055458	SRP399923	PRJNA857537	Mycobacterium tuberculosis	AUSMDU00028738	OXFORD_NANOPORE	GridION	158202200.0	171718.0	WGS	GENOMIC	SINGLE	WGS of Mycobacterium tuberculosis from ONT reads
ERR14746120	ERX14147492	ERS23811979	ERP170065	PRJEB86767	Enterococcus faecium		OXFORD_NANOPORE	MinION	1296185988.0	358508.0	WGS	GENOMIC	SINGLE	EXP-23-1-2025-03-14_12-16-43
SRR32655840	SRX27959949	SRS24326329	SRP569671	PRJNA912210	Prochlorococcus sp. Dvax-bc1017	Dvax-bc1017	PACBIO_SMRT	Sequel IIe	248189570.0	34652.0	WGS	GENOMIC	SINGLE	PacBio HiFi data of Prochlorococcus sp. Dvax-bc1017
SRR711194	SRX228384	SRS411280	SRP023490	PRJNA82527	Enterococcus faecium EnGen0376	EnGen0376	PACBIO_SMRT	PacBio RS	78980347.0	81741.0	WGS	GENOMIC	SINGLE	Pacbio whole genome shotgun sequencing of genomic DNA library 'LR_115_Efaecium_0.9nM' containing sample 'Pat2-2' from individual 'Enterococcus faecium Efm_NY2-2'
SRR23401452	SRX19332393	SRS16451712	SRP421871	PRJNA933617	Paenibacillus urinalis	2022CK-00829	OXFORD_NANOPORE	GridION	360420075.0	86929.0	WGS	GENOMIC	SINGLE	Nanopore sequencing of ARLN isolate
SRR24139910	SRX19938495	SRS17287204	SRP247747	PRJNA604975	Escherichia coli	ox_bsi_578	OXFORD_NANOPORE	GridION	234620966.0	104902.0	WGS	GENOMIC	SINGLE	oxford_bsi
SRR27352585	SRX23029183	SRS19991067	SRP480168	PRJNA1057299	Clostridioides difficile	cd220913_barcode05	OXFORD_NANOPORE	MinION	61038580.0	38454.0	WGS	GENOMIC	SINGLE	Clostridioides difficile strain cd220913_barcode05
SRR12811545	SRX9280176	SRS7508083	SRP287122	PRJNA667445	Klebsiella pneumoniae	S23_CRE23	PACBIO_SMRT	Sequel	796470748.0	164738.0	WGS	GENOMIC	SINGLE	Genome sequencing of carbapenem-resistant Enterobacteriaceae
ERR10497997	ERX10015286	ERS14254599	ERP142629	PRJEB57633	Escherichia coli		OXFORD_NANOPORE	GridION	59359143.0	8350.0	WGS	GENOMIC	SINGLE	Raw reads: ONT_30348_1#228
ERR10420111	ERX9948584	ERS7159945	ERP109413	PRJEB27342	Klebsiella pneumoniae		PACBIO_SMRT	Sequel II	4974448390.0	914916.0	WGS	GENOMIC	SINGLE	Sequel II sequencing
SRR30949419	SRX26352065	SRS22817184	SRP536567	PRJNA1165464	Escherichia coli	Not applicable	OXFORD_NANOPORE	MinION	369089625.0	89280.0	WGS	GENOMIC	SINGLE	Nanopore sequencing of E.coli: blood isolate
SRR35303640	SRX30405625	SRS26442093	SRP618388	PRJNA1321833	Klebsiella pneumoniae	NK01067_MEM3	OXFORD_NANOPORE	MinION	5700308541.0	446121.0	WGS	GENOMIC	SINGLE	Nanopore sequencing of Klebsiella: MEM3
ERR13194274	ERX12565139	ERS20185786	ERP160059	PRJEB75483	Acidovorax delafieldii		OXFORD_NANOPORE	MinION	6231259.0	495.0	WGS	GENOMIC	SINGLE	MinION sequencing
SRR33768798	SRX28991280	SRS22456448	SRP444583	PRJNA962904	Escherichia coli		PACBIO_SMRT	Sequel II	72053642.0	3901.0	WGS	GENOMIC	SINGLE	PacBio sequencing of AH0467HE2 for ARCH 2
SRR32649582	SRX27954021	SRS24319927	SRP569572	PRJNA1234539	Ralstonia thomasii	37a14	PACBIO_SMRT	Sequel II	120739731.0	10129.0	WGS	GENOMIC	SINGLE	Whole genome sequencing of Strain 37a14
ERR15077408	ERX14482047	ERS23842148	ERP169378	PRJEB86005	Salmonella enterica subsp. enterica serovar Senftenberg		OXFORD_NANOPORE	MinION	3781829341.0	411613.0	WGS	GENOMIC	SINGLE	Raw reads: GENOMIC23-004-ONT
SRR35851058	SRX30900196	SRS26900574	SRP636871	PRJNA1334387	Alteromonas sp. ABH4_452	ABH4_452	OXFORD_NANOPORE	GridION	2409263416.0	411039.0	WGS	GENOMIC	SINGLE	WGS of Alteromonas sp. : Marine biofilm
SRR17319836	SRX13496353	SRS697235	SRP028607	PRJNA183850	Salmonella enterica subsp. enterica	CFSAN023357	OXFORD_NANOPORE	GridION	1665800665.0	314020.0	WGS	GENOMIC	SINGLE	Whole genome Oxford Nanopore MinION sequence of Salmonella enterica subsp. enterica
SRR8379926	SRX5189924	SRS4196156	SRP174879	PRJNA506976	Flavobacterium columnare	ARS1	PACBIO_SMRT	PacBio RS II	4543249385.0	163482.0	WGS	GENOMIC	SINGLE	PacBio sequencing of F. columnare
SRR31598990	SRX26963495	SRS23433207	SRP549287	PRJNA1185485	Escherichia coli	687	OXFORD_NANOPORE	PromethION	1305877374.0	260000.0	WGS	GENOMIC	SINGLE	W3R-barcode06
SRR27379416	SRX23055635	SRS20015672	SRP480616	PRJNA1055176	Escherichia coli	Not available	OXFORD_NANOPORE	MinION	1346892272.0	181180.0	WGS	GENOMIC	SINGLE	Whole genome sequence of E. coli
SRR19820549	SRX15864372	SRS13526187	SRP361569	PRJNA768416	Geobacillus sp. FSL W8-0026		OXFORD_NANOPORE	MinION	1261172460.0	393127.0	WGS	GENOMIC	SINGLE	WGS of Bacilli
SRR14307873	SRX10663303	SRS8145445	SRP301498	PRJNA690640	Enterococcus faecium		OXFORD_NANOPORE	MinION	2896907.0	247.0	WGS	GENOMIC	SINGLE	WGS of E. faecium
SRR16929196	SRX13121371	SRS11056128	SRP303790	PRJNA685966	Staphylococcus pseudintermedius	HSP262	OXFORD_NANOPORE	MinION	379108569.0	142143.0	WGS	GENOMIC	SINGLE	Long-read genomic sequencing of Staphylococcus pseudintermedius from canine skin
SRR34900036	SRX30028322	SRS26098879	SRP607210	PRJNA1297403	Bacillus subtilis	64-E2	OXFORD_NANOPORE	PromethION	1812027631.0	117502.0	WGS	GENOMIC	SINGLE	WGS of Bacillus subtilis: cell culture
DRR381760	DRX367644	DRS246896	DRP008791	PRJDB13729	Escherichia coli	93_161312	OXFORD_NANOPORE	MinION	648420135.0	66333.0	WGS	GENOMIC	SINGLE	93_161312_ONT
SRR15523607	SRX11822399	SRS9836790	SRP333219	PRJNA751257	Pseudomonas aeruginosa	DPA57	OXFORD_NANOPORE	MinION	607289106.0	45081.0	WGS	GENOMIC	SINGLE	Oxford Nanopore sequencing of Pseudomonas aeruginosa strain DPA57
SRR30949840	SRX26352248	SRS22817237	SRP536567	PRJNA1165464	Escherichia coli	Not applicable	OXFORD_NANOPORE	MinION	531437762.0	90903.0	WGS	GENOMIC	SINGLE	Nanopore sequencing of E.coli: blood isolate
SRR36797832	SRX31784516	SRS27747217	SRP661661	PRJNA1389824	Pseudomonas rustica		OXFORD_NANOPORE	MinION	77559773.0	36189.0	WGS	GENOMIC	SINGLE	evolved microcosm clones
SRR22235420	SRX18212191	SRS15709226	SRP405998	PRJNA825109	Treponema pallidum subsp. pallidum	Nichols (uncloned)	PACBIO_SMRT	Sequel	45509355.0	6924.0	WGS	GENOMIC	SINGLE	Genomic DNA of Tp Nichols extracted from coculture with Sf1Ep cells (Day 1274)
ERR2528470	ERX2547351	ERS1572786	ERP021285	PRJEB19288	Vibrio cholerae		PACBIO_SMRT	PacBio RS	321958606.0	163482.0	WGS	GENOMIC	SINGLE	PacBio RS sequencing
SRR26413085	SRX22118427	SRS16091317	SRP412517	PRJNA910977	Escherichia coli	P1201	PACBIO_SMRT	Sequel II	697098848.0	54558.0	WGS	GENOMIC	SINGLE	WGS of E. coli
SRR389270	SRX032451	SRS140100	SRP004712	PRJNA61297	Vibrio cholerae O1 biovar El Tor		PACBIO_SMRT	PacBio RS	132889724.0	60667.0	WGS	GENOMIC	SINGLE	Sequencing for H1 (Haiti, 2010)
ERR3986933	ERX3988960	ERS4380867	ERP120516	PRJEB37212	Escherichia coli		OXFORD_NANOPORE	MinION	220173750.0	51239.0	WGS	GENOMIC	SINGLE	MinION sequencing; Oxfordshire gram negative bacteraemias
SRR36466366	SRX31490008	SRS27471088	SRP655520	PRJNA1382140	Acinetobacter baumannii		OXFORD_NANOPORE	GridION	617877224.0	203816.0	WGS	GENOMIC	SINGLE	A. baumannii plasmid DNA methylation study
ERR2919759	ERX2922919	ERS2907688	ERP110210	PRJEB28046	Campylobacter jejuni subsp. jejuni NCTC 11168 = ATCC 700819		OXFORD_NANOPORE	MinION	125011888.0	8670.0	WGS	GENOMIC	SINGLE	MinION sequencing
ERR10497953	ERX10015242	ERS14254469	ERP142629	PRJEB57633	Escherichia coli		OXFORD_NANOPORE	GridION	82551219.0	18860.0	WGS	GENOMIC	SINGLE	Raw reads: ONT_30345_1#71
SRR31647021	SRX27010220	SRS23474570	SRP550213	PRJNA1193534	Staphylococcus aureus	p33622	OXFORD_NANOPORE	GridION	241079.0	182.0	WGS	GENOMIC	SINGLE	Genomic Analysis of Plasmids in Animal-Associated Staphylococcus aureus
ERR9682729	ERX9231720	ERS11816118	ERP120185	PRJEB36919	Campylobacter jejuni		PACBIO_SMRT	Sequel II	106057801.0	13065.0	WGS	GENOMIC	SINGLE	Sequel II sequencing
SRR12247521	SRX8755646	SRS6976260	SRP266402	PRJNA605147	Escherichia coli	RHB20-E3-C07	OXFORD_NANOPORE	GridION	1256282718.0	287807.0	WGS	GENOMIC	SINGLE	Oxford Nanopore sequencing of Escherichia coli isolate RH10|T2-E3C07 cultured from cattle farm sediment sample
SRR26682859	SRX22382709	SRS19428944	SRP200865	PRJNA542869	Phocaeicola vulgatus	CavFT-hAR107	PACBIO_SMRT	PacBio RS II	1852566704.0	216626.0	WGS	GENOMIC	SINGLE	Genome of Potential pathogenic bacteria in Crohn's disease
SRR32250956	SRX27588905	SRS20831665	SRP497546	PRJNA1091452	Klebsiella pneumoniae	KP09-PS	OXFORD_NANOPORE	MinION	1334128214.0	205283.0	WGS	GENOMIC	SINGLE	native ONT data from Klebsiella pneumoniae
ERR15991632	ERX15386738	ERS28170818	ERP184281	PRJEB102899	Pseudomonas aeruginosa		OXFORD_NANOPORE	GridION	579049035.0	57106.0	WGS	GENOMIC	SINGLE	GridION sequencing
SRR35227141	SRX30330653	SRS26374959	SRP616598	PRJNA1314240	Thermoanaerobacterium saccharolyticum	M1442 tdk nfnA hydA::kan-tdk	OXFORD_NANOPORE	PromethION	1161610997.0	339642.0	WGS	GENOMIC	SINGLE	WGS of T. saccharolyticum A2G0056
SRR16525829	SRX12728170	SRS10336746	SRP357537	PRJNA801416	Escherichia coli	E146	OXFORD_NANOPORE	GridION	1659937601.0	237704.0	WGS	GENOMIC	SINGLE	Extensive diversification and dissemination of blaNDM carbapenemase plasmids in Enterobacterales in Singapore 2010-2015
SRR8302283	SRX5116786	SRS4125456	SRP173087	PRJNA482061	Humibacter sp. BT305	BT305	PACBIO_SMRT	PacBio RS II	1835830551.0	163482.0	WGS	GENOMIC	SINGLE	Genome sequence of Humibacter aquilariae BT305
SRR36200498	SRX31237107	SRS27216436	SRP649104	PRJNA1367967	Klebsiella pneumoniae	36451B1	OXFORD_NANOPORE	PromethION	340019668.0	296171.0	WGS	GENOMIC	SINGLE	WGS of clinical Klebsiella pneumoniae from a referral hospital in Bansang, Gambia
SRR5413274	SRX2705225	SRS2098876	SRP040661	PRJNA231221	Prevotella melaninogenica	FDAARGOS_306	PACBIO_SMRT	PacBio RS	1124253728.0	163482.0	WGS	GENOMIC	SINGLE	
ERR3505354	ERX3526568	ERS3719295	ERP117012	PRJEB34150	Amycolatopsis camponoti		OXFORD_NANOPORE	MinION	116140447.0	51221.0	WGS	GENOMIC	SINGLE	MinION sequencing
SRR9661791	SRX6422693	SRS5079484	SRP213928	PRJNA553190	Escherichia coli	Fis2-e4	OXFORD_NANOPORE	MinION	48907935.0	5782.0	WGS	GENOMIC	SINGLE	Fission_2Mb_e4_Nanopore
SRR30602156	SRX26024781	SRS22596488	SRP497400	PRJNA1090919	Pseudoduganella sp.	UC29_71	OXFORD_NANOPORE	MinION	306257805.0	44142.0	WGS	GENOMIC	SINGLE	Whole_genome_71
SRR32485750	SRX27799128	SRS24151990	SRP364955	PRJNA818070	Campylobacter coli	AUSMDU00025373	OXFORD_NANOPORE	PromethION	261892928.0	66785.0	WGS	GENOMIC	SINGLE	WGS of Campylobacter species from ONT reads
SRR11969189	SRX8512941	SRS6811462	SRP266668	PRJNA638428	Pseudomonas	43A	OXFORD_NANOPORE	MinION	1068249891.0	393653.0	WGS	GENOMIC	SINGLE	Genome Sequencing of Pseudomonas sp. 43A
SRR31599339	SRX26964344	SRS23434056	SRP549287	PRJNA1185485	Escherichia coli	244	OXFORD_NANOPORE	PromethION	999758307.0	198434.0	WGS	GENOMIC	SINGLE	Kleb-3R-barcode82
SRR18729768	SRX14829961	SRS12585904	SRP369762	PRJNA825705	Klebsiella pneumoniae	ST-258	OXFORD_NANOPORE	MinION	1785274175.0	302791.0	WGS	GENOMIC	SINGLE	ONT sequencing of Klebsiella pneumoniae: sample KLPN-288
SRR26643499	SRX22343807	SRS12460675	SRP074197	PRJNA288601	Pseudomonas aeruginosa	2022CK-00203	OXFORD_NANOPORE	GridION	302143089.0	20734.0	WGS	GENOMIC	SINGLE	Nanopore sequencing of ARLN isolate
SRR8739649	SRX5532429	SRS4498652	SRP051949	PRJNA271899	Klebsiella pneumoniae	OC-CRE-9042	OXFORD_NANOPORE	GridION	201441139.0	17084.0	WGS	GENOMIC	SINGLE	Sequencing of Carbapenem resistant bacteria
SRR13182491	SRX9620374	SRS7822466	SRP040661	PRJNA231221	Bacteroides cellulosilyticus	FDAARGOS_1237	PACBIO_SMRT	Sequel	1159403848.0	156730.0	WGS	GENOMIC	SINGLE	
DRR572320	DRX555787	DRS426415	DRP012251	PRJDB17574	Escherichia coli	YK-IS1MA-L01-4_G20	OXFORD_NANOPORE	MinION	55407874.0	5200.0	WGS	GENOMIC	SINGLE	nanopore-seq of SAMD00748232 L01-4_G20
SRR16018183	SRX12305074	SRS10278690	SRP338335	PRJNA765112	Pectobacterium aroidearum	LJ2	OXFORD_NANOPORE	PromethION	2172185884.0	118756.0	WGS	GENOMIC	SINGLE	ONT sequencing of Pectobacterium aroidearum LJ2
SRR14196823	SRX10563657	SRS8670075	SRP314211	PRJNA720906	Mycobacterium tuberculosis complex sp.	missing	OXFORD_NANOPORE	MinION	159501209.0	46129.0	WGS	GENOMIC	SINGLE	Whole-genome long-read sequencing of M. tuberculosis
ERR16080314	ERX15470102	ERS28438700	ERP187240	PRJEB106135	Enterococcus faecium	3417667083	OXFORD_NANOPORE	PromethION			WGS	GENOMIC	SINGLE	Raw reads: LRE_16_3417667083_ONT_P2_solo
SRR28170400	SRX23800545	SRS20623536	SRP492669	PRJNA1082323	Gardnerella	2492-Sm	PACBIO_SMRT	Sequel II	1482107593.0	201004.0	WGS	GENOMIC	SINGLE	WGS of Gardnerella
SRR1391284	SRX595861	SRS636547	SRP028928	PRJNA215355	Listeria monocytogenes	CFSAN007956	PACBIO_SMRT	PacBio RS II	923031460.0	163482.0	WGS	GENOMIC	SINGLE	Whole genome shotgun sequencing of Listeria monocytogenes str. CFSAN007956 by Pacific Biosciences SMRT
SRR21696624	SRX17694159	SRS14987516	SRP354045	PRJNA747871	Streptomyces sp. NBC_00876	NBC_00876	OXFORD_NANOPORE	MinION	422754501.0	47151.0	WGS	GENOMIC	SINGLE	nanopore sequencing data from strain NBC_00876
SRR29015146	SRX24541754	SRS21286482	SRP506715	PRJNA981225	Salmonella enterica subsp. enterica serovar Typhimurium	SH13SF198	OXFORD_NANOPORE	PromethION	1000030133.0	30251.0	WGS	GENOMIC	SINGLE	raw sequence data of Salmonella enterica subsp. enterica serovar Typhimurium SH13SF198 using third-generation sequencing
SRR24139851	SRX19938554	SRS17287264	SRP247747	PRJNA604975	Escherichia coli	ox_bsi_241	OXFORD_NANOPORE	GridION	220709133.0	48133.0	WGS	GENOMIC	SINGLE	oxford_bsi
ERR1147227	ERX1226029	ERS986819	ERP007108	PRJEB7385	Escherichia coli str. K-12 substr. MG1655	K-12	OXFORD_NANOPORE	MinION	749929380.0	45955.0	WGS	GENOMIC	SINGLE	MinION sequencing; E. coli MinION sequencing, R7.3 chemistry, SQK-MAP006 protocol
ERR2532108	ERX2550537	ERS2402875	ERP005928	PRJEB6403	Mycolicibacterium acapulense	NCTC10270	PACBIO_SMRT	PacBio RS	2478041474.0	163482.0	WGS	GENOMIC	SINGLE	PacBio RS sequencing
SRR31303456	SRX26681615	SRS23174471	SRP544363	PRJNA1133929	Bordetella pertussis	YW50	PACBIO_SMRT	Sequel IIe	3346251931.0	242255.0	WGS	GENOMIC	PAIRED	Genome sequencing for Bordetella pertussis
SRR14509653	SRX10855393	SRS8951101	SRP319462	PRJNA728709	Escherichia coli	7_33_80A	PACBIO_SMRT	PacBio RS II	3082554749.0	163482.0	WGS	GENOMIC	SINGLE	Genome sequencing of E. coli O26: H11
SRR30896404	SRX26299617	SRS22828339	SRP536878	PRJNA1134622	Escherichia coli	OXEC-154	OXFORD_NANOPORE	MinION	406156432.0	172540.0	WGS	GENOMIC	SINGLE	OXEC-154
SRR25466813	SRX21199607	SRS18458352	SRP452337	PRJNA1000618	Escherichia coli	Escherichia coli BL21(DE3)	OXFORD_NANOPORE	MinION	6268152.0	4000.0	WGS	GENOMIC	SINGLE	CASTVK transposition with different condition
SRR25511206	SRX21241714	SRS18496630	SRP453256	PRJNA937061	Ensifer adhaerens	CTYH.Ch1	OXFORD_NANOPORE	MinION	1986235616.0	250635.0	WGS	GENOMIC	SINGLE	Nanopore of  of SAMN33388110
ERR10498548	ERX10015837	ERS14255324	ERP142629	PRJEB57633	Escherichia coli		OXFORD_NANOPORE	GridION	120922261.0	16246.0	WGS	GENOMIC	SINGLE	Raw reads: ONT_30348_2#22
ERR15197986	ERX14603642	ERS25123453	ERP174390	PRJEB91442	Bacillus cereus		OXFORD_NANOPORE	MinION	299940713.0	127416.0	WGS	GENOMIC	SINGLE	MinION sequencing
SRR14108844	SRX10479538	SRS8607974	SRP312756	PRJNA689092	Xanthomonas campestris pv. campestris	08305	PACBIO_SMRT	Sequel	1851547222.0	246250.0	WGS	GENOMIC	SINGLE	Xc isolated from weeds and crops
ERR10498149	ERX10015438	ERS14254335	ERP142629	PRJEB57633	Escherichia coli		OXFORD_NANOPORE	GridION	132013868.0	26734.0	WGS	GENOMIC	SINGLE	Raw reads: ONT_30348_2#7
ERR9517030	ERX9058569	ERS2652487	ERP104475	PRJEB22771	Streptococcus pneumoniae		PACBIO_SMRT	Sequel II	379469547.0	59985.0	WGS	GENOMIC	SINGLE	Sequel II sequencing
DRR667290	DRX647392	DRS457076	DRP012869	PRJDB20344	Desulfosporosinus burensis	JCM 17380	PACBIO_SMRT	Revio	9474651.0	701.0	WGS	GENOMIC	SINGLE	Revio sequencing of SAMD00887380
SRR31598654	SRX26963831	SRS23433544	SRP549287	PRJNA1185485	Escherichia coli	917	OXFORD_NANOPORE	PromethION	1114280397.0	152599.0	WGS	GENOMIC	SINGLE	WTP-NoR-Nov-barcode74
SRR36036000	SRX31085113	SRS27072669	SRP644837	PRJNA1364846	Enterococcus faecalis	GPT22-006	OXFORD_NANOPORE	GridION	441754936.0	154848.0	WGS	GENOMIC	SINGLE	Enterococcus faecalis, DBT kit, 24-plex and 100 ng DNA, replicate 5
SRR22756108	SRX18716692	SRS7859763	SRP395888	PRJNA812595	Providencia stuartii	2020CK-00448	OXFORD_NANOPORE	GridION	432887433.0	17463.0	WGS	GENOMIC	SINGLE	Nanopore sequencing of ARLN isolate
SRR16525792	SRX12728207	SRS10336784	SRP357537	PRJNA801416	Klebsiella pneumoniae	E1005	OXFORD_NANOPORE	GridION	1739184773.0	403963.0	WGS	GENOMIC	SINGLE	Extensive diversification and dissemination of blaNDM carbapenemase plasmids in Enterobacterales in Singapore 2010-2015
SRR30944943	SRX26347461	SRS22853359	SRP537443	PRJNA1170947	Citrobacter freundii	U2785	OXFORD_NANOPORE	MinION	2500003699.0	247413.0	WGS	GENOMIC	SINGLE	Whole Genome Sequencing of CAV3945: Sink-1PS
SRR12935274	SRX9398993	SRS7616986	SRP040661	PRJNA231221	Campylobacter lari	FDAARGOS_1101	PACBIO_SMRT	PacBio RS	880240521.0	163482.0	WGS	GENOMIC	SINGLE	
ERR3863231	ERX3875265	ERS4281800	ERP112081	PRJEB29732	Mycobacterium tuberculosis		OXFORD_NANOPORE	MinION	747661769.0	617965.0	WGS	GENOMIC	SINGLE	MinION sequencing
SRR4136256	SRX2118845	SRS1667719	SRP084846	PRJNA265778	Teredinibacter turnerae	T1313	PACBIO_SMRT	PacBio RS	62664391.0	27169.0	WGS	GENOMIC	SINGLE	Teredinibacter turnerae T1313
ERR10114894	ERX9652040	ERS12841947	ERP140502	PRJEB55588	Escherichia coli	natural isolate	OXFORD_NANOPORE	MinION	543932738.0	80534.0	WGS	GENOMIC	SINGLE	Genomic sequencing of E. coli natural isolates to identify methylated bases
SRR26950660	SRX22644545	SRS19641537	SRP474291	PRJNA1043871	Bacillus sp. PBL-C9	PBL-C9	OXFORD_NANOPORE	MinION	25376.0	15.0	WGS	GENOMIC	SINGLE	Bacillus sp. PBL-C9 Genome sequencing and assembly
ERR1274814	ERX1346402	ERS970084	ERP005928	PRJEB6403	Streptococcus sp. NCTC 10228	NCTC10228	PACBIO_SMRT	PacBio RS	2882358114.0	163482.0	WGS	GENOMIC	SINGLE	PacBio RS sequencing
SRR13448270	SRX9861469	SRS8041701	SRP295672	PRJNA681856	Salmonella enterica subsp. salamae	LHICA_SA2	OXFORD_NANOPORE	MinION	34347805.0	4000.0	WGS	GENOMIC	SINGLE	WGS of Salmonella Lhica SA2_8
SRR13358225	SRX9782544	SRS7969847	SRP300395	PRJNA689691	Escherichia coli	ABW_A32	OXFORD_NANOPORE	MinION	300004958.0	13852.0	WGS	GENOMIC	SINGLE	Long-read sequencing of Escherichia coli ABW_A32
ERR14294233	ERX13695331	ERS23161488	ERP163718	PRJEB79567	Salmonella enterica subsp. enterica serovar Enteritidis		OXFORD_NANOPORE	PromethION	475371195.0	88000.0	WGS	GENOMIC	SINGLE	Raw reads: SE214_L
SRR31834916	SRX27195262	SRS22210769	SRP523632	PRJNA1142676	Klebsiella variicola	kv221025_barcode76	OXFORD_NANOPORE	MinION	144933212.0	25839.0	WGS	GENOMIC	SINGLE	Klebsiella variicola strain kv221025_barcode76
SRR33768589	SRX28990888	SRS22456160	SRP444583	PRJNA962904	Escherichia coli		PACBIO_SMRT	Sequel II	82224034.0	5779.0	WGS	GENOMIC	SINGLE	PacBio sequencing of AH0807HE1 for ARCH 2
SRR35984880	SRX31034170	SRS27024155	SRP643400	PRJNA1339905	Sinorhizobium medicae	USDA 1626	PACBIO_SMRT	Sequel IIe	620964711.0	92202.0	WGS	GENOMIC	SINGLE	Sinorhizobium meliloti USDA 1626
ERR10499669	ERX10016951	ERS14256814			Escherichia coli		OXFORD_NANOPORE	GridION	403119454.0	40347.0	WGS	GENOMIC	SINGLE	GridION sequencing; Raw reads: ONT_30821_1#219
ERR10769155	ERX10220049	ERS2785651	ERP104475	PRJEB22771	Streptococcus pneumoniae		PACBIO_SMRT	Sequel II	592125904.0	89818.0	WGS	GENOMIC	SINGLE	Sequel II sequencing
SRR21696692	SRX17694090	SRS11554661	SRP354045	PRJNA747871	Streptomyces sp. NBC_00964	NBC_00964	OXFORD_NANOPORE	MinION	276991717.0	30923.0	WGS	GENOMIC	SINGLE	nanopore sequencing data from strain NBC_00964
SRR4180913	SRX2142209	SRS1673920	SRP086927	PRJNA303807	Actinopolyspora saharensis	DSM 45459	PACBIO_SMRT	PacBio RS	886129418.0	202774.0	WGS	GENOMIC	SINGLE	Actinopolyspora saharensis DSM 45459
SRR30896539	SRX26300030	SRS22828751	SRP536878	PRJNA1134622	Escherichia coli	OXEC-33	OXFORD_NANOPORE	MinION	426821198.0	105201.0	WGS	GENOMIC	SINGLE	OXEC-33
ERR2125689	ERX2182541	ERS1487945	ERP005928	PRJEB6403	Kocuria rhizophila	NCTC8340	PACBIO_SMRT	PacBio RS	1116173052.0	163482.0	WGS	GENOMIC	SINGLE	PacBio RS sequencing
ERR1274817	ERX1346405	ERS970087	ERP005928	PRJEB6403	Streptococcus equinus	NCTC10386	PACBIO_SMRT	PacBio RS	3759181826.0	163482.0	WGS	GENOMIC	SINGLE	PacBio RS sequencing
SRR19165818	SRX15231944	SRS12965082	SRP374671	PRJNA836696	Escherichia coli	961	OXFORD_NANOPORE	GridION	325899879.0	49219.0	WGS	GENOMIC	SINGLE	ONT long-read sequencing of carbapenem non-susceptible Enterobacterales
ERR2681661	ERX2696522	ERS1103836	ERP014552	PRJEB13014	Streptococcus pyogenes		PACBIO_SMRT	PacBio RS	2251245388.0	163482.0	WGS	GENOMIC	SINGLE	PacBio RS sequencing
ERR10489017	ERX10008328	ERS14235918	ERP142385	PRJEB57405	Streptococcus pneumoniae		OXFORD_NANOPORE	MinION	531386221.0	71335.0	WGS	GENOMIC	SINGLE	MinION sequencing
SRR28748142	SRX24313660	SRS21075391	SRP502944	PRJNA1056497	Sphingobacterium sp. R2	R2	OXFORD_NANOPORE	MinION	542660302.0	293714.0	WGS	GENOMIC	SINGLE	Whole genome sequencing of Sphingobacterium R2
SRR1178084	SRX477313	SRS562886	SRP039024	PRJNA212471	Rickettsia amblyommatis str. Ac37		PACBIO_SMRT	PacBio RS	464902673.0	163482.0	WGS	GENOMIC	SINGLE	
SRR27972731	SRX23626434	SRS20465648	SRP489819	PRJNA1076692	Klebsiella pneumoniae	RIVM_C051019_dorado	OXFORD_NANOPORE	MinION	306470246.0	98981.0	WGS	GENOMIC	SINGLE	RIVM_C051019_dorado
SRR35808519	SRX30857813	SRS26863773	SRP633462	PRJNA1346110	Streptococcus dysgalactiae subsp. equisimilis	UT9728	OXFORD_NANOPORE	MinION	557879497.0	181624.0	WGS	GENOMIC	SINGLE	WGS:UT9728 Replicates
SRR34268933	SRX29442863	SRS25588837	SRP595615	PRJNA1280179	Pseudomonas aeruginosa	CF-sbj11-Pa1-l	OXFORD_NANOPORE	GridION	2149906011.0	203639.0	WGS	GENOMIC	SINGLE	Plasmid-mediated extreme resistance development within lung
SRR32059349	SRX27408280	SRS23838238	SRP558653	PRJNA1188077	Ralstonia pseudosolanacearum	GBBC 1202	OXFORD_NANOPORE	MinION	330521525.0	44736.0	WGS	GENOMIC	SINGLE	Nanopore dataset of GBBC1202_ONT
ERR1100769	ERX1180303	ERS798857	ERP005928	PRJEB6403	Staphylococcus aureus	NCTC13298	PACBIO_SMRT	PacBio RS	1480019058.0	163482.0	WGS	GENOMIC	SINGLE	PacBio RS sequencing
SRR3756987	SRX1906089	SRS1546820	SRP078129	PRJNA217196	Lachnospiraceae bacterium AC2031	AC2031	PACBIO_SMRT	PacBio RS	272599503.0	100250.0	WGS	GENOMIC	SINGLE	Lachnospiraceae bacterium AC2031
SRR33768763	SRX28991315	SRS22397468	SRP444583	PRJNA962904	Escherichia coli		PACBIO_SMRT	Sequel II	60682975.0	2751.0	WGS	GENOMIC	SINGLE	PacBio sequencing of AH0109HE1 for ARCH 2
SRR28777768	SRX24342778	SRS20831651	SRP497546	PRJNA1091452	Enterococcus faecium	EF22-PS	OXFORD_NANOPORE	MinION	856245511.0	169231.0	WGS	GENOMIC	SINGLE	ONT performance study sequencing of E.faecium
SRR27201530	SRX22881474	SRS19853883	SRP477847	PRJNA1052100	Klebsiella pneumoniae	E43	OXFORD_NANOPORE	MinION	99536590.0	258585.0	WGS	GENOMIC	SINGLE	ONT R9.4.1 sequences of Klebsiella pneumoniae from clinical sources in Ghana
SRR13955656	SRX10334109	SRS8453830	SRP310443	PRJNA714107	Mannheimia haemolytica	37121	PACBIO_SMRT	PacBio RS II	1338105298.0	303932.0	WGS	GENOMIC	SINGLE	PacBio reads of M. haemolytica
SRR31598645	SRX26963840	SRS23433553	SRP549287	PRJNA1185485	Escherichia coli	925	OXFORD_NANOPORE	PromethION	585405064.0	80231.0	WGS	GENOMIC	SINGLE	WTP-NoR-Nov-barcode83
SRR9047922	SRX5824540	SRS4752596	SRP051949	PRJNA271899	Klebsiella pneumoniae	MGH332	OXFORD_NANOPORE	GridION	1302553599.0	504536.0	WGS	GENOMIC	SINGLE	Sequencing of Carbapenem resistant bacteria
SRR30868126	SRX26265689	SRS20686632	SRP250705	PRJNA607328	Saccharomyces cerevisiae	missing	OXFORD_NANOPORE	MinION	3094216348.0	624033.0	WGS	GENOMIC	SINGLE	Saccharomyces cerevisiae FELIX_MS366 Nanopore reads
SRR23531256	SRX19423698	SRS16817755	SRP423167	PRJNA935284	Shigella boydii	CIP 58-24	PACBIO_SMRT	Sequel	1587199189.0	228277.0	WGS	GENOMIC	SINGLE	Sequencing of Shigella boydii 12 strain  CIP 58-24
SRR27033709	SRX22725488	SRS19714561	SRP475574	PRJNA1047486	Stenotrophomonas maltophilia	HAMBI_2659	PACBIO_SMRT	Sequel IIe	665286005.0	57800.0	WGS	GENOMIC	SINGLE	Whole genome sequencing of Stenotrophomonas maltophilia HAMBI_2659; long read
SRR5182050	SRX2498158	SRS1925012	SRP096895	PRJNA353873	Mycobacterium tuberculosis		PACBIO_SMRT	PacBio RS	177111867.0	163482.0	WGS	GENOMIC	SINGLE	DNA of Mtb
SRR12161672	SRX8677178	SRS6956265	SRP270604	PRJNA616583	Micromonospora purpureochromogenes	DSM 43814	PACBIO_SMRT	PacBio RS II	3778090553.0	1384913.0	WGS	GENOMIC	SINGLE	Micromonospora brunnea DSM 43814
SRR9221467	SRX5991919	SRS4897057	SRP191068	PRJNA528511	Escherichia coli	GTEN_23	OXFORD_NANOPORE	GridION	911085155.0	213429.0	WGS	GENOMIC	SINGLE	Global TravEpiNet AMR surveillance Genome sequencing and assembly
SRR8466274	SRX5272851	SRS4273181	SRP180858	PRJNA501175	Streptomyces sp. PanSC9	PanSC9	PACBIO_SMRT	PacBio RS II	443593207.0	250996.0	WGS	GENOMIC	SINGLE	Streptomyces sp. PanSC9
SRR30949530	SRX26351954	SRS22817149	SRP536567	PRJNA1165464	Escherichia coli	Not applicable	OXFORD_NANOPORE	MinION	269353959.0	62574.0	WGS	GENOMIC	SINGLE	Nanopore sequencing of E.coli: blood isolate
SRR29015133	SRX24541767	SRS21286495	SRP506715	PRJNA981225	Salmonella enterica subsp. enterica serovar Typhimurium	2016518	OXFORD_NANOPORE	PromethION	1000035282.0	26141.0	WGS	GENOMIC	SINGLE	raw sequence data of Salmonella enterica subsp. enterica serovar Typhimurium 2016518 using third-generation sequencing
SRR12352269	SRX8851763	SRS7113529	SRP274309	PRJNA618228	Caulobacter sp. YL-Caulobacter	YL-Caulobacter	PACBIO_SMRT	PacBio RS II	4033913805.0	525968.0	WGS	GENOMIC	SINGLE	Caulobacter sp. YL-Caulobacter
DRR242224	DRX232024	DRS165267	DRP006773	PRJDB10450	Escherichia coli	Zam_UTH_43	OXFORD_NANOPORE	MinION	293502059.0	61063.0	WGS	GENOMIC	SINGLE	MinION sequencing of SAMD00243985
SRR24140174	SRX19938903	SRS17287612	SRP247747	PRJNA604975	Escherichia coli	ox_bsi_437	OXFORD_NANOPORE	GridION	586903288.0	106810.0	WGS	GENOMIC	SINGLE	oxford_bsi
SRR36298243	SRX31330825	SRS26825898	SRP074197	PRJNA288601	Escherichia coli	2025CK-01107	OXFORD_NANOPORE	GridION	590270212.0	63451.0	WGS	GENOMIC	SINGLE	Nanopore sequencing of ARLN isolate
SRR26132454	SRX21845870	SRS18943435	SRP462357	PRJNA1016912	Streptomyces ambofaciens	SAI-108	PACBIO_SMRT	Sequel IIe	640189483.0	70193.0	WGS	GENOMIC	SINGLE	Streptomyces ambofaciens SAI-108
SRR31121206	SRX26458262	SRS22973335	SRP540221	PRJNA1175893	Moraxella pluranimalium	LG6-2	OXFORD_NANOPORE	MinION	397888510.0	95738.0	WGS	GENOMIC	SINGLE	Porcine Nasal Consortium (PNC8)
SRR30357362	SRX25815389	SRS22141498	SRP074197	PRJNA288601	Klebsiella pneumoniae	2024CK-01046	OXFORD_NANOPORE	GridION	1425222227.0	104144.0	WGS	GENOMIC	SINGLE	Nanopore sequencing of ARLN isolate
SRR30342837	SRX25801312	SRS22432788	SRP528120	PRJNA1150149	Enterobacter cloacae	ST191	OXFORD_NANOPORE	MinION	477263603.0	75005.0	WGS	GENOMIC	SINGLE	ONT long-read sequencing of potential healthcare transmission pathogens
SRR27089209	SRX22778490	SRS19762651	SRP475972	PRJNA1049017	Escherichia coli	KE54	OXFORD_NANOPORE	GridION	625366737.0	165369.0	WGS	GENOMIC	SINGLE	Genomic Sequencing of both Escherichia coli and Enterococcus: recurrent urinary tract infections
SRR15827985	SRX12119812	SRS10099895	SRP336307	PRJNA761884	Klebsiella pneumoniae	X_32	PACBIO_SMRT	PacBio RS II	1341783557.0	163031.0	WGS	GENOMIC	SINGLE	WGS of Escherichia coli: sample C189
SRR16525755	SRX12728244	SRS10336992	SRP357534	PRJNA801415	Enterobacter cloacae	171	OXFORD_NANOPORE	GridION	2879613577.0	252589.0	WGS	GENOMIC	SINGLE	Extensive diversification and dissemination of blaNDM carbapenemase plasmids in Enterobacterales in Singapore 2010-2015
SRR29316742	SRX24833401	SRS21545232	SRP512379	PRJNA1121190	Vibrio cholerae	111Vc08	OXFORD_NANOPORE	PromethION	185781576.0	62465.0	WGS	GENOMIC	SINGLE	WGS of Vcholerae isolates
SRR941251	SRX326512	SRS468192	SRP027574	PRJNA63279	Escherichia coli O157:H7 str. F8092B	F8092B	PACBIO_SMRT	PacBio RS	203874764.0	81741.0	WGS	GENOMIC	SINGLE	Escherichia coli O157:H7 F8092B PacBio C2 CLR
SRR22784916	SRX18744528	SRS16179721	SRP413484	PRJNA912639	Escherichia coli	EC_E11BE_1_E_CuP_CeP	OXFORD_NANOPORE	MinION	168866667.0	24083.0	WGS	GENOMIC	SINGLE	WGS of Escherichia coli
SRR34410456	SRX29574102	SRS25698333	SRP598841	PRJNA1287288	Klebsiella pneumoniae	CPO307	OXFORD_NANOPORE	MinION	395786171.0	26898.0	WGS	GENOMIC	SINGLE	R9.4.1 WGS of bacterial isolate for accuracy benchmarking
SRR28434439	SRX24038747	SRS20831715	SRP497546	PRJNA1091452	Listeria monocytogenes	L-16	OXFORD_NANOPORE	MinION	577694081.0	85070.0	WGS	GENOMIC	SINGLE	ONT performance study sequencing of L. monocytogenes
ERR10498877	ERX10016166	ERS14255917	ERP142629	PRJEB57633	Escherichia coli		OXFORD_NANOPORE	GridION	49937049.0	8204.0	WGS	GENOMIC	SINGLE	Raw reads: ONT_30602_2#287
ERR2225528	ERX2278898	ERS1554595	ERP005928	PRJEB6403	Sebaldella termitidis	NCTC11300	PACBIO_SMRT	PacBio RS	432819379.0	163482.0	WGS	GENOMIC	SINGLE	PacBio RS sequencing
SRR30949518	SRX26351966	SRS22817160	SRP536567	PRJNA1165464	Escherichia coli	Not applicable	OXFORD_NANOPORE	MinION	870174726.0	296000.0	WGS	GENOMIC	SINGLE	Nanopore sequencing of E.coli: blood isolate
SRR25627964	SRX21354830	SRS18599621	SRP454860	PRJNA809637	Pseudomonas sp. LS.1a	LS.1a	OXFORD_NANOPORE	MinION	350005739.0	39706.0	WGS	GENOMIC	SINGLE	Nanopore of  of SAMN26196623
ERR10791283	ERX10240593	ERS2651887	ERP104475	PRJEB22771	Streptococcus pneumoniae		PACBIO_SMRT	Sequel II	3751627381.0	564013.0	WGS	GENOMIC	SINGLE	Sequel II sequencing
ERR10676188	ERX10143952	ERS14333287	ERP143248	PRJEB58185	Campylobacter jejuni		OXFORD_NANOPORE	MinION	279238904.0	463852.0	WGS	GENOMIC	PAIRED	MinION paired end sequencing
SRR30426165	SRX25851645	SRS22408819	SRP527529	PRJNA1143466	Tardiphaga sp. 768_D3_N2_1	768_D3_N2_1	OXFORD_NANOPORE	PromethION	1040360916.0	364398.0	WGS	GENOMIC	SINGLE	Tardiphaga sp. 768_D3_N2_1 nanopore genome sequencing (files compressed once)
SRR12298539	SRX8801528	SRS6792595	SRP266402	PRJNA605147	Escherichia fergusonii	RHB41-C15	OXFORD_NANOPORE	GridION	1287608508.0	369055.0	WGS	GENOMIC	SINGLE	OXFORD_NANOPORE sequencing of Escherichia fergusonii isolate RH01|T3-C15 cultured from Pig faeces sample
ERR4047303	ERX4048436	ERS3340495	ERP113355	PRJEB30866	Escherichia coli		PACBIO_SMRT	Sequel	1946144132.0	570058.0	WGS	GENOMIC	SINGLE	Sequel sequencing
ERR1254199	ERX1325808	ERS945409	ERP010683	PRJEB9562	Salmonella sp.		PACBIO_SMRT	PacBio RS	2415278244.0	163482.0	WGS	GENOMIC	SINGLE	PacBio RS sequencing
SRR23072157	SRX19025308	SRS16444342	SRP417284	PRJNA923396	Micrococcus luteus	E226	PACBIO_SMRT	Sequel II	2191050626.0	257661.0	WGS	GENOMIC	SINGLE	Bacterium isolated from Epichloe mycelia
ERR8282815	ERX7850246	ERS4216673	ERP112565	PRJEB30134	Escherichia coli	cpe098	OXFORD_NANOPORE	MinION	1640276742.0	366285.0	WGS	GENOMIC	SINGLE	MinION sequencing
SRR18729736	SRX14829993	SRS12585925	SRP369762	PRJNA825705	Klebsiella pneumoniae		OXFORD_NANOPORE	MinION	141533312.0	19763.0	WGS	GENOMIC	SINGLE	ONT sequencing of Klebsiella pneumoniae: sample CRE541KLPN
ERR904400	ERX983688	ERS684469	ERP009820	PRJEB8783	Mycobacterium tuberculosis	3565STDY6067019	PACBIO_SMRT	PacBio RS	1015235177.0	163482.0	WGS	GENOMIC	SINGLE	PacBio RS sequencing
SRR4176920	SRX2141517	SRS1673301	SRP086892	PRJNA303777	Pseudomonas kilonensis	DSM 13647	PACBIO_SMRT	PacBio RS	28459229.0	9999.0	WGS	GENOMIC	SINGLE	Pseudomonas kilonensis BS3780
SRR33404845	SRX28646089	SRS24916711	SRP582691	PRJNA1256904	Pseudomonas aeruginosa	missing	OXFORD_NANOPORE	MinION	1041534271.0	135082.0	WGS	GENOMIC	SINGLE	NGS of Pseudomonas isolate
SRR12351487	SRX8850981	SRS7112820	SRP274296	PRJNA618226	Methylobacterium sp. YL-MPn6-2016	YL-MPn6-2016	PACBIO_SMRT	PacBio RS II	2958510403.0	393432.0	WGS	GENOMIC	SINGLE	Methylobacterium sp. YL-MPn6-2016
SRR27352613	SRX23029155	SRS19991039	SRP480168	PRJNA1057299	Clostridioides difficile	cd220317_barcode67	OXFORD_NANOPORE	MinION	15653857.0	11912.0	WGS	GENOMIC	SINGLE	Clostridioides difficile strain cd220317_barcode67
ERR4586366	ERX4520202	ERS5060058	ERP123927	PRJEB40306	Serratia marcescens subsp. marcescens ATCC 13880	ATCC 13880	PACBIO_SMRT	PacBio RS II	801190633.0	163482.0	WGS	GENOMIC	SINGLE	PacBio RS II sequencing; PacBio SMRT sequencing; Evolution of the bacterium Serratia marcescens under several experimental temperature treatments
SRR32972705	SRX28245851	SRS24593515	SRP576427	PRJNA1190511	Yersinia pestis	91053	PACBIO_SMRT	Sequel	597405664.0	45163.0	WGS	GENOMIC	SINGLE	WGS of Yersinia pestis: cultured strain 91053
SRR34973194	SRX30092618	SRS26157653	SRP608514	PRJNA1305037	Klebsiella pneumoniae	MI_KPC_841	OXFORD_NANOPORE	PromethION	396439386.0	91649.0	WGS	GENOMIC	SINGLE	KPC CRE collection from state of Michigan
SRR31024324	SRX26411239	SRS22931191	SRP539092	PRJNA1174068	Vibrio cholerae	mHDM VC82	OXFORD_NANOPORE	PromethION	74339303.0	42234.0	WGS	GENOMIC	SINGLE	WGS of Vcholerae isolates
SRR5839530	SRX3015444	SRS1832371	SRP094480	PRJNA279196	Bordetella pertussis	I263	PACBIO_SMRT	PacBio RS II	1160071486.0	163482.0	WGS	GENOMIC	SINGLE	
SRR15021168	SRX11333054	SRS9374959	SRP326618	PRJNA733324	Desulfovibrio	JY	PACBIO_SMRT	PacBio RS	2265307200.0	7551024.0	WGS	GENOMIC	SINGLE	Desulfovibrio sp. JY
SRR18700808	SRX14801775	SRS12559756	SRP369049	PRJNA696073	Agromyces rhizosphaerae	DSM 14597	PACBIO_SMRT	Sequel II	6366921781.0	902674.0	WGS	GENOMIC	SINGLE	Agromyces rhizospherae DSM 14597
ERR15677732	ERX15082123	ERS26963443	ERP171481	PRJEB88388	Pseudomonas farris	R-90874	OXFORD_NANOPORE	MinION	751184886.0	361148.0	WGS	GENOMIC	SINGLE	Raw reads: Pseudomonas farris R-90874
ERR5984652	ERX5624330	ERS6796334	ERP129449	PRJEB45354	Escherichia coli		OXFORD_NANOPORE	GridION	161068528.0	19660.0	WGS	GENOMIC	SINGLE	GridION sequencing; Raw reads: ONT_30821_1#241
SRR10346111	SRX7055976	SRS5571953	SRP226984	PRJNA554328	Escherichia coli	ecMN1F	PACBIO_SMRT	PacBio RS	764020959.0	100779.0	WGS	GENOMIC	SINGLE	Geneome sequence of Escherichia coli
SRR30284785	SRX25745476	SRS20715772	SRP447847	PRJNA991976	Xanthomonas oryzae pv. oryzae	WHRI 5233	OXFORD_NANOPORE	PromethION	440874524.0	63545.0	WGS	GENOMIC	SINGLE	Genome sequencing of the type strain of Xanthomonas oryzae WHRI 5233
SRR4181330	SRX2142566	SRS1674029	SRP086960	PRJNA303808	Actinopolymorpha singaporensis	DSM 22024	PACBIO_SMRT	PacBio RS	381018697.0	96757.0	WGS	GENOMIC	SINGLE	Actinopolymorpha singaporensis DSM 22024
SRR11675958	SRX8236876	SRS6588008	SRP259751	PRJNA378768	Mycoplasmopsis bovis	NADC61	PACBIO_SMRT	PacBio RS II	1203319405.0	163482.0	WGS	GENOMIC	SINGLE	Whole genome sequencing of Mycoplasma bovis strain NADC61
SRR13790248	SRX10175299	SRS8324234	SRP308340	PRJNA704656	Streptococcus equi subsp. equi	489_009	PACBIO_SMRT	Sequel	1288870104.0	182922.0	WGS	GENOMIC	SINGLE	PacBio whole genome sequencing of Streptococcu equi
ERR13253042	ERX12623665	ERS20229427	ERP161024	PRJEB76496	Klebsiella pneumoniae	Zagreb026	OXFORD_NANOPORE	GridION	205769446.0	136700.0	WGS	GENOMIC	SINGLE	GridION sequencing
SRR28445666	SRX24049235	SRS20840578	SRP497734	PRJNA1077798	Alteromonas gracilis	J4	OXFORD_NANOPORE	MinION	2813136.0	1000.0	WGS	GENOMIC	SINGLE	Alteromonas gracilis strain J4, whole genome Nanopore Sequencing
SRR31486845	SRX26855106	SRS14681653	SRP074197	PRJNA288601	Klebsiella pneumoniae	2018HL-01555	OXFORD_NANOPORE	MinION	943292198.0	77797.0	WGS	GENOMIC	SINGLE	Long read sequencing of carbapenemase producing organisms
ERR12049930	ERX11433108	ERS16377623	ERP149821	PRJEB64629	Psychrobacter celer		OXFORD_NANOPORE	PromethION	2757042919.0	532497.0	WGS	GENOMIC	SINGLE	Psychrobacter celer_oxford_nanopore_ONT
SRR29213749	SRX24733363	SRS19899706	SRP478634	PRJNA1054115	Klebsiella pneumoniae	KPB140	OXFORD_NANOPORE	GridION	655738656.0	205897.0	WGS	GENOMIC	SINGLE	Long reads sequencing of invasive Klebsiella pneumoniae
SRR25737071	SRX21460469	SRS18696053	SRP456571	PRJNA1006650	Bacteroides fragilis	GS077	OXFORD_NANOPORE	GridION	1181681275.0	110976.0	WGS	GENOMIC	SINGLE	WGS of Bacteroides fragilis GS077_Nanopore: isolated from fecal sample
ERR10498670	ERX10015959	ERS14255801	ERP142629	PRJEB57633	Escherichia coli		OXFORD_NANOPORE	GridION	79811580.0	15410.0	WGS	GENOMIC	SINGLE	Raw reads: ONT_30602_1#218
SRR16525729	SRX12728270	SRS10336798	SRP357534	PRJNA801415	Klebsiella pneumoniae	15	OXFORD_NANOPORE	GridION	973567157.0	218012.0	WGS	GENOMIC	SINGLE	Extensive diversification and dissemination of blaNDM carbapenemase plasmids in Enterobacterales in Singapore 2010-2015
SRR27136112	SRX22817946	SRS18606103	SRP395888	PRJNA812595	Campylobacter jejuni	PNUSAC038193	OXFORD_NANOPORE	GridION	449595598.0	84617.0	WGS	GENOMIC	SINGLE	Nanopore sequencing of PULSENET isolate
ERR3685921	ERX3675525	ERS4047722	ERP114207	PRJEB31632	bacterium		OXFORD_NANOPORE	GridION	615599911.0	103011.0	WGS	GENOMIC	SINGLE	GridION sequencing
ERR10676310	ERX10144074	ERS14333409	ERP143248	PRJEB58185	Campylobacter jejuni		OXFORD_NANOPORE	MinION	236671484.0	393142.0	WGS	GENOMIC	PAIRED	MinION paired end sequencing
SRR17210259	SRX13390251	SRS11290156	SRP350362	PRJNA788148	Citrobacter amalonaticus	B2s	OXFORD_NANOPORE	MinION	62482620.0	8521.0	WGS	GENOMIC	SINGLE	B2_r2_standard_7h
SRR26807493	SRX22504739	SRS19517406	SRP471535	PRJNA1002862	Serratia marcescens	SM08	OXFORD_NANOPORE	MinION	302113858.0	86542.0	WGS	GENOMIC	SINGLE	WGS of GES-6 positive Serratia marcescens
SRR8306569	SRX5121071	SRS473966	SRP029273	PRJNA167393	Salmonella enterica subsp. enterica serovar Havana	CFSAN001082	PACBIO_SMRT	Sequel	226307059.0	35904.0	WGS	GENOMIC	SINGLE	Whole genome PacBio Sequel sequence of Salmonella enterica subsp. enterica serovar Havana
SRR26465523	SRX22169434	SRS19227326	SRP467862	PRJNA1000275	Neisseria gonorrhoeae	2020N07-265	OXFORD_NANOPORE	MinION	353592771.0	63966.0	WGS	GENOMIC	SINGLE	VP88
SRR24087964	SRX19888654	SRS17242684	SRP431209	PRJNA952813	Brucella abortus	Y11_MNG	OXFORD_NANOPORE	MinION	7578342.0	3813.0	WGS	GENOMIC	SINGLE	WGS of Brucella abortus: uterus swab of aborted yak
SRR33528136	SRX28762589	SRS15473591	SRP584580	PRJNA1261832	Klebsiella pneumoniae	K0978	OXFORD_NANOPORE	GridION	17642828.0	10000.0	WGS	GENOMIC	SINGLE	Sequencing of Multidrug-Resistant Klebsiella pneumoniae
SRR12699747	SRX9179252	SRS7416475	SRP285140	PRJNA616029	Vibrio cholerae	NER/2011/116	OXFORD_NANOPORE	MinION	1722979893.0	328397.0	WGS	GENOMIC	SINGLE	Oxford Nanopore sequencing of Vibrio cholerae
SRR14628241	SRX10968932	SRS8660055	SRP321015	PRJNA731114	Pseudomonas aeruginosa	PaLo310	OXFORD_NANOPORE	MinION	817188439.0	135961.0	WGS	GENOMIC	SINGLE	Nanopore sequencing of Pseudomonas aeruginosa isolates
SRR13268783	SRX9698934	SRS2752442	SRP255650	PRJNA605356	Salmonella enterica	VA-WGS-17107	OXFORD_NANOPORE	MinION	999417965.0	227267.0	WGS	GENOMIC	SINGLE	Whole genome shotgun sequencing of Salmonella enterica by Oxford Nanopore MinION
SRR5181857	SRX2497966	SRS1924819	SRP096895	PRJNA353873	Mycobacterium tuberculosis		PACBIO_SMRT	PacBio RS	473681887.0	163482.0	WGS	GENOMIC	SINGLE	DNA of Mtb
SRR30949433	SRX26352051	SRS22817121	SRP536567	PRJNA1165464	Escherichia coli	Not applicable	OXFORD_NANOPORE	MinION	442797608.0	64975.0	WGS	GENOMIC	SINGLE	Nanopore sequencing of E.coli: blood isolate
SRR28445761	SRX24049140	SRS20840578	SRP497734	PRJNA1077798	Alteromonas gracilis	J4	OXFORD_NANOPORE	MinION	2831767.0	1000.0	WGS	GENOMIC	SINGLE	Alteromonas gracilis strain J4, whole genome Nanopore Sequencing
ERR13326765	ERX12697793	ERS20295403	ERP161282	PRJEB76791	Salmonella enterica subsp. enterica serovar Agona		OXFORD_NANOPORE	MinION	339189500.0	93278.0	WGS	GENOMIC	SINGLE	MinION sequencing
SRR29316743	SRX24833400	SRS21545230	SRP512379	PRJNA1121190	Vibrio cholerae	111Vc07	OXFORD_NANOPORE	PromethION	251044207.0	179110.0	WGS	GENOMIC	SINGLE	WGS of Vcholerae isolates
DRR572564	DRX556031	DRS426417	DRP012251	PRJDB17574	Escherichia coli	YK-IS1MA-L02-2_G20	OXFORD_NANOPORE	MinION	162431078.0	10400.0	WGS	GENOMIC	SINGLE	nanopore-seq of SAMD00748234 L02-2_G20
SRR35628868	SRX30685166	SRS26704580	SRP627750	PRJNA1333901	Peribacillus sp. GL_122	GL_122	OXFORD_NANOPORE	MinION	419398844.0	64015.0	WGS	GENOMIC	SINGLE	Oxford Nanopore sequences of cultivable bacteria collected in an iron ore mine and a crystal cave
SRR27201496	SRX22881508	SRS19853918	SRP477847	PRJNA1052100	Klebsiella pneumoniae	K37	OXFORD_NANOPORE	MinION	317922185.0	149657.0	WGS	GENOMIC	SINGLE	ONT R9.4.1 sequences of Klebsiella pneumoniae from clinical sources in Ghana
SRR33678026	SRX28904462	SRS25129868	SRP587223	PRJNA1266407	Kluyvera cryocrescens	MB101	OXFORD_NANOPORE	PromethION	647451059.0	138107.0	WGS	GENOMIC	SINGLE	Nanopore-WGS of K. cryocrescens MB101
SRR32610399	SRX27915785	SRS24273886	SRP568450	PRJNA1228643	Burkholderia ambifaria	R-30	OXFORD_NANOPORE	GridION	197604605.0	22774.0	WGS	GENOMIC	SINGLE	ONT WGS of Burkholderia R-30
ERR10121331	ERX9658395	ERS12841969	ERP139464	PRJEB54630	Escherichia coli		OXFORD_NANOPORE	MinION	460235432.0	162381.0	WGS	GENOMIC	SINGLE	MinION sequencing; Raw reads: 21058774-18_long_read
SRR9722818	SRX6480390	SRS5130454	SRP215816	PRJNA470993	Staphylococcus aureus	pt230	PACBIO_SMRT	PacBio RS II	977601505.0	149622.0	WGS	GENOMIC	SINGLE	WGS of Staphylococcus aureus
SRR30896350	SRX26299671	SRS22828393	SRP536878	PRJNA1134622	Escherichia coli	OXEC-32	OXFORD_NANOPORE	MinION	188844228.0	60318.0	WGS	GENOMIC	SINGLE	OXEC-32
SRR13269083	SRX9699374	SRS7895415	SRP272861	PRJNA646575	Bacteroides fragilis		OXFORD_NANOPORE	GridION	187756559.0	42160.0	WGS	GENOMIC	SINGLE	WGS  of Bacteroides fragilis group clinical isolates
SRR516834	SRX148633	SRS281882	SRP013241	PRJNA73829	Vibrio cholerae		PACBIO_SMRT	PacBio RS	105255684.0	60667.0	WGS	GENOMIC	SINGLE	Whole Genome Sequencing of Haitian Vibrio cholerae: Continuous Long Read (CLR) data
SRR22405909	SRX18375592	SRS15861915	SRP409699	PRJNA887339	Escherichia coli	R7	OXFORD_NANOPORE	MinION	751807372.0	254772.0	WGS	GENOMIC	SINGLE	WGS of E. coli strain R7-S2K78
SRR35674212	SRX30725818	SRS26742374	SRP561673	PRJNA1219398	Pasteurella multocida	182210	OXFORD_NANOPORE	MinION	84019438.0	31596.0	WGS	GENOMIC	SINGLE	DNA-Seq of Pasteurella multocida 182210
SRR19521910	SRX15574253	SRS13277049	SRP378180	PRJNA646039	Pseudomonas chlororaphis subsp. aurantiaca	YS05	PACBIO_SMRT	Sequel	1355389500.0	132921.0	WGS	GENOMIC	SINGLE	whole genome sequence of Pseudomonas chlororaphis subsp. aurantiaca YS05
SRR388563	SRX110934	SRS000865	SRP000263	PRJNA32795	Neisseria gonorrhoeae MS11	MS11	PACBIO_SMRT	PacBio RS	42302447.0	81741.0	WGS	GENOMIC	SINGLE	Whole Genome Sequencing and Assembly
SRR13385966	SRX9805463	SRS7989538	SRP300861	PRJNA663900	Enterococcus sp. AZ063	AZ063	OXFORD_NANOPORE	GridION	871948408.0	375419.0	WGS	GENOMIC	SINGLE	Zoo 3 Enterococcus Diversity Genome sequencing and assembly
ERR5295527	ERX5085152	ERS5649925	ERP126298	PRJEB42440	Klebsiella pneumoniae		OXFORD_NANOPORE	GridION	896186181.0	105079.0	WGS	GENOMIC	SINGLE	GridION sequencing
ERR2532399	ERX2550820	ERS2419225	ERP005928	PRJEB6403	Pseudomonas aeruginosa	NCTC7452	PACBIO_SMRT	PacBio RS	2471050162.0	163482.0	WGS	GENOMIC	SINGLE	PacBio RS sequencing
SRR28789476	SRX24353757	SRS21111608	SRP503747	PRJNA935790	Escherichia coli	UTME-11	OXFORD_NANOPORE	PromethION	1678293082.0	251949.0	WGS	GENOMIC	SINGLE	WGS of E. coli O45 serogroup
SRR30149274	SRX25617359	SRS21937392	SRP518730	PRJNA1133668	Klebsiella pneumoniae	ST258KP121	OXFORD_NANOPORE	MinION	218395807.0	26494.0	WGS	GENOMIC	SINGLE	Nanopore sequencing of clinical CRE isolates: human
ERR1940986	ERX2001519	ERS1424487	ERP005928	PRJEB6403	Moraxella lacunata	NCTC11011	PACBIO_SMRT	PacBio RS	763386988.0	163482.0	WGS	GENOMIC	SINGLE	PacBio RS sequencing
SRR12298953	SRX8802260	SRS6792127	SRP266402	PRJNA605147	Escherichia coli	RHB14-C15	OXFORD_NANOPORE	GridION	1294162508.0	314179.0	WGS	GENOMIC	SINGLE	OXFORD_NANOPORE sequencing of Escherichia coli isolate RH04|T1-C15 cultured from Pig faeces sample
SRR18593561	SRX14722156	SRS12484261	SRP366656	PRJNA821238	Staphylococcus aureus		PACBIO_SMRT	Sequel II	802022.0	221.0	WGS	GENOMIC	SINGLE	Staphylococcus aureus SK2-mgrA-PacBio
DRR629198	DRX609525	DRS438747	DRP012484	PRJDB19189	Mycobacterium intracellulare subsp. intracellulare	GA68605	OXFORD_NANOPORE	MinION	371321956.0	42523.0	WGS	GENOMIC	SINGLE	MinION sequencing of SAMD00833249
DRR520579	DRX504465	DRS473556	DRP013285	PRJDB17279	Staphylococcus aureus	JARB-OU3050	OXFORD_NANOPORE	GridION	660369006.0	22517.0	WGS	GENOMIC	SINGLE	GridION sequencing of SAMD00726464
SRR26465468	SRX22169489	SRS19227334	SRP467862	PRJNA1000275	Acinetobacter pittii	2014S07-126	OXFORD_NANOPORE	MinION	780661318.0	111417.0	WGS	GENOMIC	SINGLE	VP9
ERR15700306	ERX15104542	ERS26771543	ERP179457	PRJEB96843	Salmonella enterica subsp. enterica serovar Infantis		OXFORD_NANOPORE	MinION	72825494.0	5317.0	WGS	GENOMIC	SINGLE	MinION sequencing
SRR13380371	SRX9803199	SRS7987487	SRP300808	PRJNA649533	Salmonella enterica		OXFORD_NANOPORE	GridION	664177391.0	130648.0	WGS	GENOMIC	SINGLE	ISF salmonella
SRR7054534	SRX3985571	SRS3210342	SRP142184	PRJNA442835	Xanthomonas vasicola	BLS185	PACBIO_SMRT	PacBio RS II	565761198.0	103083.0	WGS	GENOMIC	SINGLE	Xanthomonas vasicola pv. holcicola BLS185
SRR26950798	SRX22644408	SRS19641537	SRP474291	PRJNA1043871	Bacillus sp. PBL-C9	PBL-C9	OXFORD_NANOPORE	MinION	48402.0	14.0	WGS	GENOMIC	SINGLE	Bacillus sp. PBL-C9 Genome sequencing and assembly
SRR22550183	SRX18513730	SRS15982768	SRP309589	PRJNA707214	Escherichia coli		OXFORD_NANOPORE	GridION	3678018569.0	457942.0	WGS	GENOMIC	SINGLE	WGS of E.coli from human stool
SRR15600650	SRX11898177	SRS9615862	SRP330217	PRJNA750123	Escherichia coli O157:H7	6535WT	PACBIO_SMRT	PacBio RS II	668068845.0	65288.0	WGS	GENOMIC	SINGLE	WGS of Escherichia coli 6536WT
ERR690968	ERX635948	ERS523591	ERP005928	PRJEB6403	Klebsiella pneumoniae subsp. pneumoniae	NCTC9494	PACBIO_SMRT	PacBio RS	457274993.0	163482.0	WGS	GENOMIC	SINGLE	PacBio RS sequencing
ERR950064	ERX1029049	ERS702127	ERP005928	PRJEB6403	Klebsiella grimontii	NCTC9149	PACBIO_SMRT	PacBio RS	562512855.0	163482.0	WGS	GENOMIC	SINGLE	PacBio RS sequencing
SRR6818718	SRX3775663	SRS1256932	SRP068738	PRJNA292900	Serratia marcescens	AR_0099	PACBIO_SMRT	PacBio RS II	551456460.0	163482.0	WGS	GENOMIC	SINGLE	PacBio SMRT Sequencing of Serratia marcescens FDA-CDC-AR_0099 Genomic Library
ERR718784	ERX662706	ERS538524	ERP005928	PRJEB6403	Klebsiella pneumoniae	NCTC13442	PACBIO_SMRT	PacBio RS	1024255356.0	163482.0	WGS	GENOMIC	SINGLE	PacBio RS sequencing
SRR33738969	SRX28962831	SRS24533463	SRP074197	PRJNA288601	Klebsiella pneumoniae		OXFORD_NANOPORE	GridION	711361116.0	64753.0	WGS	GENOMIC	SINGLE	Nanopore sequencing of ARLN isolate
SRR27973021	SRX23626144	SRS20465838	SRP489819	PRJNA1076692	Klebsiella pneumoniae	RIVM_C059189_rerio	OXFORD_NANOPORE	MinION	145168837.0	35165.0	WGS	GENOMIC	SINGLE	RIVM_C059189_rerio
ERR4763189	ERX4636242	ERS5247966	ERP124695	PRJEB40976	Enterococcus faecalis		OXFORD_NANOPORE	GridION	893998936.0	47517.0	WGS	GENOMIC	SINGLE	GridION sequencing; Raw reads: 28157_4#332
SRR26255275	SRX21965273	SRS3530510	SRP102667	PRJNA292664	Campylobacter jejuni	CVM N17C639	OXFORD_NANOPORE	MinION	35129204.0	2099.0	WGS	GENOMIC	SINGLE	Complete Genome of Campylobacter CVM N17C639
SRR16525669	SRX12728330	SRS10336823	SRP357534	PRJNA801415	Klebsiella pneumoniae	11	OXFORD_NANOPORE	GridION	1006383897.0	210544.0	WGS	GENOMIC	SINGLE	Extensive diversification and dissemination of blaNDM carbapenemase plasmids in Enterobacterales in Singapore 2010-2015
SRR36920120	SRX31886245	SRS27841210	SRP665298	PRJNA1403646	Streptococcus sanguinis	not applicable	OXFORD_NANOPORE	MinION	141755073.0	104742.0	WGS	GENOMIC	SINGLE	Long Reads for The Genomic Landscape of Head and Neck Cancer-associated Streptococci
SRR30940510	SRX26343249	SRS22868760	SRP537659	PRJNA1078524	Streptococcus salivarius	KSS9	PACBIO_SMRT	Sequel II	674862274.0	71566.0	WGS	GENOMIC	SINGLE	Streptococcus salivarius strain:KSS9 Genome sequencing
SRR29777159	SRX25277237	SRS21961036	SRP519287	PRJNA1134122	Listeria monocytogenes	N16-2501	OXFORD_NANOPORE	MinION	618721611.0	137353.0	WGS	GENOMIC	SINGLE	Long read WGS of Listeria monocytogenes: isolate N16-2501
SRR21563522	SRX17565872	SRS14987098	SRP354045	PRJNA747871	Streptomyces cellulosae	NBC 01703	OXFORD_NANOPORE	MinION	611965305.0	83039.0	WGS	GENOMIC	SINGLE	nanopore sequencing data from strain NBC_01703
SRR25299306	SRX21042883	SRS18314777	SRP449794	PRJNA995360	Yersinia pestis	S0098	PACBIO_SMRT	Sequel	4607701.0	171.0	WGS	GENOMIC	SINGLE	WGS of Yersinia pestis
SRR26193463	SRX21904959	SRS18990961	SRP463451	PRJNA1021585	Mycobacterium tuberculosis	2	OXFORD_NANOPORE	PromethION	1891923014.0	920405.0	WGS	GENOMIC	SINGLE	PreXDR-TB
SRR11067021	SRX7707383	SRS6131091	SRP248187	PRJNA546963	Pseudomonas chlororaphis	JK12	PACBIO_SMRT	Sequel	1545664596.0	333738.0	WGS	GENOMIC	SINGLE	Pseudomonas chlororaphis JK12
SRR8506728	SRX5310578	SRS4307914	SRP182913	PRJNA506718	Avibacterium paragallinarum	FARPER-174	PACBIO_SMRT	PacBio RS II	1438621346.0	163482.0	WGS	GENOMIC	SINGLE	FARPER-174
ERR4763186	ERX4636239	ERS5247924	ERP124695	PRJEB40976	Enterococcus faecalis		OXFORD_NANOPORE	GridION	700082758.0	36326.0	WGS	GENOMIC	SINGLE	GridION sequencing; Raw reads: 28157_4#317
SRR30149258	SRX25617375	SRS21937468	SRP518730	PRJNA1133668	Klebsiella pneumoniae	ST258KP151	OXFORD_NANOPORE	MinION	182221374.0	14647.0	WGS	GENOMIC	SINGLE	Nanopore sequencing of clinical CRE isolates: human
ERR10496616	ERX10013935	ERS14249000	ERP142629	PRJEB57633	Escherichia coli		OXFORD_NANOPORE	GridION	89467511.0	14418.0	WGS	GENOMIC	SINGLE	Raw reads: ONT_30134_6#104
SRR36919957	SRX31886270	SRS27841236	SRP665298	PRJNA1403646	Enterobacter hormaechei	not applicable	OXFORD_NANOPORE	MinION	160149600.0	78902.0	WGS	GENOMIC	SINGLE	Long Reads for The Genomic Landscape of Head and Neck Cancer-associated Streptococci
SRR386996	SRX109926	SRS281278	SRP001087	PRJNA40075	Escherichia coli str. K-12 substr. MG1655	K-12	PACBIO_SMRT	PacBio RS	76154670.0	81741.0	WGS	GENOMIC	SINGLE	Whole Genome Sequencing and Assembly
SRR35224272	SRX30327966	SRS26372333	SRP616549	PRJNA1314197	Mycobacterium tuberculosis	not applicable	OXFORD_NANOPORE	PromethION	350113169.0	112198.0	WGS	GENOMIC	SINGLE	Adaptive sampling of M. tb DNA mixture (10% Resistant), Rep 1
SRR3750613	SRX1904179	SRS1546179	SRP078085	PRJNA246204	Methylomarinum vadi	IT-4	PACBIO_SMRT	PacBio RS	190085172.0	66552.0	WGS	GENOMIC	SINGLE	Methylomarinum vadi IT-4
SRR23434687	SRX19348495	SRS16746015	SRP422161	PRJNA780364	Xylella fastidiosa subsp. multiplex	CFBP8435	PACBIO_SMRT	PacBio RS II	2940065223.0	163482.0	WGS	GENOMIC	SINGLE	Xylella fastidiosa subsp. multiplex CFBP8435
SRR16525733	SRX12728266	SRS10336794	SRP357534	PRJNA801415	Klebsiella pneumoniae	14	OXFORD_NANOPORE	GridION	455888117.0	83830.0	WGS	GENOMIC	SINGLE	Extensive diversification and dissemination of blaNDM carbapenemase plasmids in Enterobacterales in Singapore 2010-2015
SRR10053311	SRX6787231	SRS5333236	SRP220006	PRJNA546934	Mycolicibacterium fluoranthenivorans	DSM 44556	PACBIO_SMRT	Sequel	883827561.0	330030.0	WGS	GENOMIC	SINGLE	Mycobacterium fluoranthenivorans DSM 44556
SRR24062778	SRX19864097	SRS17220119	SRP430807	PRJNA952137	Staphylococcus aureus	BE-MSSA12	OXFORD_NANOPORE	MinION	8392107.0	2540.0	WGS	GENOMIC	SINGLE	Long read Illumina sequencing of Staphylococcus aureus BE-MSSA12
ERR985349	ERX1066570	ERS739094	ERP005928	PRJEB6403	Klebsiella pneumoniae	NCTC5052	PACBIO_SMRT	PacBio RS	1076889392.0	163482.0	WGS	GENOMIC	SINGLE	PacBio RS sequencing
SRR33251887	SRX28497841	SRS24815225	SRP580503	PRJNA1254181	Escherichia coli		OXFORD_NANOPORE	MinION	617607340.0	105214.0	WGS	GENOMIC	SINGLE	long read whole genome sequencing of Escherichia coli: rectal swab
SRR12898363	SRX9363328	SRS817069	SRP047086	PRJNA200694	Homo sapiens		OXFORD_NANOPORE	MinION	51293546.0	14700.0	WGS	GENOMIC	SINGLE	WGS of Genome in a Bottle HG002 on Nanopore MinION with the Flongle flow cell within             the NGS2 Study
SRR386385	SRX109880	SRS212335	SRP007231	PRJNA49881	Scardovia wiggsiae F0424	F0424	PACBIO_SMRT	PacBio RS	87455151.0	81741.0	WGS	GENOMIC	SINGLE	Whole Genome Sequencing and Assembly
SRR18729602	SRX14830127	SRS12585892	SRP369762	PRJNA825705	Klebsiella pneumoniae	ST-15	OXFORD_NANOPORE	MinION	10266125138.0	1174949.0	WGS	GENOMIC	SINGLE	ONT sequencing of Klebsiella pneumoniae: sample KLPN-75
ERR11749513	ERX11148845	ERS15539344	ERP147189	PRJEB62104	Escherichia coli		OXFORD_NANOPORE	MinION	2949089774.0	918891.0	WGS	GENOMIC	SINGLE	MinION sequencing
SRR30399592	SRX25825810	SRS22234802	SRP523841	PRJNA1143391	Bradyrhizobium	956_D2_N1_5	OXFORD_NANOPORE	PromethION	2000552631.0	462197.0	WGS	GENOMIC	SINGLE	Bradyrhizobium sp. 956_D2_N1_5 nanopore genome sequencing
SRR9989943	SRX6729331	SRS5281197	SRP218621	PRJNA560592	Neisseria gonorrhoeae	SX2018040	OXFORD_NANOPORE	MinION	213791690.0	39451.0	WGS	GENOMIC	SINGLE	NG starin ShaanXi2018040 sequenced by MinION (azi:256) raw
SRR17187322	SRX13370314	SRS11274900	SRP302373	PRJNA693273	Paenarthrobacter nicotinovorans	nic-	OXFORD_NANOPORE	MinION	524233489.0	58746.0	WGS	GENOMIC	SINGLE	gDNA of Paenarthrobacter nicotinovorans,  lab strain, without pAO1 plasmid long reads sequencing
SRR36722099	SRX31726394	SRS27695030	SRP660603	PRJNA1398820	Escherichia coli BL21(DE3)	BL21 (DE3)	OXFORD_NANOPORE	MinION	435773907.0	168087.0	WGS	GENOMIC	SINGLE	Whole-genome sequencing of phage-resistant E. coli BL21(DE3)
SRR34973500	SRX30092825	SRS26157797	SRP608514	PRJNA1305037	Citrobacter freundii	MI_KPC_94	OXFORD_NANOPORE	PromethION	305521120.0	79400.0	WGS	GENOMIC	SINGLE	KPC CRE collection from state of Michigan
ERR772453	ERX715332	ERS647569	ERP005928	PRJEB6403	Providencia rustigianii	NCTC6933	PACBIO_SMRT	PacBio RS	125254246.0	163482.0	WGS	GENOMIC	SINGLE	PacBio RS sequencing
SRR22859972	SRX18818611	SRS16251776	SRP414408	PRJNA914892	Staphylococcus aureus	C149	OXFORD_NANOPORE	MinION	49608410.0	14901.0	WGS	GENOMIC	SINGLE	Long read ONT WGS of Staphylococcus aureus isolates from Chronic Rhinosinusitis Patients
SRR4176999	SRX2141597	ERS1460866	SRP086911	PRJNA303683	Micromonospora viridifaciens	DSM 43909	PACBIO_SMRT	PacBio RS	642300034.0	150650.0	WGS	GENOMIC	SINGLE	Micromonospora viridifaciens DSM 43909
SRR388158	SRX110624	SRS281881	SRP001137	PRJNA52007	Mycobacterium tuberculosis KZN 1435	KZN MDR	PACBIO_SMRT	PacBio RS	84559632.0	81741.0	WGS	GENOMIC	SINGLE	Whole Genome Sequencing and Assembly
SRR12825897	SRX9293534	SRS7519897	SRP040661	PRJNA231221	Staphylococcus felis	FDAARGOS_1014	PACBIO_SMRT	PacBio RS	483504137.0	163482.0	WGS	GENOMIC	SINGLE	
SRR36911172	SRX31881471	SRS27836481	SRP519339	PRJNA1004202	Streptomyces sp.		OXFORD_NANOPORE	MinION	443757042.0	121210.0	WGS	GENOMIC	SINGLE	Genome sequencing of RLA010 [RHK-2039]
SRR989493	SRX352897	SRS481725	SRP030013	PRJNA203573	Mycobacterium avium MAV_061107_1842	MAV_061107_1842	PACBIO_SMRT	PacBio RS	339405482.0	81741.0	WGS	GENOMIC	SINGLE	
SRR29820025	SRX25318926	SRS21988535	SRP519730	PRJNA1135485	Salmonella		OXFORD_NANOPORE	MinION	1454969879.0	257822.0	WGS	GENOMIC	SINGLE	WGS Salmonella isolates from cattle
SRR3440238	SRX1726643	SRS1412072	SRP073916	PRJNA310335	Alkalithermobacter thermoalcaliphilus JW-YL-7 = DSM 7308	JW-YL-7	PACBIO_SMRT	PacBio RS II	828355003.0	163482.0	WGS	GENOMIC	SINGLE	Clostridium paradoxum JW-YL-7 PacBio Sequencing
ERR2192968	ERX2249083	ERS1826202	ERP005928	PRJEB6403	Nocardiopsis dassonvillei	NCTC10488	PACBIO_SMRT	PacBio RS	1067916180.0	163482.0	WGS	GENOMIC	SINGLE	PacBio RS sequencing
SRR34580169	SRX29721767	SRS25829405	SRP601806	PRJNA1123745	Escherichia coli	729_180914_36S	OXFORD_NANOPORE	MinION	491230563.0	125200.0	WGS	GENOMIC	SINGLE	Nanopore long read sequencing for the fully closed genome for the sample
SRR15988989	SRX12277878	SRS9998817	SRP357537	PRJNA801416	Enterobacter bugandensis	E231	OXFORD_NANOPORE	GridION	1833597276.0	198816.0	WGS	GENOMIC	SINGLE	Whole Genome Sequencing of Carbapenemase-producing Enterobacterales (CPE)
SRR30465536	SRX25890667	SRS22488919	SRP529298	PRJNA1140005	Leptotrichia mesophila	HSP-342	OXFORD_NANOPORE	PromethION	1265572200.0	4218574.0	WGS	GENOMIC	SINGLE	DNA-Seq of Fusobacteria:human oral cavity
SRR14859977	SRX11177808	SRS9235495	SRP324571	PRJNA734910	Streptococcus pneumoniae	PP16	PACBIO_SMRT	Sequel	1057480251.0	122873.0	WGS	GENOMIC	SINGLE	WGS of Streptococcus pneumoniae
SRR33738981	SRX28962819	SRS24387101	SRP074197	PRJNA288601	Klebsiella pneumoniae		OXFORD_NANOPORE	GridION	1096220830.0	127363.0	WGS	GENOMIC	SINGLE	Nanopore sequencing of ARLN isolate
SRR14555479	SRX10898845	SRS8991220	SRP300861	PRJNA663900	Enterococcus sp. AZ109	AZ109	OXFORD_NANOPORE	GridION	3487539746.0	1240882.0	WGS	GENOMIC	SINGLE	Global TravEpiNet AMR surveillance Genome sequencing and assembly
SRR32179899	SRX27525131	SRS23942916	SRP546704	PRJNA1189028	Staphylococcus aureus	PS03176	OXFORD_NANOPORE	MinION	30840934.0	32647.0	WGS	GENOMIC	SINGLE	WGS of bacterial isolate: Environmental isolate
SRR1618482	SRX738008	SRS725923	SRP049119	PRJNA244014	Burkholderia cenocepacia	DDS 22E-1	PACBIO_SMRT	PacBio RS	1104517068.0	715275.0	WGS	GENOMIC	SINGLE	PacBio Data for Burkholderia cenocepacia DDS 22E-1
DRR657954	DRX638235	DRS426367	DRP012251	PRJDB17574	Escherichia coli	YK-IS1MA-L11_Anc	OXFORD_NANOPORE	MinION	177761953.0	11166.0	WGS	GENOMIC	SINGLE	nanopore-seq of SAMD00748184 L11_Anc
SRR25778598	SRX21501218	SRS18732666	SRP457287	PRJNA1010209	Mycobacterium tuberculosis	TDR144	OXFORD_NANOPORE	MinION	664915679.0	264207.0	WGS	GENOMIC	SINGLE	WGS from TDR144 Oxford Nanopore
SRR23607759	SRX19492654	SRS16882851	SRP424362	PRJNA928372	Pseudomonas fungipugnans	681	PACBIO_SMRT	Sequel	202186240.0	40199.0	WGS	GENOMIC	SINGLE	raw Pacbio reads for Pseudomonas #681
SRR32814726	SRX28098195	SRS24455164	SRP572308	PRJNA1240462	Klebsiella pneumoniae	PL1D23C16P	PACBIO_SMRT	PacBio RS II	980401787.0	85050.0	WGS	GENOMIC	SINGLE	pacbio-seq of Klebsiella
SRR27379337	SRX23055714	SRS20015714	SRP480616	PRJNA1055176	Escherichia coli	Not available	OXFORD_NANOPORE	MinION	1255950633.0	195013.0	WGS	GENOMIC	SINGLE	Whole genome sequence of E. coli
ERR1007450	ERX1086474	ERS743506	ERP003770	PRJEB4477	Streptococcus pneumoniae	23F P833	PACBIO_SMRT	PacBio RS	877165737.0	163482.0	WGS	GENOMIC	SINGLE	PacBio RS sequencing
ERR3685970	ERX3675574	ERS4047771	ERP114207	PRJEB31632	bacterium		OXFORD_NANOPORE	GridION	737444276.0	127658.0	WGS	GENOMIC	SINGLE	GridION sequencing
SRR33968446	SRX29167150	SRS25367646	SRP591870	PRJNA1276484	Mycobacteroides abscessus		OXFORD_NANOPORE	MinION	1690472719.0	336739.0	WGS	GENOMIC	SINGLE	CW29481
SRR28402961	SRX24007521	SRS20803735	SRP496844	PRJNA1090259	Staphylococcus aureus	DDU2_2	OXFORD_NANOPORE	GridION	713379210.0	60380.0	WGS	GENOMIC	SINGLE	WGS of MRSA
SRR30188673	SRX25654202	SRS22297003	SRP458186	PRJNA1012291	Staphylococcus	Staphylococcus aureus	OXFORD_NANOPORE	MinION	373654497.0	470234.0	WGS	GENOMIC	SINGLE	Nanopore sequencing data of MRSA
SRR12900733	SRX9365771	SRS7587983	SRP288632	PRJNA672116	Campylobacter hepaticus	USA52	OXFORD_NANOPORE	GridION	51749814.0	4000.0	WGS	GENOMIC	SINGLE	Nanopore_seq-USA52
ERR1173483	ERX1246912	ERS846863	ERP005928	PRJEB6403	Escherichia coli	NCTC4450	PACBIO_SMRT	PacBio RS	2463204060.0	163482.0	WGS	GENOMIC	SINGLE	PacBio RS sequencing
SRR11568976	SRX8137907	SRS6501074	SRP255655	PRJNA622823	Xanthomonas campestris pv. badrii	NEB122	PACBIO_SMRT	PacBio RS II	1197098711.0	163482.0	WGS	GENOMIC	SINGLE	SMRTXbaI
SRR10874393	SRX7544123	SRS6005929	SRP241649	PRJNA600743	[Micrococcus luteus] ATCC 49442	ATCC 49442	OXFORD_NANOPORE	GridION	3826866469.0	276159.0	WGS	GENOMIC	SINGLE	DNA seq of Pseudarthrobacter ATCC 49442
SRR16089788	SRX12376144	SRS10347031	SRP151364	PRJNA477706	Moraxella bovis	SAM57926	PACBIO_SMRT	PacBio RS II	158693256.0	47636.0	WGS	GENOMIC	SINGLE	Sequencing Moraxella genomes
SRR9646958	SRX6408536	SRS5066003	SRP213161	PRJNA547289	Saccharothrix saharensis	DSM 45456	PACBIO_SMRT	Sequel	2620384144.0	1442885.0	WGS	GENOMIC	SINGLE	Saccharothrix saharensis DSM 45456
SRR24139821	SRX19938584	SRS17287294	SRP247747	PRJNA604975	Escherichia coli	ox_bsi_366	OXFORD_NANOPORE	GridION	193732778.0	136720.0	WGS	GENOMIC	SINGLE	oxford_bsi
ERR15602720	ERX15005944	ERS26882988	ERP180185	PRJEB97707	Escherichia coli		OXFORD_NANOPORE	MinION	264280898.0	33949.0	WGS	GENOMIC	SINGLE	MinION sequencing
SRR8916351	SRX5697685	SRS3414854	SRP150454	PRJNA437673	Auritidibacter sp. NML130574	NML130574	PACBIO_SMRT	PacBio RS II	3279306502.0	163482.0	WGS	GENOMIC	PAIRED	Auritidibacterignavus complete genome
ERR11749494	ERX11148826	ERS15539429	ERP147189	PRJEB62104	Escherichia coli		OXFORD_NANOPORE	MinION	310141249.0	45198.0	WGS	GENOMIC	SINGLE	MinION sequencing
SRR30410555	SRX25836370	SRS22407744	SRP527516	PRJNA1143467	Tardiphaga sp. 71_E8_N1_1	71_E8_N1_1	OXFORD_NANOPORE	PromethION	957979040.0	359788.0	WGS	GENOMIC	SINGLE	Tardiphaga sp. 71_E8_N1_1 nanopore genome sequencing (files compressed once)
ERR14112729	ERX13515235	ERS14412837	ERP120055	PRJEB36817	Tarantobelus jeffdanielsi		PACBIO_SMRT	Sequel IIe	26173304412.0	1642682.0	WGS	GENOMIC	SINGLE	Sequel IIe sequencing
SRR33769430	SRX28991932	SRS22455661	SRP444583	PRJNA962904	Klebsiella pneumoniae		PACBIO_SMRT	Sequel II	218674196.0	10707.0	WGS	GENOMIC	SINGLE	PacBio sequencing of AH0875HC1 for ARCH 2
SRR12046249	SRX8574872	SRS6866839	SRP040661	PRJNA231221	Delftia acidovorans	FDAARGOS_891	PACBIO_SMRT	PacBio RS	2528636554.0	163482.0	WGS	GENOMIC	SINGLE	
SRR4181367	SRX2142603	SRS1674238	SRP086991	PRJNA303688	Microbacterium pygmaeum	DSM 23142	PACBIO_SMRT	PacBio RS	806014577.0	186268.0	WGS	GENOMIC	SINGLE	Microbacterium pygmaeum DSM 23142
SRR26465430	SRX22169527	SRS19227336	SRP467862	PRJNA1000275	Neisseria gonorrhoeae	2010C02-038	OXFORD_NANOPORE	MinION	893698931.0	87450.0	WGS	GENOMIC	SINGLE	VP82
SRR4136326	SRX2118915	SRS1667751	SRP084878	PRJNA303198	Burkholderia sp. b13	B13	PACBIO_SMRT	PacBio RS	189456862.0	53232.0	WGS	GENOMIC	SINGLE	Burkholderia sp. B13
SRR387274	SRX110078	SRS302375	SRP001087	PRJNA40075	Escherichia coli str. K-12 substr. MG1655	K-12	PACBIO_SMRT	PacBio RS	26529881.0	60667.0	WGS	GENOMIC	SINGLE	Whole Genome Sequencing and Assembly
ERR980639	ERX1057511	ERS736960	ERP005928	PRJEB6403	Escherichia coli	NCTC11341	PACBIO_SMRT	PacBio RS	61242856.0	163482.0	WGS	GENOMIC	SINGLE	PacBio RS sequencing
SRR932034	SRX320110	SRS456505	SRP022914	PRJNA203445	Listeria monocytogenes	J1926	PACBIO_SMRT	PacBio RS	127083881.0	81741.0	WGS	GENOMIC	SINGLE	Listeria monocytogenes Strain J1926
DRR572576	DRX556043	DRS426434	DRP012251	PRJDB17574	Escherichia coli	YK-IS1MA-L06-3_G20	OXFORD_NANOPORE	MinION	103271131.0	10000.0	WGS	GENOMIC	SINGLE	nanopore-seq of SAMD00748251 L06-3_G20
SRR29316841	SRX24833302	SRS21545133	SRP512379	PRJNA1121190	Vibrio cholerae	121Vc03	OXFORD_NANOPORE	PromethION	611586391.0	118687.0	WGS	GENOMIC	SINGLE	WGS of Vcholerae isolates
SRR23101365	SRX19053342	SRS16469477	SRP417932	PRJNA812075	Acinetobacter baumannii	WM98	OXFORD_NANOPORE	MinION	298976185.0	24249.0	WGS	GENOMIC	SINGLE	Long read sequencing of Acinetobacter baumannii strain WM98
ERR3965071	ERX3968414	ERS4359487	ERP120218	PRJEB36951	Escherichia coli		OXFORD_NANOPORE	MinION	489773586.0	47174.0	WGS	GENOMIC	SINGLE	MinION sequencing; Raw reads: SC368
SRR35148397	SRX30254028	SRS12559757	SRP369050	PRJNA696068	Paeniglutamicibacter psychrophenolicus	DSM 15454	PACBIO_SMRT	Sequel II	353027649.0	41726.0	WGS	GENOMIC	SINGLE	Arthrobacter psychrophenolicus DSM 15454
SRR35148506	SRX30254138	SRS26305945	SRP613346	PRJNA695740	Arthrobacter sp. PvP023	PvP023	PACBIO_SMRT	Sequel II	264496859.0	27909.0	WGS	GENOMIC	SINGLE	Arthrobacter sp. PvP023
SRR19787755	SRX15831596	SRS13522687	SRP383167	PRJNA851853	Salmonella enterica	K3310_ONT_20X	OXFORD_NANOPORE	GridION	99994990.0	16892.0	WGS	GENOMIC	SINGLE	WGS of Salmonella enterica serovar Enteritidis
SRR25241522	SRX20987799	SRS17947196	SRP442094	PRJNA710676	Streptosporangium lutulentum	DSM 46740	PACBIO_SMRT	Sequel IIe	333264431.0	58078.0	WGS	GENOMIC	SINGLE	Streptosporangium lutulentum DSM 46740
SRR9616119	SRX6379184	SRS5039837	SRP212399	PRJNA548188	Borreliella burgdorferi	K71	OXFORD_NANOPORE	GridION	268670647.0	160999.0	WGS	GENOMIC	SINGLE	Borreliella burgdorferi Genome sequencing and assembly
SRR21362401	SRX17368052	SRS14916996	SRP361569	PRJNA768416	Paenibacillus sp. FSL K6-1318		OXFORD_NANOPORE	MinION	1981898168.0	376174.0	WGS	GENOMIC	SINGLE	WGS of Bacilli
SRR15415567	SRX11717513	SRS9747942	SRP332089	PRJNA528413	Escherichia coli O55:H7	DEC5E	PACBIO_SMRT	PacBio RS II	1339902708.0	163482.0	WGS	GENOMIC	SINGLE	Genome sequencing of E. coli O157:H7 and O55:H7 strains
SRR13680659	SRX10070049	SRS8231702	SRP303037	PRJNA694442	Salmonella enterica		OXFORD_NANOPORE	GridION	2922147367.0	396440.0	WGS	GENOMIC	SINGLE	Multiplex WGS of Salmonella enterica
SRR10992854	SRX7654139	SRS6083552	SRP246221	PRJNA603996	Rhizobium leguminosarum bv. viciae 248	248	OXFORD_NANOPORE	MinION	1487322329.0	272498.0	WGS	GENOMIC	SINGLE	minion Rhizobium leguminosarum
SRR12280598	SRX8784526	SRS7053185	SRP272861	PRJNA646575	Bacteroides thetaiotaomicron		OXFORD_NANOPORE	GridION	1253247153.0	121078.0	WGS	GENOMIC	SINGLE	WGS  of Bacteroides fragilis group clinical isolates
SRR13062326	SRX9510338	SRS7718653	SRP292606	PRJNA678472	Bacteroides intestinalis	APC919/174	OXFORD_NANOPORE	MinION	1078620632.0	57259.0	WGS	GENOMIC	SINGLE	shotgun sequencing of genomic DNA from Bacteroides intestinalis
ERR16064412	ERX15454594	ERS28397547	ERP173262	PRJEB90249	Acinetobacter baumannii		OXFORD_NANOPORE	GridION	200395623.0	91901.0	WGS	GENOMIC	SINGLE	GridION sequencing
SRR12390716	SRX8889238	SRS7148762	SRP275996	PRJNA632193	Sphingobium sp. B9G3B	B9G3B	PACBIO_SMRT	PacBio RS II	2866821389.0	445218.0	WGS	GENOMIC	SINGLE	Sphingobium sp. B9G3B
SRR7415631	SRX4286595	SRS3450644	SRP151172	PRJNA477598	Bacillus subtilis	NRS 231	OXFORD_NANOPORE	GridION	788115431.0	72816.0	WGS	GENOMIC	SINGLE	ONT GridION data for B. subtilis
SRR21133415	SRX17145752	SRS14718164	SRP392968	PRJNA747101	Mycolicibacterium diernhoferi	ATCC 19340	OXFORD_NANOPORE	MinION	235632871.0	187432.0	WGS	GENOMIC	SINGLE	ONT_MTS-20
SRR28740697	SRX24306670	SRS21069443	SRP502714	PRJNA1090129	Staphylococcus aureus	sa221018_barcode67	OXFORD_NANOPORE	MinION	152835628.0	130666.0	WGS	GENOMIC	SINGLE	Staphylococcus aureus strain sa221018_barcode67
SRR19820697	SRX15864224	SRS13526044	SRP361569	PRJNA768416	Bacillus sp. FSL W8-0920	FSL W8-0920	OXFORD_NANOPORE	MinION	740267740.0	132087.0	WGS	GENOMIC	SINGLE	WGS of Bacilli
SRR30342773	SRX25801376	SRS22432852	SRP528120	PRJNA1150149	Escherichia coli O25b:H4-ST131	ST131	OXFORD_NANOPORE	MinION	405525963.0	61550.0	WGS	GENOMIC	SINGLE	ONT long-read sequencing of potential healthcare transmission pathogens
SRR8359928	SRX5170620	SRS2552903	SRP119068	PRJNA191679	Salmonella enterica subsp. VII str. CFSAN000550	SGSC 3120	PACBIO_SMRT	PacBio RS II	1350870511.0	163482.0	WGS	GENOMIC	SINGLE	Whole genome PacBio RS sequence of Salmonella enterica
SRR32592096	SRX27898482	SRS24269386	SRP568404	PRJNA1231577	Bacillus subtilis	subtilis	OXFORD_NANOPORE	PromethION	349135417.0	153654.0	WGS	GENOMIC	SINGLE	WGS
SRR16525586	SRX12728413	SRS10336873	SRP357537	PRJNA801416	Enterobacter cloacae	350	OXFORD_NANOPORE	GridION	853550084.0	87591.0	WGS	GENOMIC	SINGLE	Extensive diversification and dissemination of blaNDM carbapenemase plasmids in Enterobacterales in Singapore 2010-2015
SRR25467034	SRX21199891	SRS18458348	SRP452337	PRJNA1000618	Escherichia coli	Escherichia coli BL21(DE3)	OXFORD_NANOPORE	MinION	6245841.0	3999.0	WGS	GENOMIC	SINGLE	CASTVK transposition with different condition
SRR32364882	SRX27699264	SRS21122896	SRP444583	PRJNA962904	Escherichia coli		PACBIO_SMRT	Sequel II	299817803.0	14215.0	WGS	GENOMIC	SINGLE	PacBio sequencing of AS5806C1 for ARCH 1.0
SRR27748412	SRX23413682	SRS20268940	SRP486241	PRJNA1070055	Geobacter argillaceus	bacteria	PACBIO_SMRT	PacBio RS	72907292.0	50231.0	WGS	GENOMIC	SINGLE	7d-control2.fq
SRR16578370	SRX12779859	SRS10725002	SRP343032	PRJNA772095	Propionibacterium freudenreichii	TL29	PACBIO_SMRT	PacBio RS II	91678021.0	163482.0	WGS	GENOMIC	SINGLE	SMRT_TL29
SRR21563515	SRX17565657	SRS14987577	SRP354045	PRJNA747871	Micromonospora sp. NBC_01813	NBC_01813	OXFORD_NANOPORE	MinION	651016551.0	77851.0	WGS	GENOMIC	SINGLE	nanopore sequencing data from strain NBC_01813
ERR15094705	ERX14499307	ERS24813608	ERP119900	PRJEB36683	Klebsiella pneumoniae 11227-1		OXFORD_NANOPORE	PromethION	861866150.0	404695.0	WGS	GENOMIC	SINGLE	Raw reads: HKPR001_L
SRR24883313	SRX20646637	SRS17944856	SRP442005	PRJNA979211	Acinetobacter baumannii	ACN2	OXFORD_NANOPORE	MinION	226265071.0	105214.0	WGS	GENOMIC	SINGLE	DNA-Seq of Acinetobacter baumannii
SRR29831489	SRX25330136	SRS21997959	SRP519946	PRJNA1134181	Flavobacterium sp. WC2429	WC2429	OXFORD_NANOPORE	MinION	212996843.0	18563.0	WGS	GENOMIC	SINGLE	WGS of Flavobacterium sp. WC2429
SRR17842145	SRX14003139	SRS11841439	SRP357667	PRJNA798866	Acinetobacter baumannii	AB213-VUB	OXFORD_NANOPORE	MinION	636213481.0	137419.0	WGS	GENOMIC	SINGLE	AB213-VUB complete chromosome
SRR34410463	SRX29574095	SRS25698330	SRP598841	PRJNA1287288	Klebsiella pneumoniae	ALF22C020	OXFORD_NANOPORE	MinION	296177090.0	66380.0	WGS	GENOMIC	SINGLE	R10.4.1 WGS of bacterial isolate for accuracy benchmarking
SRR24887399	SRX20649957	SRS17947848	SRP442216	PRJNA708450	Catenuloplanes indicus	DSM 44709	PACBIO_SMRT	Sequel II	6294007534.0	1634222.0	WGS	GENOMIC	SINGLE	Catenuloplanes indicus DSM 44709
SRR1793660	SRX869094	SRS839874	SRP053355	PRJNA239335	Francisella philomiragia subsp. philomiragia ATCC 25015	O#319L	PACBIO_SMRT	PacBio RS	419592869.0	162866.0	WGS	GENOMIC	SINGLE	Long Read PacBio Data FPF
SRR18680970	SRX14782112	SRS12541414	SRP237246	PRJNA595047	Klebsiella pneumoniae	C6656	OXFORD_NANOPORE	GridION	1866753412.0	341349.0	WGS	GENOMIC	SINGLE	Klebsiella pneumoniae
ERR4910151	ERX4776975	ERS4556738	ERP121699	PRJEB38289	Klebsiella pneumoniae		PACBIO_SMRT	PacBio RS	349363816.0	54494.0	WGS	GENOMIC	SINGLE	PacBio RS sequencing
ERR3685916	ERX3675520	ERS4047717	ERP114207	PRJEB31632	bacterium		OXFORD_NANOPORE	GridION	404142376.0	341819.0	WGS	GENOMIC	SINGLE	GridION sequencing
SRR287735	SRX078302	SRS212388	SRP007207	PRJNA68253	Escherichia coli		PACBIO_SMRT	PacBio RS	152907395.0	81741.0	WGS	GENOMIC	SINGLE	Whole Genome Sequencing for C754-09
DRR704754	DRX684787	DRS487173	DRP013557	PRJDB18009	Escherichia coli	K10876	OXFORD_NANOPORE	MinION	696700443.0	70333.0	WGS	GENOMIC	SINGLE	MinION sequencing of SAMD00771148
SRR34988032	SRX30106768	SRS26170283	SRP608885	PRJNA1305322	Chordicoccus furentiruminis	Bac PC1	OXFORD_NANOPORE	MinION	5723308832.0	698158.0	WGS	GENOMIC	SINGLE	ONT sequencing of Chordicoccus furentiruminis strain
ERR14747208	ERX14148484	ERS23812146	ERP170065	PRJEB86767	Morganella morganii		OXFORD_NANOPORE	MinION	345522388.0	76419.0	WGS	GENOMIC	SINGLE	EXP-3-1-2025-03-14_14-42-05
ERR9364039	ERX8906288	ERS11202264	ERP136327	PRJEB51675	Vibrio cholerae O1 biovar El Tor	not provided	OXFORD_NANOPORE	MinION	1841609232.0	161724.0	WGS	GENOMIC	SINGLE	MinION sequencing
SRR33600015	SRX28829541	SRS25061957	SRP585898	PRJNA1263016	Staphylococcus aureus	MW2	OXFORD_NANOPORE	MinION	547903001.0	91129.0	WGS	GENOMIC	SINGLE	WGS long read sequencing of MRSA
SRR28762091	SRX24327506	SRS21088865	SRP503211	PRJNA1102716	Enterobacter hormaechei	03	OXFORD_NANOPORE	MinION	135257066.0	18070.0	WGS	GENOMIC	SINGLE	Raw DNA sequence of Enterobacter  hormaechei
ERR8007934	ERX7573603	ERS9899464	ERP131998	PRJEB47698	Ureaplasma parvum		OXFORD_NANOPORE	MinION	556022860.0	225153.0	WGS	GENOMIC	SINGLE	MinION sequencing
SRR21630321	SRX17631079	SRS11554625	SRP354045	PRJNA747871	Streptomyces tubercidicus	NBC_00475	OXFORD_NANOPORE	MinION	184544828.0	40054.0	WGS	GENOMIC	SINGLE	nanopore sequencing data from strain NBC_00475
SRR35213240	SRX30317118	SRS26364053	SRP615992	PRJNA1301220	Acinetobacter baumannii	ABO22-H069	OXFORD_NANOPORE	MinION	142202512.0	17202.0	WGS	GENOMIC	SINGLE	Whole geneme sequencing of Acinetobacter baumannii: isolates of the Ab-One study
SRR386685	SRX109828	SRS004883	SRP001079	PRJNA40077	Cereibacter sphaeroides 2.4.1	2.4.1	PACBIO_SMRT	PacBio RS	16834201.0	60667.0	WGS	GENOMIC	SINGLE	Whole Genome Sequencing and Assembly
SRR4181446	SRX2142682	SRS1674188	SRP086984	PRJNA303862	Rhodococcus pyridinivorans	DSM 44555	PACBIO_SMRT	PacBio RS	1214369797.0	303862.0	WGS	GENOMIC	SINGLE	Rhodococcus pyridinivorans DSM 44555
SRR386168	SRX109859	SRS002782	SRP001679	PRJNA32483	Fusobacterium animalis 7_1	7_1	PACBIO_SMRT	PacBio RS	73004558.0	81741.0	WGS	GENOMIC	SINGLE	Whole Genome Sequencing and Assembly
SRR33768568	SRX28990908	SRS22397384	SRP444583	PRJNA962904	Escherichia coli		PACBIO_SMRT	Sequel II	423365733.0	21483.0	WGS	GENOMIC	SINGLE	PacBio sequencing of A180002HE2 for ARCH 2
SRR21833890	SRX17823002	SRS15346928	SRP401407	PRJNA887350	Salmonella enterica subsp. enterica serovar Typhimurium	MH_2022a	OXFORD_NANOPORE	MinION	954738828.0	353036.0	WGS	GENOMIC	SINGLE	Nanopore Sequencing of S. Typhimurium
SRR30896215	SRX26299806	SRS22828528	SRP536878	PRJNA1134622	Escherichia coli	OXEC-19	OXFORD_NANOPORE	MinION	214889211.0	54580.0	WGS	GENOMIC	SINGLE	OXEC-19
SRR16525793	SRX12728206	SRS10336782	SRP357534	PRJNA801415	Enterobacter cloacae	32	OXFORD_NANOPORE	GridION	468251229.0	63211.0	WGS	GENOMIC	SINGLE	Extensive diversification and dissemination of blaNDM carbapenemase plasmids in Enterobacterales in Singapore 2010-2015
SRR12298946	SRX8802267	SRS6792674	SRP266402	PRJNA605147	Escherichia coli	RHB09-C08	PACBIO_SMRT	PacBio RS II	1274536346.0	166613.0	WGS	GENOMIC	SINGLE	PACBIO_SMRT sequencing of Escherichia coli isolate RH08|T1-C08 cultured from Cattle faeces sample
SRR23392491	SRX19330216	SRS16727157	SRP421832	PRJNA932719	Campylobacter jejuni		OXFORD_NANOPORE	MinION	319828427.0	13986.0	WGS	GENOMIC	SINGLE	Long-read WGS characterization of commensal Campylobacter jejuni and Campylobacter coli isolates from dairy cattle in Northern Spain
ERR9938428	ERX9481827	ERS12345021	ERP138720	PRJEB53905	Haemophilus influenzae	HUB-P02-HI10	OXFORD_NANOPORE	MinION	291949563.0	46668.0	WGS	GENOMIC	SINGLE	MinION sequencing
SRR12390635	SRX8889157	SRS7148681	SRP275969	PRJNA632060	Novosphingobium sp. R1F6D	R1F6D	PACBIO_SMRT	PacBio RS II	4162929083.0	626687.0	WGS	GENOMIC	SINGLE	Novosphingobium sp. R1F6D
ERR13326725	ERX12697753	ERS20295401	ERP161282	PRJEB76791	Salmonella enterica subsp. enterica serovar Agona		OXFORD_NANOPORE	MinION	180819186.0	75916.0	WGS	GENOMIC	SINGLE	MinION sequencing
SRR9001293	SRX5780089	SRS3932929	SRP165734	PRJNA496461	Klebsiella pneumoniae	KLPN_85	OXFORD_NANOPORE	MinION			WGS	GENOMIC	SINGLE	nanopore seq of klebsiella pneumoniae
SRR716576	SRX228393	SRS411271	SRP022780	PRJNA82563	Lactococcus garvieae ATCC 49156	ATCC 49156	PACBIO_SMRT	PacBio RS	98605274.0	81741.0	WGS	GENOMIC	SINGLE	Pacbio whole genome shotgun sequencing of genomic DNA library 'LR_136_Lgarvieae' containing sample 'ATCC49156' from individual 'Lactococcus_garvieae_NCIMB_31208'
SRR28375010	SRX23980032	SRS20238703	SRP395888	PRJNA812595	Pseudomonas kurunegalensis	2024CK-00038	OXFORD_NANOPORE	GridION	468101182.0	76871.0	WGS	GENOMIC	SINGLE	Nanopore sequencing of ARLN isolate
SRR32551869	SRX27862820	SRS24236083	SRP375062	PRJNA837734	Listeria monocytogenes	389690	OXFORD_NANOPORE	MinION	53493046.0	9068.0	WGS	GENOMIC	SINGLE	Nanopore sequencing of Listeria monocytogenes
ERR634098	ERX590652	ERS467552	ERP005355	PRJEB5919	Salmonella enterica subsp. enterica serovar Typhi		PACBIO_SMRT	PacBio RS	402141718.0	163482.0	WGS	GENOMIC	SINGLE	PacBio RS sequencing
SRR12298600	SRX8801467	SRS6792129	SRP266402	PRJNA605147	Escherichia coli	RHB14-C20	OXFORD_NANOPORE	GridION	1288044522.0	253167.0	WGS	GENOMIC	SINGLE	OXFORD_NANOPORE sequencing of Escherichia coli isolate RH04|T1-C20 cultured from Pig faeces sample
SRR35213418	SRX30317304	SRS26364239	SRP615992	PRJNA1301220	Acinetobacter baumannii	ABO21-E090	OXFORD_NANOPORE	MinION	75081839.0	22295.0	WGS	GENOMIC	SINGLE	Whole geneme sequencing of Acinetobacter baumannii: isolates of the Ab-One study
ERR14294245	ERX13695343	ERS23161475	ERP163718	PRJEB79567	Salmonella enterica subsp. enterica serovar Enteritidis		OXFORD_NANOPORE	PromethION	736035513.0	132000.0	WGS	GENOMIC	SINGLE	Raw reads: SE109_L
SRR21820701	SRX17809941	SRS15334069	SRP401236	PRJNA269470	Xanthomonas oryzae pv. oryzae	IXO608	OXFORD_NANOPORE	MinION	872981959.0	118115.0	WGS	GENOMIC	SINGLE	Complete genome sequence of Xanthomonas oryzae pv. oryzae IXO608
SRR29816273	SRX25315436	SRS21985194	SRP519641	PRJNA1135336	Enterococcus faecium		OXFORD_NANOPORE	GridION	2099046453.0	401534.0	WGS	GENOMIC	SINGLE	Whole genome sequencing of VRE
ERR10499230	ERX10016516	ERS14255670	ERP142629	PRJEB57633	Escherichia coli		OXFORD_NANOPORE	GridION	122523529.0	16367.0	WGS	GENOMIC	SINGLE	Raw reads: ONT_30859_5#370
SRR35158212	SRX30263388	SRS26314652	SRP613631	PRJNA1311546	Bacillus pacificus	PS03230	OXFORD_NANOPORE	MinION	72114210.0	16000.0	WGS	GENOMIC	SINGLE	WGS of bacterial isolate: Food isolate
SRR24651214	SRX20431317	SRS17736855	SRP438478	PRJNA885826	Clostridium sp. L2-50	L2-50	OXFORD_NANOPORE	MinION	1162244353.0	536116.0	WGS	GENOMIC	SINGLE	PCR free Oxford Nanopore sequencing of genomic DNA from Clostridium-sp-L2-50
SRR36068613	SRX31114793	SRS27072669	SRP644837	PRJNA1364846	Enterococcus faecalis	GPT22-006	OXFORD_NANOPORE	GridION	196277886.0	59054.0	WGS	GENOMIC	SINGLE	Enterococcus faecalis, DBT kit, 36-plex and 50 ng DNA, replicate 2
SRR13269098	SRX9699359	SRS7895474	SRP272861	PRJNA646575	Bacteroides ovatus		OXFORD_NANOPORE	GridION	262320710.0	71066.0	WGS	GENOMIC	SINGLE	WGS  of Bacteroides fragilis group clinical isolates
SRR22350522	SRX18321582	SRS15821117	SRP408786	PRJNA902283	Pasteurella multocida	PF8	OXFORD_NANOPORE	MinION	805082504.0	58234.0	WGS	GENOMIC	SINGLE	genome sequencing of Pasteurella multocida
SRR6985640	SRX3925508	SRS1739415	SRP133836	PRJNA316321	Staphylococcus aureus	AR_0219	PACBIO_SMRT	PacBio RS	4150449811.0	163482.0	WGS	GENOMIC	SINGLE	
SRR32653534	SRX27957871	SRS1229240	SRP569638	PRJNA1234602	Listeria monocytogenes	PNUSAL001914	OXFORD_NANOPORE	PromethION	533469993.0	65505.0	WGS	GENOMIC	SINGLE	ONT of clinical Listeria monocytogenes from NY state surveillance
ERR10854460	ERX10299227	ERS7761524	ERP109413	PRJEB27342	Klebsiella variicola subsp. variicola		PACBIO_SMRT	Sequel II	9820764263.0	4727921.0	WGS	GENOMIC	SINGLE	Sequel II sequencing
SRR27972402	SRX23626051	SRS20465470	SRP489819	PRJNA1076692	Pseudomonas aeruginosa	RIVM_C055612_dorado	OXFORD_NANOPORE	MinION	104356381.0	43655.0	WGS	GENOMIC	SINGLE	RIVM_C055612_dorado
SRR3735531	SRX1891051	SRS1534007	SRP077689	PRJNA237258	Lachnospiraceae bacterium AC2029	AC2029	PACBIO_SMRT	PacBio RS	118186220.0	51881.0	WGS	GENOMIC	SINGLE	Lachnospiraceae bacterium AC2029
SRR3062175	SRX1506681	SRS1227591	SRP067874	PRJNA307159	Domibacillus indicus	MCC 2255T	PACBIO_SMRT	PacBio RS II	1758387365.0	163482.0	WGS	GENOMIC	SINGLE	Microbial community structure of Agati Island using culture independent as well as culture dependent approaches.
ERR4656924	ERX4580626	ERS5133651	ERP117403	PRJEB34493	Escherichia coli		OXFORD_NANOPORE	MinION	353850920.0	85594.0	WGS	GENOMIC	SINGLE	MinION sequencing; Raw reads: 3682_nanopore
ERR1354168	ERX1425643	ERS1037091	ERP005928	PRJEB6403	Streptococcus sobrinus	NCTC12279	PACBIO_SMRT	PacBio RS	1278954120.0	163482.0	WGS	GENOMIC	SINGLE	PacBio RS sequencing
SRR8436563	SRX5244105	SRS4246734	SRP178651	PRJNA500286	Micromonospora sp. Llam0	Llam0	PACBIO_SMRT	PacBio RS II	503758973.0	252460.0	WGS	GENOMIC	SINGLE	Micromonospora sp. Llam0
SRR4167812	SRX2138763	SRS1670912	SRP086324	PRJNA303559	Marinobacter sp. LV10MA510-1	LV10MA510-1	PACBIO_SMRT	PacBio RS	200776455.0	35315.0	WGS	GENOMIC	SINGLE	Marinobacter sp. LV10MA510-1
ERR5726859	ERX5441572	ERS6219035	ERP128194	PRJEB44175	Escherichia coli		OXFORD_NANOPORE	GridION	229355872.0	25258.0	WGS	GENOMIC	SINGLE	GridION sequencing
ERR2246641	ERX2298664	ERS1497483	ERP005928	PRJEB6403	Actinomyces howellii	NCTC11636	PACBIO_SMRT	PacBio RS	819641501.0	163482.0	WGS	GENOMIC	SINGLE	PacBio RS sequencing
DRR629298	DRX609625	DRS438847	DRP012484	PRJDB19189	Mycobacterium avium subsp. hominissuis	GA70174	OXFORD_NANOPORE	MinION	376147081.0	41850.0	WGS	GENOMIC	SINGLE	MinION sequencing of SAMD00833351
SRR10211326	SRX6930918	SRS5461213	SRP191068	PRJNA528511	Escherichia coli	GTEN_400	OXFORD_NANOPORE	GridION	1540582798.0	504482.0	WGS	GENOMIC	SINGLE	Global TravEpiNet AMR surveillance Genome sequencing and assembly
SRR21696473	SRX17694242	SRS11554508	SRP354045	PRJNA747871	Kitasatospora herbaricolor	NBC_01247	OXFORD_NANOPORE	MinION	193105585.0	21098.0	WGS	GENOMIC	SINGLE	nanopore sequencing data from strain NBC_01247
SRR13213119	SRX9646163	SRS7845333	SRP296908	PRJNA678559	Lactiplantibacillus plantarum	PC518	OXFORD_NANOPORE	MinION	363079440.0	93322.0	WGS	GENOMIC	SINGLE	Plasmids sequencing of Lactobacillus plantarum PC518
SRR385983	SRX109796	SRS001120	SRP000361	PRJNA32935	Enterococcus casseliflavus EC20	899205	PACBIO_SMRT	PacBio RS	156240042.0	81741.0	WGS	GENOMIC	SINGLE	Whole Genome Sequencing and Assembly
SRR33968456	SRX29167140	SRS25367638	SRP591870	PRJNA1276484	Mycobacterium intracellulare		OXFORD_NANOPORE	MinION	1318616970.0	225934.0	WGS	GENOMIC	SINGLE	CW26191
SRR35281919	SRX30384030	SRS26424149	SRP618029	PRJNA1321121	Streptococcus uberis	1122847	OXFORD_NANOPORE	MinION	169717982.0	99719.0	WGS	GENOMIC	SINGLE	WGS of Streptoccocus uberis islated from cows with mastitis
SRR5485048	SRX2768257	SRS2152020	SRP105388	PRJNA384689	Priestia megaterium		PACBIO_SMRT	PacBio RS	265655725.0	39707.0	WGS	GENOMIC	SINGLE	A_fnx_pb
SRR14729170	SRX11066180	SRS9132809	SRP322664		Xanthomonas campestris	CFBP5824	PACBIO_SMRT	Sequel II	4133730328.0	465901.0	WGS	GENOMIC	SINGLE	Xc-CFBP5824-2020_1
SRR32158453	SRX27503898	SRS23924140	SRP560261	PRJNA1129067	Aeromonas	salmonicida	OXFORD_NANOPORE	MinION	411094177.0	312100.0	WGS	GENOMIC	SINGLE	APR_EFF1
ERR10163315	ERX9699900	ERS13423743	ERP140710	PRJEB55790	Apilactobacillus kunkeei	G0601	PACBIO_SMRT	PacBio RS	1352957000.0	169211.0	WGS	GENOMIC	SINGLE	PacBio RS sequencing; Raw reads: G0601
SRR17208875	SRX13388797	SRS11290155	SRP350362	PRJNA788148	Raoultella ornithinolytica	A2s	OXFORD_NANOPORE	MinION	1631101.0	352.0	WGS	GENOMIC	SINGLE	A2_r1_adaptive_14h
DRR488528	DRX472739	DRS312465	DRP010170	PRJDB16035	Enterococcus faecium	8419	OXFORD_NANOPORE	GridION	4910693478.0	1118202.0	WGS	GENOMIC	SINGLE	GridION sequencing of SAMD00623430
SRR4273030	SRX2179548	SRS1704537	SRP040661	PRJNA231221	Yersinia enterocolitica	FDAARGOS_226	PACBIO_SMRT	PacBio RS	1912997038.0	163482.0	WGS	GENOMIC	SINGLE	
ERR9669311	ERX9218536	ERS11885538	ERP137265	PRJEB52538	Salmonella enterica subsp. enterica serovar Typhi	BRD948	OXFORD_NANOPORE	MinION	999180376.0	178989.0	WGS	GENOMIC	SINGLE	MinION sequencing
SRR30750199	SRX26152902	SRS22679374	SRP345837	PRJNA857700	Enterococcus faecalis	1403D011	OXFORD_NANOPORE	MinION	851602354.0	406046.0	WGS	GENOMIC	SINGLE	Long read HMW DNA sequencing of florfenicol resistant Enterococcus faecalis
SRR497973	SRX148632	SRS281882	SRP013241	PRJNA73829	Vibrio cholerae		PACBIO_SMRT	PacBio RS	129294029.0	81741.0	WGS	GENOMIC	SINGLE	Whole Genome Sequencing of Haitian Vibrio cholerae isolate H1 (C2 Long subread)
ERR15738492	ERX15143614	ERS27094518	ERP182399	PRJEB100972	Mycobacterium tuberculosis	K27X0294	OXFORD_NANOPORE	MinION	289674391.0	81205.0	WGS	GENOMIC	SINGLE	Raw reads: K27X0294
SRR5181842	SRX2497951	SRS1924803	SRP096895	PRJNA353873	Mycobacterium tuberculosis		PACBIO_SMRT	PacBio RS	607339409.0	163482.0	WGS	GENOMIC	SINGLE	DNA of Mtb
SRR33895086	SRX29106767	SRS25313107	SRP590843	PRJNA1272507	Salmonella enterica	SAL-138	OXFORD_NANOPORE	GridION	2522831821.0	487118.0	WGS	GENOMIC	SINGLE	ONT-WGS of Salmonella enterica
ERR10854360	ERX10299127	ERS7358028	ERP109413	PRJEB27342	Klebsiella michiganensis		PACBIO_SMRT	Sequel II	7559073827.0	2584928.0	WGS	GENOMIC	SINGLE	Sequel II sequencing
DRR161264	DRX151889	DRS115447	DRP005652	PRJDB7717	Mycolicibacterium poriferae	JCM 12603	OXFORD_NANOPORE	MinION	498875271.0	85872.0	WGS	GENOMIC	SINGLE	MinION single end sequencing of SAMD00153179
ERR10498481	ERX10015770	ERS14256074	ERP142629	PRJEB57633	Escherichia coli		OXFORD_NANOPORE	GridION	209500266.0	123909.0	WGS	GENOMIC	SINGLE	Raw reads: ONT_30348_1#294
ERR597278	ERX554241	ERS473439	ERP005928	PRJEB6403	Leclercia adecarboxylata	NCTC13032	PACBIO_SMRT	PacBio RS	578429662.0	163482.0	WGS	GENOMIC	SINGLE	PacBio RS sequencing
ERR7012633	ERX6582866	ERS7984799	ERP132348	PRJEB48023	Escherichia coli		OXFORD_NANOPORE	MinION	152792671.0	20068.0	WGS	GENOMIC	SINGLE	MinION sequencing
SRR22164858	SRX18143685	SRS15644967	SRP405597	PRJNA896475	Kingella negevensis	PED555	OXFORD_NANOPORE	MinION	10682679.0	5217.0	WGS	GENOMIC	SINGLE	Long read sequencing of K. negevensis strain PED555
ERR10498233	ERX10015522	ERS14254473	ERP142629	PRJEB57633	Escherichia coli		OXFORD_NANOPORE	GridION	52665403.0	12993.0	WGS	GENOMIC	SINGLE	Raw reads: ONT_30821_1#48
SRR34022931	SRX29218486	SRS25414301	SRP570798	PRJNA1236865	Escherichia coli	TUM1509	OXFORD_NANOPORE	MinION	479448452.0	69191.0	WGS	GENOMIC	SINGLE	WGS of TUM1509 using ONT
SRR32184162	SRX27529412	SRS16968711	SRP426074	PRJNA941188	Bacillus velezensis	PRO81	OXFORD_NANOPORE	GridION	1344170357.0	206518.0	WGS	GENOMIC	SINGLE	WGS of Bacillus velezensis: cell culture
ERR5353276	ERX5141311	ERS5752893	ERP126298	PRJEB42440	Klebsiella pneumoniae		OXFORD_NANOPORE	GridION	283922256.0	50635.0	WGS	GENOMIC	SINGLE	GridION sequencing
SRR29226787	SRX24745546	SRS21467365	SRP510673	PRJNA1112792	Salmonella enterica	E1S-010	OXFORD_NANOPORE	GridION	316371759.0	59973.0	WGS	GENOMIC	SINGLE	Whole genome sequence of E1S-010
ERR8441278	ERX8008187	ERS10153355	ERP134918	PRJEB50347	Escherichia coli		OXFORD_NANOPORE	MinION	336960457.0	26781.0	WGS	GENOMIC	SINGLE	MinION sequencing; Raw reads: 4_06_nano
SRR25741544	SRX21464960	SRS18699975	SRP456656	PRJNA983748	Staphylococcus aureus	ST398	OXFORD_NANOPORE	GridION	249527042.0	122166.0	WGS	GENOMIC	SINGLE	WGS of S. aureus: Human Nose
SRR926361	SRX314709	SRS452289	SRP026272	PRJNA60535	Listeria monocytogenes J1-220	J1-220	PACBIO_SMRT	PacBio RS	185446399.0	81741.0	WGS	GENOMIC	SINGLE	Whole genome shotgun sequencing of Listeria monocytogenes 1816 by Pacific Biosciences SMRT
SRR34531146	SRX29674514	SRS25787621	SRP600654	PRJNA1289023	Enterobacter cloacae complex	E. hormaechei subsp. xiangfangensis	OXFORD_NANOPORE	MinION	360536705.0	69247.0	WGS	GENOMIC	SINGLE	WGS of enterobacterial clinical strains carrying IncQ2::blaGES plasmid
SRR27467522	SRX23139108	SRS20090166	SRP482617	PRJNA942599	Staphylococcus aureus	Dog130	PACBIO_SMRT	Sequel II	1130586122.0	99797.0	WGS	GENOMIC	SINGLE	PacBio sequencing of canine Staphylococcaceae isolated from a Kenyan shelter in June 2084
SRR12395338	SRX8893559	SRS7152581	SRP276100	PRJNA650381	Mycobacterium tuberculosis		OXFORD_NANOPORE	MinION	488316620.0	255693.0	WGS	GENOMIC	SINGLE	Nanopore TB WGS
SRR34973641	SRX30092684	SRS26157698	SRP608514	PRJNA1305037	Enterobacter hormaechei	MI_KPC_527	OXFORD_NANOPORE	PromethION	398348733.0	62468.0	WGS	GENOMIC	SINGLE	KPC CRE collection from state of Michigan
SRR36192518	SRX31229601	SRS27209458	SRP648881	PRJNA1369536	Acinetobacter baumannii	456	OXFORD_NANOPORE	MinION	680035288.0	135664.0	WGS	GENOMIC	SINGLE	Nanopore sequencing of Acinetobacter baumannii 456
SRR25525523	SRX21255178	SRS18509055	SRP453433	PRJNA635383	Enterococcus casseliflavus		OXFORD_NANOPORE	GridION	829100115.0	122307.0	WGS	GENOMIC	SINGLE	Nanopore sequencing of AR-0798
SRR8292156	SRX5106744	SRS4116287	SRP172891	PRJNA508805	Escherichia coli O157:H7	FRIK804	PACBIO_SMRT	PacBio RS II	1337960258.0	134208.0	WGS	GENOMIC	SINGLE	PacBio sequencing of E. coli o157:H7 FRIK804: Isolated from a calf in Wisconsin
SRR26465552	SRX22169406	SRS19227300	SRP467862	PRJNA1000275	Pseudomonas aeruginosa	2016S01-136	OXFORD_NANOPORE	MinION	373515632.0	44474.0	WGS	GENOMIC	SINGLE	VP26
SRR30934819	SRX26337490	SRS22863377	SRP537571	PRJNA1168290	Paenibacillus sp. TAB_01	TAB_01	OXFORD_NANOPORE	MinION	1813287.0	206.0	WGS	GENOMIC	SINGLE	Paenibacillus sp. TAB 01 from cotton plant tissue
SRR26465435	SRX22169522	SRS19227371	SRP467862	PRJNA1000275	Staphylococcus aureus	2010N06-097	OXFORD_NANOPORE	MinION	721133147.0	131871.0	WGS	GENOMIC	SINGLE	VP78
SRR34442543	SRX29603123	SRS25724397	SRP524599	PRJNA1145137	Escherichia coli	RIVM_C048754	OXFORD_NANOPORE	MinION	215677474.0	10249.0	WGS	GENOMIC	SINGLE	RIVM_C048754_Nanopore
SRR36273502	SRX31307263	SRS27283360	SRP552027	PRJNA1178821	Glaesserella parasuis	4	OXFORD_NANOPORE	MinION	848570082.0	121480.0	WGS	GENOMIC	SINGLE	MinION based WGS of Haemophilus parasuis (strain 4): animal vaccine bacteria strain
SRR24918227	SRX20679031	SRS17875872	SRP338930	PRJNA766641	Mycobacterium tuberculosis	IDR 2200051484	OXFORD_NANOPORE	MinION	52972153.0	48224.0	WGS	GENOMIC	SINGLE	MinION sequencing of TB isolates
SRR353423	SRX101290	SRS259596	SRP008032	PRJNA68211	Escherichia coli O104:H4 str. 04-8351	04-8351	PACBIO_SMRT	PacBio RS	39290276.0	81741.0	WGS	GENOMIC	SINGLE	Genome Sequencing and Assembly of E. coli O104:H4 strains
SRR19357522	SRX15416279	SRS12115367	SRP361569	PRJNA768416	Paenibacillus sp. FSL R5-0470		OXFORD_NANOPORE	MinION	191431175.0	48384.0	WGS	GENOMIC	SINGLE	WGS of Bacilli
SRR386784	SRX109958	SRS107442	SRP009303	PRJNA76613	Streptococcus pneumoniae TIGR4	Tigr4	PACBIO_SMRT	PacBio RS	107256627.0	81741.0	WGS	GENOMIC	SINGLE	Whole Genome Sequencing and Assembly
ERR1954494	ERX2020090	ERS1434937	ERP005928	PRJEB6403	Campylobacter coli	NCTC12884	PACBIO_SMRT	PacBio RS	939276434.0	163482.0	WGS	GENOMIC	SINGLE	PacBio RS sequencing
SRR19776585	SRX15820911	SRS12274035	SRP364249	PRJNA816422	Helicobacter pylori	Hpfe089	OXFORD_NANOPORE	MinION	24668627.0	9647.0	WGS	GENOMIC	SINGLE	nanopore sequencing of h. pylori genomic DNA
SRR31599329	SRX26964354	SRS23434065	SRP549287	PRJNA1185485	Escherichia coli	253	OXFORD_NANOPORE	PromethION	1891995749.0	341746.0	WGS	GENOMIC	SINGLE	Kleb-3R-barcode93
ERR3284498	ERX3311042	ERS2278930	ERP019480	PRJEB17615	Pseudomonas aeruginosa		PACBIO_SMRT	PacBio RS	2201302539.0	163482.0	WGS	GENOMIC	SINGLE	PacBio RS sequencing
SRR36405010	SRX31432140	SRS15378645	SRP649163	PRJNA1230056	Corynebacterium diphtheriae	not applicable	OXFORD_NANOPORE	GridION	171803371.0	52874.0	WGS	GENOMIC	SINGLE	WGS of C. diphtheriae
ERR1025279	ERX1104151	ERS764456	ERP005928	PRJEB6403	Escherichia coli	NCTC10002	PACBIO_SMRT	PacBio RS	1096222960.0	163482.0	WGS	GENOMIC	SINGLE	PacBio RS sequencing
SRR26617622	SRX22318532	SRS19369274	SRP469428	PRJNA954313	Salmonella enterica subsp. enterica serovar Schwarzengrund	SECVM-5	OXFORD_NANOPORE	MinION	178100271.0	22866.0	WGS	GENOMIC	SINGLE	Long read sequecing
ERR15652520	ERX15057238	ERS25268117	ERP176907	PRJEB94028	Mycolicibacterium monacense		OXFORD_NANOPORE	PromethION	8130471095.0	2233567.0	WGS	GENOMIC	SINGLE	PromethION sequencing
SRR24091469	SRX19892107	SRS17246098	SRP430174	PRJNA949990	Paenibacillus sp. RC67	RC67	OXFORD_NANOPORE	GridION	958245390.0	679379.0	WGS	GENOMIC	SINGLE	Nanopore sequence of Paenibacillus
SRR30342992	SRX25801157	SRS22432633	SRP528120	PRJNA1150149	Enterobacter cloacae	ST78	OXFORD_NANOPORE	MinION	167549943.0	30345.0	WGS	GENOMIC	SINGLE	ONT long-read sequencing of potential healthcare transmission pathogens
ERR10498947	ERX10016236	ERS14255955	ERP142629	PRJEB57633	Escherichia coli		OXFORD_NANOPORE	GridION	65885042.0	8513.0	WGS	GENOMIC	SINGLE	Raw reads: ONT_30602_2#95
SRR32375316	SRX27708125	SRS21131523	SRP444583	PRJNA962904	Klebsiella variicola		PACBIO_SMRT	Sequel II	139514229.0	5343.0	WGS	GENOMIC	SINGLE	PacBio sequencing of CS26970E2 for ARCH 1.0
ERR1424499	ERX1495081	ERS1080586	ERP005928	PRJEB6403	Bordetella bronchiseptica	NCTC10543	PACBIO_SMRT	PacBio RS	1992660904.0	163482.0	WGS	GENOMIC	SINGLE	PacBio RS sequencing
SRR15989098	SRX12277769	SRS9999146	SRP357537	PRJNA801416	Klebsiella pneumoniae	14	OXFORD_NANOPORE	GridION	81081414.0	7031.0	WGS	GENOMIC	SINGLE	Whole Genome Sequencing of Carbapenemase-producing Enterobacterales (CPE)
ERR13863754	ERX13266513	ERS21338659	ERP165332	PRJEB81499	Citrobacter freundii		OXFORD_NANOPORE	GridION	325660843.0	128091.0	WGS	GENOMIC	SINGLE	GridION sequencing
SRR5938062	SRX3097953	SRS2434386	SRP115560	PRJNA396106	Klebsiella pneumoniae	ST307PT01	PACBIO_SMRT	PacBio RS II	4925452930.0	163482.0	WGS	GENOMIC	SINGLE	WGS of KPC-producing Klebsiella pneumonia ST307OT01
SRR25466839	SRX21199581	SRS18458352	SRP452337	PRJNA1000618	Escherichia coli	Escherichia coli BL21(DE3)	OXFORD_NANOPORE	MinION	6596983.0	4000.0	WGS	GENOMIC	SINGLE	CASTVK transposition with different condition
SRR31599533	SRX26964149	SRS23433860	SRP549287	PRJNA1185485	Escherichia coli	574	OXFORD_NANOPORE	PromethION	1773429189.0	345780.0	WGS	GENOMIC	SINGLE	RMB-3R-barcode43
ERR10498171	ERX10015460	ERS14254705	ERP142629	PRJEB57633	Escherichia coli		OXFORD_NANOPORE	GridION	75713922.0	13243.0	WGS	GENOMIC	SINGLE	Raw reads: ONT_30602_6#63
SRR18681688	SRX14782809	SRS12539581	SRP368114	PRJNA824420	Escherichia coli	GD02891_ECOL_HY_6	OXFORD_NANOPORE	MinION	343699216.0	48482.0	WGS	GENOMIC	SINGLE	Long-read sequencing of Escherichia coli: isolate #6 urine
SRR21563371	SRX17565803	SRS14987354	SRP354045	PRJNA747871	Streptomyces sp. NBC_00386	NBC_00386	OXFORD_NANOPORE	MinION	23052967.0	20334.0	WGS	GENOMIC	SINGLE	nanopore sequencing data from strain NBC_00386
SRR35785773	SRX30835066	SRS26843711	SRP632095	PRJNA1345082	Escherichia coli	13-2015-C34	OXFORD_NANOPORE	PromethION	29525567.0	9955.0	WGS	GENOMIC	SINGLE	WGS of persistently-infected Escherichia coli strain restreaks
ERR10939009	ERX10378318	ERS14690234	ERP143848	PRJEB58776	Legionella pneumophila		OXFORD_NANOPORE	GridION	476311302.0	29721.0	WGS	GENOMIC	SINGLE	GridION sequencing
SRR31024347	SRX26411216	SRS22931166	SRP539092	PRJNA1174068	Vibrio cholerae	mHDM VC26	OXFORD_NANOPORE	PromethION	122964524.0	53661.0	WGS	GENOMIC	SINGLE	WGS of Vcholerae isolates
DRR287317	DRX276774	DRS318052	DRP010345	PRJDB10714	Annamia dubia NIES-4383	NIES-4383	OXFORD_NANOPORE	MinION	14343358.0	4000.0	WGS	GENOMIC	SINGLE	Annamia_sp_55
SRR29006306	SRX24533371	SRS21279381	SRP507279	PRJNA1108959	Mycobacterium sp. DL	DL	OXFORD_NANOPORE	MinION	67095504.0	14712.0	WGS	GENOMIC	SINGLE	Whole genome sequencing (MinION) of Mycobacterium cursimius DL , isolated from European seabass, Dicentrarchus labrax
SRR33320320	SRX28564760	SRS24054248	SRP074197	PRJNA288601	Pseudomonas aeruginosa		OXFORD_NANOPORE	GridION	1638266116.0	609032.0	WGS	GENOMIC	SINGLE	Nanopore sequencing of ARLN isolate
SRR33123831	SRX28387196	SRS24711126	SRP578427	PRJNA1244367	Bacillus cereus ATCC 14579	ATCC 14579	OXFORD_NANOPORE	GridION	514934045.0	182973.0	WGS	GENOMIC	SINGLE	WGS of Bacillus cereus Strain ATCC14599
ERR14677079	ERX14080141	ERS23774857	ERP169838	PRJEB86493	Escherichia coli		OXFORD_NANOPORE	MinION	388477702.0	36380.0	WGS	GENOMIC	SINGLE	MinION sequencing
ERR3440429	ERX3462449	ERS2549521	ERP011196	PRJEB10018	Klebsiella pneumoniae		PACBIO_SMRT	Sequel	2294131385.0	544778.0	WGS	GENOMIC	SINGLE	Sequel sequencing
SRR8534489	SRX5336980	SRS4330240	SRP183788	PRJNA519696	Zhihengliuella halotolerans	DSM 17364	PACBIO_SMRT	Sequel	735598591.0	275322.0	WGS	GENOMIC	SINGLE	Zhihengliuella halotolerans DSM 17364
SRR27678693	SRX23346056	SRS20207295	SRP485167	PRJNA960711	Bacillus safensis	CEW-AP100	OXFORD_NANOPORE	MinION	249865729.0	137373.0	WGS	GENOMIC	SINGLE	WGS of Bacillus safensis: strain CEW-AP100
ERR14225672	ERX13625954	ERS18087465	ERP156237	PRJEB71438	Streptomyces hirsutus		OXFORD_NANOPORE	MinION			WGS	GENOMIC	SINGLE	MinION sequencing
SRR27972879	SRX23626286	SRS20465890	SRP489819	PRJNA1076692	Escherichia coli	RIVM_C048694_rerio	OXFORD_NANOPORE	MinION	209510891.0	48855.0	WGS	GENOMIC	SINGLE	RIVM_C048694_rerio
SRR30868109	SRX26265706	SRS22609605	SRP250705	PRJNA607328	Escherichia coli	K12 MG1655-R	OXFORD_NANOPORE	MinION	2100820104.0	280699.0	WGS	GENOMIC	SINGLE	Escherichia coli FELIX_MS478 Nanopore reads
ERR581129	ERX539216	ERS448002	ERP005713	PRJEB6235	Streptococcus dysgalactiae subsp. equisimilis		PACBIO_SMRT	PacBio RS	1386843170.0	163482.0	WGS	GENOMIC	SINGLE	PacBio RS sequencing
SRR26270950	SRX21980436	SRS19033159	SRP464031	PRJNA1000728	Escherichia coli	JM101	OXFORD_NANOPORE	PromethION	60107197.0	4000.0	WGS	GENOMIC	SINGLE	The genome sequence of E. coli JM101
SRR5450829	SRX2739541	SRS2126601	SRP103983	PRJNA383019	Pseudomonas monteilii	ZMU-T01	PACBIO_SMRT	PacBio RS II	1521456038.0	179347.0	WGS	GENOMIC	SINGLE	WGS of Pseudomonas monteilii: soil surface
SRR7508521	SRX4378975	SRS3535365	SRP153035	PRJNA433211	Pseudomonas chlororaphis subsp. aureofaciens	ChPhzS23	PACBIO_SMRT	PacBio RS II	3774389173.0	163482.0	WGS	GENOMIC	SINGLE	Whole genome sequence of Pseudomonas chlororaphis subsp. aureofaciens ChPhzS23
SRR14274187	SRX10635573	SRS8731124	SRP301372	PRJNA676127	Actinomyces sp. HMT 175	HMT 175	PACBIO_SMRT	Sequel II	9983996406.0	947008.0	WGS	GENOMIC	SINGLE	Actinomyces sp HMT175 genome
SRR34500432	SRX29644354	SRS1278958	SRP069749	PRJNA310138	Rhizobium leguminosarum	KDH_Rht_717_N	PACBIO_SMRT	Revio	219173939.0	22691.0	WGS	GENOMIC	SINGLE	Rhizobium leguminosarum long reads
SRR386051	SRX109951	SRS010315	SRP001878	PRJNA40009	Bacteroides eggerthii 1_2_48FAA	1_2_48FAA	PACBIO_SMRT	PacBio RS	44475858.0	81741.0	WGS	GENOMIC	SINGLE	Whole Genome Sequencing and Assembly
SRR24035322	SRX19837939	SRS17196831	SRP430325	PRJNA944978	Ralstonia sp. AB22-23	AB22-23	OXFORD_NANOPORE	GridION	149072979.0	38816.0	WGS	GENOMIC	SINGLE	Genome sequencing of Harvard Forest soil isolates
SRR13380337	SRX9803233	SRS7987621	SRP300808	PRJNA649533	Salmonella enterica		OXFORD_NANOPORE	GridION	1190100791.0	606488.0	WGS	GENOMIC	SINGLE	ISF salmonella
SRR27201531	SRX22881473	SRS19853882	SRP477847	PRJNA1052100	Klebsiella pneumoniae	E41	OXFORD_NANOPORE	MinION	2609169599.0	750706.0	WGS	GENOMIC	SINGLE	ONT R9.4.1 sequences of Klebsiella pneumoniae from clinical sources in Ghana
SRR34967503	SRX30086734	SRS26152905	SRP608514	PRJNA1305037	Klebsiella pneumoniae	MI_KPC_448	OXFORD_NANOPORE	PromethION	343840918.0	80752.0	WGS	GENOMIC	SINGLE	KPC CRE collection from state of Michigan
SRR11901810	SRX8448813	SRS6751054	SRP129419	PRJNA429440	Metamycoplasma hominis	19791	OXFORD_NANOPORE	MinION	195330975.0	27846.0	WGS	GENOMIC	SINGLE	19791 long-read
DRR393755	DRX379574	DRS297088	DRP007849	PRJDB10842	Klebsiella variicola	JBCHAFC-19-0005	OXFORD_NANOPORE	GridION	1845428352.0	214805.0	WGS	GENOMIC	SINGLE	GridION sequencing of SAMD00500590
SRR34410528	SRX29574030	SRS16721004	SRP598841	PRJNA1287288	Escherichia coli	CPO004	OXFORD_NANOPORE	MinION	2907198608.0	697704.0	WGS	GENOMIC	SINGLE	R9.4.1 WGS of bacterial isolate for accuracy benchmarking
SRR33475243	SRX28710635	SRS24976628	SRP583947	PRJNA1260529	Klebsiella pneumoniae	951Kp	OXFORD_NANOPORE	MinION	194173298.0	65758.0	WGS	GENOMIC	SINGLE	Illumina Klebasiella pneumoniae ST512 NDM-5 KPC-3
DRR259181	DRX248884	DRS209086	DRP007849	PRJDB10842	Klebsiella aerogenes	40044-19-0003	OXFORD_NANOPORE	MinION	4356446073.0	440570.0	WGS	GENOMIC	SINGLE	MinION sequencing of SAMD00261449
ERR5214341	ERX5017797	ERS5599723	ERP126298	PRJEB42440	Klebsiella pneumoniae		OXFORD_NANOPORE	MinION	641331678.0	202620.0	WGS	GENOMIC	SINGLE	MinION sequencing
ERR910545	ERX989800	ERS685299	ERP005928	PRJEB6403	Escherichia coli	NCTC9778	PACBIO_SMRT	PacBio RS	1350187063.0	163482.0	WGS	GENOMIC	SINGLE	PacBio RS sequencing
ERR5353236	ERX5141271	ERS5752968	ERP126298	PRJEB42440	Klebsiella pneumoniae		OXFORD_NANOPORE	MinION	947370345.0	285640.0	WGS	GENOMIC	SINGLE	MinION sequencing
SRR25592466	SRX21320846	SRS18568282	SRP454346	PRJNA929660	Sphingomonas hankookensis	SZ.B2R2	OXFORD_NANOPORE	MinION	830930530.0	138910.0	WGS	GENOMIC	SINGLE	Nanopore of  of SAMN32965199
SRR2064840	SRX1060404	SRS874598	SRP056193	PRJNA236012	Mycobacterium tuberculosis 18b	18b	PACBIO_SMRT	PacBio RS II	154738705.0	81741.0	WGS	GENOMIC	SINGLE	Whole genome sequencing of Mycobacterium tuberculosis 18b
DRR161272	DRX151897	DRS115455	DRP005652	PRJDB7717	Mycobacterium kubicae	JCM 13573	OXFORD_NANOPORE	MinION	746055785.0	124025.0	WGS	GENOMIC	SINGLE	MinION single end sequencing of SAMD00153187
SRR23814610	SRX19636579	SRS17005554	SRP426688	PRJNA904945	Burkholderia pseudomallei	22MB253551	OXFORD_NANOPORE	GridION	2489227823.0	660949.0	WGS	GENOMIC	SINGLE	Patient26|AUG-2022
SRR8859054	SRX5646546	SRS4592137	SRP191068	PRJNA528511	Escherichia coli	GTEN_13	OXFORD_NANOPORE	GridION	2971763526.0	849033.0	WGS	GENOMIC	SINGLE	Global TravEpiNet AMR surveillance Genome sequencing and assembly
DRR794461	DRX773109	DRS640385	DRP016838	PRJDB37405	Escherichia coli	JNEC-KY172	OXFORD_NANOPORE	MinION	499566788.0	59675.0	WGS	GENOMIC	SINGLE	MinION sequencing of SAMD01706128
SRR35247342	SRX30350240	SRS26393356	SRP617184	PRJNA958379	Arthrobacter sp. W4I7	W4I7	PACBIO_SMRT	Sequel IIe	555728667.0	69846.0	WGS	GENOMIC	SINGLE	Arthrobacter sp. W4I7
SRR31598911	SRX26963574	SRS23433286	SRP549287	PRJNA1185485	Escherichia coli	935	OXFORD_NANOPORE	PromethION	443258379.0	96767.0	WGS	GENOMIC	SINGLE	wwtp-9n14-barcode01
SRR24140268	SRX19938809	SRS17287518	SRP247747	PRJNA604975	Escherichia coli	ox_bsi_125	OXFORD_NANOPORE	GridION	1794819955.0	123526.0	WGS	GENOMIC	SINGLE	oxford_bsi
ERR9287603	ERX8829253	ERS11012968	ERP135763	PRJEB51164	Escherichia coli		OXFORD_NANOPORE	GridION			WGS	GENOMIC	SINGLE	GridION sequencing
DRR393614	DRX379433	DRS296948	DRP007849	PRJDB10842	Enterobacter asburiae	JBAIAAD-19-0002	OXFORD_NANOPORE	GridION	1139566035.0	142685.0	WGS	GENOMIC	SINGLE	GridION sequencing of SAMD00497877
SRR24918235	SRX20679023	SRS17875855	SRP338930	PRJNA766641	Mycobacterium tuberculosis	IDR 2200028607	OXFORD_NANOPORE	MinION	118528689.0	252647.0	WGS	GENOMIC	SINGLE	MinION sequencing of TB isolates
SRR33320311	SRX28564769	SRS24220563	SRP074197	PRJNA288601	Escherichia coli		OXFORD_NANOPORE	GridION	593947242.0	46119.0	WGS	GENOMIC	SINGLE	Nanopore sequencing of ARLN isolate
SRR36920154	SRX31886383	SRS27841262	SRP665298	PRJNA1403646	Streptococcus anginosus	not applicable	OXFORD_NANOPORE	MinION	63182696.0	35839.0	WGS	GENOMIC	SINGLE	Long Reads for The Genomic Landscape of Head and Neck Cancer-associated Streptococci
SRR32375324	SRX27708117	SRS21131354	SRP444583	PRJNA962904	Escherichia coli		PACBIO_SMRT	Sequel II	108303801.0	3944.0	WGS	GENOMIC	SINGLE	PacBio sequencing of CS26782E1 for ARCH 1.0
SRR27972990	SRX23626175	SRS20465523	SRP489819	PRJNA1076692	Staphylococcus aureus	RIVM_M096750_rerio	OXFORD_NANOPORE	MinION	373284292.0	137325.0	WGS	GENOMIC	SINGLE	RIVM_M096750_rerio
SRR30896598	SRX26299971	SRS22828692	SRP536878	PRJNA1134622	Escherichia coli	OXEC-473	OXFORD_NANOPORE	MinION	477039485.0	114960.0	WGS	GENOMIC	SINGLE	OXEC-473
SRR34848035	SRX29979973	SRS26054417	SRP605437	PRJNA1059746	Salmonella enterica subsp. enterica serovar Kentucky	FC3252	OXFORD_NANOPORE	MinION	1310058743.0	244435.0	WGS	GENOMIC	SINGLE	Emergence of ceftriaxone resistant Salmonella Kentucky in India driven by multiple novel variants of Salmonella genomic island carrying blaCTX-M-55
SRR33186510	SRX28434124	SRS24756593	SRP579320	PRJNA1251496	Klebsiella pneumoniae	ST395	OXFORD_NANOPORE	GridION	2173995215.0	2599867.0	WGS	GENOMIC	SINGLE	Nanopore Seq of hv-CRKP;0327127
ERR9287605	ERX8829255	ERS11012972	ERP135763	PRJEB51164	Staphylococcus aureus		OXFORD_NANOPORE	GridION			WGS	GENOMIC	SINGLE	GridION sequencing
SRR17119278	SRX13303792	SRS11213376	SRP040661	PRJNA231221	Mycobacteroides abscessus	FDAARGOS_1602	PACBIO_SMRT	Sequel II	10617418379.0	833202.0	WGS	GENOMIC	SINGLE	
ERR1210820	ERX1283062	ERS901501	ERP005928	PRJEB6403	Streptococcus pyogenes	NCTC12068	PACBIO_SMRT	PacBio RS	2078115123.0	163482.0	WGS	GENOMIC	SINGLE	PacBio RS sequencing
SRR8361606	SRX5172112	SRS2161697	SRP106082	PRJNA191689	Salmonella enterica subsp. enterica serovar Derby str. CFSAN000564	SGSC 2467	PACBIO_SMRT	PacBio RS II	808031282.0	163482.0	WGS	GENOMIC	SINGLE	Whole genome PacBio RS sequence of Salmonella enterica subsp. enterica serovar Derby
SRR18141736	SRX14289758	SRS12107506	SRP361470	PRJNA772001	Clostridium botulinum	368-STOOL	OXFORD_NANOPORE	MinION	1682164988.0	373701.0	WGS	GENOMIC	SINGLE	Nanopore MinION sequencing of Clostridium botulinum strain 368-STOOL isolated from fecal sample from 1977 infant botulism case
SRR4124204	SRX2105474	SRS1666084	SRP040661	PRJNA231221	Bacillus sp. FDAARGOS_235	FDAARGOS_235	PACBIO_SMRT	PacBio RS	1221346945.0	163482.0	WGS	GENOMIC	SINGLE	
SRR31395078	SRX26764405	SRS23251830	SRP546134	PRJNA1187829	Glutamicibacter endophyticus	J2-5-19	PACBIO_SMRT	Sequel II	3413457190.0	426937.0	WGS	GENOMIC	SINGLE	WGS of Glutamicibacter endophyticus J2-5-19
ERR15191314	ERX14596941	ERS25135684	ERP160948	PRJEB76420	Escherichia coli		OXFORD_NANOPORE	MinION			WGS	GENOMIC	SINGLE	MinION sequencing
ERR8607209	ERX8239789	ERS10607611	ERP135255	PRJEB50649	Neisseria gonorrhoeae		OXFORD_NANOPORE	MinION	61178047.0	18782.0	WGS	GENOMIC	SINGLE	MinION sequencing
ERR16137064	ERX15526730	SRS10826760	ERP187675	PRJEB106623	Neisseria gonorrhoeae		OXFORD_NANOPORE	MinION	259215756.0	44467.0	WGS	GENOMIC	SINGLE	Raw reads: CCC017
ERR15373161	ERX14776846	ERS23666090	ERP169391	PRJEB86018	Haemophilus influenzae		PACBIO_SMRT	Sequel II	534630100.0	64821.0	WGS	GENOMIC	SINGLE	Sequel II sequencing
ERR2274876	ERX2326258	ERS1932688	ERP005928	PRJEB6403	Bergeyella zoohelcum	NCTC12929	PACBIO_SMRT	PacBio RS	1827973101.0	163482.0	WGS	GENOMIC	SINGLE	PacBio RS sequencing
ERR15423970	ERX14827914	ERS25261083	ERP176764	PRJEB93885	Escherichia coli		OXFORD_NANOPORE	PromethION	1383512664.0	177444.0	WGS	GENOMIC	SINGLE	Raw reads: run0_pilot_96_ont_AF45
ERR910526	ERX989781	ERS670334	ERP005928	PRJEB6403	Klebsiella pneumoniae	NCTC11684	PACBIO_SMRT	PacBio RS	1488510346.0	163482.0	WGS	GENOMIC	SINGLE	PacBio RS sequencing
SRR13624704	SRX10017741	SRS5623607	SRP229005	PRJNA588274	Pseudomonas aeruginosa	E01	OXFORD_NANOPORE	MinION	1203228028.0	148944.0	WGS	GENOMIC	SINGLE	Long read sequencing of Pseudomonas aeruginosa: clinical samples of a single patient over 20 years
SRR32204176	SRX27545635	SRS23960614	SRP561120	PRJNA1214876	Ekhidna algicida	To15	OXFORD_NANOPORE	MinION	38042311.0	4000.0	WGS	GENOMIC	SINGLE	Ekhidna algicida strain To15 genome
SRR25919843	SRX21639548	SRS18809573	SRP458671	PRJNA1004059	Pseudomonas entomophila	TVIN-A01	OXFORD_NANOPORE	MinION	673168784.0	208544.0	WGS	GENOMIC	SINGLE	Long read sequencing data of Pseudomonas entomophila TVIN01
SRR5871780	SRX3039306	SRS2387739	SRP040661	PRJNA231221	Chryseobacterium indologenes	FDAARGOS_379	PACBIO_SMRT	PacBio RS	2591034821.0	163482.0	WGS	GENOMIC	SINGLE	
SRR12161256	SRX8676761	SRS6955858	SRP270466	PRJNA616580	Spinactinospora alkalitolerans	CXB654	PACBIO_SMRT	PacBio RS II	2675611772.0	469198.0	WGS	GENOMIC	SINGLE	Spinactinospora alkalitolerans DSM 45414
SRR27972562	SRX23625891	SRS20466150	SRP489819	PRJNA1076692	Staphylococcus aureus	RIVM_M099556_dorado	OXFORD_NANOPORE	MinION	191483562.0	112678.0	WGS	GENOMIC	SINGLE	RIVM_M099556_dorado
ERR10498497	ERX10015786	ERS14255642	ERP142629	PRJEB57633	Escherichia coli		OXFORD_NANOPORE	GridION	64303964.0	8024.0	WGS	GENOMIC	SINGLE	Raw reads: ONT_30348_1#8
ERR14225675	ERX13625957	ERS18087467	ERP156237	PRJEB71438	Streptomyces lateritius		OXFORD_NANOPORE	MinION			WGS	GENOMIC	SINGLE	MinION sequencing
SRR35628895	SRX30685139	SRS26704554	SRP627750	PRJNA1333901	Pseudomonas sp. GL_090	GL_090	OXFORD_NANOPORE	MinION	1316648496.0	281110.0	WGS	GENOMIC	SINGLE	Oxford Nanopore sequences of cultivable bacteria collected in an iron ore mine and a crystal cave
ERR6719422	ERX6344016	ERS4197102	ERP023216	PRJEB20997	Salmonella enterica		PACBIO_SMRT	Sequel II	139044995.0	34720.0	WGS	GENOMIC	SINGLE	Sequel II sequencing
SRR33300148	SRX28545180	SRS24844332	SRP581013	PRJNA1255117	Staphylococcus aureus	Staphylococcus	OXFORD_NANOPORE	GridION	610191522.0	122283.0	WGS	GENOMIC	SINGLE	WGS of S. aureus sample 40
SRR5878838	SRX3046068	SRS2393314	SRP040661	PRJNA231221	Escherichia coli	FDAARGOS_400	PACBIO_SMRT	PacBio RS	3635902833.0	163482.0	WGS	GENOMIC	SINGLE	
ERR14126977	ERX13529643	ERS22899869	ERP159032	PRJEB74343	Vreelandella neptunia		OXFORD_NANOPORE	PromethION	308724392.0	69167.0	WGS	GENOMIC	SINGLE	R1041_V5_Halomonas_neptunia
SRR386416	SRX109879	SRS212335	SRP007231	PRJNA49881	Scardovia wiggsiae F0424	F0424	PACBIO_SMRT	PacBio RS	119143031.0	81741.0	WGS	GENOMIC	SINGLE	Whole Genome Sequencing and Assembly
SRR32385928	SRX27718410	SRS24111758	SRP564717	PRJNA1224760	Escherichia coli	EC18	OXFORD_NANOPORE	MinION	392181716.0	223175.0	WGS	GENOMIC	SINGLE	Whole genome sequencing of E. coli isolate from Aquaculture farm
SRR28921461	SRX24477651	SRS21227596	SRP506039	PRJNA1098252	Escherichia coli	CIDM-EC21-1466_ONTR	OXFORD_NANOPORE	GridION	202038504.0	17927.0	WGS	GENOMIC	SINGLE	WGS of CIDM-EC21-1466_ONTR
SRR32551874	SRX27862815	SRS24236078	SRP375062	PRJNA837734	Listeria monocytogenes	754322	OXFORD_NANOPORE	MinION	116411124.0	16918.0	WGS	GENOMIC	SINGLE	Nanopore sequencing of Listeria monocytogenes
SRR29782658	SRX25282559	SRS21964084	SRP519345	PRJNA1134675	Salmonella enterica		OXFORD_NANOPORE	GridION	472705925.0	80000.0	WGS	GENOMIC	SINGLE	Single laboratory evaluation of the (Q20+) nanopore sequencing kit for bacterial outbreak investigations
ERR10087058	ERX9627154	ERS6426006	ERP109413	PRJEB27342	Klebsiella michiganensis		PACBIO_SMRT	Sequel II	7876528999.0	1422207.0	WGS	GENOMIC	SINGLE	Sequel II sequencing
SRR4176937	SRX2141535	SRS1673308	SRP086898	PRJNA303770	Pseudomonas moorei	DSM 12647	PACBIO_SMRT	PacBio RS	781639075.0	313834.0	WGS	GENOMIC	SINGLE	Pseudomonas moorei BS3775
DRR572305	DRX555772	DRS426394	DRP012251	PRJDB17574	Escherichia coli	YK-IS1MA-L07-3_G08	OXFORD_NANOPORE	MinION	941.0	4.0	WGS	GENOMIC	SINGLE	nanopore-seq of SAMD00748211 L07-3_G8
SRR32204066	SRX27545745	SRS23960614	SRP561120	PRJNA1214876	Ekhidna algicida	To15	OXFORD_NANOPORE	MinION	33066109.0	4000.0	WGS	GENOMIC	SINGLE	Ekhidna algicida strain To15 genome
SRR36885990	SRX31857700	SRS27814249	SRP664490	PRJNA1399416	Pseudomonas amygdali pv. morsprunorum	Pam_SL_A4_6_1_1	OXFORD_NANOPORE	PromethION	1738781686.0	216870.0	WGS	GENOMIC	SINGLE	Genomic DNA sequencing reads
ERR16086372	ERX15476160	ERS26050541	ERP178906	PRJEB96157	Klebsiella pneumoniae		OXFORD_NANOPORE	MinION	265371968.0	48738.0	WGS	GENOMIC	SINGLE	MinION sequencing
SRR32696402	SRX27999384	SRS24362617	SRP570426	PRJNA1235597	Amycolatopsis sp. CA-211722	CA-211722	OXFORD_NANOPORE	MinION	1018069522.0	127638.0	WGS	GENOMIC	SINGLE	Genome sequencing of Amycolatopsis sp. CA-211722 (MDNA_WGS_146): Oxford nanopore 9.4.1 data
ERR3265021	ERX3291665	ERS3355730	ERP114602	PRJEB31984	Escherichia coli		PACBIO_SMRT	PacBio RS II	570943495.0	141458.0	WGS	GENOMIC	SINGLE	PacBio RS II sequencing
SRR34383493	SRX29548122	SRS25678095	SRP598423	PRJNA1287082	Pantoea agglomerans		OXFORD_NANOPORE	MinION	1857.0	1.0	WGS	GENOMIC	SINGLE	MLSA
SRR11507302	SRX8079427	SRS6447761	SRP255655	PRJNA622823	Chryseobacterium sp. NEB161	NEB161	PACBIO_SMRT	PacBio RS II	3043816497.0	163482.0	WGS	GENOMIC	SINGLE	SMRT_AccBP
ERR3273752	ERX3300626	ERS2278922	ERP019480	PRJEB17615	Klebsiella pneumoniae		PACBIO_SMRT	PacBio RS	2019588366.0	163482.0	WGS	GENOMIC	SINGLE	PacBio RS sequencing
SRR9211304	SRX5982191	SRS4334093	SRP184197	PRJNA521119	Staphylococcus pseudintermedius	50_21	OXFORD_NANOPORE	MinION	217510934.0	181566.0	WGS	GENOMIC	SINGLE	MinION Fast5 files of canine bacteremia staphylococcus pseudintermedius isolate
ERR1725016	ERX1794968	ERS1435043	ERP019577	PRJEB17707	Campylobacter showae		PACBIO_SMRT	PacBio RS II	2530394815.0	359844.0	WGS	GENOMIC	SINGLE	PacBio RS II sequencing
SRR34410502	SRX29574056	SRS25698312	SRP598841	PRJNA1287288	Escherichia coli	AH19K002	OXFORD_NANOPORE	MinION	331142346.0	39802.0	WGS	GENOMIC	SINGLE	R10.4.1 WGS of bacterial isolate for accuracy benchmarking
SRR23471064	SRX19374124	SRS11330475	SRP422715	PRJNA878812	Pseudomonas aeruginosa		OXFORD_NANOPORE	GridION	1185299.0	99.0	WGS	GENOMIC	SINGLE	Nanopore sequencing of ARLN isolate
SRR16525270	SRX12727844	SRS10676778	SRP342584	PRJNA768992	Salmonella enterica subsp. enterica serovar Heidelberg	SA02DT10168701	OXFORD_NANOPORE	MinION	242846653.0	43439.0	WGS	GENOMIC	SINGLE	Evaluation of commercial DNA extraction kits for implementation of rapid Nanopore
SRR9722773	SRX6480436	SRS5130500	SRP215816	PRJNA470993	Staphylococcus aureus	pt183	PACBIO_SMRT	PacBio RS II	1574695134.0	205207.0	WGS	GENOMIC	SINGLE	WGS of Staphylococcus aureus
SRR12298701	SRX8801876	SRS6792524	SRP266402	PRJNA605147	Escherichia coli	RHBSTW-00622	OXFORD_NANOPORE	MinION	483909782.0	35921.0	WGS	GENOMIC	SINGLE	OXFORD_NANOPORE sequencing of Escherichia coli isolate WTP3|T2-00622 cultured from WTP influent sample
SRR36797844	SRX31784504	SRS27747205	SRP661661	PRJNA1389824	Enterobacter ludwigii		OXFORD_NANOPORE	MinION	248424648.0	83278.0	WGS	GENOMIC	SINGLE	evolved microcosm clones
