srr_accession	srx_accession	srs_accession	srp_accession	bioproject	organism	strain	platform	instrument	total_bases	total_spots	library_strategy	library_source	library_layout	title
ERR10499004	ERX10016293	ERS14255517	ERP142629	PRJEB57633	Escherichia coli		OXFORD_NANOPORE	GridION	115965387.0	82494.0	WGS	GENOMIC	SINGLE	Raw reads: ONT_30821_1#186
SRR6516687	SRX3604656	SRS2872251	SRP131587	PRJNA402572	Streptomyces sp. 42	42	PACBIO_SMRT	PacBio RS II	783239814.0	219333.0	WGS	GENOMIC	SINGLE	Streptomyces sp. 42
SRR28860688	SRX24420520	SRS21175979	SRP505144	PRJNA1106791	Enterobacter cloacae		OXFORD_NANOPORE	GridION	500001911.0	19090.0	WGS	GENOMIC	SINGLE	Long-read DNA sequence for BCR_ECL26
SRR35513813	SRX30589551	SRS26617974	SRP620300	PRJNA1328464	Staphylococcus hominis	SHOMINIS	OXFORD_NANOPORE	GridION	164303702.0	42390.0	WGS	GENOMIC	SINGLE	Staphylococcus hominis, MCB kit, replicate 1, sequence replicate 2
SRR31246133	SRX26625945	SRS23122244	SRP543504	PRJNA1182696	Hominenteromicrobium mulieris	CIP112527	OXFORD_NANOPORE	MinION	175875634.0	11389.0	WGS	GENOMIC	SINGLE	DNA-seq
SRR18114306	SRX14264831	SRS12083788	SRP040281	PRJNA230403	Salmonella enterica	PNUSAS167114	OXFORD_NANOPORE	MinION	1383676463.0	310544.0	WGS	GENOMIC	SINGLE	Whole genome Oxford Nanopore MinION sequence of Salmonella enterica
SRR11301540	SRX7906870	SRS6314444	SRP252685	PRJNA612049	Bradyrhizobium sp. 2S1	2S1	PACBIO_SMRT	PacBio RS II	2625004283.0	163482.0	WGS	GENOMIC	SINGLE	Whole genome sequencing of Bradyrhizobium sp. strain 2S1
SRR11038959	SRX7691245	SRS6117407	SRP247582	PRJNA604100	Escherichia coli	163	OXFORD_NANOPORE	MinION	860143905.0	129148.0	WGS	GENOMIC	SINGLE	Genome sequencing Escherichia coli 10 nanopore
DRR466489	DRX450725	DRS305741	DRP010041	PRJDB15848	Escherichia coli	EC26	OXFORD_NANOPORE	MinION	1563781820.0	228876.0	WGS	GENOMIC	SINGLE	MinION sequencing of SAMD00607289
SRR926350	SRX314708	SRS387423	SRP018164	PRJNA78477	Salmonella enterica subsp. enterica serovar Heidelberg str. 41578	41578	PACBIO_SMRT	PacBio RS	474728673.0	81741.0	WGS	GENOMIC	SINGLE	Whole genome shotgun sequencing of Salmonella enterica subsp. enterica serovar Heidelberg str. 41578 by Pacific Biosciences SMRT
ERR15602682	ERX15005906	ERS26882950	ERP180185	PRJEB97707	Escherichia coli		OXFORD_NANOPORE	MinION	778251989.0	115537.0	WGS	GENOMIC	SINGLE	MinION sequencing
ERR1805701	ERX1868728	ERS1324148	ERP005928	PRJEB6403	Mycoplasma putrefaciens	NCTC10155	PACBIO_SMRT	PacBio RS	787358900.0	163482.0	WGS	GENOMIC	SINGLE	PacBio RS sequencing
SRR18299185	SRX14436699	SRS12243871	SRP363571	PRJNA810040	Pseudomonas aeruginosa	H08	PACBIO_SMRT	Sequel II	1645255333.0	132710.0	WGS	GENOMIC	SINGLE	PacBio reads of phylogenetically diverse collection of P. aeruginosa
ERR15373201	ERX14776886	ERS23666211	ERP169391	PRJEB86018	Haemophilus influenzae		PACBIO_SMRT	Sequel II	282426283.0	23244.0	WGS	GENOMIC	SINGLE	Sequel II sequencing
SRR31540852	SRX26908072	SRS23387532	SRP548173	PRJNA1190675	Escherichia coli	The same strain as the one under SRA accession SRR4195642	OXFORD_NANOPORE	MinION	372951772.0	54815.0	WGS	GENOMIC	SINGLE	ONT of TAS256
SRR15076452	SRX11386475	SRS9431119	SRP040661	PRJNA231221	Streptococcus gordonii	FDAARGOS 1454	PACBIO_SMRT	Sequel II	3046874235.0	283040.0	WGS	GENOMIC	SINGLE	
SRR24087982	SRX19888636	SRS17242684	SRP431209	PRJNA952813	Brucella abortus	Y11_MNG	OXFORD_NANOPORE	MinION	7270356.0	3735.0	WGS	GENOMIC	SINGLE	WGS of Brucella abortus: uterus swab of aborted yak
SRR24464611	SRX20251470	SRS17512837	SRP435494	PRJNA910658	Vibrio parahaemolyticus	PH1273	OXFORD_NANOPORE	MinION	244984022.0	11040.0	WGS	GENOMIC	SINGLE	WGS of V. parahaemolyticus: P. vannamei
ERR10229198	ERX9764154	ERS6480120	ERP109413	PRJEB27342	Klebsiella pneumoniae		PACBIO_SMRT	Sequel II	11411533586.0	1817606.0	WGS	GENOMIC	SINGLE	Sequel II sequencing
SRR21415750	SRX17420130	SRS12115321	SRP361569	PRJNA768416	Paenibacillus sp. FSL R7-0297	FSL R7-0297	OXFORD_NANOPORE	MinION	459557860.0	196422.0	WGS	GENOMIC	SINGLE	WGS of Bacilli
SRR30342886	SRX25801263	SRS22432738	SRP528120	PRJNA1150149	Enterobacter cloacae	NOVEL	OXFORD_NANOPORE	MinION	611882214.0	104593.0	WGS	GENOMIC	SINGLE	ONT long-read sequencing of potential healthcare transmission pathogens
SRR32204115	SRX27545696	SRS23960614	SRP561120	PRJNA1214876	Ekhidna algicida	To15	OXFORD_NANOPORE	MinION	29235929.0	4000.0	WGS	GENOMIC	SINGLE	Ekhidna algicida strain To15 genome
DRR278213	DRX267796	DRS204071	DRP007695	PRJDB11327	Sinomonas cyclohexanicum	ATCC 51369	PACBIO_SMRT	PacBio RS II	1306922267.0	129681.0	WGS	GENOMIC	SINGLE	PacBio RS II sequencing of SAMD00286437
SRR16178825	SRX12463460	SRS10429414	SRP339838	PRJNA593376	Acinetobacter baumannii	XL380	PACBIO_SMRT	PacBio RS II	3093997471.0	441891.0	WGS	GENOMIC	SINGLE	Whole genome sequencing of Acinetobacter baumannii XL380
SRR1161527	SRX463048	SRS551821	SRP036338	PRJNA237250	Xanthomonas oryzae pv. oryzae PXO86	PXO86	PACBIO_SMRT	PacBio RS	439158640.0	163482.0	WGS	GENOMIC	SINGLE	PacBio Sequencing of PXO86
SRR28995452	SRX24522816	SRS21270401	SRP507029	PRJNA1109834	Salmonella enterica subsp. enterica serovar Dublin	PSUSE00060	OXFORD_NANOPORE	MinION	481785704.0	122648.0	WGS	GENOMIC	SINGLE	Whole genome sequencing of Salmonella Dublin isolated from 2011 to 2022 in Pennsylvania, USA
ERR2125645	ERX2182497	ERS1473292	ERP005928	PRJEB6403	Mycolicibacterium fortuitum	NCTC2891_1	PACBIO_SMRT	PacBio RS	689111322.0	163482.0	WGS	GENOMIC	SINGLE	PacBio RS sequencing
DRR197044	DRX187461	DRS174825	DRP004189	PRJDB5929	Escherichia coli	C053	PACBIO_SMRT	PacBio RS II	1002720598.0	133075.0	WGS	GENOMIC	SINGLE	PacBio RS II sequencing of SAMD00108805
SRR28777782	SRX24342764	SRS20831699	SRP497546	PRJNA1091452	Staphylococcus aureus	SA67-PS	OXFORD_NANOPORE	MinION	645053394.0	139640.0	WGS	GENOMIC	SINGLE	ONT performance study sequencing of S. aureus
ERR10498618	ERX10015907	ERS14256159	ERP142629	PRJEB57633	Escherichia coli		OXFORD_NANOPORE	GridION	31447006.0	5013.0	WGS	GENOMIC	SINGLE	Raw reads: ONT_30602_1#145
SRR5362219	SRX2658000	SRS2061104	SRP102195	PRJNA369395	Capnocytophaga sp. H2931	H2931	PACBIO_SMRT	PacBio RS II	2940615019.0	163482.0	WGS	GENOMIC	SINGLE	
SRR4181056	SRX2142352	SRS1674011	SRP086955	PRJNA303804	Agromyces flavus	CPCC 202695	PACBIO_SMRT	PacBio RS	528202570.0	137370.0	WGS	GENOMIC	SINGLE	Agromyces flavus DSM 22059
SRR35314818	SRX30416685	SRS26453074	SRP618534	PRJNA696260	Xanthomonas vasicola	BLS185	PACBIO_SMRT	Sequel II	946893139.0	463223.0	WGS	GENOMIC	SINGLE	Xanthomonas vasicola pv. holcicola BLS185 methylation
SRR30463431	SRX25888529	SRS22459537	SRP515179	PRJNA1126331	Actinomycetota bacterium		PACBIO_SMRT	Sequel II	3488019.0	1.0	WGS	GENOMIC	SINGLE	HiFi.Melbourne_complete.10138
SRR14753687	SRX11087154	SRS9152682	SRP323129	PRJNA735522	Bacillus velezensis	GMEKP1	OXFORD_NANOPORE	GridION	27959902.0	4000.0	WGS	GENOMIC	SINGLE	SRA Bacillus velezensis GMEKP1
SRR31935040	SRX27292100	SRS14304192	SRP388186	PRJNA862465	Campylobacter lari	S3:34	OXFORD_NANOPORE	MinION	543455401.0	99760.0	WGS	GENOMIC	SINGLE	Whole genome sequencing of urease-positive (UPTC) Campylobacter lari
ERR12670798	ERX12044930	ERS18299894	ERP149678	PRJEB64503	Haemophilus influenzae 10810	HUB-HI13744	OXFORD_NANOPORE	MinION	517960787.0	93275.0	WGS	GENOMIC	SINGLE	MinION sequencing
DRR218419	DRX208732	SRS6408853	SRP254784	PRJNA564371	Streptococcus canis	HL_77_2	OXFORD_NANOPORE	MinION	2158421645.0	414364.0	WGS	GENOMIC	SINGLE	MinION sequencing of SAMN13091860
ERR4763120	ERX4636173	ERS5247958	ERP124695	PRJEB40976	Enterococcus faecalis		OXFORD_NANOPORE	GridION	826697540.0	55548.0	WGS	GENOMIC	SINGLE	GridION sequencing; Raw reads: 28099_2#212
SRR24462674	SRX20249533	SRS17582397	SRP436364	PRJNA970070	Vibrio cholerae	M815	OXFORD_NANOPORE	GridION	957080192.0	134131.0	WGS	GENOMIC	SINGLE	Genomic evidence of the transmissions in early seventh cholera pandemic
SRR30149089	SRX25616917	SRS22262771	SRP524510	PRJNA1144171	Staphylococcus aureus	sa230119_barcode63	OXFORD_NANOPORE	MinION	68424656.0	40835.0	WGS	GENOMIC	SINGLE	Staphylococcus aureus strain sa230119_barcode63
ERR14745992	ERX14147364	ERS23811963	ERP170065	PRJEB86767	Enterococcus faecium		OXFORD_NANOPORE	MinION	1170429262.0	286193.0	WGS	GENOMIC	SINGLE	EXP-13-1-2025-03-14_12-16-43
SRR28434573	SRX24038401	SRS20831667	SRP497546	PRJNA1091452	Klebsiella pneumoniae	KP11-PS	OXFORD_NANOPORE	MinION	678293070.0	73306.0	WGS	GENOMIC	SINGLE	ONT performance study sequencing of K. pneumoniae
ERR13253038	ERX12623661	ERS20229423	ERP161024	PRJEB76496	Klebsiella pneumoniae	Zagreb022	OXFORD_NANOPORE	GridION	557643219.0	813541.0	WGS	GENOMIC	SINGLE	GridION sequencing
SRR22859715	SRX18818522	SRS16251749	SRP414408	PRJNA914892	Staphylococcus aureus	C137	OXFORD_NANOPORE	MinION	133021412.0	29580.0	WGS	GENOMIC	SINGLE	Long read ONT WGS of Staphylococcus aureus isolates from Chronic Rhinosinusitis Patients
SRR36886003	SRX31857687	SRS27814236	SRP664490	PRJNA1399416	Pseudomonas amygdali pv. morsprunorum	Pam_MH_A_9_3_1	OXFORD_NANOPORE	PromethION	1212541563.0	138044.0	WGS	GENOMIC	SINGLE	Genomic DNA sequencing reads
SRR21415698	SRX17420182	SRS13526054	SRP361569	PRJNA768416	Bacillus sp. FSL W8-1141	FSL W8-1141	OXFORD_NANOPORE	MinION	434829336.0	127425.0	WGS	GENOMIC	SINGLE	WGS of Bacilli
SRR23148058	SRX19098855	SRS16514090	SRP418402	PRJNA925803	Streptococcus dysgalactiae subsp. equisimilis	MGCS36083	OXFORD_NANOPORE	GridION	94123501.0	60147.0	WGS	GENOMIC	SINGLE	SDSE strain MGCS36083 whole genome sequencing
ERR11806646	ERX11205006	ERS16226695	ERP119900	PRJEB36683	Klebsiella pneumoniae 11227-1		OXFORD_NANOPORE	MinION	215666769.0	41354.0	WGS	GENOMIC	SINGLE	MinION sequencing; Raw reads: plasmid_ERR3891119
SRR13181994	SRX9620013	SRS7822174	SRP040661	PRJNA231221	Bacteroides fragilis	FDAARGOS_1222	PACBIO_SMRT	Sequel	842025429.0	140102.0	WGS	GENOMIC	SINGLE	
SRR29778967	SRX25278913	SRS21698290	SRP418402	PRJNA925803	Streptococcus dysgalactiae subsp. equisimilis	MGCS35972	OXFORD_NANOPORE	GridION	460821866.0	279379.0	WGS	GENOMIC	SINGLE	WGS of Streptococcus dysgalactiae subsp. equisimilis
SRR4120045	SRX2100868	SRS1665728	SRP040661	PRJNA231221	Streptococcus sp. FDAARGOS_192	FDAARGOS_192	PACBIO_SMRT	PacBio RS	1055183963.0	163482.0	WGS	GENOMIC	SINGLE	
SRR13192593	SRX9626866	SRS7827983	SRP295672	PRJNA681856	Salmonella enterica	LHICA_E1	OXFORD_NANOPORE	MinION	14217626.0	4000.0	WGS	GENOMIC	SINGLE	WGS of Salmonella enterica Lhica E137
ERR4762959	ERX4636025	ERS5247833	ERP124695	PRJEB40976	Enterococcus faecalis		OXFORD_NANOPORE	GridION	1044628663.0	85035.0	WGS	GENOMIC	SINGLE	GridION sequencing; Raw reads: 27688_1#241
SRR21472556	SRX17476649	SRS15029884	SRP396115	PRJNA868296	Serratia marcescens	GD03790	OXFORD_NANOPORE	MinION	231663263.0	31292.0	WGS	GENOMIC	SINGLE	WGS of Serratia marcescens
ERR12779847	ERX12153037	ERS18593808	ERP152744	PRJEB67737	Salmonella enterica subsp. enterica serovar Minnesota		OXFORD_NANOPORE	PromethION	433004225.0	264000.0	WGS	GENOMIC	SINGLE	Raw reads: K_123_L
SRR8192168	SRX5011617	SRS4045522	SRP168760	PRJNA505665	Salmonella enterica subsp. enterica		PACBIO_SMRT	Sequel	2256999161.0	302471.0	WGS	GENOMIC	SINGLE	PacBio WGS of Salmonella enterica_Isolate_116
SRR1185266	SRX482684	SRS420732	SRP022608	PRJNA201929	Enterobacter sp. MGH 14	MGH 14	PACBIO_SMRT	PacBio RS	263545504.0	81741.0	WGS	GENOMIC	SINGLE	Pacbio whole genome shotgun sequencing of genomic DNA library 'PACBIO-473' containing sample 'Enterobacter cloacae complex MGH 14'
ERR2237818	ERX2289985	ERS1869818	ERP005928	PRJEB6403	Campylobacter jejuni subsp. jejuni	NCTC11827	PACBIO_SMRT	PacBio RS	2484482118.0	163482.0	WGS	GENOMIC	SINGLE	PacBio RS sequencing
SRR31599181	SRX26963903	SRS23433615	SRP549287	PRJNA1185485	Escherichia coli	242	OXFORD_NANOPORE	PromethION	688029487.0	119183.0	WGS	GENOMIC	SINGLE	Kleb-3R-barcode78
SRR27201578	SRX22881426	SRS19853835	SRP477847	PRJNA1052100	Klebsiella pneumoniae	A11	OXFORD_NANOPORE	MinION	41803760.0	21249.0	WGS	GENOMIC	SINGLE	ONT R9.4.1 sequences of Klebsiella pneumoniae from clinical sources in Ghana
SRR29015129	SRX24541771	SRS21286499	SRP506715	PRJNA981225	Salmonella enterica subsp. enterica serovar Typhimurium	2014149	OXFORD_NANOPORE	PromethION	1000024649.0	28483.0	WGS	GENOMIC	SINGLE	raw sequence data of Salmonella enterica subsp. enterica serovar Typhimurium 2014149 using third-generation sequencing
ERR13600682	ERX12971705	ERS15600234	ERP132614	PRJEB48268	Klebsiella pneumoniae		OXFORD_NANOPORE	GridION	1034347668.0	47459.0	WGS	GENOMIC	SINGLE	GridION sequencing
SRR13039209	SRX9489257	SRS7698152	SRP292258	PRJNA677831	Staphylococcus aureus		PACBIO_SMRT	PacBio RS II	3690742608.0	163482.0	WGS	GENOMIC	PAIRED	ST72 Staphylococcus aureus
ERR9364064	ERX8906313	ERS11202289	ERP136327	PRJEB51675	Vibrio cholerae non-O1/non-O139	not provided	OXFORD_NANOPORE	MinION	1460920673.0	179287.0	WGS	GENOMIC	SINGLE	MinION sequencing
DRR493256	DRX477455	DRS205650	DRP007742	PRJDB10568	Serratia marcescens	KC031	OXFORD_NANOPORE	MinION	381307879.0	51218.0	WGS	GENOMIC	SINGLE	MinION sequencing of SAMD00247331
SRR5165232	SRX2482213	SRS1913778	SRP096420	PRJNA243969	Kosmotoga olearia	TBF19.5.1	PACBIO_SMRT	PacBio RS	387494506.0	229162.0	WGS	GENOMIC	SINGLE	Kosmotoga olearia TBF19.5.1
SRR23885828	SRX19697662	SRS17066368	SRP427816	PRJNA944970	Kitasatospora sp. GAS1054	GAS1054	OXFORD_NANOPORE	MinION	263632788.0	308072.0	WGS	GENOMIC	SINGLE	Genome sequencing of Harvard Forest soil isolates
ERR14225727	ERX13626003	ERS18294152	ERP156237	PRJEB71438	Streptomyces abikoensis		OXFORD_NANOPORE	MinION			WGS	GENOMIC	SINGLE	MinION sequencing
SRR10140374	SRX6868314	SRS5405726	SRP222369	PRJNA565470	Sinorhizobium medicae	AMp06	PACBIO_SMRT	Sequel	576458900.0	66146.0	WGS	GENOMIC	SINGLE	Genome sequencing of rhizobia from the Almaden mine
SRR29882856	SRX25379165	SRS21307806	SRP395888	PRJNA812595	Klebsiella pneumoniae	2024CK-00646	OXFORD_NANOPORE	GridION	780609196.0	102521.0	WGS	GENOMIC	SINGLE	Nanopore sequencing of ARLN isolate
SRR31598665	SRX26963820	SRS23433532	SRP549287	PRJNA1185485	Escherichia coli	907	OXFORD_NANOPORE	PromethION	936537499.0	136568.0	WGS	GENOMIC	SINGLE	WTP-NoR-Nov-barcode61
SRR36722093	SRX31726400	SRS27695036	SRP660603	PRJNA1398820	Escherichia coli BL21(DE3)	BL21 (DE3)	OXFORD_NANOPORE	MinION	304304252.0	95462.0	WGS	GENOMIC	SINGLE	Whole-genome sequencing of phage-resistant E. coli BL21(DE3)
SRR12298591	SRX8801476	SRS6792332	SRP266402	PRJNA605147	Escherichia coli	RHB15-C11	OXFORD_NANOPORE	GridION	175091349.0	33916.0	WGS	GENOMIC	SINGLE	OXFORD_NANOPORE sequencing of Escherichia coli isolate RH11|T2-C11 cultured from Sheep faeces sample
ERR1447935	ERX1518413	ERS433510	ERP003278	PRJEB4024	Neisseria gonorrhoeae	WHO O	PACBIO_SMRT	PacBio RS	1074088401.0	163482.0	WGS	GENOMIC	SINGLE	PacBio RS sequencing
ERR13577345	ERX12947248	ERS20900526	ERP161852	PRJEB77420	Klebsiella pneumoniae		OXFORD_NANOPORE	MinION	597725666.0	42778.0	WGS	GENOMIC	SINGLE	Raw reads: Long reads sequencing of S1-39800 isolate
SRR17200436	SRX13380613	SRS11284561	SRP350304	PRJNA786653	Haemophilus influenzae	mpi1337	PACBIO_SMRT	Sequel	1851240639.0	279579.0	WGS	GENOMIC	SINGLE	WGS of Haemophilus influenzae: mpi1337
SRR19816798	SRX15860534	SRS12115342	SRP361569	PRJNA768416	Oceanobacillus sp. FSL W7-1293		OXFORD_NANOPORE	MinION	522679440.0	184985.0	WGS	GENOMIC	SINGLE	WGS of Bacilli
SRR8494916	SRX5299467	SRS4294125	SRP181880	PRJNA422511	Escherichia coli		OXFORD_NANOPORE	MinION	1081206723.0	79105.0	WGS	GENOMIC	SINGLE	Oxford Nanopore MinION WGS of Escherichia coli
SRR30944906	SRX26347498	SRS22853396	SRP537443	PRJNA1170947	Raoultella ornithinolytica	TET32	OXFORD_NANOPORE	MinION	1821258317.0	95486.0	WGS	GENOMIC	SINGLE	Whole Genome Sequencing of CAV7621: Sink-3PS
SRR500637	SRX032452	SRS140101	SRP004712	PRJNA61297	Vibrio cholerae O1 biovar El Tor		PACBIO_SMRT	PacBio RS	48391273.0	60667.0	WGS	GENOMIC	SINGLE	Sequencing for H2 (Haiti, 2010)
SRR5181912	SRX2498021	SRS1924874	SRP096895	PRJNA353873	Mycobacterium tuberculosis		PACBIO_SMRT	PacBio RS	691303011.0	163482.0	WGS	GENOMIC	SINGLE	DNA of Mtb
SRR17119282	SRX13303797	SRS11213399	SRP040661	PRJNA231221	Mycobacteroides abscessus subsp. abscessus	FDAARGOS_1604	PACBIO_SMRT	Sequel II	4062862107.0	375468.0	WGS	GENOMIC	SINGLE	
ERR15660875	ERX15065653	ERS26934172	ERP179947	PRJEB97396	Mycobacterium tuberculosis		OXFORD_NANOPORE	MinION			WGS	GENOMIC	SINGLE	MinION sequencing
SRR36660837	SRX31671692	SRS27644160	SRP659405	PRJNA1389015	Shinella sp. OV683	OV683	OXFORD_NANOPORE	GridION	591989413.0	91970.0	WGS	GENOMIC	SINGLE	DNA reads of Shinella sp. OV683 genome
SRR23044209	SRX18997755	SRS15976908	SRP411586	PRJNA907549	Escherichia coli	DETEC-E223	OXFORD_NANOPORE	MinION	490013749.0	13128.0	WGS	GENOMIC	SINGLE	DETEC-E223 long-read genome sequence
SRR31599193	SRX26963891	SRS23433603	SRP549287	PRJNA1185485	Escherichia coli	231	OXFORD_NANOPORE	PromethION	2250393905.0	462929.0	WGS	GENOMIC	SINGLE	Kleb-3R-barcode60
DRR718848	DRX698869	DRS648411	DRP016988	PRJDB20385	Escherichia coli	21AH004	OXFORD_NANOPORE	MinION	487024616.0	77793.0	WGS	GENOMIC	SINGLE	MinION sequencing of SAMD01608461
SRR9160376	SRX5933453	SRS4846655	SRP040661	PRJNA231221	Listeria monocytogenes	FDAARGOS_607	PACBIO_SMRT	PacBio RS	1165246072.0	163482.0	WGS	GENOMIC	SINGLE	
SRR11317963	SRX7922311	SRS1495391	SRP108741	PRJNA342326	Citrobacter sp. CFSAN044567	CFSAN044567	PACBIO_SMRT	Sequel	1894343993.0	280463.0	WGS	GENOMIC	SINGLE	Whole genome PacBio Sequel sequence of Citrobacter freundii
SRR5937963	SRX3097870	SRS2434305	SRP115555	PRJNA353337	Ralstonia solanacearum	T42	PACBIO_SMRT	PacBio RS II	1200520514.0	163482.0	WGS	GENOMIC	SINGLE	WGS of Ralstonia solanacearum T42
ERR13744148	ERX13145560	ERS16082404	ERP149426	PRJEB64289	Klebsiella pneumoniae		PACBIO_SMRT	Sequel IIe	975948995.0	102551.0	WGS	GENOMIC	SINGLE	Sequel IIe sequencing
ERR791723	ERX808962	ERS572885	ERP008529	PRJEB7608	Campylobacter jejuni		PACBIO_SMRT	PacBio RS	552599965.0	163482.0	WGS	GENOMIC	SINGLE	PacBio RS sequencing
SRR30896300	SRX26299721	SRS22828443	SRP536878	PRJNA1134622	Escherichia coli	OXEC-6	OXFORD_NANOPORE	MinION	187780497.0	51394.0	WGS	GENOMIC	SINGLE	OXEC-6
SRR33624391	SRX28852463	SRS24971604	SRP583787	PRJNA1228599	Staphylococcus aureus subsp. aureus USA300	LAC	OXFORD_NANOPORE	MinION	659527077.0	367477.0	WGS	GENOMIC	SINGLE	H202 treatment 3
SRR4177467	SRX2142037	SRS1673766	SRP086919	PRJNA303856	Sanguibacter antarcticus	DSM 18966	PACBIO_SMRT	PacBio RS	1374675837.0	325017.0	WGS	GENOMIC	SINGLE	Sanguibacter antarcticus DSM 18966
ERR3458876	ERX3480627	ERS3607382	ERP116579	PRJEB33761	Escherichia coli		PACBIO_SMRT	PacBio RS	1642286137.0	483437.0	WGS	GENOMIC	SINGLE	PacBio RS sequencing
SRR35212442	SRX30316335	SRS26363351	SRP291668	PRJNA675431	Enterococcus faecium	FI524	OXFORD_NANOPORE	PromethION	662765312.0	144780.0	WGS	GENOMIC	SINGLE	WGS of Enterococcus faecium
SRR35556755	SRX30631305	SRS19833494	SRP150360	PRJNA475751	Enterococcus faecium	VRE37808	OXFORD_NANOPORE	MinION	513541280.0	147251.0	WGS	GENOMIC	SINGLE	WGS Sequencing of Enterococcus faecium
SRR14230917	SRX10595519	SRS837744	SRP314699	PRJNA556442	Streptococcus agalactiae	SS114	OXFORD_NANOPORE	GridION	233456786.0	90754.0	WGS	GENOMIC	SINGLE	WGS of serotype V GBS:SS114
SRR28777800	SRX24342746	SRS20831695	SRP497546	PRJNA1091452	Listeria monocytogenes	L-10	OXFORD_NANOPORE	MinION	515278947.0	170036.0	WGS	GENOMIC	SINGLE	ONT performance study sequencing of L. monocytogenes
ERR9843371	ERX9389168	ERS11816112	ERP120185	PRJEB36919	Campylobacter jejuni		PACBIO_SMRT	Sequel II	2415297575.0	303758.0	WGS	GENOMIC	SINGLE	Sequel II sequencing
ERR16090421	ERX15480256	ERS28454297	ERP183034	PRJEB101632	Pseudomonas sp. R4-76		PACBIO_SMRT	Sequel	247023720.0	20795.0	WGS	GENOMIC	SINGLE	Sequel sequencing
SRR26135169	SRX21848558	SRS18945817	SRP462492	PRJNA946810	Pseudomonas aeruginosa	Rectal_2_P14	OXFORD_NANOPORE	GridION	59864774.0	10951.0	WGS	GENOMIC	SINGLE	WGS of Pseudomonas aeruginosa from hospitalized patiens from Quito, Ecuador
ERR704373	ERX648636	ERS530412	ERP005928	PRJEB6403	Escherichia coli	NCTC10650	PACBIO_SMRT	PacBio RS	1078939900.0	163482.0	WGS	GENOMIC	SINGLE	PacBio RS sequencing
SRR31599282	SRX26964401	SRS23434114	SRP549287	PRJNA1185485	Escherichia coli	368	OXFORD_NANOPORE	PromethION	211928986.0	107919.0	WGS	GENOMIC	SINGLE	Pig-barcode72
SRR22542065	SRX18506054	SRS15975964	SRP411535	PRJNA906323	Pectobacterium brasiliense	21PCA_AGRO2	OXFORD_NANOPORE	MinION	961234444.0	64110.0	WGS	GENOMIC	SINGLE	WGS of Pectobacterium brasiliense:napa cabbage
SRR14757257	SRX11090744	SRS9156116	SRP323170	PRJNA732579	Staphylococcus aureus	194	PACBIO_SMRT	Sequel	897775788.0	181642.0	WGS	GENOMIC	SINGLE	WGS of Staphylococcus aureus: human skin
SRR5852287	SRX3021711	SRS1832441	SRP094480	PRJNA279196	Bordetella pertussis	I113	PACBIO_SMRT	PacBio RS II	1013342232.0	163482.0	WGS	GENOMIC	SINGLE	
SRR28434535	SRX24038846	SRS20831646	SRP497546	PRJNA1091452	Listeria monocytogenes	L-04	OXFORD_NANOPORE	MinION	604039574.0	80928.0	WGS	GENOMIC	SINGLE	ONT performance study sequencing of L. monocytogenes
ERR10498922	ERX10016211	ERS14255969	ERP142629	PRJEB57633	Escherichia coli		OXFORD_NANOPORE	GridION	83447692.0	9975.0	WGS	GENOMIC	SINGLE	Raw reads: ONT_30602_2#47
SRR13448632	SRX9861899	SRS8041966	SRP295672	PRJNA681856	Salmonella enterica	LHICA_E3	OXFORD_NANOPORE	MinION	38786114.0	4000.0	WGS	GENOMIC	SINGLE	WGS of Salmonella Lhica E3_72
SRR31944019	SRX27300959	SRS23742439	SRP556326	PRJNA1190092	Escherichia	missing	PACBIO_SMRT	PacBio RS II	243096859.0	49865.0	WGS	GENOMIC	SINGLE	Wastewater sample KH_13
SRR35197847	SRX30301664	SRS17947652	SRP442158	PRJNA708472	Paeniglutamicibacter sulfureus	DSM 20167	PACBIO_SMRT	Sequel II	207467929.0	31020.0	WGS	GENOMIC	SINGLE	Arthrobacter sulfureus DSM 20167
SRR36919969	SRX31886259	SRS27841224	SRP665298	PRJNA1403646	Enterobacter hormaechei	not applicable	OXFORD_NANOPORE	MinION	332115993.0	153307.0	WGS	GENOMIC	SINGLE	Long Reads for The Genomic Landscape of Head and Neck Cancer-associated Streptococci
SRR287691	SRX078299	SRS212383	SRP007207	PRJNA68253	Escherichia coli		PACBIO_SMRT	PacBio RS	139433072.0	81741.0	WGS	GENOMIC	SINGLE	Whole Genome Sequencing for C1010-00
ERR16137083	ERX15526749	ERS28491444	ERP187675	PRJEB106623	Neisseria gonorrhoeae		OXFORD_NANOPORE	MinION	425811386.0	105182.0	WGS	GENOMIC	SINGLE	Raw reads: UMASS-DGI_36
SRR35761189	SRX30810477	SRS26822120	SRP630868	PRJNA1338801	Escherichia coli	APEC_AN-25	OXFORD_NANOPORE	MinION	615092046.0	95613.0	WGS	GENOMIC	SINGLE	Whole genome sequencing of Escherichia coli from poultry anatomical site
SRR11209307	SRX7822126	SRS6233359	SRP251108	PRJNA609126	Staphylococcus aureus	SA1428	OXFORD_NANOPORE	GridION	92283887.0	4000.0	WGS	GENOMIC	SINGLE	Genome sequence of a chronic Staphylococcus aureus isolated from dairy cow that is non-responsive to antibiotic treatment
SRR33768614	SRX28990863	SRS22397063	SRP444583	PRJNA962904	Escherichia coli		PACBIO_SMRT	Sequel II	100292246.0	4427.0	WGS	GENOMIC	SINGLE	PacBio sequencing of A112001HE1 for ARCH 2
DRR193902	DRX184357	DRS119547	DRP004119	PRJDB6565	Klebsiella pneumoniae	E148	OXFORD_NANOPORE	GridION	1936000576.0	314315.0	WGS	GENOMIC	SINGLE	E148
ERR15942197	ERX15337742	ERS27418079	ERP171251	PRJEB88111	Clostridium perfringens	CP_61B	OXFORD_NANOPORE	PromethION	1680032384.0	330534.0	WGS	GENOMIC	SINGLE	Raw reads: DTU_2024_1035992_100_SI_CP_61B_SE
ERR5295500	ERX5085125	ERS5649898	ERP126298	PRJEB42440	Klebsiella pneumoniae		OXFORD_NANOPORE	MinION	3054055058.0	430748.0	WGS	GENOMIC	SINGLE	MinION sequencing
SRR29316647	SRX24833496	SRS21545327	SRP512379	PRJNA1121190	Vibrio cholerae	142Vc03	OXFORD_NANOPORE	PromethION	257030775.0	72882.0	WGS	GENOMIC	SINGLE	WGS of Vcholerae isolates
DRR174808	DRX165377	DRS095005	DRP005060	PRJDB8163	Enterobacter asburiae	1808-013	PACBIO_SMRT	Sequel	1718018037.0	174727.0	WGS	GENOMIC	SINGLE	Sequel sequencing of SAMD00166948
SRR27145176	SRX22826939	SRS19807646	SRP476599	PRJNA1050169	Citroniella saccharovorans	DSM 29873	OXFORD_NANOPORE	MinION	39778357.0	3813.0	WGS	GENOMIC	SINGLE	Nanopore MinION of C. saccharovorans
DRR287280	DRX276737	DRS318052	DRP010345	PRJDB10714	Annamia dubia NIES-4383	NIES-4383	OXFORD_NANOPORE	MinION	17512690.0	4000.0	WGS	GENOMIC	SINGLE	Annamia_sp_18
SRR28445777	SRX24049124	SRS20840578	SRP497734	PRJNA1077798	Alteromonas gracilis	J4	OXFORD_NANOPORE	MinION	2452608.0	1000.0	WGS	GENOMIC	SINGLE	Alteromonas gracilis strain J4, whole genome Nanopore Sequencing
SRR11478871	SRX8055034	SRS6424712	SRP255193	PRJNA615779	Aeromonas media	FiBL-03	OXFORD_NANOPORE	PromethION	1408229667.0	49813.0	WGS	GENOMIC	SINGLE	Aeromonas media FiBL-03 ONT
SRR23686988	SRX19549607	SRS16398520	SRP416531	PRJNA916402	Neisseria elongata subsp. glycolytica	DSM 23337	OXFORD_NANOPORE	MinION	17407826525.0	1592922.0	WGS	GENOMIC	SINGLE	Nanopore sequencing of Neisseria elongata subsp. glycolytica strain:DSM 23337
ERR10124235	ERX9661299	ERS6426094	ERP109413	PRJEB27342	Klebsiella aerogenes		PACBIO_SMRT	Sequel II	5623769696.0	925139.0	WGS	GENOMIC	SINGLE	Sequel II sequencing
ERR1173488	ERX1246917	ERS846868	ERP005928	PRJEB6403	Streptococcus dysgalactiae subsp. dysgalactiae	NCTC4669	PACBIO_SMRT	PacBio RS	4287611460.0	163482.0	WGS	GENOMIC	SINGLE	PacBio RS sequencing
SRR34973763	SRX30093080	SRS26157962	SRP608514	PRJNA1305037	Citrobacter freundii	MI_KPC_975	OXFORD_NANOPORE	PromethION	500004194.0	62922.0	WGS	GENOMIC	SINGLE	KPC CRE collection from state of Michigan
SRR9171423	SRX5944191	SRS4854913	SRP040661	PRJNA231221	Bacillus anthracis	FDAARGOS_696	PACBIO_SMRT	PacBio RS	2436509648.0	163482.0	WGS	GENOMIC	SINGLE	
ERR10498518	ERX10015807	ERS14255309	ERP142629	PRJEB57633	Escherichia coli		OXFORD_NANOPORE	GridION	59091782.0	8770.0	WGS	GENOMIC	SINGLE	Raw reads: ONT_30348_2#171
SRR21902197	SRX17888250	SRS5108570	SRP070419	PRJNA309469	Mesobacillus jeotgali	SBJS01	OXFORD_NANOPORE	MinION	100742105.0	22653.0	WGS	GENOMIC	SINGLE	Whole genome sequencing of Mesobacillus jeotgali SBJS01
SRR31024293	SRX26411270	SRS22931225	SRP539092	PRJNA1174068	Vibrio cholerae	mHDM VC114	OXFORD_NANOPORE	PromethION	80773417.0	48627.0	WGS	GENOMIC	SINGLE	WGS of Vcholerae isolates
SRR32655899	SRX27959890	SRS24326269	SRP569671	PRJNA912210	Prochlorococcus sp. MIT 0602	MIT 0602	PACBIO_SMRT	Sequel	254979125.0	27398.0	WGS	GENOMIC	SINGLE	PacBio HiFi data of Prochlorococcus sp. MIT 0602
ERR14125600	ERX13528257	ERS22899885	ERP159032	PRJEB74343	Streptomyces albidoflavus		OXFORD_NANOPORE	PromethION			WGS	GENOMIC	SINGLE	Streptomyces_albidoflavus
ERR14150450	ERX13553079	ERS13618221	ERP141886	PRJEB56918	Enterococcus faecalis		OXFORD_NANOPORE	GridION	4836804060.0	325232.0	WGS	GENOMIC	SINGLE	Raw reads: 1002756
ERR13326664	ERX12697692	ERS20295431	ERP161282	PRJEB76791	Salmonella enterica subsp. enterica serovar Agona		OXFORD_NANOPORE	MinION	99221798.0	22051.0	WGS	GENOMIC	SINGLE	MinION sequencing
ERR13802570	ERX13203322	ERS21186445	ERP164461	PRJEB80477	Acinetobacter baumannii		OXFORD_NANOPORE	MinION	310665211.0	101422.0	WGS	GENOMIC	SINGLE	MinION sequencing
ERR2125857	ERX2182709	ERS1681012	ERP005928	PRJEB6403	Helicobacter pylori		PACBIO_SMRT	PacBio RS	53785511.0	163482.0	WGS	GENOMIC	SINGLE	PacBio RS sequencing
SRR33624539	SRX28852602	SRS25081795	SRP586128	PRJNA1261400	Blautia hydrogenotrophica	DSM 108220	PACBIO_SMRT	PacBio RS II	462768716.0	75506.0	WGS	GENOMIC	SINGLE	new-BH
SRR11925980	SRX8471627	SRS6772248	SRP265969	PRJNA635276	Escherichia coli str. K-12 substr. MG1655	K-12	OXFORD_NANOPORE	MinION	8441757398.0	1916490.0	WGS	GENOMIC	SINGLE	E. coli training set of GpC methylated DNA
ERR14720806	ERX14122231	ERS23803728	ERP170064	PRJEB86764	Pseudomonas aeruginosa		OXFORD_NANOPORE	MinION	795535950.0	245704.0	WGS	GENOMIC	SINGLE	EXP-14-1-2025-03-12_12-02-44
SRR16883170	SRX13075971	SRS8784859	SRP051099	PRJNA269675	Klebsiella pneumoniae	SCPM-O-B-8919 (12PKP/19c)	OXFORD_NANOPORE	MinION	575782310.0	84790.0	WGS	GENOMIC	SINGLE	Shotgun 2021 Samples 339
SRR31599431	SRX26964251	SRS23433962	SRP549287	PRJNA1185485	Escherichia coli	882	OXFORD_NANOPORE	PromethION	816164504.0	106567.0	WGS	GENOMIC	SINGLE	WTP-NoR-Nov-barcode16
SRR35628894	SRX30685140	SRS26704556	SRP627750	PRJNA1333901	Pseudomonas jessenii	KH_012	OXFORD_NANOPORE	MinION	359269183.0	69357.0	WGS	GENOMIC	SINGLE	Oxford Nanopore sequences of cultivable bacteria collected in an iron ore mine and a crystal cave
SRR33768799	SRX28991279	SRS22456445	SRP444583	PRJNA962904	Escherichia coli		PACBIO_SMRT	Sequel II	515499228.0	26248.0	WGS	GENOMIC	SINGLE	PacBio sequencing of AH0467HC1 for ARCH 2
SRR21640909	SRX17641031	SRS8481766	SRP361569	PRJNA768416	Bacillus cereus		OXFORD_NANOPORE	MinION	1006904290.0	256050.0	WGS	GENOMIC	SINGLE	WGS of Bacilli
SRR20336622	SRX16369706	SRS14006886	SRP185620	PRJNA305687	Corynebacterium pseudogenitalium	CCUG 27540	OXFORD_NANOPORE	MinION	762040143.0	57618.0	WGS	GENOMIC	SINGLE	Whole genome sequence of Corynebacteium sp. CCUG 27540T
ERR10452872	ERX9976327	ERS6794053	ERP109413	PRJEB27342	Klebsiella pneumoniae		PACBIO_SMRT	Sequel II	3876548465.0	754786.0	WGS	GENOMIC	SINGLE	Sequel II sequencing
ERR904412	ERX983700	ERS684474	ERP009820	PRJEB8783	Mycobacterium tuberculosis	3565STDY6067024	PACBIO_SMRT	PacBio RS	152859331.0	163482.0	WGS	GENOMIC	SINGLE	PacBio RS sequencing
SRR33223738	SRX28470809	SRS24790834	SRP579950	PRJNA1253082	Streptococcus pneumoniae		OXFORD_NANOPORE	MinION	53844982.0	55301.0	WGS	GENOMIC	SINGLE	WGS of Streptococcus pneumoniae
SRR35896967	SRX30946258	SRS26825512	SRP395888	PRJNA812595	Neisseria sicca	2114122	OXFORD_NANOPORE	GridION	578833632.0	87731.0	WGS	GENOMIC	SINGLE	Nanopore sequencing of ARLN isolate
ERR1354166	ERX1425641	ERS1037089	ERP005928	PRJEB6403	Streptococcus pyogenes	NCTC10874	PACBIO_SMRT	PacBio RS	2577084539.0	163482.0	WGS	GENOMIC	SINGLE	PacBio RS sequencing
SRR27352649	SRX23029119	SRS19991003	SRP480168	PRJNA1057299	Clostridioides difficile	cd220330_barcode35	OXFORD_NANOPORE	MinION	38398771.0	60000.0	WGS	GENOMIC	SINGLE	Clostridioides difficile strain cd220330_barcode35
SRR5852288	SRX3021710	SRS1832409	SRP094480	PRJNA279196	Bordetella pertussis	I135	PACBIO_SMRT	PacBio RS II	630338144.0	163482.0	WGS	GENOMIC	SINGLE	
SRR29081074	SRX24605320	SRS21342996	SRP508604	PRJNA1113402	Mycobacterium tuberculosis	H-19-0018	OXFORD_NANOPORE	MinION	349100189.0	318968.0	WGS	GENOMIC	SINGLE	WGS of clinical Mycobacterium tuberculosis isolates from the Philippines
SRR12299171	SRX8802042	SRS6792483	SRP266402	PRJNA605147	Klebsiella pneumoniae	RHBSTW-00852	OXFORD_NANOPORE	GridION	1564389086.0	211142.0	WGS	GENOMIC	SINGLE	OXFORD_NANOPORE sequencing of Klebsiella pneumoniae isolate WTP5|T3-00852 cultured from WTP influent sample
ERR6293215	ERX5925812	ERS6652532	ERP129149	PRJEB45033	Pseudomonas corrugata	IDV1	PACBIO_SMRT	unspecified	139027559.0	28667.0	WGS	GENOMIC	SINGLE	unspecified sequencing; Raw reads: Pseudomonas_IDV1
SRR1614097	SRX734322	SRS722792	SRP048989	PRJNA238550	Burkholderia pseudomallei 406e	406E	PACBIO_SMRT	PacBio RS	1001779955.0	465610.0	WGS	GENOMIC	SINGLE	PacBio Long Read Data for BEI
SRR27823315	SRX23486683	SRS20339000	SRP487289	PRJNA1069198	Bradyrhizobium sp. AZCC 2230	AZCC 2230	PACBIO_SMRT	Sequel IIe	533623300.0	70409.0	WGS	GENOMIC	SINGLE	Bradyrhizobium sp. AZCC 2230
SRR29924842	SRX25418859	SRS22019483	SRP520391	PRJNA1136785	Clostridioides difficile		OXFORD_NANOPORE	GridION	932728560.0	170917.0	WGS	GENOMIC	SINGLE	22S0596-CDI-HON-2018_Cdifficile_WGS_ONT_RT027/ST1
SRR34711403	SRX29846428	SRS25949861	SRP603488	PRJNA1295973	Campylobacter coli	LDI4898	OXFORD_NANOPORE	MinION	727057990.0	153176.0	WGS	GENOMIC	SINGLE	C. coli Minion reads
SRR21563361	SRX17565813	SRS14987558	SRP354045	PRJNA747871	Streptomyces scopuliridis	NBC 01786	OXFORD_NANOPORE	MinION	740075853.0	152164.0	WGS	GENOMIC	SINGLE	nanopore sequencing data from strain NBC_01786
SRR35212449	SRX30316328	SRS26363344	SRP291668	PRJNA675431	Enterococcus faecium	FI599	OXFORD_NANOPORE	PromethION	399362951.0	179452.0	WGS	GENOMIC	SINGLE	WGS of Enterococcus faecium
ERR14789841	ERX14193716	ERS23132442	ERP168932	PRJEB85558	Zymomonas mobilis		OXFORD_NANOPORE	PromethION			WGS	GENOMIC	SINGLE	PromethION sequencing
SRR32486154	SRX27799519	SRS3808533	SRP390960	PRJNA857526	Shigella sonnei	AUSMDU00008243	OXFORD_NANOPORE	PromethION	1403972929.0	322550.0	WGS	GENOMIC	SINGLE	WGS of Escherichia/Shigella species from ONT reads
SRR17210284	SRX13390226	SRS11290155	SRP350362	PRJNA788148	Raoultella ornithinolytica	A2s	OXFORD_NANOPORE	MinION	1889724.0	431.0	WGS	GENOMIC	SINGLE	A2_r2_adaptive_14h
SRR24289063	SRX20084499	SRS17416973	SRP434206	PRJNA957546	Pseudomonas sp. Ap32	Ap32	OXFORD_NANOPORE	GridION	7810346.0	4000.0	WGS	GENOMIC	SINGLE	Genome sequencing of Pseudomonas apalachicolensis
ERR1377183	ERX1448309	ERS1054587	ERP005928	PRJEB6403	Klebsiella pneumoniae	NCTC13698	PACBIO_SMRT	PacBio RS	2208367748.0	163482.0	WGS	GENOMIC	SINGLE	PacBio RS sequencing
SRR12161453	SRX8676960	SRS6956050	SRP270567	PRJNA616592	Kribbella solani	DSM 17294	PACBIO_SMRT	PacBio RS II	902642864.0	174865.0	WGS	GENOMIC	SINGLE	Kribbella solani DSM 17294
SRR13839233	SRX10217624	SRS8362226	SRP309021	PRJNA706182	Sinorhizobium meliloti	FSM-MA_1	PACBIO_SMRT	Sequel	1000503854.0	153176.0	WGS	GENOMIC	SINGLE	DNA methylation analysis: S. meliloti FSM-MA
SRR16525824	SRX12728175	SRS10336750	SRP357534	PRJNA801415	Enterobacter cloacae	125	OXFORD_NANOPORE	GridION	717901898.0	123491.0	WGS	GENOMIC	SINGLE	Extensive diversification and dissemination of blaNDM carbapenemase plasmids in Enterobacterales in Singapore 2010-2015
SRR31486869	SRX26855082	SRS23015255	SRP074197	PRJNA288601	Citrobacter freundii	2024HL-01178	OXFORD_NANOPORE	GridION	370586523.0	65490.0	WGS	GENOMIC	SINGLE	Long read sequencing of carbapenemase producing organisms
SRR13386079	SRX9805350	SRS7989425	SRP300861	PRJNA663900	Enterococcus sp. AZ152	AZ152	OXFORD_NANOPORE	GridION	1108569422.0	563468.0	WGS	GENOMIC	SINGLE	Zoo 3 Enterococcus Diversity Genome sequencing and assembly
SRR21665127	SRX17663534	SRS15195592	SRP398533	PRJNA678177	Xenorhabdus innexi	DSM 16336	OXFORD_NANOPORE	GridION	591643197.0	141674.0	WGS	GENOMIC	SINGLE	ONT SQK-LSK109 library of Xenorhabdus innexi DSM 16336: R9.4.1 flowcell on GridION, guppy v4.0.11 high accuracy mode
SRR2993534	SRX1446136	SRS1173903	SRP066565	PRJNA299399	Wenjunlia vitaminophila	ATCC 31673	PACBIO_SMRT	PacBio RS II	1588620180.0	163482.0	WGS	GENOMIC	SINGLE	PaBio RS II Sequencing for Streptomyces vitaminophilus ATCC 31673
SRR25916657	SRX21636515	SRS18806616	SRP321830	PRJNA674638	Lactiplantibacillus plantarum	7.8.4	PACBIO_SMRT	PacBio RS	155490014.0	23524.0	WGS	GENOMIC	SINGLE	PacBio sequencing of bacterial genomes associated with fermentation and spoilage of pickling cucumbers
ERR15729589	ERX15134717	ERS2030067	ERP179457	PRJEB96843	Salmonella enterica	71924-3	OXFORD_NANOPORE	MinION	956091051.0	224398.0	WGS	GENOMIC	SINGLE	MinION sequencing
SRR32158413	SRX27503851	SRS23924093	SRP560261	PRJNA1129067	Aeromonas	rivipollensis	OXFORD_NANOPORE	MinION	283569311.0	199923.0	WGS	GENOMIC	SINGLE	FEB_LG1
SRR34687336	SRX29822989	SRS25926479	SRP602975	PRJNA1288210	Nicoliella sp. ESL1120	ESL1120	OXFORD_NANOPORE	GridION	125523785.0	92000.0	WGS	GENOMIC	SINGLE	ONT WGS of Nicolliella isolated from stingless bee gut
SRR31579369	SRX26944846	SRS23416593	SRP548894	PRJNA1193213	Mycobacterium tuberculosis		OXFORD_NANOPORE	GridION	46439442.0	12948.0	WGS	GENOMIC	SINGLE	02MTB0702_S190_L002
SRR31598890	SRX26963595	SRS23433306	SRP549287	PRJNA1185485	Escherichia coli	953	OXFORD_NANOPORE	PromethION	455751373.0	103683.0	WGS	GENOMIC	SINGLE	wwtp-9n14-barcode20
ERR14677084	ERX14080144	ERS23774855	ERP169838	PRJEB86493	Escherichia coli		OXFORD_NANOPORE	MinION	124203785.0	10565.0	WGS	GENOMIC	SINGLE	MinION sequencing
SRR9663500	SRX6424374	SRS5080921	SRP214004	PRJNA536296	Arthrobacter sp. IMM11	SLBN-112	PACBIO_SMRT	Sequel	1458937723.0	328856.0	WGS	GENOMIC	SINGLE	Arthrobacter sp IMM11
SRR27089221	SRX22778480	SRS19762639	SRP475972	PRJNA1049017	Escherichia coli	KE40	OXFORD_NANOPORE	GridION	566002351.0	104349.0	WGS	GENOMIC	SINGLE	Genomic Sequencing of both Escherichia coli and Enterococcus: recurrent urinary tract infections
SRR33968468	SRX29167128	SRS25367626	SRP591870	PRJNA1276484	Mycobacteroides abscessus		OXFORD_NANOPORE	MinION	2067461237.0	305540.0	WGS	GENOMIC	SINGLE	CW26180
ERR581166	ERX539253	ERS462976	ERP005928	PRJEB6403	Escherichia coli	NCTC11126	PACBIO_SMRT	PacBio RS	261042782.0	163482.0	WGS	GENOMIC	SINGLE	PacBio RS sequencing
SRR35504549	SRX30580277	SRS26609454	SRP616549	PRJNA1314197	Mycobacterium tuberculosis	not applicable	OXFORD_NANOPORE	GridION	525789396.0	307350.0	WGS	GENOMIC	SINGLE	WGS of M. tb from sputum, Kit-Rapid prep, Sample BC03
SRR926366	SRX314710	SRS452290	SRP026273	PRJNA60537	Listeria monocytogenes J1816	J1816	PACBIO_SMRT	PacBio RS	347018317.0	81741.0	WGS	GENOMIC	SINGLE	Whole genome shotgun sequencing of Listeria monocytogenes 220 by Pacific Biosciences SMRT
SRR13893788	SRX10273226	SRS8406489	SRP309815	PRJNA686978	Citrobacter freundii	not collected	OXFORD_NANOPORE	MinION	9397429639.0	1210069.0	WGS	GENOMIC	SINGLE	nanopore sequencing of Citrobacter freundii: clinical isolate
SRR9721136	SRX6478684	SRS5128963	SRP215677	PRJNA546670	Pseudomonas umsongensis	KD5	PACBIO_SMRT	Sequel	1003923300.0	226731.0	WGS	GENOMIC	SINGLE	Pseudomonas umsogensis KD5_MF50
SRR6263402	SRX3369629	SRS2667167	SRP119409	PRJNA412823	Citrobacter freundii	UMH13	PACBIO_SMRT	PacBio RS II	1198055417.0	163482.0	WGS	GENOMIC	SINGLE	Whole genome sequence of Citrobacter freundii strain UMH13
ERR1424494	ERX1495076	ERS1080591	ERP005928	PRJEB6403	Legionella pneumophila	NCTC11984	PACBIO_SMRT	PacBio RS	1998029803.0	163482.0	WGS	GENOMIC	SINGLE	PacBio RS sequencing
ERR1475868	ERX1546896	ERS1080588	ERP005928	PRJEB6403	Bordetella parapertussis	NCTC10853	PACBIO_SMRT	PacBio RS	1200423134.0	163482.0	WGS	GENOMIC	SINGLE	PacBio RS sequencing
SRR34560771	SRX29703143	SRS25813016	SRP601241	PRJNA1292185	Yersinia pestis	Yp_1906	OXFORD_NANOPORE	PromethION	598254649.0	201096.0	WGS	GENOMIC	SINGLE	ONT reads of Y. pestis srain 1906
SRR13328040	SRX9755172	SRS7944793	SRP299781	PRJNA684363	Bacillus sp. TH22	TH22	OXFORD_NANOPORE	MinION	1478545137.0	485093.0	WGS	GENOMIC	SINGLE	WGS of Bacillus sp. : bacterial isolate
ERR12488135	ERX11864218	ERS17745141	ERP153004	PRJEB67993	Mycobacterium tuberculosis		OXFORD_NANOPORE	MinION	440841967.0	124298.0	WGS	GENOMIC	SINGLE	MinION sequencing
SRR33768605	SRX28990872	SRS22455918	SRP444583	PRJNA962904	Escherichia coli		PACBIO_SMRT	Sequel II	345468422.0	19920.0	WGS	GENOMIC	SINGLE	PacBio sequencing of AH0755HE1 for ARCH 2
SRR14766091	SRX11099513	SRS9146305	SRP322962	PRJNA735604	Vibrio alginolyticus	K01M1	PACBIO_SMRT	Sequel	1297091838.0	314921.0	WGS	GENOMIC	SINGLE	VALG PacBio-Seq
ERR10496784	ERX10014103	ERS14248992	ERP142629	PRJEB57633	Escherichia coli		OXFORD_NANOPORE	GridION	84352878.0	11343.0	WGS	GENOMIC	SINGLE	Raw reads: ONT_30602_1#255
SRR28228499	SRX23839821	SRS20660579	SRP493424	PRJNA1083987	Staphylococcus aureus	A90259	OXFORD_NANOPORE	MinION	78647065.0	24270.0	WGS	GENOMIC	SINGLE	ONT of S. aureusA890259
SRR1609071	SRX729751	SRS719067	SRP040661	PRJNA231221	Shigella flexneri	FDAARGOS_74	PACBIO_SMRT	PacBio RS	2211672617.0	163482.0	WGS	GENOMIC	SINGLE	
ERR5420952	ERX5205516	ERS5845231	ERP126298	PRJEB42440	Enterobacter cloacae		OXFORD_NANOPORE	MinION	429011353.0	88392.0	WGS	GENOMIC	SINGLE	MinION sequencing
SRR13957733	SRX10335944	SRS8455488	SRP300861	PRJNA663900	Enterococcus sp. DIV1202	DIV1202	OXFORD_NANOPORE	GridION	1490182842.0	162957.0	WGS	GENOMIC	SINGLE	sequencing of enterococcal diversity
SRR30855457	SRX26253834	SRS22793805	SRP536063	PRJNA1167355	Mycetohabitans rhizoxinica	B52	OXFORD_NANOPORE	PromethION	1347754576.0	265742.0	WGS	GENOMIC	SINGLE	Nanopore sequence of Mycetohabitans spp.: Mycetohabitans rhizoxinica B52
SRR30934863	SRX26337446	SRS22863377	SRP537571	PRJNA1168290	Paenibacillus sp. TAB_01	TAB_01	OXFORD_NANOPORE	MinION	632613.0	64.0	WGS	GENOMIC	SINGLE	Paenibacillus sp. TAB 01 from cotton plant tissue
SRR30896585	SRX26299984	SRS22828706	SRP536878	PRJNA1134622	Escherichia coli	OXEC-485	OXFORD_NANOPORE	MinION	522624539.0	126711.0	WGS	GENOMIC	SINGLE	OXEC-485
SRR16775439	SRX12974721	SRS10915556	SRP215816	PRJNA470993	Staphylococcus aureus		PACBIO_SMRT	PacBio RS II	1297257414.0	193788.0	WGS	GENOMIC	SINGLE	WGS of Staphylococcus aureus
SRR34531111	SRX29674549	SRS25787657	SRP600654	PRJNA1289023	Enterobacter cloacae complex	E. hormaechei subsp. steigerwaltii	OXFORD_NANOPORE	MinION	460590790.0	68527.0	WGS	GENOMIC	SINGLE	WGS of enterobacterial clinical strains carrying IncQ2::blaGES plasmid
SRR18458717	SRX14591349	SRS12335707	SRP365083	PRJNA818268	Bacillus cereus	Cip6R1	PACBIO_SMRT	Sequel II	2341193660.0	256781.0	WGS	GENOMIC	SINGLE	Bacillus cereus 03BB102 isolate Cip6R1
SRR12390656	SRX8889178	SRS7148702	SRP275976	PRJNA632186	Ectopseudomonas mendocina	B2U3D	PACBIO_SMRT	PacBio RS II	1524299360.0	358975.0	WGS	GENOMIC	SINGLE	Pseudomonas mendocina B2U3D
SRR15462567	SRX11717558	SRS468192	SRP332089	PRJNA528413	Escherichia coli O157:H7 str. F8092B	F8092B	PACBIO_SMRT	PacBio RS II	1541685070.0	163482.0	WGS	GENOMIC	SINGLE	Genome sequencing of E. coli O157:H7 and O55:H7 strains
SRR31748510	SRX27110528	SRS23568497	SRP552027	PRJNA1178821	Bordetella bronchiseptica	S-55	OXFORD_NANOPORE	MinION	1731660478.0	239161.0	WGS	GENOMIC	SINGLE	MinION based WGS of Bordetella bronchiseptica (strain S-55): animal vaccine bacteria strain
SRR387263	SRX110080	SRS302375	SRP001087	PRJNA40075	Escherichia coli str. K-12 substr. MG1655	K-12	PACBIO_SMRT	PacBio RS	29087263.0	60667.0	WGS	GENOMIC	SINGLE	Whole Genome Sequencing and Assembly
ERR2125858	ERX2182710	ERS1681013	ERP005928	PRJEB6403	Corynebacterium striatum	NCTC9755	PACBIO_SMRT	PacBio RS	1224829791.0	163482.0	WGS	GENOMIC	SINGLE	PacBio RS sequencing
ERR15289502	ERX14695336	ERS25258592	ERP160926	PRJEB76400	Lactococcus lactis		OXFORD_NANOPORE	MinION	43941098.0	15178.0	WGS	GENOMIC	SINGLE	MinION sequencing
SRR32216192	SRX27556498	SRS23970408	SRP561337	PRJNA1218789	Streptococcus pyogenes	GAS226	OXFORD_NANOPORE	MinION	53839020.0	17464.0	WGS	GENOMIC	SINGLE	WGS of Streptococcus pyogenes
SRR23347642	SRX19289391	SRS16690584	SRP421131	PRJNA931653	Escherichia coli K-12	K-12	OXFORD_NANOPORE	GridION	33339178.0	4000.0	WGS	GENOMIC	SINGLE	Nanopore sequencing of Ciprofloxacin challenged E. coli
ERR16064495	ERX15454677	ERS28397630	ERP173262	PRJEB90249	Enterococcus faecalis		OXFORD_NANOPORE	GridION	921119605.0	423040.0	WGS	GENOMIC	SINGLE	GridION sequencing
SRR6824080	SRX3780578	SRS3034139	SRP134786	PRJNA402417	Variovorax sp. 54	54	PACBIO_SMRT	PacBio RS II	323806054.0	145481.0	WGS	GENOMIC	SINGLE	Variovorax sp. 54
ERR15658885	ERX15063666	ERS26771622	ERP179457	PRJEB96843	Salmonella enterica subsp. enterica serovar Infantis		OXFORD_NANOPORE	MinION	583060024.0	200232.0	WGS	GENOMIC	SINGLE	MinION sequencing
SRR11460772	SRX8038053	SRS6015394	SRP242738	PRJNA602061	Escherichia coli	201609	OXFORD_NANOPORE	GridION	122599503.0	8000.0	WGS	GENOMIC	SINGLE	Genome of E.coli ST648
ERR13600676	ERX12971699	ERS15600201	ERP132614	PRJEB48268	Klebsiella pneumoniae		OXFORD_NANOPORE	GridION	1240413124.0	53255.0	WGS	GENOMIC	SINGLE	GridION sequencing
ERR1731812	ERX1801740	ERS1436440	ERP005928	PRJEB6403	Pseudomonas aeruginosa	NCTC8058	PACBIO_SMRT	PacBio RS	732453166.0	163482.0	WGS	GENOMIC	SINGLE	PacBio RS sequencing
SRR33895129	SRX29106724	SRS25313064	SRP590843	PRJNA1272507	Salmonella enterica	SAL-060	OXFORD_NANOPORE	GridION	801545994.0	150053.0	WGS	GENOMIC	SINGLE	ONT-WGS of Salmonella enterica
SRR32184193	SRX27529381	SRS16968692	SRP426074	PRJNA941188	Bacillus subtilis	PRO122	OXFORD_NANOPORE	GridION	1870066578.0	315449.0	WGS	GENOMIC	SINGLE	WGS of Bacillus subtilis: cell culture
ERR16086360	ERX15476148	ERS26050526	ERP178906	PRJEB96157	Klebsiella pneumoniae		OXFORD_NANOPORE	MinION	334809979.0	76125.0	WGS	GENOMIC	SINGLE	MinION sequencing
DRR462727	DRX446986	DRS057971	DRP004007	PRJDB5169	Salmonella enterica subsp. enterica serovar Typhi	120012TY	OXFORD_NANOPORE	MinION	114389902.0	9941.0	WGS	GENOMIC	SINGLE	MinION sequencing of SAMD00061276
SRR34878297	SRX30009246	SRS26084459	SRP606896	PRJNA1283264	Escherichia coli	FCI57	OXFORD_NANOPORE	MinION	1422298198.0	566269.0	WGS	GENOMIC	SINGLE	FCI57 whole genome shotgun sequencing (e_coli_17_02_2022)
ERR13600532	ERX12971555	ERS6631377	ERP109316	PRJEB27256	Klebsiella pneumoniae		OXFORD_NANOPORE	GridION	422026015.0	33973.0	WGS	GENOMIC	SINGLE	GridION sequencing
SRR35197857	SRX30301674	SRS17947455	SRP442144	PRJNA708475	Pseudoglutamicibacter albus	DSM 13068	PACBIO_SMRT	Sequel II	219754168.0	29847.0	WGS	GENOMIC	SINGLE	Arthrobacter albus DSM 13068
SRR5165465	SRX2482434	SRS1913864	SRP096426	PRJNA257887	Mesorhizobium australicum	B5P	PACBIO_SMRT	PacBio RS	127153897.0	69510.0	WGS	GENOMIC	SINGLE	Mesorhizobium australicum B5P
SRR31439455	SRX26808267	SRS23293496	SRP493729	PRJNA1084876	Rhizobium sp. LEGMi20j		PACBIO_SMRT	PacBio RS II	2302360942.0	177613.0	WGS	GENOMIC	SINGLE	PacBio raw data of Isolate LEGMi-20j
SRR10666954	SRX7345885	SRS5805520	SRP230855	PRJNA589910	Phocaeicola dorei	JR02	PACBIO_SMRT	PacBio RS II	1342579602.0	192572.0	WGS	GENOMIC	SINGLE	JR02_PacBio_fastq
SRR9722857	SRX6480352	SRS5130416	SRP215816	PRJNA470993	Staphylococcus aureus	pt302	PACBIO_SMRT	PacBio RS II	1302212109.0	161836.0	WGS	GENOMIC	SINGLE	WGS of Staphylococcus aureus
SRR35850931	SRX30900323	SRS26900659	SRP636871	PRJNA1334387	Neorhizobium sp. AWJ4_264	AWJ4_264	OXFORD_NANOPORE	GridION	3020688545.0	603455.0	WGS	GENOMIC	SINGLE	WGS of Neorhizobium sp.: Ocean water
ERR999914	ERX1078950	ERS744794	ERP005928	PRJEB6403	Escherichia coli	NCTC7921	PACBIO_SMRT	PacBio RS	2180762925.0	163482.0	WGS	GENOMIC	SINGLE	PacBio RS sequencing
SRR21857739	SRX17846046	SRS15367639	SRP401916	PRJNA886703	Streptococcus pneumoniae	BM6001	OXFORD_NANOPORE	GridION	384926230.0	142019.0	WGS	GENOMIC	SINGLE	WGS of S. pneumoniae BM6001
DRR242198	DRX231998	DRS165241	DRP006773	PRJDB10450	Escherichia coli	Zam_UTH_13	OXFORD_NANOPORE	MinION	448502477.0	75766.0	WGS	GENOMIC	SINGLE	MinION sequencing of SAMD00243959
SRR16525217	SRX12727897	SRS10676831	SRP342584	PRJNA768992	Salmonella enterica subsp. enterica serovar Heidelberg	SA02DT10168701	OXFORD_NANOPORE	MinION	139697075.0	28343.0	WGS	GENOMIC	SINGLE	Evaluation of commercial DNA extraction kits for implementation of rapid Nanopore
SRR4180963	SRX2142259	SRS1673937	SRP086944	PRJNA303708	Ruania alba	DSM 21368	PACBIO_SMRT	PacBio RS	164178730.0	43895.0	WGS	GENOMIC	SINGLE	Haloactinobacterium album DSM 21368
ERR10676229	ERX10143993	ERS14333328	ERP143248	PRJEB58185	Campylobacter jejuni		OXFORD_NANOPORE	MinION	237499234.0	394517.0	WGS	GENOMIC	PAIRED	MinION paired end sequencing
SRR30350522	SRX25808771	SRS22439288	SRP528210	PRJNA1150548	Escherichia coli	2150891	OXFORD_NANOPORE	GridION	1496840157.0	2532201.0	WGS	GENOMIC	SINGLE	ONT WGS of Escherichia coli
ERR3293665	ERX3320012	ERS3381927	ERP114931	PRJEB32272	Salmonella enterica subsp. enterica serovar Typhi str. Ty2	4316STDY6559672	PACBIO_SMRT	PacBio RS	554023093.0	163482.0	WGS	GENOMIC	SINGLE	PacBio RS sequencing
SRR30850383	SRX26249099	SRS1552999	SRP040026	PRJNA237212	Salmonella enterica subsp. enterica serovar Enteritidis	I2016009149	OXFORD_NANOPORE	GridION	828585374.0	153211.0	WGS	GENOMIC	SINGLE	SE using ONT_MP24
SRR26386669	SRX22092774	SRS19158735	SRP466359	PRJNA660241	Salmonella sp. C2907	C2907	PACBIO_SMRT	PacBio RS	1104523500.0	3681745.0	WGS	GENOMIC	PAIRED	Salmonella enterica Genome sequencing
SRR37104814	SRX32051055	SRS27988475	SRP674540	PRJNA1314445	Micrococcus luteus	UC4435_H2	OXFORD_NANOPORE	MinION	942348090.0	137538.0	WGS	GENOMIC	SINGLE	UC4435
SRR21903050	SRX17889108	SRS15406283	SRP402614	PRJNA890545	Staphylococcus		OXFORD_NANOPORE	GridION	262837944.0	195695.0	WGS	GENOMIC	SINGLE	Metagenomic Nanopore Sequencing of Ocular Microbiome in Patients with Meibomian Gland Dysfunction 22
SRR14294790	SRX10652681	SRS8748036	SRP315724	PRJNA720375	Bartonella henselae	Marseille/ URLLY-8	PACBIO_SMRT	Sequel	138821524.0	18542.0	WGS	GENOMIC	SINGLE	Closed genome PacBio-sequencing of Bartonella henselae Marseille
ERR13194359	ERX12565224	ERS20185871	ERP160059	PRJEB75483	Caballeronia sp. LjRoot34		OXFORD_NANOPORE	MinION	82449179.0	13172.0	WGS	GENOMIC	SINGLE	MinION sequencing
SRR10211205	SRX6931039	SRS5461334	SRP191068	PRJNA528511	Escherichia coli	GTEN_222	OXFORD_NANOPORE	GridION	1393854491.0	366078.0	WGS	GENOMIC	SINGLE	Global TravEpiNet AMR surveillance Genome sequencing and assembly
SRR12883147	SRX9349094	SRS7572025	SRP288269	PRJNA662697	Geobacillus thermoleovorans	SURF-48B	OXFORD_NANOPORE	MinION	1262324394.0	98759.0	WGS	GENOMIC	SINGLE	48B
ERR12049649	ERX11432827	ERS16377342	ERP149821	PRJEB64629	Corynebacterium testudinoris		OXFORD_NANOPORE	PromethION	1251196502.0	57840.0	WGS	GENOMIC	SINGLE	Corynebacterium testudinoris_oxford_nanopore_ONT
SRR10123218	SRX6852726	SRS5312569	SRP219457	PRJNA543274	Klebsiella variicola	DSM 15968	PACBIO_SMRT	Sequel	326211589.0	50013.0	WGS	GENOMIC	SINGLE	DSM-15968
SRR34287596	SRX29458763	SRS25603573	SRP595830	PRJNA1283581	Escherichia coli	not provided	OXFORD_NANOPORE	MinION	35177742.0	7854.0	WGS	GENOMIC	SINGLE	Sample 15
ERR1738368	ERX1807994	ERS1247813	ERP005928	PRJEB6403	Mycolicibacterium flavescens	NCTC10271	PACBIO_SMRT	PacBio RS	821268131.0	163482.0	WGS	GENOMIC	SINGLE	PacBio RS sequencing
SRR32972645	SRX28245911	SRS24593574	SRP576427	PRJNA1190511	Yersinia pestis	70008	PACBIO_SMRT	Sequel	1129030259.0	81726.0	WGS	GENOMIC	SINGLE	WGS of Yersinia pestis: cultured strain 70008
ERR14225654	ERX13625936	ERS17899278	ERP156237	PRJEB71438	Streptomyces avidinii		OXFORD_NANOPORE	MinION			WGS	GENOMIC	SINGLE	MinION sequencing
SRR31512414	SRX26880227	SRS23360904	SRP547627	PRJNA1162563	Dellaglioa kimchii	P0083	PACBIO_SMRT	Sequel II	663839749.0	142993.0	WGS	GENOMIC	SINGLE	Whole genome sequencing of Dellaglioa kimchii P0083: kimchi isolate_Pacbio
SRR6703154	SRX3677333	SRS1256901	SRP068738	PRJNA292900	Enterobacter cloacae complex sp. AR_0060	AR_0060	PACBIO_SMRT	PacBio RS II	2051829403.0	163482.0	WGS	GENOMIC	SINGLE	PacBio SMRT Sequencing of Enterobacter cloacae FDA-CDC-AR_0060 Genomic Library
ERR14963506	ERX14367811	ERS24442543	ERP172371	PRJEB89345	Enterobacter hormaechei		OXFORD_NANOPORE	MinION	255432595.0	54928.0	WGS	GENOMIC	SINGLE	MinION sequencing
SRR4233181	SRX2156106	SRS1686105	SRP088176	PRJNA332246	Serratia marcescens	PSB23	PACBIO_SMRT	PacBio RS	426200181.0	118712.0	WGS	GENOMIC	SINGLE	Serratia marcescens subsp. sakuensis PSB23
SRR31583347	SRX26948907	SRS23420368	SRP548954	PRJNA1193326	Campylobacter coli		OXFORD_NANOPORE	MinION	49328617.0	20860.0	WGS	GENOMIC	SINGLE	Long-read Nanopore-based WGS characterization of antimicrobial resistant Campylobacter jejuni and Campylobacter coli isolates from humans, animals and food products in Northern Spain within a One Health approach
ERR1550054	ERX1620824	ERS1123923	ERP005928	PRJEB6403	Yersinia enterocolitica subsp. palearctica	NCTC13769	PACBIO_SMRT	PacBio RS	1189136742.0	163482.0	WGS	GENOMIC	SINGLE	PacBio RS sequencing
ERR1100760	ERX1180294	ERS798848	ERP005928	PRJEB6403	Staphylococcus kloosii	NCTC12415	PACBIO_SMRT	PacBio RS	2336624845.0	163482.0	WGS	GENOMIC	SINGLE	PacBio RS sequencing
SRR12395343	SRX8893554	SRS7152576	SRP276100	PRJNA650381	Mycobacterium tuberculosis		OXFORD_NANOPORE	MinION	87732397.0	48709.0	WGS	GENOMIC	SINGLE	Nanopore TB WGS
SRR21630395	SRX17631004	SRS11554647	SRP354045	PRJNA747871	Streptomyces sp. NBC_00727	NBC_00727	OXFORD_NANOPORE	MinION	161462032.0	25325.0	WGS	GENOMIC	SINGLE	nanopore sequencing data from strain NBC_00727
SRR30896368	SRX26299653	SRS22828375	SRP536878	PRJNA1134622	Escherichia coli	OXEC-295	OXFORD_NANOPORE	MinION	383697848.0	132895.0	WGS	GENOMIC	SINGLE	OXEC-295
SRR13380306	SRX9803264	SRS7987548	SRP300808	PRJNA649533	Salmonella enterica		OXFORD_NANOPORE	GridION	844552704.0	169731.0	WGS	GENOMIC	SINGLE	ISF salmonella
SRR29316677	SRX24833466	SRS21545297	SRP512379	PRJNA1121190	Vibrio cholerae	128Vc05	OXFORD_NANOPORE	PromethION	280168157.0	47495.0	WGS	GENOMIC	SINGLE	WGS of Vcholerae isolates
SRR14757250	SRX11090751	SRS9156122	SRP323170	PRJNA732579	Staphylococcus aureus	317	PACBIO_SMRT	Sequel	648005568.0	127720.0	WGS	GENOMIC	SINGLE	WGS of Staphylococcus aureus: human skin
SRR28434780	SRX24038470	SRS20831679	SRP497546	PRJNA1091452	Staphylococcus aureus	SA66-PS	OXFORD_NANOPORE	MinION	456595564.0	135580.0	WGS	GENOMIC	SINGLE	ONT performance study sequencing of S. aureus
SRR14108809	SRX10479573	SRS8608008	SRP312756	PRJNA689092	Xanthomonas campestris pv. campestris	33-4	PACBIO_SMRT	Sequel II	3755682849.0	430569.0	WGS	GENOMIC	SINGLE	Xc isolated from weeds and crops
DRR165744	DRX156360	DRS089368	DRP004879	PRJDB7920	Pseudomonas asiatica	MY660	OXFORD_NANOPORE	MinION	191092924.0	60453.0	WGS	GENOMIC	SINGLE	MinION sequencing of SAMD00158978
SRR3666072	SRX1844479	SRS1256851	SRP068736	PRJNA292901	Klebsiella pneumoniae	AR_0004	PACBIO_SMRT	PacBio RS II	3016146826.0	163482.0	WGS	GENOMIC	PAIRED	
SRR16089371	SRX12375759	SRS10346662	SRP338929	PRJNA320694	Lactococcus lactis subsp. lactis	184	PACBIO_SMRT	Sequel	1044887374.0	104055.0	WGS	GENOMIC	SINGLE	SQ_SMRT13
SRR29081053	SRX24605341	SRS21343017	SRP508604	PRJNA1113402	Mycobacterium tuberculosis	TH-21-6666	OXFORD_NANOPORE	MinION	114281651.0	149641.0	WGS	GENOMIC	SINGLE	WGS of clinical Mycobacterium tuberculosis isolates from the Philippines
SRR4061932	SRX2050985	SRS1643394	SRP082751	PRJNA247911	Luteibacter sp. 9135	9135	PACBIO_SMRT	PacBio RS	192271884.0	53423.0	WGS	GENOMIC	SINGLE	Luteibacter sp. 9135
SRR15989548	SRX12277991	SRS9999086	SRP357534	PRJNA801415	Klebsiella pneumoniae	14	OXFORD_NANOPORE	GridION	1726640973.0	122301.0	WGS	GENOMIC	SINGLE	Whole Genome Sequencing of Carbapenemase-producing Enterobacterales (CPE)
SRR22752054	SRX18713092	SRS16154679	SRP413271	PRJNA912686	Escherichia coli	K-12 MG1655 (PFM-2)	OXFORD_NANOPORE	MinION	20485780.0	4000.0	WGS	GENOMIC	SINGLE	PCR-Free Nanopore Sequencing of E.coli clone
SRR14506600	SRX10852577	SRS8948535	SRP319388	PRJNA728863	Escherichia coli	702/18	OXFORD_NANOPORE	MinION	14005695227.0	1845540.0	WGS	GENOMIC	SINGLE	MinION sequencing of Escherichia coli strain 702/18 carrying bla-CTX-M-243
SRR24140279	SRX19938798	SRS17287506	SRP247747	PRJNA604975	Escherichia coli	ox_bsi_115	OXFORD_NANOPORE	GridION	578341544.0	140052.0	WGS	GENOMIC	SINGLE	oxford_bsi
DRR582521	DRX563074	DRS399766	DRP011883	PRJDB18367	Streptomyces sp. CMC78	CMC78	OXFORD_NANOPORE	PromethION	1757940634.0	237620.0	WGS	GENOMIC	SINGLE	PromethION sequencing of SAMD00798170
SRR33320326	SRX28564754	SRS22700866	SRP074197	PRJNA288601	Providencia rettgeri		OXFORD_NANOPORE	GridION	367994836.0	26663.0	WGS	GENOMIC	SINGLE	Nanopore sequencing of ARLN isolate
ERR9837052	ERX9382914	ERS8226924	ERP132884	PRJEB48506	Salmonella enterica subsp. enterica serovar Paratyphi A		OXFORD_NANOPORE	MinION	904138445.0	335495.0	WGS	GENOMIC	SINGLE	MinION sequencing; Raw reads: E50_MinION
SRR31944214	SRX27301169	SRS13986852	SRP387145	PRJNA860203	Campylobacter lari subsp. concheus	RM19224	OXFORD_NANOPORE	MinION	271378592.0	102403.0	WGS	GENOMIC	SINGLE	Whole genome sequencing of Campylobacter lari subsp. Concheus
SRR30896432	SRX26299589	SRS22828311	SRP536878	PRJNA1134622	Escherichia coli	OXEC-129	OXFORD_NANOPORE	MinION	396820650.0	135121.0	WGS	GENOMIC	SINGLE	OXEC-129
SRR27973023	SRX23626142	SRS20465508	SRP489819	PRJNA1076692	Klebsiella pneumoniae	RIVM_C059186_rerio	OXFORD_NANOPORE	MinION	85009114.0	23849.0	WGS	GENOMIC	SINGLE	RIVM_C059186_rerio
SRR17212190	SRX13392110	SRS11295376	SRP350472	PRJNA766858	Klebsiella pneumoniae	NRZ-28775	OXFORD_NANOPORE	MinION	2467301205.0	370967.0	WGS	GENOMIC	SINGLE	NRZ-28775_WT
SRR13575347	SRX9973515	SRS8145954	SRP303741	PRJNA695586	Streptococcus pyogenes	M4C20	OXFORD_NANOPORE	MinION	2907239.0	4000.0	WGS	GENOMIC	SINGLE	Whole genome sequence of Streptococcus pyogenes strain M4C20
SRR14861291	SRX11179039	SRS9236711	SRP324599	PRJNA739077	Enterococcus faecium	ST117-CT71	PACBIO_SMRT	PacBio RS II	1222358001.0	163482.0	WGS	GENOMIC	SINGLE	PacBio sequencing of Enterococcus faecium
DRR121784	DRX114721	DRS062143	DRP004189	PRJDB5929	Klebsiella pneumoniae	KP12	PACBIO_SMRT	PacBio RS II	2150161793.0	469928.0	WGS	GENOMIC	SINGLE	PacBio RS II sequencing of SAMD00059723
ERR10155873	ERX9691993	ERS6426131	ERP109413	PRJEB27342	Klebsiella oxytoca		PACBIO_SMRT	Sequel II	8022741112.0	1281932.0	WGS	GENOMIC	SINGLE	Sequel II sequencing
ERR13802567	ERX13203319	ERS21186442	ERP164461	PRJEB80477	Staphylococcus aureus		OXFORD_NANOPORE	MinION	138783956.0	51107.0	WGS	GENOMIC	SINGLE	MinION sequencing
SRR32610428	SRX27915756	SRS24273869	SRP568450	PRJNA1228643	Rhodococcoides fascians	R-03	OXFORD_NANOPORE	GridION	909078356.0	151471.0	WGS	GENOMIC	SINGLE	ONT WGS of Rhodococcus R-03
SRR9710050	SRX6467968	SRS5115032	SRP213921	PRJNA553182	Streptomyces sp. RLB3-5	RLB3-5	OXFORD_NANOPORE	MinION	673009805.0	144521.0	WGS	GENOMIC	SINGLE	Nanopore reads of strain RLB3-5
SRR35197550	SRX30301367	SRS17947903	SRP442247	PRJNA708464	Corynebacterium lowii	DSM 107388	PACBIO_SMRT	Sequel II	129060162.0	21979.0	WGS	GENOMIC	SINGLE	Corynebacterium lowii DSM 107388
SRR29384764	SRX24898905	SRS21605162	SRP512887	PRJNA991498	Agrobacterium tumefaciens		PACBIO_SMRT	Sequel II	1018162141.0	94379.0	WGS	GENOMIC	SINGLE	Long-read sequencing of Agrobacterium tumefaciens, Isolate 1 of Microcosm 2 of condition CAtCtMlBa
SRR33714366	SRX28939073	SRS25161541	SRP587900	PRJNA1268026	Escherichia coli	not applicable	OXFORD_NANOPORE	MinION	237790193.0	33414.0	WGS	GENOMIC	SINGLE	Long read sequencing of Escherichia coli: stool sample
SRR8072931	SRX4900902	SRS3947388	SRP040661	PRJNA231221	Burkholderia mallei	FDAARGOS_587	PACBIO_SMRT	PacBio RS	1039383757.0	163482.0	WGS	GENOMIC	SINGLE	
SRR2171006	SRX1156220	SRS1038135	SRP062538	PRJNA238070	Bacillus thuringiensis	HD571	PACBIO_SMRT	PacBio RS II	875487402.0	164633.0	WGS	GENOMIC	SINGLE	BFQ_PacBio
SRR26316616	SRX22024899	SRS1588533	SRP058582	PRJNA203400	Escherichia coli	MOD1-EC6936	OXFORD_NANOPORE	GridION	185005021.0	68000.0	WGS	GENOMIC	SINGLE	Identification of Thirty-two New O antigen Gene Clusters in Escherichia coli
ERR11218482	ERX10644679	ERS9656941	ERP134184	PRJEB49667	Elizabethkingia anophelis	EAV_VTKC53	OXFORD_NANOPORE	MinION	333584505.0	38773.0	WGS	GENOMIC	SINGLE	MinION sequencing; Raw reads: Elizabethkingia_anophelis_strain_EAV_VTKC53_ONT_genome_sequencing
SRR31024132	SRX26411431	SRS22931385	SRP539092	PRJNA1174068	Vibrio cholerae	mHDM VC47	OXFORD_NANOPORE	PromethION	112763147.0	62222.0	WGS	GENOMIC	SINGLE	WGS of Vcholerae isolates
ERR15424230	ERX14828174	ERS25261031	ERP176764	PRJEB93885	Escherichia coli		OXFORD_NANOPORE	PromethION	1649549814.0	281631.0	WGS	GENOMIC	SINGLE	Raw reads: run0_pilot_96_ont_AHB25
SRR12298839	SRX8801738	SRS6792685	SRP266402	PRJNA605147	Escherichia coli	RHB25-C19	OXFORD_NANOPORE	GridION	2247284627.0	345047.0	WGS	GENOMIC	SINGLE	OXFORD_NANOPORE sequencing of Escherichia coli isolate RH08|T2-C19 cultured from Cattle faeces sample
ERR12342457	ERX11719319	ERS17208556	ERP135763	PRJEB51164	Escherichia coli		OXFORD_NANOPORE	GridION	455067843.0	80856.0	WGS	GENOMIC	SINGLE	Raw reads: A_10_BSA_pos
ERR5984657	ERX5624335	ERS6796383	ERP129449	PRJEB45354	Escherichia coli		OXFORD_NANOPORE	GridION	33109609.0	5964.0	WGS	GENOMIC	SINGLE	GridION sequencing; Raw reads: ONT_30821_1#335
ERR15183303	ERX14588693	ERS25125699	ERP160948	PRJEB76420	Escherichia coli		OXFORD_NANOPORE	MinION			WGS	GENOMIC	SINGLE	MinION sequencing
SRR31950454	SRX27306182	SRS23746891	SRP556428	PRJNA1208745	Neisseria subflava	SG0010	OXFORD_NANOPORE	PromethION	1187915421.0	115004.0	WGS	GENOMIC	SINGLE	C9-a
SRR32409509	SRX27739859	SRS24128748	SRP565160	PRJNA1225906	Neisseria meningitidis		OXFORD_NANOPORE	GridION	1510624081.0	290013.0	WGS	GENOMIC	SINGLE	WGS of Neisseria meningitids isolate
SRR16525568	SRX12728431	SRS10337014	SRP357534	PRJNA801415	Klebsiella pneumoniae	231	OXFORD_NANOPORE	GridION	4635542698.0	726232.0	WGS	GENOMIC	SINGLE	Extensive diversification and dissemination of blaNDM carbapenemase plasmids in Enterobacterales in Singapore 2010-2015
SRR24035312	SRX19837949	SRS17196840	SRP430325	PRJNA944978	Ralstonia sp. AB28-3	AB28-3	OXFORD_NANOPORE	GridION	220011299.0	14866.0	WGS	GENOMIC	SINGLE	Genome sequencing of Harvard Forest soil isolates
SRR32316162	SRX27651561	SRS24057374	SRP560996	PRJNA1218017	Bacteroides thetaiotaomicron	vpi-5482	OXFORD_NANOPORE	MinION	324370957.0	56000.0	WGS	GENOMIC	SINGLE	WGS of Bacteroides thetatiotaomicron grown on different carbon sources
SRR4236038	SRX2157279	SRS1687043	SRP088975	PRJNA334992	Rhodovulum sp. ES.010	ES.010	PACBIO_SMRT	PacBio RS	34320584.0	11040.0	WGS	GENOMIC	SINGLE	Rhodovulum sp. ES.010
SRR8476224	SRX5281743	SRS4281496	SRP181522	PRJNA516563	Heyndrickxia coagulans	SNZ 1969	PACBIO_SMRT	PacBio RS II	418938954.0	69170.0	WGS	GENOMIC	SINGLE	Bacillus coagulansSNZ1969:WGS
ERR10749418	ERX10201347	ERS14369546	ERP143680	PRJEB58617	Klebsiella pneumoniae		OXFORD_NANOPORE	GridION	279533746.0	21900.0	WGS	GENOMIC	SINGLE	GridION sequencing
ERR668413	ERX623718	ERS542817	ERP006973	PRJEB7267	Clostridioides difficile	G37	PACBIO_SMRT	PacBio RS II	926117992.0	163482.0	WGS	GENOMIC	SINGLE	PacBio RS II sequencing
SRR29099099	SRX24623049	SRS21135508	SRP395888	PRJNA812595	Enterobacter hormaechei		OXFORD_NANOPORE	GridION	727178416.0	101365.0	WGS	GENOMIC	SINGLE	Nanopore sequencing of ARLN isolate
DRR572574	DRX556041	DRS426449	DRP012251	PRJDB17574	Escherichia coli	YK-IS1MA-L10-2_G20	OXFORD_NANOPORE	MinION	81789741.0	4400.0	WGS	GENOMIC	SINGLE	nanopore-seq of SAMD00748266 L10-2_G20
SRR12507231	SRX8998277	SRS7251068	SRP278605	PRJNA604600	Campylobacter fetus	CFF09A980	OXFORD_NANOPORE	MinION	69566559.0	27780.0	WGS	GENOMIC	SINGLE	WGS of Campylobacter fetus
SRR873890	SRX290931	SRS432034	SRP023862	PRJNA178406	Bordetella holmesii 41130	41130	PACBIO_SMRT	PacBio RS	383768546.0	81741.0	WGS	GENOMIC	SINGLE	
SRR21696214	SRX17694052	SRS14987408	SRP354045	PRJNA747871	Streptomyces sp. NBC_01612	NBC_01612	OXFORD_NANOPORE	MinION	254468508.0	34233.0	WGS	GENOMIC	SINGLE	nanopore sequencing data from strain NBC_01612
SRR30232446	SRX25694330	SRS22336368	SRP526328	PRJNA1112457	Variovorax	NFACC28	OXFORD_NANOPORE	MinION	1186962882.0	796164.0	WGS	GENOMIC	SINGLE	hybrid sequencing of Variovorax isolates
SRR36797878	SRX31784470	SRS27747171	SRP661661	PRJNA1389824	Enterobacter ludwigii		OXFORD_NANOPORE	MinION	287522345.0	93657.0	WGS	GENOMIC	SINGLE	evolved microcosm clones
SRR35513821	SRX30589543	SRS26617970	SRP620300	PRJNA1328464	Enterococcus faecalis	GPT22-006	OXFORD_NANOPORE	GridION	276803395.0	103408.0	WGS	GENOMIC	SINGLE	Enterococcus faecalis, MCB kit, replicate 1, sequence replicate 1
SRR29340060	SRX24855895	SRS21566686	SRP512813	PRJNA1121959	Salmonella enterica	enterica serovar Typhimurium strain	OXFORD_NANOPORE	MinION	1557907.0	44.0	WGS	GENOMIC	SINGLE	NAD sequencing experiment
ERR13600529	ERX12971552	ERS6631367	ERP109316	PRJEB27256	Klebsiella pneumoniae		OXFORD_NANOPORE	GridION	1245421734.0	94011.0	WGS	GENOMIC	SINGLE	GridION sequencing
SRR32655909	SRX27959880	SRS24326883	SRP569671	PRJNA912210	Prochlorococcus sp. MIT 1011	MIT 1011	PACBIO_SMRT	PacBio RS II	485471747.0	62357.0	WGS	GENOMIC	SINGLE	PacBio Subread data of Prochlorococcus sp. MIT 1011
SRR25867761	SRX21589171	SRS18766761	SRP457964	PRJNA957586	Klebsiella pneumoniae subsp. pneumoniae	HVKP1	OXFORD_NANOPORE	MinION	302104308.0	24439.0	WGS	GENOMIC	SINGLE	Oxford nanopore long read sequences fastq of HVKP2
SRR33213280	SRX28460566	SRS24781921	SRP292718	PRJNA662585	Bradyrhizobium genosp. A	BDV5028	OXFORD_NANOPORE	MinION	398104628.0	82865.0	WGS	GENOMIC	SINGLE	Genome sequence of strain BDV5028
ERR10499605	ERX10016887	ERS14256993			Escherichia coli		OXFORD_NANOPORE	GridION	254236690.0	22276.0	WGS	GENOMIC	SINGLE	GridION sequencing; Raw reads: ONT_30348_2#225
ERR581037	ERX539124	ERS426720	ERP001625	PRJEB3164	Salmonella enterica subsp. enterica serovar Typhimurium		PACBIO_SMRT	PacBio RS	689808783.0	163482.0	WGS	GENOMIC	SINGLE	PacBio RS sequencing
ERR10499247	ERX10016533	ERS14256057	ERP142629	PRJEB57633	Escherichia coli		OXFORD_NANOPORE	GridION	8187285.0	6191.0	WGS	GENOMIC	SINGLE	Raw reads: ONT_30859_5#71
SRR31599090	SRX26963994	SRS23433706	SRP549287	PRJNA1185485	Escherichia coli	650	OXFORD_NANOPORE	PromethION	429234644.0	87548.0	WGS	GENOMIC	SINGLE	RMB-NoR-barcode60
SRR19776557	SRX15820939	SRS12273978	SRP364249	PRJNA816422	Helicobacter pylori	Hpfe057	OXFORD_NANOPORE	MinION	404673188.0	62418.0	WGS	GENOMIC	SINGLE	nanopore sequencing of h. pylori genomic DNA
SRR34878296	SRX30009247	SRS26084460	SRP606896	PRJNA1283264	Escherichia coli	FCI4	OXFORD_NANOPORE	MinION	865707527.0	232785.0	WGS	GENOMIC	SINGLE	FCI4 whole genome shotgun sequencing (e_coli_17_02_2022)
SRR31072995	SRX26456553	SRS22971857	SRP540187	PRJNA1176018	Escherichia coli		OXFORD_NANOPORE	MinION	426693463.0	96754.0	WGS	GENOMIC	SINGLE	Long read WGS of Escherichia coli: isolate GF54
SRR644334	SRX209658	SRS379417	SRP017524	PRJNA183628	Escherichia coli str. K-12 substr. MG1655	K-12 substr. MG1655	PACBIO_SMRT	PacBio RS	45002795.0	60667.0	WGS	GENOMIC	SINGLE	WGA E. coli genome DNA sequenced by FCR chemistry
SRR12298625	SRX8801952	SRS6792560	SRP266402	PRJNA605147	Escherichia coli	RHB32-C21	OXFORD_NANOPORE	GridION	912827843.0	327827.0	WGS	GENOMIC	SINGLE	OXFORD_NANOPORE sequencing of Escherichia coli isolate RH13|T3-C21 cultured from Sheep faeces sample
SRR13449087	SRX9862283	SRS8042175	SRP295672	PRJNA681856	Salmonella enterica subsp. salamae	LHICA_SA3	OXFORD_NANOPORE	MinION	30251896.0	4000.0	WGS	GENOMIC	SINGLE	WGS of Salmonella Lhica SA3_58
SRR22313044	SRX18286535	SRS11153589	SRP071789	PRJNA315192	Shigella sonnei	1534296	OXFORD_NANOPORE	MinION	534744129.0	95119.0	WGS	GENOMIC	SINGLE	Nanopore sequencing of Shigella species
SRR9020453	SRX5798528	SRS4729755	SRP188851	PRJNA523365	Mycobacterium avium complex sp.	JHN_AV_0053_1	OXFORD_NANOPORE	GridION	183654958.0	167977.0	WGS	GENOMIC	SINGLE	Sequencing of non-tuberculosis mycobacteria
SRR28345616	SRX23952145	SRS20752670	SRP495250	PRJNA1087979	Vibrio cholerae	Sudan_2019_6	OXFORD_NANOPORE	MinION	102448793.0	157356.0	WGS	GENOMIC	SINGLE	Genomic Seq of cholera: human stool 25
SRR13790251	SRX10175296	SRS8324229	SRP308340	PRJNA704656	Streptococcus equi subsp. equi	470_002	PACBIO_SMRT	Sequel	866080940.0	125409.0	WGS	GENOMIC	SINGLE	PacBio whole genome sequencing of Streptococcu equi
ERR14745968	ERX14147340	ERS23811961	ERP170065	PRJEB86767	Enterococcus faecium		OXFORD_NANOPORE	MinION	1123316567.0	271266.0	WGS	GENOMIC	SINGLE	EXP-12-1-2025-03-14_12-16-43
DRR534748	DRX518568	DRS403516	DRP011977	PRJDB17629	Paenibacillus melissococcoides	J10TS2	OXFORD_NANOPORE	MinION	360675388.0	59844.0	WGS	GENOMIC	SINGLE	MinION sequencing of SAMD00751200
ERR14746916	ERX14148288	ERS23812007	ERP170065	PRJEB86767	Klebsiella pneumoniae		OXFORD_NANOPORE	GridION	1084913849.0	217743.0	WGS	GENOMIC	SINGLE	EXP-2-1-2025-03-14_13-56-44
SRR15140950	SRX11448535	SRS9488523	SRP295672	PRJNA681856	Salmonella enterica subsp. arizonae	LHICA_AZ23	OXFORD_NANOPORE	MinION	26686303.0	4000.0	WGS	GENOMIC	SINGLE	Salmonella AZ23
ERR14225655	ERX13625937	ERS17899279	ERP156237	PRJEB71438	Streptomyces canarius		OXFORD_NANOPORE	MinION			WGS	GENOMIC	SINGLE	MinION sequencing
SRR34500481	SRX29644305	SRS1278911	SRP069749	PRJNA310138	Rhizobium leguminosarum	KDH_Rht_3_C	PACBIO_SMRT	Revio	414839835.0	42939.0	WGS	GENOMIC	SINGLE	Rhizobium leguminosarum long reads
SRR10541830	SRX7225229	SRS5725982	SRP233436	PRJNA370032	Clostridium beijerinckii	DJ091	PACBIO_SMRT	PacBio RS II	590759926.0	149625.0	WGS	GENOMIC	SINGLE	Clostridium beijerinckii DJ091
SRR16955603	SRX13147210	SRS3075091	SRP071789	PRJNA315192	Escherichia coli	429693	OXFORD_NANOPORE	MinION	2652893564.0	425634.0	WGS	GENOMIC	SINGLE	Nanopore sequencing of STEC
ERR2722108	ERX2735876	ERS2632340	ERP110210	PRJEB28046	Campylobacter jejuni subsp. jejuni NCTC 11168 = ATCC 700819		OXFORD_NANOPORE	MinION	395942199.0	59102.0	WGS	GENOMIC	SINGLE	MinION sequencing
SRR31599120	SRX26963964	SRS23433676	SRP549287	PRJNA1185485	Escherichia coli	516	OXFORD_NANOPORE	PromethION	592766311.0	124551.0	WGS	GENOMIC	SINGLE	R4R-barcode75
ERR1156423	ERX1229949	ERS846851	ERP005928	PRJEB6403	Staphylococcus aureus	NCTC10657	PACBIO_SMRT	PacBio RS	1860267575.0	163482.0	WGS	GENOMIC	SINGLE	PacBio RS sequencing
SRR23384602	SRX19323059	SRS16721141	SRP421698	PRJNA924056	Escherichia coli	CPO235	OXFORD_NANOPORE	MinION	590085290.0	44625.0	WGS	GENOMIC	SINGLE	WGS of bacterial isolate possessing blaIMP-4 carbapenemase
SRR10032846	SRX6768170	SRS5316062	SRP219542	PRJNA345952	Kribbella shirazensis	DSM 45490	PACBIO_SMRT	Sequel	1063797360.0	339478.0	WGS	GENOMIC	SINGLE	Kribbella shirazensis DSM 45490
SRR24918239	SRX20679019	SRS17875844	SRP338930	PRJNA766641	Mycobacterium tuberculosis	IDR 2200020595	OXFORD_NANOPORE	MinION	103440858.0	67177.0	WGS	GENOMIC	SINGLE	MinION sequencing of TB isolates
SRR34967527	SRX30086710	SRS26152889	SRP608514	PRJNA1305037	Enterobacter hormaechei	MI_KPC_400	OXFORD_NANOPORE	PromethION	262017142.0	32293.0	WGS	GENOMIC	SINGLE	KPC CRE collection from state of Michigan
SRR24140081	SRX19938324	SRS17287033	SRP247747	PRJNA604975	Escherichia coli	ox_bsi_66	OXFORD_NANOPORE	GridION	219027919.0	56501.0	WGS	GENOMIC	SINGLE	oxford_bsi
SRR4184803	SRX2143366	SRS1674869	SRP087319	PRJNA303204	Tenacibaculum sp. MAR_2009_124	Mar_2009_124	PACBIO_SMRT	PacBio RS	365075891.0	160604.0	WGS	GENOMIC	SINGLE	Tenacibaculum sp. Mar_2009_124
SRR1609078	SRX729757	SRS719069	SRP040661	PRJNA231221	Aeromonas caviae	FDAARGOS_76	PACBIO_SMRT	PacBio RS	661744045.0	163482.0	WGS	GENOMIC	SINGLE	
SRR8072913	SRX4900883	SRS3947380	SRP040661	PRJNA231221	Yersinia pseudotuberculosis	FDAARGOS_579	PACBIO_SMRT	PacBio RS	2012674082.0	163482.0	WGS	GENOMIC	SINGLE	
DRR393810	DRX379629	DRS297143	DRP007849	PRJDB10842	Enterobacter hormaechei subsp. steigerwaltii	JBEAAEE-19-0050	OXFORD_NANOPORE	GridION	1946300018.0	223613.0	WGS	GENOMIC	SINGLE	GridION sequencing of SAMD00502090
DRR236243	DRX226428	DRS151747	DRP006488	PRJDB10106	Mycobacterium kansasii	Kuro_I	OXFORD_NANOPORE	MinION	818733507.0	229255.0	WGS	GENOMIC	SINGLE	MinION sequencing of SAMD00233320
SRR21813675	SRX17803050	SRS15327329	SRP401092	PRJNA269444	Xanthomonas oryzae pv. oryzae	IXO74	OXFORD_NANOPORE	MinION	1835265049.0	167861.0	WGS	GENOMIC	SINGLE	Complete genome sequence of Xanthomonas oryzae pv. oryzae IXO74
SRR33769311	SRX28991458	SRS22455659	SRP444583	PRJNA962904	Escherichia coli		PACBIO_SMRT	Sequel II	566672314.0	33230.0	WGS	GENOMIC	SINGLE	PacBio sequencing of AH0223HE2 for ARCH 2
SRR35574239	SRX30647209	SRS26670453	SRP625638	PRJNA1320685	Escherichia coli	MB06231	OXFORD_NANOPORE	MinION	2198111038.0	418074.0	WGS	GENOMIC	SINGLE	ONT Long-Read DNA Sequencing of MB06231 Dorado SUP basecalling
SRR30608149	SRX26030742	SRS22602385	SRP250705	PRJNA607328	Mus musculus	C57BL/6	OXFORD_NANOPORE	MinION	29772442702.0	8791394.0	WGS	GENOMIC	SINGLE	Mus musculus FELIX_MS425 Nanopore reads
SRR34701447	SRX29836725	SRS25940512	SRP603238	PRJNA1295476	Stenotrophomonas maltophilia	STK12_22	OXFORD_NANOPORE	PromethION	452318288.0	40251.0	WGS	GENOMIC	SINGLE	ONT SQK-NBD114-96 library of Stenotrophomonas maltophilia STK12_22: R10.4.1 flowcell on PromethION, guppy v7.2.13 with model dna_r10.4.1_e8.2_400bps_sup@v4.2.0
ERR14747176	ERX14148452	ERS23812113	ERP170065	PRJEB86767	Klebsiella pneumoniae		OXFORD_NANOPORE	MinION	840368479.0	202114.0	WGS	GENOMIC	SINGLE	EXP-21-1-2025-03-14_13-52-41
SRR32263264	SRX27600661	SRS24010631	SRP562144	PRJNA1220344	Enterococcus faecium	VR52	OXFORD_NANOPORE	MinION	96244827.0	16479.0	WGS	GENOMIC	SINGLE	DNA-Seq of Enterococcus faecium
SRR15415591	SRX11717490	SRS1717788	SRP332089	PRJNA528413	Escherichia coli O157:H7	2-6-2	PACBIO_SMRT	PacBio RS II	2747942327.0	163482.0	WGS	GENOMIC	SINGLE	Genome sequencing of E. coli O157:H7 and O55:H7 strains
ERR10499336	ERX10016622	ERS14255840	ERP142629	PRJEB57633	Escherichia coli		OXFORD_NANOPORE	GridION	53265897.0	17849.0	WGS	GENOMIC	SINGLE	Raw reads: ONT_31663_7#5
SRR25466956	SRX21199969	SRS18458351	SRP452337	PRJNA1000618	Escherichia coli	Escherichia coli BL21(DE3)	OXFORD_NANOPORE	MinION	11893996.0	4000.0	WGS	GENOMIC	SINGLE	CASTVK transposition with different condition
SRR25466776	SRX21199645	SRS18458348	SRP452337	PRJNA1000618	Escherichia coli	Escherichia coli BL21(DE3)	OXFORD_NANOPORE	MinION	6428496.0	3999.0	WGS	GENOMIC	SINGLE	CASTVK transposition with different condition
SRR386224	SRX109867	SRS002782	SRP001679	PRJNA32483	Fusobacterium animalis 7_1	7_1	PACBIO_SMRT	PacBio RS	35772562.0	81741.0	WGS	GENOMIC	SINGLE	Whole Genome Sequencing and Assembly
SRR32410568	SRX27740988	SRS24128775	SRP565160	PRJNA1225906	Salmonella enterica		OXFORD_NANOPORE	GridION	799974368.0	257602.0	WGS	GENOMIC	SINGLE	WGS of Salmonella enterica isolate
SRR32364920	SRX27699226	SRS21123000	SRP444583	PRJNA962904	Escherichia coli		PACBIO_SMRT	Sequel II	267954456.0	12603.0	WGS	GENOMIC	SINGLE	PacBio sequencing of AS27853E1 for ARCH 1.0
SRR27467567	SRX23139063	SRS20090118	SRP482617	PRJNA942599	Staphylococcus pseudintermedius	Dog008	PACBIO_SMRT	Sequel II	1443188985.0	147501.0	WGS	GENOMIC	SINGLE	PacBio sequencing of canine Staphylococcaceae isolated from a Kenyan shelter in June 2020
ERR2496373	ERX2515614	ERS1943187	ERP005928	PRJEB6403	Candidatus Bartonella washoeensis	NCTC13399	PACBIO_SMRT	PacBio RS	967975420.0	163482.0	WGS	GENOMIC	SINGLE	PacBio RS sequencing
SRR35851063	SRX30900191	SRS26900570	SRP636871	PRJNA1334387	Vibrio owensii	ABH2_001	OXFORD_NANOPORE	GridION	1738839669.0	298749.0	WGS	GENOMIC	SINGLE	WGS of Vibrio owensii: Marine biofilm
SRR13893510	SRX10273504	SRS8406522	SRP309815	PRJNA686978	Escherichia coli	not collected	OXFORD_NANOPORE	MinION	1408434599.0	184113.0	WGS	GENOMIC	SINGLE	nanopore sequencing of e coli: clinical isolate
SRR14871178	SRX11188640	SRS9244941	SRP324862	PRJNA736470	Streptococcus equi subsp. zooepidemicus	SEZ_14-107	PACBIO_SMRT	Sequel	1503169361.0	174575.0	WGS	GENOMIC	SINGLE	PacBio whole genome sequencing of Streptococcu equi
SRR10390701	SRX7091074	SRS5604799	SRP228290	PRJNA587401	Bacillus subtilis	MB9_B1	OXFORD_NANOPORE	MinION	2409850357.0	428507.0	WGS	GENOMIC	SINGLE	Bacillus subtilis nanopore ligation lib strain MB9_B1
SRR5750456	SRX2950680	SRS1613990	SRP068737	PRJNA292902	Escherichia coli	AR_0149	PACBIO_SMRT	PacBio RS II	1115375349.0	163482.0	WGS	GENOMIC	SINGLE	PacBio SMRT Sequencing of Escherichia coli FDA-CDC-AR_0149 Genomic Library
ERR10496804	ERX10014123	ERS14249008	ERP142629	PRJEB57633	Escherichia coli		OXFORD_NANOPORE	GridION	119820553.0	17636.0	WGS	GENOMIC	SINGLE	Raw reads: ONT_30602_2#140
SRR9681892	SRX6441677	SRS5095642	SRP214600	PRJNA553122	Escherichia coli		OXFORD_NANOPORE	GridION	85911466.0	37132.0	WGS	GENOMIC	SINGLE	WGS-sequencing of ST207 E. coli isolates
SRR8489314	SRX5293901	SRS595592	SRP041357	PRJNA170563	Salmonella enterica subsp. enterica serovar Bareilly str. CFSAN001115	CFSAN001115	PACBIO_SMRT	Sequel	626355709.0	103129.0	WGS	GENOMIC	SINGLE	Whole genome PacBio Sequel sequence of Salmonella enterica subsp. enterica serovar Bareilly
SRR29316796	SRX24833347	SRS21545178	SRP512379	PRJNA1121190	Vibrio cholerae	136Vc04	OXFORD_NANOPORE	PromethION	275247284.0	47852.0	WGS	GENOMIC	SINGLE	WGS of Vcholerae isolates
ERR2532010	ERX2550439	ERS2409724	ERP005928	PRJEB6403	Morganella morganii	NCTC7381	PACBIO_SMRT	PacBio RS	742123964.0	163482.0	WGS	GENOMIC	SINGLE	PacBio RS sequencing
SRR23032922	SRX18987622	SRS16408678	SRP416772	PRJNA847368	Brucella melitensis	6144	OXFORD_NANOPORE	PromethION	208489414.0	53483.0	WGS	GENOMIC	SINGLE	Brucella melitensis 6144
ERR10498214	ERX10015503	ERS14254508	ERP142629	PRJEB57633	Escherichia coli		OXFORD_NANOPORE	GridION	101985077.0	13037.0	WGS	GENOMIC	SINGLE	Raw reads: ONT_30821_1#311
SRR30293568	SRX25754293	SRS20715737	SRP447847	PRJNA991976	Xanthomonas euvesicatoria	WHRI 8301	OXFORD_NANOPORE	PromethION	669863139.0	100657.0	WGS	GENOMIC	SINGLE	ONT genome sequencing of WHRI 8301Rx
ERR15941476	ERX15337021	ERS27416792	ERP185476	PRJEB104171	Escherichia coli		OXFORD_NANOPORE	MinION	334726477.0	79951.0	WGS	GENOMIC	SINGLE	MinION sequencing
ERR13194252	ERX12565117	ERS20185764	ERP160059	PRJEB75483	Pseudoxanthomonas sp. LjRoot127		OXFORD_NANOPORE	MinION	260757499.0	33019.0	WGS	GENOMIC	SINGLE	MinION sequencing
SRR10420792	SRX7118821	SRS5629109	SRP229316	PRJNA588160	Bacillus velezensis	AL7	PACBIO_SMRT	Sequel	1679571946.0	191057.0	WGS	GENOMIC	SINGLE	Bacillus AL7
ERR10676135	ERX10143899	ERS14333234	ERP143248	PRJEB58185	Campylobacter coli		OXFORD_NANOPORE	MinION	452111030.0	751015.0	WGS	GENOMIC	PAIRED	MinION paired end sequencing
ERR13326734	ERX12697762	ERS20295504	ERP161282	PRJEB76791	Salmonella enterica subsp. enterica serovar Agona		OXFORD_NANOPORE	MinION	633467200.0	173702.0	WGS	GENOMIC	SINGLE	MinION sequencing
ERR15284521	ERX14690355	ERS711006	ERP176771	PRJEB93892	Klebsiella pneumoniae	INF313	OXFORD_NANOPORE	MinION	278048714.0	47636.0	WGS	GENOMIC	SINGLE	MinION sequencing
SRR32375315	SRX27708126	SRS21131525	SRP444583	PRJNA962904	Escherichia coli		PACBIO_SMRT	Sequel II	138529574.0	5118.0	WGS	GENOMIC	SINGLE	PacBio sequencing of CS26974C1 for ARCH 1.0
DRR747493	DRX727422	DRS503006	DRP013882	PRJDB37538	Staphylococcus aureus	M89	OXFORD_NANOPORE	GridION	207252876.0	16253.0	WGS	GENOMIC	SINGLE	GridION sequencing of SAMD01682397
SRR23033063	SRX18987754	SRS16376965	SRP413032	PRJNA906522	Pseudomonas aeruginosa	Paer44	OXFORD_NANOPORE	MinION	1694228344.0	365068.0	WGS	GENOMIC	SINGLE	Long read sequencing of Pseudomonas aeruginosa Paer44
SRR15989021	SRX12277846	SRS9998792	SRP357537	PRJNA801416	Escherichia coli	E189	OXFORD_NANOPORE	GridION	848238061.0	89645.0	WGS	GENOMIC	SINGLE	Whole Genome Sequencing of Carbapenemase-producing Enterobacterales (CPE)
SRR27379212	SRX23055840	SRS20015622	SRP480616	PRJNA1055176	Escherichia coli	Not available	OXFORD_NANOPORE	MinION	2884248282.0	410646.0	WGS	GENOMIC	SINGLE	Whole genome sequence of E. coli
ERR15660880	ERX15065658	ERS26934177	ERP179947	PRJEB97396	Mycobacterium tuberculosis		OXFORD_NANOPORE	MinION			WGS	GENOMIC	SINGLE	MinION sequencing
SRR36797838	SRX31784510	SRS27747211	SRP661661	PRJNA1389824	Erwinia persicina		OXFORD_NANOPORE	MinION	156198075.0	39370.0	WGS	GENOMIC	SINGLE	evolved microcosm clones
SRR30896060	SRX26299961	SRS22828683	SRP536878	PRJNA1134622	Escherichia coli	OXEC-464	OXFORD_NANOPORE	MinION	604898667.0	198367.0	WGS	GENOMIC	SINGLE	OXEC-464
SRR25605489	SRX21332669	SRS18578300	SRP454543	PRJNA976513	Escherichia coli	ymmD45	OXFORD_NANOPORE	PromethION	3410402109.0	508964.0	WGS	GENOMIC	SINGLE	Nanopore data of Escherichia coli ymmD45 ancester
ERR14720839	ERX14122264	ERS23803779	ERP170064	PRJEB86764	Staphylococcus aureus		OXFORD_NANOPORE	MinION	202048262.0	67382.0	WGS	GENOMIC	SINGLE	EXP-0-1-2025-03-12_13-03-36
ERR2125809	ERX2182661	ERS1589019	ERP005928	PRJEB6403	Neisseria gonorrhoeae	NCTC13481	PACBIO_SMRT	PacBio RS	1173451793.0	163482.0	WGS	GENOMIC	SINGLE	PacBio RS sequencing
SRR25467029	SRX21199896	SRS18458348	SRP452337	PRJNA1000618	Escherichia coli	Escherichia coli BL21(DE3)	OXFORD_NANOPORE	MinION	6423913.0	4000.0	WGS	GENOMIC	SINGLE	CASTVK transposition with different condition
SRR13575384	SRX9973478	SRS8145954	SRP303741	PRJNA695586	Streptococcus pyogenes	M4C20	OXFORD_NANOPORE	MinION	2814872.0	4000.0	WGS	GENOMIC	SINGLE	Whole genome sequence of Streptococcus pyogenes strain M4C20
SRR28468065	SRX24071078	SRS20861572	SRP498068	PRJNA1091319	Bacteroides thetaiotaomicron	5-290	OXFORD_NANOPORE	PromethION	2432267171.0	7312539.0	WGS	GENOMIC	SINGLE	Genome Sequencing GPTB0036
SRR34973376	SRX30092435	SRS26157527	SRP608514	PRJNA1305037	Klebsiella pneumoniae	MI_KPC_914	OXFORD_NANOPORE	PromethION	500000472.0	69986.0	WGS	GENOMIC	SINGLE	KPC CRE collection from state of Michigan
SRR31401759	SRX26771036	SRS22821637	SRP074197	PRJNA288601	Klebsiella planticola	2024CK-01508	OXFORD_NANOPORE	GridION	1935683230.0	744714.0	WGS	GENOMIC	SINGLE	Nanopore sequencing of ARLN isolate
ERR15602629	ERX15005853	ERS26882897	ERP180185	PRJEB97707	Escherichia coli		OXFORD_NANOPORE	MinION	186253142.0	32417.0	WGS	GENOMIC	SINGLE	MinION sequencing
SRR31305896	SRX26684056	SRS5645183	SRP142579	PRJNA438219	Vibrio cholerae	831317	OXFORD_NANOPORE	MinION	61212392.0	16171.0	WGS	GENOMIC	SINGLE	831317
DRR236258	DRX226442	DRS144319	DRP006249	PRJDB9669	Pseudomonas tohonis	TUM18999	OXFORD_NANOPORE	MinION	1989023787.0	77458.0	WGS	GENOMIC	SINGLE	MinION sequencing of SAMD00220017
SRR35674218	SRX30725812	SRS26742367	SRP561673	PRJNA1219398	Pasteurella multocida	181396	OXFORD_NANOPORE	MinION	88317537.0	15736.0	WGS	GENOMIC	SINGLE	DNA-Seq of Pasteurella multocida 181396
SRR22581003	SRX18544003	SRS15485292	SRP074197	PRJNA288601	Klebsiella variicola	2022CK-00565	OXFORD_NANOPORE	GridION	126237614.0	6357.0	WGS	GENOMIC	SINGLE	Nanopore sequencing of ARLN isolate
SRR10208303	SRX6928222	SRS5452629	SRP223650	PRJNA574878	Escherichia coli	K-12	PACBIO_SMRT	PacBio RS II	107995911.0	58000.0	WGS	GENOMIC	SINGLE	Correct long reads for the simulated 2 kbp long reads
SRR10753529	SRX7428114	SRS909430	SRP018785	PRJNA186035	Salmonella enterica subsp. enterica serovar Rubislaw	CFSAN029865	PACBIO_SMRT	Sequel	570184372.0	78302.0	WGS	GENOMIC	SINGLE	Whole genome PacBio Sequel sequence of Salmonella enterica
SRR13695047	SRX10084301	SRS8242297	SRP255655	PRJNA622823	Parageobacillus toebii	NEB718	PACBIO_SMRT	PacBio RS II	1626334946.0	163482.0	WGS	GENOMIC	SINGLE	SMRT_BsaW_BP9_50
SRR27972589	SRX23625864	SRS20465375	SRP489819	PRJNA1076692	Klebsiella pneumoniae	RIVM_C059199_dorado	OXFORD_NANOPORE	MinION	295916404.0	79688.0	WGS	GENOMIC	SINGLE	RIVM_C059199_dorado
ERR10498543	ERX10015832	ERS14255247	ERP142629	PRJEB57633	Escherichia coli		OXFORD_NANOPORE	GridION	74650081.0	10967.0	WGS	GENOMIC	SINGLE	Raw reads: ONT_30348_2#239
ERR10498408	ERX10015697	ERS14255488	ERP142629	PRJEB57633	Escherichia coli		OXFORD_NANOPORE	GridION	44415251.0	7717.0	WGS	GENOMIC	SINGLE	Raw reads: ONT_30345_1#314
SRR23796603	SRX19628690	SRS16998282	SRP426545	PRJNA942086	Salmonella enterica subsp. enterica serovar Enteritidis	PS_Ent_3_2022	OXFORD_NANOPORE	MinION	275937411.0	63607.0	WGS	GENOMIC	SINGLE	Nanopore sequencing of Campylobacter jejuni from human stool
SRR32814723	SRX28098198	SRS24455167	SRP572308	PRJNA1240462	Klebsiella pneumoniae	PL4D31C16P	PACBIO_SMRT	PacBio RS II	1767698888.0	160657.0	WGS	GENOMIC	SINGLE	pacbio-seq of Klebsiella
SRR21415791	SRX17420089	SRS14917005	SRP361569	PRJNA768416	Paenibacillus sp. FSL P2-0136		OXFORD_NANOPORE	MinION	314668581.0	68888.0	WGS	GENOMIC	SINGLE	WGS of Bacilli
SRR13996143	SRX10373569	SRS3771744	SRP071789	PRJNA315192	Escherichia coli	588888	OXFORD_NANOPORE	MinION	1176881054.0	197461.0	WGS	GENOMIC	SINGLE	588888
SRR353490	SRX100643	SRS259611	SRP000285	PRJNA68153	Escherichia coli O104:H4 str. C227-11	C227-11	PACBIO_SMRT	PacBio RS	114312607.0	81741.0	WGS	GENOMIC	SINGLE	Genome Sequencing and Assembly of E. coli O104:H4 strains
SRR17842153	SRX14003131	SRS11841431	SRP357667	PRJNA798866	Acinetobacter baumannii	AB183-VUB	OXFORD_NANOPORE	MinION	477769865.0	111547.0	WGS	GENOMIC	SINGLE	AB183-VUB complete chromosome
SRR4169975	SRX2139315	SRS1671409	SRP086382	PRJNA311426	Thalassospira sp. KO164	KO164	PACBIO_SMRT	PacBio RS	389061919.0	94831.0	WGS	GENOMIC	SINGLE	Thalassospira sp. KO164
SRR14868891	SRX11186417	SRS9243459	SRP324476	PRJNA738868	Acinetobacter baumannii	DETAB-P2	OXFORD_NANOPORE	GridION	669041471.0	47180.0	WGS	GENOMIC	SINGLE	ONT WGS of CRAB: P2
SRR34973990	SRX30092854	SRS26157575	SRP608514	PRJNA1305037	Enterobacter kobei	MI_KPC_572	OXFORD_NANOPORE	PromethION	367001286.0	59917.0	WGS	GENOMIC	SINGLE	KPC CRE collection from state of Michigan
SRR19820611	SRX15864310	SRS13526163	SRP361569	PRJNA768416	Bacillus sp. FSL M8-0166	FSL M8-0166	OXFORD_NANOPORE	MinION	522226254.0	185344.0	WGS	GENOMIC	SINGLE	WGS of Bacilli
ERR9517034	ERX9058573	ERS2652556	ERP104475	PRJEB22771	Streptococcus pneumoniae		PACBIO_SMRT	Sequel II	494518250.0	70374.0	WGS	GENOMIC	SINGLE	Sequel II sequencing
SRR385998	SRX109797	SRS001120	SRP000361	PRJNA32935	Enterococcus casseliflavus EC20	899205	PACBIO_SMRT	PacBio RS	71599869.0	81741.0	WGS	GENOMIC	SINGLE	Whole Genome Sequencing and Assembly
SRR27962326	SRX23618796	SRS20459173	SRP489640	PRJNA998543	Staphylococcus epidermidis	HRSE 8	OXFORD_NANOPORE	MinION	769874499.0	98954.0	WGS	GENOMIC	SINGLE	S. epidermidis isolated from Han River whole genome sequencing
SRR11215185	SRX7827615	SRS6238744	SRP251286	PRJNA608123	Lactobacillus iners	C0210C1	PACBIO_SMRT	Sequel II	1678943985.0	176148.0	WGS	GENOMIC	SINGLE	WGS of L. iners
ERR16064426	ERX15454608	ERS28397561	ERP173262	PRJEB90249	Acinetobacter pittii		OXFORD_NANOPORE	GridION	552636529.0	89693.0	WGS	GENOMIC	SINGLE	GridION sequencing
SRR36200451	SRX31237154	SRS27216483	SRP649104	PRJNA1367967	Klebsiella pneumoniae	09478B1	OXFORD_NANOPORE	PromethION	268847566.0	336546.0	WGS	GENOMIC	SINGLE	WGS of clinical Klebsiella pneumoniae from a referral hospital in Bansang, Gambia
ERR3685813	ERX3675417	ERS4047614	ERP114207	PRJEB31632	bacterium		OXFORD_NANOPORE	GridION	129975739.0	18967.0	WGS	GENOMIC	SINGLE	GridION sequencing
ERR10369492	ERX9901370	ERS10357399	ERP135100	PRJEB50514	Enterococcus cecorum		OXFORD_NANOPORE	GridION	2410956703.0	197643.0	WGS	GENOMIC	SINGLE	GridION sequencing; Raw reads: Enterococcus_cecorum_CIRMBP-1294_library_1_Oxford_Nanopore_sequencing
SRR27678756	SRX23345993	SRS20207232	SRP485167	PRJNA960711	Neobacillus sp. DY30	DY30	OXFORD_NANOPORE	MinION	178949775.0	43460.0	WGS	GENOMIC	SINGLE	WGS of Neobacillus sp. DY30: strain DY30
SRR31834168	SRX27194496	SRS22973760	SRP074197	PRJNA288601	Acinetobacter baumannii		OXFORD_NANOPORE	GridION	1021090452.0	192769.0	WGS	GENOMIC	SINGLE	Nanopore sequencing of ARLN isolate
SRR1200913	SRX497655	SRS579607	SRP040448	PRJNA212457	Orientia tsutsugamushi str. TA716		PACBIO_SMRT	PacBio RS	2076839468.0	163482.0	WGS	GENOMIC	SINGLE	
SRR33967308	SRX29166016	SRS25366746	SRP591850	PRJNA1274668	Serratia nevei	K-E0300	OXFORD_NANOPORE	GridION	367496677.0	87094.0	WGS	GENOMIC	SINGLE	ONT SQK-NBD112-24 library of Serratia nevei K-E0300: R10.4 flowcell on GridION, guppy v6.2.11 in super high accuracy mode
SRR22957088	SRX18913942	SRS16341757	SRP415590	PRJNA914624	Streptococcus pyogenes	emm89	OXFORD_NANOPORE	GridION	142147194.0	151530.0	WGS	GENOMIC	SINGLE	WGS of Streptococcus pyogenes
SRR4996428	SRX2330940	SRS1786021	SRP092724	PRJNA262416	Nonlabens sp. Hel_I_56	Hel_I_56	PACBIO_SMRT	PacBio RS	322265197.0	118435.0	WGS	GENOMIC	SINGLE	Nonlabens sp. Hel_I_56
SRR35198286	SRX30302103	SRS18942695	SRP462314	PRJNA708420	Rhizobium sp. SLBN-170	SLBN-170	PACBIO_SMRT	Sequel II	178782917.0	26875.0	WGS	GENOMIC	SINGLE	Rhizobium sp. SLBN-170
ERR9364113	ERX8906362	ERS11202338	ERP136327	PRJEB51675	Vibrio cholerae O1 biovar El Tor	not provided	OXFORD_NANOPORE	MinION	1674080725.0	126549.0	WGS	GENOMIC	SINGLE	MinION sequencing
ERR2225524	ERX2278894	ERS1765898	ERP005928	PRJEB6403	Prescottella equi		PACBIO_SMRT	PacBio RS	625514596.0	163482.0	WGS	GENOMIC	SINGLE	PacBio RS sequencing
SRR29837591	SRX25335416	SRS22003021	SRP520032	PRJNA1082471	Streptococcus iniae	QMA0084	OXFORD_NANOPORE	MinION	80000087.0	85376.0	WGS	GENOMIC	SINGLE	HMW DNA extracted by RLS (Resource Limited Settings) method:Streptococcus iniae
SRR24651226	SRX20431305	SRS17736850	SRP438478	PRJNA885826	Odoribacter splanchnicus	DSM 20712	OXFORD_NANOPORE	MinION	1091377014.0	78690.0	WGS	GENOMIC	SINGLE	PCR free Oxford Nanopore sequencing of genomic DNA from Odoribacter-splanchnicus-DSM-20712
SRR32179901	SRX27525129	SRS23942914	SRP546704	PRJNA1189028	Staphylococcus aureus	PS03174	OXFORD_NANOPORE	MinION	94591888.0	104425.0	WGS	GENOMIC	SINGLE	WGS of bacterial isolate: Environmental isolate
ERR12670827	ERX12044959	ERS18299990	ERP149678	PRJEB64503	Haemophilus parainfluenzae ATCC 33392	HUB-HP15391	OXFORD_NANOPORE	MinION	81455138.0	14241.0	WGS	GENOMIC	SINGLE	MinION sequencing
ERR10420087	ERX9948560	ERS6795063	ERP109413	PRJEB27342	Klebsiella pneumoniae		PACBIO_SMRT	Sequel II	5026177309.0	775832.0	WGS	GENOMIC	SINGLE	Sequel II sequencing
ERR3354217	ERX3378724	ERS2394097	ERP011196	PRJEB10018	Klebsiella pneumoniae		PACBIO_SMRT	Sequel	535244862.0	126300.0	WGS	GENOMIC	SINGLE	Sequel sequencing
SRR19776550	SRX15820946	SRS12273989	SRP364249	PRJNA816422	Helicobacter pylori	Hpfe063	OXFORD_NANOPORE	MinION	774890930.0	85262.0	WGS	GENOMIC	SINGLE	nanopore sequencing of h. pylori genomic DNA
DRR492733	DRX476940	DRS339588	DRP010754	PRJDB16193	Desulfoferula mesophila	12FAK	OXFORD_NANOPORE	MinION	403082069.0	199665.0	WGS	GENOMIC	SINGLE	MinION sequencing of SAMD00631172
SRR5182010	SRX2498118	SRS1924971	SRP096895	PRJNA353873	Mycobacterium tuberculosis		PACBIO_SMRT	PacBio RS	519332823.0	163482.0	WGS	GENOMIC	SINGLE	DNA of Mtb
SRR15074886	SRX11384931	SRS9429632	SRP040661	PRJNA231221	Citrobacter braakii	FDAARGOS 1421	PACBIO_SMRT	Sequel II	3229289797.0	298129.0	WGS	GENOMIC	SINGLE	
SRR15989146	SRX12277721	SRS9999214	SRP357537	PRJNA801416	Citrobacter farmeri	E942	OXFORD_NANOPORE	GridION	600609018.0	114781.0	WGS	GENOMIC	SINGLE	Whole Genome Sequencing of Carbapenemase-producing Enterobacterales (CPE)
SRR32250939	SRX27588922	SRS20831646	SRP497546	PRJNA1091452	Listeria monocytogenes	L-04	OXFORD_NANOPORE	MinION	607097970.0	165119.0	WGS	GENOMIC	SINGLE	native ONT data from Listeria monocytogenes
SRR5851478	SRX3021125	SRS1832573	SRP094480	PRJNA279196	Bordetella pertussis	I959	PACBIO_SMRT	PacBio RS II	968060269.0	163482.0	WGS	GENOMIC	SINGLE	
SRR30750200	SRX26152901	SRS22678980	SRP345837	PRJNA857700	Escherichia coli	1912D004	OXFORD_NANOPORE	MinION	578643467.0	217580.0	WGS	GENOMIC	SINGLE	Long read HMW DNA sequencing of florfenicol resistant Escherichia coli
SRR19165784	SRX15231978	SRS12965137	SRP374671	PRJNA836696	Escherichia coli O25b:H4-ST131	5392	OXFORD_NANOPORE	GridION	600501771.0	118399.0	WGS	GENOMIC	SINGLE	ONT long-read sequencing of carbapenem non-susceptible Enterobacterales
SRR23347704	SRX19289329	SRS16690584	SRP421131	PRJNA931653	Escherichia coli K-12	K-12	OXFORD_NANOPORE	GridION	27840465.0	4000.0	WGS	GENOMIC	SINGLE	Nanopore sequencing of Ciprofloxacin challenged E. coli
SRR5838743	SRX3014935	ERS2006601	SRP112776	PRJNA363969	Streptomyces sp. 1331.2	1331.2	PACBIO_SMRT	PacBio RS II	25248385.0	9288.0	WGS	GENOMIC	SINGLE	Streptomyces sp. 1331.2
ERR4769766	ERX4639607	ERS5247717	ERP124695	PRJEB40976	Enterococcus faecalis		OXFORD_NANOPORE	GridION	732062542.0	37675.0	WGS	GENOMIC	SINGLE	GridION sequencing; Raw reads: 26975_2#44
SRR32486259	SRX27799648	SRS24152383	SRP403292	PRJNA870170	Citrobacter koseri	AUSMDU00063628	OXFORD_NANOPORE	PromethION	799843734.0	119376.0	WGS	GENOMIC	SINGLE	WGS of other Enterobacteriales and Gram negative pathogens from ONT reads
ERR10472430	ERX9992775	ERS6795241	ERP109413	PRJEB27342	Klebsiella pneumoniae		PACBIO_SMRT	Sequel II	7269720881.0	1473609.0	WGS	GENOMIC	SINGLE	Sequel II sequencing
SRR36491323	SRX31512790	SRS27492415	SRP656131	PRJNA1387419	Bacillus cereus ATCC 14579	D51	OXFORD_NANOPORE	GridION	888526796.0	364743.0	WGS	GENOMIC	SINGLE	WGS of Bacillus cereus Strain ATCC14610
SRR8993899	SRX5772841	SRS4706304	SRP169526	PRJNA269083	Acinetobacter baumannii	AB307-0294	OXFORD_NANOPORE	MinION	450997604.0	47741.0	WGS	GENOMIC	SINGLE	Whole genome
SRR13289825	SRX9718921	SRS7252298	SRP278657	PRJNA658369	Klebsiella pneumoniae	ARLG-3234	OXFORD_NANOPORE	GridION	1996029783.0	246710.0	WGS	GENOMIC	SINGLE	ONT seq of K. pneumoniae
SRR1784836	SRX863773	SRS834705	SRP040661	PRJNA231221	Vibrio parahaemolyticus	FDAARGOS_51	PACBIO_SMRT	PacBio RS	2023982889.0	163482.0	WGS	GENOMIC	SINGLE	
SRR33895209	SRX29106644	SRS25312984	SRP590843	PRJNA1272507	Salmonella enterica	SAL-210	OXFORD_NANOPORE	GridION	1010850931.0	196965.0	WGS	GENOMIC	SINGLE	ONT-WGS of Salmonella enterica
SRR26130524	SRX21843940	SRS18941950	SRP462268	PRJNA708419	Rhizobium sp. SLBN-94	SLBN-94	PACBIO_SMRT	Sequel II	1640068596.0	328424.0	WGS	GENOMIC	SINGLE	Rhizobium sp. SLBN-94
SRR11209280	SRX7822153	SRS6233359	SRP251108	PRJNA609126	Staphylococcus aureus	SA1428	OXFORD_NANOPORE	GridION	104362196.0	4000.0	WGS	GENOMIC	SINGLE	Genome sequence of a chronic Staphylococcus aureus isolated from dairy cow that is non-responsive to antibiotic treatment
SRR19634231	SRX15684545	SRS13381624	SRP379817	PRJNA848631	Escherichia coli		OXFORD_NANOPORE	GridION	372677709.0	33910.0	WGS	GENOMIC	SINGLE	Long read sequencing of E. coli that has been experimentally evolved with a CTX-M-15 plasmid
SRR16955609	SRX13147204	SRS5389258	SRP071789	PRJNA315192	Escherichia coli	804533	OXFORD_NANOPORE	MinION	255194420.0	43098.0	WGS	GENOMIC	SINGLE	Nanopore sequencing of STEC
ERR1800586	ERX1864127	ERS1295515	ERP005928	PRJEB6403	Faucicola osloensis	NCTC10465	PACBIO_SMRT	PacBio RS	1092394550.0	163482.0	WGS	GENOMIC	SINGLE	PacBio RS sequencing
SRR5937959	SRX3097874	SRS2434309	SRP115555	PRJNA353337	Ralstonia solanacearum	SL3882	PACBIO_SMRT	PacBio RS II	988250155.0	163482.0	WGS	GENOMIC	SINGLE	WGS of Ralstonia solanacearum SL3882
SRR19820702	SRX15864219	SRS13526039	SRP361569	PRJNA768416	Staphylococcus sp. FSL W8-0774	FSL W8-0774	OXFORD_NANOPORE	MinION	326537111.0	62896.0	WGS	GENOMIC	SINGLE	WGS of Bacilli
ERR10496803	ERX10014122	ERS14248984	ERP142629	PRJEB57633	Escherichia coli		OXFORD_NANOPORE	GridION	87612211.0	14798.0	WGS	GENOMIC	SINGLE	Raw reads: ONT_30602_2#136
SRR29931581	SRX25425498	SRS22085969	SRP521703	PRJNA1138649	Algimonas porphyrae	LMG 26424	OXFORD_NANOPORE	PromethION	198296490.0	22632.0	WGS	GENOMIC	SINGLE	Complete genome sequence of Algimonas porphyrae
SRR35851073	SRX30900181	SRS26900560	SRP636871	PRJNA1334387	Bacillus sp. ABA4_010	ABA4_010	OXFORD_NANOPORE	GridION	2295707850.0	868668.0	WGS	GENOMIC	SINGLE	WGS of Bacillus sp. : Marine biofilm
SRR386985	SRX109934	SRS281279	SRP001087	PRJNA40075	Escherichia coli str. K-12 substr. MG1655	K-12	PACBIO_SMRT	PacBio RS	31141484.0	60667.0	WGS	GENOMIC	SINGLE	Whole Genome Sequencing and Assembly
SRR30896449	SRX26299572	SRS22828294	SRP536878	PRJNA1134622	Escherichia coli	OXEC-113	OXFORD_NANOPORE	MinION	265090361.0	75665.0	WGS	GENOMIC	SINGLE	OXEC-113
SRR11557476	SRX8127204	SRS6491521	SRP276048	PRJNA615636	Escherichia coli		OXFORD_NANOPORE	MinION	57246487.0	14545.0	WGS	GENOMIC	SINGLE	Native DNA sequencing of O6_hroxyethyl_dG
SRR8192213	SRX5011572	SRS4045477	SRP168760	PRJNA505665	Salmonella enterica subsp. enterica		PACBIO_SMRT	Sequel	1593783795.0	199947.0	WGS	GENOMIC	SINGLE	PacBio WGS of Salmonella enterica_Isolate_77
SRR35213328	SRX30317029	SRS26363964	SRP615992	PRJNA1301220	Acinetobacter baumannii	ABO21-A025	OXFORD_NANOPORE	MinION	606915442.0	92242.0	WGS	GENOMIC	SINGLE	Whole geneme sequencing of Acinetobacter baumannii: isolates of the Ab-One study
SRR30149372	SRX25617261	SRS3052385	SRP518730	PRJNA1133668	Enterobacter hormaechei	171	OXFORD_NANOPORE	MinION	66825089.0	5327.0	WGS	GENOMIC	SINGLE	Nanopore sequencing of clinical CRE isolates: human
SRR4171285	SRX2139720	SRS1671663	SRP086514	PRJNA311428	Erythrobacter sp. HL-111	HL-111	PACBIO_SMRT	PacBio RS	326768655.0	82755.0	WGS	GENOMIC	SINGLE	Erythrobacter sp. HL-111
SRR9620228	SRX6383249	SRS5042855	SRP212574	PRJNA547254	Amycolatopsis viridis	DSM 45668	PACBIO_SMRT	Sequel	1345545225.0	357977.0	WGS	GENOMIC	SINGLE	Amycolatopsis viridis DSM 45668
SRR27467478	SRX23139023	SRS20090082	SRP482615	PRJNA1062297	Serratia sarumanii	K-M0228	OXFORD_NANOPORE	GridION	38946692.0	6423.0	WGS	GENOMIC	SINGLE	ONT SQK-NBD112-24 library of Serratia sp. K-M0228: R10.4 flowcell on GridION, guppy v6.3.8 in super high accuracy mode
ERR16064620	ERX15454802	ERS28397755	ERP173262	PRJEB90249	Staphylococcus aureus		OXFORD_NANOPORE	GridION	445845025.0	90862.0	WGS	GENOMIC	SINGLE	GridION sequencing
SRR14509645	SRX10855402	SRS8951111	SRP319462	PRJNA728709	Escherichia coli	96_1414P	PACBIO_SMRT	PacBio RS II	2595224834.0	163482.0	WGS	GENOMIC	SINGLE	Genome sequencing of E. coli O26: H11
SRR29552491	SRX25059649	SRS21756587	SRP482571	PRJNA1062582	Streptococcus pneumoniae	D39V	PACBIO_SMRT	Sequel IIe	637195042.0	87880.0	WGS	GENOMIC	SINGLE	PacBio sequencing of mbPE-mediated luc-edited S. pneumoniae D39V
SRR32370091	SRX27704579	SRS24099077	SRP564386	PRJNA1224596	Klebsiella pneumoniae	K-24247	OXFORD_NANOPORE	MinION	321095117.0	66660.0	WGS	GENOMIC	SINGLE	Long read WGS of Klebsiella pneumoniae: isolate K-24247
SRR13386096	SRX9805333	SRS7989408	SRP300861	PRJNA663900	Enterococcus sp. DIV0361	DIV0361	OXFORD_NANOPORE	GridION	550137844.0	60116.0	WGS	GENOMIC	SINGLE	Zoo 3 Enterococcus Diversity Genome sequencing and assembly
SRR3747283	SRX1901152	SRS1543945	SRP078008	PRJNA169749	Sinorhizobium sp. PC2	PC2	PACBIO_SMRT	PacBio RS	293593996.0	136026.0	WGS	GENOMIC	SINGLE	Sinorhizobium sp. PC2
SRR17954316	SRX14111176	SRS11933336	SRP359022	PRJNA804690	Acinetobacter ursingii		OXFORD_NANOPORE	GridION	87253335.0	3340.0	WGS	GENOMIC	SINGLE	RIVM_C010761_nanopore
ERR10491018	ERX10010329	ERS7104648	ERP109413	PRJEB27342	Klebsiella pneumoniae		PACBIO_SMRT	Sequel II	5617876165.0	949045.0	WGS	GENOMIC	SINGLE	Sequel II sequencing
SRR13670661	SRX10061383	SRS8223610	SRP040661	PRJNA231221	Escherichia coli	FDAARGOS_1370	PACBIO_SMRT	Sequel	2059532477.0	336796.0	WGS	GENOMIC	SINGLE	
ERR15402428	ERX14806069	ERS25299884	ERP176862	PRJEB93985	Bacillus sp. (in: firmicutes)		PACBIO_SMRT	Sequel II	2340532565.0	409442.0	WGS	GENOMIC	SINGLE	Sequel II sequencing
SRR30785062	SRX26186829	SRS22729889	SRP435872	PRJNA966932	Streptomyces coelicolor	CW6	OXFORD_NANOPORE	MinION	265579618.0	39888.0	WGS	GENOMIC	SINGLE	WGS of Mainculture 48 h S. coelicolor CW6::act c2
SRR35233901	SRX30337108	SRS10542679	SRP291668	PRJNA675431	Klebsiella pneumoniae		OXFORD_NANOPORE	PromethION	726712335.0	222546.0	WGS	GENOMIC	SINGLE	WGS of Klebsiella pneumoniae
ERR10498564	ERX10015853	ERS14255301	ERP142629	PRJEB57633	Escherichia coli		OXFORD_NANOPORE	GridION	102098306.0	17134.0	WGS	GENOMIC	SINGLE	Raw reads: ONT_30348_2#30
ERR10498014	ERX10015303	ERS14254641	ERP142629	PRJEB57633	Escherichia coli		OXFORD_NANOPORE	GridION	57038157.0	4698.0	WGS	GENOMIC	SINGLE	Raw reads: ONT_30348_1#26
ERR1857500	ERX1919183	ERS1497503	ERP005928	PRJEB6403	Capnocytophaga haemolytica	NCTC12947	PACBIO_SMRT	PacBio RS	527264500.0	163482.0	WGS	GENOMIC	SINGLE	PacBio RS sequencing
ERR5190302	ERX4995149	ERS5602977	ERP126547	PRJEB42655	Escherichia coli		OXFORD_NANOPORE	MinION	368142257.0	41853.0	WGS	GENOMIC	SINGLE	MinION sequencing
ERR10488950	ERX10008261	ERS14235851	ERP142385	PRJEB57405	Streptococcus pneumoniae		OXFORD_NANOPORE	MinION	219634852.0	57511.0	WGS	GENOMIC	SINGLE	MinION sequencing
SRR24283677	SRX20079206	SRS17413141	SRP434090	PRJNA961034	Klebsiella pneumoniae	3336c2	OXFORD_NANOPORE	MinION	358983900.0	87389.0	WGS	GENOMIC	SINGLE	WGS: K. pneumoniae: WWTP inlet
SRR36095867	SRX31141445	SRS21867724	SRP291668	PRJNA675431	Klebsiella pneumoniae		OXFORD_NANOPORE	PromethION	870999826.0	161917.0	WGS	GENOMIC	SINGLE	WGS of Klebsiella pneumoniae
ERR10498673	ERX10015962	ERS14256147	ERP142629	PRJEB57633	Escherichia coli		OXFORD_NANOPORE	GridION	61304766.0	11548.0	WGS	GENOMIC	SINGLE	Raw reads: ONT_30602_1#226
SRR713497	SRX228375	SRS411280	SRP023490	PRJNA82527	Enterococcus faecium EnGen0376	EnGen0376	PACBIO_SMRT	PacBio RS	28167583.0	81741.0	WGS	GENOMIC	SINGLE	Pacbio whole genome shotgun sequencing of genomic DNA library 'LR_115_Efaecium_ALL' containing sample 'Pat2-2' from individual 'Enterococcus faecium Efm_NY2-2'
SRR14509657	SRX10855389	SRS8951097	SRP319462	PRJNA728709	Escherichia coli	7_15_5C	PACBIO_SMRT	PacBio RS II	5414673666.0	163482.0	WGS	GENOMIC	SINGLE	Genome sequencing of E. coli O26:H11
SRR1201009	SRX497861	SRS492925	SRP031791	PRJNA194724	Acinetobacter baumannii 110912	110912	PACBIO_SMRT	PacBio RS	1246156520.0	163482.0	WGS	GENOMIC	SINGLE	
ERR10369960	ERX9901832	ERS13525428	ERP141260	PRJEB56332	Pseudomonas sp.		OXFORD_NANOPORE	GridION	487682423.0	74793.0	WGS	GENOMIC	SINGLE	GridION sequencing; Raw reads: A1_Pseudomonas_MM221_ONT
SRR26327426	SRX22035464	SRS19107830	SRP465264	PRJNA1024516	Enterococcus faecium		OXFORD_NANOPORE	MinION	1822266564.0	96760.0	WGS	GENOMIC	SINGLE	Long-read WGS characterization of commensal Enterococcus isolates from dairy cattle in Northern Spain
ERR13194344	ERX12565209	ERS20185856	ERP160059	PRJEB75483	Variovorax sp. LjRoot288		OXFORD_NANOPORE	MinION	267252014.0	40138.0	WGS	GENOMIC	SINGLE	MinION sequencing
SRR36919997	SRX31886536	SRS27841284	SRP665298	PRJNA1403646	Streptococcus vestibularis	not applicable	OXFORD_NANOPORE	MinION	53385782.0	40079.0	WGS	GENOMIC	SINGLE	Long Reads for The Genomic Landscape of Head and Neck Cancer-associated Streptococci
ERR2125745	ERX2182597	ERS1545387	ERP005928	PRJEB6403	Pantoea agglomerans	NCTC10500	PACBIO_SMRT	PacBio RS	782595228.0	163482.0	WGS	GENOMIC	SINGLE	PacBio RS sequencing
SRR24001245	SRX19804757	SRS17166616	SRP429910	PRJNA909850	human blood metagenome	-	OXFORD_NANOPORE	GridION	637547183.0	114402.0	WGS	GENOMIC	SINGLE	DNA isolation from K. pneumoniae using Roche
SRR28848658	SRX24410329	SRS21165645	SRP504944	PRJNA1106512	Pseudomonas aeruginosa	PA6812	OXFORD_NANOPORE	MinION	4170653666.0	530832.0	WGS	GENOMIC	SINGLE	Whole genome sequencing of Pseudomonas aeruginosa PA6812
ERR15738525	ERX15143632	ERS27094527	ERP182399	PRJEB100972	Mycobacterium tuberculosis	K36T0903	OXFORD_NANOPORE	MinION	440899744.0	88806.0	WGS	GENOMIC	SINGLE	Raw reads: K36T0903
SRR30602159	SRX26024778	SRS22596485	SRP497400	PRJNA1090919	Cnuibacter sp.	UC19_7	OXFORD_NANOPORE	MinION	2425655732.0	559112.0	WGS	GENOMIC	SINGLE	Whole_genome_7
SRR33599986	SRX28829570	SRS25061986	SRP585898	PRJNA1263016	Staphylococcus aureus	LacFitz	OXFORD_NANOPORE	MinION	950012904.0	138077.0	WGS	GENOMIC	SINGLE	WGS long read sequencing of MRSA
SRR30293588	SRX25754273	SRS20438730	SRP447847	PRJNA991976	Xanthomonas hortorum pv. hederae	WHRI 7717B	OXFORD_NANOPORE	PromethION	786867589.0	133491.0	WGS	GENOMIC	SINGLE	ONT genome sequencing of WHRI 7717B
SRR30791257	SRX26192734	SRS22735263	SRP534624	PRJNA1161571	Burkholderia pseudomallei	Bp14	OXFORD_NANOPORE	PromethION	1911759119.0	149863.0	WGS	GENOMIC	SINGLE	Nanopore sequencing of B. pseudomallei
SRR24140104	SRX19938301	SRS17287010	SRP247747	PRJNA604975	Escherichia coli	ox_bsi_630	OXFORD_NANOPORE	GridION	94529373.0	35373.0	WGS	GENOMIC	SINGLE	oxford_bsi
SRR29316561	SRX24833582	SRS21545413	SRP512379	PRJNA1121190	Vibrio cholerae	131Vc07	OXFORD_NANOPORE	PromethION	700038514.0	121218.0	WGS	GENOMIC	SINGLE	WGS of Vcholerae isolates
SRR36035052	SRX31084194	SRS27072670	SRP644837	PRJNA1364846	Staphylococcus hominis	SHOMINIS	OXFORD_NANOPORE	GridION	317675128.0	74806.0	WGS	GENOMIC	SINGLE	Staphylococcus faecalis, DBT kit, 12-plex and 100 ng DNA, replicate 1
SRR23347640	SRX19289393	SRS16690584	SRP421131	PRJNA931653	Escherichia coli K-12	K-12	OXFORD_NANOPORE	GridION	32145179.0	4000.0	WGS	GENOMIC	SINGLE	Nanopore sequencing of Ciprofloxacin challenged E. coli
SRR9900618	SRX6652464	SRS5213971	SRP051949	PRJNA271899	Klebsiella pneumoniae	BIDMC-138	OXFORD_NANOPORE	GridION	1222290318.0	133746.0	WGS	GENOMIC	SINGLE	Sequencing of Carbapenem resistant bacteria
ERR10676248	ERX10144012	ERS14333347	ERP143248	PRJEB58185	Campylobacter jejuni		OXFORD_NANOPORE	MinION	346366720.0	575360.0	WGS	GENOMIC	PAIRED	MinION paired end sequencing
SRR13269185	SRX9699272	SRS7053187	SRP272861	PRJNA646575	Bacteroides fragilis		OXFORD_NANOPORE	GridION	1831025394.0	169766.0	WGS	GENOMIC	SINGLE	WGS  of Bacteroides fragilis group clinical isolates
ERR3654117	ERX3646133	ERS3738003	ERP117244	PRJEB34353	Enterobacter cloacae	460-16	OXFORD_NANOPORE	MinION	954235897.0	134284.0	WGS	GENOMIC	SINGLE	MinION sequencing
ERR581041	ERX539128	ERS426724	ERP001625	PRJEB3164	Salmonella enterica subsp. enterica serovar Typhimurium		PACBIO_SMRT	PacBio RS	434082117.0	163482.0	WGS	GENOMIC	SINGLE	PacBio RS sequencing
SRR19539240	SRX15591283	SRS13202048	SRP377466	PRJNA842739	Klebsiella quasipneumoniae		OXFORD_NANOPORE	MinION	1053885195.0	103876.0	WGS	GENOMIC	SINGLE	Whole genome sequencing of Klebsiella isolate
SRR10344631	SRX7054497	SRS5570433	SRP226371	PRJNA532483	Escherichia coli	Ec_Se736I	PACBIO_SMRT	PacBio RS II	4047120767.0	163482.0	WGS	GENOMIC	SINGLE	Long-read WGS of Escherichia coli strain Ec_Se736I
SRR7508534	SRX4378962	SRS3535352	SRP153035	PRJNA433211	Pseudomonas sp. R1-43-08	R1-43-08	PACBIO_SMRT	PacBio RS II	1662359652.0	163482.0	WGS	GENOMIC	SINGLE	Whole genome sequence of Pseudomonas aridus R1-43-08
SRR12699766	SRX9179233	SRS7416456	SRP285140	PRJNA616029	Vibrio cholerae	CMR/2018/07	OXFORD_NANOPORE	MinION	1753575217.0	181223.0	WGS	GENOMIC	SINGLE	Oxford Nanopore sequencing of Vibrio cholerae
ERR15941457	ERX15337002	ERS27416773	ERP185476	PRJEB104171	Escherichia coli		OXFORD_NANOPORE	MinION	189606530.0	55405.0	WGS	GENOMIC	SINGLE	MinION sequencing
SRR386706	SRX109848	SRS004883	SRP001079	PRJNA40077	Cereibacter sphaeroides 2.4.1	2.4.1	PACBIO_SMRT	PacBio RS	17819492.0	60667.0	WGS	GENOMIC	SINGLE	Whole Genome Sequencing and Assembly
SRR29429466	SRX24942321	SRS21646407	SRP514245	PRJNA1120595	Xanthomonas bundabergensis	DAR 80977	OXFORD_NANOPORE	PromethION	496641758.0	89514.0	WGS	GENOMIC	SINGLE	Oxford Nanopore PromethION reads of X. bundabergensis type strain DAR 80977
ERR10676212	ERX10143976	ERS14333311	ERP143248	PRJEB58185	Campylobacter jejuni		OXFORD_NANOPORE	MinION	238664104.0	396452.0	WGS	GENOMIC	PAIRED	MinION paired end sequencing
SRR12247714	SRX8755453	SRS6976319	SRP266402	PRJNA605147	Escherichia marmotae	RHB35-E2-C08	OXFORD_NANOPORE	GridION	1799064512.0	260385.0	WGS	GENOMIC	SINGLE	Oxford Nanopore sequencing of Escherichia coli isolate RH06|T3-E2C08 cultured from cattle farm sediment sample
ERR12508706	ERX11884754	ERS17744622	ERP153002	PRJEB67987	Mycobacterium tuberculosis		OXFORD_NANOPORE	MinION			WGS	GENOMIC	SINGLE	MinION sequencing
SRR37102302	SRX32048553	SRS27985984	SRP674509	PRJNA1395651	Escherichia coli	GPEC755	PACBIO_SMRT	Sequel II	382339628.0	37188.0	WGS	GENOMIC	SINGLE	WGS of APEC from GA
SRR30934796	SRX26337513	SRS22863377	SRP537571	PRJNA1168290	Paenibacillus sp. TAB_01	TAB_01	OXFORD_NANOPORE	MinION	1421429.0	167.0	WGS	GENOMIC	SINGLE	Paenibacillus sp. TAB 01 from cotton plant tissue
SRR30149278	SRX25617355	SRS21937390	SRP518730	PRJNA1133668	Enterobacter cloacae	ST137ECL3	OXFORD_NANOPORE	MinION	116448481.0	14574.0	WGS	GENOMIC	SINGLE	Nanopore sequencing of clinical CRE isolates: human
SRR15566864	SRX11864985	SRS9877092	SRP333720	PRJNA756981	Clostridioides difficile	H113	OXFORD_NANOPORE	MinION	2162666789.0	6587456.0	WGS	GENOMIC	SINGLE	Whole-genome sequencing of Clostridioides difficile: PCR ribotype 012, Multilocus sequence type 54 isolate of human origin (strain H113)
SRR19882897	SRX15926245	SRS13614586	SRP383968	PRJNA853715	Streptococcus suis	STC85	OXFORD_NANOPORE	MinION	220006685.0	15385.0	WGS	GENOMIC	SINGLE	Oxford Nanopore long read sequencing of Streptococcus suis: Isolate STC85
ERR14686311	ERX14087830	ERS23773450	ERP169826	PRJEB86481	Escherichia coli str. K-12 substr. MG1655	K-12	OXFORD_NANOPORE	MinION	168665631.0	64087.0	WGS	GENOMIC	SINGLE	MinION sequencing
ERR15602696	ERX15005920	ERS26882964	ERP180185	PRJEB97707	Escherichia coli		OXFORD_NANOPORE	MinION	588989931.0	71114.0	WGS	GENOMIC	SINGLE	MinION sequencing
ERR2125611	ERX2182463	ERS1452075	ERP005928	PRJEB6403	Moraxella catarrhalis	NCTC 4103	PACBIO_SMRT	PacBio RS	1168471906.0	163482.0	WGS	GENOMIC	SINGLE	PacBio RS sequencing
SRR31598735	SRX26963751	SRS23433463	SRP549287	PRJNA1185485	Escherichia coli	629	OXFORD_NANOPORE	PromethION	270916119.0	200763.0	WGS	GENOMIC	SINGLE	RMB-NoR-barcode37
ERR15424208	ERX14828152	ERS25261101	ERP176764	PRJEB93885	Escherichia coli		OXFORD_NANOPORE	PromethION	2274319858.0	361493.0	WGS	GENOMIC	SINGLE	Raw reads: run0_pilot_96_ont_AF7
SRR28811881	SRX24375139	SRS21036771	SRP501980	PRJNA894337	Legionella pneumophila	PATHC014	OXFORD_NANOPORE	MinION	391348828.0	191548.0	WGS	GENOMIC	SINGLE	whole genome sequencing of environmental isolates of Legionella
SRR33769064	SRX28991704	SRS22455889	SRP444583	PRJNA962904	Escherichia coli		PACBIO_SMRT	Sequel II	124175637.0	7440.0	WGS	GENOMIC	SINGLE	PacBio sequencing of AH0176HE1 for ARCH 2
SRR19519942	SRX15572365	SRS13275225	SRP378127	PRJNA819273	Mammaliicoccus sciuri	IVB6216	PACBIO_SMRT	Sequel	1053862693.0	122081.0	WGS	GENOMIC	SINGLE	PacBio Sequel sequencing of camel Staphylococcaceae from the Horn of Africa
SRR30734838	SRX26137717	SRS22699466	SRP532514	PRJNA1160826	Staphylococcus haemolyticus		OXFORD_NANOPORE	MinION	1139722895.0	180957.0	WGS	GENOMIC	SINGLE	05A417
DRR572439	DRX555906	DRS426391	DRP012251	PRJDB17574	Escherichia coli	YK-IS1MA-L06-4_G08	OXFORD_NANOPORE	MinION	375605.0	647.0	WGS	GENOMIC	SINGLE	nanopore-seq of SAMD00748208 L06-4_G8
SRR29316633	SRX24833510	SRS21545342	SRP512379	PRJNA1121190	Vibrio cholerae	143Vc05	OXFORD_NANOPORE	PromethION	400095635.0	49952.0	WGS	GENOMIC	SINGLE	WGS of Vcholerae isolates
SRR17837622	SRX13998807	SRS11837196	SRP337975	PRJNA761982	Lactobacillus gasseri	Lg1199	OXFORD_NANOPORE	MinION	1277281373.0	595961.0	WGS	GENOMIC	SINGLE	Genome of Lactobacillus gasseri Lg1199_C173
SRR19349829	SRX15408604	SRS12115347	SRP361569	PRJNA768416	Paenibacillus sp. FSL M8-0334	FSL M8-0334	OXFORD_NANOPORE	MinION	619904380.0	197236.0	WGS	GENOMIC	SINGLE	WGS of Bacilli
SRR17210316	SRX13390194	SRS11290157	SRP350362	PRJNA788148	Citrobacter freundii	B1s	OXFORD_NANOPORE	MinION	1318015.0	224.0	WGS	GENOMIC	SINGLE	B1_r1_adaptive_14h
SRR32653548	SRX27957857	SRS8423415	SRP569638	PRJNA1234602	Listeria monocytogenes	PNUSAL009378	OXFORD_NANOPORE	PromethION	597864412.0	77433.0	WGS	GENOMIC	SINGLE	ONT of clinical Listeria monocytogenes from NY state surveillance
SRR21131531	SRX17143799	SRS14716472	SRP392938	PRJNA672949	Xylella fastidiosa subsp. morus	Riv19	OXFORD_NANOPORE	MinION			WGS	GENOMIC	SINGLE	Oxford Nanopore native genomic DNA of Xylella fastidiosa strain Riv19
ERR10042307	ERX9582275	ERS6425969	ERP109413	PRJEB27342	Klebsiella quasipneumoniae subsp. quasipneumoniae		PACBIO_SMRT	Sequel II	2158013605.0	286643.0	WGS	GENOMIC	SINGLE	Sequel II sequencing
SRR25434757	SRX21168767	SRS18430279	SRP451700	PRJNA998204	Escherichia coli	60726_minion	OXFORD_NANOPORE	MinION	152044810.0	17602.0	WGS	GENOMIC	SINGLE	multidrug resistant Enterobacterales Libya
SRR30949595	SRX26352191	SRS22817450	SRP536567	PRJNA1165464	Escherichia coli	Not applicable	OXFORD_NANOPORE	MinION	91023911.0	8537.0	WGS	GENOMIC	SINGLE	Nanopore sequencing of E.coli: blood isolate
SRR32857418	SRX28139106	SRS24493676	SRP573064	PRJNA1241873	Klebsiella pneumoniae		OXFORD_NANOPORE	GridION	295354472.0	79735.0	WGS	GENOMIC	SINGLE	Whole genome sequencing of Klebsiella pneumoniae
SRR35213068	SRX30316885	SRS4258292	SRP179868	PRJNA501396	Ochrobactrum sp. BH3	BH3	PACBIO_SMRT	Sequel II	705117398.0	56051.0	WGS	GENOMIC	SINGLE	Ochrobactrum sp. BH3
ERR768065	ERX711338	ERS639460	ERP005928	PRJEB6403	Haemophilus parahaemolyticus	NCTC10794	PACBIO_SMRT	PacBio RS	3704885857.0	163482.0	WGS	GENOMIC	SINGLE	PacBio RS sequencing
SRR31540859	SRX26908065	SRS23387524	SRP548173	PRJNA1190675	Escherichia coli	The same strain as the one under SRA accession SRR4787911	OXFORD_NANOPORE	MinION	1452026468.0	203698.0	WGS	GENOMIC	SINGLE	ONT of TAS250
SRR30990804	SRX26379107	SRS22890998	SRP538219	PRJNA1172271	Klebsiella pneumoniae	BGS571	OXFORD_NANOPORE	MinION	517533160.0	93849.0	WGS	GENOMIC	SINGLE	Multi-hospital outbreak of NDM-5 producing Klebsiella pneumoniae ST6260 in Bulgaria
SRR26465472	SRX22169485	SRS19227331	SRP467862	PRJNA1000275	Acinetobacter baumannii	2008C02-166	OXFORD_NANOPORE	MinION	246523542.0	51827.0	WGS	GENOMIC	SINGLE	VP5
SRR25793441	SRX21515668	SRS8481791	SRP457515	PRJNA1010762	Bacillus cereus		OXFORD_NANOPORE	MinION	542875083.0	160285.0	WGS	GENOMIC	SINGLE	whole-genome sequencing of Bacillus cereus
SRR20737056	SRX16757451	SRS14384518	SRP389170	PRJNA856414	Novosphingobium sp. MMS21-SN21R	MMS21-SN21R	PACBIO_SMRT	PacBio RS II	4145000.0	4.0	WGS	GENOMIC	SINGLE	Novosphingobium sp. MMS21-SN21R Genome sequencing and assembly
SRR30944961	SRX26347443	SRS22853341	SRP537443	PRJNA1170947	Serratia marcescens	CAV1492	OXFORD_NANOPORE	MinION	2500004099.0	124723.0	WGS	GENOMIC	SINGLE	Whole Genome Sequencing of CAV3412: Sink-3PS
SRR29161137	SRX24682235	SRS21408151	SRP509551	PRJNA1096641	Bacillus velezensis	PSE31B	OXFORD_NANOPORE	GridION	857555310.0	145971.0	WGS	GENOMIC	SINGLE	Genome assembly of  PSE31B
SRR13448675	SRX9861856	SRS8041966	SRP295672	PRJNA681856	Salmonella enterica	LHICA_E3	OXFORD_NANOPORE	MinION	40222168.0	4000.0	WGS	GENOMIC	SINGLE	WGS of Salmonella Lhica E3_33
SRR36153804	SRX31194329	SRS27177422	SRP648098	PRJNA1368854	Neisseria gonorrhoeae	FFF043 parent	OXFORD_NANOPORE	MinION	195035355.0	31481.0	WGS	GENOMIC	SINGLE	Genome sequencing of Neisseria gonorrhoeae parent strain FFF043
SRR30412585	SRX25838284	SRS22236509	SRP523878	PRJNA1143427	Tardiphaga sp. 20_F10_N6_6	20_F10_N6_6	OXFORD_NANOPORE	PromethION	971768245.0	238987.0	WGS	GENOMIC	SINGLE	Tardiphaga sp. 20_F10_N6_6 nanopore genome sequencing (files compressed once)
SRR24037492	SRX19840048	SRS17198659	SRP430371	PRJNA948666	Paenibacillus larvae	PL018	OXFORD_NANOPORE	GridION	495542943.0	238017.0	WGS	GENOMIC	SINGLE	DNA seq of Paenibacillus larvae
SRR31875210	SRX27234188	SRS23681060	SRP451765	PRJNA998448	Listeria monocytogenes		OXFORD_NANOPORE	MinION	1006662487.0	264373.0	WGS	GENOMIC	SINGLE	WGS of Listeria monocytogenes: mutated WRLP81
DRR197069	DRX187486	DRS178556	DRP004189	PRJDB5929	Escherichia coli	C405	OXFORD_NANOPORE	GridION	2183543646.0	281778.0	WGS	GENOMIC	SINGLE	GridION sequencing of SAMD00137974
ERR2543050	ERX2561392	ERS2016242	ERP005928	PRJEB6403	Flavobacterium resistens		PACBIO_SMRT	PacBio RS	1238456596.0	163482.0	WGS	GENOMIC	SINGLE	PacBio RS sequencing
SRR26643502	SRX22343804	SRS16496087	SRP074197	PRJNA288601	Acinetobacter baumannii	2023CK-00001	OXFORD_NANOPORE	GridION	422639455.0	61987.0	WGS	GENOMIC	SINGLE	Nanopore sequencing of ARLN isolate
SRR35851062	SRX30900192	SRS26900571	SRP636871	PRJNA1334387	Halobacillus sp. ABH2_015	ABH2_015	OXFORD_NANOPORE	GridION	1712789196.0	309267.0	WGS	GENOMIC	SINGLE	WGS of Halobacillus sp. : Marine biofilm
SRR24770828	SRX20545819	SRS17852741	SRP440308	PRJNA975904	Pseudomonas aeruginosa	Pseudomonas aeruginosa R340	OXFORD_NANOPORE	MinION	375880495.0	73806.0	WGS	GENOMIC	SINGLE	Whole genome sequencing of blaVIM positive Pseudomonas strains
SRR16201921	SRX12486280	SRS10449686	SRP339999	PRJNA762937	Aeromonas veronii	SW3814	OXFORD_NANOPORE	MinION	238424604.0	18373.0	WGS	GENOMIC	SINGLE	gDNA of Aeromonas veronii SW3814
SRR27496350	SRX23167507	SRS20117086	SRP483192	PRJNA1063326	Micrococcaceae bacterium Sec7.4	Sec7.4	OXFORD_NANOPORE	MinION	240966205.0	38899.0	WGS	GENOMIC	SINGLE	WGS of isolated Micrococcaceae bacterium from Antarctic sediment
ERR14125635	ERX13528292	ERS22899852	ERP159032	PRJEB74343	Azospirillum brasilense		OXFORD_NANOPORE	PromethION			WGS	GENOMIC	SINGLE	Azospirillum_brasilense
SRR36362113	SRX31391176	SRS27376263	SRP653402	PRJNA1377585	Phocaeicola vulgatus	NCTC 11154	OXFORD_NANOPORE	MinION	478403167.0	219801.0	WGS	GENOMIC	SINGLE	Multiplexed WGS of defined gDNA (Phocaeicola vulgatus): comparison of SFB and PLP protocol, SFB used here
SRR27352566	SRX23029202	SRS19991086	SRP480168	PRJNA1057299	Clostridioides difficile	cd221108_barcode14	OXFORD_NANOPORE	MinION	514543.0	270.0	WGS	GENOMIC	SINGLE	Clostridioides difficile strain cd221108_barcode14
SRR801643	SRX255228	SRS000462	SRP020003	PRJNA194437	Escherichia coli str. K-12 substr. MG1655	K-12	PACBIO_SMRT	PacBio RS	184397918.0	81741.0	WGS	GENOMIC	SINGLE	E. coli K12 MG1655 PacBio RS C2 Sequencing
ERR15665854	ERX15070433	ERS203030	ERP001784	PRJEB3255	Salmonella sp.	M302	OXFORD_NANOPORE	MinION	919906401.0	54245.0	WGS	GENOMIC	SINGLE	MinION sequencing
SRR30058038	SRX25531938	SRS22184882	SRP523423	PRJNA1142578	Streptococcus pneumoniae	13_259	OXFORD_NANOPORE	PromethION	26931506.0	16088.0	WGS	GENOMIC	SINGLE	Cas9
ERR1681919	ERX1751536	ERS904727	ERP005928	PRJEB6403	Streptococcus anginosus	NCTC11062	PACBIO_SMRT	PacBio RS	2842468542.0	163482.0	WGS	GENOMIC	SINGLE	PacBio RS sequencing
SRR23032943	SRX18987633	SRS16376983	SRP413032	PRJNA906522	Pseudomonas aeruginosa	Paer17	OXFORD_NANOPORE	MinION	400773376.0	95980.0	WGS	GENOMIC	SINGLE	Long read sequencing of Pseudomonas aeruginosa Paer17
SRR31599409	SRX26964273	SRS23433985	SRP549287	PRJNA1185485	Escherichia coli	971	OXFORD_NANOPORE	PromethION	383832443.0	90042.0	WGS	GENOMIC	SINGLE	wwtp-9n14-barcode39
SRR26465445	SRX22169512	SRS19227362	SRP467862	PRJNA1000275	Klebsiella pneumoniae	2004N07-219	OXFORD_NANOPORE	MinION	716027414.0	100195.0	WGS	GENOMIC	SINGLE	VP68
SRR12247635	SRX8755532	SRS6976400	SRP266402	PRJNA605147	Escherichia coli		OXFORD_NANOPORE	GridION	590536206.0	116127.0	WGS	GENOMIC	SINGLE	Oxford Nanopore sequencing of Escherichia coli isolate RH20|T1-C18 cultured from poultry farm faeces sample
SRR33160181	SRX28421134	SRS24744033	SRP568450	PRJNA1228643	Paenibacillus sp. S-38	S-38	OXFORD_NANOPORE	MinION	712911184.0	69541.0	WGS	GENOMIC	SINGLE	WGS of Paenibacillus S-38
SRR10519634	SRX7204479	SRS5709271	SRP231798	PRJNA329700	Clostridium beijerinckii	DJ123	PACBIO_SMRT	PacBio RS II	942336090.0	409973.0	WGS	GENOMIC	SINGLE	Clostridium beijerinckii 123
SRR31540950	SRX26907974	SRS23387433	SRP548173	PRJNA1190675	Escherichia coli	The same strain as the one under SRA accession SRR7358274	OXFORD_NANOPORE	MinION	1697265481.0	349547.0	WGS	GENOMIC	SINGLE	ONT of TAS166
SRR15827982	SRX12119815	SRS10099898	SRP336307	PRJNA761884	Escherichia coli	X_35	PACBIO_SMRT	PacBio RS II	1050778424.0	137001.0	WGS	GENOMIC	SINGLE	WGS of Escherichia coli: sample C296
SRR5853110	SRX3022454	SRS1832405	SRP094480	PRJNA279196	Bordetella pertussis	I088	PACBIO_SMRT	PacBio RS II	988269289.0	163482.0	WGS	GENOMIC	SINGLE	
SRR36068093	SRX31114265	SRS27072668	SRP644837	PRJNA1364846	Campylobacter coli	GPT20-006	OXFORD_NANOPORE	GridION	7226390.0	2605.0	WGS	GENOMIC	SINGLE	Campylobacter coli, DBT kit, 24-plex and 200 ng DNA, replicate 2
SRR14555469	SRX10898842	SRS8991217	SRP319962	PRJNA556861	Escherichia coli	UTI89	OXFORD_NANOPORE	GridION	2440757181.0	747358.0	WGS	GENOMIC	SINGLE	E. coli genome sequencing and assembly
SRR18191537	SRX14338213	SRS12152221	SRP362168	PRJNA808207	Escherichia coli	2011-O26	OXFORD_NANOPORE	MinION	983727914.0	161245.0	WGS	GENOMIC	SINGLE	MinION whole genome sequencing of STEC from ruminants
SRR16025793	SRX12312654	SRS10285980	SRP338385	PRJNA675710	Salmonella enterica subsp. enterica serovar Worthington	BCH-7250	OXFORD_NANOPORE	MinION	494468147.0	58950.0	WGS	GENOMIC	SINGLE	WGS ofsalmonella worthington from India
SRR15070057	SRX11380124	SRS9425105	SRP040661	PRJNA231221	Acinetobacter lwoffii	FDAARGOS 1393	PACBIO_SMRT	Sequel II	12545154548.0	1442499.0	WGS	GENOMIC	SINGLE	
SRR12299094	SRX8802119	SRS6792252	SRP266402	PRJNA605147	Escherichia coli	RHB09-C16	PACBIO_SMRT	PacBio RS II	1296518330.0	162256.0	WGS	GENOMIC	SINGLE	PACBIO_SMRT sequencing of Escherichia coli isolate RH08|T1-C16 cultured from Cattle faeces sample
SRR32610405	SRX27915779	SRS24273884	SRP568450	PRJNA1228643	Variovorax sp. R-27	R-27	OXFORD_NANOPORE	GridION	545814490.0	55977.0	WGS	GENOMIC	SINGLE	ONT WGS of Variovorax R-27
DRR572446	DRX555913	DRS426393	DRP012251	PRJDB17574	Escherichia coli	YK-IS1MA-L07-2_G08	OXFORD_NANOPORE	MinION	26849310.0	2179.0	WGS	GENOMIC	SINGLE	nanopore-seq of SAMD00748210 L07-2_G8
SRR33968419	SRX29167177	SRS25367675	SRP591870	PRJNA1276484	Mycobacteroides abscessus		OXFORD_NANOPORE	MinION	2061814742.0	313923.0	WGS	GENOMIC	SINGLE	CW26175
ERR2797064	ERX2806083	ERS2735126	ERP110894	PRJEB28660	Klebsiella pneumoniae		OXFORD_NANOPORE	MinION	380341519.0	65775.0	WGS	GENOMIC	SINGLE	MinION sequencing
SRR30949683	SRX26352103	SRS22817109	SRP536567	PRJNA1165464	Escherichia coli	Not applicable	OXFORD_NANOPORE	MinION	194498894.0	33212.0	WGS	GENOMIC	SINGLE	Nanopore sequencing of E.coli: blood isolate
SRR12343950	SRX8843615	SRS7106666	SRP274107	PRJNA626345	Staphylococcus aureus	NAS_OP_131	OXFORD_NANOPORE	MinION	160001200.0	13182.0	WGS	GENOMIC	SINGLE	WGS Staphylococcus aureus among Native Americans in the  southwest US
ERR15289553	ERX14695387	ERS25258643	ERP160926	PRJEB76400	Moraxella cuniculi		OXFORD_NANOPORE	MinION	76040648.0	17780.0	WGS	GENOMIC	SINGLE	MinION sequencing
SRR5938055	SRX3097960	SRS2434387	SRP115560	PRJNA396106	Klebsiella pneumoniae	ST307PT04	PACBIO_SMRT	PacBio RS II	4163566679.0	163482.0	WGS	GENOMIC	SINGLE	WGS of KPC-producing Klebsiella pneumonia ST307PT04
SRR20281131	SRX16314688	SRS13953391	SRP386850	PRJNA859696	Neisseria	3/SID/1128, Type strain	OXFORD_NANOPORE	MinION	1032499213.0	102008.0	WGS	GENOMIC	SINGLE	WGS of Neisseria
SRR6262534	SRX3368764	SRS2666346	SRP124381	PRJNA413640	Photobacterium leiognathi	JS01	OXFORD_NANOPORE	MinION	451568751.0	45067.0	WGS	GENOMIC	SINGLE	JS01
SRR11854506	SRX8404614	SRS333861	SRP013143	PRJNA73457	Francisella noatunensis subsp. noatunensis FSC774	FSC774	OXFORD_NANOPORE	MinION	340035997.0	86235.0	WGS	GENOMIC	SINGLE	Nanopore sequences for Francisella noatunensis subsp. noatunensis FSC774
ERR701174	ERX645437	ERS184257	ERP007023	PRJEB7314	Escherichia coli		OXFORD_NANOPORE	MinION	151587132.0	30421.0	WGS	GENOMIC	SINGLE	MinION sequencing
SRR31024128	SRX26411435	SRS22931391	SRP539092	PRJNA1174068	Vibrio cholerae	mHDM VC52	OXFORD_NANOPORE	PromethION	138908845.0	85469.0	WGS	GENOMIC	SINGLE	WGS of Vcholerae isolates
SRR27180014	SRX22860462	SRS19835777	SRP477403	PRJNA1049513	Vibrio sp. PBL-C16	PBL-C16	OXFORD_NANOPORE	MinION	19476.0	9.0	WGS	GENOMIC	SINGLE	Vibrio sp. PBL-C16 Genome sequencing and assembly
ERR1766261	ERX1831830	ERS1247845	ERP005928	PRJEB6403	Vibrio campbellii	NCTC11317	PACBIO_SMRT	PacBio RS	806125093.0	163482.0	WGS	GENOMIC	SINGLE	PacBio RS sequencing
SRR13328078	SRX9755134	SRS7944844	SRP299781	PRJNA684363	Bacillus sp. TH58	TH58	OXFORD_NANOPORE	MinION	1047538366.0	611890.0	WGS	GENOMIC	SINGLE	WGS of Bacillus sp. : bacterial isolate
ERR5984430	ERX5624153	ERS6796400	ERP129449	PRJEB45354	Escherichia coli		OXFORD_NANOPORE	GridION	181868300.0	41003.0	WGS	GENOMIC	SINGLE	GridION sequencing; Raw reads: ONT_30224_1#333
SRR31626410	SRX26990726	SRS23456898	SRP549657	PRJNA1194632	Anaerococcus sp. AH8042_DFU013_CI05	AH8042_DFU013_CI05	OXFORD_NANOPORE	GridION	291041538.0	63268.0	WGS	GENOMIC	SINGLE	genome sequence of anaerococcus: diabetes-related foot ulcer
SRR23532331	SRX19424773	SRS16818799	SRP423167	PRJNA935284	Shigella boydii	NCDC 266-59	PACBIO_SMRT	Sequel	519381951.0	97280.0	WGS	GENOMIC	SINGLE	Sequencing of Shigella boydii 12 strain  NCDC 266-59
SRR12298697	SRX8801880	SRS6792188	SRP266402	PRJNA605147	Enterobacter roggenkampii	RHBSTW-00630	OXFORD_NANOPORE	GridION	667176679.0	109820.0	WGS	GENOMIC	SINGLE	OXFORD_NANOPORE sequencing of Enterobacter cloacae isolate WTP3|T2-00630 cultured from WTP influent sample
SRR31024296	SRX26411267	SRS22931222	SRP539092	PRJNA1174068	Vibrio cholerae	mHDM VC111	OXFORD_NANOPORE	PromethION	126176565.0	54238.0	WGS	GENOMIC	SINGLE	WGS of Vcholerae isolates
SRR24807277	SRX20579468	SRS17881457	SRP338930	PRJNA766641	Mycobacterium tuberculosis	IDR 2100073389	OXFORD_NANOPORE	MinION	30352506.0	19025.0	WGS	GENOMIC	SINGLE	MinION sequencing of TB isolates
SRR17873545	SRX14032923	SRS11868080	SRP358106	PRJNA800461	Ruminococcus sp. OA3	OA3	PACBIO_SMRT	Sequel	2532295764.0	416440.0	WGS	GENOMIC	SINGLE	DNA Seq of Ruminococcus sp. OA3
ERR3986898	ERX3988925	ERS4380832	ERP120516	PRJEB37212	Proteus mirabilis		OXFORD_NANOPORE	MinION	209076398.0	120293.0	WGS	GENOMIC	SINGLE	MinION sequencing; Oxfordshire gram negative bacteraemias
ERR14294007	ERX13695105	ERS23132441	ERP168932	PRJEB85558	Sphaerobacter thermophilus DSM 20745		OXFORD_NANOPORE	PromethION	738904793.0	49517.0	WGS	GENOMIC	SINGLE	PromethION sequencing
SRR35213362	SRX30317108	SRS26364043	SRP615992	PRJNA1301220	Acinetobacter baumannii	ABO22-H031	OXFORD_NANOPORE	MinION	434769083.0	48786.0	WGS	GENOMIC	SINGLE	Whole geneme sequencing of Acinetobacter baumannii: isolates of the Ab-One study
DRR540071	DRX523884	DRS371393	DRP011350	PRJDB17430	Escherichia coli	N254	OXFORD_NANOPORE	MinION	76815615.0	18739.0	WGS	GENOMIC	SINGLE	MinION sequencing of SAMD00735538
SRR27972688	SRX23625765	SRS20466031	SRP489819	PRJNA1076692	Escherichia coli	RIVM_C055176_dorado	OXFORD_NANOPORE	MinION	326181748.0	67353.0	WGS	GENOMIC	SINGLE	RIVM_C055176_dorado
DRR540074	DRX523887	DRS371362	DRP011350	PRJDB17430	Escherichia coli	23-165	OXFORD_NANOPORE	MinION	51404772.0	13597.0	WGS	GENOMIC	SINGLE	MinION sequencing of SAMD00754406
ERR3685784	ERX3675388	ERS4047585	ERP114207	PRJEB31632	bacterium		OXFORD_NANOPORE	GridION	657155958.0	98407.0	WGS	GENOMIC	SINGLE	GridION sequencing
SRR18729585	SRX14829782	SRS12585771	SRP369762	PRJNA825705	Klebsiella pneumoniae	ST-14	OXFORD_NANOPORE	MinION	1092503486.0	130117.0	WGS	GENOMIC	SINGLE	ONT sequencing of Klebsiella pneumoniae: sample CRE645KLPN
SRR13269095	SRX9699362	SRS7895476	SRP272861	PRJNA646575	Bacteroides ovatus		OXFORD_NANOPORE	GridION	541422996.0	90975.0	WGS	GENOMIC	SINGLE	WGS  of Bacteroides fragilis group clinical isolates
ERR1681946	ERX1751563	ERS1211755	ERP005928	PRJEB6403	Bordetella hinzii	NCTC13200	PACBIO_SMRT	PacBio RS	1106056800.0	163482.0	WGS	GENOMIC	SINGLE	PacBio RS sequencing
SRR34967399	SRX30086838	SRS26152970	SRP608514	PRJNA1305037	Klebsiella aerogenes	MI_KPC_265	OXFORD_NANOPORE	PromethION	500000758.0	48750.0	WGS	GENOMIC	SINGLE	KPC CRE collection from state of Michigan
SRR3747287	SRX1901156	SRS1543946	SRP078009	PRJNA195712	Arthrobacter sp. 31Y	31Y	PACBIO_SMRT	PacBio RS	95753496.0	45204.0	WGS	GENOMIC	SINGLE	Arthrobacter sp. 31Y
SRR15989695	SRX12278236	SRS9998928	SRP357537	PRJNA801416	Klebsiella pneumoniae	E732	OXFORD_NANOPORE	GridION	956983265.0	137137.0	WGS	GENOMIC	SINGLE	Whole Genome Sequencing of Carbapenemase-producing Enterobacterales (CPE)
SRR24510234	SRX20294731	SRS17620874	SRP437119	PRJNA957401	Microbacterium sp. SORGH_AS_0505	SORGH_AS_0505	PACBIO_SMRT	Sequel IIe	411394836.0	50532.0	WGS	GENOMIC	SINGLE	Microbacterium sp. SORGH_AS 505
SRR24887465	SRX20650023	SRS17947914	SRP442258	PRJNA708462	Streptomyces sp. DSM 42143	DSM 42143	PACBIO_SMRT	Sequel II	1621771012.0	381065.0	WGS	GENOMIC	SINGLE	Streptomyces sp. DSM 42143
ERR4586326	ERX4520182	ERS5060038	ERP123927	PRJEB40306	Serratia marcescens subsp. marcescens ATCC 13880	ATCC 13880	PACBIO_SMRT	PacBio RS II	1094422286.0	163482.0	WGS	GENOMIC	SINGLE	PacBio RS II sequencing; PacBio SMRT sequencing; Evolution of the bacterium Serratia marcescens under several experimental temperature treatments
SRR19165826	SRX15231936	SRS12965158	SRP374671	PRJNA836696	Klebsiella oxytoca	ST34	OXFORD_NANOPORE	GridION	1011206463.0	117137.0	WGS	GENOMIC	SINGLE	ONT long-read sequencing of carbapenem non-susceptible Enterobacterales
SRR31779807	SRX27141259	SRS23512783	SRP540652	PRJNA1173757	Candidatus Pelagibacter bacterium nBUS_48	nBUS_48	OXFORD_NANOPORE	MinION	113963737.0	41444.0	WGS	GENOMIC	SINGLE	ONT whole genome sequencing of Arenicellales sp. nBUS_48
SRR386709	SRX109842	SRS004883	SRP001079	PRJNA40077	Cereibacter sphaeroides 2.4.1	2.4.1	PACBIO_SMRT	PacBio RS	23907339.0	60667.0	WGS	GENOMIC	SINGLE	Whole Genome Sequencing and Assembly
SRR29398348	SRX24912142	SRS21618165	SRP513745	PRJNA1123652	Caldicellulosiruptor bescii	MACB1034	OXFORD_NANOPORE	MinION	524000366.0	224635.0	WGS	GENOMIC	SINGLE	WGS of Caldicellulosiruptor bescii MACB1034
SRR35212947	SRX30316764	SRS26363762	SRP615924	PRJNA708371	Bradyrhizobium sp. USDA 4541	USDA 4541	PACBIO_SMRT	Sequel II	202811199.0	18896.0	WGS	GENOMIC	SINGLE	Bradyrhizobium sp. USDA 4541
SRR18729570	SRX14829797	SRS12585786	SRP369762	PRJNA825705	Klebsiella pneumoniae	ST-23	OXFORD_NANOPORE	MinION	620669809.0	70043.0	WGS	GENOMIC	SINGLE	ONT sequencing of Klebsiella pneumoniae: sample 1SUS
SRR8081665	SRX4908799	SRS3954824	SRP166201	PRJNA472644	Escherichia coli	C600	PACBIO_SMRT	PacBio RS II	875598346.0	163482.0	WGS	GENOMIC	SINGLE	PacBio sequencing of E. coli strain C600
SRR932060	SRX320106	SRS456501	SRP022914	PRJNA203445	Listeria monocytogenes	R2-502	PACBIO_SMRT	PacBio RS	178657850.0	81741.0	WGS	GENOMIC	SINGLE	Listeria monocytogenes Strain R2-502
ERR11147678	ERX10595063	ERS14832579	ERP145920	PRJEB60854	Escherichia coli		OXFORD_NANOPORE	MinION	730621580.0	131845.0	WGS	GENOMIC	SINGLE	MinION sequencing
SRR29665171	SRX25168865	SRS21858955	SRP517275	PRJNA1130483	Erwinia amylovora	SDS1_ONT	OXFORD_NANOPORE	MinION	160818880.0	58692.0	WGS	GENOMIC	SINGLE	Whole genome long read sequencing of  Erwinia amylovora
SRR35628918	SRX30685116	SRS26704532	SRP627750	PRJNA1333901	Kluyvera intermedia	KH_055_3	OXFORD_NANOPORE	MinION	257747807.0	30680.0	WGS	GENOMIC	SINGLE	Oxford Nanopore sequences of cultivable bacteria collected in an iron ore mine and a crystal cave
SRR5182020	SRX2498128	SRS1924981	SRP096895	PRJNA353873	Mycobacterium tuberculosis		PACBIO_SMRT	PacBio RS	227867099.0	163482.0	WGS	GENOMIC	SINGLE	DNA of Mtb
SRR7508552	SRX4378944	SRS3535334	SRP153035	PRJNA433211	Pseudomonas orientalis	L1-3-08	PACBIO_SMRT	PacBio RS II	2095474525.0	163482.0	WGS	GENOMIC	SINGLE	Whole genome sequence of Pseudomonas orientalis L1-3-08
SRR32076376	SRX27424804	SRS23852947	SRP559005	PRJNA1191226	Enterococcus faecium	C2	OXFORD_NANOPORE	MinION	1169964212.0	227914.0	WGS	GENOMIC	SINGLE	Enterococcus faecium C2
SRR26413055	SRX22118456	SRS16091249	SRP412517	PRJNA910977	Klebsiella pneumoniae	P0031	PACBIO_SMRT	Sequel II	709051650.0	61263.0	WGS	GENOMIC	SINGLE	WGS of K. pneumoniae
SRR13380309	SRX9803261	SRS7987545	SRP300808	PRJNA649533	Salmonella enterica		OXFORD_NANOPORE	GridION	759290218.0	148179.0	WGS	GENOMIC	SINGLE	ISF salmonella
SRR15989278	SRX12277589	SRS9999023	SRP357534	PRJNA801415	Klebsiella pneumoniae	14	OXFORD_NANOPORE	GridION	586130281.0	55669.0	WGS	GENOMIC	SINGLE	Whole Genome Sequencing of Carbapenemase-producing Enterobacterales (CPE)
SRR8466283	SRX5272860	SRS4273184	SRP180861	PRJNA501179	Streptomyces sp. PanSC19	PanSC19	PACBIO_SMRT	PacBio RS II	438456472.0	251687.0	WGS	GENOMIC	SINGLE	Streptomyces sp. PanSC19
SRR31598715	SRX26963771	SRS23433483	SRP549287	PRJNA1185485	Escherichia coli	755	OXFORD_NANOPORE	PromethION	551987096.0	104000.0	WGS	GENOMIC	SINGLE	W3R-barcode85
SRR10503956	SRX7192896	SRS5698903	SRP230827	PRJNA347140	Microbacterium invictum	DSM 19600	PACBIO_SMRT	Sequel	1434096541.0	480642.0	WGS	GENOMIC	SINGLE	Microbacterium invictum DSM 19600
SRR1087904	SRX414457	SRS416707	SRP021602	PRJNA88839	Enterococcus malodoratus ATCC 43197	ATCC 43197	PACBIO_SMRT	PacBio RS	107662183.0	81741.0	WGS	GENOMIC	SINGLE	Pacbio whole genome shotgun sequencing of genomic DNA library 'PACBIO-297' containing sample 'ATCC43197' from individual 'Enterococcus malodoratus ATCC43197'
SRR13575401	SRX9973633	SRS8145954	SRP303741	PRJNA695586	Streptococcus pyogenes	M4C20	OXFORD_NANOPORE	MinION	3004556.0	4000.0	WGS	GENOMIC	SINGLE	Whole genome sequence of Streptococcus pyogenes strain M4C20
SRR31598674	SRX26963811	SRS23433522	SRP549287	PRJNA1185485	Escherichia coli	87	OXFORD_NANOPORE	PromethION	952870900.0	188334.0	WGS	GENOMIC	SINGLE	ABCD-barcode40
SRR353464	SRX101295	SRS259598	SRP008034	PRJNA68215	Escherichia coli O104:H4 str. 11-3677	11-3677	PACBIO_SMRT	PacBio RS	40226998.0	81741.0	WGS	GENOMIC	SINGLE	Genome Sequencing and Assembly of E. coli O104:H4 strains
SRR12298860	SRX8801717	SRS6792010	SRP266402	PRJNA605147	Escherichia coli	RHB24-C04	OXFORD_NANOPORE	GridION	1658116746.0	268554.0	WGS	GENOMIC	SINGLE	OXFORD_NANOPORE sequencing of Escherichia coli isolate RH15|T2-C04 cultured from Sheep faeces sample
ERR15991622	ERX15386728	ERS28170808	ERP184281	PRJEB102899	Pseudomonas aeruginosa		OXFORD_NANOPORE	GridION	186081692.0	42587.0	WGS	GENOMIC	SINGLE	GridION sequencing
SRR35985170	SRX31034460	SRS27024414	SRP643466	PRJNA1339985	Bradyrhizobium barranii subsp. barranii	USDA 437	PACBIO_SMRT	Sequel IIe	1141769715.0	146710.0	WGS	GENOMIC	SINGLE	Bradyrhizobium japonicum USDA 437
ERR15941417	ERX15336962	ERS27416733	ERP185476	PRJEB104171	Escherichia coli		OXFORD_NANOPORE	MinION	173601889.0	52287.0	WGS	GENOMIC	SINGLE	MinION sequencing
SRR388533	SRX110931	SRS000865	SRP000263	PRJNA32795	Neisseria gonorrhoeae MS11	MS11	PACBIO_SMRT	PacBio RS	31805278.0	81741.0	WGS	GENOMIC	SINGLE	Whole Genome Sequencing and Assembly
SRR30990808	SRX26379103	SRS22890989	SRP538219	PRJNA1172271	Klebsiella pneumoniae	BGI264	OXFORD_NANOPORE	MinION	330896710.0	48526.0	WGS	GENOMIC	SINGLE	Multi-hospital outbreak of NDM-5 producing Klebsiella pneumoniae ST6260 in Bulgaria
SRR19843275	SRX15887113	SRS12115089	SRP361569	PRJNA768416	Paenibacillus sp. FSL E2-0177		OXFORD_NANOPORE	MinION	217469654.0	36002.0	WGS	GENOMIC	SINGLE	WGS of Bacilli
SRR22784575	SRX18744303	SRS16179606	SRP413484	PRJNA912639	Escherichia coli	EC_9226_3S1_D_CuP_CeP	OXFORD_NANOPORE	MinION	571199911.0	64687.0	WGS	GENOMIC	SINGLE	WGS of Escherichia coli
SRR14108813	SRX10479569	SRS8608003	SRP312756	PRJNA689092	Xanthomonas campestris pv. campestris	CFBP6943	PACBIO_SMRT	Sequel II	4051640878.0	487957.0	WGS	GENOMIC	SINGLE	Xc isolated from weeds and crops
SRR26413123	SRX22118389	SRS16091082	SRP412517	PRJNA910977	Escherichia coli	P0101	PACBIO_SMRT	Sequel II	598676461.0	51517.0	WGS	GENOMIC	SINGLE	WGS of E. coli
SRR26316632	SRX22024883	SRS1594156	SRP058582	PRJNA203400	Escherichia coli	MOD1-EC5556	OXFORD_NANOPORE	GridION	116019083.0	14774.0	WGS	GENOMIC	SINGLE	Identification of Thirty-two New O antigen Gene Clusters in Escherichia coli
SRR9722629	SRX6480139	SRS5130245	SRP215816	PRJNA470993	Staphylococcus aureus	ER02603.3	PACBIO_SMRT	PacBio RS II	1236284001.0	176878.0	WGS	GENOMIC	SINGLE	WGS of Staphylococcus aureus
SRR35556828	SRX30631232	SRS19727710	SRP150360	PRJNA475751	Escherichia coli	EC01308	OXFORD_NANOPORE	MinION	1388205894.0	188265.0	WGS	GENOMIC	SINGLE	WGS Sequencing of Escherichia coli
SRR33768770	SRX28991308	SRS22455653	SRP444583	PRJNA962904	Enterobacter hormaechei		PACBIO_SMRT	Sequel II	226069781.0	10394.0	WGS	GENOMIC	SINGLE	PacBio sequencing of AH0864HE1 for ARCH 2
SRR3820564	SRX1922123	SRS1551590	SRP078181	PRJNA217203	Leeuwenhoekiella sp. MAR_2009_132	MAR_2009_132	PACBIO_SMRT	PacBio RS	541989072.0	555891.0	WGS	GENOMIC	SINGLE	Leeuwenhoekiella sp. MAR_2009_132
SRR35213222	SRX30317136	SRS26364071	SRP615992	PRJNA1301220	Acinetobacter baumannii	ABO22-H088	OXFORD_NANOPORE	MinION	431742246.0	69528.0	WGS	GENOMIC	SINGLE	Whole geneme sequencing of Acinetobacter baumannii: isolates of the Ab-One study
SRR12412659	SRX8908825	SRS7166242	SRP276659	PRJNA601875	Burkholderia multivorans	P1Bm2013	OXFORD_NANOPORE	MinION	377735672.0	61013.0	WGS	GENOMIC	SINGLE	Hybrid sequencing of B. multivorans ST-742
ERR12049814	ERX11432992	ERS16377507	ERP149821	PRJEB64629	Halomonas sp.		OXFORD_NANOPORE	PromethION	2729505812.0	412483.0	WGS	GENOMIC	SINGLE	Halomonas sp._oxford_nanopore_ONT
DRR331677	DRX320676	DRS228081	DRP008181	PRJDB12509	Lactococcus cremoris	7-1	PACBIO_SMRT	PacBio RS II	1186010436.0	354910.0	WGS	GENOMIC	SINGLE	PacBio RS II sequencing of SAMD00413988
SRR32972642	SRX28245914	SRS24593576	SRP576427	PRJNA1190511	Yersinia pestis	660094	PACBIO_SMRT	Sequel	768706193.0	58953.0	WGS	GENOMIC	SINGLE	WGS of Yersinia pestis: cultured strain 660094
SRR8739639	SRX5532439	SRS4498662	SRP051949	PRJNA271899	Klebsiella pneumoniae	OC-CRE-9116	OXFORD_NANOPORE	GridION	2111413205.0	269557.0	WGS	GENOMIC	SINGLE	Sequencing of Carbapenem resistant bacteria
SRR19612274	SRX15663078	SRS13361486	SRP379467	PRJNA833940	Enterococcus faecium	AT47b	OXFORD_NANOPORE	MinION	260137921.0	19669.0	WGS	GENOMIC	SINGLE	Long read sequencing of Enterococcus faecium AT47b
ERR16064403	ERX15454585	ERS28397538	ERP173262	PRJEB90249	Acinetobacter baumannii		OXFORD_NANOPORE	GridION	654057924.0	253045.0	WGS	GENOMIC	SINGLE	GridION sequencing
SRR15827972	SRX12119825	SRS10099907	SRP336307	PRJNA761884	Klebsiella pneumoniae	X_44	PACBIO_SMRT	PacBio RS II	1398755440.0	160435.0	WGS	GENOMIC	SINGLE	WGS of Klebsiella pneumoniae: sample C459
SRR30331366	SRX25791563	SRS22422992	SRP527849	PRJNA1150551	Klebsiella pneumoniae	UHD-2018	OXFORD_NANOPORE	MinION	1124651940.0	72106.0	WGS	GENOMIC	SINGLE	WGS of Klebsiella pneumoniae strain UHD-2018
ERR13354944	ERX12725876	ERS20228290	ERP160933	PRJEB76407	Mediterraneibacter gnavus		PACBIO_SMRT	Sequel IIe	514966178.0	46662.0	WGS	GENOMIC	SINGLE	Sequel IIe sequencing
SRR16525610	SRX12728389	SRS10336908	SRP357534	PRJNA801415	Escherichia coli	95	OXFORD_NANOPORE	GridION	1339927781.0	341179.0	WGS	GENOMIC	SINGLE	Extensive diversification and dissemination of blaNDM carbapenemase plasmids in Enterobacterales in Singapore 2010-2015
SRR6156257	SRX3268086	SRS2580248	SRP119716	PRJNA413700	Listeria monocytogenes	ScottA	PACBIO_SMRT	PacBio RS II	1435873300.0	163482.0	WGS	GENOMIC	SINGLE	Listeria monocytogenes ScottA, PacBio SMRTcell1
SRR14628290	SRX10968883	SRS8660133	SRP321015	PRJNA731114	Pseudomonas aeruginosa	PaLo20	OXFORD_NANOPORE	MinION	257737294.0	38426.0	WGS	GENOMIC	SINGLE	Nanopore sequencing of Pseudomonas aeruginosa isolates
SRR15361537	SRX11664010	SRS9696741	SRP331378	PRJNA752621	Amycolatopsis lurida	GB15-009	OXFORD_NANOPORE	MinION	116109426.0	7157.0	WGS	GENOMIC	SINGLE	GB15-009
SRR28445698	SRX24049203	SRS20840578	SRP497734	PRJNA1077798	Alteromonas gracilis	J4	OXFORD_NANOPORE	MinION	2998258.0	1000.0	WGS	GENOMIC	SINGLE	Alteromonas gracilis strain J4, whole genome Nanopore Sequencing
SRR2822474	SRX1385441	SRS1135217	SRP040661	PRJNA231221	Escherichia fergusonii	FDAARGOS_170	PACBIO_SMRT	PacBio RS	1454325630.0	163482.0	WGS	GENOMIC	SINGLE	
SRR386059	SRX109950	SRS010315	SRP001878	PRJNA40009	Bacteroides eggerthii 1_2_48FAA	1_2_48FAA	PACBIO_SMRT	PacBio RS	74172772.0	81741.0	WGS	GENOMIC	SINGLE	Whole Genome Sequencing and Assembly
SRR34967189	SRX30086376	SRS26152670	SRP608514	PRJNA1305037	Enterobacter hormaechei	MI_KPC_368	OXFORD_NANOPORE	PromethION	500006916.0	46772.0	WGS	GENOMIC	SINGLE	KPC CRE collection from state of Michigan
SRR31555784	SRX26921939	SRS23398995	SRP548427	PRJNA1192303	Shigella flexneri	2a	OXFORD_NANOPORE	GridION	325077341.0	136382.0	WGS	GENOMIC	SINGLE	WGS of Shigella sonnei 2021/2022
SRR11248585	SRX7858993	SRS6249073	SRP094849	PRJNA339843	Enterobacter hormaechei subsp. hoffmannii	Eh1	OXFORD_NANOPORE	MinION	3840232388.0	599011.0	WGS	GENOMIC	SINGLE	Enterobacter Eh1 Minion
SRR18120112	SRX14270532	SRS12089438	SRP361239	PRJNA779677	Enterobacter sp. AN-K1	AN-K1	PACBIO_SMRT	Sequel	2940669938.0	691275.0	WGS	GENOMIC	SINGLE	WGS of Enterobacter sp. AN-K1
SRR30949763	SRX26352325	SRS22817029	SRP536567	PRJNA1165464	Escherichia coli	Not applicable	OXFORD_NANOPORE	MinION	459834551.0	152253.0	WGS	GENOMIC	SINGLE	Nanopore sequencing of E.coli: blood isolate
ERR10499250	ERX10016536	ERS14256012	ERP142629	PRJEB57633	Escherichia coli		OXFORD_NANOPORE	GridION	1169891.0	219.0	WGS	GENOMIC	SINGLE	Raw reads: ONT_30859_5#74
SRR12298674	SRX8801903	SRS6792644	SRP266402	PRJNA605147	Escherichia coli	RHBSTW-00730	OXFORD_NANOPORE	GridION	142515101.0	45001.0	WGS	GENOMIC	SINGLE	OXFORD_NANOPORE sequencing of Escherichia coli isolate WTP4|T3-00730 cultured from WTP downstream sample
ERR15516462	ERX14920308	ERS26654058	ERP165332	PRJEB81499	Escherichia coli		OXFORD_NANOPORE	GridION	300553339.0	109217.0	WGS	GENOMIC	SINGLE	GridION sequencing
ERR3685720	ERX3675324	ERS4047521	ERP114207	PRJEB31632	bacterium		OXFORD_NANOPORE	GridION	244702378.0	27066.0	WGS	GENOMIC	SINGLE	GridION sequencing
SRR30342771	SRX25801378	SRS22432854	SRP528120	PRJNA1150149	Pseudomonas aeruginosa	ST641	OXFORD_NANOPORE	MinION	133508355.0	26298.0	WGS	GENOMIC	SINGLE	ONT long-read sequencing of potential healthcare transmission pathogens
ERR2532401	ERX2550822	ERS2419132	ERP005928	PRJEB6403	Enterococcus faecalis	NCTC5957	PACBIO_SMRT	PacBio RS	2528699285.0	163482.0	WGS	GENOMIC	SINGLE	PacBio RS sequencing
SRR35213365	SRX30316993	SRS26363928	SRP615992	PRJNA1301220	Acinetobacter baumannii	ABO22-E131	OXFORD_NANOPORE	MinION	116442822.0	26787.0	WGS	GENOMIC	SINGLE	Whole geneme sequencing of Acinetobacter baumannii: isolates of the Ab-One study
SRR34965712	SRX30085282	SRS26151632	SRP608494	PRJNA1304997	Mycobacterium tuberculosis	UTB-24	PACBIO_SMRT	Onso	532910040.0	1926074.0	WGS	GENOMIC	PAIRED	WGS of Mycobacterium tuberculosis
SRR5182125	SRX2498232	SRS1925085	SRP096895	PRJNA353873	Mycobacterium tuberculosis		PACBIO_SMRT	PacBio RS	201210803.0	163482.0	WGS	GENOMIC	SINGLE	DNA of Mtb
DRR635009	DRX615327	DRS444658	DRP012543	PRJDB20001	Thermodesulfovibrio sp. TK500a	TK500a	PACBIO_SMRT	Revio	248111704.0	37522.0	WGS	GENOMIC	SINGLE	Revio sequencing of SAMD00879868
ERR1140960	ERX1219809	ERS825160	ERP005928	PRJEB6403	Staphylococcus aureus	NCTC9555	PACBIO_SMRT	PacBio RS	928059438.0	163482.0	WGS	GENOMIC	SINGLE	PacBio RS sequencing
ERR8441272	ERX8008181	ERS10153349	ERP134918	PRJEB50347	Escherichia coli		OXFORD_NANOPORE	MinION	368361820.0	28836.0	WGS	GENOMIC	SINGLE	MinION sequencing; Raw reads: 3_16-1_nano
SRR20138921	SRX16174077	SRS13835881	SRP385218	PRJNA856428	Escherichia coli	Nanopore_S26	OXFORD_NANOPORE	PromethION	1252402200.0	127271.0	WGS	GENOMIC	SINGLE	Nanopore sequncing of Escherichia coli str. K12 substr. MG1655: MA line
SRR18681671	SRX14782826	SRS12539596	SRP368114	PRJNA824420	Escherichia coli	GD02951_ECOL_HY_68	OXFORD_NANOPORE	MinION	537363949.0	77325.0	WGS	GENOMIC	SINGLE	Long-read sequencing of Escherichia coli: isolate #68 blood
SRR1427244	SRX612586	SRS643557	SRP043454	PRJNA198783	Klebsiella pneumoniae subsp. pneumoniae KPNIH27	KPNIH27	PACBIO_SMRT	PacBio RS	222083363.0	163482.0	WGS	GENOMIC	SINGLE	PacBio SMRT Sequencing of Klebsiella pneumoniae subsp. pneumoniae KPNIH27 Genomic Library
SRR22957130	SRX18913900	SRS16341715	SRP415590	PRJNA914624	Streptococcus pyogenes	emm12	OXFORD_NANOPORE	GridION	63277293.0	40567.0	WGS	GENOMIC	SINGLE	WGS of Streptococcus pyogenes
SRR12298586	SRX8801481	SRS6792337	SRP266402	PRJNA605147	Escherichia coli	RHB15-C22	OXFORD_NANOPORE	GridION	435808299.0	96881.0	WGS	GENOMIC	SINGLE	OXFORD_NANOPORE sequencing of Escherichia coli isolate RH11|T2-C22 cultured from Sheep faeces sample
SRR644316	SRX209658	SRS379417	SRP017524	PRJNA183628	Escherichia coli str. K-12 substr. MG1655	K-12 substr. MG1655	PACBIO_SMRT	PacBio RS	30684305.0	60667.0	WGS	GENOMIC	SINGLE	WGA E. coli genome DNA sequenced by FCR chemistry
SRR12934924	SRX9398684	SRS7616806	SRP040661	PRJNA231221	Serratia ureilytica	FDAARGOS_1089	PACBIO_SMRT	Sequel	1091813614.0	335383.0	WGS	GENOMIC	SINGLE	
SRR12808698	SRX9277458	SRS7505634	SRP190319	PRJNA284866	Treponema denticola	OMZ 910	OXFORD_NANOPORE	MinION	1712001849.0	259877.0	WGS	GENOMIC	SINGLE	Treponema denticola OMZ 910
SRR17255213	SRX13434146	SRS11333636	SRP351211	PRJNA789142	Klebsiella pneumoniae	NRZ-34150	OXFORD_NANOPORE	MinION	1554399364.0	257973.0	WGS	GENOMIC	SINGLE	NRZ-34150_WT
SRR10613408	SRX7292601	SRS5786131	SRP235306	PRJNA593863	Streptococcus pneumoniae	TH13819	PACBIO_SMRT	Sequel	1052960564.0	109620.0	WGS	GENOMIC	SINGLE	SMRT-seq of pneumococcal strain TH5160(spn556II and spn556III deleted) derivative: TH13819 B. fragilis-A1
SRR5937599	SRX3097549	SRS2434067	SRP115540	PRJNA398074	Gordonia polyisoprenivorans	herm_1	PACBIO_SMRT	PacBio RS II	1297707212.0	783813.0	WGS	GENOMIC	SINGLE	Whole Genome Pacbio Sequencing of Gordonia species: soil isolate
DRR097327	DRX090823	DRS100160	DRP005160	PRJDB5843	Helicobacter pylori	OK188	PACBIO_SMRT	PacBio RS II	2266794119.0	163482.0	WGS	GENOMIC	SINGLE	PacBio RS II sequencing of SAMD00084463
SRR33895199	SRX29106654	SRS25312994	SRP590843	PRJNA1272507	Salmonella enterica	SAL-224	OXFORD_NANOPORE	GridION	544398705.0	127224.0	WGS	GENOMIC	SINGLE	ONT-WGS of Salmonella enterica
ERR3291632	ERX3318011	ERS2281257	ERP011196	PRJEB10018	Klebsiella pneumoniae		PACBIO_SMRT	PacBio RS	1081615919.0	163482.0	WGS	GENOMIC	SINGLE	PacBio RS sequencing
ERR2171933	ERX2228376	ERS1859671	ERP005928	PRJEB6403	Capnocytophaga sputigena	NCTC11097	PACBIO_SMRT	PacBio RS	204446093.0	163482.0	WGS	GENOMIC	SINGLE	PacBio RS sequencing
DRR252636	DRX242393	DRS052359	DRP003877	PRJDB5579	Escherichia coli	KS-NP019	OXFORD_NANOPORE	MinION	936677678.0	98135.0	WGS	GENOMIC	SINGLE	MinION sequencing of SAMD00077433
ERR15658884	ERX15063665	ERS26771620	ERP179457	PRJEB96843	Salmonella enterica subsp. enterica serovar Infantis		OXFORD_NANOPORE	MinION	1001324429.0	220302.0	WGS	GENOMIC	SINGLE	MinION sequencing
SRR5837704	SRX3014184	SRS2363774	SRP112738	PRJNA363952	Streptomyces sp. 2321.6	2321.6	PACBIO_SMRT	PacBio RS II	1302870201.0	397417.0	WGS	GENOMIC	SINGLE	Streptomyces sp. 2321.6
ERR15195570	ERX14601274	ERS25144000	ERP160948	PRJEB76420	Klebsiella oxytoca		OXFORD_NANOPORE	MinION			WGS	GENOMIC	SINGLE	MinION sequencing
SRR7721912	SRX4578794	SRS3693232	SRP158403	PRJNA281531	Pasteurella multocida	USDA-ARS-USMARC-60380	PACBIO_SMRT	PacBio RS II	3579245231.0	163482.0	WGS	GENOMIC	SINGLE	WGS of Pasteurella multocida USDA-ARS-USMARC-60380
SRR10038819	SRX6773875	SRS5320991	SRP219730	PRJNA546642	Streptomyces sp. S2-04	S2-04	PACBIO_SMRT	Sequel	2392698580.0	497267.0	WGS	GENOMIC	SINGLE	Streptomyces sp. S2-04
SRR31075297	SRX26458703	SRS22629077	SRP074197	PRJNA288601	Enterobacter hormaechei	2024CK-01353	OXFORD_NANOPORE	GridION	202870481.0	70601.0	WGS	GENOMIC	SINGLE	Nanopore sequencing of ARLN isolate
SRR11049147	SRX7699169	SRS6123502	SRP247824	PRJNA345946	Actinoplanes octamycinicus	DSM 45809	PACBIO_SMRT	PacBio RS II	260799260.0	55891.0	WGS	GENOMIC	SINGLE	Actinoplanes octamycinicus DSM 45809
DRR072224	DRX066174	DRS040180	DRP003439	PRJDB5146	Actinomyces denticolens	DSM 20671	PACBIO_SMRT	PacBio RS II	127630444.0	36466.0	WGS	GENOMIC	SINGLE	PacBio RS II sequencing of SAMD00059584
SRR36120996	SRX31165069	SRS27151254	SRP647482	PRJNA1367479	Klebsiella michiganensis	PS-212	OXFORD_NANOPORE	MinION	992630331.0	131346.0	WGS	GENOMIC	SINGLE	WGS of PS-212
SRR8405199	SRX5216996	SRS4221030	SRP176469	PRJNA513080	Serratia quinivorans	124R	PACBIO_SMRT	PacBio RS II	631053880.0	330163.0	WGS	GENOMIC	SINGLE	Serratia quinivorans 124R
SRR23796596	SRX19628697	SRS16998289	SRP426545	PRJNA942086	Salmonella enterica subsp. enterica serovar Muenchen	PS_Mu_5_2021	OXFORD_NANOPORE	MinION	137556995.0	21490.0	WGS	GENOMIC	SINGLE	Nanopore sequencing of Campylobacter jejuni from chicken neck skin
SRR15989524	SRX12278015	SRS9999132	SRP357537	PRJNA801416	Klebsiella pneumoniae	E413	OXFORD_NANOPORE	GridION	2309500068.0	288358.0	WGS	GENOMIC	SINGLE	Whole Genome Sequencing of Carbapenemase-producing Enterobacterales (CPE)
SRR26992889	SRX22685875	SRS19679229	SRP475049	PRJNA1046639	Staphylococcus aureus	sa230705barcode22	OXFORD_NANOPORE	MinION	387899977.0	199119.0	WGS	GENOMIC	SINGLE	Staphylococcus aureus strain sa230705barcode22
SRR16775486	SRX12974674	SRS10915509	SRP215816	PRJNA470993	Staphylococcus aureus		PACBIO_SMRT	PacBio RS II	1338431090.0	161168.0	WGS	GENOMIC	SINGLE	WGS of Staphylococcus aureus
SRR33769030	SRX28991738	SRS22397491	SRP444583	PRJNA962904	Escherichia coli		PACBIO_SMRT	Sequel II	686202961.0	41472.0	WGS	GENOMIC	SINGLE	PacBio sequencing of A068001HE3 for ARCH 2
SRR20280887	SRX16314457	SRS13953232	SRP386836	PRJNA788950	Neisseria dumasiana	LMG 30012	PACBIO_SMRT	Sequel	5098371591.0	504838.0	WGS	GENOMIC	SINGLE	WGS of Neisseria dumasiana
SRR29819983	SRX25318968	SRS21988577	SRP519730	PRJNA1135485	Salmonella		OXFORD_NANOPORE	MinION	2540386747.0	396172.0	WGS	GENOMIC	SINGLE	WGS Salmonella isolates from cattle
SRR8305968	SRX5120470	SRS4134061	SRP018785	PRJNA186035	Salmonella enterica subsp. enterica serovar Enteritidis	CFSAN072210	PACBIO_SMRT	Sequel	1176957746.0	177509.0	WGS	GENOMIC	SINGLE	Whole genome PacBio Sequel sequence of Salmonella enterica subsp. enterica serovar Enteritidis
SRR32584357	SRX27890783	SRS24262111	SRP568071	PRJNA1231784	Mycobacterium	RIF04ugmlmutant01	OXFORD_NANOPORE	GridION	847625387.0	94507.0	WGS	GENOMIC	SINGLE	Genome sequencing of Mycobacterium sp.
SRR29316915	SRX24833695	SRS21545526	SRP512379	PRJNA1121190	Vibrio cholerae	138Vc06	OXFORD_NANOPORE	PromethION	1194268852.0	210673.0	WGS	GENOMIC	SINGLE	WGS of Vcholerae isolates
SRR23047364	SRX19000898	SRS16421116	SRP416942	PRJNA922479	Erythrobacteraceae bacterium WH01K	WH01K	OXFORD_NANOPORE	MinION	111300900.0	6097.0	WGS	GENOMIC	SINGLE	WGS of Erythrobacteraceae bacterium WH01K
SRR30655732	SRX26075832	SRS22644073	SRP555365	PRJNA1206708	Klebsiella pneumoniae	DSM30104_Rep2	OXFORD_NANOPORE	GridION	2008927141.0	559212.0	WGS	GENOMIC	SINGLE	Nanopore reproducibility
SRR9722639	SRX6480130	SRS5130236	SRP215816	PRJNA470993	Staphylococcus aureus	ER01564.3	PACBIO_SMRT	PacBio RS II	1062263049.0	160300.0	WGS	GENOMIC	SINGLE	WGS of Staphylococcus aureus
ERR980635	ERX1057507	ERS736956	ERP005928	PRJEB6403	Klebsiella pneumoniae	NCTC5047	PACBIO_SMRT	PacBio RS	488506138.0	163482.0	WGS	GENOMIC	SINGLE	PacBio RS sequencing
SRR5851488	SRX3021115	SRS1832468	SRP094480	PRJNA279196	Bordetella pertussis	I763	PACBIO_SMRT	PacBio RS II	686770115.0	163482.0	WGS	GENOMIC	SINGLE	
SRR26950787	SRX22644419	SRS19641537	SRP474291	PRJNA1043871	Bacillus sp. PBL-C9	PBL-C9	OXFORD_NANOPORE	MinION	13433.0	10.0	WGS	GENOMIC	SINGLE	Bacillus sp. PBL-C9 Genome sequencing and assembly
SRR24138863	SRX19937369	SRS17286120	SRP432102	PRJNA954566	Vibrio cholerae	CMR/2022/NS3	OXFORD_NANOPORE	MinION	789822165.0	349660.0	WGS	GENOMIC	SINGLE	Oxford Nanopore sequencing of Vibrio cholerae
SRR23365106	SRX19306180	SRS16705522	SRP421404	PRJNA932460	Pseudomonas chlororaphis	NCCB 880622	OXFORD_NANOPORE	GridION	412963223.0	78175.0	WGS	GENOMIC	SINGLE	WGS of Pseudomonas chlororaphis
SRR36797904	SRX31784444	SRS27747145	SRP661661	PRJNA1389824	Klebsiella grimontii		OXFORD_NANOPORE	MinION	412882244.0	164302.0	WGS	GENOMIC	SINGLE	evolved microcosm clones
SRR13449105	SRX9862265	SRS8042175	SRP295672	PRJNA681856	Salmonella enterica subsp. salamae	LHICA_SA3	OXFORD_NANOPORE	MinION	30586203.0	4000.0	WGS	GENOMIC	SINGLE	WGS of Salmonella Lhica SA3_41
SRR36200535	SRX31237070	SRS27216399	SRP649104	PRJNA1367967	Klebsiella pneumoniae	IF55E	OXFORD_NANOPORE	PromethION	1024272963.0	770178.0	WGS	GENOMIC	SINGLE	WGS of clinical Klebsiella pneumoniae from a referral hospital in Bansang, Gambia
SRR23940495	SRX19749821	SRS17115495	SRP428759	PRJNA806727	Paenibacillus polymyxa	R 5.31	OXFORD_NANOPORE	MinION	4344531182.0	1338748.0	WGS	GENOMIC	SINGLE	Genome sequencing and assembly of Paenibacillus peoriae R 5.31 (ONT)
SRR21362324	SRX17368129	SRS14917004	SRP361569	PRJNA768416	Paenibacillus sp. FSL M7-1455	FSL M7-1455	OXFORD_NANOPORE	MinION	1729761343.0	449036.0	WGS	GENOMIC	SINGLE	WGS of Bacilli
SRR26139250	SRX21852544	SRS18949559	SRP462539	PRJNA1019874	Mycobacterium tuberculosis		PACBIO_SMRT	Sequel II	151647376.0	8793.0	WGS	GENOMIC	SINGLE	WGS of M.tuberculosis
DRR629308	DRX609635	DRS438857	DRP012484	PRJDB19189	Mycobacterium intracellulare subsp. intracellulare	GA61909	OXFORD_NANOPORE	MinION	374360706.0	51610.0	WGS	GENOMIC	SINGLE	MinION sequencing of SAMD00833361
SRR2817813	SRX1384133	SRS1134773	SRP040661	PRJNA231221	Grimontia hollisae	FDAARGOS_111	PACBIO_SMRT	PacBio RS	726404836.0	163482.0	WGS	GENOMIC	SINGLE	
SRR21696587	SRX17694194	SRS11554685	SRP354045	PRJNA747871	Streptomyces sp. NBC_01003	NBC_01003	OXFORD_NANOPORE	MinION	176315772.0	41922.0	WGS	GENOMIC	SINGLE	nanopore sequencing data from strain NBC_01003
SRR14729175	SRX11066186	SRS9132862	SRP322670	PRJNA721555	Ruegeria pomeroyi	SZCCDBG043	OXFORD_NANOPORE	PromethION	3097786992.0	4406400.0	WGS	GENOMIC	SINGLE	WGS of Ruegria: intertidal sediment
ERR10499475	ERX10016761	ERS14257042			Escherichia coli		OXFORD_NANOPORE	GridION	306506976.0	35779.0	WGS	GENOMIC	SINGLE	GridION sequencing; Raw reads: ONT_30345_1#194
SRR12298611	SRX8801966	SRS6792226	SRP266402	PRJNA605147	Escherichia coli	RHBSTW-00822	OXFORD_NANOPORE	GridION	666054441.0	135650.0	WGS	GENOMIC	SINGLE	OXFORD_NANOPORE sequencing of Escherichia coli isolate WTP5|T3-00822 cultured from WTP downstream sample
SRR13664849	SRX10056507	SRS8218907	SRP305459	PRJNA556867	Bacteroides xylanisolvens	APCS1/XY	OXFORD_NANOPORE	MinION	701180358.0	155425.0	WGS	GENOMIC	SINGLE	Shotgun genome sequencing of Bacteroides xylanisolvens APCS1/XY
ERR10498084	ERX10015373	ERS14254581	ERP142629	PRJEB57633	Escherichia coli		OXFORD_NANOPORE	GridION	81308020.0	10185.0	WGS	GENOMIC	SINGLE	Raw reads: ONT_30348_1#80
SRR15674695	SRX11971109	SRS9980275	SRP334835	PRJNA754843	Pseudomonas aeruginosa	SCAID PLC1-2021 (16/222)	PACBIO_SMRT	Sequel	695189513.0	79229.0	WGS	GENOMIC	SINGLE	Whole-genome sequencing of Pseudomonas aeruginosa: clinical isolate
ERR15094721	ERX14499323	ERS24813592	ERP119900	PRJEB36683	Klebsiella pneumoniae 11227-1		OXFORD_NANOPORE	PromethION	702901671.0	156178.0	WGS	GENOMIC	SINGLE	Raw reads: HKPB217_L
SRR7092001	SRX4020899	SRS1606334	SRP078820	PRJNA329501	Neisseria gonorrhoeae	missing	PACBIO_SMRT	PacBio RS II	396648992.0	163482.0	WGS	GENOMIC	PAIRED	PacBio Sequencing of Neisseria gonorrhoeae
SRR932031	SRX320110	SRS456505	SRP022914	PRJNA203445	Listeria monocytogenes	J1926	PACBIO_SMRT	PacBio RS	126049326.0	81741.0	WGS	GENOMIC	SINGLE	Listeria monocytogenes Strain J1926
SRR14126265	SRX10496501	SRS8621629	SRP313016	PRJNA543210	Escherichia coli	SrichA-1	PACBIO_SMRT	PacBio RS II	1186217771.0	130810.0	WGS	GENOMIC	PAIRED	WGS_pacbio
SRR34561094	SRX29703457	SRS25813285	SRP601241	PRJNA1292185	Yersinia pestis	2116	OXFORD_NANOPORE	PromethION	321004192.0	117382.0	WGS	GENOMIC	SINGLE	ONT reads Yersinia pestis 2116
SRR26688612	SRX22388373	SRS19432977	SRP470462	PRJNA1014128	Pseudomonas putida	L2890	OXFORD_NANOPORE	PromethION	1314616939.0	141551.0	WGS	GENOMIC	SINGLE	Pseudomonas putida
SRR30655747	SRX26075817	SRS23699716	SRP555365	PRJNA1206708	Yersinia similis	DSM18211_Rep1	OXFORD_NANOPORE	GridION	6565773036.0	2549057.0	WGS	GENOMIC	SINGLE	Nanopore reproducibility
ERR15465452	ERX14869347	ERS26347586	ERP179079	PRJEB96336	Klebsiella pneumoniae	EuSCAPE_TR208	OXFORD_NANOPORE	GridION	468291103.0	261532.0	WGS	GENOMIC	SINGLE	GridION sequencing
SRR30855454	SRX26253837	SRS22793807	SRP536063	PRJNA1167355	Mycetohabitans endofungorum	B75	OXFORD_NANOPORE	PromethION	1013225843.0	154235.0	WGS	GENOMIC	SINGLE	Nanopore sequence of Mycetohabitans spp.: Mycetohabitans endofungorum B75
SRR24140229	SRX19938848	SRS17287557	SRP247747	PRJNA604975	Escherichia coli	ox_bsi_193	OXFORD_NANOPORE	GridION	334932307.0	74768.0	WGS	GENOMIC	SINGLE	oxford_bsi
ERR10820899	ERX10266499	ERS7761442	ERP109413	PRJEB27342	Klebsiella michiganensis		PACBIO_SMRT	Sequel II	4043119214.0	1097357.0	WGS	GENOMIC	SINGLE	Sequel II sequencing
ERR14707613	ERX14109047	ERS6435474	ERP129122	PRJEB45009	Escherichia coli		OXFORD_NANOPORE	MinION	945465456.0	82839.0	WGS	GENOMIC	SINGLE	MinION sequencing
SRR33769447	SRX28991915	SRS22455972	SRP444583	PRJNA962904	Escherichia coli		PACBIO_SMRT	Sequel II	92786592.0	9273.0	WGS	GENOMIC	SINGLE	PacBio sequencing of AH0908HC1 for ARCH 2
SRR14628223	SRX10968950	SRS8660121	SRP321015	PRJNA731114	Pseudomonas aeruginosa	PaLo9	OXFORD_NANOPORE	MinION	241942343.0	26568.0	WGS	GENOMIC	SINGLE	Nanopore sequencing of Pseudomonas aeruginosa isolates
DRR180486	DRX171002	DRS186088	DRP007342	PRJDB8374	Methylomagnum ishizawai	RS11D-Pr	OXFORD_NANOPORE	GridION	3482905081.0	294925.0	WGS	GENOMIC	SINGLE	GridION sequencing of SAMD00172935
ERR3440428	ERX3462448	ERS2579868	ERP011196	PRJEB10018	Klebsiella pneumoniae		PACBIO_SMRT	Sequel	983575406.0	201259.0	WGS	GENOMIC	SINGLE	Sequel sequencing
SRR11612837	SRX8179065	SRS6538734	SRP258616	PRJNA621376	Microbacterium ginsengiterrae	DSM 24823	PACBIO_SMRT	Sequel	3639185072.0	894878.0	WGS	GENOMIC	SINGLE	Microbacterium ginsengiterrae DSM 24823
DRR572359	DRX555826	DRS426374	DRP012251	PRJDB17574	Escherichia coli	YK-IS1MA-L02-3_G08	OXFORD_NANOPORE	MinION	3873557.0	399.0	WGS	GENOMIC	SINGLE	nanopore-seq of SAMD00748191 L02-3_G8
SRR5181847	SRX2497956	SRS1924809	SRP096895	PRJNA353873	Mycobacterium tuberculosis		PACBIO_SMRT	PacBio RS	207462352.0	163482.0	WGS	GENOMIC	SINGLE	DNA of Mtb
SRR25778590	SRX21501226	SRS18732674	SRP457287	PRJNA1010209	Mycobacterium tuberculosis	TDR196	OXFORD_NANOPORE	MinION	186635302.0	28748.0	WGS	GENOMIC	SINGLE	WGS from TDR196 Oxford Nanopore
ERR11749511	ERX11148843	ERS15539385	ERP147189	PRJEB62104	Escherichia coli		OXFORD_NANOPORE	MinION	247932160.0	92333.0	WGS	GENOMIC	SINGLE	MinION sequencing
SRR30149652	SRX25617415	SRS21937595	SRP518730	PRJNA1133668	Klebsiella pneumoniae	ST70KP2	OXFORD_NANOPORE	MinION	264704423.0	39286.0	WGS	GENOMIC	SINGLE	Nanopore sequencing of clinical CRE isolates: human
ERR9939405	ERX9482804	ERS12345030	ERP138720	PRJEB53905	Haemophilus influenzae	HUB-P02-HI19	OXFORD_NANOPORE	MinION	1666884447.0	200855.0	WGS	GENOMIC	SINGLE	MinION sequencing
ERR10498665	ERX10015954	ERS14255759	ERP142629	PRJEB57633	Escherichia coli		OXFORD_NANOPORE	GridION	99838370.0	10296.0	WGS	GENOMIC	SINGLE	Raw reads: ONT_30602_1#203
SRR25500614	SRX21231492	SRS18486852	SRP453077	PRJNA981492	Priestia megaterium	ELP1.24a	OXFORD_NANOPORE	MinION	975405870.0	149414.0	WGS	GENOMIC	SINGLE	Nanopore of  of SAMN35676683
SRR34973684	SRX30093159	SRS26158012	SRP608514	PRJNA1305037	Klebsiella variicola	MI_KPC_666	OXFORD_NANOPORE	PromethION	500003731.0	42686.0	WGS	GENOMIC	SINGLE	KPC CRE collection from state of Michigan
SRR2056056	SRX1033566	SRS937225	SRP058356	PRJNA283315	Xanthomonas oryzae pv. oryzicola	B8-12	PACBIO_SMRT	PacBio RS II	1337616537.0	163482.0	WGS	GENOMIC	SINGLE	Xanthomonas oryzae pv. oryzicola B8-12
ERR13363111	ERX12733997	ERS20579616	ERP151254	PRJEB66182	Klebsiella pneumoniae 11227-1		OXFORD_NANOPORE	PromethION	2799087153.0	924323.0	WGS	GENOMIC	SINGLE	PromethION sequencing
SRR13955719	SRX10334046	SRS8453764	SRP310443	PRJNA714107	Mannheimia haemolytica	39394	PACBIO_SMRT	PacBio RS II	1289864825.0	305275.0	WGS	GENOMIC	SINGLE	PacBio reads of M. haemolytica
ERR10791286	ERX10240596	ERS2651919	ERP104475	PRJEB22771	Streptococcus pneumoniae		PACBIO_SMRT	Sequel II	1616485577.0	245886.0	WGS	GENOMIC	SINGLE	Sequel II sequencing
SRR28434585	SRX24038389	SRS20831665	SRP497546	PRJNA1091452	Klebsiella pneumoniae	KP09-PS	OXFORD_NANOPORE	MinION	1200005469.0	139670.0	WGS	GENOMIC	SINGLE	ONT performance study sequencing of K. pneumoniae
SRR12395373	SRX8893524	SRS7152546	SRP276100	PRJNA650381	Mycobacterium tuberculosis		OXFORD_NANOPORE	MinION	709783556.0	455474.0	WGS	GENOMIC	SINGLE	Nanopore TB WGS
SRR22859869	SRX18818715	SRS16251887	SRP414408	PRJNA914892	Staphylococcus aureus	C888	OXFORD_NANOPORE	MinION	179134262.0	95578.0	WGS	GENOMIC	SINGLE	Long read ONT WGS of Staphylococcus aureus isolates from Chronic Rhinosinusitis Patients
SRR23471054	SRX19374134	SRS7260955	SRP422715	PRJNA878812	Pseudomonas aeruginosa	2020CK-00218	OXFORD_NANOPORE	GridION	343548731.0	54549.0	WGS	GENOMIC	SINGLE	Nanopore sequencing of ARLN isolate
SRR13192511	SRX9626948	SRS7827983	SRP295672	PRJNA681856	Salmonella enterica	LHICA_E1	OXFORD_NANOPORE	MinION	15656316.0	4000.0	WGS	GENOMIC	SINGLE	WGS of Salmonella enterica Lhica E64
SRR21131474	SRX17143856	SRS14716493	SRP392938	PRJNA672949	Xylella fastidiosa subsp. fastidiosa	Bakersfield-1	OXFORD_NANOPORE	MinION	697367865.0	133182.0	WGS	GENOMIC	SINGLE	Oxford Nanopore native genomic DNA of Xylella fastidiosa strain Bakersfield-1
ERR10042315	ERX9582283	ERS6425978	ERP109413	PRJEB27342	Klebsiella pneumoniae		PACBIO_SMRT	Sequel II	2596175803.0	343848.0	WGS	GENOMIC	SINGLE	Sequel II sequencing
ERR10357011	ERX9889127	ERS7159910	ERP109413	PRJEB27342	Klebsiella terrigena		PACBIO_SMRT	Sequel II	2370859804.0	368054.0	WGS	GENOMIC	SINGLE	Sequel II sequencing
ERR581097	ERX539184	ERS437411	ERP005355	PRJEB5919	Salmonella enterica subsp. enterica serovar Typhi		PACBIO_SMRT	PacBio RS	586966668.0	163482.0	WGS	GENOMIC	SINGLE	PacBio RS sequencing
SRR30767034	SRX26169392	SRS22713556	SRP534131	PRJNA1164019	Escherichia coli	E. coli	OXFORD_NANOPORE	PromethION	4759609.0	74.0	WGS	GENOMIC	SINGLE	Illumina sequencing and Nanopore PromethION sequencing of E. coli
SRR12298952	SRX8802261	SRS6792128	SRP266402	PRJNA605147	Escherichia coli	RHB14-C16	PACBIO_SMRT	PacBio RS II	1274142591.0	162765.0	WGS	GENOMIC	SINGLE	PACBIO_SMRT sequencing of Escherichia coli isolate RH04|T1-C16 cultured from Pig faeces sample
SRR13823313	SRX10203954	SRS8350247	SRP308772	PRJNA705564	Staphylococcus epidermidis	C041	OXFORD_NANOPORE	MinION	115333608.0	55549.0	WGS	GENOMIC	SINGLE	DNA-Seq of K. pneumoniae
SRR3723313	SRX1880904	SRS1527658	SRP077338	PRJNA234895	Carnobacterium inhibens subsp. inhibens DSM 13024	K1	PACBIO_SMRT	PacBio RS	245732479.0	85988.0	WGS	GENOMIC	SINGLE	Carnobacterium inhibens K1
SRR35587899	SRX30660561	SRS26534910	SRP620840	PRJNA1329285	Klebsiella pneumoniae	DM5	OXFORD_NANOPORE	MinION	1056645780.0	115770.0	WGS	GENOMIC	SINGLE	Long read sequencing of Klebsiella pneumoniae
SRR8697007	SRX5492864	SRS4462730	SRP042343	PRJNA243331	Bacillus amyloliquefaciens	FS1092	OXFORD_NANOPORE	MinION	1686852329.0	129678.0	WGS	GENOMIC	SINGLE	bacteria from Food processing environment
SRR12280657	SRX8784466	SRS7053162	SRP272861	PRJNA646575	Bacteroides thetaiotaomicron		OXFORD_NANOPORE	GridION	1156461438.0	155468.0	WGS	GENOMIC	SINGLE	WGS  of Bacteroides fragilis group clinical isolates
SRR23814601	SRX19636588	SRS17005563	SRP426688	PRJNA904945	Burkholderia pseudomallei	17MB032174	OXFORD_NANOPORE	GridION	1440236309.0	333489.0	WGS	GENOMIC	SINGLE	Patient4|AUG-2017
ERR5720142	ERX5435196	ERS6253551	ERP128316	PRJEB44283	Haemophilus influenzae Rd KW20	Rd KW20	OXFORD_NANOPORE	MinION	61928145.0	7480.0	WGS	GENOMIC	SINGLE	MinION sequencing; Raw reads: RdpB-T100-III-nanopore
SRR33759937	SRX28982710	SRS25202818	SRP588811	PRJNA1269797	Salmonella	enterica	OXFORD_NANOPORE	MinION	471594061.0	145204.0	WGS	GENOMIC	SINGLE	Genome sequencing of Salmonella serovars isolated from equine salmonellosis
SRR13380348	SRX9803222	SRS7987508	SRP300808	PRJNA649533	Salmonella enterica		OXFORD_NANOPORE	GridION	753071576.0	90512.0	WGS	GENOMIC	SINGLE	ISF salmonella
SRR36093098	SRX31138620	SRS27124394	SRP151512	PRJNA478278	Salmonella enterica	R25.0483	OXFORD_NANOPORE	MinION	310205321.0	92340.0	WGS	GENOMIC	SINGLE	WGS of Salmonella enterica
DRR466494	DRX450730	DRS305746	DRP010041	PRJDB15848	Escherichia coli	EC34	OXFORD_NANOPORE	MinION	3503381195.0	563448.0	WGS	GENOMIC	SINGLE	MinION sequencing of SAMD00607294
ERR2322019	ERX2372982	ERS2217307	ERP024191	PRJEB21888	Mycobacterium tuberculosis		PACBIO_SMRT	PacBio RS	1690480592.0	163482.0	WGS	GENOMIC	SINGLE	PacBio RS sequencing
SRR31480827	SRX26849496	SRS23333144	SRP547242	PRJNA1188493	Bacillus cereus	C97	OXFORD_NANOPORE	GridION	5104792126.0	1028509.0	WGS	GENOMIC	SINGLE	WGS of Bacillus Cereus
ERR13600320	ERX12971343	SRS12438183	SRP366725	PRJNA660354	Klebsiella pneumoniae	2020-440	OXFORD_NANOPORE	GridION	559372041.0	26895.0	WGS	GENOMIC	SINGLE	GridION sequencing
SRR27467587	SRX23139043	SRS20094580	SRP482617	PRJNA942599	Staphylococcus aureus	Dog002_mouth	PACBIO_SMRT	Sequel II	998696972.0	93410.0	WGS	GENOMIC	SINGLE	PacBio sequencing of canine Staphylococcaceae isolated from a Kenyan shelter in June 2016
SRR15462578	SRX11717540	SRS9747947	SRP332089	PRJNA528413	Escherichia coli O157:H7	ATCC 35150	PACBIO_SMRT	PacBio RS II	1187394896.0	163482.0	WGS	GENOMIC	SINGLE	Genome sequencing of E. coli O157:H7 and O55:H7 strains
SRR31879126	SRX27237965	SRS23684055	SRP555050	PRJNA1205886	Escherichia coli	MU_014_EC1	OXFORD_NANOPORE	MinION	993558840.0	110282.0	WGS	GENOMIC	SINGLE	WGS of Escherichia coli : Wastewater
SRR10672472	SRX7349891	SRS5809446	SRP115234	PRJNA438156	Acinetobacter haemolyticus	AN54	PACBIO_SMRT	PacBio RS II	138731785.0	28909.0	WGS	GENOMIC	SINGLE	Acinetobacter haemolyticus genome sequencing
SRR16962408	SRX13153874	SRS11085852	SRP346490	PRJNA779451	Pseudomonas sp. B21-009	B21-009	PACBIO_SMRT	Sequel	819635081.0	191537.0	WGS	GENOMIC	SINGLE	B21-009 PacBio sequencing reads
ERR3685934	ERX3675538	ERS4047735	ERP114207	PRJEB31632	bacterium		OXFORD_NANOPORE	GridION	796548384.0	153586.0	WGS	GENOMIC	SINGLE	GridION sequencing
ERR3550086	ERX3556691	ERS3723109	ERP117135	PRJEB34259	Escherichia coli		OXFORD_NANOPORE	MinION	234253170.0	38327.0	WGS	GENOMIC	SINGLE	MinION sequencing
SRR9161657	SRX5934690	SRS4847855	SRP040661	PRJNA231221	Cupriavidus metallidurans	FDAARGOS_675	PACBIO_SMRT	PacBio RS	3604515849.0	163482.0	WGS	GENOMIC	SINGLE	
SRR13575538	SRX9973323	SRS8145954	SRP303741	PRJNA695586	Streptococcus pyogenes	M4C20	OXFORD_NANOPORE	MinION	2969002.0	4000.0	WGS	GENOMIC	SINGLE	Whole genome sequence of Streptococcus pyogenes strain M4C20
SRR30357566	SRX25815601	SRS21937789	SRP255428	PRJNA541849	Corynebacterium belfantii	PC1365	PACBIO_SMRT	Sequel II	348803631.0	16728.0	WGS	GENOMIC	SINGLE	Long-read sequencing of Corynebacterium belfantii PC1365
SRR12938614	SRX9402275	SRS7620188	SRP040661	PRJNA231221	Sphingobacterium spiritivorum	FDAARGOS_1146	PACBIO_SMRT	Sequel	3028992208.0	385644.0	WGS	GENOMIC	SINGLE	
SRR16764780	SRX12964743	SRS10906408	SRP344440	PRJNA728080	Escherichia coli	UPEC-46	OXFORD_NANOPORE	MinION	500025137.0	12170.0	WGS	GENOMIC	SINGLE	WGS of UPEC-46; Oxford Nanopore MinION
SRR29316604	SRX24833539	SRS21545369	SRP512379	PRJNA1121190	Vibrio cholerae	102Vc07	OXFORD_NANOPORE	PromethION	556248319.0	187983.0	WGS	GENOMIC	SINGLE	WGS of Vcholerae isolates
SRR9616131	SRX6379172	SRS5039826	SRP212399	PRJNA548188	Borreliella burgdorferi	K59	OXFORD_NANOPORE	GridION	840842033.0	555999.0	WGS	GENOMIC	SINGLE	Borreliella burgdorferi Genome sequencing and assembly
SRR24564543	SRX20348153	SRS17663333	SRP437723	PRJNA944190	Enterococcus faecalis	EfsC129	OXFORD_NANOPORE	MinION	1029701800.0	149368.0	WGS	GENOMIC	SINGLE	ONT MinION Reads of Enterococcus faecalis EfsC129
SRR32364762	SRX27699384	SRS21131134	SRP444583	PRJNA962904	Escherichia coli		PACBIO_SMRT	Sequel II	505613573.0	19759.0	WGS	GENOMIC	SINGLE	PacBio sequencing of CS5656C1 for ARCH 1.0
SRR36095886	SRX31141426	SRS21867784	SRP291668	PRJNA675431	Klebsiella pneumoniae		OXFORD_NANOPORE	PromethION	2524131057.0	839219.0	WGS	GENOMIC	SINGLE	WGS of Klebsiella pneumoniae
DRR293627	DRX283124	DRS174861	DRP004189	PRJDB5929	Escherichia coli	C100	OXFORD_NANOPORE	GridION	1196293493.0	171474.0	WGS	GENOMIC	SINGLE	GridION sequencing of SAMD00108845
SRR26929506	SRX22623370	SRS19624575	SRP473823	PRJNA1039168	Staphylococcus aureus	1061	OXFORD_NANOPORE	PromethION	1896733281.0	328908.0	WGS	GENOMIC	SINGLE	WGS of Staphylococcus aureus:X3
SRR13616443	SRX10009696	SRS8178619	SRP304422	PRJNA657145	Lactobacillus acidophilus	MP-R-LA001	PACBIO_SMRT	PacBio RS II	1998957.0	1.0	WGS	GENOMIC	SINGLE	WGS of Lactobacillus acidophilus: fermented dairy food
SRR35674126	SRX30725540	SRS26742244	SRP561673	PRJNA1219398	Pasteurella multocida	193212	OXFORD_NANOPORE	MinION	88913953.0	13436.0	WGS	GENOMIC	SINGLE	DNA-Seq of Pasteurella multocida 193212
ERR12448426	ERX11824848	ERS17728768	ERP156572	PRJEB71788	Listeria monocytogenes		OXFORD_NANOPORE	GridION	313508387.0	24010.0	WGS	GENOMIC	SINGLE	Raw reads: ListPred_14044451-01
SRR25444694	SRX21177950	SRS18438837	SRP451917	PRJNA998259	Neomoorella humiferrea	64-FGQ	OXFORD_NANOPORE	MinION	321133434.0	38043.0	WGS	GENOMIC	SINGLE	Nanopore sequencing of M. humiferrea DSM 23265
SRR30149515	SRX25617118	SRS21937439	SRP518730	PRJNA1133668	Klebsiella pneumoniae	ST258KP85	OXFORD_NANOPORE	MinION	111131783.0	14574.0	WGS	GENOMIC	SINGLE	Nanopore sequencing of clinical CRE isolates: human
ERR8007848	ERX7573517	ERS9899369	ERP131998	PRJEB47698	Klebsiella pneumoniae		OXFORD_NANOPORE	MinION	2565292326.0	463872.0	WGS	GENOMIC	SINGLE	MinION sequencing
SRR9722909	SRX6480459	SRS2978308	SRP133040	PRJNA307517	Klebsiella pneumoniae	1_GR_13	OXFORD_NANOPORE	MinION	1242972987.0	235007.0	WGS	GENOMIC	SINGLE	MinION sequecing of K.pneumoniae:1_GR_13
SRR787452	SRX252662	SRS401388	SRP019218	PRJNA188139	Vibrio cholerae	2011EL-1818	PACBIO_SMRT	PacBio RS	109013681.0	81741.0	WGS	GENOMIC	SINGLE	2011EL-1818
SRR10201362	SRX6921504	SRS5452629	SRP223650	PRJNA574878	Escherichia coli	K-12	PACBIO_SMRT	PacBio RS II	58000000.0	58000.0	WGS	GENOMIC	SINGLE	Simulated 1 kbp PacBio long reads from E. coli K-12
SRR15989351	SRX12278188	SRS9998860	SRP357534	PRJNA801415	Klebsiella pneumoniae	14	OXFORD_NANOPORE	GridION	1445704822.0	385350.0	WGS	GENOMIC	SINGLE	Whole Genome Sequencing of Carbapenemase-producing Enterobacterales (CPE)
SRR13448706	SRX9861825	SRS8041966	SRP295672	PRJNA681856	Salmonella enterica	LHICA_E3	OXFORD_NANOPORE	MinION	33037029.0	4000.0	WGS	GENOMIC	SINGLE	WGS of Salmonella Lhica E3_98
ERR1025278	ERX1104150	ERS764455	ERP005928	PRJEB6403	Escherichia coli	NCTC9969	PACBIO_SMRT	PacBio RS	983490812.0	163482.0	WGS	GENOMIC	SINGLE	PacBio RS sequencing
SRR31812299	SRX27172739	SRS23625327	SRP553443	PRJNA1199959	Pseudomonas shirazensis	MPB13	OXFORD_NANOPORE	MinION	977914953.0	183393.0	WGS	GENOMIC	SINGLE	Whole genome sequencing of bacterial isolates using Nanopore
SRR24807227	SRX20579518	SRS17881507	SRP338930	PRJNA766641	Mycobacterium tuberculosis	IDR 2200064898	OXFORD_NANOPORE	MinION	47591446.0	93334.0	WGS	GENOMIC	SINGLE	MinION sequencing of TB isolates
SRR23018887	SRX18974530	SRS16396567	SRP416498	PRJNA880513	Enterococcus raffinosus	Er676	OXFORD_NANOPORE	MinION	426089036.0	76045.0	WGS	GENOMIC	SINGLE	Genome of Enterococcus raffinosus Er676
SRR30896253	SRX26299768	SRS22828490	SRP536878	PRJNA1134622	Escherichia coli	OXEC-542	OXFORD_NANOPORE	MinION	163546457.0	55766.0	WGS	GENOMIC	SINGLE	OXEC-542
SRR31691805	SRX27053621	SRS23515753	SRP550997	PRJNA1187877	Lactiplantibacillus plantarum	Lactiplantibacillus plantarum38	OXFORD_NANOPORE	MinION	1258002751.0	184069.0	WGS	GENOMIC	SINGLE	Lp_A38
SRR22860040	SRX18818543	SRS16251807	SRP414408	PRJNA914892	Staphylococcus aureus	C187	OXFORD_NANOPORE	MinION	99652520.0	46053.0	WGS	GENOMIC	SINGLE	Long read ONT WGS of Staphylococcus aureus isolates from Chronic Rhinosinusitis Patients
SRR9214086	SRX5984744	SRS1011400	SRP051949	PRJNA271899	Enterobacter sp. BIDMC87	BIDMC87	OXFORD_NANOPORE	GridION	779274635.0	152498.0	WGS	GENOMIC	SINGLE	Sequencing of Carbapenem resistant bacteria
SRR15989085	SRX12277782	SRS9999172	SRP357537	PRJNA801416	Klebsiella pneumoniae	1308	OXFORD_NANOPORE	GridION	171331512.0	23224.0	WGS	GENOMIC	SINGLE	Whole Genome Sequencing of Carbapenemase-producing Enterobacterales (CPE)
SRR11675963	SRX8236871	SRS6588003	SRP259751	PRJNA378768	Mycoplasmopsis bovis	NADC55	PACBIO_SMRT	PacBio RS II	1530496988.0	163482.0	WGS	GENOMIC	SINGLE	Whole genome sequencing of Mycoplasma bovis strain NADC55
ERR16064590	ERX15454772	ERS28397725	ERP173262	PRJEB90249	Pseudomonas aeruginosa		OXFORD_NANOPORE	GridION	1496760919.0	649860.0	WGS	GENOMIC	SINGLE	GridION sequencing
DRR629209	DRX609536	DRS438758	DRP012484	PRJDB19189	Mycobacterium intracellulare subsp. chimaera	GA61955	OXFORD_NANOPORE	MinION	406275095.0	63089.0	WGS	GENOMIC	SINGLE	MinION sequencing of SAMD00833260
SRR26413138	SRX22118374	SRS16091269	SRP412517	PRJNA910977	Escherichia coli	P0042	PACBIO_SMRT	Sequel II	686392983.0	57524.0	WGS	GENOMIC	SINGLE	WGS of E. coli
SRR36405617	SRX31432733	SRS15378638	SRP649163	PRJNA1230056	Corynebacterium diphtheriae	not applicable	OXFORD_NANOPORE	GridION	360953267.0	114749.0	WGS	GENOMIC	SINGLE	WGS of C. diphtheriae
SRR386478	SRX109880	SRS212335	SRP007231	PRJNA49881	Scardovia wiggsiae F0424	F0424	PACBIO_SMRT	PacBio RS	142006938.0	81741.0	WGS	GENOMIC	SINGLE	Whole Genome Sequencing and Assembly
SRR17842133	SRX14003151	SRS11841451	SRP357667	PRJNA798866	Acinetobacter baumannii	AB20-VUB	OXFORD_NANOPORE	MinION	1579778438.0	146037.0	WGS	GENOMIC	SINGLE	AB20-VUB complete chromosome
SRR30940502	SRX26343241	SRS22868752	SRP537651	PRJNA1078505	Streptococcus salivarius	KSS1	PACBIO_SMRT	Sequel II	498934793.0	62239.0	WGS	GENOMIC	SINGLE	Streptococcus salivarius strain:KSS1 Genome sequencing
SRR31072988	SRX26456560	SRS22971863	SRP540187	PRJNA1176018	Escherichia coli	GF100	OXFORD_NANOPORE	MinION	467998743.0	83313.0	WGS	GENOMIC	SINGLE	Long read WGS of Escherichia coli: isolate GF100
ERR8007810	ERX7573479	ERS9899365	ERP131998	PRJEB47698	Escherichia coli		OXFORD_NANOPORE	MinION	104059302.0	26016.0	WGS	GENOMIC	SINGLE	MinION sequencing
SRR16525456	SRX12728029	SRS10337039	SRP357534	PRJNA801415	Klebsiella pneumoniae	15	OXFORD_NANOPORE	GridION	1293188158.0	190695.0	WGS	GENOMIC	SINGLE	Extensive diversification and dissemination of blaNDM carbapenemase plasmids in Enterobacterales in Singapore 2010-2015
SRR21472813	SRX17476392	SRS15029651	SRP396115	PRJNA868296	Acinetobacter johnsonii	GD03738	OXFORD_NANOPORE	MinION	259533700.0	18911.0	WGS	GENOMIC	SINGLE	WGS of Acinetobacter johnsonii
SRR386171	SRX109864	SRS002764	SRP001666	PRJNA32461	Coprobacillus cateniformis	D6	PACBIO_SMRT	PacBio RS	87477487.0	81741.0	WGS	GENOMIC	SINGLE	Whole Genome Sequencing and Assembly
SRR34489122	SRX29633071	SRS25604426	SRP595867	PRJNA1282433	Bacillus sp. AL-1R	AL-1R	PACBIO_SMRT	Revio	701880262.0	87559.0	WGS	GENOMIC	SINGLE	Genome sequencing of Bacillus sp. KACC 24084
ERR10498089	ERX10015378	ERS14254827	ERP142629	PRJEB57633	Escherichia coli		OXFORD_NANOPORE	GridION	88574407.0	13479.0	WGS	GENOMIC	SINGLE	Raw reads: ONT_30348_2#121
SRR24512230	SRX20296663	SRS17622613	SRP437225	PRJNA957353	Microbacterium foliorum	SORGH_AS_0445	PACBIO_SMRT	Sequel IIe	1108245445.0	101337.0	WGS	GENOMIC	SINGLE	Microbacterium foliorum SORGH_AS445
DRR629267	DRX609594	DRS438816	DRP012484	PRJDB19189	Mycobacterium avium subsp. hominissuis	GA61953	OXFORD_NANOPORE	MinION	415786095.0	55571.0	WGS	GENOMIC	SINGLE	MinION sequencing of SAMD00833320
SRR30352262	SRX25810486	SRS22441464	SRP528252	PRJNA1151632	Staphylococcus aureus	CBC235	OXFORD_NANOPORE	MinION	453870788.0	38553.0	WGS	GENOMIC	SINGLE	Complete genome sequence of three methicillin-resistant Staphylococcus aureus (ST630) strains isolated from cattle in Algeria
SRR4237153	SRX2158389	SRS1687792	SRP089586	PRJNA331272	Afipia sp. GAS231	GAS231	PACBIO_SMRT	PacBio RS	567621891.0	138556.0	WGS	GENOMIC	SINGLE	Afipia sp. GAS231
SRR19977215	SRX16019432	SRS13699824	SRP384896	PRJNA855630	Klebsiella michiganensis	LH71	OXFORD_NANOPORE	MinION	385148774.0	16019.0	WGS	GENOMIC	SINGLE	Long read sequencing of Klebsiella michiganensis LH71
ERR10163770	ERX9700355	ERS13423707	ERP140710	PRJEB55790	Apilactobacillus kunkeei	H4B1-02A	PACBIO_SMRT	Sequel	1299302602.0	173914.0	WGS	GENOMIC	SINGLE	Sequel sequencing; Raw reads: H4B1-02A
SRR13192473	SRX9626986	SRS7827983	SRP295672	PRJNA681856	Salmonella enterica	LHICA_E1	OXFORD_NANOPORE	MinION	14850013.0	4000.0	WGS	GENOMIC	SINGLE	WGS of Salmonella enterica Lhica E100
SRR19843387	SRX15887001	SRS12115050	SRP361569	PRJNA768416	Oceanobacillus sp. FSL K6-0118	FSL K6-0118	OXFORD_NANOPORE	MinION	294942790.0	121095.0	WGS	GENOMIC	SINGLE	WGS of Bacilli
SRR14150359	SRX10519375	SRS8643180	SRP313638	PRJNA664313	Brucella pinnipedialis	23a-1	PACBIO_SMRT	Sequel	813528685.0	127654.0	WGS	GENOMIC	SINGLE	PacBio reads sequencing of brucella pinnipedialis 23a-1
ERR10664143	ERX10133327	ERS2650911	ERP104475	PRJEB22771	Streptococcus pneumoniae		PACBIO_SMRT	Sequel II	3007836180.0	447716.0	WGS	GENOMIC	SINGLE	Sequel II sequencing
SRR32364761	SRX27699385	SRS21131137	SRP444583	PRJNA962904	Escherichia coli		PACBIO_SMRT	Sequel II	318356643.0	15158.0	WGS	GENOMIC	SINGLE	PacBio sequencing of CS5663C1 for ARCH 1.0
ERR10499330	ERX10016616	ERS14255935	ERP142629	PRJEB57633	Escherichia coli		OXFORD_NANOPORE	GridION	79586604.0	14688.0	WGS	GENOMIC	SINGLE	Raw reads: ONT_31663_7#372
SRR33769358	SRX28991820	SRS25210273	SRP444583	PRJNA962904	Escherichia coli		PACBIO_SMRT	Sequel II	319273857.0	15828.0	WGS	GENOMIC	SINGLE	PacBio sequencing of A157006HE2 for ARCH 2
SRR36366880	SRX31395521	SRS27380367	SRP653506	PRJNA1308153	Escherichia coli	167	OXFORD_NANOPORE	GridION	726748232.0	202981.0	WGS	GENOMIC	SINGLE	ONT long-read sequencing of ceftazidime/avibactam resistant Escherichia coli
SRR9214067	SRX5984763	SRS1011193	SRP051949	PRJNA271899	Escherichia coli	BIDMC106	OXFORD_NANOPORE	GridION	1244467238.0	562122.0	WGS	GENOMIC	SINGLE	Sequencing of Carbapenem resistant bacteria
ERR14225670	ERX13625952	ERS18087463	ERP156237	PRJEB71438	Streptomyces glaucescens		OXFORD_NANOPORE	MinION			WGS	GENOMIC	SINGLE	MinION sequencing
SRR31540853	SRX26908071	SRS23387530	SRP548173	PRJNA1190675	Escherichia coli	The same strain as the one under SRA accession SRR5017304	OXFORD_NANOPORE	MinION	297543296.0	52425.0	WGS	GENOMIC	SINGLE	ONT of TAS255
ERR10472513	ERX9992858	ERS6795239	ERP109413	PRJEB27342	Klebsiella pneumoniae		PACBIO_SMRT	Sequel II	7022048616.0	1163173.0	WGS	GENOMIC	SINGLE	Sequel II sequencing
ERR16107892	ERX15497545	ERS28397581	ERP173262	PRJEB90249	Campylobacter jejuni		OXFORD_NANOPORE	GridION	1217024769.0	304879.0	WGS	GENOMIC	SINGLE	GridION sequencing
SRR1203888	SRX500294	SRS581588	SRP040529	PRJNA212490	Orientia tsutsugamushi str. Sido		PACBIO_SMRT	PacBio RS	1875024946.0	163482.0	WGS	GENOMIC	SINGLE	
SRR24062763	SRX19864112	SRS17220134	SRP430807	PRJNA952137	Staphylococcus aureus	IT-MSSA56	OXFORD_NANOPORE	MinION	38398437.0	7992.0	WGS	GENOMIC	SINGLE	Long read Illumina sequencing of Staphylococcus aureus IT-MSSA56
SRR387013	SRX109926	SRS281278	SRP001087	PRJNA40075	Escherichia coli str. K-12 substr. MG1655	K-12	PACBIO_SMRT	PacBio RS	125694254.0	81741.0	WGS	GENOMIC	SINGLE	Whole Genome Sequencing and Assembly
SRR27279589	SRX22957493	SRS19925038	SRP478820	PRJNA1054369	Lacticaseibacillus rhamnosus	LAB3	OXFORD_NANOPORE	MinION	409881608.0	88000.0	WGS	GENOMIC	SINGLE	Raw sequence reads for L. rhamnosus LAB 3 genome assembly
SRR24651298	SRX20431233	SRS17736814	SRP438478	PRJNA885826	Catenibacterium mitsuokai	DSM 15897	OXFORD_NANOPORE	MinION	823558811.0	295224.0	WGS	GENOMIC	SINGLE	PCR free Oxford Nanopore sequencing of genomic DNA from Catenibacterium-mitsuokai-DSM-15897
SRR37184066	SRX32121791	SRS28054750	SRP676055	PRJNA1405938	Klebsiella pneumoniae	2023005445	OXFORD_NANOPORE	MinION	591469891.0	82001.0	WGS	GENOMIC	SINGLE	Hypervirulence-associated genes in Klebsiella pneumoniae
ERR4184149	ERX4147440	ERS4590901	ERP121870	PRJEB38443	Comamonas aquatica		OXFORD_NANOPORE	MinION	1555579602.0	233983.0	WGS	GENOMIC	SINGLE	MinION sequencing; Raw reads: Nanopore_BB1454
ERR13064391	ERX12434915	ERS18677374	ERP155943	PRJEB71065	Enterococcus lactis		PACBIO_SMRT	Sequel II	210753324.0	18541.0	WGS	GENOMIC	SINGLE	Sequel II sequencing
SRR31599099	SRX26963985	SRS23433696	SRP549287	PRJNA1185485	Escherichia coli	642	OXFORD_NANOPORE	PromethION	270627423.0	58516.0	WGS	GENOMIC	SINGLE	RMB-NoR-barcode51
SRR26524995	SRX22228485	SRS19283450	SRP250705	PRJNA607328	Arabidopsis thaliana		OXFORD_NANOPORE	MinION	37974912518.0	7419797.0	WGS	GENOMIC	SINGLE	Arabidopsis thaliana FELIX_MS817 Nanopore
ERR14672805	ERX14074420	ERS23773489	ERP169828	PRJEB86483	Staphylococcus aureus		OXFORD_NANOPORE	MinION	610541652.0	46050.0	WGS	GENOMIC	SINGLE	MinION sequencing
ERR10802429	ERX10250911	ERS5790506	ERP127064	PRJEB43128	Bacillus subtilis		OXFORD_NANOPORE	GridION	486435342.0	124946.0	WGS	GENOMIC	SINGLE	GridION sequencing
SRR33422512	SRX28663456	SRS24931426	SRP583015	PRJNA1258586	Bacteroides fragilis	H1	PACBIO_SMRT	PacBio RS II	119327207.0	30236.0	WGS	GENOMIC	SINGLE	isolated from the initial H1R1 resistant clones,after five rounds of passaging,number_H1R1-4
SRR21696432	SRX17693833	SRS14987373	SRP354045	PRJNA747871	Streptomyces sp. NBC_00818	NBC_00818	OXFORD_NANOPORE	MinION	833060018.0	137604.0	WGS	GENOMIC	SINGLE	nanopore sequencing data from strain NBC_00818
SRR35575413	SRX30648207	SRS26671254	SRP625681	PRJNA1288479	Burkholderia vietnamiensis	PR1	OXFORD_NANOPORE	MinION	379344917.0	133348.0	WGS	GENOMIC	SINGLE	Raw genome sequencing reads -Nanopore
SRR18052214	SRX14204433	SRS12026577	SRP360163	PRJNA806856	Clostridium botulinum	FE9508BPD	OXFORD_NANOPORE	MinION	646249896.0	413078.0	WGS	GENOMIC	SINGLE	Nanopore MinION sequencing of C. botulinum FE9508BPD fecal isolate from botulism case
SRR29224853	SRX24744258	SRS21466219	SRP510673	PRJNA1112792	Salmonella enterica	E1S-036	OXFORD_NANOPORE	GridION	981625061.0	293315.0	WGS	GENOMIC	SINGLE	Whole genome sequence of E1S-036
SRR22752084	SRX18713125	SRS11330430	SRP413264	PRJNA878811	Citrobacter freundii	2021CK-01659	OXFORD_NANOPORE	GridION	1085165347.0	112916.0	WGS	GENOMIC	SINGLE	Nanopore sequencing of ARLN isolate
SRR11809642	SRX8360977	SRS6677033	SRP262228	PRJNA633671	Pseudomonas aeruginosa	PAO1-B11	OXFORD_NANOPORE	MinION	57221329.0	8428.0	WGS	GENOMIC	SINGLE	Genomic sequencing of Pseudomonas aeruginosa PAO1-B11 variants isolated from porcine burn wounds
SRR3756854	SRX1905940	SRS1546721	SRP078109	PRJNA239121	Limosilactobacillus mucosae	AGR63	PACBIO_SMRT	PacBio RS	78786872.0	53444.0	WGS	GENOMIC	SINGLE	Lactobacillus mucosae AGR63
SRR30896175	SRX26299846	SRS22828568	SRP536878	PRJNA1134622	Escherichia coli	OXEC-216	OXFORD_NANOPORE	MinION	362929796.0	89089.0	WGS	GENOMIC	SINGLE	OXEC-216
DRR453255	DRX438338	DRS450479	DRP012740	PRJDB15212	Achromobacter sp. T5-5	T5-5	PACBIO_SMRT	Sequel II	2465101292.0	235079.0	WGS	GENOMIC	SINGLE	Sequel II sequencing of SAMD00577796
SRR30342938	SRX25801211	SRS22432687	SRP528120	PRJNA1150149	Staphylococcus aureus	ST105	OXFORD_NANOPORE	MinION	265797952.0	36714.0	WGS	GENOMIC	SINGLE	ONT long-read sequencing of potential healthcare transmission pathogens
SRR27301234	SRX22978750	SRS19944378	SRP479212	PRJNA1055088	Staphylococcus pseudintermedius	MLST 84	OXFORD_NANOPORE	PromethION	352504313.0	217432.0	WGS	GENOMIC	SINGLE	WGS of S. pseudintermedius canine isolate 29-086
SRR23686740	SRX19549379	SRS16934467	SRP425316	PRJNA902789	[Clostridium] scindens	VPI12708	PACBIO_SMRT	Sequel II	3024361265.0	310426.0	WGS	GENOMIC	SINGLE	PacBio reads of Clostridium scindens VPI12708
SRR30234238	SRX25696124	SRS22341355	SRP526022	PRJNA1147599	Klebsiella pneumoniae	Z0318KP0107-M	PACBIO_SMRT	Sequel II	1335283940.0	4421470.0	WGS	GENOMIC	SINGLE	WGS of Klebsiella pneumoniae: sputum
SRR21563405	SRX17565769	SRS14987249	SRP354045	PRJNA747871	Streptomyces sp. NBC_00093	NBC_00093	OXFORD_NANOPORE	MinION	209173302.0	29645.0	WGS	GENOMIC	SINGLE	nanopore sequencing data from strain NBC_00093
SRR4210103	SRX2153086	SRS1683619	SRP087686	PRJNA303839	Pseudomonas azotoformans	LMG 21611	PACBIO_SMRT	PacBio RS	519909488.0	136626.0	WGS	GENOMIC	SINGLE	Pseudomonas azotoformans LMG 21611
SRR10052493	SRX6786415	SRS5332480	SRP219990	PRJNA546939	Nonomuraea muscovyensis	DSM 45913	PACBIO_SMRT	Sequel	1684132293.0	576966.0	WGS	GENOMIC	SINGLE	Nonomuraea muscovyensis DSM 45913
SRR26899119	SRX22593291	SRS19599851	SRP473241	PRJNA1042815	Campylobacter jejuni	CIP 702	OXFORD_NANOPORE	GridION	3074576001.0	893875.0	WGS	GENOMIC	SINGLE	WGS of Campylobacter jejuni isolate
SRR36276372	SRX31310129	SRS25963010	SRP074197	PRJNA288601	Klebsiella pneumoniae	not applicable	OXFORD_NANOPORE	GridION	5399853662.0	2086108.0	WGS	GENOMIC	SINGLE	Oxford nanopore sequencing of 2025QG-00214
ERR10498635	ERX10015924	ERS14256119	ERP142629	PRJEB57633	Escherichia coli		OXFORD_NANOPORE	GridION	183856852.0	27660.0	WGS	GENOMIC	SINGLE	Raw reads: ONT_30602_1#144
SRR10556164	SRX7237898	SRS5737486	SRP233742	PRJNA547235	Clostridium beijerinckii	DJ154	PACBIO_SMRT	PacBio RS II	768256376.0	218663.0	WGS	GENOMIC	SINGLE	Clostridium beijerinckii DJ154
SRR13052033	SRX9501430	SRS7710181	SRP280247	PRJNA661638	Lactobacillus	plantarum	OXFORD_NANOPORE	GridION	1106185721.0	145392.0	WGS	GENOMIC	SINGLE	WGS of Lactobacillus plantarum
SRR34410539	SRX29574019	SRS25698301	SRP598841	PRJNA1287288	Klebsiella variicola subsp. variicola	KPE072	OXFORD_NANOPORE	MinION	274224327.0	45076.0	WGS	GENOMIC	SINGLE	R10.4.1 WGS of bacterial isolate for accuracy benchmarking
ERR3986937	ERX3988964	ERS4380871	ERP120516	PRJEB37212	Klebsiella pneumoniae		OXFORD_NANOPORE	MinION	64344194.0	22817.0	WGS	GENOMIC	SINGLE	MinION sequencing; Oxfordshire gram negative bacteraemias
SRR387016	SRX109913	SRS281279	SRP001087	PRJNA40075	Escherichia coli str. K-12 substr. MG1655	K-12	PACBIO_SMRT	PacBio RS	31640541.0	60961.0	WGS	GENOMIC	SINGLE	Whole Genome Sequencing and Assembly
SRR19894742	SRX15937801	SRS13624989	SRP384109	PRJNA853901	Bordetella pertussis	Bp-804855-19	OXFORD_NANOPORE	MinION	430810100.0	50306.0	WGS	GENOMIC	SINGLE	Whole genome sequencing of Bordetella pertussis with Nanopore Q20 kit
SRR33346930	SRX28591110	SRS24878582	SRP581904	PRJNA1255604	Burkholderia cenocepacia	P336	OXFORD_NANOPORE	PromethION	2767143005.0	672846.0	WGS	GENOMIC	SINGLE	WGS of K56-2:dCas9 dcw parental mutant
SRR12172875	SRX8687628	SRS6966300	SRP270913	PRJNA644866	Bacillus anthracis	Sterne	OXFORD_NANOPORE	MinION	732694570.0	218197.0	WGS	GENOMIC	SINGLE	Analysis of Hybrid and Non-Hybrid assemblies: Bacillus anthracis Strains from iSeq and MinION Data
SRR29384801	SRX24898868	SRS21605125	SRP512887	PRJNA991498	Comamonas testosteroni		PACBIO_SMRT	Sequel II	2366135722.0	224345.0	WGS	GENOMIC	SINGLE	Long-read sequencing of Comamonas testosteroni, Isolate 1 of Microcosm 3 of condition CCt
SRR8054545	SRX4884180	SRS3932944	SRP165734	PRJNA496461	Klebsiella pneumoniae	KLPN_117	OXFORD_NANOPORE	MinION	7628167251.0	895942.0	WGS	GENOMIC	SINGLE	nanopore seq of klebsiella pneumoniae
SRR25467193	SRX21199732	SRS18458353	SRP452337	PRJNA1000618	Escherichia coli	Escherichia coli BL21(DE3)	OXFORD_NANOPORE	MinION	8419019.0	4000.0	WGS	GENOMIC	SINGLE	CASTVK transposition with different condition
SRR28811941	SRX24375211	SRS21131867	SRP504151	PRJNA1104797	Xanthomonas campestris pv. raphani	0915	OXFORD_NANOPORE	PromethION	1270676222.0	51907.0	WGS	GENOMIC	SINGLE	Genome sequencing of Xanthomonas campestris pv. raphani: strain 0915
SRR22190986	SRX18169436	SRS15668701	SRP303037	PRJNA694442	Salmonella enterica		OXFORD_NANOPORE	GridION	526346345.0	70034.0	WGS	GENOMIC	SINGLE	Multiplex WGS of Salmonella
SRR30602164	SRX26024773	SRS22596482	SRP497400	PRJNA1090919	Hydrogenophaga sp.	UC242_50	OXFORD_NANOPORE	MinION	257852054.0	27255.0	WGS	GENOMIC	SINGLE	Whole_genome_50
SRR11861893	SRX8411965	SRS6724306	SRP265038	PRJNA634386	Nocardia terpenica	IFM 0706	PACBIO_SMRT	Sequel	1485641806.0	321329.0	WGS	GENOMIC	SINGLE	WGS of Nocardia terpenica IFM 0706
DRR121783	DRX114720	DRS062162	DRP004189	PRJDB5929	Klebsiella pneumoniae	KP11	PACBIO_SMRT	PacBio RS II	651498695.0	79524.0	WGS	GENOMIC	SINGLE	PacBio RS II sequencing of SAMD00110857
DRR293647	DRX283097	DRS178551	DRP004189	PRJDB5929	Klebsiella pneumoniae	C400	OXFORD_NANOPORE	GridION	962963731.0	150645.0	WGS	GENOMIC	SINGLE	GridION sequencing of SAMD00137969
ERR10468521	ERX9989949	ERS13666479	ERP142288	PRJEB57325	Escherichia coli		OXFORD_NANOPORE	MinION	222334663.0	114622.0	WGS	GENOMIC	SINGLE	MinION sequencing
SRR30009079	SRX25488359	SRS22143866	SRP522510	PRJNA1140646	Escherichia coli	NEB5a	OXFORD_NANOPORE	GridION	415639953.0	47631.0	WGS	GENOMIC	SINGLE	Oxford nanopore sequencing of Escherichia coli isolates
ERR13802506	ERX13203258	ERS21186381	ERP164461	PRJEB80477	Acinetobacter baumannii		OXFORD_NANOPORE	MinION	1422057855.0	421570.0	WGS	GENOMIC	SINGLE	MinION sequencing
ERR10769156	ERX10220050	ERS2785655	ERP104475	PRJEB22771	Streptococcus pneumoniae		PACBIO_SMRT	Sequel II	886090957.0	127602.0	WGS	GENOMIC	SINGLE	Sequel II sequencing
SRR28777801	SRX24342745	SRS20831674	SRP497546	PRJNA1091452	Listeria monocytogenes	L-09	OXFORD_NANOPORE	MinION	525974770.0	166211.0	WGS	GENOMIC	SINGLE	ONT performance study sequencing of L. monocytogenes
SRR35737806	SRX30787109	SRS26801295	SRP630567	PRJNA1337272	Salmonella enterica subsp. enterica serovar Lille	not applicable	OXFORD_NANOPORE	GridION	220776770.0	165397.0	WGS	GENOMIC	SINGLE	Nanopore whole genome sequencing of Salmonella enterica subspecies enterica isolate 1902731-1
SRR21563366	SRX17565808	SRS14986996	SRP354045	PRJNA747871	Streptomyces sp. NBC_00358	NBC_00358	OXFORD_NANOPORE	MinION	471921859.0	62929.0	WGS	GENOMIC	SINGLE	nanopore sequencing data from strain NBC_00358
SRR14481805	SRX10829794	SRS8264706	SRP306584	PRJNA702050	Enterococcus faecium	VBR48	OXFORD_NANOPORE	MinION	562975481.0	73061.0	WGS	GENOMIC	SINGLE	Long-read sequencing of Enterococcus faecium VBR48
ERR2508251	ERX2527706	ERS1859697	ERP005928	PRJEB6403	Yersinia ruckeri		PACBIO_SMRT	PacBio RS	563356198.0	163482.0	WGS	GENOMIC	SINGLE	PacBio RS sequencing
SRR11454656	SRX8032252	SRS6404563	SRP254699	PRJNA616443	Acinetobacter seohaensis	GX5	OXFORD_NANOPORE	PromethION	2809698.0	2.0	WGS	GENOMIC	SINGLE	DNA-seq of Acinetobacter seohaensis: swine feces
SRR3441695	SRX1727934	SRS1324866	SRP050002	PRJNA266616	Bordetella pertussis		PACBIO_SMRT	PacBio RS II	1645954664.0	163482.0	WGS	GENOMIC	SINGLE	
SRR9849552	SRX6604161	SRS5169141	SRP216572	PRJNA556977	Bordetella pertussis	NZ26	OXFORD_NANOPORE	MinION	943845103.0	157002.0	WGS	GENOMIC	SINGLE	ONT sequencing of Bordetella pertussis NZ26
SRR29774357	SRX25274348	SRS21958337	SRP519253	PRJNA1129310	Escherichia coli	63528_lr	OXFORD_NANOPORE	MinION	815171683.0	639908.0	WGS	GENOMIC	SINGLE	Enterobacterales resistant to extended-spectrum cephalosporins in the Tunisian population
ERR1813543	ERX1876080	ERS1324158	ERP005928	PRJEB6403	Cardiobacterium valvarum	NCTC13294	PACBIO_SMRT	PacBio RS	131373512.0	163482.0	WGS	GENOMIC	SINGLE	PacBio RS sequencing
SRR32486281	SRX27799657	SRS24175775	SRP406175	PRJNA897941	Listeria innocua	AUSMDU00096634	OXFORD_NANOPORE	PromethION	265040965.0	70802.0	WGS	GENOMIC	SINGLE	WGS of Listeria species from ONT reads
SRR15031873	SRX11343506	SRS9383692	SRP326726	PRJNA737600	Streptomyces sp. GMY02	GMY02	OXFORD_NANOPORE	GridION	9469829.0	4000.0	WGS	GENOMIC	SINGLE	WGS Streptomyces sp. GMY02
SRR13957667	SRX10336010	SRS8455554	SRP300861	PRJNA663900	Enterococcus sp. DIV0436a	DIV0436a	OXFORD_NANOPORE	GridION	1101038785.0	191175.0	WGS	GENOMIC	SINGLE	sequencing of enterococcal diversity
SRR2821367	SRX1385150	SRS1135146	SRP040661	PRJNA231221	Achromobacter xylosoxidans	FDAARGOS_150	PACBIO_SMRT	PacBio RS	1968280649.0	163482.0	WGS	GENOMIC	SINGLE	
