srr_accession	srx_accession	srs_accession	srp_accession	bioproject	organism	strain	platform	instrument	total_bases	total_spots	library_strategy	library_source	library_layout	title
SRR32263281	SRX27600644	SRS24010617	SRP562144	PRJNA1220344	Enterococcus faecium	VR27	OXFORD_NANOPORE	MinION	531536805.0	129000.0	WGS	GENOMIC	SINGLE	DNA-Seq of Enterococcus faecium
SRR13269134	SRX9699323	SRS7895446	SRP272861	PRJNA646575	Bacteroides fragilis		OXFORD_NANOPORE	GridION	774477439.0	73761.0	WGS	GENOMIC	SINGLE	WGS  of Bacteroides fragilis group clinical isolates
ERR1857502	ERX1919185	ERS1420635	ERP009811	PRJEB8775	Enterococcus hirae		PACBIO_SMRT	PacBio RS	1309503017.0	163482.0	WGS	GENOMIC	SINGLE	PacBio RS sequencing
SRR35903308	SRX30952579	SRS4051757	SRP150360	PRJNA475751	Klebsiella quasipneumoniae	KLP00177	OXFORD_NANOPORE	MinION	2229418.0	945.0	WGS	GENOMIC	SINGLE	WGS Sequencing of K. pneumoniae
SRR11393288	SRX7972394	SRS6357296	SRP101993	PRJNA329489	Sinorhizobium meliloti	RCAM1115	OXFORD_NANOPORE	MinION	679498216.0	72647.0	WGS	GENOMIC	SINGLE	Sinorhizobium meliloti RCAM1115
SRR30574388	SRX25997469	SRS22571237	SRP531125	PRJNA1155659	Vibrio parahaemolyticus	VB18PR-0204-1_long	OXFORD_NANOPORE	MinION	621697648.0	219231.0	WGS	GENOMIC	SINGLE	Oxford Nanopore reads of Vibrio
SRR28415542	SRX24019893	SRS20798055	SRP496639	PRJNA1090044	Staphylococcus aureus	TUM20929	OXFORD_NANOPORE	MinION	520056151.0	79060.0	WGS	GENOMIC	SINGLE	ONT sequencing of Staphylococcus aureus TUM20929
SRR15988973	SRX12277894	SRS9998836	SRP357537	PRJNA801416	Klebsiella pneumoniae	526	OXFORD_NANOPORE	GridION	299679392.0	22646.0	WGS	GENOMIC	SINGLE	Whole Genome Sequencing of Carbapenemase-producing Enterobacterales (CPE)
SRR33123769	SRX28387258	SRS24711184	SRP578427	PRJNA1244367	Bacillus cereus ATCC 14579	ATCC 14579	OXFORD_NANOPORE	GridION	1772273313.0	762717.0	WGS	GENOMIC	SINGLE	WGS of Bacillus cereus Strain ATCC14658
SRR26162846	SRX21874973	SRS18966406	SRP463007	PRJNA1020811	Escherichia coli	isolateA	OXFORD_NANOPORE	MinION	776172552.0	99243.0	WGS	GENOMIC	SINGLE	WGS of Enterobacterales: ONT RBKv14 validation
SRR27972413	SRX23626040	SRS20466204	SRP489819	PRJNA1076692	Klebsiella pneumoniae	RIVM_C055466_dorado	OXFORD_NANOPORE	MinION	500597254.0	131660.0	WGS	GENOMIC	SINGLE	RIVM_C055466_dorado
SRR25999223	SRX21716467	SRS18851473	SRP459613	PRJNA1014400	Listeria monocytogenes		OXFORD_NANOPORE	MinION	263858964.0	88748.0	WGS	GENOMIC	SINGLE	ONT R9 WGS of Listeria monoctyogenes isolate
SRR27467562	SRX23139068	SRS20090129	SRP482617	PRJNA942599	Staphylococcus aureus	Dog112	PACBIO_SMRT	Sequel II	936624604.0	83856.0	WGS	GENOMIC	SINGLE	PacBio sequencing of canine Staphylococcaceae isolated from a Kenyan shelter in June 2069
SRR27352563	SRX23029205	SRS19991089	SRP480168	PRJNA1057299	Clostridioides difficile	cd221122_barcode43	OXFORD_NANOPORE	MinION	8244747.0	3979.0	WGS	GENOMIC	SINGLE	Clostridioides difficile strain cd221122_barcode43
ERR15686894	ERX15091323	ERS26976638	ERP171481	PRJEB88388	Mucilaginibacter sp. R-92742	R-92742	OXFORD_NANOPORE	MinION	1002400169.0	431449.0	WGS	GENOMIC	SINGLE	Raw reads: Mucilaginibacter sp. R-92742
SRR10503220	SRX7192178	SRS5698192	SRP230813	PRJNA347135	Nocardioides marinus	DSM 18248	PACBIO_SMRT	Sequel	2293988619.0	725962.0	WGS	GENOMIC	SINGLE	Nocardioides marinus DSM 18248
ERR10498907	ERX10016196	ERS14255395	ERP142629	PRJEB57633	Escherichia coli		OXFORD_NANOPORE	GridION	147354766.0	21580.0	WGS	GENOMIC	SINGLE	Raw reads: ONT_30602_2#358
ERR2532143	ERX2550572	ERS2016206	ERP005928	PRJEB6403	Vibrio harveyi		PACBIO_SMRT	PacBio RS	1229805476.0	163482.0	WGS	GENOMIC	SINGLE	PacBio RS sequencing
SRR21473078	SRX17476718	SRS15029946	SRP396115	PRJNA868296	Escherichia coli	GD03897	OXFORD_NANOPORE	MinION	519655313.0	50264.0	WGS	GENOMIC	SINGLE	WGS of Escherichia coli
SRR32204147	SRX27545664	SRS23960614	SRP561120	PRJNA1214876	Ekhidna algicida	To15	OXFORD_NANOPORE	MinION	31268162.0	4000.0	WGS	GENOMIC	SINGLE	Ekhidna algicida strain To15 genome
SRR10194576	SRX6914830	SRS5445912	SRP223501	PRJNA565475	Vibrio fortis	S7-72	PACBIO_SMRT	Sequel	3108541577.0	1258001.0	WGS	GENOMIC	SINGLE	S7-72 Genome sequencing
SRR32485742	SRX27799136	SRS24151988	SRP364955	PRJNA818070	Campylobacter jejuni	AUSMDU00095417	OXFORD_NANOPORE	PromethION	334398392.0	80949.0	WGS	GENOMIC	SINGLE	WGS of Campylobacter species from ONT reads
SRR14871197	SRX11188621	SRS9244922	SRP324862	PRJNA736470	Streptococcus equi subsp. equi	SEE_19-031	PACBIO_SMRT	Sequel	871669267.0	149887.0	WGS	GENOMIC	SINGLE	PacBio whole genome sequencing of Streptococcu equi
ERR10124215	ERX9661279	ERS6426079	ERP109413	PRJEB27342	Klebsiella pneumoniae		PACBIO_SMRT	Sequel II	4798190314.0	698160.0	WGS	GENOMIC	SINGLE	Sequel II sequencing
SRR23347540	SRX19289493	SRS16690584	SRP421131	PRJNA931653	Escherichia coli K-12	K-12	OXFORD_NANOPORE	GridION	23479772.0	4000.0	WGS	GENOMIC	SINGLE	Nanopore sequencing of Ciprofloxacin challenged E. coli
ERR3685886	ERX3675490	ERS4047687	ERP114207	PRJEB31632	bacterium		OXFORD_NANOPORE	GridION	569795398.0	156750.0	WGS	GENOMIC	SINGLE	GridION sequencing
SRR14753616	SRX11087226	SRS9152682	SRP323129	PRJNA735522	Bacillus velezensis	GMEKP1	OXFORD_NANOPORE	GridION	29394341.0	4000.0	WGS	GENOMIC	SINGLE	SRA Bacillus velezensis GMEKP1
ERR13765057	ERX13166261	ERS21039363	ERP164181	PRJEB80140	Acinetobacter baumannii		OXFORD_NANOPORE	MinION	647768939.0	126212.0	WGS	GENOMIC	SINGLE	Raw reads: 15_GEN12938
SRR18700941	SRX14801908	SRS12559889	SRP369076	PRJNA695765	Microlunatus panaciterrae	DSM 18662	PACBIO_SMRT	Sequel II	6951862473.0	1327907.0	WGS	GENOMIC	SINGLE	Microlunatus panaciterrae DSM 18662
SRR364965	SRX032454	SRS140103	SRP004712	PRJNA61297	Vibrio cholerae O1 biovar El Tor str. N16961	N16961	PACBIO_SMRT	PacBio RS	50486290.0	60667.0	WGS	GENOMIC	SINGLE	Sequencing for N5 (Bangladesh, 1971)
SRR16525776	SRX12728223	SRS10336946	SRP357537	PRJNA801416	Klebsiella pneumoniae	307	OXFORD_NANOPORE	GridION	1142852283.0	205998.0	WGS	GENOMIC	SINGLE	Extensive diversification and dissemination of blaNDM carbapenemase plasmids in Enterobacterales in Singapore 2010-2015
SRR35320215	SRX30422020	SRS26458177	SRP618701	PRJNA1322359	Campylobacter coli	99_4	PACBIO_SMRT	Sequel II	172220998.0	16826.0	WGS	GENOMIC	SINGLE	WGS of Campylobacter coli
ERR9517026	ERX9058565	ERS2652397	ERP104475	PRJEB22771	Streptococcus pneumoniae		PACBIO_SMRT	Sequel II	291308115.0	42838.0	WGS	GENOMIC	SINGLE	Sequel II sequencing
ERR2432878	ERX2452457	ERS1963367	ERP005928	PRJEB6403	Acinetobacter calcoaceticus	NCTC12983	PACBIO_SMRT	PacBio RS	603402033.0	163482.0	WGS	GENOMIC	SINGLE	PacBio RS sequencing
SRR15441472	SRX11740886	SRS8025426	SRP301606	PRJNA627032	Escherichia coli O157:H7	FLT_2010E	PACBIO_SMRT	Sequel	658291626.0	39031.0	WGS	GENOMIC	SINGLE	PacBio reads for long term study
SRR24140220	SRX19938857	SRS17287567	SRP247747	PRJNA604975	Escherichia coli	ox_bsi_299	OXFORD_NANOPORE	GridION	114917698.0	41939.0	WGS	GENOMIC	SINGLE	oxford_bsi
SRR2132507	SRX1121935	SRS1014533	SRP061658	PRJNA291146	Bradyrhizobium diazoefficiens	missing	PACBIO_SMRT	PacBio RS II	1774882940.0	163482.0	WGS	GENOMIC	SINGLE	bradyrhizobium-bacteroid
SRR36342364	SRX31372585	SRS27346333	SRP651901	PRJNA1376148	Pseudomonas aeruginosa	ZYZ	OXFORD_NANOPORE	GridION	2205956383.0	197100.0	WGS	GENOMIC	SINGLE	Whole-genome sequencing of Pseudomonas aeruginosa strain ZYZ
SRR28058717	SRX23708320	SRS20538255	SRP491224	PRJNA1075806	Endozoicomonas lisbonensis	NE43	PACBIO_SMRT	Revio	41511214370.0	4034152.0	WGS	GENOMIC	SINGLE	Endozoicomonas sp. NE43
ERR10499046	ERX10016335	ERS14255458	ERP142629	PRJEB57633	Escherichia coli		OXFORD_NANOPORE	GridION	59944900.0	9112.0	WGS	GENOMIC	SINGLE	Raw reads: ONT_30821_1#352
SRR13258504	SRX9689278	SRS7886568	SRP297072	PRJNA682584	Enterococcus faecium	Dallas 103	OXFORD_NANOPORE	MinION	205322488.0	58487.0	WGS	GENOMIC	SINGLE	WGS of vancomycin resistant Enterococcus faecium collected from Dallas, Texas
SRR30223606	SRX25686147	SRS22326572	SRP526077	PRJNA1089209	Bradyrhizobium sp. A5	A5	PACBIO_SMRT	Sequel II	1921767349.0	224778.0	WGS	GENOMIC	SINGLE	Complete Genome Sequencing of Bradyrhizobium sp. strain A5
ERR980642	ERX1057514	ERS736965	ERP005928	PRJEB6403	Klebsiella aerogenes	NCTC9652	PACBIO_SMRT	PacBio RS	592578398.0	163482.0	WGS	GENOMIC	SINGLE	PacBio RS sequencing
DRR576807	DRX560240	DRS374535	DRP011446	PRJDB17760	Klebsiella pasteurii	NG13	PACBIO_SMRT	Revio	248138373.0	27315.0	WGS	GENOMIC	SINGLE	Revio sequencing of SAMD00760303
ERR11861393	ERX11259400	ERS15952148	ERP148219	PRJEB63082	Escherichia coli		OXFORD_NANOPORE	GridION	282038287.0	71971.0	WGS	GENOMIC	SINGLE	GridION sequencing
ERR3046648	ERX3120238	ERS3009545	ERP112940	PRJEB30480	Altererythrobacter sp. S1-5	Altererythrobacter sp. S1-5	PACBIO_SMRT	PacBio RS	825460287.0	54494.0	WGS	GENOMIC	SINGLE	PacBio RS sequencing
SRR30016864	SRX25495941	SRS21850000	SRP517073	PRJNA1130007	Ralstonia syzygii subsp. celebesensis	NCPPB 3726	OXFORD_NANOPORE	PromethION	509993045.0	86355.0	WGS	GENOMIC	SINGLE	Genome sequencing of NCPPB 3726
SRR30896435	SRX26299586	SRS22828308	SRP536878	PRJNA1134622	Escherichia coli	OXEC-126	OXFORD_NANOPORE	MinION	392412319.0	122610.0	WGS	GENOMIC	SINGLE	OXEC-126
SRR10556256	SRX7237989	SRS5737565	SRP233767	PRJNA460376	Clostridium beijerinckii	DJ243	PACBIO_SMRT	PacBio RS II	239621218.0	80469.0	WGS	GENOMIC	SINGLE	Clostridium beijerinckii DJ243
SRR6796154	SRX3755164	SRS3011063	SRP133784	PRJNA433735	Xylella fastidiosa	BB08-1	PACBIO_SMRT	PacBio RS	239446052.0	183386.0	WGS	GENOMIC	SINGLE	BB08-1
SRR29778971	SRX25278909	SRS21698286	SRP418402	PRJNA925803	Streptococcus dysgalactiae subsp. equisimilis	MGCS35960	OXFORD_NANOPORE	GridION	1104961342.0	586865.0	WGS	GENOMIC	SINGLE	WGS of Streptococcus dysgalactiae subsp. equisimilis
ERR14720729	ERX14122154	ERS23791441	ERP170136	PRJEB86838	pig metagenome		OXFORD_NANOPORE	PromethION	24669749628.0	9816145.0	WGS	GENOMIC	SINGLE	Raw reads: DTU_2024_1035830_100_MG_P1_P2_four_samples
ERR9127558	ERX8670843	ERS10853309	ERP135763	PRJEB51164	Staphylococcus aureus		OXFORD_NANOPORE	GridION	725665757.0	40194.0	WGS	GENOMIC	SINGLE	GridION sequencing
SRR25466777	SRX21199644	SRS18458348	SRP452337	PRJNA1000618	Escherichia coli	Escherichia coli BL21(DE3)	OXFORD_NANOPORE	MinION	6460870.0	3998.0	WGS	GENOMIC	SINGLE	CASTVK transposition with different condition
ERR9939441	ERX9482840	ERS12345051	ERP138720	PRJEB53905	Haemophilus influenzae	HUB-P11-HI010	OXFORD_NANOPORE	MinION	489720571.0	100146.0	WGS	GENOMIC	SINGLE	MinION sequencing
SRR27201575	SRX22881429	SRS19853838	SRP477847	PRJNA1052100	Klebsiella pneumoniae	C27	OXFORD_NANOPORE	MinION	797257877.0	314983.0	WGS	GENOMIC	SINGLE	ONT R9.4.1 sequences of Klebsiella pneumoniae from clinical sources in Ghana
DRR723541	DRX703562	DRS495692	DRP013760	PRJDB20694	Methylobacillus glycogenes	JCM 2850	PACBIO_SMRT	Revio	117244536.0	9294.0	WGS	GENOMIC	SINGLE	Revio sequencing of SAMD01611074
ERR12342515	ERX11719377	ERS17208569	ERP135763	PRJEB51164	Escherichia coli		OXFORD_NANOPORE	GridION	196414281.0	32080.0	WGS	GENOMIC	SINGLE	Raw reads: G_117_BSA_neg
SRR21563475	SRX17565699	SRS14987536	SRP354045	PRJNA747871	Streptomyces anulatus	NBC_00107	OXFORD_NANOPORE	MinION	9385700.0	22110.0	WGS	GENOMIC	SINGLE	nanopore sequencing data from strain NBC_00107
SRR34895948	SRX30026095	SRS26071981	SRP606505	PRJNA1301564	Klebsiella pneumoniae	SMC2310-133	PACBIO_SMRT	Revio	644559742.0	73812.0	WGS	GENOMIC	SINGLE	WGS of Klebsiella pneumoniae: Ertapenem-Mono-Resistant
SRR25661059	SRX21386951	SRS18627523	SRP455508	PRJNA951682	Streptomyces sp. B21-105	B21-105	PACBIO_SMRT	Sequel II	1394208460.0	255450.0	WGS	GENOMIC	SINGLE	B21-105 PacBio sequencing reads
SRR13575629	SRX9973622	SRS8145954	SRP303741	PRJNA695586	Streptococcus pyogenes	M4C20	OXFORD_NANOPORE	MinION	3114547.0	4000.0	WGS	GENOMIC	SINGLE	Whole genome sequence of Streptococcus pyogenes strain M4C20
SRR25661082	SRX21386928	SRS18627500	SRP455508	PRJNA951682	Streptomyces acidiscabies	B21-078	PACBIO_SMRT	Sequel II	4851595470.0	1135751.0	WGS	GENOMIC	SINGLE	B21-078 PacBio sequencing reads
SRR17880884	SRX14040195	SRS10450430	SRP340037	PRJNA768294	Klebsiella pneumoniae	SB1067	OXFORD_NANOPORE	MinION	876465580.0	76817.0	WGS	GENOMIC	SINGLE	Genomic sequencing of SB1067
ERR1100800	ERX1180334	ERS806952	ERP010683	PRJEB9562	Salmonella sp.		PACBIO_SMRT	PacBio RS	433038783.0	163482.0	WGS	GENOMIC	SINGLE	PacBio RS sequencing
ERR7179067	ERX6748637	ERS8108657	ERP132558	PRJEB48217	Candidatus Nitrotoga arctica	6680	OXFORD_NANOPORE	MinION	1391381082.0	267616.0	WGS	GENOMIC	SINGLE	MinION sequencing; Raw reads: Ntg6680-ONT
ERR10769126	ERX10220020	ERS2785288	ERP104475	PRJEB22771	Streptococcus pneumoniae		PACBIO_SMRT	Sequel II	4738518208.0	663236.0	WGS	GENOMIC	SINGLE	Sequel II sequencing
SRR28445719	SRX24049182	SRS20840578	SRP497734	PRJNA1077798	Alteromonas gracilis	J4	OXFORD_NANOPORE	MinION	2812014.0	1000.0	WGS	GENOMIC	SINGLE	Alteromonas gracilis strain J4, whole genome Nanopore Sequencing
SRR8292567	SRX5107165	SRS2224677	SRP018785	PRJNA186035	Salmonella enterica subsp. enterica serovar Saintpaul str. CFSAN000615	SGSC 2207	PACBIO_SMRT	PacBio RS II	493841886.0	163482.0	WGS	GENOMIC	SINGLE	PacBio SMRTbell library protocol library CFSAN000615 G02_1
ERR13194304	ERX12565169	ERS20185816	ERP160059	PRJEB75483	Phyllobacterium sp. LjRoot231		OXFORD_NANOPORE	MinION	178842793.0	19960.0	WGS	GENOMIC	SINGLE	MinION sequencing
SRR8275893	SRX5090768	SRS4102490	SRP172392	PRJNA500371	Streptomyces sp. E5N91 SAI-083	SAI-097	PACBIO_SMRT	PacBio RS II	63688967.0	18565.0	WGS	GENOMIC	SINGLE	Streptomyces W SAI-097
SRR29316810	SRX24833333	SRS21545164	SRP512379	PRJNA1121190	Vibrio cholerae	135Vc02	OXFORD_NANOPORE	PromethION	945496046.0	179150.0	WGS	GENOMIC	SINGLE	WGS of Vcholerae isolates
SRR2984433	SRX1473347	SRS1199282	SRP067206	PRJNA254111	Corynebacterium pseudotuberculosis	CCUG 27541	PACBIO_SMRT	PacBio RS II	1365701139.0	326964.0	WGS	GENOMIC	SINGLE	Corynebacterium pseudotuberculosis strain CCUG 27541
ERR7776851	ERX7344898	ERS9620863	ERP133740	PRJEB49256	Klebsiella oxytoca		OXFORD_NANOPORE	MinION	2014632731.0	837821.0	WGS	GENOMIC	SINGLE	MinION sequencing
SRR20138934	SRX16174064	SRS13835868	SRP385218	PRJNA856428	Escherichia coli	Nanopore_W73	OXFORD_NANOPORE	PromethION	1279909234.0	151792.0	WGS	GENOMIC	SINGLE	Nanopore sequncing of Escherichia coli str. K12 substr. MG1655: MA line
SRR34918246	SRX30043327	SRS11093459	SRP346675	PRJNA781402	Staphylococcus aureus	SATU136	OXFORD_NANOPORE	MinION	1269703035.0	318391.0	WGS	GENOMIC	SINGLE	H1680-ST764 nanopore
SRR386665	SRX109841	SRS004883	SRP001079	PRJNA40077	Cereibacter sphaeroides 2.4.1	2.4.1	PACBIO_SMRT	PacBio RS	87676905.0	81741.0	WGS	GENOMIC	SINGLE	Whole Genome Sequencing and Assembly
SRR28830816	SRX24393571	SRS21149134	SRP503611	PRJNA1103200	Amoebophrya sp. ex Karlodinium veneficum	CCMP1975	OXFORD_NANOPORE	MinION	4633503194.0	1474258.0	WGS	GENOMIC	SINGLE	Genomic sequencing of Amoebophrya sp ex Karlodinium veneficum and associated bacteria
DRR572478	DRX555945	DRS426407	DRP012251	PRJDB17574	Escherichia coli	YK-IS1MA-L10-4_G08	OXFORD_NANOPORE	MinION	62595.0	68.0	WGS	GENOMIC	SINGLE	nanopore-seq of SAMD00748224 L10-4_G8
SRR21696387	SRX17693878	SRS11554247	SRP354045	PRJNA747871	Kitasatospora papulosa	NBC_01344	OXFORD_NANOPORE	MinION	902297787.0	150995.0	WGS	GENOMIC	SINGLE	nanopore sequencing data from strain NBC_01344
SRR27972939	SRX23626226	SRS20465866	SRP489819	PRJNA1076692	Klebsiella pneumoniae	RIVM_C051269_dorado	OXFORD_NANOPORE	MinION	48921325.0	13415.0	WGS	GENOMIC	SINGLE	RIVM_C051269_dorado
SRR34967251	SRX30086314	SRS26152629	SRP608514	PRJNA1305037	Enterobacter hormaechei	MI_KPC_233	OXFORD_NANOPORE	PromethION	226625337.0	46474.0	WGS	GENOMIC	SINGLE	KPC CRE collection from state of Michigan
DRR378573	DRX364474	DRS241811	DRP008598	PRJDB13586	Campylobacter jejuni	THJ019	OXFORD_NANOPORE	MinION	52992417.0	7226.0	WGS	GENOMIC	SINGLE	SSUB21860 : Campylobacter jejuni THJ019
ERR1124235	ERX1203434	ERS811738	ERP005928	PRJEB6403	Staphylococcus aureus	NCTC7446	PACBIO_SMRT	PacBio RS	1875654407.0	163482.0	WGS	GENOMIC	SINGLE	PacBio RS sequencing
ERR1517151	ERX1588171	ERS1117685	ERP005928	PRJEB6403	Streptococcus acidominimus	NCTC11290	PACBIO_SMRT	PacBio RS	890929190.0	163482.0	WGS	GENOMIC	SINGLE	PacBio RS sequencing
ERR10499321	ERX10016607	ERS14255985	ERP142629	PRJEB57633	Escherichia coli		OXFORD_NANOPORE	GridION	269426812.0	56056.0	WGS	GENOMIC	SINGLE	Raw reads: ONT_31663_7#172
ERR13863747	ERX13266506	ERS21338652	ERP165332	PRJEB81499	Citrobacter freundii		OXFORD_NANOPORE	GridION	910289937.0	404114.0	WGS	GENOMIC	SINGLE	GridION sequencing
SRR30107241	SRX25580101	SRS22231198	SRP486766	PRJNA1070447	Streptococcus pyogenes	Isolate 2	OXFORD_NANOPORE	GridION	44978287.0	12000.0	WGS	GENOMIC	SINGLE	WGS of Streptococcus pyogenes isolate 2
SRR12395319	SRX8893578	SRS7152600	SRP276100	PRJNA650381	Mycobacterium tuberculosis		OXFORD_NANOPORE	MinION	481810246.0	238499.0	WGS	GENOMIC	SINGLE	Nanopore TB WGS
SRR11285469	SRX7891176	SRS6300449	SRP252294	PRJNA347131	Pseudonocardia eucalypti	DSM 45351	PACBIO_SMRT	PacBio RS II	356614574.0	109808.0	WGS	GENOMIC	SINGLE	Pseudonocardia eucalypti DSM 45351
ERR1210817	ERX1283059	ERS901505	ERP005928	PRJEB6403	Streptococcus mitis	NCTC11189	PACBIO_SMRT	PacBio RS	2879286344.0	163482.0	WGS	GENOMIC	SINGLE	PacBio RS sequencing
DRR328311	DRX317350	DRS178914	DRP007137	PRJDB11072	Luteitalea sp. TBR-22	TBR-22	OXFORD_NANOPORE	MinION	172427527.0	15064.0	WGS	GENOMIC	SINGLE	MinION sequencing of SAMD00271925
SRR27972785	SRX23626380	SRS20465920	SRP489819	PRJNA1076692	Klebsiella pneumoniae	RIVM_C055438_rerio	OXFORD_NANOPORE	MinION	288883725.0	97566.0	WGS	GENOMIC	SINGLE	RIVM_C055438_rerio
SRR25833079	SRX21554666	SRS18759204	SRP255655	PRJNA622823	Bacillus aerius	NEB1378	PACBIO_SMRT	PacBio RS II	408684488.0	163482.0	WGS	GENOMIC	SINGLE	BpuE_BP9_50_2nM
ERR15726299	ERX15131427	ERS27074454	ERP171481	PRJEB88388	Stenotrophomonas sp. R-92966	R-92966	OXFORD_NANOPORE	MinION	682619874.0	218176.0	WGS	GENOMIC	SINGLE	Raw reads: Stenotrophomonas sp. R-92966
SRR9214004	SRX5984826	SRS4502285	SRP051949	PRJNA271899	Klebsiella pneumoniae	OC-CRE-9149	OXFORD_NANOPORE	GridION	1178789771.0	157379.0	WGS	GENOMIC	SINGLE	Sequencing of Carbapenem resistant bacteria
SRR21903060	SRX17889098	SRS15406273	SRP402614	PRJNA890545	Staphylococcus		OXFORD_NANOPORE	GridION	497236618.0	228000.0	WGS	GENOMIC	SINGLE	Metagenomic Nanopore Sequencing of Ocular Microbiome in Patients with Meibomian Gland Dysfunction 13
SRR24001247	SRX19804755	SRS17166616	SRP429910	PRJNA909850	human blood metagenome	-	OXFORD_NANOPORE	GridION	519646525.0	125507.0	WGS	GENOMIC	SINGLE	DNA isolation from S. baumannii using Roche
SRR24632484	SRX20412757	SRS17725422	SRP438351	PRJNA971866	Staphylococcus casei	DSM 15096	OXFORD_NANOPORE	MinION	87950380.0	12518.0	WGS	GENOMIC	SINGLE	WGS of Staphylococcus casei
ERR10499273	ERX10016559	ERS14255785	ERP142629	PRJEB57633	Escherichia coli		OXFORD_NANOPORE	GridION	161855982.0	15516.0	WGS	GENOMIC	SINGLE	Raw reads: ONT_30859_5#89
ERR14747230	ERX14148506	ERS23812262	ERP170065	PRJEB86767	Morganella morganii		OXFORD_NANOPORE	MinION	1516613681.0	333268.0	WGS	GENOMIC	SINGLE	EXP-12-1-2025-03-14_14-42-05
SRR26135318	SRX21848662	SRS18945922	SRP462494	PRJNA1019784	Shigella sonnei	3.6.1.1.2	OXFORD_NANOPORE	GridION	197273672.0	78389.0	WGS	GENOMIC	SINGLE	WGS of Shigella in Vancouver, 2021-23
ERR1641239	ERX1711560	ERS1201854	ERP005928	PRJEB6403	Streptococcus pneumoniae	NCTC13754	PACBIO_SMRT	PacBio RS	858724839.0	163482.0	WGS	GENOMIC	SINGLE	PacBio RS sequencing
ERR11275480	ERX10683050	ERS14857451	ERP146774	PRJEB61685	Mycobacterium tuberculosis variant bovis BCG		OXFORD_NANOPORE	MinION	1121689929.0	428969.0	WGS	GENOMIC	SINGLE	MinION sequencing
SRR19519938	SRX15572369	SRS13275229	SRP378127	PRJNA819273	Staphylococcus agnetis	IVB6186	PACBIO_SMRT	Sequel II	1747651997.0	157217.0	WGS	GENOMIC	SINGLE	PacBio Sequel sequencing of camel Staphylococcaceae from the Horn of Africa
SRR28434737	SRX24038646	SRS20831685	SRP497546	PRJNA1091452	Enterococcus faecium	EF34-PS	OXFORD_NANOPORE	MinION	564978896.0	51955.0	WGS	GENOMIC	SINGLE	ONT performance study sequencing of E.faecium
SRR32364753	SRX27699393	SRS21122323	SRP444583	PRJNA962904	Escherichia coli		PACBIO_SMRT	Sequel II	554705828.0	25518.0	WGS	GENOMIC	SINGLE	PacBio sequencing of AS26976C1 for ARCH 1.0
SRR31486858	SRX26855093	SRS16760991	SRP074197	PRJNA288601	Pseudomonas aeruginosa	2023HL-00078	OXFORD_NANOPORE	MinION	532315168.0	64656.0	WGS	GENOMIC	SINGLE	Long read sequencing of carbapenemase producing organisms
SRR16602859	SRX12803990	SRS10749550	SRP343516	PRJNA775652	Ralstonia solanacearum	UW263	PACBIO_SMRT	PacBio RS	2121635819.0	203090.0	WGS	GENOMIC	SINGLE	Cool-virulence in Ralstonia solanacearum
SRR15069640	SRX11379711	SRS9424803	SRP327495	PRJNA744857	Escherichia coli	ST1642	OXFORD_NANOPORE	MinION	430516264.0	94810.0	WGS	GENOMIC	SINGLE	Escherichia coli: MC-2-304
SRR21811824	SRX17801272	SRS15326722	SRP401059	PRJNA269476	Xanthomonas oryzae pv. oryzae	IXO644	OXFORD_NANOPORE	MinION	553019188.0	68229.0	WGS	GENOMIC	SINGLE	Complete genome sequence of Xanthomonas oryzae pv. oryzae IXO644
SRR13192568	SRX9626891	SRS7827983	SRP295672	PRJNA681856	Salmonella enterica	LHICA_E1	OXFORD_NANOPORE	MinION	11988431.0	4000.0	WGS	GENOMIC	SINGLE	WGS of Salmonella enterica Lhica E161
SRR35246022	SRX30348921	SRS26392060	SRP617036	PRJNA834439	Methylorubrum extorquens	SuP10 SLI 274	PACBIO_SMRT	Sequel IIe	616974696.0	73529.0	WGS	GENOMIC	SINGLE	Methylobacterium sp. SuP10 SLI 274
SRR25466798	SRX21199623	SRS18458348	SRP452337	PRJNA1000618	Escherichia coli	Escherichia coli BL21(DE3)	OXFORD_NANOPORE	MinION	6251969.0	3999.0	WGS	GENOMIC	SINGLE	CASTVK transposition with different condition
SRR12395425	SRX8893472	SRS7152494	SRP276100	PRJNA650381	Mycobacterium tuberculosis		OXFORD_NANOPORE	MinION	1072827053.0	643473.0	WGS	GENOMIC	SINGLE	Nanopore TB WGS
SRR32046753	SRX27395881	SRS23827409	SRP504459	PRJNA1105567	Staphylococcus haemolyticus		OXFORD_NANOPORE	MinION	303952689.0	53203.0	WGS	GENOMIC	SINGLE	WGS of Staphylococcus haemolyticus: preterm infant stool
ERR13600536	ERX12971559	ERS17970319	ERP109316	PRJEB27256	Klebsiella pneumoniae		OXFORD_NANOPORE	GridION	1873531255.0	164524.0	WGS	GENOMIC	SINGLE	GridION sequencing
ERR10496759	ERX10014078	ERS14249013	ERP142629	PRJEB57633	Escherichia coli		OXFORD_NANOPORE	GridION	47351950.0	15099.0	WGS	GENOMIC	SINGLE	Raw reads: ONT_30134_6#242
SRR21133402	SRX17145765	SRS14718162	SRP392968	PRJNA747101	Mycobacterium paraterrae	DSM 45127	PACBIO_SMRT	Sequel II	28120157867.0	2994920.0	WGS	GENOMIC	SINGLE	PacBio_MTS-45
ERR5984555	ERX5624251	ERS6796386	ERP129449	PRJEB45354	Escherichia coli		OXFORD_NANOPORE	GridION	110667664.0	23344.0	WGS	GENOMIC	SINGLE	GridION sequencing; Raw reads: ONT_30602_1#40
SRR29675660	SRX25179102	SRS20798074	SRP496639	PRJNA1090044	Staphylococcus aureus	TUM20819	OXFORD_NANOPORE	MinION	94203378.0	52810.0	WGS	GENOMIC	SINGLE	WGS using ONT of Staphylococcus aureus TUM20819
SRR35106683	SRX30215438	SRS26273207	SRP611182	PRJNA1249055	Yersinia pestis	34_YP28_SZ	OXFORD_NANOPORE	PromethION	477756046.0	80666.0	WGS	GENOMIC	SINGLE	WGS of Yersinia pestis from fleas (Rhadinopsylla li ventricosa)
SRR35513778	SRX30589586	SRS26617991	SRP620300	PRJNA1328464	Campylobacter coli	GPT20-006	OXFORD_NANOPORE	GridION	10353261.0	4789.0	WGS	GENOMIC	SINGLE	Campylobacter coli, MMV kit, replicate 2, sequence replicate 2
SRR8154664	SRX4975568	SRS4013287	SRP167786	PRJNA503483	Vibrio vulnificus	CMCP6	PACBIO_SMRT	PacBio RS II	2872986170.0	163482.0	WGS	GENOMIC	SINGLE	SMRT sequencing of V. vulnificus in: seawater
SRR32655849	SRX27959943	SRS24326324	SRP569671	PRJNA912210	Prochlorococcus marinus str. MIT 1012	MIT 1012	PACBIO_SMRT	PacBio RS II	846813612.0	110684.0	WGS	GENOMIC	SINGLE	PacBio Subread data of Prochlorococcus marinus str. MIT 1012
SRR30342871	SRX25801278	SRS22432753	SRP528120	PRJNA1150149	Enterococcus faecium	ST117	OXFORD_NANOPORE	MinION	242616084.0	39218.0	WGS	GENOMIC	SINGLE	ONT long-read sequencing of potential healthcare transmission pathogens
SRR25755476	SRX21478568	SRS18711148	SRP456906	PRJNA935111	Streptomyces mirabilis	P8-A2	OXFORD_NANOPORE	MinION	1126896519.0	139292.0	WGS	GENOMIC	SINGLE	P8-A2_long-reads
SRR19539246	SRX15591277	SRS13202041	SRP377466	PRJNA842739	Klebsiella pneumoniae		OXFORD_NANOPORE	MinION	733740142.0	102410.0	WGS	GENOMIC	SINGLE	Whole genome sequencing of Klebsiella isolate
SRR12247743	SRX8755424	SRS6976290	SRP266402	PRJNA605147	Enterobacter ludwigii	RHB25-E3-C07	OXFORD_NANOPORE	GridION	213253758.0	29237.0	WGS	GENOMIC	SINGLE	Oxford Nanopore sequencing of Enterobacter cloacae isolate RH08|T2-E3C07 cultured from cattle farm sediment sample
SRR30896394	SRX26299627	SRS22828349	SRP536878	PRJNA1134622	Escherichia coli	OXEC-163	OXFORD_NANOPORE	MinION	713667014.0	224019.0	WGS	GENOMIC	SINGLE	OXEC-163
SRR16940855	SRX13132862	SRS11066462	SRP346006	PRJNA554638	Escherichia coli	ESBL13	PACBIO_SMRT	Sequel	353185503.0	70883.0	WGS	GENOMIC	SINGLE	Pacbio of ESBL producing Escherichia coli
SRR18107531	SRX14258213	SRS12077851	SRP361033	PRJNA809128	Klebsiella michiganensis	HOBD-7	OXFORD_NANOPORE	PromethION	1849766283.0	93360.0	WGS	GENOMIC	SINGLE	DNA-Seq of Klebsiella oxytoca
SRR8283324	SRX5098111	SRS4108730	SRP172559	PRJNA508212	Wolbachia endosymbiont of Brugia malayi		PACBIO_SMRT	PacBio RS II	141112203.0	76216.0	WGS	GENOMIC	SINGLE	PacBio RSII Brugia malayi with LEFT-SEQ Wolbachia capture
SRR19519879	SRX15572428	SRS13275288	SRP378127	PRJNA819273	Staphylococcus aureus	IVB6215	PACBIO_SMRT	Sequel II	3729883158.0	372281.0	WGS	GENOMIC	SINGLE	PacBio Sequel sequencing of camel Staphylococcaceae from the Horn of Africa
SRR13575408	SRX9973454	SRS8145954	SRP303741	PRJNA695586	Streptococcus pyogenes	M4C20	OXFORD_NANOPORE	MinION	3288936.0	4000.0	WGS	GENOMIC	SINGLE	Whole genome sequence of Streptococcus pyogenes strain M4C20
SRR31598876	SRX26963610	SRS23433321	SRP549287	PRJNA1185485	Escherichia coli	176	OXFORD_NANOPORE	PromethION	278067808.0	80893.0	WGS	GENOMIC	SINGLE	FW-Pig-barcode91
SRR12344012	SRX8843553	SRS7106610	SRP274107	PRJNA626345	Staphylococcus aureus	NAS_AN_143	OXFORD_NANOPORE	MinION	140001615.0	9798.0	WGS	GENOMIC	SINGLE	WGS Staphylococcus aureus among Native Americans in the  southwest US
ERR904398	ERX983686	ERS684470	ERP009820	PRJEB8783	Mycobacterium tuberculosis	3565STDY6067020	PACBIO_SMRT	PacBio RS	891334705.0	163482.0	WGS	GENOMIC	SINGLE	PacBio RS sequencing
SRR33323174	SRX28567610	SRS24861717	SRP581476	PRJNA1255637	Staphylococcus aureus	ONT-SA10	OXFORD_NANOPORE	GridION	3379734155.0	768530.0	WGS	GENOMIC	SINGLE	ONT-SA10
SRR29778986	SRX25278894	SRS21698272	SRP418402	PRJNA925803	Streptococcus dysgalactiae subsp. equisimilis	MGCS35893	OXFORD_NANOPORE	GridION	618149818.0	578661.0	WGS	GENOMIC	SINGLE	WGS of Streptococcus dysgalactiae subsp. equisimilis
ERR3685801	ERX3675405	ERS4047602	ERP114207	PRJEB31632	bacterium		OXFORD_NANOPORE	GridION	382889254.0	85147.0	WGS	GENOMIC	SINGLE	GridION sequencing
SRR27479382	SRX23150745	SRS20101312	SRP482875	PRJNA1037062	Bacillus toyonensis	PS03073	OXFORD_NANOPORE	MinION	77066566.0	19410.0	WGS	GENOMIC	SINGLE	WGS of bacterial isolate: Environmental isolate
SRR25466911	SRX21199509	SRS18458348	SRP452337	PRJNA1000618	Escherichia coli	Escherichia coli BL21(DE3)	OXFORD_NANOPORE	MinION	6252966.0	3999.0	WGS	GENOMIC	SINGLE	CASTVK transposition with different condition
SRR31598900	SRX26963585	SRS23433296	SRP549287	PRJNA1185485	Escherichia coli	944	OXFORD_NANOPORE	PromethION	345835743.0	89350.0	WGS	GENOMIC	SINGLE	wwtp-9n14-barcode11
DRR609297	DRX589844	DRS420086	DRP012129	PRJDB17857	Sulfurospirillaceae bacterium	ADMFC2	PACBIO_SMRT	Sequel IIe	248143093.0	32749.0	WGS	GENOMIC	SINGLE	Sequel IIe sequencing of SAMD00764426
SRR23725206	SRX19585788	SRS16968665	SRP426074	PRJNA941188	Priestia megaterium DSM 319	DSM 319	OXFORD_NANOPORE	MinION	281349657.0	32509.0	WGS	GENOMIC	SINGLE	WGS of Priestia megaterium: cell culture
SRR8538956	SRX5341413	SRS4334092	SRP184197	PRJNA521119	Staphylococcus pseudintermedius	51_92	OXFORD_NANOPORE	MinION	418474312.0	98978.0	WGS	GENOMIC	SINGLE	MinION Sequencing of Staphylocccus pseudintermedius: canine bacteremia
SRR27179997	SRX22860479	SRS19835777	SRP477403	PRJNA1049513	Vibrio sp. PBL-C16	PBL-C16	OXFORD_NANOPORE	MinION	71551.0	20.0	WGS	GENOMIC	SINGLE	Vibrio sp. PBL-C16 Genome sequencing and assembly
ERR1173482	ERX1246911	ERS846862	ERP005928	PRJEB6403	Staphylococcus aureus	NCTC13196	PACBIO_SMRT	PacBio RS	3280550042.0	163482.0	WGS	GENOMIC	SINGLE	PacBio RS sequencing
SRR16556289	SRX12758421	SRS10705717	SRP342946	PRJNA733236	Streptomyces sp. YPW6	YPW6	OXFORD_NANOPORE	GridION	1639431807.0	146039.0	WGS	GENOMIC	SINGLE	YPW6
SRR28434653	SRX24038584	SRS20831695	SRP497546	PRJNA1091452	Listeria monocytogenes	L-10	OXFORD_NANOPORE	MinION	563394199.0	162546.0	WGS	GENOMIC	SINGLE	ONT performance study sequencing of L. monocytogenes
SRR23952319	SRX19761127	SRS16998112	SRP426539	PRJNA930584	Mucilaginibacter jinjuensis	KACC 16571	PACBIO_SMRT	Sequel II	1140048571.0	122630.0	WGS	GENOMIC	PAIRED	Genome sequencing KACC 16571
SRR15247044	SRX11552873	SRS9591627	SRP329872	PRJNA749657	Bacteroides thetaiotaomicron	VPI-5482	OXFORD_NANOPORE	MinION	1058999685.0	217774.0	WGS	GENOMIC	SINGLE	Whole-genome sequencing of a clone TDA1000 (Wild-type; ancestral) - long-reads sequenced
SRR15989498	SRX12278041	SRS9999182	SRP357537	PRJNA801416	Enterobacter cloacae	E1057	OXFORD_NANOPORE	GridION	906464562.0	136377.0	WGS	GENOMIC	SINGLE	Whole Genome Sequencing of Carbapenemase-producing Enterobacterales (CPE)
SRR31599567	SRX26964115	SRS23433827	SRP549287	PRJNA1185485	Escherichia coli	398	OXFORD_NANOPORE	PromethION	395827313.0	74340.0	WGS	GENOMIC	SINGLE	pig-inf-barcode33
SRR23629328	SRX19513101	SRS16900541	SRP424737	PRJNA939143	Klebsiella pneumoniae	not applicable	OXFORD_NANOPORE	MinION	1432462929.0	303591.0	WGS	GENOMIC	SINGLE	OB0018N1_Nanopore
SRR857306	SRX282102	SRS424557	SRP022878	PRJNA203022	Escherichia coli Bal225	Bal225	PACBIO_SMRT	PacBio RS	1667481978.0	326964.0	WGS	GENOMIC	SINGLE	E. coli Bal225 PacBio RS
ERR10499763	ERX10017045	ERS14248183	ERP142363	PRJEB57392	Escherichia coli		OXFORD_NANOPORE	MinION	424906048.0	705824.0	WGS	GENOMIC	PAIRED	MinION paired end sequencing
ERR6536223	ERX6163046	ERS3927658	ERP023216	PRJEB20997	Salmonella enterica		PACBIO_SMRT	Sequel II	1149411015.0	285496.0	WGS	GENOMIC	SINGLE	Sequel II sequencing
SRR34573153	SRX29714804	SRS25823686	SRP601637	PRJNA1292907	Mycobacterium tuberculosis	not applicable	OXFORD_NANOPORE	MinION	352089445.0	556801.0	WGS	GENOMIC	SINGLE	Whole genome sequencing
DRR097376	DRX090863	DRS101342	DRP005224	PRJDB5838	Helicobacter pylori	PIK2_2	PACBIO_SMRT	PacBio RS II	1282037516.0	163482.0	WGS	GENOMIC	SINGLE	PacBio RS II sequencing of SAMD00084363
SRR32364664	SRX27699482	SRS21122314	SRP444583	PRJNA962904	Escherichia coli		PACBIO_SMRT	Sequel II	336497351.0	16878.0	WGS	GENOMIC	SINGLE	PacBio sequencing of AS26965E1 for ARCH 1.0
SRR35148140	SRX30253771	SRS26305646	SRP613295	PRJNA711003	Pseudomonas sp. PvP088	PvP088	PACBIO_SMRT	Sequel II	235679579.0	37685.0	WGS	GENOMIC	SINGLE	Pseudomonas sp. PvP088
SRR24620912	SRX20401662	SRS17709046	SRP438214	PRJNA391502	Curtobacterium sp. MCLR17_031	MCLR17_031	OXFORD_NANOPORE	MinION	565465163.0	68896.0	WGS	GENOMIC	SINGLE	Curtobacterium isolate from plant litter collected from California Grassland site of elevation gradient
SRR30149447	SRX25617186	SRS21937411	SRP518730	PRJNA1133668	Serratia marcescens	SM14	OXFORD_NANOPORE	MinION	294531704.0	29943.0	WGS	GENOMIC	SINGLE	Nanopore sequencing of clinical CRE isolates: human
SRR386350	SRX109871	SRS212334	SRP007230	PRJNA64831	Bacteroides finegoldii CL09T03C10	CL09T03C10	PACBIO_SMRT	PacBio RS	50126129.0	81741.0	WGS	GENOMIC	SINGLE	Whole Genome Sequencing and Assembly
SRR5182169	SRX2498276	SRS1925129	SRP096895	PRJNA353873	Mycobacterium tuberculosis		PACBIO_SMRT	PacBio RS	265281416.0	163482.0	WGS	GENOMIC	SINGLE	DNA of Mtb
SRR5826154	SRX3003923	SRS1832396	SRP094480	PRJNA279196	Bordetella pertussis	F011	PACBIO_SMRT	PacBio RS II	1220461334.0	163482.0	WGS	GENOMIC	SINGLE	
ERR4586355	ERX4520197	ERS5060053	ERP123927	PRJEB40306	Serratia marcescens subsp. marcescens ATCC 13880	ATCC 13880	PACBIO_SMRT	PacBio RS II	997201504.0	163482.0	WGS	GENOMIC	SINGLE	PacBio RS II sequencing; PacBio SMRT sequencing; Evolution of the bacterium Serratia marcescens under several experimental temperature treatments
SRR25904912	SRX21625006	SRS18796697	SRP458385	PRJNA690638	Chryseobacterium indoltheticum	POL15	OXFORD_NANOPORE	GridION	2500016656.0	339242.0	WGS	GENOMIC	SINGLE	DNA-seq of Chryseobacterium indoltheticum POL15
SRR27336669	SRX23013496	SRS19865012	SRP478122	PRJNA1044843	Escherichia coli	ExPEC_A163	OXFORD_NANOPORE	MinION	912676108.0	36104.0	WGS	GENOMIC	SINGLE	High-quality long-reads of the genome from swine-derived extraintestinal pathogenic Escherichia coli
SRR12298945	SRX8802268	SRS6792675	SRP266402	PRJNA605147	Escherichia coli	RHB09-C09	PACBIO_SMRT	PacBio RS II	1331708344.0	165608.0	WGS	GENOMIC	SINGLE	PACBIO_SMRT sequencing of Escherichia coli isolate RH08|T1-C09 cultured from Cattle faeces sample
DRR322658	DRX311988	DRS207462	DRP007795	PRJDB12453	Escherichia coli	Rb-50	OXFORD_NANOPORE	GridION	1041463543.0	81511.0	WGS	GENOMIC	SINGLE	GridION sequencing of SAMD00411243
SRR1608932	SRX729642	SRS718984	SRP040661	PRJNA231221	Citrobacter freundii	FDAARGOS_61	PACBIO_SMRT	PacBio RS	1075049174.0	163482.0	WGS	GENOMIC	SINGLE	
SRR22784702	SRX18744742	SRS16179820	SRP413484	PRJNA912639	Escherichia coli	EC_D_6245_C6_H_CuP_CeP	OXFORD_NANOPORE	MinION	496435271.0	59593.0	WGS	GENOMIC	SINGLE	WGS of Escherichia coli
ERR2861584	ERX2867822	ERS525243	ERP006597	PRJEB6927	Burkholderia vietnamiensis	BBG1222	PACBIO_SMRT	PacBio RS	585312252.0	163482.0	WGS	GENOMIC	SINGLE	PacBio RS sequencing
SRR19357544	SRX15416257	SRS12115343	SRP361569	PRJNA768416	Lysinibacillus sp. FSL M8-0216	FSL M8-0216	OXFORD_NANOPORE	MinION	279157777.0	46678.0	WGS	GENOMIC	SINGLE	WGS of Bacilli
SRR24139772	SRX19938633	SRS17287342	SRP247747	PRJNA604975	Escherichia coli	ox_bsi_540	OXFORD_NANOPORE	GridION	1176516752.0	210219.0	WGS	GENOMIC	SINGLE	oxford_bsi
SRR28527199	SRX24128005	SRS20913379	SRP499270	PRJNA1081344	Spirobacillus cienkowskii	FI-SP1	OXFORD_NANOPORE	MinION	4450905037.0	5283013.0	WGS	GENOMIC	SINGLE	Basecalled ONT Sequences of Spirobacillus cienkowskii: FI-SP1
SRR353402	SRX101287	SRS259595	SRP008003	PRJNA68155	Escherichia coli O104:H4 str. C236-11	C236-11	PACBIO_SMRT	PacBio RS	48410953.0	81741.0	WGS	GENOMIC	SINGLE	Genome Sequencing and Assembly of E. coli O104:H4 strains
ERR4763097	ERX4636150	ERS5247819	ERP124695	PRJEB40976	Enterococcus faecalis		OXFORD_NANOPORE	GridION	646430836.0	35421.0	WGS	GENOMIC	SINGLE	GridION sequencing; Raw reads: 27725_1#182
SRR25890246	SRX21610593	SRS18783820	SRP458186	PRJNA1012291	Enterococcus	Enterococcus faecium	OXFORD_NANOPORE	MinION	432260419.0	224763.0	WGS	GENOMIC	SINGLE	Nanopore sequencing data of VRE
ERR11806635	ERX11204995	ERS16226707	ERP119900	PRJEB36683	Klebsiella pneumoniae 11227-1		OXFORD_NANOPORE	MinION	157207698.0	61810.0	WGS	GENOMIC	SINGLE	MinION sequencing; Raw reads: plasmid_ERR3891195
SRR36444445	SRX31469278	SRS27451759	SRP655075	PRJNA1381232	Escherichia coli	missing	OXFORD_NANOPORE	MinION	727147761.0	135584.0	WGS	GENOMIC	SINGLE	Whole genome sequence of Escherichia coli; obtained from cloacal swabs of wild bird
ERR2352411	ERX2403287	ERS1932699	ERP005928	PRJEB6403	Urinicoccus massiliensis	3012STDY7089603	PACBIO_SMRT	PacBio RS	1087713956.0	163482.0	WGS	GENOMIC	SINGLE	PacBio RS sequencing
ERR13326681	ERX12697709	ERS20295450	ERP161282	PRJEB76791	Salmonella enterica subsp. enterica serovar Agona		OXFORD_NANOPORE	MinION	167054497.0	51338.0	WGS	GENOMIC	SINGLE	MinION sequencing
DRR245306	DRX235099	DRS159279	DRP006629	PRJDB10541	Enterobacter hormaechei subsp. xiangfangensis	NE_JUE15	OXFORD_NANOPORE	MinION	47378975.0	41396.0	WGS	GENOMIC	SINGLE	MinION sequencing of SAMD00246031
SRR21047274	SRX17062658	SRS14646619	SRP392118	PRJNA869425	Pectobacterium parvum	YT22221	OXFORD_NANOPORE	PromethION	1883388518.0	329162.0	WGS	GENOMIC	SINGLE	DNASeq
SRR13449046	SRX9862324	SRS8042175	SRP295672	PRJNA681856	Salmonella enterica subsp. salamae	LHICA_SA3	OXFORD_NANOPORE	MinION	27828299.0	4000.0	WGS	GENOMIC	SINGLE	WGS of Salmonella Lhica SA3_95
SRR29882858	SRX25379163	SRS15992838	SRP395888	PRJNA812595	Klebsiella michiganensis	2022CK-00623	OXFORD_NANOPORE	GridION	576454389.0	101005.0	WGS	GENOMIC	SINGLE	Nanopore sequencing of ARLN isolate
SRR36388041	SRX31416418	SRS27399772	SRP653897	PRJNA1378463	Klebsiella pneumoniae	#4387	OXFORD_NANOPORE	MinION	333394053.0	79058.0	WGS	GENOMIC	SINGLE	WGS of Klebsiella pneumoniae ST307 and ST5994: clinical isolates from Cantabria (Spain)
SRR30200649	SRX25663734	SRS22306272	SRP525621	PRJNA1133913	Klebsiella pneumoniae	8_kpn	OXFORD_NANOPORE	GridION	361434431.0	26851.0	WGS	GENOMIC	SINGLE	ONT seq of kpn:bronchoalveolar lavage
SRR36475937	SRX31497899	SRS27478268	SRP655800	PRJNA555636	Mycobacterium tuberculosis	SEA17020034	PACBIO_SMRT	PacBio RS II	755859124.0	128471.0	WGS	GENOMIC	SINGLE	DNA-Seq of Mycobacterium tuberculosis from sputum
SRR31093293	SRX26476362	SRS22990775	SRP451765	PRJNA998448	Listeria monocytogenes	WRLP17	OXFORD_NANOPORE	MinION	1080632661.0	192000.0	WGS	GENOMIC	SINGLE	Nanopore raw reads of Listeria monocytogenes
ERR10498331	ERX10015620	ERS14255414	ERP142629	PRJEB57633	Escherichia coli		OXFORD_NANOPORE	GridION	67805168.0	11361.0	WGS	GENOMIC	SINGLE	Raw reads: ONT_30345_1#112
SRR16683353	SRX12883924	SRS10826574	SRP344087	PRJNA767613	Pectobacterium versatile	SR12	OXFORD_NANOPORE	GridION	2666391099.0	120189.0	WGS	GENOMIC	SINGLE	Whole genome of soft rot bacteria
SRR15989013	SRX12277854	SRS9998797	SRP357537	PRJNA801416	Enterobacter cloacae	719	OXFORD_NANOPORE	GridION	778814560.0	71627.0	WGS	GENOMIC	SINGLE	Whole Genome Sequencing of Carbapenemase-producing Enterobacterales (CPE)
SRR30149393	SRX25617240	SRS21937554	SRP518730	PRJNA1133668	Klebsiella variicola	ST597KV1	OXFORD_NANOPORE	MinION	443327874.0	54949.0	WGS	GENOMIC	SINGLE	Nanopore sequencing of clinical CRE isolates: human
ERR15729315	ERX15134443	ERS26771574	ERP179457	PRJEB96843	Salmonella enterica subsp. enterica serovar Infantis		OXFORD_NANOPORE	MinION	410503567.0	26081.0	WGS	GENOMIC	SINGLE	MinION sequencing
SRR6277538	SRX3380180	SRS1256868	SRP068736	PRJNA292901	Escherichia coli	AR_0015	PACBIO_SMRT	PacBio RS II	644924203.0	163482.0	WGS	GENOMIC	SINGLE	PacBio SMRT Sequencing of Escherichia coli FDA-CDC-AR_0015 Genomic Library
SRR15989611	SRX12277928	SRS9998964	SRP357537	PRJNA801416	Escherichia coli	167	OXFORD_NANOPORE	GridION	935174315.0	116762.0	WGS	GENOMIC	SINGLE	Whole Genome Sequencing of Carbapenemase-producing Enterobacterales (CPE)
ERR980633	ERX1057505	ERS718605	ERP005928	PRJEB6403	Escherichia coli	NCTC11475	PACBIO_SMRT	PacBio RS	1148222217.0	163482.0	WGS	GENOMIC	SINGLE	PacBio RS sequencing
ERR2797078	ERX2806097	ERS2735140	ERP110894	PRJEB28660	Pseudomonas aeruginosa		OXFORD_NANOPORE	MinION	97004343.0	10043.0	WGS	GENOMIC	SINGLE	MinION sequencing
DRR206403	DRX196796	DRS217730	DRP008011	PRJDB9236	Bacillus cereus	30043	OXFORD_NANOPORE	MinION	1745574662.0	266185.0	WGS	GENOMIC	SINGLE	MinION sequencing of SAMD00203339
ERR5353243	ERX5141278	ERS5752974	ERP126298	PRJEB42440	Enterobacter cloacae		OXFORD_NANOPORE	MinION	260933417.0	44339.0	WGS	GENOMIC	SINGLE	MinION sequencing
SRR35213142	SRX30317216	SRS26364150	SRP615992	PRJNA1301220	Acinetobacter baumannii	ABO22-A086	OXFORD_NANOPORE	MinION	302656421.0	49794.0	WGS	GENOMIC	SINGLE	Whole geneme sequencing of Acinetobacter baumannii: isolates of the Ab-One study
SRR2120745	SRX1113190	SRS995068	SRP061308	PRJNA290306	Acinetobacter baumannii	XH857	PACBIO_SMRT	PacBio RS II	390667635.0	163482.0	WGS	GENOMIC	SINGLE	Acinetobacter baumannii XH857 Genome sequencing (OXA-23)
SRR32486129	SRX27799544	SRS21156376	SRP390960	PRJNA857526	Shigella sonnei	AUSMDU00036386	OXFORD_NANOPORE	PromethION	796515251.0	242985.0	WGS	GENOMIC	SINGLE	WGS of Escherichia/Shigella species from ONT reads
SRR22859870	SRX18818714	SRS16251886	SRP414408	PRJNA914892	Staphylococcus aureus	C887	OXFORD_NANOPORE	MinION	238795958.0	110909.0	WGS	GENOMIC	SINGLE	Long read ONT WGS of Staphylococcus aureus isolates from Chronic Rhinosinusitis Patients
SRR28781545	SRX24346130	SRS21105116	SRP503596	PRJNA1103744	Streptococcus pneumoniae	M264-3	PACBIO_SMRT	Sequel II	2321481368.0	243926.0	WGS	GENOMIC	SINGLE	Pacbio sequencing of strain M264-3
SRR27467572	SRX23139058	SRS20090113	SRP482617	PRJNA942599	Staphylococcus aureus	Dog101	PACBIO_SMRT	Sequel II	930589399.0	83928.0	WGS	GENOMIC	SINGLE	PacBio sequencing of canine Staphylococcaceae isolated from a Kenyan shelter in June 2060
SRR32316161	SRX27651562	SRS24057375	SRP560996	PRJNA1218017	Bacteroides thetaiotaomicron	vpi-5482	OXFORD_NANOPORE	MinION	401458360.0	72000.0	WGS	GENOMIC	SINGLE	WGS of Bacteroides thetatiotaomicron grown on different carbon sources
SRR9221377	SRX5992009	SRS4897148	SRP191068	PRJNA528511	Escherichia coli	GTEN_56	OXFORD_NANOPORE	GridION	917271394.0	213994.0	WGS	GENOMIC	SINGLE	Global TravEpiNet AMR surveillance Genome sequencing and assembly
SRR35217036	SRX30320849	SRS26367317	SRP616192	PRJNA834268	Bradyrhizobium elkanii	USDA 77	PACBIO_SMRT	Sequel II	377937987.0	40527.0	WGS	GENOMIC	SINGLE	Bradyrhizobium elkanii USDA 77
SRR305939	SRX081567	SRS212041	SRP007207	PRJNA68253	Escherichia coli		PACBIO_SMRT	PacBio RS	247765581.0	81741.0	WGS	GENOMIC	SINGLE	Whole Genome Sequencing of E. coli isolate C227-11 (CCS)
SRR10319747	SRX7030661	SRS5550840	SRP224882	PRJNA483500	Escherichia coli O145	RM12275-C1	PACBIO_SMRT	PacBio RS II	398026074.0	163482.0	WGS	GENOMIC	SINGLE	Complete genome sequence of a Shiga toxin-producing Escherichia coli environmental isolate
ERR9364058	ERX8906307	ERS11202283	ERP136327	PRJEB51675	Vibrio cholerae O1 biovar El Tor	not provided	OXFORD_NANOPORE	MinION	886577961.0	102735.0	WGS	GENOMIC	SINGLE	MinION sequencing
SRR29015159	SRX24541741	SRS21286469	SRP506715	PRJNA981225	Salmonella enterica subsp. enterica serovar Typhimurium	SH16G2349	OXFORD_NANOPORE	PromethION	1000054633.0	21649.0	WGS	GENOMIC	SINGLE	raw sequence data of Salmonella enterica subsp. enterica serovar Typhimurium SH16G2349 using third-generation sequencing
SRR30149257	SRX25617376	SRS21937469	SRP518730	PRJNA1133668	Klebsiella pneumoniae	ST76KP2	OXFORD_NANOPORE	MinION	144410366.0	13612.0	WGS	GENOMIC	SINGLE	Nanopore sequencing of clinical CRE isolates: human
SRR22405912	SRX18375589	SRS15861910	SRP409699	PRJNA887339	Escherichia coli	R3	OXFORD_NANOPORE	MinION	2160253279.0	794365.0	WGS	GENOMIC	SINGLE	WGS of E. coli strain R3-1063
SRR4237161	SRX2158397	SRS1687796	SRP089590	PRJNA331288	Paraburkholderia phenazinium	GAS86	PACBIO_SMRT	PacBio RS	28396918.0	13444.0	WGS	GENOMIC	SINGLE	Burkholderia phenazinium GAS86
SRR30463970	SRX25889101	SRS22487409	SRP529298	PRJNA1140005	Leptotrichia rugosa	HSP-334	OXFORD_NANOPORE	PromethION	1221083100.0	4070277.0	WGS	GENOMIC	SINGLE	DNA-Seq of Fusobacteria:human oral cavity
SRR35898324	SRX30947605	SRS26789178	SRP074197	PRJNA288601	Escherichia coli	2025CK-01090	OXFORD_NANOPORE	GridION	576112179.0	65887.0	WGS	GENOMIC	SINGLE	Nanopore sequencing of ARLN isolate
SRR34728990	SRX29863366	SRS25966283	SRP603830	PRJNA1297335	Massilia aurea	SC09	OXFORD_NANOPORE	GridION	1937000784.0	284559.0	WGS	GENOMIC	SINGLE	ONP sequencing of phyllosphere bacteria
SRR6148260	SRX3260291	SRS2573625	SRP098614	PRJNA362284	Clostridiales bacterium	ACSP16	PACBIO_SMRT	PacBio RS II	1547970578.0	163482.0	WGS	GENOMIC	SINGLE	PacBio P6 isolated bacteria
DRR495228	DRX479402	DRS320259	DRP010421	PRJDB16288	Neisseria meningitidis	Neisseria meningitidis strain NIID838	OXFORD_NANOPORE	MinION	79799509.0	10272.0	WGS	GENOMIC	SINGLE	MinION sequencing of SAMD00633262
SRR30357353	SRX25815398	SRS22141497	SRP074197	PRJNA288601	Klebsiella pneumoniae	2024CK-01047	OXFORD_NANOPORE	GridION	781534275.0	80862.0	WGS	GENOMIC	SINGLE	Nanopore sequencing of ARLN isolate
SRR6037663	SRX3185863	SRS2514204	SRP117649	PRJNA401330	Pseudomonas aeruginosa	CCUG 70744	PACBIO_SMRT	PacBio RS II	1161437109.0	163482.0	WGS	GENOMIC	SINGLE	PacBio of Pseudomonas aeruginosa CCUG 70744
SRR11195333	SRX7815352	SRS6226746	SRP250968	PRJNA609037	Burkholderia cenocepacia H111	H111	PACBIO_SMRT	PacBio RS II	2634777502.0	163482.0	WGS	GENOMIC	SINGLE	PacBio methylome: Burkholderia cenocepacia H111WT
SRR9213980	SRX5984732	SRS4729778	SRP188851	PRJNA523365	Mycobacterium avium complex sp.	JHN_AV_0013_1A	OXFORD_NANOPORE	GridION	635122702.0	336211.0	WGS	GENOMIC	SINGLE	Sequencing of non-tuberculosis mycobacteria
ERR601544	ERX558373	ERS437415	ERP005355	PRJEB5919	Salmonella enterica subsp. enterica serovar Typhi		PACBIO_SMRT	PacBio RS	430491220.0	163482.0	WGS	GENOMIC	SINGLE	PacBio RS sequencing
SRR14272147	SRX10633788	SRS8730028	SRP315092	PRJNA721536	Enterobacter roggenkampii	24M	OXFORD_NANOPORE	MinION	107427832.0	26437.0	WGS	GENOMIC	SINGLE	blandm and blactx-m co-harbouring Enterobacter
SRR498011	SRX148634	SRS281882	SRP013241	PRJNA73829	Vibrio cholerae		PACBIO_SMRT	PacBio RS	2445754.0	6576.0	WGS	GENOMIC	SINGLE	
SRR34967254	SRX30086311	SRS26152626	SRP608514	PRJNA1305037	Escherichia coli	MI_KPC_231	OXFORD_NANOPORE	PromethION	500000534.0	89337.0	WGS	GENOMIC	SINGLE	KPC CRE collection from state of Michigan
ERR16001386	ERX15396620	ERS28312880	ERP185857	PRJEB104599	Staphylococcus aureus		OXFORD_NANOPORE	MinION	610049139.0	476689.0	WGS	GENOMIC	SINGLE	Raw reads: Staphylococcus aureus LFMFP strain 288
SRR13289849	SRX9718897	SRS7252463	SRP278657	PRJNA658369	Klebsiella pneumoniae	ARLG-4723	OXFORD_NANOPORE	GridION	1896920083.0	592250.0	WGS	GENOMIC	SINGLE	ONT seq of K. pneumoniae
SRR36496391	SRX31517804	SRS27497186	SRP656241	PRJNA1293716	Borreliella burgdorferi	Bb16 131	OXFORD_NANOPORE	MinION	191311646.0	72118.0	WGS	GENOMIC	SINGLE	Whole genome sequencing of Borrelia burgdorferi Strain Bb16 131
SRR27973026	SRX23626139	SRS20465836	SRP489819	PRJNA1076692	Pseudomonas aeruginosa	RIVM_C050529_dorado	OXFORD_NANOPORE	MinION	419863293.0	140667.0	WGS	GENOMIC	SINGLE	RIVM_C050529_dorado
ERR12686584	ERX12060688	ERS18335000	ERP157651	PRJEB72852	Streptococcus pyogenes M1 GAS	SF370	OXFORD_NANOPORE	MinION	535550487.0	178453.0	WGS	GENOMIC	SINGLE	MinION sequencing
SRR23803329	SRX19635195	SRS17004227	SRP413090	PRJNA912184	Salmonella enterica	CRIN541822	OXFORD_NANOPORE	MinION	1348494637.0	304771.0	WGS	GENOMIC	SINGLE	Closed genomes of four Salmonella enterica serotype Infantis isolated in Costa Rica
SRR29774354	SRX25274351	SRS21958340	SRP519253	PRJNA1129310	Escherichia coli	63233_lr	OXFORD_NANOPORE	MinION	552152572.0	147393.0	WGS	GENOMIC	SINGLE	Enterobacterales resistant to extended-spectrum cephalosporins in the Tunisian population
SRR31598987	SRX26963498	SRS23433210	SRP549287	PRJNA1185485	Escherichia coli	689	OXFORD_NANOPORE	PromethION	1555948214.0	340000.0	WGS	GENOMIC	SINGLE	W3R-barcode08
SRR29384784	SRX24898885	SRS21605142	SRP512887	PRJNA991498	Microbacterium maritypicum		PACBIO_SMRT	Sequel II	882219137.0	89156.0	WGS	GENOMIC	SINGLE	Long-read sequencing of Microbacterium liquefaciens, Isolate 1 of Microcosm 2 of condition CAtCtMl
ERR1080521	ERX1160111	ERS744790	ERP005928	PRJEB6403	Escherichia coli	NCTC9703	PACBIO_SMRT	PacBio RS	93148981.0	163482.0	WGS	GENOMIC	SINGLE	PacBio RS sequencing
SRR25467176	SRX21199748	SRS18458352	SRP452337	PRJNA1000618	Escherichia coli	Escherichia coli BL21(DE3)	OXFORD_NANOPORE	MinION	1258904.0	908.0	WGS	GENOMIC	SINGLE	CASTVK transposition with different condition
DRR378481	DRX364382	DRS241846	DRP008598	PRJDB13586	Campylobacter jejuni	THJ059	OXFORD_NANOPORE	MinION	276768916.0	43639.0	WGS	GENOMIC	SINGLE	SSUB21860 : Campylobacter jejuni THJ059
DRR538180	DRX521999	DRS397814	DRP011824	PRJDB17661	Blautia hominis	k04-0078-D8-1	PACBIO_SMRT	Sequel	288713002.0	21334.0	WGS	GENOMIC	SINGLE	Sequel single end sequencing of  SAMD00759030
SRR12343966	SRX8843599	SRS7106652	SRP274107	PRJNA626345	Staphylococcus aureus	NAS_OP_017	OXFORD_NANOPORE	MinION	160006797.0	13497.0	WGS	GENOMIC	SINGLE	WGS Staphylococcus aureus among Native Americans in the  southwest US
SRR19165789	SRX15231973	SRS12965131	SRP374671	PRJNA836696	Enterobacter hormaechei	70	OXFORD_NANOPORE	GridION	821862933.0	110997.0	WGS	GENOMIC	SINGLE	ONT long-read sequencing of carbapenem non-susceptible Enterobacterales
SRR34090093	SRX29278327	SRS25457352	SRP593573	PRJNA1280284	Burkholderia pseudomallei	Burkholderia pseudomallei-5	PACBIO_SMRT	PacBio RS II	470021561.0	61849.0	WGS	GENOMIC	SINGLE	WGS of Burkholderia pseudomallei
ERR10499452	ERX10016738	ERS14256924			Escherichia coli		OXFORD_NANOPORE	GridION	117995994.0	7386.0	WGS	GENOMIC	SINGLE	GridION sequencing; Raw reads: ONT_30224_1#308
SRR28350918	SRX23956247	SRS20464939	SRP489808	PRJNA1076669	Escherichia coli	K-12 MG1655	OXFORD_NANOPORE	GridION	1089346472.0	99975.0	WGS	GENOMIC	SINGLE	Ecoli_DM_Rep2_4kHz_grid_kit09_v2
ERR772450	ERX715329	ERS647566	ERP005928	PRJEB6403	Salmonella enterica subsp. salamae	NCTC9606	PACBIO_SMRT	PacBio RS	802773986.0	163482.0	WGS	GENOMIC	SINGLE	PacBio RS sequencing
SRR11951435	SRX8495837	SRS6794772	SRP266435	PRJNA637662	Rhodococcus sp. W8901	W8901	OXFORD_NANOPORE	MinION	1147961600.0	167065.0	WGS	GENOMIC	SINGLE	WGS of Rhodococcus sp. W8901 with Oxford Nanopore Technologies MinION
SRR23145499	SRX19096324	SRS16511576	SRP200910	PRJNA548006	Acinetobacter baumannii	37662RM1d21	OXFORD_NANOPORE	MinION			WGS	GENOMIC	SINGLE	Nanopore sequencing of genome of 37662RM1 A. baumannii strain cultured in medium without carbapenme for 21 days
SRR27779096	SRX23444000	SRS20297346	SRP486696	PRJNA1070974	Propionibacterium freudenreichii	TL110	OXFORD_NANOPORE	PromethION	1494806001.0	425071.0	WGS	GENOMIC	SINGLE	WGS of Propionibacterium freudenreichii strain TL110: CIRM-BIA Culture
SRR21696261	SRX17694004	SRS11554585	SRP354045	PRJNA747871	Streptomyces niveus	NBC_01507	OXFORD_NANOPORE	MinION	584427794.0	63130.0	WGS	GENOMIC	SINGLE	nanopore sequencing data from strain NBC_01507
SRR10211332	SRX6930912	SRS5461207	SRP191068	PRJNA528511	Escherichia coli	GTEN_326	OXFORD_NANOPORE	GridION	892480418.0	1187594.0	WGS	GENOMIC	SINGLE	Global TravEpiNet AMR surveillance Genome sequencing and assembly
SRR8488419	SRX5293006	SRS900961	SRP042343	PRJNA243331	Salmonella enterica subsp. enterica serovar Anatum	CFSAN002008	PACBIO_SMRT	Sequel	1881824876.0	285615.0	WGS	GENOMIC	SINGLE	Whole genome PacBio Sequel sequence of Salmonella enterica subsp. enterica serovar Anatum
SRR18709643	SRX14810456	SRS12567248	SRP369314	PRJNA696472	Rhizobium leguminosarum	USDA 7018	PACBIO_SMRT	Sequel II	6421839487.0	708356.0	WGS	GENOMIC	SINGLE	Rhizobium leguminosarum bv. trifolii USDA 7018
SRR10568395	SRX7249890	SRS5748203	SRP234258	PRJNA592372	Escherichia coli	US32	PACBIO_SMRT	Sequel	858600364.0	185385.0	WGS	GENOMIC	SINGLE	Long-read sequencing of Escherichia coli US32
ERR5353126	ERX5141161	ERS5752860	ERP126298	PRJEB42440	Escherichia coli		OXFORD_NANOPORE	MinION	179511031.0	30222.0	WGS	GENOMIC	SINGLE	MinION sequencing
SRR16602797	SRX12804052	SRS10749612	SRP343516	PRJNA775652	Ralstonia solanacearum	CIP310_UW495	PACBIO_SMRT	PacBio RS	1805481806.0	184947.0	WGS	GENOMIC	SINGLE	Cool-virulence in Ralstonia solanacearum
SRR10336615	SRX7046693	SRS688246	SRP226723	PRJNA541969	Listeria monocytogenes	CFSAN023468	OXFORD_NANOPORE	GridION	403777192.0	45482.0	WGS	GENOMIC	SINGLE	Closed genomes of twenty-eight foodborne pathogens from the CFSAN validation set by a combination of long and short-reads
SRR10985361	SRX7647726	SRS6077360	SRP245891	PRJNA603771	Pseudoflavonifractor phocaeensis	GC444_b	PACBIO_SMRT	PacBio RS II	3479223820.0	438479.0	WGS	GENOMIC	SINGLE	WGS_of_Pseudoflavonifractor phocaeensis
SRR900536	SRX305589	SRS444718	SRP026026	PRJNA191795	Mycobacterium intracellulare 1956	1956	PACBIO_SMRT	PacBio RS	361236929.0	81741.0	WGS	GENOMIC	SINGLE	
SRR31176221	SRX26558963	SRS23064473	SRP477340	PRJNA805195	Streptococcus suis	not applicable	OXFORD_NANOPORE	MinION	113298268.0	30198.0	WGS	GENOMIC	SINGLE	SSUIS-Pig-OK74078CY240204
ERR8007825	ERX7573494	ERS9899391	ERP131998	PRJEB47698	Klebsiella oxytoca		OXFORD_NANOPORE	MinION	295255333.0	38068.0	WGS	GENOMIC	SINGLE	MinION sequencing
SRR16525271	SRX12727843	SRS10676777	SRP342584	PRJNA768992	Salmonella enterica subsp. enterica serovar Heidelberg	SA02DT10168701	OXFORD_NANOPORE	MinION	395005260.0	74375.0	WGS	GENOMIC	SINGLE	Evaluation of commercial DNA extraction kits for implementation of rapid Nanopore
SRR12298879	SRX8802016	SRS6792095	SRP266402	PRJNA605147	Enterobacter hormaechei	RHBSTW-00316	PACBIO_SMRT	PacBio RS II	1405022555.0	171131.0	WGS	GENOMIC	SINGLE	PACBIO_SMRT sequencing of Enterobacter cloacae isolate WTP2|T1-00316 cultured from WTP influent sample
SRR22756116	SRX18716684	SRS13228546	SRP395888	PRJNA812595	Acinetobacter baumannii	2022CK-00317	OXFORD_NANOPORE	GridION	258001782.0	19924.0	WGS	GENOMIC	SINGLE	Nanopore sequencing of ARLN isolate
SRR364905	SRX032455	SRS140104	SRP004712	PRJNA61297	Vibrio cholerae O1		PACBIO_SMRT	PacBio RS	11358260.0	60667.0	WGS	GENOMIC	SINGLE	Sequencing for C6 (Peru, 1991)
ERR10499606	ERX10016888	ERS14257006			Escherichia coli		OXFORD_NANOPORE	GridION	405653940.0	37020.0	WGS	GENOMIC	SINGLE	GridION sequencing; Raw reads: ONT_30348_2#197
SRR26193454	SRX21904968	SRS18990970	SRP463451	PRJNA1021585	Mycobacterium tuberculosis	3	OXFORD_NANOPORE	PromethION	2022553175.0	802473.0	WGS	GENOMIC	SINGLE	PreXDR-TB
SRR27477752	SRX23149110	SRS20099743	SRP482839	PRJNA1063189	Francisella tularensis subsp. holarctica	LVS	OXFORD_NANOPORE	MinION	756376640.0	101454.0	WGS	GENOMIC	SINGLE	Nanopore shotgun
SRR22752050	SRX18713096	SRS16154683	SRP413271	PRJNA912686	Escherichia coli	K-12 MG1655 (PFM-2)	OXFORD_NANOPORE	MinION	17167051.0	4000.0	WGS	GENOMIC	SINGLE	PCR-Free Nanopore Sequencing of E.coli clone
ERR15941491	ERX15337036	ERS27416807	ERP185476	PRJEB104171	Escherichia coli		OXFORD_NANOPORE	MinION	487716624.0	115025.0	WGS	GENOMIC	SINGLE	MinION sequencing
DRR520012	DRX503898	DRS477491	DRP013349	PRJDB12871	Enterococcus faecium	30001-19-V002	OXFORD_NANOPORE	GridION	979750768.0	230582.0	WGS	GENOMIC	SINGLE	GridION sequencing of SAMD00665417
DRR195582	DRX185999	DRS111888	DRP005531	PRJDB8187	Xanthomonas campestris pv. campestris	MAFF106712	PACBIO_SMRT	PacBio RS II	1569384267.0	163482.0	WGS	GENOMIC	SINGLE	PacBio RS II sequencing of SAMD00166934
SRR15989678	SRX12278253	SRS9998436	SRP357537	PRJNA801416	Escherichia coli	6025	OXFORD_NANOPORE	GridION	658398889.0	92015.0	WGS	GENOMIC	SINGLE	Whole Genome Sequencing of Carbapenemase-producing Enterobacterales (CPE)
SRR29932302	SRX25426028	SRS22086501	SRP521720	PRJNA1130504	Staphylococcus chromogenes	pending	OXFORD_NANOPORE	GridION	56155847.0	6658.0	WGS	GENOMIC	SINGLE	WGS of Staphylococcus chromogenes: bovine quarter milk intramammary infection
SRR29777280	SRX25277116	SRS21961033	SRP519287	PRJNA1134122	Listeria monocytogenes	N23-2921	OXFORD_NANOPORE	MinION	337346397.0	43730.0	WGS	GENOMIC	SINGLE	Long read WGS of Listeria monocytogenes: isolate N23-2921
SRR18699910	SRX14800877	SRS12558876	SRP369015	PRJNA695680	Micromonospora luteifusca	DSM 100204	PACBIO_SMRT	Sequel II	7018337244.0	1218771.0	WGS	GENOMIC	SINGLE	Micromonospora luteifusca DSM 100204
SRR17210274	SRX13390236	SRS11290156	SRP350362	PRJNA788148	Citrobacter amalonaticus	B2s	OXFORD_NANOPORE	MinION	1718958.0	257.0	WGS	GENOMIC	SINGLE	B2_r2_adaptive_12h
SRR31303481	SRX26681590	SRS23174446	SRP544363	PRJNA1133929	Bordetella pertussis	YW18	PACBIO_SMRT	Sequel IIe	2286377299.0	163578.0	WGS	GENOMIC	PAIRED	Genome sequencing for Bordetella pertussis
ERR159992	ERX135921	ERS088717	ERP001163	PRJEB2848	Staphylococcus aureus subsp. aureus TW20	TW20	PACBIO_SMRT	PacBio RS	132052795.0	81741.0	WGS	GENOMIC	SINGLE	
SRR10042790	SRX6777612	SRS5324590	SRP219801	PRJNA546619	Streptomyces sp. S10-09	S10-09	PACBIO_SMRT	Sequel	1819360723.0	436679.0	WGS	GENOMIC	SINGLE	Streptomyces sp. S10-09
DRR599580	DRX580127	DRS409926	DRP012089	PRJDB18890	Enterobacter pseudoroggenkampii	GVv1	OXFORD_NANOPORE	MinION	151428801.0	15991.0	WGS	GENOMIC	SINGLE	MinION sequencing of SAMD00823201
SRR21721692	SRX17718766	SRS15248994	SRP399787	PRJNA884544	Escherichia coli	SL2	OXFORD_NANOPORE	MinION	51255704.0	4244.0	WGS	GENOMIC	SINGLE	Nanopore_sequencing_SL2
SRR32263279	SRX27600646	SRS24010618	SRP562144	PRJNA1220344	Enterococcus faecium	VR28	OXFORD_NANOPORE	MinION	291371025.0	103241.0	WGS	GENOMIC	SINGLE	DNA-Seq of Enterococcus faecium
SRR9647803	SRX6409372	SRS5066812	SRP213189	PRJNA547285	Bifidobacterium commune	DSM 28792	PACBIO_SMRT	Sequel	559178252.0	196814.0	WGS	GENOMIC	SINGLE	Bifidobacterium commune DSM 28792
SRR35674151	SRX30725515	SRS26742219	SRP561673	PRJNA1219398	Pasteurella multocida	182965	OXFORD_NANOPORE	MinION	512861412.0	60156.0	WGS	GENOMIC	SINGLE	DNA-Seq of Pasteurella multocida 182965
SRR387155	SRX109924	SRS281278	SRP001087	PRJNA40075	Escherichia coli str. K-12 substr. MG1655	K-12	PACBIO_SMRT	PacBio RS	128159503.0	81741.0	WGS	GENOMIC	SINGLE	Whole Genome Sequencing and Assembly
SRR31486856	SRX26855095	SRS14681609	SRP074197	PRJNA288601	Klebsiella pneumoniae	2018HL-01529	OXFORD_NANOPORE	MinION	668275109.0	97319.0	WGS	GENOMIC	SINGLE	Long read sequencing of carbapenemase producing organisms
SRR36068609	SRX31114797	SRS27072669	SRP644837	PRJNA1364846	Enterococcus faecalis	GPT22-006	OXFORD_NANOPORE	GridION	106452871.0	38019.0	WGS	GENOMIC	SINGLE	Enterococcus faecalis, DBT kit, 36-plex and 50 ng DNA, replicate 5
SRR498186	SRX148635	SRS281883	SRP013241	PRJNA73829	Vibrio cholerae		PACBIO_SMRT	PacBio RS	1045028.0	2857.0	WGS	GENOMIC	SINGLE	Whole Genome Sequencing for N5 (strobe)
SRR27180080	SRX22860397	SRS19835777	SRP477403	PRJNA1049513	Vibrio sp. PBL-C16	PBL-C16	OXFORD_NANOPORE	MinION	1616.0	1.0	WGS	GENOMIC	SINGLE	Vibrio sp. PBL-C16 Genome sequencing and assembly
SRR21630334	SRX17631064	SRS14987454	SRP354045	PRJNA747871	Nocardia sp. NBC_00416	NBC_00416	OXFORD_NANOPORE	MinION	250168757.0	27299.0	WGS	GENOMIC	SINGLE	nanopore sequencing data from strain NBC_00416
SRR11867869	SRX8418119	SRS6729747	SRP265117	PRJNA635644	Escherichia coli	O75:H5/H55/H54/H17	OXFORD_NANOPORE	MinION	754625685.0	211633.0	WGS	GENOMIC	SINGLE	Nanopore WGS of Malawi ExPEC 36
SRR36722112	SRX31726381	SRS27695017	SRP660603	PRJNA1398820	Escherichia coli BL21(DE3)	BL21 (DE3)	OXFORD_NANOPORE	MinION	250077362.0	101618.0	WGS	GENOMIC	SINGLE	Whole-genome sequencing of phage-resistant E. coli BL21(DE3)
SRR9641485	SRX6403330	SRS5061383	SRP040661	PRJNA231221	Bacteroides fragilis	FDAARGOS_763	PACBIO_SMRT	PacBio RS	480353490.0	163482.0	WGS	GENOMIC	SINGLE	
SRR29316942	SRX24833668	SRS21545500	SRP512379	PRJNA1121190	Vibrio cholerae	103Vc05	OXFORD_NANOPORE	PromethION	245874093.0	114978.0	WGS	GENOMIC	SINGLE	WGS of Vcholerae isolates
ERR688921	ERX633903	ERS513145	ERP005928	PRJEB6403	Pluralibacter gergoviae	NCTC11434	PACBIO_SMRT	PacBio RS	1004142352.0	163482.0	WGS	GENOMIC	SINGLE	PacBio RS sequencing
ERR13326709	ERX12697737	ERS20295426	ERP161282	PRJEB76791	Salmonella enterica subsp. enterica serovar Agona		OXFORD_NANOPORE	MinION	509695400.0	200683.0	WGS	GENOMIC	SINGLE	MinION sequencing
SRR30149496	SRX25617137	SRS21937454	SRP518730	PRJNA1133668	Klebsiella pneumoniae	ST258KP93	OXFORD_NANOPORE	MinION	318242186.0	36842.0	WGS	GENOMIC	SINGLE	Nanopore sequencing of clinical CRE isolates: human
SRR33769145	SRX28991624	SRS22456023	SRP444583	PRJNA962904	Escherichia coli		PACBIO_SMRT	Sequel II	350742946.0	17923.0	WGS	GENOMIC	SINGLE	PacBio sequencing of AH0426HE1 for ARCH 2
SRR30944916	SRX26347488	SRS22853385	SRP537443	PRJNA1170947	Citrobacter freundii	CAV1321	OXFORD_NANOPORE	MinION	493075187.0	114967.0	WGS	GENOMIC	SINGLE	Whole Genome Sequencing of CAV4971: Sink-2BS
SRR16525444	SRX12728041	SRS10337054	SRP357537	PRJNA801416	Escherichia coli	3168	OXFORD_NANOPORE	GridION	1180923190.0	199659.0	WGS	GENOMIC	SINGLE	Extensive diversification and dissemination of blaNDM carbapenemase plasmids in Enterobacterales in Singapore 2010-2015
ERR10499331	ERX10016617	ERS14255994	ERP142629	PRJEB57633	Escherichia coli		OXFORD_NANOPORE	GridION	141741882.0	18983.0	WGS	GENOMIC	SINGLE	Raw reads: ONT_31663_7#55
DRR572405	DRX555872	DRS426368	DRP012251	PRJDB17574	Escherichia coli	YK-IS1MA-L01-1_G08	OXFORD_NANOPORE	MinION	1083525.0	1600.0	WGS	GENOMIC	SINGLE	nanopore-seq of SAMD00748185 L01-1_G8
SRR25467186	SRX21199739	SRS18458351	SRP452337	PRJNA1000618	Escherichia coli	Escherichia coli BL21(DE3)	OXFORD_NANOPORE	MinION	13969830.0	4000.0	WGS	GENOMIC	SINGLE	CASTVK transposition with different condition
SRR12395465	SRX8893432	SRS7152454	SRP276100	PRJNA650381	Mycobacterium tuberculosis		OXFORD_NANOPORE	MinION	640625788.0	368714.0	WGS	GENOMIC	SINGLE	Nanopore TB WGS
SRR26270949	SRX21980437	SRS19033159	SRP464031	PRJNA1000728	Escherichia coli	JM101	OXFORD_NANOPORE	PromethION	60217865.0	4000.0	WGS	GENOMIC	SINGLE	The genome sequence of E. coli JM101
SRR4235450	SRX2156749	SRS1686707	SRP088721	PRJNA323005	Streptomyces sp. TLI_053	TLI_053	PACBIO_SMRT	PacBio RS	627444472.0	227136.0	WGS	GENOMIC	SINGLE	Streptomyces sp TLI_053
ERR1854436	ERX1916414	ERS1353910	ERP005928	PRJEB6403	Aggregatibacter aphrophilus	NCTC 10557	PACBIO_SMRT	PacBio RS	58930727.0	163482.0	WGS	GENOMIC	SINGLE	PacBio RS sequencing
SRR8179094	SRX4999191	SRS4034066	SRP040661	PRJNA231221	Pseudomonas aeruginosa	FDAARGOS_570	PACBIO_SMRT	PacBio RS	1240914195.0	163482.0	WGS	GENOMIC	SINGLE	
SRR14852531	SRX11171047	SRS9229133	SRP324476	PRJNA738868	Acinetobacter baumannii	DETAB-E195	OXFORD_NANOPORE	MinION	1188657668.0	126288.0	WGS	GENOMIC	SINGLE	Nanopore WGS of A. baumannii DETAB-E194
SRR18717917	SRX14818303	SRS12574500	SRP369596	PRJNA822427	Gordonia alkaliphila	WW102	OXFORD_NANOPORE	MinION	171051672.0	48000.0	WGS	GENOMIC	SINGLE	Gordonia_Nano1
SRR287733	SRX078302	SRS212388	SRP007207	PRJNA68253	Escherichia coli		PACBIO_SMRT	PacBio RS	138037820.0	81741.0	WGS	GENOMIC	SINGLE	Whole Genome Sequencing for C754-09
SRR15006053	SRX11318217	SRS9347983	SRP326328	PRJNA637792	Borrelia coriaceae	Co53	OXFORD_NANOPORE	MinION	246813679.0	36480.0	WGS	GENOMIC	SINGLE	ONT WGS of Borrelia coriaceae Co53
SRR389238	SRX032453	SRS140102	SRP004712	PRJNA61297	Vibrio cholerae O1 biovar El Tor		PACBIO_SMRT	PacBio RS	25390683.0	60667.0	WGS	GENOMIC	SINGLE	Sequencing for M4 (Bangladesh, 2008)
ERR15660867	ERX15065645	ERS26934164	ERP179947	PRJEB97396	Mycobacterium tuberculosis		OXFORD_NANOPORE	MinION			WGS	GENOMIC	SINGLE	MinION sequencing
SRR8054585	SRX4884140	SRS3932933	SRP165734	PRJNA496461	Klebsiella pneumoniae	KLPN_42	OXFORD_NANOPORE	MinION	6936963380.0	719131.0	WGS	GENOMIC	SINGLE	nanopore seq of klebsiella pneumoniae
SRR12247748	SRX8755419	SRS6976285	SRP266402	PRJNA605147	Klebsiella pneumoniae		OXFORD_NANOPORE	GridION	433384890.0	69023.0	WGS	GENOMIC	SINGLE	Oxford Nanopore sequencing of Klebsiella pneumoniae isolate RH12|T2-SOC07 cultured from sheep farm soil sample
SRR8856700	SRX5644353	SRS4590041	SRP190912	PRJNA519697	Actinopolyspora lacussalsi subsp. righensis	DSM 45956	PACBIO_SMRT	Sequel	972774599.0	377204.0	WGS	GENOMIC	SINGLE	Actinopolyspora sp. DSM 45956
SRR27221632	SRX22900355	SRS19870904	SRP478234	PRJNA1053318	Streptococcus pneumoniae	PMEN25	PACBIO_SMRT	Sequel II	1792139528.0	199992.0	WGS	GENOMIC	SINGLE	Pacbio sequencing of S. pneumoniae PMEN25
SRR6818706	SRX3775652	SRS1350032	SRP068738	PRJNA292900	Enterobacter cloacae complex sp. AR_0093	AR_0093	PACBIO_SMRT	PacBio RS II	2608436261.0	163482.0	WGS	GENOMIC	SINGLE	PacBio SMRT Sequencing of Enterobacter cloacae FDA-CDC-AR_0093 Genomic Library
SRR4177434	SRX2142032	SRS1673763	SRP086918	PRJNA303752	Allokutzneria albata	DSM 44149	PACBIO_SMRT	PacBio RS	777482743.0	233001.0	WGS	GENOMIC	SINGLE	Allokutzneria albata DSM 44149
SRR9722673	SRX6480096	SRS5130202	SRP215816	PRJNA470993	Staphylococcus aureus	ER03489.3	PACBIO_SMRT	PacBio RS II	1162209905.0	175297.0	WGS	GENOMIC	SINGLE	WGS of Staphylococcus aureus
SRR31834150	SRX27194514	SRS23258548	SRP074197	PRJNA288601	Klebsiella pneumoniae		OXFORD_NANOPORE	GridION	1599276061.0	315390.0	WGS	GENOMIC	SINGLE	Nanopore sequencing of ARLN isolate
SRR15031915	SRX11343464	SRS9383692	SRP326726	PRJNA737600	Streptomyces sp. GMY02	GMY02	OXFORD_NANOPORE	GridION	8777491.0	4000.0	WGS	GENOMIC	SINGLE	WGS Streptomyces sp. GMY02
ERR718772	ERX662694	ERS530429	ERP005928	PRJEB6403	Escherichia coli	NCTC12241	PACBIO_SMRT	PacBio RS	1223709681.0	163482.0	WGS	GENOMIC	SINGLE	PacBio RS sequencing
SRR8188001	SRX5007765	SRS4041776	SRP168628	PRJNA505407	Escherichia coli	V173	OXFORD_NANOPORE	GridION	372133083.0	61533.0	WGS	GENOMIC	SINGLE	DNA sequencing of Ecoli strain V173
SRR24308101	SRX20103058	SRS17434170	SRP434545	PRJNA961666	Escherichia coli	AVS0786	OXFORD_NANOPORE	MinION	131159999.0	6598.0	WGS	GENOMIC	SINGLE	Long read sequencing of Escherichia coli AVS0786
SRR36491318	SRX31512795	SRS27492417	SRP656131	PRJNA1387419	Bacillus cereus ATCC 14579	D516	OXFORD_NANOPORE	GridION	1199099325.0	183789.0	WGS	GENOMIC	SINGLE	WGS of Bacillus cereus Strain ATCC14617
ERR2237823	ERX2289990	ERS1869825	ERP005928	PRJEB6403	Haemophilus pittmaniae	NCTC13335	PACBIO_SMRT	PacBio RS	1528100747.0	163482.0	WGS	GENOMIC	SINGLE	PacBio RS sequencing
SRR18729746	SRX14829983	SRS12585810	SRP369762	PRJNA825705	Klebsiella pneumoniae	ST-147	OXFORD_NANOPORE	MinION	318324631.0	50703.0	WGS	GENOMIC	SINGLE	ONT sequencing of Klebsiella pneumoniae: sample CRE339KLPN
SRR32326237	SRX27661177	SRS24066269	SRP563594	PRJNA1223100	Enterococcus faecium	AUS0233tetMcodY	OXFORD_NANOPORE	MinION	1148339880.0	174256.0	WGS	GENOMIC	SINGLE	AUS0233tetMcodY
SRR24139927	SRX19938478	SRS17287187	SRP247747	PRJNA604975	Escherichia coli	ox_bsi_562	OXFORD_NANOPORE	GridION	4147039864.0	424015.0	WGS	GENOMIC	SINGLE	oxford_bsi
SRR19634235	SRX15684541	SRS13381620	SRP379817	PRJNA848631	Escherichia coli		OXFORD_NANOPORE	GridION	196363680.0	18526.0	WGS	GENOMIC	SINGLE	Long read sequencing of E. coli that has been experimentally evolved with a CTX-M-15 plasmid
SRR13192567	SRX9626892	SRS7827983	SRP295672	PRJNA681856	Salmonella enterica	LHICA_E1	OXFORD_NANOPORE	MinION	15625991.0	4000.0	WGS	GENOMIC	SINGLE	WGS of Salmonella enterica Lhica E18
SRR33769235	SRX28991534	SRS22455982	SRP444583	PRJNA962904	Escherichia coli		PACBIO_SMRT	Sequel II	144000757.0	7174.0	WGS	GENOMIC	SINGLE	PacBio sequencing of AH0301HE1 for ARCH 2
SRR18218557	SRX14364969	SRS12178138	SRP362440	PRJNA812761	Escherichia coli		PACBIO_SMRT	Sequel	681168582.0	68563.0	WGS	GENOMIC	SINGLE	PacBio of FI7PRL2
DRR393638	DRX379457	DRS296971	DRP007849	PRJDB10842	Enterobacter hormaechei subsp. steigerwaltii	JBBDAAF-19-0018	OXFORD_NANOPORE	GridION	575848417.0	52714.0	WGS	GENOMIC	SINGLE	GridION sequencing of SAMD00498507
ERR5353270	ERX5141305	ERS5753012	ERP126298	PRJEB42440	Klebsiella quasipneumoniae		OXFORD_NANOPORE	GridION	940111834.0	322062.0	WGS	GENOMIC	SINGLE	GridION sequencing
ERR15681449	ERX15085876	ERS26971468	ERP171481	PRJEB88388	Cupriavidus sp. R-91747	R-91747	OXFORD_NANOPORE	MinION	1855095960.0	528831.0	WGS	GENOMIC	SINGLE	Raw reads: Cupriavidus sp. R-91747
ERR13577269	ERX12947172	ERS20900485	ERP161852	PRJEB77420	Escherichia coli		OXFORD_NANOPORE	MinION	3554846614.0	458504.0	WGS	GENOMIC	SINGLE	Raw reads: Long reads sequencing of P07-37739 isolate
SRR33528135	SRX28762590	SRS15473591	SRP584580	PRJNA1261832	Klebsiella pneumoniae	K0978	OXFORD_NANOPORE	GridION	15656522.0	10000.0	WGS	GENOMIC	SINGLE	Sequencing of Multidrug-Resistant Klebsiella pneumoniae
ERR10496764	ERX10014083	ERS14249061	ERP142629	PRJEB57633	Escherichia coli		OXFORD_NANOPORE	GridION	51030867.0	37718.0	WGS	GENOMIC	SINGLE	Raw reads: ONT_30134_6#307
ERR13354948	ERX12725880	ERS20228294	ERP160933	PRJEB76407	Mediterraneibacter gnavus		PACBIO_SMRT	Sequel IIe	1133309844.0	149676.0	WGS	GENOMIC	SINGLE	Sequel IIe sequencing
ERR9517027	ERX9058566	ERS2652402	ERP104475	PRJEB22771	Streptococcus pneumoniae		PACBIO_SMRT	Sequel II	363894207.0	50879.0	WGS	GENOMIC	SINGLE	Sequel II sequencing
SRR36919981	SRX31886246	SRS27841211	SRP665298	PRJNA1403646	Streptococcus sp.	BHI_6	OXFORD_NANOPORE	MinION	10387863.0	12844.0	WGS	GENOMIC	SINGLE	Long Reads for The Genomic Landscape of Head and Neck Cancer-associated Streptococci
SRR21630142	SRX17630873	SRS14986952	SRP354045	PRJNA747871	Streptomyces sp. NBC_00247	NBC_00247	OXFORD_NANOPORE	MinION	211380396.0	31338.0	WGS	GENOMIC	SINGLE	nanopore sequencing data from strain NBC_00247
ERR1397205	ERX1468464	ERS1058920	ERP005928	PRJEB6403	Campylobacter jejuni	NCTC12543	PACBIO_SMRT	PacBio RS	776586370.0	163482.0	WGS	GENOMIC	SINGLE	PacBio RS sequencing
ERR4763078	ERX4636131	ERS5247840	ERP124695	PRJEB40976	Enterococcus faecalis		OXFORD_NANOPORE	GridION	669813030.0	31454.0	WGS	GENOMIC	SINGLE	GridION sequencing; Raw reads: 27688_1#380
SRR2924715	SRX1438061	SRS1168736	SRP066385	PRJNA301981	Clostridium butyricum	CDC_51208	PACBIO_SMRT	PacBio RS II	344156643.0	53674.0	WGS	GENOMIC	SINGLE	NPD_4_PacBio
SRR25467055	SRX21199869	SRS18458352	SRP452337	PRJNA1000618	Escherichia coli	Escherichia coli BL21(DE3)	OXFORD_NANOPORE	MinION	6444510.0	3999.0	WGS	GENOMIC	SINGLE	CASTVK transposition with different condition
SRR2637631	SRX1331605	SRS1112750	SRP064242	PRJNA289334	Bacteroides ovatus	ATCC 8483	PACBIO_SMRT	PacBio RS II	927013346.0	163482.0	WGS	GENOMIC	SINGLE	Whole genome sequencing of B. ovatus ATCC 8483 using the PacBio RSII platform
ERR13801793	ERX13202587	ERS21132424	ERP163654	PRJEB79489	Thermoanaerobacter kivui	CO-3	OXFORD_NANOPORE	PromethION	468775333.0	268736.0	WGS	GENOMIC	SINGLE	Raw reads: CO-3_8
SRR27201520	SRX22881484	SRS19853893	SRP477847	PRJNA1052100	Klebsiella pneumoniae	E54	OXFORD_NANOPORE	MinION	1831378740.0	709012.0	WGS	GENOMIC	SINGLE	ONT R9.4.1 sequences of Klebsiella pneumoniae from clinical sources in Ghana
ERR10499224	ERX10016510	ERS14256058	ERP142629	PRJEB57633	Escherichia coli		OXFORD_NANOPORE	GridION	18860434.0	7541.0	WGS	GENOMIC	SINGLE	Raw reads: ONT_30859_5#381
SRR17030009	SRX13219927	SRS11145627	SRP347662	PRJNA774104	Enterococcus faecalis	S11-6	OXFORD_NANOPORE	MinION	809217523.0	175468.0	WGS	GENOMIC	SINGLE	Long read sequencing of Enterococcus faecalis S11-6
SRR24807258	SRX20579487	SRS17881476	SRP338930	PRJNA766641	Mycobacterium tuberculosis	IDR 2000046191	OXFORD_NANOPORE	MinION	88509109.0	52757.0	WGS	GENOMIC	SINGLE	MinION sequencing of TB isolates
SRR2062736	SRX1048893	SRS953053	SRP059074	PRJNA207881	Streptomyces sp. Mg1	Mg1	PACBIO_SMRT	PacBio RS	257364917.0	81741.0	WGS	GENOMIC	SINGLE	S. Mg1 PacBio CLR 10 kb library
SRR30655733	SRX26075831	SRS22644072	SRP555365	PRJNA1206708	Klebsiella pneumoniae	DSM30104_Rep1	OXFORD_NANOPORE	GridION	1680776388.0	383434.0	WGS	GENOMIC	SINGLE	Nanopore reproducibility
SRR35587910	SRX30660550	SRS26534886	SRP620840	PRJNA1329285	Klebsiella pneumoniae	DM64	OXFORD_NANOPORE	MinION	1040578465.0	104412.0	WGS	GENOMIC	SINGLE	Long read sequencing of Klebsiella pneumoniae
SRR30473387	SRX25898508	SRS22439795	SRP528216	PRJNA1143492	Rhizobium sp. 62_C5_N11_2	62_C5_N11_2	OXFORD_NANOPORE	PromethION	2206290849.0	515806.0	WGS	GENOMIC	SINGLE	Rhizobium sp. 62_C5_N11_2 nanopore genome sequencing (files compressed once)
SRR27972732	SRX23626433	SRS20466111	SRP489819	PRJNA1076692	Klebsiella pneumoniae	RIVM_C048218_dorado	OXFORD_NANOPORE	MinION	80417449.0	19445.0	WGS	GENOMIC	SINGLE	RIVM_C048218_dorado
ERR15941468	ERX15337013	ERS27416784	ERP185476	PRJEB104171	Escherichia coli		OXFORD_NANOPORE	MinION	462889619.0	121779.0	WGS	GENOMIC	SINGLE	MinION sequencing
ERR15528382	ERX14932228	ERS26748292	ERP179357	PRJEB96742	Escherichia coli		OXFORD_NANOPORE	MinION	1313266036.0	257761.0	WGS	GENOMIC	SINGLE	MinION sequencing
SRR10211253	SRX6930991	SRS5461286	SRP191068	PRJNA528511	Escherichia coli	GTEN_356	OXFORD_NANOPORE	GridION	698763426.0	178481.0	WGS	GENOMIC	SINGLE	Global TravEpiNet AMR surveillance Genome sequencing and assembly
SRR13448668	SRX9861863	SRS8041966	SRP295672	PRJNA681856	Salmonella enterica	LHICA_E3	OXFORD_NANOPORE	MinION	38646291.0	4000.0	WGS	GENOMIC	SINGLE	WGS of Salmonella Lhica E3_40
SRR13823316	SRX10203951	SRS8350244	SRP308772	PRJNA705564	Serratia marcescens	C006	OXFORD_NANOPORE	MinION	11456105.0	3764.0	WGS	GENOMIC	SINGLE	DNA-Seq of S. marcescens
ERR5336673	ERX5125061	ERS5806346	ERP126502	PRJEB42615	Campylobacter jejuni		OXFORD_NANOPORE	MinION	117424410.0	53758.0	WGS	GENOMIC	SINGLE	MinION sequencing
SRR12280552	SRX8784163	SRS7052956	SRP272861	PRJNA646575	Bacteroides faecis		OXFORD_NANOPORE	GridION	419416085.0	44580.0	WGS	GENOMIC	SINGLE	WGS  of Bacteroides fragilis group clinical isolates
ERR14721082	ERX14122507	ERS23803877	ERP170064	PRJEB86764	Staphylococcus aureus		OXFORD_NANOPORE	MinION	527667349.0	144228.0	WGS	GENOMIC	SINGLE	EXP-11-1-2025-03-12_13-03-36
SRR31486901	SRX26855050	SRS22548534	SRP074197	PRJNA288601	Klebsiella pneumoniae	2024HL-00931	OXFORD_NANOPORE	MinION	124486950.0	10127.0	WGS	GENOMIC	SINGLE	Long read sequencing of carbapenemase producing organisms
SRR30463416	SRX25888544	SRS22459552	SRP515179	PRJNA1126331	Candidatus Dormibacterales bacterium		PACBIO_SMRT	Sequel II	2958325.0	1.0	WGS	GENOMIC	SINGLE	HiFi.Melbourne_complete.9485
ERR10497783	ERX10015072	ERS14254344	ERP142629	PRJEB57633	Escherichia coli		OXFORD_NANOPORE	GridION	120754653.0	25356.0	WGS	GENOMIC	SINGLE	Raw reads: ONT_30224_1#212
SRR18463481	SRX14595789	SRS12340339	SRP365083	PRJNA818268	Bacillus cereus	Van38R3s2	PACBIO_SMRT	Sequel II	4899317106.0	621229.0	WGS	GENOMIC	SINGLE	Bacillus cereus 03BB102 isolate Van38R3s2
DRR574921	DRX558386	DRS448127	DRP012658	PRJDB18317	Escherichia coli	AMDpro-0899	OXFORD_NANOPORE	MinION	573578519.0	50326.0	WGS	GENOMIC	SINGLE	MinION sequencing of SAMD00794779
ERR15234049	ERX14639740	ERS25193149	ERP175083	PRJEB92155	Basfia succiniciproducens		PACBIO_SMRT	Revio	1443630873.0	137071.0	WGS	GENOMIC	SINGLE	Revio sequencing
ERR1124239	ERX1203438	ERS811742	ERP005928	PRJEB6403	Staphylococcus aureus	NCTC8725	PACBIO_SMRT	PacBio RS	1763159387.0	163482.0	WGS	GENOMIC	SINGLE	PacBio RS sequencing
SRR31598954	SRX26963531	SRS23433243	SRP549287	PRJNA1185485	Escherichia coli	828	OXFORD_NANOPORE	PromethION	500307535.0	167681.0	WGS	GENOMIC	SINGLE	Wnew4R-barcode43
SRR30896113	SRX26299908	SRS22828630	SRP536878	PRJNA1134622	Escherichia coli	OXEC-39	OXFORD_NANOPORE	MinION	293572516.0	84406.0	WGS	GENOMIC	SINGLE	OXEC-39
SRR13385988	SRX9805441	SRS7989516	SRP300861	PRJNA663900	Enterococcus sp. DIV0080	DIV0080	OXFORD_NANOPORE	GridION	1588301290.0	193909.0	WGS	GENOMIC	SINGLE	Zoo 3 Enterococcus Diversity Genome sequencing and assembly
SRR27973038	SRX23626127	SRS20465501	SRP489819	PRJNA1076692	Pseudomonas aeruginosa	RIVM_C051270_rerio	OXFORD_NANOPORE	MinION	195011362.0	58449.0	WGS	GENOMIC	SINGLE	RIVM_C051270_rerio
ERR5337358	ERX5125746	ERS5806551	ERP126502	PRJEB42615	Campylobacter coli		OXFORD_NANOPORE	MinION	375138487.0	101574.0	WGS	GENOMIC	SINGLE	MinION sequencing
SRR35574264	SRX30647184	SRS26670428	SRP625638	PRJNA1320685	Escherichia coli	PM06121	OXFORD_NANOPORE	MinION	438258076.0	79516.0	WGS	GENOMIC	SINGLE	ONT Long-Read DNA Sequencing of PM06121 Dorado SUP basecalling
ERR10367373	ERX9899304	ERS711091	SRP272326	PRJNA646837	Klebsiella pneumoniae	INF358	OXFORD_NANOPORE	MinION	131841389.0	14164.0	WGS	GENOMIC	SINGLE	MinION sequencing
SRR33668315	SRX28894894	SRS25121126	SRP587042	PRJNA1263871	Janthinobacterium sp. C21	C21	OXFORD_NANOPORE	GridION	470762299.0	133433.0	WGS	GENOMIC	SINGLE	Genome Analysis of Two Soil Janthinobacterium Isolates
ERR9669039	ERX9218264	ERS9873867	ERP134564	PRJEB50014	Streptococcus pneumoniae	16F-HGTIP-4H	OXFORD_NANOPORE	MinION	438552797.0	90579.0	WGS	GENOMIC	SINGLE	MinION sequencing
ERR15465436	ERX14869331	ERS26347570	ERP179079	PRJEB96336	Klebsiella pneumoniae	EuSCAPE_GR167	OXFORD_NANOPORE	GridION	294537751.0	87321.0	WGS	GENOMIC	SINGLE	GridION sequencing
SRR498151	SRX148635	SRS281883	SRP013241	PRJNA73829	Vibrio cholerae		PACBIO_SMRT	PacBio RS	643119.0	1830.0	WGS	GENOMIC	SINGLE	Whole Genome Sequencing for N5 (strobe)
SRR12280274	SRX8784439	SRS7053124	SRP272861	PRJNA646575	Phocaeicola vulgatus		OXFORD_NANOPORE	GridION	2961179138.0	330199.0	WGS	GENOMIC	SINGLE	WGS  of Bacteroides fragilis group clinical isolates
ERR4265221	ERX4219882	ERS4689145	ERP121707	PRJEB38296	Bacillus subtilis subsp. subtilis str. 168	168	OXFORD_NANOPORE	MinION	1737484889.0	419359.0	WGS	GENOMIC	SINGLE	MinION sequencing
SRR29778956	SRX25278924	SRS21698303	SRP418402	PRJNA925803	Streptococcus dysgalactiae subsp. equisimilis	MGCS36000	OXFORD_NANOPORE	GridION	737100614.0	331236.0	WGS	GENOMIC	SINGLE	WGS of Streptococcus dysgalactiae subsp. equisimilis
SRR31709144	SRX27070727	SRS23530927	SRP551014	PRJNA1197166	Listeria monocytogenes	not applicable	OXFORD_NANOPORE	MinION	44747161.0	9127.0	WGS	GENOMIC	SINGLE	WGS of Listeria monocytogenes strain LI-2 using ONT technology
SRR873642	SRX290743	SRS431842	SRP023552	PRJNA176653	Vibrio parahaemolyticus VP-NY4	VP-NY4	PACBIO_SMRT	PacBio RS	121900981.0	81741.0	WGS	GENOMIC	SINGLE	
SRR4061944	SRX2050993	SRS1643396	SRP082753	PRJNA247912	Massilia sp. 9096	9096	PACBIO_SMRT	PacBio RS	254019201.0	84809.0	WGS	GENOMIC	SINGLE	Massilia sp. 9096
ERR2225512	ERX2278882	ERS1869781	ERP005928	PRJEB6403	Capnocytophaga ochracea	NCTC11545	PACBIO_SMRT	PacBio RS	282660491.0	163482.0	WGS	GENOMIC	SINGLE	PacBio RS sequencing
ERR1109328	ERX1188859	ERS807426	ERP005928	PRJEB6403	Staphylococcus simulans	NCTC7944	PACBIO_SMRT	PacBio RS	786942716.0	163482.0	WGS	GENOMIC	SINGLE	PacBio RS sequencing
SRR11614984	SRX8181166	SRS6540236	SRP258702	PRJNA615901	Limosilactobacillus fermentum	HFD1	OXFORD_NANOPORE	MinION	1070576611.0	534599.0	WGS	GENOMIC	SINGLE	WGS of L. Fermentum HFD1 on ONT MinIon
SRR6702944	SRX3677123	SRS1256859	SRP068736	PRJNA292901	Citrobacter koseri	AR_0025	PACBIO_SMRT	PacBio RS II	2051203536.0	163482.0	WGS	GENOMIC	SINGLE	PacBio SMRT Sequencing of Citrobacter koseri FDA-CDC-AR_0025 Genomic Library
SRR13950595	SRX10329396	SRS8449254	SRP310371	PRJNA712975	Wolbachia pipientis		PACBIO_SMRT	Sequel II	2894611832.0	592417.0	WGS	GENOMIC	SINGLE	WGS of multiple displacement amplification Wolbachia extracted from Rhagoletis cerasi
ERR10556194	ERX10069889	ERS14291506	ERP142426	PRJEB57450	Listeria monocytogenes	clinical isolate of L. monocytogenes	OXFORD_NANOPORE	MinION	290011870.0	11686.0	WGS	GENOMIC	SINGLE	MinION sequencing
SRR28434783	SRX24038467	SRS20831678	SRP497546	PRJNA1091452	Staphylococcus aureus	SA65-PS	OXFORD_NANOPORE	MinION	588356665.0	62578.0	WGS	GENOMIC	SINGLE	ONT performance study sequencing of S. aureus
SRR12247577	SRX8755590	SRS6976458	SRP266402	PRJNA605147	Citrobacter braakii	RHB08-E3-C01	OXFORD_NANOPORE	GridION	1737671104.0	372643.0	WGS	GENOMIC	SINGLE	Oxford Nanopore sequencing of Citrobacter freundii isolate RH06|T1-E3C01 cultured from cattle farm sediment sample
ERR12508696	ERX11884744	ERS17744604	ERP153002	PRJEB67987	Mycobacterium tuberculosis		OXFORD_NANOPORE	MinION			WGS	GENOMIC	SINGLE	MinION sequencing
SRR21857882	SRX17846191	SRS15367780	SRP401918	PRJNA882345	Escherichia coli	C 691-04A	OXFORD_NANOPORE	MinION	506329888.0	174807.0	WGS	GENOMIC	SINGLE	ONP_Seq of E. coli p19A
ERR15660908	ERX15065686	ERS26934205	ERP179947	PRJEB97396	Mycobacterium tuberculosis		OXFORD_NANOPORE	MinION			WGS	GENOMIC	SINGLE	MinION sequencing
SRR15989587	SRX12277952	SRS9998995	SRP357537	PRJNA801416	Klebsiella pneumoniae	E1046	OXFORD_NANOPORE	GridION	1363704276.0	122527.0	WGS	GENOMIC	SINGLE	Whole Genome Sequencing of Carbapenemase-producing Enterobacterales (CPE)
DRR332993	DRX321990	DRS603307	DRP016121	PRJDB12480	Escherichia albertii	RAC386	OXFORD_NANOPORE	MinION	970091505.0	100351.0	WGS	GENOMIC	SINGLE	MinION sequencing of SAMD00412519
SRR12048547	SRX8577059	SRS6868915	SRP040661	PRJNA231221	Burkholderia humptydooensis	FDAARGOS_899	PACBIO_SMRT	PacBio RS	459743603.0	163482.0	WGS	GENOMIC	SINGLE	
ERR10791312	ERX10240622	ERS2652204	ERP104475	PRJEB22771	Streptococcus pneumoniae		PACBIO_SMRT	Sequel II	4484506111.0	657581.0	WGS	GENOMIC	SINGLE	Sequel II sequencing
SRR11146898	SRX7783020	SRS6199691	SRP246080	PRJNA603908	Escherichia coli	p4A_3	OXFORD_NANOPORE	GridION	932966328.0	117256.0	WGS	GENOMIC	SINGLE	ONT-seq of E. coli:p4A_3
ERR14738214	ERX14139586	ERS23811828	ERP170065	PRJEB86767	Enterobacter hormaechei		OXFORD_NANOPORE	GridION	1744344133.0	363508.0	WGS	GENOMIC	SINGLE	EXP-11-1-2025-03-14_11-01-10
SRR15441469	SRX11740889	SRS8025415	SRP301606	PRJNA627032	Escherichia coli O157:H7	FLT_2010A	PACBIO_SMRT	Sequel	514838055.0	30556.0	WGS	GENOMIC	SINGLE	PacBio reads for long term study
SRR5833675	SRX3010575	SRS1832488	SRP094480	PRJNA279196	Bordetella pertussis	H710	PACBIO_SMRT	PacBio RS II	1100208927.0	163482.0	WGS	GENOMIC	SINGLE	
SRR33895203	SRX29106650	SRS25312990	SRP590843	PRJNA1272507	Salmonella enterica	SAL-218	OXFORD_NANOPORE	GridION	647612687.0	138851.0	WGS	GENOMIC	SINGLE	ONT-WGS of Salmonella enterica
ERR15700398	ERX15104628	ERS26987285	ERP182035	PRJEB100579	Azospirillum melinis		OXFORD_NANOPORE	MinION	351208399.0	69475.0	WGS	GENOMIC	SINGLE	Raw reads: Sp_Col3_ONT_run1
SRR25793462	SRX21515647	SRS1095668	SRP457515	PRJNA1010762	Bacillus cereus	FSL W8-0824	OXFORD_NANOPORE	MinION	975932981.0	207693.0	WGS	GENOMIC	SINGLE	whole-genome sequencing of Bacillus cereus
SRR27972798	SRX23626367	SRS20465611	SRP489819	PRJNA1076692	Escherichia coli	RIVM_C055176_rerio	OXFORD_NANOPORE	MinION	326820857.0	67455.0	WGS	GENOMIC	SINGLE	RIVM_C055176_rerio
SRR5570813	SRX2830001	SRS2205506	SRP103328	PRJNA377620	Rossellomorea aquimaris	138	PACBIO_SMRT	PacBio RS II	1916326540.0	163482.0	WGS	GENOMIC	SINGLE	Bacillus from Cuatro Cienegas Genome sequencing and assembly
SRR28445740	SRX24049161	SRS20840578	SRP497734	PRJNA1077798	Alteromonas gracilis	J4	OXFORD_NANOPORE	MinION	2798821.0	1000.0	WGS	GENOMIC	SINGLE	Alteromonas gracilis strain J4, whole genome Nanopore Sequencing
ERR3685837	ERX3675441	ERS4047638	ERP114207	PRJEB31632	bacterium		OXFORD_NANOPORE	GridION	387113476.0	42769.0	WGS	GENOMIC	SINGLE	GridION sequencing
SRR386069	SRX109800	SRS183306	SRP006189	PRJNA52149	Klebsiella oxytoca 10-5248	10-5248	PACBIO_SMRT	PacBio RS	82463244.0	81741.0	WGS	GENOMIC	SINGLE	Whole Genome Sequencing and Assembly
SRR28402959	SRX24007523	SRS20803737	SRP496844	PRJNA1090259	Staphylococcus aureus	P10	OXFORD_NANOPORE	GridION	1436633129.0	134209.0	WGS	GENOMIC	SINGLE	WGS of MRSA
SRR32972778	SRX28245778	SRS24593441	SRP576427	PRJNA1190511	Yersinia pestis	50005	PACBIO_SMRT	Sequel	2099715048.0	219174.0	WGS	GENOMIC	SINGLE	WGS of Yersinia pestis: cultured strain 50005
SRR1618686	SRX738201	SRS726071	SRP049149	PRJNA244052	Burkholderia mallei	BMQ	PACBIO_SMRT	PacBio RS	243109321.0	129032.0	WGS	GENOMIC	SINGLE	PacBio Data for Burkholderia mallei BMQ
SRR4181391	SRX2142627	SRS1674089	SRP086974	PRJNA303851	Streptomyces melanosporofaciens	DSM 40318	PACBIO_SMRT	PacBio RS	431874516.0	93296.0	WGS	GENOMIC	SINGLE	Streptomyces melanosporofaciens DSM 40318
DRR287310	DRX276767	DRS318052	DRP010345	PRJDB10714	Annamia dubia NIES-4383	NIES-4383	OXFORD_NANOPORE	MinION	15673605.0	4000.0	WGS	GENOMIC	SINGLE	Annamia_sp_48
SRR7817909	SRX4669335	SRS1256897	SRP068738	PRJNA292900	Escherichia coli		PACBIO_SMRT	PacBio RS II	1346979230.0	163482.0	WGS	GENOMIC	SINGLE	PacBio SMRT Sequencing of Escherichia coli FDA-CDC-AR_0067 Genomic Library
SRR26322083	SRX22030164	SRS3020868	SRP133964	PRJNA437002	Bacillus subtilis	PS-216	PACBIO_SMRT	Sequel	1521565193.0	134642.0	WGS	GENOMIC	SINGLE	WGS B. subtilis PS-216
SRR13448500	SRX9861669	SRS8041853	SRP295672	PRJNA681856	Salmonella enterica subsp. diarizonae	LHICA_D1	OXFORD_NANOPORE	MinION	19705146.0	4000.0	WGS	GENOMIC	SINGLE	WGS of Salmonella Lhica D1_22
ERR1274818	ERX1346406	ERS970088	ERP005928	PRJEB6403	Streptococcus pyogenes	NCTC10876	PACBIO_SMRT	PacBio RS	2801223531.0	163482.0	WGS	GENOMIC	SINGLE	PacBio RS sequencing
SRR29820002	SRX25318949	SRS21988558	SRP519730	PRJNA1135485	Salmonella		OXFORD_NANOPORE	MinION	689163297.0	301838.0	WGS	GENOMIC	SINGLE	WGS Salmonella isolates from cattle
SRR31626386	SRX26990687	SRS23456859	SRP549654	PRJNA1194628	Mycoplasmopsis bovis		OXFORD_NANOPORE	MinION	575744457.0	109348.0	WGS	GENOMIC	SINGLE	WGS of Mycoplasmopsis bovis from cattle lung tissue
SRR386656	SRX109826	SRS004883	SRP001079	PRJNA40077	Cereibacter sphaeroides 2.4.1	2.4.1	PACBIO_SMRT	PacBio RS	23447233.0	60667.0	WGS	GENOMIC	SINGLE	Whole Genome Sequencing and Assembly
SRR35247581	SRX30350475	SRS26393571	SRP617255	PRJNA958325	Paraburkholderia youngii	JPY407	PACBIO_SMRT	Sequel IIe	607941719.0	70630.0	WGS	GENOMIC	SINGLE	Paraburkholderia youngii JPY407
ERR10497667	ERX10014956	ERS14254490	ERP142629	PRJEB57633	Escherichia coli		OXFORD_NANOPORE	GridION	100992363.0	14730.0	WGS	GENOMIC	SINGLE	Raw reads: ONT_30134_6#376
ERR10499487	ERX10016773	ERS14257017			Escherichia coli		OXFORD_NANOPORE	GridION	311795977.0	24400.0	WGS	GENOMIC	SINGLE	GridION sequencing; Raw reads: ONT_30345_1#252
SRR12801735	SRX9270554	SRS7499424	SRP286888	PRJNA668291	Mycobacterium tuberculosis	N1272	OXFORD_NANOPORE	MinION	374954238.0	51825.0	WGS	GENOMIC	SINGLE	Long read TB
SRR4176958	SRX2141556	SRS1673316	SRP086905	PRJNA303877	Pseudomonas marginalis	LMG 17761	PACBIO_SMRT	PacBio RS	3995478.0	2092.0	WGS	GENOMIC	SINGLE	Pseudomonas panacis BS2778
ERR10814911	ERX10261470	ERS14463610	ERP142188	PRJEB57216	Pseudomonas aeruginosa D421		OXFORD_NANOPORE	MinION	476780731.0	36908.0	WGS	GENOMIC	SINGLE	MinION sequencing
DRR254578	DRX244296	DRS173675	DRP004119	PRJDB6565	Klebsiella pneumoniae	B6	OXFORD_NANOPORE	GridION	1411462403.0	216665.0	WGS	GENOMIC	SINGLE	B6
SRR34827287	SRX29959716	SRS26039961	SRP605729	PRJNA1299779	Brucella	Brucella abortus	OXFORD_NANOPORE	GridION	484239916.0	126944.0	WGS	GENOMIC	SINGLE	One Health Enteric sample from Brucella
ERR4184108	ERX4147399	ERS4590925	ERP121870	PRJEB38443	Citrobacter werkmanii		OXFORD_NANOPORE	MinION	2153875662.0	343122.0	WGS	GENOMIC	SINGLE	MinION sequencing; Raw reads: Nanopore_BB1478
SRR13893590	SRX10273424	SRS8406407	SRP309815	PRJNA686978	Klebsiella pneumoniae	not collected	OXFORD_NANOPORE	MinION	625249169.0	64199.0	WGS	GENOMIC	SINGLE	nanopore sequencing of k pneumoniae: clinical isolate
SRR16525517	SRX12727968	SRS10336936	SRP357534	PRJNA801415	Enterobacter cloacae	-	OXFORD_NANOPORE	GridION	4013624145.0	505639.0	WGS	GENOMIC	SINGLE	Extensive diversification and dissemination of blaNDM carbapenemase plasmids in Enterobacterales in Singapore 2010-2015
SRR21415814	SRX17420066	SRS12115305	SRP361569	PRJNA768416	Psychrobacillus sp. FSL K6-4615	FSL K6-4615	OXFORD_NANOPORE	MinION	681926043.0	140242.0	WGS	GENOMIC	SINGLE	WGS of Bacilli
ERR10879078	ERX10323828	ERS14626526	ERP143848	PRJEB58776	Legionella pneumophila		OXFORD_NANOPORE	GridION	1047577875.0	93787.0	WGS	GENOMIC	SINGLE	GridION sequencing
SRR5879325	SRX3046516	SRS2393727	SRP040661	PRJNA231221	Burkholderia thailandensis	FDAARGOS_426	PACBIO_SMRT	PacBio RS	1273024440.0	163482.0	WGS	GENOMIC	SINGLE	
ERR976765	ERX1053742	ERS715476	ERP005928	PRJEB6403	Citrobacter portucalensis	NCTC11104	PACBIO_SMRT	PacBio RS	755981478.0	163482.0	WGS	GENOMIC	SINGLE	PacBio RS sequencing
SRR18117836	SRX14268398	SRS12087429	SRP361201	PRJNA809755	Pseudomonas aeruginosa	not collected	OXFORD_NANOPORE	GridION	441541837.0	84018.0	WGS	GENOMIC	SINGLE	P.aeruginosa CFN_9871
SRR12142658	SRX8663739	SRS6944795	SRP269895	PRJNA643825	Staphylococcus aureus	110900	OXFORD_NANOPORE	MinION	306318209.0	32000.0	WGS	GENOMIC	SINGLE	110900 MinION read files batch 1
SRR11746543	SRX8299882	SRS6619801	SRP260977	PRJNA631468	Thermus thermophilus	HB27c	OXFORD_NANOPORE	MinION	185717744.0	64888.0	WGS	GENOMIC	SINGLE	T. thermophilus HB27c Genomic DNA sequencing, Nanopore reads
SRR4136236	SRX2118825	SRS1667709	SRP084836	PRJNA303200	Gillisia sp. Hel1_33_143	Hel1_33_143	PACBIO_SMRT	PacBio RS	352709018.0	162120.0	WGS	GENOMIC	SINGLE	Gillisia sp. Hel1_33_143
SRR4131426	SRX2114736	SRS1667295	SRP084658	PRJNA251764	Arenibacter algicola	MAR_2009_79	PACBIO_SMRT	PacBio RS	283631710.0	65864.0	WGS	GENOMIC	SINGLE	Arenibacter palladensis MAR_2009_79
SRR21665140	SRX17663547	SRS15195602	SRP398538	PRJNA678181	Xenorhabdus mauleonii	DSM 17908	OXFORD_NANOPORE	GridION	278677527.0	89562.0	WGS	GENOMIC	SINGLE	ONT SQK-LSK109 library of Xenorhabdus mauleonii DSM 17908: R9.4.1 flowcell on GridION, guppy v4.0.11 high accuracy mode
ERR12778396	ERX12151586	ERS18592394	ERP158558	PRJEB73819	Proteus mirabilis		OXFORD_NANOPORE	MinION	1270499.0	464.0	WGS	GENOMIC	SINGLE	MinION sequencing
SRR12298834	SRX8801743	SRS6792619	SRP266402	PRJNA605147	Escherichia coli	RHBSTW-00357	OXFORD_NANOPORE	GridION	665808268.0	140476.0	WGS	GENOMIC	SINGLE	OXFORD_NANOPORE sequencing of Escherichia coli isolate WTP2|T1-00357 cultured from WTP downstream sample
ERR10497621	ERX10014910	ERS14254537	ERP142629	PRJEB57633	Escherichia coli		OXFORD_NANOPORE	GridION	109205168.0	30571.0	WGS	GENOMIC	SINGLE	Raw reads: ONT_30134_6#189
SRR13448725	SRX9861806	SRS8041966	SRP295672	PRJNA681856	Salmonella enterica	LHICA_E3	OXFORD_NANOPORE	MinION	36472773.0	4000.0	WGS	GENOMIC	SINGLE	WGS of Salmonella Lhica E3_9
SRR35275902	SRX30378021	SRS26418545	SRP617898	PRJNA1311294	Bacillus subtilis	DSM 10	OXFORD_NANOPORE	PromethION	388214641.0	50839.0	WGS	GENOMIC	SINGLE	WGS of Bacillus subtilis: mutant evolved by exposure to pyrithiamine hydrobromide
SRR33968460	SRX29167136	SRS25367634	SRP591870	PRJNA1276484	Mycobacteroides abscessus		OXFORD_NANOPORE	MinION	1393161919.0	217736.0	WGS	GENOMIC	SINGLE	CW26170
SRR388135	SRX110615	SRS000872	SRP000269	PRJNA32793	Neisseria gonorrhoeae FA19	FA19	PACBIO_SMRT	PacBio RS	74466891.0	81741.0	WGS	GENOMIC	SINGLE	Whole Genome Sequencing and Assembly
DRR629203	DRX609530	DRS438752	DRP012484	PRJDB19189	Mycobacterium avium subsp. hominissuis	GA68608	OXFORD_NANOPORE	MinION	392072591.0	45006.0	WGS	GENOMIC	SINGLE	MinION sequencing of SAMD00833254
SRR14628361	SRX10968812	SRS9046471	SRP321015	PRJNA731114	Pseudomonas aeruginosa	PaLo556	OXFORD_NANOPORE	MinION	614414270.0	135906.0	WGS	GENOMIC	SINGLE	Nanopore sequencing of Pseudomonas aeruginosa isolates
DRR577336	DRX560769	DRS444632	DRP012541	PRJDB17881	Helicobacter pylori	KMT83	PACBIO_SMRT	Revio	247645378.0	28191.0	WGS	GENOMIC	SINGLE	Revio sequencing of SAMD00766767
ERR4592253	ERX4525915	ERS5046553	ERP123886	PRJEB40268	Escherichia coli		OXFORD_NANOPORE	MinION	1756542704.0	588805.0	WGS	GENOMIC	SINGLE	MinION sequencing
SRR386558	SRX109953	SRS212340	SRP007237	PRJNA39375	Eubacterium sp. 3_1_31	3_1_31	PACBIO_SMRT	PacBio RS	132209015.0	81741.0	WGS	GENOMIC	SINGLE	Whole Genome Sequencing and Assembly
DRR572416	DRX555883	DRS426374	DRP012251	PRJDB17574	Escherichia coli	YK-IS1MA-L02-3_G08	OXFORD_NANOPORE	MinION	121722961.0	8638.0	WGS	GENOMIC	SINGLE	nanopore-seq of SAMD00748191 L02-3_G8
SRR30944960	SRX26347444	SRS22853342	SRP537443	PRJNA1170947	Serratia marcescens	CM2017_569	OXFORD_NANOPORE	MinION	2037460376.0	156966.0	WGS	GENOMIC	SINGLE	Whole Genome Sequencing of CAV3425: Sink-4PS
SRR24939734	SRX20698731	SRS17992313	SRP440507	PRJNA924946	Escherichia coli	4809	OXFORD_NANOPORE	MinION	468012794.0	63030.0	WGS	GENOMIC	SINGLE	ONT long-read sequencing of carbapenem non-susceptible Enterobacterales
SRR387273	SRX110072	SRS281278	SRP001087	PRJNA40075	Escherichia coli str. K-12 substr. MG1655	K-12	PACBIO_SMRT	PacBio RS	79287987.0	81741.0	WGS	GENOMIC	SINGLE	Whole Genome Sequencing and Assembly
SRR4998891	SRX2331958	SRS1786482	SRP092746	PRJNA352099	Rhizobiales bacterium IMCC20636	IMCC20636	PACBIO_SMRT	PacBio RS II	3534992248.0	163482.0	WGS	GENOMIC	SINGLE	Rhizobiales sp. IMCC20636
SRR18299181	SRX14436703	SRS12243860	SRP363571	PRJNA810040	Pseudomonas aeruginosa	H13	PACBIO_SMRT	Sequel II	1760835975.0	149048.0	WGS	GENOMIC	SINGLE	PacBio reads of phylogenetically diverse collection of P. aeruginosa
SRR32301947	SRX27637766	SRS24044471	SRP563030	PRJNA1191524	Bacillus velezensis	Tcba05	OXFORD_NANOPORE	MinION	567543035.0	23700.0	WGS	GENOMIC	SINGLE	WGS of Bacillus velezensis Tcba05
SRR12298411	SRX8801656	SRS6792288	SRP266402	PRJNA605147	Escherichia coli	RHBSTW-00124	OXFORD_NANOPORE	GridION	1200506959.0	243588.0	WGS	GENOMIC	SINGLE	OXFORD_NANOPORE sequencing of Escherichia coli isolate WTP1|T1-00124 cultured from WTP influent sample
ERR9939450	ERX9482849	ERS12345080	ERP138720	PRJEB53905	Haemophilus parainfluenzae	HUB-P11-HP01	OXFORD_NANOPORE	MinION	468424537.0	83093.0	WGS	GENOMIC	SINGLE	MinION sequencing
ERR15373217	ERX14776902	ERS23666287	ERP169391	PRJEB86018	Haemophilus influenzae		PACBIO_SMRT	Sequel II	364393030.0	34789.0	WGS	GENOMIC	SINGLE	Sequel II sequencing
ERR7565116	ERX7135708	ERS9103484	ERP133520	PRJEB49072	Escherichia coli		OXFORD_NANOPORE	MinION	512990082.0	88516.0	WGS	GENOMIC	SINGLE	MinION sequencing
SRR22121278	SRX18100988	SRS15603929	SRP405589	PRJNA895213	Segatella copri	H019-6	OXFORD_NANOPORE	GridION	667829699.0	360641.0	WGS	GENOMIC	SINGLE	WGS of Prevotella copri H019-6
ERR10042288	ERX9582256	ERS6425950	ERP109413	PRJEB27342	Klebsiella pneumoniae		PACBIO_SMRT	Sequel II	1921257074.0	258530.0	WGS	GENOMIC	SINGLE	Sequel II sequencing
ERR16119834	ERX15509417	ERS28447458	ERP186608	PRJEB105405	Lacticaseibacillus paracasei subsp. paracasei		OXFORD_NANOPORE	MinION			WGS	GENOMIC	SINGLE	Raw reads: MCF_B11_Nanopore
SRR10743050	SRX7418468	SRS5865131	SRP238295	PRJNA594430	Streptococcus infantarius	CNU_G3	PACBIO_SMRT	PacBio RS II	1373936987.0	142324.0	WGS	GENOMIC	PAIRED	Whole genome sequence of Streptococcus infantarius CNU G3
SRR11819088	SRX8370047	SRS6685342	SRP262489	PRJNA633848	Oxalobacteraceae bacterium	BJB404	OXFORD_NANOPORE	MinION	5478954.0	1272.0	WGS	GENOMIC	SINGLE	Nanopore Sequencing Reads of BJB404 Whole Genomic DNA
ERR12736515	ERX12110444	ERS18417564	ERP152806	PRJEB67799	Hoylesella timonensis		OXFORD_NANOPORE	MinION	262541354.0	217692.0	WGS	GENOMIC	SINGLE	MinION sequencing
SRR28740703	SRX24306664	SRS21069438	SRP502714	PRJNA1090129	Staphylococcus aureus	sa220913_barcode17	OXFORD_NANOPORE	MinION	445521044.0	83361.0	WGS	GENOMIC	SINGLE	Staphylococcus aureus strain sa220913_barcode17
SRR448082	SRX131407	SRS002764	SRP001666	PRJNA32461	Coprobacillus cateniformis	D6	PACBIO_SMRT	PacBio RS	74334816.0	81741.0	WGS	GENOMIC	SINGLE	Whole Genome Sequencing and Assembly
ERR1036219	ERX1114953	ERS764462	ERP005928	PRJEB6403	Escherichia coli	NCTC10086	PACBIO_SMRT	PacBio RS	877609851.0	163482.0	WGS	GENOMIC	SINGLE	PacBio RS sequencing
ERR10820954	ERX10266554	ERS7761481	ERP109413	PRJEB27342	Klebsiella pneumoniae		PACBIO_SMRT	Sequel II	7164270975.0	1928449.0	WGS	GENOMIC	SINGLE	Sequel II sequencing
ERR10676274	ERX10144038	ERS14333373	ERP143248	PRJEB58185	Campylobacter jejuni		OXFORD_NANOPORE	MinION	163273838.0	271219.0	WGS	GENOMIC	PAIRED	MinION paired end sequencing
SRR7004876	SRX3937448	SRS3169103	SRP140123	PRJNA442719	Escherichia coli	AG3170	PACBIO_SMRT	PacBio RS II	719760532.0	406486.0	WGS	GENOMIC	SINGLE	Escherichia coli AG3170 methylation detection
SRR31024334	SRX26411229	SRS22931199	SRP539092	PRJNA1174068	Vibrio cholerae	mHDM VC253	OXFORD_NANOPORE	PromethION	273142256.0	94629.0	WGS	GENOMIC	SINGLE	WGS of Vcholerae isolates
SRR30934737	SRX26337572	SRS22863377	SRP537571	PRJNA1168290	Paenibacillus sp. TAB_01	TAB_01	OXFORD_NANOPORE	MinION	1820195.0	200.0	WGS	GENOMIC	SINGLE	Paenibacillus sp. TAB 01 from cotton plant tissue
SRR12280481	SRX8784234	SRS7053007	SRP272861	PRJNA646575	Bacteroides fragilis		OXFORD_NANOPORE	GridION	1357832346.0	162941.0	WGS	GENOMIC	SINGLE	WGS  of Bacteroides fragilis group clinical isolates
SRR14509538	SRX10855508	SRS8951132	SRP319462	PRJNA728709	Escherichia coli	07_3337	PACBIO_SMRT	PacBio RS II	2497446482.0	326964.0	WGS	GENOMIC	SINGLE	Genome sequencing of E. coli O26: H11
ERR15693045	ERX15097246	ERS26984927	ERP171481	PRJEB88388	Pseudomonas veronii	R-91895	OXFORD_NANOPORE	MinION	1418350454.0	480843.0	WGS	GENOMIC	SINGLE	Raw reads: Pseudomonas veronii R-91895
SRR10150096	SRX6875527	SRS5411411	SRP222595	PRJNA546639	Micromonospora polyrhachis	DSM 45886	PACBIO_SMRT	Sequel	1890750650.0	649615.0	WGS	GENOMIC	SINGLE	Micromonospora polyrhachis DSM 45886
SRR12298372	SRX8801695	SRS6792587	SRP266402	PRJNA605147	Citrobacter freundii	RHBSTW-00199	PACBIO_SMRT	PacBio RS II	1217561429.0	161228.0	WGS	GENOMIC	SINGLE	PACBIO_SMRT sequencing of Citrobacter freundii isolate WTP1|T1-00199 cultured from WTP downstream sample
ERR2195668	ERX2251691	ERS1826214	ERP005928	PRJEB6403	Yersinia pseudotuberculosis	NCTC10551	PACBIO_SMRT	PacBio RS	150150341.0	163482.0	WGS	GENOMIC	SINGLE	PacBio RS sequencing
SRR1794444	SRX869823	SRS840616	SRP053391	PRJNA224206	Salmonella enterica subsp. enterica serovar Cerro str. CFSAN001588	CFSAN001588	PACBIO_SMRT	PacBio RS II	954092594.0	163482.0	WGS	GENOMIC	SINGLE	Whole genome shotgun sequencing of Salmonella enterica subsp. enterica serovar Cerro str. CFSAN001588 by Pacific Biosciences SMRT
SRR11434955	SRX8013014	SRS6386597	SRP254342	PRJNA602597	Escherichia coli	E2348/69	OXFORD_NANOPORE	MinION	286467413.0	31032.0	WGS	GENOMIC	SINGLE	
SRR29050571	SRX24575408	SRS5782023	SRP040281	PRJNA230403	Salmonella enterica	2016AM-2287	OXFORD_NANOPORE	GridION	538856149.0	78629.0	WGS	GENOMIC	SINGLE	ONT long-read whole genome sequencing of Salmonella typhi
SRR36067877	SRX31114047	SRS27072671	SRP644837	PRJNA1364846	Escherichia coli	GPT22-004	OXFORD_NANOPORE	GridION	108341016.0	30049.0	WGS	GENOMIC	SINGLE	Escherchia coli, DBT kit, 36-plex and 200 ng DNA, replicate 6
SRR15031896	SRX11343483	SRS9383692	SRP326726	PRJNA737600	Streptomyces sp. GMY02	GMY02	OXFORD_NANOPORE	GridION	9471303.0	4000.0	WGS	GENOMIC	SINGLE	WGS Streptomyces sp. GMY02
ERR2532013	ERX2550442	ERS2409728	ERP005928	PRJEB6403	Pasteurella multocida	NCTC2771	PACBIO_SMRT	PacBio RS	809551154.0	163482.0	WGS	GENOMIC	SINGLE	PacBio RS sequencing
SRR11209196	SRX7822237	SRS6233359	SRP251108	PRJNA609126	Staphylococcus aureus	SA1428	OXFORD_NANOPORE	GridION	82400509.0	4000.0	WGS	GENOMIC	SINGLE	Genome sequence of a chronic Staphylococcus aureus isolated from dairy cow that is non-responsive to antibiotic treatment
SRR35587911	SRX30660549	SRS26534887	SRP620840	PRJNA1329285	Klebsiella pneumoniae	DM59	OXFORD_NANOPORE	MinION	841623116.0	88877.0	WGS	GENOMIC	SINGLE	Long read sequencing of Klebsiella pneumoniae
SRR1923074	SRX963265	SRS403322	SRP019923	PRJNA78389	Salmonella enterica subsp. enterica serovar Hadar str. ATCC 51956	ATCC 51956	PACBIO_SMRT	PacBio RS II	1223102905.0	163482.0	WGS	GENOMIC	SINGLE	Whole genome shotgun sequencing of Salmonella enterica subsp. enterica serovar Hadar str. ATCC 51956 by Pacific Biosciences SMRT
SRR31303446	SRX26681625	SRS23174481	SRP544363	PRJNA1133929	Bordetella pertussis	YW64	PACBIO_SMRT	Sequel IIe	2545608659.0	206671.0	WGS	GENOMIC	PAIRED	Genome sequencing for Bordetella pertussis
SRR13955698	SRX10334067	SRS8453786	SRP310443	PRJNA714107	Mannheimia haemolytica	33690	PACBIO_SMRT	PacBio RS II	1126303290.0	299169.0	WGS	GENOMIC	SINGLE	PacBio reads of M. haemolytica
SRR29842202	SRX25340056	SRS22007433	SRP520125	PRJNA1134661	Salmonella enterica		PACBIO_SMRT	Sequel II	1111971364.0	145302.0	WGS	GENOMIC	SINGLE	Salmonella enterica from broiler chicken litter
SRR9648322	SRX6409871	SRS5067253	SRP213274	PRJNA546935	Corynebacterium bovis DSM 20582 = CIP 54.80	DSM 20582	PACBIO_SMRT	Sequel	1182716831.0	304758.0	WGS	GENOMIC	SINGLE	Corynebacterium bovis DSM 20582
SRR35674103	SRX30725563	SRS26742266	SRP561673	PRJNA1219398	Pasteurella multocida	214211	OXFORD_NANOPORE	MinION	145917662.0	29186.0	WGS	GENOMIC	SINGLE	DNA-Seq of Pasteurella multocida 214211
ERR526297	ERX491500	ERS445057	ERP005928	PRJEB6403	Fusobacterium polymorphum	NCTC10562	PACBIO_SMRT	PacBio RS	654375116.0	163482.0	WGS	GENOMIC	PAIRED	PacBio RS paired end sequencing
SRR26316619	SRX22024896	SRS1590071	SRP058582	PRJNA203400	Escherichia coli	MOD1-EC6796	OXFORD_NANOPORE	GridION	143836785.0	56000.0	WGS	GENOMIC	SINGLE	Identification of Thirty-two New O antigen Gene Clusters in Escherichia coli
ERR1766256	ERX1831825	ERS1247840	ERP005928	PRJEB6403	Vibrio pelagius	NCTC11316	PACBIO_SMRT	PacBio RS	711272940.0	163482.0	WGS	GENOMIC	SINGLE	PacBio RS sequencing
ERR15095067	ERX14499669	ERS24813676	ERP119900	PRJEB36683	Klebsiella pneumoniae 11227-1		OXFORD_NANOPORE	PromethION	374331642.0	111852.0	WGS	GENOMIC	SINGLE	Raw reads: MKPU206_L
SRR32738804	SRX28025046	SRS24384032	SRP570930	PRJNA1223406	Peribacillus sp. B-H-3	B-H-3	OXFORD_NANOPORE	GridION	2118467246.0	389837.0	WGS	GENOMIC	SINGLE	Long reads for B-H-3
SRR35213450	SRX30317273	SRS26364209	SRP615992	PRJNA1301220	Acinetobacter baumannii	ABO22-A145	OXFORD_NANOPORE	MinION	206990773.0	25309.0	WGS	GENOMIC	SINGLE	Whole geneme sequencing of Acinetobacter baumannii: isolates of the Ab-One study
ERR2246677	ERX2298700	ERS1906616	ERP005928	PRJEB6403	Propioniferax innocua		PACBIO_SMRT	PacBio RS	57015574.0	163482.0	WGS	GENOMIC	SINGLE	PacBio RS sequencing
ERR1016521	ERX1095581	ERS747596	ERP005928	PRJEB6403	Escherichia coli	NCTC9096	PACBIO_SMRT	PacBio RS	1124042859.0	163482.0	WGS	GENOMIC	SINGLE	PacBio RS sequencing
ERR10854445	ERX10299212	ERS7761536	ERP109413	PRJEB27342	Klebsiella grimontii		PACBIO_SMRT	Sequel II	9585418400.0	3968089.0	WGS	GENOMIC	SINGLE	Sequel II sequencing
SRR4131429	SRX2114739	SRS1667296	SRP084659	PRJNA248520	Salegentibacter sp. Hel_I_6	Hel_I_6	PACBIO_SMRT	PacBio RS	104978060.0	30917.0	WGS	GENOMIC	SINGLE	Salegentibacter sp. Hel_I_6
ERR11177481	ERX10610394	ERS1810766	ERP015655	PRJEB14050	Salmonella enterica subsp. enterica serovar Typhi		OXFORD_NANOPORE	GridION	500008608.0	13276.0	WGS	GENOMIC	SINGLE	GridION sequencing
SRR21621379	SRX17622251	SRS15157726	SRP397987	PRJNA880679	Pantoea agglomerans		OXFORD_NANOPORE	MinION	54831112.0	29574.0	WGS	GENOMIC	SINGLE	Zambia
SRR16525454	SRX12728031	SRS10337042	SRP357534	PRJNA801415	Klebsiella pneumoniae	133	OXFORD_NANOPORE	GridION	1123555349.0	193142.0	WGS	GENOMIC	SINGLE	Extensive diversification and dissemination of blaNDM carbapenemase plasmids in Enterobacterales in Singapore 2010-2015
SRR31540917	SRX26908007	SRS23387466	SRP548173	PRJNA1190675	Escherichia coli	The same strain as the one under SRA accession SRR7167541	OXFORD_NANOPORE	MinION	593926726.0	103043.0	WGS	GENOMIC	SINGLE	ONT of TAS225
ERR4762194	ERX4635298	ERS5247735	ERP124695	PRJEB40976	Enterococcus faecalis		OXFORD_NANOPORE	GridION	850399352.0	34444.0	WGS	GENOMIC	SINGLE	GridION sequencing; Raw reads: 26975_1#33
ERR2125697	ERX2182549	ERS1502651	ERP005928	PRJEB6403	Legionella adelaidensis	NCTC12735	PACBIO_SMRT	PacBio RS	2485933582.0	163482.0	WGS	GENOMIC	SINGLE	PacBio RS sequencing
SRR21416106	SRX17420382	SRS12115372	SRP361569	PRJNA768416	Paenibacillus sp. FSL W7-1332		OXFORD_NANOPORE	MinION	1652798448.0	418372.0	WGS	GENOMIC	SINGLE	WGS of Bacilli
ERR10499214	ERX10016500	ERS14256106	ERP142629	PRJEB57633	Escherichia coli		OXFORD_NANOPORE	GridION	165346071.0	23057.0	WGS	GENOMIC	SINGLE	Raw reads: ONT_30859_5#340
SRR24918216	SRX20679042	SRS17875776	SRP338930	PRJNA766641	Mycobacterium tuberculosis	IDR 2300004227	OXFORD_NANOPORE	MinION	89684471.0	79366.0	WGS	GENOMIC	SINGLE	MinION sequencing of TB isolates
SRR13182419	SRX9620301	SRS7822397	SRP040661	PRJNA231221	Parabacteroides distasonis	FDAARGOS_1233	PACBIO_SMRT	Sequel	1414966388.0	234872.0	WGS	GENOMIC	SINGLE	
ERR4910123	ERX4776947	ERS4556737	ERP121699	PRJEB38289	Klebsiella pneumoniae		PACBIO_SMRT	PacBio RS	754027304.0	54494.0	WGS	GENOMIC	SINGLE	PacBio RS sequencing
SRR27973034	SRX23626131	SRS20465503	SRP489819	PRJNA1076692	Acinetobacter baumannii	RIVM_C051275_rerio	OXFORD_NANOPORE	MinION	151524944.0	49251.0	WGS	GENOMIC	SINGLE	RIVM_C051275_rerio
SRR23587933	SRX19473226	SRS16864980	SRP423955	PRJNA802708	Vibrio aestuarianus	08_114_4T3	PACBIO_SMRT	Sequel II	1337799268.0	142265.0	WGS	GENOMIC	SINGLE	08_114_4T3
SRR33434797	SRX28675653	SRS23085174	SRP542766	PRJNA1181261	Salmonella enterica subsp. enterica serovar Dublin	NDSU-VDL-1	PACBIO_SMRT	Sequel IIe	579718137.0	37237.0	WGS	GENOMIC	SINGLE	PacBio WGS of Salmonella Dublin Strains
SRR23384885	SRX19323154	SRS16721056	SRP421698	PRJNA924056	Escherichia coli	CPO526	OXFORD_NANOPORE	MinION	375991304.0	18365.0	WGS	GENOMIC	SINGLE	WGS of bacterial isolate possessing blaIMP-4 carbapenemase
SRR24140238	SRX19938839	SRS17287549	SRP247747	PRJNA604975	Escherichia coli	ox_bsi_185	OXFORD_NANOPORE	GridION	66074890.0	22662.0	WGS	GENOMIC	SINGLE	oxford_bsi
ERR10170428	ERX9707071	ERS8227139	ERP132884	PRJEB48506	Salmonella enterica subsp. enterica serovar Paratyphi A		OXFORD_NANOPORE	MinION	495326208.0	177751.0	WGS	GENOMIC	SINGLE	MinION sequencing; Raw reads: E268_MinION
SRR631046	SRX209633	SRS379413	SRP017524	PRJNA183628	Escherichia coli K-12	K-12	PACBIO_SMRT	PacBio RS	168647652.0	60961.0	WGS	GENOMIC	SINGLE	Native E. coli plasmid DNA with m4C
SRR10382311	SRX7083121	SRS5598702	SRP227897	PRJNA577199	Nonomuraea phyllanthi	WYY166	PACBIO_SMRT	PacBio RS II	1226467911.0	163482.0	WGS	GENOMIC	SINGLE	genome-seq of Nonomuraea sp. WYY166
SRR29180575	SRX24700758	SRS21428288	SRP509856	PRJNA1114928	Pediococcus acidilactici	L-9	PACBIO_SMRT	Sequel	561970331.0	65991.0	WGS	GENOMIC	SINGLE	WGS of Pediococcus acidilactici L-9
SRR4052193	SRX2041754	SRS1634806	SRP054736	PRJNA185244	Nitrosomonas cryotolerans ATCC 49181	ATCC 49181	PACBIO_SMRT	PacBio RS	196531655.0	68813.0	WGS	GENOMIC	SINGLE	Nitrosomonas cryotolerans ATCC 49181
SRR27972374	SRX23626079	SRS20466076	SRP489819	PRJNA1076692	Proteus mirabilis	RIVM_C059332_dorado	OXFORD_NANOPORE	MinION	358826942.0	89114.0	WGS	GENOMIC	SINGLE	RIVM_C059332_dorado
ERR11806662	ERX11205022	ERS16226694	ERP119900	PRJEB36683	Klebsiella pneumoniae 11227-1		OXFORD_NANOPORE	MinION	322951140.0	52537.0	WGS	GENOMIC	SINGLE	MinION sequencing; Raw reads: plasmid_ERR3891108
SRR34967200	SRX30086365	SRS26152664	SRP608514	PRJNA1305037	Klebsiella pneumoniae	MI_KPC_362	OXFORD_NANOPORE	PromethION	500000580.0	55974.0	WGS	GENOMIC	SINGLE	KPC CRE collection from state of Michigan
SRR6976406	SRX3918019	SRS3153098	SRP139227	PRJNA442013	Acidovorax sp. 93	93	PACBIO_SMRT	PacBio RS II	393640514.0	98479.0	WGS	GENOMIC	SINGLE	Acidovorax sp. 93
SRR23471056	SRX19374132	SRS7260957	SRP422715	PRJNA878812	Pseudomonas aeruginosa	2020CK-00220	OXFORD_NANOPORE	GridION	250680398.0	29426.0	WGS	GENOMIC	SINGLE	Nanopore sequencing of ARLN isolate
SRR25467187	SRX21199738	SRS18458351	SRP452337	PRJNA1000618	Escherichia coli	Escherichia coli BL21(DE3)	OXFORD_NANOPORE	MinION	13232205.0	4000.0	WGS	GENOMIC	SINGLE	CASTVK transposition with different condition
SRR26305314	SRX22013807	SRS19087289	SRP250705	PRJNA607328	Pseudomonas putida	missing	OXFORD_NANOPORE	MinION	872828085.0	244940.0	WGS	GENOMIC	SINGLE	Pseudomonas putida FELIX_MS683 Nanopore
SRR13386132	SRX9805297	SRS7989372	SRP300861	PRJNA663900	Enterococcus sp. AZ067	AZ067	OXFORD_NANOPORE	GridION	813319760.0	267642.0	WGS	GENOMIC	SINGLE	Zoo 3 Enterococcus Diversity Genome sequencing and assembly
SRR35396788	SRX30479467	SRS26512522	SRP620287	PRJNA1328436	Citrobacter freundii	16AR1712	OXFORD_NANOPORE	GridION	900478188.0	61918.0	WGS	GENOMIC	SINGLE	Citrobacter freundii strain 16AR1712
SRR19542746	SRX15594647	SRS13295890	SRP378454	PRJNA845091	Burkholderia gladioli	not collected	PACBIO_SMRT	Sequel II	4556116137.0	471072.0	WGS	GENOMIC	SINGLE	Pacbio sequence of  Burkholderia gladioli: gme
SRR33300161	SRX28545167	SRS24844320	SRP581013	PRJNA1255117	Staphylococcus aureus	Staphylococcus	OXFORD_NANOPORE	GridION	629596550.0	233056.0	WGS	GENOMIC	SINGLE	WGS of S. aureus sample 28
SRR12298596	SRX8801471	SRS6792133	SRP266402	PRJNA605147	Escherichia coli	RHB02-C09	PACBIO_SMRT	PacBio RS II	1321602851.0	160962.0	WGS	GENOMIC	SINGLE	PACBIO_SMRT sequencing of Escherichia coli isolate RH02|T1-C09 cultured from Pig faeces sample
SRR34973651	SRX30092674	SRS26157690	SRP608514	PRJNA1305037	Klebsiella pneumoniae	MI_KPC_995	OXFORD_NANOPORE	PromethION	500000439.0	53245.0	WGS	GENOMIC	SINGLE	KPC CRE collection from state of Michigan
SRR27972713	SRX23625740	SRS20465709	SRP489819	PRJNA1076692	Enterobacter cloacae	RIVM_C048232_dorado	OXFORD_NANOPORE	MinION	326258292.0	98028.0	WGS	GENOMIC	SINGLE	RIVM_C048232_dorado
SRR25241516	SRX20987795	SRS12559729	SRP369036	PRJNA695775	Microbacterium esteraromaticum	DSM 8609	PACBIO_SMRT	Sequel IIe	149510046.0	28185.0	WGS	GENOMIC	SINGLE	Microbacterium esteraromaticum DSM 8609
SRR13516987	SRX9928116	SRS8104122	SRP303037	PRJNA694442	Salmonella enterica		OXFORD_NANOPORE	GridION	5000025332.0	178809.0	WGS	GENOMIC	SINGLE	WGS of Salmonella enterica
SRR19843381	SRX15887007	SRS12115055	SRP361569	PRJNA768416	Niallia sp. FSL K6-0212	FSL K6-0212	OXFORD_NANOPORE	MinION	458824096.0	94810.0	WGS	GENOMIC	SINGLE	WGS of Bacilli
DRR396571	DRX382350	DRS248817	DRP008829	PRJDB14121	Aquiluna sp. KACHI24	KACHI24	PACBIO_SMRT	Sequel II	389909142.0	27153.0	WGS	GENOMIC	SINGLE	Sequel II sequencing of SAMD00518422
ERR5353203	ERX5141238	ERS5752936	ERP126298	PRJEB42440	Klebsiella pneumoniae		OXFORD_NANOPORE	GridION	392350774.0	85931.0	WGS	GENOMIC	SINGLE	GridION sequencing
SRR28777802	SRX24342744	SRS20831673	SRP497546	PRJNA1091452	Listeria monocytogenes	L-08	OXFORD_NANOPORE	MinION	780379267.0	220464.0	WGS	GENOMIC	SINGLE	ONT performance study sequencing of L. monocytogenes
SRR30949654	SRX26352132	SRS22817391	SRP536567	PRJNA1165464	Escherichia coli	Not applicable	OXFORD_NANOPORE	MinION	193396247.0	67358.0	WGS	GENOMIC	SINGLE	Nanopore sequencing of E.coli: blood isolate
ERR15880314	ERX15277267	ERS26933717	ERP180772	PRJEB98371	Listeria monocytogenes		OXFORD_NANOPORE	MinION	23371303.0	1942.0	WGS	GENOMIC	SINGLE	Raw reads: sample_088_nanopore_16
SRR12995728	SRX9447147	SRS7653706	SRP291226	PRJNA673199	Streptococcus equi subsp. zooepidemicus	SEZ13	OXFORD_NANOPORE	MinION	47395687.0	15448.0	WGS	GENOMIC	SINGLE	Streptococcus equi subsp. zooepidemicus isolated from mares with endometritis
SRR30949607	SRX26352179	SRS22817438	SRP536567	PRJNA1165464	Escherichia coli	Not applicable	OXFORD_NANOPORE	MinION	401641950.0	169353.0	WGS	GENOMIC	SINGLE	Nanopore sequencing of E.coli: blood isolate
SRR36452876	SRX31477100	SRS27458873	SRP655253	PRJNA1381570	Bradyrhizobium guangzhouense	not applicable	PACBIO_SMRT	PacBio RS II	2256467891.0	363719.0	WGS	GENOMIC	SINGLE	PLNZW-23-2-subread
SRR35281922	SRX30384027	SRS26424145	SRP618029	PRJNA1321121	Streptococcus uberis	1122603	OXFORD_NANOPORE	MinION	250529664.0	125917.0	WGS	GENOMIC	SINGLE	WGS of Streptoccocus uberis islated from cows with mastitis
SRR28416681	SRX24021063	SRS20815507	SRP497143	PRJNA1067993	Microaceticoccus formicicus	AMB_02	OXFORD_NANOPORE	MinION	437806858.0	96853.0	WGS	GENOMIC	SINGLE	Raw Nanopore sequences for barcode 04 AMB_Tp6
SRR28999493	SRX24526635	SRS21273321	SRP507108	PRJNA1110574	Lactococcus lactis	2B-5	OXFORD_NANOPORE	PromethION	9997154956.0	1232000.0	WGS	GENOMIC	SINGLE	WGS of strain 2B-5
SRR27561240	SRX23230590	SRS20153320	SRP483965	PRJNA1032276	Staphylococcus capitis subsp. urealyticus	Sc1365688	OXFORD_NANOPORE	MinION	534481819.0	311694.0	WGS	GENOMIC	SINGLE	Oxford Nanopore MinION whole-genome sequencing reads of S. capitis clinical isolate Sc1365688
ERR13064385	ERX12434909	ERS17308344	ERP155943	PRJEB71065	Enterococcus lactis		PACBIO_SMRT	Sequel II	336413141.0	30395.0	WGS	GENOMIC	SINGLE	Sequel II sequencing
ERR14121048	ERX13523562	ERS20915654	ERP163228	PRJEB79013	Clostridium perfringens		OXFORD_NANOPORE	PromethION			WGS	GENOMIC	SINGLE	PromethION sequencing
SRR33783895	SRX29006133	SRS25222877	SRP589164	PRJNA1270766	Klebsiella quasipneumoniae subsp. similipneumoniae	EH56	OXFORD_NANOPORE	MinION	156748328.0	28366.0	WGS	GENOMIC	SINGLE	nanopore of EH56
SRR29226782	SRX24745551	SRS21467369	SRP510673	PRJNA1112792	Salmonella enterica	E1S-015	OXFORD_NANOPORE	GridION	401379601.0	60254.0	WGS	GENOMIC	SINGLE	Whole genome sequence of E1S-015
SRR12352499	SRX8851945	SRS7113713	SRP274319	PRJNA618229	Dietzia sp. MeA6-2017	MeA6-2017	PACBIO_SMRT	PacBio RS II	3482629341.0	477646.0	WGS	GENOMIC	SINGLE	Dietzia sp. MeA6-2017
ERR6536217	ERX6163040	ERS3927650	ERP023216	PRJEB20997	Salmonella enterica		PACBIO_SMRT	Sequel II	1044498080.0	269177.0	WGS	GENOMIC	SINGLE	Sequel II sequencing
SRR12299012	SRX8802201	SRS6792238	SRP266402	PRJNA605147	Escherichia coli	RHB12-C04	OXFORD_NANOPORE	GridION	940636433.0	209062.0	WGS	GENOMIC	SINGLE	OXFORD_NANOPORE sequencing of Escherichia coli isolate RH09|T1-C04 cultured from Cattle faeces sample
ERR14686247	ERX14087766	ERS23773386	ERP169826	PRJEB86481	Escherichia coli str. K-12 substr. MG1655	K-12	OXFORD_NANOPORE	MinION	118878850.0	61740.0	WGS	GENOMIC	SINGLE	MinION sequencing
SRR10613412	SRX7292597	SRS5786129	SRP235306	PRJNA593863	Streptococcus pneumoniae	TH13686	PACBIO_SMRT	Sequel	872962395.0	101207.0	WGS	GENOMIC	SINGLE	SMRT-seq of pneumococcal strain TH5160(spn556II and spn556III deleted) derivative: TH13686 S. agalactiae-A6
SRR28333178	SRX23941346	SRS20744293	SRP495027	PRJNA1086569	Bacillus anthracis	Sterne	OXFORD_NANOPORE	MinION	85142427.0	22771.0	WGS	GENOMIC	SINGLE	Nanopore WGS of Bacillus anthracis
SRR9326099	SRX6092984	SRS4994008	SRP201833	PRJNA549563	Escherichia coli	F048R	OXFORD_NANOPORE	MinION	658756741.0	49503.0	WGS	GENOMIC	SINGLE	Comparative genomics and transcriptomics of Escherichia coli in response to plasmid aquisition
SRR35224306	SRX30327932	SRS26372308	SRP616549	PRJNA1314197	Mycobacterium tuberculosis H37Rv	H37Rv	OXFORD_NANOPORE	PromethION	2656336556.0	455724.0	WGS	GENOMIC	SINGLE	WGS of M. tb DNA mixture (100% Susceptible), Rep 3
ERR2302900	ERX2354237	ERS1963334	ERP005928	PRJEB6403	Aeromonas salmonicida	3012STDY7122732	PACBIO_SMRT	PacBio RS	1458532464.0	163482.0	WGS	GENOMIC	SINGLE	PacBio RS sequencing
SRR27678744	SRX23346005	SRS20207243	SRP485167	PRJNA960711	Bacillus thuringiensis	Monterrey_S4	OXFORD_NANOPORE	MinION	30914072.0	7404.0	WGS	GENOMIC	SINGLE	WGS of Bacillus thuringiensis: strain Monterrey_S4
SRR29316785	SRX24833358	SRS21545189	SRP512379	PRJNA1121190	Vibrio cholerae	101Vc06	OXFORD_NANOPORE	PromethION	184311696.0	79160.0	WGS	GENOMIC	SINGLE	WGS of Vcholerae isolates
SRR15342187	SRX11646446	SRS9679592	SRP331089	PRJNA561159	Agrobacterium tumefaciens	But002	OXFORD_NANOPORE	GridION	1040668313.0	104234.0	WGS	GENOMIC	SINGLE	Nanopore reads of A. tumefaciens
ERR2528488	ERX2547369	ERS515517	ERP107863	PRJEB25895	Escherichia coli		PACBIO_SMRT	PacBio RS	1348907300.0	163482.0	WGS	GENOMIC	SINGLE	PacBio RS sequencing
DRR627332	DRX607660	DRS437964	DRP012465	PRJDB19803	type II methanotrophic bacterium	NpR20-97	PACBIO_SMRT	Sequel II	123206916.0	8040.0	WGS	GENOMIC	SINGLE	Sequel II sequencing of SAMD00853606
SRR24140392	SRX19938685	SRS17287393	SRP247747	PRJNA604975	Escherichia coli	ox_bsi_338	OXFORD_NANOPORE	GridION	212211666.0	43968.0	WGS	GENOMIC	SINGLE	oxford_bsi
SRR16525582	SRX12728417	SRS10336877	SRP357537	PRJNA801416	Escherichia coli	131	OXFORD_NANOPORE	GridION	2292003819.0	337102.0	WGS	GENOMIC	SINGLE	Extensive diversification and dissemination of blaNDM carbapenemase plasmids in Enterobacterales in Singapore 2010-2015
SRR10568398	SRX7249887	SRS5748195	SRP234258	PRJNA592372	Escherichia coli	US25	PACBIO_SMRT	Sequel	639380558.0	138168.0	WGS	GENOMIC	SINGLE	Long-read sequencing of Escherichia coli US25
ERR3517256	ERX3536929	ERS3739719	ERP117164	PRJEB34285	Escherichia coli		OXFORD_NANOPORE	MinION	1090349811.0	88218.0	WGS	GENOMIC	SINGLE	MinION sequencing; Raw reads: Ecoli_dh10b_p50_OXA-plasmid_MinION
SRR22784797	SRX18744647	SRS16179778	SRP413484	PRJNA912639	Escherichia coli	EC_G_6245_3S1_D_CuP_CeP	OXFORD_NANOPORE	MinION	542589890.0	99865.0	WGS	GENOMIC	SINGLE	WGS of Escherichia coli
SRR13893598	SRX10273416	SRS8406397	SRP309815	PRJNA686978	Klebsiella pneumoniae	not collected	OXFORD_NANOPORE	MinION	2567613287.0	296483.0	WGS	GENOMIC	SINGLE	nanopore sequencing of k pneumoniae: clinical isolate
SRR13206615	SRX9639858	SRS7839517	SRP296707	PRJNA674774	Caldimonas thermodepolymerans	DSM 15344	OXFORD_NANOPORE	MinION	21315640614.0	1791756.0	WGS	GENOMIC	SINGLE	WGS ONT: Schlegelella thedmodepolymerans DSM 15344
SRR35213098	SRX30316915	SRS26363867	SRP615983	PRJNA834426	Bradyrhizobium japonicum	USDA 36	PACBIO_SMRT	Sequel II	546657946.0	50855.0	WGS	GENOMIC	SINGLE	Bradyrhizobium japonicum USDA 36
SRR33650869	SRX28878030	SRS25104721	SRP586742	PRJNA1260739	Neorhizobium sp. DAR64862/K0K3	DAR64862/K0K3	OXFORD_NANOPORE	MinION	1342992937.0	160751.0	WGS	GENOMIC	SINGLE	WGS of Neorhizobium isolate
SRR31599022	SRX26964062	SRS23433773	SRP549287	PRJNA1185485	Escherichia coli	820	OXFORD_NANOPORE	PromethION	536490058.0	139717.0	WGS	GENOMIC	SINGLE	Wnew4R-barcode35
SRR10435991	SRX7131758	SRS5640760	SRP229645	PRJNA563222	Lactobacillus helveticus	LZ-R-5	PACBIO_SMRT	Sequel II	660689936.0	82575.0	WGS	GENOMIC	SINGLE	Genomic DNA
ERR14686364	ERX14087883	ERS23773278	ERP169826	PRJEB86481	Escherichia coli str. K-12 substr. MG1655	K-12	OXFORD_NANOPORE	MinION	187947167.0	49040.0	WGS	GENOMIC	SINGLE	MinION sequencing
SRR31598958	SRX26963527	SRS23433239	SRP549287	PRJNA1185485	Escherichia coli	824	OXFORD_NANOPORE	PromethION	604574052.0	157726.0	WGS	GENOMIC	SINGLE	Wnew4R-barcode39
ERR4183543	ERX4146890	ERS4590909	ERP121870	PRJEB38443	Stutzerimonas stutzeri		OXFORD_NANOPORE	MinION	636198479.0	75368.0	WGS	GENOMIC	SINGLE	MinION sequencing; Raw reads: Nanopore_BB1462
SRR6703613	SRX3677787	SRS2938455	SRP132582	PRJNA401006	Leptospira borgpetersenii serovar Ceylonica	Piyasena	PACBIO_SMRT	PacBio RS II	1537926521.0	163482.0	WGS	GENOMIC	SINGLE	
SRR5852289	SRX3021709	SRS1832448	SRP094480	PRJNA279196	Bordetella pertussis	I112	PACBIO_SMRT	PacBio RS II	804482726.0	163482.0	WGS	GENOMIC	SINGLE	
SRR8305852	SRX5120354	SRS2184237	SRP018785	PRJNA186035	Salmonella enterica subsp. enterica serovar Newport	CFSAN000827	PACBIO_SMRT	Sequel	903872434.0	127834.0	WGS	GENOMIC	SINGLE	Whole genome PacBio Sequel sequence of Salmonella enterica subsp. enterica
ERR10498439	ERX10015728	ERS14255520	ERP142629	PRJEB57633	Escherichia coli		OXFORD_NANOPORE	GridION	47341352.0	6783.0	WGS	GENOMIC	SINGLE	Raw reads: ONT_30345_1#59
SRR10353549	SRX7063259	SRS5575713	SRP227081	PRJNA563548	Neisseria gonorrhoeae	NG196	OXFORD_NANOPORE	MinION	361735599.0	117209.0	WGS	GENOMIC	SINGLE	Genome of Neisseria gonorrhoeae NG196
SRR31579357	SRX26944858	SRS23416609	SRP548894	PRJNA1193213	Mycobacterium tuberculosis		OXFORD_NANOPORE	GridION	58319981.0	34734.0	WGS	GENOMIC	SINGLE	02MTB0154_S148_L002
ERR3595993	ERX3591864	ERS2623555	ERP017350	PRJEB15537	Lacticaseibacillus paracasei		PACBIO_SMRT	Sequel	1716147681.0	1036865.0	WGS	GENOMIC	SINGLE	Sequel sequencing
ERR2928980	ERX2931916	ERS2903362	ERP112075	PRJEB29727	Streptococcus pneumoniae	4496	PACBIO_SMRT	PacBio RS	1120105051.0	163482.0	WGS	GENOMIC	SINGLE	PacBio RS sequencing
SRR29731156	SRX25233313	SRS21919481	SRP518432	PRJNA1132796	Enterococcus faecium	Efm57	OXFORD_NANOPORE	MinION	759235659.0	371316.0	WGS	GENOMIC	SINGLE	WGS of pEfm57 plasmids
DRR248858	DRX238651	DRS155873	DRP006581	PRJDB10321	Faecalibacillus intestinalis	14EGH31	PACBIO_SMRT	Sequel	11716679888.0	882011.0	WGS	GENOMIC	SINGLE	Sequel sequencing of SAMD00238634
SRR22190960	SRX18169462	SRS15668727	SRP303037	PRJNA694442	Salmonella enterica		OXFORD_NANOPORE	GridION	368466738.0	44623.0	WGS	GENOMIC	SINGLE	Multiplex WGS of Salmonella
SRR28789469	SRX24353764	SRS21111615	SRP503747	PRJNA935790	Escherichia coli	UTAK-11	OXFORD_NANOPORE	PromethION	2349423185.0	417300.0	WGS	GENOMIC	SINGLE	WGS of E. coli O45 serogroup
ERR1475886	ERX1546914	ERS1110732	ERP005928	PRJEB6403	Enterococcus faecalis	NCTC8175	PACBIO_SMRT	PacBio RS	2142609460.0	163482.0	WGS	GENOMIC	SINGLE	PacBio RS sequencing
SRR24356791	SRX20145806	SRS17474200	SRP435207	PRJNA949442	Paenibacillus amylolyticus	Sample9_7	OXFORD_NANOPORE	MinION	330537925.0	66030.0	WGS	GENOMIC	SINGLE	Nanopore sequencing of Paenibacillus amilolyticus
SRR30342780	SRX25801369	SRS22432845	SRP528120	PRJNA1150149	Klebsiella pneumoniae	MB16572	OXFORD_NANOPORE	MinION	250131272.0	47002.0	WGS	GENOMIC	SINGLE	ONT long-read sequencing of potential healthcare transmission pathogens
SRR901674	SRX306466	SRS445420	SRP026061	PRJNA203572	Mycobacteroides abscessus MAB_110811_2726	MAB_110811_2726	PACBIO_SMRT	PacBio RS	511323538.0	81741.0	WGS	GENOMIC	SINGLE	
ERR14720775	ERX14122200	ERS23803698	ERP170064	PRJEB86764	Pseudomonas aeruginosa		OXFORD_NANOPORE	MinION	860191487.0	240516.0	WGS	GENOMIC	SINGLE	EXP-5-1-2025-03-12_12-02-44
SRR5194450	SRX2510101	SRS1669556	SRP085751	PRJNA333459	Streptomyces sp. OV198	OV198	PACBIO_SMRT	PacBio RS	244150938.0	66327.0	WGS	GENOMIC	SINGLE	Streptomyces sp. OV198
SRR9901960	SRX6653769	SRS422954	SRP022868	PRJNA201967	Enterobacter sp. BWH 27	BWH 27	OXFORD_NANOPORE	GridION	62571009.0	21080.0	WGS	GENOMIC	SINGLE	Sequencing of Carbapenem resistant bacteria
SRR1201283	SRX498142	SRS504748	SRP033149	PRJNA194876	Acinetobacter sp. 1000160	1000160	PACBIO_SMRT	PacBio RS	274711109.0	163482.0	WGS	GENOMIC	SINGLE	
SRR7008005	SRX3934445	SRS3166923	SRP139960	PRJNA418232	Photorhabdus laumondii subsp. laumondii	DJC	PACBIO_SMRT	PacBio RS II	2659391333.0	163482.0	WGS	GENOMIC	SINGLE	Genome of P.luminescens laumondii strain DJC, long read (PacBio)
SRR31235486	SRX26615347	SRS23113870	SRP543347	PRJNA1182389	Escherichia coli	NEB 10-beta	OXFORD_NANOPORE	MinION	6805398.0	832.0	WGS	GENOMIC	SINGLE	Long Read Sequencing of synthetic plasmid
SRR9904165	SRX6655970	SRS5216933	SRP217415	PRJNA558442	Escherichia coli	1061_d10	OXFORD_NANOPORE	GridION	803205397.0	158106.0	WGS	GENOMIC	SINGLE	Plasmid d10
SRR27732873	SRX23398483	SRS20259227	SRP486057	PRJNA1037066	Ralstonia pseudosolanacearum	XWJ3	OXFORD_NANOPORE	PromethION	6845216376.0	477999.0	WGS	GENOMIC	SINGLE	ONT Sequencing of J3
SRR32972731	SRX28245825	SRS24593486	SRP576427	PRJNA1190511	Yersinia pestis	720330	PACBIO_SMRT	Sequel	916015688.0	66502.0	WGS	GENOMIC	SINGLE	WGS of Yersinia pestis: cultured strain 720330
SRR30483150	SRX25907915	SRS22499132	SRP529572	PRJNA1148956	Clostridioides difficile		OXFORD_NANOPORE	MinION	482741576.0	221461.0	WGS	GENOMIC	SINGLE	cdiff
SRR33769027	SRX28991741	SRS22455880	SRP444583	PRJNA962904	Escherichia coli		PACBIO_SMRT	Sequel II	121207942.0	5431.0	WGS	GENOMIC	SINGLE	PacBio sequencing of AH0594HE2 for ARCH 2
SRR386980	SRX109932	SRS281278	SRP001087	PRJNA40075	Escherichia coli str. K-12 substr. MG1655	K-12	PACBIO_SMRT	PacBio RS	38406560.0	81741.0	WGS	GENOMIC	SINGLE	Whole Genome Sequencing and Assembly
SRR30669828	SRX26088496	SRS22655083	SRP532785	PRJNA1159912	Staphylococcus epidermidis	PS25	OXFORD_NANOPORE	MinION	530097591.0	65257.0	WGS	GENOMIC	SINGLE	WGS of S. epidermidis: Clade B strains
SRR13827375	SRX10206807	SRS8352708	SRP308862	PRJNA667924	Bacillus sp. 3a	3A	OXFORD_NANOPORE	MinION	140739249.0	64562.0	WGS	GENOMIC	SINGLE	ONT genome Seq of Bacillus safensis
SRR901634	SRX306453	SRS445413	SRP026059	PRJNA203569	Mycobacteroides abscessus MAB_091912_2446	MAB_091912_2446	PACBIO_SMRT	PacBio RS	573168180.0	81741.0	WGS	GENOMIC	SINGLE	
SRR27944598	SRX23601390	SRS20444134	SRP489348	PRJNA1067895	Neisseria gonorrhoeae	WHO_Q_2024	PACBIO_SMRT	Sequel	693272574.0	164936.0	WGS	GENOMIC	SINGLE	2024 WHO N gonorrhoeae reference strain
SRR27596388	SRX23265003	SRS20166965	SRP256141	PRJNA510384	Escherichia coli	not applicable	OXFORD_NANOPORE	GridION	230189330.0	68000.0	WGS	GENOMIC	SINGLE	EC-Horse-OK74078CY230061
SRR12395298	SRX8893599	SRS7152621	SRP276100	PRJNA650381	Mycobacterium tuberculosis		OXFORD_NANOPORE	MinION	926627866.0	549226.0	WGS	GENOMIC	SINGLE	Nanopore TB WGS
SRR23796530	SRX19628653	SRS16998248	SRP426543	PRJNA942088	Campylobacter jejuni	PS_2_2022	OXFORD_NANOPORE	MinION	90380986.0	45105.0	WGS	GENOMIC	SINGLE	Nanopore sequencing of Campylobacter jejuni from human stool
ERR2237792	ERX2289959	ERS1826245	ERP005928	PRJEB6403	Providencia alcalifaciens		PACBIO_SMRT	PacBio RS	719481514.0	163482.0	WGS	GENOMIC	SINGLE	PacBio RS sequencing
SRR1207355	SRX502899	SRS583704	SRP040687	PRJNA28127	Xanthomonas oryzae pv. oryzae PXO99A	PXO99A	PACBIO_SMRT	PacBio RS	839278565.0	163482.0	WGS	GENOMIC	SINGLE	PacBio Sequencing of PXO99A
ERR13064417	ERX12434941	ERS17308371	ERP155942	PRJEB71064	Enterococcus faecium		PACBIO_SMRT	Sequel II	401960174.0	39998.0	WGS	GENOMIC	SINGLE	Sequel II sequencing
SRR35146503	SRX30252134	SRS26304704	SRP613075	PRJNA709561	Pseudomonas poae	P527/13	PACBIO_SMRT	Sequel II	940554304.0	105931.0	WGS	GENOMIC	SINGLE	Pseudomonas poae P527/13
SRR33768934	SRX28991145	SRS22456234	SRP444583	PRJNA962904	Escherichia coli		PACBIO_SMRT	Sequel II	378886208.0	19375.0	WGS	GENOMIC	SINGLE	PacBio sequencing of AH0326HE1 for ARCH 2
ERR2532090	ERX2550519	ERS2402873	ERP005928	PRJEB6403	Bordetella holmesii	NCTC13202	PACBIO_SMRT	PacBio RS	1145286051.0	163482.0	WGS	GENOMIC	SINGLE	PacBio RS sequencing
SRR31555821	SRX26921902	SRS23398958	SRP548427	PRJNA1192303	Shigella flexneri	2a	OXFORD_NANOPORE	GridION	369677167.0	281702.0	WGS	GENOMIC	SINGLE	WGS of Shigella sonnei 2021/2022
SRR33768771	SRX28991307	SRS22455651	SRP444583	PRJNA962904	Klebsiella pneumoniae		PACBIO_SMRT	Sequel II	96427871.0	4432.0	WGS	GENOMIC	SINGLE	PacBio sequencing of AH0862HE1 for ARCH 2
SRR8359958	SRX5170650	SRS2552909	SRP119069	PRJNA191676	Salmonella enterica subsp. enterica serovar Paratyphi B str. CFSAN000547	SGSC 2502	PACBIO_SMRT	PacBio RS II	2882522301.0	163482.0	WGS	GENOMIC	SINGLE	Whole genome PacBio RS sequence of Salmonella enterica subsp. enterica serovar Paratyphi B
SRR35298698	SRX30400753	SRS26437367	SRP618279	PRJNA1315179	Salmonella enterica subsp. enterica	Typhi	OXFORD_NANOPORE	MinION	573306482.0	95811.0	WGS	GENOMIC	SINGLE	MinION sequencing of Salmonella Typhi
SRR15540416	SRX11838512	SRS9849698	SRP333488	PRJNA336330	Escherichia coli	472	PACBIO_SMRT	PacBio RS II	113602978.0	163482.0	WGS	GENOMIC	SINGLE	Genome sequencing of E. coli O157:H7 from Scotland PacBio reads
SRR4129131	SRX2112721	SRS1667176	SRP084621	PRJNA251774	Methylotenera sp. G11	G11	PACBIO_SMRT	PacBio RS	173678475.0	62547.0	WGS	GENOMIC	SINGLE	Methylotenera sp. G11
SRR21630291	SRX17630927	SRS11554450	SRP354045	PRJNA747871	Streptomyces exfoliatus	NBC_00077	OXFORD_NANOPORE	MinION	277697246.0	145446.0	WGS	GENOMIC	SINGLE	nanopore sequencing data from strain NBC_00077
ERR581175	ERX539262	ERS462986	ERP005928	PRJEB6403	Salmonella enterica subsp. indica	NCTC12420	PACBIO_SMRT	PacBio RS	1076512852.0	163482.0	WGS	GENOMIC	SINGLE	PacBio RS sequencing
SRR6366326	SRX3461816	SRS2749972	SRP126514	PRJNA421733	Enterobacter hormaechei	78	OXFORD_NANOPORE	MinION	178774920.0	22398.0	WGS	GENOMIC	SINGLE	Enterobacter cloacae complex ST78
SRR24674626	SRX20454224	SRS17751268	SRP438706	PRJNA974032	Desemzia incerta	EGm139	OXFORD_NANOPORE	MinION	434378554.0	121712.0	WGS	GENOMIC	SINGLE	EGM139_d_incerta_nanopore
SRR30791243	SRX26192748	SRS22735269	SRP534624	PRJNA1161571	Burkholderia pseudomallei	Bp19	OXFORD_NANOPORE	MinION	1231462426.0	207882.0	WGS	GENOMIC	SINGLE	Nanopore sequencing of B. pseudomallei
SRR24139809	SRX19938596	SRS17287305	SRP247747	PRJNA604975	Escherichia coli	ox_bsi_377	OXFORD_NANOPORE	GridION	412711998.0	115163.0	WGS	GENOMIC	SINGLE	oxford_bsi
SRR33769066	SRX28991702	SRS22455790	SRP444583	PRJNA962904	Escherichia coli		PACBIO_SMRT	Sequel II	183703380.0	9892.0	WGS	GENOMIC	SINGLE	PacBio sequencing of AH0387HC1 for ARCH 2
SRR11318055	SRX7922391	SRS6327876	SRP056445	PRJNA278886	Pseudomonas aeruginosa	CFSAN093047	PACBIO_SMRT	Sequel	2993697955.0	364480.0	WGS	GENOMIC	SINGLE	Whole genome PacBio Sequel sequence of Pseudomonas aeruginosa
ERR688945	ERX633927	ERS523587	ERP005928	PRJEB6403	Klebsiella pneumoniae	NCTC9128	PACBIO_SMRT	PacBio RS	572725957.0	163482.0	WGS	GENOMIC	SINGLE	PacBio RS sequencing
SRR28811931	SRX24375221	SRS21131877	SRP504151	PRJNA1104797	Xanthomonas campestris pv. raphani	BXC#143	OXFORD_NANOPORE	PromethION	748506209.0	33255.0	WGS	GENOMIC	SINGLE	Genome sequencing of Xanthomonas campestris pv. raphani: strain BXC#143
ERR10499084	ERX10016373	ERS14256094	ERP142629	PRJEB57633	Escherichia coli		OXFORD_NANOPORE	GridION	70042722.0	17396.0	WGS	GENOMIC	SINGLE	Raw reads: ONT_30859_5#116
SRR8749637	SRX5540612	SRS4506272	SRP051949	PRJNA271899	Klebsiella pneumoniae	OC-CRE-9158	OXFORD_NANOPORE	GridION	9325431.0	15860.0	WGS	GENOMIC	SINGLE	Sequencing of Carbapenem resistant bacteria
SRR12057871	SRX8586201	SRS6877694	SRP268091	PRJNA546921	Clostridium beijerinckii	DJ199	PACBIO_SMRT	PacBio RS II	318464390.0	102202.0	WGS	GENOMIC	SINGLE	Clostridium beijerinckii DJ199
SRR27186990	SRX22867198	SRS19841371	SRP477592	PRJNA1051574	Escherichia coli	N1_019	OXFORD_NANOPORE	MinION	1569809553.0	191571.0	WGS	GENOMIC	SINGLE	whole genome sequencing of E. coli isolated from the chicken gut
ERR9829780	ERX9375765	ERS12141480	ERP134192	PRJEB49674	Paenibacillus thiaminolyticus		PACBIO_SMRT	Sequel	850903503.0	117976.0	WGS	GENOMIC	SINGLE	Sequel sequencing; Raw reads: type_strain_DSM_7262
SRR12395308	SRX8893589	SRS7152611	SRP276100	PRJNA650381	Mycobacterium tuberculosis		OXFORD_NANOPORE	MinION	1017706227.0	513224.0	WGS	GENOMIC	SINGLE	Nanopore TB WGS
SRR5833677	SRX3010573	SRS1832481	SRP094480	PRJNA279196	Bordetella pertussis	H740	PACBIO_SMRT	PacBio RS II	825016331.0	163482.0	WGS	GENOMIC	SINGLE	
SRR13289836	SRX9718910	SRS7252887	SRP278657	PRJNA658369	Klebsiella pneumoniae	ARLG-3206	OXFORD_NANOPORE	GridION	1580023844.0	202940.0	WGS	GENOMIC	SINGLE	ONT seq of K. pneumoniae
SRR30934711	SRX26337598	SRS22863377	SRP537571	PRJNA1168290	Paenibacillus sp. TAB_01	TAB_01	OXFORD_NANOPORE	MinION	1685737.0	208.0	WGS	GENOMIC	SINGLE	Paenibacillus sp. TAB 01 from cotton plant tissue
ERR2532358	ERX2550779	ERS2419150	ERP005928	PRJEB6403	Streptococcus agalactiae	NCTC9829	PACBIO_SMRT	PacBio RS	2673335055.0	163482.0	WGS	GENOMIC	SINGLE	PacBio RS sequencing
SRR15140877	SRX11448608	SRS9488523	SRP295672	PRJNA681856	Salmonella enterica subsp. arizonae	LHICA_AZ23	OXFORD_NANOPORE	MinION	27014484.0	4000.0	WGS	GENOMIC	SINGLE	Salmonella AZ23
SRR22190672	SRX18169152	SRS15668441	SRP385218	PRJNA856428	Escherichia coli	Ecoli_td100_sim_nano	OXFORD_NANOPORE	PromethION	1037506534.0	69114.0	WGS	GENOMIC	SINGLE	Nanopore sequncing of Escherichia coli str. K12 substr. MG1655: simulated data
SRR8054544	SRX4884181	SRS3932960	SRP165734	PRJNA496461	Klebsiella pneumoniae	KLPN_140	OXFORD_NANOPORE	MinION	4086604166.0	705837.0	WGS	GENOMIC	SINGLE	nanopore seq of klebsiella pneumoniae
SRR386329	SRX109869	SRS212329	SRP007226	PRJNA64815	Bacteroides fragilis CL05T00C42	CL05T00C42	PACBIO_SMRT	PacBio RS	65008425.0	81741.0	WGS	GENOMIC	SINGLE	Whole Genome Sequencing and Assembly
ERR13744150	ERX13145562	ERS16082407	ERP149426	PRJEB64289	Klebsiella pneumoniae		PACBIO_SMRT	Sequel IIe	865861853.0	92082.0	WGS	GENOMIC	SINGLE	Sequel IIe sequencing
SRR27145160	SRX22826955	SRS19807646	SRP476599	PRJNA1050169	Citroniella saccharovorans	DSM 29873	OXFORD_NANOPORE	MinION	38092041.0	3848.0	WGS	GENOMIC	SINGLE	Nanopore MinION of C. saccharovorans
SRR12606296	SRX9089962	SRS7335824	SRP281161	PRJNA660404	Neisseria gonorrhoeae	SW0032	OXFORD_NANOPORE	MinION	146608540.0	58875.0	WGS	GENOMIC	SINGLE	WGS of neisseria gonorrhoeae
SRR7081820	SRX4011577	SRS3233154	SRP137046	PRJNA447902	Vibrio cholerae	N16961	PACBIO_SMRT	PacBio RS II	2938305605.0	163482.0	WGS	GENOMIC	SINGLE	Whole genome sequencing N16961-Blokeschlab
SRR31598913	SRX26963572	SRS23433284	SRP549287	PRJNA1185485	Escherichia coli	933	OXFORD_NANOPORE	PromethION	1465906252.0	194712.0	WGS	GENOMIC	SINGLE	WTP-NoR-Nov-barcode92
SRR16525386	SRX12728099	SRS10337110	SRP357534	PRJNA801415	Klebsiella pneumoniae	231	OXFORD_NANOPORE	GridION	2110467167.0	181129.0	WGS	GENOMIC	SINGLE	Extensive diversification and dissemination of blaNDM carbapenemase plasmids in Enterobacterales in Singapore 2010-2015
SRR32655886	SRX27959902	SRS24326281	SRP569671	PRJNA912210	Synechococcus sp. MIT S9510	MIT S9510	PACBIO_SMRT	Sequel	138664548.0	21063.0	WGS	GENOMIC	SINGLE	PacBio HiFi data of Synechococcus sp. MIT S9510
ERR3863240	ERX3875274	ERS4281809	ERP112081	PRJEB29732	Mycobacterium tuberculosis		OXFORD_NANOPORE	MinION	334745935.0	175784.0	WGS	GENOMIC	SINGLE	MinION sequencing
SRR13576859	SRX9974948	SRS8147093	SRP303790	PRJNA685966	Staphylococcus pseudintermedius	HSP118	OXFORD_NANOPORE	MinION	785466857.0	264208.0	WGS	GENOMIC	SINGLE	Long-read genomic sequencing of Staphylococcus pseudintermedius from canine skin
SRR26135173	SRX21848554	SRS18945812	SRP462492	PRJNA946810	Pseudomonas aeruginosa	Acetabulum_1_P14	OXFORD_NANOPORE	GridION	119662711.0	34212.0	WGS	GENOMIC	SINGLE	WGS of Pseudomonas aeruginosa from hospitalized patiens from Quito, Ecuador
SRR8599263	SRX5399282	SRS4386187	SRP186412	PRJNA523188	Burkholderia pseudomallei	CEMM 03-6-035	PACBIO_SMRT	PacBio RS II	663849689.0	54494.0	WGS	GENOMIC	SINGLE	Burkholderia pseudomallei CEMM 03-6-035 PacBio
SRR30149650	SRX25617417	SRS21937597	SRP518730	PRJNA1133668	Klebsiella pneumoniae	ST258KP217	OXFORD_NANOPORE	MinION	208132915.0	32395.0	WGS	GENOMIC	SINGLE	Nanopore sequencing of clinical CRE isolates: human
SRR23725182	SRX19585812	SRS16968688	SRP426074	PRJNA941188	Priestia aryabhattai	PRO119	OXFORD_NANOPORE	MinION	472132937.0	65027.0	WGS	GENOMIC	SINGLE	WGS of Priestia aryabhattai: cell culture
SRR32398778	SRX27730907	SRS3410345	SRP150360	PRJNA475751	Clostridioides difficile	CD07919	OXFORD_NANOPORE	MinION	117742160.0	120666.0	WGS	GENOMIC	SINGLE	WGS sequencing of C. difficile
ERR15384586	ERX14788300	ERS25418443	ERP172131	PRJEB89084	Mycobacterium tuberculosis		OXFORD_NANOPORE	MinION			WGS	GENOMIC	SINGLE	MinION sequencing
ERR1016533	ERX1095593	ERS747608	ERP005928	PRJEB6403	Escherichia coli	NCTC9965	PACBIO_SMRT	PacBio RS	574803663.0	163482.0	WGS	GENOMIC	SINGLE	PacBio RS sequencing
SRR24054101	SRX19855731	SRS17213289	SRP430662	PRJNA950946	Caballeronia sp. LP003	LP003	OXFORD_NANOPORE	MinION	2764302421.0	388719.0	WGS	GENOMIC	SINGLE	Caballeronia sequencing: LP003
DRR493283	DRX477482	DRS205879	DRP007742	PRJDB10568	Serratia marcescens	QE21	OXFORD_NANOPORE	MinION	475461874.0	64357.0	WGS	GENOMIC	SINGLE	MinION sequencing of SAMD00247415
ERR14031225	ERX13434191	ERS22545275	ERP166762	PRJEB83096	Brucella abortus		OXFORD_NANOPORE	MinION	849009850.0	245695.0	WGS	GENOMIC	SINGLE	MinION sequencing
ERR2615928	ERX2632583	ERS2295882	ERP005928	PRJEB6403	Salmonella enterica subsp. enterica		PACBIO_SMRT	PacBio RS	911846717.0	163482.0	WGS	GENOMIC	SINGLE	PacBio RS sequencing
SRR36388035	SRX31416424	SRS27399777	SRP653897	PRJNA1378463	Klebsiella pneumoniae	#7342	OXFORD_NANOPORE	MinION	607237039.0	176457.0	WGS	GENOMIC	SINGLE	WGS of Klebsiella pneumoniae ST307 and ST5994: clinical isolates from Cantabria (Spain)
SRR21696235	SRX17694256	SRS14987056	SRP354045	PRJNA747871	Streptomyces sp. NBC_01547	NBC_01547	OXFORD_NANOPORE	MinION	217953642.0	24196.0	WGS	GENOMIC	SINGLE	nanopore sequencing data from strain NBC_01547
SRR386282	SRX109854	SRS002809	SRP001771	PRJNA38519	Fusobacterium animalis 3_1_33	3_1_33	PACBIO_SMRT	PacBio RS	132711183.0	81741.0	WGS	GENOMIC	SINGLE	Whole Genome Sequencing and Assembly
SRR18191634	SRX14338116	SRS12152173	SRP362168	PRJNA808207	Escherichia coli	ECA15	OXFORD_NANOPORE	MinION	277486324.0	41259.0	WGS	GENOMIC	SINGLE	MinION whole genome sequencing of STEC from ruminants
SRR27201580	SRX22881424	SRS19853833	SRP477847	PRJNA1052100	Klebsiella pneumoniae	C19	OXFORD_NANOPORE	MinION	338161371.0	108040.0	WGS	GENOMIC	SINGLE	ONT R9.4.1 sequences of Klebsiella pneumoniae from clinical sources in Ghana
SRR18681712	SRX14782785	SRS12539496	SRP368114	PRJNA824420	Escherichia coli	GD02914_ECOL_HY_29	OXFORD_NANOPORE	MinION	307748775.0	40252.0	WGS	GENOMIC	SINGLE	Long-read sequencing of Escherichia coli: isolate #29 urine
SRR30896276	SRX26299745	SRS22828467	SRP536878	PRJNA1134622	Escherichia coli	OXEC-521	OXFORD_NANOPORE	MinION	151210372.0	46078.0	WGS	GENOMIC	SINGLE	OXEC-521
ERR2797025	ERX2806044	ERS2735087	ERP110894	PRJEB28660	Escherichia coli		OXFORD_NANOPORE	MinION	435012972.0	71556.0	WGS	GENOMIC	SINGLE	MinION sequencing
SRR21415669	SRX17420211	SRS13525981	SRP361569	PRJNA768416	Paenibacillus sp. FSL R10-2791	FSL R10-2791	OXFORD_NANOPORE	MinION	332367047.0	51332.0	WGS	GENOMIC	SINGLE	WGS of Bacilli
SRR29316784	SRX24833359	SRS21545190	SRP512379	PRJNA1121190	Vibrio cholerae	106Vc01	OXFORD_NANOPORE	PromethION	570064804.0	167897.0	WGS	GENOMIC	SINGLE	WGS of Vcholerae isolates
SRR15521841	SRX11820602	SRS9835094	SRP272861	PRJNA646575	Bacteroides stercoris	BFG-121	PACBIO_SMRT	Sequel	1984976835.0	464352.0	WGS	GENOMIC	SINGLE	WGS  of Bacteroides fragilis group clinical isolates
SRR14347921	SRX10701832	SRS8791704	SRP316763	PRJNA716667	Escherichia coli	AW1.7	OXFORD_NANOPORE	MinION	1095437170.0	48198.0	WGS	GENOMIC	SINGLE	Whole genome sequencing of Escherichia coli isolates from beef
SRR35247416	SRX30350314	SRS26393426	SRP617204	PRJNA958319	Variovorax sp. W1I1	CRF3-Va-1 W1I1	PACBIO_SMRT	Sequel IIe	152719429.0	17767.0	WGS	GENOMIC	SINGLE	Variovorax sp. CRF3-Va-1 W1I1
SRR26950678	SRX22644528	SRS19641537	SRP474291	PRJNA1043871	Bacillus sp. PBL-C9	PBL-C9	OXFORD_NANOPORE	MinION	8608186.0	3969.0	WGS	GENOMIC	SINGLE	Bacillus sp. PBL-C9 Genome sequencing and assembly
SRR25467074	SRX21199850	SRS18458352	SRP452337	PRJNA1000618	Escherichia coli	Escherichia coli BL21(DE3)	OXFORD_NANOPORE	MinION	6282210.0	4000.0	WGS	GENOMIC	SINGLE	CASTVK transposition with different condition
SRR17427543	SRX13598908	SRS11488340	SRP353470	PRJNA772922	Klebsiella pneumoniae	NRZ-13822	OXFORD_NANOPORE	MinION	2620104644.0	332166.0	WGS	GENOMIC	SINGLE	NRZ-13822_WT
SRR19134895	SRX15202485	SRS12941404	SRP315621	PRJNA649689	Klebsiella pneumoniae subsp. pneumoniae	APCOLR130	OXFORD_NANOPORE	MinION	100167278.0	10700.0	WGS	GENOMIC	SINGLE	WGS of KPC-2 Producing Klebsiella pneumoniae
SRR787585	SRX213284	SRS382234	SRP017708	PRJNA183458	Salmonella enterica subsp. enterica serovar Enteritidis	CFSAN001992	PACBIO_SMRT	PacBio RS	253258334.0	81741.0	WGS	GENOMIC	SINGLE	PacBio SMRT Sequencing of Salmonella enterica subsp. enterica servovar Javiana strain CFSAN001992
ERR4244434	ERX4203228	ERS3418473	ERP114343	PRJEB31749	Klebsiella pneumoniae ATCC 43816		PACBIO_SMRT	Sequel	1207114269.0	286822.0	WGS	GENOMIC	SINGLE	Sequel sequencing
SRR24886921	SRX20649479	SRS17947409	SRP442114	PRJNA708448	Nocardioides luteus	DSM 43366	PACBIO_SMRT	Sequel II	9144104999.0	2047469.0	WGS	GENOMIC	SINGLE	Nocardioides luteus DSM 43366
ERR14294004	ERX13695102	ERS23132436	ERP168932	PRJEB85558	Sagittula stellata		OXFORD_NANOPORE	PromethION	39615535.0	121226.0	WGS	GENOMIC	SINGLE	PromethION sequencing
SRR31691811	SRX27053615	SRS23515747	SRP550997	PRJNA1187877	Lactiplantibacillus plantarum	Lactiplantibacillus plantarum6	OXFORD_NANOPORE	MinION	1036131638.0	168178.0	WGS	GENOMIC	SINGLE	Lp_A6
SRR36919944	SRX31886285	SRS27841250	SRP665298	PRJNA1403646	Staphylococcus aureus	not applicable	OXFORD_NANOPORE	MinION	336203071.0	177554.0	WGS	GENOMIC	SINGLE	Long Reads for The Genomic Landscape of Head and Neck Cancer-associated Streptococci
SRR31598827	SRX26963659	SRS23433371	SRP549287	PRJNA1185485	Escherichia coli	292	OXFORD_NANOPORE	PromethION	312139232.0	105967.0	WGS	GENOMIC	SINGLE	manhole-barcode37
SRR4136323	SRX2118912	SRS1667750	SRP084877	PRJNA303197	Burkholderia sp. b14	B14	PACBIO_SMRT	PacBio RS	106738350.0	33998.0	WGS	GENOMIC	SINGLE	Burkholderia sp. B14
SRR30596889	SRX26019579	SRS22591400	SRP531440	PRJNA1092388	Aeromonas dhakensis	002807	PACBIO_SMRT	Sequel IIe	351751869.0	50505.0	WGS	GENOMIC	SINGLE	HIFI of Aeromonas dhakensis:177
SRR11306406	SRX7911530	SRS6318882	SRP252776	PRJNA609447	Pseudomonas fluorescens	DSM 11579	PACBIO_SMRT	PacBio RS	1216516532.0	344142.0	WGS	GENOMIC	SINGLE	WGS of Pf-DSM11579-PacBio
SRR19183953	SRX15249215	SRS12981714	SRP375062	PRJNA837734	Listeria monocytogenes	81-500	OXFORD_NANOPORE	MinION	305539850.0	74401.0	WGS	GENOMIC	SINGLE	Nanopore sequencing of Listeria monocytogenes
ERR3013198	ERX3015650	ERS1989733	ERP011196	PRJEB10018	Klebsiella pneumoniae		PACBIO_SMRT	PacBio RS	1647274735.0	163482.0	WGS	GENOMIC	SINGLE	PacBio RS sequencing
SRR24140047	SRX19938358	SRS17287067	SRP247747	PRJNA604975	Escherichia coli	ox_bsi_162	OXFORD_NANOPORE	GridION	3197013895.0	405208.0	WGS	GENOMIC	SINGLE	oxford_bsi
SRR35556860	SRX30631200	SRS19727944	SRP150360	PRJNA475751	Escherichia coli	EC01329	OXFORD_NANOPORE	MinION	712938034.0	99640.0	WGS	GENOMIC	SINGLE	WGS Sequencing of Escherichia coli
ERR1100774	ERX1180308	ERS798862	ERP005928	PRJEB6403	Staphylococcus aureus	NCTC6571	PACBIO_SMRT	PacBio RS	2219097612.0	163482.0	WGS	GENOMIC	SINGLE	PacBio RS sequencing
SRR13219831	SRX9652581	SRS7851923	SRP297100	PRJNA682246	Escherichia coli	PN-039-E1-S02_E_coli_CTX_LF	OXFORD_NANOPORE	MinION	623131575.0	71255.0	WGS	GENOMIC	SINGLE	WGS of Escherichia coli
SRR19787745	SRX15831606	SRS13522698	SRP383167	PRJNA851853	Salmonella enterica	K2331_ONT_30X	OXFORD_NANOPORE	GridION	147614756.0	22318.0	WGS	GENOMIC	SINGLE	WGS of Salmonella enterica serovar Enteritidis
ERR1805690	ERX1868717	ERS1324135	ERP005928	PRJEB6403	[Haemophilus] ducreyi	NCTC11483	PACBIO_SMRT	PacBio RS	831918649.0	163482.0	WGS	GENOMIC	SINGLE	PacBio RS sequencing
SRR35504518	SRX30580308	SRS26609484	SRP616549	PRJNA1314197	Mycobacterium tuberculosis	not applicable	OXFORD_NANOPORE	GridION	128390570.0	113265.0	WGS	GENOMIC	SINGLE	WGS of M. tb from sputum, Phenol-Rapid prep, Sample BC19
DRR572578	DRX556045	DRS426436	DRP012251	PRJDB17574	Escherichia coli	YK-IS1MA-L07-1_G20	OXFORD_NANOPORE	MinION	44200740.0	2689.0	WGS	GENOMIC	SINGLE	nanopore-seq of SAMD00748253 L07-1_G20
ERR1787508	ERX1851231	ERS1273873	ERP005928	PRJEB6403	Photobacterium damselae	NCTC11647	PACBIO_SMRT	PacBio RS	1210355094.0	163482.0	WGS	GENOMIC	SINGLE	PacBio RS sequencing
SRR33768736	SRX28991306	SRS22397428	SRP444583	PRJNA962904	Klebsiella pneumoniae		PACBIO_SMRT	Sequel II	111687641.0	6737.0	WGS	GENOMIC	SINGLE	PacBio sequencing of AH0051HE1 for ARCH 2
SRR8618951	SRX5417798	SRS4398336	SRP186784	PRJNA66097	Xanthomonas oryzae	X11-5A	PACBIO_SMRT	Sequel	1061967443.0	132504.0	WGS	GENOMIC	SINGLE	Genomic SMRT sequencing of X. oryzae X11-5A
SRR26322165	SRX22030241	SRS3020866	SRP133964	PRJNA437002	Bacillus subtilis	PS-218	OXFORD_NANOPORE	MinION	1379239211.0	548470.0	WGS	GENOMIC	SINGLE	WGS B. subtilis PS-218
SRR25467134	SRX21199791	SRS18458348	SRP452337	PRJNA1000618	Escherichia coli	Escherichia coli BL21(DE3)	OXFORD_NANOPORE	MinION	6345988.0	3998.0	WGS	GENOMIC	SINGLE	CASTVK transposition with different condition
SRR25175896	SRX20923888	SRS18198474	SRP447698	PRJNA990827	Salmonella enterica subsp. enterica serovar Typhimurium	S. Typhimurium Lhica MST 1	OXFORD_NANOPORE	MinION	413833860.0	67931.0	WGS	GENOMIC	SINGLE	WGS of Salmonella: isolate from dairy cattle farm
ERR15693063	ERX15097264	ERS26984869	ERP171481	PRJEB88388	Enterobacter ludwigii	R-92757	OXFORD_NANOPORE	MinION	1102763689.0	784805.0	WGS	GENOMIC	SINGLE	Raw reads: Enterobacter ludwigii R-92757
SRR498140	SRX148635	SRS281883	SRP013241	PRJNA73829	Vibrio cholerae		PACBIO_SMRT	PacBio RS	1374208.0	4503.0	WGS	GENOMIC	SINGLE	Whole Genome Sequencing for N5 (strobe)
SRR386513	SRX109806	SRS212337	SRP007233	PRJNA64879	Fusobacterium animalis F0419	OT 420	PACBIO_SMRT	PacBio RS	55376208.0	81741.0	WGS	GENOMIC	SINGLE	Whole Genome Sequencing and Assembly
SRR353476	SRX101297	SRS259611	SRP000285	PRJNA68153	Escherichia coli O104:H4 str. C227-11	C227-11	PACBIO_SMRT	PacBio RS	88582303.0	81741.0	WGS	GENOMIC	SINGLE	Genome Sequencing and Assembly of E. coli O104:H4 strains
SRR24086629	SRX19887474	SRS17241632	SRP431181	PRJNA863379	Schaalia odontolytica	KHUD_008	PACBIO_SMRT	Sequel II	659977274.0	76557.0	WGS	GENOMIC	SINGLE	Genome sequencing of Schaalia odontolytica strain:KHUD_008
SRR10140365	SRX6868323	SRS5405728	SRP222369	PRJNA565470	Rhizobium leguminosarum bv. trifolii	STf07	PACBIO_SMRT	Sequel	949465235.0	99823.0	WGS	GENOMIC	SINGLE	Genome sequencing of rhizobia from the Almaden mine
SRR25466951	SRX21199974	SRS18458351	SRP452337	PRJNA1000618	Escherichia coli	Escherichia coli BL21(DE3)	OXFORD_NANOPORE	MinION	13412181.0	4000.0	WGS	GENOMIC	SINGLE	CASTVK transposition with different condition
SRR12046030	SRX8574709	SRS6866681	SRP040661	PRJNA231221	Serratia rubidaea	FDAARGOS_926	PACBIO_SMRT	PacBio RS	1823421161.0	163482.0	WGS	GENOMIC	SINGLE	
SRR28811855	SRX24375165	SRS21036797	SRP501980	PRJNA894337	Legionella sp. PATHC039	PATHC039	OXFORD_NANOPORE	MinION	98195627.0	47682.0	WGS	GENOMIC	SINGLE	whole genome sequencing of environmental isolates of Legionella
SRR36068079	SRX31114279	SRS27072670	SRP644837	PRJNA1364846	Staphylococcus hominis	SHOMINIS	OXFORD_NANOPORE	GridION	5421168.0	671.0	WGS	GENOMIC	SINGLE	Staphylococcus faecalis, DBT kit, 24-plex and 200 ng DNA, replicate 5
SRR35247440	SRX30350338	SRS26393450	SRP617208	PRJNA958377	Pseudomonas sp. W4I3	W4I3	PACBIO_SMRT	Sequel IIe	874357650.0	100781.0	WGS	GENOMIC	SINGLE	Pseudomonas sp. W4I3
SRR34878333	SRX30009210	SRS26084423	SRP606896	PRJNA1283264	Escherichia coli	FCI41	OXFORD_NANOPORE	MinION	389610832.0	119892.0	WGS	GENOMIC	SINGLE	FCI41 whole genome shotgun sequencing (e_coli_2022_9_30_51)
SRR15018435	SRX11330320	SRS9371016	SRP326564	PRJNA737300	Bacillus inaquosorum	SMPL713	OXFORD_NANOPORE	MinION	142369777.0	35238.0	WGS	GENOMIC	SINGLE	Bacillus inaquosorum strain:SMPL713
DRR393718	DRX379537	DRS297051	DRP007849	PRJDB10842	Escherichia coli	JBBEADI-19-0002	OXFORD_NANOPORE	GridION	1559559545.0	219801.0	WGS	GENOMIC	SINGLE	GridION sequencing of SAMD00499308
SRR34442536	SRX29603130	SRS25724404	SRP524599	PRJNA1145137	Pseudomonas aeruginosa	RIVM_C048749	OXFORD_NANOPORE	MinION	291064475.0	84581.0	WGS	GENOMIC	SINGLE	RIVM_C048749_Nanopore
SRR28445736	SRX24049165	SRS20840578	SRP497734	PRJNA1077798	Alteromonas gracilis	J4	OXFORD_NANOPORE	MinION	2650893.0	1000.0	WGS	GENOMIC	SINGLE	Alteromonas gracilis strain J4, whole genome Nanopore Sequencing
SRR31038687	SRX26423964	SRS22943441	SRP539359	PRJNA1174726	Bacillus thuringiensis serovar tenebrionis	Bacillus thuringiensis serovar tenebrionis 4AA1	PACBIO_SMRT	Sequel IIe	312701078.0	57443.0	WGS	GENOMIC	SINGLE	Whole genome sequence of ancestral Btt isolate #1
SRR12395328	SRX8893569	SRS7152591	SRP276100	PRJNA650381	Mycobacterium tuberculosis		OXFORD_NANOPORE	MinION	498447106.0	244200.0	WGS	GENOMIC	SINGLE	Nanopore TB WGS
SRR27972375	SRX23626078	SRS20465812	SRP489819	PRJNA1076692	Citrobacter freundii	RIVM_C059331_dorado	OXFORD_NANOPORE	MinION	357636705.0	94278.0	WGS	GENOMIC	SINGLE	RIVM_C059331_dorado
SRR497969	SRX148632	SRS281882	SRP013241	PRJNA73829	Vibrio cholerae		PACBIO_SMRT	PacBio RS	112397909.0	81741.0	WGS	GENOMIC	SINGLE	Whole Genome Sequencing of Haitian Vibrio cholerae isolate H1 (C2 Long subread)
ERR12723510	ERX12098051	ERS18396839	ERP158240	PRJEB73472	Escherichia coli		PACBIO_SMRT	Sequel IIe	973965680.0	165357.0	WGS	GENOMIC	SINGLE	Sequel IIe sequencing
SRR10519646	SRX7204484	SRS5709274	SRP231800	PRJNA335152	Clostridium tetanomorphum	DJ062	PACBIO_SMRT	PacBio RS II	546998096.0	185118.0	WGS	GENOMIC	SINGLE	Clostridium tetanomorphum 62
SRR12745063	SRX9217518	SRS7451300	SRP285863	PRJNA666538	Bacillus subtilis	P9_B1 delta spsMSP	OXFORD_NANOPORE	MinION	80708140.0	16325.0	WGS	GENOMIC	SINGLE	Minion WGS of P9_B1 delta spsMSPBeta
SRR11234631	SRX7846619	SRS6252173	SRP251489	PRJNA599566	Xanthomonas citri pv. citri	LL174-05	OXFORD_NANOPORE	MinION	201480204.0	68215.0	WGS	GENOMIC	SINGLE	WGS of Xanthomonas citri pv. citri strain LL174-05
ERR10820917	ERX10266517	ERS7761465	ERP109413	PRJEB27342	Raoultella ornithinolytica		PACBIO_SMRT	Sequel II	12795276586.0	6268049.0	WGS	GENOMIC	SINGLE	Sequel II sequencing
SRR17210336	SRX13390174	SRS11290155	SRP350362	PRJNA788148	Raoultella ornithinolytica	A2s	OXFORD_NANOPORE	MinION	63892162.0	10619.0	WGS	GENOMIC	SINGLE	A2_r1_standard_11h
SRR4181616	SRX2142847	SRS1674407	SRP087002	PRJNA303803	Mycolicibacterium rutilum	DSM 45405	PACBIO_SMRT	PacBio RS	899564017.0	194785.0	WGS	GENOMIC	SINGLE	Mycobacterium rutilum DSM 45405
SRR21696579	SRX17694201	SRS11554324	SRP354045	PRJNA747871	Streptomyces sp. NBC_01136	NBC_01136	OXFORD_NANOPORE	MinION	418867527.0	77077.0	WGS	GENOMIC	SINGLE	nanopore sequencing data from strain NBC_01136
SRR23796608	SRX19628685	SRS16998277	SRP426545	PRJNA942086	Salmonella enterica subsp. enterica serovar Paratyphi B	PS_PB_1_2021	OXFORD_NANOPORE	MinION	198288866.0	24043.0	WGS	GENOMIC	SINGLE	Nanopore sequencing of Campylobacter jejuni from chicken neck skin
ERR10163063	ERX9699664	ERS13423732	ERP140710	PRJEB55790	Apilactobacillus kunkeei	A1003	PACBIO_SMRT	PacBio RS	1013502090.0	186519.0	WGS	GENOMIC	SINGLE	PacBio RS sequencing; Raw reads: A1003
SRR22838494	SRX18797677	SRS4901323	SRP200910	PRJNA548006	Acinetobacter baumannii	37662RM2	OXFORD_NANOPORE	MinION	532431278.0	77022.0	WGS	GENOMIC	SINGLE	Nanopore sequencing of the genome of A. baumannii strain 37662RM2
DRR464393	DRX448629	DRS305888	DRP010049	PRJDB15820	Vibrio fluvialis	IDH05335	OXFORD_NANOPORE	GridION	2051999903.0	238317.0	WGS	GENOMIC	SINGLE	GridION sequencing of SAMD00603157
SRR5356226	SRX2647469	SRS2052747	SRP059613	PRJNA283228	Cyanobacterium sp. HL-69		PACBIO_SMRT	PacBio RS	349677488.0	163482.0	WGS	GENOMIC	SINGLE	
SRR30897858	SRX26301363	SRS22830081	SRP536897	PRJNA1132559	Acinetobacter baumannii	VRE-2	PACBIO_SMRT	PacBio RS	443393837.0	1489829.0	WGS	GENOMIC	PAIRED	VRE-4
SRR30149620	SRX25617447	SRS21937696	SRP518730	PRJNA1133668	Klebsiella oxytoca	ST30KO2	OXFORD_NANOPORE	MinION	410634403.0	40000.0	WGS	GENOMIC	SINGLE	Nanopore sequencing of clinical CRE isolates: human
SRR18117834	SRX14268400	SRS12087431	SRP361201	PRJNA809755	Pseudomonas aeruginosa	not collected	OXFORD_NANOPORE	GridION	446745974.0	68746.0	WGS	GENOMIC	SINGLE	P.aeruginosa CFN_9973
SRR31024123	SRX26411440	SRS22931394	SRP539092	PRJNA1174068	Vibrio cholerae	mHDM VC56	OXFORD_NANOPORE	PromethION	102205013.0	50452.0	WGS	GENOMIC	SINGLE	WGS of Vcholerae isolates
SRR21415861	SRX17420019	SRS12114999	SRP361569	PRJNA768416	Bacillus sp. FSL K6-6540	FSL K6-6540	OXFORD_NANOPORE	MinION	824149296.0	135224.0	WGS	GENOMIC	SINGLE	WGS of Bacilli
ERR15954729	ERX15350092	ERS27947578	ERP183034	PRJEB101632	Microbacterium barkeri		PACBIO_SMRT	Sequel	143469800.0	12288.0	WGS	GENOMIC	SINGLE	Sequel sequencing
SRR901403	SRX306260	SRS445281	SRP026049	PRJNA191793	Mycobacterium avium subsp. avium 2285 (S)	2285 (S)	PACBIO_SMRT	PacBio RS	414292061.0	81741.0	WGS	GENOMIC	SINGLE	
SRR35504521	SRX30580305	SRS26609482	SRP616549	PRJNA1314197	Mycobacterium tuberculosis	not applicable	OXFORD_NANOPORE	GridION	720894930.0	556907.0	WGS	GENOMIC	SINGLE	WGS of M. tb from sputum, Phenol-Rapid prep, Sample BC16
SRR16525402	SRX12728083	SRS10337094	SRP357534	PRJNA801415	Escherichia coli	6272	OXFORD_NANOPORE	GridION	1000895650.0	185139.0	WGS	GENOMIC	SINGLE	Extensive diversification and dissemination of blaNDM carbapenemase plasmids in Enterobacterales in Singapore 2010-2015
SRR26593010	SRX22293942	SRS19344855	SRP469332	PRJNA1029665	Paenibacillus sp. RC80	RC80	OXFORD_NANOPORE	MinION	1463430378.0	288192.0	WGS	GENOMIC	SINGLE	Nanopore sequence of Paenibacillus sp. RC80
SRR4210096	SRX2153078	SRS1683618	SRP087685	PRJNA311457	Pseudovibrio sp. Tun.PSC04-5.I4	Tun.PSC04-5.I4	PACBIO_SMRT	PacBio RS	335275562.0	80375.0	WGS	GENOMIC	SINGLE	Pseudovibrio sp. Tun.PHSC04-5.I4
SRR26800611	SRX22497880	SRS19509768	SRP471416	PRJNA858229	Clostridioides difficile	NT64	OXFORD_NANOPORE	MinION	670777247.0	518419.0	WGS	GENOMIC	SINGLE	Nanopore Sequencing of Clostridioides difficile isolated from Australian Feral Horse Faeces
ERR4762210	ERX4635314	ERS5247743	ERP124695	PRJEB40976	Enterococcus faecalis		OXFORD_NANOPORE	GridION	1137596287.0	101804.0	WGS	GENOMIC	SINGLE	GridION sequencing; Raw reads: 26975_1#70
SRR33768774	SRX28991304	SRS22456318	SRP444583	PRJNA962904	Klebsiella pneumoniae		PACBIO_SMRT	Sequel II	172496849.0	7935.0	WGS	GENOMIC	SINGLE	PacBio sequencing of AH0530HC1 for ARCH 2
SRR35284958	SRX30387054	SRS26422615	SRP618019	PRJNA1320839	Corynebacterium sp.	CORY5/TZCD/0725	OXFORD_NANOPORE	PromethION	120086018.0	41586.0	WGS	GENOMIC	SINGLE	WGS of Corynebacterum sp.
SRR27348733	SRX23025537	SRS19277861	SRP074197	PRJNA288601	Klebsiella pneumoniae	2023CB-00573	OXFORD_NANOPORE	GridION	1593033052.0	195961.0	WGS	GENOMIC	SINGLE	Nanopore sequencing of ARLN isolate
SRR21415866	SRX17420014	SRS12114994	SRP361569	PRJNA768416	Bacillus sp. FSL K6-4563	FSL K6-4563	OXFORD_NANOPORE	MinION	824231633.0	218854.0	WGS	GENOMIC	SINGLE	WGS of Bacilli
ERR14905993	ERX14310299	ERS24300105	ERP172116	PRJEB89064	Corynebacterium diphtheriae	FRC0050	OXFORD_NANOPORE	GridION			WGS	GENOMIC	SINGLE	GridION sequencing
SRR29316836	SRX24833307	SRS21545138	SRP512379	PRJNA1121190	Vibrio cholerae	121Vc08	OXFORD_NANOPORE	PromethION	242029301.0	130985.0	WGS	GENOMIC	SINGLE	WGS of Vcholerae isolates
ERR1432643	ERX1503021	ERS1080590	ERP005928	PRJEB6403	Haemophilus influenzae	NCTC11426	PACBIO_SMRT	PacBio RS	1772969019.0	163482.0	WGS	GENOMIC	SINGLE	PacBio RS sequencing
SRR18497244	SRX14628730	SRS12395235	SRP366159	PRJNA820346	Acinetobacter pseudolwoffii	YH18001_T	OXFORD_NANOPORE	GridION	730888855.0	138411.0	WGS	GENOMIC	SINGLE	The raw read data of Acinetobacrer lwoffii YH18001
SRR36153813	SRX31194320	SRS27177413	SRP648098	PRJNA1368854	Neisseria gonorrhoeae	HHH023 gyrBD429N	OXFORD_NANOPORE	MinION	296112477.0	51601.0	WGS	GENOMIC	SINGLE	Genome sequencing of Neisseria gonorrhoeae mutant strain HHH023_gyrBD429N
ERR13351230	ERX12722154	ERS16384537	ERP151267	PRJEB66194	Vibrio cholerae		OXFORD_NANOPORE	GridION	567808691.0	136098.0	WGS	GENOMIC	SINGLE	Raw reads: Gridion sequencing of Vibrio cholerae isolate CTMA_1846
SRR27909862	SRX23569547	SRS20414885	SRP488843	PRJNA1074513	Acinetobacter baumannii	Ab_5910-S	PACBIO_SMRT	Sequel II	7511153979.0	457245.0	WGS	GENOMIC	SINGLE	WGS of A baumannii
ERR980612	ERX1057484	ERS715404	ERP005928	PRJEB6403	Klebsiella pneumoniae	NCTC11698	PACBIO_SMRT	PacBio RS	1553643645.0	163482.0	WGS	GENOMIC	SINGLE	PacBio RS sequencing
ERR14734628	ERX14136000	ERS23810530	ERP170065	PRJEB86767	Enterobacter hormaechei		OXFORD_NANOPORE	MinION	609669604.0	121032.0	WGS	GENOMIC	SINGLE	EXP-11-1-2025-03-14_10-52-10
SRR386003	SRX109794	SRS001120	SRP000361	PRJNA32935	Enterococcus casseliflavus EC20	899205	PACBIO_SMRT	PacBio RS	85147616.0	81741.0	WGS	GENOMIC	SINGLE	Whole Genome Sequencing and Assembly
ERR1766245	ERX1831814	ERS1247831	ERP005928	PRJEB6403	Bifidobacterium breve	NCTC11815	PACBIO_SMRT	PacBio RS	970525158.0	163482.0	WGS	GENOMIC	SINGLE	PacBio RS sequencing
SRR29316580	SRX24833563	SRS21545394	SRP512379	PRJNA1121190	Vibrio cholerae	103Vc10	OXFORD_NANOPORE	PromethION	350460324.0	135741.0	WGS	GENOMIC	SINGLE	WGS of Vcholerae isolates
SRR25525506	SRX21255195	SRS18509072	SRP453433	PRJNA635383	Enterococcus faecium		OXFORD_NANOPORE	GridION	1219291376.0	199111.0	WGS	GENOMIC	SINGLE	Nanopore sequencing of AR-0787
SRR27136103	SRX22817955	SRS18706632	SRP395888	PRJNA812595	Campylobacter jejuni	PNUSAC038560	OXFORD_NANOPORE	GridION	247313636.0	48547.0	WGS	GENOMIC	SINGLE	Nanopore sequencing of PULSENET isolate
ERR1140945	ERX1219794	ERS819824	ERP005928	PRJEB6403	Staphylococcus aureus	NCTC10345	PACBIO_SMRT	PacBio RS	2390099686.0	163482.0	WGS	GENOMIC	SINGLE	PacBio RS sequencing
SRR9722966	SRX6480528	SRS5110528	SRP215169	PRJNA555108	Salmonella enterica subsp. enterica serovar Typhimurium		OXFORD_NANOPORE	MinION	109650804.0	23681.0	WGS	GENOMIC	SINGLE	Long read sequencing of an endemic MLVA type from NSW Australia
SRR12183692	SRX8698245	SRS6976097	SRP271081	PRJNA645008	Synechococcus sp. LTW-R	LTW-R	PACBIO_SMRT	Sequel	182859494.0	18555.0	WGS	GENOMIC	SINGLE	PacbioSeq of LTW-R
SRR9860704	SRX6614514	SRS5187496	SRP065910	PRJNA300270	Acinetobacter baumannii	CFSAN093709	PACBIO_SMRT	Sequel	6613092.0	1073.0	WGS	GENOMIC	SINGLE	Whole genome PacBio Sequel sequence of Acinetobacter baumannii
SRR35213352	SRX30317005	SRS26363940	SRP615992	PRJNA1301220	Acinetobacter baumannii	ABO22-H041	OXFORD_NANOPORE	MinION	171633749.0	69010.0	WGS	GENOMIC	SINGLE	Whole geneme sequencing of Acinetobacter baumannii: isolates of the Ab-One study
ERR15880197	ERX15277150	ERS26933657	ERP180772	PRJEB98371	Listeria monocytogenes		OXFORD_NANOPORE	MinION	1820856.0	253.0	WGS	GENOMIC	SINGLE	Raw reads: sample_028_nanopore_4
SRR32409505	SRX27739863	SRS24128752	SRP565160	PRJNA1225906	Neisseria meningitidis		OXFORD_NANOPORE	GridION	1311398928.0	285727.0	WGS	GENOMIC	SINGLE	WGS of Neisseria meningitids isolate
SRR13448656	SRX9861875	SRS8041966	SRP295672	PRJNA681856	Salmonella enterica	LHICA_E3	OXFORD_NANOPORE	MinION	35468556.0	4000.0	WGS	GENOMIC	SINGLE	WGS of Salmonella Lhica E3_6
SRR21979434	SRX17962582	SRS15479140	SRP403584	PRJNA891504	Enterococcus faecalis	BE52	OXFORD_NANOPORE	GridION	358032084.0	49221.0	WGS	GENOMIC	SINGLE	Genome sequencing and assembly of Enterococcus faecalis strains isolated from endodontic infections
SRR30896218	SRX26299803	SRS22828525	SRP536878	PRJNA1134622	Escherichia coli	OXEC-178	OXFORD_NANOPORE	MinION	273482440.0	98418.0	WGS	GENOMIC	SINGLE	OXEC-178
SRR13957749	SRX10335928	SRS8455472	SRP300861	PRJNA663900	Enterococcus sp. DIV1555a	DIV1555a	OXFORD_NANOPORE	GridION	2903795163.0	482520.0	WGS	GENOMIC	SINGLE	sequencing of enterococcal diversity
ERR12833677	ERX12206488	ERS18714776	ERP157202	PRJEB72410	Klebsiella pneumoniae		OXFORD_NANOPORE	MinION	318750646.0	93885.0	WGS	GENOMIC	SINGLE	MinION sequencing
SRR25467020	SRX21199905	SRS18458348	SRP452337	PRJNA1000618	Escherichia coli	Escherichia coli BL21(DE3)	OXFORD_NANOPORE	MinION	6206140.0	3999.0	WGS	GENOMIC	SINGLE	CASTVK transposition with different condition
SRR35628862	SRX30685172	SRS26704588	SRP627750	PRJNA1333901	Macrococcus sp. GL_134	GL_134	OXFORD_NANOPORE	MinION	163405445.0	46574.0	WGS	GENOMIC	SINGLE	Oxford Nanopore sequences of cultivable bacteria collected in an iron ore mine and a crystal cave
SRR287694	SRX078304	SRS212390	SRP007207	PRJNA68253	Escherichia coli		PACBIO_SMRT	PacBio RS	205629831.0	81741.0	WGS	GENOMIC	SINGLE	Whole Genome Sequencing for C777-09
ERR1716492	ERX1786726	ERS1285817	ERP016318	PRJEB14661	Vibrio cholerae	4295STDY6534248	PACBIO_SMRT	PacBio RS	1603376350.0	163482.0	WGS	GENOMIC	SINGLE	PacBio RS sequencing
SRR15989136	SRX12277731	SRS9999226	SRP357537	PRJNA801416	Citrobacter freundii	18	OXFORD_NANOPORE	GridION	451845540.0	33632.0	WGS	GENOMIC	SINGLE	Whole Genome Sequencing of Carbapenemase-producing Enterobacterales (CPE)
SRR6516681	SRX3604654	SRS2872250	SRP131586	PRJNA402571	Streptomyces sp. 25	25	PACBIO_SMRT	PacBio RS II	626071913.0	241208.0	WGS	GENOMIC	SINGLE	Streptomyces sp. 25
SRR19776552	SRX15820944	SRS12273988	SRP364249	PRJNA816422	Helicobacter pylori	Hpfe061	OXFORD_NANOPORE	MinION	375166217.0	59074.0	WGS	GENOMIC	SINGLE	nanopore sequencing of h. pylori genomic DNA
SRR19816823	SRX15860509	SRS12115312	SRP361569	PRJNA768416	Paenibacillus sp. FSL R7-0179	FSL R7-0179	OXFORD_NANOPORE	MinION	703548109.0	318661.0	WGS	GENOMIC	SINGLE	WGS of Bacilli
SRR32584323	SRX27890817	SRS24262143	SRP568071	PRJNA1231784	Mycobacterium	RIF04ugmlmutant05	OXFORD_NANOPORE	GridION	693008667.0	89684.0	WGS	GENOMIC	SINGLE	Genome sequencing of Mycobacterium sp.
SRR5460430	SRX2748443	ERS2107565	SRP104335	PRJNA370767	Spirosomataceae bacterium TFI 002	TFI 002	PACBIO_SMRT	PacBio RS	467235589.0	119059.0	WGS	GENOMIC	SINGLE	Flavobacteriaceae bacterium TFI 002
ERR4047305	ERX4048438	ERS3340498	ERP113355	PRJEB30866	Escherichia coli		PACBIO_SMRT	Sequel	2671584416.0	803321.0	WGS	GENOMIC	SINGLE	Sequel sequencing
SRR21682046	SRX17680144	SRS15211885	SRP074197	PRJNA288601	Enterobacter asburiae	2017-45-80	PACBIO_SMRT	PacBio RS II	907371397.0	163482.0	WGS	GENOMIC	SINGLE	PacBio sequencing of 2017-45-80
ERR14330017	ERX13731113	ERS23193184	ERP169026	PRJEB85647	Escherichia coli		OXFORD_NANOPORE	MinION	48490087.0	11362.0	WGS	GENOMIC	SINGLE	E_coli_27June24
SRR8707510	SRX5502930	SRS594868	SRP018785	PRJNA186035	Salmonella enterica	FSW0104	OXFORD_NANOPORE	GridION	426325544.0	33310.0	WGS	GENOMIC	SINGLE	Salmonella in foods
SRR30949740	SRX26352348	SRS22817051	SRP536567	PRJNA1165464	Escherichia coli	Not applicable	OXFORD_NANOPORE	MinION	379854772.0	174461.0	WGS	GENOMIC	SINGLE	Nanopore sequencing of E.coli: blood isolate
SRR1042828	SRX386935	SRS304600	SRP033496	PRJNA83041	Burkholderia sp. BT03	BT03	PACBIO_SMRT	PacBio RS	824012354.0	75031.0	WGS	GENOMIC	SINGLE	PacBio RS-I data for Burkholdia sp. BT03
ERR1892110	ERX1952608	ERS1374873	ERP005928	PRJEB6403	Burkholderia multivorans	NCTC13007	PACBIO_SMRT	PacBio RS	472257809.0	163482.0	WGS	GENOMIC	SINGLE	PacBio RS sequencing
SRR9001295	SRX5780087	SRS3932952	SRP165734	PRJNA496461	Klebsiella pneumoniae	KLPN_21	OXFORD_NANOPORE	MinION			WGS	GENOMIC	SINGLE	nanopore seq of klebsiella pneumoniae
ERR13600664	ERX12971687	ERS15599463	ERP132614	PRJEB48268	Klebsiella pneumoniae		OXFORD_NANOPORE	GridION	527072574.0	21936.0	WGS	GENOMIC	SINGLE	GridION sequencing
SRR13386175	SRX9805254	SRS7989329	SRP300861	PRJNA663900	Enterococcus sp. DIV2383	DIV2383	OXFORD_NANOPORE	GridION	459072329.0	74615.0	WGS	GENOMIC	SINGLE	Zoo 3 Enterococcus Diversity Genome sequencing and assembly
ERR11011596	ERX10448018	ERS14775373	ERP145689	PRJEB60605	Bacillus velezensis	SAF3325	OXFORD_NANOPORE	MinION	208163263.0	112356.0	WGS	GENOMIC	SINGLE	MinION sequencing; SAF3325_TAG
SRR21415554	SRX17420326	SRS14916998	SRP361569	PRJNA768416	Bacillus sp. FSL W7-1092	FSL W7-1092	OXFORD_NANOPORE	MinION	471001355.0	157414.0	WGS	GENOMIC	SINGLE	WGS of Bacilli
SRR28974803	SRX24504242	SRS21252773	SRP506646	PRJNA1109544	Sagittula stellata E-37	E-37	OXFORD_NANOPORE	MinION	619991060.0	117963.0	WGS	GENOMIC	SINGLE	Raw reads of E37 ONT
SRR31598783	SRX26963703	SRS23433415	SRP549287	PRJNA1185485	Escherichia coli	478	OXFORD_NANOPORE	PromethION	1058009409.0	242132.0	WGS	GENOMIC	SINGLE	R4R-barcode27
ERR4762221	ERX4635325	ERS5247720	ERP124695	PRJEB40976	Enterococcus faecalis		OXFORD_NANOPORE	GridION	770959276.0	47026.0	WGS	GENOMIC	SINGLE	GridION sequencing; Raw reads: 26975_2#145
SRR13734254	SRX10121821	SRS8276477	SRP306889	PRJNA701963	Methylomonas sp. EFPC1	EFPC1	OXFORD_NANOPORE	GridION	3931448741.0	232890.0	WGS	GENOMIC	SINGLE	WGS of Methylomonas sp. EFPC1
SRR8348352	SRX5159351	SRS3733237	SRP018785	PRJNA186035	Salmonella enterica subsp. enterica serovar Typhimurium	SAP18-6199	PACBIO_SMRT	PacBio RS II	405327774.0	163482.0	WGS	GENOMIC	SINGLE	Whole genome PacBio RS sequence of Salmonella enterica subsp. enterica serovar Typhimurium
SRR29782668	SRX25282549	SRS21964075	SRP519345	PRJNA1134675	Escherichia coli		OXFORD_NANOPORE	GridION	296100165.0	38144.0	WGS	GENOMIC	SINGLE	Single laboratory evaluation of the (Q20+) nanopore sequencing kit for bacterial outbreak investigations
SRR7473057	SRX4342693	SRS3503278	SRP152212	PRJNA332243	Megasphaera elsdenii	NCIMB 702410	PACBIO_SMRT	PacBio RS II	648654177.0	393780.0	WGS	GENOMIC	SINGLE	Megasphaera elsdenii NCIMB 702410
ERR13194321	ERX12565186	ERS20185833	ERP160059	PRJEB75483	Rhizobium rhizogenes		OXFORD_NANOPORE	MinION	289954242.0	33491.0	WGS	GENOMIC	SINGLE	MinION sequencing
SRR22784686	SRX18744758	SRS16179827	SRP413484	PRJNA912639	Escherichia coli	EC_0038_3S2_D_CuP_CeP	OXFORD_NANOPORE	MinION	342396274.0	42988.0	WGS	GENOMIC	SINGLE	WGS of Escherichia coli
SRR12395189	SRX8893708	SRS7152730	SRP276100	PRJNA650381	Mycobacterium tuberculosis		OXFORD_NANOPORE	MinION	1198847504.0	762747.0	WGS	GENOMIC	SINGLE	Nanopore TB WGS
SRR26130516	SRX21843932	SRS18941948	SRP462266	PRJNA834230	Streptomyces sp. SAI-208	SAI-208	PACBIO_SMRT	Sequel IIe	501295409.0	79738.0	WGS	GENOMIC	SINGLE	Streptomyces sp SAI-208
SRR32204054	SRX27545757	SRS23960614	SRP561120	PRJNA1214876	Ekhidna algicida	To15	OXFORD_NANOPORE	MinION	34011636.0	4000.0	WGS	GENOMIC	SINGLE	Ekhidna algicida strain To15 genome
SRR13575575	SRX9973676	SRS8145954	SRP303741	PRJNA695586	Streptococcus pyogenes	M4C20	OXFORD_NANOPORE	MinION	3335823.0	4000.0	WGS	GENOMIC	SINGLE	Whole genome sequence of Streptococcus pyogenes strain M4C20
SRR387112	SRX109907	SRS281279	SRP001087	PRJNA40075	Escherichia coli str. K-12 substr. MG1655	K-12	PACBIO_SMRT	PacBio RS	365180140.0	60961.0	WGS	GENOMIC	SINGLE	Whole Genome Sequencing and Assembly
DRR161285	DRX151910	DRS115468	DRP005652	PRJDB7717	Mycolicibacter senuensis	JCM 16017	OXFORD_NANOPORE	MinION	573560450.0	96239.0	WGS	GENOMIC	SINGLE	MinION single end sequencing of SAMD00153200
SRR25444699	SRX21177955	SRS18438840	SRP451919	PRJNA996479	Neomoorella carbonis	ACPs	OXFORD_NANOPORE	MinION	1170589705.0	350286.0	WGS	GENOMIC	SINGLE	Nanopore sequencing of M. carbonis
SRR30949628	SRX26352158	SRS22817419	SRP536567	PRJNA1165464	Escherichia coli	Not applicable	OXFORD_NANOPORE	MinION	589129117.0	110229.0	WGS	GENOMIC	SINGLE	Nanopore sequencing of E.coli: blood isolate
SRR4176417	SRX2141023	SRS1672903	SRP086801	PRJNA332745	Burkholderia orbicola		PACBIO_SMRT	PacBio RS	558704655.0	134796.0	WGS	GENOMIC	SINGLE	Burkholderia unamae TAtl-371
ERR10498390	ERX10015679	ERS14255596	ERP142629	PRJEB57633	Escherichia coli		OXFORD_NANOPORE	GridION	73904643.0	10951.0	WGS	GENOMIC	SINGLE	Raw reads: ONT_30345_1#287
SRR386379	SRX109874	SRS212335	SRP007231	PRJNA49881	Scardovia wiggsiae F0424	F0424	PACBIO_SMRT	PacBio RS	91944862.0	81741.0	WGS	GENOMIC	SINGLE	Whole Genome Sequencing and Assembly
SRR21415701	SRX17420179	SRS13526050	SRP361569	PRJNA768416	Caldifermentibacillus hisashii	FSL W8-0985	OXFORD_NANOPORE	MinION	623389529.0	207643.0	WGS	GENOMIC	SINGLE	WGS of Bacilli
SRR13162087	SRX9600980	SRS7805032	SRP294652	PRJNA679599	Klebsiella variicola		OXFORD_NANOPORE	MinION	787842830.0	189175.0	WGS	GENOMIC	SINGLE	nanopore sequence of Klebsiella variicola Kv_N3_YH1_03.20
ERR15602734	ERX15005958	ERS26883002	ERP180185	PRJEB97707	Escherichia coli		OXFORD_NANOPORE	MinION	370480647.0	63768.0	WGS	GENOMIC	SINGLE	MinION sequencing
SRR31486881	SRX26855070	SRS22636695	SRP074197	PRJNA288601	Klebsiella pneumoniae	2024HL-00995	OXFORD_NANOPORE	MinION	173399071.0	30588.0	WGS	GENOMIC	SINGLE	Long read sequencing of carbapenemase producing organisms
SRR29316649	SRX24833494	SRS21545325	SRP512379	PRJNA1121190	Vibrio cholerae	142Vc01	OXFORD_NANOPORE	PromethION	228406080.0	28639.0	WGS	GENOMIC	SINGLE	WGS of Vcholerae isolates
SRR28434871	SRX24038688	SRS20831708	SRP497546	PRJNA1091452	Klebsiella pneumoniae	KP04-PS	OXFORD_NANOPORE	MinION	922804116.0	92645.0	WGS	GENOMIC	SINGLE	ONT performance study sequencing of K. pneumoniae
SRR10541599	SRX7224996	SRS5725806	SRP233415	PRJNA370029	Clostridium saccharobutylicum	DJ087	PACBIO_SMRT	PacBio RS II	169892125.0	45333.0	WGS	GENOMIC	SINGLE	Clostridium saccharobutylicum DJ087
SRR21415632	SRX17420248	SRS13526114	SRP361569	PRJNA768416	Paenibacillus sp. FSL E2-0274		OXFORD_NANOPORE	MinION	410284292.0	93272.0	WGS	GENOMIC	SINGLE	WGS of Bacilli
SRR21415836	SRX17420044	SRS12114910	SRP361569	PRJNA768416	Paenibacillus sp. FSL E2-0151		OXFORD_NANOPORE	MinION	204147576.0	40833.0	WGS	GENOMIC	SINGLE	WGS of Bacilli
SRR12298941	SRX8802272	SRS6792042	SRP266402	PRJNA605147	Escherichia coli	RHB39-C01	OXFORD_NANOPORE	GridION	2021184206.0	443490.0	WGS	GENOMIC	SINGLE	OXFORD_NANOPORE sequencing of Escherichia coli isolate RH09|T3-C01 cultured from Cattle faeces sample
SRR36068003	SRX31114175	SRS27072671	SRP644837	PRJNA1364846	Escherichia coli	GPT22-004	OXFORD_NANOPORE	GridION	544562598.0	192473.0	WGS	GENOMIC	SINGLE	Escherchia coli, DBT kit, 36-plex and 100 ng DNA, replicate 7
SRR30018465	SRX25497543	SRS21886533	SRP330556	PRJNA742925	Xanthomonas axonopodis pv. patelii	NCPPB 840	OXFORD_NANOPORE	PromethION	300826658.0	108487.0	WGS	GENOMIC	SINGLE	Genome sequencing of NCPPB 840
SRR10613916	SRX7293077	SRS5786564	SRP235346	PRJNA462562	Clostridium beijerinckii	DJ289	PACBIO_SMRT	PacBio RS II	610939598.0	137769.0	WGS	GENOMIC	SINGLE	Clostridium beijerinckii DJ289
SRR35148402	SRX30254032	SRS26305872	SRP613318	PRJNA711010	Priestia megaterium	PvP124	PACBIO_SMRT	Sequel II	316230348.0	39101.0	WGS	GENOMIC	SINGLE	Bacillus sp. PvP124
SRR31615034	SRX26979649	SRS23447056	SRP549499	PRJNA1194354	Klebsiella pneumoniae	ICU-3_CZA0_nanopore	OXFORD_NANOPORE	MinION	988555747.0	74342.0	WGS	GENOMIC	SINGLE	WGS of Klebsiella pneumoniae
SRR30228058	SRX25690215	SRS22332333	SRP524517	PRJNA1145000	Salmonella enterica	Salmonella Infantis	OXFORD_NANOPORE	GridION	336185.0	1.0	WGS	GENOMIC	SINGLE	WGS of Salmonella Infantis
SRR26950716	SRX22644462	SRS19641537	SRP474291	PRJNA1043871	Bacillus sp. PBL-C9	PBL-C9	OXFORD_NANOPORE	MinION	1514830.0	282.0	WGS	GENOMIC	SINGLE	Bacillus sp. PBL-C9 Genome sequencing and assembly
SRR12395441	SRX8893456	SRS7152478	SRP276100	PRJNA650381	Mycobacterium tuberculosis variant africanum		OXFORD_NANOPORE	MinION	531072679.0	312726.0	WGS	GENOMIC	SINGLE	Nanopore TB WGS
SRR18122610	SRX14273018	SRS1606440	SRP018785	PRJNA186035	Salmonella enterica subsp. enterica serovar Saintpaul	CFSAN044909	PACBIO_SMRT	Sequel	1341028198.0	187466.0	WGS	GENOMIC	SINGLE	Whole genome PacBio Sequel sequence of Salmonella enterica subsp. enterica serovar Saintpaul
SRR32498892	SRX27811458	SRS24187350	SRP566518	PRJNA1228652	Shewanella oneidensis	MGC007	OXFORD_NANOPORE	PromethION	1004192413.0	236141.0	WGS	GENOMIC	SINGLE	raw sequencing data of Shewanella oneidensis MGC007
SRR709982	SRX228369	SRS416702	SRP021597	PRJNA89013	Enterococcus gilvus ATCC BAA-350	ATCC BAA-350	PACBIO_SMRT	PacBio RS	197240490.0	81741.0	WGS	GENOMIC	SINGLE	Pacbio whole genome shotgun sequencing of genomic DNA library 'PACBIO-320' containing sample 'BAA-350, PQ1 [CCUG 45553]' from individual 'Enterococcus gilfus BAA-350, PQ1 [CCUG 45553]'
SRR27962329	SRX23618793	SRS20459170	SRP489640	PRJNA998543	Staphylococcus epidermidis	HRSE 5	OXFORD_NANOPORE	MinION	2279792436.0	246996.0	WGS	GENOMIC	SINGLE	S. epidermidis isolated from Han River whole genome sequencing
DRR704752	DRX684785	DRS487171	DRP013557	PRJDB18009	Escherichia coli	K10593	OXFORD_NANOPORE	MinION	539907223.0	198579.0	WGS	GENOMIC	SINGLE	MinION sequencing of SAMD00771146
SRR5838741	SRX3014932	SRS2364619	SRP112778	PRJNA363971	Streptomyces sp. Ag109_G2-1	Ag109_G2-1	PACBIO_SMRT	PacBio RS II	620698394.0	184912.0	WGS	GENOMIC	SINGLE	Streptomyces sp. Ag109_G2-1
SRR353443	SRX101292	SRS259597	SRP008033	PRJNA68213	Escherichia coli O104:H4 str. 09-7901	09-7901	PACBIO_SMRT	PacBio RS	61059807.0	81741.0	WGS	GENOMIC	SINGLE	Genome Sequencing and Assembly of E. coli O104:H4 strains
SRR13366494	SRX9790583	SRS7976451	SRP051949	PRJNA271899	Klebsiella pneumoniae	UCI_288	OXFORD_NANOPORE	GridION	1038119727.0	175809.0	WGS	GENOMIC	SINGLE	Sequencing of Carbapenem resistant bacteria
ERR1417239	ERX1488023	ERS1068192	ERP005928	PRJEB6403	Streptococcus pyogenes	NCTC10085	PACBIO_SMRT	PacBio RS	3361644958.0	163482.0	WGS	GENOMIC	SINGLE	PacBio RS sequencing
SRR18681680	SRX14782817	SRS12539589	SRP368114	PRJNA824420	Escherichia coli	GD02943_ECOL_HY_60	OXFORD_NANOPORE	MinION	571097046.0	76356.0	WGS	GENOMIC	SINGLE	Long-read sequencing of Escherichia coli: isolate #60 urine
SRR387148	SRX109913	SRS281279	SRP001087	PRJNA40075	Escherichia coli str. K-12 substr. MG1655	K-12	PACBIO_SMRT	PacBio RS	35292743.0	60961.0	WGS	GENOMIC	SINGLE	Whole Genome Sequencing and Assembly
SRR11747675	SRX8301001	SRS6619076	SRP260949	PRJNA607129	Campylobacter concisus	P26UCO-S2	OXFORD_NANOPORE	MinION	75273543.0	24557.0	WGS	GENOMIC	SINGLE	Nanopore sequence of Campylobacter concisus
ERR14686238	ERX14087757	ERS23773377	ERP169826	PRJEB86481	Escherichia coli str. K-12 substr. MG1655	K-12	OXFORD_NANOPORE	MinION	136747934.0	56241.0	WGS	GENOMIC	SINGLE	MinION sequencing
SRR6994995	SRX3929727	SRS3163150	SRP133836	PRJNA316321	Klebsiella pneumoniae	AR_0454	PACBIO_SMRT	PacBio RS	4112847136.0	163482.0	WGS	GENOMIC	SINGLE	
SRR35213460	SRX30317263	SRS26364198	SRP615992	PRJNA1301220	Acinetobacter baumannii	ABO22-A132	OXFORD_NANOPORE	MinION	270485379.0	65057.0	WGS	GENOMIC	SINGLE	Whole geneme sequencing of Acinetobacter baumannii: isolates of the Ab-One study
ERR13656542	ERX13027244	ERS20964707	ERP152411	PRJEB67372	Streptomyces sp. enrichment culture		PACBIO_SMRT	Revio	669898189.0	96135.0	WGS	GENOMIC	SINGLE	Raw reads: SudanB9_2036
SRR27972560	SRX23625893	SRS20466151	SRP489819	PRJNA1076692	Staphylococcus aureus	RIVM_M099697_dorado	OXFORD_NANOPORE	MinION	241823886.0	113624.0	WGS	GENOMIC	SINGLE	RIVM_M099697_dorado
SRR27972492	SRX23625961	SRS20465424	SRP489819	PRJNA1076692	Escherichia coli	RIVM_C055230_rerio	OXFORD_NANOPORE	MinION	340911075.0	91963.0	WGS	GENOMIC	SINGLE	RIVM_C055230_rerio
ERR1354164	ERX1425639	ERS1037087	ERP005928	PRJEB6403	Streptococcus pyogenes	NCTC8308	PACBIO_SMRT	PacBio RS	2280600896.0	163482.0	WGS	GENOMIC	SINGLE	PacBio RS sequencing
ERR10498731	ERX10016020	ERS14255933	ERP142629	PRJEB57633	Escherichia coli		OXFORD_NANOPORE	GridION	87183118.0	14993.0	WGS	GENOMIC	SINGLE	Raw reads: ONT_30602_1#334
SRR26131795	SRX21845211	SRS18943257	SRP462330	PRJNA1016926	Bacillus sp. SLBN-57	SLBN-57	PACBIO_SMRT	Sequel IIe	1405678599.0	158119.0	WGS	GENOMIC	SINGLE	Bacillus sp SLBN-57
SRR9722882	SRX6480327	SRS5130391	SRP215816	PRJNA470993	Staphylococcus aureus	pt169	PACBIO_SMRT	PacBio RS II	1186252022.0	166444.0	WGS	GENOMIC	SINGLE	WGS of Staphylococcus aureus
SRR8054532	SRX4884193	SRS3932953	SRP165734	PRJNA496461	Klebsiella pneumoniae	KLPN_25	OXFORD_NANOPORE	MinION	3258946064.0	362050.0	WGS	GENOMIC	SINGLE	nanopore seq of klebsiella pneumoniae
SRR18681687	SRX14782810	SRS12539583	SRP368114	PRJNA824420	Escherichia coli	GD02936_ECOL_HY_53	OXFORD_NANOPORE	MinION	409907546.0	55772.0	WGS	GENOMIC	SINGLE	Long-read sequencing of Escherichia coli: isolate #53 blood
SRR13380382	SRX9803188	SRS7987477	SRP300808	PRJNA649533	Salmonella enterica		OXFORD_NANOPORE	GridION	1276757901.0	203867.0	WGS	GENOMIC	SINGLE	ISF salmonella
ERR1397211	ERX1468470	ERS1058924	ERP005928	PRJEB6403	Streptococcus mutans	NCTC10832	PACBIO_SMRT	PacBio RS	3604475167.0	163482.0	WGS	GENOMIC	SINGLE	PacBio RS sequencing
SRR13893499	SRX10273515	SRS8406547	SRP309815	PRJNA686978	Klebsiella pneumoniae	not collected	OXFORD_NANOPORE	MinION	4449116951.0	922764.0	WGS	GENOMIC	SINGLE	nanopore sequencing of k pneumoniae: clinical isolate
SRR27962330	SRX23618792	SRS20459169	SRP489640	PRJNA998543	Staphylococcus epidermidis	HRSE 36	OXFORD_NANOPORE	MinION	729860762.0	86634.0	WGS	GENOMIC	SINGLE	S. epidermidis isolated from Han River whole genome sequencing
ERR3253085	ERX3279889	ERS2016211	ERP005928	PRJEB6403	Haploplasma modicum		PACBIO_SMRT	Sequel	134801141.0	31996.0	WGS	GENOMIC	SINGLE	Sequel sequencing
SRR30896520	SRX26300049	SRS22828770	SRP536878	PRJNA1134622	Escherichia coli	OXEC-338	OXFORD_NANOPORE	MinION	1287936843.0	463154.0	WGS	GENOMIC	SINGLE	OXEC-338
SRR6976385	SRX3918001	SRS3153083	SRP139212	PRJNA442009	Janthinobacterium sp. 75	75	PACBIO_SMRT	PacBio RS II	532673345.0	119988.0	WGS	GENOMIC	SINGLE	Janthinobacterium sp. 75
SRR1816883	SRX885923	SRS852839	SRP055422	PRJNA274761	Pseudonocardia sp. EC080625-04	EC080625-04	PACBIO_SMRT	PacBio RS	1714814003.0	163482.0	WGS	GENOMIC	SINGLE	Gerumycin: A plasmid-borne cyclic depsipeptide produced by the bacterial symbiont of a fungus-growing ant
DRR691534	DRX671636	DRS481849	DRP012116	PRJDB18898	Enterobacter cloacae	AD2-1	OXFORD_NANOPORE	MinION	1341227414.0	291602.0	WGS	GENOMIC	SINGLE	MinION sequencing of SAMD00912535
SRR12009920	SRX8542653	SRS6837391	SRP267232	PRJNA639135	Massilia sp. BJB1822	BJB1822	OXFORD_NANOPORE	MinION	9338409.0	4000.0	WGS	GENOMIC	SINGLE	BJB1822 Nanopore Whole Genome Sequencing
DRR466470	DRX450706	DRS305722	DRP010041	PRJDB15848	Escherichia coli	EC02	OXFORD_NANOPORE	MinION	2348227436.0	336022.0	WGS	GENOMIC	SINGLE	MinION sequencing of SAMD00607270
SRR31598784	SRX26963702	SRS23433414	SRP549287	PRJNA1185485	Escherichia coli	477	OXFORD_NANOPORE	PromethION	1144982337.0	230188.0	WGS	GENOMIC	SINGLE	R4R-barcode26
SRR33086186	SRX28350304	SRS24679747	SRP577906	PRJNA1248189	Enterobacter hormaechei	211217	PACBIO_SMRT	Sequel IIe	346165922.0	46623.0	WGS	GENOMIC	SINGLE	Pacbio of ECC:Human
ERR1937801	ERX1995528	ERS1424471	ERP005928	PRJEB6403	Campylobacter sputorum subsp. sputorum	NCTC11528	PACBIO_SMRT	PacBio RS	1076302293.0	163482.0	WGS	GENOMIC	SINGLE	PacBio RS sequencing
SRR31736729	SRX27098860	SRS23557520	SRP551806	PRJNA1197410	Salmonella sp. NSP_30_229		OXFORD_NANOPORE	MinION	272832456.0	95518.0	WGS	GENOMIC	SINGLE	DNA-Seq of Salmonella: Blood3
SRR34967737	SRX30086921	SRS26153020	SRP608514	PRJNA1305037	Klebsiella aerogenes	MI_KPC_412	OXFORD_NANOPORE	PromethION	216372337.0	50914.0	WGS	GENOMIC	SINGLE	KPC CRE collection from state of Michigan
ERR1681920	ERX1751537	ERS904728	ERP005928	PRJEB6403	Streptococcus pyogenes	NCTC8225	PACBIO_SMRT	PacBio RS	3615581809.0	163482.0	WGS	GENOMIC	SINGLE	PacBio RS sequencing
SRR34531133	SRX29674527	SRS25787633	SRP600654	PRJNA1289023	Klebsiella oxytoca	OK-1	OXFORD_NANOPORE	MinION	197808958.0	40631.0	WGS	GENOMIC	SINGLE	WGS of enterobacterial clinical strains carrying IncQ2::blaGES plasmid
SRR29882855	SRX25379166	SRS21307807	SRP395888	PRJNA812595	Klebsiella pneumoniae	2024CK-00645	OXFORD_NANOPORE	GridION	434163381.0	63644.0	WGS	GENOMIC	SINGLE	Nanopore sequencing of ARLN isolate
ERR10452886	ERX9976341	ERS6794080	ERP109413	PRJEB27342	Klebsiella pneumoniae		PACBIO_SMRT	Sequel II	4234846077.0	659251.0	WGS	GENOMIC	SINGLE	Sequel II sequencing
SRR28434924	SRX24038522	SRS20831687	SRP497546	PRJNA1091452	Enterococcus faecium	EF37-PS	OXFORD_NANOPORE	MinION	604474749.0	174531.0	WGS	GENOMIC	SINGLE	ONT performance study sequencing of E.faecium
SRR21630345	SRX17631053	SRS11554626	SRP354045	PRJNA747871	Streptomyces sp. NBC_00487	NBC_00487	OXFORD_NANOPORE	MinION	269602905.0	67154.0	WGS	GENOMIC	SINGLE	nanopore sequencing data from strain NBC_00487
SRR31611459	SRX26976066	SRS23443688	SRP549287	PRJNA1185485	Escherichia coli	450	OXFORD_NANOPORE	PromethION	1125488305.0	213549.0	WGS	GENOMIC	SINGLE	pig-inf-barcode96
SRR21630278	SRX17630737	SRS14986943	SRP354045	PRJNA747871	Streptomyces canus	NBC_00001	OXFORD_NANOPORE	MinION	528861036.0	58505.0	WGS	GENOMIC	SINGLE	nanopore sequencing data from strain NBC_00001
SRR8532565	SRX5335912	SRS4329224	SRP183746	PRJNA519686	Pseudomonas sp. L24	L24	PACBIO_SMRT	Sequel	1783684977.0	513067.0	WGS	GENOMIC	SINGLE	Pseudomonas sp. L24
ERR12953437	ERX12325634	ERS19223300	ERP159859	PRJEB75271	Staphylococcus aureus		OXFORD_NANOPORE	MinION	251269862.0	86504.0	WGS	GENOMIC	SINGLE	MinION sequencing
SRR19519853	SRX15572454	SRS13275314	SRP378127	PRJNA819273	Mammaliicoccus sciuri	IVB6231	PACBIO_SMRT	Sequel II	2816209434.0	257051.0	WGS	GENOMIC	SINGLE	PacBio Sequel sequencing of camel Staphylococcaceae from the Horn of Africa
SRR386678	SRX109845	SRS004883	SRP001079	PRJNA40077	Cereibacter sphaeroides 2.4.1	2.4.1	PACBIO_SMRT	PacBio RS	22772688.0	60667.0	WGS	GENOMIC	SINGLE	Whole Genome Sequencing and Assembly
SRR24062765	SRX19864110	SRS17220132	SRP430807	PRJNA952137	Staphylococcus aureus	IT-MSSA54	OXFORD_NANOPORE	MinION	45816100.0	8682.0	WGS	GENOMIC	SINGLE	Long read Illumina sequencing of Staphylococcus aureus IT-MSSA54
SRR35071054	SRX30184967	SRS26244974	SRP610420	PRJNA1308807	Escherichia coli	Ec_118	OXFORD_NANOPORE	MinION	727608355.0	77900.0	WGS	GENOMIC	SINGLE	Oxford Nanopore sequences of an isolated E. coli strain from wastewater
SRR25466894	SRX21199526	SRS18458349	SRP452337	PRJNA1000618	Escherichia coli	Escherichia coli BL21(DE3)	OXFORD_NANOPORE	MinION	4764866.0	4000.0	WGS	GENOMIC	SINGLE	CASTVK transposition with different condition
ERR10229227	ERX9764183	ERS6480168	ERP109413	PRJEB27342	Klebsiella pneumoniae		PACBIO_SMRT	Sequel II	4728153884.0	780940.0	WGS	GENOMIC	SINGLE	Sequel II sequencing
SRR33600028	SRX28829528	SRS25061944	SRP585898	PRJNA1263016	Staphylococcus aureus	MW2	OXFORD_NANOPORE	MinION	241686263.0	32459.0	WGS	GENOMIC	SINGLE	WGS long read sequencing of MRSA
SRR9722817	SRX6480392	SRS5130456	SRP215816	PRJNA470993	Staphylococcus aureus	pt153	PACBIO_SMRT	PacBio RS II	618324825.0	114987.0	WGS	GENOMIC	SINGLE	WGS of Staphylococcus aureus
SRR15032815	SRX11344353	SRS9387308	SRP326741	PRJNA743132	Neisseria gonorrhoeae	SK92679	PACBIO_SMRT	Sequel II	219520879.0	14610.0	WGS	GENOMIC	SINGLE	SK92679 PacBio raw reads
SRR34848039	SRX29979969	SRS26054397	SRP605437	PRJNA1059746	Salmonella enterica subsp. enterica serovar Kentucky	FC1014	OXFORD_NANOPORE	MinION	402087821.0	125418.0	WGS	GENOMIC	SINGLE	Emergence of ceftriaxone resistant Salmonella Kentucky in India driven by multiple novel variants of Salmonella genomic island carrying blaCTX-M-55
SRR9854253	SRX6596797	SRS5161944	SRP216475	PRJNA554021	Bartonella bacilliformis	Peru358-98	PACBIO_SMRT	PacBio RS II	468400164.0	163482.0	WGS	GENOMIC	SINGLE	DNA Seq of Bartonella bacilliformis Peru358-98
SRR33532049	SRX28766406	SRS25006315	SRP584654	PRJNA1258996	Bordetella pertussis	J820L03P01	PACBIO_SMRT	Sequel II	2673408579.0	557249.0	WGS	GENOMIC	SINGLE	Long-read sequencing of Bordetella pertussis serial laboratory passage J820L03P01
ERR10498124	ERX10015413	ERS14254372	ERP142629	PRJEB57633	Escherichia coli		OXFORD_NANOPORE	GridION	120836006.0	17478.0	WGS	GENOMIC	SINGLE	Raw reads: ONT_30348_2#329
SRR12042543	SRX8571625	SRS6863644	SRP267773	PRJNA640151	Enterobacter pasteurii	D41-sc-1712200	PACBIO_SMRT	Sequel	1657444505.0	348020.0	WGS	GENOMIC	SINGLE	WGS of Enterobacter cloacae J13-BlokeschLab
SRR6976445	SRX3918058	SRS3153131	SRP139238	PRJNA442004	Flavobacterium sp. 102	102	PACBIO_SMRT	PacBio RS II	421238594.0	94304.0	WGS	GENOMIC	SINGLE	Flavobacterium sp. 102
SRR12711912	SRX9190809	SRS7426798	SRP285370	PRJNA647647	Streptomyces mexicanus	Marseille-Q0842	OXFORD_NANOPORE	GridION	16812683.0	4000.0	WGS	GENOMIC	SINGLE	ONT of Streptomyces mexicanus : Marseille
ERR14225719	ERX13625995	ERS18294144	ERP156237	PRJEB71438	Streptomyces rochei		OXFORD_NANOPORE	MinION			WGS	GENOMIC	SINGLE	MinION sequencing
SRR33769442	SRX28991920	SRS22455675	SRP444583	PRJNA962904	Klebsiella pneumoniae		PACBIO_SMRT	Sequel II	274008592.0	12854.0	WGS	GENOMIC	SINGLE	PacBio sequencing of AH0958HC1 for ARCH 2
SRR1609083	SRX729762	SRS719070	SRP040661	PRJNA231221	Enterobacter cloacae complex sp.	FDAARGOS_77	PACBIO_SMRT	PacBio RS	774225716.0	163482.0	WGS	GENOMIC	SINGLE	
SRR32158421	SRX27503859	SRS23924101	SRP560261	PRJNA1129067	Serratia inhibens	MAR_LG1	OXFORD_NANOPORE	MinION	503017728.0	470717.0	WGS	GENOMIC	SINGLE	MAR_LG1
ERR654490	ERX610813	ERS475421	ERP001671	PRJEB3186	Salmonella enterica subsp. enterica serovar Enteritidis	MB20421	PACBIO_SMRT	PacBio RS	681467347.0	163482.0	WGS	GENOMIC	SINGLE	PacBio RS sequencing
SRR4176910	SRX2141507	SRS1673295	SRP086886	PRJNA303784	Pseudomonas brenneri	DSM 15294	PACBIO_SMRT	PacBio RS	762328943.0	287509.0	WGS	GENOMIC	SINGLE	Pseudomonas brenneri BS2771
SRR15540412	SRX11838516	SRS9849699	SRP333488	PRJNA336330	Escherichia coli O157	180-PT54	PACBIO_SMRT	PacBio RS II	1249458647.0	163482.0	WGS	GENOMIC	SINGLE	Genome sequencing of E. coli O157:H7 from Scotland PacBio reads
SRR12298904	SRX8801991	SRS6792638	SRP266402	PRJNA605147	Escherichia coli	RHB22-C09	OXFORD_NANOPORE	GridION	606210072.0	90205.0	WGS	GENOMIC	SINGLE	OXFORD_NANOPORE sequencing of Escherichia coli isolate RH07|T2-C09 cultured from Cattle faeces sample
ERR10676320	ERX10144084	ERS14333419	ERP143248	PRJEB58185	Campylobacter coli		OXFORD_NANOPORE	MinION	179382756.0	297978.0	WGS	GENOMIC	PAIRED	MinION paired end sequencing
SRR23384621	SRX19323040	SRS16721125	SRP421698	PRJNA924056	Serratia nevei	CPO163	OXFORD_NANOPORE	MinION	40960678.0	6490.0	WGS	GENOMIC	SINGLE	WGS of bacterial isolate possessing blaIMP-4 carbapenemase
SRR31599207	SRX26963877	SRS23433588	SRP549287	PRJNA1185485	Escherichia coli	219	OXFORD_NANOPORE	PromethION	900371840.0	151484.0	WGS	GENOMIC	SINGLE	Kleb-3R-barcode44
ERR10791292	ERX10240602	ERS2651970	ERP104475	PRJEB22771	Streptococcus pneumoniae		PACBIO_SMRT	Sequel II	2648783410.0	399876.0	WGS	GENOMIC	SINGLE	Sequel II sequencing
SRR27887955	SRX23549708	SRS19902421	SRP478651	PRJNA1053631	Lamprobacter modestohalophilus	ShNLb02	OXFORD_NANOPORE	MinION	7178768.0	3768.0	WGS	GENOMIC	SINGLE	The genome sequence of the moderately halophilic Lamprobacter modestohalophilus ShNLb02_OxfordNanoporeLongReads
SRR31598726	SRX26963760	SRS23433470	SRP549287	PRJNA1185485	Escherichia coli	638	OXFORD_NANOPORE	PromethION	341533454.0	272262.0	WGS	GENOMIC	SINGLE	RMB-NoR-barcode46
ERR15284497	ERX14690331	ERS710892	ERP176771	PRJEB93892	Klebsiella pneumoniae	INF070	OXFORD_NANOPORE	MinION	878129833.0	160333.0	WGS	GENOMIC	SINGLE	MinION sequencing
SRR25068152	SRX20822249	SRS18101099	SRP072679	PRJNA316969	Varibaculum cambriense	UMB0796	OXFORD_NANOPORE	MinION	1136890044.0	270983.0	WGS	GENOMIC	SINGLE	UMB0796
SRR27860891	SRX23523545	SRS20373836	SRP487941	PRJNA1073000	Pseudolactococcus laudensis	T2D6	OXFORD_NANOPORE	PromethION	1064286549.0	174267.0	WGS	GENOMIC	SINGLE	WGS of Lactococcus laudensis strain T2D6: Tistrup starter culture
SRR5181867	SRX2497976	SRS1924829	SRP096895	PRJNA353873	Mycobacterium tuberculosis		PACBIO_SMRT	PacBio RS	642464793.0	163482.0	WGS	GENOMIC	SINGLE	DNA of Mtb
SRR24062744	SRX19864131	SRS17220153	SRP430807	PRJNA952137	Staphylococcus aureus	SW-MSSA65	OXFORD_NANOPORE	MinION	293419198.0	70187.0	WGS	GENOMIC	SINGLE	Long read Illumina sequencing of Staphylococcus aureus SW-MSSA65
SRR29316712	SRX24833431	SRS21545262	SRP512379	PRJNA1121190	Vibrio cholerae	114Vc05	OXFORD_NANOPORE	PromethION	246677626.0	122615.0	WGS	GENOMIC	SINGLE	WGS of Vcholerae isolates
SRR12811521	SRX9280200	SRS7508094	SRP287122	PRJNA667445	Klebsiella pneumoniae	S35_CRE36	PACBIO_SMRT	Sequel	963870742.0	1137358.0	WGS	GENOMIC	SINGLE	Genome sequencing of carbapenem-resistant Enterobacteriaceae
SRR28268536	SRX23878534	SRS20696207	SRP494085	PRJNA742260	Rhodospirillum rubrum	DSM 467	OXFORD_NANOPORE	MinION	982040719.0	104955.0	WGS	GENOMIC	SINGLE	genome sequencing of Rhodospirillum rubrum DSM 467 WT
ERR15677726	ERX15082117	ERS26963439	ERP171481	PRJEB88388	Achromobacter sp. R-90029	R-90029	OXFORD_NANOPORE	MinION	673252209.0	138487.0	WGS	GENOMIC	SINGLE	Raw reads: Achromobacter sp. R-90029
SRR8749636	SRX5540613	SRS4506273	SRP051949	PRJNA271899	Klebsiella pneumoniae	OC-CRE-9106	OXFORD_NANOPORE	GridION	4334577.0	4762.0	WGS	GENOMIC	SINGLE	Sequencing of Carbapenem resistant bacteria
ERR1046598	ERX1126889	ERS799790	ERP005928	PRJEB6403	Escherichia coli	NCTC9035	PACBIO_SMRT	PacBio RS	1570092641.0	163482.0	WGS	GENOMIC	SINGLE	PacBio RS sequencing
SRR30342820	SRX25801329	SRS22432805	SRP528120	PRJNA1150149	Staphylococcus aureus	ST105	OXFORD_NANOPORE	MinION	259579970.0	34636.0	WGS	GENOMIC	SINGLE	ONT long-read sequencing of potential healthcare transmission pathogens
DRR512851	DRX496737	DRS532332	DRP010765	PRJDB16900	Pectobacterium carotovorum		OXFORD_NANOPORE	MinION	36501542.0	4217.0	WGS	GENOMIC	SINGLE	MinION sequencing of SAMD00653947
SRR16249312	SRX12529061	SRS10489311	SRP040661	PRJNA231221	Clostridium sporogenes	FDAARGOS_1532	PACBIO_SMRT	Sequel	1428101389.0	170036.0	WGS	GENOMIC	SINGLE	
SRR25466935	SRX21199989	SRS18458352	SRP452337	PRJNA1000618	Escherichia coli	Escherichia coli BL21(DE3)	OXFORD_NANOPORE	MinION	6447470.0	4000.0	WGS	GENOMIC	SINGLE	CASTVK transposition with different condition
SRR18515290	SRX14646470	SRS12006370	SRP357534	PRJNA801415	Klebsiella pneumoniae	14	OXFORD_NANOPORE	GridION	559030492.0	61079.0	WGS	GENOMIC	SINGLE	Whole Genome Sequencing of Carbapenemase-producing Enterobacterales (CPE)
SRR12298358	SRX8801709	SRS6792213	SRP266402	PRJNA605147	Escherichia coli	RHB06-C02	PACBIO_SMRT	PacBio RS II	1367717537.0	162999.0	WGS	GENOMIC	SINGLE	PACBIO_SMRT sequencing of Escherichia coli isolate RH14|T1-C02 cultured from Sheep faeces sample
DRR515422	DRX499308	DRS344792	DRP010868	PRJDB17115	Clostridium tetani	KHSU-154301-001	OXFORD_NANOPORE	MinION	474998100.0	182647.0	WGS	GENOMIC	SINGLE	MinION sequencing of SAMD00659840
SRR34699577	SRX29834843	SRS25898675	SRP602616	PRJNA1294593	Salmonella enterica subsp. enterica serovar Typhimurium var. monophasic		OXFORD_NANOPORE	MinION	1443263265.0	181368.0	WGS	GENOMIC	SINGLE	WGS of Salmonella enterica subsp. enterica isolate 22-SA00468-0 using ONT technology
SRR19820537	SRX15864384	SRS13525950	SRP361569	PRJNA768416	Bacillus sp. FSL K6-2747	FSL K6-2747	OXFORD_NANOPORE	MinION	735004804.0	163398.0	WGS	GENOMIC	SINGLE	WGS of Bacilli
SRR4167811	SRX2138762	SRS1670911	SRP086323	PRJNA303560	Marinobacter sp.	LV10R510-8	PACBIO_SMRT	PacBio RS	571059686.0	98626.0	WGS	GENOMIC	SINGLE	Marinobacter sp.  LV10R510-8
SRR22890854	SRX18848644	SRS16280013	SRP414793	PRJNA871981	plant metagenome		PACBIO_SMRT	Sequel	46040378.0	31104.0	WGS	GENOMIC	SINGLE	Microbial diversity of alfalfa
SRR36887364	SRX31859106	SRS27815537	SRP664505	PRJNA1403030	Bacillus cereus	YM20-7	OXFORD_NANOPORE	MinION	5601328.0	2042.0	WGS	GENOMIC	SINGLE	genome-seq-B-s
SRR4180973	SRX2142269	SRS1673940	SRP086947	PRJNA303715	Friedmanniella luteola	DSM 21741	PACBIO_SMRT	PacBio RS	709028955.0	158982.0	WGS	GENOMIC	SINGLE	Friedmanniella luteola DSM 21741
SRR4061935	SRX2050988	SRS1643395	SRP082752	PRJNA247907	Luteibacter mycovicinus	9143	PACBIO_SMRT	PacBio RS	297823973.0	74501.0	WGS	GENOMIC	SINGLE	Luteibacter sp. 9143
SRR30200316	SRX25663424	SRS22305965	SRP525610	PRJNA1111872	Escherichia coli	FDN-50	PACBIO_SMRT	Sequel IIe	6008725.0	703.0	WGS	GENOMIC	SINGLE	Pacbio sequencing of E coli plasmid  pFDN50-2 from layer chicken
ERR10087057	ERX9627153	ERS6426005	ERP109413	PRJEB27342	Klebsiella pneumoniae		PACBIO_SMRT	Sequel II	8189822850.0	1289331.0	WGS	GENOMIC	SINGLE	Sequel II sequencing
SRR23347548	SRX19289485	SRS16690584	SRP421131	PRJNA931653	Escherichia coli K-12	K-12	OXFORD_NANOPORE	GridION	24670095.0	4000.0	WGS	GENOMIC	SINGLE	Nanopore sequencing of Ciprofloxacin challenged E. coli
SRR12298725	SRX8801852	SRS6792176	SRP266402	PRJNA605147	Klebsiella pneumoniae	RHBSTW-00515	OXFORD_NANOPORE	GridION	1637057935.0	279186.0	WGS	GENOMIC	SINGLE	OXFORD_NANOPORE sequencing of Klebsiella pneumoniae isolate WTP1|T2-00515 cultured from WTP influent sample
ERR8007740	ERX7573409	ERS9899273	ERP131998	PRJEB47698	Acinetobacter nosocomialis		OXFORD_NANOPORE	MinION	476665502.0	78053.0	WGS	GENOMIC	SINGLE	MinION sequencing
SRR1917321	SRX957957	SRS875279	SRP056258	PRJNA251422	Halomonas sp. KO116	KO116	PACBIO_SMRT	PacBio RS	1749718547.0	163482.0	WGS	GENOMIC	SINGLE	PacBio RS-II Sequencing for Halomonas sp. KO116
DRR393767	DRX379586	DRS297102	DRP007849	PRJDB10842	Klebsiella pneumoniae subsp. ozaenae	JBCIACA-19-0354	OXFORD_NANOPORE	GridION	683157206.0	148601.0	WGS	GENOMIC	SINGLE	GridION sequencing of SAMD00500828
SRR36095962	SRX31141492	SRS27128456	SRP291668	PRJNA675431	Klebsiella pneumoniae		OXFORD_NANOPORE	PromethION	565770800.0	121576.0	WGS	GENOMIC	SINGLE	WGS of Klebsiella pneumoniae
ERR10472512	ERX9992857	ERS6795237	ERP109413	PRJEB27342	Klebsiella pneumoniae		PACBIO_SMRT	Sequel II	9616415266.0	1917124.0	WGS	GENOMIC	SINGLE	Sequel II sequencing
