srr_accession	srx_accession	srs_accession	srp_accession	bioproject	organism	strain	platform	instrument	total_bases	total_spots	library_strategy	library_source	library_layout	title
SRR10083119	SRX6816117	SRS5359869	SRP220854	PRJNA562597	Streptococcus pneumoniae	ST556	PACBIO_SMRT	PacBio RS II	4354975569.0	163482.0	WGS	GENOMIC	SINGLE	SMRT-seq of Streptococcus pneumoniae ST556: wildtype
SRR34531124	SRX29674536	SRS25787640	SRP600654	PRJNA1289023	Klebsiella oxytoca	OK-1	OXFORD_NANOPORE	MinION	1190889445.0	164639.0	WGS	GENOMIC	SINGLE	WGS of enterobacterial clinical strains carrying IncQ2::blaGES plasmid
SRR32410569	SRX27740987	SRS24128782	SRP565160	PRJNA1225906	Neisseria meningitidis		OXFORD_NANOPORE	GridION	750603930.0	172147.0	WGS	GENOMIC	SINGLE	WGS of Neisseria meningitids isolate
SRR15989370	SRX12278169	SRS9998843	SRP357537	PRJNA801416	Proteus mirabilis	-	OXFORD_NANOPORE	GridION	1322227483.0	244222.0	WGS	GENOMIC	SINGLE	Whole Genome Sequencing of Carbapenemase-producing Enterobacterales (CPE)
ERR10497989	ERX10015278	ERS14254594	ERP142629	PRJEB57633	Escherichia coli		OXFORD_NANOPORE	GridION	89214072.0	10833.0	WGS	GENOMIC	SINGLE	Raw reads: ONT_30348_1#206
SRR31779817	SRX27141249	SRS23512786	SRP540652	PRJNA1173757	Candidatus Pelagibacter bacterium nBUS_14	nBUS_14	OXFORD_NANOPORE	MinION	221581025.0	49386.0	WGS	GENOMIC	SINGLE	ONT whole genome sequencing of Vibrio sp. nBUS_14
SRR30949836	SRX26352252	SRS22817241	SRP536567	PRJNA1165464	Escherichia coli	Not applicable	OXFORD_NANOPORE	MinION	221462460.0	76000.0	WGS	GENOMIC	SINGLE	Nanopore sequencing of E.coli: blood isolate
SRR30949413	SRX26352071	SRS22817189	SRP536567	PRJNA1165464	Escherichia coli	Not applicable	OXFORD_NANOPORE	MinION	273793093.0	74034.0	WGS	GENOMIC	SINGLE	Nanopore sequencing of E.coli: blood isolate
SRR18117860	SRX14268374	SRS12087405	SRP361201	PRJNA809755	Klebsiella pneumoniae	not collected	OXFORD_NANOPORE	GridION	705514728.0	127513.0	WGS	GENOMIC	SINGLE	K.pneumoniae CFN_9444
DRR674109	DRX654211	DRS464509	DRP012940	PRJDB19399	Paenibacillus xylanilyticus		PACBIO_SMRT	Sequel	7107468.0	7.0	WGS	GENOMIC	SINGLE	Sequel sinlge-end Sequencing of KAS22027143 (KAE22288320)
ERR14150518	ERX13553147	ERS13618230	ERP141886	PRJEB56918	Enterococcus faecium		OXFORD_NANOPORE	GridION	2341049777.0	226993.0	WGS	GENOMIC	SINGLE	Raw reads: 1002773
SRR29908478	SRX25403716	SRS20990078	SRP487017	PRJNA1071282	Bordetella pertussis	SHBP1016	OXFORD_NANOPORE	MinION	723843442.0	101004.0	WGS	GENOMIC	SINGLE	SHBP1016
SRR30293619	SRX25754242	SRS20715778	SRP447847	PRJNA991976	Xanthomonas hortorum pv. pelargonii	WHRI 5641	OXFORD_NANOPORE	PromethION	875496848.0	154434.0	WGS	GENOMIC	SINGLE	ONT genome sequencing of WHRI 5641
SRR33053979	SRX28318939	SRS24657689	SRP577606	PRJNA1248674	Escherichia coli	AN2-017	OXFORD_NANOPORE	GridION	1433184174.0	312753.0	WGS	GENOMIC	SINGLE	WGS of Escherichia coli
ERR10176080	ERX9712553	ERS13444800	ERP132884	PRJEB48506	Salmonella enterica subsp. enterica serovar Paratyphi A		OXFORD_NANOPORE	MinION	602260641.0	280070.0	WGS	GENOMIC	SINGLE	MinION sequencing; Raw reads: SEAP7506866_MinION
SRR28740755	SRX24306612	SRS21069386	SRP502714	PRJNA1090129	Staphylococcus aureus	sa220209_barcode74	OXFORD_NANOPORE	MinION	216447341.0	282566.0	WGS	GENOMIC	SINGLE	Staphylococcus aureus strain sa220209_barcode74
SRR27972476	SRX23625977	SRS20465432	SRP489819	PRJNA1076692	Klebsiella pneumoniae	RIVM_C055333_rerio	OXFORD_NANOPORE	MinION	191801418.0	65372.0	WGS	GENOMIC	SINGLE	RIVM_C055333_rerio
SRR10505828	SRX7194768	SRS5700609	SRP230878	PRJNA347122	Sphaerisporangium rubeum	DSM 44936	PACBIO_SMRT	Sequel	4191111619.0	1184959.0	WGS	GENOMIC	SINGLE	Sphaerisporangium rubeum DSM 44936
ERR10769127	ERX10220021	ERS2785338	ERP104475	PRJEB22771	Streptococcus pneumoniae		PACBIO_SMRT	Sequel II	2991840574.0	437524.0	WGS	GENOMIC	SINGLE	Sequel II sequencing
SRR23347610	SRX19289423	SRS16690584	SRP421131	PRJNA931653	Escherichia coli K-12	K-12	OXFORD_NANOPORE	GridION	22922196.0	4000.0	WGS	GENOMIC	SINGLE	Nanopore sequencing of Ciprofloxacin challenged E. coli
ERR4467149	ERX4406022	ERS4952641	ERP123454	PRJEB39885	Escherichia coli	35PM1	OXFORD_NANOPORE	MinION	31254898.0	4363.0	WGS	GENOMIC	SINGLE	MinION sequencing
DRR240453	DRX230324	DRS148363	DRP006394	PRJDB10003	Francisella tularensis	missing	PACBIO_SMRT	PacBio RS II	1571948326.0	146219.0	WGS	GENOMIC	SINGLE	PacBio RS II sequencing of SAMD00232883
ERR13600306	ERX12971329	SRS12438156	SRP366725	PRJNA660354	Klebsiella pneumoniae	2016-563	OXFORD_NANOPORE	GridION	584383841.0	35194.0	WGS	GENOMIC	SINGLE	GridION sequencing
SRR4061924	SRX2050979	SRS1643393	SRP082750	PRJNA247909	Luteibacter sp. 9133	9133	PACBIO_SMRT	PacBio RS	258373337.0	73942.0	WGS	GENOMIC	SINGLE	Luteibacter sp. 9133
SRR33300179	SRX28545149	SRS24844302	SRP581013	PRJNA1255117	Staphylococcus aureus	Staphylococcus	OXFORD_NANOPORE	GridION	320325642.0	118408.0	WGS	GENOMIC	SINGLE	WGS of S. aureus sample 11
SRR30949596	SRX26352190	SRS22817449	SRP536567	PRJNA1165464	Escherichia coli	Not applicable	OXFORD_NANOPORE	MinION	252414033.0	43608.0	WGS	GENOMIC	SINGLE	Nanopore sequencing of E.coli: blood isolate
SRR12059098	SRX8587283	SRS6878768	SRP268113	PRJNA631339	Serratia marcescens	FY	PACBIO_SMRT	Sequel II	1451931920.0	151653.0	WGS	GENOMIC	SINGLE	Complete Genome Sequence of Serratia marcescens FY, Isolated from Drosophila melanogaster
SRR33769289	SRX28991480	SRS22455745	SRP444583	PRJNA962904	Escherichia coli		PACBIO_SMRT	Sequel II	687404205.0	37381.0	WGS	GENOMIC	SINGLE	PacBio sequencing of AH0373HE2 for ARCH 2
SRR766786	SRX229079	SRS411285	SRP022782	PRJNA82535	Enterococcus saccharolyticus subsp. saccharolyticus ATCC 43076	ATCC 43076	PACBIO_SMRT	PacBio RS	98945965.0	81741.0	WGS	GENOMIC	SINGLE	Pacbio whole genome shotgun sequencing of genomic DNA library 'LR_142_Esaccharolyticus' containing sample 'ATCC43076' from individual 'Enterococcus_saccharolyticus_ATCC43076'
SRR13449057	SRX9862313	SRS8042175	SRP295672	PRJNA681856	Salmonella enterica subsp. salamae	LHICA_SA3	OXFORD_NANOPORE	MinION	29625711.0	4000.0	WGS	GENOMIC	SINGLE	WGS of Salmonella Lhica SA3_85
SRR15140954	SRX11448531	SRS9488523	SRP295672	PRJNA681856	Salmonella enterica subsp. arizonae	LHICA_AZ23	OXFORD_NANOPORE	MinION	17395225.0	2701.0	WGS	GENOMIC	SINGLE	Salmonella AZ23
SRR900440	SRX305550	SRS444697	SRP026022	PRJNA191787	Mycobacteroides abscessus 1948	1948	PACBIO_SMRT	PacBio RS	378402759.0	81741.0	WGS	GENOMIC	SINGLE	
SRR26465564	SRX22169394	SRS19227289	SRP467862	PRJNA1000275	Enterococcus faecium	2016S09-053	OXFORD_NANOPORE	MinION	565712653.0	98553.0	WGS	GENOMIC	SINGLE	VP15
ERR11528729	ERX10933959	ERS14832519	ERP145920	PRJEB60854	Escherichia coli		OXFORD_NANOPORE	MinION	10196493.0	3376.0	WGS	GENOMIC	SINGLE	MinION sequencing
SRR4272621	SRX2179445	SRS1704501	SRP040661	PRJNA231221	Vibrio cholerae	FDAARGOS_223	PACBIO_SMRT	PacBio RS	2095852627.0	163482.0	WGS	GENOMIC	SINGLE	
ERR4184084	ERX4147375	ERS4573818	ERP121716	PRJEB38304	Agrobacterium tumefaciens		OXFORD_NANOPORE	GridION	103547686.0	10731.0	WGS	GENOMIC	SINGLE	GridION sequencing; Raw reads: EHA105_DNA_nanopore
SRR13957686	SRX10335991	SRS8455535	SRP300861	PRJNA663900	Enterococcus sp. AZ144	AZ144	OXFORD_NANOPORE	GridION	1331423610.0	731724.0	WGS	GENOMIC	SINGLE	sequencing of enterococcal diversity
SRR3756814	SRX1905903	SRS1546711	SRP078100	PRJNA223149	Butyrivibrio sp. FCS014	FCS014	PACBIO_SMRT	PacBio RS	209637988.0	105034.0	WGS	GENOMIC	SINGLE	Butyrivibrio sp. FCS014
SRR27972918	SRX23626247	SRS20465546	SRP489819	PRJNA1076692	Staphylococcus aureus	RIVM_M096988_dorado	OXFORD_NANOPORE	MinION	328190245.0	106639.0	WGS	GENOMIC	SINGLE	RIVM_M096988_dorado
SRR4770129	SRX2178940	SRS1770350	SRP090172	PRJNA342529	Chromobacterium sphagni	IIBBL 14B-1	PACBIO_SMRT	PacBio RS II	176076227.0	163482.0	WGS	GENOMIC	SINGLE	Pacbio genome of Cvac21-1
ERR10163782	ERX9700367	ERS13423683	ERP140710	PRJEB55790	Apilactobacillus kunkeei	H4B1-11J	PACBIO_SMRT	Sequel	1642281458.0	263284.0	WGS	GENOMIC	SINGLE	Sequel sequencing; Raw reads: H4B1-11J
ERR10498883	ERX10016172	ERS14255966	ERP142629	PRJEB57633	Escherichia coli		OXFORD_NANOPORE	GridION	96519104.0	9151.0	WGS	GENOMIC	SINGLE	Raw reads: ONT_30602_2#290
SRR36200518	SRX31237087	SRS27216416	SRP649104	PRJNA1367967	Klebsiella pneumoniae	BS27782I1	OXFORD_NANOPORE	PromethION	6632551142.0	1948021.0	WGS	GENOMIC	SINGLE	WGS of clinical Klebsiella pneumoniae from a referral hospital in Bansang, Gambia
ERR10769197	ERX10220091	ERS2784898	ERP104475	PRJEB22771	Streptococcus pneumoniae		PACBIO_SMRT	Sequel II	2678383115.0	373945.0	WGS	GENOMIC	SINGLE	Sequel II sequencing
SRR12298529	SRX8801538	SRS6792380	SRP266402	PRJNA605147	Escherichia coli	RHB05-C02	PACBIO_SMRT	PacBio RS II	892528885.0	115077.0	WGS	GENOMIC	SINGLE	PACBIO_SMRT sequencing of Escherichia coli isolate RH12|T1-C02 cultured from Sheep faeces sample
SRR387027	SRX109926	SRS281278	SRP001087	PRJNA40075	Escherichia coli str. K-12 substr. MG1655	K-12	PACBIO_SMRT	PacBio RS	74074925.0	81741.0	WGS	GENOMIC	SINGLE	Whole Genome Sequencing and Assembly
SRR15988995	SRX12277872	SRS9998812	SRP357537	PRJNA801416	Enterobacter asburiae	E222	OXFORD_NANOPORE	GridION	2892917.0	240.0	WGS	GENOMIC	SINGLE	Whole Genome Sequencing of Carbapenemase-producing Enterobacterales (CPE)
ERR15289546	ERX14695380	ERS25258636	ERP160926	PRJEB76400	Weissella paramesenteroides		OXFORD_NANOPORE	MinION	448534055.0	155067.0	WGS	GENOMIC	SINGLE	MinION sequencing
ERR3685822	ERX3675426	ERS4047623	ERP114207	PRJEB31632	bacterium		OXFORD_NANOPORE	GridION	160497843.0	15833.0	WGS	GENOMIC	SINGLE	GridION sequencing
ERR5859543	ERX5505420	ERS6344434	ERP126398	PRJEB42527	Cutibacterium acnes		OXFORD_NANOPORE	MinION	29873.0	18.0	WGS	GENOMIC	SINGLE	MinION sequencing
SRR9722620	SRX6480148	SRS5130254	SRP215816	PRJNA470993	Staphylococcus aureus	ER04320.3	PACBIO_SMRT	PacBio RS II	1149468238.0	171104.0	WGS	GENOMIC	SINGLE	WGS of Staphylococcus aureus
SRR10337244	SRX7047322	SRS312230	SRP226743	PRJNA541970	Salmonella enterica subsp. enterica serovar Bareilly str. CFSAN000669	CFSAN000669	OXFORD_NANOPORE	GridION	1016746339.0	67190.0	WGS	GENOMIC	SINGLE	Closed genomes of twenty-eight foodborne pathogens from the CFSAN validation set by a combination of long and short-reads
SRR30694575	SRX26112096	SRS22621930	SRP503470	PRJNA833906	Mycobacterium tuberculosis	L2.2.M4.1	OXFORD_NANOPORE	MinION	635463938.0	368038.0	WGS	GENOMIC	SINGLE	WGS of Mycobacterium tuberculosis: clinical isolate
ERR4592247	ERX4525909	ERS5046547	ERP123886	PRJEB40268	Escherichia coli		OXFORD_NANOPORE	MinION	1753523606.0	331312.0	WGS	GENOMIC	SINGLE	MinION sequencing
SRR29769130	SRX25269243	SRS21954095	SRP519182	PRJNA1129510	Candidatus Ponderosibacter sp. Uisw_141_02	uisw_141_02	OXFORD_NANOPORE	MinION	81187788.0	23216.0	WGS	GENOMIC	SINGLE	ONT whole genome sequencing of Alphaproteobacteria sp. Uisw_141_02
SRR5742678	SRX2947590	SRS1613976	SRP068737	PRJNA292902	Klebsiella pneumoniae	AR_0120	PACBIO_SMRT	PacBio RS II	1448195964.0	163482.0	WGS	GENOMIC	SINGLE	PacBio SMRT Sequencing of Klebsiella pneumoniae FDA-CDC-AR_0120 Genomic Library
SRR18191540	SRX14338210	SRS12152219	SRP362168	PRJNA808207	Escherichia coli	1890-4	OXFORD_NANOPORE	MinION	1052830995.0	152603.0	WGS	GENOMIC	SINGLE	MinION whole genome sequencing of STEC from ruminants
SRR27336662	SRX23013502	SRS19865073	SRP478122	PRJNA1044843	Escherichia coli	ExPEC_A456	OXFORD_NANOPORE	MinION	817677940.0	29755.0	WGS	GENOMIC	SINGLE	High-quality long-reads of the genome from swine-derived extraintestinal pathogenic Escherichia coli
SRR34967271	SRX30086294	SRS26152613	SRP608514	PRJNA1305037	Klebsiella pneumoniae	MI_KPC_220	OXFORD_NANOPORE	PromethION	304803306.0	71221.0	WGS	GENOMIC	SINGLE	KPC CRE collection from state of Michigan
SRR19816814	SRX15860518	SRS12115324	SRP361569	PRJNA768416	Paenibacillus sp. FSL R7-0333	FSL R7-0333	OXFORD_NANOPORE	MinION	561099519.0	160768.0	WGS	GENOMIC	SINGLE	WGS of Bacilli
ERR863051	ERX942701	ERS625278	ERP008928	PRJEB7928	Shigella dysenteriae	CDC 87-8330	PACBIO_SMRT	PacBio RS	922110666.0	163482.0	WGS	GENOMIC	SINGLE	PacBio RS sequencing
ERR10498431	ERX10015720	ERS14255357	ERP142629	PRJEB57633	Escherichia coli		OXFORD_NANOPORE	GridION	51993612.0	6827.0	WGS	GENOMIC	SINGLE	Raw reads: ONT_30345_1#4
SRR7692508	SRX4551915	SRS3669010	SRP157923	PRJNA282520	Haemophilus influenzae	P657-8759	PACBIO_SMRT	PacBio RS II	342740828.0	65650.0	WGS	GENOMIC	SINGLE	WGS of Haemophilus influenzae: COPD sputum isolate
SRR33768637	SRX28990840	SRS22396868	SRP444583	PRJNA962904	Escherichia coli		PACBIO_SMRT	Sequel II	267271723.0	12382.0	WGS	GENOMIC	SINGLE	PacBio sequencing of A161001HE3 for ARCH 2
SRR32972715	SRX28245841	SRS24593503	SRP576427	PRJNA1190511	Yersinia pestis	CMCC640047	PACBIO_SMRT	PacBio RS II	1333214979.0	150916.0	WGS	GENOMIC	SINGLE	WGS of Yersinia pestis: cultured strain CMCC640047
SRR31647022	SRX27010219	SRS23474568	SRP550213	PRJNA1193534	Staphylococcus aureus	p27253	OXFORD_NANOPORE	GridION	8316024.0	3859.0	WGS	GENOMIC	SINGLE	Genomic Analysis of Plasmids in Animal-Associated Staphylococcus aureus
SRR26175281	SRX21887268	SRS18978314	SRP463145	PRJNA1021031	Ligilactobacillus salivarius	CNCMI-4866	PACBIO_SMRT	Sequel II	15570236.0	3392.0	WGS	GENOMIC	SINGLE	Genome of Ligilactobacillus salivarius
SRR30949773	SRX26352315	SRS22817018	SRP536567	PRJNA1165464	Escherichia coli	Not applicable	OXFORD_NANOPORE	MinION	555695645.0	72529.0	WGS	GENOMIC	SINGLE	Nanopore sequencing of E.coli: blood isolate
SRR29316764	SRX24833379	SRS21545210	SRP512379	PRJNA1121190	Vibrio cholerae	107Vc10	OXFORD_NANOPORE	PromethION	391233022.0	105183.0	WGS	GENOMIC	SINGLE	WGS of Vcholerae isolates
SRR18700740	SRX14801707	SRS12559702	SRP369025	PRJNA695771	Cellulosimicrobium cellulans	DSM 20106	PACBIO_SMRT	Sequel II	5156677524.0	817016.0	WGS	GENOMIC	SINGLE	Cellulomonas cartae DSM 20106
ERR10498050	ERX10015339	ERS14254648	ERP142629	PRJEB57633	Escherichia coli		OXFORD_NANOPORE	GridION	70093968.0	9040.0	WGS	GENOMIC	SINGLE	Raw reads: ONT_30348_1#341
SRR10211255	SRX6930989	SRS5461284	SRP191068	PRJNA528511	Escherichia coli	GTEN_332	OXFORD_NANOPORE	GridION	2011671235.0	890533.0	WGS	GENOMIC	SINGLE	Global TravEpiNet AMR surveillance Genome sequencing and assembly
SRR3723105	SRX1880794	SRS1527572	SRP077318	PRJNA259114	Thioalkalivibrio sp. K90mix	K90mix	PACBIO_SMRT	PacBio RS	412698852.0	183310.0	WGS	GENOMIC	SINGLE	Tv_K90mix_3.6M K (1)
SRR33969889	SRX29168567	SRS25369017	SRP591898	PRJNA1275019	Phascolarctobacterium faecium	BR41A	OXFORD_NANOPORE	MinION	1476384876.0	255906.0	WGS	GENOMIC	SINGLE	Oxford Nanopore sequencing of P. faecium BR41A from human mucosal-luminal interface aspirates
SRR12711931	SRX9190790	SRS7426798	SRP285370	PRJNA647647	Streptomyces mexicanus	Marseille-Q0842	OXFORD_NANOPORE	GridION	13397629.0	4000.0	WGS	GENOMIC	SINGLE	ONT of Streptomyces mexicanus : Marseille
SRR5165458	SRX2482427	SRS1913863	SRP096425	PRJNA257885	Azospirillum lipoferum	R1C	PACBIO_SMRT	PacBio RS	337083055.0	85023.0	WGS	GENOMIC	SINGLE	Azospirillum lipoferum R1C
SRR9709023	SRX6466937	SRS5114807	SRP215273	PRJNA554861	Lysinibacillus fusiformis	1226	PACBIO_SMRT	PacBio RS II	1501981760.0	163482.0	WGS	GENOMIC	SINGLE	SMRT_BfuC
SRR24140363	SRX19938714	SRS17287423	SRP247747	PRJNA604975	Escherichia coli	ox_bsi_461	OXFORD_NANOPORE	GridION	201664237.0	43233.0	WGS	GENOMIC	SINGLE	oxford_bsi
ERR10498759	ERX10016048	ERS14256124	ERP142629	PRJEB57633	Escherichia coli		OXFORD_NANOPORE	GridION	95412273.0	8606.0	WGS	GENOMIC	SINGLE	Raw reads: ONT_30602_1#36
SRR24140399	SRX19938678	SRS17287387	SRP247747	PRJNA604975	Escherichia coli	ox_bsi_331	OXFORD_NANOPORE	GridION	115313944.0	32152.0	WGS	GENOMIC	SINGLE	oxford_bsi
SRR28777785	SRX24342761	SRS20831677	SRP497546	PRJNA1091452	Staphylococcus aureus	SA63-PS	OXFORD_NANOPORE	MinION	597263399.0	102662.0	WGS	GENOMIC	SINGLE	ONT performance study sequencing of S. aureus
SRR24140405	SRX19938672	SRS17287381	SRP247747	PRJNA604975	Escherichia coli	ox_bsi_229	OXFORD_NANOPORE	GridION	113531297.0	80004.0	WGS	GENOMIC	SINGLE	oxford_bsi
ERR9827839	ERX9373823	ERS9505318	ERP137781	PRJEB53023	Enterobacter mori		OXFORD_NANOPORE	MinION	1236717142.0	190384.0	WGS	GENOMIC	SINGLE	MinION sequencing
SRR16954708	SRX13146300	SRS11078735	SRP346308	PRJNA780771	Streptomyces coelicolor A3(2)	M145	PACBIO_SMRT	Sequel	568511829.0	163019.0	WGS	GENOMIC	SINGLE	WGS of S. coelicolor: T25 M3
SRR26327433	SRX22035457	SRS19107823	SRP465264	PRJNA1024516	Enterococcus faecalis		OXFORD_NANOPORE	MinION	939488190.0	52311.0	WGS	GENOMIC	SINGLE	Long-read WGS characterization of commensal Enterococcus isolates from dairy cattle in Northern Spain
SRR35587908	SRX30660552	SRS26534899	SRP620840	PRJNA1329285	Klebsiella pneumoniae	DM3	OXFORD_NANOPORE	MinION	1042466706.0	114195.0	WGS	GENOMIC	SINGLE	Long read sequencing of Klebsiella pneumoniae
ERR13926615	ERX13328490	ERS21410802	ERP165651	PRJEB81860	Escherichia coli		OXFORD_NANOPORE	MinION	308241773.0	53022.0	WGS	GENOMIC	SINGLE	Raw reads: 24EC131_BE003
SRR500642	SRX032452	SRS140101	SRP004712	PRJNA61297	Vibrio cholerae O1 biovar El Tor		PACBIO_SMRT	PacBio RS	172901879.0	60667.0	WGS	GENOMIC	SINGLE	Sequencing for H2 (Haiti, 2010)
SRR32649585	SRX27954018	SRS24319925	SRP569572	PRJNA1234539	Pseudomonas brassicacearum	18b10	PACBIO_SMRT	Sequel II	220401704.0	30999.0	WGS	GENOMIC	SINGLE	Whole genome sequencing of Strain 18b10
DRR374944	DRX360845	DRS379859	DRP011581	PRJDB13357	Rhizobium sp. irio 1a-1	irio 1a-1	OXFORD_NANOPORE	MinION	1236535176.0	166350.0	WGS	GENOMIC	SINGLE	MinION sequencing of SAMD00453074
SRR21415945	SRX17420543	SRS13526152	SRP361569	PRJNA768416	Bacillus sp. FSL W7-1346	FSL W7-1346	OXFORD_NANOPORE	MinION	513130039.0	154555.0	WGS	GENOMIC	SINGLE	WGS of Bacilli
SRR11059922	SRX7705813	SRS6129652	SRP248085	PRJNA485813	Clostridium beijerinckii	DJ145	PACBIO_SMRT	PacBio RS II	565348593.0	112808.0	WGS	GENOMIC	SINGLE	Clostridium beijerinckii DJ145
SRR34443660	SRX29604257	SRS25725664	SRP599596	PRJNA1289084	Escherichia coli	05-19	OXFORD_NANOPORE	GridION	983046704.0	225680.0	WGS	GENOMIC	SINGLE	Ecoli_05-19
SRR11356414	SRX7958259	SRS6344356	SRP252803	PRJNA565789	Priestia megaterium	IN_103	OXFORD_NANOPORE	MinION	6891431144.0	467019.0	WGS	GENOMIC	SINGLE	IN_103
ERR15732386	ERX15137502	ERS27093548	ERP182414	PRJEB100987	Xanthomonas oryzae pv. oryzae	CIX4483	OXFORD_NANOPORE	MinION	167139756.0	22546.0	WGS	GENOMIC	SINGLE	OXFORD_NANOPORE MinION sequencing; CSG_029 WGS GENOMIC
SRR12395140	SRX8893757	SRS7152779	SRP276100	PRJNA650381	Mycobacterium tuberculosis		OXFORD_NANOPORE	MinION	516074116.0	313429.0	WGS	GENOMIC	SINGLE	Nanopore TB WGS
SRR27118174	SRX22806543	SRS19663761	SRP474715	PRJNA1046223	Vibrio cholerae		OXFORD_NANOPORE	PromethION	535249568.0	84775.0	WGS	GENOMIC	SINGLE	HSC09nanopore
SRR27352557	SRX23029211	SRS19991095	SRP480168	PRJNA1057299	Clostridioides difficile	cd221206_barcode81	OXFORD_NANOPORE	MinION	124956129.0	112877.0	WGS	GENOMIC	SINGLE	Clostridioides difficile strain cd221206_barcode81
ERR14686210	ERX14087729	ERS23773349	ERP169826	PRJEB86481	Escherichia coli str. K-12 substr. MG1655	K-12	OXFORD_NANOPORE	MinION	114754007.0	49564.0	WGS	GENOMIC	SINGLE	MinION sequencing
ERR10498081	ERX10015370	ERS14254675	ERP142629	PRJEB57633	Escherichia coli		OXFORD_NANOPORE	GridION	110894389.0	11106.0	WGS	GENOMIC	SINGLE	Raw reads: ONT_30348_1#45
SRR36885987	SRX31857703	SRS27814252	SRP664490	PRJNA1399416	Pseudomonas amygdali pv. morsprunorum	Pam_SL_A7_A_8_3_1	OXFORD_NANOPORE	PromethION	4889225450.0	860719.0	WGS	GENOMIC	SINGLE	Genomic DNA sequencing reads
ERR12488039	ERX11864122	ERS17744588	ERP153002	PRJEB67987	Mycobacterium tuberculosis		OXFORD_NANOPORE	MinION	439944135.0	123736.0	WGS	GENOMIC	SINGLE	MinION sequencing
DRR307127	DRX296561	DRS194089	DRP007467	PRJDB11902	Lachnospiraceae bacterium	CE91-St61	PACBIO_SMRT	Sequel	467793393.0	31218.0	WGS	GENOMIC	SINGLE	Sequel sequencing of SAMD00389873
SRR28063682	SRX23713295	SRS20528684	SRP490965	PRJNA1079198	Salmonella enterica subsp. enterica serovar Derby	11-00264-0	OXFORD_NANOPORE	MinION	126202730.0	25806.0	WGS	GENOMIC	SINGLE	WGS of Salmonella enterica subsp. enterica serovar Derby isolate 11-00264-0 using ONT technology
ERR11196576	ERX10627741	ERS14874788	ERP146222	PRJEB61124	Mycobacteroides abscessus ATCC 19977		OXFORD_NANOPORE	MinION	1375408124.0	1426094.0	WGS	GENOMIC	SINGLE	MinION sequencing
SRR34973208	SRX30092604	SRS26157643	SRP608514	PRJNA1305037	Enterobacter hormaechei	MI_KPC_830	OXFORD_NANOPORE	PromethION	338322787.0	45000.0	WGS	GENOMIC	SINGLE	KPC CRE collection from state of Michigan
SRR12145303	SRX8666152	SRS6946977	SRP269975	PRJNA643901	Shigella sonnei	UKMCC_1015	OXFORD_NANOPORE	MinION	79434309.0	17762.0	WGS	GENOMIC	SINGLE	WGS of Shigella sonnei UKMCC1015: shigellosis
SRR3820482	SRX1922079	SRS1551569	SRP078177	PRJNA239497	Lachnoclostridium phytofermentans	KNHs2131	PACBIO_SMRT	PacBio RS	227599881.0	76865.0	WGS	GENOMIC	SINGLE	Clostridium phytofermentans KNHs2131
SRR386539	SRX109805	SRS212337	SRP007233	PRJNA64879	Fusobacterium animalis F0419	OT 420	PACBIO_SMRT	PacBio RS	119965011.0	81741.0	WGS	GENOMIC	SINGLE	Whole Genome Sequencing and Assembly
SRR33769219	SRX28991550	SRS22396957	SRP444583	PRJNA962904	Escherichia coli		PACBIO_SMRT	Sequel II	258498571.0	16731.0	WGS	GENOMIC	SINGLE	PacBio sequencing of A045002HE1 for ARCH 2
SRR33053941	SRX28318977	SRS24657729	SRP577606	PRJNA1248674	Escherichia coli	ESBLEC162-N	OXFORD_NANOPORE	GridION	363061133.0	56430.0	WGS	GENOMIC	SINGLE	WGS of Escherichia coli
SRR30200675	SRX25663708	SRS22306256	SRP525621	PRJNA1133913	Klebsiella pneumoniae	79_kpn	OXFORD_NANOPORE	GridION	260979983.0	14818.0	WGS	GENOMIC	SINGLE	ONT seq of kpn:bronchoalveolar lavage
SRR31828402	SRX27188799	SRS19679235	SRP475049	PRJNA1046639	Staphylococcus aureus	sa230726barcode42	OXFORD_NANOPORE	MinION	374266225.0	59108.0	WGS	GENOMIC	SINGLE	Staphylococcus aureus strain sa230726_barcode42
SRR20649333	SRX16672448	SRS11203274	SRP071789	PRJNA315192	Shigella flexneri	1538020	OXFORD_NANOPORE	MinION	1826172498.0	211292.0	WGS	GENOMIC	SINGLE	Nanopore sequencing of Shigella species
ERR10499205	ERX10016491	ERS14255656	ERP142629	PRJEB57633	Escherichia coli		OXFORD_NANOPORE	GridION	75540541.0	6006.0	WGS	GENOMIC	SINGLE	Raw reads: ONT_30859_5#323
SRR27145110	SRX22826809	SRS19807591	SRP476597	PRJNA1050168	Klebsiella pneumoniae	not applicable	OXFORD_NANOPORE	GridION	879537178.0	190325.0	WGS	GENOMIC	SINGLE	Nanopore-Seq of Klebsiella pneumonia outbreak samples
SRR386010	SRX109798	SRS001120	SRP000361	PRJNA32935	Enterococcus casseliflavus EC20	899205	PACBIO_SMRT	PacBio RS	19530424.0	81741.0	WGS	GENOMIC	SINGLE	Whole Genome Sequencing and Assembly
ERR987673	ERX1068931	ERS743102	ERP005928	PRJEB6403	Klebsiella pneumoniae	NCTC9143	PACBIO_SMRT	PacBio RS	1867998426.0	163482.0	WGS	GENOMIC	SINGLE	PacBio RS sequencing
ERR15738489	ERX15143611	ERS27094516	ERP182399	PRJEB100972	Mycobacterium tuberculosis	K25CTRC1	OXFORD_NANOPORE	MinION	181474672.0	56841.0	WGS	GENOMIC	SINGLE	Raw reads: K25CTRC1
SRR32584328	SRX27890812	SRS24262139	SRP568071	PRJNA1231784	Mycobacterium	RIF04ugmlmutant36	OXFORD_NANOPORE	GridION	301516451.0	42853.0	WGS	GENOMIC	SINGLE	Genome sequencing of Mycobacterium sp.
SRR36036008	SRX31085105	SRS27072668	SRP644837	PRJNA1364846	Campylobacter coli	GPT20-006	OXFORD_NANOPORE	GridION	42661502.0	10784.0	WGS	GENOMIC	SINGLE	Campylobacter coli, DBT kit, 24-plex and 100 ng DNA, replicate 1
SRR10211262	SRX6930982	SRS5461277	SRP191068	PRJNA528511	Escherichia coli	GTEN_406	OXFORD_NANOPORE	GridION	2245202196.0	689361.0	WGS	GENOMIC	SINGLE	Global TravEpiNet AMR surveillance Genome sequencing and assembly
SRR14307869	SRX10663307	SRS8145450	SRP301498	PRJNA690640	Enterococcus faecium		OXFORD_NANOPORE	MinION	2396542.0	206.0	WGS	GENOMIC	SINGLE	WGS of E. faecium
SRR17050359	SRX13239618	SRS11163968	SRP348139	PRJNA781798	Methylorubrum sp. B1-46	B1-46	OXFORD_NANOPORE	MinION	80854320.0	4605.0	WGS	GENOMIC	SINGLE	Genome Seq of Methylorubrum B1-46  MinIon seq
SRR35742077	SRX30791364	SRS27162737	SRP629216	PRJNA1335599	Flavobacterium sp. TS_SC_5	TS_SC_5	OXFORD_NANOPORE	MinION	1650413145.0	139124.0	WGS	GENOMIC	SINGLE	Whole genome sequencing of Flavobacterium sp. TS_SC_5, isolated from TsoMoriri Lake Sediment
SRR33123808	SRX28387219	SRS24711147	SRP578427	PRJNA1244367	Bacillus cereus ATCC 14579	ATCC 14579	OXFORD_NANOPORE	GridION	435681584.0	71706.0	WGS	GENOMIC	SINGLE	WGS of Bacillus cereus Strain ATCC14620
SRR31316068	SRX26693893	SRS22870098	SRP537696	PRJNA1162269	Bacillus pumilus	X14-67	PACBIO_SMRT	PacBio RS	5658448800.0	630580.0	WGS	GENOMIC	SINGLE	Bacillus pumilus strain:X14-67Genome sequencing
SRR23347495	SRX19289538	SRS16690584	SRP421131	PRJNA931653	Escherichia coli K-12	K-12	OXFORD_NANOPORE	GridION	48926243.0	4000.0	WGS	GENOMIC	SINGLE	Nanopore sequencing of Ciprofloxacin challenged E. coli
SRR901520	SRX306360	SRS445369	SRP026053	PRJNA203564	Mycobacteroides abscessus MAB_030201_1061	MAB_020201_1061	PACBIO_SMRT	PacBio RS	323863142.0	81741.0	WGS	GENOMIC	SINGLE	
SRR11425855	SRX8004237	SRS6378189	SRP254068	PRJNA615288	Salmonella enterica subsp. enterica serovar Enteritidis	SE81	OXFORD_NANOPORE	MinION	155053513.0	20000.0	WGS	GENOMIC	SINGLE	MinION sequencing of Salmonella  Indiana: Human
ERR10474462	ERX9994805	ERS4418140	ERP120876	PRJEB37551	Klebsiella pneumoniae		OXFORD_NANOPORE	MinION	1053453760.0	189461.0	WGS	GENOMIC	SINGLE	MinION sequencing
SRR12343850	SRX8843715	SRS7106683	SRP274107	PRJNA626345	Staphylococcus aureus	NAS_AN_044	OXFORD_NANOPORE	MinION	122290713.0	8531.0	WGS	GENOMIC	SINGLE	WGS Staphylococcus aureus among Native Americans in the  southwest US
SRR35674097	SRX30725569	SRS26742272	SRP561673	PRJNA1219398	Pasteurella multocida	220260	OXFORD_NANOPORE	MinION	511247458.0	63060.0	WGS	GENOMIC	SINGLE	DNA-Seq of Pasteurella multocida 220260
SRR16525483	SRX12728002	SRS10336965	SRP357537	PRJNA801416	Klebsiella pneumoniae	E543	OXFORD_NANOPORE	GridION	719775776.0	79199.0	WGS	GENOMIC	SINGLE	Extensive diversification and dissemination of blaNDM carbapenemase plasmids in Enterobacterales in Singapore 2010-2015
SRR12343995	SRX8843570	SRS7106625	SRP274107	PRJNA626345	Staphylococcus aureus	NAS_AN_233	OXFORD_NANOPORE	MinION	140005282.0	10477.0	WGS	GENOMIC	SINGLE	WGS Staphylococcus aureus among Native Americans in the  southwest US
ERR1229113	ERX1301165	ERS950457	ERP005928	PRJEB6403	Streptococcus dysgalactiae subsp. equisimilis	NCTC9414	PACBIO_SMRT	PacBio RS	3567553909.0	163482.0	WGS	GENOMIC	SINGLE	PacBio RS sequencing
SRR386949	SRX109898	SRS281278	SRP001087	PRJNA40075	Escherichia coli str. K-12 substr. MG1655	K-12	PACBIO_SMRT	PacBio RS	127645296.0	81741.0	WGS	GENOMIC	SINGLE	Whole Genome Sequencing and Assembly
SRR28416669	SRX24021075	SRS20815507	SRP497143	PRJNA1067993	Microaceticoccus formicicus	AMB_02	OXFORD_NANOPORE	MinION	12126.0	5.0	WGS	GENOMIC	SINGLE	Raw Nanopore sequences for barcode 04 AMB_Tp6
SRR2132536	SRX1121935	SRS1014533	SRP061658	PRJNA291146	Bradyrhizobium diazoefficiens	missing	PACBIO_SMRT	PacBio RS II	216901678.0	163482.0	WGS	GENOMIC	SINGLE	bradyrhizobium-bacteroid
SRR30791534	SRX26193038	SRS20469244	SRP513684	PRJNA1122997	Enterobacter cloacae	RIVM_C050142	OXFORD_NANOPORE	GridION	147508590.0	44416.0	WGS	GENOMIC	SINGLE	Ambler class C-type beta-lactamases in Enterobacter spp. in the Netherlands, 2012-2023
SRR30188646	SRX25654229	SRS22297024	SRP458186	PRJNA1012291	Enterococcus	Enterococcus faecium	OXFORD_NANOPORE	MinION	1063150245.0	455027.0	WGS	GENOMIC	SINGLE	Nanopore sequencing data of VRE
SRR22784506	SRX18744372	SRS16179642	SRP413484	PRJNA912639	Escherichia coli	EC_7360_2L3_D	OXFORD_NANOPORE	MinION	119078303.0	16963.0	WGS	GENOMIC	SINGLE	WGS of Escherichia coli
ERR11041058	ERX10488015	ERS14796198	ERP145810	PRJEB60752	Escherichia coli		OXFORD_NANOPORE	MinION	147994812.0	19527.0	WGS	GENOMIC	SINGLE	Raw reads: JPI110_S35_[Oxford_Nanopore]
SRR29820019	SRX25318932	SRS21988541	SRP519730	PRJNA1135485	Salmonella		OXFORD_NANOPORE	MinION	732943212.0	132504.0	WGS	GENOMIC	SINGLE	WGS Salmonella isolates from cattle
SRR516886	SRX148633	SRS281882	SRP013241	PRJNA73829	Vibrio cholerae		PACBIO_SMRT	PacBio RS	110996443.0	60667.0	WGS	GENOMIC	SINGLE	Whole Genome Sequencing of Haitian Vibrio cholerae: Continuous Long Read (CLR) data
SRR16348876	SRX12626452	SRS10581087	SRP341480	PRJNA770808	Borreliella burgdorferi	missing	PACBIO_SMRT	Sequel II	528677815254.0	58552262.0	WGS	GENOMIC	SINGLE	bfB31
SRR10613819	SRX7292980	SRS5786488	SRP235334	PRJNA462557	Clostridium beijerinckii	DJ217	PACBIO_SMRT	PacBio RS II	708115089.0	159518.0	WGS	GENOMIC	SINGLE	Clostridium beijerinckii DJ217
SRR10753538	SRX7428123	SRS4260088	SRP056445	PRJNA278886	Clostridioides difficile		PACBIO_SMRT	Sequel	989705289.0	197906.0	WGS	GENOMIC	SINGLE	Whole genome PacBio Sequel sequence of Clostridium difficile
SRR13182992	SRX9620799	SRS7822819	SRP040661	PRJNA231221	Escherichia coli	FDAARGOS_1264	PACBIO_SMRT	Sequel	2283630536.0	243255.0	WGS	GENOMIC	SINGLE	
SRR5181843	SRX2497952	SRS1924805	SRP096895	PRJNA353873	Mycobacterium tuberculosis		PACBIO_SMRT	PacBio RS	763392895.0	163482.0	WGS	GENOMIC	SINGLE	DNA of Mtb
ERR581108	ERX539195	ERS437412	ERP005355	PRJEB5919	Salmonella enterica subsp. enterica serovar Typhi		PACBIO_SMRT	PacBio RS	791954174.0	163482.0	WGS	GENOMIC	SINGLE	PacBio RS sequencing
SRR24140188	SRX19938889	SRS17287598	SRP247747	PRJNA604975	Escherichia coli	ox_bsi_327	OXFORD_NANOPORE	GridION	317732036.0	96792.0	WGS	GENOMIC	SINGLE	oxford_bsi
SRR8306005	SRX5120507	SRS4105341	SRP172437	PRJNA393867	Wolbachia endosymbiont of Drosophila ananassae	W2.1	OXFORD_NANOPORE	MinION	864510366.0	87410.0	WGS	GENOMIC	SINGLE	Long read sequencing of wAna_W2.1
SRR31599588	SRX26964094	SRS23433804	SRP549287	PRJNA1185485	Escherichia coli	126	OXFORD_NANOPORE	PromethION	240842025.0	61293.0	WGS	GENOMIC	SINGLE	FW-Pig-barcode35
SRR23347528	SRX19289505	SRS16690584	SRP421131	PRJNA931653	Escherichia coli K-12	K-12	OXFORD_NANOPORE	GridION	12887600.0	4000.0	WGS	GENOMIC	SINGLE	Nanopore sequencing of Ciprofloxacin challenged E. coli
SRR23885813	SRX19697676	SRS17066381	SRP427816	PRJNA944970	Kitasatospora sp. GP163	GP163	OXFORD_NANOPORE	MinION	775788606.0	325333.0	WGS	GENOMIC	SINGLE	Genome sequencing of Harvard Forest soil isolates
ERR1223209	ERX1295422	ERS904739	ERP005928	PRJEB6403	Staphylococcus aureus	NCTC8723	PACBIO_SMRT	PacBio RS	3352365236.0	163482.0	WGS	GENOMIC	SINGLE	PacBio RS sequencing
SRR5182099	SRX2498206	SRS1925059	SRP096895	PRJNA353873	Mycobacterium tuberculosis		PACBIO_SMRT	PacBio RS	186409838.0	163482.0	WGS	GENOMIC	SINGLE	DNA of Mtb
SRR33769476	SRX28991886	SRS22396931	SRP444583	PRJNA962904	Klebsiella pneumoniae		PACBIO_SMRT	Sequel II	79256034.0	7371.0	WGS	GENOMIC	SINGLE	PacBio sequencing of AH0026HE2 for ARCH 2
SRR29383722	SRX24897821	SRS21604078	SRP479778	PRJNA1055550	Pseudomonas syringae	Pss	PACBIO_SMRT	Sequel IIe	881170592.0	107605.0	WGS	GENOMIC	SINGLE	SMRT
SRR12473496	SRX8967579	SRS7223459	SRP277987	PRJNA657903	Wenzhouxiangella	AB-CW3	OXFORD_NANOPORE	MinION	238635741.0	20638.0	WGS	GENOMIC	SINGLE	AB-CW3_Nanopore
SRR787479	SRX252689	SRS401434	SRP019218	PRJNA188139	Vibrio cholerae	2011EL-2321	PACBIO_SMRT	PacBio RS	225832184.0	81741.0	WGS	GENOMIC	SINGLE	2011EL-2321
SRR4045262	SRX2036155	SRS1630024	SRP046977	PRJNA259658	Enterobacter hormaechei subsp. steigerwaltii	DSM 16691	PACBIO_SMRT	PacBio RS II	1410728189.0	163482.0	WGS	GENOMIC	SINGLE	Sample of Enterobacter hormaechei subsp. steigerwaltii DSM16691: 6200 SMRT cell m160717_040615_42206_c101008402550000001823232609161645
SRR22860037	SRX18818546	SRS16251810	SRP414408	PRJNA914892	Staphylococcus aureus	C194	OXFORD_NANOPORE	MinION	252511166.0	74640.0	WGS	GENOMIC	SINGLE	Long read ONT WGS of Staphylococcus aureus isolates from Chronic Rhinosinusitis Patients
SRR36100368	SRX31145652	SRS26843070	SRP441867	PRJNA981541	Klebsiella pneumoniae		OXFORD_NANOPORE	MinION	25691474.0	43737.0	WGS	GENOMIC	SINGLE	WGS sequencing of Klebsiella pneumoniae
SRR23392480	SRX19330227	SRS16727168	SRP421832	PRJNA932719	Campylobacter coli		OXFORD_NANOPORE	MinION	270148891.0	20762.0	WGS	GENOMIC	SINGLE	Long-read WGS characterization of commensal Campylobacter jejuni and Campylobacter coli isolates from dairy cattle in Northern Spain
SRR17067426	SRX13255972	SRS11123909	SRP347239	PRJNA782601	Listeria monocytogenes	FSL-N1-334	OXFORD_NANOPORE	GridION	1788181420.0	195240.0	WGS	GENOMIC	SINGLE	WGS of Listeria monocytogenes: fish processing facility
SRR36100369	SRX31145651	SRS26843069	SRP441867	PRJNA981541	Klebsiella pneumoniae		OXFORD_NANOPORE	MinION	3344657.0	876.0	WGS	GENOMIC	SINGLE	WGS sequencing of Klebsiella pneumoniae
SRR32316145	SRX27651578	SRS24057391	SRP560996	PRJNA1218017	Bacteroides thetaiotaomicron	vpi-5482	OXFORD_NANOPORE	MinION	1359348463.0	295999.0	WGS	GENOMIC	SINGLE	WGS of Bacteroides thetatiotaomicron grown on different carbon sources
SRR28208478	SRX23820675	SRS20643067	SRP493058	PRJNA1070810	Mesomycoplasma ovipneumoniae	OCARG_41	OXFORD_NANOPORE	MinION	727500623.0	170807.0	WGS	GENOMIC	SINGLE	WGS of Mycoplasma ovipneumoniae
SRR27958759	SRX23615212	SRS20455854	SRP489545	PRJNA1076228	Streptococcus pyogenes	MGAS37859	OXFORD_NANOPORE	GridION	500001799.0	102852.0	WGS	GENOMIC	SINGLE	Oxford Nanopore Technology WGS of GAS M1 clinical isolates
SRR35281944	SRX30384005	SRS26424123	SRP618029	PRJNA1321121	Streptococcus uberis	1121295	OXFORD_NANOPORE	MinION	964388185.0	216331.0	WGS	GENOMIC	SINGLE	WGS of Streptoccocus uberis islated from cows with mastitis
SRR21808313	SRX17797809	SRS15323270	SRP401024	PRJNA827450	Pseudomonas sp. P7	S11P7	OXFORD_NANOPORE	MinION	2342614019.0	461339.0	WGS	GENOMIC	SINGLE	PGPR from Saffron Rhizosphere
DRR307115	DRX296549	DRS194077	DRP007467	PRJDB11902	[Clostridium] innocuum	CE91-St51	PACBIO_SMRT	Sequel	646308273.0	40207.0	WGS	GENOMIC	SINGLE	Sequel sequencing of SAMD00389861
SRR16525429	SRX12728056	SRS10337067	SRP357537	PRJNA801416	Klebsiella pneumoniae	70	OXFORD_NANOPORE	GridION	1508361656.0	241974.0	WGS	GENOMIC	SINGLE	Extensive diversification and dissemination of blaNDM carbapenemase plasmids in Enterobacterales in Singapore 2010-2015
SRR33323193	SRX28567591	SRS24861698	SRP581476	PRJNA1255637	Pseudomonas aeruginosa	ONT-PA075-FL-R-BC01	OXFORD_NANOPORE	GridION	14175668.0	2266.0	WGS	GENOMIC	SINGLE	ONT-PA075-FL-R-BC01
SRR23033681	SRX18988353	SRS16376976	SRP413032	PRJNA906522	Pseudomonas aeruginosa	Paer57	OXFORD_NANOPORE	MinION	460594893.0	96113.0	WGS	GENOMIC	SINGLE	Long read sequencing of Pseudomonas aeruginosa Paer57
SRR6824090	SRX3780588	SRS3034144	SRP134791	PRJNA402415	Janthinobacterium sp. 35	35	PACBIO_SMRT	PacBio RS II	380059341.0	137860.0	WGS	GENOMIC	SINGLE	Janthinobacterium sp. 35
SRR25584827	SRX21313352	SRS18561220	SRP454266	PRJNA1003869	Snodgrassella alvi	K-FP26	OXFORD_NANOPORE	MinION	3254420449.0	1178953.0	WGS	GENOMIC	SINGLE	WGS of bee gut symbionts
DRR097365	DRX090849	DRS101418	DRP005230	PRJDB5840	Helicobacter pylori	YN4-105	PACBIO_SMRT	PacBio RS II	1059872093.0	163482.0	WGS	GENOMIC	SINGLE	PacBio RS II sequencing of SAMD00084388
SRR5182048	SRX2498156	SRS1925009	SRP096895	PRJNA353873	Mycobacterium tuberculosis		PACBIO_SMRT	PacBio RS	200285739.0	163482.0	WGS	GENOMIC	SINGLE	DNA of Mtb
SRR7012997	SRX3945447	SRS1256869	SRP068737	PRJNA292902	Klebsiella pneumoniae	AR_0142	PACBIO_SMRT	PacBio RS II	1238717251.0	163482.0	WGS	GENOMIC	SINGLE	PacBio SMRT Sequencing of Klebsiella pneumoniae FDA-CDC-AR_0142 Genomic Library
SRR26255256	SRX21965292	SRS2099206	SRP102667	PRJNA292664	Campylobacter jejuni	CVM N56292	OXFORD_NANOPORE	MinION	97570004.0	10738.0	WGS	GENOMIC	SINGLE	Complete Genome of Campylobacter CVM N56292
SRR14757219	SRX11090782	SRS9156155	SRP323170	PRJNA732579	Staphylococcus aureus	L5	PACBIO_SMRT	Sequel	612348878.0	126671.0	WGS	GENOMIC	SINGLE	WGS of Staphylococcus aureus: human skin
ERR5420978	ERX5205542	ERS5845266	ERP126298	PRJEB42440	Klebsiella pneumoniae		OXFORD_NANOPORE	GridION	1044753555.0	176370.0	WGS	GENOMIC	SINGLE	GridION sequencing
SRR24140186	SRX19938891	SRS17287600	SRP247747	PRJNA604975	Escherichia coli	ox_bsi_329	OXFORD_NANOPORE	GridION	185443674.0	63859.0	WGS	GENOMIC	SINGLE	oxford_bsi
ERR9939408	ERX9482807	ERS12345065	ERP138720	PRJEB53905	Haemophilus parainfluenzae	HUB-P02-HP01	OXFORD_NANOPORE	MinION	320764449.0	49597.0	WGS	GENOMIC	SINGLE	MinION sequencing
SRR24546982	SRX20330972	SRS17652968	SRP437577	PRJNA972352	Staphylococcus aureus	19-02247	OXFORD_NANOPORE	MinION	2098287847.0	274765.0	WGS	GENOMIC	SINGLE	Genome sequencing Staphylococcus aureus 19-02247 WT long read
SRR12008671	SRX8541763	SRS3828258	SRP162791	PRJNA493523	Escherichia coli	MS10860	OXFORD_NANOPORE	MinION	900791308.0	100482.0	WGS	GENOMIC	SINGLE	E. coli strain MS10860
SRR6619560	SRX3607273	SRS2874395	SRP131199	PRJNA430813	Aeromonas sp. ASNIH3	ASNIH3	PACBIO_SMRT	PacBio RS II	796426788.0	163482.0	WGS	GENOMIC	SINGLE	PacBio SMRT Sequencing of Aeromonas sp. ASNIH3 Genomic Library
SRR32375288	SRX27708153	SRS21131635	SRP444583	PRJNA962904	Escherichia coli		PACBIO_SMRT	Sequel II	184363070.0	9665.0	WGS	GENOMIC	SINGLE	PacBio sequencing of CS6173E1 for ARCH 1.0
ERR16121721	ERX15511283	ERS28447460	ERP186608	PRJEB105405	Lentilactobacillus parabuchneri		OXFORD_NANOPORE	MinION			WGS	GENOMIC	SINGLE	Raw reads: MCF_B10_Nanopore
ERR2532398	ERX2550819	ERS2419126	ERP005928	PRJEB6403	Salmonella bongori	NCTC10946	PACBIO_SMRT	PacBio RS	81868681.0	163482.0	WGS	GENOMIC	SINGLE	PacBio RS sequencing
SRR37102317	SRX32048538	SRS27985970	SRP674509	PRJNA1395651	Escherichia coli	GPEC102	PACBIO_SMRT	Sequel II	1357716293.0	140532.0	WGS	GENOMIC	SINGLE	WGS of APEC from GA
SRR364942	SRX032454	SRS140103	SRP004712	PRJNA61297	Vibrio cholerae O1 biovar El Tor str. N16961	N16961	PACBIO_SMRT	PacBio RS	31746729.0	60667.0	WGS	GENOMIC	SINGLE	Sequencing for N5 (Bangladesh, 1971)
DRR572401	DRX555868	DRS426364	DRP012251	PRJDB17574	Escherichia coli	YK-IS1MA-L07_Anc	OXFORD_NANOPORE	MinION	5225.0	1.0	WGS	GENOMIC	SINGLE	nanopore-seq of SAMD00748180 L07_Anc
ERR2532122	ERX2550551	ERS2016180	ERP005928	PRJEB6403	Klebsiella planticola	NCTC12998	PACBIO_SMRT	PacBio RS	534947039.0	163482.0	WGS	GENOMIC	SINGLE	PacBio RS sequencing
SRR28249935	SRX23860556	SRS20679571	SRP458718	PRJNA1013328	Escherichia coli	Escherichia coli BL21(DE3)	OXFORD_NANOPORE	PromethION	868613648.0	158711.0	WGS	GENOMIC	SINGLE	Long read WGS sequencing for genomic insertion assay: genomeinsertion-bRNA-2-RTG7.biorep1.techrep2
SRR6976496	SRX3918103	SRS3153164	SRP139250	PRJNA442008	Flavobacterium sp. 123	123	PACBIO_SMRT	PacBio RS II	673417734.0	199476.0	WGS	GENOMIC	SINGLE	Flavobacterium sp. 123
SRR31936302	SRX27293349	SRS23735461	SRP556171	PRJNA1206807	Cyanophyceae cyanobacterium ZR-4	ZR-4	OXFORD_NANOPORE	MinION	2554115499.0	145136.0	WGS	GENOMIC	SINGLE	WGS of Cyanophyceae bacterium ZR-4
ERR10474473	ERX9994816	ERS4418181	ERP120876	PRJEB37551	Escherichia coli		OXFORD_NANOPORE	MinION	496334228.0	145355.0	WGS	GENOMIC	SINGLE	MinION sequencing
ERR3629074	ERX3622872	ERS2787565	ERP110627	PRJEB28425	Hafnia alvei		PACBIO_SMRT	Sequel	1123819078.0	425082.0	WGS	GENOMIC	SINGLE	Sequel sequencing
SRR22784572	SRX18744306	SRS16179608	SRP413484	PRJNA912639	Escherichia coli	EC_E16DI_2_E	OXFORD_NANOPORE	MinION	149181017.0	24936.0	WGS	GENOMIC	SINGLE	WGS of Escherichia coli
SRR387073	SRX109889	SRS281278	SRP001087	PRJNA40075	Escherichia coli str. K-12 substr. MG1655	K-12	PACBIO_SMRT	PacBio RS	79573272.0	81741.0	WGS	GENOMIC	SINGLE	Whole Genome Sequencing and Assembly
SRR19776609	SRX15820887	SRS12273983	SRP364249	PRJNA816422	Helicobacter pylori	Hpfe0004	OXFORD_NANOPORE	MinION	83530626.0	11079.0	WGS	GENOMIC	SINGLE	nanopore sequencing of h. pylori genomic DNA
SRR34973292	SRX30092520	SRS26157586	SRP608514	PRJNA1305037	Escherichia coli	MI_KPC_614	OXFORD_NANOPORE	PromethION	200508553.0	63770.0	WGS	GENOMIC	SINGLE	KPC CRE collection from state of Michigan
ERR12031456	ERX11415000	ERS16321628	ERP149275	PRJEB64143	Streptococcus pneumoniae	HUB-06113	OXFORD_NANOPORE	MinION	97434669.0	142637.0	WGS	GENOMIC	SINGLE	MinION sequencing
SRR22752056	SRX18713090	SRS16154677	SRP413271	PRJNA912686	Escherichia coli	K-12 MG1655 (PFM-2)	OXFORD_NANOPORE	MinION	15541426.0	4000.0	WGS	GENOMIC	SINGLE	PCR-Free Nanopore Sequencing of E.coli clone
DRR393717	DRX379536	DRS297050	DRP007849	PRJDB10842	Enterobacter cloacae	JBBEADF-19-0334	OXFORD_NANOPORE	GridION	451836340.0	53401.0	WGS	GENOMIC	SINGLE	GridION sequencing of SAMD00499306
SRR15989509	SRX12278030	SRS9999171	SRP357534	PRJNA801415	Enterobacter cloacae	850	OXFORD_NANOPORE	GridION	2157743033.0	221938.0	WGS	GENOMIC	SINGLE	Whole Genome Sequencing of Carbapenemase-producing Enterobacterales (CPE)
SRR13324966	SRX9752080	SRS7942100	SRP299691	PRJNA688511	Peptacetobacter hiranonis	DGF055142	OXFORD_NANOPORE	MinION	1753435957.0	232473.0	WGS	GENOMIC	SINGLE	Whole genome sequencing of P. hiranonis
SRR21864870	SRX17852569	SRS2268032	SRP272326	PRJNA646837	Klebsiella pneumoniae		OXFORD_NANOPORE	MinION	934617011.0	75044.0	WGS	GENOMIC	SINGLE	ONT sequencing of Klebsiella pneumoniae: KSB1_9A
SRR17210290	SRX13390220	SRS11290157	SRP350362	PRJNA788148	Citrobacter freundii	B1s	OXFORD_NANOPORE	MinION	48139294.0	6731.0	WGS	GENOMIC	SINGLE	B1_r2_standard_15h
ERR10498495	ERX10015784	ERS14255690	ERP142629	PRJEB57633	Escherichia coli		OXFORD_NANOPORE	GridION	67018125.0	30275.0	WGS	GENOMIC	SINGLE	Raw reads: ONT_30348_1#71
SRR8697008	SRX5492863	SRS4462729	SRP042343	PRJNA243331	Brevundimonas naejangsanensis	FS1091	OXFORD_NANOPORE	MinION	303338612.0	19091.0	WGS	GENOMIC	SINGLE	bacteria from Food processing environment
SRR26205276	SRX21916304	SRS19001457	SRP250705	PRJNA607328	Oceanobacillus jeddahense	QA-1986 374	OXFORD_NANOPORE	MinION	1026317105.0	130758.0	WGS	GENOMIC	SINGLE	Oceanobacillus jeddahense FELIX_MS540 Nanopore
SRR10277006	SRX6990220	SRS5512242	SRP136096	PRJNA438928	Chlorobium phaeovibrioides	GrTcv12	OXFORD_NANOPORE	MinION	1744925299.0	346876.0	WGS	GENOMIC	SINGLE	Genome of Chlorobium phaeovibrioides: meromictic lake
SRR16525725	SRX12728274	SRS10336801	SRP357537	PRJNA801416	Escherichia coli	E1136	OXFORD_NANOPORE	GridION	516320060.0	107767.0	WGS	GENOMIC	SINGLE	Extensive diversification and dissemination of blaNDM carbapenemase plasmids in Enterobacterales in Singapore 2010-2015
SRR37104824	SRX32051045	SRS27988463	SRP674540	PRJNA1314445	Rhodanobacter sp. UC4439_H6	UC4439_H6	OXFORD_NANOPORE	MinION	149048604.0	38214.0	WGS	GENOMIC	SINGLE	UC4439
SRR31976278	SRX27331399	SRS23506597	SRP074197	PRJNA288601	Klebsiella pneumoniae	2024HL-01342	OXFORD_NANOPORE	MinION	884310922.0	97875.0	WGS	GENOMIC	SINGLE	Long read sequencing of carbapenemase producing organisms
SRR35981468	SRX31030758	SRS27021090	SRP191058	PRJNA528985	Salmonella enterica subsp. enterica serovar Rissen	FARPER-637	OXFORD_NANOPORE	MinION	605395113.0	90575.0	WGS	GENOMIC	SINGLE	Salmonella enterica subsp. enterica serovar Javiana strain FARPER-220 chromosome, complete genome
ERR12738997	ERX12112922	ERS18421856	ERP154232	PRJEB69284	Shewanella putrefaciens		OXFORD_NANOPORE	PromethION	354148773.0	56000.0	WGS	GENOMIC	SINGLE	PromethION sequencing
SRR10176399	SRX6897803	SRS5430049	SRP168628	PRJNA505407	Escherichia coli	V215	OXFORD_NANOPORE	GridION	553184534.0	88905.0	WGS	GENOMIC	SINGLE	DNA sequencing of Ecoli strain V215
DRR723732	DRX703753	DRS495876	DRP013760	PRJDB20694	Marinifilum fragile	JCM 15579	OXFORD_NANOPORE	MinION	78388911.0	50569.0	WGS	GENOMIC	SINGLE	MinION sequencing of SAMD01611653
SRR26841315	SRX22536966	SRS19546731	SRP472108	PRJNA1018939	Mycoplasmopsis cynos	98999	OXFORD_NANOPORE	MinION	316445260.0	46148.0	WGS	GENOMIC	SINGLE	M. cynos 3
ERR1210827	ERX1283069	ERS809857	ERP011512	PRJEB10282	Bifidobacterium longum		PACBIO_SMRT	PacBio RS	2778631878.0	163482.0	WGS	GENOMIC	SINGLE	PacBio RS sequencing
SRR33389990	SRX28632871	SRS24903809	SRP582465	PRJNA1254216	Rothia mucilaginosa	D1	PACBIO_SMRT	Revio	10103428060.0	1082143.0	WGS	GENOMIC	SINGLE	Complete Genome Sequence of Rothia mucialginosa D1
SRR36676508	SRX31685363	SRS27656648	SRP659761	PRJNA1332793	Agrobacterium radiobacter	A23	OXFORD_NANOPORE	MinION	79799571.0	5669.0	WGS	GENOMIC	SINGLE	ONT library of A. radiobacter A23
SRR12247722	SRX8755445	SRS6976311	SRP266402	PRJNA605147	Escherichia coli		OXFORD_NANOPORE	GridION	372870838.0	42597.0	WGS	GENOMIC	SINGLE	Oxford Nanopore sequencing of Escherichia coli isolate RH10|T3-E4C02 cultured from cattle farm sediment sample
DRR513095	DRX496981	DRS341346	DRP010779	PRJDB17010	Ralstonia pseudosolanacearum	MAFF 301069	OXFORD_NANOPORE	MinION	280590534.0	39092.0	WGS	GENOMIC	SINGLE	MinION sequencing of SAMD00657126
SRR36118029	SRX31162626	SRS27149159	SRP647402	PRJNA1367295	Staphylococcus aureus	M428	OXFORD_NANOPORE	MinION	1850511698.0	775827.0	WGS	GENOMIC	SINGLE	Clonal complex 398 emerging as community- and healthcare-associated methicillin-resistant Staphylococcus aureus in the Czech Republic 2017-2024
SRR28825875	SRX24388709	SRS21144471	SRP504527	PRJNA984017	Enterobacter hormaechei	E4A	OXFORD_NANOPORE	MinION	407421551.0	38315.0	WGS	GENOMIC	SINGLE	Enterobacter hormaechei E4A oxford nanopore reads
ERR1883070	ERX1943571	ERS1497507	ERP005928	PRJEB6403	Propionibacterium freudenreichii	NCTC10470	PACBIO_SMRT	PacBio RS	99576471.0	163482.0	WGS	GENOMIC	SINGLE	PacBio RS sequencing
SRR901684	SRX306470	SRS445421	SRP026062	PRJNA203577	Mycobacterium sp. MAC_080597_8934	MAC_080597_8934	PACBIO_SMRT	PacBio RS	354491617.0	81741.0	WGS	GENOMIC	SINGLE	
SRR22113783	SRX18093561	SRS15333115	SRP401203	PRJNA747035	Cereibacter azotoformans	ORIO	OXFORD_NANOPORE	MinION	5486739274.0	1266720.0	WGS	GENOMIC	SINGLE	Nanopore MinION long sequencing reads used for assemblying the Cereibacter azotoformans str. ORIO genome
SRR30005937	SRX25485522	SRS22141238	SRP321830	PRJNA674638	Lactiplantibacillus plantarum	7.2.2	PACBIO_SMRT	Sequel IIe	1703552910.0	248256.0	WGS	GENOMIC	SINGLE	Lactiplantibacillus plantarum 7.2.2
SRR15827956	SRX12119841	SRS10099921	SRP336307	PRJNA761884	Escherichia coli	X_58	PACBIO_SMRT	PacBio RS II	1272193794.0	142690.0	WGS	GENOMIC	SINGLE	WGS of Escherichia coli: sample C544
SRR13957690	SRX10335987	SRS8455530	SRP300861	PRJNA663900	Enterococcus sp. DIV2447a	DIV2447a	OXFORD_NANOPORE	GridION	944358799.0	120186.0	WGS	GENOMIC	SINGLE	sequencing of enterococcal diversity
SRR4181588	SRX2142819	SRS1674383	SRP087000	PRJNA303744	Amycolatopsis echigonensis	DSM 45165	PACBIO_SMRT	PacBio RS	812250687.0	254660.0	WGS	GENOMIC	SINGLE	Amycolatopsis niigatensis DSM 45165
SRR1515970	SRX653559	SRS661132	SRP044369	PRJNA202893	Enterobacter cloacae ECNIH2	ECNIH2	PACBIO_SMRT	PacBio RS II	443354001.0	163482.0	WGS	GENOMIC	SINGLE	PacBio SMRT Sequencing of Enterobacter cloacae ECNIH2 Genomic Library
ERR581045	ERX539132	ERS426727	ERP001625	PRJEB3164	Salmonella enterica subsp. enterica serovar Typhimurium		PACBIO_SMRT	PacBio RS	525799751.0	163482.0	WGS	GENOMIC	SINGLE	PacBio RS sequencing
SRR31438192	SRX26807017	SRS21229599	SRP510483	PRJNA1101017	Listeria monocytogenes	GTVSS-012	PACBIO_SMRT	Sequel	702372743.0	45300.0	WGS	GENOMIC	SINGLE	Whole genome PacBio Sequel sequence of  Listeria monocytogenes
SRR31394465	SRX26763983	SRS23251410	SRP546114	PRJNA1187901	Vibrio cholerae	V. cholerae	OXFORD_NANOPORE	MinION	18865850.0	4000.0	WGS	GENOMIC	SINGLE	WGS of Vibrio cholerae: River water
SRR30343001	SRX25801148	SRS22432624	SRP528120	PRJNA1150149	Staphylococcus aureus	ST1	OXFORD_NANOPORE	MinION	439142939.0	89713.0	WGS	GENOMIC	SINGLE	ONT long-read sequencing of potential healthcare transmission pathogens
SRR30791246	SRX26192745	SRS22735268	SRP534624	PRJNA1161571	Burkholderia pseudomallei	Bp18	OXFORD_NANOPORE	PromethION	1876284714.0	159438.0	WGS	GENOMIC	SINGLE	Nanopore sequencing of B. pseudomallei
SRR15462551	SRX11717484	SRS1717848	SRP332089	PRJNA528413	Escherichia coli O157:H7	N8B7-2	PACBIO_SMRT	PacBio RS II	2783132243.0	163482.0	WGS	GENOMIC	SINGLE	Genome sequencing of E. coli O157:H7 and O55:H7 strains
DRR121793	DRX114730	DRS062150	DRP004189	PRJDB5929	Klebsiella pneumoniae	KP27	PACBIO_SMRT	PacBio RS II	1122914439.0	204758.0	WGS	GENOMIC	SINGLE	PacBio RS II sequencing of SAMD00059730
SRR9722814	SRX6480395	SRS5130459	SRP215816	PRJNA470993	Staphylococcus aureus	pt156	PACBIO_SMRT	PacBio RS II	67853861.0	15865.0	WGS	GENOMIC	SINGLE	WGS of Staphylococcus aureus
SRR15989533	SRX12278006	SRS9999123	SRP357537	PRJNA801416	Klebsiella quasipneumoniae	E399	OXFORD_NANOPORE	GridION	338092584.0	49739.0	WGS	GENOMIC	SINGLE	Whole Genome Sequencing of Carbapenemase-producing Enterobacterales (CPE)
ERR15289858	ERX14695692	ERS13460045	SRP529341	PRJNA1153292	Staphylococcus aureus		OXFORD_NANOPORE	GridION	1017875573.0	111654.0	WGS	GENOMIC	SINGLE	Raw reads: 288390L
ERR10163188	ERX9699784	ERS13423746	ERP140710	PRJEB55790	Apilactobacillus kunkeei	A1805	PACBIO_SMRT	Sequel	2137359966.0	496855.0	WGS	GENOMIC	SINGLE	Sequel sequencing; Raw reads: A1805
SRR9172121	SRX5944785	SRS4857650	SRP040661	PRJNA231221	Salmonella enterica	FDAARGOS_712	PACBIO_SMRT	PacBio RS	4702127841.0	163482.0	WGS	GENOMIC	SINGLE	
SRR516855	SRX148633	SRS281882	SRP013241	PRJNA73829	Vibrio cholerae		PACBIO_SMRT	PacBio RS	108633041.0	60667.0	WGS	GENOMIC	SINGLE	Whole Genome Sequencing of Haitian Vibrio cholerae: Continuous Long Read (CLR) data
SRR14347935	SRX10701818	SRS8791698	SRP316763	PRJNA716667	Escherichia coli	CX12	OXFORD_NANOPORE	MinION	435731562.0	31235.0	WGS	GENOMIC	SINGLE	Whole genome sequencing of Escherichia coli isolates from beef
SRR12247657	SRX8755510	SRS6976378	SRP266402	PRJNA605147	Escherichia coli	RHB03-SO-C05	OXFORD_NANOPORE	GridION	433785226.0	72151.0	WGS	GENOMIC	SINGLE	Oxford Nanopore sequencing of Escherichia coli isolate RH01|T1-SOC05 cultured from pig farm soil sample
SRR18458654	SRX14591286	SRS12330692	SRP365083	PRJNA818268	Bacillus cereus	Tet8R1	PACBIO_SMRT	Sequel II	6518489910.0	790319.0	WGS	GENOMIC	SINGLE	Bacillus cereus 03BB102 isolate Tet8R1
SRR33895159	SRX29106694	SRS25313034	SRP590843	PRJNA1272507	Salmonella enterica	SAL-192	OXFORD_NANOPORE	GridION	591757431.0	179564.0	WGS	GENOMIC	SINGLE	ONT-WGS of Salmonella enterica
SRR14860003	SRX11177782	SRS9235480	SRP324571	PRJNA734910	Streptococcus pneumoniae	S542	PACBIO_SMRT	Sequel	758437014.0	93623.0	WGS	GENOMIC	SINGLE	WGS of Streptococcus pneumoniae
SRR32527913	SRX27839615	SRS24213955	SRP567071	PRJNA1230128	Salmonella enterica subsp. enterica serovar Java	20EPA002NSA_10	OXFORD_NANOPORE	MinION	502964303.0	103623.0	WGS	GENOMIC	SINGLE	nanopore sequence of Salmonella enterica
SRR30946281	SRX26348815	SRS22873974	SRP537809	PRJNA1171136	Klebsiella pneumoniae		OXFORD_NANOPORE	MinION	1065381043.0	106765.0	WGS	GENOMIC	SINGLE	WGS of K. pneumoniae
SRR36887370	SRX31859100	SRS27815537	SRP664505	PRJNA1403030	Bacillus cereus	YM20-7	OXFORD_NANOPORE	MinION	7606107.0	3108.0	WGS	GENOMIC	SINGLE	genome-seq-B-s
ERR16064416	ERX15454598	ERS28397551	ERP173262	PRJEB90249	Acinetobacter baumannii		OXFORD_NANOPORE	GridION	200035326.0	98697.0	WGS	GENOMIC	SINGLE	GridION sequencing
SRR31676610	SRX27039040	SRS23502235	SRP550721	PRJNA1195730	Escherichia coli DSM 30083 = JCM 1649 = ATCC 11775	DSM 30083	OXFORD_NANOPORE	MinION	455648667.0	503205.0	WGS	GENOMIC	SINGLE	Genomic DNA for E. coli
ERR13385992	ERX12756792	ERS20609121	ERP162246	PRJEB77921	Sinorhizobium meliloti		OXFORD_NANOPORE	MinION	960135934.0	148829.0	WGS	GENOMIC	SINGLE	Single-nucleotide variant and marker frequency analysis of Sinorhizobium meliloti strains with rearranged genomic DNA
ERR8433107	ERX8000016	ERS10153298	ERP134918	PRJEB50347	Escherichia coli		OXFORD_NANOPORE	MinION	264291465.0	28053.0	WGS	GENOMIC	SINGLE	MinION sequencing; Raw reads: 14_01_nano
ERR10497822	ERX10015111	ERS14254709	ERP142629	PRJEB57633	Escherichia coli		OXFORD_NANOPORE	GridION	121496202.0	13228.0	WGS	GENOMIC	SINGLE	Raw reads: ONT_30224_1#277
ERR13600726	ERX12971749	ERS15599521	ERP132614	PRJEB48268	Klebsiella pneumoniae		OXFORD_NANOPORE	GridION	664630223.0	26125.0	WGS	GENOMIC	SINGLE	GridION sequencing
ERR14125700	ERX13528357	ERS22899864	ERP159032	PRJEB74343	Exiguobacterium aurantiacum		OXFORD_NANOPORE	PromethION			WGS	GENOMIC	SINGLE	Exiguobacterium_aurantiacum
SRR35213121	SRX30316938	SRS26363874	SRP615990	PRJNA834253	Bradyrhizobium japonicum	USDA 58	PACBIO_SMRT	Sequel II	254069232.0	22656.0	WGS	GENOMIC	SINGLE	Bradyrhizobium japonicum USDA 58
SRR28434662	SRX24038720	SRS20831712	SRP497546	PRJNA1091452	Klebsiella pneumoniae	KP20-PS	OXFORD_NANOPORE	MinION	688455730.0	48902.0	WGS	GENOMIC	SINGLE	ONT performance study sequencing of K. pneumoniae
SRR11321543	SRX7925331	SRS6330176	SRP253085	PRJNA613019	Bacillus thuringiensis	HER1410	OXFORD_NANOPORE	MinION	1057931923.0	142317.0	WGS	GENOMIC	SINGLE	Bacillus thuringiensis HER1410 genome sequencing
SRR24302854	SRX20098019	SRS17429612	SRP187433	PRJNA514352	Helcococcus ovis	KG38	OXFORD_NANOPORE	MinION	867882376.0	1072527.0	WGS	GENOMIC	SINGLE	WGS Helcococcus ovis from dairy cow uterus
SRR12280468	SRX8784247	SRS7053026	SRP272861	PRJNA646575	Bacteroides fragilis		OXFORD_NANOPORE	GridION	1191145673.0	122955.0	WGS	GENOMIC	SINGLE	WGS  of Bacteroides fragilis group clinical isolates
SRR14318706	SRX10673863	SRS8767876	SRP316159	PRJNA724814	Providencia	LLDRA6	PACBIO_SMRT	Sequel	1497987080.0	251725.0	WGS	GENOMIC	SINGLE	complete genome sequencing of LLDRA6-1
SRR23518000	SRX19410455	SRS12658510	SRP370981	PRJNA487674	Riemerella anatipestifer	RCAD0392	PACBIO_SMRT	Sequel	637555191.0	56269.0	WGS	GENOMIC	SINGLE	pacbio_lib_E03_1
SRR34728998	SRX29863358	SRS25966275	SRP603830	PRJNA1297335	Pseudomonas rhodesiae	SC25	OXFORD_NANOPORE	GridION	1099915592.0	142656.0	WGS	GENOMIC	SINGLE	ONP sequencing of phyllosphere bacteria
DRR494176	DRX478367	DRS408317	DRP012077	PRJDB14978	Roseateles sp. E2	E2	OXFORD_NANOPORE	PromethION	53768421.0	4000.0	WGS	GENOMIC	SINGLE	PromethION sequencing of SAMD00571186
SRR386397	SRX109879	SRS212335	SRP007231	PRJNA49881	Scardovia wiggsiae F0424	F0424	PACBIO_SMRT	PacBio RS	68314172.0	81741.0	WGS	GENOMIC	SINGLE	Whole Genome Sequencing and Assembly
SRR13192554	SRX9626905	SRS7827983	SRP295672	PRJNA681856	Salmonella enterica	LHICA_E1	OXFORD_NANOPORE	MinION	10776198.0	4000.0	WGS	GENOMIC	SINGLE	WGS of Salmonella enterica Lhica E3
DRR629284	DRX609611	DRS438833	DRP012484	PRJDB19189	Mycobacterium avium subsp. hominissuis	GA61922	OXFORD_NANOPORE	MinION	376171689.0	63902.0	WGS	GENOMIC	SINGLE	MinION sequencing of SAMD00833337
SRR23471094	SRX19374094	SRS9554738	SRP422715	PRJNA878812	Pseudomonas aeruginosa	2021CK-01159	OXFORD_NANOPORE	GridION	143327672.0	47395.0	WGS	GENOMIC	SINGLE	Nanopore sequencing of ARLN isolate
SRR25793443	SRX21515666	SRS8481769	SRP457515	PRJNA1010762	Bacillus cereus		OXFORD_NANOPORE	MinION	1326915852.0	334841.0	WGS	GENOMIC	SINGLE	whole-genome sequencing of Bacillus cereus
SRR36475943	SRX31497893	SRS27478262	SRP655800	PRJNA555636	Mycobacterium tuberculosis	SEA10007	PACBIO_SMRT	PacBio RS II	699288436.0	136735.0	WGS	GENOMIC	SINGLE	DNA-Seq of Mycobacterium tuberculosis from sputum
SRR15989408	SRX12278131	SRS9999341	SRP357537	PRJNA801416	Citrobacter amalonaticus	E59	OXFORD_NANOPORE	GridION	485576681.0	46305.0	WGS	GENOMIC	SINGLE	Whole Genome Sequencing of Carbapenemase-producing Enterobacterales (CPE)
SRR31783425	SRX27144806	SRS23600095	SRP552801	PRJNA1199998	Pseudomonas sp. MPB23	MPB23	OXFORD_NANOPORE	MinION	2893735120.0	4081338.0	WGS	GENOMIC	SINGLE	Whole genome sequencing of bacterial isolates using Nanopore
ERR1954508	ERX2020104	ERS1452071	ERP005928	PRJEB6403	Proteus mirabilis	NCTC60	PACBIO_SMRT	PacBio RS	1446582499.0	163482.0	WGS	GENOMIC	SINGLE	PacBio RS sequencing
SRR13575540	SRX9973321	SRS8145954	SRP303741	PRJNA695586	Streptococcus pyogenes	M4C20	OXFORD_NANOPORE	MinION	2864108.0	4000.0	WGS	GENOMIC	SINGLE	Whole genome sequence of Streptococcus pyogenes strain M4C20
SRR9732414	SRX6489592	SRS5138381	SRP215929	PRJNA555902	Achromobacter xylosoxidans	mfec-2	OXFORD_NANOPORE	GridION	1493472698.0	253404.0	WGS	GENOMIC	SINGLE	Genome sequencing of bacterial strain mfec-2
SRR31693628	SRX27055437	SRS23517405	SRP550670	PRJNA1190473	Wolbachia endosymbiont of Rhagoletis indifferens	wCin2-PNW2	OXFORD_NANOPORE	MinION	3786178.0	823.0	WGS	GENOMIC	SINGLE	Nanopore sequencing of Wolbachia endosymbiont of Rhagoletis indifferens wCin2-PNW2: Wolbachia reads for SV scans
SRR34108275	SRX29295540	SRS25266147	SRP589907	PRJNA1272077	Enterococcus faecium		OXFORD_NANOPORE	MinION	579609749.0	165423.0	WGS	GENOMIC	SINGLE	DVT1972 Long Reads
ERR968966	ERX941341	ERS708731	ERP010208	PRJEB9131	Escherichia coli str. K-12 substr. MG1655	K-12	OXFORD_NANOPORE	MinION	512480724.0	77197.0	WGS	GENOMIC	SINGLE	MinION sequencing
SRR35233890	SRX30337119	SRS26381194	SRP291668	PRJNA675431	Klebsiella pneumoniae	KP1344	OXFORD_NANOPORE	PromethION	351446277.0	113854.0	WGS	GENOMIC	SINGLE	WGS of Klebsiella pneumoniae
SRR21416049	SRX17420439	SRS13526058	SRP361569	PRJNA768416	Bacillus sp. FSL W8-1202	FSL W8-1202	OXFORD_NANOPORE	MinION	839833895.0	295667.0	WGS	GENOMIC	SINGLE	WGS of Bacilli
SRR10240064	SRX6959145	SRS4818691	SRP224653	PRJNA545328	Streptococcus suis	2016UMN2965.6	OXFORD_NANOPORE	MinION	203659605.0	33298.0	WGS	GENOMIC	SINGLE	WGS of S.suis
ERR3685984	ERX3675588	ERS4047785	ERP114207	PRJEB31632	bacterium		OXFORD_NANOPORE	GridION	676961714.0	468055.0	WGS	GENOMIC	SINGLE	GridION sequencing
SRR29081051	SRX24605343	SRS21342982	SRP508604	PRJNA1113402	Mycobacterium tuberculosis	TH-21-6667	OXFORD_NANOPORE	MinION	157833582.0	89776.0	WGS	GENOMIC	SINGLE	WGS of clinical Mycobacterium tuberculosis isolates from the Philippines
SRR8739682	SRX5532396	SRS4498619	SRP051949	PRJNA271899	Escherichia coli	OC-CRE-9034	OXFORD_NANOPORE	GridION	244140855.0	22040.0	WGS	GENOMIC	SINGLE	Sequencing of Carbapenem resistant bacteria
DRR457484	DRX441781	DRS418928	DRP012097	PRJDB15501	Staphylococcus aureus	39007-19-S005	OXFORD_NANOPORE	GridION	1957082755.0	166692.0	WGS	GENOMIC	SINGLE	GridION sequencing of SAMD00591277
SRR19349815	SRX15408618	SRS12115302	SRP361569	PRJNA768416	Shouchella clausii	FSL M8-0080	OXFORD_NANOPORE	MinION	1593242177.0	404170.0	WGS	GENOMIC	SINGLE	WGS of Bacilli
ERR14938996	ERX14343240	ERS22970224	ERP167347	PRJEB83773	Escherichia coli	224	OXFORD_NANOPORE	MinION	243703012.0	40168.0	WGS	GENOMIC	SINGLE	Raw reads: 235559E_BENINEF76
ERR14746868	ERX14148240	ERS23812002	ERP170065	PRJEB86767	Klebsiella pneumoniae		OXFORD_NANOPORE	MinION	963241371.0	208100.0	WGS	GENOMIC	SINGLE	EXP-4-1-2025-03-14_13-52-41
SRR9172295	SRX5944961	SRS4857801	SRP040661	PRJNA231221	Burkholderia cenocepacia	FDAARGOS_720	PACBIO_SMRT	PacBio RS	1523122963.0	163482.0	WGS	GENOMIC	SINGLE	
SRR23796533	SRX19628650	SRS16998245	SRP426543	PRJNA942088	Campylobacter jejuni	PS_46_2021	OXFORD_NANOPORE	MinION	66160153.0	22175.0	WGS	GENOMIC	SINGLE	Nanopore sequencing of Campylobacter jejuni from human stool
DRR572304	DRX555771	DRS426397	DRP012251	PRJDB17574	Escherichia coli	YK-IS1MA-L08-2_G08	OXFORD_NANOPORE	MinION	36342.0	3.0	WGS	GENOMIC	SINGLE	nanopore-seq of SAMD00748214 L08-2_G8
SRR10340801	SRX7050863	SRS4180570	SRP226812	PRJNA541977	Klebsiella pneumoniae	LEMB18	OXFORD_NANOPORE	GridION	715588312.0	43049.0	WGS	GENOMIC	SINGLE	Closed genomes of twenty-eight foodborne pathogens from the CFSAN verifcation set by a combination of long and short-reads
SRR27006201	SRX22699184	SRS19691858	SRP250705	PRJNA607328	Bacillus subtilis subsp. subtilis str. 168	168	OXFORD_NANOPORE	MinION	2084669918.0	305847.0	WGS	GENOMIC	SINGLE	Bacillus subtilis FELIX_MS828 Nanopore
DRR307120	DRX296554	DRS194082	DRP007467	PRJDB11902	Emergencia timonensis	CE91-St49	PACBIO_SMRT	Sequel	8169334837.0	938719.0	WGS	GENOMIC	SINGLE	Sequel sequencing of SAMD00389866
SRR35212445	SRX30316332	SRS26363348	SRP291668	PRJNA675431	Enterococcus faecium	FI605	OXFORD_NANOPORE	PromethION	951258172.0	292341.0	WGS	GENOMIC	SINGLE	WGS of Enterococcus faecium
SRR15989004	SRX12277863	SRS9998805	SRP357537	PRJNA801416	Escherichia coli	405	OXFORD_NANOPORE	GridION	1322083579.0	193715.0	WGS	GENOMIC	SINGLE	Whole Genome Sequencing of Carbapenemase-producing Enterobacterales (CPE)
ERR10857141	ERX10301862	ERS14574386	ERP144502	PRJEB59466	Salmonella enterica		OXFORD_NANOPORE	MinION	464877709.0	74678.0	WGS	GENOMIC	SINGLE	MinION sequencing
SRR14481804	SRX10829795	SRS8264710	SRP306584	PRJNA702050	Enterococcus faecium	VBO39	OXFORD_NANOPORE	MinION	813266873.0	104734.0	WGS	GENOMIC	SINGLE	Long-read sequencing of Enterococcus faecium VBO39
SRR27958567	SRX23615404	SRS20456213	SRP489545	PRJNA1076228	Streptococcus pyogenes	MGAS37833	OXFORD_NANOPORE	GridION	500004603.0	51791.0	WGS	GENOMIC	SINGLE	Oxford Nanopore Technology WGS of GAS M1 clinical isolates
SRR27646835	SRX23314820	SRS12021083	SRP040281	PRJNA230403	Salmonella enterica	PNUSAS155916	PACBIO_SMRT	Sequel	1743609162.0	135150.0	WGS	GENOMIC	SINGLE	Whole genome PacBio Sequel sequence of Salmonella enterica
SRR27033032	SRX22724873	SRS19713963	SRP475561	PRJNA1047501	Escherichia coli	58889_lr	OXFORD_NANOPORE	MinION	359352814.0	96638.0	WGS	GENOMIC	SINGLE	Enterobacterales isolated from water
SRR16929216	SRX13121351	SRS11056108	SRP303790	PRJNA685966	Staphylococcus pseudintermedius	HSP238	OXFORD_NANOPORE	MinION	709018603.0	245400.0	WGS	GENOMIC	SINGLE	Long-read genomic sequencing of Staphylococcus pseudintermedius from canine skin
ERR4763190	ERX4636243	ERS5247954	ERP124695	PRJEB40976	Enterococcus faecalis		OXFORD_NANOPORE	GridION	502685108.0	22893.0	WGS	GENOMIC	SINGLE	GridION sequencing; Raw reads: 28157_4#338
SRR12398504	SRX8896714	SRS7155535	SRP276307	PRJNA644288	Ralstonia pseudosolanacearum GMI1000	GMI1000	PACBIO_SMRT	Sequel	2004067827.0	495093.0	WGS	GENOMIC	SINGLE	WGS of Ralstonia solanacearum: Haw35a1 SMRT
SRR8848722	SRX5636407	SRS1819089	SRP092448	PRJNA316728	Salmonella enterica subsp. enterica serovar Hadar	12-2388	OXFORD_NANOPORE	MinION	69545602.0	6583.0	WGS	GENOMIC	SINGLE	Salmonella  enterica multiserovar sequencing data
SRR15083978	SRX11393893	SRS9438212	SRP327633	PRJNA743326	Rhodococcus globerulus	D757	OXFORD_NANOPORE	MinION	224388521.0	14651.0	WGS	GENOMIC	SINGLE	gDNA seq
DRR428560	DRX413735	DRS360171	DRP011062	PRJDB15069	Lactococcus garvieae	L21-68	OXFORD_NANOPORE	GridION	744709682.0	80108.0	WGS	GENOMIC	SINGLE	GridION sequencing of SAMD00570830
ERR10498838	ERX10016127	ERS14256087	ERP142629	PRJEB57633	Escherichia coli		OXFORD_NANOPORE	GridION	102236411.0	19742.0	WGS	GENOMIC	SINGLE	Raw reads: ONT_30602_2#212
SRR16525599	SRX12728400	SRS10336860	SRP357534	PRJNA801415	Klebsiella pneumoniae	-	OXFORD_NANOPORE	GridION	1364221676.0	353666.0	WGS	GENOMIC	SINGLE	Extensive diversification and dissemination of blaNDM carbapenemase plasmids in Enterobacterales in Singapore 2010-2015
SRR35197535	SRX30301352	SRS17947426	SRP442130	PRJNA708445	Corynebacterium felinum	DSM 44508	PACBIO_SMRT	Sequel II	240786239.0	29768.0	WGS	GENOMIC	SINGLE	Corynebacterium felinum DSM 44508
SRR35674208	SRX30725822	SRS26742283	SRP561673	PRJNA1219398	Pasteurella multocida	182371	OXFORD_NANOPORE	MinION	48869702.0	15364.0	WGS	GENOMIC	SINGLE	DNA-Seq of Pasteurella multocida 182371
SRR5413294	SRX2705244	SRS2098890	SRP040661	PRJNA231221	Streptobacillus moniliformis	FDAARGOS_310	PACBIO_SMRT	PacBio RS	1046216581.0	163482.0	WGS	GENOMIC	SINGLE	
SRR28456670	SRX24059977	SRS20851169	SRP497844	PRJNA1091562	Staphylococcus aureus subsp. aureus RN4220	RN4220	PACBIO_SMRT	Sequel II	42314090311.0	5358247.0	WGS	GENOMIC	SINGLE	WGS of Staphylococcus aureus RN4220
SRR36286178	SRX31319579	SRS27217883	SRP649163	PRJNA1230056	Enterococcus faecium	VRE_07	OXFORD_NANOPORE	GridION	508428048.0	183196.0	WGS	GENOMIC	SINGLE	WGS of E. faecium
DRR513096	DRX496982	DRS341347	DRP010779	PRJDB17010	Ralstonia syzygii subsp. indonesiensis	MAFF 211271	OXFORD_NANOPORE	MinION	299306281.0	30834.0	WGS	GENOMIC	SINGLE	MinION sequencing of SAMD00657127
SRR27972447	SRX23626006	SRS20465790	SRP489819	PRJNA1076692	Citrobacter freundii	RIVM_C059331_rerio	OXFORD_NANOPORE	MinION	357917119.0	94318.0	WGS	GENOMIC	SINGLE	RIVM_C059331_rerio
ERR10499395	ERX10016681	ERS14256778			Escherichia coli		OXFORD_NANOPORE	GridION	60015178.0	9204.0	WGS	GENOMIC	SINGLE	GridION sequencing; Raw reads: ONT_30134_6#153
ERR10498203	ERX10015492	ERS14254409	ERP142629	PRJEB57633	Escherichia coli		OXFORD_NANOPORE	GridION	47339994.0	8931.0	WGS	GENOMIC	SINGLE	Raw reads: ONT_30821_1#265
SRR29908477	SRX25403717	SRS20990058	SRP487017	PRJNA1071282	Bordetella pertussis	SHBP1091	OXFORD_NANOPORE	MinION	755903854.0	110617.0	WGS	GENOMIC	SINGLE	SHBP1091
SRR9722873	SRX6480336	SRS5130400	SRP215816	PRJNA470993	Staphylococcus aureus	pt219	PACBIO_SMRT	PacBio RS II	1031176437.0	141051.0	WGS	GENOMIC	SINGLE	WGS of Staphylococcus aureus
SRR34864066	SRX29995557	SRS26072153	SRP606522	PRJNA1301590	Leuconostoc mesenteroides	P3A4	OXFORD_NANOPORE	PromethION	3439514517.0	461026.0	WGS	GENOMIC	SINGLE	WGS of Leuconostoc mesenteroides strain P3A4: Probat505 starter culture
SRR10231019	SRX6950369	SRS5478106	SRP222010	PRJNA565946	Escherichia coli	ECI_3929	OXFORD_NANOPORE	MinION	625696613.0	86733.0	WGS	GENOMIC	SINGLE	DNA seq of  Escherichia coli: Bos taurus faeces
SRR30949657	SRX26352129	SRS22817389	SRP536567	PRJNA1165464	Escherichia coli	Not applicable	OXFORD_NANOPORE	MinION	202500326.0	40085.0	WGS	GENOMIC	SINGLE	Nanopore sequencing of E.coli: blood isolate
SRR22890812	SRX18848686	SRS16280054	SRP414793	PRJNA871981	plant metagenome		PACBIO_SMRT	Sequel	20235609.0	13258.0	WGS	GENOMIC	SINGLE	Microbial diversity of alfalfa
SRR11209225	SRX7822208	SRS6233359	SRP251108	PRJNA609126	Staphylococcus aureus	SA1428	OXFORD_NANOPORE	GridION	104311002.0	4000.0	WGS	GENOMIC	SINGLE	Genome sequence of a chronic Staphylococcus aureus isolated from dairy cow that is non-responsive to antibiotic treatment
SRR16525740	SRX12728259	SRS10337007	SRP357537	PRJNA801416	Escherichia coli	E173	OXFORD_NANOPORE	GridION	852027091.0	170815.0	WGS	GENOMIC	SINGLE	Extensive diversification and dissemination of blaNDM carbapenemase plasmids in Enterobacterales in Singapore 2010-2015
SRR31976238	SRX27331439	SRS23507019	SRP074197	PRJNA288601	Pseudomonas putida	2024HL-01378	OXFORD_NANOPORE	MinION	805094304.0	104911.0	WGS	GENOMIC	SINGLE	Long read sequencing of carbapenemase producing organisms
SRR31520159	SRX26887709	SRS23368095	SRP547791	PRJNA1185266	Limosilactobacillus reuteri	1609	PACBIO_SMRT	Sequel II	310165170.0	46694.0	WGS	GENOMIC	SINGLE	Sequencing of Limosilactobacillus reuteri: infant gut
SRR35213332	SRX30317025	SRS26363960	SRP615992	PRJNA1301220	Acinetobacter baumannii	ABO21-A020	OXFORD_NANOPORE	MinION	168282082.0	52484.0	WGS	GENOMIC	SINGLE	Whole geneme sequencing of Acinetobacter baumannii: isolates of the Ab-One study
SRR5830113	SRX3007455	ERS1894631	SRP112340	PRJNA363760	Picosynechococcus sp. OG1	OG1	PACBIO_SMRT	PacBio RS II	510789769.0	173372.0	WGS	GENOMIC	SINGLE	Synechococcus sp. OG1
SRR27180065	SRX22860411	SRS19835777	SRP477403	PRJNA1049513	Vibrio sp. PBL-C16	PBL-C16	OXFORD_NANOPORE	MinION	15213925.0	3977.0	WGS	GENOMIC	SINGLE	Vibrio sp. PBL-C16 Genome sequencing and assembly
SRR35158228	SRX30263372	SRS26314634	SRP613631	PRJNA1311546	Bacillus sanguinis	PS03214	OXFORD_NANOPORE	MinION	116956047.0	52921.0	WGS	GENOMIC	SINGLE	WGS of bacterial isolate: Food isolate
ERR10472470	ERX9992815	ERS6795342	ERP109413	PRJEB27342	Klebsiella oxytoca		PACBIO_SMRT	Sequel II	90252008.0	11601.0	WGS	GENOMIC	SINGLE	Sequel II sequencing
SRR25467116	SRX21199809	SRS18458348	SRP452337	PRJNA1000618	Escherichia coli	Escherichia coli BL21(DE3)	OXFORD_NANOPORE	MinION	6213618.0	4000.0	WGS	GENOMIC	SINGLE	CASTVK transposition with different condition
SRR10223752	SRX6943355	SRS5471507	SRP224043	PRJNA575574	Escherichia coli	K-12 substr MG1703	OXFORD_NANOPORE	MinION	110652034.0	8522.0	WGS	GENOMIC	SINGLE	Early fate of exogenous promoters in E. coli
SRR5878846	SRX3046077	SRS2393318	SRP040661	PRJNA231221	Listeria monocytogenes	FDAARGOS_405	PACBIO_SMRT	PacBio RS	1810685016.0	163482.0	WGS	GENOMIC	SINGLE	
SRR14753669	SRX11087173	SRS9152682	SRP323129	PRJNA735522	Bacillus velezensis	GMEKP1	OXFORD_NANOPORE	GridION	30180847.0	4000.0	WGS	GENOMIC	SINGLE	SRA Bacillus velezensis GMEKP1
SRR516852	SRX148633	SRS281882	SRP013241	PRJNA73829	Vibrio cholerae		PACBIO_SMRT	PacBio RS	94284727.0	60667.0	WGS	GENOMIC	SINGLE	Whole Genome Sequencing of Haitian Vibrio cholerae: Continuous Long Read (CLR) data
ERR1341574	ERX1413156	ERS634378	ERP008587	PRJEB7657	Enterobacter kobei	VRES0273	OXFORD_NANOPORE	MinION	80031088.0	21237.0	WGS	GENOMIC	SINGLE	MinION sequencing
SRR14766809	SRX11100219	SRS9165149	SRP323385	PRJNA639797	Pseudomonas fakonensis	COW40	OXFORD_NANOPORE	MinION	233385489.0	37621.0	WGS	GENOMIC	SINGLE	Nanopore sequencing of isolate COW40
SRR34967404	SRX30086833	SRS26152967	SRP608514	PRJNA1305037	Klebsiella pneumoniae	MI_KPC_262	OXFORD_NANOPORE	PromethION	500004029.0	51946.0	WGS	GENOMIC	SINGLE	KPC CRE collection from state of Michigan
SRR35674071	SRX30725595	SRS26742279	SRP561673	PRJNA1219398	Pasteurella multocida	222961	PACBIO_SMRT	Sequel IIe	2442049348.0	144630.0	WGS	GENOMIC	SINGLE	DNA-Seq of Pasteurella multocida 222961
SRR24511662	SRX20296127	SRS17622175	SRP437155	PRJNA957393	Microbacterium sp. SORGH_AS_0344	SORGH_AS_0344	PACBIO_SMRT	Sequel IIe	295446681.0	31962.0	WGS	GENOMIC	SINGLE	Microbacterium sp. SORGH_AS 344
ERR2187908	ERX2244027	ERS1859702	ERP005928	PRJEB6403	Serratia marcescens	NCTC13382	PACBIO_SMRT	PacBio RS	888852887.0	163482.0	WGS	GENOMIC	SINGLE	PacBio RS sequencing
SRR16525659	SRX12728340	SRS10336832	SRP357534	PRJNA801415	Klebsiella pneumoniae	16	OXFORD_NANOPORE	GridION	809702155.0	128103.0	WGS	GENOMIC	SINGLE	Extensive diversification and dissemination of blaNDM carbapenemase plasmids in Enterobacterales in Singapore 2010-2015
ERR2503140	ERX2522383	ERS1943189	ERP005928	PRJEB6403	Campylobacter jejuni		PACBIO_SMRT	PacBio RS	727169301.0	163482.0	WGS	GENOMIC	SINGLE	PacBio RS sequencing
ERR13765062	ERX13166266	ERS21039317	ERP164181	PRJEB80140	Acinetobacter baumannii		OXFORD_NANOPORE	MinION	165294577.0	30576.0	WGS	GENOMIC	SINGLE	Raw reads: 2_GEN12895
SRR386167	SRX109867	SRS002782	SRP001679	PRJNA32483	Fusobacterium animalis 7_1	7_1	PACBIO_SMRT	PacBio RS	52784308.0	81741.0	WGS	GENOMIC	SINGLE	Whole Genome Sequencing and Assembly
SRR24651304	SRX20431227	SRS17736810	SRP438478	PRJNA885826	Bacteroides thetaiotaomicron	VPI-5482	OXFORD_NANOPORE	MinION	1766241919.0	129237.0	WGS	GENOMIC	SINGLE	PCR free Oxford Nanopore sequencing of genomic DNA from Bacteroides-thetaiotaomicron-VPI-5482
ERR13326667	ERX12697695	ERS20295417	ERP161282	PRJEB76791	Salmonella enterica subsp. enterica serovar Agona		OXFORD_NANOPORE	MinION	60672745.0	30331.0	WGS	GENOMIC	SINGLE	MinION sequencing
SRR16525779	SRX12728220	SRS10336944	SRP357534	PRJNA801415	Escherichia coli	-	OXFORD_NANOPORE	GridION	130022885.0	3195.0	WGS	GENOMIC	SINGLE	Extensive diversification and dissemination of blaNDM carbapenemase plasmids in Enterobacterales in Singapore 2010-2015
DRR242220	DRX232020	DRS165263	DRP006773	PRJDB10450	Escherichia coli	Zam_UTH_39	OXFORD_NANOPORE	MinION	317866783.0	57247.0	WGS	GENOMIC	SINGLE	MinION sequencing of SAMD00243981
SRR498134	SRX148635	SRS281883	SRP013241	PRJNA73829	Vibrio cholerae		PACBIO_SMRT	PacBio RS	794891.0	2112.0	WGS	GENOMIC	SINGLE	Whole Genome Sequencing for N5 (strobe)
SRR18121410	SRX14271829	SRS12090500	SRP361255	PRJNA808224	Bacillus subtilis	YB-15	OXFORD_NANOPORE	PromethION	3567318325.0	291552.0	WGS	GENOMIC	SINGLE	Bacillus subtilis YB-15 genome sequencing
SRR30934826	SRX26337483	SRS22863377	SRP537571	PRJNA1168290	Paenibacillus sp. TAB_01	TAB_01	OXFORD_NANOPORE	MinION	1611213.0	190.0	WGS	GENOMIC	SINGLE	Paenibacillus sp. TAB 01 from cotton plant tissue
SRR23562247	SRX19449190	SRS969299	SRP018785	PRJNA186035	Salmonella enterica subsp. enterica serovar Typhimurium	CFSAN033950	PACBIO_SMRT	Sequel	49147421.0	15500.0	WGS	GENOMIC	SINGLE	Whole genome PacBio Sequel sequence of Salmonella enterica subsp. enterica serovar Typhimurium
DRR147392	DRX138184	DRS074579	DRP004419	PRJDB7279	Bacillus anthracis	missing	OXFORD_NANOPORE	MinION	536249050.0	77968.0	WGS	GENOMIC	SINGLE	MinION sequencing of SAMD00134262
SRR386584	SRX109956	SRS212340	SRP007237	PRJNA39375	Eubacterium sp. 3_1_31	3_1_31	PACBIO_SMRT	PacBio RS	98796613.0	81741.0	WGS	GENOMIC	SINGLE	Whole Genome Sequencing and Assembly
SRR30949402	SRX26352082	SRS22817201	SRP536567	PRJNA1165464	Escherichia coli	Not applicable	OXFORD_NANOPORE	MinION	281163342.0	52000.0	WGS	GENOMIC	SINGLE	Nanopore sequencing of E.coli: blood isolate
ERR15660863	ERX15065641	ERS26934160	ERP179947	PRJEB97396	Mycobacterium tuberculosis		OXFORD_NANOPORE	MinION			WGS	GENOMIC	SINGLE	MinION sequencing
SRR26437349	SRX22142159	SRS19201879	SRP467311	PRJNA1026547	Acinetobacter baumannii	ACC00445	OXFORD_NANOPORE	GridION	2378811042.0	278824.0	WGS	GENOMIC	SINGLE	WGS of Acinetobacter baumannii: ACC00445
ERR1805671	ERX1868698	ERS1324115	ERP005928	PRJEB6403	Legionella maceachernii	NCTC11982	PACBIO_SMRT	PacBio RS	2765275728.0	163482.0	WGS	GENOMIC	SINGLE	PacBio RS sequencing
ERR14745980	ERX14147352	ERS23811962	ERP170065	PRJEB86767	Enterococcus faecium		OXFORD_NANOPORE	GridION	740116564.0	218399.0	WGS	GENOMIC	SINGLE	EXP-6-1-2025-03-14_12-21-39
SRR29777250	SRX25277146	SRS21961063	SRP519287	PRJNA1134122	Listeria monocytogenes	N23-2599	OXFORD_NANOPORE	MinION	483245025.0	76505.0	WGS	GENOMIC	SINGLE	Long read WGS of Listeria monocytogenes: isolate N23-2599
ERR841677	ERX921745	ERS605486	ERP005928	PRJEB6403	Vibrio vulnificus	NCTC13647	PACBIO_SMRT	PacBio RS	1439950112.0	163482.0	WGS	GENOMIC	SINGLE	PacBio RS sequencing
SRR21465913	SRX17469770	SRS10385122	SRP395888	PRJNA812595	Acinetobacter baumannii	2021CK-01409	OXFORD_NANOPORE	GridION	190987141.0	17684.0	WGS	GENOMIC	SINGLE	Nanopore sequencing of ARLN isolate
SRR34105447	SRX29292734	SRS25468202	SRP593824	PRJNA1280879	Xanthomonas vasicola pv. musacearum	NCPPB 4381	OXFORD_NANOPORE	PromethION	3122427507.0	274887.0	WGS	GENOMIC	SINGLE	Long-read genome sequencing of Xvm NCPPB 4381
SRR3747376	SRX1901242	SRS1543991	SRP078017	PRJNA214300	Thermogemmatispora carboxidivorans	PM5	PACBIO_SMRT	PacBio RS	156270006.0	53541.0	WGS	GENOMIC	SINGLE	Thermogemmatispora sp. PM5
SRR30896547	SRX26300022	SRS22828744	SRP536878	PRJNA1134622	Escherichia coli	OXEC-99	OXFORD_NANOPORE	MinION	543641695.0	136508.0	WGS	GENOMIC	SINGLE	OXEC-99
SRR25018156	SRX20773297	SRS18059494	SRP445703	PRJNA987350	Wolbachia pipientis		OXFORD_NANOPORE	MinION	220071418.0	91247.0	WGS	GENOMIC	SINGLE	WGS_ONT_Re6_1
ERR2532439	ERX2550860	ERS2419431	ERP005928	PRJEB6403	Propionimicrobium lymphophilum		PACBIO_SMRT	PacBio RS	81510928.0	163482.0	WGS	GENOMIC	SINGLE	PacBio RS sequencing
ERR1911776	ERX1972256	ERS1403238	ERP005928	PRJEB6403	Oligella urethralis	NCTC12964	PACBIO_SMRT	PacBio RS	444955788.0	163482.0	WGS	GENOMIC	SINGLE	PacBio RS sequencing
ERR16137118	ERX15526784	SRS4358907	ERP187675	PRJEB106623	Neisseria gonorrhoeae	AUSMDU00013488	OXFORD_NANOPORE	MinION	420121520.0	66764.0	WGS	GENOMIC	SINGLE	Raw reads: AUNG1291
SRR2821769	SRX1385227	SRS1135173	SRP040661	PRJNA231221	Staphylococcus epidermidis	FDAARGOS_153	PACBIO_SMRT	PacBio RS	1081582931.0	163482.0	WGS	GENOMIC	SINGLE	
SRR24140211	SRX19938866	SRS17287575	SRP247747	PRJNA604975	Escherichia coli	ox_bsi_306	OXFORD_NANOPORE	GridION	236702240.0	123758.0	WGS	GENOMIC	SINGLE	oxford_bsi
SRR24955974	SRX20714008	SRS18006109	SRP444550	PRJNA930964	Xylella fastidiosa	ICMP 8739	OXFORD_NANOPORE	MinION	365000942.0	281205.0	WGS	GENOMIC	SINGLE	8739-RBK004
SRR30896401	SRX26299620	SRS22828342	SRP536878	PRJNA1134622	Escherichia coli	OXEC-157	OXFORD_NANOPORE	MinION	565038322.0	164551.0	WGS	GENOMIC	SINGLE	OXEC-157
SRR24001330	SRX19804672	SRS17166613	SRP429910	PRJNA909850	human blood metagenome	-	OXFORD_NANOPORE	GridION	174603299.0	63907.0	WGS	GENOMIC	SINGLE	DNA isolation from S. aureus  using ZymoBIOMICS
SRR21563373	SRX17565801	SRS14987559	SRP354045	PRJNA747871	Streptomyces sp. NBC_01788	NBC_01788	OXFORD_NANOPORE	MinION	583401161.0	67427.0	WGS	GENOMIC	SINGLE	nanopore sequencing data from strain NBC_01788
SRR11076255	SRX7715558	SRS6138026	SRP248619	PRJNA580912	Microbacterium pumilum	ZKA30	PACBIO_SMRT	PacBio RS II	1201512985.0	158851.0	WGS	GENOMIC	SINGLE	Microbacterium pumilum ZKA30
SRR31599373	SRX26964310	SRS23434021	SRP549287	PRJNA1185485	Escherichia coli	141	OXFORD_NANOPORE	PromethION	327882300.0	91117.0	WGS	GENOMIC	SINGLE	FW-Pig-barcode52
SRR4235463	SRX2156762	SRS1686712	SRP088726	PRJNA323001	Streptomyces sp. 3213.3	3213.3	PACBIO_SMRT	PacBio RS	613378157.0	156518.0	WGS	GENOMIC	SINGLE	Streptomyces sp 3213
DRR482550	DRX466776	DRS312770	DRP010188	PRJDB15932	Campylobacter jejuni	BCH-10569	OXFORD_NANOPORE	MinION	358434150.0	60035.0	WGS	GENOMIC	SINGLE	SSUB025744: Campylobacter jejuni BCH-10569
DRR660594	DRX640799	DRS501563	DRP013856	PRJDB20339	Staphylococcus aureus	M-19-1065	OXFORD_NANOPORE	MinION	196955017.0	33561.0	WGS	GENOMIC	SINGLE	M-19-1065_ONT
ERR11040493	ERX10476338	ERS14796128	ERP145810	PRJEB60752	Escherichia coli		OXFORD_NANOPORE	MinION	702013079.0	92751.0	WGS	GENOMIC	SINGLE	Raw reads: J074_[Oxford_Nanopore]
ERR4762198	ERX4635302	ERS5247799	ERP124695	PRJEB40976	Enterococcus faecalis		OXFORD_NANOPORE	GridION	803117712.0	47302.0	WGS	GENOMIC	SINGLE	GridION sequencing; Raw reads: 26975_1#368
DRR122211	DRX115068	DRS174677	DRP004189	PRJDB5929	Klebsiella pneumoniae	KP45	PACBIO_SMRT	PacBio RS II	655997697.0	125940.0	WGS	GENOMIC	SINGLE	PacBio RS II sequencing of SAMD00059733
SRR32179908	SRX27525122	SRS23942908	SRP546704	PRJNA1189028	Staphylococcus epidermidis	PS03167	OXFORD_NANOPORE	MinION	99682575.0	57818.0	WGS	GENOMIC	SINGLE	WGS of bacterial isolate: Environmental isolate
SRR21607591	SRX17608727	SRS15144897	SRP397687	PRJNA812594	Acinetobacter baumannii	1326952-1	OXFORD_NANOPORE	GridION	1054770366.0	156831.0	WGS	GENOMIC	SINGLE	Nanopore sequencing of CRAB
ERR15076673	ERX14481324	ERS23842146	ERP169378	PRJEB86005	Escherichia coli		OXFORD_NANOPORE	MinION	2895836249.0	247769.0	WGS	GENOMIC	SINGLE	Raw reads: GENOMIC23-002-ONT
SRR388116	SRX110614	SRS000872	SRP000269	PRJNA32793	Neisseria gonorrhoeae FA19	FA19	PACBIO_SMRT	PacBio RS	28244857.0	81741.0	WGS	GENOMIC	SINGLE	Whole Genome Sequencing and Assembly
SRR8275907	SRX5090786	SRS4102500	SRP172397	PRJNA500369	Streptomyces sp. W SAI-097	SAI-083	PACBIO_SMRT	PacBio RS II	464783661.0	94621.0	WGS	GENOMIC	SINGLE	Streptomyces E5N91 SAI-083
SRR386330	SRX109870	SRS212334	SRP007230	PRJNA64831	Bacteroides finegoldii CL09T03C10	CL09T03C10	PACBIO_SMRT	PacBio RS	33077282.0	81741.0	WGS	GENOMIC	SINGLE	Whole Genome Sequencing and Assembly
SRR8178582	SRX4998682	SRS4033567	SRP040661	PRJNA231221	Fusobacterium necrophorum	FDAARGOS_565	PACBIO_SMRT	PacBio RS	1884821000.0	163482.0	WGS	GENOMIC	SINGLE	
SRR22101744	SRX18081730	SRS15585706	SRP070419	PRJNA309469	Halomonas sp. BDJS001	BDJS001	OXFORD_NANOPORE	MinION	229628556.0	107483.0	WGS	GENOMIC	SINGLE	Whole Genome Sequencing of  Halomonas sp. BDJS001
SRR1207368	SRX502906	SRS949962	SRP058356	PRJNA283315	Xanthomonas oryzae pv. oryzicola	BLS256	PACBIO_SMRT	PacBio RS II	621016274.0	163482.0	WGS	GENOMIC	SINGLE	Xanthomonas oryzae pv. oryzicola
ERR968269	ERX1045247	ERS715400	ERP005928	PRJEB6403	Klebsiella pneumoniae	NCTC9175	PACBIO_SMRT	PacBio RS	67204446.0	163482.0	WGS	GENOMIC	SINGLE	PacBio RS sequencing
SRR34900058	SRX30028300	SRS26098857	SRP607210	PRJNA1297403	Bacillus subtilis	19-WTA	OXFORD_NANOPORE	PromethION	688821717.0	59169.0	WGS	GENOMIC	SINGLE	WGS of Bacillus subtilis: cell culture
ERR1543225	ERX1613990	ERS1143230	ERP005928	PRJEB6403	Streptococcus equi subsp. zooepidemicus	NCTC4676	PACBIO_SMRT	PacBio RS	1359144427.0	163482.0	WGS	GENOMIC	SINGLE	PacBio RS sequencing
SRR24683254	SRX20462675	SRS17775544	SRP438897	PRJNA964481	Enterococcus faecalis	HL1	PACBIO_SMRT	Sequel II	771697404.0	83248.0	WGS	GENOMIC	SINGLE	Raw-data of Enterococcus faecalis HL1
SRR17842140	SRX14003144	SRS11841444	SRP357667	PRJNA798866	Acinetobacter baumannii	AB219-VUB	OXFORD_NANOPORE	MinION	1029898191.0	79089.0	WGS	GENOMIC	SINGLE	AB219-VUB complete chromosome
SRR36676498	SRX31685373	SRS27656653	SRP659761	PRJNA1332793	Pseudomonas amygdali	Psvw1	OXFORD_NANOPORE	MinION	352483107.0	31283.0	WGS	GENOMIC	SINGLE	ONT library of P. amygdali Psvw1
SRR12299092	SRX8802121	SRS6792254	SRP266402	PRJNA605147	Escherichia coli	RHB09-C20	OXFORD_NANOPORE	GridION	856657113.0	197458.0	WGS	GENOMIC	SINGLE	OXFORD_NANOPORE sequencing of Escherichia coli isolate RH08|T1-C20 cultured from Cattle faeces sample
ERR15465422	ERX14869317	ERS26347556	ERP179079	PRJEB96336	Klebsiella pneumoniae	EuSCAPE_FR073	OXFORD_NANOPORE	GridION	1923314204.0	1271404.0	WGS	GENOMIC	SINGLE	GridION sequencing
ERR4763161	ERX4636214	ERS5247906	ERP124695	PRJEB40976	Enterococcus faecalis		OXFORD_NANOPORE	GridION	679032421.0	32817.0	WGS	GENOMIC	SINGLE	GridION sequencing; Raw reads: 28157_4#209
SRR24140291	SRX19938786	SRS17287495	SRP247747	PRJNA604975	Escherichia coli	ox_bsi_104	OXFORD_NANOPORE	GridION	98676299.0	43919.0	WGS	GENOMIC	SINGLE	oxford_bsi
ERR13326643	ERX12697671	ERS20295585	ERP161282	PRJEB76791	Salmonella enterica subsp. enterica serovar Agona		OXFORD_NANOPORE	MinION	395972977.0	56611.0	WGS	GENOMIC	SINGLE	MinION sequencing
DRR572371	DRX555838	DRS426398	DRP012251	PRJDB17574	Escherichia coli	YK-IS1MA-L08-3_G08	OXFORD_NANOPORE	MinION	893652.0	91.0	WGS	GENOMIC	SINGLE	nanopore-seq of SAMD00748215 L08-3_G8
SRR5181971	SRX2498080	SRS1924933	SRP096895	PRJNA353873	Mycobacterium tuberculosis		PACBIO_SMRT	PacBio RS	204537569.0	163482.0	WGS	GENOMIC	SINGLE	DNA of Mtb
DRR538221	DRX522040	DRS397855	DRP011824	PRJDB17661	Streptococcus pasteurianus	k46-0107-A9	PACBIO_SMRT	Sequel	1170588633.0	55373.0	WGS	GENOMIC	SINGLE	Sequel single end sequencing of  SAMD00759071
SRR24139922	SRX19938483	SRS17287192	SRP247747	PRJNA604975	Escherichia coli	ox_bsi_567	OXFORD_NANOPORE	GridION	374842488.0	164501.0	WGS	GENOMIC	SINGLE	oxford_bsi
ERR15095083	ERX14499685	ERS24813660	ERP119900	PRJEB36683	Klebsiella pneumoniae 11227-1		OXFORD_NANOPORE	PromethION	985899238.0	277820.0	WGS	GENOMIC	SINGLE	Raw reads: MKPU019_L
ERR15195739	ERX14601395	ERS25144168	ERP160948	PRJEB76420	Klebsiella oxytoca		OXFORD_NANOPORE	MinION			WGS	GENOMIC	SINGLE	MinION sequencing
SRR30205929	SRX25668971	SRS22231139	SRP523798	PRJNA1143192	Bradyrhizobium sp. 482_C4_N1_1	482_C4_N1_1	OXFORD_NANOPORE	PromethION	856386882.0	392065.0	WGS	GENOMIC	SINGLE	Bradyrhizobium sp. 482_C4_N1_1 nanopore genome sequencing (double compressed files)
SRR27755671	SRX23420746	SRS13025961	SRP162786	PRJNA493675	Listeria monocytogenes	R20.0127	OXFORD_NANOPORE	MinION	333975248.0	29720.0	WGS	GENOMIC	SINGLE	WGS of Listeria monocytogenes
SRR15140893	SRX11448592	SRS9488523	SRP295672	PRJNA681856	Salmonella enterica subsp. arizonae	LHICA_AZ23	OXFORD_NANOPORE	MinION	28144289.0	4000.0	WGS	GENOMIC	SINGLE	Salmonella AZ23
SRR36093126	SRX31138593	SRS27124367	SRP151512	PRJNA478278	Salmonella enterica	R25.0275	OXFORD_NANOPORE	MinION	262423607.0	76739.0	WGS	GENOMIC	SINGLE	WGS of Salmonella enterica
SRR26165229	SRX21877376	SRS18968795	SRP463027	PRJNA1019775	Mycobacterium tuberculosis		OXFORD_NANOPORE	MinION	372194874.0	139649.0	WGS	GENOMIC	SINGLE	WGS of CDC1551_4 Oxford Nanopore
SRR5438689	SRX2728600	SRS2116649	SRP103679	PRJNA382699	Streptomyces katrae	S3	PACBIO_SMRT	PacBio RS II	2560602200.0	163482.0	WGS	GENOMIC	SINGLE	WGS of Streptomyces S3-4: PacBio-1
DRR187482	DRX177954	DRS108525	DRP005492	PRJDB8578	Pseudoalteromonas sp. A25	A25	OXFORD_NANOPORE	GridION	4885800408.0	1551268.0	WGS	GENOMIC	SINGLE	GridION sequencing of SAMD00180048
SRR35601280	SRX30666437	SRS26687019	SRP540513	PRJNA1129588	Erwinia papayae	MH	OXFORD_NANOPORE	PromethION	233292737.0	60364.0	WGS	GENOMIC	SINGLE	DNA-Seq of Erwinia papayae MH
SRR19787637	SRX15831714	SRS13522805	SRP383167	PRJNA851853	Salmonella enterica	2012K-0501_ONT	OXFORD_NANOPORE	GridION	2658429298.0	299156.0	WGS	GENOMIC	SINGLE	WGS of Salmonella enterica serovar Enteritidis
ERR985327	ERX1066548	ERS736961	ERP005928	PRJEB6403	Escherichia coli	NCTC13125	PACBIO_SMRT	PacBio RS	851541005.0	163482.0	WGS	GENOMIC	SINGLE	PacBio RS sequencing
DRR393788	DRX379607	DRS297121	DRP007849	PRJDB10842	Escherichia coli	JBDGAAB-19-0029	OXFORD_NANOPORE	GridION	1116375921.0	66199.0	WGS	GENOMIC	SINGLE	GridION sequencing of SAMD00501575
SRR23148051	SRX19098862	SRS16514086	SRP418402	PRJNA925803	Streptococcus dysgalactiae subsp. equisimilis	MGCS35823	OXFORD_NANOPORE	GridION	502923928.0	524533.0	WGS	GENOMIC	SINGLE	SDSE strain MGCS35823 whole genome sequencing
SRR33599985	SRX28829571	SRS25061987	SRP585898	PRJNA1263016	Staphylococcus aureus	LacFitz	OXFORD_NANOPORE	MinION	889813983.0	149674.0	WGS	GENOMIC	SINGLE	WGS long read sequencing of MRSA
SRR31555816	SRX26921907	SRS23398963	SRP548427	PRJNA1192303	Shigella flexneri	2a	OXFORD_NANOPORE	GridION	572240923.0	116533.0	WGS	GENOMIC	SINGLE	WGS of Shigella sonnei 2021/2022
ERR2432872	ERX2452451	ERS1963360	ERP005928	PRJEB6403	Cronobacter sakazakii	NCTC9238	PACBIO_SMRT	PacBio RS	1368329088.0	163482.0	WGS	GENOMIC	SINGLE	PacBio RS sequencing
SRR27944612	SRX23601376	SRS20444148	SRP489348	PRJNA1067895	Neisseria gonorrhoeae	WHO_D_2024	PACBIO_SMRT	Sequel	868929070.0	223388.0	WGS	GENOMIC	SINGLE	2024 WHO N gonorrhoeae reference strain
SRR28370639	SRX23975770	SRS19599849	SRP496022	PRJNA1087001	Listeria ivanovii	Li 1979	OXFORD_NANOPORE	GridION	134697361.0	31642.0	WGS	GENOMIC	SINGLE	WGS of Listeria ivanovii isolate
SRR23636845	SRX19519764	SRS16906647	SRP424869	PRJNA938446	Legionella cardiaca	H63	PACBIO_SMRT	Sequel II	16734304174.0	1609389.0	WGS	GENOMIC	SINGLE	Genome Sequence of L. cardiaca H63T
SRR30188680	SRX25654195	SRS22296991	SRP458186	PRJNA1012291	Staphylococcus	Staphylococcus aureus	OXFORD_NANOPORE	MinION	156006845.0	109326.0	WGS	GENOMIC	SINGLE	Nanopore sequencing data of MRSA
SRR31549863	SRX26916052	SRS23394994	SRP548334	PRJNA1192198	Pseudomonas aeruginosa PAO1	PAO1	OXFORD_NANOPORE	MinION	1575998934.0	150199.0	WGS	GENOMIC	SINGLE	Whole-genome sequencing of P. aeruginosa engineered serotype
SRR31598984	SRX26963501	SRS23433213	SRP549287	PRJNA1185485	Escherichia coli	692	OXFORD_NANOPORE	PromethION	548842899.0	200000.0	WGS	GENOMIC	SINGLE	W3R-barcode11
SRR17296976	SRX13474271	SRS11371219	SRP351948	PRJNA791332	Brucella intermedia	NCCB 100844	OXFORD_NANOPORE	MinION	377829614.0	56756.0	WGS	GENOMIC	SINGLE	Brucella intermedia isolated from compost, The Netherlands
SRR29782677	SRX25282540	SRS21964065	SRP519345	PRJNA1134675	Vibrio parahaemolyticus	CFSAN123154	OXFORD_NANOPORE	GridION	902656430.0	182815.0	WGS	GENOMIC	SINGLE	Single laboratory evaluation of the (Q20+) nanopore sequencing kit for bacterial outbreak investigations
SRR22007585	SRX17989881	SRS15504333	SRP403961	PRJNA889817	Delftia sp. UGAL515B_04	UGAL515B_04	PACBIO_SMRT	Sequel	4283260965.0	580362.0	WGS	GENOMIC	SINGLE	genome of Delftia_sp_UGAL515B_04:Aedes aegypti gut microbes
SRR13957662	SRX10336015	SRS8455559	SRP300861	PRJNA663900	Enterococcus sp. AZ116	AZ116	OXFORD_NANOPORE	GridION	1346804149.0	845494.0	WGS	GENOMIC	SINGLE	sequencing of enterococcal diversity
ERR3685734	ERX3675338	ERS4047535	ERP114207	PRJEB31632	bacterium		OXFORD_NANOPORE	GridION	474578801.0	69680.0	WGS	GENOMIC	SINGLE	GridION sequencing
SRR16525339	SRX12728146	SRS10336691	SRP357534	PRJNA801415	Klebsiella pneumoniae	147	OXFORD_NANOPORE	GridION	3247062836.0	461166.0	WGS	GENOMIC	SINGLE	Extensive diversification and dissemination of blaNDM carbapenemase plasmids in Enterobacterales in Singapore 2010-2015
SRR23715232	SRX19576475	SRS16959657	SRP425882	PRJNA941043	Telluria mixta	ACM 1762	PACBIO_SMRT	PacBio RS II	1201534945.0	163482.0	WGS	GENOMIC	SINGLE	WGS of Telluria mixta ACM 1762T
SRR33769405	SRX28991957	SRS22456288	SRP444583	PRJNA962904	Klebsiella pneumoniae		PACBIO_SMRT	Sequel II	113094073.0	20781.0	WGS	GENOMIC	SINGLE	PacBio sequencing of AH0452HC1 for ARCH 2
SRR10747683	SRX7423068	SRS5954098	SRP239842	PRJNA597028	Ligilactobacillus animalis	P38	PACBIO_SMRT	Sequel	9446502611.0	3009617.0	WGS	GENOMIC	SINGLE	Genome Assembly of Lactobacillus: Isolate P38
ERR2192961	ERX2249076	ERS1826193	ERP005928	PRJEB6403	Mannheimia haemolytica	NCTC10643	PACBIO_SMRT	PacBio RS	433614359.0	163482.0	WGS	GENOMIC	SINGLE	PacBio RS sequencing
SRR16940866	SRX13132851	SRS11066475	SRP346006	PRJNA554638	Escherichia coli	ESBL10	PACBIO_SMRT	Sequel	476336766.0	95017.0	WGS	GENOMIC	SINGLE	Pacbio of ESBL producing Escherichia coli
SRR27145209	SRX22826906	SRS19807646	SRP476599	PRJNA1050169	Citroniella saccharovorans	DSM 29873	OXFORD_NANOPORE	MinION	37800339.0	3802.0	WGS	GENOMIC	SINGLE	Nanopore MinION of C. saccharovorans
ERR15846363	ERX15246611	ERS21188332	ERP146253	PRJEB61160	Escherichia coli		PACBIO_SMRT	Revio	3471647396.0	388267.0	WGS	GENOMIC	SINGLE	Revio sequencing
SRR305955	SRX081567	SRS212041	SRP007207	PRJNA68253	Escherichia coli		PACBIO_SMRT	PacBio RS	144014119.0	81741.0	WGS	GENOMIC	SINGLE	Whole Genome Sequencing of E. coli isolate C227-11 (CCS)
SRR25467124	SRX21199801	SRS18458348	SRP452337	PRJNA1000618	Escherichia coli	Escherichia coli BL21(DE3)	OXFORD_NANOPORE	MinION	6332285.0	3999.0	WGS	GENOMIC	SINGLE	CASTVK transposition with different condition
ERR14766138	ERX14170119	ERS23791482	ERP170136	PRJEB86838	pig metagenome		OXFORD_NANOPORE	PromethION	12191060009.0	5801518.0	WGS	GENOMIC	SINGLE	Raw reads: DTU_2024_1037151_106_MG_P1_P2_four_rep1
SRR6824084	SRX3780580	SRS3034138	SRP134785	PRJNA402402	Pseudomonas sp. 29	29	PACBIO_SMRT	PacBio RS II	302874856.0	74212.0	WGS	GENOMIC	SINGLE	Flavobacterium sp. 29
SRR32653564	SRX27957841	SRS9522164	SRP569638	PRJNA1234602	Listeria monocytogenes	PNUSAL010798	OXFORD_NANOPORE	PromethION	442508275.0	52264.0	WGS	GENOMIC	SINGLE	ONT of clinical Listeria monocytogenes from NY state surveillance
DRR293648	DRX283098	DRS178555	DRP004189	PRJDB5929	Escherichia coli	C404	OXFORD_NANOPORE	GridION	1477708694.0	213926.0	WGS	GENOMIC	SINGLE	GridION sequencing of SAMD00137973
SRR28445575	SRX24049100	SRS20840578	SRP497734	PRJNA1077798	Alteromonas gracilis	J4	OXFORD_NANOPORE	MinION	2668680.0	1000.0	WGS	GENOMIC	SINGLE	Alteromonas gracilis strain J4, whole genome Nanopore Sequencing
ERR15191305	ERX14596932	ERS25135675	ERP160948	PRJEB76420	Escherichia coli		OXFORD_NANOPORE	MinION			WGS	GENOMIC	SINGLE	MinION sequencing
ERR3280117	ERX3306926	ERS3369312	ERP114808	PRJEB32162	Mycobacterium riyadhense		PACBIO_SMRT	PacBio RS II	114321075.0	16859.0	WGS	GENOMIC	SINGLE	PacBio RS II sequencing
SRR25741567	SRX21464937	SRS18699919	SRP456656	PRJNA983748	Staphylococcus aureus	ST398	OXFORD_NANOPORE	GridION	489112110.0	218437.0	WGS	GENOMIC	SINGLE	WGS of S. aureus: Human Hand
SRR13192624	SRX9626835	SRS7827983	SRP295672	PRJNA681856	Salmonella enterica	LHICA_E1	OXFORD_NANOPORE	MinION	9075092.0	4000.0	WGS	GENOMIC	SINGLE	WGS of Salmonella enterica Lhica E1
DRR631456	DRX611782	DRS443424	DRP012507	PRJDB19916	Desulfovibrio sp. GTC20076	GTC20076	OXFORD_NANOPORE	PromethION	3117887053.0	377632.0	WGS	GENOMIC	SINGLE	PromethION sequencing of SAMD00859406
SRR5071719	SRX2383556	SRS1825771	SRP094110	PRJNA355549	Listeria monocytogenes	CFSAN042078	PACBIO_SMRT	PacBio RS	1750796130.0	163482.0	WGS	GENOMIC	SINGLE	Whole genome shotgun sequencing of Listeria monocytogenes str. HPB5622 by PacBio RS
SRR13648750	SRX10045708	SRS8210108	SRP305173	PRJNA699238	Lactococcus lactis subsp. lactis bv. diacetylactis	Ge001	PACBIO_SMRT	Sequel	23658405881.0	2292889.0	WGS	GENOMIC	SINGLE	WGS of Lactococcus lactis subsp. lactis biovar diacetylactis
ERR1223246	ERX1295459	ERS939212	ERP005928	PRJEB6403	Streptococcus porcinus	NCTC10999	PACBIO_SMRT	PacBio RS	1309639510.0	163482.0	WGS	GENOMIC	SINGLE	PacBio RS sequencing
SRR23891542	SRX19703356	SRS6484549	SRP277193	PRJNA629351	Clostridioides difficile	CDI-23	PACBIO_SMRT	Sequel	743466496.0	108309.0	WGS	GENOMIC	SINGLE	PacBIO sequencing of AR-1089
SRR33769160	SRX28991609	SRS22397445	SRP444583	PRJNA962904	Escherichia coli		PACBIO_SMRT	Sequel II	329889339.0	15256.0	WGS	GENOMIC	SINGLE	PacBio sequencing of AH0056HE2 for ARCH 2
SRR34973319	SRX30092493	SRS26157559	SRP608514	PRJNA1305037	Escherichia coli	MI_KPC_48	OXFORD_NANOPORE	PromethION	500000949.0	68387.0	WGS	GENOMIC	SINGLE	KPC CRE collection from state of Michigan
SRR14474162	SRX10822576	SRS8907057	SRP319038	PRJNA728390	soil metagenome		PACBIO_SMRT	Sequel	17108093.0	11428.0	WGS	GENOMIC	SINGLE	Bacterial 16sDNA
SRR849077	SRX276686	SRS419873	SRP022249	PRJNA157929	Bibersteinia trehalosi USDA-ARS-USMARC-192	USDA-ARS-USMARC-192	PACBIO_SMRT	PacBio RS	245236249.0	81741.0	WGS	GENOMIC	SINGLE	Bibersteinia trehalosi C2 Sequencing
ERR8007798	ERX7573467	ERS9899335	ERP131998	PRJEB47698	Escherichia coli		OXFORD_NANOPORE	MinION	1599240174.0	318506.0	WGS	GENOMIC	SINGLE	MinION sequencing
ERR13656089	ERX13026791	ERS20964748	ERP152411	PRJEB67372	Streptomyces sp. enrichment culture		PACBIO_SMRT	Revio	726044887.0	120951.0	WGS	GENOMIC	SINGLE	Raw reads: SudanB171_2081
SRR24651176	SRX20431355	SRS17736873	SRP438478	PRJNA885826	Bacteroides finegoldii	DSM 17565	OXFORD_NANOPORE	MinION	1930291191.0	295971.0	WGS	GENOMIC	SINGLE	PCR free Oxford Nanopore sequencing of genomic DNA from Bacteroides-finegoldii-DSM-17565
SRR30084997	SRX25558457	SRS22210636	SRP523630	PRJNA1142680	Klebsiella variicola	kv240612_barcode18	OXFORD_NANOPORE	MinION	647567950.0	58108.0	WGS	GENOMIC	SINGLE	Klebsiella variicola strain kv240612_barcode18
SRR8289712	SRX5104316	SRS2224651	SRP018785	PRJNA186035	Salmonella enterica subsp. enterica serovar Montevideo	CFSAN001068	PACBIO_SMRT	Sequel	1611286898.0	225292.0	WGS	GENOMIC	SINGLE	Whole genome PacBio Sequel sequence of Salmonella enterica subsp. enterica serovar Montevideo
SRR15415522	SRX11717557	SRS1717812	SRP332089	PRJNA528413	Escherichia coli O157:H7	F7508	PACBIO_SMRT	PacBio RS II	1181835029.0	163482.0	WGS	GENOMIC	SINGLE	Genome sequencing of E. coli O157:H7 and O55:H7 strains
SRR35213519	SRX30317336	SRS26364270	SRP616002	PRJNA834259	Bradyrhizobium elkanii	USDA 66	PACBIO_SMRT	Sequel II	441484681.0	41318.0	WGS	GENOMIC	SINGLE	Bradyrhizobium elkanii USDA 66
SRR26135184	SRX21848543	SRS18945801	SRP462492	PRJNA946810	Pseudomonas aeruginosa	Rectal_3_P11	OXFORD_NANOPORE	GridION	47773568.0	10529.0	WGS	GENOMIC	SINGLE	WGS of Pseudomonas aeruginosa from hospitalized patiens from Quito, Ecuador
SRR31579370	SRX26944845	SRS23416596	SRP548894	PRJNA1193213	Mycobacterium tuberculosis		OXFORD_NANOPORE	GridION	50101788.0	24213.0	WGS	GENOMIC	SINGLE	02MTB0593_S24_L001
ERR14651464	ERX14052616	ERS23643257	ERP153004	PRJEB67993	Mycobacterium tuberculosis		OXFORD_NANOPORE	MinION			WGS	GENOMIC	SINGLE	MinION sequencing
ERR1173477	ERX1246906	ERS846857	ERP005928	PRJEB6403	Staphylococcus hominis	NCTC 11320	PACBIO_SMRT	PacBio RS	747392594.0	163482.0	WGS	GENOMIC	SINGLE	PacBio RS sequencing
SRR14852522	SRX11171056	SRS9229248	SRP324476	PRJNA738868	Acinetobacter baumannii	DETAB-E300	OXFORD_NANOPORE	MinION	943819042.0	106945.0	WGS	GENOMIC	SINGLE	Nanopore WGS of A. baumannii DETAB-E299
SRR10828862	SRX7502236	SRS5943604	SRP239488	PRJNA598947	Vibrio cholerae O1 biovar El Tor	DRC-193A	PACBIO_SMRT	PacBio RS II	4072001600.0	163482.0	WGS	GENOMIC	SINGLE	WGS of DRC-193A-BlokeschLab
ERR15373206	ERX14776891	ERS23666209	ERP169391	PRJEB86018	Haemophilus influenzae		PACBIO_SMRT	Sequel II	455625560.0	43203.0	WGS	GENOMIC	SINGLE	Sequel II sequencing
SRR386595	SRX109813	SRS004883	SRP001079	PRJNA40077	Cereibacter sphaeroides 2.4.1	2.4.1	PACBIO_SMRT	PacBio RS	104714318.0	81741.0	WGS	GENOMIC	SINGLE	Whole Genome Sequencing and Assembly
SRR3756829	SRX1905917	SRS1546714	SRP078103	PRJNA239125	Butyrivibrio sp. AE3004	AE3004	PACBIO_SMRT	PacBio RS	217734338.0	72181.0	WGS	GENOMIC	SINGLE	Butyrivibrio sp. AE3004
SRR31598708	SRX26963778	SRS23433490	SRP549287	PRJNA1185485	Escherichia coli	761	OXFORD_NANOPORE	PromethION	535370218.0	92000.0	WGS	GENOMIC	SINGLE	W3R-barcode93
SRR30149342	SRX25617291	SRS21937363	SRP518730	PRJNA1133668	Klebsiella pneumoniae	ST258KP202	OXFORD_NANOPORE	MinION	57895368.0	13527.0	WGS	GENOMIC	SINGLE	Nanopore sequencing of clinical CRE isolates: human
SRR29307032	SRX24823995	SRS21408461	SRP509553	PRJNA1115805	Castellaniella ginsengisoli	148131	OXFORD_NANOPORE	MinION	819607638.0	117683.0	WGS	GENOMIC	SINGLE	ONT seq of cas_148131
DRR482547	DRX466773	DRS312767	DRP010188	PRJDB15932	Campylobacter jejuni	BCH-10525	OXFORD_NANOPORE	MinION	149118100.0	13626.0	WGS	GENOMIC	SINGLE	SSUB025744: Campylobacter jejuni BCH-10525
SRR21415820	SRX17420060	SRS12115248	SRP361569	PRJNA768416	Psychrobacillus sp. FSL K6-1464	FSL K6-1464	OXFORD_NANOPORE	MinION	563361272.0	114655.0	WGS	GENOMIC	SINGLE	WGS of Bacilli
ERR688942	ERX633924	ERS523584	ERP005928	PRJEB6403	Serratia plymuthica	NCTC8900	PACBIO_SMRT	PacBio RS	1044695068.0	163482.0	WGS	GENOMIC	SINGLE	PacBio RS sequencing
SRR12710652	SRX9189553	SRS7425646	SRP285349	PRJNA658327	Rothia dentocariosa	AM 208	OXFORD_NANOPORE	MinION	352426038.0	51592.0	WGS	GENOMIC	SINGLE	Oxford Nanopore Technologies raw reads from nitrate-reducing isolated organism from dental plaque sample number 10 of donor number 1
DRR352090	DRX338001	DRS230611	DRP008283	PRJDB13175	Roseomonas fluvialis	S08	OXFORD_NANOPORE	GridION	1056152195.0	494277.0	WGS	GENOMIC	SINGLE	GridION sequencing of SAMD00446210
SRR21607589	SRX17608729	SRS15144899	SRP397687	PRJNA812594	Acinetobacter baumannii	1326952-3	OXFORD_NANOPORE	GridION	968050601.0	132181.0	WGS	GENOMIC	SINGLE	Nanopore sequencing of CRAB
SRR17881038	SRX14040424	SRS11875455	SRP358234	PRJNA803326	Salmonella enterica subsp. enterica serovar Kentucky	N14-1660	OXFORD_NANOPORE	MinION	407207599.0	31006.0	WGS	GENOMIC	SINGLE	Long read sequencing of Salmonella enterica N14-1660
ERR159971	ERX135911	ERS088717	ERP001163	PRJEB2848	Staphylococcus aureus subsp. aureus TW20	TW20	PACBIO_SMRT	PacBio RS	204572609.0	81741.0	WGS	GENOMIC	SINGLE	
SRR20140614	SRX16175650	SRS13837234	SRP386242	PRJNA335730	Listeria monocytogenes	L58-55	OXFORD_NANOPORE	GridION	541336070.0	56184.0	WGS	GENOMIC	SINGLE	Genome sequencing of Listeria monocytogenes L58-55
SRR28257179	SRX23867727	SRS20686626	SRP250705	PRJNA607328	Saccharomyces cerevisiae	missing	PACBIO_SMRT	PacBio RS II	7075254144.0	498020.0	WGS	GENOMIC	SINGLE	Saccharomyces cerevisiae FELIX_MS185 PacBio
SRR29842195	SRX25340063	SRS22007441	SRP520125	PRJNA1134661	Salmonella enterica		OXFORD_NANOPORE	MinION	761503039.0	213733.0	WGS	GENOMIC	SINGLE	Salmonella enterica from broiler chicken litter
SRR31024353	SRX26411210	SRS22931164	SRP539092	PRJNA1174068	Vibrio cholerae	mHDM VC236	OXFORD_NANOPORE	PromethION	813806114.0	238532.0	WGS	GENOMIC	SINGLE	WGS of Vcholerae isolates
ERR15195368	ERX14601042	ERS25142007	ERP160948	PRJEB76420	Escherichia coli		OXFORD_NANOPORE	MinION			WGS	GENOMIC	SINGLE	MinION sequencing
SRR27972509	SRX23625944	SRS20465414	SRP489819	PRJNA1076692	Klebsiella pneumoniae	RIVM_C050505_rerio	OXFORD_NANOPORE	MinION	197890676.0	57865.0	WGS	GENOMIC	SINGLE	RIVM_C050505_rerio
ERR10155829	ERX9691949	ERS6426035	ERP109413	PRJEB27342	Klebsiella pasteurii		PACBIO_SMRT	Sequel II	7292006435.0	1205671.0	WGS	GENOMIC	SINGLE	Sequel II sequencing
ERR10498325	ERX10015614	ERS14255350	ERP142629	PRJEB57633	Escherichia coli		OXFORD_NANOPORE	GridION	142455606.0	17664.0	WGS	GENOMIC	SINGLE	Raw reads: ONT_30345_1#107
SRR15031936	SRX11343443	SRS9383692	SRP326726	PRJNA737600	Streptomyces sp. GMY02	GMY02	OXFORD_NANOPORE	GridION	7229874.0	4000.0	WGS	GENOMIC	SINGLE	WGS Streptomyces sp. GMY02
SRR13328083	SRX9755129	SRS7944839	SRP299781	PRJNA684363	Pseudomonas sp. TH62	TH62	OXFORD_NANOPORE	MinION	948215985.0	451841.0	WGS	GENOMIC	SINGLE	WGS of Pseudomonas sp. : bacterial isolate
ERR12663056	ERX12037266	ERS18294089	ERP157508	PRJEB72727	Klebsiella michiganensis		OXFORD_NANOPORE	MinION			WGS	GENOMIC	SINGLE	MinION sequencing
SRR28445594	SRX24049081	SRS20840578	SRP497734	PRJNA1077798	Alteromonas gracilis	J4	OXFORD_NANOPORE	MinION	2954261.0	1000.0	WGS	GENOMIC	SINGLE	Alteromonas gracilis strain J4, whole genome Nanopore Sequencing
SRR16775472	SRX12974685	SRS10915520	SRP215816	PRJNA470993	Staphylococcus aureus		PACBIO_SMRT	PacBio RS II	1018293932.0	134103.0	WGS	GENOMIC	SINGLE	WGS of Staphylococcus aureus
SRR36095981	SRX31141473	SRS27128437	SRP291668	PRJNA675431	Klebsiella pneumoniae		OXFORD_NANOPORE	PromethION	261256490.0	65254.0	WGS	GENOMIC	SINGLE	WGS of Klebsiella pneumoniae
SRR24140471	SRX19939002	SRS17287711	SRP247747	PRJNA604975	Escherichia coli	ox_bsi_667	OXFORD_NANOPORE	GridION	521146408.0	225451.0	WGS	GENOMIC	SINGLE	oxford_bsi
SRR19887148	SRX15930369	SRS13618559	SRP384024	PRJNA852277	Burkholderia contaminans	NML151013	OXFORD_NANOPORE	MinION	3695880523.0	893805.0	WGS	GENOMIC	SINGLE	Oxford Nanopore Minion Reads Burkholderia contaminans
ERR12448444	ERX11824866	ERS17728761	ERP156572	PRJEB71788	Listeria monocytogenes		OXFORD_NANOPORE	GridION	434237425.0	24009.0	WGS	GENOMIC	SINGLE	Raw reads: ListPred_4549
ERR1016536	ERX1095596	ERS747611	ERP005928	PRJEB6403	Klebsiella pneumoniae	NCTC9163	PACBIO_SMRT	PacBio RS	251698299.0	163482.0	WGS	GENOMIC	SINGLE	PacBio RS sequencing
SRR21415656	SRX17420224	SRS13525993	SRP361569	PRJNA768416	Aeribacillus sp. FSL W8-0870		OXFORD_NANOPORE	MinION	574142252.0	181784.0	WGS	GENOMIC	SINGLE	WGS of Bacilli
ERR15095063	ERX14499665	ERS24813680	ERP119900	PRJEB36683	Klebsiella pneumoniae 11227-1		OXFORD_NANOPORE	PromethION	160290487.0	77937.0	WGS	GENOMIC	SINGLE	Raw reads: RKPB003_L
SRR32364779	SRX27699367	SRS21131590	SRP444583	PRJNA962904	Escherichia coli		PACBIO_SMRT	Sequel II	158415742.0	7373.0	WGS	GENOMIC	SINGLE	PacBio sequencing of CS5404C1 for ARCH 1.0
SRR26135340	SRX21848640	SRS18945897	SRP462494	PRJNA1019784	Shigella sonnei	3.6.1.1.2	OXFORD_NANOPORE	GridION	306894862.0	140160.0	WGS	GENOMIC	SINGLE	WGS of Shigella in Vancouver, 2021-23
SRR14871193	SRX11188625	SRS9244926	SRP324862	PRJNA736470	Streptococcus equi subsp. equi	SEE_19-060	PACBIO_SMRT	Sequel	1455423157.0	245019.0	WGS	GENOMIC	SINGLE	PacBio whole genome sequencing of Streptococcu equi
SRR34314144	SRX29480262	SRS25623696	SRP596281	PRJNA1284587	Staphylococcus aureus	JE2::sirA	OXFORD_NANOPORE	MinION	993220790.0	216602.0	WGS	GENOMIC	SINGLE	ONT sequencing of sirA transposon mutant in JE2 backbone
ERR972359	ERX1049336	ERS715426	ERP005928	PRJEB6403	Escherichia coli	NCTC11118	PACBIO_SMRT	PacBio RS	1246885468.0	163482.0	WGS	GENOMIC	SINGLE	PacBio RS sequencing
SRR13680597	SRX10070111	SRS8231710	SRP303037	PRJNA694442	Salmonella enterica		OXFORD_NANOPORE	GridION	736428226.0	92238.0	WGS	GENOMIC	SINGLE	Multiplex WGS of Salmonella enterica
SRR28434830	SRX24038420	SRS20831671	SRP497546	PRJNA1091452	Listeria monocytogenes	L-06	OXFORD_NANOPORE	MinION	333640851.0	68606.0	WGS	GENOMIC	SINGLE	ONT performance study sequencing of L. monocytogenes
SRR36316118	SRX31347764	SRS27319544	SRP651533	PRJNA1374223	Klebsiella pneumoniae	AR-1049-MV	OXFORD_NANOPORE	GridION	575262566.0	65664.0	WGS	GENOMIC	SINGLE	WGS of Klebsiella pneumoniae: CDC AR Isolate Collection strain AR-1049, evolved in meropenem/vaborbactam, growth control, long reads
SRR29773856	SRX25273761	SRS21957755	SRP519241	PRJNA1123620	Enterobacter hormaechei	61840_lr	OXFORD_NANOPORE	MinION	1038706098.0	253378.0	WGS	GENOMIC	SINGLE	Enterobacter hormaechei
SRR26950675	SRX22644531	SRS19641537	SRP474291	PRJNA1043871	Bacillus sp. PBL-C9	PBL-C9	OXFORD_NANOPORE	MinION	11105043.0	3980.0	WGS	GENOMIC	SINGLE	Bacillus sp. PBL-C9 Genome sequencing and assembly
SRR21231526	SRX17241637	SRS14807614	SRP394322	PRJNA742876	Bradyrhizobium sp. ISRA463	ISRA463	OXFORD_NANOPORE	MinION	675413030.0	156121.0	WGS	GENOMIC	SINGLE	Genome Sequencing of Bradirhizobium sp. ISRA464
SRR1736224	SRX735347	SRS723694	SRP049022	PRJNA264128	Streptococcus pneumoniae ST556	ST556	PACBIO_SMRT	PacBio RS	386375496.0	163482.0	WGS	GENOMIC	SINGLE	SMRT sequencing data of whole genome amplified (WGA) S. pneumoniae ST556
ERR12031449	ERX11414993	ERS16321556	ERP149275	PRJEB64143	Streptococcus pneumoniae	HUB-01001	OXFORD_NANOPORE	MinION	36277643.0	11762.0	WGS	GENOMIC	SINGLE	MinION sequencing
ERR987692	ERX1068950	ERS745824	ERP010683	PRJEB9562	Salmonella sp.		PACBIO_SMRT	PacBio RS	1667103369.0	163482.0	WGS	GENOMIC	SINGLE	PacBio RS sequencing
SRR12390639	SRX8889161	SRS7148685	SRP275972	PRJNA632062	Paraburkholderia metrosideri	M3D4D	PACBIO_SMRT	PacBio RS II	3820015101.0	753797.0	WGS	GENOMIC	SINGLE	Paraburkholderia metrosideri M3D4D
SRR900212	SRX305337	SRS444493	SRP026009	PRJNA191789	Mycobacteroides abscessus subsp. bolletii 103	103	PACBIO_SMRT	PacBio RS	377459781.0	81741.0	WGS	GENOMIC	SINGLE	
ERR15941426	ERX15336971	ERS27416742	ERP185476	PRJEB104171	Escherichia coli		OXFORD_NANOPORE	MinION	163027032.0	44336.0	WGS	GENOMIC	SINGLE	MinION sequencing
SRR17023783	SRX13213806	SRS11139745	SRP326190	PRJNA742487	Acinetobacter baumannii	MRSN 58	OXFORD_NANOPORE	MinION	2392808372.0	211048.0	WGS	GENOMIC	SINGLE	Minion of Acinetobacter baumannii MRSN 58
ERR999928	ERX1078964	ERS747594	ERP005928	PRJEB6403	Klebsiella pneumoniae	NCTC7427	PACBIO_SMRT	PacBio RS	2583588729.0	163482.0	WGS	GENOMIC	SINGLE	PacBio RS sequencing
SRR4136177	SRX2118766	SRS1667663	SRP084795	PRJNA257846	Gillisia sp. Hel_I_86	Hel_I_86	PACBIO_SMRT	PacBio RS	275372749.0	76414.0	WGS	GENOMIC	SINGLE	Gillisia sp. Hel_I_86
SRR31024364	SRX26411199	SRS22931159	SRP539092	PRJNA1174068	Vibrio cholerae	mHDM VC226	OXFORD_NANOPORE	PromethION	435379268.0	338668.0	WGS	GENOMIC	SINGLE	WGS of Vcholerae isolates
DRR551250	DRX534984	DRS397391	DRP011804	PRJDB18028	Corynebacterium ulcerans	KPHES-18084	OXFORD_NANOPORE	GridION	5345194571.0	480000.0	WGS	GENOMIC	SINGLE	GridION sequencing of SAMD00773214
ERR5214353	ERX5017809	ERS5599730	ERP126298	PRJEB42440	Klebsiella pneumoniae		OXFORD_NANOPORE	MinION	468236093.0	123143.0	WGS	GENOMIC	SINGLE	MinION sequencing
SRR24035308	SRX19837953	SRS17196844	SRP430325	PRJNA944978	Ralstonia sp. AB5-6	AB5-6	OXFORD_NANOPORE	GridION	220006978.0	7941.0	WGS	GENOMIC	SINGLE	Genome sequencing of Harvard Forest soil isolates
SRR16940872	SRX13132845	SRS11066465	SRP346006	PRJNA554638	Escherichia coli	ESBL4	PACBIO_SMRT	Sequel	556015334.0	109513.0	WGS	GENOMIC	SINGLE	Pacbio of ESBL producing Escherichia coli
ERR15814488	ERX15214405	ERS27173589	ERP183512	PRJEB102112	Rhizobium endophyticum CCGE 2052	CCGE 2052	OXFORD_NANOPORE	PromethION	1442938899.0	475444.0	WGS	GENOMIC	SINGLE	PromethION sequencing
SRR18117875	SRX14268359	SRS12087390	SRP361201	PRJNA809755	Enterobacter cloacae	not collected	OXFORD_NANOPORE	GridION	683529304.0	103463.0	WGS	GENOMIC	SINGLE	E.cloacae CFN_9843
SRR16929211	SRX13121356	SRS11056113	SRP303790	PRJNA685966	Staphylococcus pseudintermedius	HSP243	OXFORD_NANOPORE	MinION	772590950.0	241277.0	WGS	GENOMIC	SINGLE	Long-read genomic sequencing of Staphylococcus pseudintermedius from canine skin
ERR14294234	ERX13695332	ERS23161463	ERP163718	PRJEB79567	Salmonella enterica subsp. enterica serovar Enteritidis		OXFORD_NANOPORE	PromethION	585007020.0	132000.0	WGS	GENOMIC	SINGLE	Raw reads: SE060_L
SRR13289913	SRX9719014	SRS7913069	SRP278657	PRJNA658369	Klebsiella pneumoniae	ARLG-4564	OXFORD_NANOPORE	GridION	1213469546.0	166258.0	WGS	GENOMIC	SINGLE	ONT seq of K. pneumoniae
SRR24887475	SRX20650033	SRS17947923	SRP442267	PRJNA708467	Nocardioides massiliensis	GD13	PACBIO_SMRT	Sequel II	6076162317.0	921104.0	WGS	GENOMIC	SINGLE	Nocardioides massiliensis DSM 28216
ERR1681951	ERX1751568	ERS1234126	ERP005928	PRJEB6403	Clostridium perfringens	NCTC10240	PACBIO_SMRT	PacBio RS	1490037252.0	163482.0	WGS	GENOMIC	SINGLE	PacBio RS sequencing
DRR700000	DRX680097	DRS481840	DRP013430	PRJDB20146	Escherichia coli		OXFORD_NANOPORE	MinION	22394181.0	3806.0	WGS	GENOMIC	SINGLE	MinION sequencing of SAMD01239060
SRR14628221	SRX10968952	SRS9046493	SRP321015	PRJNA731114	Pseudomonas aeruginosa	PaLo514	OXFORD_NANOPORE	MinION	361910731.0	85954.0	WGS	GENOMIC	SINGLE	Nanopore sequencing of Pseudomonas aeruginosa isolates
SRR31583378	SRX26948876	SRS23420338	SRP548954	PRJNA1193326	Campylobacter jejuni		OXFORD_NANOPORE	MinION	127740437.0	166345.0	WGS	GENOMIC	SINGLE	Long-read Nanopore-based WGS characterization of antimicrobial resistant Campylobacter jejuni and Campylobacter coli isolates from humans, animals and food products in Northern Spain within a One Health approach
DRR378570	DRX364471	DRS241808	DRP008598	PRJDB13586	Campylobacter jejuni	THJ016	OXFORD_NANOPORE	MinION	250214803.0	26427.0	WGS	GENOMIC	SINGLE	SSUB21860 : Campylobacter jejuni THJ016
SRR35674129	SRX30725537	SRS26742240	SRP561673	PRJNA1219398	Pasteurella multocida	192948	OXFORD_NANOPORE	MinION	273313519.0	30233.0	WGS	GENOMIC	SINGLE	DNA-Seq of Pasteurella multocida 192948
ERR8441262	ERX8008171	ERS10153318	ERP134918	PRJEB50347	Escherichia coli		OXFORD_NANOPORE	MinION	250946023.0	28796.0	WGS	GENOMIC	SINGLE	MinION sequencing; Raw reads: 17_19_nano
SRR19776529	SRX15820967	SRS12274006	SRP364249	PRJNA816422	Helicobacter pylori	Hpfe082	OXFORD_NANOPORE	MinION	282095222.0	51904.0	WGS	GENOMIC	SINGLE	nanopore sequencing of h. pylori genomic DNA
SRR9221497	SRX5991889	SRS4897028	SRP191068	PRJNA528511	Escherichia coli	GTEN_90	OXFORD_NANOPORE	GridION	1192488752.0	296314.0	WGS	GENOMIC	SINGLE	Global TravEpiNet AMR surveillance Genome sequencing and assembly
SRR34701457	SRX29836715	SRS25940503	SRP603238	PRJNA1295476	Stenotrophomonas	STK1_22	OXFORD_NANOPORE	PromethION	254505769.0	27069.0	WGS	GENOMIC	SINGLE	ONT SQK-NBD114-96 library of Stenotrophomonas STK1_22: R10.4.1 flowcell on PromethION, guppy v7.2.13 with model dna_r10.4.1_e8.2_400bps_sup@v4.2.0
ERR1124226	ERX1203425	ERS811728	ERP005928	PRJEB6403	Staphylococcus aureus	NCTC4137	PACBIO_SMRT	PacBio RS	1557169436.0	163482.0	WGS	GENOMIC	SINGLE	PacBio RS sequencing
SRR16925215	SRX13117387	SRS11052372	SRP345712	PRJNA779856	Lacticaseibacillus paracasei		PACBIO_SMRT	Sequel	1181104812.0	237553.0	WGS	GENOMIC	SINGLE	DNA methylation-guided metabolism
ERR5646311	ERX5361811	ERS6162965	ERP128070	PRJEB44065	Bacillus velezensis		OXFORD_NANOPORE	MinION	1823638452.0	610707.0	WGS	GENOMIC	SINGLE	MinION sequencing; Raw reads: MinION_WGS_Crystal-2
SRR12827912	SRX9295550	SRS7520581	SRP287409	PRJNA314012	Arthrobacter sp. D2	D2	OXFORD_NANOPORE	MinION	303164583.0	104546.0	WGS	GENOMIC	SINGLE	D2 metagenome
SRR14862582	SRX11180185	SRS9237724	SRP324476	PRJNA738868	Acinetobacter baumannii	DETAB-P90	OXFORD_NANOPORE	MinION	1024874014.0	82942.0	WGS	GENOMIC	SINGLE	Nanopore WGS of A. baumannii DETAB-P90
SRR31024282	SRX26411281	SRS22931238	SRP539092	PRJNA1174068	Vibrio cholerae	mHDM VC124	OXFORD_NANOPORE	PromethION	308502161.0	153635.0	WGS	GENOMIC	SINGLE	WGS of Vcholerae isolates
SRR287736	SRX078302	SRS212388	SRP007207	PRJNA68253	Escherichia coli		PACBIO_SMRT	PacBio RS	193340973.0	81741.0	WGS	GENOMIC	SINGLE	Whole Genome Sequencing for C754-09
SRR33768859	SRX28991219	SRS22455742	SRP444583	PRJNA962904	Enterobacter hormaechei		PACBIO_SMRT	Sequel II	364295666.0	16989.0	WGS	GENOMIC	SINGLE	PacBio sequencing of AH0358HE1 for ARCH 2
SRR29099097	SRX24623051	SRS21135309	SRP395888	PRJNA812595	Escherichia coli		OXFORD_NANOPORE	GridION	1259052982.0	154100.0	WGS	GENOMIC	SINGLE	Nanopore sequencing of ARLN isolate
ERR15606610	ERX15009755	ERS26887932	ERP171481	PRJEB88388	Bacillus licheniformis	R-90770	OXFORD_NANOPORE	MinION	807428341.0	1021870.0	WGS	GENOMIC	SINGLE	Raw reads: Bacillus licheniformis R-90770
ERR12031462	ERX11415006	ERS16321815	ERP149275	PRJEB64143	Streptococcus pneumoniae	HUB-11987	OXFORD_NANOPORE	MinION	42508906.0	43901.0	WGS	GENOMIC	SINGLE	MinION sequencing
SRR707858	SRX228383	SRS411274	SRP022834	PRJNA82537	Enterococcus durans ATCC 6056	ATCC 6056	PACBIO_SMRT	PacBio RS	89116330.0	81741.0	WGS	GENOMIC	SINGLE	Pacbio whole genome shotgun sequencing of genomic DNA library 'LR_134_Edurans' containing sample 'ATCC6056' from individual 'Enterococcus_durans_ATCC6056'
ERR1229118	ERX1301170	ERS950462	ERP005928	PRJEB6403	Staphylococcus capitis	NCTC11045	PACBIO_SMRT	PacBio RS	3375950586.0	163482.0	WGS	GENOMIC	SINGLE	PacBio RS sequencing
SRR24511753	SRX20296218	SRS17622253	SRP437182	PRJNA957352	Microbacterium sp. SORGH_AS_0428	SORGH_AS_0428	PACBIO_SMRT	Sequel IIe	295642739.0	31088.0	WGS	GENOMIC	SINGLE	Microbacterium sp. SORGH_AS428
SRR24918234	SRX20679024	SRS17875856	SRP338930	PRJNA766641	Mycobacterium tuberculosis	IDR 2200034189	OXFORD_NANOPORE	MinION	28186905.0	18532.0	WGS	GENOMIC	SINGLE	MinION sequencing of TB isolates
SRR1740486	SRX747880	SRS734220	SRP049417	PRJNA259789	Klebsiella pneumoniae	38547	PACBIO_SMRT	PacBio RS	414933529.0	163482.0	WGS	GENOMIC	SINGLE	
SRR33323140	SRX28567644	SRS24861751	SRP581476	PRJNA1255637	Klebsiella pneumoniae	ONT-KP10	OXFORD_NANOPORE	GridION	1295907133.0	225888.0	WGS	GENOMIC	SINGLE	ONT-KP10
SRR12938891	SRX9402374	SRS7620282	SRP040661	PRJNA231221	Staphylococcus pasteuri	FDAARGOS_1151	PACBIO_SMRT	Sequel	2589809175.0	333761.0	WGS	GENOMIC	SINGLE	
DRR723553	DRX703574	DRS495704	DRP013760	PRJDB20694	Paenibacillus sp. JCM 9795	JCM 9795	PACBIO_SMRT	Revio	363086991.0	29466.0	WGS	GENOMIC	SINGLE	Revio sequencing of SAMD01611086
ERR10498074	ERX10015363	ERS14254622	ERP142629	PRJEB57633	Escherichia coli		OXFORD_NANOPORE	GridION	81233106.0	9497.0	WGS	GENOMIC	SINGLE	Raw reads: ONT_30348_1#40
DRR572369	DRX555836	DRS426393	DRP012251	PRJDB17574	Escherichia coli	YK-IS1MA-L07-2_G08	OXFORD_NANOPORE	MinION	929529.0	117.0	WGS	GENOMIC	SINGLE	nanopore-seq of SAMD00748210 L07-2_G8
SRR13575630	SRX9973621	SRS8145954	SRP303741	PRJNA695586	Streptococcus pyogenes	M4C20	OXFORD_NANOPORE	MinION	3394785.0	4000.0	WGS	GENOMIC	SINGLE	Whole genome sequence of Streptococcus pyogenes strain M4C20
SRR4232145	SRX2156087	SRS1686088	SRP088159	PRJNA322991	Microbacterium sp. LKL04	LKL04	PACBIO_SMRT	PacBio RS	497061853.0	138828.0	WGS	GENOMIC	SINGLE	Microbacterium sp. LKL04
SRR37168532	SRX32108089	SRS28041578	SRP675690	PRJNA1420075	Pseudomonas aeruginosa		OXFORD_NANOPORE	PromethION	4584529.0	1660.0	WGS	GENOMIC	SINGLE	DNA-Seq: Pf6: Isolate HD7_0500_phi1
SRR10568408	SRX7249877	SRS5748231	SRP234258	PRJNA592372	Escherichia coli	6-Pyelo	PACBIO_SMRT	Sequel	637915209.0	132073.0	WGS	GENOMIC	SINGLE	Long-read sequencing of Escherichia coli 6-Pyelo
SRR19357552	SRX15416249	SRS12115422	SRP361569	PRJNA768416	Bacillus sp. FSL R5-0431	FSL R5-0431	OXFORD_NANOPORE	MinION	499452136.0	111451.0	WGS	GENOMIC	SINGLE	WGS of Bacilli
SRR7517493	SRX4387499	SRS3543984	SRP150664	PRJNA474982	Escherichia coli	UTI89	OXFORD_NANOPORE	MinION	1864839569.0	268395.0	WGS	GENOMIC	SINGLE	Whole genome sequencing (Oxford Nanopore R9.4) of Escherichia coli UTI89
SRR24017996	SRX19820730	SRS17181035	SRP430148	PRJNA950366	Arcanobacterium wilhelmae	DSM 102162	OXFORD_NANOPORE	MinION	34425784.0	8788.0	WGS	GENOMIC	SINGLE	WGS of Arcanobacterium wilhelmae strain DSM 102162 using ONT technology
ERR10357048	ERX9889164	ERS7159819	ERP109413	PRJEB27342	Klebsiella grimontii		PACBIO_SMRT	Sequel II	4788547592.0	731087.0	WGS	GENOMIC	SINGLE	Sequel II sequencing
SRR29446943	SRX24959265	SRS21662912	SRP462793	PRJNA1020275	Providencia stuartii	RIVM_C010700	OXFORD_NANOPORE	GridION	264861347.0	44339.0	WGS	GENOMIC	SINGLE	RIVM_C010700
ERR10499281	ERX10016567	ERS14255961	ERP142629	PRJEB57633	Escherichia coli		OXFORD_NANOPORE	GridION	84467794.0	10204.0	WGS	GENOMIC	SINGLE	Raw reads: ONT_31663_7#106
SRR31598953	SRX26963532	SRS23433244	SRP549287	PRJNA1185485	Escherichia coli	80	OXFORD_NANOPORE	PromethION	1682736906.0	308454.0	WGS	GENOMIC	SINGLE	2ndManhole-barcode88
SRR19820666	SRX15864255	SRS13526096	SRP361569	PRJNA768416	Niallia sp. FSL W8-0177	FSL W8-0177	OXFORD_NANOPORE	MinION	1288858714.0	281032.0	WGS	GENOMIC	SINGLE	WGS of Bacilli
SRR13957651	SRX10336026	SRS8455570	SRP300861	PRJNA663900	Enterococcus sp. AZ129	AZ129	OXFORD_NANOPORE	GridION	987871071.0	595158.0	WGS	GENOMIC	SINGLE	sequencing of enterococcal diversity
DRR287288	DRX276745	DRS318052	DRP010345	PRJDB10714	Annamia dubia NIES-4383	NIES-4383	OXFORD_NANOPORE	MinION	14137432.0	4000.0	WGS	GENOMIC	SINGLE	Annamia_sp_26
DRR207436	DRX197828	DRS121835	DRP005797	PRJDB9285	Metapseudomonas otitidis	MrB4	OXFORD_NANOPORE	GridION	1097152301.0	434489.0	WGS	GENOMIC	SINGLE	GridION sequencing of SAMD00204525
ERR11030080	ERX10466014	ERS14796085	ERP145810	PRJEB60752	Escherichia coli		OXFORD_NANOPORE	MinION	338215848.0	64420.0	WGS	GENOMIC	SINGLE	Raw reads: N16-00882_[Oxford_Nanopore]
SRR9663401	SRX6424275	SRS5080830	SRP213992	PRJNA536289	Phycicoccus sp. GT-36	SLBN-51	PACBIO_SMRT	Sequel	1306729808.0	290591.0	WGS	GENOMIC	SINGLE	Phycicoccus sp. SLBN-51
SRR21630320	SRX17631080	SRS14987152	SRP354045	PRJNA747871	Streptomyces griseoaurantiacus	NBC_00478	OXFORD_NANOPORE	MinION	390859220.0	79120.0	WGS	GENOMIC	SINGLE	nanopore sequencing data from strain NBC_00478
SRR33769221	SRX28991548	SRS22456038	SRP444583	PRJNA962904	Escherichia coli		PACBIO_SMRT	Sequel II	307781783.0	15401.0	WGS	GENOMIC	SINGLE	PacBio sequencing of AH0493HE1 for ARCH 2
SRR30058034	SRX25531942	SRS22184887	SRP523423	PRJNA1142578	Streptococcus pneumoniae	12783733	OXFORD_NANOPORE	PromethION	15088296.0	7112.0	WGS	GENOMIC	SINGLE	Cas9
SRR32398783	SRX27730902	SRS3409945	SRP150360	PRJNA475751	Clostridioides difficile	CD07885	OXFORD_NANOPORE	MinION	185245910.0	96576.0	WGS	GENOMIC	SINGLE	WGS sequencing of C. difficile
SRR32527878	SRX27839650	SRS24213965	SRP567071	PRJNA1230128	Salmonella enterica subsp. salamae	22EPA053NSA_3	OXFORD_NANOPORE	MinION	534902343.0	195387.0	WGS	GENOMIC	SINGLE	nanopore sequence of Salmonella enterica
SRR30149360	SRX25617273	SRS21937342	SRP518730	PRJNA1133668	Klebsiella pneumoniae	ST392KP8	OXFORD_NANOPORE	MinION	50354053.0	13271.0	WGS	GENOMIC	SINGLE	Nanopore sequencing of clinical CRE isolates: human
SRR21706782	SRX17704282	SRS15235072	SRP399542	PRJNA884016	Escherichia coli	SY22B3	OXFORD_NANOPORE	PromethION	792147922.0	53233.0	WGS	GENOMIC	SINGLE	Illumina reads of Escherichia coli str. K-12 substr. DH10B:SY22B3
SRR30949528	SRX26351956	SRS22817150	SRP536567	PRJNA1165464	Escherichia coli	Not applicable	OXFORD_NANOPORE	MinION	438251237.0	148000.0	WGS	GENOMIC	SINGLE	Nanopore sequencing of E.coli: blood isolate
SRR8179777	SRX4999851	SRS4034700	SRP040661	PRJNA231221	Klebsiella sp. FDAARGOS_511	FDAARGOS_511	PACBIO_SMRT	PacBio RS	1167223309.0	163482.0	WGS	GENOMIC	SINGLE	
SRR13380354	SRX9803216	SRS7987502	SRP300808	PRJNA649533	Salmonella enterica		OXFORD_NANOPORE	GridION	576440626.0	93985.0	WGS	GENOMIC	SINGLE	ISF salmonella
SRR24139829	SRX19938576	SRS17287285	SRP247747	PRJNA604975	Escherichia coli	ox_bsi_261	OXFORD_NANOPORE	GridION	156076164.0	52812.0	WGS	GENOMIC	SINGLE	oxford_bsi
SRR4272042	SRX2179265	SRS1704426	SRP040661	PRJNA231221	Legionella anisa	FDAARGOS_200	PACBIO_SMRT	PacBio RS	445324677.0	163482.0	WGS	GENOMIC	SINGLE	
ERR14677072	ERX14080137	ERS23774853	ERP169838	PRJEB86493	Escherichia coli		OXFORD_NANOPORE	MinION	352856042.0	32420.0	WGS	GENOMIC	SINGLE	MinION sequencing
SRR13269234	SRX9699223	SRS7895394	SRP272861	PRJNA646575	Bacteroides fragilis		OXFORD_NANOPORE	GridION	1423232424.0	252848.0	WGS	GENOMIC	SINGLE	WGS  of Bacteroides fragilis group clinical isolates
SRR12390690	SRX8889212	SRS7148736	SRP275985	PRJNA632178	Ectopseudomonas oleovorans	B9D3D	PACBIO_SMRT	PacBio RS II	3800396994.0	472098.0	WGS	GENOMIC	SINGLE	Pseudomonas pseudoalcaligenes B9D3D
SRR26899125	SRX22593285	SRS19599850	SRP473241	PRJNA1042815	Escherichia coli	FDA strain Seattle 1946	OXFORD_NANOPORE	GridION	9202699073.0	6931812.0	WGS	GENOMIC	SINGLE	WGS of Escherichia coli isolate
SRR36200507	SRX31237098	SRS27216427	SRP649104	PRJNA1367967	Klebsiella pneumoniae	26737B1	OXFORD_NANOPORE	PromethION	549377327.0	627129.0	WGS	GENOMIC	SINGLE	WGS of clinical Klebsiella pneumoniae from a referral hospital in Bansang, Gambia
ERR11879748	ERX11273205	ERS16218748	ERP148698	PRJEB63553	Mycobacterium tuberculosis variant bovis		OXFORD_NANOPORE	MinION	184802366.0	36555.0	WGS	GENOMIC	SINGLE	MinION sequencing
SRR25909846	SRX21629940	SRS18800575	SRP458529	PRJNA1013036	Solobacterium moorei	JCM10645	OXFORD_NANOPORE	GridION	150705023.0	62529.0	WGS	GENOMIC	SINGLE	Long read sequencing of Solobacterium moorei  genome
ERR2503144	ERX2522387	ERS1943194	ERP005928	PRJEB6403	Streptococcus dysgalactiae		PACBIO_SMRT	PacBio RS	412753164.0	163482.0	WGS	GENOMIC	SINGLE	PacBio RS sequencing
ERR15665860	ERX15070439	ERS203049	ERP001784	PRJEB3255	Escherichia coli	M380	OXFORD_NANOPORE	MinION	1021283308.0	128694.0	WGS	GENOMIC	SINGLE	MinION sequencing
ERR13695610	ERX13066222	ERS14339898	ERP143282	PRJEB58216	Klebsiella pneumoniae	15059	OXFORD_NANOPORE	GridION	215378744.0	42126.0	WGS	GENOMIC	SINGLE	GridION sequencing
SRR24140475	SRX19938998	SRS17287707	SRP247747	PRJNA604975	Escherichia coli	ox_bsi_663	OXFORD_NANOPORE	GridION	179146917.0	24166.0	WGS	GENOMIC	SINGLE	oxford_bsi
SRR12395419	SRX8893478	SRS7152500	SRP276100	PRJNA650381	Mycobacterium tuberculosis		OXFORD_NANOPORE	MinION	741560736.0	497934.0	WGS	GENOMIC	SINGLE	Nanopore TB WGS
SRR5181944	SRX2498053	SRS1924906	SRP096895	PRJNA353873	Mycobacterium tuberculosis		PACBIO_SMRT	PacBio RS	630785627.0	163482.0	WGS	GENOMIC	SINGLE	DNA of Mtb
ERR15077664	ERX14482303	ERS24753382	ERP172924	PRJEB89896	Klebsiella pneumoniae		PACBIO_SMRT	Sequel II	1348917553.0	72578.0	WGS	GENOMIC	SINGLE	Sequel II sequencing
SRR29316632	SRX24833511	SRS21545341	SRP512379	PRJNA1121190	Vibrio cholerae	143Vc06	OXFORD_NANOPORE	PromethION	250406869.0	31175.0	WGS	GENOMIC	SINGLE	WGS of Vcholerae isolates
ERR1274829	ERX1346417	ERS980034	ERP005928	PRJEB6403	Streptococcus dysgalactiae subsp. equisimilis	NCTC11564	PACBIO_SMRT	PacBio RS	3371839842.0	163482.0	WGS	GENOMIC	SINGLE	PacBio RS sequencing
SRR31540854	SRX26908070	SRS23387529	SRP548173	PRJNA1190675	Escherichia coli	The same strain as the one under SRA accession SRR5024317	OXFORD_NANOPORE	MinION	1228356078.0	226748.0	WGS	GENOMIC	SINGLE	ONT of TAS254
SRR35793400	SRX30842691	SRS5772084	SRP234936	PRJNA593729	Cereibacter sphaeroides	DSM 158	OXFORD_NANOPORE	MinION	4276864508.0	1066454.0	WGS	GENOMIC	SINGLE	Nanopore gDNA reads of Rhodobacter sphaeroides strain DSM158
SRR24139958	SRX19938447	SRS17287156	SRP247747	PRJNA604975	Escherichia coli	ox_bsi_501	OXFORD_NANOPORE	GridION	336125012.0	133587.0	WGS	GENOMIC	SINGLE	oxford_bsi
SRR32972666	SRX28245890	SRS24593553	SRP576427	PRJNA1190511	Yersinia pestis	J180021	PACBIO_SMRT	Sequel	4031037615.0	367952.0	WGS	GENOMIC	SINGLE	WGS of Yersinia pestis: cultured strain J180021
SRR20280215	SRX16313830	SRS13952657	SRP386821	PRJNA857909	Escherichia coli	53127_LR	OXFORD_NANOPORE	MinION	553677154.0	302871.0	WGS	GENOMIC	SINGLE	mcr-1-positive E. coli in the French goat sector
SRR24335776	SRX20128635	SRS6515320	SRP257804	PRJNA626430	Klebsiella pneumoniae	K147	OXFORD_NANOPORE	MinION	819705276.0	112357.0	WGS	GENOMIC	SINGLE	Whole-genome sequencing with long-reads of strain K147
SRR26413108	SRX22118404	SRS16091200	SRP412517	PRJNA910977	Escherichia coli	P0142	PACBIO_SMRT	Sequel II	657144412.0	52678.0	WGS	GENOMIC	SINGLE	WGS of E. coli
SRR16525479	SRX12728006	SRS10336970	SRP357534	PRJNA801415	Klebsiella pneumoniae	34	OXFORD_NANOPORE	GridION	1966555285.0	299704.0	WGS	GENOMIC	SINGLE	Extensive diversification and dissemination of blaNDM carbapenemase plasmids in Enterobacterales in Singapore 2010-2015
SRR16525720	SRX12728279	SRS10336807	SRP357534	PRJNA801415	Klebsiella pneumoniae	395	OXFORD_NANOPORE	GridION	733059442.0	134732.0	WGS	GENOMIC	SINGLE	Extensive diversification and dissemination of blaNDM carbapenemase plasmids in Enterobacterales in Singapore 2010-2015
ERR1397201	ERX1468460	ERS1058915	ERP005928	PRJEB6403	Enterococcus faecalis	3012STDY6331024	PACBIO_SMRT	PacBio RS	2139082412.0	163482.0	WGS	GENOMIC	SINGLE	PacBio RS sequencing
SRR19843290	SRX15887098	SRS12115080	SRP361569	PRJNA768416	Paenibacillus sp. FSL H8-0457		OXFORD_NANOPORE	MinION	353165948.0	105522.0	WGS	GENOMIC	SINGLE	WGS of Bacilli
DRR275248	DRX264832	DRS173594	DRP006554	PRJDB10561	Escherichia coli	missing	OXFORD_NANOPORE	MinION	342858049.0	71204.0	WGS	GENOMIC	SINGLE	MinION sequencing of SAMD00281853
SRR31599077	SRX26964007	SRS23433719	SRP549287	PRJNA1185485	Escherichia coli	662	OXFORD_NANOPORE	PromethION	853291833.0	193373.0	WGS	GENOMIC	SINGLE	RMB-NoR-barcode77
SRR6366327	SRX3461815	SRS2749971	SRP126514	PRJNA421733	Enterobacter cloacae	78	OXFORD_NANOPORE	MinION	1268525427.0	218455.0	WGS	GENOMIC	SINGLE	Enterobacter cloacae complex ST78
ERR1562469	ERX1633225	ERS1178932	ERP005928	PRJEB6403	Salmonella enterica	NCTC6022	PACBIO_SMRT	PacBio RS	954592808.0	163482.0	WGS	GENOMIC	SINGLE	PacBio RS sequencing
SRR22253723	SRX18230273	SRS15726397	SRP407178	PRJNA900181	Acinetobacter baumannii	86II/2C	PACBIO_SMRT	PacBio RS II	1674425130.0	155540.0	WGS	GENOMIC	SINGLE	WGS of 86II/2C-BlokeschLab
SRR31990276	SRX27345197	SRS20831652	SRP497546	PRJNA1091452	Enterococcus faecium	EF26-PS	OXFORD_NANOPORE	MinION	659809410.0	136786.0	WGS	GENOMIC	SINGLE	native ONT data from Enterococcus faecium
SRR27639958	SRX23308087	SRS16250433	SRP040281	PRJNA230403	Salmonella enterica	PNUSAS153761	OXFORD_NANOPORE	MinION	790420561.0	174993.0	WGS	GENOMIC	SINGLE	Whole genome Oxford Nanopore MinION sequence of Salmonella enterica
SRR21133412	SRX17145755	SRS14718167	SRP392968	PRJNA747101	Mycobacterium malmoense	ATCC 29571	OXFORD_NANOPORE	MinION	537736976.0	121181.0	WGS	GENOMIC	SINGLE	ONT_MTS-29
ERR8007826	ERX7573495	ERS9899400	ERP131998	PRJEB47698	Raoultella ornithinolytica		OXFORD_NANOPORE	MinION	577414154.0	83321.0	WGS	GENOMIC	SINGLE	MinION sequencing
SRR19894748	SRX15937795	SRS13624983	SRP384109	PRJNA853901	Bordetella pertussis	Bp-802387-19	OXFORD_NANOPORE	MinION	2010210423.0	246396.0	WGS	GENOMIC	SINGLE	Whole genome sequencing of Bordetella pertussis with Nanopore Q20 kit
ERR13064440	ERX12434964	ERS18677585	ERP155943	PRJEB71065	Enterococcus lactis		PACBIO_SMRT	Sequel II	120949620.0	11005.0	WGS	GENOMIC	SINGLE	Sequel II sequencing
SRR1955627	SRX981139	SRS895961	SRP040661	PRJNA231221	Staphylococcus aureus	FDAARGOS_20	PACBIO_SMRT	PacBio RS	774492833.0	163482.0	WGS	GENOMIC	SINGLE	
SRR21979972	SRX17963131	SRS15479498	SRP403610	PRJNA757133	Escherichia coli	MS15052	OXFORD_NANOPORE	MinION	100638243.0	29631.0	WGS	GENOMIC	SINGLE	NMEC whole genome sequence
SRR901689	SRX306473	SRS445423	SRP026063	PRJNA203574	Mycobacterium avium MAV_120709_2344	MAV_120709_2344	PACBIO_SMRT	PacBio RS	501137434.0	81741.0	WGS	GENOMIC	SINGLE	
SRR27089211	SRX22778488	SRS19762649	SRP475972	PRJNA1049017	Escherichia coli	KE50	OXFORD_NANOPORE	GridION	545663764.0	113318.0	WGS	GENOMIC	SINGLE	Genomic Sequencing of both Escherichia coli and Enterococcus: recurrent urinary tract infections
SRR22106234	SRX18086085	SRS15563996	SRP405049	PRJNA894992	Bacillus siamensis	YB-1631	PACBIO_SMRT	Sequel II	276759717.0	22777.0	WGS	GENOMIC	SINGLE	cleandata by PacBio
SRR12247713	SRX8755454	SRS6976320	SRP266402	PRJNA605147	Citrobacter freundii		OXFORD_NANOPORE	GridION	1343670753.0	180054.0	WGS	GENOMIC	SINGLE	Oxford Nanopore sequencing of Citrobacter freundii isolate RH06|T3-SOC01 cultured from cattle farm soil sample
ERR15465433	ERX14869328	ERS26347567	ERP179079	PRJEB96336	Klebsiella pneumoniae	EuSCAPE_ES105	OXFORD_NANOPORE	GridION	769982167.0	178673.0	WGS	GENOMIC	SINGLE	GridION sequencing
SRR26389271	SRX22095302	SRS19161190	SRP466359	PRJNA660241	Salmonella sp. 2021-108	2021-108	PACBIO_SMRT	PacBio RS	1207565100.0	4025217.0	WGS	GENOMIC	PAIRED	Salmonella enterica Genome sequencing
SRR27446245	SRX23118084	SRS20072589	SRP482230	PRJNA1061752	Brucella abortus	Cam-1_ MGL	OXFORD_NANOPORE	MinION	6679502.0	3929.0	WGS	GENOMIC	SINGLE	Whole-genome sequencing (WGS) of Brucella abortus in camel
SRR34967745	SRX30086913	SRS26153014	SRP608514	PRJNA1305037	Klebsiella pneumoniae	MI_KPC_356	OXFORD_NANOPORE	PromethION	356928935.0	95328.0	WGS	GENOMIC	SINGLE	KPC CRE collection from state of Michigan
SRR26950763	SRX22644443	SRS19641537	SRP474291	PRJNA1043871	Bacillus sp. PBL-C9	PBL-C9	OXFORD_NANOPORE	MinION	10391553.0	3981.0	WGS	GENOMIC	SINGLE	Bacillus sp. PBL-C9 Genome sequencing and assembly
ERR13326537	ERX12697513	ERS20392271	ERP156173	PRJEB71369	Escherichia coli DH5[alpha]		PACBIO_SMRT	Sequel	121548980.0	20431.0	WGS	GENOMIC	SINGLE	Sequel sequencing
SRR7825271	SRX4676334	SRS3770248	SRP161652	PRJNA490599	Glutamicibacter mishrai	S5-52	PACBIO_SMRT	Sequel	3231225476.0	1122988.0	WGS	GENOMIC	SINGLE	Whole genome sequencing of Glutamicibacter mishrai S5-52T (LMG 29155T = KCTC 39846T)
SRR14628264	SRX10968909	SRS8660157	SRP321015	PRJNA731114	Pseudomonas aeruginosa	PaLo43	OXFORD_NANOPORE	MinION	272158469.0	22691.0	WGS	GENOMIC	SINGLE	Nanopore sequencing of Pseudomonas aeruginosa isolates
SRR1177102	SRX476277	SRS561981	SRP038985	PRJNA212466	Anaplasma phagocytophilum str. HGE2		PACBIO_SMRT	PacBio RS	926090188.0	163482.0	WGS	GENOMIC	SINGLE	
ERR1223249	ERX1295462	ERS939215	ERP005928	PRJEB6403	Streptococcus agalactiae	NCTC8100	PACBIO_SMRT	PacBio RS	4206857536.0	163482.0	WGS	GENOMIC	SINGLE	PacBio RS sequencing
SRR30896345	SRX26299676	SRS22828398	SRP536878	PRJNA1134622	Escherichia coli	OXEC-423	OXFORD_NANOPORE	MinION	800557608.0	142028.0	WGS	GENOMIC	SINGLE	OXEC-423
ERR13600534	ERX12971557	ERS16474125	ERP109316	PRJEB27256	Klebsiella pneumoniae		OXFORD_NANOPORE	GridION	352034123.0	13626.0	WGS	GENOMIC	SINGLE	GridION sequencing
SRR4210087	SRX2153069	SRS1683609	SRP087681	PRJNA303840	Pseudomonas arsenicoxydans	CECT 7543	PACBIO_SMRT	PacBio RS	416666278.0	81039.0	WGS	GENOMIC	SINGLE	Pseudomonas arsenicoxydans CECT 7543
DRR723654	DRX703675	DRS495794	DRP013760	PRJDB20694	Marinomonas vaga	JCM 20774	PACBIO_SMRT	Revio	843506168.0	50483.0	WGS	GENOMIC	SINGLE	Revio sequencing of SAMD01611177
SRR21836795	SRX17825867	SRS15349501	SRP401473	PRJNA887340	Neisseria gonorrhoeae	1123850	OXFORD_NANOPORE	GridION	4543266044.0	549647.0	WGS	GENOMIC	SINGLE	Oxford Nanopore reads of Neisseria gonorrhoeae NGC-4
SRR25466794	SRX21199627	SRS18458348	SRP452337	PRJNA1000618	Escherichia coli	Escherichia coli BL21(DE3)	OXFORD_NANOPORE	MinION	6575410.0	3998.0	WGS	GENOMIC	SINGLE	CASTVK transposition with different condition
SRR13501384	SRX9913137	SRS8091045	SRP302787	PRJNA693599	Klebsiella pneumoniae	CPO161	OXFORD_NANOPORE	MinION	135098673.0	66555.0	WGS	GENOMIC	SINGLE	CPO161_nanopore
SRR26800676	SRX22497945	SRS19509769	SRP471417	PRJNA865080	Clostridioides difficile	ST963	OXFORD_NANOPORE	MinION	644257951.0	240315.0	WGS	GENOMIC	SINGLE	Nanopore Sequencing of Clostridioides difficile isolated from Australian Feral Horse Faeces
SRR5746722	SRX2947873	SRS1613996	SRP068737	PRJNA292902	Klebsiella pneumoniae	AR_0158	PACBIO_SMRT	PacBio RS II	538448392.0	163482.0	WGS	GENOMIC	SINGLE	PacBio SMRT Sequencing of Klebsiella pneumoniae FDA-CDC-AR_0158 Genomic Library
SRR32046752	SRX27395878	SRS23827406	SRP504459	PRJNA1105567	Staphylococcus haemolyticus		OXFORD_NANOPORE	MinION	222253162.0	17959.0	WGS	GENOMIC	SINGLE	WGS of Staphylococcus haemolyticus: preterm infant stool
ERR14686243	ERX14087762	ERS23773382	ERP169826	PRJEB86481	Escherichia coli str. K-12 substr. MG1655	K-12	OXFORD_NANOPORE	MinION	79232326.0	18232.0	WGS	GENOMIC	SINGLE	MinION sequencing
ERR791718	ERX808957	ERS646603	ERP005928	PRJEB6403	Staphylococcus lugdunensis	NCTC12217	PACBIO_SMRT	PacBio RS	1045073926.0	163482.0	WGS	GENOMIC	SINGLE	PacBio RS sequencing
SRR5182091	SRX2498198	SRS1925051	SRP096895	PRJNA353873	Mycobacterium tuberculosis		PACBIO_SMRT	PacBio RS	166497726.0	163482.0	WGS	GENOMIC	SINGLE	DNA of Mtb
SRR12299116	SRX8802097	SRS6792714	SRP266402	PRJNA605147	Escherichia coli	RHB35-C14	OXFORD_NANOPORE	GridION	280003166.0	66972.0	WGS	GENOMIC	SINGLE	OXFORD_NANOPORE sequencing of Escherichia coli isolate RH06|T3-C14 cultured from Cattle faeces sample
SRR11567699	SRX8136636	SRS6499930	SRP255655	PRJNA622823	Lactococcus cremoris	F	PACBIO_SMRT	PacBio RS II	460365912.0	163482.0	WGS	GENOMIC	SINGLE	ScrFBP9_50
SRR32972643	SRX28245913	SRS24593577	SRP576427	PRJNA1190511	Yersinia pestis	650072	PACBIO_SMRT	Sequel	703693885.0	51334.0	WGS	GENOMIC	SINGLE	WGS of Yersinia pestis: cultured strain 650072
SRR29316917	SRX24833693	SRS21545524	SRP512379	PRJNA1121190	Vibrio cholerae	138Vc04	OXFORD_NANOPORE	PromethION	534074918.0	85074.0	WGS	GENOMIC	SINGLE	WGS of Vcholerae isolates
SRR5181828	SRX2497937	SRS1924790	SRP096895	PRJNA353873	Mycobacterium tuberculosis		PACBIO_SMRT	PacBio RS	268771139.0	163482.0	WGS	GENOMIC	SINGLE	DNA of Mtb
SRR31693622	SRX27055443	SRS23517411	SRP550670	PRJNA1190473	Wolbachia endosymbiont of Rhagoletis cingulata	wCin2-SW	OXFORD_NANOPORE	MinION	67434375.0	13737.0	WGS	GENOMIC	SINGLE	Nanopore sequencing of Wolbachia endosymbiont of Rhagoletis cingulata wCin2-SW: Wolbachia reads for SV scans
SRR13385981	SRX9805448	SRS7989524	SRP300861	PRJNA663900	Enterococcus sp. DIV1852	DIV1852	OXFORD_NANOPORE	GridION	1363345576.0	154888.0	WGS	GENOMIC	SINGLE	Zoo 3 Enterococcus Diversity Genome sequencing and assembly
SRR12395122	SRX8893775	SRS7152797	SRP276100	PRJNA650381	Mycobacterium tuberculosis		OXFORD_NANOPORE	MinION	727107833.0	438073.0	WGS	GENOMIC	SINGLE	Nanopore TB WGS
SRR24139842	SRX19938563	SRS17287272	SRP247747	PRJNA604975	Escherichia coli	ox_bsi_250	OXFORD_NANOPORE	GridION	78241213.0	61047.0	WGS	GENOMIC	SINGLE	oxford_bsi
SRR4045261	SRX2036146	SRS1630015	SRP046977	PRJNA259658	Enterobacter roggenkampii	DSM 16690	PACBIO_SMRT	PacBio RS II	1676107999.0	163482.0	WGS	GENOMIC	SINGLE	Sample of Enterobacter cloacae DSM16690: 6200 SMRT cell m160716_224702_42206_c101008402550000001823232609161644
ERR8007880	ERX7573549	ERS9899313	ERP131998	PRJEB47698	Pseudomonas aeruginosa		OXFORD_NANOPORE	MinION	78540871.0	12980.0	WGS	GENOMIC	SINGLE	MinION sequencing
SRR16602842	SRX12804007	SRS10749566	SRP343516	PRJNA775652	Ralstonia solanacearum	23-10BR_UW349	PACBIO_SMRT	PacBio RS	2087309253.0	208118.0	WGS	GENOMIC	SINGLE	Cool-virulence in Ralstonia solanacearum
SRR4235134	SRX2156433	SRS1686396	SRP088459	PRJNA323015	Halopseudomonas xinjiangensis	NRRL B-51270	PACBIO_SMRT	PacBio RS	756106110.0	214649.0	WGS	GENOMIC	SINGLE	Pseudomonas xinjiangensis CCTCC 207151
SRR22405905	SRX18375596	SRS15861925	SRP409699	PRJNA887339	Escherichia coli	R10	OXFORD_NANOPORE	MinION	575009204.0	169546.0	WGS	GENOMIC	SINGLE	WGS of E. coli strain R10-S4K79
SRR29316650	SRX24833493	SRS21545323	SRP512379	PRJNA1121190	Vibrio cholerae	141Vc10	OXFORD_NANOPORE	PromethION	239847492.0	27637.0	WGS	GENOMIC	SINGLE	WGS of Vcholerae isolates
SRR32405437	SRX27735836	SRS9466849	SRP390960	PRJNA857526	Escherichia coli	AUSMDU00040126	OXFORD_NANOPORE	PromethION	689823252.0	135296.0	WGS	GENOMIC	SINGLE	Whole genome sequencing of Escherichia/Shigella sp as part of MDU-PHL surveillance activities in Victoria, Australia Raw sequence reads
SRR3537541	SRX1770662	SRS1443114	SRP075296	PRJNA321921	Pseudomonas aeruginosa	PA121617	PACBIO_SMRT	PacBio RS II	2654282122.0	163482.0	WGS	GENOMIC	SINGLE	Pseudomonas aeruginosa PA121617 whole genome sequencing_PacBio RS II
SRR23471079	SRX19374109	SRS10214059	SRP422715	PRJNA878812	Pseudomonas aeruginosa		OXFORD_NANOPORE	GridION	48447769.0	13124.0	WGS	GENOMIC	SINGLE	Nanopore sequencing of ARLN isolate
SRR305957	SRX081567	SRS212041	SRP007207	PRJNA68253	Escherichia coli		PACBIO_SMRT	PacBio RS	176346405.0	81741.0	WGS	GENOMIC	SINGLE	Whole Genome Sequencing of E. coli isolate C227-11 (CCS)
SRR31540997	SRX26907927	SRS23387386	SRP548173	PRJNA1190675	Escherichia coli	The same strain as the one under SRA accession SRR6052929	OXFORD_NANOPORE	MinION	746658083.0	93304.0	WGS	GENOMIC	SINGLE	ONT of TAS210
SRR33519063	SRX28753577	SRS9239644	SRP399759	PRJNA857539	Salmonella enterica subsp. enterica	AUSMDU00023736	OXFORD_NANOPORE	GridION	159037560.0	64927.0	WGS	GENOMIC	SINGLE	Whole genome sequencing of Salmonella sp as part of MDU-PHL surveillance activities in Victoria, Australia Raw sequence reads
SRR5856166	SRX3025301	SRS1832560	SRP094480	PRJNA279196	Bordetella pertussis		PACBIO_SMRT	PacBio RS II	1248272637.0	163482.0	WGS	GENOMIC	SINGLE	
ERR1802412	ERX1866143	ERS1295687	ERP005928	PRJEB6403	Actinobacillus lignieresii	NCTC4189	PACBIO_SMRT	PacBio RS	1595362493.0	163482.0	WGS	GENOMIC	SINGLE	PacBio RS sequencing
SRR35148028	SRX30253659	SRS12567054	SRP369301	PRJNA696471	Rhizobium leguminosarum	USDA 2677	PACBIO_SMRT	Sequel II	620747611.0	56904.0	WGS	GENOMIC	SINGLE	Rhizobium leguminosarum USDA 2677
SRR10912284	SRX7579995	SRS6014144	SRP242646	PRJNA563711	Rathayibacter sp. VKM Ac-2759	VKM Ac-2759	OXFORD_NANOPORE	MinION	433636204.0	105881.0	WGS	GENOMIC	SINGLE	WGS of Rathayibacter sp. VKM Ac-2759
SRR21563533	SRX17565862	SRS14987297	SRP354045	PRJNA747871	Nonomuraea sp. NBC_01738	NBC_01738	OXFORD_NANOPORE	MinION	541128991.0	56013.0	WGS	GENOMIC	SINGLE	nanopore sequencing data from strain NBC_01738
SRR10178241	SRX6899666	SRS5431862	SRP222906	PRJNA573516	Streptococcus mitis	S18	OXFORD_NANOPORE	MinION	212838800.0	104384.0	WGS	GENOMIC	SINGLE	MinION sequencing of Streptococcus  mitis
SRR26255274	SRX21965274	SRS3530391	SRP102667	PRJNA292664	Campylobacter coli	CVM N17C644	OXFORD_NANOPORE	MinION	50786196.0	2507.0	WGS	GENOMIC	SINGLE	Complete Genome of Campylobacter CVM N17C644
SRR21696208	SRX17694058	SRS14987416	SRP354045	PRJNA747871	Streptomyces sp. NBC_01617	NBC_01617	OXFORD_NANOPORE	MinION	581955552.0	66584.0	WGS	GENOMIC	SINGLE	nanopore sequencing data from strain NBC_01617
SRR23384640	SRX19323021	SRS16721092	SRP421698	PRJNA924056	Enterobacter hormaechei	CPO123	OXFORD_NANOPORE	MinION	465449383.0	33602.0	WGS	GENOMIC	SINGLE	WGS of bacterial isolate possessing blaIMP-4 carbapenemase
SRR26035254	SRX21752354	SRS18859716	SRP459818	PRJNA1013466	Thermosynechococcus sp. JY1331	JY1331	OXFORD_NANOPORE	MinION	1620131753.0	74014.0	WGS	GENOMIC	SINGLE	WGS of Thermosynechococcus sp. JY1331
SRR33768390	SRX28991086	SRS22397094	SRP444583	PRJNA962904	Escherichia coli		PACBIO_SMRT	Sequel II	140026129.0	6403.0	WGS	GENOMIC	SINGLE	PacBio sequencing of A149012HE1 for ARCH 2
SRR30896489	SRX26300080	SRS22828802	SRP536878	PRJNA1134622	Escherichia coli	OXEC-401	OXFORD_NANOPORE	MinION	685977963.0	208510.0	WGS	GENOMIC	SINGLE	OXEC-401
SRR35898310	SRX30947619	SRS26596044	SRP074197	PRJNA288601	Enterobacter hormaechei	2025CK-01012	OXFORD_NANOPORE	GridION	929815586.0	80357.0	WGS	GENOMIC	SINGLE	Nanopore sequencing of ARLN isolate
SRR643258	SRX209646	SRS379415	SRP017524	PRJNA183628	Mycoplasmoides pneumoniae M129	M129	PACBIO_SMRT	PacBio RS	4345434.0	60961.0	WGS	GENOMIC	SINGLE	WGA M. pneumoniae genome DNA sequenced by FCR chemistry
SRR30946277	SRX26348819	SRS22873978	SRP537809	PRJNA1171136	Klebsiella pneumoniae		OXFORD_NANOPORE	MinION	188702297.0	23751.0	WGS	GENOMIC	SINGLE	WGS of K. pneumoniae
SRR13708353	SRX10097322	SRS8254651	SRP306354	PRJNA701733	Klebsiella pneumoniae	S-170425-8	PACBIO_SMRT	Sequel	1022571521.0	253342.0	WGS	GENOMIC	SINGLE	PacBio WGS of blaNDM-1 harboring Klebsiella pneumoniae from sewage
SRR27678674	SRX23346075	SRS20207313	SRP485167	PRJNA960711	Bacillus altitudinis	J6-1	OXFORD_NANOPORE	MinION	23290938.0	6086.0	WGS	GENOMIC	SINGLE	WGS of Bacillus altitudinis: strain J6-1
SRR10198578	SRX6918709	SRS5449765	SRP051949	PRJNA271899	Enterobacter cloacae	UCI_273	OXFORD_NANOPORE	GridION	243989106.0	72352.0	WGS	GENOMIC	SINGLE	Sequencing of Carbapenem resistant bacteria
SRR6703155	SRX3677334	SRS1256900	SRP068738	PRJNA292900	Klebsiella aerogenes	AR_0062	PACBIO_SMRT	PacBio RS II	860516459.0	163482.0	WGS	GENOMIC	SINGLE	PacBio SMRT Sequencing of Klebsiella aerogenes FDA-CDC-AR_0062 Genomic Library
SRR15989281	SRX12277586	SRS9998488	SRP357537	PRJNA801416	Klebsiella pneumoniae	16	OXFORD_NANOPORE	GridION	2280976577.0	302691.0	WGS	GENOMIC	SINGLE	Whole Genome Sequencing of Carbapenemase-producing Enterobacterales (CPE)
SRR12827779	SRX9295416	SRS7520535	SRP040661	PRJNA231221	Paraburkholderia ginsengisoli	FDAARGOS_1049	PACBIO_SMRT	PacBio RS	1364381578.0	163482.0	WGS	GENOMIC	SINGLE	
SRR10052498	SRX6786418	SRS5332482	SRP219992	PRJNA546931	Micromonospora echinospora	DSM 43036	PACBIO_SMRT	Sequel	552717274.0	149741.0	WGS	GENOMIC	SINGLE	Micromonospora purpurea DSM 43036
SRR30896437	SRX26299584	SRS22828306	SRP536878	PRJNA1134622	Escherichia coli	OXEC-124	OXFORD_NANOPORE	MinION	101844829.0	42388.0	WGS	GENOMIC	SINGLE	OXEC-124
DRR317776	DRX307132	DRS221573	DRP008064	PRJDB11916	Escherichia coli	CVRI_03	OXFORD_NANOPORE	MinION	541595117.0	74492.0	WGS	GENOMIC	SINGLE	MinION sequencing of SAMD00393905
SRR11105307	SRX7742979	SRS6162810	SRP249890	PRJNA607114	Pseudomonas aeruginosa	MS14403	OXFORD_NANOPORE	MinION	4488617740.0	998655.0	WGS	GENOMIC	SINGLE	P. aeruginosa MS14403 PMB-60 ONT sequence data
SRR29377482	SRX24891848	SRS21598380	SRP513495	PRJNA1123277	Lonsdalea quercina	3198-a2	OXFORD_NANOPORE	MinION	4010873258.0	660973.0	WGS	GENOMIC	SINGLE	WGS of Lonsdalea quercina isolate from alder
SRR9151613	SRX5924729	SRS4838489	SRP199766	PRJNA263247	Chitinimonas sp. BJB300	BJB300	OXFORD_NANOPORE	MinION	18499684.0	4000.0	WGS	GENOMIC	SINGLE	BJB300 Nanopore reads
ERR1124238	ERX1203437	ERS811741	ERP005928	PRJEB6403	Staphylococcus aureus	NCTC8724	PACBIO_SMRT	PacBio RS	1660982581.0	163482.0	WGS	GENOMIC	SINGLE	PacBio RS sequencing
SRR28825881	SRX24388703	SRS21144465	SRP504527	PRJNA984017	Serratia marcescens	S5A	OXFORD_NANOPORE	MinION	529959367.0	67334.0	WGS	GENOMIC	SINGLE	Serratia marcescens S5A oxford nanopore reads
SRR13380320	SRX9803250	SRS7987534	SRP300808	PRJNA649533	Salmonella enterica		OXFORD_NANOPORE	GridION	647299328.0	129067.0	WGS	GENOMIC	SINGLE	ISF salmonella
SRR12395070	SRX8893400	SRS7152422	SRP276100	PRJNA650381	Mycobacterium tuberculosis		OXFORD_NANOPORE	MinION	352396387.0	249242.0	WGS	GENOMIC	SINGLE	Nanopore TB WGS
SRR12298576	SRX8801491	SRS6792759	SRP266402	PRJNA605147	Citrobacter freundii	RHB16-C09	OXFORD_NANOPORE	GridION	420036274.0	89950.0	WGS	GENOMIC	SINGLE	OXFORD_NANOPORE sequencing of Citrobacter freundii isolate RH02|T2-C09 cultured from Pig faeces sample
ERR13064441	ERX12434965	ERS17308387	ERP155942	PRJEB71064	Enterococcus faecium		PACBIO_SMRT	Sequel II	371781599.0	37990.0	WGS	GENOMIC	SINGLE	Sequel II sequencing
SRR35213469	SRX30317254	SRS26364189	SRP615992	PRJNA1301220	Acinetobacter baumannii	ABO20-E019	OXFORD_NANOPORE	MinION	199023758.0	54512.0	WGS	GENOMIC	SINGLE	Whole geneme sequencing of Acinetobacter baumannii: isolates of the Ab-One study
SRR34573105	SRX29714852	SRS25823733	SRP601637	PRJNA1292907	Mycobacterium tuberculosis	not applicable	OXFORD_NANOPORE	MinION	155446068.0	248379.0	WGS	GENOMIC	SINGLE	Whole genome sequencing
SRR5819222	SRX2997152	SRS2348337	SRP111657	PRJNA392941	Streptomyces sp. M56	M56	PACBIO_SMRT	PacBio RS II	2227448620.0	163482.0	WGS	GENOMIC	SINGLE	Streptomyces sp. M56
ERR2928978	ERX2931914	ERS2907572	ERP112149	PRJEB29800	Streptococcus pyogenes	PS003	PACBIO_SMRT	PacBio RS	260679540.0	163482.0	WGS	GENOMIC	SINGLE	PacBio RS sequencing
SRR26130634	SRX21844050	SRS18942068	SRP462293	PRJNA1016905	Streptomyces graminofaciens	SAI-205	PACBIO_SMRT	Sequel IIe	643694515.0	62181.0	WGS	GENOMIC	SINGLE	Streptomyces pristinaespiralis SAI-205
SRR23562245	SRX19449188	SRS1637052	SRP018785	PRJNA186035	Salmonella enterica subsp. enterica serovar Kedougou	CFSAN039534	PACBIO_SMRT	Sequel	52252046.0	16371.0	WGS	GENOMIC	SINGLE	Whole genome PacBio Sequel sequence of Salmonella enterica subsp. enterica serovar Oranienburg
SRR28364686	SRX23969789	SRS20768557	SRP495762	PRJNA1088750	Borrelia miyamotoi	MN18-0001	OXFORD_NANOPORE	MinION	115469530.0	8600.0	WGS	GENOMIC	SINGLE	Genome sequencing of B. miyamotoi MN18-0001
SRR17200433	SRX13380616	SRS11284566	SRP350304	PRJNA786653	Haemophilus influenzae	mpi1411	PACBIO_SMRT	Sequel	287210117.0	38678.0	WGS	GENOMIC	SINGLE	WGS of Haemophilus influenzae: mpi1411
SRR17842126	SRX14003158	SRS11841458	SRP357667	PRJNA798866	Acinetobacter baumannii	AB21-VUB	OXFORD_NANOPORE	MinION	1346785637.0	135771.0	WGS	GENOMIC	SINGLE	AB21-VUB complete chromosome
ERR14686319	ERX14087838	ERS23773458	ERP169826	PRJEB86481	Escherichia coli str. K-12 substr. MG1655	K-12	OXFORD_NANOPORE	MinION	266852675.0	83264.0	WGS	GENOMIC	SINGLE	MinION sequencing
SRR34973778	SRX30093065	SRS26157947	SRP608514	PRJNA1305037	Klebsiella pneumoniae	MI_KPC_519	OXFORD_NANOPORE	PromethION	500007656.0	68853.0	WGS	GENOMIC	SINGLE	KPC CRE collection from state of Michigan
SRR26841320	SRX22536961	SRS19546726	SRP472108	PRJNA1018939	Mycoplasmopsis felis	99751	OXFORD_NANOPORE	MinION	280444968.0	187459.0	WGS	GENOMIC	SINGLE	M. felis 8
SRR35158204	SRX30263396	SRS26314659	SRP613631	PRJNA1311546	Bacillus cereus	PS03238	OXFORD_NANOPORE	MinION	130908722.0	35401.0	WGS	GENOMIC	SINGLE	WGS of bacterial isolate: Food isolate
SRR10985362	SRX7647725	SRS6077359	SRP245891	PRJNA603771	Alistipes onderdonkii	GC304_b	PACBIO_SMRT	PacBio RS II	1201516968.0	152485.0	WGS	GENOMIC	SINGLE	WGS_of_Alistipes onderdonkii
SRR33916597	SRX29123986	SRS25329927	SRP591110	PRJNA1274202	Vibrio sp. Vf1514	Vf1514	OXFORD_NANOPORE	MinION	823629662.0	108989.0	WGS	GENOMIC	SINGLE	WGS of Vibrios
ERR10357021	ERX9889137	ERS7159927	ERP109413	PRJEB27342	Klebsiella pneumoniae		PACBIO_SMRT	Sequel II	5625434082.0	849876.0	WGS	GENOMIC	SINGLE	Sequel II sequencing
SRR31460894	SRX26829582	SRS21229618	SRP510483	PRJNA1101017	Escherichia coli O121	GTVSS-020	PACBIO_SMRT	Sequel	1669324928.0	144588.0	WGS	GENOMIC	SINGLE	Whole genome PacBio Sequel sequence of  Escherichia coli serovar O121
SRR21696352	SRX17693913	SRS11554372	SRP354045	PRJNA747871	Streptomyces sp. NBC_01435	NBC_01435	OXFORD_NANOPORE	MinION	926193277.0	116790.0	WGS	GENOMIC	SINGLE	nanopore sequencing data from strain NBC_01435
ERR3085895	ERX3146738	ERS2021757	ERP011196	PRJEB10018	Klebsiella pneumoniae		PACBIO_SMRT	PacBio RS	1126636005.0	163482.0	WGS	GENOMIC	SINGLE	PacBio RS sequencing
SRR18592167	SRX14720815	SRS8179242	SRP367404	PRJNA822931	Klebsiella pneumoniae	Iso00100	OXFORD_NANOPORE	PromethION	3000015673.0	199297.0	WGS	GENOMIC	SINGLE	Long-Read sequencing of K. pneumoniae: Ghanaian patient
SRR14757216	SRX11090785	SRS9156158	SRP323170	PRJNA732579	Staphylococcus aureus	N5	PACBIO_SMRT	Sequel	754544310.0	147539.0	WGS	GENOMIC	SINGLE	WGS of Staphylococcus aureus: human skin
SRR29015147	SRX24541753	SRS21286481	SRP506715	PRJNA981225	Salmonella enterica subsp. enterica serovar Typhimurium	SH15G1761	OXFORD_NANOPORE	PromethION	1000022612.0	25592.0	WGS	GENOMIC	SINGLE	raw sequence data of Salmonella enterica subsp. enterica serovar Typhimurium SH15G1761 using third-generation sequencing
SRR26413078	SRX22118433	SRS16091109	SRP412517	PRJNA910977	Escherichia coli	P0399	PACBIO_SMRT	Sequel II	588768579.0	46241.0	WGS	GENOMIC	SINGLE	WGS of E. coli
SRR34573130	SRX29714827	SRS25823709	SRP601637	PRJNA1292907	Mycobacterium tuberculosis	not applicable	OXFORD_NANOPORE	MinION	204902543.0	312481.0	WGS	GENOMIC	SINGLE	Whole genome sequencing
ERR10498941	ERX10016230	ERS14255953	ERP142629	PRJEB57633	Escherichia coli		OXFORD_NANOPORE	GridION	73815580.0	9341.0	WGS	GENOMIC	SINGLE	Raw reads: ONT_30602_2#93
SRR30149339	SRX25617294	SRS21937362	SRP518730	PRJNA1133668	Klebsiella variicola	ST3524KV1	OXFORD_NANOPORE	MinION	327525801.0	40000.0	WGS	GENOMIC	SINGLE	Nanopore sequencing of clinical CRE isolates: human
SRR21630342	SRX17631056	SRS14987448	SRP354045	PRJNA747871	Nocardia sp. NBC_00403	NBC_00403	OXFORD_NANOPORE	MinION	413335986.0	65427.0	WGS	GENOMIC	SINGLE	nanopore sequencing data from strain NBC_00403
SRR10504869	SRX7193807	SRS5699786	SRP230844	PRJNA347152	Cellulomonas soli	DSM 24484	PACBIO_SMRT	Sequel	1935222371.0	641879.0	WGS	GENOMIC	SINGLE	Cellulomonas soli DSM 24484
SRR10178248	SRX6899659	SRS5431855	SRP222906	PRJNA573516	Streptococcus oralis	S31	OXFORD_NANOPORE	MinION	59294550.0	42485.0	WGS	GENOMIC	SINGLE	MinION sequencing of Streptococcus  oralis
SRR34895940	SRX30026103	SRS26071991	SRP606505	PRJNA1301564	Klebsiella pneumoniae	SMC2105-085	PACBIO_SMRT	Revio	678382210.0	77688.0	WGS	GENOMIC	SINGLE	WGS of Klebsiella pneumoniae: Ertapenem-Mono-Resistant
SRR32364861	SRX27699285	SRS21131438	SRP444583	PRJNA962904	Escherichia coli		PACBIO_SMRT	Sequel II	571482624.0	19466.0	WGS	GENOMIC	SINGLE	PacBio sequencing of CS5770C1 for ARCH 1.0
SRR33123797	SRX28387230	SRS24711158	SRP578427	PRJNA1244367	Bacillus cereus ATCC 14579	ATCC 14579	OXFORD_NANOPORE	GridION	5038299783.0	2144116.0	WGS	GENOMIC	SINGLE	WGS of Bacillus cereus Strain ATCC14630
SRR25500408	SRX21231286	SRS18486648	SRP453072	PRJNA981489	Klebsiella michiganensis	ELP1.34B	OXFORD_NANOPORE	MinION	582463922.0	76815.0	WGS	GENOMIC	SINGLE	Nanopore of  of SAMN35676417
SRR6703763	SRX3677924	SRS2938542	SRP132582	PRJNA401006	Leptospira santarosai serovar Alice	Alice	PACBIO_SMRT	PacBio RS II	2126829174.0	163482.0	WGS	GENOMIC	SINGLE	
SRR18729586	SRX14829781	SRS12585770	SRP369762	PRJNA825705	Klebsiella pneumoniae	ST-15	OXFORD_NANOPORE	MinION	847164133.0	106107.0	WGS	GENOMIC	SINGLE	ONT sequencing of Klebsiella pneumoniae: sample CRE643KLPN
SRR6873507	SRX3826879	SRS3075431	SRP136159	PRJNA439376	Bartonella krasnovii	OE 1-1	OXFORD_NANOPORE	MinION	523666678.0	57779.0	WGS	GENOMIC	SINGLE	Nanopore reads from ancestral clone
SRR21415733	SRX17420147	SRS12115333	SRP361569	PRJNA768416	Cytobacillus sp. FSL R7-0696	FSL R7-0696	OXFORD_NANOPORE	MinION	1674340900.0	328150.0	WGS	GENOMIC	SINGLE	WGS of Bacilli
ERR11275461	ERX10683031	ERS14857430	ERP146774	PRJEB61685	Mycobacterium tuberculosis variant bovis BCG		OXFORD_NANOPORE	MinION	18830500.0	8975.0	WGS	GENOMIC	SINGLE	MinION sequencing
SRR35085859	SRX30199217	SRS26258953	SRP610631	PRJNA1309299	Enterobacter hormaechei	1212841822_EH	OXFORD_NANOPORE	PromethION	8020455197.0	1483544.0	WGS	GENOMIC	SINGLE	WGS of AB-resistant bacteria from meat
ERR1766247	ERX1831816	ERS1247833	ERP005928	PRJEB6403	Mobiluncus curtisii	NCTC11820	PACBIO_SMRT	PacBio RS	904889727.0	163482.0	WGS	GENOMIC	SINGLE	PacBio RS sequencing
SRR14108853	SRX10479529	SRS8607964	SRP312756	PRJNA689092	Xanthomonas campestris pv. campestris	55-1	PACBIO_SMRT	Sequel II	4296538189.0	500578.0	WGS	GENOMIC	SINGLE	Xc isolated from weeds and crops
ERR15732395	ERX15137520	ERS27093554	ERP182414	PRJEB100987	Xanthomonas oryzae pv. oryzae	CIX4277	OXFORD_NANOPORE	MinION	448944663.0	49340.0	WGS	GENOMIC	SINGLE	OXFORD_NANOPORE MinION sequencing; CSG_018 WGS GENOMIC
SRR28811867	SRX24375153	SRS21036785	SRP501980	PRJNA894337	Legionella pneumophila	PATHC028	OXFORD_NANOPORE	MinION	127257953.0	86184.0	WGS	GENOMIC	SINGLE	whole genome sequencing of environmental isolates of Legionella
SRR14311537	SRX10666728	SRS8761236	SRP316079	PRJNA723755	Mycoplasmoides gallisepticum S6	S6, GCW_02360 knockout	PACBIO_SMRT	PacBio RS II	1169147061.0	102285.0	WGS	GENOMIC	SINGLE	DNA-Seq of Mycoplasma gallisepticum S6 GCW_02360 knockout
ERR10498955	ERX10016244	ERS14255445	ERP142629	PRJEB57633	Escherichia coli		OXFORD_NANOPORE	GridION	48712718.0	6519.0	WGS	GENOMIC	SINGLE	Raw reads: ONT_30821_1#114
SRR15076250	SRX11386275	SRS9430937	SRP040661	PRJNA231221	Klebsiella aerogenes	FDAARGOS 1441	PACBIO_SMRT	Sequel II	1532231737.0	154239.0	WGS	GENOMIC	SINGLE	
SRR33346839	SRX28591032	SRS24859092	SRP581397	PRJNA1255661	Agrobacterium vitis	CG490	OXFORD_NANOPORE	PromethION	177544816.0	30256.0	WGS	GENOMIC	SINGLE	WGS of Agrobacterium vitis CG490
SRR711192	SRX228379	SRS411277	SRP022786	PRJNA82565	Enterococcus faecalis V583	V583	PACBIO_SMRT	PacBio RS	100650993.0	81741.0	WGS	GENOMIC	SINGLE	Pacbio whole genome shotgun sequencing of genomic DNA library 'LR_177' containing sample 'V583' from individual 'Enterococcus_faecalis_V583_CB807'
SRR23885808	SRX19697682	SRS17066387	SRP427816	PRJNA944970	Kitasatospora sp. MAP2-59	MAP2-59	OXFORD_NANOPORE	MinION	565694284.0	365786.0	WGS	GENOMIC	SINGLE	Genome sequencing of Harvard Forest soil isolates
SRR8599266	SRX5399279	SRS4386189	SRP186412	PRJNA523188	Burkholderia pseudomallei	CEMM 05-5-096	PACBIO_SMRT	PacBio RS II	441449621.0	54494.0	WGS	GENOMIC	SINGLE	Burkholderia pseudomallei CEMM 05-5-096 PacBio
SRR14108839	SRX10479543	SRS8607978	SRP312756	PRJNA689092	Xanthomonas campestris pv. incanae	8-14	PACBIO_SMRT	Sequel	1893158100.0	310837.0	WGS	GENOMIC	SINGLE	Xc isolated from weeds and crops
ERR10123296	ERX9660360	ERS12841973	ERP139464	PRJEB54630	Escherichia coli		OXFORD_NANOPORE	MinION	292345438.0	63009.0	WGS	GENOMIC	SINGLE	MinION sequencing; Raw reads: 21067608-3_long_read
SRR32204106	SRX27545705	SRS23960614	SRP561120	PRJNA1214876	Ekhidna algicida	To15	OXFORD_NANOPORE	MinION	27538092.0	4000.0	WGS	GENOMIC	SINGLE	Ekhidna algicida strain To15 genome
SRR4237175	SRX2158411	SRS1687804	SRP089598	PRJNA331285	Opitutus sp. GAS368	GAS368	PACBIO_SMRT	PacBio RS	797559976.0	354406.0	WGS	GENOMIC	SINGLE	Opitutus sp. GAS368
SRR21415972	SRX17420516	SRS12115057	SRP361569	PRJNA768416	Staphylococcus sp. FSL K6-0223	FSL K6-0223	OXFORD_NANOPORE	MinION	133929511.0	23671.0	WGS	GENOMIC	SINGLE	WGS of Bacilli
SRR31599232	SRX26963852	SRS23433565	SRP549287	PRJNA1185485	Escherichia coli	1008	OXFORD_NANOPORE	PromethION	342143243.0	98335.0	WGS	GENOMIC	SINGLE	wwtp-9n14-barcode85
SRR19165766	SRX15231996	SRS12965090	SRP374671	PRJNA836696	Escherichia coli	4012	OXFORD_NANOPORE	GridION	1416495058.0	167707.0	WGS	GENOMIC	SINGLE	ONT long-read sequencing of carbapenem non-susceptible Enterobacterales
ERR13600675	ERX12971698	ERS15600200	ERP132614	PRJEB48268	Klebsiella pneumoniae		OXFORD_NANOPORE	GridION	1368239634.0	54210.0	WGS	GENOMIC	SINGLE	GridION sequencing
SRR13071105	SRX9518622	SRS7726243	SRP292851	PRJNA674814	Clostridium beijerinckii	NT08	PACBIO_SMRT	PacBio RS II	551122186.0	62890.0	WGS	GENOMIC	SINGLE	whole genome sequencing of Clostridium beijerinckii wildisolate: mbf-VZ-132
SRR5746754	SRX2947903	SRS1613999	SRP068737	PRJNA292902	Enterobacter cloacae complex sp. AR_0163	AR_0163	PACBIO_SMRT	PacBio RS II	571601958.0	163482.0	WGS	GENOMIC	SINGLE	PacBio SMRT Sequencing of Enterobacter cloacae FDA-CDC-AR_0163 Genomic Library
ERR11040623	ERX10476468	ERS14796141	ERP145810	PRJEB60752	Escherichia coli		OXFORD_NANOPORE	MinION	1383864320.0	135847.0	WGS	GENOMIC	SINGLE	Raw reads: 56.2_[Oxford_Nanopore]
ERR1543223	ERX1613988	ERS1143228	ERP005928	PRJEB6403	Stenotrophomonas maltophilia	NCTC10498	PACBIO_SMRT	PacBio RS	953001870.0	163482.0	WGS	GENOMIC	SINGLE	PacBio RS sequencing
ERR15424442	ERX14828386	ERS25261036	ERP176764	PRJEB93885	Escherichia coli		OXFORD_NANOPORE	PromethION	1048316695.0	181636.0	WGS	GENOMIC	SINGLE	Raw reads: run0_pilot_96_ont_AHB3
ERR13363108	ERX12733994	ERS20579619	ERP151254	PRJEB66182	Klebsiella pneumoniae 11227-1		OXFORD_NANOPORE	PromethION	377787660.0	105705.0	WGS	GENOMIC	SINGLE	PromethION sequencing
DRR444177	DRX429279	DRS320104	DRP010419	PRJDB15300	Sphingobium sp. TomTYG74	TomTYG74	PACBIO_SMRT	Sequel II	629400027.0	49086.0	WGS	GENOMIC	SINGLE	Sequel II sequencing of SAMD00581310
SRR36696017	SRX31703818	SRS27674172	SRP660113	PRJNA1398948	Salmonella enterica	Minnesota	OXFORD_NANOPORE	MinION	813227810.0	1119537.0	WGS	GENOMIC	SINGLE	WGS of Salmonella enteric isolate SA49317
SRR14087463	SRX10461637	SRS8592476	SRP312446	PRJNA689041	Pseudomonas aeruginosa	SPA03	OXFORD_NANOPORE	MinION	448166438.0	90337.0	WGS	GENOMIC	SINGLE	WGS of Pseudomonas aeruginosa SPA03
SRR21630239	SRX17630775	SRS11554472	SRP354045	PRJNA747871	Streptomyces virginiae	NBC_00220	OXFORD_NANOPORE	MinION	490996090.0	152576.0	WGS	GENOMIC	SINGLE	nanopore sequencing data from strain NBC_00220
SRR21415940	SRX17420548	SRS13526157	SRP361569	PRJNA768416	Aeribacillus sp. FSL K6-8394	FSL K6-8394	OXFORD_NANOPORE	MinION	601615369.0	189765.0	WGS	GENOMIC	SINGLE	WGS of Bacilli
SRR19820508	SRX15864413	SRS13526012	SRP361569	PRJNA768416	Paenibacillus sp. FSL L8-0158	FSL L8-0158	OXFORD_NANOPORE	MinION	342191552.0	94216.0	WGS	GENOMIC	SINGLE	WGS of Bacilli
SRR31626367	SRX26990706	SRS23456878	SRP549654	PRJNA1194628	Mycoplasmopsis bovis		OXFORD_NANOPORE	MinION	198407135.0	35843.0	WGS	GENOMIC	SINGLE	WGS of Mycoplasmopsis bovis from cattle lung tissue
ERR13600653	ERX12971676	ERS15600090	ERP132614	PRJEB48268	Klebsiella pneumoniae		OXFORD_NANOPORE	GridION	227790455.0	9915.0	WGS	GENOMIC	SINGLE	GridION sequencing
SRR23648085	SRX19530414	SRS16091121	SRP412517	PRJNA910977	Escherichia coli	P0586	PACBIO_SMRT	Sequel	713358946.0	151634.0	WGS	GENOMIC	SINGLE	WGS of E. coli
ERR5984655	ERX5624333	ERS6796346	ERP129449	PRJEB45354	Escherichia coli		OXFORD_NANOPORE	GridION	91799680.0	14395.0	WGS	GENOMIC	SINGLE	GridION sequencing; Raw reads: ONT_30821_1#280
SRR7132114	SRX4053105	SRS3270137	SRP144917	PRJNA439803	Streptomyces canus	SAI-134	PACBIO_SMRT	PacBio RS II	605214759.0	112809.0	WGS	GENOMIC	SINGLE	Streptomyces ciscaucasicus SAI-134
SRR34967211	SRX30086354	SRS26152656	SRP608514	PRJNA1305037	Klebsiella pneumoniae	MI_KPC_357	OXFORD_NANOPORE	PromethION	499107927.0	89790.0	WGS	GENOMIC	SINGLE	KPC CRE collection from state of Michigan
SRR30896192	SRX26299829	SRS22828551	SRP536878	PRJNA1134622	Escherichia coli	OXEC-21	OXFORD_NANOPORE	MinION	143759812.0	35105.0	WGS	GENOMIC	SINGLE	OXEC-21
SRR2820295	SRX1384784	SRS1134966	SRP040661	PRJNA231221	Staphylococcus saprophyticus	FDAARGOS_137	PACBIO_SMRT	PacBio RS	308460114.0	163482.0	WGS	GENOMIC	SINGLE	
SRR36200490	SRX31237115	SRS27216444	SRP649104	PRJNA1367967	Klebsiella pneumoniae	38264B1	OXFORD_NANOPORE	PromethION	863110721.0	622492.0	WGS	GENOMIC	SINGLE	WGS of clinical Klebsiella pneumoniae from a referral hospital in Bansang, Gambia
SRR353493	SRX101297	SRS259611	SRP000285	PRJNA68153	Escherichia coli O104:H4 str. C227-11	C227-11	PACBIO_SMRT	PacBio RS	57807448.0	81741.0	WGS	GENOMIC	SINGLE	Genome Sequencing and Assembly of E. coli O104:H4 strains
SRR27496366	SRX23167491	SRS20117078	SRP483192	PRJNA1063326	Micrococcaceae bacterium Sec5.1	Sec5.1	OXFORD_NANOPORE	MinION	1094526714.0	381266.0	WGS	GENOMIC	SINGLE	WGS of isolated Micrococcaceae bacterium from Antarctic sediment
ERR1305759	ERX1377382	ERS1018590	ERP005928	PRJEB6403	Pseudomonas luteola	NCTC11842	PACBIO_SMRT	PacBio RS	3019942103.0	163482.0	WGS	GENOMIC	SINGLE	PacBio RS sequencing
SRR10740617	SRX7416223	SRS909454	SRP018785	PRJNA186035	Salmonella enterica subsp. enterica serovar Reading	CFSAN029868	PACBIO_SMRT	Sequel	1105047461.0	163602.0	WGS	GENOMIC	SINGLE	Whole genome PacBio Sequel sequence of Salmonella enterica
SRR31598706	SRX26963780	SRS23433492	SRP549287	PRJNA1185485	Escherichia coli	763	OXFORD_NANOPORE	PromethION	836996870.0	144000.0	WGS	GENOMIC	SINGLE	W3R-barcode96
SRR18697567	SRX14798534	SRS12556552	SRP368990	PRJNA695746	Clavibacter michiganensis	PvP097	PACBIO_SMRT	Sequel II	5526447158.0	673404.0	WGS	GENOMIC	SINGLE	Clavibacter michiganensis PvP097
SRR19816856	SRX15860476	SRS12115260	SRP361569	PRJNA768416	Sporosarcina sp. FSL K6-1540	FSL K6-1540	OXFORD_NANOPORE	MinION	1229630896.0	417371.0	WGS	GENOMIC	SINGLE	WGS of Bacilli
SRR15989220	SRX12277647	SRS9999063	SRP357534	PRJNA801415	Escherichia coli	617	OXFORD_NANOPORE	GridION	2016481067.0	148873.0	WGS	GENOMIC	SINGLE	Whole Genome Sequencing of Carbapenemase-producing Enterobacterales (CPE)
SRR32204063	SRX27545748	SRS23960614	SRP561120	PRJNA1214876	Ekhidna algicida	To15	OXFORD_NANOPORE	MinION	37215431.0	4000.0	WGS	GENOMIC	SINGLE	Ekhidna algicida strain To15 genome
SRR12247647	SRX8755520	SRS6976388	SRP266402	PRJNA605147	Citrobacter freundii	RHB44-SO-C05	OXFORD_NANOPORE	GridION	1606262410.0	324922.0	WGS	GENOMIC	SINGLE	Oxford Nanopore sequencing of Citrobacter freundii isolate RH18|T1-SOC05 cultured from poultry farm soil sample
ERR10229232	ERX9764188	ERS6480178	ERP109413	PRJEB27342	Klebsiella pneumoniae		PACBIO_SMRT	Sequel II	5982248913.0	964290.0	WGS	GENOMIC	SINGLE	Sequel II sequencing
ERR1948268	ERX2014055	ERS1415936	ERP010248	PRJEB9167	Mycobacteroides abscessus		PACBIO_SMRT	PacBio RS	976001638.0	163482.0	WGS	GENOMIC	SINGLE	PacBio RS sequencing
SRR12077163	SRX8604444	SRS6894557	SRP268522	PRJNA638002	Bacillus mycoides	U53	OXFORD_NANOPORE	GridION	3551094676.0	349449.0	WGS	GENOMIC	SINGLE	Whole genome shotgun sequence
SRR33769074	SRX28991694	SRS22397172	SRP444583	PRJNA962904	Escherichia coli		PACBIO_SMRT	Sequel II	519079141.0	22335.0	WGS	GENOMIC	SINGLE	PacBio sequencing of AH0034HE3 for ARCH 2
SRR28373371	SRX23978442	SRS20776601	SRP496064	PRJNA1087411	Dryocola sharpae	BD613	PACBIO_SMRT	Sequel II	3624677972.0	445538.0	WGS	GENOMIC	SINGLE	Whole genome sequencing of novel pathogenic bacteria
SRR19787773	SRX15831578	SRS13522669	SRP383167	PRJNA851853	Salmonella enterica	2011K-1845_ONT_10X	OXFORD_NANOPORE	GridION	47617180.0	9664.0	WGS	GENOMIC	SINGLE	WGS of Salmonella enterica serovar Enteritidis
ERR9717463	ERX9266666	ERS7644590	ERP131986	PRJEB47688	Aeromicrobium sp. Leaf245		OXFORD_NANOPORE	MinION	123612100.0	7324.0	WGS	GENOMIC	SINGLE	MinION sequencing
SRR36797784	SRX31784564	SRS27747265	SRP661661	PRJNA1389824	Enterobacter ludwigii		OXFORD_NANOPORE	MinION	49338694.0	36033.0	WGS	GENOMIC	SINGLE	evolved microcosm clones
SRR1740462	SRX747858	SRS734209	SRP046977	PRJNA259658	Enterobacter hormaechei subsp. xiangfangensis	34978	PACBIO_SMRT	PacBio RS	597799033.0	163482.0	WGS	GENOMIC	SINGLE	
SRR386247	SRX109862	SRS002749	SRP001660	PRJNA30055	Bifidobacterium bifidum NCIMB 41171	NCIMB 41171	PACBIO_SMRT	PacBio RS	74481150.0	81741.0	WGS	GENOMIC	SINGLE	Whole Genome Sequencing and Assembly
SRR26205261	SRX21916319	SRS19001465	SRP250705	PRJNA607328	Salmonella enterica subsp. enterica	QA-1986 974	OXFORD_NANOPORE	MinION	539743132.0	198951.0	WGS	GENOMIC	SINGLE	Salmonella enterica subsp. enterica FELIX_MS703 Nanopore
SRR6519358	SRX3606914	SRS2874145	SRP131199	PRJNA430813	Klebsiella pneumoniae	KPNIH48	PACBIO_SMRT	PacBio RS II	1754495387.0	163482.0	WGS	GENOMIC	SINGLE	PacBio SMRT Sequencing of Klebsiella pneumoniae KPNIH48 Genomic Library
SRR18191520	SRX14338230	SRS12152229	SRP362168	PRJNA808207	Escherichia coli	3273-O103	OXFORD_NANOPORE	MinION	777983830.0	144423.0	WGS	GENOMIC	SINGLE	MinION whole genome sequencing of STEC from ruminants
ERR14711305	ERX14112732	ERS23791355	ERP170064	PRJEB86764	Enterobacter hormaechei		OXFORD_NANOPORE	MinION	379366666.0	149569.0	WGS	GENOMIC	SINGLE	EXP-16-1-2025-03-10_14-43-23
SRR8997265	SRX5776062	SRS4709535	SRP194413	PRJNA529695	Synechococcus sp. CB0101	CB0101	PACBIO_SMRT	PacBio RS	847457084.0	121716.0	WGS	GENOMIC	SINGLE	CB0101 PacBio Raw Reads
SRR32610415	SRX27915769	SRS24273881	SRP568450	PRJNA1228643	Sphingobium sp. R-21	R-21	OXFORD_NANOPORE	GridION	69675841.0	5182.0	WGS	GENOMIC	SINGLE	ONT WGS of Sphingobium R-21
SRR30949524	SRX26351960	SRS22817154	SRP536567	PRJNA1165464	Escherichia coli	Not applicable	OXFORD_NANOPORE	MinION	262018077.0	80000.0	WGS	GENOMIC	SINGLE	Nanopore sequencing of E.coli: blood isolate
SRR30934810	SRX26337499	SRS22863377	SRP537571	PRJNA1168290	Paenibacillus sp. TAB_01	TAB_01	OXFORD_NANOPORE	MinION	1640450.0	193.0	WGS	GENOMIC	SINGLE	Paenibacillus sp. TAB 01 from cotton plant tissue
SRR386652	SRX109812	SRS004883	SRP001079	PRJNA40077	Cereibacter sphaeroides 2.4.1	2.4.1	PACBIO_SMRT	PacBio RS	144207044.0	81741.0	WGS	GENOMIC	SINGLE	Whole Genome Sequencing and Assembly
SRR12298659	SRX8801918	SRS6792543	SRP266402	PRJNA605147	Escherichia fergusonii	RHB30-C07	OXFORD_NANOPORE	GridION	515409890.0	114054.0	WGS	GENOMIC	SINGLE	OXFORD_NANOPORE sequencing of Escherichia fergusonii isolate RH02|T3-C07 cultured from Pig faeces sample
ERR15606605	ERX15009750	ERS26887935	ERP171481	PRJEB88388	Peribacillus frigoritolerans	R-90021	OXFORD_NANOPORE	MinION	1020819853.0	1888591.0	WGS	GENOMIC	SINGLE	Raw reads: Peribacillus frigoritolerans R-90021
ERR13194360	ERX12565225	ERS20185872	ERP160059	PRJEB75483	Herbaspirillum sp. LjRoot36		OXFORD_NANOPORE	MinION	58299926.0	13067.0	WGS	GENOMIC	SINGLE	MinION sequencing
SRR35628973	SRX30685061	SRS26704477	SRP627750	PRJNA1333901	Pseudomonas coleopterorum	GL_136	OXFORD_NANOPORE	MinION	655883859.0	102117.0	WGS	GENOMIC	SINGLE	Oxford Nanopore sequences of cultivable bacteria collected in an iron ore mine and a crystal cave
ERR10499505	ERX10016791	ERS14257028			Escherichia coli		OXFORD_NANOPORE	GridION	216650199.0	19922.0	WGS	GENOMIC	SINGLE	GridION sequencing; Raw reads: ONT_30345_1#69
SRR28445757	SRX24049144	SRS20840578	SRP497734	PRJNA1077798	Alteromonas gracilis	J4	OXFORD_NANOPORE	MinION	2723773.0	1000.0	WGS	GENOMIC	SINGLE	Alteromonas gracilis strain J4, whole genome Nanopore Sequencing
DRR482529	DRX466755	DRS312745	DRP010188	PRJDB15932	Campylobacter jejuni	BCH-10091	OXFORD_NANOPORE	MinION	63659304.0	4651.0	WGS	GENOMIC	SINGLE	SSUB025744: Campylobacter jejuni BCH-10091
ERR10452966	ERX9976421	ERS6794001	ERP109413	PRJEB27342	Klebsiella pneumoniae		PACBIO_SMRT	Sequel II	411953568.0	65761.0	WGS	GENOMIC	SINGLE	Sequel II sequencing
SRR34266781	SRX29440684	SRS25586682	SRP595571	PRJNA1283097	Enterococcus faecalis	missing	OXFORD_NANOPORE	MinION	353095799.0	118474.0	WGS	GENOMIC	SINGLE	id9_day241
SRR27033026	SRX22724879	SRS19713969	SRP475561	PRJNA1047501	Klebsiella pneumoniae	59012_lr	OXFORD_NANOPORE	MinION	188022440.0	45615.0	WGS	GENOMIC	SINGLE	Enterobacterales isolated from water
ERR10496836	ERX10014155	ERS14249032	ERP142629	PRJEB57633	Escherichia coli		OXFORD_NANOPORE	GridION	131175899.0	34138.0	WGS	GENOMIC	SINGLE	Raw reads: ONT_31663_7#153
ERR10498638	ERX10015927	ERS14256165	ERP142629	PRJEB57633	Escherichia coli		OXFORD_NANOPORE	GridION	78739577.0	15513.0	WGS	GENOMIC	SINGLE	Raw reads: ONT_30602_1#180
SRR6232640	SRX3341088	SRS2642554	SRP122684	PRJNA410633	Nostoc punctiforme PCC 73102	ATCC 29133	PACBIO_SMRT	PacBio RS	209183816.0	125934.0	WGS	GENOMIC	SINGLE	Nostoc punctiforme PCC 73102 PacBio methylation
SRR31599290	SRX26964393	SRS23434106	SRP549287	PRJNA1185485	Escherichia coli	37	OXFORD_NANOPORE	PromethION	1095454178.0	208478.0	WGS	GENOMIC	SINGLE	2ndManhole-barcode37
SRR34795051	SRX29928138	SRS26026074	SRP605455	PRJNA1299340	Escherichia coli	DA79884	OXFORD_NANOPORE	MinION	618866751.0	68947.0	WGS	GENOMIC	SINGLE	DA79881 3 mg/L TZP  Nanopore reads I-SceI digested pDNA
SRR4237168	SRX2158404	SRS1687801	SRP089595	PRJNA331276	Bradyrhizobium canariense	GAS369	PACBIO_SMRT	PacBio RS	7313936.0	2452.0	WGS	GENOMIC	SINGLE	Bradyrhizobium canariense GAS369
SRR31369790	SRX26743399	SRS23232360	SRP545638	PRJNA1187009	Escherichia coli	5-2-3	OXFORD_NANOPORE	PromethION	805687532.0	46353.0	WGS	GENOMIC	SINGLE	Whole genome of bovine commensal Escherichia coli from feces of Holstein dairy cow
SRR22859704	SRX18818533	SRS16251750	SRP414408	PRJNA914892	Staphylococcus aureus	C142	OXFORD_NANOPORE	MinION	159238054.0	23313.0	WGS	GENOMIC	SINGLE	Long read ONT WGS of Staphylococcus aureus isolates from Chronic Rhinosinusitis Patients
DRR667390	DRX647492	DRS456680	DRP012867	PRJDB20346	Desulfonatronum parangueonense	JCM 31598	OXFORD_NANOPORE	MinION	2741230718.0	2141384.0	WGS	GENOMIC	SINGLE	MinION sequencing of SAMD00887296
SRR30949393	SRX26352091	SRS22817210	SRP536567	PRJNA1165464	Escherichia coli	Not applicable	OXFORD_NANOPORE	MinION	93248967.0	16276.0	WGS	GENOMIC	SINGLE	Nanopore sequencing of E.coli: blood isolate
SRR35145719	SRX30251362	SRS12559701	SRP369024	PRJNA695673	Arcanobacterium pluranimalium	DSM 13483	PACBIO_SMRT	Sequel II	219801569.0	27887.0	WGS	GENOMIC	SINGLE	Arcanobacterium pluranimalium DSM 13483
SRR26858081	SRX22553030	SRS19561878	SRP444442	PRJNA984723	Pseudomonas aeruginosa	23-257	OXFORD_NANOPORE	MinION	867418333.0	301295.0	WGS	GENOMIC	SINGLE	WGS of Pseudomonas aeruginosa: carbapenem resistant
SRR18970240	SRX15046205	SRS12792340	SRP372827	PRJNA833305	Xanthomonas citri pv. citri	FL8790	OXFORD_NANOPORE	GridION	1890126364.0	150460.0	WGS	GENOMIC	SINGLE	Genomic seqencing of Xcc A strain of FL8790 from Florida using nanopore seqencing
SRR13680590	SRX10070118	SRS8231710	SRP303037	PRJNA694442	Salmonella enterica		OXFORD_NANOPORE	GridION	395851042.0	42934.0	WGS	GENOMIC	SINGLE	Multiplex WGS of Salmonella enterica
ERR9843295	ERX9389092	ERS2651440	ERP104475	PRJEB22771	Streptococcus pneumoniae		PACBIO_SMRT	Sequel II	1756129518.0	248099.0	WGS	GENOMIC	SINGLE	Sequel II sequencing
ERR11861387	ERX11259394	ERS15952142	ERP148219	PRJEB63082	Escherichia coli		OXFORD_NANOPORE	GridION	574318897.0	158829.0	WGS	GENOMIC	SINGLE	GridION sequencing
SRR17486874	SRX13657107	SRS3029013	SRP134168	PRJNA437292	Streptococcus pneumoniae	NP7513	OXFORD_NANOPORE	MinION	110002691.0	9779.0	WGS	GENOMIC	SINGLE	Long reads of nine Streptococcus pneumoniae Serotype 3 CC180 Strains
SRR5033011	SRX2357726	SRS1806520	SRP093482	PRJNA353756	Enterococcus faecium	missing	PACBIO_SMRT	PacBio RS II	4148810927.0	163482.0	WGS	GENOMIC	SINGLE	BMRF
SRR35544093	SRX30618995	SRS26643862	SRP624405	PRJNA1330714	Bacillus paranthracis	NVH 0075-95	OXFORD_NANOPORE	PromethION	3660613091.0	1101359.0	WGS	GENOMIC	SINGLE	Whole genome sequences of 20 Bacillus cereus isolated from various environments
SRR13893531	SRX10273483	SRS8406592	SRP309815	PRJNA686978	Escherichia coli	not collected	OXFORD_NANOPORE	MinION	1061091566.0	160315.0	WGS	GENOMIC	SINGLE	nanopore sequencing of e coli: clinical isolate
SRR18191609	SRX14338141	SRS12152187	SRP362168	PRJNA808207	Escherichia coli	07HMPA966	OXFORD_NANOPORE	MinION	2945138796.0	838507.0	WGS	GENOMIC	SINGLE	MinION whole genome sequencing of STEC from ruminants
SRR37104812	SRX32051057	SRS27988476	SRP674540	PRJNA1314445	Nitrobacteraceae bacterium UC4449_H16	UC4449_H16	OXFORD_NANOPORE	MinION	339319533.0	42571.0	WGS	GENOMIC	SINGLE	UC4449
SRR712052	SRX228395	SRS416708	SRP021603	PRJNA88833	Enterococcus mundtii ATCC 882	ATCC 882	PACBIO_SMRT	PacBio RS	182668108.0	81741.0	WGS	GENOMIC	SINGLE	Pacbio whole genome shotgun sequencing of genomic DNA library 'PACBIO-289' containing sample 'ATCC882' from individual 'Enterococcus mundtii ATCC882'
SRR18729565	SRX14829802	SRS12585791	SRP369762	PRJNA825705	Klebsiella pneumoniae	ST-4041	OXFORD_NANOPORE	MinION	660582965.0	73424.0	WGS	GENOMIC	SINGLE	ONT sequencing of Klebsiella pneumoniae: sample 24SUS
SRR19894757	SRX15937786	SRS13624974	SRP384109	PRJNA853901	Bordetella pertussis	Bp-800941-19	OXFORD_NANOPORE	MinION	607424248.0	66941.0	WGS	GENOMIC	SINGLE	Whole genome sequencing of Bordetella pertussis with Nanopore Q20 kit
SRR19634185	SRX15684591	SRS13381670	SRP379817	PRJNA848631	Escherichia coli		OXFORD_NANOPORE	GridION	987074267.0	116501.0	WGS	GENOMIC	SINGLE	Long read sequencing of E. coli that has been experimentally evolved with a CTX-M-15 plasmid
SRR30791210	SRX26192781	SRS22735280	SRP534624	PRJNA1161571	Burkholderia pseudomallei	Bp29	OXFORD_NANOPORE	PromethION	2251239127.0	210287.0	WGS	GENOMIC	SINGLE	Nanopore sequencing of B. pseudomallei
SRR13528757	SRX9937076	SRS8112142	SRP303268	PRJNA694822	Escherichia coli	HA9845AA	OXFORD_NANOPORE	MinION	99759419.0	14039.0	WGS	GENOMIC	SINGLE	Nanopore of Escherichia coli HA9845AA
SRR27187020	SRX22867240	SRS18545627	SRP453959	PRJNA1003301	Escherichia coli		OXFORD_NANOPORE	MinION	1708322412.0	407147.0	WGS	GENOMIC	SINGLE	EC16_long-read
SRR16089766	SRX12376166	SRS10347037	SRP151364	PRJNA477706	Moraxella bovis	SAM57928	PACBIO_SMRT	Sequel	515218405.0	130376.0	WGS	GENOMIC	SINGLE	Sequencing Moraxella genomes
SRR497976	SRX148632	SRS281882	SRP013241	PRJNA73829	Vibrio cholerae		PACBIO_SMRT	PacBio RS	98882946.0	81741.0	WGS	GENOMIC	SINGLE	Whole Genome Sequencing of Haitian Vibrio cholerae isolate H1 (C2 Long subread)
SRR4063427	SRX2052505	SRS1529861	SRP077537	PRJNA239515	Pseudomonas sp. Eur1 9.41	Eur1 9.41	PACBIO_SMRT	PacBio RS	220050358.0	69432.0	WGS	GENOMIC	SINGLE	Pseudomonas sp. Eur1 9.41
SRR32105782	SRX27451353	SRS23877844	SRP559586	PRJNA1214982	Myxococcus stipitatus	missing	OXFORD_NANOPORE	PromethION	589594042.0	106726.0	WGS	GENOMIC	SINGLE	Myxo B1486 WGS
SRR12247602	SRX8755565	SRS6976433	SRP266402	PRJNA605147	Escherichia coli	RHB47-C04	OXFORD_NANOPORE	GridION	257530799.0	47796.0	WGS	GENOMIC	SINGLE	Oxford Nanopore sequencing of Escherichia coli isolate RH16|T1-C04 cultured from poultry farm faeces sample
SRR12826232	SRX9293869	SRS7520181	SRP040661	PRJNA231221	Corynebacterium amycolatum	FDAARGOS_991	PACBIO_SMRT	PacBio RS	3082463379.0	163482.0	WGS	GENOMIC	SINGLE	
SRR8984887	SRX5764150	SRS4698556	SRP040661	PRJNA231221	Agrobacterium pusense	FDAARGOS_618	PACBIO_SMRT	PacBio RS	341107284.0	163482.0	WGS	GENOMIC	SINGLE	
SRR35737804	SRX30787111	SRS26801297	SRP630567	PRJNA1337272	Salmonella enterica subsp. enterica serovar Mbandaka	not applicable	OXFORD_NANOPORE	GridION	274378340.0	135625.0	WGS	GENOMIC	SINGLE	Nanopore whole genome sequencing of Salmonella enterica subspecies enterica isolate 1903855-2
ERR15658874	ERX15063655	ERS26766565	ERP179457	PRJEB96843	Salmonella enterica subsp. enterica serovar Infantis		OXFORD_NANOPORE	MinION	324826144.0	80000.0	WGS	GENOMIC	SINGLE	MinION sequencing
SRR6263398	SRX3369633	SRS2667170	SRP119409	PRJNA412823	Citrobacter freundii	UMH19	PACBIO_SMRT	PacBio RS II	1147359127.0	163482.0	WGS	GENOMIC	SINGLE	Whole genome sequence of Citrobacter freundii strain UMH19
SRR34973624	SRX30092701	SRS26157709	SRP608514	PRJNA1305037	Klebsiella pneumoniae	MI_KPC_594	OXFORD_NANOPORE	PromethION	201222107.0	49081.0	WGS	GENOMIC	SINGLE	KPC CRE collection from state of Michigan
SRR644331	SRX209658	SRS379417	SRP017524	PRJNA183628	Escherichia coli str. K-12 substr. MG1655	K-12 substr. MG1655	PACBIO_SMRT	PacBio RS	40723462.0	60667.0	WGS	GENOMIC	SINGLE	WGA E. coli genome DNA sequenced by FCR chemistry
ERR2177090	ERX2233453	ERS1859681	ERP005928	PRJEB6403	Comamonas terrigena		PACBIO_SMRT	PacBio RS	178146000.0	163482.0	WGS	GENOMIC	SINGLE	PacBio RS sequencing
SRR26131845	SRX21845261	SRS18943306	SRP462349	PRJNA958323	Bacillus sp. SLBN-46	SLBN-46	PACBIO_SMRT	Sequel IIe	1527192054.0	236234.0	WGS	GENOMIC	SINGLE	Bacillus sp SLBN-46
SRR3732363	SRX1888195	SRS1531597	SRP077623	PRJNA210894	Acetivibrio thermocellus AD2	AD2	PACBIO_SMRT	PacBio RS	432881292.0	200122.0	WGS	GENOMIC	SINGLE	Clostridium thermocellum AD2
SRR27972703	SRX23625750	SRS20465330	SRP489819	PRJNA1076692	Klebsiella pneumoniae	RIVM_C055118_dorado	OXFORD_NANOPORE	MinION	255485841.0	57362.0	WGS	GENOMIC	SINGLE	RIVM_C055118_dorado
SRR13232976	SRX9665038	SRS7863625	SRP297430	PRJNA683859	Staphylococcus pseudintermedius	SP_11306-4A	OXFORD_NANOPORE	MinION	260004378.0	28339.0	WGS	GENOMIC	SINGLE	whole genome sequencing of Staphylococcus pseudintermedius: clinical sample
SRR24138856	SRX19937376	SRS17286127	SRP432102	PRJNA954566	Vibrio cholerae	CMR/2022/NS29	OXFORD_NANOPORE	MinION	915331056.0	131083.0	WGS	GENOMIC	SINGLE	Oxford Nanopore sequencing of Vibrio cholerae
SRR13386177	SRX9805252	SRS7989327	SRP300861	PRJNA663900	Enterococcus sp. DIV2421	DIV2421	OXFORD_NANOPORE	GridION	571996504.0	64824.0	WGS	GENOMIC	SINGLE	Zoo 3 Enterococcus Diversity Genome sequencing and assembly
ERR10879093	ERX10323843	ERS14626528	ERP143848	PRJEB58776	Legionella pneumophila		OXFORD_NANOPORE	GridION	1076804385.0	88238.0	WGS	GENOMIC	SINGLE	GridION sequencing
SRR10150093	SRX6875522	SRS5411409	SRP222593	PRJNA546635	Kitasatospora kifunensis	DSM 41654	PACBIO_SMRT	Sequel	2102447277.0	789774.0	WGS	GENOMIC	SINGLE	Kitasatospora kifunensis DSM 41654
ERR13600335	ERX12971358	SRS16422176	SRP416981	PRJNA922900	Klebsiella pneumoniae	Kpn1241	OXFORD_NANOPORE	GridION	601399593.0	30153.0	WGS	GENOMIC	SINGLE	GridION sequencing
SRR27180054	SRX22860422	SRS19835777	SRP477403	PRJNA1049513	Vibrio sp. PBL-C16	PBL-C16	OXFORD_NANOPORE	MinION	252889.0	69.0	WGS	GENOMIC	SINGLE	Vibrio sp. PBL-C16 Genome sequencing and assembly
ERR10498425	ERX10015714	ERS14255335	ERP142629	PRJEB57633	Escherichia coli		OXFORD_NANOPORE	GridION	64604511.0	8819.0	WGS	GENOMIC	SINGLE	Raw reads: ONT_30345_1#365
DRR572311	DRX555778	DRS426408	DRP012251	PRJDB17574	Escherichia coli	YK-IS1MA-L11-1_G08	OXFORD_NANOPORE	MinION	17700.0	3.0	WGS	GENOMIC	SINGLE	nanopore-seq of SAMD00748225 L11-1_G8
ERR15738033	ERX15143155	ERS27094498	ERP182399	PRJEB100972	Mycobacterium tuberculosis	K03X0413	OXFORD_NANOPORE	MinION	211362821.0	382666.0	WGS	GENOMIC	SINGLE	Raw reads: K03X0413
SRR12165222	SRX8680682	SRS6959728	SRP270773	PRJNA632268	Glaciibacter psychrotolerans	LI1	PACBIO_SMRT	PacBio RS II	1453469869.0	362759.0	WGS	GENOMIC	SINGLE	Leifsonia psychrotolerans DSM 22824
SRR25584831	SRX21313348	SRS18561216	SRP454266	PRJNA1003869	Gilliamella apis	ESL0172	OXFORD_NANOPORE	MinION	1130833627.0	121100.0	WGS	GENOMIC	SINGLE	WGS of bee gut symbionts
ERR14879213	ERX14284811	ERS23989839	ERP171580	PRJEB88489	Campylobacter coli		OXFORD_NANOPORE	MinION			WGS	GENOMIC	SINGLE	MinION sequencing
SRR32184182	SRX27529392	SRS16968704	SRP426074	PRJNA941188	Bacillus subtilis	PRO45	OXFORD_NANOPORE	GridION	1214143543.0	207280.0	WGS	GENOMIC	SINGLE	WGS of Bacillus subtilis: cell culture
SRR11209190	SRX7822243	SRS6233359	SRP251108	PRJNA609126	Staphylococcus aureus	SA1428	OXFORD_NANOPORE	GridION	102201201.0	4000.0	WGS	GENOMIC	SINGLE	Genome sequence of a chronic Staphylococcus aureus isolated from dairy cow that is non-responsive to antibiotic treatment
SRR25793445	SRX21515664	SRS1415425	SRP457515	PRJNA1010762	Bacillus wiedmannii	FSL H8-0032	OXFORD_NANOPORE	MinION	955361883.0	240102.0	WGS	GENOMIC	SINGLE	whole-genome sequencing of Bacillus cereus
DRR161259	DRX151884	DRS115442	DRP005652	PRJDB7717	Mycolicibacterium mageritense	JCM 12375	OXFORD_NANOPORE	MinION	1111800891.0	189524.0	WGS	GENOMIC	SINGLE	MinION single end sequencing of SAMD00153174
SRR17645688	SRX13813948	SRS11694546	SRP355432	PRJNA798017	Salmonella enterica subsp. enterica serovar Bovismorbificans	SB699	OXFORD_NANOPORE	MinION	6349058.0	11693.0	WGS	GENOMIC	SINGLE	DNA-seq of Salmonella enterica subsp. enterica serovar Bovismorbificans
SRR10519549	SRX7204391	SRS5709198	SRP231789	PRJNA329696	Clostridium beijerinckii	DJ033	PACBIO_SMRT	PacBio RS II	1275388390.0	376260.0	WGS	GENOMIC	SINGLE	Clostridium beijerenckii 033
ERR2532006	ERX2550435	ERS2409719	ERP005928	PRJEB6403	Bacteroides uniformis	NCTC13054	PACBIO_SMRT	PacBio RS	1679521249.0	163482.0	WGS	GENOMIC	SINGLE	PacBio RS sequencing
DRR672555	DRX652657	DRS470942	DRP013215	PRJDB19362	Escherichia coli BL21(DE3)		PACBIO_SMRT	PacBio RS II	962429017.0	102947.0	WGS	GENOMIC	SINGLE	PacBio RS II sinlge-end Sequencing of KAS22024184 (KAE22250660)
SRR14628224	SRX10968949	SRS9046491	SRP321015	PRJNA731114	Pseudomonas aeruginosa	PaLo509	OXFORD_NANOPORE	MinION	678066841.0	148204.0	WGS	GENOMIC	SINGLE	Nanopore sequencing of Pseudomonas aeruginosa isolates
SRR21630024	SRX17630671	SRS14987073	SRP354045	PRJNA747871	Streptomyces coelicoflavus	NBC_00099	OXFORD_NANOPORE	MinION	820033450.0	81066.0	WGS	GENOMIC	SINGLE	nanopore sequencing data from strain NBC_00099
ERR15423847	ERX14827791	ERS25261059	ERP176764	PRJEB93885	Escherichia coli		OXFORD_NANOPORE	PromethION	1738806046.0	368343.0	WGS	GENOMIC	SINGLE	Raw reads: run0_pilot_96_ont_AF23
DRR242204	DRX232004	DRS165247	DRP006773	PRJDB10450	Escherichia coli	Zam_UTH_22	OXFORD_NANOPORE	MinION	322440736.0	35167.0	WGS	GENOMIC	SINGLE	MinION sequencing of SAMD00243965
SRR32263956	SRX27601344	SRS24011290	SRP562160	PRJNA1219378	Cellulosimicrobium sp. G4 BAM 1002	G4 BAM 1002	PACBIO_SMRT	Sequel	2180781685.0	858652.0	WGS	GENOMIC	SINGLE	Genome sequence of Cellulosimicrobium sp. strain G4
ERR12767394	ERX12140548	ERS18536051	ERP158744	PRJEB74044	Escherichia coli	PBIO3953	OXFORD_NANOPORE	MinION	789614634.0	75803.0	WGS	GENOMIC	SINGLE	MinION sequencing
SRR13575350	SRX9973512	SRS8145954	SRP303741	PRJNA695586	Streptococcus pyogenes	M4C20	OXFORD_NANOPORE	MinION	2604968.0	4000.0	WGS	GENOMIC	SINGLE	Whole genome sequence of Streptococcus pyogenes strain M4C20
SRR23725178	SRX19585816	SRS16968692	SRP426074	PRJNA941188	Bacillus subtilis	PRO122	OXFORD_NANOPORE	MinION	1053359352.0	128789.0	WGS	GENOMIC	SINGLE	WGS of Bacillus subtilis: cell culture
SRR27967421	SRX23621083	SRS355432	SRP302935	PRJNA680392	Escherichia coli PA8	PA8	OXFORD_NANOPORE	GridION	783471849.0	110329.0	WGS	GENOMIC	SINGLE	STEC O157
ERR1173481	ERX1246910	ERS846861	ERP005928	PRJEB6403	Staphylococcus aureus	NCTC11962	PACBIO_SMRT	PacBio RS	4062807054.0	163482.0	WGS	GENOMIC	SINGLE	PacBio RS sequencing
SRR5902578	SRX3064121	SRS1832544	SRP094480	PRJNA279196	Bordetella pertussis	J021	PACBIO_SMRT	PacBio RS II	857992580.0	163482.0	WGS	GENOMIC	SINGLE	
SRR8587049	SRX5387596	SRS4376042	SRP186154	PRJNA522963	Stutzerimonas stutzeri ATCC 14405 = CCUG 16156	ATCC 14405	PACBIO_SMRT	PacBio RS II	827303208.0	163482.0	WGS	GENOMIC	SINGLE	Pstutzeri_ATCC14405_PacBio_SMRTcell1
SRR34923619	SRX30048533	SRS26116467	SRP607655	PRJNA1299152	Azospirillum palustre	Sp Br17 (DSM 1842)	OXFORD_NANOPORE	MinION	1851244982.0	5322342.0	WGS	GENOMIC	SINGLE	long and short reads library: WGS of Azospirillum
SRR16525751	SRX12728248	SRS10336995	SRP357534	PRJNA801415	Morganella morganii	-	OXFORD_NANOPORE	GridION	1866520023.0	255605.0	WGS	GENOMIC	SINGLE	Extensive diversification and dissemination of blaNDM carbapenemase plasmids in Enterobacterales in Singapore 2010-2015
SRR31373359	SRX26746950	SRS23235725	SRP545775	PRJNA1187331	Limosilactobacillus fermentum	KUBD18	OXFORD_NANOPORE	PromethION	1180348926.0	305718.0	WGS	GENOMIC	SINGLE	Long read for L. fermentum KUBD18
ERR10664139	ERX10133323	ERS2650884	ERP104475	PRJEB22771	Streptococcus pneumoniae		PACBIO_SMRT	Sequel II	2780748344.0	420147.0	WGS	GENOMIC	SINGLE	Sequel II sequencing
SRR12207351	SRX8718147	SRS6993741	SRP271537	PRJNA645814	Francisella tularensis subsp. holarctica	19OD0551	PACBIO_SMRT	Sequel	740913325.0	150257.0	WGS	GENOMIC	SINGLE	WGS of Francisella
SRR14628368	SRX10968805	SRS9046465	SRP321015	PRJNA731114	Pseudomonas aeruginosa	PaLo547	OXFORD_NANOPORE	MinION	53551275.0	9314.0	WGS	GENOMIC	SINGLE	Nanopore sequencing of Pseudomonas aeruginosa isolates
ERR3426148	ERX3449585	ERS3568301	ERP009963	PRJEB8920	Flavobacterium anhuiense		PACBIO_SMRT	PacBio RS II	3684595172.0	670343.0	WGS	GENOMIC	SINGLE	PacBio RS II sequencing
SRR12606293	SRX9089965	SRS7335827	SRP281161	PRJNA660404	Neisseria gonorrhoeae	SW0236	OXFORD_NANOPORE	MinION	553278808.0	164500.0	WGS	GENOMIC	SINGLE	WGS of neisseria gonorrhoeae
ERR12448904	ERX11825335	ERS17728819	ERP156572	PRJEB71788	Listeria monocytogenes		OXFORD_NANOPORE	GridION	847806865.0	56750.0	WGS	GENOMIC	SINGLE	Raw reads: ListPred_OLM52d
SRR4935236	SRX2327713	SRS1783097	SRP092604	PRJNA256019	Spiroplasma poulsonii	MSRO	PACBIO_SMRT	PacBio RS II	237969327.0	150291.0	WGS	GENOMIC	SINGLE	WGS of Spiroplasma poulsonii MSRO
ERR601570	ERX558399	ERS485854	ERP005928	PRJEB6403	Lelliottia amnigena	NCTC12124	PACBIO_SMRT	PacBio RS	811373015.0	163482.0	WGS	GENOMIC	SINGLE	PacBio RS sequencing
SRR12280478	SRX8784237	SRS7053019	SRP272861	PRJNA646575	Parabacteroides distasonis		OXFORD_NANOPORE	GridION	1540634914.0	184241.0	WGS	GENOMIC	SINGLE	WGS  of Bacteroides fragilis group clinical isolates
ERR5420970	ERX5205534	ERS5845284	ERP126298	PRJEB42440	Klebsiella pneumoniae		OXFORD_NANOPORE	GridION	627007546.0	65384.0	WGS	GENOMIC	SINGLE	GridION sequencing
SRR32184219	SRX27529355	SRS16968672	SRP426074	PRJNA941188	Bacillus paralicheniformis	DSM 603	OXFORD_NANOPORE	GridION	1538287743.0	248071.0	WGS	GENOMIC	SINGLE	WGS of Bacillus paralicheniformis: cell culture
SRR12280584	SRX8784131	SRS7052927	SRP272861	PRJNA646575	Bacteroides fragilis		OXFORD_NANOPORE	GridION	645112488.0	66240.0	WGS	GENOMIC	SINGLE	WGS  of Bacteroides fragilis group clinical isolates
SRR26135168	SRX21848559	SRS18945816	SRP462492	PRJNA946810	Pseudomonas aeruginosa	Wound_2_P15	OXFORD_NANOPORE	GridION	134668531.0	22778.0	WGS	GENOMIC	SINGLE	WGS of Pseudomonas aeruginosa from hospitalized patiens from Quito, Ecuador
SRR16525268	SRX12727846	SRS10676780	SRP342584	PRJNA768992	Salmonella enterica subsp. enterica serovar Heidelberg	SA02DT10168701	OXFORD_NANOPORE	MinION	150979183.0	76161.0	WGS	GENOMIC	SINGLE	Evaluation of commercial DNA extraction kits for implementation of rapid Nanopore
SRR386084	SRX109800	SRS183306	SRP006189	PRJNA52149	Klebsiella oxytoca 10-5248	10-5248	PACBIO_SMRT	PacBio RS	113961885.0	81741.0	WGS	GENOMIC	SINGLE	Whole Genome Sequencing and Assembly
ERR10452894	ERX9976349	ERS6794096	ERP109413	PRJEB27342	Klebsiella pneumoniae		PACBIO_SMRT	Sequel II	5448333288.0	916746.0	WGS	GENOMIC	SINGLE	Sequel II sequencing
SRR33532039	SRX28766416	SRS25006306	SRP584654	PRJNA1258996	Bordetella pertussis	J818L04P01	PACBIO_SMRT	Sequel II	1431916979.0	300288.0	WGS	GENOMIC	SINGLE	Long-read sequencing of Bordetella pertussis serial laboratory passage J818L04P01
ERR4244428	ERX4203222	ERS3414285	ERP024062	PRJEB21775	Streptococcus suis		PACBIO_SMRT	Sequel	948840037.0	206211.0	WGS	GENOMIC	SINGLE	Sequel sequencing
SRR37021574	SRX31969000	SRS27913158	SRP669007	PRJNA1406776	Leuconostoc suionicum	777_1B	OXFORD_NANOPORE	GridION	1102794540.0	405095.0	WGS	GENOMIC	SINGLE	Whole genome sequencing of Leuconostoc suionicum from stored sugarbeet roots
SRR27678751	SRX23345998	SRS20207236	SRP485167	PRJNA960711	Bacillus bombysepticus	ACCC04323	OXFORD_NANOPORE	MinION	240679244.0	54680.0	WGS	GENOMIC	SINGLE	WGS of Bacillus bombysepticus: strain ACCC04323
ERR2504012	ERX2523255	ERS2362375	ERP107644	PRJEB25703	Neisseria gonorrhoeae		OXFORD_NANOPORE	MinION	499441490.0	45949.0	WGS	GENOMIC	SINGLE	MinION sequencing
ERR581133	ERX539220	ERS462511	ERP005713	PRJEB6235	Streptococcus pyogenes		PACBIO_SMRT	PacBio RS	916104311.0	163482.0	WGS	GENOMIC	SINGLE	PacBio RS sequencing
SRR14753690	SRX11087149	SRS9152682	SRP323129	PRJNA735522	Bacillus velezensis	GMEKP1	OXFORD_NANOPORE	GridION	28168993.0	4000.0	WGS	GENOMIC	SINGLE	SRA Bacillus velezensis GMEKP1
SRR35129484	SRX30236959	SRS21087422	SRP503191	PRJNA1102395	Klebsiella quasipneumoniae	15AR2774	OXFORD_NANOPORE	GridION	187257610.0	13748.0	WGS	GENOMIC	SINGLE	Klebsiella quasipneumoniae strain 15AR2774
SRR13192604	SRX9626855	SRS7827983	SRP295672	PRJNA681856	Salmonella enterica	LHICA_E1	OXFORD_NANOPORE	MinION	14304699.0	4000.0	WGS	GENOMIC	SINGLE	WGS of Salmonella enterica Lhica E126
SRR6257609	SRX3364061	SRS2661923	SRP124142	PRJNA410578	Synechococcus sp. EH1	EH1	PACBIO_SMRT	PacBio RS	597135556.0	381438.0	WGS	GENOMIC	SINGLE	Synechococcus sp. EH1
SRR21721691	SRX17718767	SRS15248995	SRP399787	PRJNA884544	Escherichia coli	1736	OXFORD_NANOPORE	MinION	273118771.0	20068.0	WGS	GENOMIC	SINGLE	Nanopore_sequencing_1736
SRR5872863	SRX3040311	SRS2388691	SRP040661	PRJNA231221	Enterococcus durans	FDAARGOS_396	PACBIO_SMRT	PacBio RS	803080146.0	163482.0	WGS	GENOMIC	SINGLE	
SRR24140005	SRX19938616	SRS17287325	SRP247747	PRJNA604975	Escherichia coli	ox_bsi_395	OXFORD_NANOPORE	GridION	209367585.0	228772.0	WGS	GENOMIC	SINGLE	oxford_bsi
SRR20950142	SRX16968731	SRS14555881	SRP390344	PRJNA812366	Aeromonas hydrophila	AC185	PACBIO_SMRT	PacBio RS II	1200231425.0	106152.0	WGS	GENOMIC	SINGLE	
SRR27224221	SRX22902861	SRS19872753	SRP478253	PRJNA1050252	Pseudomonas fluorescens	AU2390	OXFORD_NANOPORE	PromethION	410037539.0	85084.0	WGS	GENOMIC	SINGLE	genome sequence of wastesater isolates
SRR11558402	SRX8128113	SRS6492103	SRP256748	PRJNA622034	Streptomyces fulvorobeus	DSM 41455	PACBIO_SMRT	PacBio RS II	1425513185.0	276696.0	WGS	GENOMIC	SINGLE	Streptomyces fulvorobeus DSM 41455
SRR11638834	SRX8202663	SRS6560730	SRP259126	PRJNA627683	Xylella fastidiosa subsp. multiplex	LM10	OXFORD_NANOPORE	MinION	326231068.0	56723.0	WGS	GENOMIC	SINGLE	WGS of Xylella fastidiosa subsp. multiplex strain LM10: genomic DNA from culture
SRR24140270	SRX19938807	SRS17287516	SRP247747	PRJNA604975	Escherichia coli	ox_bsi_123	OXFORD_NANOPORE	GridION	3128960260.0	382483.0	WGS	GENOMIC	SINGLE	oxford_bsi
SRR33300169	SRX28545159	SRS24844310	SRP581013	PRJNA1255117	Staphylococcus aureus	Staphylococcus	OXFORD_NANOPORE	GridION	578350170.0	139787.0	WGS	GENOMIC	SINGLE	WGS of S. aureus sample 3
ERR5214400	ERX5017856	ERS5599766	ERP126298	PRJEB42440	Klebsiella pneumoniae		OXFORD_NANOPORE	MinION	993814762.0	106131.0	WGS	GENOMIC	SINGLE	MinION sequencing
SRR10918249	SRX7585563	SRS6019251	SRP243634	PRJNA583102	Petropleomorpha daqingensis	DSM 104001	PACBIO_SMRT	Sequel	1351453148.0	402356.0	WGS	GENOMIC	SINGLE	Geodermatophilus daqingensis DSM 104001
ERR4769714	ERX4639555	ERS5247695	ERP124695	PRJEB40976	Enterococcus faecalis		OXFORD_NANOPORE	GridION	502357221.0	26559.0	WGS	GENOMIC	SINGLE	GridION sequencing; Raw reads: 26975_2#23
ERR13848197	ERX13250963	ERS18629856	ERP158153	PRJEB73354	Escherichia coli		OXFORD_NANOPORE	MinION	223926415.0	30272.0	WGS	GENOMIC	SINGLE	MinION sequencing
DRR667157	DRX647259	DRS454573	DRP012833	PRJDB20538	Escherichia coli		OXFORD_NANOPORE	MinION	531555879.0	126923.0	WGS	GENOMIC	SINGLE	MinION sequencing of SAMD00899020
SRR9027972	SRX5805493	SRS4735076	SRP188851	PRJNA523365	Mycobacterium avium complex sp.	JHN_AV_0003_1	OXFORD_NANOPORE	GridION	219865106.0	138040.0	WGS	GENOMIC	SINGLE	Sequencing of non-tuberculosis mycobacteria
SRR24308013	SRX20103146	SRS17434197	SRP434545	PRJNA961666	Escherichia coli	AVS0935	OXFORD_NANOPORE	MinION	350017061.0	71481.0	WGS	GENOMIC	SINGLE	Long read sequencing of Escherichia coli AVS0935
SRR26087551	SRX21802235	SRS18903243	SRP090184	PRJNA341691	Petralouisia sp. 499	499	OXFORD_NANOPORE	MinION	218689639.0	38491.0	WGS	GENOMIC	SINGLE	ONT 499
SRR22784838	SRX18744606	SRS16179758	SRP413484	PRJNA912639	Escherichia coli	EC_E9DN_2_E_CuN_CeN	OXFORD_NANOPORE	MinION	199135306.0	20376.0	WGS	GENOMIC	SINGLE	WGS of Escherichia coli
SRR13289861	SRX9718885	SRS7252304	SRP278657	PRJNA658369	Klebsiella pneumoniae	ARLG-3242	OXFORD_NANOPORE	GridION	471739320.0	49110.0	WGS	GENOMIC	SINGLE	ONT seq of K. pneumoniae
SRR30474842	SRX25899955	SRS22430646	SRP528072	PRJNA1150976	Rhizobium sp. 862_C5_N1_2	862_C5_N1_2	OXFORD_NANOPORE	PromethION	2114155392.0	710289.0	WGS	GENOMIC	SINGLE	Rhizobium sp. 862_C5_N1_2 nanopore genome sequencing (files compressed once)
ERR12350871	ERX11727733	ERS16673310	ERP144079	PRJEB59014	Staphylococcus aureus		OXFORD_NANOPORE	GridION	1560728261.0	187193.0	WGS	GENOMIC	SINGLE	GridION sequencing
ERR2695065	ERX2709508	ERS1103847	ERP014552	PRJEB13014	Streptococcus pyogenes		PACBIO_SMRT	PacBio RS	2819822947.0	163482.0	WGS	GENOMIC	SINGLE	PacBio RS sequencing
DRR462728	DRX446987	DRS057979	DRP004007	PRJDB5169	Salmonella enterica subsp. enterica serovar Typhi	130052TY	OXFORD_NANOPORE	MinION	378926843.0	43235.0	WGS	GENOMIC	SINGLE	MinION sequencing of SAMD00061284
SRR23323072	SRX19265376	SRS16667841	SRP420726	PRJNA930883	Escherichia coli	K-12 AJW5116_p1284	OXFORD_NANOPORE	MinION	571028838.0	149706.0	WGS	GENOMIC	SINGLE	Escherichia coli K-12 AJW5120
SRR36095874	SRX31141438	SRS21867714	SRP291668	PRJNA675431	Klebsiella pneumoniae		OXFORD_NANOPORE	PromethION	630108052.0	214521.0	WGS	GENOMIC	SINGLE	WGS of Klebsiella pneumoniae
SRR35158937	SRX30264113	SRS26315031	SRP613362	PRJNA1311315	Yersinia pestis	2115_22C	OXFORD_NANOPORE	PromethION	1010753734.0	284356.0	WGS	GENOMIC	SINGLE	WGS of Y. pestis 2115 (22C)
SRR35071127	SRX30184894	SRS26244901	SRP610420	PRJNA1308807	Escherichia coli	Ec_245	OXFORD_NANOPORE	MinION	1147602217.0	159879.0	WGS	GENOMIC	SINGLE	Oxford Nanopore sequences of an isolated E. coli strain from wastewater
ERR10497883	ERX10015172	ERS14254329	ERP142629	PRJEB57633	Escherichia coli		OXFORD_NANOPORE	GridION	145012276.0	22358.0	WGS	GENOMIC	SINGLE	Raw reads: ONT_30224_1#57
SRR26804805	SRX22502050	SRS19514402	SRP471522	PRJNA1039750	Pseudomonas aeruginosa		OXFORD_NANOPORE	MinION	664690396.0	70573.0	WGS	GENOMIC	SINGLE	Genome sequencing of Pseudomonas aeruginosa
