srr_accession	srx_accession	srs_accession	srp_accession	bioproject	organism	strain	platform	instrument	total_bases	total_spots	library_strategy	library_source	library_layout	title
SRR34967626	SRX30086611	SRS26152824	SRP608514	PRJNA1305037	Klebsiella michiganensis	MI_KPC_121	OXFORD_NANOPORE	PromethION	131317808.0	16841.0	WGS	GENOMIC	SINGLE	KPC CRE collection from state of Michigan
SRR29098539	SRX24622491	SRS21359634	SRP286211	PRJNA625574	Bordetella hinzii	LMG 10979 [Blackall TC 102]	OXFORD_NANOPORE	GridION	162307067.0	17020.0	WGS	GENOMIC	SINGLE	Oxford Nanopore Sequencing og ATCC 51784
SRR21563401	SRX17565773	SRS14987443	SRP354045	PRJNA747871	Streptomyces anthocyanicus	NBC 01777	OXFORD_NANOPORE	MinION	339846838.0	94755.0	WGS	GENOMIC	SINGLE	nanopore sequencing data from strain NBC_01777
ERR14686214	ERX14087733	ERS23773353	ERP169826	PRJEB86481	Escherichia coli str. K-12 substr. MG1655	K-12	OXFORD_NANOPORE	MinION	211617592.0	84353.0	WGS	GENOMIC	SINGLE	MinION sequencing
ERR2212611	ERX2266964	ERS1826253	ERP005928	PRJEB6403	Grimontia hollisae	NCTC11645	PACBIO_SMRT	PacBio RS	1004840297.0	163482.0	WGS	GENOMIC	SINGLE	PacBio RS sequencing
ERR9364037	ERX8906286	ERS11202262	ERP136327	PRJEB51675	Vibrio cholerae O1 biovar El Tor	not provided	OXFORD_NANOPORE	MinION	735584690.0	99643.0	WGS	GENOMIC	SINGLE	MinION sequencing
ERR10791328	ERX10240638	ERS2650827	ERP104475	PRJEB22771	Streptococcus pneumoniae		PACBIO_SMRT	Sequel II	1847150990.0	278066.0	WGS	GENOMIC	SINGLE	Sequel II sequencing
SRR28921391	SRX24477512	SRS21227521	SRP499435	PRJNA1095671	Mammaliicoccus sciuri	JK1K25	OXFORD_NANOPORE	MinION	246718395.0	72211.0	WGS	GENOMIC	SINGLE	WGS of Mammaliicoccus sciuri: mecA+
ERR13354959	ERX12725891	ERS20228305	ERP160933	PRJEB76407	Mediterraneibacter gnavus		PACBIO_SMRT	Sequel IIe	224720212.0	25633.0	WGS	GENOMIC	SINGLE	Sequel IIe sequencing
SRR23384788	SRX19322874	SRS16720995	SRP421698	PRJNA924056	Enterobacter hormaechei	CPO543	OXFORD_NANOPORE	MinION	344680296.0	25705.0	WGS	GENOMIC	SINGLE	WGS of bacterial isolate possessing blaIMP-4 carbapenemase
SRR32157824	SRX27503300	SRS23923974	SRP560261	PRJNA1129067	Aeromonas	rivipollensis	OXFORD_NANOPORE	MinION	214271857.0	211174.0	WGS	GENOMIC	SINGLE	OCT_LG2
SRR5742466	SRX2947403	ERS2107566	SRP110172	PRJNA335047	Variovorax sp. YR752	YR752	PACBIO_SMRT	PacBio RS II	335572979.0	91067.0	WGS	GENOMIC	SINGLE	Variovorax sp. YR752
SRR21696472	SRX17694305	SRS11554510	SRP354045	PRJNA747871	Streptomyces sp. NBC_01255	NBC_01255	OXFORD_NANOPORE	MinION	660662904.0	66990.0	WGS	GENOMIC	SINGLE	nanopore sequencing data from strain NBC_01255
SRR24140251	SRX19938826	SRS17287535	SRP247747	PRJNA604975	Escherichia coli	ox_bsi_173	OXFORD_NANOPORE	GridION	468977608.0	95170.0	WGS	GENOMIC	SINGLE	oxford_bsi
DRR505511	DRX489421	DRS335491	DRP010634	PRJDB16752	Yersinia pseudotuberculosis	Ypse1	PACBIO_SMRT	PacBio RS	555492146.0	57563.0	WGS	GENOMIC	SINGLE	PacBio RS sequencing of SAMD00647906
SRR34986114	SRX30104856	SRS26168506	SRP608826	PRJNA1305362	Listeria monocytogenes	Lm_190	OXFORD_NANOPORE	MinION	300774096.0	47310.0	WGS	GENOMIC	SINGLE	Oxford Nanopore sequences of an isolated L. monocytogenes strain from wastewater
SRR13192468	SRX9626991	SRS7827983	SRP295672	PRJNA681856	Salmonella enterica	LHICA_E1	OXFORD_NANOPORE	MinION	15452034.0	4000.0	WGS	GENOMIC	SINGLE	WGS of Salmonella enterica Lhica E107
SRR22784871	SRX18744573	SRS16179744	SRP413484	PRJNA912639	Escherichia coli	EC_0731_SB3C1_H	OXFORD_NANOPORE	MinION	25066267.0	4465.0	WGS	GENOMIC	SINGLE	WGS of Escherichia coli
SRR11460449	SRX8037766	SRS6409976	SRP254815	PRJNA616136	Escherichia coli	8-3-DC15	OXFORD_NANOPORE	MinION	192807715.0	43442.0	WGS	GENOMIC	SINGLE	WGS of E. coli ST270: human clinical sample
SRR9732364	SRX6489642	SRS5138424	SRP215929	PRJNA555902	Agrobacterium sp. Col-0-18	Col-0-18	OXFORD_NANOPORE	GridION	297175793.0	47760.0	WGS	GENOMIC	SINGLE	Genome sequencing of bacterial strain Col-0-18
SRR14871153	SRX11188665	SRS9244966	SRP324862	PRJNA736470	Streptococcus equi subsp. zooepidemicus	SEZ_18-066	PACBIO_SMRT	Sequel	803922588.0	124895.0	WGS	GENOMIC	SINGLE	PacBio whole genome sequencing of Streptococcu equi
SRR35212480	SRX30316297	SRS26363313	SRP291668	PRJNA675431	Enterococcus faecium	FI564	OXFORD_NANOPORE	PromethION	1184208832.0	322305.0	WGS	GENOMIC	SINGLE	WGS of Enterococcus faecium
DRR572529	DRX555996	DRS426389	DRP012251	PRJDB17574	Escherichia coli	YK-IS1MA-L06-2_G08	OXFORD_NANOPORE	MinION	265436.0	538.0	WGS	GENOMIC	SINGLE	nanopore-seq of SAMD00748206 L06-2_G8
ERR10854364	ERX10299131	ERS7357956	ERP109413	PRJEB27342	Klebsiella variicola subsp. variicola		PACBIO_SMRT	Sequel II	7086769982.0	1651643.0	WGS	GENOMIC	SINGLE	Sequel II sequencing
SRR16775466	SRX12974691	SRS10915526	SRP215816	PRJNA470993	Staphylococcus aureus		PACBIO_SMRT	PacBio RS II	969783946.0	117651.0	WGS	GENOMIC	SINGLE	WGS of Staphylococcus aureus
SRR21696534	SRX17694246	SRS11554465	SRP354045	PRJNA747871	Streptomyces sp. NBC_01530	NBC 01530	OXFORD_NANOPORE	MinION	289665026.0	57326.0	WGS	GENOMIC	SINGLE	nanopore sequencing data from strain NBC_01530
SRR19328590	SRX15388290	SRS13117273	SRP376194	PRJNA839525	Brevundimonas albigilva	TT17	OXFORD_NANOPORE	MinION	3084083463.0	313628.0	WGS	GENOMIC	SINGLE	Genome Seq of Brevundimonas albigilva TT17 MinIon seq
SRR32486209	SRX27799612	SRS19225345	SRP399759	PRJNA857539	Salmonella enterica subsp. enterica serovar Paratyphi A		OXFORD_NANOPORE	PromethION	875301632.0	225723.0	WGS	GENOMIC	SINGLE	WGS of Salmonella species from ONT reads
ERR10497960	ERX10015249	ERS14254461	ERP142629	PRJEB57633	Escherichia coli		OXFORD_NANOPORE	GridION	153175958.0	22998.0	WGS	GENOMIC	SINGLE	Raw reads: ONT_30345_1#86
SRR1391282	SRX595861	SRS636547	SRP028928	PRJNA215355	Listeria monocytogenes	CFSAN007956	PACBIO_SMRT	PacBio RS II	890345590.0	163482.0	WGS	GENOMIC	SINGLE	Whole genome shotgun sequencing of Listeria monocytogenes str. CFSAN007956 by Pacific Biosciences SMRT
DRR287305	DRX276762	DRS318052	DRP010345	PRJDB10714	Annamia dubia NIES-4383	NIES-4383	OXFORD_NANOPORE	MinION	15334028.0	4000.0	WGS	GENOMIC	SINGLE	Annamia_sp_43
SRR27006233	SRX22699152	SRS19691842	SRP250705	PRJNA607328	Escherichia coli	Mixture	OXFORD_NANOPORE	MinION	2317291158.0	437336.0	WGS	GENOMIC	SINGLE	Escherichia coli/Pseudomonas aeruginosa/Saccharomyces cerevisiae FELIX_MS838 Nanopore
SRR27972814	SRX23626351	SRS20465603	SRP489819	PRJNA1076692	Pseudomonas aeruginosa	RIVM_C055116_rerio	OXFORD_NANOPORE	MinION	138150751.0	37113.0	WGS	GENOMIC	SINGLE	RIVM_C055116_rerio
SRR14347939	SRX10701814	SRS8791727	SRP316763	PRJNA716667	Escherichia coli	CX06	OXFORD_NANOPORE	MinION	452849760.0	97068.0	WGS	GENOMIC	SINGLE	Whole genome sequencing of Escherichia coli isolates from beef
SRR8063632	SRX4892413	SRS3939508	SRP165870	PRJNA485466	Salmonella enterica subsp. enterica serovar Dublin	USMARC-69807	PACBIO_SMRT	PacBio RS II	1379697339.0	163482.0	WGS	GENOMIC	SINGLE	WGS of Salmonella enterica sv. Dublin USMARC-69807
SRR29777268	SRX25277128	SRS21961045	SRP519287	PRJNA1134122	Listeria monocytogenes	N22-1493	OXFORD_NANOPORE	MinION	566029657.0	100907.0	WGS	GENOMIC	SINGLE	Long read WGS of Listeria monocytogenes: isolate N22-1493
SRR34967675	SRX30086562	SRS26152792	SRP608514	PRJNA1305037	Citrobacter freundii	MI_KPC_1033	OXFORD_NANOPORE	PromethION	132853207.0	24785.0	WGS	GENOMIC	SINGLE	KPC CRE collection from state of Michigan
ERR4910132	ERX4776956	ERS4556737	ERP121699	PRJEB38289	Klebsiella pneumoniae		PACBIO_SMRT	PacBio RS	1429557114.0	54494.0	WGS	GENOMIC	SINGLE	PacBio RS sequencing
SRR26950764	SRX22644442	SRS19641537	SRP474291	PRJNA1043871	Bacillus sp. PBL-C9	PBL-C9	OXFORD_NANOPORE	MinION	9511113.0	3973.0	WGS	GENOMIC	SINGLE	Bacillus sp. PBL-C9 Genome sequencing and assembly
SRR33895181	SRX29106672	SRS25313012	SRP590843	PRJNA1272507	Salmonella enterica	SAL-155	OXFORD_NANOPORE	GridION	269660203.0	87183.0	WGS	GENOMIC	SINGLE	ONT-WGS of Salmonella enterica
SRR5131989	SRX2442577	SRS1713170	SRP090452	PRJNA344472	Mycobacterium intracellulare subsp. chimaera		PACBIO_SMRT	PacBio RS II	1491890343.0	163482.0	WGS	GENOMIC	SINGLE	PacBio data of Mycobacterium chimaera isolated from a patient in Pennsylvania
SRR28445746	SRX24049155	SRS20840578	SRP497734	PRJNA1077798	Alteromonas gracilis	J4	OXFORD_NANOPORE	MinION	2477207.0	1000.0	WGS	GENOMIC	SINGLE	Alteromonas gracilis strain J4, whole genome Nanopore Sequencing
SRR6238465	SRX3346703	SRS2646830	SRP123202	PRJNA371178	Caldicellulosiruptor bescii	RKCB121	PACBIO_SMRT	PacBio RS II	572247306.0	203616.0	WGS	GENOMIC	SINGLE	Caldicellulosiruptor bescii RKCB121
SRR12339180	SRX8839071	SRS7102316	SRP273944	PRJNA649220	Pectobacterium brasiliense	IPO:4134 NAK:395	PACBIO_SMRT	Sequel	245260144.0	39603.0	WGS	GENOMIC	SINGLE	WGS of Pectobacterium brasiliense: strain IPO:4134 NAK:395
ERR12331475	ERX11708345	ERS16541473	ERP151442	PRJEB66377	Escherichia coli		OXFORD_NANOPORE	MinION	835525126.0	159530.0	WGS	GENOMIC	SINGLE	MinION sequencing
SRR30342867	SRX25801282	SRS22432760	SRP528120	PRJNA1150149	Escherichia coli O25b:H4-ST131	ST131	OXFORD_NANOPORE	MinION	449615191.0	73364.0	WGS	GENOMIC	SINGLE	ONT long-read sequencing of potential healthcare transmission pathogens
SRR18254047	SRX14395309	SRS9825971	SRP071789	PRJNA315192	Shigella sonnei	1324211	OXFORD_NANOPORE	MinION	276630648.0	34800.0	WGS	GENOMIC	SINGLE	Nanopore sequencing of Shigella sonnei
SRR33768532	SRX28990944	SRS22456393	SRP444583	PRJNA962904	Escherichia coli		PACBIO_SMRT	Sequel II	292908537.0	19322.0	WGS	GENOMIC	SINGLE	PacBio sequencing of AH0838HE1 for ARCH 2
ERR9364075	ERX8906324	ERS11202300	ERP136327	PRJEB51675	Vibrio cholerae O1 biovar El Tor	not provided	OXFORD_NANOPORE	MinION	1280058285.0	122408.0	WGS	GENOMIC	SINGLE	MinION sequencing
DRR534747	DRX518567	DRS403515	DRP011977	PRJDB17629	Paenibacillus melissococcoides	J6TS7	OXFORD_NANOPORE	MinION	685491562.0	137322.0	WGS	GENOMIC	SINGLE	MinION sequencing of SAMD00751199
SRR34531108	SRX29674552	SRS25787658	SRP600654	PRJNA1289023	Enterobacter cloacae complex	E. hormaechei subsp. steigerwaltii	OXFORD_NANOPORE	MinION	598335949.0	131984.0	WGS	GENOMIC	SINGLE	WGS of enterobacterial clinical strains carrying IncQ2::blaGES plasmid
ERR15693074	ERX15097275	ERS26984938	ERP171481	PRJEB88388	Rahnella aceris	R-92825	OXFORD_NANOPORE	MinION	1039273189.0	375095.0	WGS	GENOMIC	SINGLE	Raw reads: Rahnella aceris R-92825
SRR30934857	SRX26337452	SRS22863377	SRP537571	PRJNA1168290	Paenibacillus sp. TAB_01	TAB_01	OXFORD_NANOPORE	MinION	1718769.0	209.0	WGS	GENOMIC	SINGLE	Paenibacillus sp. TAB 01 from cotton plant tissue
SRR24475014	SRX20261214	SRS17592012	SRP436581	PRJNA967113	Escherichia coli	CPO070	OXFORD_NANOPORE	MinION	371250942.0	26193.0	WGS	GENOMIC	SINGLE	WGS of bacterial isolate possessing blaNDM carbapenemase
SRR13181906	SRX9619930	SRS7822100	SRP040661	PRJNA231221	Acinetobacter pittii	FDAARGOS_1215	PACBIO_SMRT	Sequel	3932268336.0	725421.0	WGS	GENOMIC	SINGLE	
SRR15989390	SRX12278149	SRS9998417	SRP357537	PRJNA801416	Escherichia coli	48	OXFORD_NANOPORE	GridION	884713032.0	125080.0	WGS	GENOMIC	SINGLE	Whole Genome Sequencing of Carbapenemase-producing Enterobacterales (CPE)
SRR924478	SRX314713	SRS452293	SRP026276	PRJNA191769	Salmonella enterica subsp. enterica serovar Heidelberg str. CFSAN002064	CFSAN002064	PACBIO_SMRT	PacBio RS	271556207.0	81741.0	WGS	GENOMIC	SINGLE	Whole genome shotgun sequencing of Salmonella enterica subsp. enterica serovar Heidelberg str. CFSAN002064 by Pacific Biosciences SMRT
SRR33422497	SRX28663471	SRS24931441	SRP583015	PRJNA1258586	Bacteroides fragilis	H1	PACBIO_SMRT	PacBio RS II	340070687.0	67599.0	WGS	GENOMIC	SINGLE	isolated from infected H1R4 culture at 12 hpi,number_H1R4-30
ERR10854390	ERX10299157	ERS7358013	ERP109413	PRJEB27342	Klebsiella aerogenes		PACBIO_SMRT	Sequel II	7002720531.0	1997852.0	WGS	GENOMIC	SINGLE	Sequel II sequencing
ERR10908106	ERX10348913	ERS14656024	ERP145079	PRJEB60038	Campylobacter jejuni	ST-19	OXFORD_NANOPORE	MinION	137574088.0	38674.0	WGS	GENOMIC	SINGLE	MinION sequencing
SRR29859736	SRX25357178	SRS22024169	SRP520491	PRJNA1136452	Serratia ureilytica	CBD1	OXFORD_NANOPORE	PromethION	211803928.0	37049.0	WGS	GENOMIC	SINGLE	CBD1_ONT_2
SRR32527856	SRX27839672	SRS24213996	SRP567071	PRJNA1230128	Salmonella enterica subsp. enterica serovar Enteritidis	22EPA058NSA_11	OXFORD_NANOPORE	MinION	85713623.0	22272.0	WGS	GENOMIC	SINGLE	nanopore sequence of Salmonella enterica
SRR21415640	SRX17420240	SRS13526105	SRP361569	PRJNA768416	Bacillus sp. PS196		OXFORD_NANOPORE	MinION	304937738.0	50121.0	WGS	GENOMIC	SINGLE	WGS of Bacilli
SRR34967294	SRX30086271	SRS26152595	SRP608514	PRJNA1305037	Klebsiella pneumoniae	MI_KPC_156	OXFORD_NANOPORE	PromethION	500001084.0	70842.0	WGS	GENOMIC	SINGLE	KPC CRE collection from state of Michigan
SRR9998526	SRX6737461	SRS5288574	SRP218769	PRJNA561036	Staphylococcus pseudintermedius	GL119A	OXFORD_NANOPORE	MinION	52485960.0	35468.0	WGS	GENOMIC	SINGLE	WGS reads for S pseudintermedius GL119A_ONP
ERR10496824	ERX10014143	ERS14249035	ERP142629	PRJEB57633	Escherichia coli		OXFORD_NANOPORE	GridION	131232887.0	22081.0	WGS	GENOMIC	SINGLE	Raw reads: ONT_30602_2#70
SRR7665603	SRX4526173	SRS3644128	SRP156998	PRJNA475453	Pseudomonas aeruginosa	TUEPA7472	PACBIO_SMRT	PacBio RS II	618480372.0	163482.0	WGS	GENOMIC	SINGLE	WGS of Pseudomonas aeruginosa TUEPA7472 employing PacBio
SRR28825880	SRX24388704	SRS21144466	SRP504527	PRJNA984017	Serratia marcescens	S4A	OXFORD_NANOPORE	MinION	528482500.0	67695.0	WGS	GENOMIC	SINGLE	Serratia marcescens S4A oxford nanopore reads
SRR34878353	SRX30009190	SRS26084403	SRP606896	PRJNA1283264	Escherichia coli	FCI28	OXFORD_NANOPORE	MinION	609094092.0	168161.0	WGS	GENOMIC	SINGLE	FCI28 whole genome shotgun sequencing (e_coli_2022_10_19)
ERR15195396	ERX14601070	ERS25142046	ERP160948	PRJEB76420	Escherichia coli		OXFORD_NANOPORE	MinION			WGS	GENOMIC	SINGLE	MinION sequencing
SRR34446479	SRX29606889	SRS25728062	SRP599213	PRJNA1288503	Citrobacter koseri	UTI-23-42	OXFORD_NANOPORE	MinION	123554558.0	15627.0	WGS	GENOMIC	SINGLE	Nanopore sequencing of Citrobacter koseri UTI-23-42 genome
SRR21696354	SRX17693911	SRS11554287	SRP354045	PRJNA747871	Streptomyces sp. NBC_01431	NBC_01431	OXFORD_NANOPORE	MinION	696778492.0	83145.0	WGS	GENOMIC	SINGLE	nanopore sequencing data from strain NBC_01431
SRR13575469	SRX9973393	SRS8145954	SRP303741	PRJNA695586	Streptococcus pyogenes	M4C20	OXFORD_NANOPORE	MinION	3303560.0	4000.0	WGS	GENOMIC	SINGLE	Whole genome sequence of Streptococcus pyogenes strain M4C20
SRR24139808	SRX19938597	SRS17287306	SRP247747	PRJNA604975	Escherichia coli	ox_bsi_378	OXFORD_NANOPORE	GridION	2688284266.0	715345.0	WGS	GENOMIC	SINGLE	oxford_bsi
SRR17841631	SRX14002625	SRS11840940	SRP357654	PRJNA549291	Morganella morganii	CTX51T	PACBIO_SMRT	Sequel II	506514278.0	65012.0	WGS	GENOMIC	SINGLE	Pacbio Sequel II of Morganella morganii Strain MCTX51T Isolated from a Human Cecal Adenocarcinoma
ERR12049639	ERX11432817	ERS16377332	ERP149821	PRJEB64629	Brachybacterium alimentarium		OXFORD_NANOPORE	PromethION	2492810179.0	101903.0	WGS	GENOMIC	SINGLE	Brachybacterium alimentarium_oxford_nanopore_ONT
SRR12795589	SRX9264655	SRS7494103	SRP286750	PRJNA668065	Ralstonia solanacearum	362200	PACBIO_SMRT	PacBio RS II	362028913.0	42706.0	WGS	GENOMIC	SINGLE	pacbio WGS of  Rs-P.362200
SRR31540838	SRX26908086	SRS23387546	SRP548173	PRJNA1190675	Escherichia coli	The same strain as the one under SRA accession SRR11998816	OXFORD_NANOPORE	MinION	281311480.0	91215.0	WGS	GENOMIC	SINGLE	ONT of TAS033
SRR9616108	SRX6379195	SRS5039849	SRP212399	PRJNA548188	Borreliella burgdorferi	K86	OXFORD_NANOPORE	GridION	323566863.0	218396.0	WGS	GENOMIC	SINGLE	Borreliella burgdorferi Genome sequencing and assembly
SRR3723146	SRX1880833	SRS1527607	SRP077324	PRJNA234917	Carnobacterium gallinarum DSM 4847	MT44	PACBIO_SMRT	PacBio RS	362940614.0	124464.0	WGS	GENOMIC	SINGLE	Carnobacterium gallinarum MT44
SRR8549469	SRX5351399	SRS645323	SRP043522	PRJNA244943	Bacteroides fragilis	DCMOUH0017B	OXFORD_NANOPORE	MinION	335037033.0	70902.0	WGS	GENOMIC	SINGLE	Nanopore DNA-seq of Bacteroides fragilis: BF17. First run. demultpiplexed fast5.
SRR12247683	SRX8755484	SRS6976352	SRP266402	PRJNA605147	Escherichia coli		OXFORD_NANOPORE	GridION	2514615776.0	627093.0	WGS	GENOMIC	SINGLE	Oxford Nanopore sequencing of Escherichia coli isolate RH17|T1-SEC03 cultured from poultry farm sediment sample
SRR26413065	SRX22118446	SRS16091170	SRP412517	PRJNA910977	Klebsiella pneumoniae	P0775	PACBIO_SMRT	Sequel II	715447631.0	58647.0	WGS	GENOMIC	SINGLE	WGS of K. pneumoniae
ERR4762231	ERX4635335	ERS5247766	ERP124695	PRJEB40976	Enterococcus faecalis		OXFORD_NANOPORE	GridION	295590296.0	17006.0	WGS	GENOMIC	SINGLE	GridION sequencing; Raw reads: 26975_2#175
SRR25648237	SRX21374675	SRS18617767	SRP455232	PRJNA1005691	Salmonella enterica		OXFORD_NANOPORE	GridION	1043141729.0	169263.0	WGS	GENOMIC	SINGLE	Bacterial genomic sequencing: Campylobacter from poultry litter
SRR26437388	SRX22142120	SRS19201883	SRP467311	PRJNA1026547	Acinetobacter baumannii	ACC00445_zosurabalpin_4	OXFORD_NANOPORE	GridION	290418537.0	23799.0	WGS	GENOMIC	SINGLE	WGS of Acinetobacter baumannii: ACC00445 derivative with elevated RG6006 MIC
SRR7447104	SRX4317652	SRS3480638	SRP151539	PRJNA477342	Aeromonas veronii	CIP107763T	OXFORD_NANOPORE	MinION	199486583.0	82821.0	WGS	GENOMIC	SINGLE	CIP107763T_MinION
ERR10229195	ERX9764151	ERS6480115	ERP109413	PRJEB27342	Klebsiella quasipneumoniae subsp. quasipneumoniae		PACBIO_SMRT	Sequel II	7527339605.0	1131845.0	WGS	GENOMIC	SINGLE	Sequel II sequencing
SRR35213475	SRX30317248	SRS26364183	SRP615992	PRJNA1301220	Acinetobacter baumannii	ABO22-A115	OXFORD_NANOPORE	MinION	502177963.0	79246.0	WGS	GENOMIC	SINGLE	Whole geneme sequencing of Acinetobacter baumannii: isolates of the Ab-One study
SRR20652501	SRX16675581	SRS14307109	SRP388233	PRJNA862512	Escherichia coli BL21(DE3)	BL21(DE3)	OXFORD_NANOPORE	MinION	966524855.0	79415.0	WGS	GENOMIC	SINGLE	Escherichia coli ONT MinION reads
SRR32204182	SRX27545629	SRS23960614	SRP561120	PRJNA1214876	Ekhidna algicida	To15	OXFORD_NANOPORE	MinION	41399605.0	4000.0	WGS	GENOMIC	SINGLE	Ekhidna algicida strain To15 genome
ERR2225505	ERX2278875	ERS1869774	ERP005928	PRJEB6403	Neisseria zoodegmatis	NCTC12229	PACBIO_SMRT	PacBio RS	660391765.0	163482.0	WGS	GENOMIC	SINGLE	PacBio RS sequencing
SRR28553093	SRX24152713	SRS20934173	SRP499691	PRJNA1009252	Microbacterium sp. LWH10-1.2	LWH10-1.2	PACBIO_SMRT	Sequel IIe	151219767.0	14726.0	WGS	GENOMIC	SINGLE	Sequencing of LWH10
SRR19357540	SRX15416261	SRS12115346	SRP361569	PRJNA768416	Bacillus sp. FSL M8-0315		OXFORD_NANOPORE	MinION	1164454809.0	205455.0	WGS	GENOMIC	SINGLE	WGS of Bacilli
SRR386388	SRX109874	SRS212335	SRP007231	PRJNA49881	Scardovia wiggsiae F0424	F0424	PACBIO_SMRT	PacBio RS	123646304.0	81741.0	WGS	GENOMIC	SINGLE	Whole Genome Sequencing and Assembly
SRR21630452	SRX17630947	SRS14987462	SRP354045	PRJNA747871	Streptomyces sp. NBC_00441	NBC_00441	OXFORD_NANOPORE	MinION	887312781.0	118954.0	WGS	GENOMIC	SINGLE	nanopore sequencing data from strain NBC_00441
SRR9162999	SRX5935937	SRS4849021	SRP199918	PRJNA545512	Serratia marcescens	WVU-009	OXFORD_NANOPORE	MinION	2366273525.0	247857.0	WGS	GENOMIC	SINGLE	DNA-Seq of Serratia marcescens WVU-009
SRR31541014	SRX26907910	SRS23387369	SRP548173	PRJNA1190675	Escherichia coli	The same strain as the one under SRA accession SRR7286555	OXFORD_NANOPORE	MinION	1280321240.0	186645.0	WGS	GENOMIC	SINGLE	ONT of TAS195
SRR29200883	SRX24720868	SRS21443923	SRP510188	PRJNA1116835	Pseudomonas aeruginosa		PACBIO_SMRT	Sequel II	1075515788.0	162033.0	WGS	GENOMIC	SINGLE	WGS of Pseudomonas aeruginosa from an 83-year-old male patient
SRR7054570	SRX3985604	SRS3210369	SRP142191	PRJNA442825	Mycobacterium alsense	GAS429	PACBIO_SMRT	PacBio RS II	713541107.0	268480.0	WGS	GENOMIC	SINGLE	Mycobacterium alsense GAS429
SRR31583324	SRX26948930	SRS23420392	SRP548954	PRJNA1193326	Campylobacter jejuni		OXFORD_NANOPORE	MinION	75323275.0	34557.0	WGS	GENOMIC	SINGLE	Long-read Nanopore-based WGS characterization of antimicrobial resistant Campylobacter jejuni and Campylobacter coli isolates from humans, animals and food products in Northern Spain within a One Health approach
SRR31073002	SRX26456546	SRS22971867	SRP540187	PRJNA1176018	Escherichia coli	GF161	OXFORD_NANOPORE	MinION	431891990.0	84106.0	WGS	GENOMIC	SINGLE	Long read WGS of Escherichia coli: isolate GF161
SRR35247901	SRX30350731	SRS26393801	SRP617287	PRJNA893748	Paraburkholderia sp. WSM4175	WSM4175	PACBIO_SMRT	Sequel IIe	245815689.0	31587.0	WGS	GENOMIC	SINGLE	Paraburkholderia tuberum WSM4175
SRR29777248	SRX25277148	SRS21961065	SRP519287	PRJNA1134122	Listeria monocytogenes	N23-2917	OXFORD_NANOPORE	MinION	438392472.0	61913.0	WGS	GENOMIC	SINGLE	Long read WGS of Listeria monocytogenes: isolate N23-2917
SRR28879921	SRX24438750	SRS21193063	SRP505483	PRJNA1107358	Vibrio kanaloae	ENK1	OXFORD_NANOPORE	MinION	120975945.0	29356.0	WGS	GENOMIC	SINGLE	WGS of shark bacterial isolates
SRR3710050	SRX1870076	SRS1520658	SRP076913	PRJNA242614	Salmonella enterica subsp. enterica serovar Infantis	CVM44454	PACBIO_SMRT	PacBio RS II	337871600.0	163482.0	WGS	GENOMIC	PAIRED	WGS of Salmonella enterica Infantis: 2014 CDC clinical (pacbio): Sample CVM 44454
SRR35071082	SRX30184939	SRS26244947	SRP610420	PRJNA1308807	Escherichia coli	Ec_061	OXFORD_NANOPORE	MinION	1026219773.0	91315.0	WGS	GENOMIC	SINGLE	Oxford Nanopore sequences of an isolated E. coli strain from wastewater
SRR31024137	SRX26411426	SRS22931380	SRP539092	PRJNA1174068	Vibrio cholerae	mHDM VC43	OXFORD_NANOPORE	PromethION	210192426.0	124825.0	WGS	GENOMIC	SINGLE	WGS of Vcholerae isolates
SRR8358434	SRX5169196	SRS310901	SRP018785	PRJNA186035	Salmonella enterica subsp. enterica serovar Bareilly str. CFSAN000211	CFSAN000211	PACBIO_SMRT	Sequel	362386388.0	57803.0	WGS	GENOMIC	SINGLE	Whole genome PacBio Sequel sequence of Salmonella enterica subsp. enterica serovar Bareilly
SRR27678723	SRX23346026	SRS20207264	SRP485167	PRJNA960711	Bacillus albus	SXL388	OXFORD_NANOPORE	MinION	134358926.0	26971.0	WGS	GENOMIC	SINGLE	WGS of Bacillus albus: strain SXL388
SRR34973824	SRX30093018	SRS26157923	SRP608514	PRJNA1305037	Klebsiella pneumoniae	MI_KPC_871	OXFORD_NANOPORE	PromethION	477930875.0	77155.0	WGS	GENOMIC	SINGLE	KPC CRE collection from state of Michigan
SRR35198257	SRX30302074	SRS17947908	SRP442252	PRJNA708473	Rhodococcoides fascians	DSM 43673	PACBIO_SMRT	Sequel II	124547864.0	17356.0	WGS	GENOMIC	SINGLE	Rhodococcus luteus DSM 43673
SRR23384584	SRX19323077	SRS16721155	SRP421698	PRJNA924056	Klebsiella variicola	CPO321	OXFORD_NANOPORE	MinION	468269694.0	131321.0	WGS	GENOMIC	SINGLE	WGS of bacterial isolate possessing blaIMP-4 carbapenemase
SRR22550190	SRX18513723	SRS15982761	SRP309589	PRJNA707214	Escherichia coli		OXFORD_NANOPORE	GridION	964639222.0	138336.0	WGS	GENOMIC	SINGLE	WGS of E.coli from pig farm
SRR31303468	SRX26681603	SRS23174459	SRP544363	PRJNA1133929	Bordetella pertussis	YW34	PACBIO_SMRT	Sequel IIe	3400228691.0	237270.0	WGS	GENOMIC	PAIRED	Genome sequencing for Bordetella pertussis
SRR18191524	SRX14338226	SRS12152227	SRP362168	PRJNA808207	Escherichia coli	2236-3b	OXFORD_NANOPORE	MinION	488230799.0	119292.0	WGS	GENOMIC	SINGLE	MinION whole genome sequencing of STEC from ruminants
SRR4125187	SRX2107166	SRS1666429	SRP040661	PRJNA231221	Clostridioides difficile	FDAARGOS_269	PACBIO_SMRT	PacBio RS	3035579772.0	163482.0	WGS	GENOMIC	SINGLE	
ERR950071	ERX1029056	ERS702134	ERP005928	PRJEB6403	Klebsiella pneumoniae	NCTC9498	PACBIO_SMRT	PacBio RS	946881928.0	163482.0	WGS	GENOMIC	SINGLE	PacBio RS sequencing
SRR15989199	SRX12277668	SRS9998535	SRP357537	PRJNA801416	Klebsiella pneumoniae	E1153	OXFORD_NANOPORE	GridION	929519892.0	114018.0	WGS	GENOMIC	SINGLE	Whole Genome Sequencing of Carbapenemase-producing Enterobacterales (CPE)
ERR9843373	ERX9389170	ERS11816114	ERP120185	PRJEB36919	Campylobacter jejuni		PACBIO_SMRT	Sequel II	3732083375.0	466483.0	WGS	GENOMIC	SINGLE	Sequel II sequencing
SRR30596886	SRX26019582	SRS22591403	SRP531440	PRJNA1092388	Aeromonas dhakensis	024787	PACBIO_SMRT	Sequel IIe	375739739.0	50856.0	WGS	GENOMIC	SINGLE	HIFI of Aeromonas dhakensis:180
ERR15741861	ERX15147576	ERS27100296	ERP171481	PRJEB88388	Pseudomonas sp. R-93394	R-93394	OXFORD_NANOPORE	MinION	803666760.0	513680.0	WGS	GENOMIC	SINGLE	Raw reads: Pseudomonas sp. R-93394
SRR35674187	SRX30725843	SRS26742290	SRP561673	PRJNA1219398	Pasteurella multocida	212910	OXFORD_NANOPORE	MinION	379535185.0	59339.0	WGS	GENOMIC	SINGLE	DNA-Seq of Pasteurella multocida 212910
SRR14458708	SRX10808838	SRS8894880	SRP318756	PRJNA701418	Myxococcus xanthus DZ2	DZ2	PACBIO_SMRT	Sequel II	11990885926.0	2543781.0	WGS	GENOMIC	SINGLE	Complete genome assembly of Myxococcus xanthus strain DZ2 using long high-fidelity (HiFi) reads generated by PacBio
SRR10752809	SRX7427547	SRS5873517	SRP238471	PRJNA597131	Lactobacillus johnsonii	3DG	PACBIO_SMRT	Sequel	7031108485.0	1235045.0	WGS	GENOMIC	SINGLE	Genome Assembly of Lactobacillus: Isolate 3DG
ERR7776850	ERX7344897	ERS9620862	ERP133740	PRJEB49256	Enterococcus faecalis		OXFORD_NANOPORE	MinION	1994633119.0	350992.0	WGS	GENOMIC	SINGLE	MinION sequencing
SRR26899138	SRX22593272	SRS19599848	SRP473241	PRJNA1042815	Vibrio parahaemolyticus	EB101	OXFORD_NANOPORE	GridION	6050604999.0	5003412.0	WGS	GENOMIC	SINGLE	WGS of Vibrio parahaemolyticus isolate
ERR12670833	ERX12044965	ERS18299996	ERP149678	PRJEB64503	Haemophilus parainfluenzae ATCC 33392	HUB-HP16043	OXFORD_NANOPORE	MinION	47010983.0	12527.0	WGS	GENOMIC	SINGLE	MinION sequencing
SRR9006996	SRX5785270	SRS4717797	SRP194892	PRJNA531660	Cupriavidus necator H16		PACBIO_SMRT	PacBio RS II	2087563490.0	163482.0	WGS	GENOMIC	SINGLE	DNA sequence of Cupriavidus necator H16
SRR29686920	SRX25190072	SRS21879363	SRP517661	PRJNA662973	Mycetohabitans rhizoxinica	B12	PACBIO_SMRT	Sequel	2998121451.0	455215.0	WGS	GENOMIC	SINGLE	PacBio sequence of Mycetohabitans spp.:M. endofungorum B12
SRR13955675	SRX10334090	SRS8453809	SRP310443	PRJNA714107	Mannheimia haemolytica	1563	PACBIO_SMRT	PacBio RS II	1093966432.0	207669.0	WGS	GENOMIC	SINGLE	PacBio reads of M. haemolytica
SRR28445727	SRX24049174	SRS20840578	SRP497734	PRJNA1077798	Alteromonas gracilis	J4	OXFORD_NANOPORE	MinION	2689414.0	1000.0	WGS	GENOMIC	SINGLE	Alteromonas gracilis strain J4, whole genome Nanopore Sequencing
SRR1427247	SRX612586	SRS643557	SRP043454	PRJNA198783	Klebsiella pneumoniae subsp. pneumoniae KPNIH27	KPNIH27	PACBIO_SMRT	PacBio RS	268729216.0	163482.0	WGS	GENOMIC	SINGLE	PacBio SMRT Sequencing of Klebsiella pneumoniae subsp. pneumoniae KPNIH27 Genomic Library
ERR879362	ERX958765	ERS647574	ERP005928	PRJEB6403	Salmonella enterica	NCTC6385	PACBIO_SMRT	PacBio RS	1547030807.0	163482.0	WGS	GENOMIC	SINGLE	PacBio RS sequencing
ERR5984744	ERX5624422	ERS6796336	ERP129449	PRJEB45354	Escherichia coli		OXFORD_NANOPORE	GridION	29066642.0	5678.0	WGS	GENOMIC	SINGLE	GridION sequencing; Raw reads: ONT_30859_5#17
SRR18454836	SRX14587530	SRS12333694	SRP365083	PRJNA818268	Bacillus cereus	Cip5R1	PACBIO_SMRT	Sequel II	5977429957.0	643385.0	WGS	GENOMIC	SINGLE	Bacillus cereus 03BB102 isolate Cip5R1
ERR14746002	ERX14147374	ERS23811965	ERP170065	PRJEB86767	Enterococcus faecium		OXFORD_NANOPORE	MinION	505488215.0	136412.0	WGS	GENOMIC	SINGLE	EXP-14-1-2025-03-14_12-16-43
ERR2125756	ERX2182608	ERS1545397	ERP005928	PRJEB6403	Yersinia ruckeri	NCTC10476	PACBIO_SMRT	PacBio RS	2064154473.0	163482.0	WGS	GENOMIC	SINGLE	PacBio RS sequencing
SRR32743036	SRX28028810	SRS9930349	SRP334250	PRJNA732899	Streptococcus vestibularis	E653	OXFORD_NANOPORE	MinION	280359614.0	63234.0	WGS	GENOMIC	SINGLE	7
SRR31083730	SRX26467152	SRS22981836	SRP540300	PRJNA1176323	Pasteurella multocida	680	OXFORD_NANOPORE	MinION	92323638.0	16675.0	WGS	GENOMIC	SINGLE	DNA-Seq of Pasteurella multocida 680
ERR14366899	ERX13768297	ERS23242488	ERP169113	PRJEB85738	Citrobacter freundii		OXFORD_NANOPORE	MinION	173198617.0	55901.0	WGS	GENOMIC	SINGLE	MinION sequencing
SRR32614271	SRX27919592	SRS24289393	SRP072679	PRJNA316969	Staphylococcus haemolyticus	UMB6531B	OXFORD_NANOPORE	GridION	897406715.0	204220.0	WGS	GENOMIC	SINGLE	Nanopore WGS of S. haemolyticus UMB6531B
ERR8007911	ERX7573580	ERS9899418	ERP131998	PRJEB47698	Staphylococcus aureus		OXFORD_NANOPORE	MinION	39732517.0	31758.0	WGS	GENOMIC	SINGLE	MinION sequencing
SRR2056989	SRX1053796	SRS956600	SRP043214	PRJNA252728	Pseudomonas aeruginosa	missing	PACBIO_SMRT	PacBio RS II	1272380690.0	163482.0	WGS	GENOMIC	SINGLE	PacBio RSII Sequencing Data for NIST RM 8377 Pseudomonsa aeruginosa
SRR17714292	SRX13877307	SRS11747562	SRP356376	PRJNA799439	Lactiplantibacillus plantarum	TWK10	OXFORD_NANOPORE	GridION	1518361387.0	1967657.0	WGS	GENOMIC	SINGLE	SAMN25209732
ERR3763914	ERX3765091	ERS4181291	ERP118604	PRJEB35543	Methylobacterium bullatum		OXFORD_NANOPORE	MinION	1107107982.0	119536.0	WGS	GENOMIC	SINGLE	MinION sequencing; Raw reads: sra_gr5_min
SRR13575440	SRX9973422	SRS8145954	SRP303741	PRJNA695586	Streptococcus pyogenes	M4C20	OXFORD_NANOPORE	MinION	2677185.0	4000.0	WGS	GENOMIC	SINGLE	Whole genome sequence of Streptococcus pyogenes strain M4C20
SRR30638108	SRX26059959	SRS22340772	SRP074197	PRJNA288601	Acinetobacter baumannii	2024CK-01227	OXFORD_NANOPORE	GridION	569378436.0	37877.0	WGS	GENOMIC	SINGLE	Nanopore sequencing of ARLN isolate
SRR12298556	SRX8801511	SRS6792811	SRP266402	PRJNA605147	Escherichia fergusonii	RHB18-C04	OXFORD_NANOPORE	GridION	731199661.0	94483.0	WGS	GENOMIC	SINGLE	OXFORD_NANOPORE sequencing of Escherichia fergusonii isolate RH13|T2-C04 cultured from Sheep faeces sample
SRR15403666	SRX11705869	SRS9736689	SRP331882	PRJNA753109	Mycobacterium sp. IDR2000157661		OXFORD_NANOPORE	MinION	287254004.0	160000.0	WGS	GENOMIC	SINGLE	Nanopore Minion reads for IDR2000157661
SRR24140180	SRX19938897	SRS17287606	SRP247747	PRJNA604975	Escherichia coli	ox_bsi_431	OXFORD_NANOPORE	GridION	696141382.0	191734.0	WGS	GENOMIC	SINGLE	oxford_bsi
SRR31599430	SRX26964252	SRS23433964	SRP549287	PRJNA1185485	Escherichia coli	883	OXFORD_NANOPORE	PromethION	731411084.0	90658.0	WGS	GENOMIC	SINGLE	WTP-NoR-Nov-barcode25
SRR10355413	SRX7064888	SRS5581452	SRP227229	PRJNA579771	Bacteroides fragilis	funn2	PACBIO_SMRT	Sequel	291532627.0	66556.0	WGS	GENOMIC	SINGLE	PacBio  DNA-seq of Bacteroides fragilis funn2
ERR12508703	ERX11884751	ERS17744618	ERP153002	PRJEB67987	Mycobacterium tuberculosis		OXFORD_NANOPORE	MinION			WGS	GENOMIC	SINGLE	MinION sequencing
SRR5264437	SRX2568521	SRS1984876	SRP100100	PRJNA373816	Escherichia coli	NCTC86	PACBIO_SMRT	PacBio RS II	2345195752.0	326964.0	WGS	GENOMIC	SINGLE	Whole genome sequencing of Escherichia coli strain NCTC86
SRR14307868	SRX10663308	SRS8104708	SRP301498	PRJNA690640	Enterococcus faecium		OXFORD_NANOPORE	MinION	8532306.0	932.0	WGS	GENOMIC	SINGLE	WGS of E. faecium
SRR35851015	SRX30900239	SRS26900597	SRP636871	PRJNA1334387	Microbulbifer sp. ABH2_005	ABH2_005	OXFORD_NANOPORE	GridION	1270909704.0	203114.0	WGS	GENOMIC	SINGLE	WGS of Microbulbifer sp009363535: Marine biofilm
SRR8859042	SRX5646558	SRS4592146	SRP191068	PRJNA528511	Escherichia coli	GTEN_21	OXFORD_NANOPORE	GridION	2287023613.0	521978.0	WGS	GENOMIC	SINGLE	Global TravEpiNet AMR surveillance Genome sequencing and assembly
ERR12328580	ERX11705384	ERS17177465	ERP155552	PRJEB70626	Mycobacterium tuberculosis		OXFORD_NANOPORE	MinION	44356458.0	21854.0	WGS	GENOMIC	SINGLE	MinION sequencing
SRR27379260	SRX23055792	SRS20015747	SRP480616	PRJNA1055176	Escherichia coli	Not available	OXFORD_NANOPORE	MinION	2949947274.0	552756.0	WGS	GENOMIC	SINGLE	Whole genome sequence of E. coli
SRR27972965	SRX23626200	SRS20465535	SRP489819	PRJNA1076692	Staphylococcus aureus	RIVM_M097146_rerio	OXFORD_NANOPORE	MinION	87058866.0	28254.0	WGS	GENOMIC	SINGLE	RIVM_M097146_rerio
SRR15989193	SRX12277674	SRS9999281	SRP357537	PRJNA801416	Escherichia coli	E1177	OXFORD_NANOPORE	GridION	345750729.0	58213.0	WGS	GENOMIC	SINGLE	Whole Genome Sequencing of Carbapenemase-producing Enterobacterales (CPE)
ERR1911773	ERX1972253	ERS1403235	ERP005928	PRJEB6403	Acinetobacter haemolyticus	NCTC10305	PACBIO_SMRT	PacBio RS	898468173.0	163482.0	WGS	GENOMIC	SINGLE	PacBio RS sequencing
SRR34556059	SRX29698799	SRS24927662	SRP582942	PRJNA1258574	Escherichia coli	S931B	OXFORD_NANOPORE	MinION	678438540.0	80067.0	WGS	GENOMIC	SINGLE	Long read sequencing of Escherichia coli: stool sample
SRR20601651	SRX16625431	SRS14260295	SRP374155	PRJNA813694	Klebsiella pneumoniae	WKB04	OXFORD_NANOPORE	MinION	823293188.0	125712.0	WGS	GENOMIC	SINGLE	WGS of K. pneumoniae in positive hemoculture
SRR13893583	SRX10273431	SRS8406416	SRP309815	PRJNA686978	Klebsiella pneumoniae	not collected	OXFORD_NANOPORE	MinION	4517739968.0	511272.0	WGS	GENOMIC	SINGLE	nanopore sequencing of k pneumoniae: clinical isolate
SRR30229474	SRX25691469	SRS22333568	SRP526218	PRJNA1147862	Shigella	C1	PACBIO_SMRT	Revio	2815308465.0	278648.0	WGS	GENOMIC	SINGLE	PacBio HiFi seq of Shigella: clinical
SRR15361534	SRX11664013	SRS9696744	SRP331378	PRJNA752621	Amycolatopsis lurida	GB8-002	OXFORD_NANOPORE	MinION	32341068.0	2816.0	WGS	GENOMIC	SINGLE	GB8-002
ERR10498492	ERX10015781	ERS14255701	ERP142629	PRJEB57633	Escherichia coli		OXFORD_NANOPORE	GridION	64143463.0	4722.0	WGS	GENOMIC	SINGLE	Raw reads: ONT_30348_1#4
SRR12395458	SRX8893439	SRS7152461	SRP276100	PRJNA650381	Mycobacterium tuberculosis		OXFORD_NANOPORE	MinION	880272127.0	419663.0	WGS	GENOMIC	SINGLE	Nanopore TB WGS
SRR30149352	SRX25617281	SRS21937349	SRP518730	PRJNA1133668	Klebsiella pneumoniae	ST158KP1	OXFORD_NANOPORE	MinION	126149382.0	10885.0	WGS	GENOMIC	SINGLE	Nanopore sequencing of clinical CRE isolates: human
SRR12811560	SRX9280161	SRS7508075	SRP287122	PRJNA667445	Klebsiella pneumoniae	S39_CRE40	PACBIO_SMRT	Sequel	1162890902.0	824992.0	WGS	GENOMIC	SINGLE	Genome sequencing of carbapenem-resistant Enterobacteriaceae
SRR8518579	SRX5322096	SRS4317787	SRP136968	PRJNA448475	Salmonella enterica subsp. enterica serovar Stanley	sg_wt8	PACBIO_SMRT	PacBio RS II	1599096747.0	163482.0	WGS	GENOMIC	SINGLE	Genome sequencing of Salmonella enterica subsp. enterica serovar Stanley sg_wt8
SRR10568401	SRX7249884	SRS5748176	SRP234258	PRJNA592372	Escherichia coli	US06	PACBIO_SMRT	Sequel	1975635340.0	418691.0	WGS	GENOMIC	SINGLE	Long-read sequencing of Escherichia coli US06
SRR32972627	SRX28245929	SRS24593590	SRP576427	PRJNA1190511	Yersinia pestis	19104	PACBIO_SMRT	Sequel	1042129778.0	90553.0	WGS	GENOMIC	SINGLE	WGS of Yersinia pestis: cultured strain 19104
SRR12298651	SRX8801926	SRS6792549	SRP266402	PRJNA605147	Escherichia coli	RHB31-C01	OXFORD_NANOPORE	GridION	1359801991.0	312849.0	WGS	GENOMIC	SINGLE	OXFORD_NANOPORE sequencing of Escherichia coli isolate RH10|T3-C01 cultured from Cattle faeces sample
ERR15814491	ERX15214408	ERS27173586	ERP183512	PRJEB102112	Rhizobium azibense	HAMBI 3541	OXFORD_NANOPORE	PromethION	1563911711.0	801143.0	WGS	GENOMIC	SINGLE	PromethION sequencing
SRR12395304	SRX8893593	SRS7152615	SRP276100	PRJNA650381	Mycobacterium tuberculosis		OXFORD_NANOPORE	MinION	499119555.0	280738.0	WGS	GENOMIC	SINGLE	Nanopore TB WGS
SRR11209213	SRX7822220	SRS6233359	SRP251108	PRJNA609126	Staphylococcus aureus	SA1428	OXFORD_NANOPORE	GridION	96553423.0	4000.0	WGS	GENOMIC	SINGLE	Genome sequence of a chronic Staphylococcus aureus isolated from dairy cow that is non-responsive to antibiotic treatment
SRR19768528	SRX15813176	SRS5780223	SRP040281	PRJNA230403	Salmonella enterica	2016AM-0673	OXFORD_NANOPORE	GridION	1779759921.0	333289.0	WGS	GENOMIC	SINGLE	nanopore sequence of Salmonella enterica Hadar
SRR35628872	SRX30685162	SRS26704579	SRP627750	PRJNA1333901	Pseudomonas umsongensis	KH_015	OXFORD_NANOPORE	MinION	261966340.0	31269.0	WGS	GENOMIC	SINGLE	Oxford Nanopore sequences of cultivable bacteria collected in an iron ore mine and a crystal cave
SRR22784488	SRX18744390	SRS16179653	SRP413484	PRJNA912639	Escherichia coli	EC_A_6041_C9_H_CuP_CeP	OXFORD_NANOPORE	MinION	498682405.0	84000.0	WGS	GENOMIC	SINGLE	WGS of Escherichia coli
DRR546667	DRX530437	DRS377786	DRP011531	PRJDB17835	Microbacterium sp. che218	che218	PACBIO_SMRT	Revio	247494146.0	31982.0	WGS	GENOMIC	SINGLE	Revio sequencing of SAMD00769561
SRR27180058	SRX22860418	SRS19835777	SRP477403	PRJNA1049513	Vibrio sp. PBL-C16	PBL-C16	OXFORD_NANOPORE	MinION	601191.0	161.0	WGS	GENOMIC	SINGLE	Vibrio sp. PBL-C16 Genome sequencing and assembly
SRR24037482	SRX19840058	SRS17198668	SRP430371	PRJNA948666	Paenibacillus larvae	PL008	OXFORD_NANOPORE	GridION	722852184.0	438680.0	WGS	GENOMIC	SINGLE	DNA seq of Paenibacillus larvae
ERR9125924	ERX8669304	ERS10903556	ERP136070	PRJEB51438	Sphingobium chlorophenolicum		OXFORD_NANOPORE	GridION	348440929.0	27194.0	WGS	GENOMIC	SINGLE	GridION sequencing
SRR27167521	SRX22848367	SRS19827968	SRP477207	PRJNA1050835	Pseudomonas aeruginosa	not applicable	OXFORD_NANOPORE	MinION	216513996.0	50492.0	WGS	GENOMIC	SINGLE	Long read ONT WGS of Pseduomonas aeruginosa isolates from Chronic Rhinosinusitis Patients
SRR35213302	SRX30317056	SRS26363991	SRP615992	PRJNA1301220	Acinetobacter baumannii	ABO22-A148	OXFORD_NANOPORE	MinION	326461600.0	55828.0	WGS	GENOMIC	SINGLE	Whole geneme sequencing of Acinetobacter baumannii: isolates of the Ab-One study
SRR13258483	SRX9689299	SRS7886589	SRP297072	PRJNA682584	Enterococcus faecium	Dallas 93_1	OXFORD_NANOPORE	MinION	1190917110.0	342162.0	WGS	GENOMIC	SINGLE	WGS of vancomycin resistant Enterococcus faecium collected from Dallas, Texas
SRR32164077	SRX27509540	SRS23928377	SRP560556	PRJNA1147241	Pseudomonas sp. Pseusp15	CT11-15	OXFORD_NANOPORE	MinION	493018470.0	78277.0	WGS	GENOMIC	SINGLE	wheat associated bacteria:Pseudomonas sp.
SRR5182076	SRX2498183	SRS1925036	SRP096895	PRJNA353873	Mycobacterium tuberculosis		PACBIO_SMRT	PacBio RS	100480244.0	163482.0	WGS	GENOMIC	SINGLE	DNA of Mtb
SRR24062795	SRX19864080	SRS17220102	SRP430807	PRJNA952137	Staphylococcus aureus	GE-MRSA25	OXFORD_NANOPORE	MinION	761747757.0	122395.0	WGS	GENOMIC	SINGLE	Long read Illumina sequencing of Staphylococcus aureus GE-MRSA25
SRR30896468	SRX26300101	SRS22828823	SRP536878	PRJNA1134622	Escherichia coli	OXEC-43	OXFORD_NANOPORE	MinION	544133497.0	146169.0	WGS	GENOMIC	SINGLE	OXEC-43
SRR15462587	SRX11717519	SRS9747938	SRP332089	PRJNA528413	Escherichia coli O157:H7	493/89	PACBIO_SMRT	PacBio RS II	2458987650.0	163482.0	WGS	GENOMIC	SINGLE	Genome sequencing of E. coli O157:H7 and O55:H7 strains
ERR584388	ERX542396	ERS467555	ERP005355	PRJEB5919	Salmonella enterica subsp. enterica serovar Typhi		PACBIO_SMRT	PacBio RS	500776447.0	163482.0	WGS	GENOMIC	SINGLE	PacBio RS sequencing
DRR381763	DRX367647	DRS246935	DRP008791	PRJDB13729	Escherichia coli	CEC13091	OXFORD_NANOPORE	MinION	1077318578.0	98419.0	WGS	GENOMIC	SINGLE	CEC13091_ONT
ERR10447791	ERX9972173	ERS13631228	ERP142069	PRJEB57097	Escherichia coli		OXFORD_NANOPORE	MinION	787091296.0	259767.0	WGS	GENOMIC	SINGLE	MinION sequencing
SRR30615976	SRX26038516	SRS22609633	SRP250705	PRJNA607328	Escherichia coli	MG1655 yciM-E3K	OXFORD_NANOPORE	MinION	834163991.0	144932.0	WGS	GENOMIC	SINGLE	Escherichia coli FELIX_MS634 Nanopore reads
SRR13823292	SRX10203975	SRS8350268	SRP308772	PRJNA705564	Serratia marcescens	C015	OXFORD_NANOPORE	MinION	20016520.0	5501.0	WGS	GENOMIC	SINGLE	DNA-Seq of S. marcescens
SRR32375328	SRX27708113	SRS21131330	SRP444583	PRJNA962904	Klebsiella pneumoniae		PACBIO_SMRT	Sequel II	150370217.0	6412.0	WGS	GENOMIC	SINGLE	PacBio sequencing of CS26517E1 for ARCH 1.0
SRR36797783	SRX31784565	SRS27747266	SRP661661	PRJNA1389824	Erwinia persicina		OXFORD_NANOPORE	MinION	121990855.0	77852.0	WGS	GENOMIC	SINGLE	evolved microcosm clones
SRR17210328	SRX13390182	SRS11290155	SRP350362	PRJNA788148	Raoultella ornithinolytica	A2s	OXFORD_NANOPORE	MinION	3780047.0	711.0	WGS	GENOMIC	SINGLE	A2_r2_adaptive_6h
SRR2047338	SRX1033607	SRS941174	SRP058356	PRJNA283315	Xanthomonas oryzae pv. oryzicola	BLS279	PACBIO_SMRT	PacBio RS II	882435715.0	163482.0	WGS	GENOMIC	SINGLE	Xanthomonas oryzae pv. oryzicola BLS279
SRR27467505	SRX23139125	SRS20090179	SRP482617	PRJNA942599	Staphylococcus aureus	Dog152	PACBIO_SMRT	Sequel II	1960615888.0	173906.0	WGS	GENOMIC	SINGLE	PacBio sequencing of canine Staphylococcaceae isolated from a Kenyan shelter in June 2099
SRR12934966	SRX9398718	SRS7616810	SRP040661	PRJNA231221	Acinetobacter johnsonii	FDAARGOS_1093	PACBIO_SMRT	PacBio RS	3674168783.0	163482.0	WGS	GENOMIC	SINGLE	
SRR15989398	SRX12278141	SRS9998410	SRP357534	PRJNA801415	Escherichia coli	167	OXFORD_NANOPORE	GridION	883005843.0	221540.0	WGS	GENOMIC	SINGLE	Whole Genome Sequencing of Carbapenemase-producing Enterobacterales (CPE)
ERR3440431	ERX3462451	ERS2549523	ERP011196	PRJEB10018	Klebsiella pneumoniae		PACBIO_SMRT	Sequel	1916659515.0	390878.0	WGS	GENOMIC	SINGLE	Sequel sequencing
SRR19451794	SRX15504784	SRS13219430	SRP377780	PRJNA841852	Escherichia sp.	not applicable	OXFORD_NANOPORE	GridION	152726932.0	20000.0	WGS	GENOMIC	SINGLE	sample_10_ukl
SRR9026162	SRX5803711	SRS4733390	SRP196445	PRJNA536313	Zymomonas mobilis	NRRL B-4492	PACBIO_SMRT	Sequel	926830936.0	224377.0	WGS	GENOMIC	SINGLE	Zymomonas mobilis mobilis NRRL B-4492
ERR1351128	ERX1422652	ERS1031244	ERP005928	PRJEB6403	Staphylococcus schweitzeri	NCTC13712	PACBIO_SMRT	PacBio RS	1412805109.0	163482.0	WGS	GENOMIC	SINGLE	PacBio RS sequencing
SRR32364673	SRX27699473	SRS21122727	SRP444583	PRJNA962904	Escherichia coli		PACBIO_SMRT	Sequel II	480109054.0	20856.0	WGS	GENOMIC	SINGLE	PacBio sequencing of AS26346C1 for ARCH 1.0
SRR35556837	SRX30631223	SRS19727929	SRP150360	PRJNA475751	Clostridioides difficile	CD08979	OXFORD_NANOPORE	MinION	35712891.0	36416.0	WGS	GENOMIC	SINGLE	WGS Sequencing of Clostridioides difficile
SRR3886580	SRX1941555	SRS1256889	SRP068738	PRJNA292900	Klebsiella pneumoniae	AR_0034	PACBIO_SMRT	PacBio RS II	216493305.0	163482.0	WGS	GENOMIC	PAIRED	
DRR572495	DRX555962	DRS426395	DRP012251	PRJDB17574	Escherichia coli	YK-IS1MA-L07-4_G08	OXFORD_NANOPORE	MinION	2628714.0	4000.0	WGS	GENOMIC	SINGLE	nanopore-seq of SAMD00748212 L07-4_G8
DRR100198	DRX093631	DRS074961	DRP003581	PRJDB5126	Escherichia coli	M303-1	PACBIO_SMRT	PacBio RS II	1839043186.0	415348.0	WGS	GENOMIC	SINGLE	PacBio RS II sequencing of SAMD00059755
SRR9974522	SRX6721773	SRS5274065	SRP216572	PRJNA556977	Bordetella pertussis	NZ60	OXFORD_NANOPORE	MinION	446286189.0	53417.0	WGS	GENOMIC	SINGLE	ONT sequencing of Bordetella pertussis NZ14
SRR34973342	SRX30092469	SRS26157550	SRP608514	PRJNA1305037	Citrobacter freundii	MI_KPC_970	OXFORD_NANOPORE	PromethION	338955854.0	58337.0	WGS	GENOMIC	SINGLE	KPC CRE collection from state of Michigan
ERR768077	ERX711350	ERS636086	ERP005928	PRJEB6403	Sphingobacterium spiritivorum	NCTC11388	PACBIO_SMRT	PacBio RS	1253731254.0	163482.0	WGS	GENOMIC	SINGLE	PacBio RS sequencing
SRR13893542	SRX10273472	SRS8406588	SRP309815	PRJNA686978	Enterobacter cloacae	not collected	OXFORD_NANOPORE	MinION	716542198.0	105541.0	WGS	GENOMIC	SINGLE	nanopore sequencing of e cloacae: clinical isolate
SRR33769167	SRX28991602	SRS22396697	SRP444583	PRJNA962904	Escherichia coli		PACBIO_SMRT	Sequel II	365201174.0	16419.0	WGS	GENOMIC	SINGLE	PacBio sequencing of AH0064HE1 for ARCH 2
ERR13600832	ERX12971855	ERS5521273	ERP126193	PRJEB42350	Klebsiella pneumoniae		OXFORD_NANOPORE	GridION	1096649777.0	155302.0	WGS	GENOMIC	SINGLE	GridION sequencing
SRR16525233	SRX12727881	SRS10676815	SRP342584	PRJNA768992	Salmonella enterica subsp. enterica serovar Heidelberg	SA02DT10168701	OXFORD_NANOPORE	MinION	223607186.0	42193.0	WGS	GENOMIC	SINGLE	Evaluation of commercial DNA extraction kits for implementation of rapid Nanopore
SRR9722843	SRX6480366	SRS5130430	SRP215816	PRJNA470993	Staphylococcus aureus	pt290	PACBIO_SMRT	PacBio RS II	1204997750.0	173179.0	WGS	GENOMIC	SINGLE	WGS of Staphylococcus aureus
ERR10499621	ERX10016903	ERS14256969			Escherichia coli		OXFORD_NANOPORE	GridION	586360732.0	46184.0	WGS	GENOMIC	SINGLE	GridION sequencing; Raw reads: ONT_30348_2#312
ERR4910149	ERX4776973	ERS4556738	ERP121699	PRJEB38289	Klebsiella pneumoniae		PACBIO_SMRT	PacBio RS	661842499.0	54494.0	WGS	GENOMIC	SINGLE	PacBio RS sequencing
DRR393783	DRX379602	DRS297116	DRP007849	PRJDB10842	Klebsiella michiganensis	JBDDABD-19-0067	OXFORD_NANOPORE	GridION	360041345.0	69692.0	WGS	GENOMIC	SINGLE	GridION sequencing of SAMD00501342
SRR30229473	SRX25691470	SRS22333569	SRP526218	PRJNA1147862	Salmonella	C1	PACBIO_SMRT	Revio	2148941376.0	198839.0	WGS	GENOMIC	SINGLE	PacBio HiFi seq of Salmonella: clinical
SRR17915346	SRX14073782	SRS11900538	SRP358722	PRJNA801225	Salmonella enterica	Cerro 87	OXFORD_NANOPORE	MinION	1109472852.0	327132.0	WGS	GENOMIC	SINGLE	Native sequences of wildtype2
SRR1609110	SRX729789	SRS719078	SRP040661	PRJNA231221	Proteus mirabilis	FDAARGOS_85	PACBIO_SMRT	PacBio RS	1575190010.0	163482.0	WGS	GENOMIC	SINGLE	
SRR14766832	SRX11100196	SRS9165139	SRP323385	PRJNA639797	Pseudomonas shirazensis	SWRI56	OXFORD_NANOPORE	MinION	1695587741.0	195483.0	WGS	GENOMIC	SINGLE	Nanopore sequencing of isolate SWRI56
ERR13243091	ERX12613840	ERS15231723	ERP143914	PRJEB58840	Burkholderia contaminans LMG 23361		OXFORD_NANOPORE	MinION	275391063.0	16228.0	WGS	GENOMIC	SINGLE	MinION sequencing
ERR15846362	ERX15246610	ERS21188331	ERP146253	PRJEB61160	Escherichia coli		PACBIO_SMRT	Revio	3497830171.0	398957.0	WGS	GENOMIC	SINGLE	Revio sequencing
SRR30293586	SRX25754275	SRS20438732	SRP447847	PRJNA991976	Xanthomonas hortorum pv. hederae	WHRI 7722	OXFORD_NANOPORE	PromethION	1486545913.0	286377.0	WGS	GENOMIC	SINGLE	ONT genome sequencing of WHRI 7722
SRR25637837	SRX21364465	SRS18600536	SRP454894	PRJNA1005239	Escherichia coli str. K-12 substr. MG1655	K-12	OXFORD_NANOPORE	MinION	574533200.0	101252.0	WGS	GENOMIC	SINGLE	WGS of Escherichia coli MG1655 evolved in tio2 replicate 2 long read
SRR29819966	SRX25318985	SRS21988593	SRP519730	PRJNA1135485	Salmonella		OXFORD_NANOPORE	MinION	226885647.0	51277.0	WGS	GENOMIC	SINGLE	WGS Salmonella isolates from cattle
SRR32584314	SRX27890826	SRS24262153	SRP568071	PRJNA1231784	Mycobacterium	INH128ugmlmutant09	OXFORD_NANOPORE	GridION	283188872.0	39082.0	WGS	GENOMIC	SINGLE	Genome sequencing of Mycobacterium sp.
SRR19184199	SRX15249285	SRS12981666	SRP375062	PRJNA837734	Listeria monocytogenes	BL89/012B	OXFORD_NANOPORE	MinION	231285222.0	36563.0	WGS	GENOMIC	SINGLE	Nanopore sequencing of Listeria monocytogenes
DRR187567	DRX178039	DRS105031	DRP005337	PRJDB8599	Staphylococcus aureus	KUN1163	OXFORD_NANOPORE	MinION	621945741.0	91288.0	WGS	GENOMIC	SINGLE	MinION sequencing of SAMD00180470
SRR7508553	SRX4378943	SRS3535332	SRP153035	PRJNA433211	Pseudomonas orientalis	8B	PACBIO_SMRT	PacBio RS II	2186799296.0	163482.0	WGS	GENOMIC	SINGLE	Whole genome sequence of Pseudomonas orientalis 8B
SRR14862585	SRX11180182	SRS9237750	SRP324476	PRJNA738868	Acinetobacter baumannii	DETAB-P65	OXFORD_NANOPORE	MinION	880579386.0	73334.0	WGS	GENOMIC	SINGLE	Nanopore WGS of A. baumannii DETAB-P65
SRR33624398	SRX28852456	SRS24971604	SRP583787	PRJNA1228599	Staphylococcus aureus subsp. aureus USA300	LAC	OXFORD_NANOPORE	MinION	1411102737.0	603539.0	WGS	GENOMIC	SINGLE	SNAP control 3
ERR1254172	ERX1325781	ERS956176	ERP005928	PRJEB6403	Ectopseudomonas mendocina	NCTC10897	PACBIO_SMRT	PacBio RS	3164650622.0	163482.0	WGS	GENOMIC	SINGLE	PacBio RS sequencing
ERR15516461	ERX14920307	ERS26654057	ERP165332	PRJEB81499	Escherichia coli		OXFORD_NANOPORE	GridION	500010328.0	67941.0	WGS	GENOMIC	SINGLE	GridION sequencing
SRR4235458	SRX2156757	SRS1686709	SRP088723	PRJNA323048	Pseudomonas sihuiensis	KCTC 32246	PACBIO_SMRT	PacBio RS	549731989.0	121437.0	WGS	GENOMIC	SINGLE	Pseudomonas sihuiensis KCTC 32246
ERR3685747	ERX3675351	ERS4047548	ERP114207	PRJEB31632	bacterium		OXFORD_NANOPORE	GridION	633321673.0	86662.0	WGS	GENOMIC	SINGLE	GridION sequencing
SRR15171296	SRX11478527	SRS9518544	SRP328635	PRJNA746600	Blautia wexlerae DSM 19850	DSM 19850	OXFORD_NANOPORE	MinION	1929130699.0	386853.0	WGS	GENOMIC	SINGLE	WGS of Blautia-wexlerae-DSM-19850 library1 using OXFORD_NANOPORE
SRR8848334	SRX5636028	SRS4581785	SRP190853	PRJNA519681	Bacillus sp. 2082	2082	PACBIO_SMRT	Sequel	1676233895.0	465793.0	WGS	GENOMIC	SINGLE	Bacillus sp. 2082
ERR15423969	ERX14827913	ERS25261082	ERP176764	PRJEB93885	Escherichia coli		OXFORD_NANOPORE	PromethION	1578115673.0	240251.0	WGS	GENOMIC	SINGLE	Raw reads: run0_pilot_96_ont_AF44
ERR1456735	ERX1527213	ERS1092516	ERP005928	PRJEB6403	Streptococcus gallolyticus	NCTC13767	PACBIO_SMRT	PacBio RS	619162098.0	163482.0	WGS	GENOMIC	SINGLE	PacBio RS sequencing
SRR35556775	SRX30631285	SRS19833174	SRP150360	PRJNA475751	Enterobacter hormaechei	EB00158	OXFORD_NANOPORE	MinION	699943645.0	94597.0	WGS	GENOMIC	SINGLE	WGS Sequencing of Enterobacter hormaechei
SRR21630162	SRX17630852	SRS14987579	SRP354045	PRJNA747871	Streptomyces sp. NBC_00134	NBC_00134	OXFORD_NANOPORE	MinION	194897835.0	29092.0	WGS	GENOMIC	SINGLE	nanopore sequencing data from strain NBC_00134
SRR14861295	SRX11179035	SRS9236707	SRP324599	PRJNA739077	Enterococcus faecium	ST117-CT71	PACBIO_SMRT	PacBio RS II	910311263.0	163482.0	WGS	GENOMIC	SINGLE	PacBio sequencing of Enterococcus faecium
SRR31896205	SRX27254571	SRS23699740	SRP555365	PRJNA1206708	Klebsiella pneumoniae	DSM30104_Rep7	OXFORD_NANOPORE	GridION	5179002346.0	658459.0	WGS	GENOMIC	SINGLE	Reproducibility of nanopore sequencing in bacterial species
SRR4125028	SRX2107022	SRS1666297	SRP040661	PRJNA231221	Campylobacter jejuni	FDAARGOS_265	PACBIO_SMRT	PacBio RS	1293008065.0	163482.0	WGS	GENOMIC	SINGLE	
SRR33300129	SRX28545199	SRS24844350	SRP581013	PRJNA1255117	Staphylococcus aureus	Staphylococcus	OXFORD_NANOPORE	GridION	340902546.0	192792.0	WGS	GENOMIC	SINGLE	WGS of S. aureus sample 57
SRR30949424	SRX26352060	SRS22817132	SRP536567	PRJNA1165464	Escherichia coli	Not applicable	OXFORD_NANOPORE	MinION	680849021.0	63125.0	WGS	GENOMIC	SINGLE	Nanopore sequencing of E.coli: blood isolate
SRR35396772	SRX30479483	SRS26512545	SRP620287	PRJNA1328436	Enterobacter roggenkampii	22AR0793	OXFORD_NANOPORE	GridION	329240035.0	34116.0	WGS	GENOMIC	SINGLE	Enterobacter roggenkampii strain 22AR0793
SRR5868501	SRX3036101	SRS2384545	SRP040661	PRJNA231221	Streptococcus gordonii	FDAARGOS_371	PACBIO_SMRT	PacBio RS	1472960981.0	163482.0	WGS	GENOMIC	SINGLE	
ERR14225724	ERX13626000	ERS18294149	ERP156237	PRJEB71438	Streptomyces tanashiensis		OXFORD_NANOPORE	MinION			WGS	GENOMIC	SINGLE	MinION sequencing
SRR33768893	SRX28991186	SRS22397230	SRP444583	PRJNA962904	Escherichia coli		PACBIO_SMRT	Sequel II	110749905.0	5047.0	WGS	GENOMIC	SINGLE	PacBio sequencing of AH0100HE3 for ARCH 2
SRR4164057	SRX2136273	ERS1358616	SRP086189	PRJNA303522	Micromonospora echinaurantiaca	DSM 43904	PACBIO_SMRT	PacBio RS	1189303438.0	429218.0	WGS	GENOMIC	SINGLE	Micromonospora echinaurantiaca DSM 43904
SRR27973013	SRX23626152	SRS20465513	SRP489819	PRJNA1076692	Klebsiella pneumoniae	RIVM_C059199_rerio	OXFORD_NANOPORE	MinION	296282631.0	79724.0	WGS	GENOMIC	SINGLE	RIVM_C059199_rerio
ERR11041230	ERX10488042	ERS14796223	ERP145810	PRJEB60752	Escherichia coli		OXFORD_NANOPORE	MinION	282249845.0	45100.0	WGS	GENOMIC	SINGLE	Raw reads: JPI261_S56_[Oxford_Nanopore]
SRR32818747	SRX28102170	SRS24458217	SRP572430	PRJNA1218698	Enterobacter phage CYPEBC010	CYPEBC010	OXFORD_NANOPORE	MinION	177921.0	1.0	WGS	GENOMIC	SINGLE	WGS of bacteriophage CYPEBC010
SRR18681649	SRX14782848	SRS12539555	SRP368114	PRJNA824420	Escherichia coli	GD03017_ECOL_HY_135	OXFORD_NANOPORE	MinION	626244000.0	86093.0	WGS	GENOMIC	SINGLE	Long-read sequencing of Escherichia coli: isolate #135 urine
SRR13181612	SRX9619658	SRS7821861	SRP040661	PRJNA231221	Sphingobacterium multivorum	FDAARGOS_1203	PACBIO_SMRT	Sequel	2444121098.0	288800.0	WGS	GENOMIC	SINGLE	
SRR33768541	SRX28990935	SRS22456366	SRP444583	PRJNA962904	Escherichia coli		PACBIO_SMRT	Sequel II	156813125.0	10816.0	WGS	GENOMIC	SINGLE	PacBio sequencing of AH0821HE1 for ARCH 2
SRR33769486	SRX28991876	SRS22397222	SRP444583	PRJNA962904	Klebsiella planticola		PACBIO_SMRT	Sequel II	184871691.0	12502.0	WGS	GENOMIC	SINGLE	PacBio sequencing of AH0098HC1 for ARCH 2
SRR33738983	SRX28962817	SRS24220573	SRP074197	PRJNA288601	Klebsiella pneumoniae		OXFORD_NANOPORE	GridION	944048523.0	96406.0	WGS	GENOMIC	SINGLE	Nanopore sequencing of ARLN isolate
SRR31598650	SRX26963835	SRS23433547	SRP549287	PRJNA1185485	Escherichia coli	920	OXFORD_NANOPORE	PromethION	564404042.0	64058.0	WGS	GENOMIC	SINGLE	WTP-NoR-Nov-barcode77
SRR12280433	SRX8784283	SRS7053053	SRP272861	PRJNA646575	Bacteroides thetaiotaomicron		OXFORD_NANOPORE	GridION	2001826946.0	210071.0	WGS	GENOMIC	SINGLE	WGS  of Bacteroides fragilis group clinical isolates
SRR12395260	SRX8893637	SRS7152659	SRP276100	PRJNA650381	Mycobacterium tuberculosis		OXFORD_NANOPORE	MinION	467436277.0	242644.0	WGS	GENOMIC	SINGLE	Nanopore TB WGS
ERR5720170	ERX5435224	ERS6253549	ERP128316	PRJEB44283	Haemophilus influenzae Rd KW20	Rd KW20	OXFORD_NANOPORE	MinION	60576417.0	7017.0	WGS	GENOMIC	SINGLE	MinION sequencing; Raw reads: Rd-T0-III-nanopore
SRR31599037	SRX26964047	SRS23433762	SRP549287	PRJNA1185485	Escherichia coli	807	OXFORD_NANOPORE	PromethION	607872384.0	93747.0	WGS	GENOMIC	SINGLE	Wnew4R-barcode22
SRR8457074	SRX5263673	SRS4264457	SRP180312	PRJNA504608	Neisseria gonorrhoeae	FQ82	OXFORD_NANOPORE	MinION	679082124.0	140875.0	WGS	GENOMIC	SINGLE	FQ82
SRR35504424	SRX30580402	SRS26609580	SRP616549	PRJNA1314197	Mycobacterium tuberculosis	not applicable	OXFORD_NANOPORE	GridION	3196667.0	1553.0	WGS	GENOMIC	SINGLE	WGS of M. tb from culture, Phenol-Rapid prep, Sample BC20
SRR21397122	SRX17402374	SRS14960364	SRP395325	PRJNA874878	Klebsiella pneumoniae		OXFORD_NANOPORE	MinION	5596637.0	12.0	WGS	GENOMIC	SINGLE	BJ19-0014
ERR10499069	ERX10016358	ERS14255470	ERP142629	PRJEB57633	Escherichia coli		OXFORD_NANOPORE	GridION	55310271.0	5579.0	WGS	GENOMIC	SINGLE	Raw reads: ONT_30821_1#98
SRR30791231	SRX26192760	SRS22735273	SRP534624	PRJNA1161571	Burkholderia pseudomallei	Bp23	OXFORD_NANOPORE	PromethION	1784969599.0	143397.0	WGS	GENOMIC	SINGLE	Nanopore sequencing of B. pseudomallei
SRR19787730	SRX15831621	SRS13522712	SRP383167	PRJNA851853	Salmonella enterica	2011K-1667_ONT_75X	OXFORD_NANOPORE	GridION	378058997.0	74874.0	WGS	GENOMIC	SINGLE	WGS of Salmonella enterica serovar Enteritidis
SRR12057868	SRX8586199	SRS6877693	SRP268090	PRJNA547297	Clostridium beijerinckii	DJ177	PACBIO_SMRT	PacBio RS II	692280921.0	214543.0	WGS	GENOMIC	SINGLE	Clostridium beijerinckii DJ177
SRR33346936	SRX28591104	SRS24878576	SRP581904	PRJNA1255604	Burkholderia cenocepacia	P51	OXFORD_NANOPORE	PromethION	3006285267.0	573573.0	WGS	GENOMIC	SINGLE	WGS of K56-2:dCas9 dnaN parental mutant
ERR4763088	ERX4636141	ERS5248003	ERP124695	PRJEB40976	Enterococcus faecalis		OXFORD_NANOPORE	GridION	893913223.0	54817.0	WGS	GENOMIC	SINGLE	GridION sequencing; Raw reads: 27688_1#74
ERR8007874	ERX7573543	ERS9899307	ERP131998	PRJEB47698	Pseudomonas aeruginosa		OXFORD_NANOPORE	MinION	98919101.0	14656.0	WGS	GENOMIC	SINGLE	MinION sequencing
ERR15880217	ERX15277170	ERS26933642	ERP180772	PRJEB98371	Listeria monocytogenes		OXFORD_NANOPORE	MinION	20130509.0	2044.0	WGS	GENOMIC	SINGLE	Raw reads: sample_013_nanopore_3
SRR36920144	SRX31886393	SRS27841271	SRP665298	PRJNA1403646	Streptococcus pseudopneumoniae	not applicable	OXFORD_NANOPORE	MinION	41798501.0	32506.0	WGS	GENOMIC	SINGLE	Long Reads for The Genomic Landscape of Head and Neck Cancer-associated Streptococci
SRR21415743	SRX17420137	SRS13526022	SRP361569	PRJNA768416	Paenibacillus sp. FSL R7-0337		OXFORD_NANOPORE	MinION	435997747.0	69041.0	WGS	GENOMIC	SINGLE	WGS of Bacilli
SRR31480983	SRX26849340	SRS23333059	SRP547242	PRJNA1188493	Bacillus cereus	C151	OXFORD_NANOPORE	GridION	3069102892.0	1431367.0	WGS	GENOMIC	SINGLE	WGS of Bacillus Cereus
SRR33053946	SRX28318972	SRS24657723	SRP577606	PRJNA1248674	Escherichia coli	AN3-018	OXFORD_NANOPORE	GridION	757805068.0	246184.0	WGS	GENOMIC	SINGLE	WGS of Escherichia coli
SRR32001239	SRX27354120	SRS23790964	SRP071657	PRJNA312217	Salmonella enterica	JWC-7237at	OXFORD_NANOPORE	PromethION	993249161.0	321943.0	WGS	GENOMIC	SINGLE	Hybrid WGS of Salmonella enterica (Long reads)
SRR33600024	SRX28829532	SRS25061948	SRP585898	PRJNA1263016	Staphylococcus aureus	MRSA252	OXFORD_NANOPORE	MinION	465262434.0	77575.0	WGS	GENOMIC	SINGLE	WGS long read sequencing of MRSA
SRR25778642	SRX21501174	SRS18732649	SRP457287	PRJNA1010209	Mycobacterium tuberculosis	TDR5	OXFORD_NANOPORE	MinION	776135242.0	303406.0	WGS	GENOMIC	SINGLE	WGS from TDR5 Oxford Nanopore
SRR9667950	SRX6428529	SRS5083774	SRP040661	PRJNA231221	Bacillus cereus	FDAARGOS_802	PACBIO_SMRT	PacBio RS	1190686939.0	163482.0	WGS	GENOMIC	SINGLE	
ERR1223228	ERX1295441	ERS921416	ERP005928	PRJEB6403	Streptococcus anginosus	NCTC10713	PACBIO_SMRT	PacBio RS	2407953337.0	163482.0	WGS	GENOMIC	SINGLE	PacBio RS sequencing
SRR5182109	SRX2498216	SRS1925069	SRP096895	PRJNA353873	Mycobacterium tuberculosis		PACBIO_SMRT	PacBio RS	144148086.0	163482.0	WGS	GENOMIC	SINGLE	DNA of Mtb
SRR6686697	SRX3662888	SRS2926000	SRP132457	PRJNA433268	Variovorax sp. PMC12	PMC12	PACBIO_SMRT	PacBio RS II	875830154.0	163482.0	WGS	GENOMIC	SINGLE	Whole genome sequence of Variovorax boronicumulans  PMC12
SRR15989354	SRX12278185	SRS9998866	SRP357537	PRJNA801416	Klebsiella pneumoniae	327	OXFORD_NANOPORE	GridION	751930827.0	123888.0	WGS	GENOMIC	SINGLE	Whole Genome Sequencing of Carbapenemase-producing Enterobacterales (CPE)
SRR32326232	SRX27661182	SRS24066274	SRP563594	PRJNA1223100	Enterococcus faecium	AUS0233dltABCD	OXFORD_NANOPORE	MinION	864759917.0	124095.0	WGS	GENOMIC	SINGLE	AUS0233dltABCD
SRR386666	SRX109807	SRS004883	SRP001079	PRJNA40077	Cereibacter sphaeroides 2.4.1	2.4.1	PACBIO_SMRT	PacBio RS	118668345.0	81741.0	WGS	GENOMIC	SINGLE	Whole Genome Sequencing and Assembly
SRR13827110	SRX10206542	SRS3266410	SRP144782	PRJNA464397	Klebsiella pneumoniae		OXFORD_NANOPORE	GridION	1185448055.0	190931.0	WGS	GENOMIC	SINGLE	Nanopore sequencing of Klebsiella pneumoniae
SRR21998716	SRX17981168	SRS15495848	SRP403850	PRJNA892290	Escherichia coli	IPR_LC17	OXFORD_NANOPORE	MinION	170340447.0	13205.0	WGS	GENOMIC	SINGLE	Oxford Nanopore Reads of Escherichia coli in camel production systems in Northern Kenya
SRR18700814	SRX14801781	SRS12559763	SRP369057	PRJNA695769	Nocardioides salarius	DSM 18239	PACBIO_SMRT	Sequel II	2427476863.0	526654.0	WGS	GENOMIC	SINGLE	Nocardioides salarius DSM 18239
SRR27972953	SRX23626212	SRS20466173	SRP489819	PRJNA1076692	Escherichia coli	RIVM_C048221_dorado	OXFORD_NANOPORE	MinION	463487957.0	120265.0	WGS	GENOMIC	SINGLE	RIVM_C048221_dorado
SRR21979594	SRX17962764	SRS15479266	SRP403090	PRJNA888950	Enterococcus faecium	TF51-2	OXFORD_NANOPORE	MinION	223321049.0	39006.0	WGS	GENOMIC	SINGLE	Molecular characterization and genomic diversity of linezolid-resistant Enterococcus of pig slaughterhouse origin
SRR11059513	SRX7705430	SRS6129309	SRP248058	PRJNA462563	Clostridium beijerinckii	DJ317	PACBIO_SMRT	PacBio RS II	527063879.0	104798.0	WGS	GENOMIC	SINGLE	Clostridium beijerinckii DJ317
ERR10499166	ERX10016452	ERS14255814	ERP142629	PRJEB57633	Escherichia coli		OXFORD_NANOPORE	GridION	43625380.0	5716.0	WGS	GENOMIC	SINGLE	Raw reads: ONT_30859_5#256
SRR30791273	SRX26192718	SRS22735257	SRP534624	PRJNA1161571	Burkholderia pseudomallei		OXFORD_NANOPORE	MinION	1131945200.0	348015.0	WGS	GENOMIC	SINGLE	Nanopore sequencing of B. pseudomallei
SRR36405605	SRX31432745	SRS15378650	SRP649163	PRJNA1230056	Corynebacterium diphtheriae	not applicable	OXFORD_NANOPORE	GridION	294849727.0	65291.0	WGS	GENOMIC	SINGLE	WGS of C. diphtheriae
ERR5023136	ERX4831151	ERS5493449	ERP126077	PRJEB42241	Vibrio sp. B1REV9		OXFORD_NANOPORE	unspecified	2151910972.0	3164319.0	WGS	GENOMIC	SINGLE	unspecified sequencing; Raw reads: B1REV9
SRR25299304	SRX21042885	SRS18314779	SRP449794	PRJNA995360	Yersinia pestis	S0108	PACBIO_SMRT	Sequel	4704525.0	165.0	WGS	GENOMIC	SINGLE	WGS of Yersinia pestis
SRR21696424	SRX17693841	SRS11554212	SRP354045	PRJNA747871	Streptomyces sp. NBC_01296	NBC_01296	OXFORD_NANOPORE	MinION	359682883.0	97618.0	WGS	GENOMIC	SINGLE	nanopore sequencing data from strain NBC_01296
SRR9046048	SRX5822586	SRS4751214	SRP198168	PRJNA490424	Azospirillum brasilense	MTCC4035	PACBIO_SMRT	PacBio RS II	1389627305.0	487283.0	WGS	GENOMIC	SINGLE	Pacbio sequencing of  Abr MTCC4035 strain
SRR30342786	SRX25801363	SRS22432839	SRP528120	PRJNA1150149	Acinetobacter baumannii	ST2	OXFORD_NANOPORE	MinION	427589290.0	59169.0	WGS	GENOMIC	SINGLE	ONT long-read sequencing of potential healthcare transmission pathogens
SRR30940514	SRX26343253	SRS22868764	SRP537660	PRJNA1078525	Streptococcus salivarius	KSS10	PACBIO_SMRT	Sequel II	680384888.0	71499.0	WGS	GENOMIC	SINGLE	Streptococcus salivarius strain:KSS10 Genome sequencing
SRR32486113	SRX27799491	SRS21069233	SRP394274	PRJNA856407	Vibrio cholerae	AUSMDU00040426	OXFORD_NANOPORE	PromethION	132600276.0	28078.0	WGS	GENOMIC	SINGLE	WGS of Vibrio species from ONT reads
ERR1466824	ERX1537301	ERS1110712	ERP005928	PRJEB6403	Clostridium perfringens	NCTC8799	PACBIO_SMRT	PacBio RS	1029772477.0	163482.0	WGS	GENOMIC	SINGLE	PacBio RS sequencing
SRR13575607	SRX9973645	SRS8145954	SRP303741	PRJNA695586	Streptococcus pyogenes	M4C20	OXFORD_NANOPORE	MinION	2989626.0	4000.0	WGS	GENOMIC	SINGLE	Whole genome sequence of Streptococcus pyogenes strain M4C20
SRR5825969	SRX3003771	SRS1832513	SRP094480	PRJNA279196	Bordetella pertussis		PACBIO_SMRT	PacBio RS II	1200383121.0	163482.0	WGS	GENOMIC	SINGLE	
SRR9048019	SRX5824443	SRS4752498	SRP051949	PRJNA271899	Enterobacter cloacae	MGH340	OXFORD_NANOPORE	GridION	1420464998.0	180968.0	WGS	GENOMIC	SINGLE	Sequencing of Carbapenem resistant bacteria
SRR24087970	SRX19888648	SRS17242684	SRP431209	PRJNA952813	Brucella abortus	Y11_MNG	OXFORD_NANOPORE	MinION	7739745.0	3805.0	WGS	GENOMIC	SINGLE	WGS of Brucella abortus: uterus swab of aborted yak
SRR24283675	SRX20079208	SRS17413145	SRP434090	PRJNA961034	Klebsiella variicola	3336c3	OXFORD_NANOPORE	MinION	517311953.0	115489.0	WGS	GENOMIC	SINGLE	WGS: K. variicola: WWTP inlet
SRR29665155	SRX25168881	SRS21858971	SRP517275	PRJNA1130483	Erwinia amylovora	NY1_ONT	OXFORD_NANOPORE	MinION	817184011.0	204109.0	WGS	GENOMIC	SINGLE	Whole genome long read sequencing of  Erwinia amylovora
SRR35898323	SRX30947606	SRS26266530	SRP074197	PRJNA288601	Escherichia coli	2025CK-00851	OXFORD_NANOPORE	GridION	862836298.0	82747.0	WGS	GENOMIC	SINGLE	Nanopore sequencing of ARLN isolate
SRR24140398	SRX19938679	SRS17287388	SRP247747	PRJNA604975	Escherichia coli	ox_bsi_332	OXFORD_NANOPORE	GridION	162484141.0	90000.0	WGS	GENOMIC	SINGLE	oxford_bsi
SRR30149525	SRX25617108	SRS21937430	SRP518730	PRJNA1133668	Klebsiella pneumoniae	ST258KP81	OXFORD_NANOPORE	MinION	131125719.0	10590.0	WGS	GENOMIC	SINGLE	Nanopore sequencing of clinical CRE isolates: human
SRR32985296	SRX28253158	SRS24600438	SRP576577	PRJNA1243455	Psychrobacter sp. 219-2-C	219-2-C	OXFORD_NANOPORE	MinION	364275099.0	131743.0	WGS	GENOMIC	SINGLE	Collection of environmental bacteria isolated from laboratory cold storage devices
SRR4176947	SRX2141545	SRS1673312	SRP086902	PRJNA303873	Pseudomonas taetrolens	LMG 2336	PACBIO_SMRT	PacBio RS	2563372.0	1398.0	WGS	GENOMIC	SINGLE	Pseudomonas taetrolens BS3652
SRR14883325	SRX11200404	SRS9255383	SRP325130	PRJNA740046	Chlamydia trachomatis	L2	PACBIO_SMRT	Sequel	532162118.0	220037.0	WGS	GENOMIC	SINGLE	Sequence analysis of plasmid-transformed C. trachomatis
ERR8007837	ERX7573506	ERS9899300	ERP131998	PRJEB47698	Klebsiella pneumoniae		OXFORD_NANOPORE	MinION	3933323.0	2105.0	WGS	GENOMIC	SINGLE	MinION sequencing
SRR26899099	SRX22593311	SRS19599854	SRP473241	PRJNA1042815	Listeria monocytogenes EGD-e	EGD-e	OXFORD_NANOPORE	GridION	4767122305.0	1636493.0	WGS	GENOMIC	SINGLE	WGS of Listeria monocytogenes isolate
SRR12937956	SRX9401624	SRS7619550	SRP040661	PRJNA231221	Rothia aeria	FDAARGOS_1137	PACBIO_SMRT	Sequel	534800200.0	96492.0	WGS	GENOMIC	SINGLE	
SRR8859036	SRX5646564	SRS4592152	SRP191068	PRJNA528511	Escherichia coli	GTEN_30	OXFORD_NANOPORE	GridION	2316917454.0	301071.0	WGS	GENOMIC	SINGLE	Global TravEpiNet AMR surveillance Genome sequencing and assembly
ERR10498504	ERX10015793	ERS14255285	ERP142629	PRJEB57633	Escherichia coli		OXFORD_NANOPORE	GridION	54510826.0	8762.0	WGS	GENOMIC	SINGLE	Raw reads: ONT_30348_2#114
SRR21131471	SRX17143859	SRS14716491	SRP392938	PRJNA672949	Xylella fastidiosa subsp. fastidiosa	StagsLeapdeltaXfaIHsdS	OXFORD_NANOPORE	MinION	328087824.0	76981.0	WGS	GENOMIC	SINGLE	Oxford Nanopore genomic sequencing fastqs DNA of Xylella fastidiosa strain StagsLeapdeltaXfaIHsdS (Type I R-M system HsdS deletion mutant in Stag's Leap background)
SRR31555765	SRX26921958	SRS23399015	SRP548427	PRJNA1192303	Shigella flexneri	2a	OXFORD_NANOPORE	GridION	428025178.0	132000.0	WGS	GENOMIC	SINGLE	WGS of Shigella sonnei 2021/2022
SRR16940896	SRX13132821	SRS11066472	SRP346006	PRJNA554638	Escherichia coli	ESBL7	OXFORD_NANOPORE	MinION	554441756.0	42985.0	WGS	GENOMIC	SINGLE	Nanopore of ESBL producing Escherichia coli
ERR3293664	ERX3320011	ERS3381926	ERP114931	PRJEB32272	Salmonella enterica subsp. enterica serovar Typhi str. Ty2	4316STDY6559671	PACBIO_SMRT	PacBio RS	513001363.0	163482.0	WGS	GENOMIC	SINGLE	PacBio RS sequencing
SRR11553455	SRX8123211	SRS6487648	SRP256573	PRJNA343080	Bacillus sp. RZ2MS9	RZ2MS9	PACBIO_SMRT	Sequel	446562286.0	66292.0	WGS	GENOMIC	SINGLE	PacBio genome sequencing of Bacillus.
SRR35145716	SRX30251359	SRS12559703	SRP369026	PRJNA696077	Haloactinomyces albus	DSM 45977	PACBIO_SMRT	Sequel II	392450603.0	53058.0	WGS	GENOMIC	SINGLE	Haloactinomyces albus DSM 45977
SRR31599220	SRX26963864	SRS23433577	SRP549287	PRJNA1185485	Escherichia coli	207	OXFORD_NANOPORE	PromethION	2470637556.0	566632.0	WGS	GENOMIC	SINGLE	Kleb-3R-barcode30
SRR12247733	SRX8755434	SRS6976300	SRP266402	PRJNA605147	Escherichia coli	RHB28-SO-C01	OXFORD_NANOPORE	GridION	666342772.0	121709.0	WGS	GENOMIC	SINGLE	Oxford Nanopore sequencing of Escherichia coli isolate RH01|T2-SOC01 cultured from pig farm soil sample
SRR36161491	SRX31200989	SRS27183836	SRP648282	PRJNA1368964	Streptomyces sundarbansensis	DSM 42019	PACBIO_SMRT	Revio	461101640.0	92162.0	WGS	GENOMIC	SINGLE	DSM 42019 PacBio sequencing reads
ERR1100776	ERX1180310	ERS798864	ERP005928	PRJEB6403	Staphylococcus aureus	NCTC7121	PACBIO_SMRT	PacBio RS	784402033.0	163482.0	WGS	GENOMIC	SINGLE	PacBio RS sequencing
SRR24139857	SRX19938548	SRS17287257	SRP247747	PRJNA604975	Escherichia coli	ox_bsi_236	OXFORD_NANOPORE	GridION	336293725.0	187713.0	WGS	GENOMIC	SINGLE	oxford_bsi
SRR26146331	SRX21858915	SRS8686070	SRP314524	PRJNA546603	Staphylococcus hominis	acrlw	OXFORD_NANOPORE	GridION	1931665936.0	392014.0	WGS	GENOMIC	SINGLE	Oxford Nanopore Sequencing of Staphylococcus hominis ACRLW Genomic Library
SRR30232449	SRX25694327	SRS22336365	SRP526328	PRJNA1112457	Variovorax	KK3	OXFORD_NANOPORE	MinION	3435592065.0	1248762.0	WGS	GENOMIC	SINGLE	hybrid sequencing of Variovorax isolates
ERR15094492	ERX14499090	ERS24813768	ERP119900	PRJEB36683	Klebsiella pneumoniae 11227-1		OXFORD_NANOPORE	PromethION	1031356152.0	330298.0	WGS	GENOMIC	SINGLE	Raw reads: RKPR133_L
ERR10676356	ERX10144120	ERS14333455	ERP143248	PRJEB58185	Campylobacter jejuni		OXFORD_NANOPORE	MinION	380179254.0	631527.0	WGS	GENOMIC	PAIRED	MinION paired end sequencing
ERR16097481	ERX15487256	ERS26050532	ERP178906	PRJEB96157	Klebsiella pneumoniae		OXFORD_NANOPORE	MinION	338482306.0	57864.0	WGS	GENOMIC	SINGLE	MinION sequencing
SRR14108829	SRX10479553	SRS8607988	SRP312756	PRJNA689092	Xanthomonas campestris pv. campestris	12112	PACBIO_SMRT	Sequel II	1994315666.0	329428.0	WGS	GENOMIC	SINGLE	Xc isolated from weeds and crops
SRR32610431	SRX27915753	SRS24273899	SRP568450	PRJNA1228643	Luteibacter sp. E-22	E-22	OXFORD_NANOPORE	MinION	193821022.0	238722.0	WGS	GENOMIC	SINGLE	ONT WGS of Luteibacter E-22
ERR581038	ERX539125	ERS426721	ERP001625	PRJEB3164	Salmonella enterica subsp. enterica serovar Typhimurium		PACBIO_SMRT	PacBio RS	434178769.0	163482.0	WGS	GENOMIC	SINGLE	PacBio RS sequencing
SRR31598677	SRX26963808	SRS23433519	SRP549287	PRJNA1185485	Escherichia coli	896	OXFORD_NANOPORE	PromethION	893414233.0	121522.0	WGS	GENOMIC	SINGLE	WTP-NoR-Nov-barcode49
SRR8292572	SRX5107160	SRS2348825	SRP018785	PRJNA186035	Salmonella enterica subsp. enterica serovar Muenchen str. CFSAN000591	SGSC 2251	PACBIO_SMRT	PacBio RS II	864411083.0	163482.0	WGS	GENOMIC	SINGLE	PacBio SMRTbell library protocol library CFSAN000591 H02_1
SRR21131463	SRX17143867	SRS14716494	SRP392938	PRJNA672949	Xylella fastidiosa subsp. morus	Riv11	OXFORD_NANOPORE	MinION	194929051.0	33181.0	WGS	GENOMIC	SINGLE	Oxford Nanopore genomic sequencing fastqs DNA of Xylella fastidiosa strain Riv11
SRR9020441	SRX5798540	SRS4729768	SRP188851	PRJNA523365	Mycobacterium avium complex sp.	JHN_AV_0051_1	OXFORD_NANOPORE	GridION	176879204.0	190308.0	WGS	GENOMIC	SINGLE	Sequencing of non-tuberculosis mycobacteria
SRR287761	SRX078305	SRS212381	SRP007207	PRJNA68253	Escherichia coli		PACBIO_SMRT	PacBio RS	197513965.0	81741.0	WGS	GENOMIC	SINGLE	Whole Genome Sequencing for 17-2
SRR386241	SRX109861	SRS002764	SRP001666	PRJNA32461	Coprobacillus cateniformis	D6	PACBIO_SMRT	PacBio RS	74593771.0	81741.0	WGS	GENOMIC	SINGLE	Whole Genome Sequencing and Assembly
SRR31944206	SRX27301177	SRS13986861	SRP387145	PRJNA860203	Campylobacter lari subsp. concheus	RM19214	OXFORD_NANOPORE	MinION	441424882.0	176740.0	WGS	GENOMIC	SINGLE	Whole genome sequencing of Campylobacter lari subsp. Concheus
ERR5902787	ERX5542882	ERS5649945	ERP126298	PRJEB42440	Klebsiella pneumoniae		OXFORD_NANOPORE	MinION	707732906.0	58775.0	WGS	GENOMIC	SINGLE	MinION sequencing
SRR18681638	SRX14782859	SRS12539566	SRP368114	PRJNA824420	Escherichia coli	GD03027_ECOL_HY_145	OXFORD_NANOPORE	MinION	619596145.0	64464.0	WGS	GENOMIC	SINGLE	Long-read sequencing of Escherichia coli: isolate #145 urine
ERR3281187	ERX3307972	ERS3369810	ERP114822	PRJEB32175	Mycobacterium kansasii		PACBIO_SMRT	PacBio RS II	388416699.0	43446.0	WGS	GENOMIC	SINGLE	PacBio RS II sequencing
SRR5514666	SRX2788056	SRS1832540	SRP094481	PRJNA287884	Bordetella parapertussis	H904	PACBIO_SMRT	PacBio RS II	2727425265.0	163482.0	WGS	GENOMIC	SINGLE	
ERR10497888	ERX10015177	ERS14254353	ERP142629	PRJEB57633	Escherichia coli		OXFORD_NANOPORE	GridION	153248929.0	30641.0	WGS	GENOMIC	SINGLE	Raw reads: ONT_30224_1#78
ERR1766252	ERX1831821	ERS1247838	ERP005928	PRJEB6403	Moraxella catarrhalis	NCTC11020	PACBIO_SMRT	PacBio RS	1462536958.0	163482.0	WGS	GENOMIC	SINGLE	PacBio RS sequencing
DRR672811	DRX652913	DRS464463	DRP013044	PRJDB19370	Lacticaseibacillus rhamnosus		PACBIO_SMRT	PacBio RS II	1338079458.0	161533.0	WGS	GENOMIC	SINGLE	PacBio RS II sinlge-end Sequencing of KAS22024461 (KAE22250630)
SRR941222	SRX326512	SRS468192	SRP027574	PRJNA63279	Escherichia coli O157:H7 str. F8092B	F8092B	PACBIO_SMRT	PacBio RS	178930725.0	81741.0	WGS	GENOMIC	SINGLE	Escherichia coli O157:H7 F8092B PacBio C2 CLR
DRR203159	DRX193558	DRS166287	DRP006823	PRJDB9114	Escherichia coli O25:H4	18044	OXFORD_NANOPORE	GridION	398962689.0	103600.0	WGS	GENOMIC	SINGLE	GridION sequencing of SAMD00199041
SRR12280603	SRX8784521	SRS7053182	SRP272861	PRJNA646575	Bacteroides ovatus		OXFORD_NANOPORE	GridION	510368059.0	48142.0	WGS	GENOMIC	SINGLE	WGS  of Bacteroides fragilis group clinical isolates
SRR13957705	SRX10335972	SRS8455516	SRP300861	PRJNA663900	Enterococcus sp. DIV0970a	DIV0970a	OXFORD_NANOPORE	GridION	448943442.0	115584.0	WGS	GENOMIC	SINGLE	sequencing of enterococcal diversity
SRR386199	SRX109859	SRS002782	SRP001679	PRJNA32483	Fusobacterium animalis 7_1	7_1	PACBIO_SMRT	PacBio RS	48468872.0	81741.0	WGS	GENOMIC	SINGLE	Whole Genome Sequencing and Assembly
DRR248349	DRX238142	DRS090656	DRP006529	PRJDB10522	Pseudomonas aeruginosa	NCGM3750	OXFORD_NANOPORE	MinION	199124577.0	15178.0	WGS	GENOMIC	SINGLE	MinION sequencing of SAMD00129949
SRR12298782	SRX8801795	SRS6792501	SRP266402	PRJNA605147	Escherichia coli	RHB06-C10	PACBIO_SMRT	PacBio RS II	1242272419.0	159010.0	WGS	GENOMIC	SINGLE	PACBIO_SMRT sequencing of Escherichia coli isolate RH14|T1-C10 cultured from Sheep faeces sample
SRR12395291	SRX8893606	SRS7152628	SRP276100	PRJNA650381	Mycobacterium tuberculosis		OXFORD_NANOPORE	MinION	971085692.0	583363.0	WGS	GENOMIC	SINGLE	Nanopore TB WGS
SRR12298531	SRX8801536	SRS6792604	SRP266402	PRJNA605147	Escherichia marmotae	RHB42-C09	OXFORD_NANOPORE	GridION	1734865157.0	418439.0	WGS	GENOMIC	SINGLE	OXFORD_NANOPORE sequencing of Escherichia coli isolate RH12|T3-C09 cultured from Sheep faeces sample
SRR35213267	SRX30317091	SRS26364026	SRP615992	PRJNA1301220	Acinetobacter baumannii	ABO22-H013	OXFORD_NANOPORE	MinION	232220010.0	32784.0	WGS	GENOMIC	SINGLE	Whole geneme sequencing of Acinetobacter baumannii: isolates of the Ab-One study
SRR24651196	SRX20431335	SRS17736863	SRP438478	PRJNA885826	Faecalibacterium duncaniae	DSM 17677	OXFORD_NANOPORE	MinION	1088217043.0	373142.0	WGS	GENOMIC	SINGLE	PCR free Oxford Nanopore sequencing of genomic DNA from Faecalibacterium-prausnitzii-A2-165
SRR28266710	SRX23876768	SRS20694907	SRP250705	PRJNA607328	synthetic metagenome	not applicable	OXFORD_NANOPORE	MinION	53886327545.0	7948700.0	WGS	GENOMIC	SINGLE	Bacillus subtilis FELIX_MS503 Nanopore
SRR5866646	SRX3034512	SRS2383047	SRP040661	PRJNA231221	Edwardsiella tarda	FDAARGOS_370	PACBIO_SMRT	PacBio RS	4985735775.0	163482.0	WGS	GENOMIC	SINGLE	
SRR32250963	SRX27588898	SRS20831706	SRP497546	PRJNA1091452	Klebsiella pneumoniae	KP02-PS	OXFORD_NANOPORE	MinION	934808637.0	127160.0	WGS	GENOMIC	SINGLE	native ONT data from Klebsiella pneumoniae
DRR226682	DRX216946	DRS138671	DRP006093	PRJDB9774	Buttiauxella agrestis	DSM 9389	PACBIO_SMRT	PacBio RS II	738714735.0	50183.0	WGS	GENOMIC	SINGLE	PacBio RS II sequencing of SAMD00224198
SRR3721811	SRX1879632	SRS1526679	SRP077276	PRJNA214297	Geobacillus vulcani PSS1	PSS1	PACBIO_SMRT	PacBio RS	263444923.0	81034.0	WGS	GENOMIC	SINGLE	Geobacillus vulcani PSS1
SRR1185271	SRX482688	SRS420732	SRP022608	PRJNA201929	Enterobacter sp. MGH 14	MGH 14	PACBIO_SMRT	PacBio RS	216690646.0	81741.0	WGS	GENOMIC	SINGLE	Pacbio whole genome shotgun sequencing of genomic DNA library 'PACBIO-473' containing sample 'Enterobacter cloacae complex MGH 14'
ERR15516486	ERX14920332	ERS26654086	ERP165332	PRJEB81499	Citrobacter freundii		OXFORD_NANOPORE	GridION	441808962.0	290624.0	WGS	GENOMIC	SINGLE	GridION sequencing
SRR33123747	SRX28387280	SRS24711207	SRP578427	PRJNA1244367	Bacillus cereus ATCC 14579	ATCC 14579	OXFORD_NANOPORE	GridION	2798492152.0	853660.0	WGS	GENOMIC	SINGLE	WGS of Bacillus cereus Strain ATCC14682
SRR28063715	SRX23713262	SRS20528133	SRP490965	PRJNA1079198	Salmonella enterica subsp. enterica serovar Infantis	09-02151-0	OXFORD_NANOPORE	MinION	283279911.0	40715.0	WGS	GENOMIC	SINGLE	WGS of Salmonella enterica subsp. enterica serovar Infantis isolate 09-02151-0 using ONT technology
SRR11867863	SRX8418125	SRS6729753	SRP265117	PRJNA635644	Escherichia coli	O25:H4/H53/H55/H17	OXFORD_NANOPORE	MinION	143649272.0	43597.0	WGS	GENOMIC	SINGLE	Nanopore WGS of Malawi ExPEC 41
ERR10498546	ERX10015835	ERS14255321	ERP142629	PRJEB57633	Escherichia coli		OXFORD_NANOPORE	GridION	52721605.0	12956.0	WGS	GENOMIC	SINGLE	Raw reads: ONT_30348_2#260
SRR23686990	SRX19549605	SRS16398520	SRP416531	PRJNA916402	Neisseria elongata subsp. glycolytica	DSM 23337	OXFORD_NANOPORE	MinION	17443306748.0	1592922.0	WGS	GENOMIC	SINGLE	Nanopore sequencing of Neisseria elongata subsp. glycolytica strain:DSM 23337
SRR36696012	SRX31703823	SRS27674175	SRP660113	PRJNA1398948	Salmonella enterica	Infantis	OXFORD_NANOPORE	MinION	2195770390.0	559362.0	WGS	GENOMIC	SINGLE	WGS of Salmonella enteric isolate SA43968
SRR24807250	SRX20579495	SRS17881485	SRP338930	PRJNA766641	Mycobacterium tuberculosis	IDR 2200009104	OXFORD_NANOPORE	MinION	28570467.0	17814.0	WGS	GENOMIC	SINGLE	MinION sequencing of TB isolates
ERR10499477	ERX10016763	ERS14257015			Escherichia coli		OXFORD_NANOPORE	GridION	276945611.0	25717.0	WGS	GENOMIC	SINGLE	GridION sequencing; Raw reads: ONT_30345_1#199
ERR14708004	ERX14109438	ERS2564159	ERP109437	PRJEB27363	Escherichia coli		OXFORD_NANOPORE	MinION	1048925491.0	89263.0	WGS	GENOMIC	SINGLE	MinION sequencing
SRR27958560	SRX23615411	SRS20456226	SRP489545	PRJNA1076228	Streptococcus pyogenes	MGAS37842	OXFORD_NANOPORE	GridION	500000165.0	94602.0	WGS	GENOMIC	SINGLE	Oxford Nanopore Technology WGS of GAS M1 clinical isolates
SRR35851016	SRX30900238	SRS26900599	SRP636871	PRJNA1334387	Vibrio owensii	ABH2_014	OXFORD_NANOPORE	GridION	959158358.0	148035.0	WGS	GENOMIC	SINGLE	WGS of Vibrio owensii: Marine biofilm
SRR31486849	SRX26855102	SRS16761060	SRP074197	PRJNA288601	Pseudomonas aeruginosa	2023HL-00116	OXFORD_NANOPORE	MinION	700629305.0	112854.0	WGS	GENOMIC	SINGLE	Long read sequencing of carbapenemase producing organisms
SRR19816794	SRX15860538	SRS12115376	SRP361569	PRJNA768416	Solibacillus sp. FSL W7-1436	FSL W7-1436	OXFORD_NANOPORE	MinION	289967087.0	39205.0	WGS	GENOMIC	SINGLE	WGS of Bacilli
ERR657664	ERX613987	ERS500979	ERP005928	PRJEB6403	Salmonella enterica subsp. arizonae	NCTC7300	PACBIO_SMRT	PacBio RS	736072256.0	163482.0	WGS	GENOMIC	SINGLE	PacBio RS sequencing
SRR12247570	SRX8755597	SRS6976465	SRP266402	PRJNA605147	Citrobacter freundii	RHB02-E3-C01	OXFORD_NANOPORE	GridION	616366696.0	101245.0	WGS	GENOMIC	SINGLE	Oxford Nanopore sequencing of Citrobacter freundii isolate RH02|T1-E3C01 cultured from pig farm sediment sample
DRR174993	DRX165561	DRS137571	DRP006027	PRJDB8208	Salmonella enterica	3795	PACBIO_SMRT	Sequel	1411065267.0	270428.0	WGS	GENOMIC	SINGLE	Sequel sequencing of SAMD00168438
SRR18191509	SRX14338241	SRS12152235	SRP362168	PRJNA808207	Escherichia coli	3430-O103	OXFORD_NANOPORE	MinION	1142744562.0	268787.0	WGS	GENOMIC	SINGLE	MinION whole genome sequencing of STEC from ruminants
SRR22580999	SRX18544007	SRS15658631	SRP074197	PRJNA288601	Klebsiella variicola	2022CK-00568	OXFORD_NANOPORE	GridION	181754948.0	10470.0	WGS	GENOMIC	SINGLE	Nanopore sequencing of ARLN isolate
ERR10854466	ERX10299233	ERS7761533	ERP109413	PRJEB27342	Klebsiella pneumoniae		PACBIO_SMRT	Sequel II	5371407302.0	2121559.0	WGS	GENOMIC	SINGLE	Sequel II sequencing
SRR31024363	SRX26411200	SRS22931152	SRP539092	PRJNA1174068	Vibrio cholerae	mHDM VC227	OXFORD_NANOPORE	PromethION	647128397.0	518974.0	WGS	GENOMIC	SINGLE	WGS of Vcholerae isolates
ERR1329803	ERX1401423	ERS1018594	ERP005928	PRJEB6403	Pseudomonas putida	NCTC13185	PACBIO_SMRT	PacBio RS	2595057429.0	163482.0	WGS	GENOMIC	SINGLE	PacBio RS sequencing
SRR32213996	SRX27345205	SRS20831691	SRP497546	PRJNA1091452	Klebsiella pneumoniae	KP13-PS	OXFORD_NANOPORE	MinION	712025410.0	975785.0	WGS	GENOMIC	SINGLE	native ONT data from Klebsiella pneumoniae
SRR26821824	SRX22518536	SRS19530126	SRP471746	PRJNA1024677	Streptomyces sp. LN500	LN500	OXFORD_NANOPORE	PromethION	263977976.0	44537.0	WGS	GENOMIC	SINGLE	Genome sequencing of TSBor2xYT 28C 200rpm [JMF-2104-14-0004A]
SRR8608852	SRX5408289	SRS4392352	SRP186593	PRJNA523610	Yersinia pestis	S1037	OXFORD_NANOPORE	MinION	787624088.0	95696.0	WGS	GENOMIC	SINGLE	Salt Precipitation Lucigen Replicate2
ERR13194250	ERX12565115	ERS20185762	ERP160059	PRJEB75483	Massilia sp. LjRoot122		OXFORD_NANOPORE	MinION	166472579.0	27203.0	WGS	GENOMIC	SINGLE	MinION sequencing
SRR36797806	SRX31784542	SRS27747243	SRP661661	PRJNA1389824	Enterobacter ludwigii		OXFORD_NANOPORE	MinION	151182924.0	60016.0	WGS	GENOMIC	SINGLE	evolved microcosm clones
DRR393830	DRX379649	DRS297163	DRP007849	PRJDB10842	Enterobacter hormaechei subsp. steigerwaltii	JBEDACG-19-0108	OXFORD_NANOPORE	GridION	971309438.0	183339.0	WGS	GENOMIC	SINGLE	GridION sequencing of SAMD00502330
ERR14747171	ERX14148447	ERS23812111	ERP170065	PRJEB86767	Klebsiella pneumoniae		OXFORD_NANOPORE	MinION	780945525.0	180372.0	WGS	GENOMIC	SINGLE	EXP-20-1-2025-03-14_13-52-41
SRR10038288	SRX6773348	SRS5320544	SRP219710	PRJNA439799	Nocardioides sp. SAI-095	SAI-095	PACBIO_SMRT	PacBio RS II	135816353.0	30784.0	WGS	GENOMIC	SINGLE	Nocardioides HBUM178932 SAI-095
SRR8054531	SRX4884194	SRS3932949	SRP165734	PRJNA496461	Klebsiella pneumoniae	KLPN_16	OXFORD_NANOPORE	MinION	478873326.0	62525.0	WGS	GENOMIC	SINGLE	nanopore seq of klebsiella pneumoniae
SRR33768619	SRX28990858	SRS22455619	SRP444583	PRJNA962904	Escherichia coli		PACBIO_SMRT	Sequel II	662817373.0	34681.0	WGS	GENOMIC	SINGLE	PacBio sequencing of AH0741HE1 for ARCH 2
SRR5851466	SRX3021137	SRS1832468	SRP094480	PRJNA279196	Bordetella pertussis	I763	PACBIO_SMRT	PacBio RS II	676554647.0	163482.0	WGS	GENOMIC	SINGLE	
ERR11831514	ERX11229712	ERS16250265	ERP147976	PRJEB62849	Pseudoalteromonas galatheae		PACBIO_SMRT	Sequel	1598011866.0	264380.0	WGS	GENOMIC	SINGLE	Sequel sequencing
SRR5851811	SRX3021402	SRS1832489	SRP094480	PRJNA279196	Bordetella pertussis	I730	PACBIO_SMRT	PacBio RS II	789294625.0	163482.0	WGS	GENOMIC	SINGLE	
ERR14686293	ERX14087812	ERS23773432	ERP169826	PRJEB86481	Escherichia coli str. K-12 substr. MG1655	K-12	OXFORD_NANOPORE	MinION	136631951.0	56697.0	WGS	GENOMIC	SINGLE	MinION sequencing
SRR13075227	SRX9522255	SRS7727978	SRP292906	PRJNA513871	Chryseobacterium sp. AHK391C1	AHK391C1	OXFORD_NANOPORE	MinION	78269326.0	9993.0	WGS	GENOMIC	SINGLE	
SRR13575307	SRX9973555	SRS8145954	SRP303741	PRJNA695586	Streptococcus pyogenes	M4C20	OXFORD_NANOPORE	MinION	3344846.0	4000.0	WGS	GENOMIC	SINGLE	Whole genome sequence of Streptococcus pyogenes strain M4C20
SRR35071177	SRX30184844	SRS26244854	SRP610420	PRJNA1308807	Escherichia coli	Ec_348	OXFORD_NANOPORE	MinION	589662562.0	51006.0	WGS	GENOMIC	SINGLE	Oxford Nanopore sequences of an isolated E. coli strain from wastewater
SRR5165598	SRX2482557	SRS1669514	SRP085710	PRJNA333790	Burkholderia sp. YR290	YR290	PACBIO_SMRT	PacBio RS	462891565.0	90546.0	WGS	GENOMIC	SINGLE	Burkholderia sp. YR290
SRR12806637	SRX9275464	SRS7504013	SRP286977	PRJNA668381	Escherichia coli BL21(DE3)	BL21(DE3)	PACBIO_SMRT	Sequel II	3263945117.0	336621.0	WGS	GENOMIC	SINGLE	Vo_etal_2020_SLMS10_pacbio_crelox_20kb_del
SRR31598796	SRX26963690	SRS23433403	SRP549287	PRJNA1185485	Escherichia coli	466	OXFORD_NANOPORE	PromethION	1051102591.0	236616.0	WGS	GENOMIC	SINGLE	R4R-barcode12
ERR15335117	ERX14738432	ERS14481158	ERP177037	PRJEB94163	Bacillus anthracis	14RA5914	OXFORD_NANOPORE	MinION	1691478215.0	256819.0	WGS	GENOMIC	SINGLE	MinION sequencing
SRR20138924	SRX16174074	SRS13835878	SRP385218	PRJNA856428	Escherichia coli	Nanopore_W5	OXFORD_NANOPORE	PromethION	1461796905.0	178804.0	WGS	GENOMIC	SINGLE	Nanopore sequncing of Escherichia coli str. K12 substr. MG1655: MA line
ERR11147680	ERX10595065	ERS14832600	ERP145920	PRJEB60854	Escherichia coli		OXFORD_NANOPORE	MinION	60656963.0	12988.0	WGS	GENOMIC	SINGLE	MinION sequencing
SRR34262014	SRX29435981	SRS25107413	SRP586798	PRJNA868947	Megasphaera paucivorans	TMW 2.2489	PACBIO_SMRT	Sequel II	971948861.0	122557.0	WGS	GENOMIC	SINGLE	WGS PACBIO_SMRT of BEL B M. paucivorans
ERR4763212	ERX4636265	ERS5247909	ERP124695	PRJEB40976	Enterococcus faecalis		OXFORD_NANOPORE	GridION	696521256.0	39935.0	WGS	GENOMIC	SINGLE	GridION sequencing; Raw reads: 28157_4#88
SRR21836400	SRX17825420	SRS15349089	SRP401461	PRJNA813952	Paenarthrobacter aurescens	SV-Bl-I6	OXFORD_NANOPORE	MinION	926768482.0	305917.0	WGS	GENOMIC	SINGLE	Whole Genome Sequencing of Imidacloprid-remediating Bacteria
SRR32179916	SRX27525114	SRS23942898	SRP546704	PRJNA1189028	Staphylococcus epidermidis	PS03160	OXFORD_NANOPORE	MinION	119969125.0	80783.0	WGS	GENOMIC	SINGLE	WGS of bacterial isolate: Environmental isolate
SRR20045294	SRX16083772	SRS13749841	SRP385451	PRJNA675960	Campylobacter fetus subsp. venerealis	CFVA8	OXFORD_NANOPORE	MinION	1116428345.0	180886.0	WGS	GENOMIC	SINGLE	nanopore-CFVvA8
SRR21415753	SRX17420127	SRS12115319	SRP361569	PRJNA768416	Niallia sp. FSL R7-0271	FSL R7-0271	OXFORD_NANOPORE	MinION	1097708890.0	202635.0	WGS	GENOMIC	SINGLE	WGS of Bacilli
ERR1599924	ERX1670491	ERS1199543	ERP005928	PRJEB6403	Salmonella enterica subsp. salamae	NCTC9930	PACBIO_SMRT	PacBio RS	1793701017.0	163482.0	WGS	GENOMIC	SINGLE	PacBio RS sequencing
ERR2125730	ERX2182582	ERS1505807	ERP005928	PRJEB6403	Streptomyces hominis	NCTC4525	PACBIO_SMRT	PacBio RS	3123646860.0	163482.0	WGS	GENOMIC	SINGLE	PacBio RS sequencing
SRR29931808	SRX25425692	SRS22086163	SRP521707	PRJNA1139194	Shigella sonnei	3.6.1.1.2	OXFORD_NANOPORE	GridION	387355984.0	133818.0	WGS	GENOMIC	SINGLE	Nanopore sequencing of Shigella
DRR538125	DRX521944	DRS397759	DRP011824	PRJDB17661	Eisenbergiella tayi	f24	PACBIO_SMRT	Sequel	79080032.0	4855.0	WGS	GENOMIC	SINGLE	Sequel single end sequencing of  SAMD00758975
ERR10499066	ERX10016355	ERS14255505	ERP142629	PRJEB57633	Escherichia coli		OXFORD_NANOPORE	GridION	66596275.0	8975.0	WGS	GENOMIC	SINGLE	Raw reads: ONT_30821_1#90
ERR3685987	ERX3675591	ERS4047788	ERP114207	PRJEB31632	bacterium		OXFORD_NANOPORE	GridION	737032081.0	104973.0	WGS	GENOMIC	SINGLE	GridION sequencing
SRR27972630	SRX23625823	SRS20465353	SRP489819	PRJNA1076692	Pseudomonas aeruginosa	RIVM_C055372_dorado	OXFORD_NANOPORE	MinION	510884321.0	151767.0	WGS	GENOMIC	SINGLE	RIVM_C055372_dorado
SRR5937972	SRX3097861	SRS2434296	SRP115555	PRJNA353337	Ralstonia solanacearum	SL3175	PACBIO_SMRT	PacBio RS II	1099579719.0	163482.0	WGS	GENOMIC	SINGLE	WGS of Ralstonia solanacearum SL3175
SRR26135193	SRX21848534	SRS18945791	SRP462492	PRJNA946810	Pseudomonas aeruginosa	Rectal_2_P8	OXFORD_NANOPORE	GridION	221766274.0	39471.0	WGS	GENOMIC	SINGLE	WGS of Pseudomonas aeruginosa from hospitalized patiens from Quito, Ecuador
SRR28434894	SRX24038665	SRS20831705	SRP497546	PRJNA1091452	Klebsiella pneumoniae	KP01-PS	OXFORD_NANOPORE	MinION	986290030.0	107114.0	WGS	GENOMIC	SINGLE	ONT performance study sequencing of K. pneumoniae
ERR15424174	ERX14828118	ERS25489572	ERP174275	PRJEB91289	Acinetobacter baumannii		OXFORD_NANOPORE	PromethION	211816524.0	53674.0	WGS	GENOMIC	SINGLE	Raw reads: MED0910_L
SRR10747162	SRX7422523	SRS5869240	SRP238381	PRJNA595894	Neisseria gonorrhoeae	316/11	PACBIO_SMRT	Sequel	282073979.0	46881.0	WGS	GENOMIC	SINGLE	Whole genome sequencing of Neisseria gonorrhoeae WHO reference genomes as well as clinical isolates displaying resistance to antimicrobials
ERR3986915	ERX3988942	ERS4380849	ERP120516	PRJEB37212	Klebsiella pneumoniae		OXFORD_NANOPORE	MinION	325556888.0	152529.0	WGS	GENOMIC	SINGLE	MinION sequencing; Oxfordshire gram negative bacteraemias
SRR24140038	SRX19938367	SRS17287076	SRP247747	PRJNA604975	Escherichia coli	ox_bsi_268	OXFORD_NANOPORE	GridION	192210074.0	201970.0	WGS	GENOMIC	SINGLE	oxford_bsi
ERR1156404	ERX1229930	ERS825167	ERP005928	PRJEB6403	Staphylococcus aureus	NCTC10655	PACBIO_SMRT	PacBio RS	2207521363.0	163482.0	WGS	GENOMIC	SINGLE	PacBio RS sequencing
SRR387164	SRX109887	SRS281278	SRP001087	PRJNA40075	Escherichia coli str. K-12 substr. MG1655	K-12	PACBIO_SMRT	PacBio RS	32313207.0	81741.0	WGS	GENOMIC	SINGLE	Whole Genome Sequencing and Assembly
SRR12247752	SRX8755415	SRS6976281	SRP266402	PRJNA605147	Citrobacter braakii	RHB23-SO-C01	OXFORD_NANOPORE	GridION	660161216.0	134631.0	WGS	GENOMIC	SINGLE	Oxford Nanopore sequencing of Citrobacter freundii isolate RH12|T2-SOC01 cultured from sheep farm soil sample
ERR629092	ERX585862	ERS550338	ERP007039	PRJEB7327	Bacillus subtilis	BS49	PACBIO_SMRT	PacBio RS	589703782.0	185381.0	WGS	GENOMIC	SINGLE	PacBio RS sequencing
SRR27972769	SRX23626396	SRS20465627	SRP489819	PRJNA1076692	Klebsiella pneumoniae	RIVM_C055473_rerio	OXFORD_NANOPORE	MinION	230974068.0	76486.0	WGS	GENOMIC	SINGLE	RIVM_C055473_rerio
SRR28811942	SRX24375214	SRS21131870	SRP504151	PRJNA1104797	Xanthomonas campestris pv. raphani	bglFP 6791	OXFORD_NANOPORE	PromethION	668977793.0	26651.0	WGS	GENOMIC	SINGLE	Genome sequencing of Xanthomonas campestris pv. raphani: strain bglFP 6791
SRR31547490	SRX26913683	SRS23392650	SRP545217	PRJNA1186101	Enterobacter asburiae	Enterobacter asburiae DSMCPE_168	PACBIO_SMRT	Sequel II	519231975.0	58990.0	WGS	GENOMIC	SINGLE	WGS of Carbapenem-resistant Enterobacteriaceae
SRR33768833	SRX28991245	SRS22456151	SRP444583	PRJNA962904	Klebsiella pneumoniae		PACBIO_SMRT	Sequel II	204028574.0	9288.0	WGS	GENOMIC	SINGLE	PacBio sequencing of AH0800HE1 for ARCH 2
SRR19256378	SRX15316852	SRS13025963	SRP162786	PRJNA493675	Listeria monocytogenes	R20.0140	OXFORD_NANOPORE	MinION	990811868.0	377099.0	WGS	GENOMIC	SINGLE	WGS of Listeria monocytogenes
SRR15989267	SRX12277600	SRS9999241	SRP357537	PRJNA801416	Klebsiella pneumoniae	E970	OXFORD_NANOPORE	GridION	1980701973.0	239758.0	WGS	GENOMIC	SINGLE	Whole Genome Sequencing of Carbapenemase-producing Enterobacterales (CPE)
SRR33769126	SRX28991643	SRS22397246	SRP444583	PRJNA962904	Escherichia coli		PACBIO_SMRT	Sequel II	437546234.0	21665.0	WGS	GENOMIC	SINGLE	PacBio sequencing of AH0161HE1 for ARCH 2
ERR10938993	ERX10378302	ERS14690218	ERP143848	PRJEB58776	Legionella pneumophila		OXFORD_NANOPORE	GridION	616655018.0	19350.0	WGS	GENOMIC	SINGLE	GridION sequencing
SRR707865	SRX233067	SRS411280	SRP023490	PRJNA82527	Enterococcus faecium EnGen0376	EnGen0376	PACBIO_SMRT	PacBio RS	113069653.0	81741.0	WGS	GENOMIC	SINGLE	Pacbio whole genome shotgun sequencing of genomic DNA library 'LR_140_Efaecium_2_3' containing sample 'Pat2-2' from individual 'Enterococcus_faecium_Patient2-3'
SRR4052253	SRX2041815	SRS1634862	SRP082666	PRJNA195867	Lacrimispora sphenoides JCM 1415	ATCC 19403	PACBIO_SMRT	PacBio RS	474712547.0	139507.0	WGS	GENOMIC	SINGLE	Clostridium sphenoides ATCC 19403
SRR12298545	SRX8801522	SRS6792590	SRP266402	PRJNA605147	Escherichia coli	RHB41-C05	OXFORD_NANOPORE	GridION	654605373.0	137673.0	WGS	GENOMIC	SINGLE	OXFORD_NANOPORE sequencing of Escherichia coli isolate RH01|T3-C05 cultured from Pig faeces sample
SRR11475547	SRX8051780	SRS6421940	SRP255136	PRJNA622270	Serratia sp. JUb9	MYb239	OXFORD_NANOPORE	GridION	4008396957.0	675628.0	WGS	GENOMIC	SINGLE	Serratia ONT
SRR9221431	SRX5991955	SRS4897096	SRP191068	PRJNA528511	Escherichia coli	GTEN_181	OXFORD_NANOPORE	GridION	1745804109.0	393872.0	WGS	GENOMIC	SINGLE	Global TravEpiNet AMR surveillance Genome sequencing and assembly
SRR22859894	SRX18818690	SRS16251781	SRP414408	PRJNA914892	Staphylococcus aureus	C276	OXFORD_NANOPORE	MinION	89635321.0	27899.0	WGS	GENOMIC	SINGLE	Long read ONT WGS of Staphylococcus aureus isolates from Chronic Rhinosinusitis Patients
SRR30949799	SRX26352289	SRS22817279	SRP536567	PRJNA1165464	Escherichia coli	Not applicable	OXFORD_NANOPORE	MinION	491144779.0	84187.0	WGS	GENOMIC	SINGLE	Nanopore sequencing of E.coli: blood isolate
SRR30934820	SRX26337489	SRS22863377	SRP537571	PRJNA1168290	Paenibacillus sp. TAB_01	TAB_01	OXFORD_NANOPORE	MinION	1571452.0	176.0	WGS	GENOMIC	SINGLE	Paenibacillus sp. TAB 01 from cotton plant tissue
SRR28399428	SRX24004182	SRS20800497	SRP395888	PRJNA812595	Salmonella enterica	2024CK-1945753	OXFORD_NANOPORE	GridION	937497096.0	129537.0	WGS	GENOMIC	SINGLE	PH WGS
SRR29816480	SRX25315611	SRS16968662	SRP426074	PRJNA941188	Priestia megaterium	DSM 2894	OXFORD_NANOPORE	GridION	1004989368.0	159497.0	WGS	GENOMIC	SINGLE	WGS of Priestia megaterium: cell culture
SRR35513780	SRX30589584	SRS26617990	SRP620300	PRJNA1328464	Campylobacter coli	GPT20-006	OXFORD_NANOPORE	GridION	25819347.0	9871.0	WGS	GENOMIC	SINGLE	Campylobacter coli, MMV kit, replicate 1, sequence replicate 2
SRR27467450	SRX23138993	SRS20090057	SRP482612	PRJNA1062298	Serratia sarumanii	K-M0260	OXFORD_NANOPORE	GridION	183723032.0	27668.0	WGS	GENOMIC	SINGLE	ONT SQK-NBD112-96 library of Serratia sp. K-M0260: R10.4 flowcell on GridION, guppy v6.2.7 in super high accuracy mode
SRR31439461	SRX26808261	SRS23293491	SRP493729	PRJNA1084876	Rhizobium sp. LEGMi135b	LEGMi135b	PACBIO_SMRT	PacBio RS II	1818088874.0	132610.0	WGS	GENOMIC	SINGLE	PacBio raw data of Isolate LEGMi-135b
SRR25325810	SRX21065574	SRS18335285	SRP426112	PRJNA939376	Streptomyces sp. VNUA74	VNUA74	PACBIO_SMRT	Sequel II	2269824271.0	278519.0	WGS	GENOMIC	SINGLE	Streptomyces sp. VNUA74
SRR14753623	SRX11087220	SRS9152682	SRP323129	PRJNA735522	Bacillus velezensis	GMEKP1	OXFORD_NANOPORE	GridION	28000803.0	4000.0	WGS	GENOMIC	SINGLE	SRA Bacillus velezensis GMEKP1
SRR28402958	SRX24007524	SRS20803738	SRP496844	PRJNA1090259	Staphylococcus aureus	CT	OXFORD_NANOPORE	GridION	846448663.0	70461.0	WGS	GENOMIC	SINGLE	WGS of MRSA
SRR31540944	SRX26907980	SRS23387439	SRP548173	PRJNA1190675	Escherichia coli	The same strain as the one under SRA accession SRR7215505	OXFORD_NANOPORE	MinION	230924899.0	53115.0	WGS	GENOMIC	SINGLE	ONT of TAS171
ERR690976	ERX635956	ERS523591	ERP005928	PRJEB6403	Klebsiella pneumoniae subsp. pneumoniae	NCTC9494	PACBIO_SMRT	PacBio RS	819657192.0	163482.0	WGS	GENOMIC	SINGLE	PacBio RS sequencing
SRR17954315	SRX14111177	SRS11933337	SRP359022	PRJNA804690	Acinetobacter ursingii		OXFORD_NANOPORE	GridION	320405825.0	11750.0	WGS	GENOMIC	SINGLE	RIVM_C011601_nanopore
SRR33768732	SRX28991346	SRS22456488	SRP444583	PRJNA962904	Klebsiella pneumoniae		PACBIO_SMRT	Sequel II	117497745.0	5444.0	WGS	GENOMIC	SINGLE	PacBio sequencing of AH0568HE1 for ARCH 2
ERR776485	ERX719364	ERS565652	ERP006904	PRJEB7205	Salmonella enterica subsp. enterica serovar Enteritidis		OXFORD_NANOPORE	MinION	340547432.0	55216.0	WGS	GENOMIC	SINGLE	MinION sequencing; Salmonella enterica sequencing on MinION using R7 chemistry
ERR791717	ERX808956	ERS646602	ERP005928	PRJEB6403	Haemophilus influenzae	NCTC13377	PACBIO_SMRT	PacBio RS	1201449462.0	163482.0	WGS	GENOMIC	SINGLE	PacBio RS sequencing
SRR29418633	SRX24932023	SRS21636427	SRP514025	PRJNA1107577	Staphylococcus epidermidis	AN404	OXFORD_NANOPORE	GridION	1377234060.0	532000.0	WGS	GENOMIC	SINGLE	whole genome seq. of bacteria isolated from arctic ground squirrel gut contents
SRR15989252	SRX12277615	SRS9998522	SRP357537	PRJNA801416	Klebsiella pneumoniae	-	OXFORD_NANOPORE	GridION	469502755.0	76971.0	WGS	GENOMIC	SINGLE	Whole Genome Sequencing of Carbapenemase-producing Enterobacterales (CPE)
SRR24140134	SRX19938943	SRS17287652	SRP247747	PRJNA604975	Escherichia coli	ox_bsi_602	OXFORD_NANOPORE	GridION	247619866.0	95390.0	WGS	GENOMIC	SINGLE	oxford_bsi
SRR27145237	SRX22826878	SRS19807646	SRP476599	PRJNA1050169	Citroniella saccharovorans	DSM 29873	OXFORD_NANOPORE	MinION	36431106.0	3851.0	WGS	GENOMIC	SINGLE	Nanopore MinION of C. saccharovorans
SRR28036851	SRX23688304	SRS20496055	SRP490411	PRJNA1078256	Escherichia coli	19M19	OXFORD_NANOPORE	MinION	4467149432.0	669981.0	WGS	GENOMIC	SINGLE	ONT sequencing of Escherichia coli: 19M19
SRR35556807	SRX30631253	SRS3410073	SRP150360	PRJNA475751	Clostridioides difficile	CD07927	OXFORD_NANOPORE	MinION	541660976.0	452544.0	WGS	GENOMIC	SINGLE	WGS Sequencing of Clostridioides difficile
SRR32896217	SRX28171512	SRS24523609	SRP573785	PRJNA1242033	Bacillus velezensis	ZN3	OXFORD_NANOPORE	PromethION	1389386672.0	198832.0	WGS	GENOMIC	SINGLE	ZN3-2
ERR4586367	ERX4520203	ERS5060059	ERP123927	PRJEB40306	Serratia marcescens subsp. marcescens ATCC 13880	ATCC 13880	PACBIO_SMRT	PacBio RS II	2671833419.0	163482.0	WGS	GENOMIC	SINGLE	PacBio RS II sequencing; PacBio SMRT sequencing; Evolution of the bacterium Serratia marcescens under several experimental temperature treatments
ERR15284501	ERX14690335	ERS710864	ERP176771	PRJEB93892	Klebsiella pneumoniae	INF134	OXFORD_NANOPORE	MinION	244940032.0	14877.0	WGS	GENOMIC	SINGLE	MinION sequencing
SRR11049145	SRX7699167	SRS6123501	SRP247823	PRJNA345948	Amycolatopsis jiangsuensis	DSM 45859	PACBIO_SMRT	PacBio RS II	5865294270.0	1363970.0	WGS	GENOMIC	SINGLE	Amycolatopsis jiangsuensis DSM 45859
SRR5829683	SRX3007025	SRS1832576	SRP094480	PRJNA279196	Bordetella pertussis		PACBIO_SMRT	PacBio RS II	963602376.0	163482.0	WGS	GENOMIC	SINGLE	
SRR16940867	SRX13132850	SRS11066474	SRP346006	PRJNA554638	Escherichia coli	ESBL9	PACBIO_SMRT	Sequel	481474062.0	102144.0	WGS	GENOMIC	SINGLE	Pacbio of ESBL producing Escherichia coli
SRR24001238	SRX19804764	SRS17166616	SRP429910	PRJNA909850	human blood metagenome	-	OXFORD_NANOPORE	GridION	936015940.0	178935.0	WGS	GENOMIC	SINGLE	DNA isolation from Salmonella sp. using Roche
SRR27029002	SRX22720834	SRS19651105	SRP474456	PRJNA1026650	[Clostridium] scindens	JCM10420 (M-18)	PACBIO_SMRT	Sequel IIe	1177584076.0	127859.0	WGS	GENOMIC	SINGLE	Genome Sequence of Clostridium scindens JCM10420
SRR24139864	SRX19938541	SRS17287250	SRP247747	PRJNA604975	Escherichia coli	ox_bsi_716	OXFORD_NANOPORE	GridION	164596275.0	139163.0	WGS	GENOMIC	SINGLE	oxford_bsi
SRR29014156	SRX24540772	SRS21285576	SRP507435	PRJNA1111250	Serratia symbiotica CWBI2.3		OXFORD_NANOPORE	MinION	3705714555.0	746472.0	WGS	GENOMIC	SINGLE	WGS of CWBI wild type, sample 01
SRR4124895	SRX2105495	SRS1859644	SRP040661	PRJNA231221	Acinetobacter lwoffii	FDAARGOS_250	PACBIO_SMRT	PacBio RS	5114032246.0	163482.0	WGS	GENOMIC	SINGLE	
SRR13350374	SRX9776332	SRS7963768	SRP300261	PRJNA686374	Klebsiella pneumoniae		OXFORD_NANOPORE	MinION	168887579.0	36882.0	WGS	GENOMIC	SINGLE	Hybrid sequencing Klebsiella pneumoniae
ERR8282803	ERX7850234	ERS4216653	ERP112565	PRJEB30134	Escherichia coli	cpe082	OXFORD_NANOPORE	MinION	2530703823.0	192261.0	WGS	GENOMIC	SINGLE	MinION sequencing
SRR1203876	SRX500298	SRS581588	SRP040529	PRJNA212490	Orientia tsutsugamushi str. Sido		PACBIO_SMRT	PacBio RS	2338308450.0	163482.0	WGS	GENOMIC	SINGLE	
ERR15195364	ERX14601038	ERS25142035	ERP160948	PRJEB76420	Escherichia coli		OXFORD_NANOPORE	MinION			WGS	GENOMIC	SINGLE	MinION sequencing
SRR15342188	SRX11646445	SRS9679591	SRP331089	PRJNA561159	Agrobacterium tumefaciens	SJ002	OXFORD_NANOPORE	GridION	1688107226.0	140917.0	WGS	GENOMIC	SINGLE	Nanopore reads of A. tumefaciens
ERR13600787	ERX12971810	ERS5520976	ERP126193	PRJEB42350	Klebsiella pneumoniae		OXFORD_NANOPORE	GridION	495027758.0	16005.0	WGS	GENOMIC	SINGLE	GridION sequencing
SRR18503925	SRX14635308	SRS12401575	SRP366308	PRJNA819403	Xanthomonas prunicola	Arg-1	OXFORD_NANOPORE	MinION	500004401.0	24924.0	WGS	GENOMIC	SINGLE	Xantho_Arg1
SRR31555800	SRX26921923	SRS23398979	SRP548427	PRJNA1192303	Shigella flexneri	2a	OXFORD_NANOPORE	GridION	671783943.0	171567.0	WGS	GENOMIC	SINGLE	WGS of Shigella sonnei 2021/2022
SRR1955805	SRX981307	SRS895978	SRP040661	PRJNA231221	Staphylococcus aureus	FDAARGOS_22	PACBIO_SMRT	PacBio RS	936171757.0	163482.0	WGS	GENOMIC	SINGLE	
SRR33768836	SRX28991242	SRS22456147	SRP444583	PRJNA962904	Klebsiella pneumoniae		PACBIO_SMRT	Sequel II	398002743.0	19808.0	WGS	GENOMIC	SINGLE	PacBio sequencing of AH0790HE2 for ARCH 2
SRR1161526	SRX463048	SRS551821	SRP036338	PRJNA237250	Xanthomonas oryzae pv. oryzae PXO86	PXO86	PACBIO_SMRT	PacBio RS	217510303.0	163482.0	WGS	GENOMIC	SINGLE	PacBio Sequencing of PXO86
SRR287785	SRX078307	SRS212382	SRP007207	PRJNA68253	Escherichia coli		PACBIO_SMRT	PacBio RS	164705879.0	81741.0	WGS	GENOMIC	SINGLE	Whole Genome Sequencing for JM221
ERR2881353	ERX2886590	ERS525244	ERP006597	PRJEB6927	Burkholderia vietnamiensis	JW13	PACBIO_SMRT	PacBio RS	185647649.0	163482.0	WGS	GENOMIC	SINGLE	PacBio RS sequencing
SRR28553122	SRX24152684	SRS20934144	SRP499691	PRJNA1009252	Pseudomonas sp. LPD2	LPD2	PACBIO_SMRT	Sequel IIe	1160571248.0	92043.0	WGS	GENOMIC	SINGLE	Sequencing of Pseudomonas4
ERR550502	ERX509571	ERS451418	ERP005928	PRJEB6403	Mycolicibacterium smegmatis	NCTC8159	PACBIO_SMRT	PacBio RS	533665758.0	163482.0	WGS	GENOMIC	SINGLE	PacBio RS sequencing
SRR11058969	SRX7704910	SRS6128811	SRP248028	PRJNA459252	Clostridium beijerinckii	DJ280	PACBIO_SMRT	PacBio RS II	619675467.0	178902.0	WGS	GENOMIC	SINGLE	Clostridium beijerinckii DJ280
SRR32184189	SRX27529385	SRS16968697	SRP426074	PRJNA941188	Bacillus subtilis	PRO35	OXFORD_NANOPORE	GridION	1269030058.0	210848.0	WGS	GENOMIC	SINGLE	WGS of Bacillus subtilis: cell culture
SRR31676601	SRX27039049	SRS23502244	SRP550721	PRJNA1195730	Enterococcus faecalis	ATCC 19433	OXFORD_NANOPORE	MinION	242567687.0	53605.0	WGS	GENOMIC	SINGLE	Genomic DNA for Enterococcus
ERR14686236	ERX14087755	ERS23773375	ERP169826	PRJEB86481	Escherichia coli str. K-12 substr. MG1655	K-12	OXFORD_NANOPORE	MinION	140286773.0	67944.0	WGS	GENOMIC	SINGLE	MinION sequencing
SRR35787279	SRX30836568	SRS26844848	SRP632197	PRJNA1338806	Sinorhizobium medicae	gp1-1	OXFORD_NANOPORE	PromethION	679027927.0	187030.0	WGS	GENOMIC	SINGLE	Whole-genome sequencing of strain g40 using Oxford Nanopore PromethION (Plasmidsaurus)
SRR33769180	SRX28991589	SRS22455764	SRP444583	PRJNA962904	Escherichia coli		PACBIO_SMRT	Sequel II	288092915.0	15373.0	WGS	GENOMIC	SINGLE	PacBio sequencing of AH0289HE1 for ARCH 2
SRR18681664	SRX14782833	SRS12539605	SRP368114	PRJNA824420	Escherichia coli	GD02957_ECOL_HY_74	OXFORD_NANOPORE	MinION	399140562.0	54055.0	WGS	GENOMIC	SINGLE	Long-read sequencing of Escherichia coli: isolate #74 urine
SRR13978070	SRX10355631	SRS8473871	SRP310893	PRJNA384146	Xanthomonas phaseoli pv. phaseoli	CFBP6546R	PACBIO_SMRT	PacBio RS II	3739487959.0	163482.0	WGS	GENOMIC	SINGLE	CFBP6546R PacBio genome sequencing
SRR31935055	SRX27292085	SRS14304178	SRP388186	PRJNA862465	Campylobacter lari	S3:81	OXFORD_NANOPORE	MinION	537190856.0	160292.0	WGS	GENOMIC	SINGLE	Whole genome sequencing of urease-positive (UPTC) Campylobacter lari
SRR9732420	SRX6489586	SRS5136067	SRP215929	PRJNA555902	Achromobacter xylosoxidans	mfec-4	OXFORD_NANOPORE	GridION	1035195707.0	123995.0	WGS	GENOMIC	SINGLE	Genome sequencing of bacterial strain mfec-4
ERR15805349	ERX15204990	ERS27166939	ERP183293	PRJEB101885	Vibrio crassostreae		PACBIO_SMRT	Sequel	736847100.0	109236.0	WGS	GENOMIC	SINGLE	Sequel sequencing
SRR30889046	SRX26293124	SRS22821939	SRP536682	PRJNA1169012	Leptospira interrogans serovar Manilae	W4Y_1_L495	OXFORD_NANOPORE	MinION	1166174066.0	194576.0	WGS	GENOMIC	SINGLE	Nanopore sequencing of Leptospira: Hamster liver
ERR15516504	ERX14920350	ERS4261660	ERP119553	PRJEB36370	Klebsiella pneumoniae		OXFORD_NANOPORE	GridION	319764884.0	118416.0	WGS	GENOMIC	SINGLE	GridION sequencing
SRR21415855	SRX17420025	SRS12115005	SRP361569	PRJNA768416	Bacillus sp. FSL L8-0167	FSL L8-0167	OXFORD_NANOPORE	MinION	470452664.0	128872.0	WGS	GENOMIC	SINGLE	WGS of Bacilli
DRR472229	DRX456458	DRS239034	DRP008516	PRJDB12179	Streptococcus dysgalactiae subsp. equisimilis	KUSD006	OXFORD_NANOPORE	MinION	313004827.0	41162.0	WGS	GENOMIC	SINGLE	MinION sequencing of SAMD00466506
SRR7212838	SRX4119927	SRS3334611	SRP148708	PRJNA471525	Chromobacterium phragmitis	IIBBL 112-1	PACBIO_SMRT	PacBio RS II	1653070090.0	163482.0	WGS	GENOMIC	SINGLE	PacBio of Chromobacterium phragmitis: 112-1
SRR19548050	SRX15600175	SRS13301155	SRP378656	PRJNA844881	Photobacterium sp. S39_bc34	S39_bc34	OXFORD_NANOPORE	PromethION	2427758767.0	567487.0	WGS	GENOMIC	SINGLE	Whole Genomic sequencing of Bacteria: Salmon gut
SRR9052981	SRX5829231	SRS473997	SRP018785	PRJNA186035	Salmonella enterica	CFSAN005645	OXFORD_NANOPORE	GridION	2278362815.0	167338.0	WGS	GENOMIC	SINGLE	Closed Genomes of Salmonella Montevideo using Oxford Nanopore Technology
SRR3886563	SRX1941538	SRS1256912	SRP068738	PRJNA292900	Pseudomonas aeruginosa	AR_0090	PACBIO_SMRT	PacBio RS II	256509858.0	163482.0	WGS	GENOMIC	PAIRED	
SRR353471	SRX101295	SRS259598	SRP008034	PRJNA68215	Escherichia coli O104:H4 str. 11-3677	11-3677	PACBIO_SMRT	PacBio RS	40904280.0	81741.0	WGS	GENOMIC	SINGLE	Genome Sequencing and Assembly of E. coli O104:H4 strains
SRR35984844	SRX31034134	SRS27024120	SRP643376	PRJNA1339618	Bradyrhizobium barranii subsp. barranii	USDA 424	PACBIO_SMRT	Sequel IIe	919330216.0	104245.0	WGS	GENOMIC	SINGLE	Bradyrhizobium japonicum USDA 424
SRR23044203	SRX18997761	SRS15976877	SRP411586	PRJNA907549	Escherichia coli	DETEC-P61	OXFORD_NANOPORE	MinION	480035583.0	13127.0	WGS	GENOMIC	SINGLE	DETEC-P61 long-read genome sequence
SRR29816420	SRX25315671	SRS16968711	SRP426074	PRJNA941188	Bacillus velezensis	PRO81	OXFORD_NANOPORE	GridION	17022381.0	2194.0	WGS	GENOMIC	SINGLE	WGS of Bacillus velezensis: cell culture
SRR33417239	SRX28658191	SRS24926918	SRP582914	PRJNA992958	Salmonella enterica subsp. enterica serovar Brancaster	43492_16	OXFORD_NANOPORE	MinION	51422870.0	11741.0	WGS	GENOMIC	SINGLE	Nanopore DNA-Seq of Salmonella spp
SRR27232549	SRX22911034	SRS19879632	SRP478402	PRJNA1051601	Bacillus cereus		OXFORD_NANOPORE	MinION	89445928.0	84546.0	WGS	GENOMIC	SINGLE	WGS of B.cereus
SRR24899242	SRX20661420	SRS17958129	SRP442894	PRJNA980916	Vibrio parahaemolyticus	Tumbes-M06	OXFORD_NANOPORE	MinION	623889384.0	82300.0	WGS	GENOMIC	SINGLE	whole genome of Vibrio spp PirAB
SRR14952071	SRX11264789	SRS9304269	SRP326018	PRJNA730911	Bacillus sp. (in: firmicutes)	unknown	PACBIO_SMRT	PacBio RS II	2389683198.0	574444.0	WGS	GENOMIC	SINGLE	WGS of Bacillus sp. (in: Bacteria): Environmental
DRR424347	DRX409553	DRS205704	DRP007744	PRJDB12343	Escherichia coli	MyNCGM128	OXFORD_NANOPORE	MinION	503598016.0	40226.0	WGS	GENOMIC	SINGLE	MinION sequencing of SAMD00406276
ERR14150401	ERX13553059	ERS13616004	ERP141886	PRJEB56918	Escherichia coli		OXFORD_NANOPORE	GridION	3474384569.0	302272.0	WGS	GENOMIC	SINGLE	Raw reads: 1001832
ERR13600672	ERX12971695	ERS15599408	ERP132614	PRJEB48268	Klebsiella pneumoniae		OXFORD_NANOPORE	GridION	1973979170.0	112120.0	WGS	GENOMIC	SINGLE	GridION sequencing
SRR30483124	SRX25907941	SRS22499158	SRP529572	PRJNA1148956	Clostridioides difficile		OXFORD_NANOPORE	MinION	500000198.0	91739.0	WGS	GENOMIC	SINGLE	cdiff
SRR13571471	SRX9969614	SRS8142525	SRP300861	PRJNA663900	Enterococcus sp. DIV2471a	DIV2471a	OXFORD_NANOPORE	GridION	122643554.0	40597.0	WGS	GENOMIC	SINGLE	Zoo 3 Enterococcus Diversity Genome sequencing and assembly
SRR16525811	SRX12728188	SRS10336764	SRP357534	PRJNA801415	Citrobacter farmeri	-	OXFORD_NANOPORE	GridION	4258596264.0	626773.0	WGS	GENOMIC	SINGLE	Extensive diversification and dissemination of blaNDM carbapenemase plasmids in Enterobacterales in Singapore 2010-2015
SRR32649473	SRX27953890	SRS24319793	SRP363755	PRJNA805196	Streptococcus equi subsp. equi	not applicable	OXFORD_NANOPORE	MinION	361632755.0	86991.0	WGS	GENOMIC	SINGLE	SEQUI-Horse-OK74078CY240169
SRR27710528	SRX23376965	SRS19986437	SRP395888	PRJNA812595	Pseudomonas aeruginosa	2023CK-01621	OXFORD_NANOPORE	GridION	278899723.0	30385.0	WGS	GENOMIC	SINGLE	Nanopore sequencing of ARLN isolate
ERR13326585	ERX12697613	ERS20295537	ERP161282	PRJEB76791	Salmonella enterica subsp. enterica serovar Agona		OXFORD_NANOPORE	MinION	95645688.0	107294.0	WGS	GENOMIC	SINGLE	MinION sequencing
SRR19165821	SRX15231941	SRS12965164	SRP374671	PRJNA836696	Klebsiella pneumoniae	2946	OXFORD_NANOPORE	GridION	860240229.0	116766.0	WGS	GENOMIC	SINGLE	ONT long-read sequencing of carbapenem non-susceptible Enterobacterales
ERR13600357	ERX12971380	SRS13154055	SRP376797	PRJNA835677	Klebsiella pneumoniae	Kpn2411	OXFORD_NANOPORE	GridION	1076851803.0	39510.0	WGS	GENOMIC	SINGLE	GridION sequencing
SRR21630070	SRX17630626	SRS11554415	SRP354045	PRJNA747871	Streptomyces platensis	NBC_00573	OXFORD_NANOPORE	MinION	225127664.0	42220.0	WGS	GENOMIC	SINGLE	nanopore sequencing data from strain NBC_00573
SRR12395292	SRX8893605	SRS7152627	SRP276100	PRJNA650381	Mycobacterium tuberculosis		OXFORD_NANOPORE	MinION	715894543.0	403711.0	WGS	GENOMIC	SINGLE	Nanopore TB WGS
ERR10499778	ERX10017060	ERS14248168	ERP142363	PRJEB57392	Escherichia coli		OXFORD_NANOPORE	MinION	623156696.0	1241348.0	WGS	GENOMIC	PAIRED	MinION paired end sequencing
SRR29782671	SRX25282546	SRS21964072	SRP519345	PRJNA1134675	Salmonella enterica		OXFORD_NANOPORE	GridION	707115203.0	65037.0	WGS	GENOMIC	SINGLE	Single laboratory evaluation of the (Q20+) nanopore sequencing kit for bacterial outbreak investigations
ERR14686381	ERX14087900	ERS23773295	ERP169826	PRJEB86481	Escherichia coli str. K-12 substr. MG1655	K-12	OXFORD_NANOPORE	MinION	155383007.0	52441.0	WGS	GENOMIC	SINGLE	MinION sequencing
SRR11288494	SRX7894202	SRS6268435	SRP251798	PRJNA610151	Clostridium botulinum	ST7B	PACBIO_SMRT	PacBio RS II	3053419009.0	163482.0	WGS	GENOMIC	SINGLE	WGS of C. botulinum
SRR15989186	SRX12277681	SRS9999099	SRP357537	PRJNA801416	Enterobacter hormaechei	E888	OXFORD_NANOPORE	GridION	466369408.0	86710.0	WGS	GENOMIC	SINGLE	Whole Genome Sequencing of Carbapenemase-producing Enterobacterales (CPE)
SRR33895202	SRX29106651	SRS25312991	SRP590843	PRJNA1272507	Salmonella enterica	SAL-219	OXFORD_NANOPORE	GridION	923837265.0	205700.0	WGS	GENOMIC	SINGLE	ONT-WGS of Salmonella enterica
SRR21472548	SRX17476657	SRS15029891	SRP396115	PRJNA868296	Aeromonas caviae	GD03796	OXFORD_NANOPORE	MinION	333949392.0	35833.0	WGS	GENOMIC	SINGLE	WGS of Aeromonas caviae
SRR11084692	SRX7723736	SRS6146016	SRP249382	PRJNA580675	Mesorhizobium sp. YL-MPnR-2016	YL-MPnR-2016	PACBIO_SMRT	PacBio RS II	931291704.0	136938.0	WGS	GENOMIC	SINGLE	Mesorhizobium sp. YL-MPnR-2016
DRR242191	DRX231991	DRS165234	DRP006773	PRJDB10450	Escherichia coli	Zam_UTH_06	OXFORD_NANOPORE	MinION	883978645.0	116918.0	WGS	GENOMIC	SINGLE	MinION sequencing of SAMD00243952
SRR12395267	SRX8893630	SRS7152652	SRP276100	PRJNA650381	Mycobacterium tuberculosis		OXFORD_NANOPORE	MinION	1066752591.0	611616.0	WGS	GENOMIC	SINGLE	Nanopore TB WGS
SRR9648244	SRX6409805	SRS5067187	SRP212938	PRJNA483246	Klebsiella pneumoniae		OXFORD_NANOPORE	MinION	442791489.0	78245.0	WGS	GENOMIC	SINGLE	nanopore sequence of Kpv_ST383_S1
SRR33769137	SRX28991632	SRS22456012	SRP444583	PRJNA962904	Escherichia coli		PACBIO_SMRT	Sequel II	85321223.0	5830.0	WGS	GENOMIC	SINGLE	PacBio sequencing of AH0413HC1 for ARCH 2
SRR12975746	SRX9427939	SRS7642698	SRP291038	PRJNA669470	Microbacterium abyssi	A18JL241	PACBIO_SMRT	Sequel	3598789131.0	300960.0	WGS	GENOMIC	SINGLE	The  complete genome sequence of Microbacterium sp. A18JL241
ERR10741403	ERX10190713	ERS14394685	ERP143791	PRJEB58724	Klebsiella pneumoniae		OXFORD_NANOPORE	MinION	142152415.0	29078.0	WGS	GENOMIC	SINGLE	NIHR Nanopore Sequencing
SRR31599449	SRX26964233	SRS23433945	SRP549287	PRJNA1185485	Escherichia coli	866	OXFORD_NANOPORE	PromethION	881607226.0	140686.0	WGS	GENOMIC	SINGLE	Wnew4R-barcode95
ERR1109329	ERX1188860	ERS811722	ERP005928	PRJEB6403	Staphylococcus aureus	NCTC13395	PACBIO_SMRT	PacBio RS	612036832.0	163482.0	WGS	GENOMIC	SINGLE	PacBio RS sequencing
SRR10666958	SRX7345881	SRS5805519	SRP230855	PRJNA589910	Phocaeicola dorei	JR05	PACBIO_SMRT	PacBio RS II	1403232225.0	165555.0	WGS	GENOMIC	SINGLE	JR05_PacBio_fastq
SRR23033689	SRX18988345	SRS16399845	SRP413032	PRJNA906522	Pseudomonas aeruginosa	Paer110	OXFORD_NANOPORE	MinION	706232271.0	175506.0	WGS	GENOMIC	SINGLE	Long read sequencing of Pseudomonas aeruginosa Paer110
SRR35275897	SRX30378026	SRS26418550	SRP617898	PRJNA1311294	Bacillus subtilis	DSM 10	OXFORD_NANOPORE	PromethION	894366076.0	143187.0	WGS	GENOMIC	SINGLE	WGS of Bacillus subtilis: mutant evolved by exposure to pyrithiamine hydrobromide
ERR14746042	ERX14147414	ERS23811972	ERP170065	PRJEB86767	Enterococcus faecium		OXFORD_NANOPORE	GridION	1393652644.0	391792.0	WGS	GENOMIC	SINGLE	EXP-9-1-2025-03-14_12-21-39
SRR22860041	SRX18818542	SRS16251806	SRP414408	PRJNA914892	Staphylococcus aureus	C181	OXFORD_NANOPORE	MinION	488536392.0	106533.0	WGS	GENOMIC	SINGLE	Long read ONT WGS of Staphylococcus aureus isolates from Chronic Rhinosinusitis Patients
ERR14330036	ERX13731132	ERS23193324	ERP169026	PRJEB85647	Escherichia coli		OXFORD_NANOPORE	MinION	142095737.0	16970.0	WGS	GENOMIC	SINGLE	E_coligDNA_29Oct2024
ERR15195733	ERX14601389	ERS25144160	ERP160948	PRJEB76420	Klebsiella oxytoca		OXFORD_NANOPORE	MinION			WGS	GENOMIC	SINGLE	MinION sequencing
SRR30791542	SRX26193030	SRS21606719	SRP513684	PRJNA1122997	Enterobacter kobei		OXFORD_NANOPORE	GridION	5508864.0	5500.0	WGS	GENOMIC	SINGLE	Ambler class C-type beta-lactamases in Enterobacter spp. in the Netherlands, 2012-2023
SRR31990260	SRX27345213	SRS20831708	SRP497546	PRJNA1091452	Klebsiella pneumoniae	KP04-PS	OXFORD_NANOPORE	MinION	3343756907.0	374643.0	WGS	GENOMIC	SINGLE	native ONT data from Klebsiella pneumoniae
SRR30058041	SRX25531935	SRS22184880	SRP523423	PRJNA1142578	Streptococcus pneumoniae	RMD208	OXFORD_NANOPORE	MinION	7629865.0	3775.0	WGS	GENOMIC	SINGLE	Cas9
SRR31812271	SRX27172767	SRS23625341	SRP553443	PRJNA1199959	Bacillus thuringiensis	MPB08	OXFORD_NANOPORE	MinION	3848967099.0	1483130.0	WGS	GENOMIC	SINGLE	Whole genome sequencing of bacterial isolates using Nanopore
SRR31812281	SRX27172757	SRS23625336	SRP553443	PRJNA1199959	Pantoea agglomerans	MPB22	OXFORD_NANOPORE	MinION	1638831351.0	560000.0	WGS	GENOMIC	SINGLE	Whole genome sequencing of bacterial isolates using Nanopore
SRR12395309	SRX8893588	SRS7152610	SRP276100	PRJNA650381	Mycobacterium tuberculosis		OXFORD_NANOPORE	MinION	1024855064.0	458747.0	WGS	GENOMIC	SINGLE	Nanopore TB WGS
SRR26255293	SRX21965255	SRS2664540	SRP102667	PRJNA292664	Campylobacter jejuni CVM 41927	CVM 41927	OXFORD_NANOPORE	MinION	282167838.0	16472.0	WGS	GENOMIC	SINGLE	Complete Genome of Campylobacter CVM 41927
ERR5337368	ERX5125756	ERS5806561	ERP126502	PRJEB42615	Campylobacter coli		OXFORD_NANOPORE	MinION	377978183.0	72080.0	WGS	GENOMIC	SINGLE	MinION sequencing
SRR32364700	SRX27699446	SRS21122276	SRP444583	PRJNA962904	Escherichia coli		PACBIO_SMRT	Sequel II	245549260.0	8081.0	WGS	GENOMIC	SINGLE	PacBio sequencing of AS6351E1 for ARCH 1.0
SRR35556740	SRX30631320	SRS3409531	SRP150360	PRJNA475751	Clostridioides difficile	CD07806	OXFORD_NANOPORE	MinION	277511441.0	108371.0	WGS	GENOMIC	SINGLE	WGS Sequencing of Clostridioides difficile
SRR35213351	SRX30317006	SRS26363941	SRP615992	PRJNA1301220	Acinetobacter baumannii	ABO22-H042	OXFORD_NANOPORE	MinION	499305707.0	63668.0	WGS	GENOMIC	SINGLE	Whole geneme sequencing of Acinetobacter baumannii: isolates of the Ab-One study
SRR31305931	SRX26684088	SRS23154898	SRP423864	PRJNA937468	Salmonella enterica subsp. enterica serovar Muenchen	09-01295-0	OXFORD_NANOPORE	MinION	410526353.0	52232.0	WGS	GENOMIC	SINGLE	WGS of Salmonella enterica subsp. enterica serovar Muenchen isolate 09-01295-0 using ONT technology
DRR393817	DRX379636	DRS297150	DRP007849	PRJDB10842	Enterobacter hormaechei subsp. hoffmannii	JBEAAEE-19-0155	OXFORD_NANOPORE	GridION	1720054161.0	121258.0	WGS	GENOMIC	SINGLE	GridION sequencing of SAMD00502107
SRR34795088	SRX29928101	SRS26026037	SRP605455	PRJNA1299340	Escherichia coli	DA81287	OXFORD_NANOPORE	MinION	1088487161.0	62546.0	WGS	GENOMIC	SINGLE	DA81279 6 mg/L TZP  Nanopore reads I-SceI digested pDNA
SRR21362375	SRX17368078	SRS12115379	SRP361569	PRJNA768416	Priestia sp. FSL W8-0001	FSL W8-0001	OXFORD_NANOPORE	MinION	354276864.0	72493.0	WGS	GENOMIC	SINGLE	WGS of Bacilli
SRR498180	SRX148635	SRS281883	SRP013241	PRJNA73829	Vibrio cholerae		PACBIO_SMRT	PacBio RS	1733596.0	5110.0	WGS	GENOMIC	SINGLE	Whole Genome Sequencing for N5 (strobe)
SRR14628287	SRX10968886	SRS8660136	SRP321015	PRJNA731114	Pseudomonas aeruginosa	PaLo22	OXFORD_NANOPORE	MinION	194015964.0	25106.0	WGS	GENOMIC	SINGLE	Nanopore sequencing of Pseudomonas aeruginosa isolates
ERR13600594	ERX12971617	ERS15599432	ERP132614	PRJEB48268	Klebsiella pneumoniae		OXFORD_NANOPORE	GridION	1462603919.0	64678.0	WGS	GENOMIC	SINGLE	GridION sequencing
SRR4180916	SRX2142212	SRS1673921	SRP086928	PRJNA303736	Arthrobacter woluwensis	DSM 10495	PACBIO_SMRT	PacBio RS	596372303.0	141161.0	WGS	GENOMIC	SINGLE	Arthrobacter woluwensis DSM 10495
ERR8441267	ERX8008176	ERS10153341	ERP134918	PRJEB50347	Escherichia coli		OXFORD_NANOPORE	MinION	501634356.0	45564.0	WGS	GENOMIC	SINGLE	MinION sequencing; Raw reads: 20_04_nano
SRR34973188	SRX30092624	SRS26157652	SRP608514	PRJNA1305037	Klebsiella pneumoniae	MI_KPC_509	OXFORD_NANOPORE	PromethION	115905338.0	16863.0	WGS	GENOMIC	SINGLE	KPC CRE collection from state of Michigan
ERR5214310	ERX5017766	ERS5599734	ERP126298	PRJEB42440	Klebsiella pneumoniae		OXFORD_NANOPORE	MinION	898196842.0	79428.0	WGS	GENOMIC	SINGLE	MinION sequencing
SRR10502064	SRX7191086	SRS5697097	SRP230757	PRJNA347101	Actinoplanes digitatis	DSM 43149	PACBIO_SMRT	Sequel	2044944778.0	627549.0	WGS	GENOMIC	SINGLE	Actinoplanes digitatis DSM 43149
ERR15846361	ERX15246609	ERS21188330	ERP146253	PRJEB61160	Escherichia coli		PACBIO_SMRT	Revio	4016846089.0	477603.0	WGS	GENOMIC	SINGLE	Revio sequencing
ERR13656274	ERX13026976	ERS20964714	ERP152411	PRJEB67372	Streptomyces sp. enrichment culture		PACBIO_SMRT	Revio	575721260.0	90607.0	WGS	GENOMIC	SINGLE	Raw reads: SudanB32_2043
ERR10359903	ERX9891991	ERS10357351	ERP135100	PRJEB50514	Enterococcus cecorum		OXFORD_NANOPORE	GridION	6494603941.0	1430089.0	WGS	GENOMIC	SINGLE	GridION sequencing; Raw reads: Enterococcus_cecorum_CIRMBP-1246_library_1_Oxford_Nanopore_sequencing
ERR13064429	ERX12434953	ERS17308379	ERP155943	PRJEB71065	Enterococcus lactis		PACBIO_SMRT	Sequel II	323427651.0	29482.0	WGS	GENOMIC	SINGLE	Sequel II sequencing
ERR11053075	ERX10501800	ERS14796243	ERP145810	PRJEB60752	Escherichia coli		OXFORD_NANOPORE	MinION	1292076177.0	146583.0	WGS	GENOMIC	SINGLE	Raw reads: IMT44742_[Oxford_Nanopore]
SRR29213745	SRX24733369	SRS19899731	SRP478634	PRJNA1054115	Klebsiella pneumoniae	KPB165	OXFORD_NANOPORE	GridION	911261871.0	123837.0	WGS	GENOMIC	SINGLE	Long reads sequencing of invasive Klebsiella pneumoniae
SRR24425364	SRX20213047	SRS17538021	SRP435872	PRJNA966932	Streptomyces albidoflavus	pCas9-del_25	OXFORD_NANOPORE	MinION	44215378.0	12483.0	WGS	GENOMIC	SINGLE	WGS of S. albidoflavus barcode25_J1074_Cas9deletion
SRR29316848	SRX24833295	SRS21545126	SRP512379	PRJNA1121190	Vibrio cholerae	120Vc08	OXFORD_NANOPORE	PromethION	902776332.0	151686.0	WGS	GENOMIC	SINGLE	WGS of Vcholerae isolates
DRR345532	DRX334480	DRS227545	DRP008162	PRJDB13001	Escherichia coli	TUM13867	OXFORD_NANOPORE	MinION	1048008937.0	357351.0	WGS	GENOMIC	SINGLE	MinION sequencing of SAMD00441897
SRR10502244	SRX7191271	SRS5697293	SRP230766	PRJNA347098	Kineococcus aurantiacus	DSM 7487	PACBIO_SMRT	Sequel	947875412.0	326050.0	WGS	GENOMIC	SINGLE	Kineococcus aurantiacus DSM 7487
SRR21696499	SRX17694278	SRS11554347	SRP354045	PRJNA747871	Microbispora sp. NBC_01189	NBC_01189	OXFORD_NANOPORE	MinION	411333549.0	67931.0	WGS	GENOMIC	SINGLE	nanopore sequencing data from strain NBC_01189
SRR27972612	SRX23625841	SRS20465745	SRP489819	PRJNA1076692	Klebsiella pneumoniae	RIVM_C055420_dorado	OXFORD_NANOPORE	MinION	269276510.0	110082.0	WGS	GENOMIC	SINGLE	RIVM_C055420_dorado
SRR36920142	SRX31886395	SRS27841315	SRP665298	PRJNA1403646	Prevotella sp.	BHI_2	OXFORD_NANOPORE	MinION	116907169.0	103284.0	WGS	GENOMIC	SINGLE	Long Reads for The Genomic Landscape of Head and Neck Cancer-associated Streptococci
SRR34878340	SRX30009203	SRS26084416	SRP606896	PRJNA1283264	Escherichia coli	FCI17	OXFORD_NANOPORE	MinION	534302580.0	129799.0	WGS	GENOMIC	SINGLE	FCI17 whole genome shotgun sequencing (e_coli_2022_9_30_51)
DRR680682	DRX660790	DRS483514	DRP013479	PRJDB20529	Mycoplasmopsis bovis	S0188_08_M09	OXFORD_NANOPORE	MinION	567499278.0	275521.0	WGS	GENOMIC	SINGLE	MinION sequencing of SAMD00900371
SRR12247601	SRX8755566	SRS6976434	SRP266402	PRJNA605147	Escherichia coli	RHB05-SO-C01	OXFORD_NANOPORE	GridION	1605258125.0	325749.0	WGS	GENOMIC	SINGLE	Oxford Nanopore sequencing of Escherichia coli isolate RH12|T1-SOC01 cultured from sheep farm soil sample
ERR13600540	ERX12971563	ERS6631180	ERP109316	PRJEB27256	Klebsiella pneumoniae		OXFORD_NANOPORE	GridION	945019578.0	38071.0	WGS	GENOMIC	SINGLE	GridION sequencing
SRR21530788	SRX17533128	SRS15081574	SRP388495	PRJNA862336	Enterobacter hormaechei	IMT-3	OXFORD_NANOPORE	MinION	817184764.0	174470.0	WGS	GENOMIC	SINGLE	E_hormaechei: ReadBouncer3
SRR29316950	SRX24833660	SRS21545490	SRP512379	PRJNA1121190	Vibrio cholerae	124Vc03	OXFORD_NANOPORE	PromethION	542690291.0	91432.0	WGS	GENOMIC	SINGLE	WGS of Vcholerae isolates
ERR4763147	ERX4636200	ERS5247897	ERP124695	PRJEB40976	Enterococcus faecalis		OXFORD_NANOPORE	GridION	569814488.0	29548.0	WGS	GENOMIC	SINGLE	GridION sequencing; Raw reads: 28157_4#156
SRR27972816	SRX23626349	SRS20465602	SRP489819	PRJNA1076692	Klebsiella pneumoniae	RIVM_C055110_rerio	OXFORD_NANOPORE	MinION	367943296.0	86037.0	WGS	GENOMIC	SINGLE	RIVM_C055110_rerio
DRR572515	DRX555982	DRS426423	DRP012251	PRJDB17574	Escherichia coli	YK-IS1MA-L03-4_G20	OXFORD_NANOPORE	MinION	145952252.0	17600.0	WGS	GENOMIC	SINGLE	nanopore-seq of SAMD00748240 L03-4_G20
SRR386915	SRX109907	SRS281279	SRP001087	PRJNA40075	Escherichia coli str. K-12 substr. MG1655	K-12	PACBIO_SMRT	PacBio RS	368713567.0	60961.0	WGS	GENOMIC	SINGLE	Whole Genome Sequencing and Assembly
SRR12344016	SRX8843549	SRS7106606	SRP274107	PRJNA626345	Staphylococcus aureus	NAS_AN_130	OXFORD_NANOPORE	MinION	125907581.0	12173.0	WGS	GENOMIC	SINGLE	WGS Staphylococcus aureus among Native Americans in the  southwest US
SRR23886248	SRX19698093	SRS17066760	SRP427835	PRJNA944972	Streptomyces sp. BS56	BS56	OXFORD_NANOPORE	MinION	105095176.0	111526.0	WGS	GENOMIC	SINGLE	Genome sequencing of Harvard Forest soil isolates
SRR15361524	SRX11664023	SRS9696754	SRP331378	PRJNA752621	Streptomyces kanamyceticus	B06-02	OXFORD_NANOPORE	MinION	137809865.0	29424.0	WGS	GENOMIC	SINGLE	B06-02
SRR18934831	SRX15012421	SRS12761045	SRP372426	PRJNA735573	Klebsiella pneumoniae	PM27	OXFORD_NANOPORE	MinION	596898996.0	91319.0	WGS	GENOMIC	SINGLE	nanopore of PM27
ERR14364918	ERX13766323	ERS23231980	ERP165658	PRJEB81867	Staphylococcus aureus		OXFORD_NANOPORE	PromethION	16522748.0	110796.0	WGS	GENOMIC	SINGLE	Raw reads: s31
SRR26715165	SRX22414130	SRS19446026	SRP470674	PRJNA1036832	Neisseria gonorrhoeae	TH2288	OXFORD_NANOPORE	MinION	471530085.0	40000.0	WGS	GENOMIC	SINGLE	Ceftriaxone resistant isolate
SRR16308509	SRX12587060	SRS10542733	SRP341132	PRJNA769239	Pseudomonas sp. L5B5	L5B5	PACBIO_SMRT	PacBio RS II	1419222782.0	140791.0	WGS	GENOMIC	SINGLE	WGS PacBio
SRR32269928	SRX27607105	SRS24016277	SRP562279	PRJNA1220665	Edwardsiella ictaluri	HCF #4 Rough	OXFORD_NANOPORE	GridION	64219331.0	8486.0	WGS	GENOMIC	SINGLE	DNA-seq of Edwardsiella ictaluri isolates from multiple fish species
SRR22784681	SRX18744763	SRS16179829	SRP413484	PRJNA912639	Escherichia coli	EC_8630_C3_H	OXFORD_NANOPORE	MinION	4771453.0	821.0	WGS	GENOMIC	SINGLE	WGS of Escherichia coli
SRR9722763	SRX6480449	SRS5130513	SRP215816	PRJNA470993	Staphylococcus aureus	pt255	PACBIO_SMRT	PacBio RS II	1070929447.0	150160.0	WGS	GENOMIC	SINGLE	WGS of Staphylococcus aureus
SRR17157250	SRX13341148	SRS11226447	SRP349281	PRJNA742166	Streptococcus iniae	AH1	PACBIO_SMRT	Sequel II	2330602067.0	184455.0	WGS	GENOMIC	SINGLE	Streptococcus iniae AH1
SRR3747282	SRX1901151	SRS1543945	SRP078008	PRJNA169749	Sinorhizobium sp. PC2	PC2	PACBIO_SMRT	PacBio RS	281482991.0	132268.0	WGS	GENOMIC	SINGLE	Sinorhizobium sp. PC2
SRR11550455	SRX8120215	SRS6484790	SRP256496	PRJNA625550	Streptococcus pneumoniae	6F	OXFORD_NANOPORE	GridION	883377054.0	123544.0	WGS	GENOMIC	SINGLE	Nanopore: DE49645-6F
SRR2132058	SRX1121935	SRS1014533	SRP061658	PRJNA291146	Bradyrhizobium diazoefficiens	missing	PACBIO_SMRT	PacBio RS II	1568519317.0	163482.0	WGS	GENOMIC	SINGLE	bradyrhizobium-bacteroid
ERR2531739	ERX2550168	ERS1932696	ERP005928	PRJEB6403	Pragia fontium	NCTC12284	PACBIO_SMRT	PacBio RS	1492291659.0	163482.0	WGS	GENOMIC	SINGLE	PacBio RS sequencing
SRR387114	SRX109943	SRS281278	SRP001087	PRJNA40075	Escherichia coli str. K-12 substr. MG1655	K-12	PACBIO_SMRT	PacBio RS	99796973.0	81741.0	WGS	GENOMIC	SINGLE	Whole Genome Sequencing and Assembly
ERR15665827	ERX15070406	ERS179676	ERP001784	PRJEB3255	Salmonella enterica subsp. enterica serovar Typhimurium	M65	OXFORD_NANOPORE	MinION	986130408.0	61743.0	WGS	GENOMIC	SINGLE	MinION sequencing
SRR8647641	SRX5445421	SRS4422484	SRP187126	PRJNA445284	Mycoplasmoides gallisepticum	f99 lab strain	OXFORD_NANOPORE	MinION	84783403.0	9481.0	WGS	GENOMIC	SINGLE	Whole genome sequence of Mycoplasma gallispeticum F99-lab strain
SRR35504532	SRX30580294	SRS26609471	SRP616549	PRJNA1314197	Mycobacterium tuberculosis	not applicable	OXFORD_NANOPORE	GridION	558921069.0	814223.0	WGS	GENOMIC	SINGLE	WGS of M. tb from sputum, Phenol-Ligation prep, Sample BC18
SRR12395355	SRX8893542	SRS7152564	SRP276100	PRJNA650381	Mycobacterium tuberculosis		OXFORD_NANOPORE	MinION	851575377.0	605998.0	WGS	GENOMIC	SINGLE	Nanopore TB WGS
ERR4781471	ERX4651266	ERS5248004	ERP124695	PRJEB40976	Enterococcus faecalis		OXFORD_NANOPORE	GridION	1312259852.0	124069.0	WGS	GENOMIC	SINGLE	GridION sequencing; Raw reads: 27688_1#112
SRR31024273	SRX26411290	SRS22931242	SRP539092	PRJNA1174068	Vibrio cholerae	mHDM VC134	OXFORD_NANOPORE	PromethION	222248822.0	174877.0	WGS	GENOMIC	SINGLE	WGS of Vcholerae isolates
SRR15989441	SRX12278098	SRS9998541	SRP357537	PRJNA801416	Escherichia coli	354	OXFORD_NANOPORE	GridION	228614538.0	35879.0	WGS	GENOMIC	SINGLE	Whole Genome Sequencing of Carbapenemase-producing Enterobacterales (CPE)
SRR16805074	SRX13004011	SRS10944190	SRP223965	PRJNA573902	Enterococcus faecalis	2001206	OXFORD_NANOPORE	MinION	4110379310.0	322045.0	WGS	GENOMIC	SINGLE	MinION sequencing of 2001206
SRR1395321	SRX598029	SRS472311	SRP028928	PRJNA215355	Listeria monocytogenes	CFSAN006122	PACBIO_SMRT	PacBio RS II	520788889.0	163482.0	WGS	GENOMIC	SINGLE	Whole genome shotgun sequencing of Listeria monocytogenes str. CFSAN006122 by Pacific Biosciences SMRT
SRR32486276	SRX27799662	SRS24152449	SRP406175	PRJNA897941	Listeria monocytogenes	AUSMDU00096674	OXFORD_NANOPORE	PromethION	2320598635.0	428178.0	WGS	GENOMIC	SINGLE	WGS of Listeria species from ONT reads
SRR36920019	SRX31886514	SRS27841378	SRP665298	PRJNA1403646	Enterobacter hormaechei	not applicable	OXFORD_NANOPORE	MinION	297010795.0	124752.0	WGS	GENOMIC	SINGLE	Long Reads for The Genomic Landscape of Head and Neck Cancer-associated Streptococci
ERR752443	ERX696125	ERS576876	ERP005355	PRJEB5919	Salmonella enterica subsp. enterica serovar Typhi		PACBIO_SMRT	PacBio RS	1585213954.0	163482.0	WGS	GENOMIC	SINGLE	PacBio RS sequencing
SRR30342888	SRX25801261	SRS22432737	SRP528120	PRJNA1150149	Enterobacter cloacae	ST1911	OXFORD_NANOPORE	MinION	434875456.0	56601.0	WGS	GENOMIC	SINGLE	ONT long-read sequencing of potential healthcare transmission pathogens
SRR10103063	SRX6834958	SRS5376668	SRP071789	PRJNA315192	Escherichia coli	E34500	OXFORD_NANOPORE	MinION	1168512484.0	390695.0	WGS	GENOMIC	SINGLE	Nanopore sequencing of STEC
ERR10791237	ERX10240547	ERS2652482	ERP104475	PRJEB22771	Streptococcus pneumoniae		PACBIO_SMRT	Sequel II	2480960889.0	365633.0	WGS	GENOMIC	SINGLE	Sequel II sequencing
SRR10503775	SRX7192730	SRS5698738	SRP230820	PRJNA347088	Nocardioides kongjuensis	DSM 19082	PACBIO_SMRT	Sequel	799050961.0	259423.0	WGS	GENOMIC	SINGLE	Nocardioides kongjuensis DSM 19082
ERR13600737	ERX12971760	ERS15599620	ERP132614	PRJEB48268	Klebsiella pneumoniae		OXFORD_NANOPORE	GridION	146803803.0	8157.0	WGS	GENOMIC	SINGLE	GridION sequencing
DRR572417	DRX555884	DRS426374	DRP012251	PRJDB17574	Escherichia coli	YK-IS1MA-L02-3_G08	OXFORD_NANOPORE	MinION	2666037.0	4000.0	WGS	GENOMIC	SINGLE	nanopore-seq of SAMD00748191 L02-3_G8
SRR22137860	SRX18117340	SRS15619482	SRP405794	PRJNA893442	Novosphingobium sp. T1-26	T1-26	PACBIO_SMRT	Sequel	787464019.0	91823.0	WGS	GENOMIC	SINGLE	Novosphingobium sp. T1-26
SRR33155833	SRX28417056	SRS23852294	SRP558965	PRJNA1208221	Pediococcus siamensis	LMG 24279	OXFORD_NANOPORE	PromethION	1425692546.0	185579.0	WGS	GENOMIC	SINGLE	Pediococcus siamensis LMG 24279
SRR33300178	SRX28545150	SRS24844301	SRP581013	PRJNA1255117	Staphylococcus aureus	Staphylococcus	OXFORD_NANOPORE	GridION	205822659.0	69827.0	WGS	GENOMIC	SINGLE	WGS of S. aureus sample 12
ERR8007927	ERX7573596	ERS9899457	ERP131998	PRJEB47698	Streptococcus agalactiae		OXFORD_NANOPORE	MinION	1057987782.0	180993.0	WGS	GENOMIC	SINGLE	MinION sequencing
SRR9620712	SRX6383723	SRS5043309	SRP212600	PRJNA547241	Leifsonia aquatica	DSM 20146	PACBIO_SMRT	Sequel	1104605786.0	313658.0	WGS	GENOMIC	SINGLE	Leifsonia aquatica DSM 20146
SRR26899145	SRX22593265	SRS19599847	SRP473241	PRJNA1042815	Vibrio cholerae	NCTC 8021 [R. Hugh 1094]	OXFORD_NANOPORE	GridION	2706652377.0	836151.0	WGS	GENOMIC	SINGLE	WGS of Vibrio cholerae isolate
DRR054114	DRX022185	DRS016698	DRP002401	PRJDB1726	Paucilactobacillus hokkaidonensis JCM 18461	LOOC260	PACBIO_SMRT	PacBio RS II	353390616.0	163482.0	WGS	GENOMIC	SINGLE	Whole genome sequencing of Lactobacillus hokkaidonensis: Lactobacillus hokkaidonensis LOOC260
SRR24886651	SRX20649209	SRS17947142	SRP442053	PRJNA713123	Spirilliplanes yamanashiensis	DSM 44325	PACBIO_SMRT	Sequel II	7653458737.0	1284069.0	WGS	GENOMIC	SINGLE	Spirilliplanes yamanashiensis DSM 44325
DRR424420	DRX409626	DRS205777	DRP007744	PRJDB12343	Escherichia coli	MyJU795	OXFORD_NANOPORE	MinION	182075628.0	21701.0	WGS	GENOMIC	SINGLE	MinION sequencing of SAMD00406349
SRR27972991	SRX23626174	SRS20465847	SRP489819	PRJNA1076692	Staphylococcus aureus	RIVM_M096747_rerio	OXFORD_NANOPORE	MinION	119436994.0	45700.0	WGS	GENOMIC	SINGLE	RIVM_M096747_rerio
SRR4164063	SRX2136279	ERS1460867	SRP086192	PRJNA303519	Micromonospora peucetia	DSM 43363	PACBIO_SMRT	PacBio RS	656504051.0	202568.0	WGS	GENOMIC	SINGLE	Micromonospora peucetia DSM 43363
SRR387185	SRX109922	SRS281278	SRP001087	PRJNA40075	Escherichia coli str. K-12 substr. MG1655	K-12	PACBIO_SMRT	PacBio RS	109425861.0	81741.0	WGS	GENOMIC	SINGLE	Whole Genome Sequencing and Assembly
SRR9970117	SRX6717444	SRS4796039	SRP199005	PRJNA478423	Brenneria nigrifluens DSM 30175 = ATCC 13028	ATCC 13028	OXFORD_NANOPORE	GridION	424650349.0	39380.0	WGS	GENOMIC	SINGLE	Brenneria_genomes
SRR17299246	SRX13476405	SRS11358888	SRP399759	PRJNA857539	Salmonella enterica	AUSMDU00036192	OXFORD_NANOPORE	GridION	2565779861.0	402329.0	WGS	GENOMIC	SINGLE	Long read sequencing of Salmonella enterica serovar Typhi
SRR7498041	SRX4367485	SRS3450642	SRP151172	PRJNA477598	Escherichia coli	NRRL B-1109	PACBIO_SMRT	PacBio RS II	1757017846.0	163482.0	WGS	GENOMIC	SINGLE	PacBio RSII data for E. coli
SRR34973738	SRX30093105	SRS26157978	SRP608514	PRJNA1305037	Escherichia coli	MI_KPC_532	OXFORD_NANOPORE	PromethION	500001729.0	50658.0	WGS	GENOMIC	SINGLE	KPC CRE collection from state of Michigan
SRR31598697	SRX26963789	SRS23433502	SRP549287	PRJNA1185485	Escherichia coli	771	OXFORD_NANOPORE	PromethION	1307351802.0	225381.0	WGS	GENOMIC	SINGLE	W68-barcode78
ERR15289556	ERX14695390	ERS25258646	ERP160926	PRJEB76400	Moraxella cuniculi		OXFORD_NANOPORE	MinION	206262646.0	75944.0	WGS	GENOMIC	SINGLE	MinION sequencing
ERR15423843	ERX14827787	ERS25261056	ERP176764	PRJEB93885	Escherichia coli		OXFORD_NANOPORE	PromethION	1226523296.0	234945.0	WGS	GENOMIC	SINGLE	Raw reads: run0_pilot_96_ont_AF20
SRR31131486	SRX26513426	SRS23025981	SRP541453	PRJNA1145385	Pseudomonas sp. LW8	LW8	OXFORD_NANOPORE	MinION	137951220.0	15924.0	WGS	GENOMIC	SINGLE	Raw Nanopore reads of isolate LW8
SRR21415621	SRX17420259	SRS13525955	SRP361569	PRJNA768416	Paenibacillus sp. FSL K6-1566	FSL K6-1566	OXFORD_NANOPORE	MinION	947573149.0	238260.0	WGS	GENOMIC	SINGLE	WGS of Bacilli
DRR295345	DRX284801	DRS478530	DRP004189	PRJDB5929	Klebsiella pneumoniae	C639	OXFORD_NANOPORE	GridION	2633066233.0	341553.0	WGS	GENOMIC	SINGLE	GridION sequencing of SAMD00324255
SRR23940493	SRX19749823	SRS17115496	SRP428759	PRJNA806727	Paenibacillus polymyxa	R 6.14	OXFORD_NANOPORE	MinION	1762935356.0	516008.0	WGS	GENOMIC	SINGLE	Genome sequencing and assembly of Paenibacillus polymyxa R 6.14 (ONT)
SRR24289046	SRX20084516	SRS17416973	SRP434206	PRJNA957546	Pseudomonas sp. Ap32	Ap32	OXFORD_NANOPORE	GridION	7594530.0	4000.0	WGS	GENOMIC	SINGLE	Genome sequencing of Pseudomonas apalachicolensis
SRR5400973	SRX2695599	SRS2091627	SRP040661	PRJNA231221	Staphylococcus pettenkoferi	FDAARGOS_288	PACBIO_SMRT	PacBio RS	2645458965.0	163482.0	WGS	GENOMIC	SINGLE	
SRR26413133	SRX22118379	SRS16091284	SRP412517	PRJNA910977	Escherichia coli	P0058	PACBIO_SMRT	Sequel II	768119030.0	62391.0	WGS	GENOMIC	SINGLE	WGS of E. coli
SRR305918	SRX077040	SRS401892	SRP007207	PRJNA68253	Escherichia coli O104:H4 str. C227-11	C227-11	PACBIO_SMRT	PacBio RS	170175675.0	81741.0	WGS	GENOMIC	SINGLE	Whole Genome Sequencing of E. coli isolate C227-11 (Long subread)
SRR31599428	SRX26964254	SRS23433966	SRP549287	PRJNA1185485	Escherichia coli	885	OXFORD_NANOPORE	PromethION	611824783.0	111529.0	WGS	GENOMIC	SINGLE	WTP-NoR-Nov-barcode32
SRR27972619	SRX23625834	SRS20466052	SRP489819	PRJNA1076692	Klebsiella pneumoniae	RIVM_C055413_dorado	OXFORD_NANOPORE	MinION	161802322.0	54275.0	WGS	GENOMIC	SINGLE	RIVM_C055413_dorado
SRR27219901	SRX22898619	SRS19870072	SRP478226	PRJNA1006857	Tissierella sp. MB52-C2	MB52-C2	OXFORD_NANOPORE	MinION	1039832714.0	274977.0	WGS	GENOMIC	SINGLE	Whole genome shotgun sequencing of strain MB52-C2
DRR629199	DRX609526	DRS438748	DRP012484	PRJDB19189	Mycobacterium intracellulare subsp. intracellulare	GA61961	OXFORD_NANOPORE	MinION	344994572.0	49439.0	WGS	GENOMIC	SINGLE	MinION sequencing of SAMD00833250
SRR35774886	SRX30824184	SRS26834651	SRP631413	PRJNA1344618	Helicobacter pylori G27	G27	OXFORD_NANOPORE	MinION	646171631.0	139319.0	WGS	GENOMIC	SINGLE	WGS of DSM2452 biofilm cells
ERR13298035	ERX12668897	ERS20274760	ERP161188	PRJEB76684	Enterobacter hormaechei		OXFORD_NANOPORE	MinION	188644153.0	48052.0	WGS	GENOMIC	SINGLE	MinION sequencing
SRR35513774	SRX30589590	SRS26617993	SRP620300	PRJNA1328464	Escherichia coli	GPT22-004	OXFORD_NANOPORE	GridION	157506044.0	78769.0	WGS	GENOMIC	SINGLE	Escherichia coli, MMV kit, replicate 1, sequence replicate 2
SRR12298459	SRX8801608	SRS6792628	SRP266402	PRJNA605147	Escherichia coli	RHB03-C02	PACBIO_SMRT	PacBio RS II	896583223.0	109460.0	WGS	GENOMIC	SINGLE	PACBIO_SMRT sequencing of Escherichia coli isolate RH01|T1-C02 cultured from Pig faeces sample
SRR13192493	SRX9626966	SRS7827983	SRP295672	PRJNA681856	Salmonella enterica	LHICA_E1	OXFORD_NANOPORE	MinION	14328381.0	4000.0	WGS	GENOMIC	SINGLE	WGS of Salmonella enterica Lhica E82
SRR1201756	SRX498595	SRS579605	SRP040481	PRJNA232539	Orientia tsutsugamushi str. UT144		PACBIO_SMRT	PacBio RS	2228824691.0	163482.0	WGS	GENOMIC	SINGLE	
SRR6129958	SRX3242359	SRS2490109	SRP116759	PRJNA400855	Ochrobactrum sp. MYb15	MYb15	PACBIO_SMRT	PacBio RS II	908932677.0	163482.0	WGS	GENOMIC	SINGLE	WGS of C. elegans microbiome: MYb15, replicate 1
SRR1514772	SRX652340	SRS637591	SRP018785	PRJNA186035	Salmonella enterica subsp. enterica serovar Minnesota	CFSAN017963	PACBIO_SMRT	PacBio RS II	889382660.0	163482.0	WGS	GENOMIC	SINGLE	Whole genome shotgun sequencing of Salmonella enterica subsp. enterica serovar Minnesota str. CFSAN017963 by Pacific Biosciences SMRT
SRR12936658	SRX9400351	SRS7617963	SRP040661	PRJNA231221	Corynebacterium striatum	FDAARGOS_1115	PACBIO_SMRT	PacBio RS	216461143.0	163482.0	WGS	GENOMIC	SINGLE	
SRR22784585	SRX18744293	SRS16179596	SRP413484	PRJNA912639	Klebsiella pneumoniae	EC_E3F_2_E_CuN_CeN	OXFORD_NANOPORE	MinION	109904751.0	12051.0	WGS	GENOMIC	SINGLE	WGS of Escherichia coli
SRR23145521	SRX19096346	SRS16511579	SRP417472	PRJNA922051	Candidatus Nitrospira neomarina	DK	OXFORD_NANOPORE	MinION	1857643474.0	939681.0	WGS	GENOMIC	SINGLE	Long-read data from a Nitrospira sp. isolate from Denmark
ERR10749417	ERX10201346	ERS14369545	ERP143680	PRJEB58617	Acinetobacter baumannii		OXFORD_NANOPORE	GridION	358200346.0	24927.0	WGS	GENOMIC	SINGLE	GridION sequencing
SRR12280557	SRX8784158	SRS7052953	SRP272861	PRJNA646575	Bacteroides thetaiotaomicron		OXFORD_NANOPORE	GridION	36235576.0	4454.0	WGS	GENOMIC	SINGLE	WGS  of Bacteroides fragilis group clinical isolates
ERR10447810	ERX9972192	ERS13631247	ERP142069	PRJEB57097	Escherichia coli		OXFORD_NANOPORE	MinION	558031228.0	201389.0	WGS	GENOMIC	SINGLE	MinION sequencing
SRR4272071	SRX2179295	SRS1704442	SRP040661	PRJNA231221	Neisseria gonorrhoeae	FDAARGOS_207	PACBIO_SMRT	PacBio RS	2470764127.0	163482.0	WGS	GENOMIC	SINGLE	
SRR497978	SRX148632	SRS281882	SRP013241	PRJNA73829	Vibrio cholerae		PACBIO_SMRT	PacBio RS	93999732.0	81741.0	WGS	GENOMIC	SINGLE	Whole Genome Sequencing of Haitian Vibrio cholerae isolate H1 (C2 Long subread)
SRR30149570	SRX25617497	SRS21937504	SRP518730	PRJNA1133668	Klebsiella pneumoniae	ST258KP34	OXFORD_NANOPORE	MinION	142778453.0	19337.0	WGS	GENOMIC	SINGLE	Nanopore sequencing of clinical CRE isolates: human
SRR31599126	SRX26963958	SRS23433670	SRP549287	PRJNA1185485	Escherichia coli	510	OXFORD_NANOPORE	PromethION	374221581.0	68285.0	WGS	GENOMIC	SINGLE	R4R-barcode67
SRR30149532	SRX25617101	SRS21937543	SRP518730	PRJNA1133668	Escherichia coli	ST127EC1	OXFORD_NANOPORE	MinION	704150371.0	86242.0	WGS	GENOMIC	SINGLE	Nanopore sequencing of clinical CRE isolates: human
SRR17200422	SRX13380627	SRS11284525	SRP350304	PRJNA786653	Haemophilus influenzae	mpi1569	PACBIO_SMRT	Sequel	1384026941.0	225577.0	WGS	GENOMIC	SINGLE	WGS of Haemophilus influenzae: mpi1569
ERR2432911	ERX2452490	ERS1943167	ERP005928	PRJEB6403	Brucella melitensis	NCTC10508	PACBIO_SMRT	PacBio RS	1931240801.0	163482.0	WGS	GENOMIC	SINGLE	PacBio RS sequencing
SRR26134208	SRX21847541	SRS18945066	SRP462476	PRJNA993145	Staphylococcus aureus	ST133	OXFORD_NANOPORE	GridION	99695074.0	25461.0	WGS	GENOMIC	SINGLE	WGS of S. aureus: Ruminant mastitis isolate
SRR30855456	SRX26253835	SRS22793804	SRP536063	PRJNA1167355	Mycetohabitans endofungorum	B53	OXFORD_NANOPORE	PromethION	556535756.0	109048.0	WGS	GENOMIC	SINGLE	Nanopore sequence of Mycetohabitans spp.: Mycetohabitans endofungorum B53
SRR30077318	SRX25550790	SRS20300713	SRP486766	PRJNA1070447	Streptococcus pyogenes	Isolate 21	OXFORD_NANOPORE	GridION	81809952.0	22560.0	WGS	GENOMIC	SINGLE	WGS of Streptococcus pyogenes isolate  21
SRR31024148	SRX26411415	SRS22931371	SRP539092	PRJNA1174068	Vibrio cholerae	mHDM VC33	OXFORD_NANOPORE	PromethION	107931224.0	57128.0	WGS	GENOMIC	SINGLE	WGS of Vcholerae isolates
SRR15441984	SRX11717517	SRS1717766	SRP332089	PRJNA528413	Escherichia coli O157:H7	F6667	PACBIO_SMRT	PacBio RS II	444294729.0	163482.0	WGS	GENOMIC	SINGLE	Genome sequencing of E. coli O157:H7 and O55:H7 strains
SRR18435833	SRX14569635	SRS11003170	SRP345100	PRJNA758085	Bacillus amyloliquefaciens	JP3144	OXFORD_NANOPORE	MinION	561817112.0	32000.0	WGS	GENOMIC	SINGLE	Minion Genome Sequence of Bacillus amyloliquefaciens Group Strain JP3144 Isolated From California Raisin Vineyard Soils
ERR5353210	ERX5141245	ERS5752943	ERP126298	PRJEB42440	Klebsiella oxytoca		OXFORD_NANOPORE	GridION	326623363.0	55860.0	WGS	GENOMIC	SINGLE	GridION sequencing
DRR393706	DRX379525	DRS297039	DRP007849	PRJDB10842	Escherichia coli	JBBEABG-19-0012	OXFORD_NANOPORE	GridION	1066432546.0	128571.0	WGS	GENOMIC	SINGLE	GridION sequencing of SAMD00499191
SRR12507224	SRX8998284	SRS7251070	SRP278605	PRJNA604600	Campylobacter fetus	CFV08A948-2A	PACBIO_SMRT	PacBio RS II	1307128682.0	141101.0	WGS	GENOMIC	SINGLE	WGS of Campylobacter fetus
SRR24949442	SRX20707680	SRS18000642	SRP444369	PRJNA984603	Salmonella enterica subsp. enterica		OXFORD_NANOPORE	MinION	391137721.0	111534.0	WGS	GENOMIC	SINGLE	dSE10_1_2
ERR2125702	ERX2182554	ERS1502656	ERP005928	PRJEB6403	Burkholderia ubonensis	NCTC13147	PACBIO_SMRT	PacBio RS	2337939716.0	163482.0	WGS	GENOMIC	SINGLE	PacBio RS sequencing
SRR13289864	SRX9718882	SRS7913024	SRP278657	PRJNA658369	Klebsiella pneumoniae	ARLG-3254	OXFORD_NANOPORE	GridION	475958904.0	53970.0	WGS	GENOMIC	SINGLE	ONT seq of K. pneumoniae
SRR22784913	SRX18744531	SRS16179723	SRP413484	PRJNA912639	Escherichia coli	EC_A_9619_C8_H_CuP_CeP	OXFORD_NANOPORE	MinION	416346242.0	68470.0	WGS	GENOMIC	SINGLE	WGS of Escherichia coli
SRR34967357	SRX30086880	SRS26152996	SRP608514	PRJNA1305037	Citrobacter freundii	MI_KPC_303	OXFORD_NANOPORE	PromethION	455862742.0	89254.0	WGS	GENOMIC	SINGLE	KPC CRE collection from state of Michigan
ERR985355	ERX1066576	ERS739100	ERP005928	PRJEB6403	Escherichia coli	NCTC9112	PACBIO_SMRT	PacBio RS	1016868258.0	163482.0	WGS	GENOMIC	SINGLE	PacBio RS sequencing
ERR2403044	ERX2443806	ERS1884373	ERP002103	PRJEB1271	Klebsiella pneumoniae	2485STDY7075084	PACBIO_SMRT	PacBio RS	675573367.0	163482.0	WGS	GENOMIC	SINGLE	PacBio RS sequencing
ERR2632357	ERX2648851	ERS2295900	ERP005928	PRJEB6403	Listeria marthii		PACBIO_SMRT	PacBio RS	4304134905.0	163482.0	WGS	GENOMIC	SINGLE	PacBio RS sequencing
SRR9722628	SRX6480140	SRS5130246	SRP215816	PRJNA470993	Staphylococcus aureus	ER04451.3	PACBIO_SMRT	PacBio RS II	1150881217.0	153685.0	WGS	GENOMIC	SINGLE	WGS of Staphylococcus aureus
SRR35217065	SRX30320878	SRS26367343	SRP616206	PRJNA834364	Azospirillum canadense	DS2	PACBIO_SMRT	Sequel II	458516579.0	46017.0	WGS	GENOMIC	SINGLE	Azospirillum canadense DS2
ERR12031459	ERX11415003	ERS16321740	ERP149275	PRJEB64143	Streptococcus pneumoniae	HUB-08295	OXFORD_NANOPORE	MinION	64426616.0	37574.0	WGS	GENOMIC	SINGLE	MinION sequencing
ERR15516501	ERX14920347	ERS4261693	ERP119553	PRJEB36370	Klebsiella pneumoniae		OXFORD_NANOPORE	GridION	450206838.0	60922.0	WGS	GENOMIC	SINGLE	GridION sequencing
ERR5214315	ERX5017771	ERS5599699	ERP126298	PRJEB42440	Klebsiella pneumoniae		OXFORD_NANOPORE	MinION	884326834.0	75989.0	WGS	GENOMIC	SINGLE	MinION sequencing
SRR16950002	SRX13141874	SRS11075048	SRP346181	PRJNA779433	Pseudomonas corrugata	B21-061	PACBIO_SMRT	Sequel	2473123205.0	446428.0	WGS	GENOMIC	SINGLE	B21-061 PacBio sequencing reads
ERR902068	ERX981457	ERS666354	ERP005928	PRJEB6403	Pseudomonas aeruginosa	NCTC13619	PACBIO_SMRT	PacBio RS	2060746749.0	163482.0	WGS	GENOMIC	SINGLE	PacBio RS sequencing
ERR10791257	ERX10240567	ERS2652711	ERP104475	PRJEB22771	Streptococcus pneumoniae		PACBIO_SMRT	Sequel II	3554065331.0	534959.0	WGS	GENOMIC	SINGLE	Sequel II sequencing
ERR10676175	ERX10143939	ERS14333274	ERP143248	PRJEB58185	Campylobacter jejuni		OXFORD_NANOPORE	MinION	330711710.0	549355.0	WGS	GENOMIC	PAIRED	MinION paired end sequencing
SRR6831406	SRX3787487	SRS3040211	SRP135627	PRJNA369986	Paraburkholderia denitrificans	KIS30-44	PACBIO_SMRT	PacBio RS II	233444528.0	68856.0	WGS	GENOMIC	SINGLE	Paraburkholderia denitrificans KIS30-44
SRR19646378	SRX15696369	SRS13392716	SRP380121	PRJNA848627	Pseudomonas moraviensis	OTU5VILLAA1	PACBIO_SMRT	Sequel II	153425751.0	18582.0	WGS	GENOMIC	SINGLE	OTU5VILLAA1
SRR30149390	SRX25617243	SRS21937557	SRP518730	PRJNA1133668	Klebsiella pneumoniae	ST258KP133	OXFORD_NANOPORE	MinION	621167056.0	60938.0	WGS	GENOMIC	SINGLE	Nanopore sequencing of clinical CRE isolates: human
SRR12298716	SRX8801861	SRS6792185	SRP266402	PRJNA605147	Klebsiella grimontii	RHBSTW-00555	OXFORD_NANOPORE	GridION	1537152773.0	317164.0	WGS	GENOMIC	SINGLE	OXFORD_NANOPORE sequencing of Klebsiella oxytoca isolate WTP1|T2-00555 cultured from WTP upstream sample
SRR15989102	SRX12277765	SRS9999047	SRP357537	PRJNA801416	Enterobacter cloacae	93	OXFORD_NANOPORE	GridION	2329471339.0	376237.0	WGS	GENOMIC	SINGLE	Whole Genome Sequencing of Carbapenemase-producing Enterobacterales (CPE)
SRR18729553	SRX14829814	SRS12585803	SRP369762	PRJNA825705	Klebsiella pneumoniae	ST-29	OXFORD_NANOPORE	MinION	552874547.0	56036.0	WGS	GENOMIC	SINGLE	ONT sequencing of Klebsiella pneumoniae: sample 7SUS
SRR28375007	SRX23980035	SRS20238706	SRP395888	PRJNA812595	Klebsiella pneumoniae	2024CK-00065	OXFORD_NANOPORE	GridION	629844702.0	74036.0	WGS	GENOMIC	SINGLE	Nanopore sequencing of ARLN isolate
SRR15827986	SRX12119811	SRS10099894	SRP336307	PRJNA761884	Escherichia coli	X_31	PACBIO_SMRT	PacBio RS II	1589843298.0	230144.0	WGS	GENOMIC	SINGLE	WGS of Escherichia coli: sample C1858
SRR498013	SRX148634	SRS281882	SRP013241	PRJNA73829	Vibrio cholerae		PACBIO_SMRT	PacBio RS	2490853.0	6691.0	WGS	GENOMIC	SINGLE	
SRR23501622	SRX19394917	SRS16789994	SRP423096	PRJNA930884	Acidovorax temperans	LMJ	PACBIO_SMRT	Sequel II	13340031768.0	1564975.0	WGS	GENOMIC	SINGLE	PacBio SMRT continuous long read genome sequencing of Acidovorax temperans strain LMJ.
SRR28466928	SRX24069912	SRS20860443	SRP498025	PRJNA616030	Vibrio cholerae	MWI/2015/02	OXFORD_NANOPORE	MinION	1967829829.0	188640.0	WGS	GENOMIC	SINGLE	Oxford Nanopore sequencing of Vibrio cholerae
ERR10769166	ERX10220060	ERS2784557	ERP104475	PRJEB22771	Streptococcus pneumoniae		PACBIO_SMRT	Sequel II	3118421562.0	431299.0	WGS	GENOMIC	SINGLE	Sequel II sequencing
SRR15883739	SRX12174601	SRS10152652	SRP336938	PRJNA763020	Cytophagaceae bacterium	YYF0007	OXFORD_NANOPORE	MinION	1567187457.0	145774.0	WGS	GENOMIC	SINGLE	pass
SRR28434453	SRX24038733	SRS20831714	SRP497546	PRJNA1091452	Listeria monocytogenes	L-15	OXFORD_NANOPORE	MinION	323784896.0	70861.0	WGS	GENOMIC	SINGLE	ONT performance study sequencing of L. monocytogenes
SRR10211269	SRX6930975	SRS5461270	SRP191068	PRJNA528511	Klebsiella pneumoniae	GTEN_405	OXFORD_NANOPORE	GridION	1212857998.0	278097.0	WGS	GENOMIC	SINGLE	Global TravEpiNet AMR surveillance Genome sequencing and assembly
SRR23365161	SRX19306125	SRS16705494	SRP421404	PRJNA932460	Pseudomonas chlororaphis	ATCC 174152	OXFORD_NANOPORE	GridION	967213888.0	174090.0	WGS	GENOMIC	SINGLE	WGS of Pseudomonas chlororaphis
SRR30222628	SRX25685210	SRS22325793	SRP526053	PRJNA1144671	Paenibacillus sp. WG02	WG02	OXFORD_NANOPORE	GridION	2946539059.0	274549.0	WGS	GENOMIC	SINGLE	Genomic library of Paenibacillus sp. WG02
SRR32528069	SRX27839459	SRS24213886	SRP567071	PRJNA1230128	Salmonella enterica subsp. enterica serovar Anatum	22EPA055NSA_5	OXFORD_NANOPORE	MinION	251233663.0	57510.0	WGS	GENOMIC	SINGLE	nanopore sequence of Salmonella enterica
SRR287714	SRX078298	SRS212384	SRP007207	PRJNA68253	Escherichia coli		PACBIO_SMRT	PacBio RS	229689849.0	81741.0	WGS	GENOMIC	SINGLE	Whole Genome Sequencing for 55989
ERR1731815	ERX1801743	ERS1436443	ERP005928	PRJEB6403	Stenotrophomonas maltophilia	NCTC10259	PACBIO_SMRT	PacBio RS	2178891096.0	163482.0	WGS	GENOMIC	SINGLE	PacBio RS sequencing
SRR11558426	SRX8128140	SRS6492116	SRP255655	PRJNA622823	Paracoccus sanguinis	OM2164	PACBIO_SMRT	PacBio RS II	97401276.0	163482.0	WGS	GENOMIC	SINGLE	SMRTOspOMNEB1783
ERR2508261	ERX2527716	ERS1572788	ERP021285	PRJEB19288	Vibrio cholerae		PACBIO_SMRT	PacBio RS	106673974.0	163482.0	WGS	GENOMIC	SINGLE	PacBio RS sequencing
SRR10613407	SRX7292602	SRS5786131	SRP235306	PRJNA593863	Streptococcus pneumoniae	TH13819	PACBIO_SMRT	Sequel	2133785.0	1.0	WGS	GENOMIC	SINGLE	SMRT-seq of pneumococcal strain TH5160(spn556II and spn556III deleted) derivative: TH13819 B. fragilis-A1
SRR17210324	SRX13390186	SRS11290155	SRP350362	PRJNA788148	Raoultella ornithinolytica	A2s	OXFORD_NANOPORE	MinION	41659468.0	7937.0	WGS	GENOMIC	SINGLE	A2_r2_standard_17h
ERR15094660	ERX14499262	ERS24813623	ERP119900	PRJEB36683	Klebsiella pneumoniae 11227-1		OXFORD_NANOPORE	PromethION	1099474253.0	395812.0	WGS	GENOMIC	SINGLE	Raw reads: HKPU103_L
SRR24425368	SRX20213043	SRS17538015	SRP435872	PRJNA966932	Streptomyces coelicolor	CW6 4	OXFORD_NANOPORE	MinION	756479717.0	109428.0	WGS	GENOMIC	SINGLE	WGS of S. coelicolor CW6 4
SRR11478881	SRX8055024	SRS6424716	SRP255193	PRJNA615779	Aeromonas media	FiBL-4359	OXFORD_NANOPORE	MinION	748371630.0	61662.0	WGS	GENOMIC	SINGLE	Aeromonas media FiBL-4359 ONT
SRR23347591	SRX19289442	SRS16690584	SRP421131	PRJNA931653	Escherichia coli K-12	K-12	OXFORD_NANOPORE	GridION	22406967.0	4000.0	WGS	GENOMIC	SINGLE	Nanopore sequencing of Ciprofloxacin challenged E. coli
SRR16229309	SRX12511137	SRS10472659	SRP340314	PRJNA354725	Rhizobium leguminosarum	RCAM1026	OXFORD_NANOPORE	MinION	383486900.0	105194.0	WGS	GENOMIC	SINGLE	Nanopore sequencing of the R. leguminosarum cell culture, WGA. Raw data.
ERR10498545	ERX10015834	ERS14255255	ERP142629	PRJEB57633	Escherichia coli		OXFORD_NANOPORE	GridION	119999073.0	21588.0	WGS	GENOMIC	SINGLE	Raw reads: ONT_30348_2#265
SRR27944604	SRX23601384	SRS20444128	SRP489348	PRJNA1067895	Neisseria gonorrhoeae	WHO_K_2024	PACBIO_SMRT	PacBio RS	762462228.0	163482.0	WGS	GENOMIC	SINGLE	2024 WHO N gonorrhoeae reference strain
SRR33769455	SRX28991907	SRS22456191	SRP444583	PRJNA962904	Klebsiella pneumoniae		PACBIO_SMRT	Sequel II	115586112.0	35949.0	WGS	GENOMIC	SINGLE	PacBio sequencing of AH0921HE2 for ARCH 2
SRR36067969	SRX31114159	SRS27072668	SRP644837	PRJNA1364846	Campylobacter coli	GPT20-006	OXFORD_NANOPORE	GridION	126448758.0	53839.0	WGS	GENOMIC	SINGLE	Campylobacter coli, DBT kit, 12-plex and 50 ng DNA, replicate 3
SRR17231415	SRX13410516	SRS3020816	SRP133963	PRJNA436997	Mycobacterium tuberculosis	3368	PACBIO_SMRT	Sequel II	3646855955.0	528423.0	WGS	GENOMIC	SINGLE	DNA075
SRR21851304	SRX17839890	SRS15361962	SRP401803	PRJNA888965	Bacillus anthracis	BA754	OXFORD_NANOPORE	GridION	1309255296.0	297364.0	WGS	GENOMIC	SINGLE	WGS of Bacillus anthracis Sterne 7702 spo0A
SRR5750295	SRX2950519	SRS1613979	SRP068737	PRJNA292902	Escherichia coli	AR_0128	PACBIO_SMRT	PacBio RS II	1774146997.0	163482.0	WGS	GENOMIC	SINGLE	PacBio SMRT Sequencing of Escherichia coli FDA-CDC-AR_0128 Genomic Library
SRR15495683	SRX11795382	SRS9795534	SRP332777	PRJNA591399	Flavobacterium sp. CHNK8	CHNK8	OXFORD_NANOPORE	PromethION	551990903.0	1842499.0	WGS	GENOMIC	SINGLE	WGS of Flavobacterium sp. CHNK8
ERR16107895	ERX15497548	ERS28397688	ERP173262	PRJEB90249	Klebsiella quasipneumoniae		OXFORD_NANOPORE	GridION	820929010.0	162699.0	WGS	GENOMIC	SINGLE	GridION sequencing
SRR33895106	SRX29106747	SRS25313087	SRP590843	PRJNA1272507	Salmonella enterica	SAL-108	OXFORD_NANOPORE	GridION	804842298.0	122842.0	WGS	GENOMIC	SINGLE	ONT-WGS of Salmonella enterica
ERR15195541	ERX14601245	ERS25143995	ERP160948	PRJEB76420	Klebsiella oxytoca		OXFORD_NANOPORE	MinION			WGS	GENOMIC	SINGLE	MinION sequencing
ERR12051300	ERX11434521	ERS16377417	ERP149821	PRJEB64629	Psychrobacter alimentarius		OXFORD_NANOPORE	GridION	4074686449.0	797881.0	WGS	GENOMIC	SINGLE	Psychrobacter alimentarius_oxford_nanopore_ONT
SRR30949537	SRX26351947	SRS22817142	SRP536567	PRJNA1165464	Escherichia coli	Not applicable	OXFORD_NANOPORE	MinION	540912810.0	74908.0	WGS	GENOMIC	SINGLE	Nanopore sequencing of E.coli: blood isolate
SRR29418656	SRX24932000	SRS21636403	SRP514025	PRJNA1107577	Bacteroides sp. AN502(2024)	AN502	OXFORD_NANOPORE	GridION	745629442.0	380000.0	WGS	GENOMIC	SINGLE	whole genome seq. of bacteria isolated from arctic ground squirrel gut contents
ERR950058	ERX1029043	ERS701897	ERP005928	PRJEB6403	Cronobacter universalis NCTC 9529	NCTC 9529	PACBIO_SMRT	PacBio RS	1270172477.0	163482.0	WGS	GENOMIC	SINGLE	PacBio RS sequencing
SRR386608	SRX109824	SRS004883	SRP001079	PRJNA40077	Cereibacter sphaeroides 2.4.1	2.4.1	PACBIO_SMRT	PacBio RS	12628849.0	60667.0	WGS	GENOMIC	SINGLE	Whole Genome Sequencing and Assembly
SRR28350907	SRX23956258	SRS20464928	SRP489808	PRJNA1076669	Helicobacter pylori	26695	OXFORD_NANOPORE	GridION	371310445.0	132434.0	WGS	GENOMIC	SINGLE	HP26695_NAT_Rep1_4kHz_grid_kit9_v2
ERR1329805	ERX1401425	ERS950472	ERP005928	PRJEB6403	Sphingobacterium thalpophilum	NCTC11429	PACBIO_SMRT	PacBio RS	93168841.0	163482.0	WGS	GENOMIC	SINGLE	PacBio RS sequencing
SRR21563496	SRX17565677	SRS14986968	SRP354045	PRJNA747871	Streptomyces sp. NBC_00272	NBC_00272	OXFORD_NANOPORE	MinION	6276603.0	15555.0	WGS	GENOMIC	SINGLE	nanopore sequencing data from strain NBC_00272
SRR33769099	SRX28991669	SRS22397199	SRP444583	PRJNA962904	Escherichia coli		PACBIO_SMRT	Sequel II	413963823.0	19752.0	WGS	GENOMIC	SINGLE	PacBio sequencing of AH0042HE2 for ARCH 2
SRR27379322	SRX23055729	SRS20015728	SRP480616	PRJNA1055176	Escherichia coli	Not available	OXFORD_NANOPORE	MinION	1277757504.0	217881.0	WGS	GENOMIC	SINGLE	Whole genome sequence of E. coli
SRR13449128	SRX9862242	SRS8042175	SRP295672	PRJNA681856	Salmonella enterica subsp. salamae	LHICA_SA3	OXFORD_NANOPORE	MinION	27602179.0	4000.0	WGS	GENOMIC	SINGLE	WGS of Salmonella Lhica SA3_3
SRR14852544	SRX11171034	SRS9229045	SRP324476	PRJNA738868	Acinetobacter baumannii	DETAB-E115	OXFORD_NANOPORE	MinION	601899331.0	53571.0	WGS	GENOMIC	SINGLE	Nanopore WGS of A. baumannii DETAB-E114
SRR27972429	SRX23626024	SRS20483820	SRP489819	PRJNA1076692	Staphylococcus aureus	RIVM_M096716_rerio	OXFORD_NANOPORE	MinION	528354963.0	180696.0	WGS	GENOMIC	SINGLE	RIVM_M096716_rerio
SRR13386173	SRX9805256	SRS7989331	SRP300861	PRJNA663900	Enterococcus sp. DIV2371	DIV2371	OXFORD_NANOPORE	GridION	633916438.0	70077.0	WGS	GENOMIC	SINGLE	Zoo 3 Enterococcus Diversity Genome sequencing and assembly
SRR19184116	SRX15249052	SRS12981632	SRP375062	PRJNA837734	Listeria monocytogenes	LS12-426	OXFORD_NANOPORE	MinION	82972476.0	10581.0	WGS	GENOMIC	SINGLE	Nanopore sequencing of Listeria monocytogenes
SRR13695048	SRX10084300	SRS8242297	SRP255655	PRJNA622823	Parageobacillus toebii	NEB718	PACBIO_SMRT	PacBio RS II	1759909459.0	163482.0	WGS	GENOMIC	SINGLE	SMRT_BsaW_BP9_50
SRR3756846	SRX1905932	SRS1546720	SRP078108	PRJNA239493	Enterococcus gallinarum	SKF1	PACBIO_SMRT	PacBio RS	124497045.0	72617.0	WGS	GENOMIC	SINGLE	Enterococcus gallinarum SKF1
SRR23347713	SRX19289320	SRS16690584	SRP421131	PRJNA931653	Escherichia coli K-12	K-12	OXFORD_NANOPORE	GridION	19591153.0	4000.0	WGS	GENOMIC	SINGLE	Nanopore sequencing of Ciprofloxacin challenged E. coli
SRR24651287	SRX20431244	SRS17736821	SRP438478	PRJNA885826	Segatella buccae	D17	OXFORD_NANOPORE	MinION	2251031513.0	843112.0	WGS	GENOMIC	SINGLE	PCR free Oxford Nanopore sequencing of genomic DNA from Prevotella-buccae-D17
SRR25055608	SRX20809890	SRS18088576	SRP446278	PRJNA909349	Candidatus Chlorohelix allophototropha		OXFORD_NANOPORE	MinION	1054767556.0	509806.0	WGS	GENOMIC	SINGLE	"Shotgun genome sequencing (Nanopore) of ""Ca. Chlorohelix allophototropha"": single colony from subculture 19.9"
ERR10498449	ERX10015738	ERS14255369	ERP142629	PRJEB57633	Escherichia coli		OXFORD_NANOPORE	GridION	68388861.0	9773.0	WGS	GENOMIC	SINGLE	Raw reads: ONT_30345_1#68
SRR30295658	SRX25756183	SRS20375773	SRP487994	PRJNA982295	Xanthomonas campestris pv. campestris	WHRI 8953	OXFORD_NANOPORE	PromethION	1145993196.0	251470.0	WGS	GENOMIC	SINGLE	ONT genome sequencing of WHRI 8953
ERR8007838	ERX7573507	ERS9899301	ERP131998	PRJEB47698	Klebsiella pneumoniae		OXFORD_NANOPORE	MinION	422300735.0	74801.0	WGS	GENOMIC	SINGLE	MinION sequencing
SRR22581001	SRX18544005	SRS15321959	SRP074197	PRJNA288601	Klebsiella michiganensis	2022CK-00496	OXFORD_NANOPORE	GridION	503973243.0	32915.0	WGS	GENOMIC	SINGLE	Nanopore sequencing of ARLN isolate
SRR13181614	SRX9619660	SRS7821862	SRP040661	PRJNA231221	Staphylococcus carnosus	FDAARGOS_1204	PACBIO_SMRT	Sequel	3089234373.0	395107.0	WGS	GENOMIC	SINGLE	
SRR33905606	SRX29113036	SRS25319235	SRP590957	PRJNA1274183	Mycobacterium avium subsp. hominissuis	missing	OXFORD_NANOPORE	PromethION	140394405.0	22306.0	WGS	GENOMIC	SINGLE	WGS of NTM from sputum isolate
ERR5984421	ERX5624144	ERS6796340	ERP129449	PRJEB45354	Escherichia coli		OXFORD_NANOPORE	GridION	93979651.0	11358.0	WGS	GENOMIC	SINGLE	GridION sequencing; Raw reads: ONT_30224_1#211
SRR10502241	SRX7191267	SRS5697264	SRP230764	PRJNA347130	Actinomadura coerulea	DSM 43675	PACBIO_SMRT	Sequel	3113124098.0	1081646.0	WGS	GENOMIC	SINGLE	Actinomadura coerulea DSM 43675
SRR35504544	SRX30580282	SRS26609459	SRP616549	PRJNA1314197	Mycobacterium tuberculosis	not applicable	OXFORD_NANOPORE	GridION	534042354.0	207327.0	WGS	GENOMIC	SINGLE	WGS of M. tb from sputum, Kit-Rapid prep, Sample BC07
SRR21563450	SRX17565725	SRS14987256	SRP354045	PRJNA747871	Streptomyces sp. NBC_01653	NBC_01653	OXFORD_NANOPORE	MinION	725728793.0	81633.0	WGS	GENOMIC	SINGLE	nanopore sequencing data from strain NBC_01653
SRR15031875	SRX11343504	SRS9383692	SRP326726	PRJNA737600	Streptomyces sp. GMY02	GMY02	OXFORD_NANOPORE	GridION	6241217.0	4000.0	WGS	GENOMIC	SINGLE	WGS Streptomyces sp. GMY02
SRR31944021	SRX27300957	SRS23742437	SRP556326	PRJNA1190092	Escherichia	missing	PACBIO_SMRT	PacBio RS II	284699480.0	58195.0	WGS	GENOMIC	SINGLE	Wastewater sample KH_11
SRR31024283	SRX26411280	SRS22931234	SRP539092	PRJNA1174068	Vibrio cholerae	mHDM VC123	OXFORD_NANOPORE	PromethION	123147926.0	51997.0	WGS	GENOMIC	SINGLE	WGS of Vcholerae isolates
SRR2820383	SRX1384798	SRS1134973	SRP040661	PRJNA231221	Enterococcus faecium	FDAARGOS_138	PACBIO_SMRT	PacBio RS	521049005.0	163482.0	WGS	GENOMIC	SINGLE	
ERR4910122	ERX4776946	ERS4556736	ERP121699	PRJEB38289	Klebsiella pneumoniae		PACBIO_SMRT	PacBio RS	253239405.0	54494.0	WGS	GENOMIC	SINGLE	PacBio RS sequencing
SRR14347928	SRX10701825	SRS8791735	SRP316763	PRJNA716667	Escherichia coli	CX21	OXFORD_NANOPORE	MinION	580284618.0	155486.0	WGS	GENOMIC	SINGLE	Whole genome sequencing of Escherichia coli isolates from beef
SRR11931225	SRX8476709	SRS6776660	SRP266086	PRJNA637499	Streptococcus suis	13-00283-02	PACBIO_SMRT	PacBio RS II	1198105781.0	130467.0	WGS	GENOMIC	SINGLE	PacBio WGS of Streptococcus suis strain 1300283
ERR15660921	ERX15065699	ERS26934218	ERP179947	PRJEB97396	Mycobacterium tuberculosis		OXFORD_NANOPORE	MinION			WGS	GENOMIC	SINGLE	MinION sequencing
SRR30602169	SRX26024768	SRS22596474	SRP497400	PRJNA1090919	Pimelobacter simplex	UC22_34	OXFORD_NANOPORE	MinION	681797562.0	84426.0	WGS	GENOMIC	SINGLE	Whole_genome_34
ERR15941373	ERX15336918	ERS27416689	ERP185476	PRJEB104171	Escherichia coli		OXFORD_NANOPORE	MinION	238407567.0	90548.0	WGS	GENOMIC	SINGLE	MinION sequencing
SRR24140058	SRX19938347	SRS17287056	SRP247747	PRJNA604975	Escherichia coli	ox_bsi_152	OXFORD_NANOPORE	GridION	1060102618.0	134567.0	WGS	GENOMIC	SINGLE	oxford_bsi
ERR654506	ERX610829	ERS475424	ERP001671	PRJEB3186	Salmonella enterica subsp. enterica serovar Enteritidis		PACBIO_SMRT	PacBio RS	241338192.0	163482.0	WGS	GENOMIC	SINGLE	PacBio RS sequencing
SRR18700796	SRX14801763	SRS12559744	SRP369046	PRJNA696076	Microlunatus capsulatus	DSM 12936	PACBIO_SMRT	Sequel II	4699877090.0	674451.0	WGS	GENOMIC	SINGLE	Friedmanniella capsulata DSM 12936
ERR4074319	ERX4072655	ERS4532146	ERP121328	PRJEB37967	Escherichia coli		PACBIO_SMRT	PacBio RS II	88414928.0	18265.0	WGS	GENOMIC	SINGLE	PacBio RS II sequencing
SRR11209260	SRX7822173	SRS6233359	SRP251108	PRJNA609126	Staphylococcus aureus	SA1428	OXFORD_NANOPORE	GridION	83493964.0	4000.0	WGS	GENOMIC	SINGLE	Genome sequence of a chronic Staphylococcus aureus isolated from dairy cow that is non-responsive to antibiotic treatment
SRR16525509	SRX12727976	SRS10336719	SRP357534	PRJNA801415	Enterobacter cloacae	99	OXFORD_NANOPORE	GridION	558717838.0	142631.0	WGS	GENOMIC	SINGLE	Extensive diversification and dissemination of blaNDM carbapenemase plasmids in Enterobacterales in Singapore 2010-2015
SRR31598751	SRX26963735	SRS23433448	SRP549287	PRJNA1185485	Escherichia coli	615	OXFORD_NANOPORE	PromethION	384053708.0	227697.0	WGS	GENOMIC	SINGLE	RMB-NoR-barcode21
ERR15373225	ERX14776910	ERS23666322	ERP169391	PRJEB86018	Haemophilus influenzae		PACBIO_SMRT	Sequel II	486452693.0	47609.0	WGS	GENOMIC	SINGLE	Sequel II sequencing
SRR30694561	SRX26112110	SRS22622083	SRP503470	PRJNA833906	Mycobacterium tuberculosis	L1.1.1.6	OXFORD_NANOPORE	MinION	436686314.0	245227.0	WGS	GENOMIC	SINGLE	WGS of Mycobacterium tuberculosis: clinical isolate
ERR688914	ERX633896	ERS513138	ERP005928	PRJEB6403	Salmonella enterica subsp. enterica	NCTC10081	PACBIO_SMRT	PacBio RS	939291466.0	163482.0	WGS	GENOMIC	SINGLE	PacBio RS sequencing
SRR29778985	SRX25278895	SRS21698273	SRP418402	PRJNA925803	Streptococcus dysgalactiae subsp. equisimilis	MGCS35894	OXFORD_NANOPORE	GridION	944410452.0	412632.0	WGS	GENOMIC	SINGLE	WGS of Streptococcus dysgalactiae subsp. equisimilis
SRR31075296	SRX26458704	SRS22629078	SRP074197	PRJNA288601	Acinetobacter baumannii	2024CK-01386	OXFORD_NANOPORE	GridION	148604041.0	40708.0	WGS	GENOMIC	SINGLE	Nanopore sequencing of ARLN isolate
SRR12298602	SRX8801465	SRS6792450	SRP266402	PRJNA605147	Escherichia coli	RHB40-C10	OXFORD_NANOPORE	GridION	1409237781.0	380616.0	WGS	GENOMIC	SINGLE	OXFORD_NANOPORE sequencing of Escherichia coli isolate RH08|T3-C10 cultured from Cattle faeces sample
ERR15941410	ERX15336955	ERS27416726	ERP185476	PRJEB104171	Escherichia coli		OXFORD_NANOPORE	MinION	203229046.0	57098.0	WGS	GENOMIC	SINGLE	MinION sequencing
ERR2532135	ERX2550564	ERS2016216	ERP005928	PRJEB6403	Vibrio furnissii		PACBIO_SMRT	PacBio RS	1190690056.0	163482.0	WGS	GENOMIC	SINGLE	PacBio RS sequencing
SRR23347600	SRX19289433	SRS16690584	SRP421131	PRJNA931653	Escherichia coli K-12	K-12	OXFORD_NANOPORE	GridION	25192291.0	4000.0	WGS	GENOMIC	SINGLE	Nanopore sequencing of Ciprofloxacin challenged E. coli
ERR10498879	ERX10016168	ERS14256091	ERP142629	PRJEB57633	Escherichia coli		OXFORD_NANOPORE	GridION	126667415.0	17655.0	WGS	GENOMIC	SINGLE	Raw reads: ONT_30602_2#273
SRR12298601	SRX8801466	SRS6792452	SRP266402	PRJNA605147	Escherichia coli	RHB40-C11	OXFORD_NANOPORE	GridION	1159694167.0	216480.0	WGS	GENOMIC	SINGLE	OXFORD_NANOPORE sequencing of Escherichia coli isolate RH08|T3-C11 cultured from Cattle faeces sample
ERR3965042	ERX3968385	ERS4359506	ERP120218	PRJEB36951	Escherichia coli		OXFORD_NANOPORE	MinION	485421745.0	32880.0	WGS	GENOMIC	SINGLE	MinION sequencing; Raw reads: SC434
SRR24620919	SRX20401655	SRS17709049	SRP438214	PRJNA391502	Curtobacterium sp. MCPF17_002	MCPF17_002	OXFORD_NANOPORE	MinION	979244610.0	98734.0	WGS	GENOMIC	SINGLE	Curtobacterium isolate from plant litter collected from California Scrubland site of elevation gradient
SRR873884	SRX290928	SRS432033	SRP023843	PRJNA178405	Bordetella holmesii 35009	35009	PACBIO_SMRT	PacBio RS	386895053.0	81741.0	WGS	GENOMIC	SINGLE	
SRR33086164	SRX28350326	SRS24679769	SRP577906	PRJNA1248189	Enterobacter hormaechei	171111	PACBIO_SMRT	Sequel IIe	342653709.0	45442.0	WGS	GENOMIC	SINGLE	Pacbio of ECC:Human
ERR2564850	ERX2583194	ERS2078714	ERP005928	PRJEB6403	Shigella boydii		PACBIO_SMRT	PacBio RS	847170665.0	163482.0	WGS	GENOMIC	SINGLE	PacBio RS sequencing
DRR401494	DRX387197	DRS253384	DRP005500	PRJDB8147	Escherichia coli	PV06-71	OXFORD_NANOPORE	MinION	1029990911.0	139732.0	WGS	GENOMIC	SINGLE	MinION sequencing of SAMD00523003
SRR27065891	SRX22755325	SRS19742878	SRP475857	PRJNA1046528	Actinomadura welshii	LIID-AJ290	OXFORD_NANOPORE	MinION	6112878666.0	1351877.0	WGS	GENOMIC	SINGLE	long read Nanopore sequencing of strain LIID-AQ337
SRR9047969	SRX5824493	SRS4752548	SRP051949	PRJNA271899	Klebsiella oxytoca	MGH306	OXFORD_NANOPORE	GridION	1813547681.0	401339.0	WGS	GENOMIC	SINGLE	Sequencing of Carbapenem resistant bacteria
SRR21362396	SRX17368057	SRS14917040	SRP361569	PRJNA768416	Bacillus sp. FSL K6-2865	FSL K6-2865	OXFORD_NANOPORE	MinION	611690849.0	160166.0	WGS	GENOMIC	SINGLE	WGS of Bacilli
SRR12298392	SRX8801675	SRS6792471	SRP266402	PRJNA605147	Escherichia coli	RHB05-C21	OXFORD_NANOPORE	GridION	1100014343.0	247643.0	WGS	GENOMIC	SINGLE	OXFORD_NANOPORE sequencing of Escherichia coli isolate RH12|T1-C21 cultured from Sheep faeces sample
DRR670799	DRX650901	DRS471516	DRP013232	PRJDB19278	bacterium		PACBIO_SMRT	PacBio RS II	1237185491.0	154290.0	WGS	GENOMIC	SINGLE	PacBio RS II sinlge-end Sequencing of KAS22021545 (KAE22230330)
SRR31583343	SRX26948911	SRS23420372	SRP548954	PRJNA1193326	Campylobacter jejuni		OXFORD_NANOPORE	MinION	79072373.0	84669.0	WGS	GENOMIC	SINGLE	Long-read Nanopore-based WGS characterization of antimicrobial resistant Campylobacter jejuni and Campylobacter coli isolates from humans, animals and food products in Northern Spain within a One Health approach
ERR2797085	ERX2806104	ERS2735147	ERP110894	PRJEB28660	Escherichia coli		OXFORD_NANOPORE	MinION	372622593.0	25752.0	WGS	GENOMIC	SINGLE	MinION sequencing
SRR900467	SRX305561	SRS444703	SRP026023	PRJNA191788	Mycobacteroides abscessus 21	21	PACBIO_SMRT	PacBio RS	382613895.0	81741.0	WGS	GENOMIC	SINGLE	
DRR594388	DRX574935	DRS566214	DRP015300	PRJDB18582	Campylobacter jejuni subsp. jejuni	IFTK285	PACBIO_SMRT	Revio	2849265134.0	275725.0	WGS	GENOMIC	SINGLE	Revio sequencing of SAMD00817485
SRR31976211	SRX27331466	SRS23507009	SRP074197	PRJNA288601	Escherichia coli	2024HL-01403	OXFORD_NANOPORE	MinION	951015951.0	142275.0	WGS	GENOMIC	SINGLE	Long read sequencing of carbapenemase producing organisms
SRR35851060	SRX30900194	SRS26900573	SRP636871	PRJNA1334387	Cytobacillus kochii	ABH4_073	OXFORD_NANOPORE	GridION	3742193508.0	880599.0	WGS	GENOMIC	SINGLE	WGS of Cytobacillus kochii: Marine biofilm
ERR14707615	ERX14109049	ERS6435463	ERP129122	PRJEB45009	Escherichia coli		OXFORD_NANOPORE	MinION	1273872495.0	103475.0	WGS	GENOMIC	SINGLE	MinION sequencing
SRR35737814	SRX30787101	SRS26801287	SRP630567	PRJNA1337272	Salmonella enterica subsp. enterica serovar Lille	not applicable	OXFORD_NANOPORE	GridION	159661283.0	159642.0	WGS	GENOMIC	SINGLE	Nanopore whole genome sequencing of Salmonella enterica subspecies enterica isolate 1838792-1
SRR18681605	SRX14782892	SRS12539544	SRP368114	PRJNA824420	Escherichia coli	GD02982_ECOL_HY_100	OXFORD_NANOPORE	MinION	388564914.0	57042.0	WGS	GENOMIC	SINGLE	Long-read sequencing of Escherichia coli: isolate #100 urine
ERR3965057	ERX3968400	ERS4359521	ERP120218	PRJEB36951	Escherichia coli		OXFORD_NANOPORE	MinION	487767123.0	39512.0	WGS	GENOMIC	SINGLE	MinION sequencing; Raw reads: SC469
SRR19894743	SRX15937800	SRS13624988	SRP384109	PRJNA853901	Bordetella pertussis	Bp-804548-18	OXFORD_NANOPORE	MinION	420951754.0	40466.0	WGS	GENOMIC	SINGLE	Whole genome sequencing of Bordetella pertussis with Nanopore Q20 kit
SRR29120474	SRX24644329	SRS21342568	SRP443268	PRJNA983507	Geobacillus stearothermophilus	EF60045	PACBIO_SMRT	Sequel	651140287.0	78931.0	WGS	GENOMIC	SINGLE	Long reads WGS of G. stearothermophilus EF60045: Neungam Hot spring
SRR16525491	SRX12727994	SRS10336737	SRP357537	PRJNA801416	Klebsiella aerogenes	-	OXFORD_NANOPORE	GridION	561880266.0	134228.0	WGS	GENOMIC	SINGLE	Extensive diversification and dissemination of blaNDM carbapenemase plasmids in Enterobacterales in Singapore 2010-2015
SRR21630337	SRX17631061	SRS11554649	SRP354045	PRJNA747871	Streptomyces atratus	NBC_00043	OXFORD_NANOPORE	MinION	532665253.0	88128.0	WGS	GENOMIC	SINGLE	nanopore sequencing data from strain NBC_00043
SRR4181416	SRX2142652	SRS1674084	SRP086971	PRJNA303850	Streptomyces misionensis	DSM 40306	PACBIO_SMRT	PacBio RS	915451344.0	246539.0	WGS	GENOMIC	SINGLE	Streptomyces misionensis DSM 40306
SRR28740725	SRX24306642	SRS21069417	SRP502714	PRJNA1090129	Staphylococcus aureus	sa220209_barcode60	OXFORD_NANOPORE	MinION	1254128.0	5201.0	WGS	GENOMIC	SINGLE	Staphylococcus aureus strain sa220209_barcode60
ERR10498747	ERX10016036	ERS14255732	ERP142629	PRJEB57633	Escherichia coli		OXFORD_NANOPORE	GridION	277235705.0	117166.0	WGS	GENOMIC	SINGLE	Raw reads: ONT_30602_1#315
ERR1802404	ERX1866135	ERS1497485	ERP005928	PRJEB6403	Slackia heliotrinireducens	NCTC11029	PACBIO_SMRT	PacBio RS	73834480.0	163482.0	WGS	GENOMIC	SINGLE	PacBio RS sequencing
SRR388528	SRX110931	SRS000865	SRP000263	PRJNA32795	Neisseria gonorrhoeae MS11	MS11	PACBIO_SMRT	PacBio RS	28759739.0	81741.0	WGS	GENOMIC	SINGLE	Whole Genome Sequencing and Assembly
ERR1229108	ERX1301160	ERS950452	ERP005928	PRJEB6403	Staphylococcus aureus	NCTC9611	PACBIO_SMRT	PacBio RS	2198821764.0	163482.0	WGS	GENOMIC	SINGLE	PacBio RS sequencing
SRR29932276	SRX25426054	SRS22086505	SRP521720	PRJNA1130504	Staphylococcus chromogenes	pending	OXFORD_NANOPORE	GridION	146233992.0	20372.0	WGS	GENOMIC	SINGLE	WGS of Staphylococcus chromogenes: bovine quarter milk intramammary infection
SRR31270573	SRX26649731	SRS19171050	SRP466608	PRJNA1028169	Escherichia coli	wildtype	OXFORD_NANOPORE	MinION	71237468.0	21273.0	WGS	GENOMIC	SINGLE	Mixture of Escherichia coli synthetic controls (ratio=1:1) (TaxID: 562)
SRR25238405	SRX20984684	SRS18259805	SRP448623	PRJNA992936	Paenibacillus sp. KACC 18744	KACC 18744	PACBIO_SMRT	Sequel II	1227207177.0	136392.0	WGS	GENOMIC	PAIRED	Genome sequencing of Paenibacillus sp. KACC 18744
SRR13576869	SRX9974938	SRS8147083	SRP303790	PRJNA685966	Staphylococcus pseudintermedius	HSP079	OXFORD_NANOPORE	MinION	772009463.0	368599.0	WGS	GENOMIC	SINGLE	Long-read genomic sequencing of Staphylococcus pseudintermedius from canine skin
SRR35115818	SRX30224653	SRS26278729	SRP612217	PRJNA1307276	Escherichia coli	ESBLEC_HM50	OXFORD_NANOPORE	MinION	600254419.0	107351.0	WGS	GENOMIC	SINGLE	Nanopore DNA-Seq of ESBL-producing E.coli (ESBLEC) HM50
SRR26437392	SRX22142116	SRS19201877	SRP467311	PRJNA1026547	Acinetobacter baumannii	ACC00445_zosurabalpin_1	OXFORD_NANOPORE	GridION	234182289.0	26200.0	WGS	GENOMIC	SINGLE	WGS of Acinetobacter baumannii: ACC00445 derivative with elevated RG6006 MIC
ERR5420984	ERX5205548	ERS5845272	ERP126298	PRJEB42440	Klebsiella pneumoniae		OXFORD_NANOPORE	GridION	719030224.0	73612.0	WGS	GENOMIC	SINGLE	GridION sequencing
SRR684509	SRX228394	SRS416707	SRP021602	PRJNA88839	Enterococcus malodoratus ATCC 43197	ATCC 43197	PACBIO_SMRT	PacBio RS	42028910.0	81741.0	WGS	GENOMIC	SINGLE	Pacbio whole genome shotgun sequencing of genomic DNA library 'PACBIO-297' containing sample 'ATCC43197' from individual 'Enterococcus malodoratus ATCC43197'
SRR8240039	SRX5058300	SRS4074453	SRP170557	PRJNA489687	Alcaligenes aquatilis	QD168	PACBIO_SMRT	PacBio RS II	3809363496.0	163482.0	WGS	GENOMIC	SINGLE	WGS_Alcaligenes aquatilis QD168
SRR30350529	SRX25808764	SRS22437659	SRP528210	PRJNA1150548	Escherichia coli	790625_I	OXFORD_NANOPORE	GridION	514552815.0	1196902.0	WGS	GENOMIC	SINGLE	ONT WGS of Escherichia coli
SRR13575424	SRX9973438	SRS8145954	SRP303741	PRJNA695586	Streptococcus pyogenes	M4C20	OXFORD_NANOPORE	MinION	3352181.0	4000.0	WGS	GENOMIC	SINGLE	Whole genome sequence of Streptococcus pyogenes strain M4C20
ERR12670797	ERX12044929	ERS18299891	ERP149678	PRJEB64503	Haemophilus influenzae 10810	HUB-HI13590	OXFORD_NANOPORE	MinION	674614485.0	113027.0	WGS	GENOMIC	SINGLE	MinION sequencing
ERR3685933	ERX3675537	ERS4047734	ERP114207	PRJEB31632	bacterium		OXFORD_NANOPORE	GridION	799353028.0	153774.0	WGS	GENOMIC	SINGLE	GridION sequencing
SRR27972457	SRX23625996	SRS20475331	SRP489819	PRJNA1076692	Enterobacter cloacae	RIVM_C059315_rerio	OXFORD_NANOPORE	MinION	229748799.0	49695.0	WGS	GENOMIC	SINGLE	RIVM_C059315_rerio
SRR15989625	SRX12277914	SRS9998902	SRP357537	PRJNA801416	Klebsiella pneumoniae	E266	OXFORD_NANOPORE	GridION	2312799825.0	287937.0	WGS	GENOMIC	SINGLE	Whole Genome Sequencing of Carbapenemase-producing Enterobacterales (CPE)
ERR1223274	ERX1295487	ERS945382	ERP010683	PRJEB9562	Salmonella sp.		PACBIO_SMRT	PacBio RS	3005053402.0	163482.0	WGS	GENOMIC	SINGLE	PacBio RS sequencing
ERR2799767	ERX2808769	ERS1875709	ERP019480	PRJEB17615	Escherichia coli		PACBIO_SMRT	PacBio RS	3044946644.0	163482.0	WGS	GENOMIC	SINGLE	PacBio RS sequencing
ERR14677075	ERX14080139	ERS23774855	ERP169838	PRJEB86493	Escherichia coli		OXFORD_NANOPORE	MinION	378929550.0	44558.0	WGS	GENOMIC	SINGLE	MinION sequencing
SRR19357568	SRX15416233	SRS12115281	SRP361569	PRJNA768416	Bacillus sp. FSL R9-9492	FSL R9-9492	OXFORD_NANOPORE	MinION	535709357.0	221777.0	WGS	GENOMIC	SINGLE	WGS of Bacilli
SRR23799115	SRX19631202	SRS12071730	SRP360970	PRJNA809188	Vibrio sp. AH4	AH4	PACBIO_SMRT	PacBio RS II	3713241044.0	290994.0	WGS	GENOMIC	SINGLE	Vibrio sp. AH4 Genome sequencing
SRR26821811	SRX22518549	SRS19530123	SRP471746	PRJNA1024677	Streptomyces	LN245	OXFORD_NANOPORE	PromethION	120249350.0	24439.0	WGS	GENOMIC	SINGLE	Genome sequencing of TSBor2xYT 28C 200rpm [JMF-2104-14-0001A]
SRR26134209	SRX21847540	SRS18945067	SRP462476	PRJNA993145	Staphylococcus aureus	ST3028	OXFORD_NANOPORE	GridION	564554140.0	285274.0	WGS	GENOMIC	SINGLE	WGS of S. aureus: Ruminant mastitis isolate
ERR10175978	ERX9712451	ERS13444946	ERP140851	PRJEB55904	Klebsiella pneumoniae	PBIO3459	OXFORD_NANOPORE	MinION	721768175.0	86389.0	WGS	GENOMIC	SINGLE	MinION sequencing; Raw reads: PBIO3459-2_DNA
SRR8885335	SRX5671058	SRS3954088	SRP166187	PRJNA497581	Acinetobacter baumannii	TG22182	OXFORD_NANOPORE	MinION	2273668988.0	470733.0	WGS	GENOMIC	SINGLE	Acinetobacter baumannii sequencing
SRR12047215	SRX8575800	SRS6867716	SRP040661	PRJNA231221	Lactococcus lactis	FDAARGOS_866	PACBIO_SMRT	PacBio RS	2047401478.0	163482.0	WGS	GENOMIC	SINGLE	
SRR30655736	SRX26075828	SRS23699718	SRP555365	PRJNA1206708	Yersinia similis	DSM18211_Rep2	OXFORD_NANOPORE	GridION	8384336741.0	3899356.0	WGS	GENOMIC	SINGLE	Nanopore reproducibility
SRR29316775	SRX24833368	SRS21545199	SRP512379	PRJNA1121190	Vibrio cholerae	106Vc10	OXFORD_NANOPORE	PromethION	200984688.0	58824.0	WGS	GENOMIC	SINGLE	WGS of Vcholerae isolates
DRR204834	DRX195233	DRS140439	DRP006172	PRJDB9172	Bartonella henselae	Houston-1/804-29	OXFORD_NANOPORE	MinION	146223618.0	11020.0	WGS	GENOMIC	SINGLE	MinION sequencing of SAMD00200274
SRR21415718	SRX17420162	SRS13525971	SRP361569	PRJNA768416	Bacillus sp. FSL W8-0672	FSL W8-0672	OXFORD_NANOPORE	MinION	408452103.0	126469.0	WGS	GENOMIC	SINGLE	WGS of Bacilli
SRR21629973	SRX17630723	SRS14986977	SRP354045	PRJNA747871	Streptomyces caniferus	NBC_00337	OXFORD_NANOPORE	MinION	411271334.0	59579.0	WGS	GENOMIC	SINGLE	nanopore sequencing data from strain NBC_00337
SRR35147803	SRX30253434	SRS12559988	SRP369085	PRJNA696075	Crossiella equi	DSM 44580	PACBIO_SMRT	Sequel II	91644531.0	13876.0	WGS	GENOMIC	SINGLE	Crossiella equi DSM 44580
SRR24139966	SRX19938439	SRS17287148	SRP247747	PRJNA604975	Escherichia coli	ox_bsi_495	OXFORD_NANOPORE	GridION	173089592.0	49625.0	WGS	GENOMIC	SINGLE	oxford_bsi
SRR14628284	SRX10968889	SRS8660139	SRP321015	PRJNA731114	Pseudomonas aeruginosa	PaLo25	OXFORD_NANOPORE	MinION	152577481.0	20143.0	WGS	GENOMIC	SINGLE	Nanopore sequencing of Pseudomonas aeruginosa isolates
SRR32991834	SRX28258111	SRS24604774	SRP550997	PRJNA1187877	Lactiplantibacillus plantarum	Lactiplantibacillus plantarum #14	OXFORD_NANOPORE	GridION	987300034.0	258174.0	WGS	GENOMIC	SINGLE	Lactiplantibacillus plantarum_#14
ERR15191313	ERX14596940	ERS25135683	ERP160948	PRJEB76420	Escherichia coli		OXFORD_NANOPORE	MinION			WGS	GENOMIC	SINGLE	MinION sequencing
SRR5181825	SRX2497934	SRS1924786	SRP096895	PRJNA353873	Mycobacterium tuberculosis		PACBIO_SMRT	PacBio RS	483842419.0	163482.0	WGS	GENOMIC	SINGLE	DNA of Mtb
ERR10791349	ERX10240659	ERS2651301	ERP104475	PRJEB22771	Streptococcus pneumoniae		PACBIO_SMRT	Sequel II	3685465119.0	538018.0	WGS	GENOMIC	SINGLE	Sequel II sequencing
SRR14862596	SRX11180171	SRS9237740	SRP324476	PRJNA738868	Acinetobacter baumannii	DETAB-C19	OXFORD_NANOPORE	MinION	270891684.0	20899.0	WGS	GENOMIC	SINGLE	Nanopore WGS of A. baumannii DETAB-C19
SRR31540872	SRX26908052	SRS23387512	SRP548173	PRJNA1190675	Escherichia coli	The same strain as the one under SRA accession SRR10605692	OXFORD_NANOPORE	MinION	2404152321.0	662493.0	WGS	GENOMIC	SINGLE	ONT of TAS090
SRR25147130	SRX20898544	SRS18173848	SRP447457	PRJNA842383	Staphylococcus aureus	AF4004	OXFORD_NANOPORE	MinION	840394472.0	63430.0	WGS	GENOMIC	SINGLE	Staphylococcus Aureus from human patient
SRR6312204	SRX3412437	SRS2705640	SRP125383	PRJNA382774	Paenibacillus pasadenensis	R16	OXFORD_NANOPORE	MinION	72477392.0	54257.0	WGS	GENOMIC	SINGLE	Genomic DNA of Paenibacillus pasadenensis R25
SRR33769141	SRX28991628	SRS22456019	SRP444583	PRJNA962904	Escherichia coli		PACBIO_SMRT	Sequel II	672679839.0	36168.0	WGS	GENOMIC	SINGLE	PacBio sequencing of AH0417HE2 for ARCH 2
DRR393733	DRX379552	DRS297066	DRP007849	PRJDB10842	Providencia rettgeri	JBCDABA-19-0050	OXFORD_NANOPORE	GridION	265333804.0	51869.0	WGS	GENOMIC	SINGLE	GridION sequencing of SAMD00499816
ERR1612414	ERX1682803	ERS1178049	ERP010248	PRJEB9167	Mycobacteroides abscessus		PACBIO_SMRT	PacBio RS	3194634780.0	163482.0	WGS	GENOMIC	SINGLE	PacBio RS sequencing
SRR9030015	SRX5807296	SRS4736760	SRP197100	PRJNA534312	Nostoc sp. TCL240-02		OXFORD_NANOPORE	MinION	960461872.0	423475.0	WGS	GENOMIC	SINGLE	"Nanopore sequencing of Nostoc sp ""Leiosporoceros"" TCL240-02"
ERR13385998	ERX12756785	ERS20609114	ERP162246	PRJEB77921	Sinorhizobium meliloti		OXFORD_NANOPORE	MinION	605749191.0	1317008.0	WGS	GENOMIC	PAIRED	Single-nucleotide variant and marker frequency analysis of Sinorhizobium meliloti strains with rearranged genomic DNA
SRR12412661	SRX8908823	SRS7166241	SRP276659	PRJNA601875	Burkholderia multivorans	P1Bm2009	OXFORD_NANOPORE	MinION	151935347.0	32938.0	WGS	GENOMIC	SINGLE	Hybrid sequencing of B. multivorans ST-742
SRR15901075	SRX12191714	SRS10169424	SRP337110	PRJNA763310	Vogesella sp. XCS3	XCS3	OXFORD_NANOPORE	MinION	1467119773.0	389151.0	WGS	GENOMIC	SINGLE	Nanopore read data of bacterial isolate
SRR17386289	SRX13560371	SRS11453109	SRP288338	PRJNA638617	Klebsiella sp. PL-2018	PL-2018	PACBIO_SMRT	PacBio RS II	1603188822.0	163482.0	WGS	GENOMIC	SINGLE	PacBio RSII reads of Klebsiella michiganensis SMRT cell 2
SRR2062013	SRX1053696	SRS956602	SRP059248	PRJNA286129	Xanthomonas oryzae pv. oryzae	PXO99	PACBIO_SMRT	PacBio RS	171185772.0	81741.0	WGS	GENOMIC	SINGLE	PacBio Sequencing of PXO99-L-13
SRR26193452	SRX21904970	SRS18990973	SRP463451	PRJNA1021585	Mycobacterium tuberculosis	5	OXFORD_NANOPORE	PromethION	1908073718.0	543821.0	WGS	GENOMIC	SINGLE	PreXDR-TB
SRR29015155	SRX24541745	SRS21286473	SRP506715	PRJNA981225	Salmonella enterica subsp. enterica serovar Typhimurium	SH15SF567	OXFORD_NANOPORE	PromethION	1000030627.0	28503.0	WGS	GENOMIC	SINGLE	raw sequence data of Salmonella enterica subsp. enterica serovar Typhimurium SH15SF567 using third-generation sequencing
SRR18048332	SRX14200601	SRS12021168	SRP040281	PRJNA230403	Salmonella enterica	PNUSAS152153	OXFORD_NANOPORE	MinION	3882539567.0	682073.0	WGS	GENOMIC	SINGLE	Whole genome Oxford Nanopore MinION sequence of Salmonella enterica
SRR27972766	SRX23626399	SRS20465629	SRP489819	PRJNA1076692	Klebsiella pneumoniae	RIVM_C055607_rerio	OXFORD_NANOPORE	MinION	82321808.0	28271.0	WGS	GENOMIC	SINGLE	RIVM_C055607_rerio
SRR29316513	SRX24833630	SRS21545463	SRP512379	PRJNA1121190	Vibrio cholerae	147Vc02	OXFORD_NANOPORE	PromethION	527354452.0	57877.0	WGS	GENOMIC	SINGLE	WGS of Vcholerae isolates
DRR097312	DRX090808	DRS100145	DRP005160	PRJDB5843	Helicobacter pylori	OK305	PACBIO_SMRT	PacBio RS II	3923200497.0	163482.0	WGS	GENOMIC	SINGLE	PacBio RS II sequencing of SAMD00084448
SRR21630219	SRX17630794	SRS11554404	SRP354045	PRJNA747871	Lentzea sp. NBC_00516	NBC_00516	OXFORD_NANOPORE	MinION	323235859.0	64681.0	WGS	GENOMIC	SINGLE	nanopore sequencing data from strain NBC_00516
SRR9301213	SRX6070032	SRS4972288	SRP201412	PRJNA543750	Bacteroides thetaiotaomicron	DSM 2079	PACBIO_SMRT	PacBio RS II	5267516405.0	163482.0	WGS	GENOMIC	SINGLE	B_thetaiotaomicron_DSM2079_PacBio_SMRTcell1
DRR275267	DRX264851	DRS173613	DRP006554	PRJDB10561	Escherichia coli	missing	OXFORD_NANOPORE	MinION	405315008.0	94013.0	WGS	GENOMIC	SINGLE	MinION sequencing of SAMD00281872
SRR385967	SRX109799	SRS001120	SRP000361	PRJNA32935	Enterococcus casseliflavus EC20	899205	PACBIO_SMRT	PacBio RS	97396459.0	81741.0	WGS	GENOMIC	SINGLE	Whole Genome Sequencing and Assembly
SRR2857747	SRX1397015	SRS1024451	SRP062081	PRJNA238918	Burkholderia mallei	KC_1092	PACBIO_SMRT	PacBio RS II	1545471103.0	377856.0	WGS	GENOMIC	SINGLE	BMH_PacBio
DRR393781	DRX379600	DRS297114	DRP007849	PRJDB10842	Klebsiella pneumoniae	JBDDABB-19-0101	OXFORD_NANOPORE	GridION	3979490548.0	720446.0	WGS	GENOMIC	SINGLE	GridION sequencing of SAMD00501316
SRR29646287	SRX25150463	SRS21841938	SRP516879	PRJNA1129571	Campylobacter coli	ChP2023	OXFORD_NANOPORE	GridION	1585206457.0	400976.0	WGS	GENOMIC	SINGLE	WGS of Campylobacter coli
ERR12833663	ERX12206474	ERS18714762	ERP157202	PRJEB72410	Klebsiella pneumoniae		OXFORD_NANOPORE	MinION	238507281.0	70530.0	WGS	GENOMIC	SINGLE	MinION sequencing
SRR34973812	SRX30093030	SRS26157931	SRP608514	PRJNA1305037	Enterobacter hormaechei	MI_KPC_878	OXFORD_NANOPORE	PromethION	345061830.0	38217.0	WGS	GENOMIC	SINGLE	KPC CRE collection from state of Michigan
SRR12808747	SRX9277506	SRS7505678	SRP190319	PRJNA284866	Treponema denticola	OMZ 905	OXFORD_NANOPORE	MinION	1242450656.0	260329.0	WGS	GENOMIC	SINGLE	Treponema denticola OMZ 905
SRR17200543	SRX13380506	SRS11284608	SRP350304	PRJNA786653	Haemophilus influenzae	mpi1145	PACBIO_SMRT	PacBio RS II	241218547.0	40822.0	WGS	GENOMIC	SINGLE	WGS of Haemophilus influenzae: mpi1145
DRR328547	DRX317551	DRS210612	DRP007748	PRJDB12075	Klebsiella pneumoniae	MS5288	OXFORD_NANOPORE	GridION	309159072.0	30292.0	WGS	GENOMIC	SINGLE	GridION sequencing of SAMD00399223
SRR23384631	SRX19323030	SRS16721116	SRP421698	PRJNA924056	Serratia nevei	CPO142	OXFORD_NANOPORE	MinION	79994475.0	5787.0	WGS	GENOMIC	SINGLE	WGS of bacterial isolate possessing blaIMP-4 carbapenemase
DRR097272	DRX090768	DRS100105	DRP005160	PRJDB5843	Helicobacter pylori	DU1838C	PACBIO_SMRT	PacBio RS II	1596446671.0	163482.0	WGS	GENOMIC	SINGLE	PacBio RS II sequencing of SAMD00084408
ERR12488032	ERX11864115	ERS17744581	ERP153002	PRJEB67987	Mycobacterium tuberculosis		OXFORD_NANOPORE	MinION	258221308.0	94498.0	WGS	GENOMIC	SINGLE	MinION sequencing
SRR12811598	SRX9280123	SRS7508055	SRP287122	PRJNA667445	Klebsiella pneumoniae	S1_CRE1	PACBIO_SMRT	Sequel	950393254.0	194798.0	WGS	GENOMIC	SINGLE	Genome sequencing of carbapenem-resistant Enterobacteriaceae
SRR13258492	SRX9689290	SRS7886580	SRP297072	PRJNA682584	Enterococcus faecium	Dallas 148	OXFORD_NANOPORE	MinION	675763236.0	160978.0	WGS	GENOMIC	SINGLE	WGS of vancomycin resistant Enterococcus faecium collected from Dallas, Texas
SRR32409487	SRX27739881	SRS24128781	SRP565160	PRJNA1225906	Salmonella enterica		OXFORD_NANOPORE	GridION	730700738.0	117391.0	WGS	GENOMIC	SINGLE	WGS of Salmonella enterica isolate
SRR21563514	SRX17565658	SRS14987576	SRP354045	PRJNA747871	Streptosporangium subroseum	NBC 01811	OXFORD_NANOPORE	MinION	480845725.0	358724.0	WGS	GENOMIC	SINGLE	nanopore sequencing data from strain NBC_01811
ERR5214381	ERX5017837	ERS5599746	ERP126298	PRJEB42440	Klebsiella pneumoniae		OXFORD_NANOPORE	MinION	517909669.0	125906.0	WGS	GENOMIC	SINGLE	MinION sequencing
ERR10163065	ERX9699666	ERS13423744	ERP140710	PRJEB55790	Apilactobacillus kunkeei	A1201	PACBIO_SMRT	PacBio RS	767923410.0	107765.0	WGS	GENOMIC	SINGLE	PacBio RS sequencing; Raw reads: A1201
DRR307149	DRX296583	DRS194111	DRP007467	PRJDB11902	Odoribacteraceae bacterium	CE91-St23	PACBIO_SMRT	Sequel	2292697356.0	139300.0	WGS	GENOMIC	SINGLE	Sequel sequencing of SAMD00389895
SRR31598866	SRX26963620	SRS23433332	SRP549287	PRJNA1185485	Escherichia coli	185	OXFORD_NANOPORE	PromethION	2373599255.0	474013.0	WGS	GENOMIC	SINGLE	Kleb-3R-barcode07
SRR13957718	SRX10335959	SRS8455503	SRP300861	PRJNA663900	Enterococcus sp. MSG4854	MSG4854	OXFORD_NANOPORE	GridION	1486603393.0	269213.0	WGS	GENOMIC	SINGLE	sequencing of enterococcal diversity
SRR17119696	SRX13304211	SRS11213800	SRP040661	PRJNA231221	Mycobacteroides abscessus subsp. abscessus	FDAARGOS_1605	PACBIO_SMRT	Sequel II	14823315156.0	1223145.0	WGS	GENOMIC	SINGLE	
ERR13326679	ERX12697707	ERS20295497	ERP161282	PRJEB76791	Salmonella enterica subsp. enterica serovar Agona		OXFORD_NANOPORE	MinION	355361881.0	117504.0	WGS	GENOMIC	SINGLE	MinION sequencing
SRR33968470	SRX29167126	SRS25367624	SRP591870	PRJNA1276484	Mycobacteroides abscessus		OXFORD_NANOPORE	MinION	1883957220.0	280862.0	WGS	GENOMIC	SINGLE	CW26178
SRR15006050	SRX11318220	SRS9347986	SRP326328	PRJNA637792	Borrelia venezuelensis	RMA01	OXFORD_NANOPORE	MinION	1628783354.0	202952.0	WGS	GENOMIC	SINGLE	ONT WGS of Borrelia venezuelensis RMA01
SRR30949752	SRX26352336	SRS22817040	SRP536567	PRJNA1165464	Escherichia coli	Not applicable	OXFORD_NANOPORE	MinION	498639591.0	144000.0	WGS	GENOMIC	SINGLE	Nanopore sequencing of E.coli: blood isolate
ERR16064512	ERX15454694	ERS28397647	ERP173262	PRJEB90249	Escherichia coli		OXFORD_NANOPORE	GridION	354826409.0	112702.0	WGS	GENOMIC	SINGLE	GridION sequencing
SRR31565399	SRX26931266	SRS23404776	SRP548643	PRJNA1192988	Vibrio cholerae	CIV39	OXFORD_NANOPORE	MinION	297754461.0	110029.0	WGS	GENOMIC	SINGLE	PulseNet Africa ONT sequencing of Vibrio cholerae isolates
SRR30896070	SRX26299951	SRS22828674	SRP536878	PRJNA1134622	Escherichia coli	OXEC-275	OXFORD_NANOPORE	MinION	305523782.0	116901.0	WGS	GENOMIC	SINGLE	OXEC-275
SRR28811853	SRX24375167	SRS21036798	SRP501980	PRJNA894337	Legionella pneumophila	PATHC041	OXFORD_NANOPORE	MinION	157358821.0	68183.0	WGS	GENOMIC	SINGLE	whole genome sequencing of environmental isolates of Legionella
ERR2237805	ERX2289972	ERS1869797	ERP005928	PRJEB6403	Neisseria meningitidis		PACBIO_SMRT	PacBio RS	61936093.0	163482.0	WGS	GENOMIC	SINGLE	PacBio RS sequencing
SRR27972467	SRX23625986	SRS20465783	SRP489819	PRJNA1076692	Klebsiella pneumoniae	RIVM_C055348_rerio	OXFORD_NANOPORE	MinION	194149906.0	50510.0	WGS	GENOMIC	SINGLE	RIVM_C055348_rerio
SRR14198827	SRX10565631	SRS8671938	SRP255655	PRJNA622823	Comamonas aquatica	NEB418	PACBIO_SMRT	PacBio RS II	1834582936.0	163482.0	WGS	GENOMIC	SINGLE	SMRT_Ple_BP9_50
ERR2225525	ERX2278895	ERS1765899	ERP005928	PRJEB6403	Micrococcus luteus		PACBIO_SMRT	PacBio RS	336105223.0	163482.0	WGS	GENOMIC	SINGLE	PacBio RS sequencing
ERR15183886	ERX14589234	ERS25125974	ERP172519	PRJEB89493	Kluyvera intermedia		OXFORD_NANOPORE	MinION	256030682.0	73557.0	WGS	GENOMIC	SINGLE	MinION sequencing
SRR35212502	SRX30316275	SRS26363290	SRP291668	PRJNA675431	Enterococcus faecium	FI542	OXFORD_NANOPORE	PromethION	327612690.0	103766.0	WGS	GENOMIC	SINGLE	WGS of Enterococcus faecium
SRR15204659	SRX11511163	SRS9549603	SRP329200	PRJNA721265	Xanthomonas citri pv. mangiferaeindicae	GXG07	PACBIO_SMRT	Sequel II	2393315662.0	250564.0	WGS	GENOMIC	SINGLE	PacBio sequencing data of sample GXG07
SRR24833102	SRX20597494	SRS17897655	SRP441246	PRJNA980403	Escherichia coli	980-2	OXFORD_NANOPORE	MinION	810659345.0	349287.0	WGS	GENOMIC	SINGLE	ECOLI_R941
DRR572508	DRX555975	DRS426450	DRP012251	PRJDB17574	Escherichia coli	YK-IS1MA-L10-3_G20	OXFORD_NANOPORE	MinION	18836037.0	2000.0	WGS	GENOMIC	SINGLE	nanopore-seq of SAMD00748267 L10-3_G20
SRR12343998	SRX8843567	SRS7106623	SRP274107	PRJNA626345	Staphylococcus aureus	NAS_AN_208	OXFORD_NANOPORE	MinION	140002758.0	9752.0	WGS	GENOMIC	SINGLE	WGS Staphylococcus aureus among Native Americans in the  southwest US
SRR36920150	SRX31886387	SRS27841264	SRP665298	PRJNA1403646	Streptococcus sinensis	not applicable	OXFORD_NANOPORE	MinION	60116398.0	42787.0	WGS	GENOMIC	SINGLE	Long Reads for The Genomic Landscape of Head and Neck Cancer-associated Streptococci
SRR26815484	SRX22512550	SRS18598739	SRP454832	PRJNA810251	Gluconobacter frateurii	ML.ISBL3	OXFORD_NANOPORE	MinION	2043800053.0	326952.0	WGS	GENOMIC	SINGLE	Nanopore of SAMN26237225
SRR29161133	SRX24682239	SRS21408155	SRP509551	PRJNA1096641	Paenarthrobacter ureafaciens	S54	OXFORD_NANOPORE	GridION	352569513.0	31629.0	WGS	GENOMIC	SINGLE	Genome assembly of  S54
SRR34134238	SRX29315282	SRS25489980	SRP524862	PRJNA851850	Kitasatospora sp. McL0602	McL0602	OXFORD_NANOPORE	GridION	1155766187.0	281688.0	WGS	GENOMIC	SINGLE	WGS of Kitasatospora sp. McL0602
SRR8187986	SRX5007780	SRS4041781	SRP168628	PRJNA505407	Escherichia coli	V64	OXFORD_NANOPORE	GridION	629888280.0	80978.0	WGS	GENOMIC	SINGLE	DNA sequencing of Ecoli strain V64
SRR9722545	SRX6480223	SRS5130329	SRP215816	PRJNA470993	Staphylococcus aureus	ER03298.3	PACBIO_SMRT	PacBio RS II	1403572336.0	184714.0	WGS	GENOMIC	SINGLE	WGS of Staphylococcus aureus
ERR12209636	ERX11620594	ERS15539427	ERP147189	PRJEB62104	Escherichia coli		OXFORD_NANOPORE	MinION	92986844.0	21629.0	WGS	GENOMIC	SINGLE	Raw reads: F1055_minion
SRR27201523	SRX22881481	SRS19853890	SRP477847	PRJNA1052100	Klebsiella pneumoniae	A3	OXFORD_NANOPORE	MinION	886531016.0	346294.0	WGS	GENOMIC	SINGLE	ONT R9.4.1 sequences of Klebsiella pneumoniae from clinical sources in Ghana
SRR35674150	SRX30725516	SRS26742218	SRP561673	PRJNA1219398	Pasteurella multocida	190066	OXFORD_NANOPORE	MinION	285779312.0	37587.0	WGS	GENOMIC	SINGLE	DNA-Seq of Pasteurella multocida 190066
DRR493279	DRX477478	DRS205861	DRP007742	PRJDB10568	Serratia marcescens	QE01	OXFORD_NANOPORE	MinION	294985285.0	27957.0	WGS	GENOMIC	SINGLE	MinION sequencing of SAMD00247397
SRR27860929	SRX23523507	SRS20373798	SRP487941	PRJNA1073000	Lactococcus cremoris	T2B1	OXFORD_NANOPORE	PromethION	310014744.0	72860.0	WGS	GENOMIC	SINGLE	WGS of Lactococcus cremoris strain T2B1: Tistrup starter culture
SRR10613413	SRX7292596	SRS5786127	SRP235306	PRJNA593863	Streptococcus pneumoniae	TH13684	PACBIO_SMRT	Sequel	2133784.0	1.0	WGS	GENOMIC	SINGLE	SMRT-seq of pneumococcal strain TH5160(spn556II and spn556III deleted) derivative: TH13684 S. agalactiae-A5
SRR12165224	SRX8680684	SRS6959729	SRP270774	PRJNA632270	Nocardiopsis metallicus	DSM 44598	PACBIO_SMRT	PacBio RS II	2003782267.0	605249.0	WGS	GENOMIC	SINGLE	Nocardiopsis metallicus DSM 44598
SRR386054	SRX109951	SRS010315	SRP001878	PRJNA40009	Bacteroides eggerthii 1_2_48FAA	1_2_48FAA	PACBIO_SMRT	PacBio RS	72071600.0	81741.0	WGS	GENOMIC	SINGLE	Whole Genome Sequencing and Assembly
ERR1948273	ERX2014060	ERS1545990	ERP020775	PRJEB18813	Escherichia coli		PACBIO_SMRT	PacBio RS	1500722811.0	163482.0	WGS	GENOMIC	SINGLE	PacBio RS sequencing
SRR32729596	SRX28016022	SRS24377842	SRP570798	PRJNA1236865	Escherichia coli	TUM24569	OXFORD_NANOPORE	MinION	503273201.0	58747.0	WGS	GENOMIC	SINGLE	"=""ONT sequencing using ""&[1]SRA_data!$J$2&"" of ""&[1]SRA_data!B29"
SRR13575456	SRX9973406	SRS8145954	SRP303741	PRJNA695586	Streptococcus pyogenes	M4C20	OXFORD_NANOPORE	MinION	2928078.0	4000.0	WGS	GENOMIC	SINGLE	Whole genome sequence of Streptococcus pyogenes strain M4C20
ERR11806606	ERX11204966	ERS16226717	ERP119900	PRJEB36683	Klebsiella pneumoniae 11227-1		OXFORD_NANOPORE	MinION	77484863.0	35363.0	WGS	GENOMIC	SINGLE	MinION sequencing; Raw reads: plasmid_ERR3891230
DRR667251	DRX647353	DRS457073	DRP012869	PRJDB20344	Symbiobacterium ostreiconchae	JCM 15048	PACBIO_SMRT	Revio	777736874.0	54470.0	WGS	GENOMIC	SINGLE	Revio sequencing of SAMD00887377
SRR30949531	SRX26351953	SRS22817148	SRP536567	PRJNA1165464	Escherichia coli	Not applicable	OXFORD_NANOPORE	MinION	249989243.0	62239.0	WGS	GENOMIC	SINGLE	Nanopore sequencing of E.coli: blood isolate
SRR6976463	SRX3918073	SRS3153140	SRP139247	PRJNA442023	Bosea sp. 124	124	PACBIO_SMRT	PacBio RS II	223377575.0	62373.0	WGS	GENOMIC	SINGLE	Bosea sp. 124
SRR31598725	SRX26963761	SRS23433473	SRP549287	PRJNA1185485	Escherichia coli	7	OXFORD_NANOPORE	PromethION	531163856.0	97691.0	WGS	GENOMIC	SINGLE	2ndManhole-barcode07
SRR2814778	SRX1382460	SRS1133453	SRP040661	PRJNA231221	Vibrio alginolyticus	FDAARGOS_97	PACBIO_SMRT	PacBio RS	1309193574.0	163482.0	WGS	GENOMIC	SINGLE	
SRR5853106	SRX3022458	SRS1832423	SRP094480	PRJNA279196	Bordetella pertussis	I069	PACBIO_SMRT	PacBio RS II	902769622.0	163482.0	WGS	GENOMIC	SINGLE	
SRR12280420	SRX8784295	SRS7053060	SRP272861	PRJNA646575	Phocaeicola vulgatus		OXFORD_NANOPORE	GridION	2124786341.0	348194.0	WGS	GENOMIC	SINGLE	WGS  of Bacteroides fragilis group clinical isolates
ERR12488088	ERX11864171	ERS17744637	ERP153002	PRJEB67987	Mycobacterium tuberculosis		OXFORD_NANOPORE	MinION	273194786.0	54084.0	WGS	GENOMIC	SINGLE	MinION sequencing
SRR27972541	SRX23625912	SRS20465399	SRP489819	PRJNA1076692	Staphylococcus aureus	RIVM_M100707_dorado	OXFORD_NANOPORE	MinION	153679864.0	81753.0	WGS	GENOMIC	SINGLE	RIVM_M100707_dorado
SRR23750733	SRX19602100	SRS16982632	SRP426303	PRJNA942340	Klebsiella pneumoniae		OXFORD_NANOPORE	MinION	603258618.0	86283.0	WGS	GENOMIC	SINGLE	WGS-seq of Kp
SRR12247735	SRX8755432	SRS6976298	SRP266402	PRJNA605147	Escherichia coli	RHB28-E3-C06	OXFORD_NANOPORE	GridION	2579934020.0	442455.0	WGS	GENOMIC	SINGLE	Oxford Nanopore sequencing of Escherichia coli isolate RH01|T2-E3C06 cultured from pig farm sediment sample
