srr_accession	srx_accession	srs_accession	srp_accession	bioproject	organism	strain	platform	instrument	total_bases	total_spots	library_strategy	library_source	library_layout	title
ERR13354949	ERX12725881	ERS20228295	ERP160933	PRJEB76407	Mediterraneibacter gnavus		PACBIO_SMRT	Sequel IIe	445807926.0	46735.0	WGS	GENOMIC	SINGLE	Sequel IIe sequencing
SRR31480912	SRX26849411	SRS23333083	SRP547242	PRJNA1188493	Bacillus cereus	C811	OXFORD_NANOPORE	GridION	4235186033.0	990831.0	WGS	GENOMIC	SINGLE	WGS of Bacillus Cereus
SRR12802464	SRX9271289	SRS7500155	SRP190319	PRJNA284866	Treponema sp. B152	B152	OXFORD_NANOPORE	MinION	1294204614.0	259270.0	WGS	GENOMIC	SINGLE	Treponema sp. B152
SRR32184187	SRX27529387	SRS16968698	SRP426074	PRJNA941188	Bacillus safensis	PRO37	OXFORD_NANOPORE	GridION	1047261697.0	190469.0	WGS	GENOMIC	SINGLE	WGS of Bacillus safensis: cell culture
SRR35247885	SRX30350715	SRS26393785	SRP617281	PRJNA893742	Paraburkholderia sp. MM6662-R1	MM6662-R1	PACBIO_SMRT	Sequel IIe	817605439.0	78270.0	WGS	GENOMIC	SINGLE	Paraburkholderia tuberum MM6662-R1
SRR35213476	SRX30317247	SRS26364181	SRP615992	PRJNA1301220	Acinetobacter baumannii	ABO22-A114	OXFORD_NANOPORE	MinION	800120335.0	143338.0	WGS	GENOMIC	SINGLE	Whole geneme sequencing of Acinetobacter baumannii: isolates of the Ab-One study
SRR3756808	SRX1905898	SRS1546709	SRP078099	PRJNA239124	Lactococcus lactis subsp. lactis	511	PACBIO_SMRT	PacBio RS	235665172.0	94054.0	WGS	GENOMIC	SINGLE	Lactococcus lactis subsp. lactis 511
SRR8849168	SRX5636852	SRS4094321	SRP171397	PRJNA417863	Salmonella enterica subsp. enterica serovar Senftenberg	CFIAFB20170119	OXFORD_NANOPORE	MinION	294467220.0	32776.0	WGS	GENOMIC	SINGLE	Salmonella  enterica multiserovar sequencing data
SRR24474904	SRX20261324	SRS17592010	SRP436581	PRJNA967113	Klebsiella michiganensis	CPO453	OXFORD_NANOPORE	MinION	414467823.0	30414.0	WGS	GENOMIC	SINGLE	WGS of bacterial isolate possessing blaNDM carbapenemase
ERR1100792	ERX1180326	ERS806210	ERP005928	PRJEB6403	Staphylococcus aureus	NCTC5660	PACBIO_SMRT	PacBio RS	336388212.0	163482.0	WGS	GENOMIC	SINGLE	PacBio RS sequencing
SRR8599269	SRX5399276	SRS4386188	SRP186412	PRJNA523188	Burkholderia pseudomallei	CEMM 03-6-037	PACBIO_SMRT	PacBio RS II	295647851.0	54494.0	WGS	GENOMIC	SINGLE	Burkholderia pseudomallei CEMM 03-6-037 PacBio
ERR12165287	ERX11576225	ERS16327255	ERP150987	PRJEB65895	Listeria monocytogenes	clinical isolate of L. monocytogenes	OXFORD_NANOPORE	MinION	499178118.0	76666.0	WGS	GENOMIC	SINGLE	MinION sequencing
SRR24139789	SRX19938472	SRS17287182	SRP247747	PRJNA604975	Escherichia coli	ox_bsi_524	OXFORD_NANOPORE	GridION	104981292.0	84693.0	WGS	GENOMIC	SINGLE	oxford_bsi
SRR32029836	SRX27379738	SRS23161481	SRP074197	PRJNA288601	Acinetobacter baumannii		OXFORD_NANOPORE	GridION	638042313.0	342206.0	WGS	GENOMIC	SINGLE	Nanopore sequencing of ARLN isolate
SRR35574259	SRX30647189	SRS26670433	SRP625638	PRJNA1320685	Escherichia coli	MB06102	OXFORD_NANOPORE	MinION	1885740684.0	252009.0	WGS	GENOMIC	SINGLE	ONT Long-Read DNA Sequencing of MB06102 Dorado SUP basecalling
SRR33387335	SRX28630251	SRS24901269	SRP582401	PRJNA1254633	Brevibacterium sp. LE-L	LE-L	OXFORD_NANOPORE	GridION	2295842026.0	328704.0	WGS	GENOMIC	SINGLE	Genome sequencing of Brevibacterium LE-L
SRR17687075	SRX13850344	SRS10450438	SRP340037	PRJNA768294	Klebsiella pneumoniae	04A025	OXFORD_NANOPORE	MinION	319861333.0	15353.0	WGS	GENOMIC	SINGLE	SB20
SRR26950700	SRX22644506	SRS19641537	SRP474291	PRJNA1043871	Bacillus sp. PBL-C9	PBL-C9	OXFORD_NANOPORE	MinION	369036.0	119.0	WGS	GENOMIC	SINGLE	Bacillus sp. PBL-C9 Genome sequencing and assembly
SRR12280524	SRX8784191	SRS7052979	SRP272861	PRJNA646575	Bacteroides fragilis		OXFORD_NANOPORE	GridION	941029547.0	109627.0	WGS	GENOMIC	SINGLE	WGS  of Bacteroides fragilis group clinical isolates
SRR33769379	SRX28991799	SRS25210252	SRP444583	PRJNA962904	Escherichia coli		PACBIO_SMRT	Sequel II	1036971488.0	54665.0	WGS	GENOMIC	SINGLE	PacBio sequencing of A040017HE1 for ARCH 2
SRR19539253	SRX15591270	SRS13202057	SRP377466	PRJNA842739	Klebsiella pneumoniae		OXFORD_NANOPORE	MinION	380856552.0	109430.0	WGS	GENOMIC	SINGLE	Whole genome sequencing of Klebsiella isolate
SRR35628936	SRX30685098	SRS26704514	SRP627750	PRJNA1333901	Acinetobacter sp. KH_038	KH_038	OXFORD_NANOPORE	MinION	831936192.0	75617.0	WGS	GENOMIC	SINGLE	Oxford Nanopore sequences of cultivable bacteria collected in an iron ore mine and a crystal cave
SRR6702943	SRX3677122	SRS1256861	SRP068736	PRJNA292901	Citrobacter koseri	AR_0024	PACBIO_SMRT	PacBio RS II	1909901494.0	163482.0	WGS	GENOMIC	SINGLE	PacBio SMRT Sequencing of Citrobacter koseri FDA-CDC-AR_0024 Genomic Library
ERR10676163	ERX10143927	ERS14333262	ERP143248	PRJEB58185	Campylobacter jejuni		OXFORD_NANOPORE	MinION	310950458.0	516529.0	WGS	GENOMIC	PAIRED	MinION paired end sequencing
SRR16947409	SRX13139299	SRS11025990	SRP345358	PRJNA779076	Conchiformibius steedae	DSM 2580	OXFORD_NANOPORE	MinION	23319879528.0	9649686.0	WGS	GENOMIC	SINGLE	Nanopore sequencing of Conchiformibius steedae DSM 2580
SRR34973450	SRX30092360	SRS26157472	SRP608514	PRJNA1305037	Klebsiella pneumoniae	MI_KPC_774	OXFORD_NANOPORE	PromethION	500002526.0	80359.0	WGS	GENOMIC	SINGLE	KPC CRE collection from state of Michigan
ERR8007871	ERX7573540	ERS9899438	ERP131998	PRJEB47698	Metamycoplasma hominis		OXFORD_NANOPORE	MinION	48888532.0	32309.0	WGS	GENOMIC	SINGLE	MinION sequencing
SRR8144666	SRX4964544	SRS3452114	SRP143617	PRJNA453501	Mesorhizobium sp. M1A.F.Ca.IN.022.06.1.1	M1A.F.Ca.IN.022.06.1.1	PACBIO_SMRT	PacBio RS II	3490778103.0	163482.0	WGS	GENOMIC	SINGLE	hyd-7_S19
ERR13328970	ERX12699935	ERS20388558	ERP160519	PRJEB75963	Sinorhizobium medicae		PACBIO_SMRT	PacBio RS II	303345686.0	20561.0	WGS	GENOMIC	SINGLE	Raw reads: CIRCLES_WGS4_RUN1
ERR10676318	ERX10144082	ERS14333417	ERP143248	PRJEB58185	Campylobacter coli		OXFORD_NANOPORE	MinION	173934656.0	288928.0	WGS	GENOMIC	PAIRED	MinION paired end sequencing
ERR15602653	ERX15005877	ERS26882921	ERP180185	PRJEB97707	Escherichia coli		OXFORD_NANOPORE	MinION	622634590.0	75014.0	WGS	GENOMIC	SINGLE	MinION sequencing
ERR15373233	ERX14776918	ERS23666382	ERP169391	PRJEB86018	Haemophilus influenzae		PACBIO_SMRT	Sequel II	392540932.0	37474.0	WGS	GENOMIC	SINGLE	Sequel II sequencing
SRR28434579	SRX24038395	SRS20831666	SRP497546	PRJNA1091452	Klebsiella pneumoniae	KP10-PS	OXFORD_NANOPORE	MinION	334300710.0	281547.0	WGS	GENOMIC	SINGLE	ONT performance study sequencing of K. pneumoniae
ERR16145642	ERX15535200	ERS28552371	ERP187172	PRJEB106067	Pseudomonas yamanorum		OXFORD_NANOPORE	GridION	624933483.0	37640.0	WGS	GENOMIC	SINGLE	Raw reads: Pseudomonas yamanorum PAMC25886
DRR538151	DRX521970	DRS397785	DRP011824	PRJDB17661	Bacteroides ovatus	i17-0019-1i7	PACBIO_SMRT	Sequel	822922756.0	42122.0	WGS	GENOMIC	SINGLE	Sequel single end sequencing of  SAMD00759001
ERR16064463	ERX15454645	ERS28397598	ERP173262	PRJEB90249	Enterococcus faecium		OXFORD_NANOPORE	GridION	878594845.0	276798.0	WGS	GENOMIC	SINGLE	GridION sequencing
DRR184148	DRX174629	DRS101740	DRP005250	PRJDB8529	Vibrio rotiferianus	AM7	OXFORD_NANOPORE	GridION	956964186.0	148921.0	WGS	GENOMIC	SINGLE	GridION sequencing of SAMD00178443
SRR35556693	SRX30631367	SRS19727756	SRP150360	PRJNA475751	Klebsiella pneumoniae	KLP00730	OXFORD_NANOPORE	MinION	325034301.0	53806.0	WGS	GENOMIC	SINGLE	WGS Sequencing of Klebsiella pneumoniae
ERR10741405	ERX10190715	ERS14394687	ERP143791	PRJEB58724	Klebsiella pneumoniae		OXFORD_NANOPORE	MinION	59054852.0	11672.0	WGS	GENOMIC	SINGLE	NIHR Nanopore Sequencing
SRR12857658	SRX9324552	SRS7548880	SRP287972	PRJNA609136	Streptococcus pyogenes	TSPY637	OXFORD_NANOPORE	GridION	62839641.0	54996.0	WGS	GENOMIC	SINGLE	WGS of emm4 GAS: TSPY637
SRR36722109	SRX31726384	SRS27695020	SRP660603	PRJNA1398820	Escherichia coli BL21(DE3)	BL21 (DE3)	OXFORD_NANOPORE	MinION	578735961.0	267508.0	WGS	GENOMIC	SINGLE	Whole-genome sequencing of phage-resistant E. coli BL21(DE3)
SRR20082802	SRX16120502	SRS13782985	SRP385959	PRJNA836783	Mycobacterium tuberculosis		OXFORD_NANOPORE	MinION	6709418182.0	3310561.0	WGS	GENOMIC	SINGLE	WGS of H37RV3- ONT fastq
ERR2125845	ERX2182697	ERS1669592	ERP005928	PRJEB6403	Delftia acidovorans		PACBIO_SMRT	PacBio RS	2245228803.0	163482.0	WGS	GENOMIC	SINGLE	PacBio RS sequencing
SRR3170713	SRX1585847	SRS1296893	SRP070079	PRJNA311738	Enterococcus faecium	ATCC 700221	PACBIO_SMRT	PacBio RS II	2342630709.0	163482.0	WGS	GENOMIC	SINGLE	Enterococcus faecium ATCC700221 genome sequencing and assembly
ERR9843317	ERX9389114	ERS2652359	ERP104475	PRJEB22771	Streptococcus pneumoniae		PACBIO_SMRT	Sequel II	5109851625.0	698562.0	WGS	GENOMIC	SINGLE	Sequel II sequencing
ERR772451	ERX715330	ERS647567	ERP005928	PRJEB6403	Salmonella enterica subsp. enterica serovar Virchow	NCTC5742	PACBIO_SMRT	PacBio RS	442453733.0	163482.0	WGS	GENOMIC	SINGLE	PacBio RS sequencing
DRR490085	DRX474292	DRS313117	DRP010197	PRJDB16157	Novosphingobium pituita	IK01	PACBIO_SMRT	Sequel II	248610602.0	27182.0	WGS	GENOMIC	SINGLE	Sequel II sequencing of SAMD00628793
SRR30934822	SRX26337487	SRS22863377	SRP537571	PRJNA1168290	Paenibacillus sp. TAB_01	TAB_01	OXFORD_NANOPORE	MinION	1449144.0	175.0	WGS	GENOMIC	SINGLE	Paenibacillus sp. TAB 01 from cotton plant tissue
SRR29837594	SRX25335413	SRS22003018	SRP520032	PRJNA1082471	Streptococcus iniae	QMA0139_CTAB	OXFORD_NANOPORE	MinION	99920467.0	12733.0	WGS	GENOMIC	SINGLE	HMW DNA extracted by lysozyme/CTAB (REF) method:Streptococcus iniae
SRR24235335	SRX20031516	SRS17370891	SRP433671	PRJNA957939	Acinetobacter baumannii		OXFORD_NANOPORE	PromethION	1149604602.0	90984.0	WGS	GENOMIC	SINGLE	Genome sequence of Acinetobacter baumannii
SRR16525328	SRX12728157	SRS10336702	SRP357534	PRJNA801415	Enterobacter cloacae	407	OXFORD_NANOPORE	GridION	3153779588.0	511910.0	WGS	GENOMIC	SINGLE	Extensive diversification and dissemination of blaNDM carbapenemase plasmids in Enterobacterales in Singapore 2010-2015
SRR33968443	SRX29167153	SRS25367649	SRP591870	PRJNA1276484	Mycobacteroides abscessus		OXFORD_NANOPORE	MinION	1806146319.0	300375.0	WGS	GENOMIC	SINGLE	CW29484
SRR35628965	SRX30685069	SRS26704485	SRP627750	PRJNA1333901	Agromyces sp. GL_144	GL_144	OXFORD_NANOPORE	MinION	245094863.0	20901.0	WGS	GENOMIC	SINGLE	Oxford Nanopore sequences of cultivable bacteria collected in an iron ore mine and a crystal cave
DRR276630	DRX266214	DRS188352	DRP007358	PRJDB11181	Bacillus cereus	HT18	OXFORD_NANOPORE	MinION	455539372.0	48894.0	WGS	GENOMIC	SINGLE	MinION sequencing of SAMD00278679
ERR10229187	ERX9764143	ERS6480104	ERP109413	PRJEB27342	Klebsiella pneumoniae		PACBIO_SMRT	Sequel II	6018102777.0	880577.0	WGS	GENOMIC	SINGLE	Sequel II sequencing
SRR29859734	SRX25357180	SRS22024171	SRP520491	PRJNA1136452	Serratia ureilytica	S07	OXFORD_NANOPORE	MinION	857638015.0	165367.0	WGS	GENOMIC	SINGLE	S07_ONT
SRR14757231	SRX11090770	SRS9156142	SRP323170	PRJNA732579	Staphylococcus aureus	360	PACBIO_SMRT	Sequel	983865710.0	200607.0	WGS	GENOMIC	SINGLE	WGS of Staphylococcus aureus: human skin
ERR2928982	ERX2931918	ERS2903364	ERP112075	PRJEB29727	Streptococcus pneumoniae	4559	PACBIO_SMRT	PacBio RS	1651982976.0	163482.0	WGS	GENOMIC	SINGLE	PacBio RS sequencing
ERR16064562	ERX15454744	ERS28397697	ERP173262	PRJEB90249	Klebsiella quasipneumoniae		OXFORD_NANOPORE	GridION	984330768.0	357564.0	WGS	GENOMIC	SINGLE	GridION sequencing
SRR33420639	SRX28661593	SRS24929868	SRP582990	PRJNA1257457	Symbiopectobacterium purcellii	MEX	PACBIO_SMRT	Sequel	4952141386.0	680671.0	WGS	GENOMIC	SINGLE	DNA sequencing of Symbiopectobacterium purcellii MEX: long-read
SRR15070562	SRX11380625	SRS9425377	SRP040661	PRJNA231221	Acinetobacter pittii	FDAARGOS 1396	PACBIO_SMRT	Sequel II	27481421818.0	3043518.0	WGS	GENOMIC	SINGLE	
SRR13449042	SRX9862328	SRS8042175	SRP295672	PRJNA681856	Salmonella enterica subsp. salamae	LHICA_SA3	OXFORD_NANOPORE	MinION	26169700.0	4000.0	WGS	GENOMIC	SINGLE	WGS of Salmonella Lhica SA3_99
ERR1124232	ERX1203431	ERS811734	ERP005928	PRJEB6403	Staphylococcus pseudintermedius	NCTC7151	PACBIO_SMRT	PacBio RS	1822640008.0	163482.0	WGS	GENOMIC	SINGLE	PacBio RS sequencing
SRR30149404	SRX25617229	SRS21937658	SRP518730	PRJNA1133668	Klebsiella pneumoniae	ST258KP107	OXFORD_NANOPORE	MinION	647189275.0	61290.0	WGS	GENOMIC	SINGLE	Nanopore sequencing of clinical CRE isolates: human
SRR4063129	SRX2052181	ERS1255035	SRP082764	PRJNA310388	Curtobacterium sp. 9128	9128	PACBIO_SMRT	PacBio RS	144256884.0	52310.0	WGS	GENOMIC	SINGLE	Curtobacterium sp. 9128
SRR32364792	SRX27699354	SRS21122232	SRP444583	PRJNA962904	Escherichia coli		PACBIO_SMRT	Sequel II	408449260.0	19135.0	WGS	GENOMIC	SINGLE	PacBio sequencing of AS5700C1 for ARCH 1.0
SRR12247628	SRX8755539	SRS6976407	SRP266402	PRJNA605147	Stenotrophomonas maltophilia		OXFORD_NANOPORE	GridION	461813963.0	87964.0	WGS	GENOMIC	SINGLE	Oxford Nanopore sequencing of Stenotrophomonas maltophilia isolate RH20|T1-SEC01 cultured from poultry farm sediment sample
SRR12935959	SRX9399728	SRS7617492	SRP289727	PRJNA671608	Bradyrhizobium sp. 183	183	OXFORD_NANOPORE	GridION	425644676.0	321982.0	WGS	GENOMIC	SINGLE	Whole genome sequencing of Bradyrhizobium sp. 183
SRR26316624	SRX22024891	SRS1417016	SRP058582	PRJNA203400	Escherichia coli	MOD1-EC5154	OXFORD_NANOPORE	GridION	225457071.0	31240.0	WGS	GENOMIC	SINGLE	Identification of Thirty-two New O antigen Gene Clusters in Escherichia coli
SRR12681557	SRX9161711	SRS7400613	SRP284188	PRJNA653052	Nocardiopsis terrae	DSM 45157	PACBIO_SMRT	PacBio RS II	4186902381.0	1854529.0	WGS	GENOMIC	SINGLE	Nocardiopsis terrae DSM 45157
SRR13386066	SRX9805363	SRS7989439	SRP300861	PRJNA663900	Enterococcus sp. AZ140	AZ140	OXFORD_NANOPORE	GridION	791704726.0	422820.0	WGS	GENOMIC	SINGLE	Zoo 3 Enterococcus Diversity Genome sequencing and assembly
SRR22860027	SRX18818556	SRS16251819	SRP414408	PRJNA914892	Staphylococcus aureus	C25	OXFORD_NANOPORE	MinION	154831641.0	53730.0	WGS	GENOMIC	SINGLE	Long read ONT WGS of Staphylococcus aureus isolates from Chronic Rhinosinusitis Patients
SRR30934764	SRX26337545	SRS22863377	SRP537571	PRJNA1168290	Paenibacillus sp. TAB_01	TAB_01	OXFORD_NANOPORE	MinION	1527031.0	186.0	WGS	GENOMIC	SINGLE	Paenibacillus sp. TAB 01 from cotton plant tissue
SRR13957728	SRX10335949	SRS8455493	SRP300861	PRJNA663900	Enterococcus sp. DIV2322	DIV2322	OXFORD_NANOPORE	GridION	571064044.0	118253.0	WGS	GENOMIC	SINGLE	sequencing of enterococcal diversity
SRR15415597	SRX11717484	SRS1717848	SRP332089	PRJNA528413	Escherichia coli O157:H7	N8B7-2	PACBIO_SMRT	PacBio RS II	2587945856.0	163482.0	WGS	GENOMIC	SINGLE	Genome sequencing of E. coli O157:H7 and O55:H7 strains
SRR15376138	SRX11678671	SRS9710546	SRP331701	PRJNA666790	Escherichia coli O157:H7	Z1769	PACBIO_SMRT	PacBio RS II	4543145077.0	163482.0	WGS	GENOMIC	SINGLE	Genome sequencing of ZAP E. coli O157:H7 strains from Scotland
SRR5678371	SRX2913865	SRS2280131	SRP109060	PRJNA390229	Escherichia coli	2006-3008	PACBIO_SMRT	PacBio RS II	2871723444.0	163482.0	WGS	GENOMIC	SINGLE	SMRT sequencing of E. coli strain BAA-2215 from ATCC using 10kb library
SRR498113	SRX148635	SRS281883	SRP013241	PRJNA73829	Vibrio cholerae		PACBIO_SMRT	PacBio RS	1371632.0	4137.0	WGS	GENOMIC	SINGLE	Whole Genome Sequencing for N5 (strobe)
SRR24087984	SRX19888634	SRS17242684	SRP431209	PRJNA952813	Brucella abortus	Y11_MNG	OXFORD_NANOPORE	MinION	7243420.0	3774.0	WGS	GENOMIC	SINGLE	WGS of Brucella abortus: uterus swab of aborted yak
SRR15989159	SRX12277708	SRS9999202	SRP357537	PRJNA801416	Citrobacter freundii	22	OXFORD_NANOPORE	GridION	876516138.0	129913.0	WGS	GENOMIC	SINGLE	Whole Genome Sequencing of Carbapenemase-producing Enterobacterales (CPE)
SRR1740463	SRX747859	SRS734211	SRP046977	PRJNA259658	Enterobacter hormaechei subsp. hormaechei	34983	PACBIO_SMRT	PacBio RS	857548131.0	163482.0	WGS	GENOMIC	SINGLE	
ERR10498850	ERX10016139	ERS14255947	ERP142629	PRJEB57633	Escherichia coli		OXFORD_NANOPORE	GridION	90511059.0	10396.0	WGS	GENOMIC	SINGLE	Raw reads: ONT_30602_2#214
ERR861001	ERX940672	ERS227111	ERP002429	PRJEB1730	Klebsiella pneumoniae		PACBIO_SMRT	PacBio RS	288001341.0	163482.0	WGS	GENOMIC	SINGLE	PacBio RS sequencing
ERR968281	ERX1045259	ERS715411	ERP005928	PRJEB6403	Escherichia coli	NCTC10430	PACBIO_SMRT	PacBio RS	780101877.0	163482.0	WGS	GENOMIC	SINGLE	PacBio RS sequencing
SRR1006177	SRX362677	SRS489478	SRP030688	PRJNA191796	Mycobacterium ulcerans str. Harvey	Harvey	PACBIO_SMRT	PacBio RS	388106868.0	163482.0	WGS	GENOMIC	SINGLE	
SRR23690833	SRX19553264	SRS16938016	SRP425383	PRJNA934404	Lactobacillus gasseri	VSI47	OXFORD_NANOPORE	MinION	57725209.0	13910.0	WGS	GENOMIC	SINGLE	VSI47
ERR1173478	ERX1246907	ERS846858	ERP005928	PRJEB6403	Staphylococcus aureus	NCTC12232	PACBIO_SMRT	PacBio RS	973839646.0	163482.0	WGS	GENOMIC	SINGLE	PacBio RS sequencing
SRR386661	SRX109814	SRS004883	SRP001079	PRJNA40077	Cereibacter sphaeroides 2.4.1	2.4.1	PACBIO_SMRT	PacBio RS	17220092.0	60667.0	WGS	GENOMIC	SINGLE	Whole Genome Sequencing and Assembly
SRR23347485	SRX19289548	SRS16690584	SRP421131	PRJNA931653	Escherichia coli K-12	K-12	OXFORD_NANOPORE	GridION	1487649.0	169.0	WGS	GENOMIC	SINGLE	Nanopore sequencing of Ciprofloxacin challenged E. coli
ERR13648008	ERX13018707	ERS18629876	ERP158153	PRJEB73354	Escherichia coli		OXFORD_NANOPORE	MinION	296400409.0	150222.0	WGS	GENOMIC	SINGLE	MinION sequencing
SRR3441733	SRX1727972	SRS1324874	SRP050002	PRJNA266616	Bordetella pertussis	I488	PACBIO_SMRT	PacBio RS II	661555680.0	163482.0	WGS	GENOMIC	SINGLE	
SRR901614	SRX306442	SRS445411	SRP026058	PRJNA203566	Mycobacteroides abscessus MAB_082312_2258	MAB_082312_2258	PACBIO_SMRT	PacBio RS	512899904.0	81741.0	WGS	GENOMIC	SINGLE	
SRR8179969	SRX5000041	SRS4034819	SRP040661	PRJNA231221	Burkholderia cenocepacia	FDAARGOS_518	PACBIO_SMRT	PacBio RS	3062977607.0	163482.0	WGS	GENOMIC	SINGLE	
SRR29779048	SRX25278832	SRS21698210	SRP418402	PRJNA925803	Streptococcus dysgalactiae subsp. equisimilis	MGCS36049	OXFORD_NANOPORE	GridION	329230582.0	139486.0	WGS	GENOMIC	SINGLE	WGS of Streptococcus dysgalactiae subsp. equisimilis
SRR32194457	SRX27535925	SRS23952420	SRP560996	PRJNA1218017	Bacteroides thetaiotaomicron	vpi-5482	OXFORD_NANOPORE	MinION	85052502.0	23346.0	WGS	GENOMIC	SINGLE	WGS of Bacteroides thetatiotaomicron grown on different carbon sources
ERR1612407	ERX1682796	ERS1201844	ERP005928	PRJEB6403	Prescottella equi	NCTC1621	PACBIO_SMRT	PacBio RS	2047254984.0	163482.0	WGS	GENOMIC	SINGLE	PacBio RS sequencing
ERR10857137	ERX10301858	ERS14574382	ERP144502	PRJEB59466	Salmonella enterica		OXFORD_NANOPORE	MinION	500418401.0	49771.0	WGS	GENOMIC	SINGLE	MinION sequencing
ERR13863741	ERX13266500	ERS21338646	ERP165332	PRJEB81499	Citrobacter freundii		OXFORD_NANOPORE	GridION	1236971302.0	477308.0	WGS	GENOMIC	SINGLE	GridION sequencing
SRR12298880	SRX8802015	SRS6792094	SRP266402	PRJNA605147	Escherichia coli	RHBSTW-00314	OXFORD_NANOPORE	GridION	780111863.0	157461.0	WGS	GENOMIC	SINGLE	OXFORD_NANOPORE sequencing of Escherichia coli isolate WTP2|T1-00314 cultured from WTP influent sample
SRR32204197	SRX27545614	SRS23960614	SRP561120	PRJNA1214876	Ekhidna algicida	To15	OXFORD_NANOPORE	MinION	28868481.0	4000.0	WGS	GENOMIC	SINGLE	Ekhidna algicida strain To15 genome
SRR32364728	SRX27699418	SRS21122501	SRP444583	PRJNA962904	Klebsiella variicola		PACBIO_SMRT	Sequel II	709966346.0	31026.0	WGS	GENOMIC	SINGLE	PacBio sequencing of AS27530E2 for ARCH 1.0
SRR15031908	SRX11343471	SRS9383692	SRP326726	PRJNA737600	Streptomyces sp. GMY02	GMY02	OXFORD_NANOPORE	GridION	5999325.0	4000.0	WGS	GENOMIC	SINGLE	WGS Streptomyces sp. GMY02
SRR31599363	SRX26964320	SRS23434032	SRP549287	PRJNA1185485	Escherichia coli	16	OXFORD_NANOPORE	PromethION	982277957.0	163001.0	WGS	GENOMIC	SINGLE	2ndManhole-barcode16
SRR31598892	SRX26963593	SRS23433304	SRP549287	PRJNA1185485	Escherichia coli	951	OXFORD_NANOPORE	PromethION	506978870.0	111124.0	WGS	GENOMIC	SINGLE	wwtp-9n14-barcode18
SRR9045786	SRX5822326	SRS4750963	SRP198110	PRJNA536552	Micromonospora sp. A202	A202	PACBIO_SMRT	Sequel	1801456700.0	625014.0	WGS	GENOMIC	SINGLE	Micromonospora sp. A202
ERR10497977	ERX10015266	ERS14254637	ERP142629	PRJEB57633	Escherichia coli		OXFORD_NANOPORE	GridION	38447226.0	4026.0	WGS	GENOMIC	SINGLE	Raw reads: ONT_30348_1#156
SRR34864075	SRX29995548	SRS26072144	SRP606522	PRJNA1301590	Lactococcus cremoris	P1H2	OXFORD_NANOPORE	PromethION	1401981940.0	202686.0	WGS	GENOMIC	SINGLE	WGS of Lactococcus cremoris strain P1H2: Probat505 starter culture
ERR11275439	ERX10683009	ERS14857406	ERP146774	PRJEB61685	Mycobacterium tuberculosis variant bovis BCG		OXFORD_NANOPORE	MinION	185419803.0	36007.0	WGS	GENOMIC	SINGLE	MinION sequencing
SRR27972502	SRX23625951	SRS20465775	SRP489819	PRJNA1076692	Escherichia coli	RIVM_C050152_dorado	OXFORD_NANOPORE	MinION	376953390.0	100883.0	WGS	GENOMIC	SINGLE	RIVM_C050152_dorado
ERR10499045	ERX10016334	ERS14255496	ERP142629	PRJEB57633	Escherichia coli		OXFORD_NANOPORE	GridION	72032368.0	8205.0	WGS	GENOMIC	SINGLE	Raw reads: ONT_30821_1#341
SRR900500	SRX305575	SRS444710	SRP026024	PRJNA191786	Mycobacteroides chelonae 1518	1518	PACBIO_SMRT	PacBio RS	421392718.0	81741.0	WGS	GENOMIC	SINGLE	
SRR14509679	SRX10855367	SRS8951074	SRP319462	PRJNA728709	Escherichia coli	10_253	PACBIO_SMRT	PacBio RS II	2184628714.0	163482.0	WGS	GENOMIC	SINGLE	Genome sequencing of E. coli O26: H11
SRR30085181	SRX25558662	SRS22210770	SRP523632	PRJNA1142676	Klebsiella variicola	kv221025_barcode91	OXFORD_NANOPORE	MinION	395069152.0	51352.0	WGS	GENOMIC	SINGLE	Klebsiella variicola strain kv221025_barcode91
SRR10744146	SRX7419553	SRS5866182	SRP238327	PRJNA596733	Macrococcoides canis	SD607	OXFORD_NANOPORE	MinION	1506984743.0	238951.0	WGS	GENOMIC	SINGLE	Macrococcus canis strain SD607, complete genome
SRR26327414	SRX22035476	SRS19107842	SRP465264	PRJNA1024516	Enterococcus lactis		OXFORD_NANOPORE	MinION	572099374.0	39510.0	WGS	GENOMIC	SINGLE	Long-read WGS characterization of commensal Enterococcus isolates from dairy cattle in Northern Spain
ERR16000079	ERX15395313	ERS28312866	ERP185857	PRJEB104599	Staphylococcus aureus		OXFORD_NANOPORE	MinION	213844450.0	99886.0	WGS	GENOMIC	SINGLE	Raw reads: Staphylococcus aureus LFMFP strain 050
SRR24425366	SRX20213045	SRS17538016	SRP435872	PRJNA966932	Streptomyces coelicolor	CW6 10	OXFORD_NANOPORE	MinION	589850010.0	105704.0	WGS	GENOMIC	SINGLE	WGS of S. coelicolor CW6 10
SRR5362218	SRX2657999	SRS2061103	SRP102195	PRJNA369395	Capnocytophaga sp. H4358	H4358	PACBIO_SMRT	PacBio RS II	2386768658.0	163482.0	WGS	GENOMIC	SINGLE	
SRR15989302	SRX12277565	SRS9998471	SRP357537	PRJNA801416	Escherichia coli	E801	OXFORD_NANOPORE	GridION	617440708.0	110851.0	WGS	GENOMIC	SINGLE	Whole Genome Sequencing of Carbapenemase-producing Enterobacterales (CPE)
SRR25244093	SRX20990299	SRS18264886	SRP448752	PRJNA993787	Actinoplanes sichuanensis	03-723	OXFORD_NANOPORE	PromethION	2477099921.0	604542.0	WGS	GENOMIC	SINGLE	WGS of Actinoplanes sichuanensis
SRR27352629	SRX23029139	SRS19991023	SRP480168	PRJNA1057299	Clostridioides difficile	cd220719_barcode70	OXFORD_NANOPORE	MinION	1038640204.0	580633.0	WGS	GENOMIC	SINGLE	Clostridioides difficile strain cd220719_barcode70
SRR31401768	SRX26771027	SRS22681356	SRP074197	PRJNA288601	Acinetobacter baumannii	2024CK-01391	OXFORD_NANOPORE	GridION	497881039.0	95752.0	WGS	GENOMIC	SINGLE	Nanopore sequencing of ARLN isolate
SRR34687335	SRX29822990	SRS25926480	SRP602975	PRJNA1288210	Fructobacillus sp. ESL1129	ESL1129	OXFORD_NANOPORE	GridION	363217245.0	184000.0	WGS	GENOMIC	SINGLE	ONT WGS of Fructobacillus isolated from stingless bee gut
SRR33968463	SRX29167133	SRS25367631	SRP591870	PRJNA1276484	Mycobacteroides abscessus		OXFORD_NANOPORE	MinION	982228350.0	158815.0	WGS	GENOMIC	SINGLE	CW26185
ERR13600687	ERX12971710	ERS16474097	ERP132614	PRJEB48268	Klebsiella pneumoniae		OXFORD_NANOPORE	GridION	1352573677.0	51515.0	WGS	GENOMIC	SINGLE	GridION sequencing
SRR35178717	SRX30283631	SRS26332689	SRP614097	PRJNA1293422	Proteus mirabilis	HUP09	OXFORD_NANOPORE	PromethION	2491153733.0	562440.0	WGS	GENOMIC	SINGLE	Whole-genome sequencing of Proteus mirabilis
ERR14711293	ERX14112720	ERS23791284	ERP170064	PRJEB86764	Enterobacter hormaechei		OXFORD_NANOPORE	MinION	2354944278.0	661573.0	WGS	GENOMIC	SINGLE	EXP-7-1-2025-03-10_14-43-23
ERR13194374	ERX12565239	ERS20185886	ERP160059	PRJEB75483	Variovorax paradoxus		OXFORD_NANOPORE	MinION	139167617.0	30260.0	WGS	GENOMIC	SINGLE	MinION sequencing
ERR968276	ERX1045254	ERS715407	ERP005928	PRJEB6403	Klebsiella terrigena	NCTC13098	PACBIO_SMRT	PacBio RS	441790588.0	163482.0	WGS	GENOMIC	SINGLE	PacBio RS sequencing
SRR8179781	SRX4999854	SRS4034702	SRP040661	PRJNA231221	Chryseobacterium indologenes	FDAARGOS_510	PACBIO_SMRT	PacBio RS	165846054.0	163482.0	WGS	GENOMIC	SINGLE	
SRR3356468	SRX1629588	SRS1337143	SRP071681	PRJNA299666	Escherichia coli	28RC1	PACBIO_SMRT	PacBio RS II	797863734.0	84524.0	WGS	GENOMIC	SINGLE	Genome sequences of Escherichia coli O157:H7 strain 28RC
SRR801656	SRX255779	SRS000462	SRP020003	PRJNA194437	Escherichia coli str. K-12 substr. MG1655	K-12	PACBIO_SMRT	PacBio RS	197519110.0	81741.0	WGS	GENOMIC	SINGLE	E. coli K12 PacBio RS C2 CCS sequencing
ERR10360396	ERX9892484	ERS13425624	ERP140717	PRJEB55793	Clostridium perfringens		OXFORD_NANOPORE	MinION	2195311342.0	637560.0	WGS	GENOMIC	SINGLE	MinION sequencing
ERR10497680	ERX10014969	ERS14254681	ERP142629	PRJEB57633	Escherichia coli		OXFORD_NANOPORE	GridION	99738942.0	13082.0	WGS	GENOMIC	SINGLE	Raw reads: ONT_30224_1#103
DRR378569	DRX364470	DRS241807	DRP008598	PRJDB13586	Campylobacter jejuni	THJ014	OXFORD_NANOPORE	MinION	12448711.0	7018.0	WGS	GENOMIC	SINGLE	SSUB21860 : Campylobacter jejuni THJ014
SRR6175452	SRX3286210	SRS2590159	SRP119892	PRJNA384283	Paenibacillus donghaensis	KCTC 13049	PACBIO_SMRT	PacBio RS II	8542333.0	1.0	WGS	GENOMIC	SINGLE	Whole genome sequencing of marine bacteria
ERR10472481	ERX9992826	ERS6795176	ERP109413	PRJEB27342	Klebsiella pneumoniae		PACBIO_SMRT	Sequel II	6559789986.0	1135496.0	WGS	GENOMIC	SINGLE	Sequel II sequencing
SRR26621751	SRX22322616	SRS19373227	SRP469523	PRJNA1033390	Cyanobacterium aponinum UTEX 3221	UTEX 3221	OXFORD_NANOPORE	PromethION	857363260.0	113319.0	WGS	GENOMIC	SINGLE	Nanopore sequencing of UTEX 3221
SRR15604016	SRX11901531	SRS9912599	SRP334005	PRJNA757571	Staphylococcus epidermidis		OXFORD_NANOPORE	MinION	94933104.0	7537.0	WGS	GENOMIC	SINGLE	WGS of Staphylococcus epidermidis isolate
SRR14675953	SRX11014434	SRS9087347	SRP321756	PRJNA563543	Yersinia canariae	NCTC 14382	OXFORD_NANOPORE	MinION	9317405278.0	1348728.0	WGS	GENOMIC	SINGLE	ONT raw fastq of Y. canariae NCTC 14382
SRR24314884	SRX20109753	SRS17352581	SRP433373	PRJNA956928	Enterobacter hormaechei	RMCH-M19-N	OXFORD_NANOPORE	MinION	687680250.0	427079.0	WGS	GENOMIC	SINGLE	Nanopore WGS of drug resistant Enterobacter hormaechei
SRR900992	SRX305946	SRS444954	SRP026037	PRJNA191790	Mycobacterium kansasii 662	662	PACBIO_SMRT	PacBio RS	97676296.0	81741.0	WGS	GENOMIC	SINGLE	
ERR12736516	ERX12110445	ERS18417565	ERP152806	PRJEB67799	Prevotella bivia		OXFORD_NANOPORE	MinION	60996746.0	36214.0	WGS	GENOMIC	SINGLE	MinION sequencing
ERR9364073	ERX8906322	ERS11202298	ERP136327	PRJEB51675	Vibrio cholerae O1 biovar El Tor	not provided	OXFORD_NANOPORE	MinION	763997616.0	64018.0	WGS	GENOMIC	SINGLE	MinION sequencing
ERR2564843	ERX2583187	ERS2016261	ERP005928	PRJEB6403	Burkholderia oklahomensis		PACBIO_SMRT	PacBio RS	992735399.0	163482.0	WGS	GENOMIC	SINGLE	PacBio RS sequencing
SRR18681657	SRX14782840	SRS12539615	SRP368114	PRJNA824420	Escherichia coli	GD02964_ECOL_HY_81	OXFORD_NANOPORE	MinION	413266326.0	51106.0	WGS	GENOMIC	SINGLE	Long-read sequencing of Escherichia coli: isolate #81 urine
ERR2195674	ERX2251697	ERS1826192	ERP005928	PRJEB6403	Faucicola atlantae		PACBIO_SMRT	PacBio RS	55533209.0	163482.0	WGS	GENOMIC	SINGLE	PacBio RS sequencing
SRR19787641	SRX15831710	SRS13522801	SRP383167	PRJNA851853	Salmonella enterica	2011K-0104_ONT	OXFORD_NANOPORE	GridION	2447797794.0	697931.0	WGS	GENOMIC	SINGLE	WGS of Salmonella enterica serovar Enteritidis
ERR13600610	ERX12971633	ERS15599795	ERP132614	PRJEB48268	Klebsiella pneumoniae		OXFORD_NANOPORE	GridION	1314747834.0	153322.0	WGS	GENOMIC	SINGLE	GridION sequencing
SRR18191554	SRX14338196	SRS12152213	SRP362168	PRJNA808207	Escherichia coli	ECA447	OXFORD_NANOPORE	MinION	302983588.0	88380.0	WGS	GENOMIC	SINGLE	MinION whole genome sequencing of STEC from ruminants
ERR10769122	ERX10220016	ERS2785241	ERP104475	PRJEB22771	Streptococcus pneumoniae		PACBIO_SMRT	Sequel II	1646697778.0	243008.0	WGS	GENOMIC	SINGLE	Sequel II sequencing
SRR16775435	SRX12974722	SRS10915557	SRP215816	PRJNA470993	Staphylococcus aureus		PACBIO_SMRT	PacBio RS II	1342068052.0	173144.0	WGS	GENOMIC	SINGLE	WGS of Staphylococcus aureus
SRR35556863	SRX30631197	SRS3409623	SRP150360	PRJNA475751	Enterococcus faecium	VRE32650	OXFORD_NANOPORE	MinION	525274712.0	169975.0	WGS	GENOMIC	SINGLE	WGS Sequencing of Enterococcus faecium
SRR8306351	SRX5120853	SRS2995532	SRP018785	PRJNA186035	Salmonella enterica subsp. enterica serovar Oranienburg	CFSAN073549	PACBIO_SMRT	Sequel	46420698.0	15307.0	WGS	GENOMIC	SINGLE	Whole genome PacBio Sequel sequence of Salmonella enterica
ERR10497914	ERX10015203	ERS14254404	ERP142629	PRJEB57633	Escherichia coli		OXFORD_NANOPORE	GridION	88419885.0	14894.0	WGS	GENOMIC	SINGLE	Raw reads: ONT_30345_1#325
SRR4181347	SRX2142583	SRS1674039	SRP086963	PRJNA303843	Tsukamurella pulmonis	DSM 44142	PACBIO_SMRT	PacBio RS	1079252507.0	262310.0	WGS	GENOMIC	SINGLE	Tsukamurella pulmonis DSM 44142
SRR24140390	SRX19938687	SRS17287396	SRP247747	PRJNA604975	Escherichia coli	ox_bsi_340	OXFORD_NANOPORE	GridION	285887483.0	90185.0	WGS	GENOMIC	SINGLE	oxford_bsi
SRR31480959	SRX26849364	SRS23333080	SRP547242	PRJNA1188493	Bacillus cereus	C45	OXFORD_NANOPORE	GridION	1582115285.0	428593.0	WGS	GENOMIC	SINGLE	WGS of Bacillus Cereus
SRR23239696	SRX19186067	SRS16596946	SRP250621	PRJNA565663	Acinetobacter baumannii Canada BC-5	Canada BC-5	OXFORD_NANOPORE	MinION	161270002.0	28040.0	WGS	GENOMIC	SINGLE	Long read sequencing of Acinetobacter baumannii Canada BC-5
SRR8494923	SRX5299460	SRS4294129	SRP181880	PRJNA422511	Escherichia coli		OXFORD_NANOPORE	MinION	2864036191.0	176986.0	WGS	GENOMIC	SINGLE	Oxford Nanopore MinION WGS of Escherichia coli
SRR2925022	SRX1438327	SRS1168974	SRP066412	PRJNA301977	Clostridium botulinum	CDC_54064	PACBIO_SMRT	PacBio RS II	826463810.0	125918.0	WGS	GENOMIC	SINGLE	NPD_1_PacBio
SRR12395224	SRX8893673	SRS7152695	SRP276100	PRJNA650381	Mycobacterium tuberculosis		OXFORD_NANOPORE	MinION	618789545.0	366654.0	WGS	GENOMIC	SINGLE	Nanopore TB WGS
SRR26135306	SRX21848674	SRS18945931	SRP462494	PRJNA1019784	Shigella sonnei	3.6.1.1.2	OXFORD_NANOPORE	GridION	773652225.0	463559.0	WGS	GENOMIC	SINGLE	WGS of Shigella in Vancouver, 2021-23
SRR33388010	SRX28630905	SRS24901917	SRP582414	PRJNA1199983	Glaesserella parasuis	LSR012	OXFORD_NANOPORE	MinION	394483780.0	55699.0	WGS	GENOMIC	SINGLE	WGS of Glaesserella parasuis
DRR013334	DRX012161	DRS012029	DRP001131	PRJDB2329	Helicobacter pylori F16		PACBIO_SMRT	PacBio RS	2825.0	2.0	WGS	GENOMIC	SINGLE	Helicobacter pylori methylome analysis
SRR24140063	SRX19938342	SRS17287051	SRP247747	PRJNA604975	Escherichia coli	ox_bsi_148	OXFORD_NANOPORE	GridION	183040615.0	85935.0	WGS	GENOMIC	SINGLE	oxford_bsi
ERR4699901	ERX4620929	ERS5112964	ERP124203	PRJEB40551	Klebsiella pneumoniae		OXFORD_NANOPORE	GridION	2331353822.0	221878.0	WGS	GENOMIC	SINGLE	GridION sequencing
ERR10676292	ERX10144056	ERS14333391	ERP143248	PRJEB58185	Campylobacter jejuni		OXFORD_NANOPORE	MinION	227574662.0	378031.0	WGS	GENOMIC	PAIRED	MinION paired end sequencing
ERR987686	ERX1068944	ERS743087	ERP005928	PRJEB6403	Escherichia coli	NCTC9010	PACBIO_SMRT	PacBio RS	2313760360.0	163482.0	WGS	GENOMIC	SINGLE	PacBio RS sequencing
ERR2564852	ERX2583196	ERS2078716	ERP005928	PRJEB6403	Shigella boydii		PACBIO_SMRT	PacBio RS	1425567602.0	163482.0	WGS	GENOMIC	SINGLE	PacBio RS sequencing
ERR14707618	ERX14109052	ERS23781839	ERP159765	PRJEB75178	Escherichia coli		OXFORD_NANOPORE	MinION	1427647442.0	115555.0	WGS	GENOMIC	SINGLE	MinION sequencing
ERR14734618	ERX14135990	ERS23810519	ERP170065	PRJEB86767	Enterobacter hormaechei		OXFORD_NANOPORE	MinION	1013439376.0	200763.0	WGS	GENOMIC	SINGLE	EXP-4-1-2025-03-14_10-52-10
SRR19184135	SRX15249033	SRS12981613	SRP375062	PRJNA837734	Listeria monocytogenes	Isolate 15/27	OXFORD_NANOPORE	MinION	356592907.0	91602.0	WGS	GENOMIC	SINGLE	Nanopore sequencing of Listeria monocytogenes
SRR21416010	SRX17420478	SRS13526126	SRP361569	PRJNA768416	Paenibacillus sp. FSL H7-0943		OXFORD_NANOPORE	MinION	464986148.0	82560.0	WGS	GENOMIC	SINGLE	WGS of Bacilli
ERR14722645	ERX14124070	ERS23808841	ERP170274	PRJEB86979	Escherichia coli		OXFORD_NANOPORE	GridION	1745459114.0	946161.0	WGS	GENOMIC	SINGLE	GridION sequencing
SRR8173991	SRX4994499	SRS4029639	SRP168165	PRJNA482764	Sulfurimonas sp. CVO	CVO	PACBIO_SMRT	PacBio RS II	1353538803.0	303262.0	WGS	GENOMIC	SINGLE	WGS of Sulfurimonas CVO
SRR19820581	SRX15864340	SRS13526000	SRP361569	PRJNA768416	Bacillus sp. PS11(2022)		OXFORD_NANOPORE	MinION	366413091.0	77091.0	WGS	GENOMIC	SINGLE	WGS of Bacilli
ERR3685795	ERX3675399	ERS4047596	ERP114207	PRJEB31632	bacterium		OXFORD_NANOPORE	GridION	455498134.0	57619.0	WGS	GENOMIC	SINGLE	GridION sequencing
SRR31976243	SRX27331434	SRS23507045	SRP074197	PRJNA288601	Klebsiella pneumoniae	2024HL-01374	OXFORD_NANOPORE	MinION	1003853487.0	108806.0	WGS	GENOMIC	SINGLE	Long read sequencing of carbapenemase producing organisms
SRR27972652	SRX23625801	SRS20465733	SRP489819	PRJNA1076692	Escherichia coli	RIVM_C055339_dorado	OXFORD_NANOPORE	MinION	283844823.0	73355.0	WGS	GENOMIC	SINGLE	RIVM_C055339_dorado
SRR17330970	SRX13506530	SRS11401188	SRP352430	PRJNA792062	Klebsiella pneumoniae	RJ8061	PACBIO_SMRT	Sequel	6106028.0	8.0	WGS	GENOMIC	SINGLE	WGS of Klebsiella pneumoniae:RJ8061
SRR13955677	SRX10334088	SRS8453807	SRP310443	PRJNA714107	Mannheimia haemolytica	28488	PACBIO_SMRT	PacBio RS II	1395127537.0	409010.0	WGS	GENOMIC	SINGLE	PacBio reads of M. haemolytica
SRR36100371	SRX31145649	SRS26843068	SRP441867	PRJNA981541	Klebsiella pneumoniae		OXFORD_NANOPORE	MinION	510853.0	62.0	WGS	GENOMIC	SINGLE	WGS sequencing of Klebsiella pneumoniae
ERR13600783	ERX12971806	ERS5520956	ERP126193	PRJEB42350	Klebsiella pneumoniae		OXFORD_NANOPORE	GridION	1069171707.0	125578.0	WGS	GENOMIC	SINGLE	GridION sequencing
ERR12448421	ERX11824843	ERS17728799	ERP156572	PRJEB71788	Listeria monocytogenes		OXFORD_NANOPORE	GridION	449616232.0	35524.0	WGS	GENOMIC	SINGLE	Raw reads: ListPred_06_6837
ERR14686224	ERX14087743	ERS23773363	ERP169826	PRJEB86481	Escherichia coli str. K-12 substr. MG1655	K-12	OXFORD_NANOPORE	MinION	102673346.0	45810.0	WGS	GENOMIC	SINGLE	MinION sequencing
SRR28638968	SRX24232152	SRS21001250	SRP500683	PRJNA1098581	Yersinia pestis	133	OXFORD_NANOPORE	MinION	603255677.0	80058.0	WGS	GENOMIC	SINGLE	Whole-genome sequences of Yersinia pestis strain
SRR34958587	SRX30078432	SRS26144958	SRP608376	PRJNA1295998	Escherichia coli	G5	OXFORD_NANOPORE	GridION	886283380.0	520667.0	WGS	GENOMIC	SINGLE	WGS of E. coli
SRR5826158	SRX3003919	SRS1832556	SRP094480	PRJNA279196	Bordetella pertussis	F034	PACBIO_SMRT	PacBio RS II	939202664.0	163482.0	WGS	GENOMIC	SINGLE	
SRR8224475	SRX5042987	SRS4068400	SRP170001	PRJNA505979	Microbacterium sp. RG1	RG1	PACBIO_SMRT	PacBio RS II	816981426.0	163482.0	WGS	GENOMIC	SINGLE	Whole-genome sequencing of Microbacterium sp. RG1
SRR8179929	SRX5000002	SRS4034781	SRP040661	PRJNA231221	Staphylococcus haemolyticus	FDAARGOS_517	PACBIO_SMRT	PacBio RS	1198713682.0	163482.0	WGS	GENOMIC	SINGLE	
SRR34967288	SRX30086277	SRS26152600	SRP608514	PRJNA1305037	Escherichia coli	MI_KPC_159	OXFORD_NANOPORE	PromethION	424810001.0	92114.0	WGS	GENOMIC	SINGLE	KPC CRE collection from state of Michigan
SRR22784862	SRX18744582	SRS16179748	SRP413484	PRJNA912639	Escherichia coli	EC_G_9413_C1_H_CuN_CeN	OXFORD_NANOPORE	MinION	863847214.0	112000.0	WGS	GENOMIC	SINGLE	WGS of Escherichia coli
SRR35574262	SRX30647186	SRS26670430	SRP625638	PRJNA1320685	Escherichia coli	PO06101	OXFORD_NANOPORE	MinION	326320875.0	48944.0	WGS	GENOMIC	SINGLE	ONT Long-Read DNA Sequencing of PO06101 Dorado SUP basecalling
SRR28434575	SRX24038399	SRS20831666	SRP497546	PRJNA1091452	Klebsiella pneumoniae	KP10-PS	OXFORD_NANOPORE	MinION	1153161917.0	81298.0	WGS	GENOMIC	SINGLE	ONT performance study sequencing of K. pneumoniae
SRR24140122	SRX19938955	SRS17287664	SRP247747	PRJNA604975	Escherichia coli	ox_bsi_613	OXFORD_NANOPORE	GridION	554935328.0	99212.0	WGS	GENOMIC	SINGLE	oxford_bsi
ERR13600393	ERX12971416	ERS6631548	ERP109316	PRJEB27256	Klebsiella pneumoniae		OXFORD_NANOPORE	GridION	39101421.0	2628.0	WGS	GENOMIC	SINGLE	GridION sequencing
SRR15655205	SRX11952236	SRS9962061	SRP334479	PRJNA748437	Xanthomonas cucurbitae	KS_456	OXFORD_NANOPORE	GridION	1754129519.0	247773.0	WGS	GENOMIC	SINGLE	gDNA of Xanthomonas cucurbitae KS_456
SRR20461782	SRX16494206	SRS14130427	SRP387660	PRJNA860344	Streptomyces sp. Je 1-369	Je 1-369	OXFORD_NANOPORE	MinION	96954135.0	36969.0	WGS	GENOMIC	SINGLE	Streptomyces sp. Je 1-369
SRR14684524	SRX11022881	SRS8949585	SRP319238	PRJNA725976	Enterobacter asburiae	JBIWA002	OXFORD_NANOPORE	GridION	1529318511.0	124423.0	WGS	GENOMIC	SINGLE	GridION sequencing of Enterobacter asburiae JBIWA002
SRR26322389	SRX22030450	SRS18569900	SRP133964	PRJNA437002	Bacillus subtilis	PS-14	OXFORD_NANOPORE	MinION	745250353.0	129515.0	WGS	GENOMIC	SINGLE	WGS B. subtilis PS-14
SRR33768694	SRX28991384	SRS22397011	SRP444583	PRJNA962904	Klebsiella pneumoniae		PACBIO_SMRT	Sequel II	108123325.0	6216.0	WGS	GENOMIC	SINGLE	PacBio sequencing of AH0154HE1 for ARCH 2
SRR36920160	SRX31886378	SRS27841306	SRP665298	PRJNA1403646	Streptococcus anginosus	not applicable	OXFORD_NANOPORE	MinION	70569382.0	48916.0	WGS	GENOMIC	SINGLE	Long Reads for The Genomic Landscape of Head and Neck Cancer-associated Streptococci
ERR5295539	ERX5085164	ERS5649937	ERP126298	PRJEB42440	Klebsiella pneumoniae		OXFORD_NANOPORE	GridION	730271926.0	74457.0	WGS	GENOMIC	SINGLE	GridION sequencing
SRR10255745	SRX6973695	SRS5499096	SRP225016	PRJNA276168	Flavobacterium columnare	B185	PACBIO_SMRT	PacBio RS II	1382230052.0	163482.0	WGS	GENOMIC	SINGLE	B185
SRR5192453	SRX2508159	SRS1932279	SRP094389	PRJNA355405	Pseudomonas sp. R84	R84	PACBIO_SMRT	PacBio RS II	1101248184.0	163482.0	WGS	GENOMIC	SINGLE	Pseudomonas species R84, PacBio SMRTcell1
SRR31075287	SRX26458713	SRS22444111	SRP074197	PRJNA288601	Klebsiella oxytoca	2024CK-01266	OXFORD_NANOPORE	GridION	602283155.0	57151.0	WGS	GENOMIC	SINGLE	Nanopore sequencing of ARLN isolate
SRR5165189	SRX2482170	SRS1913756	SRP096401	PRJNA246207	Sinorhizobium meliloti	1021	PACBIO_SMRT	PacBio RS	323932356.0	197579.0	WGS	GENOMIC	SINGLE	Sinorhizobium meliloti 1021 bacteroid in symbiosis with Medicago truncatula
SRR18497246	SRX14628728	SRS12395233	SRP366159	PRJNA820346	Acinetobacter indicus	Q85-2_T	OXFORD_NANOPORE	GridION	429888082.0	77231.0	WGS	GENOMIC	SINGLE	The raw read data of Acinetobacrer indicus Q85-2
DRR786054	DRX764872	DRS528651	DRP013478	PRJDB21836	Alteromonas stellipolaris	6L2	PACBIO_SMRT	Revio	248867583.0	39474.0	WGS	GENOMIC	SINGLE	Revio sequencing of SAMD01693679
ERR13744143	ERX13145555	ERS16082398	ERP149426	PRJEB64289	Escherichia coli		PACBIO_SMRT	Sequel IIe	980487782.0	106725.0	WGS	GENOMIC	SINGLE	Sequel IIe sequencing
SRR8551771	SRX5353558	SRS4344807	SRP184754	PRJNA521537	Brevibacterium luteolum	NEB1784	PACBIO_SMRT	PacBio RS II	462110538.0	163482.0	WGS	GENOMIC	SINGLE	Blu1784
SRR21696405	SRX17693860	SRS11554230	SRP354045	PRJNA747871	Streptomyces sp. NBC_01324	NBC_01324	OXFORD_NANOPORE	MinION	236580404.0	49259.0	WGS	GENOMIC	SINGLE	nanopore sequencing data from strain NBC_01324
SRR17208878	SRX13388794	SRS11290155	SRP350362	PRJNA788148	Raoultella ornithinolytica	A2s	OXFORD_NANOPORE	MinION	3164741.0	586.0	WGS	GENOMIC	SINGLE	A2_r1_adaptive_8h
ERR1223219	ERX1295432	ERS904744	ERP005928	PRJEB6403	Yersinia enterocolitica	NCTC10460	PACBIO_SMRT	PacBio RS	1917463173.0	163482.0	WGS	GENOMIC	SINGLE	PacBio RS sequencing
SRR5740325	SRX2946166	SRS1613886	SRP068738	PRJNA292900	Enterobacter cloacae complex sp. AR_0050	AR_0050	PACBIO_SMRT	PacBio RS II	777644960.0	163482.0	WGS	GENOMIC	SINGLE	PacBio SMRT Sequencing of Enterobacter cloacae FDA-CDC-AR_0050 Genomic Library
SRR31540996	SRX26907928	SRS23387387	SRP548173	PRJNA1190675	Escherichia coli	The same strain as the one under SRA accession SRR12618416	OXFORD_NANOPORE	MinION	1925582655.0	327774.0	WGS	GENOMIC	SINGLE	ONT of TAS022
SRR27977441	SRX23630937	SRS20469348	SRP489860	PRJNA1076826	Klebsiella pneumoniae	K091	OXFORD_NANOPORE	MinION	159923688.0	19106.0	WGS	GENOMIC	SINGLE	Long read WGS of evolved K091 clone with pOXA-48
SRR23875562	SRX19687608	SRS17056721	SRP427596	PRJNA945221	Pseudomonas nitroreducens	L4	OXFORD_NANOPORE	GridION	1479214017.0	388237.0	WGS	GENOMIC	SINGLE	Nanopore
ERR985351	ERX1066572	ERS739096	ERP005928	PRJEB6403	Klebsiella pneumoniae	NCTC5056	PACBIO_SMRT	PacBio RS	1131935417.0	163482.0	WGS	GENOMIC	SINGLE	PacBio RS sequencing
ERR10769169	ERX10220063	ERS2784574	ERP104475	PRJEB22771	Streptococcus pneumoniae		PACBIO_SMRT	Sequel II	4084999634.0	554122.0	WGS	GENOMIC	SINGLE	Sequel II sequencing
SRR29081108	SRX24605286	SRS21342957	SRP508604	PRJNA1113402	Mycobacterium tuberculosis	H-20-0035	OXFORD_NANOPORE	MinION	127303981.0	123129.0	WGS	GENOMIC	SINGLE	WGS of clinical Mycobacterium tuberculosis isolates from the Philippines
SRR31133215	SRX26515143	SRS23027136	SRP541496	PRJNA761521	Pseudomonas sp. S5(2021)	S5(2021)	PACBIO_SMRT	PacBio RS II	717772057.0	106812.0	WGS	GENOMIC	SINGLE	complete sequence of pseudomonas sp. S5 strain
ERR8007904	ERX7573573	ERS9899286	ERP131998	PRJEB47698	Staphylococcus aureus		OXFORD_NANOPORE	MinION	11293618.0	11584.0	WGS	GENOMIC	SINGLE	MinION sequencing
SRR13289793	SRX9718953	SRS7252992	SRP278657	PRJNA658369	Klebsiella pneumoniae	ARLG-4861	OXFORD_NANOPORE	GridION	1290308514.0	230585.0	WGS	GENOMIC	SINGLE	ONT seq of K. pneumoniae
SRR8348396	SRX5159395	SRS3733237	SRP018785	PRJNA186035	Salmonella enterica subsp. enterica serovar Typhimurium	SAP18-6199	PACBIO_SMRT	PacBio RS II	358968303.0	163482.0	WGS	GENOMIC	SINGLE	Whole genome PacBio RS sequence of Salmonella enterica subsp. enterica serovar Typhimurium
DRR318656	DRX308004	DRS204048	DRP005160	PRJDB5843	Helicobacter pylori	OK311	PACBIO_SMRT	PacBio RS II	706545398.0	77369.0	WGS	GENOMIC	SINGLE	PacBio RS II sequencing of SAMD00394567
SRR9722786	SRX6480423	SRS5130487	SRP215816	PRJNA470993	Staphylococcus aureus	pt267	PACBIO_SMRT	PacBio RS II	1245111465.0	167988.0	WGS	GENOMIC	SINGLE	WGS of Staphylococcus aureus
SRR9722656	SRX6480113	SRS5130219	SRP215816	PRJNA470993	Staphylococcus aureus	ER04069.3	PACBIO_SMRT	PacBio RS II	1171097771.0	165115.0	WGS	GENOMIC	SINGLE	WGS of Staphylococcus aureus
SRR21131536	SRX17143794	SRS9277488	SRP392938	PRJNA672949	Xylella fastidiosa subsp. multiplex	BB08-1	OXFORD_NANOPORE	MinION			WGS	GENOMIC	SINGLE	Oxford Nanopore native genomic DNA of Xylella fastidiosa strain BB08-1
SRR386431	SRX109877	SRS212335	SRP007231	PRJNA49881	Scardovia wiggsiae F0424	F0424	PACBIO_SMRT	PacBio RS	33097345.0	81741.0	WGS	GENOMIC	SINGLE	Whole Genome Sequencing and Assembly
ERR13510129	ERX12880045	ERS18629887	ERP158153	PRJEB73354	Klebsiella pneumoniae		OXFORD_NANOPORE	MinION	247121046.0	47533.0	WGS	GENOMIC	SINGLE	MinION sequencing
SRR28926172	SRX24482261	SRS20651924	SRP395888	PRJNA812595	Elizabethkingia anophelis	2024CK-00261	OXFORD_NANOPORE	GridION	315353274.0	27782.0	WGS	GENOMIC	SINGLE	Nanopore sequencing of ARLN isolate
SRR17042238	SRX13232040	SRS11156889	SRP347685	PRJNA782308	Bradyrhizobium sp. 62B	62B	OXFORD_NANOPORE	MinION	24759069.0	5560.0	WGS	GENOMIC	SINGLE	Nanopore WGS of Bradyrhizobium sp. 62B
SRR14766076	SRX11099528	SRS9146310	SRP322962	PRJNA735604	Vibrio alginolyticus	K01M1	PACBIO_SMRT	Sequel	1764558178.0	414967.0	WGS	GENOMIC	SINGLE	VALG PacBio-Seq
SRR12045618	SRX8574297	SRS6866279	SRP040661	PRJNA231221	Thomasclavelia ramosa	FDAARGOS_906	PACBIO_SMRT	PacBio RS	2221972055.0	163482.0	WGS	GENOMIC	SINGLE	
SRR29748376	SRX25249376	SRS21932842	SRP518629	PRJNA1133199	Streptococcus dysgalactiae subsp. equisimilis	DMG2302369	OXFORD_NANOPORE	GridION	1672151594.0	545570.0	WGS	GENOMIC	SINGLE	ONT WGS of Streptococcus dysgalactiae subsp. equisimilis
SRR18729580	SRX14829787	SRS12585776	SRP369762	PRJNA825705	Klebsiella pneumoniae	ST-1308	OXFORD_NANOPORE	MinION	522884074.0	66938.0	WGS	GENOMIC	SINGLE	ONT sequencing of Klebsiella pneumoniae: sample 11SUS
DRR667271	DRX647373	DRS457025	DRP012869	PRJDB20344	Desulfosoma profundi	JCM 16410	OXFORD_NANOPORE	MinION	3035672785.0	743607.0	WGS	GENOMIC	SINGLE	MinION sequencing of SAMD00887329
ERR10490992	ERX10010303	ERS7104603	ERP109413	PRJEB27342	Raoultella ornithinolytica		PACBIO_SMRT	Sequel II	6532948050.0	1354609.0	WGS	GENOMIC	SINGLE	Sequel II sequencing
ERR13326735	ERX12697763	ERS20295485	ERP161282	PRJEB76791	Salmonella enterica subsp. enterica serovar Agona		OXFORD_NANOPORE	MinION	231784193.0	92596.0	WGS	GENOMIC	SINGLE	MinION sequencing
SRR498001	SRX148634	SRS281882	SRP013241	PRJNA73829	Vibrio cholerae		PACBIO_SMRT	PacBio RS	2427917.0	6424.0	WGS	GENOMIC	SINGLE	
SRR709983	SRX228399	SRS416710	SRP021605	PRJNA88853	Enterococcus haemoperoxidus ATCC BAA-382	ATCC BAA-382	PACBIO_SMRT	PacBio RS	221182994.0	81741.0	WGS	GENOMIC	SINGLE	Pacbio whole genome shotgun sequencing of genomic DNA library 'PACBIO-317' containing sample 'BAA-382' from individual 'Enterococcus haemoperoxidus BAA-382'
SRR9855330	SRX6609352	SRS5173586	SRP065910	PRJNA300270	Acinetobacter baumannii	CFSAN093706	PACBIO_SMRT	Sequel	31042639.0	4362.0	WGS	GENOMIC	SINGLE	Whole genome PacBio Sequel sequence of Acinetobacter baumannii
SRR33769269	SRX28991500	SRS22455727	SRP444583	PRJNA962904	Escherichia coli		PACBIO_SMRT	Sequel II	301242436.0	15708.0	WGS	GENOMIC	SINGLE	PacBio sequencing of AH0343HE1 for ARCH 2
DRR538147	DRX521966	DRS397781	DRP011824	PRJDB17661	Parabacteroides merdae	i12-0019-D2	PACBIO_SMRT	Sequel	388959805.0	30049.0	WGS	GENOMIC	SINGLE	Sequel single end sequencing of  SAMD00758997
SRR13899764	SRX10279414	SRS8411473	SRP309845	PRJNA707339	Entomoplasma sp. MP1	MP1	OXFORD_NANOPORE	MinION	59632.0	21.0	WGS	GENOMIC	SINGLE	minION WGS of entomoplasma monodon from Penaeus monodon
ERR10498566	ERX10015855	ERS14255355	ERP142629	PRJEB57633	Escherichia coli		OXFORD_NANOPORE	GridION	81042877.0	10547.0	WGS	GENOMIC	SINGLE	Raw reads: ONT_30348_2#335
SRR9849538	SRX6604175	SRS5169155	SRP216572	PRJNA556977	Bordetella pertussis	NZ7	OXFORD_NANOPORE	MinION	503957147.0	101164.0	WGS	GENOMIC	SINGLE	ONT sequencing of Bordetella pertussis NZ7
SRR1574293	SRX700252	SRS700439	SRP047073	PRJNA251378	Klebsiella pneumoniae subsp. pneumoniae	KPNIH30	PACBIO_SMRT	PacBio RS	843593758.0	183199.0	WGS	GENOMIC	SINGLE	PacBio SMRT Sequencing of Klebsiella pneumoniae KPNIH30 Genomic Library
SRR24807243	SRX20579502	SRS17881491	SRP338930	PRJNA766641	Mycobacterium tuberculosis	IDR 2200023807	OXFORD_NANOPORE	MinION	21912697.0	25474.0	WGS	GENOMIC	SINGLE	MinION sequencing of TB isolates
SRR30231018	SRX25692919	SRS22324926	SRP526022	PRJNA1147599	Klebsiella pneumoniae	Z0317KP0159-M	PACBIO_SMRT	Sequel II	1865688352.0	6177776.0	WGS	GENOMIC	SINGLE	WGS of Klebsiella pneumoniae: ward
SRR31303469	SRX26681602	SRS23174458	SRP544363	PRJNA1133929	Bordetella pertussis	YW32	PACBIO_SMRT	Sequel IIe	2289685549.0	162768.0	WGS	GENOMIC	PAIRED	Genome sequencing for Bordetella pertussis
ERR15182972	ERX14588362	ERS25120928	ERP160948	PRJEB76420	Chlamydia suis		OXFORD_NANOPORE	MinION			WGS	GENOMIC	SINGLE	MinION sequencing
SRR1178098	SRX477326	SRS562886	SRP039024	PRJNA212471	Rickettsia amblyommatis str. Ac37		PACBIO_SMRT	PacBio RS	426013987.0	163482.0	WGS	GENOMIC	SINGLE	
SRR26386656	SRX22092787	SRS19158748	SRP466359	PRJNA660241	Salmonella sp. 2184	2184	PACBIO_SMRT	PacBio RS	1147395600.0	3824652.0	WGS	GENOMIC	PAIRED	Salmonella enterica Genome sequencing
SRR28335537	SRX23943711	SRS20745609	SRP495061	PRJNA1083468	Homo sapiens		OXFORD_NANOPORE	MinION	1838127196.0	644405.0	WGS	GENOMIC	SINGLE	Nanopore sequencing of Shigella-infected T84 colon cells: 24h BrdU incorporation
SRR30574400	SRX25997457	SRS22571225	SRP531125	PRJNA1155659	Vibrio parahaemolyticus	VB18PR-0177-1_long	OXFORD_NANOPORE	MinION	821399990.0	255135.0	WGS	GENOMIC	SINGLE	Oxford Nanopore reads of Vibrio
ERR13194303	ERX12565168	ERS20185815	ERP160059	PRJEB75483	Trinickia sp. LjRoot230		OXFORD_NANOPORE	MinION	162242751.0	24477.0	WGS	GENOMIC	SINGLE	MinION sequencing
ERR15423946	ERX14827890	ERS25261072	ERP176764	PRJEB93885	Escherichia coli		OXFORD_NANOPORE	PromethION	675018373.0	94279.0	WGS	GENOMIC	SINGLE	Raw reads: run0_pilot_96_ont_AF35
SRR801662	SRX255779	SRS000462	SRP020003	PRJNA194437	Escherichia coli str. K-12 substr. MG1655	K-12	PACBIO_SMRT	PacBio RS	263300892.0	81741.0	WGS	GENOMIC	SINGLE	E. coli K12 PacBio RS C2 CCS sequencing
SRR19843342	SRX15887046	SRS12114998	SRP361569	PRJNA768416	Bacillus sp. FSL K6-6483	FSL K6-6483	OXFORD_NANOPORE	MinION	1466403986.0	202095.0	WGS	GENOMIC	SINGLE	WGS of Bacilli
SRR29820034	SRX25318917	SRS21988526	SRP519730	PRJNA1135485	Salmonella		OXFORD_NANOPORE	MinION	977620686.0	211435.0	WGS	GENOMIC	SINGLE	WGS Salmonella isolates from cattle
ERR10491008	ERX10010319	ERS7104627	ERP109413	PRJEB27342	Klebsiella planticola		PACBIO_SMRT	Sequel II	5869648547.0	1166575.0	WGS	GENOMIC	SINGLE	Sequel II sequencing
DRR482576	DRX466802	DRS312817	DRP010188	PRJDB15932	Campylobacter jejuni	BCH-11447	OXFORD_NANOPORE	MinION	80630090.0	7955.0	WGS	GENOMIC	SINGLE	SSUB025744: Campylobacter jejuni BCH-11447
SRR31598713	SRX26963773	SRS23433485	SRP549287	PRJNA1185485	Escherichia coli	757	OXFORD_NANOPORE	PromethION	1155358121.0	216000.0	WGS	GENOMIC	SINGLE	W3R-barcode87
SRR13448666	SRX9861865	SRS8041966	SRP295672	PRJNA681856	Salmonella enterica	LHICA_E3	OXFORD_NANOPORE	MinION	40466768.0	4000.0	WGS	GENOMIC	SINGLE	WGS of Salmonella Lhica E3_41
ERR15195558	ERX14601262	ERS25143991	ERP160948	PRJEB76420	Klebsiella oxytoca		OXFORD_NANOPORE	MinION			WGS	GENOMIC	SINGLE	MinION sequencing
SRR19843332	SRX15887056	SRS12115016	SRP361569	PRJNA768416	Paenibacillus sp. FSL H3-0333	FSL H3-0333	OXFORD_NANOPORE	MinION	503609400.0	83721.0	WGS	GENOMIC	SINGLE	WGS of Bacilli
SRR29081064	SRX24605330	SRS21343006	SRP508604	PRJNA1113402	Mycobacterium tuberculosis	TH-20-6620	OXFORD_NANOPORE	MinION	138695285.0	149301.0	WGS	GENOMIC	SINGLE	WGS of clinical Mycobacterium tuberculosis isolates from the Philippines
SRR498019	SRX148634	SRS281882	SRP013241	PRJNA73829	Vibrio cholerae		PACBIO_SMRT	PacBio RS	2560545.0	6435.0	WGS	GENOMIC	SINGLE	
SRR28621580	SRX24219634	SRS20989490	SRP500852	PRJNA1086967	Mesorhizobium sp. RIZ17	RIZ17	PACBIO_SMRT	Sequel II	606330467.0	67702.0	WGS	GENOMIC	SINGLE	Mesorhizobium sp. RIZ17
ERR10109140	ERX9646321	ERS12768544	ERP140370	PRJEB55472	Chlamydia gallinacea		OXFORD_NANOPORE	MinION	201431145.0	120959.0	WGS	GENOMIC	SINGLE	MinION sequencing
SRR24462671	SRX20249536	SRS17582401	SRP436364	PRJNA970070	Vibrio cholerae	M819	OXFORD_NANOPORE	GridION	985346676.0	114544.0	WGS	GENOMIC	SINGLE	Genomic evidence of the transmissions in early seventh cholera pandemic
ERR2504008	ERX2523251	ERS2362371	ERP107644	PRJEB25703	Neisseria gonorrhoeae		OXFORD_NANOPORE	MinION	419153565.0	37324.0	WGS	GENOMIC	SINGLE	MinION sequencing
DRR244095	DRX233892	DRS128569	DRP006529	PRJDB10522	Pseudomonas aeruginosa	NCGM3661	OXFORD_NANOPORE	MinION	507357898.0	37636.0	WGS	GENOMIC	SINGLE	MinION sequencing of SAMD00193248
SRR10740753	SRX7416349	SRS922841	SRP018785	PRJNA186035	Salmonella enterica subsp. enterica serovar Muenchen	CFSAN029894	PACBIO_SMRT	Sequel	64981821.0	8677.0	WGS	GENOMIC	SINGLE	Whole genome PacBio Sequel sequence of Salmonella enterica
ERR3253102	ERX3279906	ERS2016214	ERP005928	PRJEB6403	Aliarcobacter cryaerophilus		PACBIO_SMRT	Sequel	510808205.0	134167.0	WGS	GENOMIC	SINGLE	Sequel sequencing
SRR31705078	SRX27066657	SRS23527296	SRP551264	PRJNA1197770	Escherichia coli	Not applicable	OXFORD_NANOPORE	MinION	3683799.0	2334.0	WGS	GENOMIC	SINGLE	Escherichia coli :Pig
SRR6976408	SRX3918021	SRS3153099	SRP139228	PRJNA442011	Janthinobacterium sp. 77	77	PACBIO_SMRT	PacBio RS II	438597913.0	97079.0	WGS	GENOMIC	SINGLE	Janthinobacterium sp. 77
SRR13182646	SRX9620525	SRS7822604	SRP040661	PRJNA231221	Staphylococcus aureus	FDAARGOS_1246	PACBIO_SMRT	Sequel	1980665977.0	665688.0	WGS	GENOMIC	SINGLE	
ERR13326783	ERX12697811	ERS20295404	ERP161282	PRJEB76791	Salmonella enterica subsp. enterica serovar Agona		OXFORD_NANOPORE	MinION	458459353.0	71689.0	WGS	GENOMIC	SINGLE	MinION sequencing
SRR534090	SRX174145	SRS010315	SRP001878	PRJNA40009	Bacteroides eggerthii 1_2_48FAA	1_2_48FAA	PACBIO_SMRT	PacBio RS	107424907.0	81741.0	WGS	GENOMIC	SINGLE	Whole Genome Sequencing and Assembly
SRR17880885	SRX14040194	SRS10450452	SRP340037	PRJNA768294	Klebsiella variicola subsp. tropica	CDC4241-71	PACBIO_SMRT	PacBio RS II	186021571.0	45651.0	WGS	GENOMIC	SINGLE	Genomic sequencing of SB94
SRR31541015	SRX26907909	SRS23387368	SRP548173	PRJNA1190675	Escherichia coli	The same strain as the one under SRA accession SRR7265951	OXFORD_NANOPORE	MinION	946729088.0	127358.0	WGS	GENOMIC	SINGLE	ONT of TAS194
ERR10499409	ERX10016695	ERS14256927			Escherichia coli		OXFORD_NANOPORE	GridION	104044220.0	7932.0	WGS	GENOMIC	SINGLE	GridION sequencing; Raw reads: ONT_30224_1#191
DRR242208	DRX232008	DRS165251	DRP006773	PRJDB10450	Escherichia coli	Zam_UTH_26	OXFORD_NANOPORE	MinION	183640460.0	50166.0	WGS	GENOMIC	SINGLE	MinION sequencing of SAMD00243969
ERR8007769	ERX7573438	ERS9899359	ERP131998	PRJEB47698	Rhizobium sp. NK-4		OXFORD_NANOPORE	MinION	846097950.0	130564.0	WGS	GENOMIC	SINGLE	MinION sequencing
SRR27145114	SRX22826805	SRS19807587	SRP476597	PRJNA1050168	Klebsiella pneumoniae	not applicable	OXFORD_NANOPORE	GridION	1200000173.0	164268.0	WGS	GENOMIC	SINGLE	Nanopore-Seq of Klebsiella pneumonia outbreak samples
ERR14879214	ERX14284812	ERS23989840	ERP171580	PRJEB88489	Campylobacter coli		OXFORD_NANOPORE	MinION			WGS	GENOMIC	SINGLE	MinION sequencing
ERR10472467	ERX9992812	ERS6795336	ERP109413	PRJEB27342	Klebsiella pneumoniae		PACBIO_SMRT	Sequel II	140231410.0	18789.0	WGS	GENOMIC	SINGLE	Sequel II sequencing
SRR33320306	SRX28564774	SRS24220570	SRP074197	PRJNA288601	Enterobacter hormaechei		OXFORD_NANOPORE	GridION	857106545.0	87258.0	WGS	GENOMIC	SINGLE	Nanopore sequencing of ARLN isolate
SRR15342207	SRX11646426	SRS9679571	SRP331089	PRJNA561159	Agrobacterium fabrum	Kin001	OXFORD_NANOPORE	GridION	220763101.0	27378.0	WGS	GENOMIC	SINGLE	Nanopore reads of A. tumefaciens
SRR31935048	SRX27292092	SRS14304184	SRP388186	PRJNA862465	Campylobacter lari	RM16703	OXFORD_NANOPORE	MinION	621261215.0	161499.0	WGS	GENOMIC	SINGLE	Whole genome sequencing of urease-positive (UPTC) Campylobacter lari
SRR12247556	SRX8755611	SRS6976479	SRP266402	PRJNA605147	Klebsiella aerogenes	RHB11-E1-C08	OXFORD_NANOPORE	GridION	321387796.0	50444.0	WGS	GENOMIC	SINGLE	Oxford Nanopore sequencing of Klebsiella aerogenes isolate RH10|T1-E1C08 cultured from cattle farm sediment sample
ERR14686349	ERX14087868	ERS23773263	ERP169826	PRJEB86481	Escherichia coli str. K-12 substr. MG1655	K-12	OXFORD_NANOPORE	MinION	204586828.0	79861.0	WGS	GENOMIC	SINGLE	MinION sequencing
SRR24140050	SRX19938355	SRS17287064	SRP247747	PRJNA604975	Escherichia coli	ox_bsi_160	OXFORD_NANOPORE	GridION	1208190217.0	409871.0	WGS	GENOMIC	SINGLE	oxford_bsi
ERR12328545	ERX11705349	ERS17177500	ERP155552	PRJEB70626	Mycobacterium tuberculosis		OXFORD_NANOPORE	MinION	44553313.0	17458.0	WGS	GENOMIC	SINGLE	MinION sequencing
SRR10519624	SRX7204466	SRS5709267	SRP231794	PRJNA330529	Clostridium beijerinckii	DJ031	PACBIO_SMRT	PacBio RS II	945450789.0	250113.0	WGS	GENOMIC	SINGLE	Clostridium beijerenckii 031
SRR13575513	SRX9973345	SRS8145954	SRP303741	PRJNA695586	Streptococcus pyogenes	M4C20	OXFORD_NANOPORE	MinION	2832225.0	4000.0	WGS	GENOMIC	SINGLE	Whole genome sequence of Streptococcus pyogenes strain M4C20
ERR1246958	ERX1318896	ERS945396	ERP010683	PRJEB9562	Salmonella sp.		PACBIO_SMRT	PacBio RS	2992868962.0	163482.0	WGS	GENOMIC	SINGLE	PacBio RS sequencing
ERR14686219	ERX14087738	ERS23773358	ERP169826	PRJEB86481	Escherichia coli str. K-12 substr. MG1655	K-12	OXFORD_NANOPORE	MinION	114307015.0	54871.0	WGS	GENOMIC	SINGLE	MinION sequencing
SRR23384576	SRX19323085	SRS16721166	SRP421698	PRJNA924056	Citrobacter freundii	CPO371	OXFORD_NANOPORE	MinION	176108818.0	17155.0	WGS	GENOMIC	SINGLE	WGS of bacterial isolate possessing blaIMP-4 carbapenemase
SRR516873	SRX148633	SRS281882	SRP013241	PRJNA73829	Vibrio cholerae		PACBIO_SMRT	PacBio RS	41456314.0	60667.0	WGS	GENOMIC	SINGLE	Whole Genome Sequencing of Haitian Vibrio cholerae: Continuous Long Read (CLR) data
SRR388168	SRX110625	SRS281881	SRP001137	PRJNA52007	Mycobacterium tuberculosis KZN 1435	KZN MDR	PACBIO_SMRT	PacBio RS	99602252.0	81741.0	WGS	GENOMIC	SINGLE	Whole Genome Sequencing and Assembly
SRR36035656	SRX31084773	SRS27072668	SRP644837	PRJNA1364846	Campylobacter coli	GPT20-006	OXFORD_NANOPORE	GridION	66023674.0	16345.0	WGS	GENOMIC	SINGLE	Campylobacter coli, DBT kit, 12-plex and 200 ng DNA, replicate 3
SRR30949570	SRX26352216	SRS22817174	SRP536567	PRJNA1165464	Escherichia coli	Not applicable	OXFORD_NANOPORE	MinION	681702119.0	117643.0	WGS	GENOMIC	SINGLE	Nanopore sequencing of E.coli: blood isolate
ERR14225673	ERX13625955	ERS18087466	ERP156237	PRJEB71438	Streptomyces antimycoticus		OXFORD_NANOPORE	MinION			WGS	GENOMIC	SINGLE	MinION sequencing
SRR26807503	SRX22504729	SRS19517397	SRP471535	PRJNA1002862	Serratia marcescens	SM16	OXFORD_NANOPORE	MinION	619849062.0	94633.0	WGS	GENOMIC	SINGLE	WGS of GES-6 positive Serratia marcescens
ERR10356993	ERX9889109	ERS6795015	ERP109413	PRJEB27342	Klebsiella variicola subsp. variicola		PACBIO_SMRT	Sequel II	5240798506.0	753422.0	WGS	GENOMIC	SINGLE	Sequel II sequencing
SRR1207367	SRX502906	SRS949962	SRP058356	PRJNA283315	Xanthomonas oryzae pv. oryzicola	BLS256	PACBIO_SMRT	PacBio RS II	732195945.0	163482.0	WGS	GENOMIC	SINGLE	Xanthomonas oryzae pv. oryzicola
DRR157860	DRX148532	DRS115682	DRP005663	PRJDB7639	Chromobacterium haemolyticum	CH06-BL	PACBIO_SMRT	Sequel	735179079.0	87564.0	WGS	GENOMIC	SINGLE	Sequel sequencing of SAMD00149624
SRR35217255	SRX30321068	SRS26367513	SRP616268	PRJNA834437	Streptomyces sp. HB372	HB372	PACBIO_SMRT	Sequel IIe	1092556155.0	109768.0	WGS	GENOMIC	SINGLE	Streptomyces sp. HB372
SRR33768423	SRX28991053	SRS22396711	SRP444583	PRJNA962904	Escherichia coli		PACBIO_SMRT	Sequel II	303281479.0	18130.0	WGS	GENOMIC	SINGLE	PacBio sequencing of A041008HE2 for ARCH 2
SRR31599155	SRX26963929	SRS23433641	SRP549287	PRJNA1185485	Escherichia coli	338	OXFORD_NANOPORE	PromethION	405115773.0	307920.0	WGS	GENOMIC	SINGLE	manhole-barcode92
SRR13289810	SRX9718936	SRS7253002	SRP278657	PRJNA658369	Klebsiella pneumoniae	ARLG-4875	OXFORD_NANOPORE	GridION	398009449.0	40842.0	WGS	GENOMIC	SINGLE	ONT seq of K. pneumoniae
SRR21529821	SRX17532180	SRS15080627	SRP394709	PRJNA860029	Salmonella enterica	STMC172	OXFORD_NANOPORE	MinION	1114005020.0	218224.0	WGS	GENOMIC	SINGLE	Long-read sequencing of Salmonella enterica: Clinical isolates
SRR14757249	SRX11090752	SRS9156125	SRP323170	PRJNA732579	Staphylococcus aureus	318	PACBIO_SMRT	Sequel	970499922.0	189207.0	WGS	GENOMIC	SINGLE	WGS of Staphylococcus aureus: human skin
ERR15602673	ERX15005897	ERS26882941	ERP180185	PRJEB97707	Escherichia coli		OXFORD_NANOPORE	MinION	400912695.0	50246.0	WGS	GENOMIC	SINGLE	MinION sequencing
ERR10498807	ERX10016096	ERS14255988	ERP142629	PRJEB57633	Escherichia coli		OXFORD_NANOPORE	GridION	71521361.0	8429.0	WGS	GENOMIC	SINGLE	Raw reads: ONT_30602_2#113
SRR17645348	SRX13813607	SRS6348747	SRP071789	PRJNA315192	Escherichia coli	899091	OXFORD_NANOPORE	MinION	884280859.0	266122.0	WGS	GENOMIC	SINGLE	Nanopore sequencing of E. coli
SRR14753625	SRX11087224	SRS9152682	SRP323129	PRJNA735522	Bacillus velezensis	GMEKP1	OXFORD_NANOPORE	GridION	30242932.0	4000.0	WGS	GENOMIC	SINGLE	SRA Bacillus velezensis GMEKP1
SRR17284493	SRX13461912	SRS11359739	SRP351749	PRJNA789934	Flagellimonas sp. HMM57	HMM57	PACBIO_SMRT	PacBio RS II	1172202221.0	123187.0	WGS	GENOMIC	SINGLE	Complete Genome Sequnce of Flagellimonas sp.HMM57: sedimentary layers of crustose coralline algae in Hyunge-sum, Jeju Island
ERR1193262	ERX1266646	ERS849587	ERP005928	PRJEB6403	Streptococcus equi subsp. zooepidemicus	NCTC7022	PACBIO_SMRT	PacBio RS	1319649461.0	163482.0	WGS	GENOMIC	SINGLE	PacBio RS sequencing
ERR10499200	ERX10016486	ERS14255875	ERP142629	PRJEB57633	Escherichia coli		OXFORD_NANOPORE	GridION	12245675.0	3137.0	WGS	GENOMIC	SINGLE	Raw reads: ONT_30859_5#329
SRR14753634	SRX11087205	SRS9152682	SRP323129	PRJNA735522	Bacillus velezensis	GMEKP1	OXFORD_NANOPORE	GridION	26010176.0	4000.0	WGS	GENOMIC	SINGLE	SRA Bacillus velezensis GMEKP1
ERR13253021	ERX12623644	ERS20229406	ERP161024	PRJEB76496	Klebsiella pneumoniae	Zagreb005	OXFORD_NANOPORE	GridION	1779936721.0	354308.0	WGS	GENOMIC	SINGLE	GridION sequencing
ERR3863219	ERX3875253	ERS4281788	ERP112081	PRJEB29732	Mycobacterium tuberculosis		OXFORD_NANOPORE	MinION	266490506.0	131045.0	WGS	GENOMIC	SINGLE	MinION sequencing
SRR24139991	SRX19938414	SRS17287123	SRP247747	PRJNA604975	Escherichia coli	ox_bsi_407	OXFORD_NANOPORE	GridION	159562128.0	73599.0	WGS	GENOMIC	SINGLE	oxford_bsi
SRR23337608	SRX19279644	SRS16681340	SRP420917	PRJNA929261	Paenibacillus sp. PK4536	PK4536	OXFORD_NANOPORE	MinION	68253853.0	20414.0	WGS	GENOMIC	SINGLE	WGS of Paenibacillus sp.
SRR36200517	SRX31237088	SRS27216417	SRP649104	PRJNA1367967	Klebsiella pneumoniae	BS30965I1	OXFORD_NANOPORE	PromethION	346721442.0	818837.0	WGS	GENOMIC	SINGLE	WGS of clinical Klebsiella pneumoniae from a referral hospital in Bansang, Gambia
SRR9026161	SRX5803712	SRS4733390	SRP196445	PRJNA536313	Zymomonas mobilis	NRRL B-4492	PACBIO_SMRT	Sequel	855653622.0	210126.0	WGS	GENOMIC	SINGLE	Zymomonas mobilis mobilis NRRL B-4492
SRR34443671	SRX29604246	SRS25725652	SRP599596	PRJNA1289084	Escherichia coli	12-19	OXFORD_NANOPORE	GridION	1809858365.0	347552.0	WGS	GENOMIC	SINGLE	Ecoli_12-19
SRR498106	SRX148635	SRS281883	SRP013241	PRJNA73829	Vibrio cholerae		PACBIO_SMRT	PacBio RS	1773666.0	4754.0	WGS	GENOMIC	SINGLE	Whole Genome Sequencing for N5 (strobe)
SRR16525770	SRX12728229	SRS10336951	SRP357534	PRJNA801415	Klebsiella pneumoniae	16	OXFORD_NANOPORE	GridION	682589184.0	92900.0	WGS	GENOMIC	SINGLE	Extensive diversification and dissemination of blaNDM carbapenemase plasmids in Enterobacterales in Singapore 2010-2015
SRR36035053	SRX31084193	SRS27072669	SRP644837	PRJNA1364846	Enterococcus faecalis	GPT22-006	OXFORD_NANOPORE	GridION	1614739256.0	767535.0	WGS	GENOMIC	SINGLE	Enterococcus faecalis, DBT kit, 12-plex and 100 ng DNA, replicate 3
SRR5169292	SRX2486063	SRS1916206	SRP096625	PRJNA361032	Escherichia coli	13KWH46	PACBIO_SMRT	PacBio RS II	3331979467.0	163482.0	WGS	GENOMIC	SINGLE	Escherichia coli strain 13KWH46, complete genome
ERR8282794	ERX7850225	ERS4216722	ERP112565	PRJEB30134	Klebsiella pneumoniae	cpe070	OXFORD_NANOPORE	MinION	279597914.0	75636.0	WGS	GENOMIC	SINGLE	MinION sequencing
ERR1140954	ERX1219803	ERS744799	ERP005928	PRJEB6403	Escherichia coli	NCTC8603	PACBIO_SMRT	PacBio RS	1757028217.0	163482.0	WGS	GENOMIC	SINGLE	PacBio RS sequencing
SRR32398740	SRX27730945	SRS5851647	SRP150360	PRJNA475751	Clostridioides difficile	CD08336	OXFORD_NANOPORE	MinION	141547721.0	107880.0	WGS	GENOMIC	SINGLE	WGS sequencing of C. difficile
SRR924442	SRX317126	SRS454366	SRP022914	PRJNA203445	Campylobacter jejuni 32488	32488	PACBIO_SMRT	PacBio RS	190077995.0	81741.0	WGS	GENOMIC	SINGLE	Campylobacter jejuni 32488
SRR8270574	SRX5087267	SRS4099370	SRP171987	PRJNA501605	Xanthomonas vasicola	BLS185	PACBIO_SMRT	PacBio RS II	346762031.0	167938.0	WGS	GENOMIC	SINGLE	Xanthomonas vasicola pv. holcicola BLS185 methylation
SRR16525837	SRX12728162	SRS10336707	SRP357534	PRJNA801415	Citrobacter freundii	11	OXFORD_NANOPORE	GridION	1841727877.0	211950.0	WGS	GENOMIC	SINGLE	Extensive diversification and dissemination of blaNDM carbapenemase plasmids in Enterobacterales in Singapore 2010-2015
SRR35574270	SRX30647178	SRS26670422	SRP625638	PRJNA1320685	Escherichia coli	MB06101	OXFORD_NANOPORE	MinION	1017916315.0	124656.0	WGS	GENOMIC	SINGLE	ONT Long-Read DNA Sequencing of MB06101 Dorado SUP basecalling
ERR10497797	ERX10015086	ERS14254762	ERP142629	PRJEB57633	Escherichia coli		OXFORD_NANOPORE	GridION	138423098.0	15127.0	WGS	GENOMIC	SINGLE	Raw reads: ONT_30224_1#213
SRR31599525	SRX26964157	SRS23433869	SRP549287	PRJNA1185485	Escherichia coli	581	OXFORD_NANOPORE	PromethION	159294758.0	58401.0	WGS	GENOMIC	SINGLE	RMB-3R-barcode50
SRR36602940	SRX31615563	SRS27591490	SRP658065	PRJNA1393850	Photorhabdus akhurstii	NMP13.5	OXFORD_NANOPORE	GridION	144082391.0	73475.0	WGS	GENOMIC	SINGLE	Long reads of Photorhabdus
SRR8303991	SRX5118493	SRS4126815	SRP018785	PRJNA186035	Salmonella enterica subsp. enterica serovar Brandenburg	CFSAN024765	PACBIO_SMRT	Sequel	1050641490.0	156714.0	WGS	GENOMIC	SINGLE	Whole genome PacBio Sequel sequence of Salmonella enterica subsp. enterica serovar Brandenburg
SRR10211331	SRX6930913	SRS5461208	SRP191068	PRJNA528511	Escherichia coli	GTEN_386	OXFORD_NANOPORE	GridION	1006817146.0	126795.0	WGS	GENOMIC	SINGLE	Global TravEpiNet AMR surveillance Genome sequencing and assembly
SRR26783284	SRX22481500	SRS19494959	SRP471199	PRJNA1037712	Mycobacterium orygis	NIAB_BDWBCSHFL_1	PACBIO_SMRT	Sequel II	813840768.0	166758.0	WGS	GENOMIC	SINGLE	Whole genome sequence of Mycobacterium orygis
SRR3756803	SRX1905893	SRS1546708	SRP078098	PRJNA239496	Lachnobacterium bovis	AE2004	PACBIO_SMRT	PacBio RS	65743444.0	35094.0	WGS	GENOMIC	SINGLE	Lachnobacterium bovis AE2004
SRR31598885	SRX26963600	SRS23433311	SRP549287	PRJNA1185485	Escherichia coli	958	OXFORD_NANOPORE	PromethION	544102727.0	105358.0	WGS	GENOMIC	SINGLE	wwtp-9n14-barcode25
SRR18216577	SRX14362996	SRS12040239	SRP360466	PRJNA808204	Serratia liquefaciens	B314	PACBIO_SMRT	Sequel	1472955178.0	174653.0	WGS	GENOMIC	SINGLE	WGS of Serratia liquefaciens
SRR13823305	SRX10203962	SRS8350255	SRP308772	PRJNA705564	Klebsiella pneumoniae	C009	OXFORD_NANOPORE	MinION	10916332.0	3510.0	WGS	GENOMIC	SINGLE	DNA-Seq of K. pneumoniae
ERR4586336	ERX4520187	ERS5060043	ERP123927	PRJEB40306	Serratia marcescens subsp. marcescens ATCC 13880	ATCC 13880	PACBIO_SMRT	PacBio RS II	1329283008.0	163482.0	WGS	GENOMIC	SINGLE	PacBio RS II sequencing; PacBio SMRT sequencing; Evolution of the bacterium Serratia marcescens under several experimental temperature treatments
SRR12247505	SRX8755662	SRS6976276	SRP266402	PRJNA605147	Escherichia coli		OXFORD_NANOPORE	GridION	54111665.0	6798.0	WGS	GENOMIC	SINGLE	Oxford Nanopore sequencing of Escherichia coli isolate RH07|T2-SOC01 cultured from cattle farm soil sample
SRR21539842	SRX17542048	SRS15089339	SRP396837	PRJNA879268	Salmonella enterica	SalSpp_sample_08_No.4	OXFORD_NANOPORE	MinION	168458820.0	24339.0	WGS	GENOMIC	SINGLE	SalSpp08
SRR19816815	SRX15860517	SRS12115323	SRP361569	PRJNA768416	Paenibacillus sp. FSL R7-0312	FSL R7-0312	OXFORD_NANOPORE	MinION	444928559.0	169094.0	WGS	GENOMIC	SINGLE	WGS of Bacilli
ERR11040729	ERX10487977	ERS14796161	ERP145810	PRJEB60752	Escherichia coli		OXFORD_NANOPORE	MinION	109864555.0	36184.0	WGS	GENOMIC	SINGLE	Raw reads: 33241_S12_[Oxford_Nanopore]
ERR1911786	ERX1972266	ERS1420642	ERP005928	PRJEB6403	Anaerococcus octavius	NCTC9810	PACBIO_SMRT	PacBio RS	989848172.0	163482.0	WGS	GENOMIC	SINGLE	PacBio RS sequencing
SRR9211301	SRX5982194	SRS4334090	SRP184197	PRJNA521119	Staphylococcus pseudintermedius	49_44	OXFORD_NANOPORE	MinION	420060098.0	541625.0	WGS	GENOMIC	SINGLE	MinION Fast5 files of canine bacteremia staphylococcus pseudintermedius isolate
SRR15076440	SRX11386465	SRS9431111	SRP040661	PRJNA231221	Providencia rettgeri	FDAARGOS 1451	PACBIO_SMRT	Sequel II	6064639195.0	546142.0	WGS	GENOMIC	SINGLE	
SRR12123471	SRX8644768	SRS6928314	SRP192539	PRJNA388547	Serratia marcescens	SGAir0764	PACBIO_SMRT	PacBio RS II	2352221061.0	163482.0	WGS	GENOMIC	SINGLE	Genome of Serratia marcescens SGAir0764
SRR33774780	SRX28997229	SRS25215303	SRP588972	PRJNA1253714	Escherichia coli	B7	OXFORD_NANOPORE	PromethION	739926970.0	57923.0	WGS	GENOMIC	SINGLE	B7g Oxfrod Nanopore sequencing
SRR33123756	SRX28387271	SRS24711198	SRP578427	PRJNA1244367	Bacillus cereus ATCC 14579	ATCC 14579	OXFORD_NANOPORE	GridION	353345942.0	63661.0	WGS	GENOMIC	SINGLE	WGS of Bacillus cereus Strain ATCC14672
ERR1954488	ERX2020084	ERS1434927	ERP005928	PRJEB6403	Trueperella pyogenes	NCTC5224	PACBIO_SMRT	PacBio RS	1999817670.0	163482.0	WGS	GENOMIC	SINGLE	PacBio RS sequencing
SRR18192449	SRX14339039	SRS12152967	SRP362187	PRJNA798730	Rhizobium sp. C104	C104	OXFORD_NANOPORE	MinION	1426283935.0	124497.0	WGS	GENOMIC	SINGLE	Whole Genome Sequencing of Rhizobium Sp C104
DRR416295	DRX401862	DRS334643	DRP010609	PRJDB14713	Aeromonas hydrophila subsp. hydrophila	1KHC2	OXFORD_NANOPORE	GridION	652225951.0	215599.0	WGS	GENOMIC	SINGLE	GridION sequencing of SAMD00554041
SRR17649141	SRX13817390	SRS5414576	SRP072679	PRJNA316969	Escherichia coli	UMB9182	OXFORD_NANOPORE	GridION	40969.0	33.0	WGS	GENOMIC	SINGLE	WGS of E. coli UMB9182
SRR13673893	SRX10063335	SRS8225526	SRP040661	PRJNA231221	Escherichia coli	FDAARGOS_1301	PACBIO_SMRT	Sequel	4015196511.0	732565.0	WGS	GENOMIC	SINGLE	
SRR3441678	SRX1727917	SRS1324850	SRP050002	PRJNA266616	Bordetella pertussis		PACBIO_SMRT	PacBio RS II	492413022.0	163482.0	WGS	GENOMIC	SINGLE	
SRR22554282	SRX18517786	SRS15985560	SRP411689	PRJNA906345	Streptomyces nigrescens	DSM 40555	OXFORD_NANOPORE	GridION	1383642741.0	204041.0	WGS	GENOMIC	SINGLE	ONT SQK-LSK109 library of Streptomyces libani subsp. libani DSM 40555: R9.4.1 flowcell on GridION, guppy v5.0.16 in super high accuracy mode
SRR1185268	SRX482686	SRS420793	SRP022635	PRJNA202029	Escherichia coli BIDMC 19C	BIDMC 19C	PACBIO_SMRT	PacBio RS	236162387.0	81741.0	WGS	GENOMIC	SINGLE	Pacbio whole genome shotgun sequencing of genomic DNA library 'PACBIO-466' containing sample 'Escherichia coli BIDMC 19C'
SRR24140135	SRX19938942	SRS17287651	SRP247747	PRJNA604975	Escherichia coli	ox_bsi_601	OXFORD_NANOPORE	GridION	81329106.0	13735.0	WGS	GENOMIC	SINGLE	oxford_bsi
SRR3756901	SRX1906000	SRS1546760	SRP078116	PRJNA239123	Streptococcus equinus	AG46	PACBIO_SMRT	PacBio RS	191093302.0	66322.0	WGS	GENOMIC	SINGLE	Streptococcus bovis AG46
SRR12395296	SRX8893601	SRS7152624	SRP276100	PRJNA650381	Mycobacterium tuberculosis		OXFORD_NANOPORE	MinION	1169227015.0	656341.0	WGS	GENOMIC	SINGLE	Nanopore TB WGS
ERR10791299	ERX10240609	ERS2652048	ERP104475	PRJEB22771	Streptococcus pneumoniae		PACBIO_SMRT	Sequel II	2074504529.0	316287.0	WGS	GENOMIC	SINGLE	Sequel II sequencing
SRR10556148	SRX7237882	SRS5737477	SRP233733	PRJNA485353	Clostridium beijerinckii	DJ158	PACBIO_SMRT	PacBio RS II	602514792.0	143730.0	WGS	GENOMIC	SINGLE	Clostridium beijerinckii DJ158
ERR1213694	ERX1285907	ERS1033983	ERP011210	PRJEB10032	Staphylococcus aureus		PACBIO_SMRT	PacBio RS	1998957016.0	163482.0	WGS	GENOMIC	SINGLE	PacBio RS sequencing
SRR31599423	SRX26964259	SRS23433974	SRP549287	PRJNA1185485	Escherichia coli	889	OXFORD_NANOPORE	PromethION	771762736.0	104466.0	WGS	GENOMIC	SINGLE	WTP-NoR-Nov-barcode38
ERR15465430	ERX14869325	ERS26347564	ERP179079	PRJEB96336	Klebsiella pneumoniae	EuSCAPE_IT058	OXFORD_NANOPORE	GridION	211412266.0	68692.0	WGS	GENOMIC	SINGLE	GridION sequencing
SRR32470876	SRX27785230	SRS24163270	SRP565996	PRJNA1177815	Enterococcus faecium	2011-4277-6	OXFORD_NANOPORE	MinION	487420803.0	97693.0	WGS	GENOMIC	SINGLE	WGS of Enterococcus faecium: Ionophore-resisistance in broiler isolates
SRR12886267	SRX9351938	SRS7575270	SRP161673	PRJNA292663	Escherichia coli	18MD05VL07 005213EC	PACBIO_SMRT	Sequel	2731925407.0	754035.0	WGS	GENOMIC	SINGLE	WGS of E.coli
SRR9732394	SRX6489612	SRS5138399	SRP215929	PRJNA555902	Comamonas testosteroni	mfec-18	OXFORD_NANOPORE	GridION	383005452.0	56962.0	WGS	GENOMIC	SINGLE	Genome sequencing of bacterial strain mfec-18
SRR7508509	SRX4378987	SRS3535378	SRP153035	PRJNA433211	Pseudomonas chlororaphis subsp. aurantiaca	449	PACBIO_SMRT	PacBio RS II	2626718933.0	163482.0	WGS	GENOMIC	SINGLE	Whole genome sequence of Pseudomonas chlororaphis subsp. aurantiaca 449
ERR9669052	ERX9218277	ERS9873894	ERP134564	PRJEB50014	Streptococcus pneumoniae	24F-HUB-12393	OXFORD_NANOPORE	MinION	527338477.0	63239.0	WGS	GENOMIC	SINGLE	MinION sequencing
ERR10386772	ERX9915932	ERS13587211	ERP141746	PRJEB56775	Streptococcus suis		OXFORD_NANOPORE	MinION	77565637.0	12458.0	WGS	GENOMIC	SINGLE	MinION sequencing
ERR10498898	ERX10016187	ERS14255974	ERP142629	PRJEB57633	Escherichia coli		OXFORD_NANOPORE	GridION	74897768.0	8770.0	WGS	GENOMIC	SINGLE	Raw reads: ONT_30602_2#327
SRR11343811	SRX7946784	SRS6333800	SRP253216	PRJNA611789	Escherichia coli	MVAST5574	OXFORD_NANOPORE	MinION	317609139.0	204491.0	WGS	GENOMIC	SINGLE	MinION sequencing of E. coli MVAST5574 strain
ERR15284553	ERX14690387	ERS711213	ERP176771	PRJEB93892	Escherichia coli	MSB1_6C	OXFORD_NANOPORE	MinION	244343869.0	14709.0	WGS	GENOMIC	SINGLE	MinION sequencing
DRR493267	DRX477466	DRS205678	DRP007742	PRJDB10568	Serratia marcescens	KC081	OXFORD_NANOPORE	MinION	449407421.0	53389.0	WGS	GENOMIC	SINGLE	MinION sequencing of SAMD00247359
ERR418192	ERX384491	ERS393188	ERP004421	PRJEB5062	Mucinivorans hirudinis		PACBIO_SMRT	PacBio RS	316313536.0	163482.0	WGS	GENOMIC	SINGLE	PacBio RS sequencing
SRR11067105	SRX7707467	SRS6131166	SRP248191	PRJNA606022	Bacillus sp. (in: firmicutes)	KH172YL63	OXFORD_NANOPORE	GridION	2404949550.0	251230.0	WGS	GENOMIC	SINGLE	Nanopore WGS library of Bacillus sp. KH172YL63
ERR10497946	ERX10015235	ERS14254380	ERP142629	PRJEB57633	Escherichia coli		OXFORD_NANOPORE	GridION	212996856.0	45237.0	WGS	GENOMIC	SINGLE	Raw reads: ONT_30345_1#248
SRR31583459	SRX26948795	SRS23420257	SRP548954	PRJNA1193326	Campylobacter jejuni		OXFORD_NANOPORE	MinION	242850238.0	24417.0	WGS	GENOMIC	SINGLE	Long-read Nanopore-based WGS characterization of antimicrobial resistant Campylobacter jejuni and Campylobacter coli isolates from humans, animals and food products in Northern Spain within a One Health approach
SRR8902596	SRX5688455	SRS4628354	SRP092448	PRJNA316728	Salmonella enterica subsp. enterica serovar 1,4,[5],12:i:-	PNCS014875	OXFORD_NANOPORE	MinION	239417593.0	37757.0	WGS	GENOMIC	SINGLE	RBK004 barcoding sequencing of 14-9015
ERR16137120	ERX15526786	SRS10826912	ERP187675	PRJEB106623	Neisseria gonorrhoeae		OXFORD_NANOPORE	MinION	414410843.0	84495.0	WGS	GENOMIC	SINGLE	Raw reads: JJJ010
SRR3722289	SRX1880051	SRS1527080	SRP077293	PRJNA215342	Caldicellulosiruptor morganii	Rt8.B8	PACBIO_SMRT	PacBio RS	290866613.0	78853.0	WGS	GENOMIC	SINGLE	Caldicellulosiruptor sp. Rt8.B8 DSM 8990
SRR26386676	SRX22092767	SRS19158728	SRP466359	PRJNA660241	Salmonella sp. C1974	C1974	PACBIO_SMRT	PacBio RS	1231581300.0	4105271.0	WGS	GENOMIC	PAIRED	Salmonella enterica Genome sequencing
SRR12699746	SRX9179253	SRS7416476	SRP285140	PRJNA616029	Vibrio cholerae	NER/2012/132	OXFORD_NANOPORE	MinION	2190025378.0	435457.0	WGS	GENOMIC	SINGLE	Oxford Nanopore sequencing of Vibrio cholerae
SRR30896299	SRX26299722	SRS22828444	SRP536878	PRJNA1134622	Escherichia coli	OXEC-51	OXFORD_NANOPORE	MinION	591795337.0	154345.0	WGS	GENOMIC	SINGLE	OXEC-51
SRR27972484	SRX23625969	SRS20466067	SRP489819	PRJNA1076692	Escherichia coli	RIVM_C055318_rerio	OXFORD_NANOPORE	MinION	158803291.0	45609.0	WGS	GENOMIC	SINGLE	RIVM_C055318_rerio
SRR13182789	SRX9620598	SRS7822665	SRP040661	PRJNA231221	Escherichia coli	FDAARGOS_1255	PACBIO_SMRT	Sequel	1443460335.0	163715.0	WGS	GENOMIC	SINGLE	
SRR32470883	SRX27785223	SRS24163263	SRP565996	PRJNA1177815	Enterococcus faecium	2002-856	OXFORD_NANOPORE	MinION	299735849.0	67938.0	WGS	GENOMIC	SINGLE	WGS of Enterococcus faecium: Ionophore-resisistance in broiler isolates
SRR13996146	SRX10373566	SRS2526972	SRP071789	PRJNA315192	Escherichia coli	401794	OXFORD_NANOPORE	MinION	346736117.0	76644.0	WGS	GENOMIC	SINGLE	401794
ERR904416	ERX983704	ERS684474	ERP009820	PRJEB8783	Mycobacterium tuberculosis	3565STDY6067024	PACBIO_SMRT	PacBio RS	1432574595.0	163482.0	WGS	GENOMIC	SINGLE	PacBio RS sequencing
SRR30896581	SRX26299988	SRS22828710	SRP536878	PRJNA1134622	Escherichia coli	OXEC-489	OXFORD_NANOPORE	MinION	562603074.0	137509.0	WGS	GENOMIC	SINGLE	OXEC-489
SRR27972721	SRX23626444	SRS20465654	SRP489819	PRJNA1076692	Staphylococcus aureus	RIVM_M100709_rerio	OXFORD_NANOPORE	MinION	231884268.0	105029.0	WGS	GENOMIC	SINGLE	RIVM_M100709_rerio
ERR9843326	ERX9389123	ERS2652556	ERP104475	PRJEB22771	Streptococcus pneumoniae		PACBIO_SMRT	Sequel II	3774595318.0	507359.0	WGS	GENOMIC	SINGLE	Sequel II sequencing
SRR34269060	SRX29442736	SRS25588710	SRP595615	PRJNA1280179	Pseudomonas aeruginosa	CF-sbj5-Pa1-l	OXFORD_NANOPORE	GridION	326171159.0	22838.0	WGS	GENOMIC	SINGLE	Plasmid-mediated extreme resistance development within lung
SRR28811960	SRX24375193	SRS21131849	SRP504151	PRJNA1104797	Xanthomonas campestris pv. campestris	LMG 08006	OXFORD_NANOPORE	PromethION	1020359389.0	40100.0	WGS	GENOMIC	SINGLE	Genome sequencing of Xanthomonas campestris pv. campestris: strain LMG 08006
SRR5192909	SRX2508601	ERS1677576	SRP097440	PRJNA345700	Vreelandella aquamarina	ACAM 239	PACBIO_SMRT	PacBio RS	547540193.0	108682.0	WGS	GENOMIC	SINGLE	Halomonas meridiana ACAM 239
ERR3959025	ERX3966829	ERS4359482	ERP120217	PRJEB36950	Enterococcus faecalis		OXFORD_NANOPORE	MinION	63505316.0	17749.0	WGS	GENOMIC	SINGLE	MinION sequencing
SRR10613435	SRX7292574	SRS5786115	SRP235306	PRJNA593863	Streptococcus pneumoniae	TH13829	PACBIO_SMRT	Sequel	2133754.0	1.0	WGS	GENOMIC	SINGLE	SMRT-seq of pneumococcal strain TH5160(spn556II and spn556III deleted) derivative: TH13829 B. fragilis-A7
SRR30949772	SRX26352316	SRS22817019	SRP536567	PRJNA1165464	Escherichia coli	Not applicable	OXFORD_NANOPORE	MinION	322718983.0	117407.0	WGS	GENOMIC	SINGLE	Nanopore sequencing of E.coli: blood isolate
SRR36920139	SRX31886398	SRS27841317	SRP665298	PRJNA1403646	Streptococcus xiaochunlingii	not applicable	OXFORD_NANOPORE	MinION	126381380.0	91244.0	WGS	GENOMIC	SINGLE	Long Reads for The Genomic Landscape of Head and Neck Cancer-associated Streptococci
SRR22957109	SRX18913921	SRS16341736	SRP415590	PRJNA914624	Streptococcus pyogenes	emm28	OXFORD_NANOPORE	GridION	130377082.0	131578.0	WGS	GENOMIC	SINGLE	WGS of Streptococcus pyogenes
ERR10498347	ERX10015636	ERS14255332	ERP142629	PRJEB57633	Escherichia coli		OXFORD_NANOPORE	GridION	95120314.0	13268.0	WGS	GENOMIC	SINGLE	Raw reads: ONT_30345_1#146
SRR35513764	SRX30589600	SRS26617998	SRP620300	PRJNA1328464	Enterococcus faecalis	GPT22-006	OXFORD_NANOPORE	GridION	31106617.0	33373.0	WGS	GENOMIC	SINGLE	Enterococcus faecalis, MMV kit, replicate 3, sequence replicate 1
ERR3685754	ERX3675358	ERS4047555	ERP114207	PRJEB31632	bacterium		OXFORD_NANOPORE	GridION	474303294.0	85672.0	WGS	GENOMIC	SINGLE	GridION sequencing
ERR581049	ERX539136	ERS426719	ERP001625	PRJEB3164	Salmonella enterica subsp. enterica serovar Typhimurium		PACBIO_SMRT	PacBio RS	886738467.0	163482.0	WGS	GENOMIC	SINGLE	PacBio RS sequencing
ERR9030326	ERX8573736	ERS10792197	ERP133548	PRJEB49093	Mycobacterium tuberculosis	Lineage 2.2.7	OXFORD_NANOPORE	MinION	295842149.0	434611.0	WGS	GENOMIC	SINGLE	MinION sequencing; Raw reads: mada_1-28-nanopore
SRR33769147	SRX28991622	SRS22456030	SRP444583	PRJNA962904	Escherichia coli		PACBIO_SMRT	Sequel II	350896403.0	17311.0	WGS	GENOMIC	SINGLE	PacBio sequencing of AH0426HE2 for ARCH 2
SRR23036721	SRX18990976	SRS16411469	SRP416836	PRJNA922510	Escherichia coli	Escherichia coli str. K-12 substr. MG1655	PACBIO_SMRT	Sequel II	786085139.0	54059.0	WGS	GENOMIC	SINGLE	MG1655 isogenic strain with RpoD D445V mutation biological replicate 2
SRR33768547	SRX28990929	SRS22396896	SRP444583	PRJNA962904	Escherichia coli		PACBIO_SMRT	Sequel II	267208157.0	14391.0	WGS	GENOMIC	SINGLE	PacBio sequencing of A201001HE2 for ARCH 2
SRR26466676	SRX22170670	SRS19228434	SRP467877	PRJNA1031010	Acinetobacter baumannii	1521	OXFORD_NANOPORE	MinION	57143456.0	7469.0	WGS	GENOMIC	SINGLE	Nanopore WGS of A. baumannii
SRR31486693	SRX26854896	SRS19546438	SRP472100	PRJNA1040819	Escherichia coli	2012_EC10	OXFORD_NANOPORE	PromethION	49919419.0	5880.0	WGS	GENOMIC	SINGLE	Porcine Escherichia coli
SRR13386131	SRX9805298	SRS7989373	SRP300861	PRJNA663900	Enterococcus sp. DIV0236	DIV0236	OXFORD_NANOPORE	GridION	1750722475.0	223131.0	WGS	GENOMIC	SINGLE	Zoo 3 Enterococcus Diversity Genome sequencing and assembly
SRR11809639	SRX8360980	SRS6677036	SRP262228	PRJNA633671	Pseudomonas aeruginosa	S54485-1	OXFORD_NANOPORE	MinION	41637847.0	8448.0	WGS	GENOMIC	SINGLE	Genomic sequencing of Pseudomonas aeruginosa PAO1-B11 variants isolated from porcine burn wounds
SRR35049677	SRX30164067	SRS26224589	SRP212399	PRJNA548188	Borreliella burgdorferi	BL546	PACBIO_SMRT	PacBio RS II	1817798750.0	163482.0	WGS	GENOMIC	SINGLE	"=""Genome sequencing of Borreliella burgdorferi: ""&B7"
SRR34967466	SRX30086771	SRS26152928	SRP608514	PRJNA1305037	Klebsiella pneumoniae	MI_KPC_14	OXFORD_NANOPORE	PromethION	500004049.0	48350.0	WGS	GENOMIC	SINGLE	KPC CRE collection from state of Michigan
SRR22784873	SRX18744571	SRS16179743	SRP413484	PRJNA912639	Escherichia coli	EC_E13DN_5_E_CuP_CeP	OXFORD_NANOPORE	MinION	217624198.0	33333.0	WGS	GENOMIC	SINGLE	WGS of Escherichia coli
SRR12395454	SRX8893443	SRS7152465	SRP276100	PRJNA650381	Mycobacterium tuberculosis		OXFORD_NANOPORE	MinION	892027779.0	438058.0	WGS	GENOMIC	SINGLE	Nanopore TB WGS
ERR10170481	ERX9707124	ERS8227213	ERP132884	PRJEB48506	Salmonella enterica subsp. enterica serovar Paratyphi A		OXFORD_NANOPORE	MinION	816344001.0	329589.0	WGS	GENOMIC	SINGLE	MinION sequencing; Raw reads: E342_MinION
SRR713561	SRX228384	SRS411280	SRP023490	PRJNA82527	Enterococcus faecium EnGen0376	EnGen0376	PACBIO_SMRT	PacBio RS	81092583.0	81741.0	WGS	GENOMIC	SINGLE	Pacbio whole genome shotgun sequencing of genomic DNA library 'LR_115_Efaecium_0.9nM' containing sample 'Pat2-2' from individual 'Enterococcus faecium Efm_NY2-2'
SRR24459457	SRX20246401	SRS17579561	SRP436282	PRJNA930171	Xylella fastidiosa subsp. fastidiosa	AlmaReb2	OXFORD_NANOPORE	MinION	1215285643.0	119787.0	WGS	GENOMIC	SINGLE	xff-b2
SRR9047050	SRX5823576	SRS4751698	SRP198204	PRJNA540761	Micrococcus luteus	AS2	OXFORD_NANOPORE	MinION	910913868.0	203334.0	WGS	GENOMIC	SINGLE	Complete genome of arsenite resistant Microccocus luteus AS2
ERR13194340	ERX12565205	ERS20185852	ERP160059	PRJEB75483	Pseudomonas sp. LjRoot281		OXFORD_NANOPORE	MinION	89318456.0	12963.0	WGS	GENOMIC	SINGLE	MinION sequencing
ERR7625775	ERX7196355	ERS9123111	ERP133745	PRJEB49261	Bacillus anthracis	BA-C12-SU	OXFORD_NANOPORE	MinION	2149221941.0	260782.0	WGS	GENOMIC	SINGLE	MinION sequencing
SRR33871358	SRX29083462	SRS25295737	SRP543029	PRJNA1180603	Pseudomonas laurylsulfatiphila	BM01	OXFORD_NANOPORE	MinION	104146471.0	28363.0	WGS	GENOMIC	SINGLE	Whole genome sequencing of hyphosphere isolate BM01
SRR9640538	SRX6402487	SRS5060669	SRP212879	PRJNA548505	Tardiphaga sp. vice154	vice154	OXFORD_NANOPORE	MinION	305414960.0	19541.0	WGS	GENOMIC	SINGLE	Minion sequencing of vice154
SRR16883168	SRX13075973	SRS8925137	SRP051099	PRJNA269675	Klebsiella pneumoniae	SCPM-O-B-8923 (3TKP/19g)	OXFORD_NANOPORE	MinION	123056860.0	23584.0	WGS	GENOMIC	SINGLE	Shotgun 2021 Samples 355
SRR3114689	SRX1542661	SRS1259179	SRP068814	PRJNA308559	Aerococcus christensenii	CCUG28831	PACBIO_SMRT	PacBio RS II	764096000.0	88250.0	WGS	GENOMIC	SINGLE	PacBio DNA-seq of Aerococcus christensenii: CCUG 28831T
ERR10497611	ERX10014900	ERS14254677	ERP142629	PRJEB57633	Escherichia coli		OXFORD_NANOPORE	GridION	75190555.0	9505.0	WGS	GENOMIC	SINGLE	Raw reads: ONT_30134_6#164
SRR16676986	SRX12877581	SRS10820429	SRP344035	PRJNA775892	Burkholderia ambifaria	B21-004	PACBIO_SMRT	Sequel	1222956563.0	258023.0	WGS	GENOMIC	SINGLE	B21-004 PacBio sequencing reads
SRR16057865	SRX12344453	SRS10316833	SRP338615	PRJNA766090	Acinetobacter baumannii	5075	OXFORD_NANOPORE	MinION	178729140.0	16632.0	WGS	GENOMIC	SINGLE	AB5075_long
SRR21415780	SRX17420100	SRS12115265	SRP361569	PRJNA768416	Paenibacillus sp. FSL R5-0766		OXFORD_NANOPORE	MinION	840261904.0	194093.0	WGS	GENOMIC	SINGLE	WGS of Bacilli
ERR12448429	ERX11824851	ERS17728801	ERP156572	PRJEB71788	Listeria monocytogenes		OXFORD_NANOPORE	GridION	417854381.0	24014.0	WGS	GENOMIC	SINGLE	Raw reads: ListPred_17-LI00066-0
SRR8072942	SRX4900914	SRS3947393	SRP040661	PRJNA231221	Burkholderia pseudomallei	FDAARGOS_591	PACBIO_SMRT	PacBio RS	298332225.0	163482.0	WGS	GENOMIC	SINGLE	
SRR23384578	SRX19323083	SRS16721163	SRP421698	PRJNA924056	Klebsiella pneumoniae	CPO356	OXFORD_NANOPORE	MinION	314619470.0	76273.0	WGS	GENOMIC	SINGLE	WGS of bacterial isolate possessing blaIMP-4 carbapenemase
SRR9732354	SRX6489652	SRS5138433	SRP215929	PRJNA555902	Mucilaginibacter sp. Col-0-48	Col-0-48	OXFORD_NANOPORE	GridION	184615942.0	49306.0	WGS	GENOMIC	SINGLE	Genome sequencing of bacterial strain Col-0-48
SRR33768607	SRX28990870	SRS22455914	SRP444583	PRJNA962904	Escherichia coli		PACBIO_SMRT	Sequel II	245930772.0	14532.0	WGS	GENOMIC	SINGLE	PacBio sequencing of AH0753HC1 for ARCH 2
SRR31598710	SRX26963776	SRS23433486	SRP549287	PRJNA1185485	Escherichia coli	759	OXFORD_NANOPORE	PromethION	635059805.0	96000.0	WGS	GENOMIC	SINGLE	W3R-barcode90
SRR21630429	SRX17630969	SRS11554410	SRP354045	PRJNA747871	Streptomyces sp. NBC_00554	NBC 00554	OXFORD_NANOPORE	MinION	490593873.0	256242.0	WGS	GENOMIC	SINGLE	nanopore sequencing data from strain NBC_00554
ERR10420072	ERX9948545	ERS6795004	ERP109413	PRJEB27342	Klebsiella pneumoniae		PACBIO_SMRT	Sequel II	3760496536.0	618015.0	WGS	GENOMIC	SINGLE	Sequel II sequencing
SRR33768470	SRX28991006	SRS22455672	SRP444583	PRJNA962904	Escherichia coli		PACBIO_SMRT	Sequel II	515853740.0	30896.0	WGS	GENOMIC	SINGLE	PacBio sequencing of AH0962HE1 for ARCH 2
DRR629299	DRX609626	DRS438848	DRP012484	PRJDB19189	Mycobacterium simiae	GA70175	OXFORD_NANOPORE	MinION	375561545.0	44957.0	WGS	GENOMIC	SINGLE	MinION sequencing of SAMD00833352
SRR9849529	SRX6604184	SRS5169164	SRP216572	PRJNA556977	Bordetella pertussis	NZ13	OXFORD_NANOPORE	MinION	666720955.0	119894.0	WGS	GENOMIC	SINGLE	ONT sequencing of Bordetella pertussis NZ13
SRR36260911	SRX31295153	SRS27271397	SRP616598	PRJNA1314240	Thermoanaerobacterium saccharolyticum	M1442 tdk nfnA hydA hfsD	OXFORD_NANOPORE	PromethION	758850737.0	180643.0	WGS	GENOMIC	SINGLE	WGS of T. saccharolyticum A2G0066n
DRR466504	DRX450740	DRS305756	DRP010041	PRJDB15848	Enterobacter sichuanensis	RA30	OXFORD_NANOPORE	MinION	2281921996.0	356955.0	WGS	GENOMIC	SINGLE	MinION sequencing of SAMD00607304
SRR33769208	SRX28991561	SRS22397202	SRP444583	PRJNA962904	Escherichia coli		PACBIO_SMRT	Sequel II	546720103.0	24053.0	WGS	GENOMIC	SINGLE	PacBio sequencing of AH0090HC1 for ARCH 2
SRR28370662	SRX23975747	SRS19599846	SRP496022	PRJNA1087001	Salmonella enterica	ETS 34	OXFORD_NANOPORE	GridION	13854997761.0	13899798.0	WGS	GENOMIC	SINGLE	WGS of Salmonella enterica isolate
SRR12826195	SRX9293833	SRS7520163	SRP040661	PRJNA231221	Salmonella enterica	FDAARGOS_1067	PACBIO_SMRT	PacBio RS	4680908896.0	163482.0	WGS	GENOMIC	SINGLE	
ERR1193259	ERX1266643	ERS849584	ERP005928	PRJEB6403	Streptococcus pseudoporcinus	NCTC5386	PACBIO_SMRT	PacBio RS	829092437.0	163482.0	WGS	GENOMIC	SINGLE	PacBio RS sequencing
SRR34500459	SRX29644327	SRS1278945	SRP069749	PRJNA310138	Rhizobium leguminosarum	KDH_Rht_56_N	PACBIO_SMRT	Revio	459334317.0	44404.0	WGS	GENOMIC	SINGLE	Rhizobium leguminosarum long reads
SRR27829600	SRX23492965	SRS16340520	SRP487360	PRJNA1071971	Klebsiella pneumoniae	TC_KPN07	OXFORD_NANOPORE	unspecified	858927792.0	127167.0	WGS	GENOMIC	SINGLE	WGS of strain TC_KPN07 with long-reads (MiGS)
SRR10918394	SRX7585743	SRS6019400	SRP051949	PRJNA271899	Klebsiella pneumoniae	OC-CRE-9010	OXFORD_NANOPORE	GridION	893235741.0	207170.0	WGS	GENOMIC	SINGLE	Sequencing of Carbapenem resistant bacteria
SRR36466369	SRX31490005	SRS27471085	SRP655520	PRJNA1382140	Acinetobacter baumannii		OXFORD_NANOPORE	GridION	344347417.0	141582.0	WGS	GENOMIC	SINGLE	A. baumannii plasmid DNA methylation study
SRR941250	SRX326512	SRS468192	SRP027574	PRJNA63279	Escherichia coli O157:H7 str. F8092B	F8092B	PACBIO_SMRT	PacBio RS	208312365.0	81741.0	WGS	GENOMIC	SINGLE	Escherichia coli O157:H7 F8092B PacBio C2 CLR
SRR36035056	SRX31084190	SRS27072671	SRP644837	PRJNA1364846	Escherichia coli	GPT22-004	OXFORD_NANOPORE	GridION	2067078528.0	881839.0	WGS	GENOMIC	SINGLE	Escherchia coli, DBT kit, 12-plex and 100 ng DNA, replicate 3
SRR15171301	SRX11478522	SRS9518540	SRP328635	PRJNA746600	Bacteroides thetaiotaomicron	VPI_5482	OXFORD_NANOPORE	MinION	1766241919.0	129237.0	WGS	GENOMIC	SINGLE	WGS of Bacteroides-thetaiotaomicron-VPI-5482 library1 using OXFORD_NANOPORE
SRR20644640	SRX16667795	SRS13952704	SRP386825	PRJNA859656	Streptomyces noursei	CICC11022	PACBIO_SMRT	Sequel II	2152887669.0	303276.0	WGS	GENOMIC	SINGLE	3rd sequencing of CICC11022
SRR21368616	SRX17374334	SRS14933567	SRP394975	PRJNA874835	Enterobacter cloacae	missing	OXFORD_NANOPORE	MinION	4101255.0	1292.0	WGS	GENOMIC	SINGLE	Nanopore sequencing of Enterobacter cloacae plasmid: pCQ15N
SRR28800574	SRX24364335	SRS21121412	SRP503961	PRJNA1100578	Escherichia coli	UTAK-15	OXFORD_NANOPORE	PromethION	1419178267.0	159056.0	WGS	GENOMIC	SINGLE	WGS of multidrug-resistant STEC
SRR27973004	SRX23626161	SRS20465843	SRP489819	PRJNA1076692	Klebsiella pneumoniae	RIVM_C059273_rerio	OXFORD_NANOPORE	MinION	128729876.0	36913.0	WGS	GENOMIC	SINGLE	RIVM_C059273_rerio
SRR31599544	SRX26964138	SRS23433853	SRP549287	PRJNA1185485	Escherichia coli	456	OXFORD_NANOPORE	PromethION	556288837.0	111623.0	WGS	GENOMIC	SINGLE	R4R-barcode01
SRR8494918	SRX5299465	SRS4294130	SRP181880	PRJNA422511	Citrobacter gillenii		OXFORD_NANOPORE	MinION	1102224669.0	103531.0	WGS	GENOMIC	SINGLE	Oxford Nanopore MinION WGS of Citrobacter gillenii
SRR7624569	SRX4488473	SRS3612185	SRP155788	PRJNA483111	Dickeya zeae	CE1	PACBIO_SMRT	PacBio RS II	1775700305.0	163482.0	WGS	GENOMIC	SINGLE	CE1
SRR18291905	SRX14429597	SRS9294338	SRP325975	PRJNA741123	Pseudomonas aeruginosa	1894	OXFORD_NANOPORE	MinION	630002800.0	37004.0	WGS	GENOMIC	SINGLE	Hospital Microbiome Isolates ONT
SRR29769133	SRX25269240	SRS21954092	SRP519182	PRJNA1129510	Candidatus Pelagibacter sp. Uisw_090	uisw_090	OXFORD_NANOPORE	MinION	22491801.0	5760.0	WGS	GENOMIC	SINGLE	ONT whole genome sequencing of Candidatus Pelagibacter sp. Uisw_090
SRR23640109	SRX19522849	SRS16909559	SRP424919	PRJNA812922	Neisseria gonorrhoeae	2022NG-0076	OXFORD_NANOPORE	MinION	863881830.0	336612.0	WGS	GENOMIC	SINGLE	Neisseria gonorrhoeae Raw Sequencing Reads
SRR21362385	SRX17368068	SRS12115359	SRP361569	PRJNA768416	Sporosarcina sp. FSL K6-1508	FSL K6-1508	OXFORD_NANOPORE	MinION	828495727.0	221446.0	WGS	GENOMIC	SINGLE	WGS of Bacilli
SRR26139055	SRX21852326	SRS18002695	SRP462527	PRJNA1019817	Escherichia coli	TUM14664	OXFORD_NANOPORE	MinION	443987560.0	40837.0	WGS	GENOMIC	SINGLE	WGS of Enterobacterales: Healty volunteer
SRR32972776	SRX28245780	SRS24593444	SRP576427	PRJNA1190511	Yersinia pestis	51022	PACBIO_SMRT	Sequel	2162024738.0	211338.0	WGS	GENOMIC	SINGLE	WGS of Yersinia pestis: cultured strain 51022
SRR13680622	SRX10070086	SRS8231702	SRP303037	PRJNA694442	Salmonella enterica		OXFORD_NANOPORE	GridION	4394485484.0	551913.0	WGS	GENOMIC	SINGLE	Multiplex WGS of Salmonella enterica
SRR4136234	SRX2118823	SRS1667708	SRP084835	PRJNA263069	Flavobacteriaceae bacterium MAR_2010_188	Mar_2010_188	PACBIO_SMRT	PacBio RS	459987557.0	140015.0	WGS	GENOMIC	SINGLE	Flavobacteriaceae bacterium Mar_2010_188
SRR23347719	SRX19289314	SRS16690584	SRP421131	PRJNA931653	Escherichia coli K-12	K-12	OXFORD_NANOPORE	GridION	23477519.0	4000.0	WGS	GENOMIC	SINGLE	Nanopore sequencing of Ciprofloxacin challenged E. coli
ERR2109176	ERX2166421	ERS1892199	ERP023920	PRJEB21647	Enterococcus faecium		OXFORD_NANOPORE	MinION	71639030.0	6795.0	WGS	GENOMIC	SINGLE	MinION sequencing
ERR10676254	ERX10144018	ERS14333353	ERP143248	PRJEB58185	Campylobacter jejuni		OXFORD_NANOPORE	MinION	189375354.0	314577.0	WGS	GENOMIC	PAIRED	MinION paired end sequencing
SRR34531121	SRX29674539	SRS25787647	SRP600654	PRJNA1289023	Enterobacter cloacae complex	E. hormaechei subsp. steigerwaltii	OXFORD_NANOPORE	MinION	1055712811.0	200641.0	WGS	GENOMIC	SINGLE	WGS of enterobacterial clinical strains carrying IncQ2::blaGES plasmid
SRR30949551	SRX26351933	SRS22817002	SRP536567	PRJNA1165464	Escherichia coli	Not applicable	OXFORD_NANOPORE	MinION	798324305.0	133827.0	WGS	GENOMIC	SINGLE	Nanopore sequencing of E.coli: blood isolate
SRR32001241	SRX27354118	SRS23790962	SRP071657	PRJNA312217	Salmonella enterica	JWC-7119	OXFORD_NANOPORE	PromethION	516652490.0	149490.0	WGS	GENOMIC	SINGLE	Hybrid WGS of Salmonella enterica (Long reads)
SRR30149443	SRX25617190	SRS21937416	SRP518730	PRJNA1133668	Escherichia coli O25b:H4-ST131	ST131EC4	OXFORD_NANOPORE	MinION	177926431.0	15933.0	WGS	GENOMIC	SINGLE	Nanopore sequencing of clinical CRE isolates: human
SRR14873688	SRX11191093	SRS9247125	SRP324936	PRJNA726532	Idiomarina loihiensis	SN11	OXFORD_NANOPORE	MinION	208359700.0	21459.0	WGS	GENOMIC	SINGLE	Idiomarina FeNA
SRR36885996	SRX31857694	SRS27814243	SRP664490	PRJNA1399416	Pseudomonas amygdali pv. morsprunorum	Pam_MH_A_3_2_4	OXFORD_NANOPORE	PromethION	2544073117.0	367741.0	WGS	GENOMIC	SINGLE	Genomic DNA sequencing reads
SRR10211299	SRX6930945	SRS5461240	SRP191068	PRJNA528511	Escherichia coli	GTEN_363	OXFORD_NANOPORE	GridION	354193132.0	178677.0	WGS	GENOMIC	SINGLE	Global TravEpiNet AMR surveillance Genome sequencing and assembly
SRR32184161	SRX27529413	SRS16968728	SRP426074	PRJNA941188	Bacillus amyloliquefaciens	PRO83	OXFORD_NANOPORE	GridION	1061041077.0	192217.0	WGS	GENOMIC	SINGLE	WGS of Bacillus velezensis: cell culture
SRR4176933	SRX2141531	SRS1673307	SRP086897	PRJNA303773	Pseudomonas lundensis	LMG 13517	PACBIO_SMRT	PacBio RS	50519350.0	19353.0	WGS	GENOMIC	SINGLE	Pseudomonas lundensis BS3654
SRR9900626	SRX6652456	SRS4506268	SRP051949	PRJNA271899	Pantoea sp.	OC-CRE-9114	OXFORD_NANOPORE	GridION	1391242393.0	162619.0	WGS	GENOMIC	SINGLE	Sequencing of Carbapenem resistant bacteria
SRR35628887	SRX30685147	SRS26704561	SRP627750	PRJNA1333901	Paenibacillus sp. GL_099_B	GL_099_B	OXFORD_NANOPORE	MinION	115065423.0	20654.0	WGS	GENOMIC	SINGLE	Oxford Nanopore sequences of cultivable bacteria collected in an iron ore mine and a crystal cave
ERR15677730	ERX15082121	ERS26963438	ERP171481	PRJEB88388	Microbacterium sp. R-90860	R-90860	OXFORD_NANOPORE	MinION	659412182.0	258094.0	WGS	GENOMIC	SINGLE	Raw reads: Microbacterium sp. R-90860
SRR31555783	SRX26921940	SRS23398996	SRP548427	PRJNA1192303	Shigella flexneri	2a	OXFORD_NANOPORE	GridION	197672221.0	87429.0	WGS	GENOMIC	SINGLE	WGS of Shigella sonnei 2021/2022
SRR386160	SRX109864	SRS002764	SRP001666	PRJNA32461	Coprobacillus cateniformis	D6	PACBIO_SMRT	PacBio RS	149633822.0	81741.0	WGS	GENOMIC	SINGLE	Whole Genome Sequencing and Assembly
ERR8007926	ERX7573595	ERS9899456	ERP131998	PRJEB47698	Streptococcus agalactiae		OXFORD_NANOPORE	MinION	1046010022.0	207811.0	WGS	GENOMIC	SINGLE	MinION sequencing
SRR16093182	SRX12379485	SRS10330034	SRP332816	PRJNA755469	Escherichia coli	STEC307	PACBIO_SMRT	Sequel	1210429081.0	122873.0	WGS	GENOMIC	SINGLE	Shiga toxin-producing Escherichia coli
SRR12247591	SRX8755576	SRS6976444	SRP266402	PRJNA605147	Escherichia coli		OXFORD_NANOPORE	GridION	221279102.0	37742.0	WGS	GENOMIC	SINGLE	Oxford Nanopore sequencing of Escherichia coli isolate RH16|T1-SOC07 cultured from poultry farm soil sample
SRR30868068	SRX26265747	SRS19001464	SRP250705	PRJNA607328	Escherichia coli	QA-1986 630	OXFORD_NANOPORE	MinION	812197718.0	128777.0	WGS	GENOMIC	SINGLE	Escherichia coli FELIX_MS537 Nanopore reads
ERR657649	ERX613972	ERS495753	ERP005355	PRJEB5919	Salmonella enterica subsp. enterica serovar Typhi		PACBIO_SMRT	PacBio RS	712645234.0	163482.0	WGS	GENOMIC	SINGLE	PacBio RS sequencing
SRR10747009	SRX7422393	SRS909695	SRP018785	PRJNA186035	Salmonella enterica subsp. enterica serovar Rubislaw	CFSAN029872	PACBIO_SMRT	Sequel	1478854704.0	220286.0	WGS	GENOMIC	SINGLE	Whole genome PacBio Sequel sequence of Salmonella enterica
SRR35224295	SRX30327943	SRS26372313	SRP616549	PRJNA1314197	Mycobacterium tuberculosis	not applicable	OXFORD_NANOPORE	PromethION	758179539.0	236602.0	WGS	GENOMIC	SINGLE	WGS of M. tb DNA mixture (50% Resistant), Rep 3
SRR1609060	SRX729740	SRS719060	SRP040661	PRJNA231221	Aeromonas caviae	FDAARGOS_72	PACBIO_SMRT	PacBio RS	890270347.0	163482.0	WGS	GENOMIC	SINGLE	
SRR30896514	SRX26300055	SRS22828777	SRP536878	PRJNA1134622	Escherichia coli	OXEC-343	OXFORD_NANOPORE	MinION	238350853.0	70595.0	WGS	GENOMIC	SINGLE	OXEC-343
ERR12662587	ERX12036849	ERS16233263	ERP150073	PRJEB64899	Escherichia coli		OXFORD_NANOPORE	MinION	1156021403.0	125897.0	WGS	GENOMIC	SINGLE	MinION sequencing
SRR21523078	SRX17525492	SRS14289297	SRP388025	PRJNA859142	Streptomyces sp. SJL17-1	SJL17-1	OXFORD_NANOPORE	MinION	771242929.0	194929.0	WGS	GENOMIC	SINGLE	Nanopore sequencing of Streptomyces spp.
SRR9030317	SRX5807577	SRS4736985	SRP197133	PRJNA244409	Burkholderia pseudomallei	MSHR1655	PACBIO_SMRT	PacBio RS II	354223961.0	213170.0	WGS	GENOMIC	SINGLE	MSHR1655 PacBio Data
ERR10499178	ERX10016464	ERS14255709	ERP142629	PRJEB57633	Escherichia coli		OXFORD_NANOPORE	GridION	144402330.0	32269.0	WGS	GENOMIC	SINGLE	Raw reads: ONT_30859_5#271
SRR25999200	SRX21716460	SRS18851481	SRP459613	PRJNA1014400	Listeria monocytogenes		OXFORD_NANOPORE	MinION	360204704.0	152449.0	WGS	GENOMIC	SINGLE	ONT R10 WGS of Listeria monoctyogenes isolate
SRR926373	SRX314712	SRS452292	SRP026275	PRJNA184141	Salmonella enterica subsp. enterica serovar Cubana str. CFSAN002050	CFSAN002050	PACBIO_SMRT	PacBio RS	293749916.0	81741.0	WGS	GENOMIC	SINGLE	Whole genome shotgun sequencing of Salmonella enterica subsp. enterica serovar Cubana str. CFSAN002050 by Pacific Biosciences SMRT
SRR15989217	SRX12277650	SRS9999066	SRP357537	PRJNA801416	Citrobacter freundii	-	OXFORD_NANOPORE	GridION	613616511.0	56519.0	WGS	GENOMIC	SINGLE	Whole Genome Sequencing of Carbapenemase-producing Enterobacterales (CPE)
ERR10163176	ERX9699772	ERS13423714	ERP140710	PRJEB55790	Apilactobacillus kunkeei	A1404	PACBIO_SMRT	PacBio RS	860650603.0	100368.0	WGS	GENOMIC	SINGLE	PacBio RS sequencing; Raw reads: A1404
ERR863055	ERX942705	ERS625282	ERP008928	PRJEB7928	Shigella dysenteriae	M116	PACBIO_SMRT	PacBio RS	976312762.0	163482.0	WGS	GENOMIC	SINGLE	PacBio RS sequencing
ERR13848202	ERX13250968	ERS18629869	ERP158153	PRJEB73354	Escherichia coli		OXFORD_NANOPORE	MinION	390825634.0	54240.0	WGS	GENOMIC	SINGLE	MinION sequencing
SRR16925228	SRX13117374	SRS11052359	SRP345712	PRJNA779856	Lacticaseibacillus paracasei		PACBIO_SMRT	Sequel	1478354250.0	163112.0	WGS	GENOMIC	SINGLE	DNA methylation-guided metabolism
SRR3878674	SRX1935667	SRS1256903	SRP068738	PRJNA292900	Escherichia coli	AR_0048	PACBIO_SMRT	PacBio RS II	3341133587.0	163482.0	WGS	GENOMIC	PAIRED	
ERR1447031	ERX1517407	ERS1092514	ERP005928	PRJEB6403	Lacticaseibacillus rhamnosus	NCTC13764	PACBIO_SMRT	PacBio RS	710066205.0	163482.0	WGS	GENOMIC	SINGLE	PacBio RS sequencing
SRR22784935	SRX18744509	SRS16179713	SRP413484	PRJNA912639	Escherichia coli	EC_A_23315_C9_H_CuN_CeN	OXFORD_NANOPORE	MinION	512939645.0	86932.0	WGS	GENOMIC	SINGLE	WGS of Escherichia coli
SRR21416085	SRX17420403	SRS12115392	SRP361569	PRJNA768416	Lysinibacillus sp. FSL P2-0066		OXFORD_NANOPORE	MinION	139363818.0	25443.0	WGS	GENOMIC	SINGLE	WGS of Bacilli
SRR26413073	SRX22118438	SRS16091123	SRP412517	PRJNA910977	Escherichia coli	P0590	PACBIO_SMRT	Sequel II	679149636.0	51227.0	WGS	GENOMIC	SINGLE	WGS of E. coli
SRR14648267	SRX10986867	SRS9061457	SRP321303	PRJNA693392	Xanthomonas campestris	PHDS-04-107	OXFORD_NANOPORE	MinION	43155034.0	18757.0	WGS	GENOMIC	SINGLE	MinION genome sequencing of Xanthomonas campestris: PHDS-04-107
DRR165740	DRX156356	DRS089364	DRP004879	PRJDB7920	Pseudomonas asiatica	MY371	OXFORD_NANOPORE	MinION	126344646.0	48573.0	WGS	GENOMIC	SINGLE	MinION sequencing of SAMD00158974
SRR6238475	SRX3346709	SRS2646837	SRP123203	PRJNA371177	Caldicellulosiruptor bescii	RKCB120	PACBIO_SMRT	PacBio RS II	274466666.0	94610.0	WGS	GENOMIC	SINGLE	Caldicellulosiruptor bescii RKCB120
ERR10857157	ERX10301878	ERS14574402	ERP144502	PRJEB59466	Salmonella enterica		OXFORD_NANOPORE	MinION	734183918.0	108414.0	WGS	GENOMIC	SINGLE	MinION sequencing
SRR18729836	SRX14829893	SRS12585861	SRP369762	PRJNA825705	Escherichia coli	ST-131	OXFORD_NANOPORE	MinION	1393502096.0	164785.0	WGS	GENOMIC	SINGLE	ONT sequencing of Escherichia coli: sample ecoli-503
SRR29384768	SRX24898901	SRS21605158	SRP512887	PRJNA991498	Agrobacterium tumefaciens		PACBIO_SMRT	Sequel II	1397667622.0	130789.0	WGS	GENOMIC	SINGLE	Long-read sequencing of Agrobacterium tumefaciens, Isolate 1 of Microcosm 3 of condition CAtCtMl
SRR37184074	SRX32121783	SRS28054743	SRP676055	PRJNA1405938	Klebsiella pneumoniae	2024005170	OXFORD_NANOPORE	MinION	456911427.0	49187.0	WGS	GENOMIC	SINGLE	Hypervirulence-associated genes in Klebsiella pneumoniae
SRR27180047	SRX22860429	SRS19835777	SRP477403	PRJNA1049513	Vibrio sp. PBL-C16	PBL-C16	OXFORD_NANOPORE	MinION	57907.0	19.0	WGS	GENOMIC	SINGLE	Vibrio sp. PBL-C16 Genome sequencing and assembly
DRR337718	DRX326678	DRS195545	DRP007433	PRJDB11405	Staphylococcus aureus	JMUB4641	OXFORD_NANOPORE	MinION	732482257.0	73677.0	WGS	GENOMIC	SINGLE	MinION sequencing of SAMD00287816
SRR13328055	SRX9755157	SRS7944809	SRP299781	PRJNA684363	Pseudomonas sp. TH37	TH37	OXFORD_NANOPORE	MinION	230004886.0	496776.0	WGS	GENOMIC	SINGLE	WGS of Pseudomonas sp. : bacterial isolate
SRR35556743	SRX30631317	SRS19727923	SRP150360	PRJNA475751	Clostridioides difficile	CD08972	OXFORD_NANOPORE	MinION	256147080.0	74745.0	WGS	GENOMIC	SINGLE	WGS Sequencing of Clostridioides difficile
ERR3354215	ERX3378722	ERS2394095	ERP011196	PRJEB10018	Klebsiella pneumoniae		PACBIO_SMRT	Sequel	1970688192.0	496669.0	WGS	GENOMIC	SINGLE	Sequel sequencing
SRR31943999	SRX27300979	SRS23742459	SRP556326	PRJNA1190092	Escherichia	missing	PACBIO_SMRT	PacBio RS II	99955459.0	19822.0	WGS	GENOMIC	SINGLE	Wastewater sample KH_35
SRR29816422	SRX25315669	SRS16968726	SRP426074	PRJNA941188	Bacillus velezensis	PRO77	OXFORD_NANOPORE	GridION	240392097.0	43208.0	WGS	GENOMIC	SINGLE	WGS of Bacillus velezensis: cell culture
SRR28063688	SRX23713289	SRS20528688	SRP490965	PRJNA1079198	Salmonella enterica subsp. enterica serovar Infantis	18-SA03752-0	OXFORD_NANOPORE	MinION	511336229.0	79640.0	WGS	GENOMIC	SINGLE	WGS of Salmonella enterica subsp. enterica serovar Infantis isolate 18-SA03752-0 using ONT technology
SRR7508525	SRX4378971	SRS3535361	SRP153035	PRJNA433211	Pseudomonas chlororaphis subsp. aureofaciens	ChPhzTR38	PACBIO_SMRT	PacBio RS II	2877275779.0	163482.0	WGS	GENOMIC	SINGLE	Whole genome sequence of Pseudomonas chlororaphis subsp. aureofaciens ChPhzTR38
SRR35674207	SRX30725823	SRS26742292	SRP561673	PRJNA1219398	Pasteurella multocida	182446	OXFORD_NANOPORE	MinION	27907018.0	3958.0	WGS	GENOMIC	SINGLE	DNA-Seq of Pasteurella multocida 182446
SRR36067859	SRX31114065	SRS27072670	SRP644837	PRJNA1364846	Staphylococcus hominis	SHOMINIS	OXFORD_NANOPORE	GridION	696156.0	3153.0	WGS	GENOMIC	SINGLE	Staphylococcus faecalis, DBT kit, 36-plex and 200 ng DNA, replicate 4
SRR13269123	SRX9699334	SRS7895457	SRP272861	PRJNA646575	Phocaeicola vulgatus		OXFORD_NANOPORE	GridION	574046335.0	90102.0	WGS	GENOMIC	SINGLE	WGS  of Bacteroides fragilis group clinical isolates
SRR12971178	SRX9423584	SRS7638400	SRP290944	PRJNA674061	Salmonella enterica subsp. enterica serovar Heidelberg	missing	OXFORD_NANOPORE	MinION	207380655.0	68214.0	WGS	GENOMIC	SINGLE	Transconjugant Salmonella enterica serovar Heidelberg (DPI:7) (Group:Str) (ID:PG20180177)
DRR523859	DRX507745	DRS356500	DRP010992	PRJDB17253	Photorhabdus temperata	FFPRI_2	PACBIO_SMRT	Sequel II	232087963.0	27034.0	WGS	GENOMIC	SINGLE	Sequel II sequencing of SAMD00729092
ERR2576014	ERX2593007	ERS1681518	ERP017350	PRJEB15537	Streptococcus pneumoniae		PACBIO_SMRT	PacBio RS	1521888757.0	163482.0	WGS	GENOMIC	SINGLE	PacBio RS sequencing
SRR29161134	SRX24682238	SRS21408154	SRP509551	PRJNA1096641	Glutamicibacter halophytocola	PFE44	OXFORD_NANOPORE	GridION	539273370.0	59005.0	WGS	GENOMIC	SINGLE	Genome assembly of  PFE44
SRR5902555	SRX3064144	SRS1832390	SRP094480	PRJNA279196	Bordetella pertussis	J022	PACBIO_SMRT	PacBio RS II	1038410101.0	163482.0	WGS	GENOMIC	SINGLE	
SRR9648338	SRX6409887	SRS5067268	SRP213288	PRJNA546944	Psychromicrobium silvestre	DSM 102047	PACBIO_SMRT	Sequel	699553654.0	214969.0	WGS	GENOMIC	SINGLE	Psychromicrobium silvestre DSM 102047
SRR35628877	SRX30685157	SRS26704572	SRP627750	PRJNA1333901	Aeromonas bestiarum	GL_108	OXFORD_NANOPORE	MinION	283861396.0	31938.0	WGS	GENOMIC	SINGLE	Oxford Nanopore sequences of cultivable bacteria collected in an iron ore mine and a crystal cave
ERR2928976	ERX2931912	ERS2907570	ERP112149	PRJEB29800	Streptococcus pyogenes	SP444	PACBIO_SMRT	PacBio RS	598421150.0	163482.0	WGS	GENOMIC	SINGLE	PacBio RS sequencing
SRR8450598	SRX5257521	SRS4258663	SRP179933	PRJNA496031	Pseudomonas aeruginosa	121156	PACBIO_SMRT	PacBio RS II	733479452.0	92560.0	WGS	GENOMIC	SINGLE	WGS of Pseudomonas spp.
ERR879369	ERX958772	ERS654923	ERP005928	PRJEB6403	Staphylococcus aureus	NCTC10833	PACBIO_SMRT	PacBio RS	1007447979.0	163482.0	WGS	GENOMIC	SINGLE	PacBio RS sequencing
SRR30944957	SRX26347447	SRS22853345	SRP537443	PRJNA1170947	Serratia marcescens	CAV1492	OXFORD_NANOPORE	MinION	502937098.0	62976.0	WGS	GENOMIC	SINGLE	Whole Genome Sequencing of CAV3746: Sink-3PS
SRR9722850	SRX6480359	SRS5130423	SRP215816	PRJNA470993	Staphylococcus aureus	pt244	PACBIO_SMRT	PacBio RS II	1213140773.0	171335.0	WGS	GENOMIC	SINGLE	WGS of Staphylococcus aureus
SRR7091778	SRX4020673	SRS3241745	SRP144298	PRJNA442708	Rhodococcus wratislaviensis	WS3308	PACBIO_SMRT	PacBio RS II	208238353.0	76151.0	WGS	GENOMIC	SINGLE	Tsukamurella wratislaviensis WS3308
SRR33600029	SRX28829527	SRS25061943	SRP585898	PRJNA1263016	Staphylococcus aureus	MW2	OXFORD_NANOPORE	MinION	298463753.0	34183.0	WGS	GENOMIC	SINGLE	WGS long read sequencing of MRSA
SRR35556649	SRX30631411	SRS19727743	SRP150360	PRJNA475751	Klebsiella pneumoniae	KLP00719	OXFORD_NANOPORE	MinION	212530563.0	43981.0	WGS	GENOMIC	SINGLE	WGS Sequencing of Klebsiella pneumoniae
SRR23347605	SRX19289428	SRS16690584	SRP421131	PRJNA931653	Escherichia coli K-12	K-12	OXFORD_NANOPORE	GridION	21579615.0	4000.0	WGS	GENOMIC	SINGLE	Nanopore sequencing of Ciprofloxacin challenged E. coli
SRR3723698	SRX1881180	SRS1527855	SRP077381	PRJNA234788	Phaeacidiphilus oryzae TH49	TH49	PACBIO_SMRT	PacBio RS	15716838.0	8279.0	WGS	GENOMIC	SINGLE	Streptacidiphilus oryzae TH49
DRR572635	DRX556102	DRS426391	DRP012251	PRJDB17574	Escherichia coli	YK-IS1MA-L06-4_G08	OXFORD_NANOPORE	MinION	18406927.0	1972.0	WGS	GENOMIC	SINGLE	nanopore-seq of SAMD00748208 L06-4_G8
DRR255680	DRX245398	DRS163607	DRP006727	PRJDB9507	Ralstonia solanacearum	MAFF 311693	PACBIO_SMRT	Sequel	1859361004.0	187585.0	WGS	GENOMIC	SINGLE	Sequel sequencing of SAMD00256263
SRR16602925	SRX12803924	SRS10749482	SRP343516	PRJNA775652	Ralstonia solanacearum	UW193	PACBIO_SMRT	PacBio RS	2096129532.0	219198.0	WGS	GENOMIC	SINGLE	Cool-virulence in Ralstonia solanacearum
SRR4233833	SRX2156117	SRS1686115	SRP088186	PRJNA334835	Bacillus pumilus	RC83	PACBIO_SMRT	PacBio RS	442617384.0	133991.0	WGS	GENOMIC	SINGLE	Bacillus pumilus RC83
DRR184080	DRX174561	DRS232003	DRP008321	PRJDB8512	Escherichia coli	KY 1497	PACBIO_SMRT	PacBio RS II	1021670134.0	163482.0	WGS	GENOMIC	SINGLE	PacBio RS II sequencing of SAMD00178070
SRR27467582	SRX23139048	SRS20090105	SRP482617	PRJNA942599	Staphylococcus aureus	Dog043	PACBIO_SMRT	Sequel II	1759970740.0	161712.0	WGS	GENOMIC	SINGLE	PacBio sequencing of canine Staphylococcaceae isolated from a Kenyan shelter in June 2051
SRR30896328	SRX26299693	SRS22828415	SRP536878	PRJNA1134622	Escherichia coli	OXEC-439	OXFORD_NANOPORE	MinION	1068748106.0	297193.0	WGS	GENOMIC	SINGLE	OXEC-439
ERR10499014	ERX10016303	ERS14255562	ERP142629	PRJEB57633	Escherichia coli		OXFORD_NANOPORE	GridION	51438117.0	10441.0	WGS	GENOMIC	SINGLE	Raw reads: ONT_30821_1#244
SRR23725192	SRX19585802	SRS16968679	SRP426074	PRJNA941188	Bacillus licheniformis	DSM 13	OXFORD_NANOPORE	MinION	490512400.0	58338.0	WGS	GENOMIC	SINGLE	WGS of Bacillus licheniformis: cell culture
SRR35673897	SRX30725769	SRS26742339	SRP561673	PRJNA1219398	Pasteurella multocida	221917	OXFORD_NANOPORE	MinION	87791011.0	20014.0	WGS	GENOMIC	SINGLE	DNA-Seq of Pasteurella multocida 221917
SRR19787724	SRX15831627	SRS13522718	SRP383167	PRJNA851853	Salmonella enterica	K2083_ONT_75X	OXFORD_NANOPORE	GridION	365143955.0	47988.0	WGS	GENOMIC	SINGLE	WGS of Salmonella enterica serovar Enteritidis
SRR9618668	SRX6381712	SRS2813979	SRP128228	PRJNA347179	Streptomyces sp. 3211.5	3211.5	PACBIO_SMRT	Sequel	1358290634.0	268068.0	WGS	GENOMIC	SINGLE	Streptomyces sp. 3211.5
DRR792127	DRX770775	DRS554818	DRP014985	PRJDB37753	Desulforhopalus sp. 52FAK	52FAK	OXFORD_NANOPORE	MinION	537665907.0	338000.0	WGS	GENOMIC	SINGLE	MinION sequencing of SAMD01694987
SRR37002363	SRX31951966	SRS27897730	SRP667822	PRJNA1415187	Yersinia pestis	1906	OXFORD_NANOPORE	PromethION	554440208.0	71303.0	WGS	GENOMIC	SINGLE	ONT sequencing of Yp_1906_22
SRR31598805	SRX26963681	SRS23433392	SRP549287	PRJNA1185485	Escherichia coli	311	OXFORD_NANOPORE	PromethION	471678902.0	208923.0	WGS	GENOMIC	SINGLE	manhole-barcode63
SRR28434424	SRX24038617	SRS20831700	SRP497546	PRJNA1091452	Staphylococcus aureus	SA68-PS	OXFORD_NANOPORE	MinION	373727196.0	90830.0	WGS	GENOMIC	SINGLE	ONT performance study sequencing of S. aureus
SRR14509539	SRX10855507	SRS8951131	SRP319462	PRJNA728709	Escherichia coli	06_3288	PACBIO_SMRT	PacBio RS II	2421150704.0	163482.0	WGS	GENOMIC	SINGLE	Genome sequencing of E. coli O26: H11
SRR23873160	SRX19685222	SRS17054545	SRP427517	PRJNA945053	Pseudomonas sp. FeN3W	FeN3W	OXFORD_NANOPORE	MinION	714644844.0	100000.0	WGS	GENOMIC	SINGLE	WGS of Catalina Island marine sediment isolates
SRR389292	SRX032451	SRS140100	SRP004712	PRJNA61297	Vibrio cholerae O1 biovar El Tor		PACBIO_SMRT	PacBio RS	140159165.0	60667.0	WGS	GENOMIC	SINGLE	Sequencing for H1 (Haiti, 2010)
SRR18048230	SRX14200499	SRS12021083	SRP040281	PRJNA230403	Salmonella enterica	PNUSAS155916	OXFORD_NANOPORE	MinION	880693974.0	291490.0	WGS	GENOMIC	SINGLE	Whole genome Oxford Nanopore MinION sequence of Salmonella enterica
ERR1755388	ERX1822537	ERS1247821	ERP005928	PRJEB6403	Staphylococcus aureus	NCTC13812	PACBIO_SMRT	PacBio RS	1425064861.0	163482.0	WGS	GENOMIC	SINGLE	PacBio RS sequencing
SRR9001283	SRX5780099	SRS3932941	SRP165734	PRJNA496461	Klebsiella pneumoniae	KLPN_M8	OXFORD_NANOPORE	GridION			WGS	GENOMIC	SINGLE	nanopore seq of klebsiella pneumoniae
SRR11209283	SRX7822150	SRS6233359	SRP251108	PRJNA609126	Staphylococcus aureus	SA1428	OXFORD_NANOPORE	GridION	102183091.0	4000.0	WGS	GENOMIC	SINGLE	Genome sequence of a chronic Staphylococcus aureus isolated from dairy cow that is non-responsive to antibiotic treatment
SRR23725139	SRX19585855	SRS16968731	SRP426074	PRJNA941188	Bacillus subtilis	PRO61	OXFORD_NANOPORE	MinION	1492786892.0	187035.0	WGS	GENOMIC	SINGLE	WGS of Bacillus subtilis: cell culture
SRR13575411	SRX9973451	SRS8145954	SRP303741	PRJNA695586	Streptococcus pyogenes	M4C20	OXFORD_NANOPORE	MinION	3122081.0	4000.0	WGS	GENOMIC	SINGLE	Whole genome sequence of Streptococcus pyogenes strain M4C20
ERR12779843	ERX12153033	ERS18593815	ERP152744	PRJEB67737	Salmonella enterica subsp. enterica serovar Minnesota		OXFORD_NANOPORE	PromethION	372189348.0	312000.0	WGS	GENOMIC	SINGLE	Raw reads: K_176_L
SRR12301123	SRX8804161	SRS7070648	SRP273211	PRJNA345405	Microbacterium sp. BH-3-3-3	BH-3-3-3	PACBIO_SMRT	PacBio RS II	1827318506.0	155596.0	WGS	GENOMIC	SINGLE	BH3-3-3 genome raw data
SRR12935283	SRX9398999	SRS7616988	SRP040661	PRJNA231221	Chryseobacterium gleum	FDAARGOS_1103	PACBIO_SMRT	PacBio RS	1240839599.0	163482.0	WGS	GENOMIC	SINGLE	
SRR24651302	SRX20431229	SRS17736811	SRP438478	PRJNA885826	Bacteroides xylanisolvens	SD CC 1b	OXFORD_NANOPORE	MinION	8145963314.0	469720.0	WGS	GENOMIC	SINGLE	PCR free Oxford Nanopore sequencing of genomic DNA from Bacteroides-xylanisolvens-SD-CC-1b
SRR22070826	SRX18051227	SRS15557538	SRP404952	PRJNA893697	Acinetobacter baumannii	RBH2	OXFORD_NANOPORE	MinION	118083302.0	12421.0	WGS	GENOMIC	SINGLE	Long read sequencing of Acinetobacter baumannii strain RBH2
SRR34973506	SRX30092819	SRS26157794	SRP608514	PRJNA1305037	Klebsiella pneumoniae	MI_KPC_937	OXFORD_NANOPORE	PromethION	464418410.0	120440.0	WGS	GENOMIC	SINGLE	KPC CRE collection from state of Michigan
SRR21903048	SRX17889110	SRS15406285	SRP402614	PRJNA890545	Citrobacter		OXFORD_NANOPORE	GridION	229752605.0	92397.0	WGS	GENOMIC	SINGLE	Metagenomic Nanopore Sequencing of Ocular Microbiome in Patients with Meibomian Gland Dysfunction 24
SRR2920069	SRX1426096	SRS1158325	SRP052801	PRJNA273427	Staphylococcus aureus	UTSW MRSA 55	PACBIO_SMRT	PacBio RS	2007355625.0	163482.0	WGS	GENOMIC	SINGLE	UTSW MRSA 55
SRR17681517	SRX13844867	SRS2553638	SRP353467	PRJNA794134	Listeria monocytogenes	TB0451	OXFORD_NANOPORE	MinION	74887584.0	10462.0	WGS	GENOMIC	SINGLE	long read sequencing of Listeria monocytogenes
ERR10741419	ERX10190727	ERS14394699	ERP143791	PRJEB58724	Klebsiella pneumoniae		OXFORD_NANOPORE	MinION	104712817.0	12633.0	WGS	GENOMIC	SINGLE	NIHR Nanopore Sequencing
SRR12298626	SRX8801951	SRS6792559	SRP266402	PRJNA605147	Escherichia coli	RHB32-C19	OXFORD_NANOPORE	GridION	63049779.0	14562.0	WGS	GENOMIC	SINGLE	OXFORD_NANOPORE sequencing of Escherichia coli isolate RH13|T3-C19 cultured from Sheep faeces sample
SRR26386677	SRX22092766	SRS19158727	SRP466359	PRJNA660241	Salmonella sp. 2625	2625	PACBIO_SMRT	PacBio RS	1323435900.0	4411453.0	WGS	GENOMIC	PAIRED	Salmonella enterica Genome sequencing
SRR873634	SRX290741	SRS431841	SRP023551	PRJNA176633	Vibrio parahaemolyticus 949	949	PACBIO_SMRT	PacBio RS	131775220.0	81741.0	WGS	GENOMIC	SINGLE	
ERR13194338	ERX12565203	ERS20185850	ERP160059	PRJEB75483	Pseudomonas sp. LjRoot279		OXFORD_NANOPORE	MinION	179133048.0	30304.0	WGS	GENOMIC	SINGLE	MinION sequencing
ERR13298034	ERX12668896	ERS20274759	ERP161188	PRJEB76684	Enterobacter hormaechei		OXFORD_NANOPORE	MinION	240145618.0	70828.0	WGS	GENOMIC	SINGLE	MinION sequencing
SRR9732415	SRX6489591	SRS5138380	SRP215929	PRJNA555902	Achromobacter xylosoxidans	mfec-15-2	OXFORD_NANOPORE	GridION	149516258.0	25964.0	WGS	GENOMIC	SINGLE	Genome sequencing of bacterial strain mfec-15-2
DRR287291	DRX276748	DRS318052	DRP010345	PRJDB10714	Annamia dubia NIES-4383	NIES-4383	OXFORD_NANOPORE	MinION	16153195.0	4000.0	WGS	GENOMIC	SINGLE	Annamia_sp_29
SRR1185295	SRX482662	SRS420751	SRP022628	PRJNA201923	Enterobacter sp. MGH 8	MGH 8	PACBIO_SMRT	PacBio RS	340059197.0	81741.0	WGS	GENOMIC	SINGLE	Pacbio whole genome shotgun sequencing of genomic DNA library 'PACBIO-472' containing sample 'Enterobacter cloacae complex MGH 8'
ERR10498601	ERX10015890	ERS14255747	ERP142629	PRJEB57633	Escherichia coli		OXFORD_NANOPORE	GridION	96789727.0	12556.0	WGS	GENOMIC	SINGLE	Raw reads: ONT_30602_1#105
ERR12448443	ERX11824865	ERS17728794	ERP156572	PRJEB71788	Listeria monocytogenes		OXFORD_NANOPORE	GridION	366709542.0	24007.0	WGS	GENOMIC	SINGLE	Raw reads: ListPred_4239
SRR21630242	SRX17630772	SRS11554467	SRP354045	PRJNA747871	Streptomyces chartreusis	NBC_00215	OXFORD_NANOPORE	MinION	538708857.0	81527.0	WGS	GENOMIC	SINGLE	nanopore sequencing data from strain NBC_00215
ERR2508269	ERX2527724	ERS1572779	ERP021285	PRJEB19288	Vibrio cholerae		PACBIO_SMRT	PacBio RS	810331972.0	163482.0	WGS	GENOMIC	SINGLE	PacBio RS sequencing
SRR17965220	SRX14121555	SRS5960623	SRP359094	PRJNA803486	Listeria monocytogenes	CFIAFB20180114	OXFORD_NANOPORE	MinION	892820710.0	49494.0	WGS	GENOMIC	SINGLE	Nanopre sequencing: Listeria monocytogenes
ERR8282743	ERX7850174	ERS3033891	ERP112565	PRJEB30134	Pseudomonas putida	cpe006	OXFORD_NANOPORE	MinION	560863954.0	84332.0	WGS	GENOMIC	SINGLE	MinION sequencing
SRR5420605	SRX2712112	SRS2103698	SRP103165	PRJNA381838	Pseudomonas aeruginosa	PASGNDM345	PACBIO_SMRT	PacBio RS II	2374887111.0	163482.0	WGS	GENOMIC	SINGLE	Genome sequencing of PASGNDM345 using Pacbio
SRR25467075	SRX21199849	SRS18458352	SRP452337	PRJNA1000618	Escherichia coli	Escherichia coli BL21(DE3)	OXFORD_NANOPORE	MinION	6473232.0	4000.0	WGS	GENOMIC	SINGLE	CASTVK transposition with different condition
SRR13893505	SRX10273509	SRS8406482	SRP309815	PRJNA686978	Enterobacter cloacae	not collected	OXFORD_NANOPORE	MinION	9498524154.0	1402999.0	WGS	GENOMIC	SINGLE	nanopore sequencing of e cloacae: clinical isolate
SRR31599529	SRX26964153	SRS23433864	SRP549287	PRJNA1185485	Escherichia coli	578	OXFORD_NANOPORE	PromethION	313193634.0	210094.0	WGS	GENOMIC	SINGLE	RMB-3R-barcode47
SRR29819975	SRX25318976	SRS21988586	SRP519730	PRJNA1135485	Salmonella		OXFORD_NANOPORE	MinION	279741007.0	39358.0	WGS	GENOMIC	SINGLE	WGS Salmonella isolates from cattle
SRR35213213	SRX30317145	SRS26364080	SRP615992	PRJNA1301220	Acinetobacter baumannii	ABO22-H100	OXFORD_NANOPORE	MinION	595227467.0	48296.0	WGS	GENOMIC	SINGLE	Whole geneme sequencing of Acinetobacter baumannii: isolates of the Ab-One study
SRR15989190	SRX12277677	SRS9998507	SRP357534	PRJNA801415	Klebsiella pneumoniae	20	OXFORD_NANOPORE	GridION	1375007308.0	119448.0	WGS	GENOMIC	SINGLE	Whole Genome Sequencing of Carbapenemase-producing Enterobacterales (CPE)
SRR30149356	SRX25617277	SRS21937348	SRP518730	PRJNA1133668	Klebsiella pneumoniae	ST3359KP4	OXFORD_NANOPORE	MinION	105328356.0	8248.0	WGS	GENOMIC	SINGLE	Nanopore sequencing of clinical CRE isolates: human
SRR31598915	SRX26963570	SRS23433282	SRP549287	PRJNA1185485	Escherichia coli	931	OXFORD_NANOPORE	PromethION	1246802790.0	175179.0	WGS	GENOMIC	SINGLE	WTP-NoR-Nov-barcode90
SRR31990263	SRX27345210	SRS20831675	SRP497546	PRJNA1091452	Staphylococcus aureus	SA62-PS	OXFORD_NANOPORE	MinION	397100711.0	71618.0	WGS	GENOMIC	SINGLE	native ONT data from Staphylococcus aureus
SRR14871182	SRX11188636	SRS9244937	SRP324862	PRJNA736470	Streptococcus equi subsp. equi	SEE_19-071	PACBIO_SMRT	Sequel	258495729.0	35649.0	WGS	GENOMIC	SINGLE	PacBio whole genome sequencing of Streptococcu equi
SRR17117366	SRX13301921	SRS11211574	SRP040661	PRJNA231221	Gordonia bronchialis	FDAARGOS_1594	PACBIO_SMRT	Sequel	353538261.0	48105.0	WGS	GENOMIC	SINGLE	
ERR13600635	ERX12971658	ERS15599972	ERP132614	PRJEB48268	Klebsiella pneumoniae		OXFORD_NANOPORE	GridION	211974489.0	20132.0	WGS	GENOMIC	SINGLE	GridION sequencing
SRR33768383	SRX28991093	SRS22397103	SRP444583	PRJNA962904	Escherichia coli		PACBIO_SMRT	Sequel II	234401570.0	11775.0	WGS	GENOMIC	SINGLE	PacBio sequencing of A149020HE3 for ARCH 2
DRR466692	DRX450928	DRS461436	DRP012929	PRJDB15875	sponge metagenome		OXFORD_NANOPORE	MinION	1020580.0	966.0	WGS	GENOMIC	SINGLE	MinION sequencing of SAMD00604104
SRR8034318	SRX4866880	SRS3924775	SRP165230	PRJNA485470	Salmonella enterica subsp. enterica serovar Dublin	USMARC-69840	PACBIO_SMRT	PacBio RS II	1708391147.0	163482.0	WGS	GENOMIC	SINGLE	WGS of Salmonella enterica sv. Dublin USMARC-69840
SRR35071042	SRX30184979	SRS26244987	SRP610420	PRJNA1308807	Escherichia coli	Ec_157	OXFORD_NANOPORE	MinION	961637363.0	139179.0	WGS	GENOMIC	SINGLE	Oxford Nanopore sequences of an isolated E. coli strain from wastewater
ERR581053	ERX539140	ERS426727	ERP001625	PRJEB3164	Salmonella enterica subsp. enterica serovar Typhimurium		PACBIO_SMRT	PacBio RS	934023535.0	163482.0	WGS	GENOMIC	SINGLE	PacBio RS sequencing
ERR9030509	ERX8573919	ERS10792309	ERP133548	PRJEB49093	Mycobacterium tuberculosis	Lineage 2.2.1	OXFORD_NANOPORE	MinION	661740454.0	199259.0	WGS	GENOMIC	SINGLE	MinION sequencing; Raw reads: R27725-nanopore
SRR21563447	SRX17565728	SRS11554566	SRP354045	PRJNA747871	Streptomyces sp. NBC_01474	NBC_01474	OXFORD_NANOPORE	MinION	85542300.0	18002.0	WGS	GENOMIC	SINGLE	nanopore sequencing data from strain NBC_01474
SRR31024109	SRX26411454	SRS22931409	SRP539092	PRJNA1174068	Vibrio cholerae	mHDM VC69	OXFORD_NANOPORE	PromethION	111291329.0	56043.0	WGS	GENOMIC	SINGLE	WGS of Vcholerae isolates
SRR10211212	SRX6931032	SRS5461327	SRP191068	PRJNA528511	Escherichia coli	GTEN_362	OXFORD_NANOPORE	GridION	1539939759.0	347196.0	WGS	GENOMIC	SINGLE	Global TravEpiNet AMR surveillance Genome sequencing and assembly
SRR386028	SRX109799	SRS001120	SRP000361	PRJNA32935	Enterococcus casseliflavus EC20	899205	PACBIO_SMRT	PacBio RS	179886640.0	81741.0	WGS	GENOMIC	SINGLE	Whole Genome Sequencing and Assembly
DRR381757	DRX367641	DRS246856	DRP008791	PRJDB13729	Escherichia coli	53_142304	OXFORD_NANOPORE	MinION	1136180649.0	105888.0	WGS	GENOMIC	SINGLE	53_142304_ONT
SRR30200671	SRX25663712	SRS22306259	SRP525621	PRJNA1133913	Klebsiella pneumoniae	5_kpn	OXFORD_NANOPORE	GridION	73882745.0	6319.0	WGS	GENOMIC	SINGLE	ONT seq of kpn:blood
SRR31599613	SRX26964069	SRS23433782	SRP549287	PRJNA1185485	Escherichia coli	103	OXFORD_NANOPORE	PromethION	930320128.0	169865.0	WGS	GENOMIC	SINGLE	ABCD-barcode80
SRR11606864	SRX8173257	SRS6533471	SRP257867	PRJNA626599	Enterocloster bolteae	CBBP-2	PACBIO_SMRT	PacBio RS II	1520343854.0	163482.0	WGS	GENOMIC	SINGLE	SMRTCboBP9_50
DRR597862	DRX578409	DRS528168	DRP014393	PRJDB18842	Mycobacterium shinjukuense	MSJ-06	PACBIO_SMRT	PacBio RS II	905417631.0	114394.0	WGS	GENOMIC	SINGLE	PacBio RS II sequencing of SAMD00821546
SRR32972781	SRX28245775	SRS24593439	SRP576427	PRJNA1190511	Yersinia pestis	101007	PACBIO_SMRT	Sequel	2228219334.0	228864.0	WGS	GENOMIC	SINGLE	WGS of Yersinia pestis: cultured strain 101007
SRR10013752	SRX6751877	SRS5301917	SRP219110	PRJNA560883	Escherichia coli O16:H48	PG20180059	OXFORD_NANOPORE	MinION	90781534.0	16440.0	WGS	GENOMIC	SINGLE	Escherichia coli O16:H48 (Transconjugant)
ERR1562475	ERX1633231	ERS1183429	ERP005928	PRJEB6403	Salmonella enterica	NCTC12705	PACBIO_SMRT	PacBio RS	1319339043.0	163482.0	WGS	GENOMIC	SINGLE	PacBio RS sequencing
SRR28415545	SRX24019890	SRS20798052	SRP496639	PRJNA1090044	Staphylococcus aureus	TUM20817	OXFORD_NANOPORE	MinION	389079847.0	116697.0	WGS	GENOMIC	SINGLE	ONT sequencing of Staphylococcus aureus TUM20817
SRR22860023	SRX18818560	SRS16251823	SRP414408	PRJNA914892	Staphylococcus aureus	C267	OXFORD_NANOPORE	MinION	62860369.0	46795.0	WGS	GENOMIC	SINGLE	Long read ONT WGS of Staphylococcus aureus isolates from Chronic Rhinosinusitis Patients
SRR36797854	SRX31784494	SRS27747195	SRP661661	PRJNA1389824	Enterobacter ludwigii		OXFORD_NANOPORE	MinION	774615544.0	396833.0	WGS	GENOMIC	SINGLE	evolved microcosm clones
SRR5165464	SRX2482433	SRS1913864	SRP096426	PRJNA257887	Mesorhizobium australicum	B5P	PACBIO_SMRT	PacBio RS	104105581.0	55238.0	WGS	GENOMIC	SINGLE	Mesorhizobium australicum B5P
SRR9849540	SRX6604173	SRS5169153	SRP216572	PRJNA556977	Bordetella pertussis	NZ1	OXFORD_NANOPORE	MinION	913967728.0	162194.0	WGS	GENOMIC	SINGLE	ONT sequencing of Bordetella pertussis NZ1
DRR723536	DRX703557	DRS495687	DRP013760	PRJDB20694	Bifidobacterium bifidum JCM 1254	JCM 1254	PACBIO_SMRT	Revio	50926233.0	4557.0	WGS	GENOMIC	SINGLE	Revio sequencing of SAMD01611069
SRR3907848	SRX1945960	SRS1562598	SRP078470	PRJNA195716	Alteromonadaceae bacterium 2141T.STBD.0c.01a	2141T.STBD.0c.01a	PACBIO_SMRT	PacBio RS	420573750.0	99976.0	WGS	GENOMIC	SINGLE	Alteromonadaceae bacterium 2141T.STBD.0c.01a
SRR34986115	SRX30104855	SRS26168505	SRP608826	PRJNA1305362	Listeria monocytogenes	Lm_189	OXFORD_NANOPORE	MinION	332707162.0	35736.0	WGS	GENOMIC	SINGLE	Oxford Nanopore sequences of an isolated L. monocytogenes strain from wastewater
SRR32649586	SRX27954017	SRS24319923	SRP569572	PRJNA1234539	Paraburkholderia fungorum	18a25	PACBIO_SMRT	Sequel II	257176099.0	24018.0	WGS	GENOMIC	SINGLE	Whole genome sequencing of Strain 18a25
SRR5884858	SRX3050880	SRS2397460	SRP040661	PRJNA231221	Klebsiella pneumoniae	FDAARGOS_444	PACBIO_SMRT	PacBio RS	3177826726.0	163482.0	WGS	GENOMIC	SINGLE	
SRR17306772	SRX13483938	SRS11380136	SRP352097	PRJNA791514	Enterobacter cloacae	EbPXG5	PACBIO_SMRT	PacBio RS II	1885503929.0	309426.0	WGS	GENOMIC	SINGLE	The genome of Enterobacter cloacae. EbPXG5
SRR28161377	SRX23791665	SRS20604746	SRP492343	PRJNA1081642	Sporomusa malonica	DSM 5090	OXFORD_NANOPORE	MinION	1572762951.0	311316.0	WGS	GENOMIC	SINGLE	Nanopore sequencing of Sporomusa malonica
SRR26899117	SRX22593293	SRS19599851	SRP473241	PRJNA1042815	Campylobacter jejuni	CIP 702	OXFORD_NANOPORE	GridION	3475632143.0	991825.0	WGS	GENOMIC	SINGLE	WGS of Campylobacter jejuni isolate
ERR5671466	ERX5386959	ERS5752899	ERP126298	PRJEB42440	Klebsiella pneumoniae		OXFORD_NANOPORE	GridION	409265840.0	43342.0	WGS	GENOMIC	SINGLE	GridION sequencing
SRR32649584	SRX27954019	SRS24319924	SRP569572	PRJNA1234539	Ralstonia insidiosa	18c12	PACBIO_SMRT	Sequel II	96634746.0	9113.0	WGS	GENOMIC	SINGLE	Whole genome sequencing of Strain 18c12
SRR31480970	SRX26849353	SRS23333070	SRP547242	PRJNA1188493	Bacillus cereus	C202	OXFORD_NANOPORE	GridION	570680293.0	382730.0	WGS	GENOMIC	SINGLE	WGS of Bacillus Cereus
SRR15171315	SRX11478508	SRS9518527	SRP328635	PRJNA746600	Bacteroides fragilis	3_1_12	OXFORD_NANOPORE	MinION	4922931088.0	375105.0	WGS	GENOMIC	SINGLE	WGS of Bacteroides-fragilis-3-1-12 library1 using OXFORD_NANOPORE
SRR5182080	SRX2498187	SRS1925040	SRP096895	PRJNA353873	Mycobacterium tuberculosis		PACBIO_SMRT	PacBio RS	645631664.0	163482.0	WGS	GENOMIC	SINGLE	DNA of Mtb
SRR22028922	SRX18010182	SRS15209815	SRP398779	PRJNA853386	Acinetobacter baumannii	KBN10P04593	PACBIO_SMRT	Sequel	744063893.0	81170.0	WGS	GENOMIC	SINGLE	Complete genome sequence of Acinetobacter_baumannii_KBN10P04593
SRR13289773	SRX9718865	SRS7913019	SRP298952	PRJNA687218	Simonsiella muelleri	DSM 2579	OXFORD_NANOPORE	MinION	1048007553.0	142502.0	WGS	GENOMIC	SINGLE	Nanopore sequencing of Simonsiella muelleri DSM 2579 / ATCC 29453 PYL0
ERR10497885	ERX10015174	ERS14254765	ERP142629	PRJEB57633	Escherichia coli		OXFORD_NANOPORE	GridION	100088961.0	19138.0	WGS	GENOMIC	SINGLE	Raw reads: ONT_30224_1#77
SRR3723317	SRX1880908	SRS1527659	SRP077339	PRJNA225851	Algiphilus aromaticivorans DG1253	DG1253	PACBIO_SMRT	PacBio RS	343895799.0	113860.0	WGS	GENOMIC	SINGLE	Algiphilus aromaticivorans DG1253
SRR787465	SRX252675	SRS401419	SRP019218	PRJNA188139	Vibrio cholerae	2011EL-2319	PACBIO_SMRT	PacBio RS	224967897.0	81741.0	WGS	GENOMIC	SINGLE	2011EL-2319
ERR8007746	ERX7573415	ERS9899276	ERP131998	PRJEB47698	Acinetobacter pittii D499		OXFORD_NANOPORE	MinION	134829214.0	25590.0	WGS	GENOMIC	SINGLE	MinION sequencing
ERR3427709	ERX3451146	ERS2793734	ERP111477	PRJEB29197	Mycobacterium tuberculosis		PACBIO_SMRT	PacBio RS	2651594970.0	163482.0	WGS	GENOMIC	SINGLE	PacBio RS sequencing
SRR31598851	SRX26963635	SRS23433347	SRP549287	PRJNA1185485	Escherichia coli	199	OXFORD_NANOPORE	PromethION	535722570.0	96621.0	WGS	GENOMIC	SINGLE	Kleb-3R-barcode21
ERR13600741	ERX12971764	ERS15599652	ERP132614	PRJEB48268	Klebsiella pneumoniae		OXFORD_NANOPORE	GridION	249776417.0	13349.0	WGS	GENOMIC	SINGLE	GridION sequencing
SRR12299151	SRX8802062	SRS6792163	SRP266402	PRJNA605147	Escherichia coli	RHB34-C16	OXFORD_NANOPORE	GridION	1176608483.0	251136.0	WGS	GENOMIC	SINGLE	OXFORD_NANOPORE sequencing of Escherichia coli isolate RH03|T3-C16 cultured from Pig faeces sample
SRR28445568	SRX24049107	SRS20840578	SRP497734	PRJNA1077798	Alteromonas gracilis	J4	OXFORD_NANOPORE	MinION	2734014.0	1000.0	WGS	GENOMIC	SINGLE	Alteromonas gracilis strain J4, whole genome Nanopore Sequencing
SRR35674111	SRX30725555	SRS26742258	SRP561673	PRJNA1219398	Pasteurella multocida	213918	OXFORD_NANOPORE	MinION	294623440.0	43570.0	WGS	GENOMIC	SINGLE	DNA-Seq of Pasteurella multocida 213918
ERR10498128	ERX10015417	ERS14254323	ERP142629	PRJEB57633	Escherichia coli		OXFORD_NANOPORE	GridION	170921556.0	29306.0	WGS	GENOMIC	SINGLE	Raw reads: ONT_30348_2#344
SRR27497507	SRX23168543	SRS20118047	SRP483244	PRJNA1063500	Paenibacillus sp. JTLBN-2024	JTLBN-2024	OXFORD_NANOPORE	MinION	75149371.0	15451.0	WGS	GENOMIC	SINGLE	Genome sequence of Paenibacillus sp.: from gut of Inflammatory Bowel Disease (IBD) individual
ERR15732359	ERX15137448	ERS27093510	ERP182414	PRJEB100987	Xanthomonas oryzae pv. oryzae	CIX3094	OXFORD_NANOPORE	MinION	223356258.0	31499.0	WGS	GENOMIC	SINGLE	OXFORD_NANOPORE MinION sequencing; CIX3094 WGS GENOMIC
SRR32364885	SRX27699261	SRS21122890	SRP444583	PRJNA962904	Escherichia coli		PACBIO_SMRT	Sequel II	145587251.0	5092.0	WGS	GENOMIC	SINGLE	PacBio sequencing of AS5782E1 for ARCH 1.0
ERR654297	ERX610651	ERS542818	ERP006973	PRJEB7267	Clostridioides difficile	G46	PACBIO_SMRT	PacBio RS II	656065329.0	163482.0	WGS	GENOMIC	SINGLE	PacBio RS II sequencing
SRR787428	SRX252638	SRS401110	SRP019218	PRJNA188139	Vibrio cholerae	2010EL-2026	PACBIO_SMRT	PacBio RS	94109584.0	81741.0	WGS	GENOMIC	SINGLE	2010EL-2026
SRR17153407	SRX13337408	SRS11242468	SRP349574	PRJNA786743	Klebsiella pneumoniae	VYT55512	OXFORD_NANOPORE	MinION	3355705726.0	563149.0	WGS	GENOMIC	SINGLE	WGS of Klebsiella pneumoniae using MinION sequencer
SRR13385963	SRX9805466	SRS7989541	SRP300861	PRJNA663900	Enterococcus sp. DIV0719d	DIV0719d	OXFORD_NANOPORE	GridION	1003631357.0	198906.0	WGS	GENOMIC	SINGLE	Zoo 3 Enterococcus Diversity Genome sequencing and assembly
SRR13219838	SRX9652574	SRS7851916	SRP297100	PRJNA682246	Escherichia coli	PN-039-E1-S11_E_coli	OXFORD_NANOPORE	MinION	1398779719.0	212976.0	WGS	GENOMIC	SINGLE	WGS of Escherichia coli
SRR19787668	SRX15831683	SRS13522774	SRP383167	PRJNA851853	Salmonella enterica	2012K-0627_ONT	OXFORD_NANOPORE	GridION	1719442730.0	181835.0	WGS	GENOMIC	SINGLE	WGS of Salmonella enterica serovar Enteritidis
ERR15094729	ERX14499331	ERS24813584	ERP119900	PRJEB36683	Klebsiella pneumoniae 11227-1		OXFORD_NANOPORE	PromethION	241351486.0	91705.0	WGS	GENOMIC	SINGLE	Raw reads: HKPB103_L
SRR386594	SRX109812	SRS004883	SRP001079	PRJNA40077	Cereibacter sphaeroides 2.4.1	2.4.1	PACBIO_SMRT	PacBio RS	150465212.0	81741.0	WGS	GENOMIC	SINGLE	Whole Genome Sequencing and Assembly
ERR4762187	ERX4635291	ERS5247793	ERP124695	PRJEB40976	Enterococcus faecalis		OXFORD_NANOPORE	GridION	613614825.0	31084.0	WGS	GENOMIC	SINGLE	GridION sequencing; Raw reads: 26975_1#268
SRR36640878	SRX31652876	SRS27626809	SRP659015	PRJNA1383263	Escherichia coli	N64	PACBIO_SMRT	Sequel II	222854610.0	27579.0	WGS	GENOMIC	SINGLE	WGS of NMEC
SRR24883438	SRX20646764	SRS17944916	SRP387147	PRJNA860199	Salmonella enterica	missing	OXFORD_NANOPORE	MinION	614580332.0	140334.0	WGS	GENOMIC	SINGLE	WGS of Salmonella: 23-5283-2 swift fox MinION
SRR1736231	SRX735346	SRS723694	SRP049022	PRJNA264128	Streptococcus pneumoniae ST556	ST556	PACBIO_SMRT	PacBio RS	526230361.0	163482.0	WGS	GENOMIC	SINGLE	SMRT sequencing data of S. pneumoniae ST556 at OD620=0.8
SRR13575433	SRX9973429	SRS8145954	SRP303741	PRJNA695586	Streptococcus pyogenes	M4C20	OXFORD_NANOPORE	MinION	2657740.0	4000.0	WGS	GENOMIC	SINGLE	Whole genome sequence of Streptococcus pyogenes strain M4C20
SRR12247529	SRX8755638	SRS6976252	SRP266402	PRJNA605147	Escherichia coli		OXFORD_NANOPORE	GridION	1889359456.0	301287.0	WGS	GENOMIC	SINGLE	Oxford Nanopore sequencing of Escherichia coli isolate RH03|T2-SOC03 cultured from pig farm soil sample
SRR22346773	SRX18317877	SRS15808385	SRP408714	PRJNA901259	Staphylococcus aureus	NDDQ-072	PACBIO_SMRT	PacBio RS II	1244447172.0	4120686.0	WGS	GENOMIC	PAIRED	Milk
SRR28434513	SRX24038332	SRS20831653	SRP497546	PRJNA1091452	Listeria monocytogenes	L-19	OXFORD_NANOPORE	MinION	309848201.0	100000.0	WGS	GENOMIC	SINGLE	ONT performance study sequencing of L. monocytogenes
ERR10939000	ERX10378309	ERS14690225	ERP143848	PRJEB58776	Legionella pneumophila		OXFORD_NANOPORE	GridION	1538276758.0	117248.0	WGS	GENOMIC	SINGLE	GridION sequencing
ERR5984553	ERX5624249	ERS6796410	ERP129449	PRJEB45354	Escherichia coli		OXFORD_NANOPORE	GridION	105554541.0	9257.0	WGS	GENOMIC	SINGLE	GridION sequencing; Raw reads: ONT_30602_1#133
SRR27145185	SRX22826930	SRS19807646	SRP476599	PRJNA1050169	Citroniella saccharovorans	DSM 29873	OXFORD_NANOPORE	MinION	40311377.0	3842.0	WGS	GENOMIC	SINGLE	Nanopore MinION of C. saccharovorans
SRR8099026	SRX4925819	SRS3971072	SRP166563	PRJNA460332	Collimonas fungivorans	ES_Al-A1	PACBIO_SMRT	PacBio RS II	684297824.0	178455.0	WGS	GENOMIC	SINGLE	Collimonas fungivorans ES_Al-A1
ERR1417243	ERX1488027	ERS1068196	ERP005928	PRJEB6403	Lactobacillus acidophilus	NCTC13721	PACBIO_SMRT	PacBio RS	4687985012.0	163482.0	WGS	GENOMIC	SINGLE	PacBio RS sequencing
ERR3281189	ERX3307974	ERS3369810	ERP114822	PRJEB32175	Mycobacterium kansasii		PACBIO_SMRT	PacBio RS II	537970324.0	58731.0	WGS	GENOMIC	SINGLE	PacBio RS II sequencing
SRR26752394	SRX22451076	SRS19465122	SRP471000	PRJNA1036818	Microbacterium sp. R86528	R86528	OXFORD_NANOPORE	MinION	330958426.0	63554.0	WGS	GENOMIC	SINGLE	WGS of Microbacterium sp.
SRR13950273	SRX10329043	SRS5598745	SRP310366	PRJNA695105	Bacillus anthracis	BUL 40	OXFORD_NANOPORE	GridION	43101984.0	2385.0	WGS	GENOMIC	SINGLE	Whole genome nanopore sequencing of Bacillus anthracis strain BUL 40
SRR498090	SRX148635	SRS281883	SRP013241	PRJNA73829	Vibrio cholerae		PACBIO_SMRT	PacBio RS	642270.0	2012.0	WGS	GENOMIC	SINGLE	Whole Genome Sequencing for N5 (strobe)
ERR2532015	ERX2550444	ERS2409730	ERP005928	PRJEB6403	Bordetella bronchiseptica	NCTC1704	PACBIO_SMRT	PacBio RS	747850092.0	163482.0	WGS	GENOMIC	SINGLE	PacBio RS sequencing
SRR30188678	SRX25654197	SRS22296998	SRP458186	PRJNA1012291	Staphylococcus	Staphylococcus aureus	OXFORD_NANOPORE	MinION	189819004.0	115093.0	WGS	GENOMIC	SINGLE	Nanopore sequencing data of MRSA
ERR14938995	ERX14343239	ERS22970223	ERP167347	PRJEB83773	Escherichia coli	15792	OXFORD_NANOPORE	MinION	271275473.0	49282.0	WGS	GENOMIC	SINGLE	Raw reads: 235544E_BENINEF54
SRR30949619	SRX26352167	SRS22817427	SRP536567	PRJNA1165464	Escherichia coli	Not applicable	OXFORD_NANOPORE	MinION	147914694.0	67451.0	WGS	GENOMIC	SINGLE	Nanopore sequencing of E.coli: blood isolate
ERR10472485	ERX9992830	ERS6795183	ERP109413	PRJEB27342	Klebsiella grimontii		PACBIO_SMRT	Sequel II	9569770137.0	1623290.0	WGS	GENOMIC	SINGLE	Sequel II sequencing
DRR585558	DRX566105	DRS448721	DRP012685	PRJDB18576	Enterobacter cloacae	JARB-T-NT00029	OXFORD_NANOPORE	GridION	366411439.0	26791.0	WGS	GENOMIC	SINGLE	GridION sequencing of SAMD00805233
ERR10356984	ERX9889100	ERS6795129	ERP109413	PRJEB27342	Klebsiella pneumoniae		PACBIO_SMRT	Sequel II	9914115837.0	1467669.0	WGS	GENOMIC	SINGLE	Sequel II sequencing
DRR256277	DRX245995	DRS163929	DRP006757	PRJDB10822	Alicycliphilus denitrificans	I51	OXFORD_NANOPORE	MinION	849395665.0	167155.0	WGS	GENOMIC	SINGLE	MinION sequencing of SAMD00260131
SRR32921792	SRX28196614	SRS24546897	SRP575363	PRJNA1243441	Paenibacillus sp. FA6	FA6	OXFORD_NANOPORE	PromethION	608186242.0	121062.0	WGS	GENOMIC	SINGLE	Whole genome sequencing of Paenibacillus sp. FA6
ERR13600705	ERX12971728	ERS15600347	ERP132614	PRJEB48268	Klebsiella pneumoniae		OXFORD_NANOPORE	GridION	763871090.0	38032.0	WGS	GENOMIC	SINGLE	GridION sequencing
ERR1749763	ERX1818943	ERS1457010	ERP005928	PRJEB6403	Salmonella enterica	NCTC618	PACBIO_SMRT	PacBio RS	1312505274.0	163482.0	WGS	GENOMIC	SINGLE	PacBio RS sequencing
SRR8867056	SRX5654162	SRS4599174	SRP191435	PRJNA522502	Stenotrophomonas sp. 2074	2074	PACBIO_SMRT	Sequel	737081260.0	218862.0	WGS	GENOMIC	SINGLE	Stenotrophomonas sp. 2074
ERR5190299	ERX4995146	ERS5602974	ERP126547	PRJEB42655	Escherichia coli		OXFORD_NANOPORE	MinION	1216689839.0	176082.0	WGS	GENOMIC	SINGLE	MinION sequencing
ERR11806603	ERX11204963	ERS16226685	ERP119900	PRJEB36683	Klebsiella pneumoniae 11227-1		OXFORD_NANOPORE	MinION	59445898.0	18358.0	WGS	GENOMIC	SINGLE	MinION sequencing; Raw reads: plasmid_ERR3891085
SRR33769232	SRX28991537	SRS22456473	SRP444583	PRJNA962904	Escherichia coli		PACBIO_SMRT	Sequel II	669283773.0	38113.0	WGS	GENOMIC	SINGLE	PacBio sequencing of AH0198HE1 for ARCH 2
SRR13380356	SRX9803214	SRS7987500	SRP300808	PRJNA649533	Salmonella enterica		OXFORD_NANOPORE	GridION	601906808.0	88484.0	WGS	GENOMIC	SINGLE	ISF salmonella
SRR32528082	SRX27839446	SRS24213917	SRP567071	PRJNA1230128	Salmonella enterica subsp. enterica serovar Infantis	20EPA012NSA_14	OXFORD_NANOPORE	MinION	131163335.0	25251.0	WGS	GENOMIC	SINGLE	nanopore sequence of Salmonella enterica
SRR15827872	SRX12119926	SRS10099962	SRP336307	PRJNA761884	Klebsiella pneumoniae	X_97	PACBIO_SMRT	PacBio RS II	1344033661.0	155427.0	WGS	GENOMIC	SINGLE	WGS of Klebsiella pneumoniae: sample WFA84
ERR10498123	ERX10015412	ERS14254374	ERP142629	PRJEB57633	Escherichia coli		OXFORD_NANOPORE	GridION	95087983.0	19697.0	WGS	GENOMIC	SINGLE	Raw reads: ONT_30348_2#285
SRR21415675	SRX17420205	SRS14917039	SRP361569	PRJNA768416	Paenibacillus sp. FSL R10-2199	FSL R10-2199	OXFORD_NANOPORE	MinION	453169048.0	58880.0	WGS	GENOMIC	SINGLE	WGS of Bacilli
SRR24510239	SRX20294736	SRS17620899	SRP437125	PRJNA957409	Pantoea anthophila	SORGH_AS_0797	PACBIO_SMRT	Sequel IIe	594049635.0	70909.0	WGS	GENOMIC	SINGLE	Pantoea anthophila SORGH_AS 797
SRR5872697	SRX3040146	SRS2388539	SRP040661	PRJNA231221	Pantoea agglomerans	FDAARGOS_382	PACBIO_SMRT	PacBio RS	5075281176.0	163482.0	WGS	GENOMIC	SINGLE	
SRR32527887	SRX27839641	SRS24213957	SRP567071	PRJNA1230128	Salmonella enterica subsp. enterica serovar Enteritidis	22EPA051NSA_15	OXFORD_NANOPORE	MinION	327120190.0	273612.0	WGS	GENOMIC	SINGLE	nanopore sequence of Salmonella enterica
ERR1305756	ERX1377379	ERS1018587	ERP005928	PRJEB6403	Pseudomonas aeruginosa	NCTC11450	PACBIO_SMRT	PacBio RS	2794303422.0	163482.0	WGS	GENOMIC	SINGLE	PacBio RS sequencing
ERR4769699	ERX4639540	ERS5247688	ERP124695	PRJEB40976	Enterococcus faecalis		OXFORD_NANOPORE	GridION	907854394.0	46414.0	WGS	GENOMIC	SINGLE	GridION sequencing; Raw reads: 26975_1#204
ERR16137052	ERX15526718	SRS10827114	ERP187675	PRJEB106623	Neisseria gonorrhoeae		OXFORD_NANOPORE	MinION	313366162.0	56455.0	WGS	GENOMIC	SINGLE	Raw reads: EEE013
SRR16962390	SRX13153892	SRS11085870	SRP346490	PRJNA779451	Pseudomonas sp. B21-041	B21-041	PACBIO_SMRT	Sequel	1439856592.0	395852.0	WGS	GENOMIC	SINGLE	B21-041 PacBio sequencing reads
SRR9020442	SRX5798539	SRS4729767	SRP188851	PRJNA523365	Mycobacterium avium complex sp.	JHN_AV_0050_1	OXFORD_NANOPORE	GridION	139602554.0	228722.0	WGS	GENOMIC	SINGLE	Sequencing of non-tuberculosis mycobacteria
SRR13448283	SRX9861456	SRS8041701	SRP295672	PRJNA681856	Salmonella enterica subsp. salamae	LHICA_SA2	OXFORD_NANOPORE	MinION	31700373.0	4000.0	WGS	GENOMIC	SINGLE	WGS of Salmonella Lhica SA2_3
SRR12299064	SRX8802149	SRS6792750	SRP266402	PRJNA605147	Escherichia coli	RHB01-C18	OXFORD_NANOPORE	GridION	2178396799.0	294592.0	WGS	GENOMIC	SINGLE	OXFORD_NANOPORE sequencing of Escherichia coli isolate RH11|T1-C18 cultured from Sheep faeces sample
SRR36405005	SRX31432145	SRS15378650	SRP649163	PRJNA1230056	Corynebacterium diphtheriae	not applicable	OXFORD_NANOPORE	GridION	710086438.0	114300.0	WGS	GENOMIC	SINGLE	WGS of C. diphtheriae
SRR33557209	SRX28787379	SRS25025924	SRP578314	PRJNA1250189	Enterobacter roggenkampii		OXFORD_NANOPORE	GridION	1223853101.0	238990.0	WGS	GENOMIC	SINGLE	WGS of Enterobacter roggenkampii: W27F_Hand dryer
SRR10211263	SRX6930981	SRS5461276	SRP191068	PRJNA528511	Klebsiella pneumoniae	GTEN_367	OXFORD_NANOPORE	GridION	1406604380.0	230588.0	WGS	GENOMIC	SINGLE	Global TravEpiNet AMR surveillance Genome sequencing and assembly
SRR8984906	SRX5764167	SRS4698563	SRP040661	PRJNA231221	Klebsiella pneumoniae	FDAARGOS_630	PACBIO_SMRT	PacBio RS	2270338690.0	163482.0	WGS	GENOMIC	SINGLE	
SRR33417242	SRX28658188	SRS24926916	SRP582914	PRJNA992958	Salmonella enterica subsp. enterica serovar Indiana	38361_12	OXFORD_NANOPORE	MinION	171376667.0	54182.0	WGS	GENOMIC	SINGLE	Nanopore DNA-Seq of Salmonella spp
SRR26413086	SRX22118426	SRS16091307	SRP412517	PRJNA910977	Escherichia coli	P1192	PACBIO_SMRT	Sequel II	603156290.0	49765.0	WGS	GENOMIC	SINGLE	WGS of E. coli
SRR31626387	SRX26990686	SRS23456858	SRP549654	PRJNA1194628	Mycoplasmopsis bovis		OXFORD_NANOPORE	MinION	486527716.0	109374.0	WGS	GENOMIC	SINGLE	WGS of Mycoplasmopsis bovis from cattle lung tissue
SRR16993325	SRX13183586	SRS11112818	SRP347092	PRJNA782313	Mesorhizobium mediterraneum	R31	OXFORD_NANOPORE	MinION	338893033.0	66347.0	WGS	GENOMIC	SINGLE	Nanopore WGS of Mesorhizobium mediterraneum R31
SRR8179092	SRX4999193	SRS4034066	SRP040661	PRJNA231221	Pseudomonas aeruginosa	FDAARGOS_570	PACBIO_SMRT	PacBio RS	298889798.0	163482.0	WGS	GENOMIC	SINGLE	
ERR13802546	ERX13203298	ERS21186421	ERP164461	PRJEB80477	Enterococcus faecalis		OXFORD_NANOPORE	MinION	150966271.0	42862.0	WGS	GENOMIC	SINGLE	MinION sequencing
SRR29680413	SRX25183653	SRS21872992	SRP517527	PRJNA1129159	Klebsiella michiganensis	895358	OXFORD_NANOPORE	MinION	473835231.0	48980.0	WGS	GENOMIC	SINGLE	WGS-Seq of K. michiganensis
SRR23471084	SRX19374104	SRS10214012	SRP422715	PRJNA878812	Pseudomonas aeruginosa	2021CK-01283	OXFORD_NANOPORE	GridION	104685608.0	23282.0	WGS	GENOMIC	SINGLE	Nanopore sequencing of ARLN isolate
SRR14196819	SRX10563661	SRS8670077	SRP314211	PRJNA720906	Mycobacterium tuberculosis complex sp.	missing	OXFORD_NANOPORE	MinION	138348002.0	40875.0	WGS	GENOMIC	SINGLE	Whole-genome long-read sequencing of M. tuberculosis
SRR17497237	SRX13667443	SRS11553202	SRP354037	PRJNA794971	Pectobacterium aroidearum	AK042	OXFORD_NANOPORE	PromethION	1564226743.0	167222.0	WGS	GENOMIC	SINGLE	WGS of Pectobacterium aroidearum:AK042
SRR23473166	SRX19376213	SRS7729717	SRP074197	PRJNA288601	Pseudomonas aeruginosa	2020CK-00444	OXFORD_NANOPORE	GridION	250155431.0	54083.0	WGS	GENOMIC	SINGLE	Nanopore sequencing of ARLN isolate
SRR9031454	SRX5808717	SRS4738024	SRP197206	PRJNA542017	Serratia fonticola	MS5	PACBIO_SMRT	PacBio RS II	56518739.0	17027.0	WGS	GENOMIC	SINGLE	Genome sequencing of Serratia fonticola MS5 derived from mosquito Aedes aegypti
SRR29816449	SRX25315642	SRS16968693	SRP426074	PRJNA941188	Bacillus subtilis	PRO31	OXFORD_NANOPORE	GridION	95341339.0	15203.0	WGS	GENOMIC	SINGLE	WGS of Bacillus subtilis: cell culture
SRR7284692	SRX4188232	SRS3399592	SRP150107	PRJNA378865	Comamonas kerstersii	8943	PACBIO_SMRT	PacBio RS II	2375052801.0	298053.0	WGS	GENOMIC	PAIRED	WGS of Comamonas_kerstersii_8943
SRR19183936	SRX15249232	SRS12981733	SRP375062	PRJNA837734	Listeria monocytogenes	81-618	OXFORD_NANOPORE	MinION	41852530.0	4845.0	WGS	GENOMIC	SINGLE	Nanopore sequencing of Listeria monocytogenes
ERR752438	ERX696120	ERS576871	ERP005355	PRJEB5919	Salmonella enterica subsp. enterica serovar Typhi		PACBIO_SMRT	PacBio RS	1629691252.0	163482.0	WGS	GENOMIC	SINGLE	PacBio RS sequencing
SRR35504512	SRX30580314	SRS26609490	SRP616549	PRJNA1314197	Mycobacterium tuberculosis	not applicable	OXFORD_NANOPORE	GridION	88923067.0	153254.0	WGS	GENOMIC	SINGLE	WGS of M. tb from sputum, Phenol-Rapid prep, Sample BC24
SRR21079304	SRX17094266	SRS14671496	SRP334835	PRJNA754843	Pseudomonas aeruginosa	SCAID WND1-2022 (148)	PACBIO_SMRT	Sequel	700362007.0	85040.0	WGS	GENOMIC	SINGLE	Whole-genome sequencing of Pseudomonas aeruginosa: clinical isolate
ERR5214322	ERX5017778	ERS5599706	ERP126298	PRJEB42440	Klebsiella pneumoniae		OXFORD_NANOPORE	MinION	1152636581.0	113394.0	WGS	GENOMIC	SINGLE	MinION sequencing
SRR24140312	SRX19938765	SRS17287474	SRP247747	PRJNA604975	Escherichia coli	ox_bsi_76	OXFORD_NANOPORE	GridION	179401819.0	186032.0	WGS	GENOMIC	SINGLE	oxford_bsi
SRR516893	SRX148633	SRS281882	SRP013241	PRJNA73829	Vibrio cholerae		PACBIO_SMRT	PacBio RS	32889482.0	60667.0	WGS	GENOMIC	SINGLE	Whole Genome Sequencing of Haitian Vibrio cholerae: Continuous Long Read (CLR) data
SRR31486848	SRX26855103	SRS16514845	SRP074197	PRJNA288601	Pseudomonas aeruginosa	2022HL-02045	OXFORD_NANOPORE	MinION	808320036.0	91019.0	WGS	GENOMIC	SINGLE	Long read sequencing of carbapenemase producing organisms
ERR10499482	ERX10016768	ERS14257026			Escherichia coli		OXFORD_NANOPORE	GridION	388531817.0	39452.0	WGS	GENOMIC	SINGLE	GridION sequencing; Raw reads: ONT_30345_1#212
ERR13600517	ERX12971540	ERS6631310	ERP109316	PRJEB27256	Klebsiella pneumoniae		OXFORD_NANOPORE	GridION	1724879076.0	71413.0	WGS	GENOMIC	SINGLE	GridION sequencing
SRR12280576	SRX8784139	SRS7052935	SRP272861	PRJNA646575	Bacteroides thetaiotaomicron		OXFORD_NANOPORE	GridION	332972035.0	32904.0	WGS	GENOMIC	SINGLE	WGS  of Bacteroides fragilis group clinical isolates
SRR12825846	SRX9293483	SRS7519871	SRP040661	PRJNA231221	Streptococcus salivarius	FDAARGOS_1045	PACBIO_SMRT	Sequel	448848677.0	68809.0	WGS	GENOMIC	SINGLE	
SRR4136610	SRX2120276	SRS1668018	SRP085064	PRJNA262213	Clostridium sp. KNHs206	KNHs206	PACBIO_SMRT	PacBio RS	236177884.0	73128.0	WGS	GENOMIC	SINGLE	Clostridium sp. KNHs206
ERR2919752	ERX2922912	ERS2907694	ERP110210	PRJEB28046	Campylobacter jejuni subsp. jejuni NCTC 11168 = ATCC 700819		OXFORD_NANOPORE	MinION	99253972.0	14847.0	WGS	GENOMIC	SINGLE	MinION sequencing
ERR15686611	ERX15091040	ERS26976557	ERP171481	PRJEB88388	Flavobacterium sp. R-92582	R-92582	OXFORD_NANOPORE	MinION	626482051.0	408902.0	WGS	GENOMIC	SINGLE	Raw reads: Flavobacterium sp. R-92582
DRR530121	DRX513994	DRS347704	DRP010947	PRJDB14951	Enterococcus faecium	JARB-OU2601	OXFORD_NANOPORE	GridION	1597295226.0	143597.0	WGS	GENOMIC	SINGLE	GridION sequencing of SAMD00565659
SRR25110884	SRX20863903	SRS18144515	SRP446995	PRJNA990475	Borrelia turicatae	BTCAM1	OXFORD_NANOPORE	MinION	560718725.0	98513.0	WGS	GENOMIC	SINGLE	WGS of btBTCAM1_nanopore
SRR14628251	SRX10968922	SRS8660044	SRP321015	PRJNA731114	Pseudomonas aeruginosa	PaLo227	OXFORD_NANOPORE	MinION	2001516514.0	121201.0	WGS	GENOMIC	SINGLE	Nanopore sequencing of Pseudomonas aeruginosa isolates
SRR1955922	SRX981453	SRS896208	SRP040661	PRJNA231221	Staphylococcus aureus	FDAARGOS_46	PACBIO_SMRT	PacBio RS	477950552.0	163482.0	WGS	GENOMIC	SINGLE	
SRR9001277	SRX5780105	SRS3932923	SRP165734	PRJNA496461	Klebsiella pneumoniae	KLPN_M96	OXFORD_NANOPORE	GridION			WGS	GENOMIC	SINGLE	nanopore seq of klebsiella pneumoniae
SRR10918423	SRX7585714	SRS6019372	SRP051949	PRJNA271899	Klebsiella pneumoniae	OC-CRE-9159	OXFORD_NANOPORE	GridION	926965801.0	390177.0	WGS	GENOMIC	SINGLE	Sequencing of Carbapenem resistant bacteria
ERR718770	ERX662692	ERS530427	ERP005928	PRJEB6403	Morganella morganii	NCTC12028	PACBIO_SMRT	PacBio RS	1383083398.0	163482.0	WGS	GENOMIC	SINGLE	PacBio RS sequencing
SRR30868125	SRX26265690	SRS20686635	SRP250705	PRJNA607328	Saccharomyces cerevisiae	missng	OXFORD_NANOPORE	MinION	2948601001.0	502490.0	WGS	GENOMIC	SINGLE	Saccharomyces cerevisiae FELIX_MS525 Nanopore reads
SRR15989481	SRX12278058	SRS9998511	SRP357534	PRJNA801415	Klebsiella pneumoniae	-	OXFORD_NANOPORE	GridION	3369427269.0	417608.0	WGS	GENOMIC	SINGLE	Whole Genome Sequencing of Carbapenemase-producing Enterobacterales (CPE)
SRR21416112	SRX17420376	SRS14917012	SRP361569	PRJNA768416	Bacillus sp. FSL K6-8391	FSL K6-8391	OXFORD_NANOPORE	MinION	711886390.0	180030.0	WGS	GENOMIC	SINGLE	WGS of Bacilli
SRR10998794	SRX7659879	SRS6088611	SRP246592	PRJNA604394	Klebsiella pneumoniae	S01	PACBIO_SMRT	PacBio RS II	887345002.0	163482.0	WGS	GENOMIC	SINGLE	PacBio DNA-Seq of K. pneumoniae S01
SRR32896280	SRX28171575	SRS24523670	SRP573790	PRJNA1243040	Desulfobacterota bacterium M19	M19	OXFORD_NANOPORE	MinION	16108638.0	11658.0	WGS	GENOMIC	SINGLE	Genome of strain M19 (long reads)
SRR28445691	SRX24049210	SRS20840578	SRP497734	PRJNA1077798	Alteromonas gracilis	J4	OXFORD_NANOPORE	MinION	2878080.0	1000.0	WGS	GENOMIC	SINGLE	Alteromonas gracilis strain J4, whole genome Nanopore Sequencing
SRR5742225	SRX2947168	SRS1613895	SRP068738	PRJNA292900	Klebsiella pneumoniae	AR_0098	PACBIO_SMRT	PacBio RS II	1146405981.0	163482.0	WGS	GENOMIC	SINGLE	PacBio SMRT Sequencing of Klebsiella pneumoniae FDA-CDC-AR_0098 Genomic Library
ERR15660889	ERX15065667	ERS26934186	ERP179947	PRJEB97396	Mycobacterium tuberculosis		OXFORD_NANOPORE	MinION			WGS	GENOMIC	SINGLE	MinION sequencing
DRR410666	DRX396267	DRS259259	DRP009073	PRJDB14318	Rhodoluna lacicola	KACHI23	PACBIO_SMRT	Sequel II	416995817.0	30000.0	WGS	GENOMIC	SINGLE	Sequel II sequencing of SAMD00533726
SRR28825836	SRX24388748	SRS21144510	SRP504527	PRJNA984017	Acinetobacter baumannii	A4K	OXFORD_NANOPORE	MinION	76196259.0	18628.0	WGS	GENOMIC	SINGLE	Acinetobacter baumannii A4K oxford nanopore reads
SRR13258506	SRX9689276	SRS7886566	SRP297072	PRJNA682584	Enterococcus faecium	Dallas 71_2	OXFORD_NANOPORE	MinION	441168720.0	121005.0	WGS	GENOMIC	SINGLE	WGS of vancomycin resistant Enterococcus faecium collected from Dallas, Texas
SRR15989044	SRX12277823	SRS9998565	SRP357537	PRJNA801416	Enterobacter cloacae	145	OXFORD_NANOPORE	GridION	616920878.0	87494.0	WGS	GENOMIC	SINGLE	Whole Genome Sequencing of Carbapenemase-producing Enterobacterales (CPE)
SRR9722605	SRX6480163	SRS5130269	SRP215816	PRJNA470993	Staphylococcus aureus	ER00503.3	PACBIO_SMRT	PacBio RS II	519853588.0	114230.0	WGS	GENOMIC	SINGLE	WGS of Staphylococcus aureus
SRR19165829	SRX15231933	SRS12965194	SRP374671	PRJNA836696	Escherichia coli	3090	OXFORD_NANOPORE	GridION	447914865.0	53846.0	WGS	GENOMIC	SINGLE	ONT long-read sequencing of carbapenem non-susceptible Enterobacterales
SRR18117845	SRX14268389	SRS12087420	SRP361201	PRJNA809755	Staphylococcus aureus	not collected	OXFORD_NANOPORE	GridION	271019896.0	41778.0	WGS	GENOMIC	SINGLE	S.aureus CFN_9360
SRR19134921	SRX15202510	SRS12941422	SRP374073	PRJNA833245	Enterobacter bugandensis	CMCC(B)45301	PACBIO_SMRT	Sequel	1457249803.0	124566.0	WGS	GENOMIC	SINGLE	Pacbio reads of Enterobacter cloacae CMCC(B)45301 genome
SRR3820056	SRX1921730	SRS1551276	SRP078173	PRJNA239495	Kineothrix alysoides	KNHs209	PACBIO_SMRT	PacBio RS	64113951.0	26757.0	WGS	GENOMIC	SINGLE	Candidatus Clostridium sp. KNHs209
SRR30156007	SRX25623623	SRS22268674	SRP524619	PRJNA1138512	Pseudomonas aeruginosa	PAU2	OXFORD_NANOPORE	MinION	45636358.0	6961.0	WGS	GENOMIC	SINGLE	Long-Read DNA-seq of Pseudomonas aeruginosa: Ullevl clinical isolate 2
SRR31599030	SRX26964054	SRS23433765	SRP549287	PRJNA1185485	Escherichia coli	813	OXFORD_NANOPORE	PromethION	1694968070.0	412957.0	WGS	GENOMIC	SINGLE	Wnew4R-barcode28
SRR18918233	SRX14996049	SRS12745375	SRP372209	PRJNA831606	Thermosynechococcus sp. B1	B1	OXFORD_NANOPORE	MinION	1448703000.0	64635.0	WGS	GENOMIC	SINGLE	WGS of Thermosynechococcus sp. B1
ERR3685955	ERX3675559	ERS4047756	ERP114207	PRJEB31632	bacterium		OXFORD_NANOPORE	GridION	623834453.0	105782.0	WGS	GENOMIC	SINGLE	GridION sequencing
ERR2125739	ERX2182591	ERS1545380	ERP005928	PRJEB6403	Providencia stuartii	NCTC10835	PACBIO_SMRT	PacBio RS	1083450843.0	163482.0	WGS	GENOMIC	SINGLE	PacBio RS sequencing
SRR27958575	SRX23615396	SRS20455982	SRP489545	PRJNA1076228	Streptococcus pyogenes	MGAS37826	OXFORD_NANOPORE	GridION	450121970.0	98767.0	WGS	GENOMIC	SINGLE	Oxford Nanopore Technology WGS of GAS M1 clinical isolates
SRR16525475	SRX12728010	SRS10336974	SRP357534	PRJNA801415	Klebsiella pneumoniae	16	OXFORD_NANOPORE	GridION	2001526428.0	274872.0	WGS	GENOMIC	SINGLE	Extensive diversification and dissemination of blaNDM carbapenemase plasmids in Enterobacterales in Singapore 2010-2015
ERR5337369	ERX5125757	ERS5806562	ERP126502	PRJEB42615	Campylobacter coli		OXFORD_NANOPORE	MinION	353727779.0	105395.0	WGS	GENOMIC	SINGLE	MinION sequencing
SRR5165227	SRX2482208	SRS1913778	SRP096420	PRJNA243969	Kosmotoga olearia	TBF19.5.1	PACBIO_SMRT	PacBio RS	425005348.0	241675.0	WGS	GENOMIC	SINGLE	Kosmotoga olearia TBF19.5.1
SRR23365135	SRX19306151	SRS16705507	SRP421404	PRJNA932460	Pseudomonas chlororaphis	ATCC 9447	OXFORD_NANOPORE	GridION	875530147.0	221571.0	WGS	GENOMIC	SINGLE	WGS of Pseudomonas chlororaphis
SRR10207505	SRX6927428	SRS5452629	SRP223650	PRJNA574878	Escherichia coli	K-12	PACBIO_SMRT	PacBio RS II	580000000.0	58000.0	WGS	GENOMIC	SINGLE	Simulated 10 kbp PacBio long reads from E. coli K-12
SRR25479596	SRX21211791	SRS11330447	SRP074197	PRJNA288601	Pseudomonas aeruginosa	2021CK-01678	OXFORD_NANOPORE	GridION	451749698.0	300000.0	WGS	GENOMIC	SINGLE	Nanopore sequencing of ARLN isolate
ERR12945363	ERX12317704	ERS19049024	ERP159786	PRJEB75201	Brevundimonas subvibrioides		OXFORD_NANOPORE	GridION			WGS	GENOMIC	SINGLE	Raw reads: ME1_barcode01_genomicReads_Brevundimonas_ONT
SRR18697603	SRX14798570	SRS12556567	SRP369003	PRJNA695755	Rhodococcus sp. PvR099	PvR099	PACBIO_SMRT	Sequel II	10187221441.0	1154941.0	WGS	GENOMIC	SINGLE	Rhodococcus sp. PvR099
SRR12298972	SRX8802241	SRS6792302	SRP266402	PRJNA605147	Escherichia coli	RHB13-C07	PACBIO_SMRT	PacBio RS II	622146964.0	80769.0	WGS	GENOMIC	SINGLE	PACBIO_SMRT sequencing of Escherichia coli isolate RH03|T1-C07 cultured from Pig faeces sample
SRR30896260	SRX26299761	SRS22828483	SRP536878	PRJNA1134622	Escherichia coli	OXEC-536	OXFORD_NANOPORE	MinION	578716327.0	167656.0	WGS	GENOMIC	SINGLE	OXEC-536
SRR32157930	SRX27503369	SRS23924043	SRP560261	PRJNA1129067	Aeromonas	rivipollensis	OXFORD_NANOPORE	MinION	353206267.0	265978.0	WGS	GENOMIC	SINGLE	NOV_SAGR1
ERR159969	ERX135910	ERS088715	ERP001163	PRJEB2848	Bordetella pertussis 18323	18323 (ST24)	PACBIO_SMRT	PacBio RS	149118478.0	81741.0	WGS	GENOMIC	SINGLE	
SRR31691808	SRX27053618	SRS23515750	SRP550997	PRJNA1187877	Lactiplantibacillus plantarum	Lactiplantibacillus plantarum23	OXFORD_NANOPORE	MinION	1467701531.0	261995.0	WGS	GENOMIC	SINGLE	Lp_A23
SRR12298922	SRX8801973	SRS6792318	SRP266402	PRJNA605147	Escherichia marmotae	RHBSTW-00265	PACBIO_SMRT	PacBio RS II	1236874409.0	153620.0	WGS	GENOMIC	SINGLE	PACBIO_SMRT sequencing of Escherichia coli isolate WTP3|T1-00265 cultured from WTP downstream sample
SRR15140905	SRX11448580	SRS9488523	SRP295672	PRJNA681856	Salmonella enterica subsp. arizonae	LHICA_AZ23	OXFORD_NANOPORE	MinION	28293039.0	4000.0	WGS	GENOMIC	SINGLE	Salmonella AZ23
SRR27748420	SRX23413674	SRS20268932	SRP486241	PRJNA1070055	Geobacter argillaceus	bacteria	PACBIO_SMRT	PacBio RS	80097288.0	55187.0	WGS	GENOMIC	SINGLE	III-1d-2.fq
SRR15989161	SRX12277706	SRS9999209	SRP357537	PRJNA801416	Enterobacter hormaechei	E924	OXFORD_NANOPORE	GridION	3916838735.0	531803.0	WGS	GENOMIC	SINGLE	Whole Genome Sequencing of Carbapenemase-producing Enterobacterales (CPE)
ERR2195666	ERX2251689	ERS1826212	ERP005928	PRJEB6403	Kaistella jeonii	NCTC13459	PACBIO_SMRT	PacBio RS	446956110.0	163482.0	WGS	GENOMIC	SINGLE	PacBio RS sequencing
SRR26939211	SRX22633040	SRS19630992	SRP473967	PRJNA1044725	Staphylococcus aureus	GP10	OXFORD_NANOPORE	MinION	1229830373.0	452349.0	WGS	GENOMIC	SINGLE	WGS of Staphylococcus aureus
SRR35556726	SRX30631334	SRS19833183	SRP150360	PRJNA475751	Enterobacter hormaechei	EB00163	OXFORD_NANOPORE	MinION	155432431.0	11658.0	WGS	GENOMIC	SINGLE	WGS Sequencing of Enterobacter hormaechei
SRR24001289	SRX19804713	SRS17166615	SRP429910	PRJNA909850	human blood metagenome	-	OXFORD_NANOPORE	GridION	224415844.0	50754.0	WGS	GENOMIC	SINGLE	DNA isolation from E. faecalis  using Circulomics
SRR12298535	SRX8801532	SRS6792599	SRP266402	PRJNA605147	Escherichia fergusonii	RHB41-C23	OXFORD_NANOPORE	GridION	1957834343.0	444203.0	WGS	GENOMIC	SINGLE	OXFORD_NANOPORE sequencing of Escherichia fergusonii isolate RH01|T3-C23 cultured from Pig faeces sample
SRR386175	SRX109855	SRS002782	SRP001679	PRJNA32483	Fusobacterium animalis 7_1	7_1	PACBIO_SMRT	PacBio RS	64405608.0	81741.0	WGS	GENOMIC	SINGLE	Whole Genome Sequencing and Assembly
SRR10336613	SRX7046695	SRS4748429	SRP226723	PRJNA541969	Listeria innocua	CFSAN044836	OXFORD_NANOPORE	GridION	132665242.0	14976.0	WGS	GENOMIC	SINGLE	Closed genomes of twenty-eight foodborne pathogens from the CFSAN validation set by a combination of long and short-reads
SRR25661053	SRX21386957	SRS18627529	SRP455508	PRJNA951682	Streptomyces scabiei	B21-082	PACBIO_SMRT	Sequel II	4135139300.0	543748.0	WGS	GENOMIC	SINGLE	B21-082 PacBio sequencing reads
ERR10497954	ERX10015243	ERS14254378	ERP142629	PRJEB57633	Escherichia coli		OXFORD_NANOPORE	GridION	92911868.0	15180.0	WGS	GENOMIC	SINGLE	Raw reads: ONT_30345_1#60
DRR255177	DRX244895	DRS276299	DRP009472	PRJDB10765	Acinetobacter baumannii	OCU-Ac19	OXFORD_NANOPORE	MinION	309024486.0	37662.0	WGS	GENOMIC	SINGLE	MinION sequencing of SAMD00258369
SRR8700076	SRX5495670	SRS4465281	SRP051949	PRJNA271899	Escherichia coli	UCI-CRE-242	OXFORD_NANOPORE	GridION	252927047.0	23718.0	WGS	GENOMIC	SINGLE	
SRR27588549	SRX23257464	SRS20159462	SRP435872	PRJNA966932	Streptomyces sp. NBC1270	p267_c3	OXFORD_NANOPORE	MinION	465419933.0	126893.0	WGS	GENOMIC	SINGLE	WGS of S. sp. NBC1270 p267 c3
ERR15384585	ERX14788299	ERS25418442	ERP172131	PRJEB89084	Mycobacterium tuberculosis		OXFORD_NANOPORE	MinION			WGS	GENOMIC	SINGLE	MinION sequencing
SRR6807651	SRX3765918	SRS3020748	SRP133836	PRJNA316321	Escherichia coli		PACBIO_SMRT	PacBio RS	1875868609.0	163482.0	WGS	GENOMIC	SINGLE	
ERR4762754	ERX4635820	ERS5247842	ERP124695	PRJEB40976	Enterococcus faecalis		OXFORD_NANOPORE	GridION	696543613.0	36057.0	WGS	GENOMIC	SINGLE	GridION sequencing; Raw reads: 27688_1#157
SRR29816252	SRX25315457	SRS21985215	SRP519641	PRJNA1135336	Enterococcus faecium		OXFORD_NANOPORE	GridION	414683923.0	72194.0	WGS	GENOMIC	SINGLE	Whole genome sequencing of VRE
ERR1173486	ERX1246915	ERS846866	ERP005928	PRJEB6403	Streptococcus viridans	NCTC1080	PACBIO_SMRT	PacBio RS	2606866791.0	163482.0	WGS	GENOMIC	SINGLE	PacBio RS sequencing
SRR34967659	SRX30086578	SRS26152803	SRP608514	PRJNA1305037	Klebsiella pneumoniae	MI_KPC_435	OXFORD_NANOPORE	PromethION	500003563.0	105444.0	WGS	GENOMIC	SINGLE	KPC CRE collection from state of Michigan
ERR14711302	ERX14112729	ERS23791351	ERP170064	PRJEB86764	Enterobacter hormaechei		OXFORD_NANOPORE	MinION	448245008.0	176815.0	WGS	GENOMIC	SINGLE	EXP-13-1-2025-03-10_14-43-23
SRR31300269	SRX26678505	SRS23171540	SRP544270	PRJNA1182259	Eubacterium ramulus	JCM 31335	OXFORD_NANOPORE	GridION	2748252659.0	972021.0	WGS	GENOMIC	SINGLE	barcode03_JCM31335_minlen500_minq9
SRR13516989	SRX9928114	SRS8104122	SRP303037	PRJNA694442	Salmonella enterica		OXFORD_NANOPORE	GridION	5000001659.0	629658.0	WGS	GENOMIC	SINGLE	WGS of Salmonella enterica
SRR13077074	SRX9523995	SRS7731144	SRP293000	PRJNA677774	Longispora fulva	DSM 45356	PACBIO_SMRT	PacBio RS II	3209438260.0	477446.0	WGS	GENOMIC	SINGLE	Longispora fulva DSM 45356
SRR19816829	SRX15860503	SRS12115274	SRP361569	PRJNA768416	Paenibacillus sp. FSL R5-0923	FSL R5-0923	OXFORD_NANOPORE	MinION	236290143.0	68852.0	WGS	GENOMIC	SINGLE	WGS of Bacilli
SRR37151497	SRX32091258	SRS28025911	SRP675359	PRJNA1419809	Pectobacterium brasiliense	25ASUB12	OXFORD_NANOPORE	PromethION	648198289.0	216564.0	WGS	GENOMIC	SINGLE	Oxford Nanopore raw reads of Pectobacterium brasiliense strain 25ASUB12
ERR15373235	ERX14776920	ERS23666399	ERP169391	PRJEB86018	Haemophilus influenzae		PACBIO_SMRT	Sequel II	478386600.0	42313.0	WGS	GENOMIC	SINGLE	Sequel II sequencing
ERR1447938	ERX1518416	ERS433513	ERP003278	PRJEB4024	Neisseria gonorrhoeae	WHO_Y	PACBIO_SMRT	PacBio RS	923655756.0	163482.0	WGS	GENOMIC	SINGLE	PacBio RS sequencing
SRR33768723	SRX28991355	SRS22456093	SRP444583	PRJNA962904	Klebsiella pneumoniae		PACBIO_SMRT	Sequel II	136972373.0	6344.0	WGS	GENOMIC	SINGLE	PacBio sequencing of AH0613HE2 for ARCH 2
SRR24918213	SRX20679045	SRS15253767	SRP338930	PRJNA766641	Mycobacterium tuberculosis	IDR2000206430	OXFORD_NANOPORE	MinION	56142736.0	40726.0	WGS	GENOMIC	SINGLE	MinION sequencing of TB isolates
ERR10854438	ERX10299205	ERS7761501	ERP109413	PRJEB27342	Klebsiella quasipneumoniae subsp. quasipneumoniae		PACBIO_SMRT	Sequel II	9981605335.0	4625150.0	WGS	GENOMIC	SINGLE	Sequel II sequencing
SRR22784417	SRX18744461	SRS16179689	SRP413484	PRJNA912639	Escherichia coli	EC_G_0012_1H1_D_CuP_CeN	OXFORD_NANOPORE	MinION	691594864.0	104325.0	WGS	GENOMIC	SINGLE	WGS of Escherichia coli
SRR387100	SRX109898	SRS281278	SRP001087	PRJNA40075	Escherichia coli str. K-12 substr. MG1655	K-12	PACBIO_SMRT	PacBio RS	50208661.0	81741.0	WGS	GENOMIC	SINGLE	Whole Genome Sequencing and Assembly
ERR16064645	ERX15454827	ERS28397780	ERP173262	PRJEB90249	Streptococcus pyogenes		OXFORD_NANOPORE	GridION	72852578.0	23483.0	WGS	GENOMIC	SINGLE	GridION sequencing
SRR5344356	SRX2641044	SRS2048568	SRP101913	PRJNA377666	Butyricimonas sp. An62	An62	OXFORD_NANOPORE	MinION	70118990.0	8779.0	WGS	GENOMIC	SINGLE	WGS ONT on Butyricimonas_paravirosa_An62
SRR3114702	SRX1542681	SRS1259199	SRP068814	PRJNA308559	Aerococcus urinaeequi	CCUG28094	PACBIO_SMRT	PacBio RS II	700718150.0	84557.0	WGS	GENOMIC	SINGLE	PacBio DNA-seq of Aerococcus urinaeequi: CCUG 28094T
SRR7904119	SRX4740595	SRS1256854	SRP068736	PRJNA292901	Shigella sonnei	AR_0030	PACBIO_SMRT	PacBio RS II	1788098722.0	163482.0	WGS	GENOMIC	SINGLE	PacBio SMRT Sequencing of Shigella sonnei FDA-CDC-AR_0030 Genomic Library
SRR5182094	SRX2498201	SRS1925054	SRP096895	PRJNA353873	Mycobacterium tuberculosis		PACBIO_SMRT	PacBio RS	143819786.0	163482.0	WGS	GENOMIC	SINGLE	DNA of Mtb
DRR629272	DRX609599	DRS438821	DRP012484	PRJDB19189	Mycobacterium intracellulare subsp. intracellulare	GA61910	OXFORD_NANOPORE	MinION	366213301.0	45906.0	WGS	GENOMIC	SINGLE	MinION sequencing of SAMD00833325
SRR33769261	SRX28991508	SRS22455994	SRP444583	PRJNA962904	Escherichia coli		PACBIO_SMRT	Sequel II	784496032.0	39479.0	WGS	GENOMIC	SINGLE	PacBio sequencing of AH0321HE1 for ARCH 2
DRR193884	DRX184339	DRS117601	DRP004119	PRJDB6565	Klebsiella pneumoniae	E105	OXFORD_NANOPORE	GridION	819972860.0	116673.0	WGS	GENOMIC	SINGLE	E105
SRR27187041	SRX22867219	SRS18545580	SRP453959	PRJNA1003301	Escherichia coli		OXFORD_NANOPORE	MinION	1540328470.0	379528.0	WGS	GENOMIC	SINGLE	EC28_long-read
SRR31541048	SRX26907876	SRS23387335	SRP548173	PRJNA1190675	Escherichia coli	The same strain as the one under SRA accession SRR7833081	OXFORD_NANOPORE	MinION	1969612994.0	470111.0	WGS	GENOMIC	SINGLE	ONT of TAS135
SRR31565408	SRX26931257	SRS23404767	SRP548643	PRJNA1192988	Vibrio cholerae	CIV27	OXFORD_NANOPORE	MinION	277601384.0	118197.0	WGS	GENOMIC	SINGLE	PulseNet Africa ONT sequencing of Vibrio cholerae isolates
SRR15989335	SRX12278204	SRS9998875	SRP357534	PRJNA801415	Klebsiella pneumoniae	-	OXFORD_NANOPORE	GridION	1752893640.0	202513.0	WGS	GENOMIC	SINGLE	Whole Genome Sequencing of Carbapenemase-producing Enterobacterales (CPE)
SRR29081114	SRX24605280	SRS21342951	SRP508604	PRJNA1113402	Mycobacterium tuberculosis	H-20-0026	OXFORD_NANOPORE	MinION	646009963.0	619867.0	WGS	GENOMIC	SINGLE	WGS of clinical Mycobacterium tuberculosis isolates from the Philippines
ERR13363118	ERX12734004	ERS20579609	ERP151254	PRJEB66182	Klebsiella pneumoniae 11227-1		OXFORD_NANOPORE	PromethION	1976062474.0	555393.0	WGS	GENOMIC	SINGLE	PromethION sequencing
SRR21415746	SRX17420134	SRS13526018	SRP361569	PRJNA768416	Paenibacillus sp. FSL R7-0313		OXFORD_NANOPORE	MinION	1097257733.0	193327.0	WGS	GENOMIC	SINGLE	WGS of Bacilli
SRR35850902	SRX30900352	SRS26900538	SRP636871	PRJNA1334387	Bacillus thuringiensis	ABR4_435	OXFORD_NANOPORE	GridION	4088292067.0	1306633.0	WGS	GENOMIC	SINGLE	WGS of Bacillus thuringiensis: Marine biofilm
SRR18463439	SRX14595746	SRS12365296	SRP365681	PRJNA782605	Streptomyces radiopugnans	MRC003	OXFORD_NANOPORE	MinION	3791341761.0	1178096.0	WGS	GENOMIC	SINGLE	WGS of Mycetoma strains isolated from patients in sudan.
SRR387069	SRX109915	SRS281278	SRP001087	PRJNA40075	Escherichia coli str. K-12 substr. MG1655	K-12	PACBIO_SMRT	PacBio RS	83252867.0	81741.0	WGS	GENOMIC	SINGLE	Whole Genome Sequencing and Assembly
DRR704762	DRX684795	DRS487181	DRP013557	PRJDB18009	Escherichia coli	K11627	OXFORD_NANOPORE	MinION	162223108.0	32632.0	WGS	GENOMIC	SINGLE	MinION sequencing of SAMD00771156
SRR36920028	SRX31886504	SRS27841344	SRP665298	PRJNA1403646	Streptococcus parasanguinis	not applicable	OXFORD_NANOPORE	MinION	10608270.0	16522.0	WGS	GENOMIC	SINGLE	Long Reads for The Genomic Landscape of Head and Neck Cancer-associated Streptococci
SRR36496388	SRX31517807	SRS27497189	SRP656241	PRJNA1293716	Borreliella burgdorferi	Bb16 22	OXFORD_NANOPORE	MinION	204108512.0	104035.0	WGS	GENOMIC	SINGLE	Whole genome sequencing of Borrelia burgdorferi Strain Bb16 22
SRR12805680	SRX9274398	SRS7503100	SRP286955	PRJNA668428	Haemophilus influenzae		OXFORD_NANOPORE	MinION	35097795.0	5770.0	WGS	GENOMIC	SINGLE	WGS of H. influenzae: respiratory tract (cystic fibrosis)
SRR498039	SRX148634	SRS281882	SRP013241	PRJNA73829	Vibrio cholerae		PACBIO_SMRT	PacBio RS	792213.0	1948.0	WGS	GENOMIC	SINGLE	
SRR32364784	SRX27699362	SRS21131102	SRP444583	PRJNA962904	Escherichia coli		PACBIO_SMRT	Sequel II	732317296.0	35026.0	WGS	GENOMIC	SINGLE	PacBio sequencing of CS5309E1 for ARCH 1.0
SRR33417240	SRX28658190	SRS24926919	SRP582914	PRJNA992958	Salmonella enterica subsp. enterica	37135_15	OXFORD_NANOPORE	MinION	218477574.0	71551.0	WGS	GENOMIC	SINGLE	Nanopore DNA-Seq of Salmonella spp
ERR10499059	ERX10016348	ERS14255468	ERP142629	PRJEB57633	Escherichia coli		OXFORD_NANOPORE	GridION	364471791.0	128786.0	WGS	GENOMIC	SINGLE	Raw reads: ONT_30821_1#365
SRR12825888	SRX9293525	SRS7519893	SRP040661	PRJNA231221	Pediococcus pentosaceus	FDAARGOS_1010	PACBIO_SMRT	PacBio RS	816699872.0	163482.0	WGS	GENOMIC	SINGLE	
SRR29219134	SRX24738642	SRS21460690	SRP510575	PRJNA1117853	Cronobacter turicensis		OXFORD_NANOPORE	GridION	1395104858.0	272000.0	WGS	GENOMIC	SINGLE	Nanopore sequencing allows to recover high-quality completely closed genomes of all Cronobacter species from powdered infant formula overnight enrichments
SRR22784588	SRX18744290	SRS16179600	SRP413484	PRJNA912639	Escherichia coli	EC_E5BF_2_E_CuN_CeN	OXFORD_NANOPORE	MinION	572078756.0	56353.0	WGS	GENOMIC	SINGLE	WGS of Escherichia coli
SRR26804801	SRX22502054	SRS19514406	SRP471522	PRJNA1039750	Pseudomonas aeruginosa		OXFORD_NANOPORE	MinION	313554231.0	14519.0	WGS	GENOMIC	SINGLE	Genome sequencing of Pseudomonas aeruginosa
SRR29213744	SRX24733370	SRS19899726	SRP478634	PRJNA1054115	Klebsiella pneumoniae	KPB166	OXFORD_NANOPORE	GridION	333298205.0	76941.0	WGS	GENOMIC	SINGLE	Long reads sequencing of invasive Klebsiella pneumoniae
DRR393691	DRX379510	DRS297026	DRP007849	PRJDB10842	Citrobacter freundii	JBBDAJB-19-0035	OXFORD_NANOPORE	GridION	800750838.0	153957.0	WGS	GENOMIC	SINGLE	GridION sequencing of SAMD00499152
SRR9056840	SRX5833068	SRS2573685	SRP198435	PRJNA542980	Escherichia sp. E4742	E4742	PACBIO_SMRT	PacBio RS	859147365.0	175199.0	WGS	GENOMIC	SINGLE	E4742
SRR31599610	SRX26964072	SRS23433788	SRP549287	PRJNA1185485	Escherichia coli	106	OXFORD_NANOPORE	PromethION	698437989.0	148863.0	WGS	GENOMIC	SINGLE	ABCD-barcode84
ERR2137850	ERX2194399	ERS1726472	ERP005928	PRJEB6403	Campylobacter hominis	NCTC13146	PACBIO_SMRT	PacBio RS	511397613.0	163482.0	WGS	GENOMIC	SINGLE	PacBio RS sequencing
SRR15989686	SRX12278245	SRS9998956	SRP357537	PRJNA801416	Enterobacter kobei	E744	OXFORD_NANOPORE	GridION	364171454.0	39300.0	WGS	GENOMIC	SINGLE	Whole Genome Sequencing of Carbapenemase-producing Enterobacterales (CPE)
SRR35504558	SRX30580268	SRS26609445	SRP616549	PRJNA1314197	Mycobacterium tuberculosis	not applicable	OXFORD_NANOPORE	GridION	1052969231.0	2089547.0	WGS	GENOMIC	SINGLE	WGS of M. tb from sputum, Kit-Ligation prep, Sample BC06
ERR1198923	ERX1271181	ERS1020937	ERP013614	PRJEB12172	Escherichia coli		OXFORD_NANOPORE	MinION	1232821379.0	132899.0	WGS	GENOMIC	SINGLE	MinION sequencing
SRR12298746	SRX8801831	SRS6792365	SRP266402	PRJNA605147	Escherichia coli	RHB29-C08	OXFORD_NANOPORE	GridION	469987291.0	122440.0	WGS	GENOMIC	SINGLE	OXFORD_NANOPORE sequencing of Escherichia coli isolate RH11|T3-C08 cultured from Sheep faeces sample
SRR24037498	SRX19840042	SRS17198653	SRP430371	PRJNA948666	Paenibacillus larvae	PL011	OXFORD_NANOPORE	GridION	720549633.0	417239.0	WGS	GENOMIC	SINGLE	DNA seq of Paenibacillus larvae
SRR14307879	SRX10663297	SRS8020913	SRP301498	PRJNA690640	Enterococcus faecium		OXFORD_NANOPORE	MinION	21129069.0	2426.0	WGS	GENOMIC	SINGLE	WGS of E. faecium
SRR35628953	SRX30685081	SRS26704497	SRP627750	PRJNA1333901	Pseudomonas umsongensis	KH_023	OXFORD_NANOPORE	MinION	575495619.0	129038.0	WGS	GENOMIC	SINGLE	Oxford Nanopore sequences of cultivable bacteria collected in an iron ore mine and a crystal cave
SRR386486	SRX109881	SRS212335	SRP007231	PRJNA49881	Scardovia wiggsiae F0424	F0424	PACBIO_SMRT	PacBio RS	118761458.0	81741.0	WGS	GENOMIC	SINGLE	Whole Genome Sequencing and Assembly
SRR21682054	SRX17680136	SRS15211877	SRP074197	PRJNA288601	Klebsiella pneumoniae	2017-45-32	PACBIO_SMRT	PacBio RS II	945991401.0	163482.0	WGS	GENOMIC	SINGLE	PacBio sequencing of 2017-45-32
SRR10211225	SRX6931019	SRS5461314	SRP191068	PRJNA528511	Escherichia coli	GTEN_207	OXFORD_NANOPORE	GridION	456869789.0	121223.0	WGS	GENOMIC	SINGLE	Global TravEpiNet AMR surveillance Genome sequencing and assembly
SRR19090847	SRX15160549	SRS12902736	SRP373722	PRJNA833969	Escherichia coli		OXFORD_NANOPORE	MinION	606053123.0	38376.0	WGS	GENOMIC	SINGLE	Long-read WGS characterization of ESBL-producing E. coli isolates from dairy cattle in Northern Spain
SRR33239962	SRX28486491	SRS24805046	SRP580283	PRJNA1253762	Ralstonia pseudosolanacearum	UW568_UCD736	OXFORD_NANOPORE	PromethION	601525108.0	99091.0	WGS	GENOMIC	SINGLE	Genome sequencing of Ralstonia pseudosolanacearum in Guatemala: Monjas, Jalapa
SRR32902433	SRX28177605	SRS24529498	SRP563476	PRJNA1222881	Streptococcus	Streptococcus agalactiae	OXFORD_NANOPORE	MinION	1159001484.0	288697.0	WGS	GENOMIC	SINGLE	WGS of Streptococcus agalactiae
ERR10499064	ERX10016353	ERS14255440	ERP142629	PRJEB57633	Escherichia coli		OXFORD_NANOPORE	GridION	70229684.0	13289.0	WGS	GENOMIC	SINGLE	Raw reads: ONT_30821_1#84
DRR575890	DRX559355	DRS394848	DRP011741	PRJDB18338	Mycoplasmoides pneumoniae	TA9617	OXFORD_NANOPORE	MinION	469486127.0	137651.0	WGS	GENOMIC	SINGLE	MinION sequencing of SAMD00797197
DRR099877	DRX093333	DRS101519	DRP005240	PRJDB5917	Escherichia coli	K-12	PACBIO_SMRT	PacBio RS II	174232114.0	163482.0	WGS	GENOMIC	SINGLE	PacBio RS II sequencing of SAMD00089400
SRR21547799	SRX17550000	SRS13228549	SRP395888	PRJNA812595	Leclercia adecarboxylata	2022CK-00320	OXFORD_NANOPORE	GridION	319322573.0	35651.0	WGS	GENOMIC	SINGLE	Nanopore sequencing of ARLN isolate
SRR13386043	SRX9805386	SRS7989461	SRP300861	PRJNA663900	Enterococcus sp. AZ050	AZ050	OXFORD_NANOPORE	GridION	454546073.0	130739.0	WGS	GENOMIC	SINGLE	Zoo 3 Enterococcus Diversity Genome sequencing and assembly
SRR21696283	SRX17693982	SRS11554563	SRP354045	PRJNA747871	Streptomyces sp. NBC_01390	NBC_01390	OXFORD_NANOPORE	MinION	244776434.0	40073.0	WGS	GENOMIC	SINGLE	nanopore sequencing data from strain NBC_01390
SRR22229513	SRX18207022	SRS15704165	SRP406845	PRJNA882779	Avibacterium paragallinarum	AP-2	OXFORD_NANOPORE	MinION	1470981612.0	260239.0	WGS	GENOMIC	SINGLE	Genome sequencing of Avibacterium paragallinarum AP-2
SRR24918240	SRX20679018	SRS17875832	SRP338930	PRJNA766641	Mycobacterium tuberculosis	IDR 2100100785	OXFORD_NANOPORE	MinION	11463085.0	6611.0	WGS	GENOMIC	SINGLE	MinION sequencing of TB isolates
SRR26684647	SRX22384556	SRS19430782	SRP108140	PRJNA313452	Enterococcus sp. DIV0849a	DIV0849a	PACBIO_SMRT	Sequel	1437616125.0	377060.0	WGS	GENOMIC	SINGLE	long-read sequence of novel enterococcal species
ERR3685773	ERX3675377	ERS4047574	ERP114207	PRJEB31632	bacterium		OXFORD_NANOPORE	GridION	817200378.0	91091.0	WGS	GENOMIC	SINGLE	GridION sequencing
SRR22671561	SRX18634532	SRS16078480	SRP412295	PRJNA910374	Neisseria meningitidis		OXFORD_NANOPORE	GridION	381247353.0	31028.0	WGS	GENOMIC	SINGLE	1905
SRR31647085	SRX27010157	SRS23474507	SRP550213	PRJNA1193534	Staphylococcus aureus	p48179	OXFORD_NANOPORE	GridION	3379633.0	2183.0	WGS	GENOMIC	SINGLE	Genomic Analysis of Plasmids in Animal-Associated Staphylococcus aureus
ERR10155876	ERX9691996	ERS6426135	ERP109413	PRJEB27342	Klebsiella aerogenes		PACBIO_SMRT	Sequel II	8340428505.0	1228958.0	WGS	GENOMIC	SINGLE	Sequel II sequencing
SRR12298563	SRX8801504	SRS6792772	SRP266402	PRJNA605147	Escherichia coli	RHB01-C05	PACBIO_SMRT	PacBio RS II	1100799489.0	134361.0	WGS	GENOMIC	SINGLE	PACBIO_SMRT sequencing of Escherichia coli isolate RH11|T1-C05 cultured from Sheep faeces sample
ERR9855647	ERX9401658	ERS12242847	ERP138435	PRJEB53630	Salmonella enterica subsp. enterica serovar Concord		OXFORD_NANOPORE	MinION	3430893668.0	254224.0	WGS	GENOMIC	SINGLE	MinION sequencing
SRR12826234	SRX9293872	SRS7520182	SRP040661	PRJNA231221	Corynebacterium minutissimum	FDAARGOS_992	PACBIO_SMRT	PacBio RS	1502701253.0	163482.0	WGS	GENOMIC	SINGLE	
SRR12921566	SRX9386115	SRS7606094	SRP289426	PRJNA670461	Helicobacter winghamensis	ATCC BAA-431	OXFORD_NANOPORE	MinION	665857745.0	193063.0	WGS	GENOMIC	SINGLE	WGS of Helicobacter winghamensis: cultured human isolate
SRR30993118	SRX26381412	SRS22904660	SRP538558	PRJNA1172918	Escherichia coli str. K-12 substr. MG1655	K-12	OXFORD_NANOPORE	PromethION	488880051.0	61825.0	WGS	GENOMIC	SINGLE	Ecoli_DM_kit14_5kHz_deepmod2_bilstm
SRR32265775	SRX27603072	SRS24012976	SRP562195	PRJNA492214	Lactococcus lactis	L98	OXFORD_NANOPORE	GridION	445077573.0	50119.0	WGS	GENOMIC	SINGLE	Genome sequencing of Lactococcus lactis
ERR15183381	ERX14588771	ERS25125888	ERP160948	PRJEB76420	Escherichia coli		OXFORD_NANOPORE	MinION			WGS	GENOMIC	SINGLE	MinION sequencing
SRR5202691	SRX2516633	SRS1939792	SRP097781	PRJNA368729	Brevundimonas sp. LM2	LM2	PACBIO_SMRT	PacBio RS II	2128347948.0	163482.0	WGS	GENOMIC	SINGLE	
SRR34973460	SRX30092350	SRS26157466	SRP608514	PRJNA1305037	Klebsiella pneumoniae	MI_KPC_769	OXFORD_NANOPORE	PromethION	500000978.0	110736.0	WGS	GENOMIC	SINGLE	KPC CRE collection from state of Michigan
SRR6224382	SRX3333021	SRS2635452	SRP121670	PRJNA415956	Mesoplasma entomophilum	TAC	OXFORD_NANOPORE	MinION	179981007.0	25000.0	WGS	GENOMIC	SINGLE	WGS of Mesoplasma entomophilum TAC
DRR594395	DRX574942	DRS566221	DRP015300	PRJDB18582	Campylobacter jejuni subsp. jejuni	IFTK345	PACBIO_SMRT	Sequel II	644408745.0	104364.0	WGS	GENOMIC	SINGLE	Sequel II sequencing of SAMD00817492
SRR25466782	SRX21199639	SRS18458348	SRP452337	PRJNA1000618	Escherichia coli	Escherichia coli BL21(DE3)	OXFORD_NANOPORE	MinION	6099098.0	3999.0	WGS	GENOMIC	SINGLE	CASTVK transposition with different condition
SRR11059512	SRX7705431	SRS6129309	SRP248058	PRJNA462563	Clostridium beijerinckii	DJ317	PACBIO_SMRT	PacBio RS II	559736666.0	108038.0	WGS	GENOMIC	SINGLE	Clostridium beijerinckii DJ317
SRR30149487	SRX25617146	SRS21937671	SRP518730	PRJNA1133668	Klebsiella pneumoniae	ST258KP125	OXFORD_NANOPORE	MinION	237005969.0	28822.0	WGS	GENOMIC	SINGLE	Nanopore sequencing of clinical CRE isolates: human
SRR24512034	SRX20296469	SRS17622446	SRP437207	PRJNA957348	Aeromicrobium sp. SORGH_AS_0981	SORGH_AS_0981	PACBIO_SMRT	Sequel IIe	685309949.0	88390.0	WGS	GENOMIC	SINGLE	Aeromicrobium sp. SORGH_AS981
SRR11653787	SRX8214813	SRS6573934	SRP259340	PRJNA627971	Pseudomonas sp. ADAK2	ADAK2	OXFORD_NANOPORE	MinION	387838327.0	96904.0	WGS	GENOMIC	SINGLE	WGS of Pseudomonas sp.: bacterial isolate
SRR353413	SRX101289	SRS259596	SRP008032	PRJNA68211	Escherichia coli O104:H4 str. 04-8351	04-8351	PACBIO_SMRT	PacBio RS	52351173.0	81741.0	WGS	GENOMIC	SINGLE	Genome Sequencing and Assembly of E. coli O104:H4 strains
SRR30085200	SRX25558643	SRS22210751	SRP523632	PRJNA1142676	Klebsiella variicola	kv220531_barcode77	OXFORD_NANOPORE	MinION	276335246.0	22326.0	WGS	GENOMIC	SINGLE	Klebsiella variicola strain kv220531_barcode77
ERR4769717	ERX4639558	ERS5247697	ERP124695	PRJEB40976	Enterococcus faecalis		OXFORD_NANOPORE	GridION	756492343.0	37987.0	WGS	GENOMIC	SINGLE	GridION sequencing; Raw reads: 26975_2#25
SRR20082692	SRX16120385	SRS11390402	SRP352219	PRJNA748906	Heyndrickxia coagulans	VHProbi C08	PACBIO_SMRT	PacBio RS II	1502490823.0	201840.0	WGS	GENOMIC	SINGLE	DNA-Seq of Weizmannia coagulans: kimchi
SRR388534	SRX110932	SRS000865	SRP000263	PRJNA32795	Neisseria gonorrhoeae MS11	MS11	PACBIO_SMRT	PacBio RS	88640257.0	81741.0	WGS	GENOMIC	SINGLE	Whole Genome Sequencing and Assembly
SRR21787902	SRX17782010	SRS15308062	SRP400821	PRJNA885124	Halobacillus andaensis	E5	OXFORD_NANOPORE	MinION	25422528.0	4000.0	WGS	GENOMIC	SINGLE	Oxford Nanopore genome sequencing of  Halobacillus andaensis: raw fastq reads produced by guppy_basecaller and guppy_barcoder
SRR15989666	SRX12278265	SRS9998448	SRP357537	PRJNA801416	Klebsiella pneumoniae	17	OXFORD_NANOPORE	GridION	2400901832.0	249489.0	WGS	GENOMIC	SINGLE	Whole Genome Sequencing of Carbapenemase-producing Enterobacterales (CPE)
SRR30663420	SRX26082437	SRS22649936	SRP250705	PRJNA607328	mouse gut metagenome		OXFORD_NANOPORE	MinION	48704517966.0	10558003.0	WGS	GENOMIC	SINGLE	Mouse cecal metagenome FELIX_MS939 Nanopore reads
ERR1341776	ERX1413353	ERS1093622	ERP014688	PRJEB13149	Bordetella hinzii		PACBIO_SMRT	PacBio RS	49515087.0	81741.0	WGS	GENOMIC	SINGLE	PacBio RS sequencing
SRR30896199	SRX26299822	SRS22828544	SRP536878	PRJNA1134622	Escherichia coli	OXEC-195	OXFORD_NANOPORE	MinION	481831675.0	153942.0	WGS	GENOMIC	SINGLE	OXEC-195
ERR10499159	ERX10016445	ERS14256070	ERP142629	PRJEB57633	Escherichia coli		OXFORD_NANOPORE	GridION	20914111.0	7096.0	WGS	GENOMIC	SINGLE	Raw reads: ONT_30859_5#246
SRR35737852	SRX30787063	SRS26801249	SRP630567	PRJNA1337272	Salmonella enterica subsp. enterica serovar Enteritidis	not applicable	OXFORD_NANOPORE	GridION	327576581.0	83947.0	WGS	GENOMIC	SINGLE	Nanopore whole genome sequencing of Salmonella enterica subspecies enterica isolate 1737637-4
SRR32638446	SRX27943003	SRS24309228	SRP569404	PRJNA1229757	Klebsiella pneumoniae	klebsiella pneumoniae, 1	OXFORD_NANOPORE	MinION	241689196.0	41306.0	WGS	GENOMIC	SINGLE	Klebsiella pneumoniae28074
SRR30896173	SRX26299848	SRS22828570	SRP536878	PRJNA1134622	Escherichia coli	OXEC-218	OXFORD_NANOPORE	MinION	109036697.0	44932.0	WGS	GENOMIC	SINGLE	OXEC-218
SRR24062777	SRX19864098	SRS17220120	SRP430807	PRJNA952137	Staphylococcus aureus	IT-MRSA43	OXFORD_NANOPORE	MinION	631186789.0	116202.0	WGS	GENOMIC	SINGLE	Long read Illumina sequencing of Staphylococcus aureus IT-MRSA43
SRR36920168	SRX31886370	SRS27841298	SRP665298	PRJNA1403646	Staphylococcus epidermidis	not applicable	OXFORD_NANOPORE	MinION	198352370.0	60164.0	WGS	GENOMIC	SINGLE	Long Reads for The Genomic Landscape of Head and Neck Cancer-associated Streptococci
ERR16064523	ERX15454705	ERS28397658	ERP173262	PRJEB90249	Escherichia coli		OXFORD_NANOPORE	GridION	896383246.0	429803.0	WGS	GENOMIC	SINGLE	GridION sequencing
SRR24140404	SRX19938673	SRS17287382	SRP247747	PRJNA604975	Escherichia coli	ox_bsi_230	OXFORD_NANOPORE	GridION	53087106.0	8738.0	WGS	GENOMIC	SINGLE	oxford_bsi
SRR5182026	SRX2498134	SRS1924989	SRP096895	PRJNA353873	Mycobacterium tuberculosis		PACBIO_SMRT	PacBio RS	156611577.0	163482.0	WGS	GENOMIC	SINGLE	DNA of Mtb
SRR9290543	SRX6060117	SRS4873362	SRP200324	PRJNA546081	Streptomyces venezuelae ATCC 10712	ATCC 10712	PACBIO_SMRT	PacBio RS II	1556339416.0	166851.0	WGS	GENOMIC	SINGLE	genome-seq of Streptomyces venezuelae ATCC 21018
SRR35523476	SRX30598805	SRS26625778	SRP622777	PRJNA1268491	Escherichia coli	EL361	OXFORD_NANOPORE	PromethION	796451813.0	57333.0	WGS	GENOMIC	SINGLE	Swine STEC EL361 isolate, WGS
SRR18697569	SRX14798536	SRS12556556	SRP368994	PRJNA695738	Pseudomonas sp. PvP009	PvP009	PACBIO_SMRT	Sequel II	9170234659.0	1173295.0	WGS	GENOMIC	SINGLE	Pseudomonas sp. PvP009
ERR3013199	ERX3015651	ERS1989734	ERP011196	PRJEB10018	Klebsiella pneumoniae		PACBIO_SMRT	PacBio RS	830281941.0	163482.0	WGS	GENOMIC	SINGLE	PacBio RS sequencing
SRR4180945	SRX2142241	SRS1673931	SRP086938	PRJNA303741	Pseudarthrobacter chlorophenolicus	A6	PACBIO_SMRT	PacBio RS	613613489.0	150415.0	WGS	GENOMIC	SINGLE	Arthrobacter chlorophenolicus DSM 12829
SRR29099093	SRX24623055	SRS21074864	SRP395888	PRJNA812595	Acinetobacter baumannii	2024CK-00461	OXFORD_NANOPORE	GridION	328256029.0	69257.0	WGS	GENOMIC	SINGLE	Nanopore sequencing of ARLN isolate
SRR8358368	SRX5169138	SRS3733159	SRP018785	PRJNA186035	Salmonella enterica subsp. enterica serovar Enteritidis	SAP18-0432	PACBIO_SMRT	PacBio RS II	953391016.0	163482.0	WGS	GENOMIC	SINGLE	Whole genome PacBio RS sequence of Salmonella enterica subsp. enterica serovar Enteritidis
DRR629224	DRX609551	DRS438773	DRP012484	PRJDB19189	Mycobacterium avium subsp. hominissuis	GA68620	OXFORD_NANOPORE	MinION	400885635.0	46681.0	WGS	GENOMIC	SINGLE	MinION sequencing of SAMD00833275
SRR31024315	SRX26411248	SRS22931201	SRP539092	PRJNA1174068	Vibrio cholerae	mHDM VC 91	OXFORD_NANOPORE	PromethION	124063125.0	91016.0	WGS	GENOMIC	SINGLE	WGS of Vcholerae isolates
SRR34967483	SRX30086754	SRS26152915	SRP608514	PRJNA1305037	Klebsiella michiganensis	MI_KPC_458	OXFORD_NANOPORE	PromethION	498174432.0	99993.0	WGS	GENOMIC	SINGLE	KPC CRE collection from state of Michigan
ERR10814905	ERX10261464	ERS14463604	ERP142188	PRJEB57216	Pseudomonas aeruginosa C40A		OXFORD_NANOPORE	MinION	798284701.0	66494.0	WGS	GENOMIC	SINGLE	MinION sequencing
SRR19787714	SRX15831637	SRS13522727	SRP383167	PRJNA851853	Salmonella enterica	J0734_ONT_100X	OXFORD_NANOPORE	GridION	528496401.0	78712.0	WGS	GENOMIC	SINGLE	WGS of Salmonella enterica serovar Enteritidis
SRR13673794	SRX10063235	SRS8225437	SRP040661	PRJNA231221	Escherichia coli	FDAARGOS_1292	PACBIO_SMRT	Sequel	4617699537.0	461455.0	WGS	GENOMIC	SINGLE	
SRR12298544	SRX8801523	SRS6792592	SRP266402	PRJNA605147	Escherichia coli	RHB41-C07	OXFORD_NANOPORE	GridION	633295474.0	154648.0	WGS	GENOMIC	SINGLE	OXFORD_NANOPORE sequencing of Escherichia coli isolate RH01|T3-C07 cultured from Pig faeces sample
SRR5851281	SRX3020897	SRS2370410	SRP113018	PRJNA395042	Streptococcus thermophilus	B59671	PACBIO_SMRT	PacBio RS II	988800541.0	324004.0	WGS	GENOMIC	SINGLE	Streptococcus thermophilus genome sequencing and assembly
SRR386888	SRX109886	SRS281279	SRP001087	PRJNA40075	Escherichia coli str. K-12 substr. MG1655	K-12	PACBIO_SMRT	PacBio RS	19157897.0	60961.0	WGS	GENOMIC	SINGLE	Whole Genome Sequencing and Assembly
SRR16249303	SRX12529054	SRS10489307	SRP040661	PRJNA231221	Enterocloster clostridioformis	FDAARGOS_1529	PACBIO_SMRT	Sequel	2259245322.0	264146.0	WGS	GENOMIC	SINGLE	
SRR26316639	SRX22024876	SRS1593347	SRP058582	PRJNA203400	Escherichia coli	MOD1-EC6083	OXFORD_NANOPORE	GridION	1233630467.0	364531.0	WGS	GENOMIC	SINGLE	Identification of Thirty-two New O antigen Gene Clusters in Escherichia coli
ERR1407364	ERX1478603	ERS1066633	ERP005928	PRJEB6403	Klebsiella oxytoca	NCTC13775	PACBIO_SMRT	PacBio RS	1041982684.0	163482.0	WGS	GENOMIC	SINGLE	PacBio RS sequencing
SRR23347517	SRX19289516	SRS16690584	SRP421131	PRJNA931653	Escherichia coli K-12	K-12	OXFORD_NANOPORE	GridION	12579628.0	4000.0	WGS	GENOMIC	SINGLE	Nanopore sequencing of Ciprofloxacin challenged E. coli
SRR18306482	SRX14443883	SRS12250705	SRP363681	PRJNA814380	Escherichia coli	DH10B	OXFORD_NANOPORE	GridION	1964931470.0	204443.0	WGS	GENOMIC	SINGLE	Nanopore of plasmid
SRR14766808	SRX11100220	SRS9165137	SRP323385	PRJNA639797	Pseudomonas maumuensis	COW77	OXFORD_NANOPORE	MinION	424082931.0	74414.0	WGS	GENOMIC	SINGLE	Nanopore sequencing of isolate COW77
ERR10447798	ERX9972180	ERS13631235	ERP142069	PRJEB57097	Escherichia coli		OXFORD_NANOPORE	MinION	594278936.0	108461.0	WGS	GENOMIC	SINGLE	MinION sequencing
SRR28811916	SRX24375236	SRS21131893	SRP504151	PRJNA1104797	Xanthomonas campestris pv. campestris	CFBP 7156	OXFORD_NANOPORE	PromethION	882340373.0	54065.0	WGS	GENOMIC	SINGLE	Genome sequencing of Xanthomonas campestris pv. campestris: strain CFBP 7156
ERR15991604	ERX15386710	ERS28170790	ERP184281	PRJEB102899	Pseudomonas aeruginosa		OXFORD_NANOPORE	GridION	922274337.0	102890.0	WGS	GENOMIC	SINGLE	GridION sequencing
ERR1748639	ERX1817836	ERS1465051	ERP016893	PRJEB15187	Mycobacterium tuberculosis variant bovis AF2122/97		PACBIO_SMRT	PacBio RS	584994480.0	163482.0	WGS	GENOMIC	SINGLE	PacBio RS sequencing
SRR34006323	SRX29202684	SRS25399855	SRP592562	PRJNA1274016	Halomonas mongoliensis	BS222	OXFORD_NANOPORE	PromethION	1689869179.0	275233.0	WGS	GENOMIC	SINGLE	WGS of Halomonas mangoliensis
SRR28434626	SRX24038479	SRS20831680	SRP497546	PRJNA1091452	Enterococcus faecium	EF30-PS	OXFORD_NANOPORE	MinION	391196038.0	84184.0	WGS	GENOMIC	SINGLE	ONT performance study sequencing of E.faecium
SRR36118006	SRX31162649	SRS27149213	SRP647402	PRJNA1367295	Staphylococcus aureus	M2029	OXFORD_NANOPORE	MinION	245114959.0	56958.0	WGS	GENOMIC	SINGLE	Clonal complex 398 emerging as community- and healthcare-associated methicillin-resistant Staphylococcus aureus in the Czech Republic 2017-2024
SRR19776561	SRX15820935	SRS12274038	SRP364249	PRJNA816422	Helicobacter pylori	Hpfe113	OXFORD_NANOPORE	MinION	87637795.0	32662.0	WGS	GENOMIC	SINGLE	nanopore sequencing of h. pylori genomic DNA
SRR31793429	SRX27154565	SRS23608913	SRP552990	PRJNA1201147	Legionella pneumophila	Bellingham 1	OXFORD_NANOPORE	PromethION	438160996.0	66259.0	WGS	GENOMIC	SINGLE	Resequencing of reference Legionella pneumophila strain using nanopore
SRR21696333	SRX17693932	SRS11554388	SRP354045	PRJNA747871	Streptomyces sp. NBC_01460	NBC_01460	OXFORD_NANOPORE	MinION	638535797.0	102132.0	WGS	GENOMIC	SINGLE	nanopore sequencing data from strain NBC_01460
ERR10042297	ERX9582265	ERS6425959	ERP109413	PRJEB27342	Klebsiella pneumoniae		PACBIO_SMRT	Sequel II	2771667583.0	364828.0	WGS	GENOMIC	SINGLE	Sequel II sequencing
SRR33191909	SRX28439519	SRS24761376	SRP579431	PRJNA1252054	Clostridioides difficile	HC52	OXFORD_NANOPORE	GridION	579836554.0	209181.0	WGS	GENOMIC	SINGLE	C. difficile HC52 genome (long read)
SRR32204079	SRX27545732	SRS23960614	SRP561120	PRJNA1214876	Ekhidna algicida	To15	OXFORD_NANOPORE	MinION	37909045.0	4000.0	WGS	GENOMIC	SINGLE	Ekhidna algicida strain To15 genome
DRR627336	DRX607664	DRS437968	DRP012465	PRJDB19803	Methylosinus sporium	NpR20-67	PACBIO_SMRT	Revio	693864643.0	45184.0	WGS	GENOMIC	SINGLE	Revio sequencing of SAMD00853610
ERR10499466	ERX10016752	ERS14257030			Escherichia coli		OXFORD_NANOPORE	GridION	378721363.0	38424.0	WGS	GENOMIC	SINGLE	GridION sequencing; Raw reads: ONT_30345_1#120
ERR2762194	ERX2775147	ERS2176305	ERP110583	PRJEB28387	Vibrio cholerae		PACBIO_SMRT	PacBio RS	482929550.0	163482.0	WGS	GENOMIC	SINGLE	PacBio RS sequencing
ERR2532464	ERX2550885	ERS2419169	ERP005928	PRJEB6403	Helicobacter pylori	NCTC13526	PACBIO_SMRT	PacBio RS	880927242.0	163482.0	WGS	GENOMIC	SINGLE	PacBio RS sequencing
SRR31555836	SRX26921887	SRS23398943	SRP548427	PRJNA1192303	Shigella flexneri	2a	OXFORD_NANOPORE	GridION	759883932.0	342657.0	WGS	GENOMIC	SINGLE	WGS of Shigella sonnei 2021/2022
SRR24140208	SRX19938869	SRS17287578	SRP247747	PRJNA604975	Escherichia coli	ox_bsi_309	OXFORD_NANOPORE	GridION	349883961.0	71968.0	WGS	GENOMIC	SINGLE	oxford_bsi
SRR12247742	SRX8755425	SRS6976291	SRP266402	PRJNA605147	Citrobacter braakii	RHB25-E4-C05	OXFORD_NANOPORE	GridION	2492632187.0	471644.0	WGS	GENOMIC	SINGLE	Oxford Nanopore sequencing of Citrobacter freundii isolate RH08|T2-E4C05 cultured from cattle farm sediment sample
SRR35556720	SRX30631340	SRS19727443	SRP150360	PRJNA475751	Escherichia coli	EC01234	OXFORD_NANOPORE	MinION	80903670.0	31306.0	WGS	GENOMIC	SINGLE	WGS Sequencing of Escherichia coli
ERR5671474	ERX5386967	ERS5752859	ERP126298	PRJEB42440	Klebsiella pneumoniae		OXFORD_NANOPORE	GridION	991466084.0	136350.0	WGS	GENOMIC	SINGLE	GridION sequencing
SRR9326091	SRX6092992	SRS4994016	SRP201833	PRJNA549563	Escherichia coli	F037	OXFORD_NANOPORE	MinION	1038578805.0	239110.0	WGS	GENOMIC	SINGLE	Comparative genomics and transcriptomics of Escherichia coli in response to plasmid aquisition
ERR8007778	ERX7573447	ERS9899422	ERP131998	PRJEB47698	Escherichia coli		OXFORD_NANOPORE	MinION	812667374.0	184201.0	WGS	GENOMIC	SINGLE	MinION sequencing
SRR4129122	SRX2112712	SRS1667173	SRP084618	PRJNA248517	Methylotenera sp. L2L1	L2L1	PACBIO_SMRT	PacBio RS	209553328.0	67998.0	WGS	GENOMIC	SINGLE	Methylotenera sp. L2L1
SRR707877	SRX233068	SRS411269	SRP022776	PRJNA82525	Enterococcus faecium EnGen0375	Efm_NY2-1	PACBIO_SMRT	PacBio RS	109200584.0	81741.0	WGS	GENOMIC	SINGLE	Pacbio whole genome shotgun sequencing of genomic DNA library 'LR_137_Efaecium_2_1_0.45x' containing sample 'Pat2-1' from individual 'Enterococcus_faecium_Patient_2-1'
ERR3253079	ERX3279883	ERS2016220	ERP005928	PRJEB6403	Taylorella equigenitalis		PACBIO_SMRT	Sequel	431401493.0	112745.0	WGS	GENOMIC	SINGLE	Sequel sequencing
SRR33768417	SRX28991059	SRS22456504	SRP444583	PRJNA962904	Escherichia coli		PACBIO_SMRT	Sequel II	547847648.0	35151.0	WGS	GENOMIC	SINGLE	PacBio sequencing of AH0630HE1 for ARCH 2
ERR2711286	ERX2725455	ERS1706841	ERP022913	PRJEB20737	Streptococcus pneumoniae		PACBIO_SMRT	PacBio RS	105952584.0	163482.0	WGS	GENOMIC	SINGLE	PacBio RS sequencing
SRR30574398	SRX25997459	SRS22571227	SRP531125	PRJNA1155659	Vibrio parahaemolyticus	VB18PR-0178-2_long	OXFORD_NANOPORE	MinION	698686026.0	246647.0	WGS	GENOMIC	SINGLE	Oxford Nanopore reads of Vibrio
