srr_accession	srx_accession	srs_accession	srp_accession	bioproject	organism	strain	platform	instrument	total_bases	total_spots	library_strategy	library_source	library_layout	title
ERR1109317	ERX1188848	ERS807415	ERP005928	PRJEB6403	Staphylococcus aureus	NCTC6507	PACBIO_SMRT	PacBio RS	1030247740.0	163482.0	WGS	GENOMIC	SINGLE	PacBio RS sequencing
SRR7447108	SRX4317648	SRS3480636	SRP151539	PRJNA477342	Aeromonas veronii	JG185	OXFORD_NANOPORE	MinION	305913526.0	42301.0	WGS	GENOMIC	SINGLE	JG185_MinION
SRR13955700	SRX10334065	SRS8453784	SRP310443	PRJNA714107	Mannheimia haemolytica	1506	PACBIO_SMRT	PacBio RS II	3233565.0	2021.0	WGS	GENOMIC	SINGLE	PacBio reads of M. haemolytica
SRR942722	SRX327564	SRS468191	SRP028222	PRJNA51643	Salmonella enterica subsp. enterica serovar Newport str. USMARC-S3124.1	USMARC-S3124.1	PACBIO_SMRT	PacBio RS	164372095.0	81741.0	WGS	GENOMIC	SINGLE	Salmonella enterica Newport CLR Sequencing
SRR36200646	SRX31237259	SRS27216588	SRP649113	PRJNA1348097	Klebsiella pneumoniae subsp. pneumoniae	AA	PACBIO_SMRT	Onso	1421030799.0	6383962.0	WGS	GENOMIC	PAIRED	WGS of Klebsiella pneumoniae: Vegetable - Strain AA
SRR10556139	SRX7237873	SRS5737469	SRP233725	PRJNA460349	Clostridium beijerinckii	DJ112	PACBIO_SMRT	PacBio RS II	321525010.0	81865.0	WGS	GENOMIC	SINGLE	Clostridium beijerinckii DJ112
SRR16494033	SRX12697028	SRS10647032	SRP342230	PRJNA751903	Apilactobacillus kunkeei	7K4AA	OXFORD_NANOPORE	MinION	700301503.0	91012.0	WGS	GENOMIC	SINGLE	Genome sequencing of Apilactobacillus kunkeei 7K4AA
SRR9027954	SRX5805511	SRS4735094	SRP188851	PRJNA523365	Mycobacteroides abscessus	JHN_AB_0019_1	OXFORD_NANOPORE	GridION	1319031034.0	1493312.0	WGS	GENOMIC	SINGLE	Sequencing of non-tuberculosis mycobacteria
ERR2195665	ERX2251688	ERS1826210	ERP005928	PRJEB6403	Campylobacter jejuni subsp. jejuni	NCTC12109	PACBIO_SMRT	PacBio RS	821962978.0	163482.0	WGS	GENOMIC	SINGLE	PacBio RS sequencing
SRR27973035	SRX23626130	SRS20465502	SRP489819	PRJNA1076692	Klebsiella pneumoniae	RIVM_C051274_rerio	OXFORD_NANOPORE	MinION	350546339.0	88917.0	WGS	GENOMIC	SINGLE	RIVM_C051274_rerio
SRR30343009	SRX25801140	SRS22432615	SRP528120	PRJNA1150149	Escherichia coli	ST167	OXFORD_NANOPORE	MinION	542736694.0	66732.0	WGS	GENOMIC	SINGLE	ONT long-read sequencing of potential healthcare transmission pathogens
SRR29316704	SRX24833439	SRS21545271	SRP512379	PRJNA1121190	Vibrio cholerae	103Vc06	OXFORD_NANOPORE	PromethION	648366400.0	168634.0	WGS	GENOMIC	SINGLE	WGS of Vcholerae isolates
SRR21563419	SRX17565755	SRS11554236	SRP354045	PRJNA747871	Streptomyces albidoflavus	NBC_01331	OXFORD_NANOPORE	MinION	67230001.0	17482.0	WGS	GENOMIC	SINGLE	nanopore sequencing data from strain NBC_01331
SRR18700736	SRX14801703	SRS12559698	SRP369021	PRJNA696078	Kibdelosporangium banguiense	DSM 46670	PACBIO_SMRT	Sequel II	6850287763.0	1033768.0	WGS	GENOMIC	SINGLE	Kibdelosporangium banguiense DSM 46670
SRR932053	SRX320108	SRS456503	SRP022914	PRJNA203445	Listeria monocytogenes	N1-011A	PACBIO_SMRT	PacBio RS	119751382.0	81741.0	WGS	GENOMIC	SINGLE	Listeria monocytogenes Strain N1-011A
SRR7134919	SRX4055792	SRS3272742	SRP144998	PRJNA439560	Pseudomonas plecoglossicida	ZKA3	PACBIO_SMRT	PacBio RS II	393786039.0	94699.0	WGS	GENOMIC	SINGLE	Pseudomonas plecoglossicida ZKA3
ERR10497685	ERX10014974	ERS14254825	ERP142629	PRJEB57633	Escherichia coli		OXFORD_NANOPORE	GridION	121850048.0	18319.0	WGS	GENOMIC	SINGLE	Raw reads: ONT_30224_1#109
SRR13075232	SRX9522260	SRS7727976	SRP292906	PRJNA513871	Chryseobacterium sp. AHK477M2	AHK477M2	OXFORD_NANOPORE	MinION	92783176.0	13812.0	WGS	GENOMIC	SINGLE	
SRR9619724	SRX6382757	SRS5042354	SRP212549	PRJNA547239	Micromonospora sp. CNZ286	CNZ286	PACBIO_SMRT	Sequel	3997753252.0	2061126.0	WGS	GENOMIC	SINGLE	Micromonospora sp. CNZ286
SRR29816428	SRX25315663	SRS16968729	SRP426074	PRJNA941188	Bacillus subtilis	PRO64	OXFORD_NANOPORE	GridION	87878423.0	14338.0	WGS	GENOMIC	SINGLE	WGS of Bacillus subtilis: cell culture
SRR31626390	SRX26990683	SRS23456855	SRP549654	PRJNA1194628	Mycoplasmopsis bovis		OXFORD_NANOPORE	MinION	262115988.0	47185.0	WGS	GENOMIC	SINGLE	WGS of Mycoplasmopsis bovis from cattle lung tissue
SRR8739657	SRX5532421	SRS4498644	SRP051949	PRJNA271899	Klebsiella pneumoniae	UCI-CRE-217	OXFORD_NANOPORE	GridION	82234170.0	9679.0	WGS	GENOMIC	SINGLE	Sequencing of Carbapenem resistant bacteria
ERR8958862	ERX8503892	ERS10771022	ERP135763	PRJEB51164	Pseudomonas aeruginosa		OXFORD_NANOPORE	GridION	261812617.0	22859.0	WGS	GENOMIC	SINGLE	GridION sequencing; Raw reads: Pa01_r10.4_sup_dup
SRR31306745	SRX26684901	SRS22644116	SRP532462	PRJNA1160527	Escherichia coli	DA78742	OXFORD_NANOPORE	MinION	113716908.0	34198.0	WGS	GENOMIC	SINGLE	Whole genome sequencing of  HR TZP E. coli mutants
SRR16525357	SRX12728128	SRS10336649	SRP357537	PRJNA801416	Escherichia coli	E826	OXFORD_NANOPORE	GridION	781628576.0	150058.0	WGS	GENOMIC	SINGLE	Extensive diversification and dissemination of blaNDM carbapenemase plasmids in Enterobacterales in Singapore 2010-2015
ERR5353125	ERX5141160	ERS5752860	ERP126298	PRJEB42440	Escherichia coli		OXFORD_NANOPORE	GridION	238412973.0	42834.0	WGS	GENOMIC	SINGLE	GridION sequencing
DRR538135	DRX521954	DRS397769	DRP011824	PRJDB17661	Escherichia coli	f37	PACBIO_SMRT	Sequel	1019926724.0	56989.0	WGS	GENOMIC	SINGLE	Sequel single end sequencing of  SAMD00758985
SRR36919964	SRX31886263	SRS27841228	SRP665298	PRJNA1403646	Veillonella atypica	not applicable	OXFORD_NANOPORE	MinION	183136021.0	103579.0	WGS	GENOMIC	SINGLE	Long Reads for The Genomic Landscape of Head and Neck Cancer-associated Streptococci
ERR13600523	ERX12971546	ERS6631333	ERP109316	PRJEB27256	Klebsiella pneumoniae		OXFORD_NANOPORE	GridION	1705490886.0	104942.0	WGS	GENOMIC	SINGLE	GridION sequencing
SRR13893502	SRX10273512	SRS8406537	SRP309815	PRJNA686978	Escherichia coli	not collected	OXFORD_NANOPORE	MinION	8588502506.0	1055547.0	WGS	GENOMIC	SINGLE	nanopore sequencing of e coli: clinical isolate
ERR2025962	ERX1708417	ERS1354655	ERP017162	PRJEB15431	Escherichia coli		OXFORD_NANOPORE	MinION	1075395651.0	124714.0	WGS	GENOMIC	SINGLE	MinION sequencing
SRR19519900	SRX15572407	SRS13275267	SRP378127	PRJNA819273	Staphylococcus epidermidis	IVB6210	PACBIO_SMRT	Sequel II	3940553242.0	343637.0	WGS	GENOMIC	SINGLE	PacBio Sequel sequencing of camel Staphylococcaceae from the Horn of Africa
SRR10038547	SRX6773603	SRS5320728	SRP219718	PRJNA546641	Streptomyces sp. S2-02	S2-02	PACBIO_SMRT	Sequel	1985783655.0	474468.0	WGS	GENOMIC	SINGLE	Streptomyces sp. S2-02
SRR28434603	SRX24038502	SRS20831684	SRP497546	PRJNA1091452	Enterococcus faecium	EF33-PS	OXFORD_NANOPORE	MinION	408200078.0	85805.0	WGS	GENOMIC	SINGLE	ONT performance study sequencing of E.faecium
ERR10497807	ERX10015096	ERS14254748	ERP142629	PRJEB57633	Escherichia coli		OXFORD_NANOPORE	GridION	93372804.0	10974.0	WGS	GENOMIC	SINGLE	Raw reads: ONT_30224_1#264
ERR9669035	ERX9218260	ERS9873862	ERP134564	PRJEB50014	Streptococcus pneumoniae	12F-HUB-9544	OXFORD_NANOPORE	MinION	759878775.0	197769.0	WGS	GENOMIC	SINGLE	MinION sequencing
SRR29675662	SRX25179100	SRS20798072	SRP496639	PRJNA1090044	Staphylococcus aureus	TUM22723	OXFORD_NANOPORE	MinION	125971444.0	114291.0	WGS	GENOMIC	SINGLE	WGS using ONT of Staphylococcus aureus TUM22723
SRR29606802	SRX25112965	SRS21806676	SRP516495	PRJNA1126075	Lacticaseibacillus paracasei	LTH 2407	PACBIO_SMRT	Revio	1836154175.0	190010.0	WGS	GENOMIC	SINGLE	PacBio sequencing of Lacticaseibacillus paracasei LTH 2407
SRR34777720	SRX29911085	SRS26009978	SRP604596	PRJNA1298287	Microbacterium keratanolyticum	MMRG4	OXFORD_NANOPORE	MinION	846490769.0	201688.0	WGS	GENOMIC	SINGLE	WGS of antibiotic resistant rhizosphere isolates
SRR26322164	SRX22030242	SRS3020887	SRP133964	PRJNA437002	Bacillus subtilis	PS-15	OXFORD_NANOPORE	MinION	675079730.0	208230.0	WGS	GENOMIC	SINGLE	WGS B. subtilis PS-15
SRR3721644	SRX1879504	SRS1526587	SRP077261	PRJNA195768	Psychrobacter muriicola 2pS	2pS	PACBIO_SMRT	PacBio RS	310075204.0	143049.0	WGS	GENOMIC	SINGLE	Psychrobacter muriicola 2pS
SRR386457	SRX109883	SRS212335	SRP007231	PRJNA49881	Scardovia wiggsiae F0424	F0424	PACBIO_SMRT	PacBio RS	74807710.0	81741.0	WGS	GENOMIC	SINGLE	Whole Genome Sequencing and Assembly
ERR13802560	ERX13203312	ERS21186435	ERP164461	PRJEB80477	Enterobacter cloacae		OXFORD_NANOPORE	MinION	743115297.0	102416.0	WGS	GENOMIC	SINGLE	MinION sequencing
SRR5344358	SRX2641046	SRS2048570	SRP101913	PRJNA377666	Flavonifractor sp. An10	An10	OXFORD_NANOPORE	MinION	110439364.0	17314.0	WGS	GENOMIC	SINGLE	WGS ONT on Flavonifractor_plautii_An10
SRR32584303	SRX27890837	SRS24262164	SRP568071	PRJNA1231784	Mycobacterium	INH128ugmlmutant19	OXFORD_NANOPORE	GridION	359949333.0	54011.0	WGS	GENOMIC	SINGLE	Genome sequencing of Mycobacterium sp.
ERR14711345	ERX14112772	ERS23791414	ERP170064	PRJEB86764	Escherichia coli		OXFORD_NANOPORE	MinION	442425295.0	163730.0	WGS	GENOMIC	SINGLE	EXP-5-1-2025-03-10_15-51-09
SRR8178104	SRX4998201	SRS4033099	SRP040661	PRJNA231221	Staphylococcus aureus	FDAARGOS_504	PACBIO_SMRT	PacBio RS	939921364.0	163482.0	WGS	GENOMIC	SINGLE	
DRR128838	DRX121578	DRS063692	DRP004268	PRJDB6962	Klebsiella pneumoniae	GSU10-3	PACBIO_SMRT	Sequel	2348377698.0	303557.0	WGS	GENOMIC	SINGLE	Sequel sequencing of SAMD00116246
SRR22350286	SRX18321346	SRS15811635	SRP408773	PRJNA902268	Pasteurella multocida	PF6	OXFORD_NANOPORE	MinION	1870404264.0	120220.0	WGS	GENOMIC	SINGLE	genome sequencing of Pasteurella multocida
ERR597267	ERX554230	ERS462980	ERP005928	PRJEB6403	Yokenella regensburgei	NCTC12131	PACBIO_SMRT	PacBio RS	548542681.0	163482.0	WGS	GENOMIC	SINGLE	PacBio RS sequencing
SRR27145187	SRX22826928	SRS19807646	SRP476599	PRJNA1050169	Citroniella saccharovorans	DSM 29873	OXFORD_NANOPORE	MinION	40119298.0	3860.0	WGS	GENOMIC	SINGLE	Nanopore MinION of C. saccharovorans
SRR34580172	SRX29721764	SRS25829402	SRP601806	PRJNA1123745	Escherichia coli	72322051416_S37	OXFORD_NANOPORE	MinION	318114879.0	93939.0	WGS	GENOMIC	SINGLE	Nanopore long read sequencing for the fully closed genome for the sample
SRR18681637	SRX14782860	SRS12539564	SRP368114	PRJNA824420	Escherichia coli	GD03028_ECOL_HY_146	OXFORD_NANOPORE	MinION	622987109.0	69334.0	WGS	GENOMIC	SINGLE	Long-read sequencing of Escherichia coli: isolate #146 urine
SRR12298965	SRX8802248	SRS6792309	SRP266402	PRJNA605147	Escherichia coli	RHB13-C18	PACBIO_SMRT	PacBio RS II	702935612.0	92058.0	WGS	GENOMIC	SINGLE	PACBIO_SMRT sequencing of Escherichia coli isolate RH03|T1-C18 cultured from Pig faeces sample
ERR4074320	ERX4072656	ERS4532147	ERP121328	PRJEB37967	Escherichia coli		PACBIO_SMRT	PacBio RS II	158401271.0	24993.0	WGS	GENOMIC	SINGLE	PacBio RS II sequencing
ERR10498433	ERX10015722	ERS14255443	ERP142629	PRJEB57633	Escherichia coli		OXFORD_NANOPORE	GridION	312250241.0	111120.0	WGS	GENOMIC	SINGLE	Raw reads: ONT_30345_1#362
SRR31779820	SRX27141246	SRS23512779	SRP540652	PRJNA1173757	Candidatus Pelagibacter bacterium nBUS_07	nBUS_07	OXFORD_NANOPORE	MinION	393571644.0	86953.0	WGS	GENOMIC	SINGLE	ONT whole genome sequencing of Luminiphilus sp. nBUS_07
SRR11953238	SRX8471628	SRS6772248	SRP265969	PRJNA635276	Escherichia coli str. K-12 substr. MG1655	K-12	OXFORD_NANOPORE	MinION			WGS	GENOMIC	SINGLE	E. coli training set of CpG and GpC methylated DNA
SRR30188664	SRX25654211	SRS22297010	SRP458186	PRJNA1012291	Enterococcus	Enterococcus faecium	OXFORD_NANOPORE	MinION	1670341790.0	764765.0	WGS	GENOMIC	SINGLE	Nanopore sequencing data of VRE
SRR13182644	SRX9620527	SRS7822604	SRP040661	PRJNA231221	Staphylococcus aureus	FDAARGOS_1246	PACBIO_SMRT	Sequel	593149791.0	61877.0	WGS	GENOMIC	SINGLE	
SRR386267	SRX109854	SRS002809	SRP001771	PRJNA38519	Fusobacterium animalis 3_1_33	3_1_33	PACBIO_SMRT	PacBio RS	44622688.0	81741.0	WGS	GENOMIC	SINGLE	Whole Genome Sequencing and Assembly
SRR35513762	SRX30589602	SRS26618000	SRP620300	PRJNA1328464	Staphylococcus hominis	SHOMINIS	OXFORD_NANOPORE	GridION	2466879.0	4232.0	WGS	GENOMIC	SINGLE	Staphylococcus hominis, MMV kit, replicate 1, sequence replicate 1
SRR35850949	SRX30900305	SRS26900654	SRP636871	PRJNA1334387	Pseudovibrio exalbescens	ABL4_133	OXFORD_NANOPORE	GridION	3478937291.0	625666.0	WGS	GENOMIC	SINGLE	WGS of Pseudovibrio exalbescens: Marine biofilm
SRR28434707	SRX24038805	SRS20831720	SRP497546	PRJNA1091452	Klebsiella pneumoniae	KP06-PS	OXFORD_NANOPORE	MinION	950629196.0	135452.0	WGS	GENOMIC	SINGLE	ONT performance study sequencing of K. pneumoniae
SRR9221388	SRX5991998	SRS4897138	SRP191068	PRJNA528511	Escherichia coli	GTEN_189	OXFORD_NANOPORE	GridION	1452899185.0	314260.0	WGS	GENOMIC	SINGLE	Global TravEpiNet AMR surveillance Genome sequencing and assembly
SRR24363261	SRX20151629	SRS17479784	SRP435318	PRJNA962158	Bradyrhizobium elkanii	K02K-Be	PACBIO_SMRT	PacBio RS II	808569248.0	78901.0	WGS	GENOMIC	SINGLE	DNA-seq of B elkanii K02K:bacteria
SRR33053922	SRX28318996	SRS24657748	SRP577606	PRJNA1248674	Escherichia coli	ESBLEC457	OXFORD_NANOPORE	GridION	807005346.0	145528.0	WGS	GENOMIC	SINGLE	WGS of Escherichia coli
SRR12395252	SRX8893645	SRS7152667	SRP276100	PRJNA650381	Mycobacterium tuberculosis		OXFORD_NANOPORE	MinION	332116603.0	191280.0	WGS	GENOMIC	SINGLE	Nanopore TB WGS
SRR23347598	SRX19289435	SRS16690584	SRP421131	PRJNA931653	Escherichia coli K-12	K-12	OXFORD_NANOPORE	GridION	22542322.0	4000.0	WGS	GENOMIC	SINGLE	Nanopore sequencing of Ciprofloxacin challenged E. coli
SRR27958754	SRX23615217	SRS20455857	SRP489545	PRJNA1076228	Streptococcus pyogenes	MGAS38345	OXFORD_NANOPORE	GridION	500000920.0	96391.0	WGS	GENOMIC	SINGLE	Oxford Nanopore Technology WGS of GAS M1 clinical isolates
SRR32057879	SRX27406768	SRS23836862	SRP558617	PRJNA1199890	Cupriavidus necator	1978	OXFORD_NANOPORE	GridION	1127115081.0	141254.0	WGS	GENOMIC	SINGLE	Nanopore whole genome sequencing of Cupriavidus necator strain 1978: DSM 2625
SRR15376155	SRX11678654	SRS9710542	SRP331701	PRJNA666790	Escherichia coli O157:H7	Z1723	PACBIO_SMRT	PacBio RS II	3690842159.0	326964.0	WGS	GENOMIC	SINGLE	Genome sequencing of ZAP E. coli O157:H7 strains from Scotland
ERR10676164	ERX10143928	ERS14333263	ERP143248	PRJEB58185	Campylobacter coli		OXFORD_NANOPORE	MinION	354512984.0	588892.0	WGS	GENOMIC	PAIRED	MinION paired end sequencing
SRR4271514	SRX2179107	SRS1704337	SRP040661	PRJNA231221	Corynebacterium diphtheriae	FDAARGOS_197	PACBIO_SMRT	PacBio RS	1402014223.0	163482.0	WGS	GENOMIC	SINGLE	
ERR10854420	ERX10299187	ERS7358096	ERP109413	PRJEB27342	Klebsiella pneumoniae		PACBIO_SMRT	Sequel II	4609882078.0	877894.0	WGS	GENOMIC	SINGLE	Sequel II sequencing
SRR31599323	SRX26964360	SRS23434074	SRP549287	PRJNA1185485	Escherichia coli	259	OXFORD_NANOPORE	PromethION	545413396.0	298724.0	WGS	GENOMIC	SINGLE	manhole-barcode03
SRR21696303	SRX17693962	SRS11554544	SRP354045	PRJNA747871	Streptomyces uncialis	NBC_01365	OXFORD_NANOPORE	MinION	715546914.0	102794.0	WGS	GENOMIC	SINGLE	nanopore sequencing data from strain NBC_01365
ERR3226454	ERX3253843	ERS2176415	ERP011196	PRJEB10018	Klebsiella pneumoniae		PACBIO_SMRT	PacBio RS	817559580.0	163482.0	WGS	GENOMIC	SINGLE	PacBio RS sequencing
SRR14628278	SRX10968895	SRS8660116	SRP321015	PRJNA731114	Pseudomonas aeruginosa	PaLo4	OXFORD_NANOPORE	MinION	519211209.0	55203.0	WGS	GENOMIC	SINGLE	Nanopore sequencing of Pseudomonas aeruginosa isolates
SRR36284453	SRX31317848	SRS27217880	SRP649163	PRJNA1230056	Enterococcus faecium	VRE_04	OXFORD_NANOPORE	GridION	447259276.0	94910.0	WGS	GENOMIC	SINGLE	WGS of E. faecium
SRR34973196	SRX30092616	SRS26157650	SRP608514	PRJNA1305037	Citrobacter freundii	MI_KPC_84	OXFORD_NANOPORE	PromethION	445917586.0	73508.0	WGS	GENOMIC	SINGLE	KPC CRE collection from state of Michigan
SRR17190658	SRX13372480	SRS7993615	SRP301012	PRJNA690894	Streptococcus mitis	S022-V7-A3	OXFORD_NANOPORE	MinION	103470132.0	24227.0	WGS	GENOMIC	SINGLE	Streptococcus mitis whole genome sequencing
SRR35247542	SRX30350436	SRS26393537	SRP617242	PRJNA958264	Neobacillus niacini	V4I12	PACBIO_SMRT	Sequel IIe	671212165.0	82511.0	WGS	GENOMIC	SINGLE	Neobacillus niacini V4I12
ERR4762761	ERX4635827	ERS5247847	ERP124695	PRJEB40976	Enterococcus faecalis		OXFORD_NANOPORE	GridION	727175466.0	36282.0	WGS	GENOMIC	SINGLE	GridION sequencing; Raw reads: 27688_1#202
SRR29081063	SRX24605331	SRS21343007	SRP508604	PRJNA1113402	Mycobacterium tuberculosis	H-19-0019	OXFORD_NANOPORE	MinION	426716674.0	529444.0	WGS	GENOMIC	SINGLE	WGS of clinical Mycobacterium tuberculosis isolates from the Philippines
SRR24001270	SRX19804732	SRS17166615	SRP429910	PRJNA909850	human blood metagenome	-	OXFORD_NANOPORE	GridION	134440709.0	35043.0	WGS	GENOMIC	SINGLE	DNA isolation from K. pneumoniae using Circulomics
SRR19090382	SRX15160051	SRS12902436	SRP318216	PRJNA723764	Klebsiella pneumoniae	APCOLR218	OXFORD_NANOPORE	MinION	200534750.0	21746.0	WGS	GENOMIC	SINGLE	Oxa232 producing Klebsiella genome Sequencing
SRR23545854	SRX19433092	SRS16826828	SRP423167	PRJNA935284	Escherichia coli	HN280	PACBIO_SMRT	Sequel	843816484.0	142258.0	WGS	GENOMIC	SINGLE	Sequencing of EIEC O135 strain  HN280
SRR13817278	SRX10198001	SRS8036752	SRP276953	PRJNA605961	Salmonella enterica subsp. enterica serovar Typhimurium	ER3625 descendants	PACBIO_SMRT	Sequel	1119411673.0	359802.0	WGS	GENOMIC	SINGLE	SequelI_4strains_SMRT
ERR15880239	ERX15277192	ERS26933706	ERP180772	PRJEB98371	Listeria monocytogenes		OXFORD_NANOPORE	MinION	29044938.0	2043.0	WGS	GENOMIC	SINGLE	Raw reads: sample_077_nanopore_14
SRR25939899	SRX21658730	SRS18814346	SRP458791	PRJNA1013472	Aeromonas dhakensis	3007-3	OXFORD_NANOPORE	MinION	4522446.0	569.0	WGS	GENOMIC	SINGLE	Nanopore MinION sequencing of Aeromonas hydrophila isolated from Canadian food samples in 2018
SRR12389791	SRX8888313	SRS7147869	SRP275868	PRJNA632195	Pseudomonas sp. H1D6A	H1D6A	PACBIO_SMRT	PacBio RS II	3594019798.0	993887.0	WGS	GENOMIC	SINGLE	Pseudomonas sp. H1D6A
ERR1354173	ERX1425648	ERS1037096	ERP005928	PRJEB6403	Campylobacter jejuni	NCTC12850	PACBIO_SMRT	PacBio RS	2307755991.0	163482.0	WGS	GENOMIC	SINGLE	PacBio RS sequencing
SRR21629999	SRX17630696	SRS14987128	SRP354045	PRJNA747871	Rhodococcus sp. NBC_00297	NBC_00297	OXFORD_NANOPORE	MinION	386487857.0	41032.0	WGS	GENOMIC	SINGLE	nanopore sequencing data from strain NBC_00297
ERR5715376	ERX5430747	ERS6252503	ERP128331	PRJEB44297	Serratia symbiotica	Af2.3 (CWBI-2.3T)	PACBIO_SMRT	PacBio RS	166405586.0	27184.0	WGS	GENOMIC	SINGLE	PacBio RS sequencing
SRR5878928	SRX3046159	SRS2393376	SRP040661	PRJNA231221	Yersinia pseudotuberculosis	FDAARGOS_416	PACBIO_SMRT	PacBio RS	2587697841.0	163482.0	WGS	GENOMIC	SINGLE	
SRR19858331	SRX15901929	SRS13590478	SRP383692	PRJNA853172	Escherichia coli		OXFORD_NANOPORE	MinION	535135994.0	69803.0	WGS	GENOMIC	SINGLE	Long read sequencing of MDR E. coli from Laos
SRR33370080	SRX28613753	SRS18204523	SRP445695	PRJNA957587	Enterobacter cloacae subsp. cloacae	PEER 374	OXFORD_NANOPORE	MinION	1337982951.0	784153.0	WGS	GENOMIC	SINGLE	Enterobacter cloacae complex genome Sequencing
SRR30009081	SRX25488357	SRS22143864	SRP522510	PRJNA1140646	Escherichia coli K-12	K-12	OXFORD_NANOPORE	GridION	387698195.0	144192.0	WGS	GENOMIC	SINGLE	Oxford nanopore sequencing of Escherichia coli isolates
ERR3078032	ERX3138920	ERS3036286	ERP113349	PRJEB30861	Mycobacterium tuberculosis		OXFORD_NANOPORE	MinION	133059989.0	142031.0	WGS	GENOMIC	SINGLE	MinION sequencing
SRR10504870	SRX7193810	SRS5699787	SRP230845	PRJNA347121	Microbacterium immunditiarum	DSM 24662	PACBIO_SMRT	Sequel	1937227406.0	666664.0	WGS	GENOMIC	SINGLE	Microbacterium immunditiarum DSM 24662
ERR4763195	ERX4636248	ERS5247941	ERP124695	PRJEB40976	Enterococcus faecalis		OXFORD_NANOPORE	GridION	1234467560.0	58251.0	WGS	GENOMIC	SINGLE	GridION sequencing; Raw reads: 28157_4#381
SRR27379419	SRX23055632	SRS20015667	SRP480616	PRJNA1055176	Escherichia coli	Not available	OXFORD_NANOPORE	MinION	1350471319.0	191940.0	WGS	GENOMIC	SINGLE	Whole genome sequence of E. coli
ERR12670816	ERX12044948	ERS18299976	ERP149678	PRJEB64503	Haemophilus parainfluenzae ATCC 33392	HUB-HP14917	OXFORD_NANOPORE	MinION	218043830.0	42192.0	WGS	GENOMIC	SINGLE	MinION sequencing
SRR28409766	SRX24014216	SRS20809344	SRP448345	PRJNA988043	Rickettsia rickettsii	Cache Creek	PACBIO_SMRT	Sequel II	275434004.0	82662.0	WGS	GENOMIC	SINGLE	Whole genome sequencing of Rickettsia phillipi: Cache Creek strain
SRR23725215	SRX19585779	SRS16968655	SRP426074	PRJNA941188	Bacillus subtilis	DSM 10	OXFORD_NANOPORE	MinION	457048999.0	63587.0	WGS	GENOMIC	SINGLE	WGS of Bacillus subtilis: cell culture
SRR386370	SRX109870	SRS212334	SRP007230	PRJNA64831	Bacteroides finegoldii CL09T03C10	CL09T03C10	PACBIO_SMRT	PacBio RS	40107276.0	81741.0	WGS	GENOMIC	SINGLE	Whole Genome Sequencing and Assembly
SRR31515195	SRX26883006	SRS3694830	SRP018785	PRJNA186035	Salmonella enterica subsp. enterica serovar Newport	A-211 TTB	PACBIO_SMRT	Sequel	3228581987.0	230616.0	WGS	GENOMIC	SINGLE	Whole genome PacBio Sequel sequence of Salmonella enterica
ERR10488998	ERX10008309	ERS14235899	ERP142385	PRJEB57405	Streptococcus pneumoniae		OXFORD_NANOPORE	MinION	342103151.0	49422.0	WGS	GENOMIC	SINGLE	MinION sequencing
SRR1950243	SRX976556	SRS891667	SRP040661	PRJNA231221	Vibrio parahaemolyticus	FDAARGOS_53	PACBIO_SMRT	PacBio RS	646065319.0	163482.0	WGS	GENOMIC	SINGLE	
SRR19820516	SRX15864405	SRS13526132	SRP361569	PRJNA768416	Geobacillus sp. FSL K6-0789	FSL K6-0789	OXFORD_NANOPORE	MinION	825023811.0	175515.0	WGS	GENOMIC	SINGLE	WGS of Bacilli
SRR19858344	SRX15901916	SRS13590465	SRP383692	PRJNA853172	Escherichia coli		OXFORD_NANOPORE	MinION	255931792.0	144050.0	WGS	GENOMIC	SINGLE	Long read sequencing of MDR E. coli from Laos
SRR10198563	SRX6918724	SRS5449778	SRP051949	PRJNA271899	Klebsiella aerogenes	UCI_297	OXFORD_NANOPORE	GridION	208900829.0	39478.0	WGS	GENOMIC	SINGLE	Sequencing of Carbapenem resistant bacteria
SRR3723457	SRX1881018	SRS1527757	SRP077345	PRJNA218049	Exiguobacterium antarcticum DSM 14480	DSM 14480	PACBIO_SMRT	PacBio RS	260200999.0	103435.0	WGS	GENOMIC	SINGLE	Exiguobacterium antarcticum DSM 14480
ERR15424232	ERX14828176	ERS25261033	ERP176764	PRJEB93885	Escherichia coli		OXFORD_NANOPORE	PromethION	958378301.0	136449.0	WGS	GENOMIC	SINGLE	Raw reads: run0_pilot_96_ont_AHB27
SRR20083813	SRX16121486	SRS13783902	SRP385998	PRJNA857878	Klebsiella pneumoniae	F87	OXFORD_NANOPORE	MinION	930282186.0	338127.0	WGS	GENOMIC	SINGLE	F87
SRR13575463	SRX9973399	SRS8145954	SRP303741	PRJNA695586	Streptococcus pyogenes	M4C20	OXFORD_NANOPORE	MinION	3542366.0	4000.0	WGS	GENOMIC	SINGLE	Whole genome sequence of Streptococcus pyogenes strain M4C20
SRR13839234	SRX10217623	SRS8362225	SRP309021	PRJNA706182	Sinorhizobium meliloti	2011_3	PACBIO_SMRT	Sequel	1240507240.0	187904.0	WGS	GENOMIC	SINGLE	DNA methylation analysis: S. meliloti 2011
ERR2187905	ERX2244024	ERS1859693	ERP005928	PRJEB6403	Haemophilus influenzae	NCTC11873	PACBIO_SMRT	PacBio RS	491872258.0	163482.0	WGS	GENOMIC	SINGLE	PacBio RS sequencing
ERR10499665	ERX10016947	ERS14257034			Escherichia coli		OXFORD_NANOPORE	GridION	515357978.0	50972.0	WGS	GENOMIC	SINGLE	GridION sequencing; Raw reads: ONT_30821_1#141
SRR15441474	SRX11740884	SRS8025468	SRP301606	PRJNA627032	Escherichia coli O157:H7	FLT_2001A	PACBIO_SMRT	Sequel	578866661.0	43018.0	WGS	GENOMIC	SINGLE	PacBio reads for long term study
SRR12280375	SRX8784340	SRS7053085	SRP272861	PRJNA646575	Parabacteroides distasonis		OXFORD_NANOPORE	GridION	1619507094.0	161743.0	WGS	GENOMIC	SINGLE	WGS  of Bacteroides fragilis group clinical isolates
SRR36919959	SRX31886272	SRS27841237	SRP665298	PRJNA1403646	Staphylococcus epidermidis	not applicable	OXFORD_NANOPORE	MinION	489052758.0	222990.0	WGS	GENOMIC	SINGLE	Long Reads for The Genomic Landscape of Head and Neck Cancer-associated Streptococci
ERR10741418	ERX10190726	ERS14394698	ERP143791	PRJEB58724	Klebsiella pneumoniae		OXFORD_NANOPORE	MinION	81301876.0	10018.0	WGS	GENOMIC	SINGLE	NIHR Nanopore Sequencing
SRR21755518	SRX17750873	SRS15279124	SRP400265	PRJNA884375	Agrobacterium divergens	LMG 31532	OXFORD_NANOPORE	MinION	1100593065.0	96526.0	WGS	GENOMIC	SINGLE	Whole genome sequencing of Agrobacterium divergens LMG 31532 (R-72433)
SRR2817444	SRX1384002	SRS1134740	SRP040661	PRJNA231221	Vibrio harveyi	FDAARGOS_106	PACBIO_SMRT	PacBio RS	1130981223.0	163482.0	WGS	GENOMIC	SINGLE	
SRR24415346	SRX20203274	SRS17528637	SRP435682	PRJNA952914	Macrococcus psychrotolerans	CCM 8659	OXFORD_NANOPORE	MinION	76173735.0	14110.0	WGS	GENOMIC	SINGLE	Whole genome Nanopore sequence of Macrococcus sp. strain CCM 8659
SRR9722765	SRX6480444	SRS5130508	SRP215816	PRJNA470993	Staphylococcus aureus	pt258	PACBIO_SMRT	PacBio RS II	1563350009.0	211386.0	WGS	GENOMIC	SINGLE	WGS of Staphylococcus aureus
SRR22784963	SRX18744481	SRS16179699	SRP413484	PRJNA912639	Escherichia coli	EC_E4DI_1_E_CuP_CeP	OXFORD_NANOPORE	MinION	276484832.0	36029.0	WGS	GENOMIC	SINGLE	WGS of Escherichia coli
SRR18456399	SRX14589031	SRS12333597	SRP365083	PRJNA818268	Bacillus cereus	Van43R1	PACBIO_SMRT	Sequel II	7219678104.0	929832.0	WGS	GENOMIC	SINGLE	Bacillus cereus 03BB102 isolate Van43R1
SRR21362328	SRX17368125	SRS14917000	SRP361569	PRJNA768416	Paenibacillus sp. FSL L8-0709	FSL L8-0709	OXFORD_NANOPORE	MinION	467125702.0	62489.0	WGS	GENOMIC	SINGLE	WGS of Bacilli
SRR24510232	SRX20294729	SRS17620871	SRP437118	PRJNA957394	Bacillus toyonensis	SORGH_AS_0407	PACBIO_SMRT	Sequel IIe	614615348.0	88698.0	WGS	GENOMIC	SINGLE	Bacillus thuringiensis SORGH_AS 407
SRR36491324	SRX31512789	SRS27492411	SRP656131	PRJNA1387419	Bacillus cereus ATCC 14579	D514	OXFORD_NANOPORE	GridION	1178667323.0	180636.0	WGS	GENOMIC	SINGLE	WGS of Bacillus cereus Strain ATCC14615
SRR33417234	SRX28658196	SRS24926925	SRP582914	PRJNA992958	Salmonella enterica subsp. enterica	37154_06	OXFORD_NANOPORE	MinION	283105574.0	65456.0	WGS	GENOMIC	SINGLE	Nanopore DNA-Seq of Salmonella spp
SRR21629987	SRX17630709	SRS14987140	SRP354045	PRJNA747871	Micromonospora zamorensis	NBC_00317	OXFORD_NANOPORE	MinION	1732345259.0	234892.0	WGS	GENOMIC	SINGLE	nanopore sequencing data from strain NBC_00317
ERR1417242	ERX1488026	ERS1068195	ERP005928	PRJEB6403	Lactobacillus paragasseri	NCTC13720	PACBIO_SMRT	PacBio RS	2697678840.0	163482.0	WGS	GENOMIC	SINGLE	PacBio RS sequencing
SRR5902553	SRX3064146	SRS1832564	SRP094480	PRJNA279196	Bordetella pertussis	J030	PACBIO_SMRT	PacBio RS II	695236215.0	163482.0	WGS	GENOMIC	SINGLE	
SRR12047299	SRX8575883	SRS6867791	SRP040661	PRJNA231221	Proteus penneri	FDAARGOS_874	PACBIO_SMRT	PacBio RS	1314078493.0	163482.0	WGS	GENOMIC	SINGLE	
SRR10344655	SRX7054521	SRS5570461	SRP226949	PRJNA579486	Bartonella bacilliformis	KC584	PACBIO_SMRT	Sequel	165311302.0	37022.0	WGS	GENOMIC	SINGLE	Long-read sequencing of Bartonella bacilliformis KC584
SRR8691676	SRX5487526	SRS4460103	SRP187780	PRJNA525860	Acinetobacter baumannii	AB053	PACBIO_SMRT	PacBio RS II	1925806423.0	163482.0	WGS	GENOMIC	SINGLE	Genome assembly of AB053
SRR14859989	SRX11177796	SRS9235488	SRP324571	PRJNA734910	Streptococcus pneumoniae	S853	PACBIO_SMRT	Sequel	637021287.0	94517.0	WGS	GENOMIC	SINGLE	WGS of Streptococcus pneumoniae
ERR12328539	ERX11705343	ERS17177506	ERP155552	PRJEB70626	Mycobacterium tuberculosis		OXFORD_NANOPORE	MinION	32856388.0	10733.0	WGS	GENOMIC	SINGLE	MinION sequencing
SRR23347547	SRX19289486	SRS16690584	SRP421131	PRJNA931653	Escherichia coli K-12	K-12	OXFORD_NANOPORE	GridION	22853686.0	4000.0	WGS	GENOMIC	SINGLE	Nanopore sequencing of Ciprofloxacin challenged E. coli
SRR12247558	SRX8755609	SRS6976477	SRP266402	PRJNA605147	Escherichia coli		OXFORD_NANOPORE	GridION	545851404.0	81510.0	WGS	GENOMIC	SINGLE	Oxford Nanopore sequencing of Escherichia coli isolate RH10|T1-E1C04 cultured from cattle farm sediment sample
SRR21630161	SRX17630853	SRS14987580	SRP354045	PRJNA747871	Streptomyces canus	NBC_00135	OXFORD_NANOPORE	MinION	311769056.0	29188.0	WGS	GENOMIC	SINGLE	nanopore sequencing data from strain NBC_00135
SRR21696390	SRX17693875	SRS11554245	SRP354045	PRJNA747871	Streptomyces sp. NBC_01341	NBC_01341	OXFORD_NANOPORE	MinION	388767765.0	56857.0	WGS	GENOMIC	SINGLE	nanopore sequencing data from strain NBC_01341
ERR14734637	ERX14136009	ERS23810539	ERP170065	PRJEB86767	Enterobacter hormaechei		OXFORD_NANOPORE	MinION	165106485.0	43517.0	WGS	GENOMIC	SINGLE	EXP-16-1-2025-03-14_10-52-10
SRR24918220	SRX20679038	SRS17875766	SRP338930	PRJNA766641	Mycobacterium tuberculosis	IDR 2200061825	OXFORD_NANOPORE	MinION	71376052.0	65268.0	WGS	GENOMIC	SINGLE	MinION sequencing of TB isolates
ERR1681947	ERX1751564	ERS1211138	ERP005928	PRJEB6403	Legionella pneumophila	NCTC11985	PACBIO_SMRT	PacBio RS	1033169289.0	163482.0	WGS	GENOMIC	SINGLE	PacBio RS sequencing
SRR17082797	SRX13270985	SRS11191864	SRP348748	PRJNA784759	Rhodococcus qingshengii	VT6	OXFORD_NANOPORE	MinION	1659710595.0	166260.0	WGS	GENOMIC	SINGLE	Rhodococcus qingshengii VT6
SRR13684572	SRX10073910	SRS8233334	SRP305769	PRJNA701364	Pseudomonas atacamensis	SM1	OXFORD_NANOPORE	MinION	1219133367.0	259780.0	WGS	GENOMIC	SINGLE	Whole genome sequencing of Pseudomonas koreensis strain SM1
ERR16064618	ERX15454800	ERS28397753	ERP173262	PRJEB90249	Staphylococcus aureus		OXFORD_NANOPORE	GridION	177055490.0	61160.0	WGS	GENOMIC	SINGLE	GridION sequencing
ERR4763132	ERX4636185	ERS5247876	ERP124695	PRJEB40976	Enterococcus faecalis		OXFORD_NANOPORE	GridION	551236550.0	25561.0	WGS	GENOMIC	SINGLE	GridION sequencing; Raw reads: 28099_2#67
ERR10498738	ERX10016027	ERS14256161	ERP142629	PRJEB57633	Escherichia coli		OXFORD_NANOPORE	GridION	83707077.0	11823.0	WGS	GENOMIC	SINGLE	Raw reads: ONT_30602_1#33
SRR22121277	SRX18100970	SRS15603911	SRP405589	PRJNA895213	Segatella copri	Ind117-13	OXFORD_NANOPORE	GridION	989142072.0	293140.0	WGS	GENOMIC	SINGLE	WGS of Prevotella copri Ind117-13
SRR15989410	SRX12278129	SRS9998560	SRP357534	PRJNA801415	Klebsiella pneumoniae	14	OXFORD_NANOPORE	GridION	1363573927.0	84133.0	WGS	GENOMIC	SINGLE	Whole Genome Sequencing of Carbapenemase-producing Enterobacterales (CPE)
SRR32001237	SRX27354122	SRS23790966	SRP071657	PRJNA312217	Salmonella enterica	JWC-7305	OXFORD_NANOPORE	PromethION	672541713.0	187121.0	WGS	GENOMIC	SINGLE	Hybrid WGS of Salmonella enterica (Long reads)
SRR24072251	SRX19873381	SRS17228640	SRP430967	PRJNA386446	Roseomonas mucosa	AD1	PACBIO_SMRT	PacBio RS II	1103845177.0	163970.0	WGS	GENOMIC	SINGLE	De novo assembly of Roseomonas mucosa
DRR723771	DRX703792	DRS495852	DRP013760	PRJDB20694	Komagataeibacter kakiaceti JCM 25156	JCM 25156	PACBIO_SMRT	Revio	84897937.0	7122.0	WGS	GENOMIC	SINGLE	Revio sequencing of SAMD01611628
SRR27958769	SRX23615202	SRS20455849	SRP489545	PRJNA1076228	Streptococcus pyogenes	MGAS37807	OXFORD_NANOPORE	GridION	500002351.0	60674.0	WGS	GENOMIC	SINGLE	Oxford Nanopore Technology WGS of GAS M1 clinical isolates
ERR15094734	ERX14499336	ERS24813579	ERP119900	PRJEB36683	Klebsiella pneumoniae 11227-1		OXFORD_NANOPORE	PromethION	99174664.0	46415.0	WGS	GENOMIC	SINGLE	Raw reads: HKPB005_L
ERR10498736	ERX10016025	ERS14256175	ERP142629	PRJEB57633	Escherichia coli		OXFORD_NANOPORE	GridION	54542525.0	9699.0	WGS	GENOMIC	SINGLE	Raw reads: ONT_30602_1#345
DRR374799	DRX360700	DRS239699	DRP008531	PRJDB13504	Methylorubrum sp. GM97	GM97	PACBIO_SMRT	PacBio RS II	260353282.0	79456.0	WGS	GENOMIC	SINGLE	PacBio RS II sequencing of SAMD00469826
SRR10037521	SRX6772698	SRS5319984	SRP219398	PRJNA561565	Escherichia albertii	RM9974	PACBIO_SMRT	PacBio RS II	1632217036.0	163482.0	WGS	GENOMIC	SINGLE	Complete genome sequences of RM9974
ERR15602642	ERX15005866	ERS26882910	ERP180185	PRJEB97707	Escherichia coli		OXFORD_NANOPORE	MinION	283582711.0	52867.0	WGS	GENOMIC	SINGLE	MinION sequencing
SRR27352583	SRX23029185	SRS19991070	SRP480168	PRJNA1057299	Clostridioides difficile	cd221004_barcode28	OXFORD_NANOPORE	MinION	54865912.0	30699.0	WGS	GENOMIC	SINGLE	Clostridioides difficile strain cd221004_barcode28
SRR386024	SRX109795	SRS001120	SRP000361	PRJNA32935	Enterococcus casseliflavus EC20	899205	PACBIO_SMRT	PacBio RS	52796477.0	81741.0	WGS	GENOMIC	SINGLE	Whole Genome Sequencing and Assembly
SRR34973704	SRX30093139	SRS26157999	SRP608514	PRJNA1305037	Klebsiella michiganensis	MI_KPC_551	OXFORD_NANOPORE	PromethION	435540207.0	64145.0	WGS	GENOMIC	SINGLE	KPC CRE collection from state of Michigan
SRR4052364	SRX2041926	SRS710519	SRP047738	PRJNA210206	Methanosarcina soligelidi	SMA-21	PACBIO_SMRT	PacBio RS	178106606.0	59461.0	WGS	GENOMIC	SINGLE	Methanosarcina sp. SMA-21
SRR4381913	SRX2161604	SRS1689759	SRP040661	PRJNA231221	Streptococcus mutans	FDAARGOS_258	PACBIO_SMRT	PacBio RS	1080915269.0	163482.0	WGS	GENOMIC	SINGLE	
SRR35984706	SRX31033996	SRS27023984	SRP643337	PRJNA1339571	Rhizobium pisi	USDA 2166	PACBIO_SMRT	Sequel IIe	618223548.0	72380.0	WGS	GENOMIC	SINGLE	Rhizobium leguminosarum bv trifolii USDA 2166
SRR13181232	SRX9619278	SRS7821493	SRP040661	PRJNA231221	Corynebacterium glucuronolyticum	FDAARGOS_1191	PACBIO_SMRT	Sequel	2728612467.0	521756.0	WGS	GENOMIC	SINGLE	
SRR23044222	SRX18997742	SRS15976884	SRP411586	PRJNA907549	Escherichia coli	DETEC-P666	OXFORD_NANOPORE	MinION	530033758.0	15963.0	WGS	GENOMIC	SINGLE	DETEC-P666 long-read genome sequence
ERR10741475	ERX10190778	ERS14394750	ERP143791	PRJEB58724	Klebsiella pneumoniae		OXFORD_NANOPORE	MinION	1724022309.0	314685.0	WGS	GENOMIC	SINGLE	NIHR Nanopore Sequencing
ERR11749524	ERX11148856	ERS15539339	ERP147189	PRJEB62104	Escherichia coli		OXFORD_NANOPORE	MinION	54824913.0	14804.0	WGS	GENOMIC	SINGLE	MinION sequencing
SRR9020454	SRX5798527	SRS4729756	SRP188851	PRJNA523365	Mycobacterium avium complex sp.	JHN_AV_0052_1	OXFORD_NANOPORE	GridION	189531060.0	341875.0	WGS	GENOMIC	SINGLE	Sequencing of non-tuberculosis mycobacteria
ERR6504148	ERX6131063	ERS7421259	ERP131249	PRJEB47011	Escherichia coli		OXFORD_NANOPORE	MinION	1613931712.0	210173.0	WGS	GENOMIC	SINGLE	MinION sequencing; Raw reads: VNHN08_95
ERR4025935	ERX4027323	ERS3340482	ERP113355	PRJEB30866	Escherichia coli		PACBIO_SMRT	Sequel	3846551992.0	966979.0	WGS	GENOMIC	SINGLE	Sequel sequencing
SRR30342919	SRX25801230	SRS22432708	SRP528120	PRJNA1150149	Pseudomonas aeruginosa	ST360	OXFORD_NANOPORE	MinION	209974167.0	25775.0	WGS	GENOMIC	SINGLE	ONT long-read sequencing of potential healthcare transmission pathogens
SRR19184041	SRX15249127	SRS12981693	SRP375062	PRJNA837734	Listeria monocytogenes	22/1/1W	OXFORD_NANOPORE	MinION	322141885.0	85112.0	WGS	GENOMIC	SINGLE	Nanopore sequencing of Listeria monocytogenes
SRR10211235	SRX6931009	SRS5461304	SRP191068	PRJNA528511	Escherichia coli	GTEN_229	OXFORD_NANOPORE	GridION	1640820077.0	786358.0	WGS	GENOMIC	SINGLE	Global TravEpiNet AMR surveillance Genome sequencing and assembly
SRR31402552	SRX26771686	SRS21448465	SRP510300	PRJNA1114737	Bacteroides pyogenes	418	OXFORD_NANOPORE	MinION	423491046.0	34112.0	WGS	GENOMIC	SINGLE	nanopore reads for wgs of liver abscess isolate Bpyo 418
SRR34827275	SRX29959728	SRS26039973	SRP605729	PRJNA1299779	Brucella	Brucella abortus	OXFORD_NANOPORE	GridION	483184600.0	130379.0	WGS	GENOMIC	SINGLE	One Health Enteric sample from Brucella
SRR20281133	SRX16314686	SRS13953392	SRP386850	PRJNA859696	Conchiformibius kuhniae	17694, Type strain	OXFORD_NANOPORE	MinION	521837951.0	65075.0	WGS	GENOMIC	SINGLE	WGS of Conchiformibius kuhniae
ERR9364047	ERX8906296	ERS11202272	ERP136327	PRJEB51675	Vibrio cholerae O1 biovar El Tor	not provided	OXFORD_NANOPORE	MinION	1292396768.0	94491.0	WGS	GENOMIC	SINGLE	MinION sequencing
DRR466487	DRX450723	DRS305739	DRP010041	PRJDB15848	Escherichia coli	EC24	OXFORD_NANOPORE	MinION	2239032374.0	332174.0	WGS	GENOMIC	SINGLE	MinION sequencing of SAMD00607287
SRR32655879	SRX27959909	SRS24326290	SRP569671	PRJNA912210	Prochlorococcus sp. MIT 0703	MIT 0703	PACBIO_SMRT	Sequel	767433648.0	146108.0	WGS	GENOMIC	SINGLE	PacBio Subread data of Prochlorococcus sp. MIT 0703
SRR28096023	SRX23742271	SRS20569321	SRP491770	PRJNA1078842	Burkholderia pseudomallei	SiteA-10J	OXFORD_NANOPORE	MinION	59581893.0	9294.0	WGS	GENOMIC	SINGLE	WGS of Burkholderia pseudomallei isolate: environmental soil sample
SRR32972708	SRX28245848	SRS24593511	SRP576427	PRJNA1190511	Yersinia pestis	13001	PACBIO_SMRT	Sequel	989455240.0	84437.0	WGS	GENOMIC	SINGLE	WGS of Yersinia pestis: cultured strain 13001
SRR9162997	SRX5935935	SRS4849020	SRP199917	PRJNA545510	Serratia marcescens	WVU-007	OXFORD_NANOPORE	MinION	1199831571.0	97977.0	WGS	GENOMIC	SINGLE	DNA-Seq of Serratia marcescens WVU-007
SRR15342202	SRX11646431	SRS9679577	SRP331089	PRJNA561159	Agrobacterium tumefaciens	cl001	OXFORD_NANOPORE	GridION	1170013238.0	107883.0	WGS	GENOMIC	SINGLE	Nanopore reads of A. tumefaciens
ERR3775170	ERX3777117	ERS4202835	ERP119104	PRJEB35979	Microbacterium oxydans		OXFORD_NANOPORE	GridION	341126572.0	79720.0	WGS	GENOMIC	SINGLE	GridION sequencing
ERR14225671	ERX13625953	ERS18087464	ERP156237	PRJEB71438	Streptomyces griseomycini		OXFORD_NANOPORE	MinION			WGS	GENOMIC	SINGLE	MinION sequencing
ERR3685755	ERX3675359	ERS4047556	ERP114207	PRJEB31632	bacterium		OXFORD_NANOPORE	GridION	481078830.0	78632.0	WGS	GENOMIC	SINGLE	GridION sequencing
SRR15827960	SRX12119837	SRS10099918	SRP336307	PRJNA761884	Escherichia coli	X_55	PACBIO_SMRT	PacBio RS II	1279879441.0	163828.0	WGS	GENOMIC	SINGLE	WGS of Escherichia coli: sample C501
DRR264973	DRX254671	DRS169720	DRP006893	PRJDB11006	Thermus thermophilus	HB5008	OXFORD_NANOPORE	GridION	429869071.0	38287.0	WGS	GENOMIC	SINGLE	GridION sequencing of SAMD00269941
SRR21415798	SRX17420082	SRS14917001	SRP361569	PRJNA768416	Brevibacillus sp. FSL L8-0710	FSL L8-0710	OXFORD_NANOPORE	MinION	1649900356.0	355431.0	WGS	GENOMIC	SINGLE	WGS of Bacilli
ERR13354877	ERX12725809	ERS20228279	ERP160933	PRJEB76407	Mediterraneibacter gnavus		PACBIO_SMRT	Sequel IIe	287964188.0	29694.0	WGS	GENOMIC	SINGLE	Sequel IIe sequencing
SRR30200620	SRX25663762	SRS22306292	SRP525621	PRJNA1133913	Klebsiella pneumoniae	3039_kpn	OXFORD_NANOPORE	GridION	7053157227.0	537823.0	WGS	GENOMIC	SINGLE	ONT seq of kpn:urine
SRR35020101	SRX30136560	SRS26198285	SRP609562	PRJNA1305117	Castellaniella sp. WN	WN	PACBIO_SMRT	PacBio RS	887469030.0	64909.0	WGS	GENOMIC	PAIRED	Castellaniella sp. strain WN
SRR34793997	SRX29927307	SRS26025255	SRP605437	PRJNA1059746	Salmonella enterica subsp. enterica serovar Kentucky	FC1815	OXFORD_NANOPORE	MinION	210637371.0	100560.0	WGS	GENOMIC	SINGLE	Emergence of ceftriaxone resistant Salmonella Kentucky in India driven by multiple novel variants of Salmonella genomic island carrying blaCTX-M-55
SRR16525766	SRX12728233	SRS10336956	SRP357534	PRJNA801415	Escherichia coli	131	OXFORD_NANOPORE	GridION	1947063867.0	410977.0	WGS	GENOMIC	SINGLE	Extensive diversification and dissemination of blaNDM carbapenemase plasmids in Enterobacterales in Singapore 2010-2015
SRR36286177	SRX31319580	SRS27217884	SRP649163	PRJNA1230056	Enterococcus faecium	VRE_08	OXFORD_NANOPORE	GridION	407750110.0	148118.0	WGS	GENOMIC	SINGLE	WGS of E. faecium
SRR17231410	SRX13410521	SRS3020791	SRP133963	PRJNA436997	Mycobacterium tuberculosis	3334	PACBIO_SMRT	Sequel II	3359681986.0	478862.0	WGS	GENOMIC	SINGLE	DNA019_Rose
SRR14417043	SRX10768426	SRS8853614	SRP318401	PRJNA725420	Escherichia coli	GDAR2-2	PACBIO_SMRT	Sequel	3981698906.0	386985.0	WGS	GENOMIC	SINGLE	Pacbio reads of Escherichia coli GDAR2-2 strain
ERR13253049	ERX12623672	ERS20229434	ERP161024	PRJEB76496	Klebsiella pneumoniae	Zagreb033	OXFORD_NANOPORE	GridION	280212240.0	231111.0	WGS	GENOMIC	SINGLE	GridION sequencing
ERR14720779	ERX14122204	ERS23803702	ERP170064	PRJEB86764	Serratia marcescens		OXFORD_NANOPORE	MinION	682318287.0	183562.0	WGS	GENOMIC	SINGLE	EXP-1-1-2025-03-12_12-11-28
SRR13997408	SRX10374831	SRS8489470	SRP311200	PRJNA715259	Rhizobium sp. L51/94	L51/94	OXFORD_NANOPORE	MinION	170708449.0	25567.0	WGS	GENOMIC	SINGLE	Whole genome sequencing of Rhizobium sp. L51/94
SRR31038678	SRX26423973	SRS22943450	SRP539359	PRJNA1174726	Bacillus thuringiensis serovar tenebrionis	Bacillus thuringiensis serovar tenebrionis 4AA1	PACBIO_SMRT	Sequel IIe	211314285.0	35308.0	WGS	GENOMIC	SINGLE	Whole genome sequence of control evolved Btt isolate #7
SRR873896	SRX290933	SRS432035	SRP023895	PRJNA178407	Bordetella holmesii 70147	70147	PACBIO_SMRT	PacBio RS	256180862.0	81741.0	WGS	GENOMIC	SINGLE	
ERR13600322	ERX12971345	ERS17970310	ERP142123	PRJEB57159	Klebsiella pneumoniae		OXFORD_NANOPORE	GridION	330826412.0	27587.0	WGS	GENOMIC	SINGLE	GridION sequencing
SRR19816825	SRX15860507	SRS12115311	SRP361569	PRJNA768416	Bacillus sp. FSL R7-0177	FSL R7-0177	OXFORD_NANOPORE	MinION	491151394.0	243359.0	WGS	GENOMIC	SINGLE	WGS of Bacilli
SRR26314246	SRX22022543	SRS19095932	SRP464965	PRJNA1022518	Pseudomonas syringae pv. actinidiae	JZY2	PACBIO_SMRT	PacBio RS	3110495528.0	488852.0	WGS	GENOMIC	SINGLE	Genomic sequence data of Pseudomonas syringae pv. actinidiae str. JZY2
SRR11252163	SRX7862280	SRS6271171	SRP251869	PRJNA610035	Salmonella enterica subsp. enterica serovar Adjame	381330	OXFORD_NANOPORE	MinION	3047953059.0	626220.0	WGS	GENOMIC	SINGLE	MioION seq of Salmonella:Adjame serovar
SRR27972935	SRX23626230	SRS20466094	SRP489819	PRJNA1076692	Acinetobacter baumannii	RIVM_C051275_dorado	OXFORD_NANOPORE	MinION	151340911.0	49185.0	WGS	GENOMIC	SINGLE	RIVM_C051275_dorado
SRR31024198	SRX26411365	SRS22931319	SRP539092	PRJNA1174068	Vibrio cholerae	mHDM VC169	OXFORD_NANOPORE	PromethION	294039906.0	100173.0	WGS	GENOMIC	SINGLE	WGS of Vcholerae isolates
ERR879384	ERX958787	ERS659569	ERP005928	PRJEB6403	Salmonella enterica subsp. arizonae	NCTC7349	PACBIO_SMRT	PacBio RS	1260779664.0	163482.0	WGS	GENOMIC	SINGLE	PacBio RS sequencing
SRR31598840	SRX26963646	SRS23433358	SRP549287	PRJNA1185485	Escherichia coli	29	OXFORD_NANOPORE	PromethION	894937826.0	152677.0	WGS	GENOMIC	SINGLE	2ndManhole-barcode29
ERR15732358	ERX15137446	ERS27093509	ERP182414	PRJEB100987	Xanthomonas oryzae pv. oryzae	CIX3091	OXFORD_NANOPORE	MinION	290151726.0	31999.0	WGS	GENOMIC	SINGLE	OXFORD_NANOPORE MinION sequencing; CIX3091 WGS GENOMIC
SRR30342855	SRX25801294	SRS22432770	SRP528120	PRJNA1150149	Escherichia coli	158	OXFORD_NANOPORE	MinION	225888452.0	55027.0	WGS	GENOMIC	SINGLE	ONT long-read sequencing of potential healthcare transmission pathogens
SRR33769086	SRX28991682	SRS22456300	SRP444583	PRJNA962904	Escherichia coli		PACBIO_SMRT	Sequel II	685561736.0	35272.0	WGS	GENOMIC	SINGLE	PacBio sequencing of AH0518HE1 for ARCH 2
SRR31834165	SRX27194499	SRS22973774	SRP074197	PRJNA288601	Acinetobacter baumannii		OXFORD_NANOPORE	GridION	813149010.0	151997.0	WGS	GENOMIC	SINGLE	Nanopore sequencing of ARLN isolate
SRR19357556	SRX15416245	SRS12115298	SRP361569	PRJNA768416	Paenibacillus sp. FSL L8-0689	FSL L8-0689	OXFORD_NANOPORE	MinION	655715171.0	107060.0	WGS	GENOMIC	SINGLE	WGS of Bacilli
SRR29932263	SRX25426067	SRS22086506	SRP521720	PRJNA1130504	Staphylococcus chromogenes	pending	OXFORD_NANOPORE	GridION	112508952.0	12751.0	WGS	GENOMIC	SINGLE	WGS of Staphylococcus chromogenes: bovine quarter milk intramammary infection
SRR27972786	SRX23626379	SRS20465617	SRP489819	PRJNA1076692	Klebsiella pneumoniae	RIVM_C055437_rerio	OXFORD_NANOPORE	MinION	122087672.0	36491.0	WGS	GENOMIC	SINGLE	RIVM_C055437_rerio
SRR25741557	SRX21464947	SRS18699929	SRP456656	PRJNA983748	Staphylococcus aureus	ST7083	OXFORD_NANOPORE	GridION	202012966.0	38757.0	WGS	GENOMIC	SINGLE	WGS of S. aureus: Hock lesion
SRR33346826	SRX28591045	SRS24859005	SRP581397	PRJNA1255661	Agrobacterium sp.	O80/94	OXFORD_NANOPORE	PromethION	436297796.0	50988.0	WGS	GENOMIC	SINGLE	WGS of Agrobacterium O80/94
SRR1004231	SRX361076	SRS488063	SRP030622	PRJNA178996	Ehrlichia chaffeensis str. Wakulla	Wakulla	PACBIO_SMRT	PacBio RS	250499231.0	81741.0	WGS	GENOMIC	SINGLE	
SRR27336654	SRX23013510	SRS19864998	SRP478122	PRJNA1044843	Escherichia coli	ExPEC_A320	OXFORD_NANOPORE	MinION	954517536.0	35487.0	WGS	GENOMIC	SINGLE	High-quality long-reads of the genome from swine-derived extraintestinal pathogenic Escherichia coli
SRR14862589	SRX11180178	SRS9237747	SRP324476	PRJNA738868	Acinetobacter baumannii	DETAB-P43	OXFORD_NANOPORE	MinION	826030906.0	61589.0	WGS	GENOMIC	SINGLE	Nanopore WGS of A. baumannii DETAB-P43
SRR643239	SRX209659	SRS379417	SRP017524	PRJNA183628	Escherichia coli str. K-12 substr. MG1655	K-12 substr. MG1655	PACBIO_SMRT	PacBio RS	97633112.0	81741.0	WGS	GENOMIC	SINGLE	Native E. coli genome DNA sequenced by C2 chemistry
ERR10114943	ERX9652089	ERS12841964	ERP139464	PRJEB54630	Escherichia coli		OXFORD_NANOPORE	MinION	2263058884.0	307322.0	WGS	GENOMIC	SINGLE	MinION sequencing; Raw reads: 21041921-5_long_read
SRR33768484	SRX28990992	SRS22397393	SRP444583	PRJNA962904	Escherichia coli		PACBIO_SMRT	Sequel II	336818163.0	16769.0	WGS	GENOMIC	SINGLE	PacBio sequencing of A217014HE2 for ARCH 2
SRR12711932	SRX9190789	SRS7426798	SRP285370	PRJNA647647	Streptomyces mexicanus	Marseille-Q0842	OXFORD_NANOPORE	GridION	12313866.0	4000.0	WGS	GENOMIC	SINGLE	ONT of Streptomyces mexicanus : Marseille
SRR1980760	SRX998842	SRS912983	SRP057274	PRJNA281410	Helicobacter pylori J99	J99	PACBIO_SMRT	PacBio RS II	1016710492.0	163482.0	WGS	GENOMIC	SINGLE	Helicobacter pylori J99; 20,000 bp library (native DNA)
ERR2532119	ERX2550548	ERS2016155	ERP005928	PRJEB6403	Salmonella enterica subsp. enterica serovar Typhi		PACBIO_SMRT	PacBio RS	651487800.0	163482.0	WGS	GENOMIC	SINGLE	PacBio RS sequencing
SRR5825970	SRX3003770	SRS1832474	SRP094480	PRJNA279196	Bordetella pertussis	C571	PACBIO_SMRT	PacBio RS II	945654256.0	163482.0	WGS	GENOMIC	SINGLE	
SRR33093405	SRX28357288	SRS24686397	SRP571349	PRJNA1237838	Mycobacterium tuberculosis	Euro-American (Uganda 1)	OXFORD_NANOPORE	PromethION	1871005.0	186.0	WGS	GENOMIC	SINGLE	Pathogen: clinical or host-associated sample from Mycobacterium tuberculosis
SRR11048606	SRX7698626	SRS6123075	SRP247807	PRJNA347126	Streptomyces murinus	DSM 40710	PACBIO_SMRT	PacBio RS II	197379265.0	45855.0	WGS	GENOMIC	SINGLE	Streptomyces phaeogriseichromatogenes DSM 40710
SRR32157933	SRX27503366	SRS23924040	SRP560261	PRJNA1129067	Yersinia intermedia	NOV_UPS2	OXFORD_NANOPORE	MinION	175085204.0	85514.0	WGS	GENOMIC	SINGLE	NOV_UPS2
SRR33434788	SRX28675662	SRS23085183	SRP542766	PRJNA1181261	Salmonella enterica subsp. enterica serovar Dublin	NDSU-VDL-20	PACBIO_SMRT	Sequel IIe	902296429.0	57872.0	WGS	GENOMIC	SINGLE	PacBio WGS of Salmonella Dublin Strains
SRR32527851	SRX27839677	SRS24214004	SRP567071	PRJNA1230128	Salmonella enterica subsp. enterica serovar Enteritidis	22EPA058NSA_18	OXFORD_NANOPORE	MinION	535931582.0	331479.0	WGS	GENOMIC	SINGLE	nanopore sequence of Salmonella enterica
SRR32486210	SRX27799611	SRS15259379	SRP399759	PRJNA857539	Salmonella enterica subsp. enterica serovar Paratyphi A	AUSMDU00030826	OXFORD_NANOPORE	PromethION	359328957.0	87438.0	WGS	GENOMIC	SINGLE	WGS of Salmonella species from ONT reads
SRR901656	SRX306460	SRS445416	SRP026060	PRJNA203571	Mycobacteroides abscessus MAB_110811_1470	MAB_110811_1470	PACBIO_SMRT	PacBio RS	328820807.0	81741.0	WGS	GENOMIC	SINGLE	
SRR19787751	SRX15831600	SRS13522691	SRP383167	PRJNA851853	Salmonella enterica	2011K-1845_ONT_30X	OXFORD_NANOPORE	GridION	141201813.0	27766.0	WGS	GENOMIC	SINGLE	WGS of Salmonella enterica serovar Enteritidis
SRR4235446	SRX2156745	SRS1686706	SRP088720	PRJNA323002	Streptomyces sp. Ag109_O5-10	Ag109_O5-10	PACBIO_SMRT	PacBio RS	86394996.0	22808.0	WGS	GENOMIC	SINGLE	Streptomyces sp Ag109_O5-10
SRR10523787	SRX7208271	SRS5709765	SRP231881	PRJNA556438	Salmonella enterica subsp. enterica serovar Saintpaul	AUSMDU00010531	OXFORD_NANOPORE	GridION	2779398441.0	313617.0	WGS	GENOMIC	SINGLE	WGS of AUSMDU00010531: Illumina
SRR13380299	SRX9803271	SRS7987555	SRP300808	PRJNA649533	Salmonella enterica		OXFORD_NANOPORE	GridION	160840621.0	17948.0	WGS	GENOMIC	SINGLE	ISF salmonella
SRR18117839	SRX14268395	SRS12087426	SRP361201	PRJNA809755	Pseudomonas aeruginosa	not collected	OXFORD_NANOPORE	GridION	787394254.0	124408.0	WGS	GENOMIC	SINGLE	P.aeruginosa CFN_9784
SRR14871216	SRX11188602	SRS9244903	SRP324862	PRJNA736470	Streptococcus equi subsp. equi	SEE_18-065	PACBIO_SMRT	Sequel	1579779970.0	290639.0	WGS	GENOMIC	SINGLE	PacBio whole genome sequencing of Streptococcu equi
SRR29819988	SRX25318963	SRS21988573	SRP519730	PRJNA1135485	Salmonella		OXFORD_NANOPORE	MinION	806997960.0	134322.0	WGS	GENOMIC	SINGLE	WGS Salmonella isolates from cattle
SRR18729606	SRX14830123	SRS12585888	SRP369762	PRJNA825705	Klebsiella pneumoniae	ST-258	OXFORD_NANOPORE	MinION	497459941.0	63317.0	WGS	GENOMIC	SINGLE	ONT sequencing of Klebsiella pneumoniae: sample KLPN-647
SRR36797803	SRX31784545	SRS27747246	SRP661661	PRJNA1389824	Enterobacter ludwigii		OXFORD_NANOPORE	MinION	151274241.0	62620.0	WGS	GENOMIC	SINGLE	evolved microcosm clones
SRR21999522	SRX17981976	SRS13136191	SRP376525	PRJNA837052	Bacillus velezensis	H208	OXFORD_NANOPORE	PromethION	1608662040.0	318506.0	WGS	GENOMIC	SINGLE	Bacillus velezensis H208
ERR13600505	ERX12971528	ERS6631208	ERP109316	PRJEB27256	Klebsiella pneumoniae		OXFORD_NANOPORE	GridION	613672709.0	37078.0	WGS	GENOMIC	SINGLE	GridION sequencing
SRR497967	SRX148632	SRS281882	SRP013241	PRJNA73829	Vibrio cholerae		PACBIO_SMRT	PacBio RS	99444506.0	81741.0	WGS	GENOMIC	SINGLE	Whole Genome Sequencing of Haitian Vibrio cholerae isolate H1 (C2 Long subread)
SRR9176581	SRX5949247	SRS4860279	SRP040661	PRJNA231221	Capnocytophaga sp. FDAARGOS_737	FDAARGOS_737	PACBIO_SMRT	PacBio RS	294759594.0	163482.0	WGS	GENOMIC	SINGLE	
SRR30149449	SRX25617184	SRS21937410	SRP518730	PRJNA1133668	Enterobacter hormaechei	ST171EH35	OXFORD_NANOPORE	MinION	247175113.0	18072.0	WGS	GENOMIC	SINGLE	Nanopore sequencing of clinical CRE isolates: human
SRR30949474	SRX26352010	SRS22817339	SRP536567	PRJNA1165464	Escherichia coli	Not applicable	OXFORD_NANOPORE	MinION	226149565.0	62764.0	WGS	GENOMIC	SINGLE	Nanopore sequencing of E.coli: blood isolate
SRR21415795	SRX17420085	SRS13526001	SRP361569	PRJNA768416	Paenibacillus sp. FSL M8-0142	FSL M8-0142	OXFORD_NANOPORE	MinION	1078833503.0	395734.0	WGS	GENOMIC	SINGLE	WGS of Bacilli
ERR2246660	ERX2298683	ERS1883834	ERP005928	PRJEB6403	Burkholderia gladioli	NCTC12378	PACBIO_SMRT	PacBio RS	2557398321.0	163482.0	WGS	GENOMIC	SINGLE	PacBio RS sequencing
SRR32194369	SRX27536013	SRS23952508	SRP560996	PRJNA1218017	Bacteroides thetaiotaomicron	vpi-5482	OXFORD_NANOPORE	MinION	256852096.0	49103.0	WGS	GENOMIC	SINGLE	WGS of Bacteroides thetatiotaomicron from monocolonized mice
ERR7979891	ERX7546038	ERS5422470	ERP017350	PRJEB15537	Streptococcus pneumoniae		PACBIO_SMRT	Sequel II	12466118374.0	1859394.0	WGS	GENOMIC	SINGLE	Sequel II sequencing
ERR3685948	ERX3675552	ERS4047749	ERP114207	PRJEB31632	bacterium		OXFORD_NANOPORE	GridION	602193244.0	102021.0	WGS	GENOMIC	SINGLE	GridION sequencing
SRR35212950	SRX30316767	SRS26363764	SRP615926	PRJNA708493	Bradyrhizobium japonicum	USDA 3	PACBIO_SMRT	Sequel II	166352292.0	15373.0	WGS	GENOMIC	SINGLE	Bradyrhizobium japonicum USDA 3
ERR10498187	ERX10015476	ERS14254544	ERP142629	PRJEB57633	Escherichia coli		OXFORD_NANOPORE	GridION	78221722.0	10689.0	WGS	GENOMIC	SINGLE	Raw reads: ONT_30821_1#187
DRR424374	DRX409580	DRS205731	DRP007744	PRJDB12343	Escherichia coli	MyNCGM436_1	OXFORD_NANOPORE	MinION	253831990.0	16336.0	WGS	GENOMIC	SINGLE	MinION sequencing of SAMD00406303
SRR17873547	SRX14032921	SRS11868078	SRP358106	PRJNA800461	Enterocloster sp. OA13	OA13	PACBIO_SMRT	Sequel	3529980529.0	611541.0	WGS	GENOMIC	SINGLE	DNA Seq of Enterocloster sp000155435 OA13
SRR28811937	SRX24375216	SRS21131872	SRP504151	PRJNA1104797	Xanthomonas campestris pv. raphani	bglFP 6793	OXFORD_NANOPORE	PromethION	161717688.0	9261.0	WGS	GENOMIC	SINGLE	Genome sequencing of Xanthomonas campestris pv. raphani: strain bglFP 6793
SRR36093127	SRX31138592	SRS27124366	SRP151512	PRJNA478278	Salmonella enterica	R25.0285	OXFORD_NANOPORE	MinION	381339372.0	101855.0	WGS	GENOMIC	SINGLE	WGS of Salmonella enterica
SRR32364689	SRX27699457	SRS21122445	SRP444583	PRJNA962904	Klebsiella pneumoniae		PACBIO_SMRT	Sequel II	97610609.0	4843.0	WGS	GENOMIC	SINGLE	PacBio sequencing of AS26742E1 for ARCH 1.0
SRR31599106	SRX26963978	SRS23433690	SRP549287	PRJNA1185485	Escherichia coli	50	OXFORD_NANOPORE	PromethION	379185669.0	107638.0	WGS	GENOMIC	SINGLE	2ndManhole-barcode51
SRR24139900	SRX19938505	SRS17287213	SRP247747	PRJNA604975	Escherichia coli	ox_bsi_587	OXFORD_NANOPORE	GridION	187854679.0	59431.0	WGS	GENOMIC	SINGLE	oxford_bsi
SRR386702	SRX109847	SRS004883	SRP001079	PRJNA40077	Cereibacter sphaeroides 2.4.1	2.4.1	PACBIO_SMRT	PacBio RS	98489165.0	60961.0	WGS	GENOMIC	SINGLE	Whole Genome Sequencing and Assembly
SRR12280661	SRX8784462	SRS7053161	SRP272861	PRJNA646575	Bacteroides thetaiotaomicron		OXFORD_NANOPORE	GridION	1048613895.0	91593.0	WGS	GENOMIC	SINGLE	WGS  of Bacteroides fragilis group clinical isolates
SRR10211201	SRX6931043	SRS5461338	SRP191068	PRJNA528511	Escherichia coli	GTEN_375	OXFORD_NANOPORE	GridION	1410201494.0	389944.0	WGS	GENOMIC	SINGLE	Global TravEpiNet AMR surveillance Genome sequencing and assembly
SRR22752088	SRX18713121	SRS10214018	SRP413264	PRJNA878811	Citrobacter freundii	2021CK-01310	OXFORD_NANOPORE	GridION	1207435003.0	114679.0	WGS	GENOMIC	SINGLE	Nanopore sequencing of ARLN isolate
SRR16962388	SRX13153894	SRS11085872	SRP346490	PRJNA779451	Pseudomonas donghuensis	B21-043	PACBIO_SMRT	Sequel	1321390012.0	241539.0	WGS	GENOMIC	SINGLE	B21-043 PacBio sequencing reads
ERR10499033	ERX10016322	ERS14255541	ERP142629	PRJEB57633	Escherichia coli		OXFORD_NANOPORE	GridION	68999448.0	9721.0	WGS	GENOMIC	SINGLE	Raw reads: ONT_30821_1#304
SRR2863235	SRX1399374	SRS1024447	SRP062077	PRJNA238930	Burkholderia mallei	2002734306	PACBIO_SMRT	PacBio RS II	1650383645.0	438777.0	WGS	GENOMIC	SINGLE	BML_PacBio
ERR10452948	ERX9976403	ERS6794038	ERP109413	PRJEB27342	Klebsiella pneumoniae		PACBIO_SMRT	Sequel II	396842169.0	54243.0	WGS	GENOMIC	SINGLE	Sequel II sequencing
ERR3181768	ERX3209619	ERS3147557	ERP107863	PRJEB25895	Escherichia coli		PACBIO_SMRT	PacBio RS	852102058.0	163482.0	WGS	GENOMIC	SINGLE	PacBio RS sequencing
SRR26135309	SRX21848671	SRS18945929	SRP462494	PRJNA1019784	Shigella sonnei	3.6.1.1.2	OXFORD_NANOPORE	GridION	258391596.0	147710.0	WGS	GENOMIC	SINGLE	WGS of Shigella in Vancouver, 2021-23
SRR24139825	SRX19938712	SRS17287421	SRP247747	PRJNA604975	Escherichia coli	ox_bsi_362	OXFORD_NANOPORE	GridION	270587813.0	224026.0	WGS	GENOMIC	SINGLE	oxford_bsi
ERR14721380	ERX14122805	ERS23791478	ERP170136	PRJEB86838	pig metagenome		OXFORD_NANOPORE	GridION	2535932084.0	1365858.0	WGS	GENOMIC	SINGLE	Raw reads: DTU_2024_1037151_105_MG_G1_Grid_eight_rep3
SRR22784600	SRX18744278	SRS16179593	SRP413484	PRJNA912639	Escherichia coli	EC_E13FP_1_E_CuN_CeN	OXFORD_NANOPORE	MinION	474574359.0	56432.0	WGS	GENOMIC	SINGLE	WGS of Escherichia coli
SRR28875594	SRX24435065	SRS21189455	SRP505374	PRJNA1107212	Ochrobactrum sp. WV_118_8	WV_118_8	PACBIO_SMRT	Sequel IIe	1616047530.0	143102.0	WGS	GENOMIC	SINGLE	Genome sequence of Ochrobactrum anthropi strain WV_118_8
SRR33871349	SRX29083471	SRS25295746	SRP543029	PRJNA1180603	Priestia megaterium	W5	OXFORD_NANOPORE	MinION	6368438252.0	1501294.0	WGS	GENOMIC	SINGLE	Whole genome sequencing of hyphosphere isolate W5
SRR34500480	SRX29644306	SRS1278912	SRP069749	PRJNA310138	Rhizobium leguminosarum	KDH_Rht_16_N	PACBIO_SMRT	Revio	215574563.0	20614.0	WGS	GENOMIC	SINGLE	Rhizobium leguminosarum long reads
SRR31598857	SRX26963629	SRS23433340	SRP549287	PRJNA1185485	Escherichia coli	193	OXFORD_NANOPORE	PromethION	1041166276.0	166717.0	WGS	GENOMIC	SINGLE	Kleb-3R-barcode15
ERR10676266	ERX10144030	ERS14333365	ERP143248	PRJEB58185	Campylobacter coli		OXFORD_NANOPORE	MinION	205030364.0	340582.0	WGS	GENOMIC	PAIRED	MinION paired end sequencing
SRR28466948	SRX24069892	SRS20860424	SRP498025	PRJNA616030	Vibrio cholerae	MWI/2018/34	OXFORD_NANOPORE	MinION	2194558030.0	270871.0	WGS	GENOMIC	SINGLE	Oxford Nanopore sequencing of Vibrio cholerae
SRR15989402	SRX12278137	SRS9998774	SRP357537	PRJNA801416	Enterobacter cloacae	E596	OXFORD_NANOPORE	GridION	832230498.0	93013.0	WGS	GENOMIC	SINGLE	Whole Genome Sequencing of Carbapenemase-producing Enterobacterales (CPE)
ERR14747187	ERX14148463	ERS23812122	ERP170065	PRJEB86767	Klebsiella pneumoniae		OXFORD_NANOPORE	MinION	340903196.0	89507.0	WGS	GENOMIC	SINGLE	EXP-27-1-2025-03-14_13-52-41
ERR3517261	ERX3536934	ERS3739717	ERP117164	PRJEB34285	Klebsiella pneumoniae		OXFORD_NANOPORE	MinION	1484558148.0	126963.0	WGS	GENOMIC	SINGLE	MinION sequencing; Raw reads: Kpneumoniae_p53_OXA-plasmid_MinION
SRR31599274	SRX26964409	SRS23434122	SRP549287	PRJNA1185485	Escherichia coli	375	OXFORD_NANOPORE	PromethION	205461208.0	41724.0	WGS	GENOMIC	SINGLE	pig-inf-barcode08
ERR15424210	ERX14828154	ERS25261015	ERP176764	PRJEB93885	Escherichia coli		OXFORD_NANOPORE	PromethION	1025236258.0	159408.0	WGS	GENOMIC	SINGLE	Raw reads: run0_pilot_96_ont_AHB10
SRR10521263	SRX7206021	SRS5710705	SRP232227	PRJNA562727	Klebsiella pneumoniae		OXFORD_NANOPORE	MinION	1664816250.0	387780.0	WGS	GENOMIC	SINGLE	minION seq of KP_E1_L3_01.19
SRR5395285	SRX2690170	SRS2087364	SRP040661	PRJNA231221	Proteus mirabilis	FDAARGOS_284	PACBIO_SMRT	PacBio RS	3957888395.0	163482.0	WGS	GENOMIC	SINGLE	
DRR393801	DRX379620	DRS297134	DRP007849	PRJDB10842	Enterobacter hormaechei subsp. steigerwaltii	JBEAACG-19-0081	OXFORD_NANOPORE	GridION	1566502893.0	270503.0	WGS	GENOMIC	SINGLE	GridION sequencing of SAMD00502026
SRR32184236	SRX27529338	SRS16968655	SRP426074	PRJNA941188	Bacillus subtilis	DSM 10	OXFORD_NANOPORE	GridION	989178141.0	164524.0	WGS	GENOMIC	SINGLE	WGS of Bacillus subtilis: cell culture
SRR14871172	SRX11188646	SRS9244947	SRP324862	PRJNA736470	Streptococcus equi subsp. zooepidemicus	SEZ_14-145	PACBIO_SMRT	Sequel	1896460842.0	214896.0	WGS	GENOMIC	SINGLE	PacBio whole genome sequencing of Streptococcu equi
SRR10747140	SRX7422545	SRS5868830	SRP238381	PRJNA595894	Neisseria gonorrhoeae	246/10	PACBIO_SMRT	Sequel	185458996.0	226710.0	WGS	GENOMIC	SINGLE	Whole genome sequencing of Neisseria gonorrhoeae WHO reference genomes as well as clinical isolates displaying resistance to antimicrobials
DRR725173	DRX705194	DRS496385	DRP013789	PRJDB35970	Flavobacterium psychrophilum	KKI-2306	OXFORD_NANOPORE	MinION	336218172.0	93483.0	WGS	GENOMIC	SINGLE	MinION sequencing of SAMD01614998
SRR17486879	SRX13657102	SRS3028960	SRP134168	PRJNA437292	Streptococcus pneumoniae	BR1268	OXFORD_NANOPORE	MinION	110003733.0	11251.0	WGS	GENOMIC	SINGLE	Long reads of nine Streptococcus pneumoniae Serotype 3 CC180 Strains
SRR12395299	SRX8893598	SRS7152620	SRP276100	PRJNA650381	Mycobacterium tuberculosis		OXFORD_NANOPORE	MinION	589775537.0	311757.0	WGS	GENOMIC	SINGLE	Nanopore TB WGS
SRR30949843	SRX26352245	SRS22817234	SRP536567	PRJNA1165464	Escherichia coli	Not applicable	OXFORD_NANOPORE	MinION	242118561.0	79576.0	WGS	GENOMIC	SINGLE	Nanopore sequencing of E.coli: blood isolate
SRR30868134	SRX26265681	SRS20686619	SRP250705	PRJNA607328	Komagataella pastoris	FEB544	OXFORD_NANOPORE	MinION	3331477713.0	590759.0	WGS	GENOMIC	SINGLE	Pichia pastoris FELIX_MS41 Nanopore reads
SRR16775468	SRX12974689	SRS10915524	SRP215816	PRJNA470993	Staphylococcus aureus		PACBIO_SMRT	PacBio RS II	1370862571.0	174056.0	WGS	GENOMIC	SINGLE	WGS of Staphylococcus aureus
DRR286071	DRX275528	DRS179200	DRP007147	PRJDB11476	Acinetobacter bouvetii	JCM 18991	OXFORD_NANOPORE	MinION	209959558.0	30820.0	WGS	GENOMIC	SINGLE	MinION sequencing of SAMD00294604
SRR30149304	SRX25617329	SRS21937631	SRP518730	PRJNA1133668	Klebsiella pneumoniae	ST258KP59	OXFORD_NANOPORE	MinION	877811402.0	124257.0	WGS	GENOMIC	SINGLE	Nanopore sequencing of clinical CRE isolates: human
ERR597264	ERX554227	ERS462976	ERP005928	PRJEB6403	Escherichia coli	NCTC11126	PACBIO_SMRT	PacBio RS	673385102.0	163482.0	WGS	GENOMIC	SINGLE	PacBio RS sequencing
SRR30718030	SRX26121201	SRS22683662	SRP533480	PRJNA922334	Shewanella gelidii	HQB-162	OXFORD_NANOPORE	PromethION	1443492049.0	137427.0	WGS	GENOMIC	SINGLE	The reads of HQB-162
SRR29816247	SRX25315462	SRS21985220	SRP519641	PRJNA1135336	Enterococcus faecium		OXFORD_NANOPORE	GridION	763816366.0	164988.0	WGS	GENOMIC	SINGLE	Whole genome sequencing of VRE
SRR33086149	SRX28350341	SRS24679784	SRP577906	PRJNA1248189	Enterobacter hormaechei	170506	PACBIO_SMRT	Sequel IIe	306634583.0	39705.0	WGS	GENOMIC	SINGLE	Pacbio of ECC:Human
SRR33768706	SRX28991372	SRS22456109	SRP444583	PRJNA962904	Klebsiella pneumoniae		PACBIO_SMRT	Sequel II	370285416.0	16479.0	WGS	GENOMIC	SINGLE	PacBio sequencing of AH0674HE2 for ARCH 2
SRR12247671	SRX8755496	SRS6976364	SRP266402	PRJNA605147	Citrobacter freundii		OXFORD_NANOPORE	GridION	676967631.0	130009.0	WGS	GENOMIC	SINGLE	Oxford Nanopore sequencing of Citrobacter freundii isolate RH17|T1-SOC07 cultured from poultry farm soil sample
SRR6963101	SRX3905349	SRS3141664	SRP138928	PRJNA444091	Streptomyces sp. 3212.2	3212.2	PACBIO_SMRT	PacBio RS II	339784612.0	71627.0	WGS	GENOMIC	SINGLE	Streptomyces sp. 3212.2
SRR7896263	SRX4733699	SRS3815837	SRP155537	PRJNA287560	Escherichia coli O26:H11	FWSEC0001	OXFORD_NANOPORE	MinION	1649223249.0	281964.0	WGS	GENOMIC	SINGLE	FWSconsortium, WGS of E. coli: Solid - Stool; Clinical; Human (Homo sapiens)
SRR8608876	SRX5408265	SRS4392352	SRP186593	PRJNA523610	Yersinia pestis	S1037	OXFORD_NANOPORE	MinION	387956030.0	93056.0	WGS	GENOMIC	SINGLE	Silica Membrane Qiagen Replicate1
DRR572427	DRX555894	DRS426388	DRP012251	PRJDB17574	Escherichia coli	YK-IS1MA-L06-1_G08	OXFORD_NANOPORE	MinION	277130.0	494.0	WGS	GENOMIC	SINGLE	nanopore-seq of SAMD00748205 L06-1_G8
SRR9048020	SRX5824442	SRS4752497	SRP051949	PRJNA271899	Klebsiella pneumoniae	MGH342B	OXFORD_NANOPORE	GridION	1385244811.0	239585.0	WGS	GENOMIC	SINGLE	Sequencing of Carbapenem resistant bacteria
DRR097314	DRX090810	DRS100147	DRP005160	PRJDB5843	Helicobacter pylori	OK307	PACBIO_SMRT	PacBio RS II	755529310.0	163482.0	WGS	GENOMIC	SINGLE	PacBio RS II sequencing of SAMD00084450
ERR4762774	ERX4635840	ERS5247846	ERP124695	PRJEB40976	Enterococcus faecalis		OXFORD_NANOPORE	GridION	666564420.0	36762.0	WGS	GENOMIC	SINGLE	GridION sequencing; Raw reads: 27688_1#230
SRR32204102	SRX27545709	SRS23960614	SRP561120	PRJNA1214876	Ekhidna algicida	To15	OXFORD_NANOPORE	MinION	30105770.0	4000.0	WGS	GENOMIC	SINGLE	Ekhidna algicida strain To15 genome
SRR27186981	SRX22867207	SRS19841380	SRP477592	PRJNA1051574	Escherichia coli	N3_120	OXFORD_NANOPORE	MinION	923187672.0	149306.0	WGS	GENOMIC	SINGLE	whole genome sequencing of E. coli isolated from the chicken gut
DRR720903	DRX700924	DRS495497	DRP013739	PRJDB20693	Salinisphaera hydrothermalis	JCM 15514	PACBIO_SMRT	Revio	337444916.0	19355.0	WGS	GENOMIC	SINGLE	Revio sequencing of SAMD01611128
SRR28434712	SRX24038800	SRS20831720	SRP497546	PRJNA1091452	Klebsiella pneumoniae	KP06-PS	OXFORD_NANOPORE	MinION	859560556.0	89610.0	WGS	GENOMIC	SINGLE	ONT performance study sequencing of K. pneumoniae
SRR10211252	SRX6930992	SRS5461287	SRP191068	PRJNA528511	Escherichia coli	GTEN_369	OXFORD_NANOPORE	GridION	3669985176.0	4446631.0	WGS	GENOMIC	SINGLE	Global TravEpiNet AMR surveillance Genome sequencing and assembly
SRR22350521	SRX18321581	SRS15811858	SRP408785	PRJNA902272	Pasteurella multocida	PF7	OXFORD_NANOPORE	MinION	685078463.0	50622.0	WGS	GENOMIC	SINGLE	genome sequencing of Pasteurella multocida
SRR5828162	SRX3005894	SRS1832577	SRP094480	PRJNA279196	Bordetella pertussis	D175	PACBIO_SMRT	PacBio RS II	764214809.0	163482.0	WGS	GENOMIC	SINGLE	
SRR32204108	SRX27545703	SRS23960614	SRP561120	PRJNA1214876	Ekhidna algicida	To15	OXFORD_NANOPORE	MinION	26539688.0	4000.0	WGS	GENOMIC	SINGLE	Ekhidna algicida strain To15 genome
ERR3685878	ERX3675482	ERS4047679	ERP114207	PRJEB31632	bacterium		OXFORD_NANOPORE	GridION	564880009.0	197748.0	WGS	GENOMIC	SINGLE	GridION sequencing
ERR15738570	ERX15143677	ERS27094532	ERP182399	PRJEB100972	Mycobacterium tuberculosis	K41T0787	OXFORD_NANOPORE	MinION	2696676690.0	1510871.0	WGS	GENOMIC	SINGLE	Raw reads: K41T0787
SRR19090876	SRX15160520	SRS12902711	SRP373722	PRJNA833969	Escherichia coli		OXFORD_NANOPORE	MinION	537697946.0	36006.0	WGS	GENOMIC	SINGLE	Long-read WGS characterization of ESBL-producing E. coli isolates from dairy cattle in Northern Spain
SRR30149391	SRX25617242	SRS21937555	SRP518730	PRJNA1133668	Klebsiella pneumoniae	ST258KP19	OXFORD_NANOPORE	MinION	226621103.0	28279.0	WGS	GENOMIC	SINGLE	Nanopore sequencing of clinical CRE isolates: human
ERR688916	ERX633898	ERS513140	ERP005928	PRJEB6403	Providencia alcalifaciens	NCTC10286	PACBIO_SMRT	PacBio RS	592760187.0	163482.0	WGS	GENOMIC	SINGLE	PacBio RS sequencing
SRR31707265	SRX27068845	SRS23529482	SRP551273	PRJNA1197850	Acinetobacter baumannii	AB01	OXFORD_NANOPORE	MinION	469109212.0	99175.0	WGS	GENOMIC	SINGLE	Whole genome sequencing of A. baumannii from clam.
SRR9722571	SRX6480201	SRS5130306	SRP215816	PRJNA470993	Staphylococcus aureus	ER01457.3	PACBIO_SMRT	PacBio RS II	1155339270.0	167518.0	WGS	GENOMIC	SINGLE	WGS of Staphylococcus aureus
ERR1940981	ERX2001514	ERS1403234	ERP005928	PRJEB6403	Bordetella trematum	NCTC12995	PACBIO_SMRT	PacBio RS	805637863.0	163482.0	WGS	GENOMIC	SINGLE	PacBio RS sequencing
SRR33937047	SRX29139316	SRS17195589	SRP430312	PRJNA950451	Pseudomonas aeruginosa	MRSN110606	OXFORD_NANOPORE	MinION	542708693.0	88602.0	WGS	GENOMIC	SINGLE	WGS-ONT of Pseudomonas aeruginosa
SRR19820585	SRX15864336	SRS13525997	SRP361569	PRJNA768416	Weizmannia sp. FSL W8-1119	FSL W8-1119	OXFORD_NANOPORE	MinION	609880815.0	160101.0	WGS	GENOMIC	SINGLE	WGS of Bacilli
SRR29778979	SRX25278901	SRS21698278	SRP418402	PRJNA925803	Streptococcus dysgalactiae subsp. equisimilis	MGCS35917	OXFORD_NANOPORE	GridION	946595938.0	539814.0	WGS	GENOMIC	SINGLE	WGS of Streptococcus dysgalactiae subsp. equisimilis
SRR25316066	SRX21058550	SRS18329209	SRP449989	PRJNA994685	Photobacterium damselae subsp. piscicida	QMA0785	OXFORD_NANOPORE	MinION	926222035.0	622869.0	WGS	GENOMIC	SINGLE	Long-read seq of Pdp mutagenesis clone QMA0785
ERR15094644	ERX14499246	ERS24813639	ERP119900	PRJEB36683	Klebsiella pneumoniae 11227-1		OXFORD_NANOPORE	PromethION	904052214.0	364665.0	WGS	GENOMIC	SINGLE	Raw reads: JKPB552_L
ERR4327120	ERX4273954	ERS4672512	ERP122261	PRJEB38812	Xanthomonas hortorum pv. carotae	CFBP 7900	OXFORD_NANOPORE	MinION	39902943.0	7777.0	WGS	GENOMIC	SINGLE	MinION sequencing
SRR30149506	SRX25617127	SRS21937444	SRP518730	PRJNA1133668	Klebsiella michiganensis	ST50KM1	OXFORD_NANOPORE	MinION	485269556.0	65363.0	WGS	GENOMIC	SINGLE	Nanopore sequencing of clinical CRE isolates: human
SRR901699	SRX306478	SRS445426	SRP026065	PRJNA203575	Mycobacterium avium MAV_120809_2495	MAV_120809_2495	PACBIO_SMRT	PacBio RS	400526570.0	81741.0	WGS	GENOMIC	SINGLE	
SRR1004217	SRX361062	SRS488061	SRP030620	PRJNA187357	Ehrlichia japonica	HF	PACBIO_SMRT	PacBio RS	273457514.0	81741.0	WGS	GENOMIC	SINGLE	
SRR10918411	SRX7585726	SRS6019382	SRP051949	PRJNA271899	Klebsiella pneumoniae	UCI_267	OXFORD_NANOPORE	GridION	1469570409.0	383085.0	WGS	GENOMIC	SINGLE	Sequencing of Carbapenem resistant bacteria
SRR5829356	SRX3006698	SRS1832472	SRP094480	PRJNA279196	Bordetella pertussis	H768	PACBIO_SMRT	PacBio RS II	936983057.0	163482.0	WGS	GENOMIC	SINGLE	
SRR31974498	SRX27329722	SRS23769001	SRP556902	PRJNA1209846	Enterococcus faecalis	5034	OXFORD_NANOPORE	GridION	598093079.0	28647.0	WGS	GENOMIC	SINGLE	WGS of Enterococcus faecalis isolate 5034
SRR33086185	SRX28350305	SRS24679748	SRP577906	PRJNA1248189	Enterobacter hormaechei	151102	PACBIO_SMRT	Sequel IIe	272155281.0	34106.0	WGS	GENOMIC	SINGLE	Pacbio of ECC:Human
DRR378810	DRX364704	DRS420169	DRP006482	PRJDB5246	Staphylococcus aureus	CN31	PACBIO_SMRT	Sequel	167744429.0	17105.0	WGS	GENOMIC	SINGLE	Sequel sequencing of SAMD00493210
SRR30984377	SRX26375315	SRS22899183	SRP538432	PRJNA1046213	Sulfitobacter pontiacus	OXR-199	OXFORD_NANOPORE	MinION	695606666.0	323656.0	WGS	GENOMIC	SINGLE	Hydrothermal vent plume bacterial isolate genomes
SRR387172	SRX109946	SRS281279	SRP001087	PRJNA40075	Escherichia coli str. K-12 substr. MG1655	K-12	PACBIO_SMRT	PacBio RS	34165213.0	60667.0	WGS	GENOMIC	SINGLE	Whole Genome Sequencing and Assembly
DRR472245	DRX456474	DRS239081	DRP008516	PRJDB12179	Streptococcus dysgalactiae subsp. equisimilis	KUSD053	OXFORD_NANOPORE	MinION	227359563.0	35316.0	WGS	GENOMIC	SINGLE	MinION sequencing of SAMD00466553
ERR4910100	ERX4776924	ERS4556735	ERP121699	PRJEB38289	Klebsiella pneumoniae		PACBIO_SMRT	PacBio RS	604129767.0	54494.0	WGS	GENOMIC	SINGLE	PacBio RS sequencing
SRR9214003	SRX5984827	SRS4498618	SRP051949	PRJNA271899	Klebsiella pneumoniae	OC-CRE-9147	OXFORD_NANOPORE	GridION	1222228411.0	155821.0	WGS	GENOMIC	SINGLE	Sequencing of Carbapenem resistant bacteria
ERR6536251	ERX6163074	ERS4039995	ERP023216	PRJEB20997	Salmonella enterica		PACBIO_SMRT	Sequel II	627003162.0	108729.0	WGS	GENOMIC	SINGLE	Sequel II sequencing
SRR22878107	SRX18836640	SRS16268678	SRP414604	PRJNA909980	Bartonella grahamii subsp. shimonis	01	OXFORD_NANOPORE	GridION	59710146.0	14535.0	WGS	GENOMIC	SINGLE	WGS of Bartonella grahamii subsp. shimonis GG3s1
DRR287286	DRX276743	DRS318052	DRP010345	PRJDB10714	Annamia dubia NIES-4383	NIES-4383	OXFORD_NANOPORE	MinION	16079341.0	4000.0	WGS	GENOMIC	SINGLE	Annamia_sp_24
SRR4063162	SRX2052215	SRS1644578	SRP082775	PRJNA217215	Maribacter forsetii DSM 18668	DSM 18668	PACBIO_SMRT	PacBio RS	46450549.0	21321.0	WGS	GENOMIC	SINGLE	Maribacter forsetii DSM18668
SRR13131445	SRX9572065	SRS7772814	SRP294025	PRJNA680662	Xanthomonas citri	AW	OXFORD_NANOPORE	PromethION	2440322072.0	143256.0	WGS	GENOMIC	SINGLE	AW1-15
SRR28835057	SRX24397774	SRS21152911	SRP362572	PRJNA805200	Salmonella enterica	not applicable	OXFORD_NANOPORE	GridION	461465818.0	248000.0	WGS	GENOMIC	SINGLE	SALM-Cow-OK74078CY230010
SRR35984992	SRX31034282	SRS27024267	SRP643407	PRJNA1339829	Bradyrhizobium diazoefficiens	USDA 449	PACBIO_SMRT	Sequel IIe	844120312.0	100405.0	WGS	GENOMIC	SINGLE	Bradyrhizobium japonicum USDA 449
SRR22859770	SRX18818469	SRS16251742	SRP414408	PRJNA914892	Staphylococcus aureus	C272	OXFORD_NANOPORE	MinION	269755496.0	49525.0	WGS	GENOMIC	SINGLE	Long read ONT WGS of Staphylococcus aureus isolates from Chronic Rhinosinusitis Patients
SRR33300136	SRX28545192	SRS24844346	SRP581013	PRJNA1255117	Staphylococcus aureus	Staphylococcus	OXFORD_NANOPORE	GridION	360442458.0	93584.0	WGS	GENOMIC	SINGLE	WGS of S. aureus sample 6
SRR19776536	SRX15820960	SRS12273979	SRP364249	PRJNA816422	Helicobacter pylori	Hpfe076	OXFORD_NANOPORE	MinION	251510402.0	29874.0	WGS	GENOMIC	SINGLE	nanopore sequencing of h. pylori genomic DNA
SRR30040128	SRX25514848	SRS21840240	SRP516844	PRJNA1129555	Xanthomonas	NCPPB 4466	OXFORD_NANOPORE	PromethION	931804423.0	173901.0	WGS	GENOMIC	SINGLE	Genome sequencing of NCPPB 4466
SRR30149268	SRX25617365	SRS21937457	SRP518730	PRJNA1133668	Citrobacter freundii	ST91CFR1	OXFORD_NANOPORE	MinION	93549558.0	8946.0	WGS	GENOMIC	SINGLE	Nanopore sequencing of clinical CRE isolates: human
ERR12833666	ERX12206477	ERS18714765	ERP157202	PRJEB72410	Klebsiella pneumoniae		OXFORD_NANOPORE	MinION	286131886.0	77116.0	WGS	GENOMIC	SINGLE	MinION sequencing
SRR19646393	SRX15696354	SRS13392701	SRP380121	PRJNA848627	Pseudomonas siliginis	OTU6BANIB1	PACBIO_SMRT	Sequel II	330073719.0	44220.0	WGS	GENOMIC	SINGLE	OTU6BANIB1
SRR10918374	SRX7585763	SRS6019418	SRP051949	PRJNA271899	Escherichia coli	UCI-CRE-219	OXFORD_NANOPORE	GridION	2202026795.0	408353.0	WGS	GENOMIC	SINGLE	Sequencing of Carbapenem resistant bacteria
SRR3723563	SRX1881095	SRS1527791	SRP077362	PRJNA217202	Gillisia sp. Hel_I_29	Hel_I_29	PACBIO_SMRT	PacBio RS	148582790.0	94127.0	WGS	GENOMIC	SINGLE	Gillisia sp. Hel_I_29
ERR10498771	ERX10016060	ERS14255896	ERP142629	PRJEB57633	Escherichia coli		OXFORD_NANOPORE	GridION	62040666.0	8879.0	WGS	GENOMIC	SINGLE	Raw reads: ONT_30602_1#51
SRR13817276	SRX10198003	SRS8036752	SRP276953	PRJNA605961	Salmonella enterica subsp. enterica serovar Typhimurium	ER3625 descendants	PACBIO_SMRT	Sequel	909848672.0	336322.0	WGS	GENOMIC	SINGLE	SequelI_4strains_SMRT
ERR2274867	ERX2326249	ERS1765901	ERP005928	PRJEB6403	Kingella denitrificans		PACBIO_SMRT	PacBio RS	190847349.0	163482.0	WGS	GENOMIC	SINGLE	PacBio RS sequencing
SRR13327970	SRX9755242	SRS7944866	SRP299781	PRJNA684363	Pseudomonas sp. TH77	TH77	OXFORD_NANOPORE	MinION	998405199.0	530632.0	WGS	GENOMIC	SINGLE	WGS of Pseudomonas sp. : bacterial isolate
DRR572361	DRX555828	DRS426375	DRP012251	PRJDB17574	Escherichia coli	YK-IS1MA-L02-4_G08	OXFORD_NANOPORE	MinION	3696609.0	353.0	WGS	GENOMIC	SINGLE	nanopore-seq of SAMD00748192 L02-4_G8
SRR28740701	SRX24306666	SRS21069440	SRP502714	PRJNA1090129	Staphylococcus aureus	sa221004_barcode31	OXFORD_NANOPORE	MinION	186584204.0	62389.0	WGS	GENOMIC	SINGLE	Staphylococcus aureus strain sa221004_barcode31
SRR33053974	SRX28318944	SRS24657696	SRP577606	PRJNA1248674	Escherichia coli	AS3-001-P	OXFORD_NANOPORE	GridION	1015701800.0	392281.0	WGS	GENOMIC	SINGLE	WGS of Escherichia coli
SRR29418638	SRX24932018	SRS21636423	SRP514025	PRJNA1107577	Paenibacillus pabuli	AR3006B	OXFORD_NANOPORE	GridION	246716893.0	92342.0	WGS	GENOMIC	SINGLE	whole genome seq. of bacteria isolated from arctic ground squirrel gut contents
SRR23387323	SRX19325120	SRS16451699	SRP395888	PRJNA812595	Klebsiella grimontii	2022CK-00781	OXFORD_NANOPORE	GridION	470417270.0	110801.0	WGS	GENOMIC	SINGLE	Nanopore sequencing of ARLN isolate
SRR35071120	SRX30184901	SRS26244909	SRP610420	PRJNA1308807	Escherichia coli	Ec_259	OXFORD_NANOPORE	MinION	471042087.0	40004.0	WGS	GENOMIC	SINGLE	Oxford Nanopore sequences of an isolated E. coli strain from wastewater
ERR15954736	ERX15350099	ERS27947587	ERP183034	PRJEB101632	Arthrobacter sp. QXT-31		PACBIO_SMRT	Sequel	132282280.0	11154.0	WGS	GENOMIC	SINGLE	Sequel sequencing
SRR30087321	SRX25560768	SRS22212875	SRP523641	PRJNA1142678	Klebsiella variicola	kv230314_barcode45	OXFORD_NANOPORE	MinION	337038590.0	54630.0	WGS	GENOMIC	SINGLE	Klebsiella variicola strain kv230314_barcode45
SRR16109994	SRX12395576	SRS10365150	SRP339221	PRJNA549111	bacterium Scap17	Scap17	OXFORD_NANOPORE	MinION	331557237.0	50421.0	WGS	GENOMIC	SINGLE	WGS of unknown bacterium Scap17
SRR28402960	SRX24007522	SRS20803736	SRP496844	PRJNA1090259	Staphylococcus aureus	DDU2_3	OXFORD_NANOPORE	GridION	1368127576.0	111260.0	WGS	GENOMIC	SINGLE	WGS of MRSA
ERR10489023	ERX10008334	ERS14235924	ERP142385	PRJEB57405	Streptococcus pneumoniae		OXFORD_NANOPORE	MinION	403826899.0	59855.0	WGS	GENOMIC	SINGLE	MinION sequencing
SRR13575385	SRX9973477	SRS8145954	SRP303741	PRJNA695586	Streptococcus pyogenes	M4C20	OXFORD_NANOPORE	MinION	3004395.0	4000.0	WGS	GENOMIC	SINGLE	Whole genome sequence of Streptococcus pyogenes strain M4C20
SRR10211281	SRX6930963	SRS5461258	SRP191068	PRJNA528511	Escherichia coli	GTEN_351	OXFORD_NANOPORE	GridION	1090358206.0	2266132.0	WGS	GENOMIC	SINGLE	Global TravEpiNet AMR surveillance Genome sequencing and assembly
SRR23036727	SRX18990970	SRS16411463	SRP416836	PRJNA922510	Escherichia coli	Escherichia coli str. K-12 substr. MG1655	PACBIO_SMRT	Sequel II	967751854.0	71621.0	WGS	GENOMIC	SINGLE	MG1655 Wt isogenic parent strain
ERR15942132	ERX15337677	ERS27418056	ERP171251	PRJEB88111	Escherichia coli	DTU_56B	OXFORD_NANOPORE	PromethION	884918059.0	151151.0	WGS	GENOMIC	SINGLE	Raw reads: DTU_2024_1035969_100_SI_DTU_56B_SE
ERR2403059	ERX2443821	ERS1827749	ERP006122	PRJEB6574	Klebsiella pneumoniae		PACBIO_SMRT	PacBio RS	933587255.0	163482.0	WGS	GENOMIC	SINGLE	PacBio RS sequencing
ERR13961552	ERX13362669	ERS22184991	ERP166305	PRJEB82632	Bombilactobacillus bombi	LMG 32930	OXFORD_NANOPORE	MinION	383752804.0	210318.0	WGS	GENOMIC	SINGLE	Raw reads: LMG 32930
SRR24035318	SRX19837943	SRS17196834	SRP430325	PRJNA944978	Ralstonia sp. GP175	GP175	OXFORD_NANOPORE	GridION	220001532.0	19482.0	WGS	GENOMIC	SINGLE	Genome sequencing of Harvard Forest soil isolates
SRR14108854	SRX10479528	SRS8607963	SRP312756	PRJNA689092	Xanthomonas campestris pv. campestris	28-1	PACBIO_SMRT	Sequel II	3016881603.0	390547.0	WGS	GENOMIC	SINGLE	Xc isolated from weeds and crops
SRR8991246	SRX5770316	SRS4704455	SRP040661	PRJNA231221	Paracoccus yeei	FDAARGOS_643	PACBIO_SMRT	PacBio RS	550880343.0	163482.0	WGS	GENOMIC	SINGLE	
SRR12529029	SRX9018990	SRS7269873	SRP278968	PRJNA659624	Mycobacterium tuberculosis	Mycobacterium	OXFORD_NANOPORE	MinION	90014331.0	248966.0	WGS	GENOMIC	SINGLE	Nanopore raw reads of MTB isolated from a pet lemur
ERR15991597	ERX15386703	ERS28170783	ERP184281	PRJEB102899	Pseudomonas aeruginosa		OXFORD_NANOPORE	MinION	124175928.0	9223.0	WGS	GENOMIC	SINGLE	MinION sequencing
SRR26043614	SRX21760588	SRS18867294	SRP321830	PRJNA674638	Lactococcus lactis	NCK401	PACBIO_SMRT	Sequel II	192089447.0	25782.0	WGS	GENOMIC	SINGLE	PacBio reads from bacterial isolates derived from cucumber fermentation
SRR36095894	SRX31141418	SRS21867759	SRP291668	PRJNA675431	Klebsiella pneumoniae		OXFORD_NANOPORE	PromethION	945128337.0	684456.0	WGS	GENOMIC	SINGLE	WGS of Klebsiella pneumoniae
SRR15989333	SRX12278206	SRS9998879	SRP357534	PRJNA801415	Klebsiella pneumoniae	-	OXFORD_NANOPORE	GridION	962480696.0	206732.0	WGS	GENOMIC	SINGLE	Whole Genome Sequencing of Carbapenemase-producing Enterobacterales (CPE)
SRR23545531	SRX19432769	SRS16826522	SRP423167	PRJNA935284	Escherichia coli	202000108	PACBIO_SMRT	Sequel	596703678.0	107262.0	WGS	GENOMIC	SINGLE	Sequencing of EIEC O143 strain  202000108
ERR13600397	ERX12971420	ERS6631584	ERP109316	PRJEB27256	Klebsiella pneumoniae		OXFORD_NANOPORE	GridION	233327118.0	24042.0	WGS	GENOMIC	SINGLE	GridION sequencing
SRR9664645	SRX6425522	SRS5081049	SRP214020	PRJNA536306	Nocardioides sp. RS 4Y-2-4	SLBN-169	PACBIO_SMRT	Sequel	40872788.0	9835.0	WGS	GENOMIC	SINGLE	Nocardioides sp. SLBN-169
SRR33768810	SRX28991268	SRS22455647	SRP444583	PRJNA962904	Klebsiella pneumoniae		PACBIO_SMRT	Sequel II	546112852.0	26472.0	WGS	GENOMIC	SINGLE	PacBio sequencing of AH0859HE1 for ARCH 2
SRR12047134	SRX8575720	SRS6867666	SRP040661	PRJNA231221	Edwardsiella hoshinae	FDAARGOS_940	PACBIO_SMRT	PacBio RS	430853894.0	163482.0	WGS	GENOMIC	SINGLE	
DRR674621	DRX654723	DRS463980	DRP012964	PRJDB19407	Microbacterium testaceum		OXFORD_NANOPORE	PromethION	3313572086.0	10972093.0	WGS	GENOMIC	PAIRED	PromethION paired-end Sequencing of KAS22027658 (KAE22291800)
SRR15827994	SRX12119803	SRS10099887	SRP336307	PRJNA761884	Klebsiella pneumoniae	X_24	PACBIO_SMRT	PacBio RS II	1365356978.0	165799.0	WGS	GENOMIC	SINGLE	WGS of Klebsiella pneumoniae: sample C1596
ERR12448884	ERX11825315	ERS17728780	ERP156572	PRJEB71788	Listeria monocytogenes		OXFORD_NANOPORE	GridION	294259450.0	16000.0	WGS	GENOMIC	SINGLE	Raw reads: ListPred_LR39-1
SRR18681746	SRX14782751	SRS12539516	SRP368114	PRJNA824420	Escherichia coli	GD02987_ECOL_HY_105	OXFORD_NANOPORE	MinION	630488898.0	75111.0	WGS	GENOMIC	SINGLE	Long-read sequencing of Escherichia coli: isolate #105 blood
SRR10332349	SRX7042534	SRS5556502	SRP226643	PRJNA578920	Escherichia coli str. K-12 substr. DH10B	DH10B	OXFORD_NANOPORE	MinION	213589365.0	29010.0	WGS	GENOMIC	SINGLE	WGS of E. coli on ONT MinION
SRR6824068	SRX3780566	SRS3034134	SRP134780	PRJNA402420	Burkholderiales bacterium 23	23	PACBIO_SMRT	PacBio RS II	696045794.0	150392.0	WGS	GENOMIC	SINGLE	Burkholderiales sp. 23
SRR34864049	SRX29995574	SRS26072170	SRP606522	PRJNA1301590	Pseudolactococcus laudensis	T2H3	OXFORD_NANOPORE	PromethION	2188576280.0	281228.0	WGS	GENOMIC	SINGLE	WGS of Pseudolactococcus laudensis strain T2H3: Tistrup starter culture
SRR31024247	SRX26411316	SRS22931271	SRP539092	PRJNA1174068	Vibrio cholerae	mHDM VC198	OXFORD_NANOPORE	PromethION	160524030.0	112539.0	WGS	GENOMIC	SINGLE	WGS of Vcholerae isolates
SRR24140236	SRX19938841	SRS17287550	SRP247747	PRJNA604975	Escherichia coli	ox_bsi_187	OXFORD_NANOPORE	GridION	241495378.0	112494.0	WGS	GENOMIC	SINGLE	oxford_bsi
SRR10520834	SRX7205585	SRS5710291	SRP231922	PRJNA345668	Clostridium beijerinckii	DJ034	PACBIO_SMRT	PacBio RS II	773842378.0	260461.0	WGS	GENOMIC	SINGLE	Clostridium beijerinckii DJ034
ERR4763167	ERX4636220	ERS5247902	ERP124695	PRJEB40976	Enterococcus faecalis		OXFORD_NANOPORE	GridION	733423188.0	51671.0	WGS	GENOMIC	SINGLE	GridION sequencing; Raw reads: 28157_4#245
SRR31555752	SRX26921971	SRS23399027	SRP548427	PRJNA1192303	Shigella flexneri	2a	OXFORD_NANOPORE	GridION	255147775.0	91000.0	WGS	GENOMIC	SINGLE	WGS of Shigella sonnei 2021/2022
ERR4763210	ERX4636263	ERS5247888	ERP124695	PRJEB40976	Enterococcus faecalis		OXFORD_NANOPORE	GridION	895433781.0	46642.0	WGS	GENOMIC	SINGLE	GridION sequencing; Raw reads: 28157_4#86
SRR13449137	SRX9862233	SRS8042175	SRP295672	PRJNA681856	Salmonella enterica subsp. salamae	LHICA_SA3	OXFORD_NANOPORE	MinION	9771252.0	1307.0	WGS	GENOMIC	SINGLE	WGS of Salmonella Lhica SA3_113
SRR22859714	SRX18818523	SRS16251791	SRP414408	PRJNA914892	Staphylococcus aureus	C67	OXFORD_NANOPORE	MinION	198030523.0	43266.0	WGS	GENOMIC	SINGLE	Long read ONT WGS of Staphylococcus aureus isolates from Chronic Rhinosinusitis Patients
SRR35504456	SRX30580370	SRS26609548	SRP616549	PRJNA1314197	Mycobacterium tuberculosis	not applicable	OXFORD_NANOPORE	GridION	546704463.0	230132.0	WGS	GENOMIC	SINGLE	WGS of M. tb from culture, Kit-Rapid prep, Sample BC03
SRR12299135	SRX8802078	SRS6792057	SRP266402	PRJNA605147	Escherichia coli	RHBSTW-00875	OXFORD_NANOPORE	GridION	1009792565.0	174427.0	WGS	GENOMIC	SINGLE	OXFORD_NANOPORE sequencing of Escherichia coli isolate WTP1|T3-00875 cultured from WTP downstream sample
SRR35777044	SRX30826334	SRS26835932	SRP631658	PRJNA1344749	Stutzerimonas chloritidismutans	Vdes2	PACBIO_SMRT	Sequel II	500012266.0	23726.0	WGS	GENOMIC	SINGLE	SchlVdes2
SRR12280353	SRX8784362	SRS7053103	SRP272861	PRJNA646575	Bacteroides faecis		OXFORD_NANOPORE	GridION	507439277.0	38132.0	WGS	GENOMIC	SINGLE	WGS  of Bacteroides fragilis group clinical isolates
SRR11105114	SRX7742786	SRS6162654	SRP249887	PRJNA607113	Pseudomonas aeruginosa	MS14403	OXFORD_NANOPORE	MinION	2217920610.0	331822.0	WGS	GENOMIC	SINGLE	P. aeruginosa MS14403 FAD-60 ONT sequence data
SRR13448480	SRX9861689	SRS8041853	SRP295672	PRJNA681856	Salmonella enterica subsp. diarizonae	LHICA_D1	OXFORD_NANOPORE	MinION	21203294.0	4000.0	WGS	GENOMIC	SINGLE	WGS of Salmonella Lhica D1_9
SRR33905583	SRX29113059	SRS25319258	SRP590957	PRJNA1274183	Mycobacterium avium subsp. hominissuis	missing	OXFORD_NANOPORE	PromethION	267682727.0	39576.0	WGS	GENOMIC	SINGLE	WGS of NTM from sputum isolate
ERR14225653	ERX13625935	ERS17899277	ERP156237	PRJEB71438	Streptomyces tendae		OXFORD_NANOPORE	MinION			WGS	GENOMIC	SINGLE	MinION sequencing
SRR516846	SRX148633	SRS281882	SRP013241	PRJNA73829	Vibrio cholerae		PACBIO_SMRT	PacBio RS	38432242.0	60667.0	WGS	GENOMIC	SINGLE	Whole Genome Sequencing of Haitian Vibrio cholerae: Continuous Long Read (CLR) data
SRR26752401	SRX22451069	SRS19465115	SRP471000	PRJNA1036818	Sphingomonas sp. R86520	R86520	OXFORD_NANOPORE	MinION	683391199.0	91598.0	WGS	GENOMIC	SINGLE	WGS of Sphingomonas sp.
SRR21970170	SRX17953632	SRS15470780	SRP403445	PRJNA884983	Methylorubrum extorquens	NBC_00036	OXFORD_NANOPORE	MinION	200794988.0	15270.0	WGS	GENOMIC	SINGLE	Nanopore sequencing reads of Methylobacterium extorquens NBC_00036
DRR572617	DRX556084	DRS426424	DRP012251	PRJDB17574	Escherichia coli	YK-IS1MA-L04-1_G20	OXFORD_NANOPORE	MinION	38406.0	1.0	WGS	GENOMIC	SINGLE	nanopore-seq of SAMD00748241 L04-1_G20
SRR31480849	SRX26849474	SRS23333124	SRP547242	PRJNA1188493	Bacillus cereus	C921	OXFORD_NANOPORE	GridION	1371177265.0	669462.0	WGS	GENOMIC	SINGLE	WGS of Bacillus Cereus
SRR30896366	SRX26299655	SRS22828377	SRP536878	PRJNA1134622	Escherichia coli	OXEC-297	OXFORD_NANOPORE	MinION	699531229.0	215841.0	WGS	GENOMIC	SINGLE	OXEC-297
SRR30896337	SRX26299684	SRS22828406	SRP536878	PRJNA1134622	Escherichia coli	OXEC-44	OXFORD_NANOPORE	MinION	339226270.0	100852.0	WGS	GENOMIC	SINGLE	OXEC-44
SRR13680721	SRX10069987	SRS8231708	SRP303037	PRJNA694442	Salmonella enterica		OXFORD_NANOPORE	GridION	2873429575.0	316002.0	WGS	GENOMIC	SINGLE	Multiplex WGS of Salmonella enterica
SRR27205576	SRX22885333	SRS19857588	SRP477922	PRJNA743218	Chryseobacterium sp. MYb264	MYb264	PACBIO_SMRT	Sequel II	671990166.0	52224.0	WGS	GENOMIC	SINGLE	Whole genome sequencing of MYb264
SRR12824648	SRX9292288	SRS7519026	SRP287360	PRJNA669159	Acinetobacter towneri	GX7	OXFORD_NANOPORE	PromethION	1492590561.0	94956.0	WGS	GENOMIC	SINGLE	whole genome sequencing
SRR34687329	SRX29822996	SRS25926486	SRP602975	PRJNA1288210	Weissella sp. ESL1141	ESL1141	OXFORD_NANOPORE	GridION	351093734.0	252000.0	WGS	GENOMIC	SINGLE	ONT WGS of Weissella isolated from stingless bee gut
ERR2799780	ERX2808782	ERS1855870	ERP024268	PRJEB21953	Klebsiella pneumoniae subsp. pneumoniae CIP 52.145 = B5055		PACBIO_SMRT	PacBio RS	343528041.0	163482.0	WGS	GENOMIC	SINGLE	PacBio RS sequencing
ERR12764133	ERX12137342	ERS18496960	ERP156127	PRJEB71325	Klebsiella pneumoniae	PBIO4696	OXFORD_NANOPORE	MinION	212426887.0	18994.0	WGS	GENOMIC	SINGLE	MinION sequencing
SRR34986085	SRX30104885	SRS26168535	SRP608826	PRJNA1305362	Listeria monocytogenes	Lm_298	OXFORD_NANOPORE	MinION	831724632.0	89481.0	WGS	GENOMIC	SINGLE	Oxford Nanopore sequences of an isolated L. monocytogenes strain from wastewater
SRR5829352	SRX3006702	SRS1832575	SRP094480	PRJNA279196	Bordetella pertussis	H784	PACBIO_SMRT	PacBio RS II	772658621.0	163482.0	WGS	GENOMIC	SINGLE	
ERR15516483	ERX14920329	ERS26654083	ERP165332	PRJEB81499	Escherichia coli		OXFORD_NANOPORE	GridION	255597969.0	97359.0	WGS	GENOMIC	SINGLE	GridION sequencing
ERR4557468	ERX4493376	ERS5041699	ERP123702	PRJEB40103	Escherichia coli	isol162	OXFORD_NANOPORE	MinION	2232739341.0	758377.0	WGS	GENOMIC	SINGLE	MinION sequencing
SRR15540399	SRX11838529	SRS9849700	SRP333488	PRJNA336330	Escherichia coli O157	644-PT8	PACBIO_SMRT	PacBio RS II	2156103587.0	163482.0	WGS	GENOMIC	SINGLE	Genome sequencing of E. coli O157:H7 from Scotland PacBio reads
SRR26074377	SRX21789234	SRS18891586	SRP460847	PRJNA1017908	Rhodococcus opacus	DSM 43205	PACBIO_SMRT	Sequel II	785467820.0	72167.0	WGS	GENOMIC	SINGLE	WGS PacBioHiFi reads Rhodococcus opacus DSM43205
SRR35556723	SRX30631337	SRS19728153	SRP150360	PRJNA475751	Clostridioides difficile	CD08920	OXFORD_NANOPORE	MinION	15486874.0	31296.0	WGS	GENOMIC	SINGLE	WGS Sequencing of Clostridioides difficile
ERR15335131	ERX14738446	ERS5247209	ERP177037	PRJEB94163	Francisella tularensis subsp. holarctica	19T0042	OXFORD_NANOPORE	MinION	807746029.0	528559.0	WGS	GENOMIC	SINGLE	MinION sequencing
SRR12395427	SRX8893470	SRS7152492	SRP276100	PRJNA650381	Mycobacterium tuberculosis		OXFORD_NANOPORE	MinION	996239830.0	499570.0	WGS	GENOMIC	SINGLE	Nanopore TB WGS
SRR29316782	SRX24833361	SRS21545192	SRP512379	PRJNA1121190	Vibrio cholerae	106Vc03	OXFORD_NANOPORE	PromethION	402007129.0	110115.0	WGS	GENOMIC	SINGLE	WGS of Vcholerae isolates
SRR19843364	SRX15887024	SRS12114952	SRP361569	PRJNA768416	Priestia aryabhattai	FSL H7-0740	OXFORD_NANOPORE	MinION	946919031.0	160979.0	WGS	GENOMIC	SINGLE	WGS of Bacilli
SRR5181991	SRX2498099	SRS1924952	SRP096895	PRJNA353873	Mycobacterium tuberculosis		PACBIO_SMRT	PacBio RS	364676567.0	163482.0	WGS	GENOMIC	SINGLE	DNA of Mtb
SRR12280278	SRX8784436	SRS7053141	SRP272861	PRJNA646575	Bacteroides ovatus		OXFORD_NANOPORE	GridION	2404295357.0	241762.0	WGS	GENOMIC	SINGLE	WGS  of Bacteroides fragilis group clinical isolates
SRR31024310	SRX26411253	SRS22931208	SRP539092	PRJNA1174068	Vibrio cholerae	mHDM VC12	OXFORD_NANOPORE	PromethION	110388186.0	50460.0	WGS	GENOMIC	SINGLE	WGS of Vcholerae isolates
ERR14720784	ERX14122209	ERS23803707	ERP170064	PRJEB86764	Pseudomonas aeruginosa		OXFORD_NANOPORE	MinION	852731242.0	191321.0	WGS	GENOMIC	SINGLE	EXP-8-1-2025-03-12_12-02-44
SRR34699566	SRX29834854	SRS25898686	SRP602616	PRJNA1294593	Salmonella enterica subsp. enterica serovar Typhimurium var. monophasic	22-SA00421-0	OXFORD_NANOPORE	MinION	201529552.0	24544.0	WGS	GENOMIC	SINGLE	WGS of Salmonella enterica subsp. enterica isolate 22-SA00421-0 using ONT technology
SRR35213456	SRX30317267	SRS26364202	SRP615992	PRJNA1301220	Acinetobacter baumannii	ABO22-A138	OXFORD_NANOPORE	MinION	216226262.0	39544.0	WGS	GENOMIC	SINGLE	Whole geneme sequencing of Acinetobacter baumannii: isolates of the Ab-One study
SRR10556162	SRX7237897	SRS5737485	SRP233741	PRJNA460399	Clostridium saccharobutylicum	DJ156	PACBIO_SMRT	PacBio RS II	663281253.0	245021.0	WGS	GENOMIC	SINGLE	Clostridium saccharobutylicum DJ156
SRR10882856	SRX7551940	SRS4529897	SRP189296	PRJNA528186	Staphylococcus aureus	UP_426	OXFORD_NANOPORE	MinION	872167884.0	68445.0	WGS	GENOMIC	SINGLE	UP_426_nanopore
SRR17030678	SRX13220608	SRS11146169	SRP347685	PRJNA782308	Bradyrhizobium sp. C-145	C-145	OXFORD_NANOPORE	MinION	151334298.0	31586.0	WGS	GENOMIC	SINGLE	Nanopore WGS of Bradyrhizobium sp. C-145
SRR24792118	SRX20564521	SRS17869080	SRP440645	PRJNA978491	Staphylococcus pseudintermedius	10916-77753	OXFORD_NANOPORE	MinION	106348899.0	10978.0	WGS	GENOMIC	SINGLE	WGS of Staphylococcus pseudintermedius
SRR1923057	SRX963264	SRS403322	SRP019923	PRJNA78389	Salmonella enterica subsp. enterica serovar Hadar str. ATCC 51956	ATCC 51956	PACBIO_SMRT	PacBio RS II	292501199.0	81741.0	WGS	GENOMIC	SINGLE	Whole genome shotgun sequencing of Salmonella enterica subsp. enterica serovar Hadar str. ATCC 51956 by Pacific Biosciences SMRT
SRR24140261	SRX19938816	SRS17287525	SRP247747	PRJNA604975	Escherichia coli	ox_bsi_131	OXFORD_NANOPORE	GridION	99046529.0	88599.0	WGS	GENOMIC	SINGLE	oxford_bsi
SRR30636227	SRX26058106	SRS22627950	SRP532121	PRJNA1159795	Klebsiella pneumoniae	Klebsiella pneumoniae ST323	OXFORD_NANOPORE	PromethION	594885308.0	140298.0	WGS	GENOMIC	SINGLE	Whole genome sequencing of Klebsiella pneumoniae found in rectal carriage of patient #1
SRR13183045	SRX9620852	SRS7822863	SRP040661	PRJNA231221	Salmonella enterica	FDAARGOS_1271	PACBIO_SMRT	Sequel	6097369102.0	4432285.0	WGS	GENOMIC	SINGLE	
SRR873694	SRX290747	SRS431861	SRP023572	PRJNA176660	Vibrio parahaemolyticus 10290	10290	PACBIO_SMRT	PacBio RS	271081587.0	81741.0	WGS	GENOMIC	SINGLE	
ERR10498641	ERX10015930	ERS14255829	ERP142629	PRJEB57633	Escherichia coli		OXFORD_NANOPORE	GridION	46262897.0	10323.0	WGS	GENOMIC	SINGLE	Raw reads: ONT_30602_1#17
SRR35556712	SRX30631348	SRS7468006	SRP150360	PRJNA475751	Clostridioides difficile	CD08400	OXFORD_NANOPORE	MinION	170678799.0	71673.0	WGS	GENOMIC	SINGLE	WGS Sequencing of Clostridioides difficile
SRR17200558	SRX13380491	SRS11284593	SRP350304	PRJNA786653	Haemophilus influenzae	mpi543	PACBIO_SMRT	PacBio RS II	162024457.0	24420.0	WGS	GENOMIC	SINGLE	WGS of Haemophilus influenzae: mpi543
ERR8958706	ERX8503736	ERS10771002	ERP135763	PRJEB51164	Klebsiella pneumoniae		OXFORD_NANOPORE	GridION	95832563.0	12114.0	WGS	GENOMIC	SINGLE	GridION sequencing; Raw reads: Kpneumo_r10.4_plex_sup_dup
SRR17688683	SRX13851942	SRS11728768	SRP356087	PRJNA721843	Staphylococcus epidermidis	45A6	OXFORD_NANOPORE	MinION	8019320611.0	1974349.0	WGS	GENOMIC	SINGLE	S. epidermidis strain:45A6 gDNA Nanopore sequencing
SRR28740718	SRX24306649	SRS21069423	SRP502714	PRJNA1090129	Staphylococcus aureus	sa220510_barcode12	OXFORD_NANOPORE	MinION	7152228.0	25660.0	WGS	GENOMIC	SINGLE	Staphylococcus aureus strain sa220510_barcode12
SRR2925116	SRX1438385	SRS1169020	SRP066419	PRJNA301982	Clostridium sporogenes	CDC_1632	PACBIO_SMRT	PacBio RS II	1566318924.0	236419.0	WGS	GENOMIC	SINGLE	NPD_5_PacBio
SRR14628282	SRX10968891	SRS8660141	SRP321015	PRJNA731114	Pseudomonas aeruginosa	PaLo27	OXFORD_NANOPORE	MinION	217416549.0	33481.0	WGS	GENOMIC	SINGLE	Nanopore sequencing of Pseudomonas aeruginosa isolates
SRR26386679	SRX22092764	SRS19158725	SRP466359	PRJNA660241	Salmonella sp. 1949	1949	PACBIO_SMRT	PacBio RS	1118146500.0	3727155.0	WGS	GENOMIC	PAIRED	Salmonella enterica Genome sequencing
SRR10151516	SRX6876947	SRS5412730	SRP222757	PRJNA546631	Acetivibrio thermocellus	DSM 1313	PACBIO_SMRT	Sequel	1799062735.0	426303.0	WGS	GENOMIC	SINGLE	Clostridium thermocellum DSM 1313 pacbio
SRR19820723	SRX15864198	SRS13525942	SRP361569	PRJNA768416	Paenibacillus sp. FSL E2-0190		OXFORD_NANOPORE	MinION	267915614.0	46290.0	WGS	GENOMIC	SINGLE	WGS of Bacilli
SRR35628914	SRX30685120	SRS26704536	SRP627750	PRJNA1333901	Brevundimonas sp. KH_058	KH_058	OXFORD_NANOPORE	MinION	374693043.0	80621.0	WGS	GENOMIC	SINGLE	Oxford Nanopore sequences of cultivable bacteria collected in an iron ore mine and a crystal cave
ERR10498926	ERX10016215	ERS14256180	ERP142629	PRJEB57633	Escherichia coli		OXFORD_NANOPORE	GridION	79541709.0	16007.0	WGS	GENOMIC	SINGLE	Raw reads: ONT_30602_2#51
SRR35556818	SRX30631242	SRS19727880	SRP150360	PRJNA475751	Clostridioides difficile	CD08875	OXFORD_NANOPORE	MinION	30024053.0	29318.0	WGS	GENOMIC	SINGLE	WGS Sequencing of Clostridioides difficile
SRR8365107	SRX5175472	SRS4182801	SRP174267	PRJNA510422	Salmonella enterica subsp. enterica serovar Mikawasima	RSE15	OXFORD_NANOPORE	MinION	500005297.0	29999.0	WGS	GENOMIC	SINGLE	whole genome sequencing of Salmonella: human isolate
ERR12351797	ERX11728659	ERS16746408	ERP151442	PRJEB66377	Acinetobacter baumannii		OXFORD_NANOPORE	MinION	62528122.0	14089.0	WGS	GENOMIC	SINGLE	MinION sequencing
SRR21362404	SRX17368049	SRS14917044	SRP361569	PRJNA768416	Paenibacillus sp. FSL L8-0494	FSL L8-0494	OXFORD_NANOPORE	MinION	583695022.0	91534.0	WGS	GENOMIC	SINGLE	WGS of Bacilli
SRR30149593	SRX25617474	SRS21937722	SRP518730	PRJNA1133668	Serratia marcescens	SM13	OXFORD_NANOPORE	MinION	107747753.0	13121.0	WGS	GENOMIC	SINGLE	Nanopore sequencing of clinical CRE isolates: human
SRR11318029	SRX7922365	SRS2063470	SRP018785	PRJNA186035	Salmonella enterica subsp. enterica serovar Inverness	CFSAN008812	PACBIO_SMRT	Sequel	563271091.0	99773.0	WGS	GENOMIC	SINGLE	Whole genome PacBio Sequel sequence of Salmonella enterica
DRR667325	DRX647427	DRS457020	DRP012869	PRJDB20344	Furfurilactobacillus curtus	JCM 31185	PACBIO_SMRT	Revio	14664050.0	1173.0	WGS	GENOMIC	SINGLE	Revio sequencing of SAMD00887324
ERR16137050	ERX15526716	ERS28491448	ERP187675	PRJEB106623	Neisseria gonorrhoeae		OXFORD_NANOPORE	MinION	156891961.0	16462.0	WGS	GENOMIC	SINGLE	Raw reads: UMASS-DGI_54
SRR12298676	SRX8801901	SRS6792642	SRP266402	PRJNA605147	Citrobacter freundii	RHBSTW-00697	OXFORD_NANOPORE	GridION	1039358813.0	347129.0	WGS	GENOMIC	SINGLE	OXFORD_NANOPORE sequencing of Citrobacter freundii isolate WTP2|T2-00697 cultured from WTP effluent sample
SRR18117844	SRX14268390	SRS12087421	SRP361201	PRJNA809755	Escherichia coli	not collected	OXFORD_NANOPORE	GridION	597679238.0	83566.0	WGS	GENOMIC	SINGLE	E.coli CFN_9417
SRR3441698	SRX1727937	SRS1324868	SRP050002	PRJNA266616	Bordetella pertussis		PACBIO_SMRT	PacBio RS II	1276370967.0	163482.0	WGS	GENOMIC	SINGLE	
SRR36067848	SRX31114076	SRS27072671	SRP644837	PRJNA1364846	Escherichia coli	GPT22-004	OXFORD_NANOPORE	GridION	59280693.0	14879.0	WGS	GENOMIC	SINGLE	Escherchia coli, DBT kit, 36-plex and 200 ng DNA, replicate 1
SRR3927275	SRX1954560	SRS1567044	SRP078687	PRJNA329412	Lactiplantibacillus pentosus	BGM48	PACBIO_SMRT	PacBio RS II	3115002198.0	163482.0	WGS	GENOMIC	SINGLE	Lactobacillus pentosus BGM48 complete genome
ERR10497810	ERX10015099	ERS14254820	ERP142629	PRJEB57633	Escherichia coli		OXFORD_NANOPORE	GridION	108600397.0	16263.0	WGS	GENOMIC	SINGLE	Raw reads: ONT_30224_1#266
DRR493112	DRX477311	DRS315081	DRP010242	PRJDB15994	[Ruminococcus] torques	17EGH124	OXFORD_NANOPORE	GridION	449197944.0	107970.0	WGS	GENOMIC	SINGLE	GridION sequencing of SAMD00622272
SRR19843333	SRX15887055	SRS12115010	SRP361569	PRJNA768416	Bacillus sp. FSL L8-0315	FSL L8-0315	OXFORD_NANOPORE	MinION	305743992.0	75308.0	WGS	GENOMIC	SINGLE	WGS of Bacilli
ERR9364076	ERX8906325	ERS11202301	ERP136327	PRJEB51675	Vibrio cholerae O1 biovar El Tor	not provided	OXFORD_NANOPORE	MinION	1389001006.0	111962.0	WGS	GENOMIC	SINGLE	MinION sequencing
SRR32528056	SRX27839472	SRS24213931	SRP567071	PRJNA1230128	Salmonella enterica subsp. enterica serovar Anatum	22EPA055NSA_17	OXFORD_NANOPORE	MinION	67434010.0	13833.0	WGS	GENOMIC	SINGLE	nanopore sequence of Salmonella enterica
SRR14862584	SRX11180183	SRS9237751	SRP324476	PRJNA738868	Acinetobacter baumannii	DETAB-P83	OXFORD_NANOPORE	MinION	528202944.0	41152.0	WGS	GENOMIC	SINGLE	Nanopore WGS of A. baumannii DETAB-P83
ERR12258347	ERX11668635	ERS16539757	ERP152951	PRJEB67942	Streptococcus uberis		OXFORD_NANOPORE	MinION	109644041.0	37498.0	WGS	GENOMIC	SINGLE	MinION sequencing
SRR30149347	SRX25617286	SRS21937354	SRP518730	PRJNA1133668	Klebsiella michiganensis	ST324KM1	OXFORD_NANOPORE	MinION	97448052.0	12626.0	WGS	GENOMIC	SINGLE	Nanopore sequencing of clinical CRE isolates: human
SRR26682886	SRX22382736	SRS19428971	SRP200865	PRJNA542869	Phocaeicola dorei	CavFT-hAR62	PACBIO_SMRT	PacBio RS II	1880064039.0	215835.0	WGS	GENOMIC	SINGLE	Genome of Potential pathogenic bacteria in Crohn's disease
SRR24139954	SRX19938451	SRS17287160	SRP247747	PRJNA604975	Escherichia coli	ox_bsi_505	OXFORD_NANOPORE	GridION	125087120.0	71346.0	WGS	GENOMIC	SINGLE	oxford_bsi
SRR27704966	SRX23371766	SRS20233990	SRP485544	PRJNA665156	Pantoea agglomerans	CFBP8785	PACBIO_SMRT	Sequel	665282548.0	95396.0	WGS	GENOMIC	SINGLE	Pantoea agglomerans CFBP8785
ERR15682454	ERX15086881	ERS26973177	ERP171481	PRJEB88388	Pseudomonas veronii	R-91758	OXFORD_NANOPORE	MinION	1038967636.0	394388.0	WGS	GENOMIC	SINGLE	Raw reads: Pseudomonas veronii R-91758
SRR30005219	SRX25484828	SRS22140644	SRP321830	PRJNA674638	Lysinibacillus capsici	Lys16	PACBIO_SMRT	Sequel IIe	1584164053.0	221361.0	WGS	GENOMIC	SINGLE	Lysinibacillus capsici Lys16
SRR27972952	SRX23626213	SRS20465541	SRP489819	PRJNA1076692	Klebsiella pneumoniae	RIVM_C051240_dorado	OXFORD_NANOPORE	MinION	217786486.0	69048.0	WGS	GENOMIC	SINGLE	RIVM_C051240_dorado
SRR28445567	SRX24049108	SRS20840578	SRP497734	PRJNA1077798	Alteromonas gracilis	J4	OXFORD_NANOPORE	MinION	2512092.0	1000.0	WGS	GENOMIC	SINGLE	Alteromonas gracilis strain J4, whole genome Nanopore Sequencing
ERR14125728	ERX13528385	ERS22899874	ERP159032	PRJEB74343	Ectopseudomonas alcaliphila		OXFORD_NANOPORE	PromethION			WGS	GENOMIC	SINGLE	Pseudomonas_alcaliphila
ERR12165293	ERX11576231	ERS16322126	ERP150987	PRJEB65895	Listeria monocytogenes	clinical isolate of L. monocytogenes	OXFORD_NANOPORE	MinION	2191082041.0	264541.0	WGS	GENOMIC	SINGLE	MinION sequencing
SRR13385979	SRX9805450	SRS7989525	SRP300861	PRJNA663900	Enterococcus sp. AZ062	AZ062	OXFORD_NANOPORE	GridION	995978381.0	242235.0	WGS	GENOMIC	SINGLE	Zoo 3 Enterococcus Diversity Genome sequencing and assembly
ERR10356998	ERX9889114	ERS6795023	ERP109413	PRJEB27342	Klebsiella oxytoca		PACBIO_SMRT	Sequel II	5009723695.0	729057.0	WGS	GENOMIC	SINGLE	Sequel II sequencing
SRR35523477	SRX30598804	SRS26625777	SRP622777	PRJNA1268491	Escherichia coli O103	WL1467	OXFORD_NANOPORE	PromethION	4928017904.0	273092.0	WGS	GENOMIC	SINGLE	Swine STEC WL1467 isolate, WGS
SRR24475004	SRX20261224	SRS17592018	SRP436581	PRJNA967113	Escherichia coli	CPO114	OXFORD_NANOPORE	MinION	587122397.0	36898.0	WGS	GENOMIC	SINGLE	WGS of bacterial isolate possessing blaNDM carbapenemase
SRR24918232	SRX20679026	SRS17875854	SRP338930	PRJNA766641	Mycobacterium tuberculosis	IDR 2200035380	OXFORD_NANOPORE	MinION	21682970.0	12972.0	WGS	GENOMIC	SINGLE	MinION sequencing of TB isolates
SRR24139862	SRX19938543	SRS17287252	SRP247747	PRJNA604975	Escherichia coli	ox_bsi_718	OXFORD_NANOPORE	GridION	190650833.0	110130.0	WGS	GENOMIC	SINGLE	oxford_bsi
ERR15602645	ERX15005869	ERS26882913	ERP180185	PRJEB97707	Escherichia coli		OXFORD_NANOPORE	MinION	360083283.0	59591.0	WGS	GENOMIC	SINGLE	MinION sequencing
SRR811963	SRX260506	SRS389815	SRP020549	PRJNA196344	Pedobacter heparinus DSM 2366	DSM 2366	PACBIO_SMRT	PacBio RS	202930123.0	81741.0	WGS	GENOMIC	SINGLE	HGAP P. Hep Dataset
SRR34973658	SRX30092667	SRS26157685	SRP608514	PRJNA1305037	Citrobacter amalonaticus	MI_KPC_991	OXFORD_NANOPORE	PromethION	320003716.0	77136.0	WGS	GENOMIC	SINGLE	KPC CRE collection from state of Michigan
ERR10499752	ERX10017034	ERS14248194	ERP142363	PRJEB57392	Escherichia coli		OXFORD_NANOPORE	MinION	806959328.0	1340464.0	WGS	GENOMIC	PAIRED	MinION paired end sequencing
SRR9164841	SRX5937616	SRS4844113	SRP199823	PRJNA545382	Companilactobacillus futsaii	Y97	PACBIO_SMRT	Sequel	4893223778.0	522523.0	WGS	GENOMIC	SINGLE	Lactobacillus futsaii Y97 pacbio sequel rawdata
SRR16525239	SRX12727875	SRS10676809	SRP342584	PRJNA768992	Salmonella enterica subsp. enterica serovar Heidelberg	SA02DT10168701	OXFORD_NANOPORE	MinION	347773343.0	48002.0	WGS	GENOMIC	SINGLE	Evaluation of commercial DNA extraction kits for implementation of rapid Nanopore
ERR15941420	ERX15336965	ERS27416736	ERP185476	PRJEB104171	Escherichia coli		OXFORD_NANOPORE	MinION	236080854.0	65099.0	WGS	GENOMIC	SINGLE	MinION sequencing
ERR634100	ERX590654	ERS467552	ERP005355	PRJEB5919	Salmonella enterica subsp. enterica serovar Typhi		PACBIO_SMRT	PacBio RS	693878148.0	163482.0	WGS	GENOMIC	SINGLE	PacBio RS sequencing
SRR4236944	SRX2158180	SRS1687604	SRP089403	PRJNA331552	Streptomyces sp. 3214.6	3214.6	PACBIO_SMRT	PacBio RS	46171243.0	12495.0	WGS	GENOMIC	SINGLE	Streptomyces sp.3124.6
SRR30896441	SRX26299580	SRS22828302	SRP536878	PRJNA1134622	Escherichia coli	OXEC-13	OXFORD_NANOPORE	MinION	142217553.0	50086.0	WGS	GENOMIC	SINGLE	OXEC-13
DRR723582	DRX703603	DRS495729	DRP013760	PRJDB20694	Salinicoccus siamensis	JCM 12822	PACBIO_SMRT	Revio	52583603.0	4522.0	WGS	GENOMIC	SINGLE	Revio sequencing of SAMD01611111
ERR15941453	ERX15336998	ERS27416769	ERP185476	PRJEB104171	Escherichia coli		OXFORD_NANOPORE	MinION	720024087.0	212795.0	WGS	GENOMIC	SINGLE	MinION sequencing
SRR19634203	SRX15684573	SRS13381652	SRP379817	PRJNA848631	Escherichia coli		OXFORD_NANOPORE	GridION	540874467.0	24991.0	WGS	GENOMIC	SINGLE	Long read sequencing of E. coli that has been experimentally evolved with a CTX-M-15 plasmid
SRR36121003	SRX31165062	SRS27151247	SRP647482	PRJNA1367479	Enterobacter roggenkampii	SW-32	OXFORD_NANOPORE	MinION	813033932.0	82004.0	WGS	GENOMIC	SINGLE	WGS of SW-32
ERR1109339	ERX1188870	ERS806960	ERP010683	PRJEB9562	Salmonella sp.		PACBIO_SMRT	PacBio RS	926150846.0	163482.0	WGS	GENOMIC	SINGLE	PacBio RS sequencing
SRR24140325	SRX19938752	SRS17287461	SRP247747	PRJNA604975	Escherichia coli	ox_bsi_722	OXFORD_NANOPORE	GridION	171133172.0	65020.0	WGS	GENOMIC	SINGLE	oxford_bsi
SRR33768608	SRX28990869	SRS22455910	SRP444583	PRJNA962904	Escherichia coli		PACBIO_SMRT	Sequel II	532861232.0	31458.0	WGS	GENOMIC	SINGLE	PacBio sequencing of AH0752HE2 for ARCH 2
ERR663942	ERX620218	ERS513132	ERP005928	PRJEB6403	Salmonella enterica subsp. enterica	NCTC6759	PACBIO_SMRT	PacBio RS	476228647.0	163482.0	WGS	GENOMIC	SINGLE	PacBio RS sequencing
SRR386767	SRX109833	SRS004883	SRP001079	PRJNA40077	Cereibacter sphaeroides 2.4.1	2.4.1	PACBIO_SMRT	PacBio RS	18328782.0	60667.0	WGS	GENOMIC	SINGLE	Whole Genome Sequencing and Assembly
SRR30934735	SRX26337574	SRS22863377	SRP537571	PRJNA1168290	Paenibacillus sp. TAB_01	TAB_01	OXFORD_NANOPORE	MinION	1670102.0	191.0	WGS	GENOMIC	SINGLE	Paenibacillus sp. TAB 01 from cotton plant tissue
SRR386553	SRX109957	SRS212340	SRP007237	PRJNA39375	Eubacterium sp. 3_1_31	3_1_31	PACBIO_SMRT	PacBio RS	88305881.0	81741.0	WGS	GENOMIC	SINGLE	Whole Genome Sequencing and Assembly
SRR11613605	SRX8179812	SRS6539433	SRP258652	PRJNA587209	Gordonia amarae	CON44	OXFORD_NANOPORE	MinION	167094042.0	28696.0	WGS	GENOMIC	SINGLE	Whole genome Oxford Nanopore MinION sequence of Gordonia amarae CON44
ERR10846345	ERX10291386	ERS6235220	ERP119581	PRJEB36392	Klebsiella pneumoniae	ST17	OXFORD_NANOPORE	MinION	1658764759.0	157863.0	WGS	GENOMIC	SINGLE	MinION sequencing
SRR516858	SRX148633	SRS281882	SRP013241	PRJNA73829	Vibrio cholerae		PACBIO_SMRT	PacBio RS	69353432.0	60667.0	WGS	GENOMIC	SINGLE	Whole Genome Sequencing of Haitian Vibrio cholerae: Continuous Long Read (CLR) data
SRR31598678	SRX26963807	SRS23433521	SRP549287	PRJNA1185485	Escherichia coli	895	OXFORD_NANOPORE	PromethION	906960711.0	170397.0	WGS	GENOMIC	SINGLE	WTP-NoR-Nov-barcode48
SRR21696581	SRX17694199	SRS11554322	SRP354045	PRJNA747871	Streptomyces anulatus	NBC_01134	OXFORD_NANOPORE	MinION	1769532932.0	156328.0	WGS	GENOMIC	SINGLE	nanopore sequencing data from strain NBC_01134
SRR12298645	SRX8801932	SRS6792556	SRP266402	PRJNA605147	Escherichia coli	RHB31-C14	OXFORD_NANOPORE	GridION	1437304389.0	377245.0	WGS	GENOMIC	SINGLE	OXFORD_NANOPORE sequencing of Escherichia coli isolate RH10|T3-C14 cultured from Cattle faeces sample
ERR3700248	ERX3689788	ERS2787566	ERP110627	PRJEB28425	Escherichia coli		PACBIO_SMRT	Sequel	1701412036.0	360328.0	WGS	GENOMIC	SINGLE	Sequel sequencing
SRR21563544	SRX17565853	SRS14987083	SRP354045	PRJNA747871	Streptomyces microflavus	NBC 01683	OXFORD_NANOPORE	MinION	1002970145.0	87652.0	WGS	GENOMIC	SINGLE	nanopore sequencing data from strain NBC_01683
ERR14125606	ERX13528263	ERS22899878	ERP159032	PRJEB74343	Rubrobacter radiotolerans		OXFORD_NANOPORE	PromethION			WGS	GENOMIC	SINGLE	Rubrobacter_radiotolerans
SRR17126949	SRX13311431	SRS11219912	SRP040661	PRJNA231221	Segatella copri DSM 18205	FDAARGOS_1573	PACBIO_SMRT	Sequel II	15691446074.0	1583200.0	WGS	GENOMIC	SINGLE	
ERR1377184	ERX1448310	ERS1054588	ERP005928	PRJEB6403	Enterococcus faecalis	NCTC12203	PACBIO_SMRT	PacBio RS	1535045393.0	163482.0	WGS	GENOMIC	SINGLE	PacBio RS sequencing
ERR15516459	ERX14920305	ERS26654055	ERP165332	PRJEB81499	Enterobacter hormaechei		OXFORD_NANOPORE	GridION	220229599.0	61216.0	WGS	GENOMIC	SINGLE	GridION sequencing
SRR31599254	SRX26964429	SRS23434139	SRP549287	PRJNA1185485	Escherichia coli	51	OXFORD_NANOPORE	PromethION	287655947.0	72594.0	WGS	GENOMIC	SINGLE	2ndManhole-barcode54
SRR21563362	SRX17565812	SRS14986987	SRP354045	PRJNA747871	Amycolatopsis sp. NBC_00348	NBC_00348	OXFORD_NANOPORE	MinION	9466096.0	25500.0	WGS	GENOMIC	SINGLE	nanopore sequencing data from strain NBC_00348
SRR13449086	SRX9862284	SRS8042175	SRP295672	PRJNA681856	Salmonella enterica subsp. salamae	LHICA_SA3	OXFORD_NANOPORE	MinION	29984330.0	4000.0	WGS	GENOMIC	SINGLE	WGS of Salmonella Lhica SA3_59
SRR32972761	SRX28245795	SRS24593458	SRP576427	PRJNA1190511	Yersinia pestis	41003	PACBIO_SMRT	Sequel	1364486043.0	108963.0	WGS	GENOMIC	SINGLE	WGS of Yersinia pestis: cultured strain 41003
SRR12298638	SRX8801939	SRS6792029	SRP266402	PRJNA605147	Escherichia coli	RHB31-C22	OXFORD_NANOPORE	GridION	1171019003.0	275191.0	WGS	GENOMIC	SINGLE	OXFORD_NANOPORE sequencing of Escherichia coli isolate RH10|T3-C22 cultured from Cattle faeces sample
SRR18212745	SRX14359258	SRS12172790	SRP362318	PRJNA812504	Pseudomonas aeruginosa	PA01135	OXFORD_NANOPORE	MinION	2720469239.0	238864.0	WGS	GENOMIC	SINGLE	Nanopore sequencing of PA01135
SRR387285	SRX110073	SRS302375	SRP001087	PRJNA40075	Escherichia coli str. K-12 substr. MG1655	K-12	PACBIO_SMRT	PacBio RS	12872853.0	60667.0	WGS	GENOMIC	SINGLE	Whole Genome Sequencing and Assembly
SRR13716335	SRX10104913	SRS8261937	SRP306496	PRJNA699332	Streptomyces sp. P3	P3	OXFORD_NANOPORE	MinION	35496215.0	4000.0	WGS	GENOMIC	SINGLE	Long-Read Genome sequencing of Streptomyces Strains from Arizona
ERR10499342	ERX10016628	ERS14256134	ERP142629	PRJEB57633	Escherichia coli		OXFORD_NANOPORE	GridION	105592685.0	15171.0	WGS	GENOMIC	SINGLE	Raw reads: ONT_31663_7#77
SRR32194414	SRX27535968	SRS23952463	SRP560996	PRJNA1218017	Bacteroides thetaiotaomicron	vpi-5482	OXFORD_NANOPORE	MinION	255802366.0	40000.0	WGS	GENOMIC	SINGLE	WGS of Bacteroides thetatiotaomicron grown on different carbon sources
ERR15942230	ERX15337775	ERS27418063	ERP171251	PRJEB88111	Escherichia coli	DTU_88A	OXFORD_NANOPORE	PromethION	770919555.0	128012.0	WGS	GENOMIC	SINGLE	Raw reads: DTU_2024_1035976_100_SI_DTU_88A_SE
SRR27421007	SRX23095513	SRS20051730	SRP481397	PRJNA1059007	Borreliella burgdorferi		OXFORD_NANOPORE	MinION	251145899.0	345427.0	WGS	GENOMIC	SINGLE	DNA Sequencing of UM B. burgdorferi CA-11.2A
SRR33768573	SRX28990903	SRS22396917	SRP444583	PRJNA962904	Escherichia coli		PACBIO_SMRT	Sequel II	722679731.0	36720.0	WGS	GENOMIC	SINGLE	PacBio sequencing of A040003HE1 for ARCH 2
SRR8179978	SRX5000052	SRS4034823	SRP040661	PRJNA231221	Chryseobacterium arthrosphaerae	FDAARGOS_519	PACBIO_SMRT	PacBio RS	1545910990.0	163482.0	WGS	GENOMIC	SINGLE	
ERR10472410	ERX9992755	ERS6795315	ERP109413	PRJEB27342	Klebsiella pneumoniae		PACBIO_SMRT	Sequel II	6056263831.0	1073389.0	WGS	GENOMIC	SINGLE	Sequel II sequencing
SRR16563845	SRX12765864	SRS10712865	SRP343032	PRJNA772095	Propionibacterium freudenreichii	TL110	PACBIO_SMRT	PacBio RS II	84439303.0	163482.0	WGS	GENOMIC	SINGLE	SMRT_TL110
ERR9939409	ERX9482808	ERS12345066	ERP138720	PRJEB53905	Haemophilus parainfluenzae	HUB-P02-HP03	OXFORD_NANOPORE	MinION	1932467396.0	213120.0	WGS	GENOMIC	SINGLE	MinION sequencing
SRR14859999	SRX11177786	SRS9235482	SRP324571	PRJNA734910	Streptococcus pneumoniae	S580	PACBIO_SMRT	Sequel	902208107.0	144131.0	WGS	GENOMIC	SINGLE	WGS of Streptococcus pneumoniae
SRR28740731	SRX24306636	SRS21069410	SRP502714	PRJNA1090129	Staphylococcus aureus	sa221115_barcode39	OXFORD_NANOPORE	MinION	936016488.0	192537.0	WGS	GENOMIC	SINGLE	Staphylococcus aureus strain sa221115_barcode39
SRR13289792	SRX9718954	SRS7252990	SRP278657	PRJNA658369	Klebsiella pneumoniae	ARLG-4860	OXFORD_NANOPORE	GridION	1055942007.0	159716.0	WGS	GENOMIC	SINGLE	ONT seq of K. pneumoniae
SRR498017	SRX148634	SRS281882	SRP013241	PRJNA73829	Vibrio cholerae		PACBIO_SMRT	PacBio RS	1947235.0	5175.0	WGS	GENOMIC	SINGLE	
SRR15171321	SRX11478502	SRS9518523	SRP328635	PRJNA746600	Phocaeicola coprophilus	DSM_18228	OXFORD_NANOPORE	MinION	238081106.0	21988.0	WGS	GENOMIC	SINGLE	WGS of Bacteroides-coprophilus-DSM-18228 library1 using OXFORD_NANOPORE
SRR13380326	SRX9803244	SRS7987528	SRP300808	PRJNA649533	Salmonella enterica		OXFORD_NANOPORE	GridION	194222764.0	16402.0	WGS	GENOMIC	SINGLE	ISF salmonella
ERR10498588	ERX10015877	ERS14255319	ERP142629	PRJEB57633	Escherichia coli		OXFORD_NANOPORE	GridION	112951098.0	15519.0	WGS	GENOMIC	SINGLE	Raw reads: ONT_30348_2#45
ERR10472462	ERX9992807	ERS6795299	ERP109413	PRJEB27342	Klebsiella variicola subsp. variicola		PACBIO_SMRT	Sequel II	102885214.0	15023.0	WGS	GENOMIC	SINGLE	Sequel II sequencing
SRR5868503	SRX3036104	SRS2384546	SRP040661	PRJNA231221	Nocardia sp. FDAARGOS_372	FDAARGOS_372	PACBIO_SMRT	PacBio RS	4153949614.0	163482.0	WGS	GENOMIC	SINGLE	
SRR9008286	SRX5786499	SRS4718808	SRP194968	PRJNA538386	Barrientosiimonas humi	DSM 24617	PACBIO_SMRT	Sequel	881144451.0	288296.0	WGS	GENOMIC	SINGLE	Barrientosiimonas humi DSM 24617
SRR33714338	SRX28939101	SRS25161555	SRP587900	PRJNA1268026	Escherichia coli	not applicable	OXFORD_NANOPORE	MinION	271081054.0	63983.0	WGS	GENOMIC	SINGLE	Long read sequencing of Escherichia coli: stool sample
DRR493261	DRX477460	DRS205663	DRP007742	PRJDB10568	Serratia marcescens	KC056	OXFORD_NANOPORE	MinION	540592465.0	52084.0	WGS	GENOMIC	SINGLE	MinION sequencing of SAMD00247344
SRR35628959	SRX30685075	SRS26704492	SRP627750	PRJNA1333901	Luteibacter sp. GL_149	GL_150	OXFORD_NANOPORE	MinION	706792769.0	118866.0	WGS	GENOMIC	SINGLE	Oxford Nanopore sequences of cultivable bacteria collected in an iron ore mine and a crystal cave
SRR31976208	SRX27331469	SRS23506628	SRP074197	PRJNA288601	Acinetobacter baumannii	2024HL-01334	OXFORD_NANOPORE	MinION	580506134.0	101442.0	WGS	GENOMIC	SINGLE	Long read sequencing of carbapenemase producing organisms
SRR26135316	SRX21848664	SRS18945920	SRP462494	PRJNA1019784	Shigella sonnei	3.6.1.1.2	OXFORD_NANOPORE	GridION	229707950.0	203370.0	WGS	GENOMIC	SINGLE	WGS of Shigella in Vancouver, 2021-23
ERR13332128	ERX12703145	ERS16392028	ERP151328	PRJEB66266	Clostridioides difficile R20291		OXFORD_NANOPORE	GridION	338318973.0	45321.0	WGS	GENOMIC	SINGLE	GridION sequencing
SRR32158416	SRX27503848	SRS23924090	SRP560261	PRJNA1129067	Enterobacter	roggenkampii	OXFORD_NANOPORE	MinION	519959830.0	160990.0	WGS	GENOMIC	SINGLE	FEB_UPS1
ERR13577273	ERX12947176	ERS20900494	ERP161852	PRJEB77420	Klebsiella pneumoniae		OXFORD_NANOPORE	MinION	253988626.0	38332.0	WGS	GENOMIC	SINGLE	Raw reads: Long reads sequencing of P09-40249 isolate
SRR17915339	SRX14073789	SRS11900538	SRP358722	PRJNA801225	Salmonella enterica	Cerro 87	OXFORD_NANOPORE	MinION	1860873808.0	569697.0	WGS	GENOMIC	SINGLE	Native sequences of dndBmutant2
SRR16602870	SRX12803979	SRS10749539	SRP343516	PRJNA775652	Ralstonia solanacearum	UW229	PACBIO_SMRT	PacBio RS	3002591104.0	287470.0	WGS	GENOMIC	SINGLE	Cool-virulence in Ralstonia solanacearum
SRR19858335	SRX15901925	SRS13590474	SRP383692	PRJNA853172	Escherichia coli		OXFORD_NANOPORE	MinION	558877300.0	71721.0	WGS	GENOMIC	SINGLE	Long read sequencing of MDR E. coli from Laos
SRR36920001	SRX31886531	SRS27841362	SRP665298	PRJNA1403646	Streptococcus constellatus	not applicable	OXFORD_NANOPORE	MinION	60423496.0	45684.0	WGS	GENOMIC	SINGLE	Long Reads for The Genomic Landscape of Head and Neck Cancer-associated Streptococci
SRR9722579	SRX6480193	SRS5130299	SRP215816	PRJNA470993	Staphylococcus aureus	ER01121.3	PACBIO_SMRT	PacBio RS II	772848377.0	126044.0	WGS	GENOMIC	SINGLE	WGS of Staphylococcus aureus
DRR572407	DRX555874	DRS426372	DRP012251	PRJDB17574	Escherichia coli	YK-IS1MA-L02-1_G08	OXFORD_NANOPORE	MinION	200189437.0	14138.0	WGS	GENOMIC	SINGLE	nanopore-seq of SAMD00748189 L02-1_G8
SRR10150545	SRX6875976	SRS5411814	SRP222665	PRJNA546759	Acidothermus cellulolyticus	10B	PACBIO_SMRT	Sequel	2542195925.0	638198.0	WGS	GENOMIC	SINGLE	Acidothermus cellulolyticus 10B
SRR13680679	SRX10070029	SRS8231709	SRP303037	PRJNA694442	Salmonella enterica		OXFORD_NANOPORE	GridION	4184057091.0	507949.0	WGS	GENOMIC	SINGLE	Multiplex WGS of Salmonella enterica
ERR10664192	ERX10133376	ERS2651659	ERP104475	PRJEB22771	Streptococcus pneumoniae		PACBIO_SMRT	Sequel II	818484717.0	114037.0	WGS	GENOMIC	SINGLE	Sequel II sequencing
SRR15702752	SRX11998639	SRS10005388	SRP335419	PRJNA759896	Bacillus velezensis	IZMIT	OXFORD_NANOPORE	MinION	291296598.0	209491.0	WGS	GENOMIC	SINGLE	WGS of Bacillus velezensis strain IZMIT
DRR295338	DRX284794	DRS478523	DRP004189	PRJDB5929	Klebsiella pneumoniae	C1817	OXFORD_NANOPORE	GridION	3298798661.0	481102.0	WGS	GENOMIC	SINGLE	GridION sequencing of SAMD00324245
SRR5810500	SRX2989060	SRS2340983	SRP111328	PRJNA393092	Porphyromonas gingivalis	TDC 60	PACBIO_SMRT	PacBio RS II	115270409.0	15542.0	WGS	GENOMIC	SINGLE	Resequencing of Porphyromonas gingivalis TDC 60 PacBio 2018
SRR12395212	SRX8893685	SRS7152707	SRP276100	PRJNA650381	Mycobacterium tuberculosis		OXFORD_NANOPORE	MinION	868934962.0	533477.0	WGS	GENOMIC	SINGLE	Nanopore TB WGS
SRR4340966	SRX2208108	SRS1725529	SRP074859	PRJNA321327	Staphylococcus simulans	MR4	PACBIO_SMRT	PacBio RS II	3242176837.0	163482.0	WGS	GENOMIC	SINGLE	MR4pacbio
DRR232350	DRX222571	DRS140081	DRP003581	PRJDB5126	Escherichia coli	YJ6	OXFORD_NANOPORE	GridION	2783052024.0	413195.0	WGS	GENOMIC	SINGLE	GridION sequencing of SAMD00157547
SRR13893483	SRX10273119	SRS8406392	SRP309815	PRJNA686978	Enterobacter cloacae	not collected	OXFORD_NANOPORE	MinION	556000906.0	222701.0	WGS	GENOMIC	SINGLE	nanopore sequencing of e cloacae: clinical isolate
SRR498078	SRX148634	SRS281882	SRP013241	PRJNA73829	Vibrio cholerae		PACBIO_SMRT	PacBio RS	664820.0	1448.0	WGS	GENOMIC	SINGLE	
SRR23086719	SRX19039202	SRS16456467	SRP417605	PRJNA903660	Mycobacterium tuberculosis		OXFORD_NANOPORE	MinION	111128849.0	86364.0	WGS	GENOMIC	SINGLE	WGS of Mycobacterium tuberculosis: isolate
SRR32610252	SRX27915704	SRS24285667	SRP568690	PRJNA1233267	Acinetobacter seifertii	missing	OXFORD_NANOPORE	MinION	939837593.0	300525.0	WGS	GENOMIC	SINGLE	WGS chicken breast enrichment: 87
SRR1740471	SRX747869	SRS734215	SRP046977	PRJNA259658	Enterobacter hormaechei subsp. xiangfangensis	34399	PACBIO_SMRT	PacBio RS	891228236.0	163482.0	WGS	GENOMIC	SINGLE	
SRR36475944	SRX31497892	SRS27478261	SRP655800	PRJNA555636	Mycobacterium tuberculosis	SEA09020105	PACBIO_SMRT	PacBio RS II	690041306.0	123506.0	WGS	GENOMIC	SINGLE	DNA-Seq of Mycobacterium tuberculosis from sputum
SRR8991240	SRX5770313	SRS4704453	SRP040661	PRJNA231221	Citrobacter braakii	FDAARGOS_638	PACBIO_SMRT	PacBio RS	1028939732.0	163482.0	WGS	GENOMIC	SINGLE	
ERR10155835	ERX9691955	ERS6426041	ERP109413	PRJEB27342	Klebsiella pneumoniae		PACBIO_SMRT	Sequel II	4419653520.0	704877.0	WGS	GENOMIC	SINGLE	Sequel II sequencing
ERR13326749	ERX12697777	ERS20295405	ERP161282	PRJEB76791	Salmonella enterica subsp. enterica serovar Agona		OXFORD_NANOPORE	MinION	233766623.0	53599.0	WGS	GENOMIC	SINGLE	MinION sequencing
SRR32527934	SRX27839594	SRS24213989	SRP567071	PRJNA1230128	Salmonella enterica subsp. enterica serovar Enteritidis	22EPA051NSA_1	OXFORD_NANOPORE	MinION	459009811.0	263451.0	WGS	GENOMIC	SINGLE	nanopore sequence of Salmonella enterica
SRR30944971	SRX26347433	SRS22853331	SRP537443	PRJNA1170947	Raoultella ornithinolytica	TET32	OXFORD_NANOPORE	MinION	2482058296.0	183578.0	WGS	GENOMIC	SINGLE	Whole Genome Sequencing of CAV2777: Sink-4PS
SRR21696617	SRX17694168	SRS11554443	SRP354045	PRJNA747871	Streptomyces sp. NBC_00920	NBC_00920	OXFORD_NANOPORE	MinION	457627623.0	50762.0	WGS	GENOMIC	SINGLE	nanopore sequencing data from strain NBC_00920
SRR3723273	SRX1880875	SRS1527647	SRP077329	PRJNA234908	Carnobacterium divergens DSM 20623	66	PACBIO_SMRT	PacBio RS	306220047.0	109460.0	WGS	GENOMIC	SINGLE	Carnobacterium divergens 66
SRR26327429	SRX22035461	SRS19107827	SRP465264	PRJNA1024516	Enterococcus faecalis		OXFORD_NANOPORE	MinION	384599347.0	24803.0	WGS	GENOMIC	SINGLE	Long-read WGS characterization of commensal Enterococcus isolates from dairy cattle in Northern Spain
SRR2874405	SRX1402519	SRS1141603	SRP065533	PRJNA231467	Burkholderia pseudomallei MSHR62	MSHR62	PACBIO_SMRT	PacBio RS II	225262084.0	51733.0	WGS	GENOMIC	SINGLE	BPA_PacBio
ERR4184099	ERX4147390	ERS4590921	ERP121870	PRJEB38443	Citrobacter werkmanii		OXFORD_NANOPORE	MinION	1955914275.0	349954.0	WGS	GENOMIC	SINGLE	MinION sequencing; Raw reads: Nanopore_BB1474
SRR20280224	SRX16313821	SRS13952648	SRP386821	PRJNA857909	Escherichia coli	49777_LR	OXFORD_NANOPORE	MinION	363280986.0	282822.0	WGS	GENOMIC	SINGLE	mcr-1-positive E. coli in the French goat sector
SRR33404846	SRX28646088	SRS24916710	SRP582691	PRJNA1256904	Pseudomonas aeruginosa	missing	OXFORD_NANOPORE	MinION	1482630421.0	175916.0	WGS	GENOMIC	SINGLE	NGS of Pseudomonas isolate
ERR1341781	ERX1413355	ERS1093623	ERP014688	PRJEB13149	Bordetella holmesii		PACBIO_SMRT	PacBio RS	105915672.0	81741.0	WGS	GENOMIC	SINGLE	PacBio RS sequencing
ERR16090427	ERX15480262	ERS28454303	ERP183034	PRJEB101632	Rhizobium sp. PK7-22		PACBIO_SMRT	Sequel	195297520.0	16441.0	WGS	GENOMIC	SINGLE	Sequel sequencing
SRR9007824	SRX5786037	SRS4718457	SRP194954	PRJNA538396	Salinispora arenicola	DSM 44819	PACBIO_SMRT	Sequel	1329237486.0	536482.0	WGS	GENOMIC	SINGLE	Salinispora arenicola DSM 44819
SRR36095892	SRX31141420	SRS21867770	SRP291668	PRJNA675431	Klebsiella pneumoniae		OXFORD_NANOPORE	PromethION	275050036.0	119908.0	WGS	GENOMIC	SINGLE	WGS of Klebsiella pneumoniae
SRR30128336	SRX25597641	SRS22247344	SRP524157	PRJNA1137535	Bacillus cereus	QKG-2024	PACBIO_SMRT	Sequel	1247711624.0	473265.0	WGS	GENOMIC	SINGLE	DNA of Bacillus cereus
ERR1313293	ERX1384975	ERS1063313	ERP014272	PRJEB12765	Escherichia coli		OXFORD_NANOPORE	MinION	246042593.0	15135.0	WGS	GENOMIC	SINGLE	MinION sequencing
SRR30085193	SRX25558650	SRS22210759	SRP523632	PRJNA1142676	Klebsiella variicola	kv220713_barcode52	OXFORD_NANOPORE	MinION	341314517.0	48668.0	WGS	GENOMIC	SINGLE	Klebsiella variicola strain kv220713_barcode52
SRR33123748	SRX28387279	SRS24711206	SRP578427	PRJNA1244367	Bacillus cereus ATCC 14579	ATCC 14579	OXFORD_NANOPORE	GridION	1156952255.0	449714.0	WGS	GENOMIC	SINGLE	WGS of Bacillus cereus Strain ATCC14681
SRR19820562	SRX15864359	SRS13526173	SRP361569	PRJNA768416	Bacillus sp. FSL R5-0293	FSL R5-0293	OXFORD_NANOPORE	MinION	391041324.0	92366.0	WGS	GENOMIC	SINGLE	WGS of Bacilli
SRR21665096	SRX17663504	SRS15195564	SRP398529	PRJNA678167	Xenorhabdus cabanillasii JM26	JM26	OXFORD_NANOPORE	GridION	987499439.0	90900.0	WGS	GENOMIC	SINGLE	ONT SQK-LSK109 library of Xenorhabdus cabanillasii DSM 17905: R9.4.1 flowcell on GridION, guppy v4.0.11 high accuracy mode
DRR378813	DRX364705	DRS397294	DRP006482	PRJDB5246	Staphylococcus aureus	CN06	PACBIO_SMRT	Sequel	834979621.0	73352.0	WGS	GENOMIC	SINGLE	Sequel sequencing of SAMD00263010
SRR386321	SRX109869	SRS212329	SRP007226	PRJNA64815	Bacteroides fragilis CL05T00C42	CL05T00C42	PACBIO_SMRT	PacBio RS	62901818.0	81741.0	WGS	GENOMIC	SINGLE	Whole Genome Sequencing and Assembly
SRR13575465	SRX9973397	SRS8145954	SRP303741	PRJNA695586	Streptococcus pyogenes	M4C20	OXFORD_NANOPORE	MinION	3564599.0	4000.0	WGS	GENOMIC	SINGLE	Whole genome sequence of Streptococcus pyogenes strain M4C20
SRR31783423	SRX27144808	SRS23600096	SRP552801	PRJNA1199998	Pseudomonas sp. MPB26	MPB26	OXFORD_NANOPORE	MinION	581547113.0	84000.0	WGS	GENOMIC	SINGLE	Whole genome sequencing of bacterial isolates using Nanopore
ERR15284511	ERX14690345	ERS711046	ERP176771	PRJEB93892	Klebsiella pneumoniae	INF246	OXFORD_NANOPORE	MinION	679168375.0	60092.0	WGS	GENOMIC	SINGLE	MinION sequencing
SRR21696585	SRX17694195	SRS14987360	SRP354045	PRJNA747871	Streptomyces sp. NBC_00795	NBC_00795	OXFORD_NANOPORE	MinION	544062556.0	87962.0	WGS	GENOMIC	SINGLE	nanopore sequencing data from strain NBC_00795
SRR15989243	SRX12277624	SRS9999025	SRP357537	PRJNA801416	Klebsiella pneumoniae	234	OXFORD_NANOPORE	GridION	1256685720.0	143547.0	WGS	GENOMIC	SINGLE	Whole Genome Sequencing of Carbapenemase-producing Enterobacterales (CPE)
SRR31599592	SRX26964090	SRS23433801	SRP549287	PRJNA1185485	Escherichia coli	122	OXFORD_NANOPORE	PromethION	342882704.0	97727.0	WGS	GENOMIC	SINGLE	FW-Pig-barcode27
ERR13326638	ERX12697666	ERS20295570	ERP161282	PRJEB76791	Salmonella enterica subsp. enterica serovar Agona		OXFORD_NANOPORE	MinION	486802219.0	41562.0	WGS	GENOMIC	SINGLE	MinION sequencing
ERR15373208	ERX14776893	ERS23666229	ERP169391	PRJEB86018	Haemophilus influenzae		PACBIO_SMRT	Sequel II	445148517.0	41170.0	WGS	GENOMIC	SINGLE	Sequel II sequencing
SRR30896137	SRX26299884	SRS22828606	SRP536878	PRJNA1134622	Escherichia coli	OXEC-359	OXFORD_NANOPORE	MinION	47131483.0	17135.0	WGS	GENOMIC	SINGLE	OXEC-359
ERR1894935	ERX1955331	ERS1064041	ERP014293	PRJEB12786	Burkholderia multivorans		PACBIO_SMRT	PacBio RS	3144076434.0	163482.0	WGS	GENOMIC	SINGLE	PacBio RS sequencing
ERR3664735	ERX3656344	ERS4026992	ERP118444	PRJEB35407	Streptococcus suis		OXFORD_NANOPORE	MinION			WGS	GENOMIC	SINGLE	MinION sequencing
DRR393714	DRX379533	DRS297047	DRP007849	PRJDB10842	Citrobacter portucalensis	JBBEADA-19-0164	OXFORD_NANOPORE	GridION	1609042605.0	216368.0	WGS	GENOMIC	SINGLE	GridION sequencing of SAMD00499224
SRR30149251	SRX25617382	SRS21937476	SRP518730	PRJNA1133668	Klebsiella pneumoniae	ST258KP23	OXFORD_NANOPORE	MinION	113969225.0	21131.0	WGS	GENOMIC	SINGLE	Nanopore sequencing of clinical CRE isolates: human
ERR10741411	ERX10190720	ERS14394692	ERP143791	PRJEB58724	Klebsiella pneumoniae		OXFORD_NANOPORE	MinION	75505597.0	12902.0	WGS	GENOMIC	SINGLE	NIHR Nanopore Sequencing
SRR9008411	SRX5786611	SRS4718913	SRP194982	PRJNA538391	Actinoallomurus bryophytorum	DSM 102200	PACBIO_SMRT	Sequel	534779545.0	159825.0	WGS	GENOMIC	SINGLE	Actinoallomurus bryophytorum DSM 102200
SRR19894753	SRX15937790	SRS13624978	SRP384109	PRJNA853901	Bordetella pertussis	Bp-801761-19	OXFORD_NANOPORE	MinION	680877300.0	79665.0	WGS	GENOMIC	SINGLE	Whole genome sequencing of Bordetella pertussis Population with Nanopore Q20 kit
SRR30149333	SRX25617300	SRS3052367	SRP518730	PRJNA1133668	Citrobacter koseri	KP0890	OXFORD_NANOPORE	MinION	290131131.0	32304.0	WGS	GENOMIC	SINGLE	Nanopore sequencing of clinical CRE isolates: human
SRR14352129	SRX10705977	SRS8795781	SRP316801	PRJNA716062	Acinetobacter junii	INC8271	OXFORD_NANOPORE	MinION	307718027.0	46114.0	WGS	GENOMIC	SINGLE	Whole Genome Secuencing of Homo sapiens: patient with polymicrobial bacteremia
SRR34585846	SRX29727093	SRS25834276	SRP601927	PRJNA1293459	Escherichia coli Nissle 1917	Nissle 1917	OXFORD_NANOPORE	MinION	5174498820.0	1759908.0	WGS	GENOMIC	SINGLE	de novo plasmid reads of EcN escape mutants (pEnt-533)
SRR32410598	SRX27740958	SRS24128753	SRP565160	PRJNA1225906	Neisseria meningitidis		OXFORD_NANOPORE	GridION	644723922.0	146185.0	WGS	GENOMIC	SINGLE	WGS of Neisseria meningitids isolate
SRR12395168	SRX8893729	SRS7152751	SRP276100	PRJNA650381	Mycobacterium tuberculosis		OXFORD_NANOPORE	MinION	855018396.0	587139.0	WGS	GENOMIC	SINGLE	Nanopore TB WGS
SRR32566531	SRX27876137	SRS24248736	SRP567825	PRJNA1227994	Serratia nevei	GTA-SR11	OXFORD_NANOPORE	MinION	2738360812.0	336905.0	WGS	GENOMIC	SINGLE	WGS of Serratia neve: peach
SRR27972650	SRX23625803	SRS20465346	SRP489819	PRJNA1076692	Escherichia coli	RIVM_C055345_dorado	OXFORD_NANOPORE	MinION	279391466.0	62686.0	WGS	GENOMIC	SINGLE	RIVM_C055345_dorado
SRR448078	SRX131407	SRS002764	SRP001666	PRJNA32461	Coprobacillus cateniformis	D6	PACBIO_SMRT	PacBio RS	77357147.0	81741.0	WGS	GENOMIC	SINGLE	Whole Genome Sequencing and Assembly
SRR26139274	SRX21852520	SRS18949550	SRP462539	PRJNA1019874	Mycobacterium tuberculosis		PACBIO_SMRT	Sequel II	124112107.0	7206.0	WGS	GENOMIC	SINGLE	WGS of M.tuberculosis
SRR14883156	SRX11200256	SRS9241028	SRP324698	PRJNA736395	Escherichia coli O111:H8	05-3004	PACBIO_SMRT	PacBio RS II	2301019976.0	163482.0	WGS	GENOMIC	SINGLE	Genome sequencing of E. coli O111 serotypes
ERR2615935	ERX2632590	ERS1103823	ERP014552	PRJEB13014	Streptococcus pyogenes		PACBIO_SMRT	PacBio RS	1421814036.0	163482.0	WGS	GENOMIC	SINGLE	PacBio RS sequencing
SRR11492373	SRX8068297	SRS6436951	SRP255494	PRJNA587689	Shewanella chilikensis	DC57	OXFORD_NANOPORE	MinION	1836018574.0	1841564.0	WGS	GENOMIC	SINGLE	Genome sequencing of pure isolate CCC-APB5_N
SRR16940858	SRX13132859	SRS11066460	SRP346006	PRJNA554638	Escherichia coli	ESBL26	PACBIO_SMRT	Sequel	592927018.0	119590.0	WGS	GENOMIC	SINGLE	Pacbio of ESBL producing Escherichia coli
SRR18191612	SRX14338138	SRS12152186	SRP362168	PRJNA808207	Escherichia coli	Slk8430767	OXFORD_NANOPORE	MinION	528833550.0	111484.0	WGS	GENOMIC	SINGLE	MinION whole genome sequencing of STEC from ruminants
SRR24323157	SRX20117601	SRS17447155	SRP434847	PRJNA962525	Escherichia coli	MDS42_CFTR_final	OXFORD_NANOPORE	MinION	403462441.0	72498.0	WGS	GENOMIC	SINGLE	WGS of E. coli with additional episome
SRR17231624	SRX13410738	SRS11313195	SRP350803	PRJNA788515	Erwinia tracheiphila	SCR3	PACBIO_SMRT	PacBio RS II	3412828275.0	163482.0	WGS	GENOMIC	SINGLE	SCR3_PacBio_reads
SRR15989528	SRX12278011	SRS9999127	SRP357537	PRJNA801416	Enterobacter hormaechei	E403	OXFORD_NANOPORE	GridION	861419623.0	88845.0	WGS	GENOMIC	SINGLE	Whole Genome Sequencing of Carbapenemase-producing Enterobacterales (CPE)
SRR17681516	SRX13844868	SRS11672798	SRP353467	PRJNA794134	Listeria monocytogenes	TB0452	OXFORD_NANOPORE	MinION	87955254.0	11123.0	WGS	GENOMIC	SINGLE	long read sequencing of Listeria monocytogenes
SRR31486866	SRX26855085	SRS12173646	SRP074197	PRJNA288601	Enterobacter cloacae	2021HL-00924	OXFORD_NANOPORE	MinION	774848498.0	119564.0	WGS	GENOMIC	SINGLE	Long read sequencing of carbapenemase producing organisms
SRR35574258	SRX30647190	SRS26670434	SRP625638	PRJNA1320685	Escherichia coli	SW070912	OXFORD_NANOPORE	MinION	3820601219.0	1144177.0	WGS	GENOMIC	SINGLE	ONT Long-Read DNA Sequencing of SW070912 Dorado SUP basecalling
ERR10499325	ERX10016611	ERS14255983	ERP142629	PRJEB57633	Escherichia coli		OXFORD_NANOPORE	GridION	101965044.0	11375.0	WGS	GENOMIC	SINGLE	Raw reads: ONT_31663_7#312
ERR10498109	ERX10015398	ERS14254826	ERP142629	PRJEB57633	Escherichia coli		OXFORD_NANOPORE	GridION	60049607.0	11093.0	WGS	GENOMIC	SINGLE	Raw reads: ONT_30348_2#243
ERR1466812	ERX1537289	ERS1106944	ERP005928	PRJEB6403	Klebsiella pneumoniae	NCTC13683	PACBIO_SMRT	PacBio RS	2054208176.0	163482.0	WGS	GENOMIC	SINGLE	PacBio RS sequencing
SRR26950717	SRX22644489	SRS19641537	SRP474291	PRJNA1043871	Bacillus sp. PBL-C9	PBL-C9	OXFORD_NANOPORE	MinION	30699.0	6.0	WGS	GENOMIC	SINGLE	Bacillus sp. PBL-C9 Genome sequencing and assembly
SRR1943300	SRX497640	SRS579213	SRP040318	PRJNA212441	Orientia tsutsugamushi str. Kato PP		PACBIO_SMRT	PacBio RS	1536696545.0	163482.0	WGS	GENOMIC	SINGLE	
SRR21541366	SRX17543575	SRS12514013	SRP367713	PRJNA823737	Ralstonia solanacearum	UW551	OXFORD_NANOPORE	MinION	40626271.0	16447.0	WGS	GENOMIC	SINGLE	Whole genome sequencing of Ralstonia solanacearum
SRR32729611	SRX28016007	SRS24377827	SRP570798	PRJNA1236865	Escherichia coli	TUM23331	OXFORD_NANOPORE	MinION	494103148.0	55059.0	WGS	GENOMIC	SINGLE	"=""ONT sequencing using ""&[1]SRA_data!$J$2&"" of ""&[1]SRA_data!B15"
SRR21682047	SRX17680143	SRS15211884	SRP074197	PRJNA288601	Enterobacter asburiae	2017-45-54-05	PACBIO_SMRT	PacBio RS II	1906596119.0	163482.0	WGS	GENOMIC	SINGLE	PacBio sequencing of 2017-45-54-05
SRR5362225	SRX2658006	SRS2061110	SRP102195	PRJNA369395	Capnocytophaga gingivalis	H1496	PACBIO_SMRT	PacBio RS II	406671261.0	163482.0	WGS	GENOMIC	SINGLE	
ERR10497624	ERX10014913	ERS14254493	ERP142629	PRJEB57633	Escherichia coli		OXFORD_NANOPORE	GridION	105504079.0	35862.0	WGS	GENOMIC	SINGLE	Raw reads: ONT_30134_6#174
SRR5194464	SRX2510115	SRS1934073	SRP097480	PRJNA331842	Rhodococcus sp. OK302	OK302	PACBIO_SMRT	PacBio RS	559261455.0	111025.0	WGS	GENOMIC	SINGLE	Rhodococcus sp. OK302
SRR36093134	SRX31138585	SRS27124359	SRP151512	PRJNA478278	Salmonella enterica	R25.0645	OXFORD_NANOPORE	MinION	391921542.0	94562.0	WGS	GENOMIC	SINGLE	WGS of Salmonella enterica
SRR20138938	SRX16174060	SRS13835864	SRP385218	PRJNA856428	Escherichia coli	Nanopore_W61	OXFORD_NANOPORE	PromethION	1464412291.0	155842.0	WGS	GENOMIC	SINGLE	Nanopore sequncing of Escherichia coli str. K12 substr. MG1655: MA line
SRR10918227	SRX7585539	SRS6019235	SRP243625	PRJNA566825	Streptosporangium becharense	DSM 46887	PACBIO_SMRT	Sequel	3444424164.0	1384926.0	WGS	GENOMIC	SINGLE	Streptosporangium becharense DSM 46887
SRR33705229	SRX28930710	SRS25168348	SRP587677	PRJNA1187867	Enterococcus sp.	E. faecium HWP030:4A	OXFORD_NANOPORE	PromethION	63463892.0	32000.0	WGS	GENOMIC	SINGLE	E. faecium HWP030:4A
ERR6293213	ERX5925810	ERS6652531	ERP129149	PRJEB45033	Pseudomonas fluorescens	WCS374	PACBIO_SMRT	unspecified	139027559.0	28667.0	WGS	GENOMIC	SINGLE	unspecified sequencing; Raw reads: Pseudomonas_WCS374
SRR24140472	SRX19939001	SRS17287710	SRP247747	PRJNA604975	Escherichia coli	ox_bsi_666	OXFORD_NANOPORE	GridION	339766262.0	56377.0	WGS	GENOMIC	SINGLE	oxford_bsi
ERR9682697	ERX9231688	ERS11816058	ERP120185	PRJEB36919	Campylobacter jejuni		PACBIO_SMRT	Sequel II	66862660.0	8767.0	WGS	GENOMIC	SINGLE	Sequel II sequencing
ERR13243097	ERX12613846	ERS15231729	ERP143914	PRJEB58840	Paraburkholderia fungorum NBRC 102489		OXFORD_NANOPORE	MinION	1331219521.0	138796.0	WGS	GENOMIC	SINGLE	MinION sequencing
SRR12280419	SRX8784296	SRS7053061	SRP272861	PRJNA646575	Phocaeicola vulgatus		OXFORD_NANOPORE	GridION	2587753192.0	260266.0	WGS	GENOMIC	SINGLE	WGS  of Bacteroides fragilis group clinical isolates
DRR393777	DRX379596	DRS297109	DRP007849	PRJDB10842	Klebsiella quasipneumoniae subsp. similipneumoniae	JBDAAAB-19-0061	OXFORD_NANOPORE	GridION	361002028.0	27728.0	WGS	GENOMIC	SINGLE	GridION sequencing of SAMD00501016
ERR6326019	ERX5957716	ERS6670416	ERP129149	PRJEB45033	Pseudomonas chlororaphis	Phz24	PACBIO_SMRT	unspecified	140722820.0	29141.0	WGS	GENOMIC	SINGLE	unspecified sequencing; Raw reads: Pseudomonas_PHZ24
SRR19519876	SRX15572431	SRS13275291	SRP378127	PRJNA819273	Staphylococcus aureus	IVB6239	PACBIO_SMRT	Sequel II	2108543353.0	195239.0	WGS	GENOMIC	SINGLE	PacBio Sequel sequencing of camel Staphylococcaceae from the Horn of Africa
SRR30934846	SRX26337463	SRS22863377	SRP537571	PRJNA1168290	Paenibacillus sp. TAB_01	TAB_01	OXFORD_NANOPORE	MinION	1490351.0	192.0	WGS	GENOMIC	SINGLE	Paenibacillus sp. TAB 01 from cotton plant tissue
SRR5947284	SRX3105991	SRS2395104	SRP114303	PRJNA340556	Hallerella succinigenes	UWS3	PACBIO_SMRT	PacBio RS II	626755104.0	235068.0	WGS	GENOMIC	SINGLE	Fibrobacter sp. UWS3
SRR30949644	SRX26352142	SRS22817400	SRP536567	PRJNA1165464	Escherichia coli	Not applicable	OXFORD_NANOPORE	MinION	332668193.0	70224.0	WGS	GENOMIC	SINGLE	Nanopore sequencing of E.coli: blood isolate
SRR26437365	SRX22142143	SRS19201884	SRP467311	PRJNA1026547	Acinetobacter baumannii	ACC00535_zosurabalpin_3	OXFORD_NANOPORE	GridION	106857928.0	9886.0	WGS	GENOMIC	SINGLE	WGS of Acinetobacter baumannii: ACC00535 derivative with elevated RG6006 MIC
SRR23471051	SRX19374137	SRS9189526	SRP422715	PRJNA878812	Pseudomonas aeruginosa		OXFORD_NANOPORE	GridION	424332162.0	86660.0	WGS	GENOMIC	SINGLE	Nanopore sequencing of ARLN isolate
ERR4047291	ERX4048424	ERS3340495	ERP113355	PRJEB30866	Escherichia coli		PACBIO_SMRT	Sequel	366569296.0	137502.0	WGS	GENOMIC	SINGLE	Sequel sequencing
SRR27972686	SRX23625767	SRS20465335	SRP489819	PRJNA1076692	Citrobacter freundii	RIVM_C055180_dorado	OXFORD_NANOPORE	MinION	240086339.0	88052.0	WGS	GENOMIC	SINGLE	RIVM_C055180_dorado
ERR1080512	ERX1160102	ERS798842	ERP005928	PRJEB6403	Staphylococcus aureus	NCTC13552	PACBIO_SMRT	PacBio RS	487487500.0	163482.0	WGS	GENOMIC	SINGLE	PacBio RS sequencing
ERR2237811	ERX2289978	ERS1869809	ERP005928	PRJEB6403	Metamycoplasma sualvi		PACBIO_SMRT	PacBio RS	471440791.0	163482.0	WGS	GENOMIC	SINGLE	PacBio RS sequencing
SRR24462677	SRX20249530	SRS17582400	SRP436364	PRJNA970070	Vibrio cholerae	M812	OXFORD_NANOPORE	GridION	80907824.0	23816.0	WGS	GENOMIC	SINGLE	Genomic evidence of the transmissions in early seventh cholera pandemic
SRR31598882	SRX26963603	SRS23433315	SRP549287	PRJNA1185485	Escherichia coli	960	OXFORD_NANOPORE	PromethION	672992924.0	151685.0	WGS	GENOMIC	SINGLE	wwtp-9n14-barcode28
DRR572397	DRX555864	DRS426367	DRP012251	PRJDB17574	Escherichia coli	YK-IS1MA-L11_Anc	OXFORD_NANOPORE	MinION	37152878.0	1992.0	WGS	GENOMIC	SINGLE	nanopore-seq of SAMD00748184 L11_Anc
SRR36429298	SRX31454315	SRS27437509	SRP654863	PRJNA1380450	Salmonella enterica subsp. enterica serovar Typhimurium	ST4/74	OXFORD_NANOPORE	MinION	386051143.0	95882.0	WGS	GENOMIC	SINGLE	gDNA sequencing of Salmonella enterica 4/74: late stationary phase growth phase in L-broth (16h of growth)
ERR2797033	ERX2806052	ERS2735095	ERP110894	PRJEB28660	Escherichia coli		OXFORD_NANOPORE	MinION	551350662.0	39258.0	WGS	GENOMIC	SINGLE	MinION sequencing
SRR27490539	SRX23161743	SRS20111851	SRP186943	PRJNA510385	Staphylococcus pseudintermedius	not applicable	OXFORD_NANOPORE	GridION	305976418.0	88000.0	WGS	GENOMIC	SINGLE	SIG-Dog-OK74078CY230072
SRR26893895	SRX22588169	SRS19595086	SRP473093	PRJNA1041797	Streptomyces griseus	NEB1061	PACBIO_SMRT	PacBio RS II	1741670324.0	490446.0	WGS	GENOMIC	SINGLE	PacBio library of native Streptomyces griseus gDNA
SRR8549467	SRX5351401	SRS645323	SRP043522	PRJNA244943	Bacteroides fragilis	DCMOUH0017B	PACBIO_SMRT	Sequel	652777976.0	145619.0	WGS	GENOMIC	SINGLE	PacBio DNA-seq of Bacteroides fragilis: BF17. Fastq.
ERR879391	ERX958794	ERS659576	ERP005928	PRJEB6403	Escherichia coli	NCTC10855	PACBIO_SMRT	PacBio RS	1076719352.0	163482.0	WGS	GENOMIC	SINGLE	PacBio RS sequencing
SRR8457079	SRX5263668	SRS4264453	SRP180312	PRJNA504608	Neisseria gonorrhoeae	FQ04	OXFORD_NANOPORE	MinION	87700947.0	19287.0	WGS	GENOMIC	SINGLE	FQ04
SRR35071126	SRX30184895	SRS26244906	SRP610420	PRJNA1308807	Escherichia coli	Ec_246	OXFORD_NANOPORE	MinION	695831550.0	106330.0	WGS	GENOMIC	SINGLE	Oxford Nanopore sequences of an isolated E. coli strain from wastewater
SRR19843282	SRX15887106	SRS12115086	SRP361569	PRJNA768416	Lysinibacillus sp. FSL H8-0500		OXFORD_NANOPORE	MinION	504800304.0	65644.0	WGS	GENOMIC	SINGLE	WGS of Bacilli
SRR32671643	SRX27975078	SRS24340012	SRP570009	PRJNA1234812	Komagataeibacter intermedius	SLAM-NK6B	OXFORD_NANOPORE	MinION	762083799.0	72208.0	WGS	GENOMIC	SINGLE	gDNA of K.intermedius SLAM-NK06B
SRR13893504	SRX10273510	SRS8406534	SRP309815	PRJNA686978	Escherichia coli	not collected	OXFORD_NANOPORE	MinION	1163225883.0	92087.0	WGS	GENOMIC	SINGLE	nanopore sequencing of e coli: clinical isolate
SRR35211196	SRX30315013	SRS26362646	SRP615806	PRJNA1298934	Nitrobacter vulgaris	MLSD-S22	OXFORD_NANOPORE	MinION	1859601013.0	478435.0	WGS	GENOMIC	SINGLE	Nanopore seq of Nitrobacter vulgaris MLSD-S22
ERR5951433	ERX5592008	ERS6480716	ERP129212	PRJEB45084	Klebsiella pneumoniae		OXFORD_NANOPORE	MinION	858435689.0	198629.0	WGS	GENOMIC	SINGLE	MinION sequencing
SRR24140244	SRX19938833	SRS17287542	SRP247747	PRJNA604975	Escherichia coli	ox_bsi_180	OXFORD_NANOPORE	GridION	342788571.0	276003.0	WGS	GENOMIC	SINGLE	oxford_bsi
SRR24140391	SRX19938686	SRS17287395	SRP247747	PRJNA604975	Escherichia coli	ox_bsi_339	OXFORD_NANOPORE	GridION	271244705.0	93000.0	WGS	GENOMIC	SINGLE	oxford_bsi
SRR31599139	SRX26963945	SRS23433655	SRP549287	PRJNA1185485	Escherichia coli	47	OXFORD_NANOPORE	PromethION	1242837555.0	210728.0	WGS	GENOMIC	SINGLE	2ndManhole-barcode48
SRR36688803	SRX31697316	SRS27665478	SRP659964	PRJNA1240947	Klebsiella pneumoniae	UKR-KP5.2	OXFORD_NANOPORE	PromethION	433219026.0	86030.0	WGS	GENOMIC	SINGLE	Nanopore seq UKR-KP5.2
SRR25890190	SRX21610649	SRS18783877	SRP458186	PRJNA1012291	Staphylococcus	Staphylococcus aureus	OXFORD_NANOPORE	MinION	520656722.0	547443.0	WGS	GENOMIC	SINGLE	Nanopore sequencing data of MRSA
DRR121809	DRX114746	DRS062159	DRP004189	PRJDB5929	Klebsiella pneumoniae	KP66	PACBIO_SMRT	PacBio RS II	914398727.0	179612.0	WGS	GENOMIC	SINGLE	PacBio RS II sequencing of SAMD00059743
ERR10498142	ERX10015431	ERS14254347	ERP142629	PRJEB57633	Escherichia coli		OXFORD_NANOPORE	GridION	114423569.0	25189.0	WGS	GENOMIC	SINGLE	Raw reads: ONT_30348_2#40
SRR30791256	SRX26192735	SRS22735263	SRP534624	PRJNA1161571	Burkholderia pseudomallei	Bp14	OXFORD_NANOPORE	MinION	251193533.0	114053.0	WGS	GENOMIC	SINGLE	Nanopore sequencing of B. pseudomallei
SRR12825958	SRX9293596	SRS7519936	SRP040661	PRJNA231221	Enterococcus hirae	FDAARGOS_1057	PACBIO_SMRT	PacBio RS	1685211779.0	163482.0	WGS	GENOMIC	SINGLE	
SRR9174981	SRX5947643	SRS4859673	SRP040661	PRJNA231221	Enterococcus gallinarum	FDAARGOS_728	PACBIO_SMRT	PacBio RS	1019443006.0	163482.0	WGS	GENOMIC	SINGLE	
ERR10229191	ERX9764147	ERS6480111	ERP109413	PRJEB27342	Klebsiella pneumoniae		PACBIO_SMRT	Sequel II	6052928452.0	958070.0	WGS	GENOMIC	SINGLE	Sequel II sequencing
ERR15726179	ERX15131307	ERS27074463	ERP171481	PRJEB88388	Stenotrophomonas indicatrix	R-92691	OXFORD_NANOPORE	MinION	958884832.0	774954.0	WGS	GENOMIC	SINGLE	Raw reads: Stenotrophomonas indicatrix R-92691
SRR32985297	SRX28253156	SRS24600440	SRP576577	PRJNA1243455	Micrococcus yunnanensis	219-1-C	OXFORD_NANOPORE	MinION	335561614.0	123806.0	WGS	GENOMIC	SINGLE	Collection of environmental bacteria isolated from laboratory cold storage devices
SRR34410494	SRX29574064	SRS25698316	SRP598841	PRJNA1287288	Escherichia coli	AH20J067	OXFORD_NANOPORE	MinION	874875032.0	78101.0	WGS	GENOMIC	SINGLE	R10.4.1 WGS of bacterial isolate for accuracy benchmarking
SRR28445586	SRX24049089	SRS20840578	SRP497734	PRJNA1077798	Alteromonas gracilis	J4	OXFORD_NANOPORE	MinION	2434609.0	1000.0	WGS	GENOMIC	SINGLE	Alteromonas gracilis strain J4, whole genome Nanopore Sequencing
SRR11209231	SRX7822202	SRS6233359	SRP251108	PRJNA609126	Staphylococcus aureus	SA1428	OXFORD_NANOPORE	GridION	99623369.0	4000.0	WGS	GENOMIC	SINGLE	Genome sequence of a chronic Staphylococcus aureus isolated from dairy cow that is non-responsive to antibiotic treatment
SRR4176232	SRX2140948	SRS1672845	SRP086760	PRJNA303196	Carnobacterium iners	LMG26642	PACBIO_SMRT	PacBio RS	715000500.0	196859.0	WGS	GENOMIC	SINGLE	Carnobacterium iners LMG 26642
SRR28331549	SRX23939829	SRS20743867	SRP495027	PRJNA1086569	Bacillus anthracis	Sterne-CLR2-46	OXFORD_NANOPORE	MinION	1047072303.0	349638.0	WGS	GENOMIC	SINGLE	Nanopore WGS of Bacillus anthracis
SRR15061302	SRX11371507	SRS9417495	SRP327373	PRJNA744395	Macrococcus	19Msa1099	OXFORD_NANOPORE	MinION	1057421832.0	136809.0	WGS	GENOMIC	SINGLE	Macrococcus species 19Msa1099, complete genome
SRR12299067	SRX8802146	SRS6792748	SRP266402	PRJNA605147	Citrobacter freundii	RHBSTW-00923	OXFORD_NANOPORE	GridION	2110761603.0	377082.0	WGS	GENOMIC	SINGLE	OXFORD_NANOPORE sequencing of Citrobacter freundii isolate WTP1|T3-00923 cultured from WTP upstream sample
SRR11174054	SRX7795246	SRS6210636	SRP250563	PRJNA607555	Agrobacterium rubi	W2/73	OXFORD_NANOPORE	MinION	703317565.0	160566.0	WGS	GENOMIC	SINGLE	Sequencing of Agrobacterium rubi W2/73
SRR28781547	SRX24346128	SRS21105114	SRP503596	PRJNA1103744	Streptococcus pneumoniae	DCC1476	PACBIO_SMRT	Sequel II	1792139528.0	199992.0	WGS	GENOMIC	SINGLE	Pacbio sequencing of strain DCC1476
ERR1854448	ERX1916426	ERS1420638	ERP009811	PRJEB8775	Enterococcus faecium		PACBIO_SMRT	PacBio RS	764695782.0	163482.0	WGS	GENOMIC	SINGLE	PacBio RS sequencing
SRR35212510	SRX30316267	SRS26363284	SRP291668	PRJNA675431	Enterococcus faecium	FI535	OXFORD_NANOPORE	PromethION	1608612565.0	290887.0	WGS	GENOMIC	SINGLE	WGS of Enterococcus faecium
ERR968280	ERX1045258	ERS706559	ERP005928	PRJEB6403	Klebsiella pneumoniae	NCTC9656	PACBIO_SMRT	PacBio RS	1367662297.0	163482.0	WGS	GENOMIC	SINGLE	PacBio RS sequencing
SRR31516497	SRX26884308	SRS21229606	SRP510483	PRJNA1101017	Enterobacter cancerogenus	GTVSS-029	PACBIO_SMRT	Sequel	1600811667.0	106890.0	WGS	GENOMIC	SINGLE	Whole genome PacBio Sequel sequence of  Enterobacter cancerogenous
DRR161270	DRX151895	DRS115453	DRP005652	PRJDB7717	Mycolicibacterium murale	JCM 13392	OXFORD_NANOPORE	MinION	1840488866.0	256929.0	WGS	GENOMIC	SINGLE	MinION single end sequencing of SAMD00153185
SRR353491	SRX101297	SRS259611	SRP000285	PRJNA68153	Escherichia coli O104:H4 str. C227-11	C227-11	PACBIO_SMRT	PacBio RS	52640420.0	81741.0	WGS	GENOMIC	SINGLE	Genome Sequencing and Assembly of E. coli O104:H4 strains
SRR15031983	SRX11343396	SRS9383692	SRP326726	PRJNA737600	Streptomyces sp. GMY02	GMY02	OXFORD_NANOPORE	GridION	5516127.0	4000.0	WGS	GENOMIC	SINGLE	WGS Streptomyces sp. GMY02
SRR32409504	SRX27739864	SRS24128753	SRP565160	PRJNA1225906	Neisseria meningitidis		OXFORD_NANOPORE	GridION	1139510315.0	211259.0	WGS	GENOMIC	SINGLE	WGS of Neisseria meningitids isolate
SRR36919892	SRX31886337	SRS27841282	SRP665298	PRJNA1403646	Streptococcus sp.	BHI_2	OXFORD_NANOPORE	MinION	162128202.0	87848.0	WGS	GENOMIC	SINGLE	Long Reads for The Genomic Landscape of Head and Neck Cancer-associated Streptococci
SRR713880	SRX228367	SRS411273	SRP022777	PRJNA82541	Enterococcus columbae DSM 7374 = ATCC 51263	ATCC 51263	PACBIO_SMRT	PacBio RS	125228944.0	81741.0	WGS	GENOMIC	SINGLE	Pacbio whole genome shotgun sequencing of genomic DNA library 'LR_116_Ecolumbae' containing sample 'ATCC51263' from individual 'Enterococcus_columbae_ATCC51263'
ERR5353170	ERX5141205	ERS5752904	ERP126298	PRJEB42440	Klebsiella pneumoniae		OXFORD_NANOPORE	MinION			WGS	GENOMIC	SINGLE	MinION sequencing
SRR387135	SRX109897	SRS281278	SRP001087	PRJNA40075	Escherichia coli str. K-12 substr. MG1655	K-12	PACBIO_SMRT	PacBio RS	33931899.0	81741.0	WGS	GENOMIC	SINGLE	Whole Genome Sequencing and Assembly
ERR5420990	ERX5205554	ERS5845278	ERP126298	PRJEB42440	Klebsiella pneumoniae		OXFORD_NANOPORE	GridION	983176012.0	142032.0	WGS	GENOMIC	SINGLE	GridION sequencing
SRR32250968	SRX27588893	SRS20831688	SRP497546	PRJNA1091452	Enterococcus faecium	EF38-PS	OXFORD_NANOPORE	MinION	498508774.0	154650.0	WGS	GENOMIC	SINGLE	native ONT data from Enterococcus faecium
SRR15989613	SRX12277926	SRS9998962	SRP357537	PRJNA801416	Enterobacter cloacae	373	OXFORD_NANOPORE	GridION	1528195014.0	163840.0	WGS	GENOMIC	SINGLE	Whole Genome Sequencing of Carbapenemase-producing Enterobacterales (CPE)
ERR2246650	ERX2298673	ERS1883824	ERP005928	PRJEB6403	Aliarcobacter skirrowii	NCTC12713	PACBIO_SMRT	PacBio RS	3415962600.0	163482.0	WGS	GENOMIC	SINGLE	PacBio RS sequencing
SRR801664	SRX255779	SRS000462	SRP020003	PRJNA194437	Escherichia coli str. K-12 substr. MG1655	K-12	PACBIO_SMRT	PacBio RS	172989604.0	81741.0	WGS	GENOMIC	SINGLE	E. coli K12 PacBio RS C2 CCS sequencing
SRR6007488	SRX3161920	SRS2492991	SRP116840	PRJNA329812	Collimonas sp. PA-H2	PA-H2	PACBIO_SMRT	PacBio RS II	729969593.0	167413.0	WGS	GENOMIC	SINGLE	Collimonas sp.PA-H2
SRR33419195	SRX28660148	SRS24928430	SRP582959	PRJNA450898	Dokdonia sp. Dokd-P16	Dokd-P16	PACBIO_SMRT	PacBio RS II	389326462.0	96743.0	WGS	GENOMIC	SINGLE	Whole Genome Seq of Dokdonia sp. Dokd-P16
SRR13380329	SRX9803241	SRS7987525	SRP300808	PRJNA649533	Salmonella enterica		OXFORD_NANOPORE	GridION	597993497.0	107600.0	WGS	GENOMIC	SINGLE	ISF salmonella
SRR19787719	SRX15831632	SRS13522723	SRP383167	PRJNA851853	Salmonella enterica	2011K-1667_ONT_100X	OXFORD_NANOPORE	GridION	504469323.0	98415.0	WGS	GENOMIC	SINGLE	WGS of Salmonella enterica serovar Enteritidis
SRR10123214	SRX6852730	SRS5312699	SRP219457	PRJNA543274	Klebsiella oxytoca	706127-17	PACBIO_SMRT	Sequel	330264908.0	53013.0	WGS	GENOMIC	SINGLE	706127-17
SRR33768665	SRX28991413	SRS22455689	SRP444583	PRJNA962904	Escherichia coli		PACBIO_SMRT	Sequel II	464719790.0	24094.0	WGS	GENOMIC	SINGLE	PacBio sequencing of AH0233HE1 for ARCH 2
SRR3995546	SRX1996595	SRS1598040	SRP080829	PRJNA331097	Neisseria lactamica	Y92-1009	PACBIO_SMRT	PacBio RS II	4322839.0	2.0	WGS	GENOMIC	SINGLE	SMRT sequenced closed genome assembly of N.lactamica Y92-1009
ERR10499684	ERX10016966	ERS14256798			Escherichia coli		OXFORD_NANOPORE	GridION	86644652.0	21101.0	WGS	GENOMIC	SINGLE	GridION sequencing; Raw reads: ONT_30821_1#6
SRR9047947	SRX5824515	SRS4752572	SRP051949	PRJNA271899	Enterobacter cloacae	MGH256	OXFORD_NANOPORE	GridION	3533074389.0	1212629.0	WGS	GENOMIC	SINGLE	Sequencing of Carbapenem resistant bacteria
SRR13957700	SRX10335977	SRS8455521	SRP300861	PRJNA663900	Enterococcus sp. AZ107	AZ107	OXFORD_NANOPORE	GridION	390298361.0	226058.0	WGS	GENOMIC	SINGLE	sequencing of enterococcal diversity
SRR364914	SRX032455	SRS140104	SRP004712	PRJNA61297	Vibrio cholerae O1		PACBIO_SMRT	PacBio RS	15387087.0	60667.0	WGS	GENOMIC	SINGLE	Sequencing for C6 (Peru, 1991)
SRR386610	SRX109815	SRS004883	SRP001079	PRJNA40077	Cereibacter sphaeroides 2.4.1	2.4.1	PACBIO_SMRT	PacBio RS	102462632.0	81741.0	WGS	GENOMIC	SINGLE	Whole Genome Sequencing and Assembly
SRR34580177	SRX29721759	SRS25829397	SRP601806	PRJNA1123745	Escherichia coli	723_150514_43n	OXFORD_NANOPORE	MinION	217487022.0	20354.0	WGS	GENOMIC	SINGLE	Nanopore long read sequencing for the fully closed genome for the sample
SRR33768441	SRX28991035	SRS22396833	SRP444583	PRJNA962904	Escherichia coli		PACBIO_SMRT	Sequel II	414165915.0	21233.0	WGS	GENOMIC	SINGLE	PacBio sequencing of A133007HE2 for ARCH 2
SRR31131494	SRX26513443	SRS23025998	SRP540434	PRJNA992554	Vibrio parahaemolyticus		OXFORD_NANOPORE	GridION	119128593.0	13384.0	WGS	GENOMIC	SINGLE	Raw genome sequencing data (FASTQ) of Vibrio spp. isolates from Anadara tuberculosa
ERR2217958	ERX2271717	ERS1859692	ERP005928	PRJEB6403	Streptococcus pneumoniae	NCTC11032	PACBIO_SMRT	PacBio RS	2749487936.0	163482.0	WGS	GENOMIC	SINGLE	PacBio RS sequencing
SRR35851009	SRX30900245	SRS26900590	SRP636871	PRJNA1334387	Stappia sp. ABD4_338	ABD4_338	OXFORD_NANOPORE	GridION	3244532477.0	503052.0	WGS	GENOMIC	SINGLE	WGS of Stappia sp002722295: Marine biofilm
SRR32528095	SRX27839433	SRS24213904	SRP567071	PRJNA1230128	Salmonella enterica subsp. enterica serovar Infantis	20EPA012NSA_2	OXFORD_NANOPORE	MinION	349155101.0	34950.0	WGS	GENOMIC	SINGLE	nanopore sequence of Salmonella enterica
SRR18637471	SRX14744567	SRS11861213	SRP357861	PRJNA795675	Terrisporobacter glycolicus	WW3900	OXFORD_NANOPORE	MinION	99672979.0	25000.0	WGS	GENOMIC	SINGLE	Nanopore_Glyco
SRR3735529	SRX1891049	SRS1534005	SRP077688	PRJNA205960	Acidobacteriaceae bacterium KBS 146	KBS 146	PACBIO_SMRT	PacBio RS	119128764.0	36813.0	WGS	GENOMIC	SINGLE	Acidobacteriaceae sp. KBS 146
DRR205462	DRX195861	DRS120384	DRP005756	PRJDB9240	Enterococcus faecium	KUHS13	OXFORD_NANOPORE	MinION	337261646.0	50712.0	WGS	GENOMIC	SINGLE	MinION sequencing of SAMD00202474
SRR3741173	SRX1895984	SRS1539278	SRP077831	PRJNA217204	Hydrogenovibrio marinus DSM 11271	DSM 11271	PACBIO_SMRT	PacBio RS	102928243.0	38506.0	WGS	GENOMIC	SINGLE	Hydrogenovibrio marinus DSM 11271
SRR10031104	SRX6767143	SRS5315057	SRP219522	PRJNA262289	Neomoorella thermoacetica	ATCC 39073	PACBIO_SMRT	PacBio RS II	284931931.0	79366.0	WGS	GENOMIC	SINGLE	Moorella thermoaceticum ATCC 39073
ERR10676335	ERX10144099	ERS14333434	ERP143248	PRJEB58185	Campylobacter jejuni		OXFORD_NANOPORE	MinION	304316418.0	505509.0	WGS	GENOMIC	PAIRED	MinION paired end sequencing
SRR31583315	SRX26948939	SRS23420401	SRP548954	PRJNA1193326	Campylobacter jejuni		OXFORD_NANOPORE	MinION	72826213.0	36517.0	WGS	GENOMIC	SINGLE	Long-read Nanopore-based WGS characterization of antimicrobial resistant Campylobacter jejuni and Campylobacter coli isolates from humans, animals and food products in Northern Spain within a One Health approach
SRR11050860	SRX7700804	SRS6125039	SRP247897	PRJNA605709	Klebsiella pneumoniae	ST23	OXFORD_NANOPORE	MinION	6876899096.0	2296561.0	WGS	GENOMIC	SINGLE	Whole genome long read sequencing of hypervirulent Klebsiella pneumoniae
SRR24097305	SRX19897708	SRS17249647	SRP431314	PRJNA952982	Salmonella enterica	Agona MHI966	OXFORD_NANOPORE	MinION	102111526.0	15728.0	WGS	GENOMIC	SINGLE	Raw sequence reads (Illumina) of whole-genome sequencing of Salmonella enterica serovar Agona MHI966
SRR33738966	SRX28962834	SRS24677145	SRP074197	PRJNA288601	Klebsiella pneumoniae		OXFORD_NANOPORE	GridION	780134968.0	95145.0	WGS	GENOMIC	SINGLE	Nanopore sequencing of ARLN isolate
SRR26473418	SRX22177345	SRS19234803	SRP250705	PRJNA607328	Yarrowia lipolytica	Phaff 70-19.1	OXFORD_NANOPORE	MinION	1044687917.0	356873.0	WGS	GENOMIC	SINGLE	Yarrowia lipolytica FELIX_MS373 Nanopore
SRR21630240	SRX17630774	SRS11554471	SRP354045	PRJNA747871	Streptomyces achromogenes	NBC_00217	OXFORD_NANOPORE	MinION	762695365.0	85733.0	WGS	GENOMIC	SINGLE	nanopore sequencing data from strain NBC_00217
SRR11747676	SRX8301000	SRS6619074	SRP260949	PRJNA607129	Campylobacter concisus	P27CDO-S2	OXFORD_NANOPORE	MinION	968890671.0	238158.0	WGS	GENOMIC	SINGLE	Nanopore sequence of Campylobacter concisus
SRR12280289	SRX8784425	SRS7053135	SRP272861	PRJNA646575	Bacteroides fragilis		OXFORD_NANOPORE	GridION	2134654680.0	213340.0	WGS	GENOMIC	SINGLE	WGS  of Bacteroides fragilis group clinical isolates
ERR13600573	ERX12971596	ERS17970331	ERP109316	PRJEB27256	Klebsiella pneumoniae		OXFORD_NANOPORE	GridION	1073048935.0	37485.0	WGS	GENOMIC	SINGLE	GridION sequencing
SRR33783891	SRX29006137	SRS25222881	SRP589164	PRJNA1270766	Klebsiella pneumoniae	EH97	OXFORD_NANOPORE	MinION	365042972.0	56501.0	WGS	GENOMIC	SINGLE	nanopore of EH97
SRR21563532	SRX17565863	SRS14987295	SRP354045	PRJNA747871	Dactylosporangium sp. NBC_01737	NBC_01737	OXFORD_NANOPORE	MinION	506148859.0	49335.0	WGS	GENOMIC	SINGLE	nanopore sequencing data from strain NBC_01737
SRR13893817	SRX10273197	SRS8406467	SRP309815	PRJNA686978	Klebsiella pneumoniae	not collected	OXFORD_NANOPORE	MinION	2271093470.0	271132.0	WGS	GENOMIC	SINGLE	nanopore sequencing of k pneumoniae: clinical isolate
SRR30896487	SRX26300082	SRS22828804	SRP536878	PRJNA1134622	Escherichia coli	OXEC-403	OXFORD_NANOPORE	MinION	769838134.0	171602.0	WGS	GENOMIC	SINGLE	OXEC-403
SRR26437447	SRX22142061	SRS19201864	SRP467311	PRJNA1026547	Acinetobacter baumannii	ROB08708_zosurabalpin_12	OXFORD_NANOPORE	GridION	1417088410.0	132250.0	WGS	GENOMIC	SINGLE	WGS of Acinetobacter baumannii: ROB08708 derivative with elevated RG6006 MIC
SRR22890820	SRX18848678	SRS16280046	SRP414793	PRJNA871981	plant metagenome		PACBIO_SMRT	Sequel	21438888.0	14021.0	WGS	GENOMIC	SINGLE	Microbial diversity of alfalfa
SRR32470878	SRX27785228	SRS24163257	SRP565996	PRJNA1177815	Enterococcus faecium	2009-1808-4	OXFORD_NANOPORE	MinION	587209963.0	114833.0	WGS	GENOMIC	SINGLE	WGS of Enterococcus faecium: Ionophore-resisistance in broiler isolates
SRR26412756	SRX22118074	SRS14401405	SRP074197	PRJNA288601	Klebsiella quasipneumoniae	2022JQ-00300	OXFORD_NANOPORE	GridION	651979900.0	80670.0	WGS	GENOMIC	SINGLE	Nanopore sequencing of ARLN isolate
SRR25466954	SRX21199971	SRS18458351	SRP452337	PRJNA1000618	Escherichia coli	Escherichia coli BL21(DE3)	OXFORD_NANOPORE	MinION	12721586.0	4000.0	WGS	GENOMIC	SINGLE	CASTVK transposition with different condition
ERR15660924	ERX15065702	ERS26934221	ERP179947	PRJEB97396	Mycobacterium tuberculosis		OXFORD_NANOPORE	MinION			WGS	GENOMIC	SINGLE	MinION sequencing
SRR801642	SRX255228	SRS000462	SRP020003	PRJNA194437	Escherichia coli str. K-12 substr. MG1655	K-12	PACBIO_SMRT	PacBio RS	166422345.0	81741.0	WGS	GENOMIC	SINGLE	E. coli K12 MG1655 PacBio RS C2 Sequencing
SRR364925	SRX032454	SRS140103	SRP004712	PRJNA61297	Vibrio cholerae O1 biovar El Tor str. N16961	N16961	PACBIO_SMRT	PacBio RS	130065953.0	60667.0	WGS	GENOMIC	SINGLE	Sequencing for N5 (Bangladesh, 1971)
SRR22957094	SRX18913936	SRS16341751	SRP415590	PRJNA914624	Streptococcus pyogenes	emm12	OXFORD_NANOPORE	GridION	108146073.0	109249.0	WGS	GENOMIC	SINGLE	WGS of Streptococcus pyogenes
ERR14686182	ERX14087701	ERS23773321	ERP169826	PRJEB86481	Escherichia coli str. K-12 substr. MG1655	K-12	OXFORD_NANOPORE	MinION	346996262.0	130227.0	WGS	GENOMIC	SINGLE	MinION sequencing
SRR29316524	SRX24833619	SRS21545451	SRP512379	PRJNA1121190	Vibrio cholerae	146Vc02	OXFORD_NANOPORE	PromethION	534613665.0	61247.0	WGS	GENOMIC	SINGLE	WGS of Vcholerae isolates
SRR12395443	SRX8893454	SRS7152476	SRP276100	PRJNA650381	Mycobacterium tuberculosis variant bovis BCG		OXFORD_NANOPORE	MinION	467154277.0	325371.0	WGS	GENOMIC	SINGLE	Nanopore TB WGS
SRR12343968	SRX8843597	SRS7106650	SRP274107	PRJNA626345	Staphylococcus aureus	NAS_OP_004	OXFORD_NANOPORE	MinION	38155314.0	8133.0	WGS	GENOMIC	SINGLE	WGS Staphylococcus aureus among Native Americans in the  southwest US
SRR8618954	SRX5417795	SRS4398333	SRP186784	PRJNA66097	Xanthomonas oryzae	BB156-2	PACBIO_SMRT	Sequel	1041386608.0	163482.0	WGS	GENOMIC	SINGLE	Genomic SMRT sequencing of X. oryzae pv. leersiae BB156-2
SRR21415880	SRX17420000	SRS12114928	SRP361569	PRJNA768416	Bacillus sp. FSL K6-1366		OXFORD_NANOPORE	MinION	622577715.0	127851.0	WGS	GENOMIC	SINGLE	WGS of Bacilli
ERR16255380	ERX15644805	ERS28645251	ERP188321	PRJEB107302	uncultured bacterium	wRi	OXFORD_NANOPORE	MinION			WGS	GENOMIC	SINGLE	Raw reads: wRi_Merrill_23_nanopore_run1
SRR12343946	SRX8843619	SRS7106670	SRP274107	PRJNA626345	Staphylococcus aureus	NAS_OP_146	OXFORD_NANOPORE	MinION	69833255.0	16278.0	WGS	GENOMIC	SINGLE	WGS Staphylococcus aureus among Native Americans in the  southwest US
ERR10499156	ERX10016442	ERS14256033	ERP142629	PRJEB57633	Escherichia coli		OXFORD_NANOPORE	GridION	81973532.0	32220.0	WGS	GENOMIC	SINGLE	Raw reads: ONT_30859_5#243
SRR36200536	SRX31237069	SRS27216398	SRP649104	PRJNA1367967	Klebsiella pneumoniae	IF52E	OXFORD_NANOPORE	PromethION	1275658830.0	968364.0	WGS	GENOMIC	SINGLE	WGS of clinical Klebsiella pneumoniae from a referral hospital in Bansang, Gambia
SRR14861293	SRX11179037	SRS9236709	SRP324599	PRJNA739077	Enterococcus faecium	ST117-CT71	PACBIO_SMRT	PacBio RS II	1242305146.0	163482.0	WGS	GENOMIC	SINGLE	PacBio sequencing of Enterococcus faecium
SRR13386089	SRX9805340	SRS7989415	SRP300861	PRJNA663900	Enterococcus sp. DIV0189	DIV0189	OXFORD_NANOPORE	GridION	1375498019.0	165597.0	WGS	GENOMIC	SINGLE	Zoo 3 Enterococcus Diversity Genome sequencing and assembly
ERR13600819	ERX12971842	ERS5521188	ERP126193	PRJEB42350	Klebsiella pneumoniae		OXFORD_NANOPORE	GridION	234553560.0	9814.0	WGS	GENOMIC	SINGLE	GridION sequencing
ERR16086363	ERX15476151	ERS26050542	ERP178906	PRJEB96157	Klebsiella pneumoniae		OXFORD_NANOPORE	MinION	201528463.0	40621.0	WGS	GENOMIC	SINGLE	MinION sequencing
SRR35628900	SRX30685134	SRS26704549	SRP627750	PRJNA1333901	Micrococcaceae bacterium KH_075	KH_075	OXFORD_NANOPORE	MinION	167455129.0	35115.0	WGS	GENOMIC	SINGLE	Oxford Nanopore sequences of cultivable bacteria collected in an iron ore mine and a crystal cave
SRR10353548	SRX7063260	SRS5575714	SRP227081	PRJNA563548	Neisseria gonorrhoeae	NG251	OXFORD_NANOPORE	MinION	987026208.0	251254.0	WGS	GENOMIC	SINGLE	Genome of Neisseria gonorrhoeae NG251
SRR25546599	SRX21275853	SRS18527276	SRP453676	PRJNA1002878	Bacteroides fragilis	BF058	PACBIO_SMRT	Sequel	6536416704.0	799093.0	WGS	GENOMIC	SINGLE	The whole genome sequencing data of three Bacteroides fragilis clinical strains (BF058, BF059 and BF063).
ERR10499514	ERX10016800	ERS14256826			Escherichia coli		OXFORD_NANOPORE	GridION	72465329.0	7499.0	WGS	GENOMIC	SINGLE	GridION sequencing; Raw reads: ONT_30348_1#162
ERR2237840	ERX2290007	ERS1883793	ERP005928	PRJEB6403	Helicobacter cinaedi	NCTC12219	PACBIO_SMRT	PacBio RS	1359451850.0	163482.0	WGS	GENOMIC	SINGLE	PacBio RS sequencing
ERR16001759	ERX15396993	ERS28312895	ERP185857	PRJEB104599	Staphylococcus aureus		OXFORD_NANOPORE	MinION	464473788.0	416556.0	WGS	GENOMIC	SINGLE	Raw reads: Staphylococcus aureus LFMFP strain 376
SRR30896352	SRX26299669	SRS22828391	SRP536878	PRJNA1134622	Escherichia coli	OXEC-309	OXFORD_NANOPORE	MinION	85948634.0	42251.0	WGS	GENOMIC	SINGLE	OXEC-309
SRR11209215	SRX7822218	SRS6233359	SRP251108	PRJNA609126	Staphylococcus aureus	SA1428	OXFORD_NANOPORE	GridION	101462758.0	4000.0	WGS	GENOMIC	SINGLE	Genome sequence of a chronic Staphylococcus aureus isolated from dairy cow that is non-responsive to antibiotic treatment
SRR19816834	SRX15860498	SRS12115267	SRP361569	PRJNA768416	Lysinibacillus sp. FSL R5-0849	FSL R5-0849	OXFORD_NANOPORE	MinION	181445156.0	26647.0	WGS	GENOMIC	SINGLE	WGS of Bacilli
ERR2125861	ERX2182713	ERS1681017	ERP005928	PRJEB6403	Stutzerimonas stutzeri	NCTC10475	PACBIO_SMRT	PacBio RS	1162966093.0	163482.0	WGS	GENOMIC	SINGLE	PacBio RS sequencing
ERR6565404	ERX6191594	ERS7483788	ERP131450	PRJEB47192	Burkholderia pseudomallei		OXFORD_NANOPORE	MinION	197559586.0	37992.0	WGS	GENOMIC	SINGLE	MinION sequencing
DRR100292	DRX093725	DRS074960	DRP003581	PRJDB5126	Escherichia coli	M101	PACBIO_SMRT	PacBio RS II	1626894376.0	382910.0	WGS	GENOMIC	SINGLE	PacBio RS II sequencing of SAMD00059745
SRR25497764	SRX21228674	SRS18484394	SRP452382	PRJNA1000639	Pseudomonas putida	MRSN365855	OXFORD_NANOPORE	MinION	143127641.0	18042.0	WGS	GENOMIC	SINGLE	Long read sequencing of MRSN365855
SRR14492483	SRX10839863	SRS8923945	SRP319285	PRJNA728552	Bacillus velezensis	missing	PACBIO_SMRT	PacBio RS II	1346050438.0	178375.0	WGS	GENOMIC	SINGLE	The Genome Sequence of Bacillus velezensis YYC
ERR15941310	ERX15336855	ERS27416626	ERP185476	PRJEB104171	Escherichia coli		OXFORD_NANOPORE	MinION	159063851.0	47403.0	WGS	GENOMIC	SINGLE	MinION sequencing
ERR14747029	ERX14148401	ERS23812066	ERP170065	PRJEB86767	Klebsiella pneumoniae		OXFORD_NANOPORE	MinION	686734211.0	129225.0	WGS	GENOMIC	SINGLE	EXP-15-1-2025-03-14_13-52-41
SRR4180909	SRX2142205	SRS1673919	SRP086926	PRJNA303713	Gardnerella vaginalis	DSM 4944	PACBIO_SMRT	PacBio RS	732557457.0	204458.0	WGS	GENOMIC	SINGLE	Gardnerella vaginalis DSM 4944
SRR9221475	SRX5991911	SRS4897050	SRP191068	PRJNA528511	Escherichia coli	GTEN_47	OXFORD_NANOPORE	GridION	1588609324.0	331786.0	WGS	GENOMIC	SINGLE	Global TravEpiNet AMR surveillance Genome sequencing and assembly
SRR5181988	SRX2498096	SRS1924949	SRP096895	PRJNA353873	Mycobacterium tuberculosis		PACBIO_SMRT	PacBio RS	587631930.0	163482.0	WGS	GENOMIC	SINGLE	DNA of Mtb
SRR29816264	SRX25315445	SRS21985203	SRP519641	PRJNA1135336	Enterococcus faecium		OXFORD_NANOPORE	GridION	1768399973.0	349268.0	WGS	GENOMIC	SINGLE	Whole genome sequencing of VRE
SRR12395048	SRX8893422	SRS7152444	SRP276100	PRJNA650381	Mycobacterium tuberculosis		OXFORD_NANOPORE	MinION	746279930.0	424328.0	WGS	GENOMIC	SINGLE	Nanopore TB WGS
SRR10336616	SRX7046692	SRS688249	SRP226723	PRJNA541969	Listeria monocytogenes	CFSAN023465	OXFORD_NANOPORE	GridION	329225874.0	37355.0	WGS	GENOMIC	SINGLE	Closed genomes of twenty-eight foodborne pathogens from the CFSAN validation set by a combination of long and short-reads
SRR15989689	SRX12278242	SRS9998954	SRP357537	PRJNA801416	Klebsiella pneumoniae	327	OXFORD_NANOPORE	GridION	833111285.0	114270.0	WGS	GENOMIC	SINGLE	Whole Genome Sequencing of Carbapenemase-producing Enterobacterales (CPE)
SRR353433	SRX101292	SRS259597	SRP008033	PRJNA68213	Escherichia coli O104:H4 str. 09-7901	09-7901	PACBIO_SMRT	PacBio RS	101293244.0	81741.0	WGS	GENOMIC	SINGLE	Genome Sequencing and Assembly of E. coli O104:H4 strains
SRR23796597	SRX19628696	SRS16998288	SRP426545	PRJNA942086	Salmonella enterica subsp. enterica serovar Paratyphi B	PS_PB_1_2021	OXFORD_NANOPORE	MinION	302394906.0	31047.0	WGS	GENOMIC	SINGLE	Nanopore sequencing of Campylobacter jejuni from chicken neck skin
SRR13680722	SRX10069986	SRS8231710	SRP303037	PRJNA694442	Salmonella enterica		OXFORD_NANOPORE	GridION	198698000.0	19653.0	WGS	GENOMIC	SINGLE	Multiplex WGS of Salmonella enterica
ERR15195393	ERX14601067	ERS25142010	ERP160948	PRJEB76420	Escherichia coli		OXFORD_NANOPORE	MinION			WGS	GENOMIC	SINGLE	MinION sequencing
SRR9214008	SRX5984822	SRS2937172	SRP051949	PRJNA271899	Klebsiella pneumoniae	MGH153	OXFORD_NANOPORE	GridION	62708144.0	10777.0	WGS	GENOMIC	SINGLE	Sequencing of Carbapenem resistant bacteria
ERR8187221	ERX7750095	ERS10222674	ERP135060	PRJEB50484	Staphylococcus aureus		OXFORD_NANOPORE	MinION	45664186.0	9944.0	WGS	GENOMIC	SINGLE	MinION sequencing
SRR13575255	SRX9973606	SRS8145954	SRP303741	PRJNA695586	Streptococcus pyogenes	M4C20	OXFORD_NANOPORE	MinION	2942608.0	4000.0	WGS	GENOMIC	SINGLE	Whole genome sequence of Streptococcus pyogenes strain M4C20
DRR179086	DRX169618	DRS270373	DRP009394	PRJDB8339	Coxiella burnetii	406	PACBIO_SMRT	PacBio RS II	1262550727.0	163482.0	WGS	GENOMIC	SINGLE	PacBio RS II sequencing of SAMD00172303
SRR15031886	SRX11343493	SRS9383692	SRP326726	PRJNA737600	Streptomyces sp. GMY02	GMY02	OXFORD_NANOPORE	GridION	6090794.0	4000.0	WGS	GENOMIC	SINGLE	WGS Streptomyces sp. GMY02
ERR14251435	ERX13652538	ERS23132445	ERP168932	PRJEB85558	Sphaerotilus natans subsp. natans DSM 6575		OXFORD_NANOPORE	PromethION	739520722.0	446979.0	WGS	GENOMIC	SINGLE	PromethION sequencing
SRR29316697	SRX24833446	SRS21545276	SRP512379	PRJNA1121190	Vibrio cholerae	126Vc07	OXFORD_NANOPORE	PromethION	398506832.0	65790.0	WGS	GENOMIC	SINGLE	WGS of Vcholerae isolates
SRR36388030	SRX31416429	SRS27399782	SRP653897	PRJNA1378463	Klebsiella pneumoniae	#7983	OXFORD_NANOPORE	MinION	178397818.0	87529.0	WGS	GENOMIC	SINGLE	WGS of Klebsiella pneumoniae ST307 and ST5994: clinical isolates from Cantabria (Spain)
SRR22859778	SRX18818461	SRS16251737	SRP414408	PRJNA914892	Staphylococcus aureus	C363	OXFORD_NANOPORE	MinION	522752706.0	56592.0	WGS	GENOMIC	SINGLE	Long read ONT WGS of Staphylococcus aureus isolates from Chronic Rhinosinusitis Patients
SRR5834692	SRX3011215	SRS2360868	SRP112695	PRJNA363947	Streptomyces sp. 3211.1	3211.1	PACBIO_SMRT	PacBio RS II	674661320.0	317925.0	WGS	GENOMIC	SINGLE	Streptomyces sp. 3211.1
SRR29882844	SRX25379177	SRS21369317	SRP395888	PRJNA812595	Enterobacter hormaechei	2024CK-00699	OXFORD_NANOPORE	GridION	302573815.0	61787.0	WGS	GENOMIC	SINGLE	Nanopore sequencing of ARLN isolate
ERR11897013	ERX11281300	ERS16296428	ERP135420	PRJEB50816	Salmonella enterica subsp. enterica serovar Typhimurium		PACBIO_SMRT	PacBio RS II	4963558.0	1.0	WGS	GENOMIC	SINGLE	PacBio RS II sequencing
SRR21415740	SRX17420140	SRS12115327	SRP361569	PRJNA768416	Ureibacillus sp. FSL R7-0636	FSL R7-0636	OXFORD_NANOPORE	MinION	295963339.0	61485.0	WGS	GENOMIC	SINGLE	WGS of Bacilli
ERR2125819	ERX2182671	ERS1613561	ERP005928	PRJEB6403	Trueperella bialowiezensis	NCTC13354	PACBIO_SMRT	PacBio RS	1640831660.0	163482.0	WGS	GENOMIC	SINGLE	PacBio RS sequencing
SRR27972855	SRX23626310	SRS20465581	SRP489819	PRJNA1076692	Klebsiella oxytoca	RIVM_C055361_rerio	OXFORD_NANOPORE	MinION	112198593.0	31839.0	WGS	GENOMIC	SINGLE	RIVM_C055361_rerio
SRR12066793	SRX8594614	SRS6885220	SRP040661	PRJNA231221	Aggregatibacter actinomycetemcomitans	FDAARGOS_948	PACBIO_SMRT	Sequel	779955971.0	216203.0	WGS	GENOMIC	SINGLE	
SRR27379467	SRX23055585	SRS20015620	SRP480616	PRJNA1055176	Escherichia coli	Not available	OXFORD_NANOPORE	MinION	1721915554.0	308147.0	WGS	GENOMIC	SINGLE	Whole genome sequence of E. coli
SRR33769198	SRX28991571	SRS22455846	SRP444583	PRJNA962904	Escherichia coli		PACBIO_SMRT	Sequel II	339261631.0	17385.0	WGS	GENOMIC	SINGLE	PacBio sequencing of AH0490HE1 for ARCH 2
SRR19843301	SRX15887087	SRS12114919	SRP361569	PRJNA768416	Lysinibacillus sp. FSL K6-1151	FSL K6-1151	OXFORD_NANOPORE	MinION	484576274.0	96088.0	WGS	GENOMIC	SINGLE	WGS of Bacilli
ERR731660	ERX675606	ERS538528	ERP005928	PRJEB6403	Escherichia coli	NCTC13452	PACBIO_SMRT	PacBio RS	1925453218.0	163482.0	WGS	GENOMIC	SINGLE	PacBio RS sequencing
ERR10496820	ERX10014139	ERS14249047	ERP142629	PRJEB57633	Escherichia coli		OXFORD_NANOPORE	GridION	119957044.0	16826.0	WGS	GENOMIC	SINGLE	Raw reads: ONT_30602_2#361
SRR19749288	SRX15795119	SRS13476063	SRP382286	PRJNA848845	Bacillus thuringiensis	IBL00427	PACBIO_SMRT	Sequel II	12875337253.0	2391454.0	WGS	GENOMIC	SINGLE	Pacbio Sequel II of IBL00427
ERR1109312	ERX1188843	ERS806214	ERP005928	PRJEB6403	Staphylococcus aureus	NCTC6133	PACBIO_SMRT	PacBio RS	287827808.0	163482.0	WGS	GENOMIC	SINGLE	PacBio RS sequencing
SRR12298718	SRX8801859	SRS6792183	SRP266402	PRJNA605147	Citrobacter sp. RHBSTW-00535	RHBSTW-00535	OXFORD_NANOPORE	GridION	1347331816.0	195297.0	WGS	GENOMIC	SINGLE	OXFORD_NANOPORE sequencing of Citrobacter sp. isolate WTP1|T2-00535 cultured from WTP effluent sample
SRR35213317	SRX30317040	SRS26363975	SRP615992	PRJNA1301220	Acinetobacter baumannii	ABO21-A035	OXFORD_NANOPORE	MinION	295602917.0	50363.0	WGS	GENOMIC	SINGLE	Whole geneme sequencing of Acinetobacter baumannii: isolates of the Ab-One study
ERR5984434	ERX5624157	ERS6796365	ERP129449	PRJEB45354	Escherichia coli		OXFORD_NANOPORE	GridION	85811024.0	57350.0	WGS	GENOMIC	SINGLE	GridION sequencing; Raw reads: ONT_30224_1#38
SRR31599396	SRX26964286	SRS23433998	SRP549287	PRJNA1185485	Escherichia coli	983	OXFORD_NANOPORE	PromethION	371520241.0	82796.0	WGS	GENOMIC	SINGLE	wwtp-9n14-barcode52
SRR4181717	SRX2142948	SRS1674487	SRP087076	PRJNA311468	Pelosinus fermentans	R7, DSM 17108	PACBIO_SMRT	PacBio RS	435653104.0	123435.0	WGS	GENOMIC	SINGLE	Clostridium thermocellum LQRI
ERR15183873	ERX14589221	ERS25125960	ERP172519	PRJEB89493	Lactococcus sp. FR2025		OXFORD_NANOPORE	MinION	2252001258.0	418938.0	WGS	GENOMIC	SINGLE	MinION sequencing
SRR13669072	SRX10060553	SRS8222794	SRP040661	PRJNA231221	Klebsiella oxytoca	FDAARGOS_1333	PACBIO_SMRT	Sequel	3251057777.0	611070.0	WGS	GENOMIC	SINGLE	
SRR16525712	SRX12728287	SRS10336815	SRP357537	PRJNA801416	Escherichia coli	3594	OXFORD_NANOPORE	GridION	751351631.0	106451.0	WGS	GENOMIC	SINGLE	Extensive diversification and dissemination of blaNDM carbapenemase plasmids in Enterobacterales in Singapore 2010-2015
SRR27180110	SRX22860367	SRS19835777	SRP477403	PRJNA1049513	Vibrio sp. PBL-C16	PBL-C16	OXFORD_NANOPORE	MinION	570.0	1.0	WGS	GENOMIC	SINGLE	Vibrio sp. PBL-C16 Genome sequencing and assembly
SRR35071159	SRX30184862	SRS26244871	SRP610420	PRJNA1308807	Escherichia coli	Ec_402	OXFORD_NANOPORE	MinION	816294123.0	80195.0	WGS	GENOMIC	SINGLE	Oxford Nanopore sequences of an isolated E. coli strain from wastewater
DRR572476	DRX555943	DRS426403	DRP012251	PRJDB17574	Escherichia coli	YK-IS1MA-L09-4_G08	OXFORD_NANOPORE	MinION	31236889.0	3098.0	WGS	GENOMIC	SINGLE	nanopore-seq of SAMD00748220 L09-4_G8
SRR23690836	SRX19553261	SRS16938013	SRP425383	PRJNA934404	Streptococcus agalactiae	VSI63	OXFORD_NANOPORE	MinION	176425611.0	114650.0	WGS	GENOMIC	SINGLE	VSI63
SRR22784642	SRX18744802	SRS16179845	SRP413484	PRJNA912639	Escherichia coli	EC_E_3862_S2_D_CuP_CeP	OXFORD_NANOPORE	MinION	492277245.0	81196.0	WGS	GENOMIC	SINGLE	WGS of Escherichia coli
SRR5678360	SRX2913856	SRS2280122	SRP109058	PRJNA389637	Leptolyngbya ohadii IS1		PACBIO_SMRT	PacBio RS II	936123198.0	339657.0	WGS	GENOMIC	SINGLE	PacBio DNA sequencing of isolated Leptolyngbya ohadii
SRR22190963	SRX18169459	SRS15668724	SRP303037	PRJNA694442	Salmonella enterica		OXFORD_NANOPORE	GridION	460392631.0	61097.0	WGS	GENOMIC	SINGLE	Multiplex WGS of Salmonella
ERR13064406	ERX12434930	ERS17308362	ERP155943	PRJEB71065	Enterococcus lactis		PACBIO_SMRT	Sequel II	147797827.0	13155.0	WGS	GENOMIC	SINGLE	Sequel II sequencing
SRR29316910	SRX24833700	SRS21545531	SRP512379	PRJNA1121190	Vibrio cholerae	139Vc01	OXFORD_NANOPORE	PromethION	706395312.0	113538.0	WGS	GENOMIC	SINGLE	WGS of Vcholerae isolates
SRR30200302	SRX25663411	SRS22305959	SRP525607	PRJNA1111857	Escherichia coli	FDN-9	PACBIO_SMRT	Sequel IIe	15221996.0	1646.0	WGS	GENOMIC	SINGLE	Pacbio sequencing of E coli plasmid  pFDN9-2 from layer chicken
ERR15516496	ERX14920342	ERS4261718	ERP119553	PRJEB36370	Klebsiella pneumoniae		OXFORD_NANOPORE	GridION	257676388.0	43252.0	WGS	GENOMIC	SINGLE	GridION sequencing
SRR27201566	SRX22881438	SRS19853847	SRP477847	PRJNA1052100	Klebsiella pneumoniae	C37	OXFORD_NANOPORE	MinION	802030.0	494.0	WGS	GENOMIC	SINGLE	ONT R9.4.1 sequences of Klebsiella pneumoniae from clinical sources in Ghana
SRR8588895	SRX5389213	SRS3954124	SRP166187	PRJNA497581	Acinetobacter baumannii	TG60155	OXFORD_NANOPORE	MinION	4358129671.0	276631.0	WGS	GENOMIC	SINGLE	Sequencing of Acinetobacter baumannii for AMR identification
SRR19857859	SRX15901408	SRS13590097	SRP383674	PRJNA853156	Acinetobacter pittii	UKK-0265	OXFORD_NANOPORE	MinION	296685199.0	65580.0	WGS	GENOMIC	SINGLE	WGS of Acinetobacter pittii
SRR15171327	SRX11478496	SRS9518517	SRP328635	PRJNA746600	Alistipes senegalensis JC50	JC50	OXFORD_NANOPORE	MinION	2980829536.0	840779.0	WGS	GENOMIC	SINGLE	WGS of Alistipes-senegalensis-JC50-DSM-25460 library1 using OXFORD_NANOPORE
ERR926631	ERX1005906	ERS666356	ERP005928	PRJEB6403	Pseudomonas aeruginosa	NCTC13621	PACBIO_SMRT	PacBio RS	2625473469.0	163482.0	WGS	GENOMIC	SINGLE	PacBio RS sequencing
SRR11303647	SRX7908937	SRS6316509	SRP252698	PRJNA612261	Bradyrhizobium symbiodeficiens	141S2	PACBIO_SMRT	PacBio RS II	658519011.0	108988.0	WGS	GENOMIC	SINGLE	Complete genome sequencing of Bradyrhizobium symbiodeficiens strain 141S2
SRR33937028	SRX29139291	SRS25243746	SRP591361	PRJNA1162747	Pseudomonas aeruginosa	122296	OXFORD_NANOPORE	MinION	972658344.0	290791.0	WGS	GENOMIC	SINGLE	WGS-ONT of Pseudomonas aeruginosa
SRR27467542	SRX23139088	SRS20090142	SRP482617	PRJNA942599	Mammaliicoccus sciuri	Dog031	PACBIO_SMRT	Sequel II	1097372041.0	108170.0	WGS	GENOMIC	SINGLE	PacBio sequencing of canine Staphylococcaceae isolated from a Kenyan shelter in June 2044
ERR9843381	ERX9389178	ERS11816126	ERP120185	PRJEB36919	Campylobacter jejuni		PACBIO_SMRT	Sequel II	2901106229.0	384444.0	WGS	GENOMIC	SINGLE	Sequel II sequencing
SRR32364687	SRX27699459	SRS21122450	SRP444583	PRJNA962904	Escherichia coli		PACBIO_SMRT	Sequel II	475662402.0	22303.0	WGS	GENOMIC	SINGLE	PacBio sequencing of AS26748E1 for ARCH 1.0
SRR31598772	SRX26963714	SRS23433426	SRP549287	PRJNA1185485	Escherichia coli	488	OXFORD_NANOPORE	PromethION	756795237.0	156238.0	WGS	GENOMIC	SINGLE	R4R-barcode37
SRR901540	SRX306371	SRS445374	SRP026055	PRJNA203565	Mycobacteroides abscessus MAB_030201_1075	MAB_020201_1075	PACBIO_SMRT	PacBio RS	314906362.0	81741.0	WGS	GENOMIC	SINGLE	
SRR12699760	SRX9179239	SRS7416462	SRP285140	PRJNA616029	Vibrio cholerae	CMR/2019/57	OXFORD_NANOPORE	GridION	1923840092.0	214238.0	WGS	GENOMIC	SINGLE	Oxford Nanopore sequencing of Vibrio cholerae
SRR15989070	SRX12277797	SRS9999310	SRP357537	PRJNA801416	Escherichia coli	410	OXFORD_NANOPORE	GridION	1361252263.0	336585.0	WGS	GENOMIC	SINGLE	Whole Genome Sequencing of Carbapenemase-producing Enterobacterales (CPE)
ERR11861374	ERX11259381	ERS15952129	ERP148219	PRJEB63082	Escherichia coli		OXFORD_NANOPORE	GridION	683893172.0	217558.0	WGS	GENOMIC	SINGLE	GridION sequencing
ERR10452968	ERX9976423	ERS6794005	ERP109413	PRJEB27342	Klebsiella pneumoniae		PACBIO_SMRT	Sequel II	207611698.0	47134.0	WGS	GENOMIC	SINGLE	Sequel II sequencing
SRR30149067	SRX25616939	SRS22262795	SRP524510	PRJNA1144171	Staphylococcus aureus	sa230419_barcode62	OXFORD_NANOPORE	MinION	138458983.0	26418.0	WGS	GENOMIC	SINGLE	Staphylococcus aureus strain sa230419_barcode62
ERR14314268	ERX13715364	ERS23192826	ERP169026	PRJEB85647	Escherichia coli		OXFORD_NANOPORE	MinION	83068502.0	10044.0	WGS	GENOMIC	SINGLE	Ecoli_28July2023_gDNA
SRR21529722	SRX17532079	SRS15080526	SRP388495	PRJNA862336	Salmonella enterica	Ev41	OXFORD_NANOPORE	MinION	559357932.0	127925.0	WGS	GENOMIC	SINGLE	S_enterica: ReadBouncer2
SRR24289060	SRX20084502	SRS17416973	SRP434206	PRJNA957546	Pseudomonas sp. Ap32	Ap32	OXFORD_NANOPORE	GridION	8129457.0	4000.0	WGS	GENOMIC	SINGLE	Genome sequencing of Pseudomonas apalachicolensis
SRR5830102	SRX3007448	ERS1894610	SRP112337	PRJNA363759	Synechococcus sp. 7002	7002	PACBIO_SMRT	PacBio RS II	276814276.0	84981.0	WGS	GENOMIC	SINGLE	Synechococcus sp. 7002
SRR31599477	SRX26964205	SRS23433917	SRP549287	PRJNA1185485	Escherichia coli	733	OXFORD_NANOPORE	PromethION	869002808.0	152000.0	WGS	GENOMIC	SINGLE	W3R-barcode52
DRR404004	DRX389614	DRS312933	DRP010192	PRJDB14332	Clostridium tetani	KHSU-144316-041	PACBIO_SMRT	Sequel	438525340.0	90720.0	WGS	GENOMIC	SINGLE	Sequel sequencing of SAMD00534330
SRR17210340	SRX13390170	SRS11290155	SRP350362	PRJNA788148	Raoultella ornithinolytica	A2s	OXFORD_NANOPORE	MinION	2934672.0	557.0	WGS	GENOMIC	SINGLE	A2_r2_adaptive_2h
SRR32776912	SRX28061160	SRS24420595	SRP571673	PRJNA1237908	Carnobacterium maltaromaticum	2862	OXFORD_NANOPORE	MinION	212795885.0	14932.0	WGS	GENOMIC	SINGLE	Oxford Nanopore sequencing of Carnobacterium maltaromaticum strain 2862.
SRR17438068	SRX13609329	SRS11498601	SRP353519	PRJNA711387	Pseudomonas sp. BP6	BP6	PACBIO_SMRT	PacBio RS II	10567625975.0	991809.0	WGS	GENOMIC	SINGLE	Pseudomonas sp. BP6
ERR13656302	ERX13027004	ERS20964720	ERP152411	PRJEB67372	Streptomyces sp. enrichment culture		PACBIO_SMRT	Revio	172531336.0	26702.0	WGS	GENOMIC	SINGLE	Raw reads: SudanB56_2051
ERR9843352	ERX9389149	ERS11816081	ERP120185	PRJEB36919	Campylobacter jejuni		PACBIO_SMRT	Sequel II	3247711772.0	405521.0	WGS	GENOMIC	SINGLE	Sequel II sequencing
SRR32078846	SRX27427258	SRS23854921	SRP559037	PRJNA1214014	Campylobacter coli	HJ2506	OXFORD_NANOPORE	MinION	971904108.0	139782.0	WGS	GENOMIC	SINGLE	Campylobacter spp. isolated from raw chicken sample in south korea
SRR33551023	SRX28784716	SRS25023368	SRP362387	PRJNA812061	Acinetobacter baumannii	WM99a	OXFORD_NANOPORE	MinION	786834741.0	99192.0	WGS	GENOMIC	SINGLE	Long read sequencing of Acinetobacter baumannii WM99a
SRR12298422	SRX8801645	SRS6792800	SRP266402	PRJNA605147	Citrobacter sp. RHBSTW-00107	RHBSTW-00107	OXFORD_NANOPORE	GridION	436486789.0	62630.0	WGS	GENOMIC	SINGLE	OXFORD_NANOPORE sequencing of Citrobacter sp. isolate WTP5|T1-00107 cultured from WTP downstream sample
SRR17873546	SRX14032922	SRS11868079	SRP358106	PRJNA800461	Clostridium perfringens	OA14	PACBIO_SMRT	Sequel	5708723462.0	891492.0	WGS	GENOMIC	SINGLE	DNA Seq of Clostridium perfringens OA14
SRR29777262	SRX25277134	SRS21961051	SRP519287	PRJNA1134122	Listeria monocytogenes	N22-3358	OXFORD_NANOPORE	MinION	467081472.0	75672.0	WGS	GENOMIC	SINGLE	Long read WGS of Listeria monocytogenes: isolate N22-3358
SRR27106314	SRX22795386	SRS19779381	SRP476078	PRJNA1049155	Klebsiella pneumoniae	DD02424-TC3	PACBIO_SMRT	PacBio RS II	2003497012.0	344311.0	WGS	GENOMIC	SINGLE	Long-read Sequencing of conjugation and  evolutionary experiments related  Klebsiella pneumoniae isolates
ERR14747238	ERX14148514	ERS23812270	ERP170065	PRJEB86767	Morganella morganii		OXFORD_NANOPORE	MinION	985685680.0	215274.0	WGS	GENOMIC	SINGLE	EXP-14-1-2025-03-14_14-42-05
SRR8054582	SRX4884143	SRS3932923	SRP165734	PRJNA496461	Klebsiella pneumoniae	KLPN_M96	OXFORD_NANOPORE	GridION	3677669752.0	382113.0	WGS	GENOMIC	SINGLE	nanopore seq of klebsiella pneumoniae
SRR13893766	SRX10273248	SRS8406510	SRP309815	PRJNA686978	Klebsiella aerogenes	not collected	OXFORD_NANOPORE	MinION	1077958569.0	134605.0	WGS	GENOMIC	SINGLE	nanopore sequencing of Enterobacter aerogenes: clinical isolate
DRR424509	DRX409706	DRS268138	DRP009339	PRJDB14896	Escherichia coli	2313	OXFORD_NANOPORE	MinION	2015508022.0	265930.0	WGS	GENOMIC	SINGLE	MinION sequencing of SAMD00562881
SRR35674147	SRX30725519	SRS26742222	SRP561673	PRJNA1219398	Pasteurella multocida	190509	OXFORD_NANOPORE	MinION	570615104.0	95501.0	WGS	GENOMIC	SINGLE	DNA-Seq of Pasteurella multocida 190509
SRR26950731	SRX22644475	SRS19641537	SRP474291	PRJNA1043871	Bacillus sp. PBL-C9	PBL-C9	OXFORD_NANOPORE	MinION	17399.0	8.0	WGS	GENOMIC	SINGLE	Bacillus sp. PBL-C9 Genome sequencing and assembly
SRR32375298	SRX27708143	SRS21131219	SRP444583	PRJNA962904	Klebsiella pneumoniae		PACBIO_SMRT	Sequel II	294547988.0	9303.0	WGS	GENOMIC	SINGLE	PacBio sequencing of CS27495E1 for ARCH 1.0
DRR197065	DRX187482	DRS174886	DRP004189	PRJDB5929	Klebsiella pneumoniae	C127	OXFORD_NANOPORE	GridION	2850653570.0	379873.0	WGS	GENOMIC	SINGLE	GridION sequencing of SAMD00108871
SRR31347343	SRX26724307	SRS23214384	SRP545175	PRJNA1185762	Bdellovibrio sp. MYbb10	MYbb10	PACBIO_SMRT	Sequel IIe	1973065763.0	295996.0	WGS	GENOMIC	SINGLE	Long read sequencing of Bdellovibrio: cell culture
SRR19184103	SRX15249065	SRS12981645	SRP375062	PRJNA837734	Listeria monocytogenes	LS12-847	OXFORD_NANOPORE	MinION	75707268.0	15971.0	WGS	GENOMIC	SINGLE	Nanopore sequencing of Listeria monocytogenes
SRR31583330	SRX26948924	SRS23420387	SRP548954	PRJNA1193326	Campylobacter jejuni		OXFORD_NANOPORE	MinION	42667260.0	28285.0	WGS	GENOMIC	SINGLE	Long-read Nanopore-based WGS characterization of antimicrobial resistant Campylobacter jejuni and Campylobacter coli isolates from humans, animals and food products in Northern Spain within a One Health approach
SRR36797820	SRX31784528	SRS27747229	SRP661661	PRJNA1389824	Enterobacter ludwigii		OXFORD_NANOPORE	MinION	74136817.0	18591.0	WGS	GENOMIC	SINGLE	evolved microcosm clones
SRR35574266	SRX30647182	SRS26670426	SRP625638	PRJNA1320685	Escherichia coli	PCP07014	OXFORD_NANOPORE	MinION	1518717217.0	345382.0	WGS	GENOMIC	SINGLE	ONT Long-Read DNA Sequencing of PCP07014 Dorado SUP basecalling
SRR9722563	SRX6480209	SRS5130315	SRP215816	PRJNA470993	Staphylococcus aureus	ER03588.3	PACBIO_SMRT	PacBio RS II	1049322912.0	149923.0	WGS	GENOMIC	SINGLE	WGS of Staphylococcus aureus
DRR097374	DRX090861	DRS101307	DRP005218	PRJDB5839	Helicobacter pylori	Q_5_6	PACBIO_SMRT	PacBio RS II	1277126820.0	163482.0	WGS	GENOMIC	SINGLE	PacBio RS II sequencing of SAMD00084376
SRR24462676	SRX20249531	SRS17582395	SRP436364	PRJNA970070	Vibrio cholerae	M813	OXFORD_NANOPORE	GridION	525732981.0	112098.0	WGS	GENOMIC	SINGLE	Genomic evidence of the transmissions in early seventh cholera pandemic
SRR30342985	SRX25801164	SRS22432641	SRP528120	PRJNA1150149	Staphylococcus aureus	ST105	OXFORD_NANOPORE	MinION	488493750.0	101887.0	WGS	GENOMIC	SINGLE	ONT long-read sequencing of potential healthcare transmission pathogens
ERR10498119	ERX10015408	ERS14254313	ERP142629	PRJEB57633	Escherichia coli		OXFORD_NANOPORE	GridION	124763094.0	17411.0	WGS	GENOMIC	SINGLE	Raw reads: ONT_30348_2#249
ERR15665887	ERX15070466	ERS203135	ERP001784	PRJEB3255	Proteus mirabilis	M572	OXFORD_NANOPORE	MinION	500144933.0	67755.0	WGS	GENOMIC	SINGLE	MinION sequencing
SRR32046761	SRX27395873	SRS23827401	SRP504459	PRJNA1105567	Staphylococcus haemolyticus		OXFORD_NANOPORE	MinION	286034855.0	29740.0	WGS	GENOMIC	SINGLE	WGS of Staphylococcus haemolyticus: preterm infant stool
SRR5010412	SRX2341381	SRS1792402	SRP093024	PRJNA352894	Parathermosynechococcus lividus PCC 6715	PCC 6715	PACBIO_SMRT	PacBio RS II	2324654324.0	163482.0	WGS	GENOMIC	SINGLE	WGS of PCC6715 using PacBio
ERR15335116	ERX14738431	ERS25304772	ERP177037	PRJEB94163	Bacillus anthracis		OXFORD_NANOPORE	MinION	3403865242.0	563195.0	WGS	GENOMIC	SINGLE	MinION sequencing
SRR3757101	SRX1906165	SRS1546885	SRP078137	PRJNA217194	Eubacterium sp. AB3007	AB3007	PACBIO_SMRT	PacBio RS	152863945.0	51226.0	WGS	GENOMIC	SINGLE	Eubacterium sp. AB3007
SRR9665365	SRX6426238	SRS5081755	SRP214037	PRJNA536288	Acidovorax sp. NO-1	SLBN-42	PACBIO_SMRT	Sequel	1873636933.0	372475.0	WGS	GENOMIC	SINGLE	Acidovorax sp NO-1
SRR1177844	SRX476933	SRS562631	SRP039014	PRJNA212465	Anaplasma phagocytophilum str. CRT53-1		PACBIO_SMRT	PacBio RS	1775973487.0	163482.0	WGS	GENOMIC	SINGLE	
SRR16955611	SRX13147202	SRS3401340	SRP071789	PRJNA315192	Escherichia coli	437024	OXFORD_NANOPORE	MinION	946936702.0	180975.0	WGS	GENOMIC	SINGLE	Nanopore sequencing of STEC
SRR16775482	SRX12974675	SRS10915510	SRP215816	PRJNA470993	Staphylococcus aureus		PACBIO_SMRT	PacBio RS II	1396080109.0	175189.0	WGS	GENOMIC	SINGLE	WGS of Staphylococcus aureus
SRR30397318	SRX25823596	SRS22453018	SRP528572	PRJNA1143684	Lactiplantibacillus plantarum	JY067	PACBIO_SMRT	Sequel II	1003951792.0	93544.0	WGS	GENOMIC	SINGLE	WGS of Lactobacillus plantarum
SRR30949391	SRX26352093	SRS22817213	SRP536567	PRJNA1165464	Escherichia coli	Not applicable	OXFORD_NANOPORE	MinION	296812149.0	68000.0	WGS	GENOMIC	SINGLE	Nanopore sequencing of E.coli: blood isolate
SRR24007062	SRX19810428	SRS17171458	SRP429992	PRJNA950057	Burkholderia vietnamiensis	BUV98_M1	PACBIO_SMRT	Sequel	1853338147.0	399953.0	WGS	GENOMIC	SINGLE	Genome sequencing of Burkholderia vietnamiensis: serially collected isolates from a single patient
ERR4586358	ERX4520198	ERS5060054	ERP123927	PRJEB40306	Serratia marcescens subsp. marcescens ATCC 13880	ATCC 13880	PACBIO_SMRT	PacBio RS II	1878796770.0	163482.0	WGS	GENOMIC	SINGLE	PacBio RS II sequencing; PacBio SMRT sequencing; Evolution of the bacterium Serratia marcescens under several experimental temperature treatments
SRR36722105	SRX31726388	SRS27695024	SRP660603	PRJNA1398820	Escherichia coli BL21(DE3)	BL21 (DE3)	OXFORD_NANOPORE	MinION	452633289.0	191862.0	WGS	GENOMIC	SINGLE	Whole-genome sequencing of phage-resistant E. coli BL21(DE3)
ERR10488919	ERX10008230	ERS14235820	ERP142385	PRJEB57405	Streptococcus pneumoniae		OXFORD_NANOPORE	MinION	185384945.0	40624.0	WGS	GENOMIC	SINGLE	MinION sequencing
SRR5165178	SRX2482159	SRS1913753	SRP096398	PRJNA242420	Mesorhizobium japonicum MAFF 303099	MAFF 303099	PACBIO_SMRT	PacBio RS	201728311.0	110855.0	WGS	GENOMIC	SINGLE	Mesorhizobium loti MAFF303099 bacteroid in symbiosis with Lotus japonicus
SRR9131260	SRX5905084	SRS4824776	SRP199607	PRJNA527974	Escherichia coli	T3	PACBIO_SMRT	PacBio RS II	1633403940.0	158232.0	WGS	GENOMIC	SINGLE	pacbio reads pT3
SRR14666017	SRX11004596	SRS9078653	SRP321596	PRJNA724001	Clostridium beijerinckii	DSM 791	OXFORD_NANOPORE	MinION	6603105305.0	690277.0	WGS	GENOMIC	SINGLE	WGS ONT: CLostridium beijerinckii DSM 791
SRR30537685	SRX25961202	SRS22543873	SRP530351	PRJNA1148810	Rossellomorea sp. FM04394	FM04394	PACBIO_SMRT	Sequel	294430028.0	48420.0	WGS	GENOMIC	SINGLE	Rossellomorea bacterium strain FM0494 Genome sequencing and assembly
SRR19183952	SRX15249216	SRS12981715	SRP375062	PRJNA837734	Listeria monocytogenes	81-501	OXFORD_NANOPORE	MinION	73160231.0	10193.0	WGS	GENOMIC	SINGLE	Nanopore sequencing of Listeria monocytogenes
SRR25467229	SRX21199696	SRS18458353	SRP452337	PRJNA1000618	Escherichia coli	Escherichia coli BL21(DE3)	OXFORD_NANOPORE	MinION	9587629.0	4000.0	WGS	GENOMIC	SINGLE	CASTVK transposition with different condition
ERR4047290	ERX4048423	ERS3340494	ERP113355	PRJEB30866	Escherichia coli		PACBIO_SMRT	Sequel	185061388.0	56145.0	WGS	GENOMIC	SINGLE	Sequel sequencing
SRR35071057	SRX30184964	SRS26244972	SRP610420	PRJNA1308807	Escherichia coli	Ec_106	OXFORD_NANOPORE	MinION	662725560.0	80877.0	WGS	GENOMIC	SINGLE	Oxford Nanopore sequences of an isolated E. coli strain from wastewater
SRR3886584	SRX1941558	SRS1256902	SRP068738	PRJNA292900	Pseudomonas aeruginosa	AR_0054	PACBIO_SMRT	PacBio RS II	436468900.0	163482.0	WGS	GENOMIC	PAIRED	
SRR498132	SRX148635	SRS281883	SRP013241	PRJNA73829	Vibrio cholerae		PACBIO_SMRT	PacBio RS	1258645.0	3772.0	WGS	GENOMIC	SINGLE	Whole Genome Sequencing for N5 (strobe)
SRR29971740	SRX25453094	SRS22109944	SRP522001	PRJNA1115674	Lysobacter sp. OAE881	OAE881	PACBIO_SMRT	Sequel IIe	493173742.0	56598.0	WGS	GENOMIC	SINGLE	Lysobacter sp. OAE881
SRR14692231	SRX11030360	SRS9101247	SRP321961	PRJNA732274	Streptomyces sp. COG20	COG20	PACBIO_SMRT	Sequel	1362042147.0	415823.0	WGS	GENOMIC	PAIRED	DNA-seq of Strep sp COG20
ERR160066	ERX135958	ERS088717	ERP001163	PRJEB2848	Staphylococcus aureus subsp. aureus TW20	TW20	PACBIO_SMRT	PacBio RS	167625386.0	81741.0	WGS	GENOMIC	SINGLE	
SRR386508	SRX109804	SRS212337	SRP007233	PRJNA64879	Fusobacterium animalis F0419	OT 420	PACBIO_SMRT	PacBio RS	30285827.0	81741.0	WGS	GENOMIC	SINGLE	Whole Genome Sequencing and Assembly
SRR27944590	SRX23601398	SRS20444142	SRP489348	PRJNA1067895	Neisseria gonorrhoeae	WHO_W_2024	PACBIO_SMRT	PacBio RS	266914264.0	163482.0	WGS	GENOMIC	SINGLE	2024 WHO N gonorrhoeae reference strain
ERR12508683	ERX11884731	ERS17744583	ERP153002	PRJEB67987	Mycobacterium tuberculosis		OXFORD_NANOPORE	MinION			WGS	GENOMIC	SINGLE	MinION sequencing
SRR35556695	SRX30631365	SRS5066580	SRP150360	PRJNA475751	Escherichia coli	EC00740	OXFORD_NANOPORE	MinION	1213596220.0	208493.0	WGS	GENOMIC	SINGLE	WGS Sequencing of Escherichia coli
SRR30694562	SRX26112109	SRS22622079	SRP503470	PRJNA833906	Mycobacterium tuberculosis	L4.1.2	OXFORD_NANOPORE	MinION	993722738.0	335133.0	WGS	GENOMIC	SINGLE	WGS of Mycobacterium tuberculosis: clinical isolate
SRR32364704	SRX27699442	SRS21122929	SRP444583	PRJNA962904	Escherichia coli		PACBIO_SMRT	Sequel II	227708898.0	10973.0	WGS	GENOMIC	SINGLE	PacBio sequencing of AS6274E1 for ARCH 1.0
SRR24512234	SRX20296667	SRS17622617	SRP437227	PRJNA957363	Sphingomonas sp. SORGH_AS_0950	SORGH_AS_0950	PACBIO_SMRT	Sequel IIe	319830816.0	46689.0	WGS	GENOMIC	SINGLE	Sphingomonas sp. SORGH_AS 950
SRR34711408	SRX29846423	SRS25949856	SRP603488	PRJNA1295973	Campylobacter coli	LDI12925	OXFORD_NANOPORE	MinION	258808275.0	112169.0	WGS	GENOMIC	SINGLE	C. coli Minion reads
SRR13996141	SRX10373571	SRS3787240	SRP071789	PRJNA315192	Escherichia coli	591122	OXFORD_NANOPORE	MinION	2444588500.0	244046.0	WGS	GENOMIC	SINGLE	591122
SRR30896326	SRX26299695	SRS22828417	SRP536878	PRJNA1134622	Escherichia coli	OXEC-45	OXFORD_NANOPORE	MinION	765261390.0	217400.0	WGS	GENOMIC	SINGLE	OXEC-45
SRR15429008	SRX11730333	SRS9759067	SRP309514	PRJNA695301	Aristaeella hokkaidonensis	R-7	OXFORD_NANOPORE	PromethION	1459678688.0	246823.0	WGS	GENOMIC	SINGLE	Long read ONT genome sequencing of Clostridiales bacterium R-7
SRR16525753	SRX12728246	SRS10336993	SRP357534	PRJNA801415	Escherichia coli	131	OXFORD_NANOPORE	GridION	222333659.0	62061.0	WGS	GENOMIC	SINGLE	Extensive diversification and dissemination of blaNDM carbapenemase plasmids in Enterobacterales in Singapore 2010-2015
SRR36068593	SRX31114813	SRS27072668	SRP644837	PRJNA1364846	Campylobacter coli	GPT20-006	OXFORD_NANOPORE	GridION	86335310.0	25348.0	WGS	GENOMIC	SINGLE	Campylobacter coli, DBT kit, 36-plex and 50 ng DNA, replicate 6
SRR12280356	SRX8784359	SRS7053101	SRP272861	PRJNA646575	Bacteroides salyersiae		OXFORD_NANOPORE	GridION	724405164.0	64459.0	WGS	GENOMIC	SINGLE	WGS  of Bacteroides fragilis group clinical isolates
SRR34268984	SRX29442812	SRS25588786	SRP595615	PRJNA1280179	Pseudomonas aeruginosa	CF-sbj4-Pa1-l	OXFORD_NANOPORE	GridION	2272577783.0	259720.0	WGS	GENOMIC	SINGLE	Plasmid-mediated extreme resistance development within lung
SRR13289786	SRX9718960	SRS7252130	SRP278657	PRJNA658369	Klebsiella pneumoniae	ARLG-3473	OXFORD_NANOPORE	GridION	1118363585.0	222756.0	WGS	GENOMIC	SINGLE	ONT seq of K. pneumoniae
SRR3723715	SRX1881198	SRS1527861	SRP077386	PRJNA234862	Kitasatospora azatica KCTC 9699	KCTC 9699	PACBIO_SMRT	PacBio RS	155108845.0	79548.0	WGS	GENOMIC	SINGLE	Kitasatospora azatica KCTC 9699
SRR33769084	SRX28991684	SRS22455705	SRP444583	PRJNA962904	Escherichia coli		PACBIO_SMRT	Sequel II	363188288.0	21171.0	WGS	GENOMIC	SINGLE	PacBio sequencing of AH0269HE1 for ARCH 2
SRR25467139	SRX21199786	SRS18458348	SRP452337	PRJNA1000618	Escherichia coli	Escherichia coli BL21(DE3)	OXFORD_NANOPORE	MinION	6183415.0	3999.0	WGS	GENOMIC	SINGLE	CASTVK transposition with different condition
SRR33906239	SRX29113690	SRS25319852	SRP590983	PRJNA1214554	Shewanella oneidensis	MR1	OXFORD_NANOPORE	MinION	616110226.0	104889.0	WGS	GENOMIC	SINGLE	WGS of Shewanella oneidensis WT after growth with UV stress replicate 1
SRR30896089	SRX26299932	SRS22828654	SRP536878	PRJNA1134622	Escherichia coli	OXEC-258	OXFORD_NANOPORE	MinION	776635034.0	225498.0	WGS	GENOMIC	SINGLE	OXEC-258
SRR32610248	SRX27915708	SRS24285671	SRP568690	PRJNA1233267	Campylobacter jejuni		OXFORD_NANOPORE	MinION	371055562.0	130925.0	WGS	GENOMIC	SINGLE	WGS chicken breast enrichment: 137
ERR15095089	ERX14499691	ERS24813654	ERP119900	PRJEB36683	Klebsiella pneumoniae 11227-1		OXFORD_NANOPORE	PromethION	1150706788.0	440978.0	WGS	GENOMIC	SINGLE	Raw reads: MKPR012_L
ERR5214313	ERX5017769	ERS5599751	ERP126298	PRJEB42440	Klebsiella pneumoniae		OXFORD_NANOPORE	MinION	532984080.0	37418.0	WGS	GENOMIC	SINGLE	MinION sequencing
DRR444175	DRX429277	DRS320102	DRP010419	PRJDB15300	Sphingobium sp. TomTYG72	TomTYG72	PACBIO_SMRT	Sequel II	526715005.0	44740.0	WGS	GENOMIC	SINGLE	Sequel II sequencing of SAMD00581308
SRR36095963	SRX31141491	SRS27128455	SRP291668	PRJNA675431	Klebsiella pneumoniae		OXFORD_NANOPORE	PromethION	163042084.0	51264.0	WGS	GENOMIC	SINGLE	WGS of Klebsiella pneumoniae
SRR7183053	SRX4099835	SRS3315968	SRP148449	PRJNA471595	Thermomonas aquatica	SY21	PACBIO_SMRT	PacBio RS II	476641007.0	46310.0	WGS	GENOMIC	SINGLE	Thermomonas sp.
SRR32655852	SRX27959937	SRS24326318	SRP569671	PRJNA912210	Prochlorococcus marinus subsp. pastoris str. CCMP1986	MED4ax	PACBIO_SMRT	Sequel	75724290.0	12439.0	WGS	GENOMIC	SINGLE	PacBio HiFi data of Prochlorococcus marinus subsp. pastoris str. CCMP1986
