srr_accession	srx_accession	srs_accession	srp_accession	bioproject	organism	strain	platform	instrument	total_bases	total_spots	library_strategy	library_source	library_layout	title
SRR8358561	SRX5169323	SRS4177017	SRP018785	PRJNA186035	Salmonella enterica	CFSAN064033	PACBIO_SMRT	PacBio RS II	1722556975.0	163482.0	WGS	GENOMIC	SINGLE	Whole genome PacBio RS sequence of Salmonella enterica
SRR24139800	SRX19938605	SRS17287314	SRP247747	PRJNA604975	Escherichia coli	ox_bsi_385	OXFORD_NANOPORE	GridION	92659222.0	32432.0	WGS	GENOMIC	SINGLE	oxford_bsi
SRR30342830	SRX25801319	SRS22432795	SRP528120	PRJNA1150149	Staphylococcus aureus	ST8-1LV	OXFORD_NANOPORE	MinION	128391280.0	23817.0	WGS	GENOMIC	SINGLE	ONT long-read sequencing of potential healthcare transmission pathogens
SRR1980758	SRX998842	SRS912983	SRP057274	PRJNA281410	Helicobacter pylori J99	J99	PACBIO_SMRT	PacBio RS II	1064499781.0	163482.0	WGS	GENOMIC	SINGLE	Helicobacter pylori J99; 20,000 bp library (native DNA)
SRR36920152	SRX31886385	SRS27841263	SRP665298	PRJNA1403646	Streptococcus sp.	BHI_11	OXFORD_NANOPORE	MinION	31845598.0	19995.0	WGS	GENOMIC	SINGLE	Long Reads for The Genomic Landscape of Head and Neck Cancer-associated Streptococci
SRR12298810	SRX8801767	SRS6792689	SRP266402	PRJNA605147	Klebsiella pneumoniae	RHB26-C08	OXFORD_NANOPORE	GridION	1025077623.0	127636.0	WGS	GENOMIC	SINGLE	OXFORD_NANOPORE sequencing of Klebsiella pneumoniae isolate RH09|T2-C08 cultured from Cattle faeces sample
ERR4762222	ERX4635326	ERS5247722	ERP124695	PRJEB40976	Enterococcus faecalis		OXFORD_NANOPORE	GridION	818843948.0	60127.0	WGS	GENOMIC	SINGLE	GridION sequencing; Raw reads: 26975_2#146
SRR31926110	SRX27283532	SRS23726808	SRP486791	PRJNA1068844	Bacillus sp. SW14	SW14	OXFORD_NANOPORE	MinION	935682983.0	203085.0	WGS	GENOMIC	SINGLE	PGP bacteria
SRR26950757	SRX22644449	SRS19641537	SRP474291	PRJNA1043871	Bacillus sp. PBL-C9	PBL-C9	OXFORD_NANOPORE	MinION	10738818.0	3977.0	WGS	GENOMIC	SINGLE	Bacillus sp. PBL-C9 Genome sequencing and assembly
ERR9030322	ERX8573732	ERS10792333	ERP133548	PRJEB49093	Mycobacterium tuberculosis	Lineage 4	OXFORD_NANOPORE	GridION	316093966.0	483006.0	WGS	GENOMIC	SINGLE	GridION sequencing; Raw reads: 18_0622267-nanopore
SRR4063160	SRX2052213	SRS1644578	SRP082775	PRJNA217215	Maribacter forsetii DSM 18668	DSM 18668	PACBIO_SMRT	PacBio RS	29391753.0	9802.0	WGS	GENOMIC	SINGLE	Maribacter forsetii DSM18668
SRR33768715	SRX28991363	SRS22455898	SRP444583	PRJNA962904	Klebsiella pneumoniae		PACBIO_SMRT	Sequel II	187357226.0	8699.0	WGS	GENOMIC	SINGLE	PacBio sequencing of AH0665HC1 for ARCH 2
SRR12390870	SRX8889395	SRS6902990	SRP268740	PRJNA641774	Salmonella enterica subsp. enterica serovar Kentucky		OXFORD_NANOPORE	MinION	533726048.0	305790.0	WGS	GENOMIC	SINGLE	MinION reads of Salmonella Kentucky S16BD08730
SRR4063149	SRX2052202	SRS1644577	SRP082774	PRJNA242130	Pantoea agglomerans	GR13	PACBIO_SMRT	PacBio RS	308362830.0	83630.0	WGS	GENOMIC	SINGLE	Pantoea agglomerans GR13
SRR364928	SRX032454	SRS140103	SRP004712	PRJNA61297	Vibrio cholerae O1 biovar El Tor str. N16961	N16961	PACBIO_SMRT	PacBio RS	37020869.0	60667.0	WGS	GENOMIC	SINGLE	Sequencing for N5 (Bangladesh, 1971)
SRR516882	SRX148633	SRS281882	SRP013241	PRJNA73829	Vibrio cholerae		PACBIO_SMRT	PacBio RS	36535248.0	60667.0	WGS	GENOMIC	SINGLE	Whole Genome Sequencing of Haitian Vibrio cholerae: Continuous Long Read (CLR) data
SRR35246001	SRX30348900	SRS26392037	SRP617022	PRJNA958364	Streptomyces achromogenes	B2I10	PACBIO_SMRT	Sequel IIe	476911120.0	67892.0	WGS	GENOMIC	SINGLE	Streptomyces achromogenes B2I10
SRR27944593	SRX23601395	SRS20444139	SRP489348	PRJNA1067895	Neisseria gonorrhoeae	WHO_T_2024	PACBIO_SMRT	Sequel	644799391.0	147726.0	WGS	GENOMIC	SINGLE	2024 WHO N gonorrhoeae reference strain
SRR12801725	SRX9270564	SRS7499434	SRP286888	PRJNA668291	Mycobacterium tuberculosis	N1274	OXFORD_NANOPORE	MinION	558130098.0	90876.0	WGS	GENOMIC	SINGLE	Long read TB
SRR29316930	SRX24833680	SRS21545511	SRP512379	PRJNA1121190	Vibrio cholerae	137Vc03	OXFORD_NANOPORE	PromethION	330663095.0	54823.0	WGS	GENOMIC	SINGLE	WGS of Vcholerae isolates
SRR30111936	SRX25584647	SRS22235506	SRP511273	PRJNA1119266	Salmonella enterica subsp. enterica serovar Typhimurium		OXFORD_NANOPORE	MinION	276521826.0	41826.0	WGS	GENOMIC	SINGLE	Nanopore sequencing of salmonella typhimurium from raw chicken
SRR389123	SRX111329	SRS004883	SRP001079	PRJNA40077	Cereibacter sphaeroides 2.4.1	2.4.1	PACBIO_SMRT	PacBio RS	32913495.0	81741.0	WGS	GENOMIC	SINGLE	Whole Genome Sequencing and Assembly
SRR21465137	SRX17468805	SRS4046087	SRP395888	PRJNA812595	Escherichia coli	PNUSAE019785	OXFORD_NANOPORE	MinION	1550538601.0	183535.0	WGS	GENOMIC	SINGLE	Pathogen: clinical or host-associated sample
SRR21415653	SRX17420227	SRS13525997	SRP361569	PRJNA768416	Weizmannia sp. FSL W8-1119	FSL W8-1119	OXFORD_NANOPORE	MinION	628481032.0	167256.0	WGS	GENOMIC	SINGLE	WGS of Bacilli
SRR33768725	SRX28991353	SRS22456089	SRP444583	PRJNA962904	Klebsiella pneumoniae		PACBIO_SMRT	Sequel II	202868812.0	9226.0	WGS	GENOMIC	SINGLE	PacBio sequencing of AH0613HC1 for ARCH 2
SRR31834924	SRX27195254	SRS22210759	SRP523632	PRJNA1142676	Klebsiella variicola	kv220713_barcode52	OXFORD_NANOPORE	MinION	341314517.0	48668.0	WGS	GENOMIC	SINGLE	Klebsiella variicola strain kv220713_barcode52
ERR3396636	ERX3420499	ERS2444055	ERP011196	PRJEB10018	Klebsiella pneumoniae		PACBIO_SMRT	Sequel	822601705.0	744079.0	WGS	GENOMIC	SINGLE	Sequel sequencing
DRR672347	DRX652449	DRS469329	DRP013169	PRJDB19353	Latilactobacillus sakei	missing	PACBIO_SMRT	PacBio RS II	787737273.0	134607.0	WGS	GENOMIC	SINGLE	PacBio RS II single-end Sequencing of Lactobacillus sakei (KAE22249570)
SRR33768849	SRX28991229	SRS22456276	SRP444583	PRJNA962904	Escherichia coli		PACBIO_SMRT	Sequel II	383896334.0	18252.0	WGS	GENOMIC	SINGLE	PacBio sequencing of AH0447HE1 for ARCH 2
SRR17210262	SRX13390248	SRS11290155	SRP350362	PRJNA788148	Raoultella ornithinolytica	A2s	OXFORD_NANOPORE	MinION	75818582.0	13825.0	WGS	GENOMIC	SINGLE	A2_r1_standard_3h
SRR1953063	SRX956319	SRS874039	SRP056142	PRJNA272881	Erwinia tracheiphila	BuffGH	PACBIO_SMRT	PacBio RS	1289165128.0	221214.0	WGS	GENOMIC	SINGLE	Reference_Sequence
SRR4181411	SRX2142647	SRS1674083	SRP086970	PRJNA303849	Streptomyces griseus	DSM 40236	PACBIO_SMRT	PacBio RS	1183508409.0	322257.0	WGS	GENOMIC	SINGLE	Streptomyces griseus DSM 40236
SRR17681511	SRX13844873	SRS2553663	SRP353467	PRJNA794134	Listeria monocytogenes	TB0509	OXFORD_NANOPORE	MinION	136622045.0	15508.0	WGS	GENOMIC	SINGLE	long read sequencing of Listeria monocytogenes
SRR22859853	SRX18818731	SRS16251729	SRP414408	PRJNA914892	Staphylococcus aureus	C878	OXFORD_NANOPORE	MinION	554226153.0	118087.0	WGS	GENOMIC	SINGLE	Long read ONT WGS of Staphylococcus aureus isolates from Chronic Rhinosinusitis Patients
SRR34967406	SRX30086831	SRS26152966	SRP608514	PRJNA1305037	Klebsiella pneumoniae	MI_KPC_261	OXFORD_NANOPORE	PromethION	500003603.0	71771.0	WGS	GENOMIC	SINGLE	KPC CRE collection from state of Michigan
SRR19667679	SRX15717087	SRS13154002	SRP376797	PRJNA835677	Klebsiella pneumoniae subsp. pneumoniae	Kpn35	OXFORD_NANOPORE	GridION	835803551.0	36751.0	WGS	GENOMIC	SINGLE	Nanopore sequencing of K. pneumoniae from pigs
SRR30149321	SRX25617312	SRS21937616	SRP518730	PRJNA1133668	Klebsiella pneumoniae	ST258KP48	OXFORD_NANOPORE	MinION	104705589.0	14148.0	WGS	GENOMIC	SINGLE	Nanopore sequencing of clinical CRE isolates: human
DRR629321	DRX609648	DRS438870	DRP012484	PRJDB19189	Mycobacterium avium subsp. hominissuis	GA61913	OXFORD_NANOPORE	MinION	399219543.0	60575.0	WGS	GENOMIC	SINGLE	MinION sequencing of SAMD00833374
SRR13380274	SRX9803296	SRS7987570	SRP300808	PRJNA649533	Salmonella enterica		OXFORD_NANOPORE	GridION	649142049.0	44217.0	WGS	GENOMIC	SINGLE	ISF salmonella
ERR14126998	ERX13529664	ERS22899878	ERP159032	PRJEB74343	Rubrobacter radiotolerans		OXFORD_NANOPORE	PromethION	125358469.0	25144.0	WGS	GENOMIC	SINGLE	R1041_V5_Rubrobacter_radiotolerans
SRR26322085	SRX22030162	SRS3020867	SRP133964	PRJNA437002	Bacillus subtilis	PS-196	PACBIO_SMRT	Sequel	1432587180.0	130072.0	WGS	GENOMIC	SINGLE	WGS B. subtilis PS-196
SRR27379335	SRX23055716	SRS20015718	SRP480616	PRJNA1055176	Escherichia coli	Not available	OXFORD_NANOPORE	MinION	1336698791.0	289920.0	WGS	GENOMIC	SINGLE	Whole genome sequence of E. coli
ERR13243096	ERX12613845	ERS15231728	ERP143914	PRJEB58840	Paraburkholderia fungorum NBRC 102489		OXFORD_NANOPORE	MinION	928741519.0	84405.0	WGS	GENOMIC	SINGLE	MinION sequencing
SRR12412637	SRX8908847	SRS7166253	SRP276659	PRJNA601875	Burkholderia multivorans	P1Bm2012b	OXFORD_NANOPORE	MinION	373835156.0	58865.0	WGS	GENOMIC	SINGLE	Hybrid sequencing of B. multivorans ST-742
SRR30342933	SRX25801216	SRS22432691	SRP528120	PRJNA1150149	Staphylococcus aureus	ST30	OXFORD_NANOPORE	MinION	219105206.0	46962.0	WGS	GENOMIC	SINGLE	ONT long-read sequencing of potential healthcare transmission pathogens
SRR9269163	SRX6039405	SRS4942695	SRP201093	PRJNA523699	Stenotrophomonas indicatrix	DAIF1	OXFORD_NANOPORE	MinION	1284669550.0	231465.0	WGS	GENOMIC	SINGLE	Stenotrophomonas indicatrix DAIF1
SRR7692507	SRX4551916	SRS3669011	SRP157923	PRJNA282520	Haemophilus influenzae	P669-6977	PACBIO_SMRT	PacBio RS II	281133870.0	57236.0	WGS	GENOMIC	SINGLE	WGS of Haemophilus influenzae: COPD sputum isolate
SRR5182111	SRX2498218	SRS1925071	SRP096895	PRJNA353873	Mycobacterium tuberculosis		PACBIO_SMRT	PacBio RS	132870932.0	163482.0	WGS	GENOMIC	SINGLE	DNA of Mtb
ERR10497892	ERX10015181	ERS14254482	ERP142629	PRJEB57633	Escherichia coli		OXFORD_NANOPORE	GridION	48504885.0	8237.0	WGS	GENOMIC	SINGLE	Raw reads: ONT_30345_1#198
SRR35049676	SRX30164068	SRS26224590	SRP212399	PRJNA548188	Borreliella burgdorferi	MR614	PACBIO_SMRT	PacBio RS II	1299701468.0	163482.0	WGS	GENOMIC	SINGLE	"=""Genome sequencing of Borreliella burgdorferi: ""&B8"
SRR30814234	SRX26214741	SRS22757755	SRP535155	PRJNA1157803	Borrelia recurrentis A1	A1	PACBIO_SMRT	Sequel II	4652507565.0	370257.0	WGS	GENOMIC	SINGLE	Borrelia recurrentis A1 whole genome sequencing
SRR28249943	SRX23860548	SRS20679561	SRP458718	PRJNA1013328	Escherichia coli	Escherichia coli BL21(DE3)	OXFORD_NANOPORE	PromethION	811938429.0	173515.0	WGS	GENOMIC	SINGLE	Long read WGS sequencing for genomic insertion assay: genomeinsertion-bRNA-1-RTG7.biorep2.techrep1
SRR15827963	SRX12119834	SRS10099915	SRP336307	PRJNA761884	Escherichia coli	X_52	PACBIO_SMRT	PacBio RS II	1190886671.0	152417.0	WGS	GENOMIC	SINGLE	WGS of Escherichia coli: sample C481
SRR3441712	SRX1727951	SRS1324860	SRP050002	PRJNA266616	Bordetella pertussis		PACBIO_SMRT	PacBio RS II	646691040.0	163482.0	WGS	GENOMIC	SINGLE	
SRR386202	SRX109853	SRS002764	SRP001666	PRJNA32461	Coprobacillus cateniformis	D6	PACBIO_SMRT	PacBio RS	71912960.0	81741.0	WGS	GENOMIC	SINGLE	Whole Genome Sequencing and Assembly
SRR15540397	SRX11838531	SRS9849700	SRP333488	PRJNA336330	Escherichia coli O157	644-PT8	PACBIO_SMRT	PacBio RS II	435013255.0	163482.0	WGS	GENOMIC	SINGLE	Genome sequencing of E. coli O157:H7 from Scotland PacBio reads
SRR13269169	SRX9699288	SRS7895384	SRP272861	PRJNA646575	Bacteroides thetaiotaomicron		OXFORD_NANOPORE	GridION	285590352.0	59087.0	WGS	GENOMIC	SINGLE	WGS  of Bacteroides fragilis group clinical isolates
ERR15465386	ERX14869281	ERS15928985	ERP179079	PRJEB96336	Klebsiella pneumoniae	IT24021_BRO_KP	OXFORD_NANOPORE	GridION	584891461.0	186201.0	WGS	GENOMIC	SINGLE	GridION sequencing
SRR27829603	SRX23492962	SRS16340517	SRP487360	PRJNA1071971	Klebsiella pneumoniae	TC_KPN04	OXFORD_NANOPORE	unspecified	635554090.0	80000.0	WGS	GENOMIC	SINGLE	WGS of strain TC_KPN04 with long-reads (MiGS)
SRR27972986	SRX23626179	SRS20483823	SRP489819	PRJNA1076692	Staphylococcus aureus	RIVM_M096863_rerio	OXFORD_NANOPORE	MinION	225808556.0	67697.0	WGS	GENOMIC	SINGLE	RIVM_M096863_rerio
SRR17210273	SRX13390237	SRS11290155	SRP350362	PRJNA788148	Raoultella ornithinolytica	A2s	OXFORD_NANOPORE	MinION	1599023.0	350.0	WGS	GENOMIC	SINGLE	A2_r2_adaptive_16h
SRR33223743	SRX28470804	SRS24790829	SRP579950	PRJNA1253082	Streptococcus pneumoniae		OXFORD_NANOPORE	MinION	93170891.0	69623.0	WGS	GENOMIC	SINGLE	WGS of Streptococcus pneumoniae
SRR18254055	SRX14395301	SRS11214178	SRP071789	PRJNA315192	Shigella sonnei	1538717	OXFORD_NANOPORE	MinION	321455071.0	40249.0	WGS	GENOMIC	SINGLE	Nanopore sequencing of Shigella sonnei
SRR16602796	SRX12804053	SRS10749613	SRP343516	PRJNA775652	Ralstonia solanacearum	CIP180_UW500	PACBIO_SMRT	PacBio RS	1868992615.0	186432.0	WGS	GENOMIC	SINGLE	Cool-virulence in Ralstonia solanacearum
ERR10498930	ERX10016219	ERS14256133	ERP142629	PRJEB57633	Escherichia coli		OXFORD_NANOPORE	GridION	108668486.0	14862.0	WGS	GENOMIC	SINGLE	Raw reads: ONT_30602_2#39
DRR514775	DRX498661	DRS344296	DRP010839	PRJDB16336	Helicovermis profundi	S502	PACBIO_SMRT	Sequel	788392673.0	81102.0	WGS	GENOMIC	PAIRED	Sequel paired end sequencing of SAMD00634895
ERR10769188	ERX10220082	ERS2784808	ERP104475	PRJEB22771	Streptococcus pneumoniae		PACBIO_SMRT	Sequel II	2550995469.0	355063.0	WGS	GENOMIC	SINGLE	Sequel II sequencing
ERR13600544	ERX12971567	ERS6631450	ERP109316	PRJEB27256	Klebsiella pneumoniae		OXFORD_NANOPORE	GridION	260362069.0	15209.0	WGS	GENOMIC	SINGLE	GridION sequencing
ERR10420105	ERX9948578	ERS6795115	ERP109413	PRJEB27342	Klebsiella pneumoniae		PACBIO_SMRT	Sequel II	5397381728.0	736129.0	WGS	GENOMIC	SINGLE	Sequel II sequencing
ERR9843367	ERX9389164	ERS11816106	ERP120185	PRJEB36919	Campylobacter jejuni		PACBIO_SMRT	Sequel II	3855207203.0	480844.0	WGS	GENOMIC	SINGLE	Sequel II sequencing
DRR393826	DRX379645	DRS297159	DRP007849	PRJDB10842	Klebsiella pneumoniae	JBEAAFA-19-0446	OXFORD_NANOPORE	GridION	1157301469.0	107801.0	WGS	GENOMIC	SINGLE	GridION sequencing of SAMD00502245
SRR34947915	SRX30070150	SRS26137682	SRP608157	PRJNA1304541	Bacteroides pyogenes	SJ36	PACBIO_SMRT	Revio	367285551.0	25075.0	WGS	GENOMIC	SINGLE	Whole Genome Seq of Bacteroids
SRR29316777	SRX24833366	SRS21545197	SRP512379	PRJNA1121190	Vibrio cholerae	106Vc08	OXFORD_NANOPORE	PromethION	184696022.0	55068.0	WGS	GENOMIC	SINGLE	WGS of Vcholerae isolates
ERR10676217	ERX10143981	ERS14333316	ERP143248	PRJEB58185	Campylobacter jejuni		OXFORD_NANOPORE	MinION	181510826.0	301513.0	WGS	GENOMIC	PAIRED	MinION paired end sequencing
SRR31599600	SRX26964082	SRS23433793	SRP549287	PRJNA1185485	Escherichia coli	115	OXFORD_NANOPORE	PromethION	246168442.0	69132.0	WGS	GENOMIC	SINGLE	FW-Pig-barcode09
SRR33705245	SRX28930694	SRS25168337	SRP587677	PRJNA1187867	Enterococcus sp.	E. faecium HWP030:5A	OXFORD_NANOPORE	PromethION	81299280.0	32000.0	WGS	GENOMIC	SINGLE	E. faecium HWP030:5A
ERR3427705	ERX3451142	ERS2793730	ERP111477	PRJEB29197	Mycobacterium tuberculosis		PACBIO_SMRT	PacBio RS	1557961954.0	163482.0	WGS	GENOMIC	SINGLE	PacBio RS sequencing
SRR386364	SRX109872	SRS212334	SRP007230	PRJNA64831	Bacteroides finegoldii CL09T03C10	CL09T03C10	PACBIO_SMRT	PacBio RS	92743149.0	81741.0	WGS	GENOMIC	SINGLE	Whole Genome Sequencing and Assembly
SRR27379432	SRX23055619	SRS20015653	SRP480616	PRJNA1055176	Escherichia coli	Not available	OXFORD_NANOPORE	MinION	784629931.0	175670.0	WGS	GENOMIC	SINGLE	Whole genome sequence of E. coli
SRR13669077	SRX10060558	SRS8222796	SRP040661	PRJNA231221	Klebsiella oxytoca	FDAARGOS_1335	PACBIO_SMRT	Sequel	2320528827.0	362142.0	WGS	GENOMIC	SINGLE	
SRR21696501	SRX17694276	SRS11554346	SRP354045	PRJNA747871	Streptomyces sp. NBC_01186	NBC_01186	OXFORD_NANOPORE	MinION	1230856190.0	158044.0	WGS	GENOMIC	SINGLE	nanopore sequencing data from strain NBC_01186
SRR27467543	SRX23139087	SRS20090147	SRP482617	PRJNA942599	Mammaliicoccus sciuri	Dog030	PACBIO_SMRT	Sequel II	1307097465.0	117934.0	WGS	GENOMIC	SINGLE	PacBio sequencing of canine Staphylococcaceae isolated from a Kenyan shelter in June 2043
SRR35628960	SRX30685074	SRS26704490	SRP627750	PRJNA1333901	Luteibacter sp. GL_149	GL_149	OXFORD_NANOPORE	MinION	359673371.0	40031.0	WGS	GENOMIC	SINGLE	Oxford Nanopore sequences of cultivable bacteria collected in an iron ore mine and a crystal cave
SRR33769216	SRX28991553	SRS22455849	SRP444583	PRJNA962904	Escherichia coli		PACBIO_SMRT	Sequel II	362275789.0	16818.0	WGS	GENOMIC	SINGLE	PacBio sequencing of AH0572HC1 for ARCH 2
SRR32649612	SRX27953991	SRS24319898	SRP569572	PRJNA1234539	Paenibacillus sp. 8b26	8b26	PACBIO_SMRT	Sequel II	380527244.0	28221.0	WGS	GENOMIC	SINGLE	Whole genome sequencing of Strain 8b26
SRR24308025	SRX20103134	SRS17434184	SRP434545	PRJNA961666	Escherichia coli	AVS0947	OXFORD_NANOPORE	MinION	350039621.0	69215.0	WGS	GENOMIC	SINGLE	Long read sequencing of Escherichia coli AVS0947
SRR12280469	SRX8784246	SRS7053025	SRP272861	PRJNA646575	Bacteroides faecis		OXFORD_NANOPORE	GridION	1020310612.0	128249.0	WGS	GENOMIC	SINGLE	WGS  of Bacteroides fragilis group clinical isolates
SRR21681206	SRX17679272	SRS15211114	SRP398887	PRJNA875216	Escherichia coli	DLI.5a	OXFORD_NANOPORE	MinION	5841433672.0	796000.0	WGS	GENOMIC	SINGLE	Nanopore MinION of  SAMN30608532
SRR29316523	SRX24833620	SRS21545452	SRP512379	PRJNA1121190	Vibrio cholerae	146Vc03	OXFORD_NANOPORE	PromethION	204594575.0	23726.0	WGS	GENOMIC	SINGLE	WGS of Vcholerae isolates
ERR15602690	ERX15005914	ERS26882958	ERP180185	PRJEB97707	Escherichia coli		OXFORD_NANOPORE	MinION	499569500.0	50641.0	WGS	GENOMIC	SINGLE	MinION sequencing
SRR30006353	SRX25485937	SRS22141554	SRP321830	PRJNA674638	Lysinibacillus capsici	Lys19	PACBIO_SMRT	Sequel IIe	2066066802.0	299160.0	WGS	GENOMIC	SINGLE	Lysinibacillus capsici Lys19
SRR24335778	SRX20128633	SRS6515306	SRP257804	PRJNA626430	Klebsiella pneumoniae	H53	OXFORD_NANOPORE	MinION	360268556.0	50182.0	WGS	GENOMIC	SINGLE	Whole-genome sequencing with long-reads of strain H53
ERR1341789	ERX1413361	ERS1093621	ERP014688	PRJEB13149	Bordetella trematum	H044680328	PACBIO_SMRT	PacBio RS	446387886.0	163482.0	WGS	GENOMIC	SINGLE	PacBio RS sequencing
SRR24510242	SRX20294739	SRS17620908	SRP437126	PRJNA957376	Atlantibacter sp. SORGH_AS_0304	SORGH_AS_0304	PACBIO_SMRT	Sequel IIe	672157769.0	73902.0	WGS	GENOMIC	SINGLE	Atlantibacter sp. SORGH_AS 304
ERR5295490	ERX5085115	ERS5649888	ERP126298	PRJEB42440	Klebsiella pneumoniae		OXFORD_NANOPORE	MinION	716881219.0	80624.0	WGS	GENOMIC	SINGLE	MinION sequencing
SRR387052	SRX109932	SRS281278	SRP001087	PRJNA40075	Escherichia coli str. K-12 substr. MG1655	K-12	PACBIO_SMRT	PacBio RS	36923667.0	81741.0	WGS	GENOMIC	SINGLE	Whole Genome Sequencing and Assembly
SRR32729593	SRX28016025	SRS24377845	SRP570798	PRJNA1236865	Escherichia coli	TUM22761	OXFORD_NANOPORE	MinION	143980762.0	42259.0	WGS	GENOMIC	SINGLE	"=""ONT sequencing using ""&[1]SRA_data!$J$2&"" of ""&[1]SRA_data!B5"
SRR386742	SRX109814	SRS004883	SRP001079	PRJNA40077	Cereibacter sphaeroides 2.4.1	2.4.1	PACBIO_SMRT	PacBio RS	16617843.0	60667.0	WGS	GENOMIC	SINGLE	Whole Genome Sequencing and Assembly
DRR308221	DRX297641	DRS195674	DRP005243	PRJDB7414	Thermus thermophilus	AK1	OXFORD_NANOPORE	GridION	1614494029.0	294172.0	WGS	GENOMIC	SINGLE	GridION sequencing of SAMD00392354
SRR33774795	SRX28997214	SRS25215288	SRP588972	PRJNA1253714	Escherichia coli	A10	OXFORD_NANOPORE	PromethION	2168035005.0	176630.0	WGS	GENOMIC	SINGLE	A10g Oxfrod Nanopore sequencing
ERR10497691	ERX10014980	ERS14254690	ERP142629	PRJEB57633	Escherichia coli		OXFORD_NANOPORE	GridION	100346655.0	12957.0	WGS	GENOMIC	SINGLE	Raw reads: ONT_30224_1#110
ERR13600539	ERX12971562	ERS16474202	ERP109316	PRJEB27256	Klebsiella pneumoniae		OXFORD_NANOPORE	GridION	154613662.0	10780.0	WGS	GENOMIC	SINGLE	GridION sequencing
SRR13680647	SRX10070061	SRS8231708	SRP303037	PRJNA694442	Salmonella enterica		OXFORD_NANOPORE	GridION	1171343590.0	147177.0	WGS	GENOMIC	SINGLE	Multiplex WGS of Salmonella enterica
SRR5182123	SRX2498230	SRS1925083	SRP096895	PRJNA353873	Mycobacterium tuberculosis		PACBIO_SMRT	PacBio RS	420080581.0	163482.0	WGS	GENOMIC	SINGLE	DNA of Mtb
ERR15693040	ERX15097241	ERS26984871	ERP171481	PRJEB88388	Moraxella sp. R-92559	R-92559	OXFORD_NANOPORE	MinION	595623484.0	872738.0	WGS	GENOMIC	SINGLE	Raw reads: Moraxella sp. R-92559
ERR13656304	ERX13027006	ERS20964722	ERP152411	PRJEB67372	Streptomyces sp. enrichment culture		PACBIO_SMRT	Revio	715952780.0	102997.0	WGS	GENOMIC	SINGLE	Raw reads: SudanB58_2053
ERR1305753	ERX1377376	ERS1018583	ERP005928	PRJEB6403	Pseudomonas aeruginosa	NCTC11444	PACBIO_SMRT	PacBio RS	2516922346.0	163482.0	WGS	GENOMIC	SINGLE	PacBio RS sequencing
SRR13955673	SRX10334092	SRS8453811	SRP310443	PRJNA714107	Mannheimia haemolytica	1609	PACBIO_SMRT	PacBio RS II	1259828570.0	310911.0	WGS	GENOMIC	SINGLE	PacBio reads of M. haemolytica
SRR35556733	SRX30631327	SRS4051754	SRP150360	PRJNA475751	Klebsiella pneumoniae	KLP00184	OXFORD_NANOPORE	MinION	1964820431.0	573334.0	WGS	GENOMIC	SINGLE	WGS Sequencing of Klebsiella pneumoniae
SRR31598940	SRX26963545	SRS23433257	SRP549287	PRJNA1185485	Escherichia coli	839	OXFORD_NANOPORE	PromethION	1103881293.0	243822.0	WGS	GENOMIC	SINGLE	Wnew4R-barcode55
SRR12298432	SRX8801635	SRS6792790	SRP266402	PRJNA605147	Citrobacter sp. RHBSTW-00089	RHBSTW-00089	PACBIO_SMRT	PacBio RS II	1403910593.0	167577.0	WGS	GENOMIC	SINGLE	PACBIO_SMRT sequencing of Citrobacter sp. isolate WTP5|T1-00089 cultured from WTP effluent sample
SRR24139946	SRX19938459	SRS17287168	SRP247747	PRJNA604975	Escherichia coli	ox_bsi_512	OXFORD_NANOPORE	GridION	435764103.0	125715.0	WGS	GENOMIC	SINGLE	oxford_bsi
SRR25221963	SRX20968618	SRS18241451	SRP448345	PRJNA988043	Rickettsia rickettsii	Orange	PACBIO_SMRT	Sequel II	124133702.0	40874.0	WGS	GENOMIC	SINGLE	Whole genome sequencing of Rickettsia phillipi: Orange strain
SRR14230918	SRX10595518	SRS837739	SRP314699	PRJNA556442	Streptococcus agalactiae	SS111	OXFORD_NANOPORE	GridION	166879958.0	76246.0	WGS	GENOMIC	SINGLE	WGS of serotype V GBS:SS111
ERR14127000	ERX13529666	ERS22899874	ERP159032	PRJEB74343	Ectopseudomonas alcaliphila		OXFORD_NANOPORE	PromethION	265702346.0	41823.0	WGS	GENOMIC	SINGLE	R1041_V5_Pseudomonas_alcaliphila
ERR4586324	ERX4520181	ERS5060037	ERP123927	PRJEB40306	Serratia marcescens subsp. marcescens ATCC 13880	ATCC 13880	PACBIO_SMRT	PacBio RS II	1557835929.0	163482.0	WGS	GENOMIC	SINGLE	PacBio RS II sequencing; PacBio SMRT sequencing; Evolution of the bacterium Serratia marcescens under several experimental temperature treatments
ERR14225743	ERX13626019	ERS18294167	ERP156237	PRJEB71438	Alcaligenes phenolicus		OXFORD_NANOPORE	MinION			WGS	GENOMIC	SINGLE	MinION sequencing
SRR12123712	SRX8645058	SRS6928591	SRP269469	PRJNA643374	Salmonella enterica subsp. enterica serovar Saintpaul	0120	OXFORD_NANOPORE	MinION	73886331.0	49615.0	WGS	GENOMIC	SINGLE	WGS of S. Saintpaul
SRR13386158	SRX9805271	SRS7989346	SRP300861	PRJNA663900	Enterococcus sp. DIV1283b	DIV1283b	OXFORD_NANOPORE	GridION	553068748.0	97694.0	WGS	GENOMIC	SINGLE	Zoo 3 Enterococcus Diversity Genome sequencing and assembly
SRR30149646	SRX25617421	SRS21937601	SRP518730	PRJNA1133668	Klebsiella pneumoniae	ST258KP219	OXFORD_NANOPORE	MinION	463150581.0	73748.0	WGS	GENOMIC	SINGLE	Nanopore sequencing of clinical CRE isolates: human
SRR9665364	SRX6426239	SRS5081755	SRP214037	PRJNA536288	Acidovorax sp. NO-1	SLBN-42	PACBIO_SMRT	Sequel	73102190.0	13620.0	WGS	GENOMIC	SINGLE	Acidovorax sp NO-1
SRR12247699	SRX8755468	SRS6976334	SRP266402	PRJNA605147	Citrobacter braakii	RHB41-E2-C02	OXFORD_NANOPORE	GridION	1395177098.0	303248.0	WGS	GENOMIC	SINGLE	Oxford Nanopore sequencing of Citrobacter freundii isolate RH01|T3-E2C02 cultured from pig farm sediment sample
SRR27145241	SRX22826874	SRS19807646	SRP476599	PRJNA1050169	Citroniella saccharovorans	DSM 29873	OXFORD_NANOPORE	MinION	41247338.0	3873.0	WGS	GENOMIC	SINGLE	Nanopore MinION of C. saccharovorans
SRR24651222	SRX20431309	SRS17736813	SRP438478	PRJNA885826	Phocaeicola coprophilus	DSM 18228	OXFORD_NANOPORE	MinION	238081106.0	21988.0	WGS	GENOMIC	SINGLE	PCR free Oxford Nanopore sequencing of genomic DNA from Bacteroides-coprophilus-DSM-18228
SRR23384656	SRX19323005	SRS16721107	SRP421698	PRJNA924056	Klebsiella pneumoniae	CPO079	OXFORD_NANOPORE	MinION	882758443.0	45276.0	WGS	GENOMIC	SINGLE	WGS of bacterial isolate possessing blaIMP-4 carbapenemase
SRR17842143	SRX14003141	SRS11841441	SRP357667	PRJNA798866	Acinetobacter baumannii	AB214-VUB	OXFORD_NANOPORE	MinION	541478966.0	130190.0	WGS	GENOMIC	SINGLE	AB214-VUB complete chromosome
SRR29224807	SRX24744218	SRS21466179	SRP510673	PRJNA1112792	Salmonella enterica	E1S-035	OXFORD_NANOPORE	GridION	1012751216.0	343961.0	WGS	GENOMIC	SINGLE	Whole genome sequence of E1S-035
ERR14734623	ERX14135995	ERS23810524	ERP170065	PRJEB86767	Enterobacter hormaechei		OXFORD_NANOPORE	MinION	378653137.0	114049.0	WGS	GENOMIC	SINGLE	EXP-8-1-2025-03-14_10-52-10
SRR24139984	SRX19938421	SRS17287130	SRP247747	PRJNA604975	Escherichia coli	ox_bsi_413	OXFORD_NANOPORE	GridION	382796977.0	192326.0	WGS	GENOMIC	SINGLE	oxford_bsi
ERR3685788	ERX3675392	ERS4047589	ERP114207	PRJEB31632	bacterium		OXFORD_NANOPORE	GridION	1004658037.0	216819.0	WGS	GENOMIC	SINGLE	GridION sequencing
SRR8365095	SRX5175484	SRS4182790	SRP174267	PRJNA510422	Salmonella enterica subsp. enterica serovar Mikawasima	RSE13	OXFORD_NANOPORE	MinION	281662934.0	27963.0	WGS	GENOMIC	SINGLE	whole genome sequencing of Salmonella: human isolate
SRR6488884	SRX3578732	SRS2848297	SRP130622	PRJNA428773	uncultured bacterium	unknown	OXFORD_NANOPORE	MinION	16596354.0	2103.0	WGS	GENOMIC	SINGLE	WGS of pEG1-1 on MinION (first run)
SRR12807438	SRX9276201	SRS7492719	SRP190319	PRJNA284866	Treponema sp. OMZ 790	OMZ 790	OXFORD_NANOPORE	MinION	229359266.0	31309.0	WGS	GENOMIC	SINGLE	Treponema denticola-like canine oral isolate OMZ 790 HU1C1
ERR12342463	ERX11719325	ERS17208566	ERP135763	PRJEB51164	Escherichia coli		OXFORD_NANOPORE	GridION	944473339.0	143319.0	WGS	GENOMIC	SINGLE	Raw reads: B1_58_BSA_pos
SRR25449618	SRX21182642	SRS18443058	SRP451999	PRJNA999693	Campylobacter jejuni	S27	PACBIO_SMRT	Sequel II	5343876279.0	432285.0	WGS	GENOMIC	SINGLE	C. jejuni genome
SRR9001278	SRX5780104	SRS3932926	SRP165734	PRJNA496461	Klebsiella quasipneumoniae	KLPN_M97	OXFORD_NANOPORE	GridION			WGS	GENOMIC	SINGLE	nanopore seq of klebsiella pneumoniae
SRR24001281	SRX19804721	SRS17166615	SRP429910	PRJNA909850	human blood metagenome	-	OXFORD_NANOPORE	GridION	445956758.0	114167.0	WGS	GENOMIC	SINGLE	DNA isolation from S. suis  using Circulomics
SRR15540381	SRX11838547	SRS9849697	SRP333488	PRJNA336330	Escherichia coli	16438	PACBIO_SMRT	PacBio RS II	1569031271.0	163482.0	WGS	GENOMIC	SINGLE	Genome sequencing of E. coli O157:H7 from Scotland PacBio reads
SRR28148125	SRX23778949	SRS20603671	SRP492303	PRJNA1081640	Sporomusa paucivorans	DSM 3697	OXFORD_NANOPORE	MinION	1130118260.0	386270.0	WGS	GENOMIC	SINGLE	Nanopore sequencing of Sporomusa paucivorans
SRR22859707	SRX18818530	SRS16251798	SRP414408	PRJNA914892	Staphylococcus aureus	C364	OXFORD_NANOPORE	MinION	107753258.0	27679.0	WGS	GENOMIC	SINGLE	Long read ONT WGS of Staphylococcus aureus isolates from Chronic Rhinosinusitis Patients
SRR29225302	SRX24744711	SRS21466753	SRP510673	PRJNA1112792	Salmonella enterica	E1S-020	OXFORD_NANOPORE	GridION	845110141.0	153814.0	WGS	GENOMIC	SINGLE	Whole genome sequence of E1S-032
ERR2125717	ERX2182569	ERS1502671	ERP005928	PRJEB6403	Legionella gresilensis	NCTC13312	PACBIO_SMRT	PacBio RS	2153332365.0	163482.0	WGS	GENOMIC	SINGLE	PacBio RS sequencing
SRR37038658	SRX31985581	SRS27928061	SRP670485	PRJNA1416342	Vibrio sp. KE		OXFORD_NANOPORE	PromethION	2294810022.0	578694.0	WGS	GENOMIC	SINGLE	Whole-genome sequencing of a Vibrio sp.
SRR9722619	SRX6480149	SRS5130255	SRP215816	PRJNA470993	Staphylococcus aureus	ER04332.3	PACBIO_SMRT	PacBio RS II	1152050459.0	172609.0	WGS	GENOMIC	SINGLE	WGS of Staphylococcus aureus
SRR33895214	SRX29106639	SRS25312979	SRP590843	PRJNA1272507	Salmonella enterica	SAL-203	OXFORD_NANOPORE	GridION	891405251.0	204403.0	WGS	GENOMIC	SINGLE	ONT-WGS of Salmonella enterica
ERR1475883	ERX1546911	ERS1110729	ERP005928	PRJEB6403	Cedecea davisae	NCTC13724	PACBIO_SMRT	PacBio RS	421352777.0	163482.0	WGS	GENOMIC	SINGLE	PacBio RS sequencing
SRR387270	SRX110082	SRS302375	SRP001087	PRJNA40075	Escherichia coli str. K-12 substr. MG1655	K-12	PACBIO_SMRT	PacBio RS	30277351.0	60667.0	WGS	GENOMIC	SINGLE	Whole Genome Sequencing and Assembly
SRR21696448	SRX17693817	SRS11554523	SRP354045	PRJNA747871	Kitasatospora sp. NBC_01266	NBC_01266	OXFORD_NANOPORE	MinION	658969832.0	70674.0	WGS	GENOMIC	SINGLE	nanopore sequencing data from strain NBC_01266
DRR237452	DRX227636	DRS156962	DRP006595	PRJDB10182	Neisseria gonorrhoeae	12-032	OXFORD_NANOPORE	MinION	601282580.0	46062.0	WGS	GENOMIC	SINGLE	MinION sequencing of SAMD00235420
SRR33123820	SRX28387207	SRS24711134	SRP578427	PRJNA1244367	Bacillus cereus ATCC 14579	ATCC 14579	OXFORD_NANOPORE	GridION	128984098.0	16154.0	WGS	GENOMIC	SINGLE	WGS of Bacillus cereus Strain ATCC14609
SRR12299147	SRX8802066	SRS6792167	SRP266402	PRJNA605147	Escherichia coli	RHB04-C08	OXFORD_NANOPORE	GridION	621745931.0	111855.0	WGS	GENOMIC	SINGLE	OXFORD_NANOPORE sequencing of Escherichia coli isolate RH13|T1-C08 cultured from Sheep faeces sample
SRR23255828	SRX19201126	SRS8697827	SRP314237	PRJNA694925	Staphylococcus aureus	AATYW	PACBIO_SMRT	PacBio RS II	790240625.0	163482.0	WGS	GENOMIC	SINGLE	PacBio SMRT Sequencing of Staphylococcus aureus AATYW Genomic Library
DRR424351	DRX409557	DRS205708	DRP007744	PRJDB12343	Escherichia coli	MyNCGM144_1	OXFORD_NANOPORE	MinION	1076589769.0	941641.0	WGS	GENOMIC	SINGLE	MinION sequencing of SAMD00406280
DRR794463	DRX773111	DRS640386	DRP016838	PRJDB37405	Escherichia coli	JNEC-KY173	OXFORD_NANOPORE	MinION	255283621.0	51012.0	WGS	GENOMIC	SINGLE	MinION sequencing of SAMD01706129
SRR29988760	SRX25468807	SRS2870621	SRP040281	PRJNA230403	Salmonella enterica subsp. enterica serovar Enteritidis	PNUSAS032372	OXFORD_NANOPORE	GridION	233356003.0	118706.0	WGS	GENOMIC	SINGLE	WGS of Salmonella using ONT
SRR37061164	SRX32007540	SRS27275888	SRP650494	PRJNA1372388	Escherichia coli		OXFORD_NANOPORE	MinION	149708056.0	32000.0	WGS	GENOMIC	SINGLE	ONT seq of E coli
SRR25525531	SRX21255170	SRS18509047	SRP453433	PRJNA635383	Enterococcus faecalis		OXFORD_NANOPORE	GridION	979734096.0	137370.0	WGS	GENOMIC	SINGLE	Nanopore sequencing of AR-0782
SRR11096311	SRX7735082	SRS6155107	SRP249719	PRJNA557486	Acinetobacter baumannii	18WIARLN0023	OXFORD_NANOPORE	MinION	618745660.0	104300.0	WGS	GENOMIC	SINGLE	WGS sequencing of Acinetobacter baumannii
SRR32655855	SRX27959933	SRS24326315	SRP569671	PRJNA912210	Thalassospira sp. MIT121401	MIT121401	PACBIO_SMRT	Sequel	2462969878.0	796382.0	WGS	GENOMIC	SINGLE	PacBio Subread data of Thalassospira sp. MIT121401
ERR581170	ERX539257	ERS462980	ERP005928	PRJEB6403	Yokenella regensburgei	NCTC12131	PACBIO_SMRT	PacBio RS	457712479.0	163482.0	WGS	GENOMIC	SINGLE	PacBio RS sequencing
SRR15031874	SRX11343505	SRS9383692	SRP326726	PRJNA737600	Streptomyces sp. GMY02	GMY02	OXFORD_NANOPORE	GridION	9464155.0	4000.0	WGS	GENOMIC	SINGLE	WGS Streptomyces sp. GMY02
SRR33405396	SRX28646651	SRS24917264	SRP582710	PRJNA1257383	Acinetobacter baumannii	Ab398	OXFORD_NANOPORE	MinION	2097030638.0	349743.0	WGS	GENOMIC	SINGLE	Whole genome sequencing of Ab398
SRR35214482	SRX30318299	SRS26365233	SRP616014	PRJNA834251	Bradyrhizobium japonicum	USDA 55	PACBIO_SMRT	Sequel II	278317238.0	29370.0	WGS	GENOMIC	SINGLE	Bradyrhizobium japonicum USDA 55
SRR26255151	SRX21965174	SRS19041660	SRP250705	PRJNA607328	Salmonella enterica	JE4313	OXFORD_NANOPORE	MinION	940264801.0	264877.0	WGS	GENOMIC	SINGLE	Salmonella enterica FELIX_MS736 Nanopore
ERR4762155	ERX4635259	ERS5247757	ERP124695	PRJEB40976	Enterococcus faecalis		OXFORD_NANOPORE	GridION	994688877.0	68169.0	WGS	GENOMIC	SINGLE	GridION sequencing; Raw reads: 26975_1#146
SRR34556061	SRX29698797	SRS24927653	SRP582942	PRJNA1258574	Klebsiella pneumoniae	S795C	OXFORD_NANOPORE	MinION	885810415.0	245730.0	WGS	GENOMIC	SINGLE	Long read sequencing of Klebsiella pneumoniae: stool sample
DRR699403	DRX679505	DRS480015	DRP013410	PRJDB35468	Staphylococcus aureus	20240215	PACBIO_SMRT	Revio	248528570.0	40716.0	WGS	GENOMIC	SINGLE	Revio sequencing of SAMD01057229
ERR10498687	ERX10015976	ERS14255843	ERP142629	PRJEB57633	Escherichia coli		OXFORD_NANOPORE	GridION	44219589.0	6462.0	WGS	GENOMIC	SINGLE	Raw reads: ONT_30602_1#258
ERR10854413	ERX10299180	ERS7358080	ERP109413	PRJEB27342	Klebsiella pneumoniae		PACBIO_SMRT	Sequel II	8463719066.0	1967059.0	WGS	GENOMIC	SINGLE	Sequel II sequencing
SRR1004232	SRX361069	SRS488063	SRP030622	PRJNA178996	Ehrlichia chaffeensis str. Wakulla	Wakulla	PACBIO_SMRT	PacBio RS	209425454.0	81741.0	WGS	GENOMIC	SINGLE	
ERR10499298	ERX10016584	ERS14256200	ERP142629	PRJEB57633	Escherichia coli		OXFORD_NANOPORE	GridION	198098115.0	27450.0	WGS	GENOMIC	SINGLE	Raw reads: ONT_31663_7#147
SRR10326411	SRX7036591	SRS5556502	SRP226643	PRJNA578920	Escherichia coli str. K-12 substr. DH10B	DH10B	PACBIO_SMRT	PacBio RS II	800846140.0	63312.0	WGS	GENOMIC	SINGLE	WGS of E. coli on PacBio RS-II
SRR12395466	SRX8893431	SRS7152453	SRP276100	PRJNA650381	Mycobacterium tuberculosis		OXFORD_NANOPORE	MinION	666445678.0	439207.0	WGS	GENOMIC	SINGLE	Nanopore TB WGS
SRR12280389	SRX8784326	SRS7052989	SRP272861	PRJNA646575	Parabacteroides distasonis		OXFORD_NANOPORE	GridION	218569170.0	28260.0	WGS	GENOMIC	SINGLE	WGS  of Bacteroides fragilis group clinical isolates
SRR7135460	SRX4056334	SRS3273271	SRP145022	PRJNA442737	Rhizobium rhizogenes	WS1419	PACBIO_SMRT	PacBio RS II	221509887.0	36388.0	WGS	GENOMIC	SINGLE	Agrobacterium rhizogenes WS1419
SRR33366296	SRX28610276	SRS24878434	SRP500352	PRJNA1097666	Escherichia coli	22AR0322	OXFORD_NANOPORE	GridION	879530590.0	122727.0	WGS	GENOMIC	SINGLE	Escherichia coli strain 22AR0322
SRR4156324	SRX2133063	SRS1669413	SRP085676	PRJNA302564	Escherichia coli	ATCC 15597	PACBIO_SMRT	PacBio RS	121663132.0	49759.0	WGS	GENOMIC	SINGLE	Escherichia coli ATCC 15597
SRR2889774	SRX1409493	SRS1144426	SRP065621	PRJNA244540	Paraburkholderia xenovorans LB400	LB400	PACBIO_SMRT	PacBio RS II	685807897.0	350823.0	WGS	GENOMIC	SINGLE	BXA_PacBio
SRR29516539	SRX25026846	SRS12460678	SRP395888	PRJNA812595	Klebsiella aerogenes	2022CK-00202	OXFORD_NANOPORE	GridION	819353976.0	156460.0	WGS	GENOMIC	SINGLE	Nanopore sequencing of ARLN isolate
SRR25608263	SRX21335426	SRS18580834	SRP454469	PRJNA999080	Escherichia coli	Un515	OXFORD_NANOPORE	MinION	434191282.0	67734.0	WGS	GENOMIC	SINGLE	High molecular weight DNA extraction from pure E. coli cultures
ERR15941484	ERX15337029	ERS27416800	ERP185476	PRJEB104171	Escherichia coli		OXFORD_NANOPORE	MinION	659279708.0	132892.0	WGS	GENOMIC	SINGLE	MinION sequencing
SRR26389286	SRX22095287	SRS19161175	SRP466359	PRJNA660241	Salmonella enterica	467	PACBIO_SMRT	PacBio RS	2339744400.0	7799148.0	WGS	GENOMIC	PAIRED	Salmonella enterica Genome sequencing
SRR24140439	SRX19938638	SRS17287347	SRP247747	PRJNA604975	Escherichia coli	ox_bsi_11	OXFORD_NANOPORE	GridION	183564286.0	60810.0	WGS	GENOMIC	SINGLE	oxford_bsi
ERR4184097	ERX4147388	ERS4590919	ERP121870	PRJEB38443	Citrobacter werkmanii		OXFORD_NANOPORE	MinION	1212735896.0	253251.0	WGS	GENOMIC	SINGLE	MinION sequencing; Raw reads: Nanopore_BB1472
SRR35798823	SRX30848112	SRS26854341	SRP632849	PRJNA1345726	Serratia marcescens	CAVP653	OXFORD_NANOPORE	MinION	2314901492.0	204874.0	WGS	GENOMIC	SINGLE	Whole genome sequencing of Serratia marcescens isolate using nanopore
ERR13293767	ERX12664499	ERS17286683	ERP157481	PRJEB72702	Salmonella enterica subsp. enterica serovar Paratyphi A		OXFORD_NANOPORE	MinION	924312663.0	103472.0	WGS	GENOMIC	SINGLE	Raw reads: barcode04
SRR25467196	SRX21199729	SRS18458349	SRP452337	PRJNA1000618	Escherichia coli	Escherichia coli BL21(DE3)	OXFORD_NANOPORE	MinION	4029281.0	4000.0	WGS	GENOMIC	SINGLE	CASTVK transposition with different condition
SRR30200315	SRX25663425	SRS22305965	SRP525610	PRJNA1111872	Escherichia coli	FDN-50	PACBIO_SMRT	Sequel IIe	5966474.0	714.0	WGS	GENOMIC	SINGLE	Pacbio sequencing of E coli plasmid  pFDN50-3 from layer chicken
SRR34973226	SRX30092586	SRS26157630	SRP608514	PRJNA1305037	Enterobacter hormaechei	MI_KPC_720	OXFORD_NANOPORE	PromethION	381701902.0	69789.0	WGS	GENOMIC	SINGLE	KPC CRE collection from state of Michigan
DRR097296	DRX090792	DRS100129	DRP005160	PRJDB5843	Helicobacter pylori	F93	PACBIO_SMRT	PacBio RS II	1376660282.0	163482.0	WGS	GENOMIC	SINGLE	PacBio RS II sequencing of SAMD00084432
SRR29015153	SRX24541747	SRS21286475	SRP506715	PRJNA981225	Salmonella enterica subsp. enterica serovar Typhimurium	SH15G427	OXFORD_NANOPORE	PromethION	1000009694.0	52498.0	WGS	GENOMIC	SINGLE	raw sequence data of Salmonella enterica subsp. enterica serovar Typhimurium SH15G427 using third-generation sequencing
SRR1177843	SRX476932	SRS562631	SRP039014	PRJNA212465	Anaplasma phagocytophilum str. CRT53-1		PACBIO_SMRT	PacBio RS	1801235408.0	163482.0	WGS	GENOMIC	SINGLE	
SRR31598721	SRX26963765	SRS23433476	SRP549287	PRJNA1185485	Escherichia coli	749	OXFORD_NANOPORE	PromethION	248855694.0	52000.0	WGS	GENOMIC	SINGLE	W3R-barcode78
SRR7968335	SRX4801762	SRS3880724	SRP163540	PRJNA431102	Borreliella tanukii	Koshiki4E	PACBIO_SMRT	PacBio RS II	5178458795.0	163482.0	WGS	GENOMIC	SINGLE	Borrelia tanukii strain Koshiki4E
SRR5885224	SRX1752603	SRS1429713	SRP105291	PRJNA321324	Streptococcus pneumoniae	TH5452	PACBIO_SMRT	PacBio RS II	1908042104.0	163482.0	WGS	GENOMIC	SINGLE	TH5452 mutant
SRR3498908	SRX1757400	SRS1433885	SRP074859	PRJNA321327	Staphylococcus simulans	MR1	PACBIO_SMRT	PacBio RS	3199631114.0	326964.0	WGS	GENOMIC	SINGLE	PacBio sequencing of Staphylococcus simulans MR1
SRR26400214	SRX22105967	SRS19171048	SRP466608	PRJNA1028169	Escherichia coli	wildtype	OXFORD_NANOPORE	MinION	108168961.0	31278.0	WGS	GENOMIC	SINGLE	Mixture of Escherichia coli synthetic controls (ratio=1:9) (TaxID: 562)
ERR15373185	ERX14776870	ERS23666157	ERP169391	PRJEB86018	Haemophilus influenzae		PACBIO_SMRT	Sequel II	456179140.0	45460.0	WGS	GENOMIC	SINGLE	Sequel II sequencing
ERR10499329	ERX10016615	ERS14255982	ERP142629	PRJEB57633	Escherichia coli		OXFORD_NANOPORE	GridION	82591313.0	11987.0	WGS	GENOMIC	SINGLE	Raw reads: ONT_31663_7#368
SRR9722847	SRX6480365	SRS5130429	SRP215816	PRJNA470993	Staphylococcus aureus	pt291	PACBIO_SMRT	PacBio RS II	1355880484.0	194160.0	WGS	GENOMIC	SINGLE	WGS of Staphylococcus aureus
SRR9664647	SRX6425520	SRS5081049	SRP214020	PRJNA536306	Nocardioides sp. RS 4Y-2-4	SLBN-169	PACBIO_SMRT	Sequel	1728463398.0	425779.0	WGS	GENOMIC	SINGLE	Nocardioides sp. SLBN-169
SRR23347586	SRX19289447	SRS16690584	SRP421131	PRJNA931653	Escherichia coli K-12	K-12	OXFORD_NANOPORE	GridION	15353623.0	4000.0	WGS	GENOMIC	SINGLE	Nanopore sequencing of Ciprofloxacin challenged E. coli
SRR34973879	SRX30092964	SRS26157884	SRP608514	PRJNA1305037	Klebsiella pneumoniae	MI_KPC_736	OXFORD_NANOPORE	PromethION	500006441.0	50989.0	WGS	GENOMIC	SINGLE	KPC CRE collection from state of Michigan
SRR2147669	SRX1135255	SRS1024595	SRP062112	PRJNA238935	Burkholderia mallei	2002721276	PACBIO_SMRT	PacBio RS II	142706000.0	71353.0	WGS	GENOMIC	SINGLE	BML_PacBio
ERR690962	ERX635942	ERS523577	ERP005928	PRJEB6403	Salmonella enterica subsp. enterica	NCTC8267	PACBIO_SMRT	PacBio RS	772104031.0	163482.0	WGS	GENOMIC	SINGLE	PacBio RS sequencing
SRR36826469	SRX31804940	SRS27763416	SRP662064	PRJNA694562	Lacticaseibacillus paracasei	2333	OXFORD_NANOPORE	MinION	663520178.0	143825.0	WGS	GENOMIC	SINGLE	Long-read sequencing of Lacticaseibacillus rhamnosus 2333
SRR32204159	SRX27545652	SRS23960614	SRP561120	PRJNA1214876	Ekhidna algicida	To15	OXFORD_NANOPORE	MinION	33636313.0	4000.0	WGS	GENOMIC	SINGLE	Ekhidna algicida strain To15 genome
SRR13893764	SRX10273250	SRS8406512	SRP309815	PRJNA686978	Escherichia coli	not collected	OXFORD_NANOPORE	MinION	1608569442.0	308055.0	WGS	GENOMIC	SINGLE	nanopore sequencing of e coli: clinical isolate
ERR159989	ERX135920	ERS088717	ERP001163	PRJEB2848	Staphylococcus aureus subsp. aureus TW20	TW20	PACBIO_SMRT	PacBio RS	226418088.0	81741.0	WGS	GENOMIC	SINGLE	
SRR23347534	SRX19289499	SRS16690584	SRP421131	PRJNA931653	Escherichia coli K-12	K-12	OXFORD_NANOPORE	GridION	21196927.0	4000.0	WGS	GENOMIC	SINGLE	Nanopore sequencing of Ciprofloxacin challenged E. coli
SRR5665593	SRX2901218	ERS711052	ERP006536	PRJEB6891	Klebsiella pneumoniae	INF249	OXFORD_NANOPORE	MinION	281265848.0	24682.0	WGS	GENOMIC	SINGLE	Whole genome MinION sequencing of Klebsiella pneumoniae
SRR33208304	SRX28455724	SRS24777452	SRP579575	PRJNA1251295	Lactiplantibacillus pentosus	S9C1	OXFORD_NANOPORE	GridION	570704241.0	193135.0	WGS	GENOMIC	SINGLE	Lactiplantibacillus pentosus S9C1: Complete Genome sequencing
SRR33768907	SRX28991172	SRS22456339	SRP444583	PRJNA962904	Escherichia coli		PACBIO_SMRT	Sequel II	428968405.0	23261.0	WGS	GENOMIC	SINGLE	PacBio sequencing of AH0707HC1 for ARCH 2
SRR33768742	SRX28991336	SRS22396741	SRP444583	PRJNA962904	Klebsiella pneumoniae		PACBIO_SMRT	Sequel II	127132820.0	6611.0	WGS	GENOMIC	SINGLE	PacBio sequencing of AH0131HE1 for ARCH 2
SRR24139782	SRX19938623	SRS17287332	SRP247747	PRJNA604975	Escherichia coli	ox_bsi_54	OXFORD_NANOPORE	GridION	325578006.0	200774.0	WGS	GENOMIC	SINGLE	oxford_bsi
SRR35275913	SRX30378010	SRS26418534	SRP617898	PRJNA1311294	Bacillus subtilis	DSM 10	OXFORD_NANOPORE	PromethION	398851764.0	55404.0	WGS	GENOMIC	SINGLE	WGS of Bacillus subtilis: mutant evolved by exposure to pyrithiamine hydrobromide
SRR932046	SRX320108	SRS456503	SRP022914	PRJNA203445	Listeria monocytogenes	N1-011A	PACBIO_SMRT	PacBio RS	187877460.0	81741.0	WGS	GENOMIC	SINGLE	Listeria monocytogenes Strain N1-011A
SRR25068144	SRX20822257	SRS3150578	SRP072679	PRJNA316969	Aerococcus tenax	UMB3669	OXFORD_NANOPORE	MinION	434312790.0	488294.0	WGS	GENOMIC	SINGLE	UMB3669
ERR14720812	ERX14122237	ERS23803752	ERP170064	PRJEB86764	Serratia marcescens		OXFORD_NANOPORE	MinION	748990033.0	277505.0	WGS	GENOMIC	SINGLE	EXP-12-1-2025-03-12_12-11-28
ERR2532076	ERX2550505	ERS2402856	ERP005928	PRJEB6403	Helicobacter cinaedi	NCTC12423	PACBIO_SMRT	PacBio RS	1810306353.0	163482.0	WGS	GENOMIC	SINGLE	PacBio RS sequencing
SRR15171259	SRX11478564	SRS9518576	SRP328635	PRJNA746600	[Ruminococcus] torques	ATCC_27756	OXFORD_NANOPORE	MinION	1394735481.0	355750.0	WGS	GENOMIC	SINGLE	WGS of Ruminococcus-torques-ATCC-27756 library1 using OXFORD_NANOPORE
SRR932029	SRX320110	SRS456505	SRP022914	PRJNA203445	Listeria monocytogenes	J1926	PACBIO_SMRT	PacBio RS	107334108.0	81741.0	WGS	GENOMIC	SINGLE	Listeria monocytogenes Strain J1926
SRR353447	SRX101293	SRS259597	SRP008033	PRJNA68213	Escherichia coli O104:H4 str. 09-7901	09-7901	PACBIO_SMRT	PacBio RS	55810599.0	81741.0	WGS	GENOMIC	SINGLE	Genome Sequencing and Assembly of E. coli O104:H4 strains
SRR35147562	SRX30253193	SRS26305154	SRP613155	PRJNA709545	Buttiauxella agrestis ATCC 33320	DSM 4586	PACBIO_SMRT	Sequel II	498491008.0	53425.0	WGS	GENOMIC	SINGLE	Buttiauxella agrestis DSM4586
SRR31850024	SRX27209899	SRS23659397	SRP554329	PRJNA1194773	Escherichia coli	Escherichia coli AM114-O-9	OXFORD_NANOPORE	MinION	4239660669.0	757499.0	WGS	GENOMIC	SINGLE	genome-clean-data
SRR8468997	SRX5275404	SRS4275547	SRP181088	PRJNA481002	Neomoorella thermoacetica	39073-HH	PACBIO_SMRT	PacBio RS II	1299728926.0	163482.0	WGS	GENOMIC	SINGLE	Moorella thermoacetica 39073-HH
ERR6536180	ERX6163003	ERS4272348	ERP003278	PRJEB4024	Neisseria gonorrhoeae		PACBIO_SMRT	Sequel II	486693911.0	108362.0	WGS	GENOMIC	SINGLE	Sequel II sequencing
SRR13380372	SRX9803198	SRS7987486	SRP300808	PRJNA649533	Salmonella enterica		OXFORD_NANOPORE	GridION	1460391349.0	232963.0	WGS	GENOMIC	SINGLE	ISF salmonella
ERR4047314	ERX4048447	ERS3340508	ERP113355	PRJEB30866	Escherichia coli		PACBIO_SMRT	Sequel	2374859790.0	537518.0	WGS	GENOMIC	SINGLE	Sequel sequencing
SRR8143883	SRX4964552	SRS3452384	SRP143617	PRJNA453501	Mesorhizobium sp. M1E.F.Ca.ET.045.02.1.1	M1E.F.Ca.ET.045.02.1.1	PACBIO_SMRT	PacBio RS II	2499649187.0	163482.0	WGS	GENOMIC	SINGLE	45P2S1
SRR9048021	SRX5824441	SRS4752496	SRP051949	PRJNA271899	Escherichia coli	MGH347	OXFORD_NANOPORE	GridION	1284817255.0	205649.0	WGS	GENOMIC	SINGLE	Sequencing of Carbapenem resistant bacteria
SRR30934817	SRX26337492	SRS22863377	SRP537571	PRJNA1168290	Paenibacillus sp. TAB_01	TAB_01	OXFORD_NANOPORE	MinION	1606090.0	186.0	WGS	GENOMIC	SINGLE	Paenibacillus sp. TAB 01 from cotton plant tissue
SRR31235454	SRX26615379	SRS23113902	SRP543347	PRJNA1182389	Escherichia coli	NEB 10-beta	OXFORD_NANOPORE	MinION	5079810.0	2575.0	WGS	GENOMIC	SINGLE	Long Read Sequencing of synthetic plasmid
ERR10497682	ERX10014971	ERS14254796	ERP142629	PRJEB57633	Escherichia coli		OXFORD_NANOPORE	GridION	64694495.0	16568.0	WGS	GENOMIC	SINGLE	Raw reads: ONT_30224_1#108
SRR31033118	SRX26418567	SRS22938252	SRP539210	PRJNA1172556	Pseudomonas putida	EM42 gcd/glk::bglC/msfGFP pSEVA2213_xylABE; 275kb multiplication (2,220,489-2,495,683)	OXFORD_NANOPORE	MinION	739242136.0	73569.0	WGS	GENOMIC	SINGLE	CP-X Oxford nanopore WGS
SRR35213258	SRX30317100	SRS26364035	SRP615992	PRJNA1301220	Acinetobacter baumannii	ABO22-H021	OXFORD_NANOPORE	MinION	245217273.0	36494.0	WGS	GENOMIC	SINGLE	Whole geneme sequencing of Acinetobacter baumannii: isolates of the Ab-One study
SRR1395319	SRX598029	SRS472311	SRP028928	PRJNA215355	Listeria monocytogenes	CFSAN006122	PACBIO_SMRT	PacBio RS II	637322962.0	163482.0	WGS	GENOMIC	SINGLE	Whole genome shotgun sequencing of Listeria monocytogenes str. CFSAN006122 by Pacific Biosciences SMRT
SRR387125	SRX109893	SRS281278	SRP001087	PRJNA40075	Escherichia coli str. K-12 substr. MG1655	K-12	PACBIO_SMRT	PacBio RS	34292418.0	81741.0	WGS	GENOMIC	SINGLE	Whole Genome Sequencing and Assembly
SRR16525630	SRX12728369	SRS10336685	SRP357534	PRJNA801415	Enterobacter cloacae	-	OXFORD_NANOPORE	GridION	372937376.0	162663.0	WGS	GENOMIC	SINGLE	Extensive diversification and dissemination of blaNDM carbapenemase plasmids in Enterobacterales in Singapore 2010-2015
SRR3049993	SRX1498929	SRS1220603	SRP067718	PRJNA306798	Roseateles depolymerans	KCTC 42856	PACBIO_SMRT	PacBio RS II	3182275720.0	163482.0	WGS	GENOMIC	SINGLE	Genome project of Roseateles depolymerans KCTC 42856
SRR10211192	SRX6931052	SRS5461347	SRP191068	PRJNA528511	Escherichia coli	GTEN_312	OXFORD_NANOPORE	GridION	621713105.0	288976.0	WGS	GENOMIC	SINGLE	Global TravEpiNet AMR surveillance Genome sequencing and assembly
SRR9290555	SRX6060105	SRS4873356	SRP200324	PRJNA546081	Streptomyces spectabilis	ATCC 27465	PACBIO_SMRT	PacBio RS II	2820929525.0	860880.0	WGS	GENOMIC	SINGLE	genome-seq of Streptomyces spectabilis
SRR21415848	SRX17420032	SRS12115010	SRP361569	PRJNA768416	Bacillus sp. FSL L8-0315	FSL L8-0315	OXFORD_NANOPORE	MinION	317226424.0	79419.0	WGS	GENOMIC	SINGLE	WGS of Bacilli
SRR36804961	SRX31791074	SRS26514708	SRP620350	PRJNA1313450	Rhodococcus qingshengii	FJ5	PACBIO_SMRT	Revio	2142237803.0	147977.0	WGS	GENOMIC	SINGLE	PacBio Library of Rhodococcus qingshengii  FJ5
DRR520174	DRX504060	DRS347571	DRP010943	PRJDB17196	Staphylococcus epidermidis	KUHPSE08	OXFORD_NANOPORE	MinION	821291138.0	170595.0	WGS	GENOMIC	SINGLE	MinION sequencing of SAMD00725008
ERR14721249	ERX14122674	ERS23791469	ERP170136	PRJEB86838	pig metagenome		OXFORD_NANOPORE	GridION	3619356607.0	1511733.0	WGS	GENOMIC	SINGLE	Raw reads: DTU_2024_1037154_102_MG_G4_Grid_four_rep3
SRR353475	SRX100643	SRS259611	SRP000285	PRJNA68153	Escherichia coli O104:H4 str. C227-11	C227-11	PACBIO_SMRT	PacBio RS	67321122.0	81741.0	WGS	GENOMIC	SINGLE	Genome Sequencing and Assembly of E. coli O104:H4 strains
ERR13328973	ERX12699938	ERS20388559	ERP160519	PRJEB75963	Sinorhizobium meliloti		PACBIO_SMRT	PacBio RS II	746370437.0	59866.0	WGS	GENOMIC	SINGLE	Raw reads: CIRCLES_WGS6_RUN1
DRR287320	DRX276777	DRS318052	DRP010345	PRJDB10714	Annamia dubia NIES-4383	NIES-4383	OXFORD_NANOPORE	MinION	15659396.0	4000.0	WGS	GENOMIC	SINGLE	Annamia_sp_58
ERR10496797	ERX10014116	ERS14249004	ERP142629	PRJEB57633	Escherichia coli		OXFORD_NANOPORE	GridION	64994259.0	14753.0	WGS	GENOMIC	SINGLE	Raw reads: ONT_30602_1#8
SRR9619723	SRX6382758	SRS5042354	SRP212549	PRJNA547239	Micromonospora sp. CNZ286	CNZ286	PACBIO_SMRT	Sequel	6561151013.0	3467408.0	WGS	GENOMIC	SINGLE	Micromonospora sp. CNZ286
SRR24363115	SRX20151511	SRS17479688	SRP435300	PRJNA962169	Bradyrhizobium elkanii	S05J-Be	PACBIO_SMRT	PacBio RS II	1194445247.0	115455.0	WGS	GENOMIC	SINGLE	DNA-seq of B elkanii S05J:bacteria
SRR11252156	SRX7862287	SRS6271178	SRP251869	PRJNA610035	Salmonella enterica subsp. enterica serovar Adjame	416020	OXFORD_NANOPORE	MinION	3016699034.0	606833.0	WGS	GENOMIC	SINGLE	MioION seq of Salmonella:Adjame serovar
SRR29225169	SRX24744568	SRS21466578	SRP510673	PRJNA1112792	Salmonella enterica	E1S-040	OXFORD_NANOPORE	GridION	498019877.0	120018.0	WGS	GENOMIC	SINGLE	Whole genome sequence of E1S-040
SRR21422415	SRX17426752	SRS14982227	SRP395637	PRJNA818689	Vibrio sp. CCB-PB317	CCB-PB317	OXFORD_NANOPORE	MinION	154325573.0	46174.0	WGS	GENOMIC	SINGLE	Vibrio sp CCB-PB317 Nanopore sequencing
ERR13332126	ERX12703143	ERS16392026	ERP151328	PRJEB66266	Clostridioides difficile R20291		OXFORD_NANOPORE	GridION	344227025.0	48849.0	WGS	GENOMIC	SINGLE	GridION sequencing
SRR24415344	SRX20203276	SRS17528638	SRP435682	PRJNA952914	Macrococcus psychrotolerans	NRL/St 13/116	OXFORD_NANOPORE	MinION	257539196.0	47012.0	WGS	GENOMIC	SINGLE	Whole genome Nanopore sequence of Macrococcus sp. Strain NRL/St 13/117
SRR17681521	SRX13844863	SRS2552596	SRP353467	PRJNA794134	Listeria monocytogenes	TB0527	OXFORD_NANOPORE	MinION	84729346.0	44753.0	WGS	GENOMIC	SINGLE	long read sequencing of Listeria monocytogenes
SRR20281128	SRX16314691	SRS13953395	SRP386850	PRJNA859696	Vitreoscilla stercoraria	SAG 1488-6, Type strain	OXFORD_NANOPORE	MinION	308277713.0	28411.0	WGS	GENOMIC	SINGLE	WGS of Vitreoscilla stercoraria
SRR33296610	SRX28541749	SRS24841575	SRP580922	PRJNA1254897	Staphylococcus aureus		OXFORD_NANOPORE	PromethION	1264464339.0	562639.0	WGS	GENOMIC	SINGLE	KOM-AMR
SRR30188663	SRX25654212	SRS22297008	SRP458186	PRJNA1012291	Enterococcus	Enterococcus faecium	OXFORD_NANOPORE	MinION	360146251.0	210172.0	WGS	GENOMIC	SINGLE	Nanopore sequencing data of VRE
SRR34410541	SRX29574017	SRS25698300	SRP598841	PRJNA1287288	Klebsiella quasipneumoniae subsp. similipneumoniae	KPE043	OXFORD_NANOPORE	MinION	322916025.0	28082.0	WGS	GENOMIC	SINGLE	R10.4.1 WGS of bacterial isolate for accuracy benchmarking
SRR26435099	SRX22139787	SRS18730003	SRP457215	PRJNA1001814	Vibrio cholerae	DRC072	PACBIO_SMRT	PacBio RS II	952035309.0	110398.0	WGS	GENOMIC	SINGLE	WGS of DRC072
ERR4762168	ERX4635272	ERS5247731	ERP124695	PRJEB40976	Enterococcus faecalis		OXFORD_NANOPORE	GridION	1028616239.0	70188.0	WGS	GENOMIC	SINGLE	GridION sequencing; Raw reads: 26975_1#22
SRR5430099	SRX2720106	SRS2110613	SRP103328	PRJNA377620	Sutcliffiella horikoshii	20a	PACBIO_SMRT	PacBio RS II	2468448524.0	163482.0	WGS	GENOMIC	SINGLE	Bacillus from Cuatro Cienegas Genome sequencing and assembly
DRR244093	DRX233890	DRS128567	DRP006529	PRJDB10522	Pseudomonas aeruginosa	NCGM3822	OXFORD_NANOPORE	MinION	554031361.0	47232.0	WGS	GENOMIC	SINGLE	MinION sequencing of SAMD00193246
SRR32146578	SRX27492414	SRS23779852	SRP557125	PRJNA1210070	Vibrio harveyi	Vh-15	OXFORD_NANOPORE	MinION	728037804.0	154991.0	WGS	GENOMIC	SINGLE	Long-read sequencing of Vibro harveyi isolated from moribund spotted scat
SRR33323197	SRX28567587	SRS24861694	SRP581476	PRJNA1255637	Pseudomonas aeruginosa	ONT-PA075-FL-D-BC02	OXFORD_NANOPORE	GridION	10562023.0	1778.0	WGS	GENOMIC	SINGLE	ONT-PA075-FL-D-BC02
ERR2861596	ERX2867834	ERS1827743	ERP006597	PRJEB6927	Burkholderia gladioli	3259STDY7007611	PACBIO_SMRT	PacBio RS	1847746606.0	163482.0	WGS	GENOMIC	SINGLE	PacBio RS sequencing
SRR10140036	SRX6867975	SRS5405408	SRP222367	PRJNA482667	Staphylococcus caprae	26D	PACBIO_SMRT	PacBio RS II	1127980109.0	138598.0	WGS	GENOMIC	SINGLE	DNA-Seq of S. caprae: Buffalo milk
SRR17649149	SRX13817382	SRS3556720	SRP072679	PRJNA316969	Escherichia coli	UMB5924	OXFORD_NANOPORE	GridION	91522614.0	41309.0	WGS	GENOMIC	SINGLE	WGS of E. coli UMB5924
SRR13009132	SRX9460331	SRS7672572	SRP291648	PRJNA674958	Companilactobacillus futsaii	CQ16Z11	OXFORD_NANOPORE	MinION	1000022959.0	27173.0	WGS	GENOMIC	SINGLE	Whole genome sequencing of Lactobacillus futsaii subsp. Chongqingii CQ16Z1 using Nanopore platform
SRR29932315	SRX25426015	SRS22086487	SRP521720	PRJNA1130504	Staphylococcus chromogenes	pending	OXFORD_NANOPORE	GridION	74329383.0	9287.0	WGS	GENOMIC	SINGLE	WGS of Staphylococcus chromogenes: bovine quarter milk intramammary infection
SRR10444537	SRX7139281	SRS5647944	SRP229818	PRJNA210893	Acetivibrio thermocellus YS	YS	PACBIO_SMRT	PacBio RS II	209918825.0	126534.0	WGS	GENOMIC	SINGLE	Clostridium thermocellum YS
SRR3723560	SRX1881092	SRS1527791	SRP077362	PRJNA217202	Gillisia sp. Hel_I_29	Hel_I_29	PACBIO_SMRT	PacBio RS	69109216.0	37278.0	WGS	GENOMIC	SINGLE	Gillisia sp. Hel_I_29
SRR28370651	SRX23975758	SRS19599850	SRP496022	PRJNA1087001	Escherichia coli	FDA strain Seattle 1946	OXFORD_NANOPORE	GridION	226502819.0	109061.0	WGS	GENOMIC	SINGLE	WGS of Escherichia coli isolate
SRR3757102	SRX1906166	SRS1546885	SRP078137	PRJNA217194	Eubacterium sp. AB3007	AB3007	PACBIO_SMRT	PacBio RS	139117856.0	48284.0	WGS	GENOMIC	SINGLE	Eubacterium sp. AB3007
ERR13802611	ERX13203363	ERS21186486	ERP164461	PRJEB80477	Staphylococcus aureus		OXFORD_NANOPORE	MinION	484347235.0	155029.0	WGS	GENOMIC	SINGLE	MinION sequencing
SRR35159831	SRX30264993	SRS26315911	SRP613362	PRJNA1311315	Yersinia pestis	2115_37C	OXFORD_NANOPORE	PromethION	1445491507.0	1140842.0	WGS	GENOMIC	SINGLE	WGS of Y. pestis 2115 (37C)
SRR5010916	SRX2341863	SRS1792514	SRP093181	PRJNA339322	Pseudomonas syringae pv. actinidiae	NZ-47	PACBIO_SMRT	PacBio RS II	2682687391.0	163482.0	WGS	GENOMIC	SINGLE	Whole genome sequence of Pseqdomonas syringae pv. actinidiae ICMP 22180 using PacBio SMRT cell 2
SRR33035042	SRX28300693	SRS24644656	SRP577280	PRJNA1219142	Enterobacter hormaechei	EN2208576	OXFORD_NANOPORE	MinION	247499023.0	49993.0	WGS	GENOMIC	SINGLE	Nanopore sequencing of blaNDM and 16sRMTase isolates
SRR24475418	SRX20261752	SRS17592453	SRP436596	PRJNA924104	Bacillus thuringiensis	Lip	PACBIO_SMRT	Sequel II	4752729002.0	524791.0	WGS	GENOMIC	PAIRED	PacBio CCS reads of whole genome sequencing of Bacillus thuringiensis strain Lip
DRR452305	DRX437395	DRS285032	DRP009701	PRJDB13655	Sulfitobacter pontiacus	BL28	OXFORD_NANOPORE	MinION	450715708.0	86786.0	WGS	GENOMIC	SINGLE	MinION sequencing of SAMD00585391
SRR5160948	SRX2479159	SRS1910218	SRP095178	PRJNA357595	Serratia marcescens	UMH7	PACBIO_SMRT	PacBio RS II	1539685197.0	163482.0	WGS	GENOMIC	SINGLE	Insertion site sequencing (InSeq) of Serratia marcescens during bacteremia
SRR386376	SRX109874	SRS212335	SRP007231	PRJNA49881	Scardovia wiggsiae F0424	F0424	PACBIO_SMRT	PacBio RS	61026569.0	81741.0	WGS	GENOMIC	SINGLE	Whole Genome Sequencing and Assembly
ERR1738365	ERX1807991	ERS1234141	ERP005928	PRJEB6403	Mobiluncus curtisii subsp. curtisii	NCTC11656	PACBIO_SMRT	PacBio RS	942094316.0	163482.0	WGS	GENOMIC	SINGLE	PacBio RS sequencing
SRR4237130	SRX2158373	SRS1687782	SRP089578	PRJNA331273	Beijerinckia sp. 28-YEA-48	28-YEA-48	PACBIO_SMRT	PacBio RS	828404128.0	279148.0	WGS	GENOMIC	SINGLE	Beijerinckia sp. 28-YEA-48
SRR35756049	SRX30805341	SRS26818020	SRP630772	PRJNA1272227	Streptomyces murinus	10256	OXFORD_NANOPORE	MinION	371868741.0	104316.0	WGS	GENOMIC	SINGLE	Genome sequence of strain 10256
ERR8958848	ERX8503878	ERS10771009	ERP135763	PRJEB51164	Staphylococcus aureus		OXFORD_NANOPORE	GridION	7371346901.0	950361.0	WGS	GENOMIC	SINGLE	GridION sequencing; Raw reads: MRSA_r10.4
SRR27972739	SRX23626426	SRS20465935	SRP489819	PRJNA1076692	Staphylococcus aureus	RIVM_M099734_rerio	OXFORD_NANOPORE	MinION	318937717.0	150773.0	WGS	GENOMIC	SINGLE	RIVM_M099734_rerio
SRR24474999	SRX20261229	SRS17592023	SRP436581	PRJNA967113	Escherichia coli	CPO195	OXFORD_NANOPORE	MinION	512424366.0	33530.0	WGS	GENOMIC	SINGLE	WGS of bacterial isolate possessing blaNDM carbapenemase
SRR12247620	SRX8755547	SRS6976414	SRP266402	PRJNA605147	Escherichia coli	RHB45-SO-C06	OXFORD_NANOPORE	GridION	2303717083.0	350776.0	WGS	GENOMIC	SINGLE	Oxford Nanopore sequencing of Escherichia coli isolate RH20|T1-SOC06 cultured from poultry farm soil sample
SRR20138911	SRX16174087	SRS13835891	SRP385218	PRJNA856428	Escherichia coli	Nanopore_W21	OXFORD_NANOPORE	PromethION	1913460119.0	248935.0	WGS	GENOMIC	SINGLE	Nanopore sequncing of Escherichia coli str. K12 substr. MG1655: MA line
DRR161250	DRX151875	DRS115433	DRP005652	PRJDB7717	Mycolicibacterium moriokaense	JCM 6375	OXFORD_NANOPORE	MinION	1471212624.0	188419.0	WGS	GENOMIC	SINGLE	MinION single end sequencing of SAMD00153165
SRR22121265	SRX18101000	SRS15603920	SRP405589	PRJNA895213	Segatella copri	N016-9	OXFORD_NANOPORE	GridION	612912910.0	128829.0	WGS	GENOMIC	SINGLE	WGS of Prevotella copri N016-9
DRR723621	DRX703642	DRS495762	DRP013760	PRJDB20694	Salinicoccus jeotgali	JCM 16981	PACBIO_SMRT	Revio	78121339.0	4506.0	WGS	GENOMIC	SINGLE	Revio sequencing of SAMD01611145
SRR12298748	SRX8801829	SRS6792712	SRP266402	PRJNA605147	Escherichia coli	RHB03-C16	OXFORD_NANOPORE	GridION	895877995.0	192358.0	WGS	GENOMIC	SINGLE	OXFORD_NANOPORE sequencing of Escherichia coli isolate RH01|T1-C16 cultured from Pig faeces sample
SRR9221486	SRX5991900	SRS4897039	SRP191068	PRJNA528511	Escherichia coli	GTEN_72	OXFORD_NANOPORE	GridION	1328010636.0	373904.0	WGS	GENOMIC	SINGLE	Global TravEpiNet AMR surveillance Genome sequencing and assembly
SRR5060394	SRX2380923	SRS1823406	SRP094052	PRJNA355274	Klebsiella pneumoniae	MNCRE53	PACBIO_SMRT	PacBio RS II	1622327724.0	163482.0	WGS	GENOMIC	SINGLE	Pacbio sequencing of CRE53
SRR36093050	SRX31138668	SRS27124442	SRP151512	PRJNA478278	Salmonella enterica	R25.1796	OXFORD_NANOPORE	MinION	348667930.0	88257.0	WGS	GENOMIC	SINGLE	WGS of Salmonella enterica
ERR10123302	ERX9660366	ERS12841974	ERP139464	PRJEB54630	Escherichia coli		OXFORD_NANOPORE	MinION	270877004.0	65777.0	WGS	GENOMIC	SINGLE	MinION sequencing; Raw reads: 21067610-3_long_read
ERR1543212	ERX1613977	ERS1123928	ERP005928	PRJEB6403	Acinetobacter junii	NCTC10307	PACBIO_SMRT	PacBio RS	1139294089.0	163482.0	WGS	GENOMIC	SINGLE	PacBio RS sequencing
SRR7609458	SRX4474301	SRS3599502	SRP042343	PRJNA243331	Enterobacter cloacae	CFSAN061987	PACBIO_SMRT	PacBio RS II	2239175333.0	163482.0	WGS	GENOMIC	SINGLE	Whole genome PacBio RS sequence of Enterobacter cloacae
SRR5182105	SRX2498212	SRS1925064	SRP096895	PRJNA353873	Mycobacterium tuberculosis		PACBIO_SMRT	PacBio RS	536363508.0	163482.0	WGS	GENOMIC	SINGLE	DNA of Mtb
SRR6963100	SRX3905350	SRS3141664	SRP138928	PRJNA444091	Streptomyces sp. 3212.2	3212.2	PACBIO_SMRT	PacBio RS II	515680020.0	108502.0	WGS	GENOMIC	SINGLE	Streptomyces sp. 3212.2
SRR5165179	SRX2482160	SRS1913753	SRP096398	PRJNA242420	Mesorhizobium japonicum MAFF 303099	MAFF 303099	PACBIO_SMRT	PacBio RS	155750484.0	85399.0	WGS	GENOMIC	SINGLE	Mesorhizobium loti MAFF303099 bacteroid in symbiosis with Lotus japonicus
SRR21696247	SRX17694017	SRS14987535	SRP354045	PRJNA747871	Streptomyces anulatus	NBC 01625	OXFORD_NANOPORE	MinION	378357502.0	34707.0	WGS	GENOMIC	SINGLE	nanopore sequencing data from strain NBC_01625
SRR8416224	SRX5225341	SRS4229207	SRP176607	PRJNA419117	Microbacterium oxydans	VIU2A	PACBIO_SMRT	PacBio RS II	1339156038.0	172715.0	WGS	GENOMIC	SINGLE	WGS of Microbacterium oxydans strain VIU2A: PacBio reads
DRR572607	DRX556074	DRS426455	DRP012251	PRJDB17574	Escherichia coli	YK-IS1MA-L11-4_G20	OXFORD_NANOPORE	MinION	14230809.0	11016.0	WGS	GENOMIC	SINGLE	nanopore-seq of SAMD00748272 L11-4_G20
SRR2140440	SRX1129502	SRS1021105	SRP060752	PRJNA285350	Salmonella enterica subsp. enterica serovar Newport	0211-109	PACBIO_SMRT	PacBio RS II	2217489062.0	163482.0	WGS	GENOMIC	SINGLE	Global investigation of Salmonella enterica serovar Newport-  Newport-0211-109 rep1
SRR25316069	SRX21058547	SRS18329205	SRP449989	PRJNA994685	Photobacterium damselae subsp. piscicida	QMA0781	OXFORD_NANOPORE	MinION	451589413.0	373071.0	WGS	GENOMIC	SINGLE	Long-read seq of Pdp mutagenesis clone QMA0781
SRR4052363	SRX2041925	SRS710519	SRP047738	PRJNA210206	Methanosarcina soligelidi	SMA-21	PACBIO_SMRT	PacBio RS	265030526.0	82553.0	WGS	GENOMIC	SINGLE	Methanosarcina sp. SMA-21
SRR32655856	SRX27959932	SRS24326313	SRP569671	PRJNA912210	Synechococcus sp. MIT S9506	MIT S9506	PACBIO_SMRT	Sequel	89649723.0	22511.0	WGS	GENOMIC	SINGLE	PacBio HiFi data of Synechococcus sp. MIT S9506
ERR10676326	ERX10144090	ERS14333425	ERP143248	PRJEB58185	Campylobacter jejuni		OXFORD_NANOPORE	MinION	190804502.0	316951.0	WGS	GENOMIC	PAIRED	MinION paired end sequencing
SRR33300105	SRX28545223	SRS24844377	SRP581013	PRJNA1255117	Staphylococcus aureus	Staphylococcus	OXFORD_NANOPORE	GridION	456332574.0	110092.0	WGS	GENOMIC	SINGLE	WGS of S. aureus sample 79
ERR9030403	ERX8573813	ERS10792277	ERP133548	PRJEB49093	Mycobacterium tuberculosis	Lineage 1.1.2	OXFORD_NANOPORE	MinION	382300143.0	1350591.0	WGS	GENOMIC	SINGLE	MinION sequencing; Raw reads: mada_1-13-nanopore
SRR36808244	SRX31794352	SRS27754073	SRP661862	PRJNA1402325	Escherichia coli	LU100	OXFORD_NANOPORE	MinION	891261907.0	198860.0	WGS	GENOMIC	SINGLE	Sequencing of LU100 capsule mutant
SRR13449119	SRX9862251	SRS8042175	SRP295672	PRJNA681856	Salmonella enterica subsp. salamae	LHICA_SA3	OXFORD_NANOPORE	MinION	29570983.0	4000.0	WGS	GENOMIC	SINGLE	WGS of Salmonella Lhica SA3_29
SRR9163183	SRX5936088	SRS4849164	SRP040661	PRJNA231221	Streptococcus mutans	FDAARGOS_685	PACBIO_SMRT	PacBio RS	2020496617.0	163482.0	WGS	GENOMIC	SINGLE	
SRR12827740	SRX9295378	SRS7520521	SRP040661	PRJNA231221	Haemophilus parainfluenzae	FDAARGOS_1000	PACBIO_SMRT	PacBio RS	1163300011.0	163482.0	WGS	GENOMIC	SINGLE	
ERR5902776	ERX5542871	ERS5752998	ERP126298	PRJEB42440	Klebsiella pneumoniae		OXFORD_NANOPORE	MinION	591525321.0	52684.0	WGS	GENOMIC	SINGLE	MinION sequencing
SRR28096063	SRX23742231	SRS20569304	SRP491770	PRJNA1078842	Burkholderia pseudomallei	SiteA-3F	OXFORD_NANOPORE	MinION	178218722.0	32458.0	WGS	GENOMIC	SINGLE	WGS of Burkholderia pseudomallei isolate: environmental soil sample
SRR15074133	SRX11384192	SRS9428896	SRP040661	PRJNA231221	Acinetobacter seifertii	FDAARGOS 1400	PACBIO_SMRT	Sequel II	13920723573.0	1730173.0	WGS	GENOMIC	SINGLE	
SRR17547982	SRX13717436	SRS11595196	SRP354408	PRJNA796222	Bacillus velezensis	Yao	PACBIO_SMRT	Sequel II	6827714919.0	686305.0	WGS	GENOMIC	SINGLE	Bacillus velezensis genome sequencing
SRR12123271	SRX8644572	SRS6928131	SRP269448	PRJNA643009	Escherichia coli	EC2	OXFORD_NANOPORE	MinION	742884340.0	386691.0	WGS	GENOMIC	SINGLE	E.coli EC2 all ONT
SRR34986129	SRX30104841	SRS26168491	SRP608826	PRJNA1305362	Listeria monocytogenes	Lm_142	OXFORD_NANOPORE	MinION	238183381.0	24741.0	WGS	GENOMIC	SINGLE	Oxford Nanopore sequences of an isolated L. monocytogenes strain from wastewater
SRR27180026	SRX22860450	SRS19835777	SRP477403	PRJNA1049513	Vibrio sp. PBL-C16	PBL-C16	OXFORD_NANOPORE	MinION	2729393.0	410.0	WGS	GENOMIC	SINGLE	Vibrio sp. PBL-C16 Genome sequencing and assembly
SRR25434108	SRX21168220	SRS18429754	SRP451667	PRJNA999042	Klebsiella pneumoniae		OXFORD_NANOPORE	MinION	480026520.0	43246.0	WGS	GENOMIC	SINGLE	Native DNAseq hypervirulent Klebsiella pneumoniae Isolate 02
SRR31486876	SRX26855075	SRS22719697	SRP074197	PRJNA288601	Citrobacter freundii	2024HL-01034	OXFORD_NANOPORE	MinION	1122238271.0	208237.0	WGS	GENOMIC	SINGLE	Long read sequencing of carbapenemase producing organisms
SRR24651237	SRX20431294	SRS17736843	SRP438478	PRJNA885826	Oscillibacter sp. KLE 1728	KLE 1728	OXFORD_NANOPORE	MinION	1663085588.0	275479.0	WGS	GENOMIC	SINGLE	PCR free Oxford Nanopore sequencing of genomic DNA from Oscillibacter-sp-KLE-1728
SRR24952281	SRX20710324	SRS18002665	SRP444472	PRJNA984747	Escherichia coli	TUM1887	OXFORD_NANOPORE	MinION	1562517122.0	418770.0	WGS	GENOMIC	SINGLE	Full-length genome sequencing of Escherichia coli possessing blaCTX-M-2
SRR33300146	SRX28545182	SRS24844335	SRP581013	PRJNA1255117	Staphylococcus aureus	Staphylococcus	OXFORD_NANOPORE	GridION	334619348.0	90466.0	WGS	GENOMIC	SINGLE	WGS of S. aureus sample 41
SRR8892870	SRX5679055	SRS4620096	SRP192476	PRJNA401000	Escherichia coli	RM10719	PACBIO_SMRT	PacBio RS II	1432399786.0	163482.0	WGS	GENOMIC	SINGLE	wgs of E coli O157:H7 RM10719
SRR13296938	SRX9725861	SRS7919217	SRP299147	PRJNA554345	Escherichia coli	AR Bank #0346	PACBIO_SMRT	PacBio RS II	2026707769.0	163482.0	WGS	GENOMIC	SINGLE	Genome sequence of Escherichia coli AR Bank #0346
SRR10666953	SRX7345886	SRS5805520	SRP230855	PRJNA589910	Phocaeicola dorei	JR02	PACBIO_SMRT	PacBio RS II	2107494899.0	163482.0	WGS	GENOMIC	SINGLE	JR02_PacBio_raw
ERR15686893	ERX15091322	ERS26976637	ERP171481	PRJEB88388	Arthrobacter sp. R-92741	R-92741	OXFORD_NANOPORE	MinION	734523934.0	222112.0	WGS	GENOMIC	SINGLE	Raw reads: Arthrobacter sp. R-92741
SRR12492394	SRX8984004	SRS1011141	SRP051949	PRJNA271899	Klebsiella pneumoniae	MGH83	OXFORD_NANOPORE	GridION	284021824.0	67882.0	WGS	GENOMIC	SINGLE	Sequencing of Carbapenem resistant bacteria
SRR34967307	SRX30086258	SRS26152586	SRP608514	PRJNA1305037	Enterobacter hormaechei	MI_KPC_148	OXFORD_NANOPORE	PromethION	316730427.0	32426.0	WGS	GENOMIC	SINGLE	KPC CRE collection from state of Michigan
SRR9842088	SRX6596802	SRS5161949	SRP216475	PRJNA554021	Bartonella bacilliformis	Choq600-02	PACBIO_SMRT	PacBio RS II	1153375884.0	163482.0	WGS	GENOMIC	SINGLE	DNA Seq of Bartonella bacilliformis Choq600-02
DRR572460	DRX555927	DRS426400	DRP012251	PRJDB17574	Escherichia coli	YK-IS1MA-L09-1_G08	OXFORD_NANOPORE	MinION	44803.0	72.0	WGS	GENOMIC	SINGLE	nanopore-seq of SAMD00748217 L09-1_G8
SRR26950797	SRX22644409	SRS19641537	SRP474291	PRJNA1043871	Bacillus sp. PBL-C9	PBL-C9	OXFORD_NANOPORE	MinION	54182.0	14.0	WGS	GENOMIC	SINGLE	Bacillus sp. PBL-C9 Genome sequencing and assembly
SRR35674094	SRX30725572	SRS26742275	SRP561673	PRJNA1219398	Pasteurella multocida	222438	OXFORD_NANOPORE	MinION	159741192.0	22177.0	WGS	GENOMIC	SINGLE	DNA-Seq of Pasteurella multocida 222438
SRR9732374	SRX6489632	SRS5138414	SRP215929	PRJNA555902	Variovorax sp. Col-0-36	Col-0-36	OXFORD_NANOPORE	GridION	232021607.0	49431.0	WGS	GENOMIC	SINGLE	Genome sequencing of bacterial strain Col-0-36
SRR36284454	SRX31317847	SRS27217879	SRP649163	PRJNA1230056	Enterococcus faecium	VRE_03	OXFORD_NANOPORE	GridION	488139391.0	122465.0	WGS	GENOMIC	SINGLE	WGS of E. faecium
ERR10472456	ERX9992801	ERS6795285	ERP109413	PRJEB27342	Klebsiella pneumoniae		PACBIO_SMRT	Sequel II	110261296.0	15083.0	WGS	GENOMIC	SINGLE	Sequel II sequencing
ERR14761402	ERX14165383	ERS23835471	ERP170481	PRJEB87256	Bacillus subtilis		OXFORD_NANOPORE	GridION	6767920990.0	2324236.0	WGS	GENOMIC	SINGLE	GridION sequencing
ERR10178221	ERX9714654	ERS6426142	ERP109413	PRJEB27342	Klebsiella spallanzanii		PACBIO_SMRT	Sequel II	7545588649.0	1074172.0	WGS	GENOMIC	SINGLE	Sequel II sequencing
SRR21679513	SRX17677581	SRS15209540	SRP398777	PRJNA665633	Staphylococcus epidermidis	HA2	OXFORD_NANOPORE	MinION	1200349487.0	706482.0	WGS	GENOMIC	SINGLE	Nanopore MinION of  SAMN16262203
SRR11209253	SRX7822180	SRS6233359	SRP251108	PRJNA609126	Staphylococcus aureus	SA1428	OXFORD_NANOPORE	GridION	81709309.0	4000.0	WGS	GENOMIC	SINGLE	Genome sequence of a chronic Staphylococcus aureus isolated from dairy cow that is non-responsive to antibiotic treatment
SRR27467497	SRX23139133	SRS20090190	SRP482617	PRJNA942599	Staphylococcus pseudintermedius	Dog167	PACBIO_SMRT	Sequel II	786697781.0	74332.0	WGS	GENOMIC	SINGLE	PacBio sequencing of canine Staphylococcaceae isolated from a Kenyan shelter in June 2106
ERR4762747	ERX4635813	ERS5247857	ERP124695	PRJEB40976	Enterococcus faecalis		OXFORD_NANOPORE	GridION	736922866.0	63188.0	WGS	GENOMIC	SINGLE	GridION sequencing; Raw reads: 27688_1#114
SRR9027947	SRX5805518	SRS4735101	SRP188851	PRJNA523365	Mycobacterium avium complex sp.	JHN_AV_0055_3	OXFORD_NANOPORE	GridION	1999260092.0	2607770.0	WGS	GENOMIC	SINGLE	Sequencing of non-tuberculosis mycobacteria
DRR317788	DRX307144	DRS221585	DRP008064	PRJDB11916	Escherichia coli	CVRI_16	OXFORD_NANOPORE	MinION	328665854.0	33771.0	WGS	GENOMIC	SINGLE	MinION sequencing of SAMD00393917
SRR32806074	SRX28089935	SRS24447349	SRP572170	PRJNA1238559	Cyanobacterium aponinum ZR-7	ZR-7	OXFORD_NANOPORE	MinION	1069389778.0	53938.0	WGS	GENOMIC	SINGLE	WGS of Cyanobacterium aponinum ZR-7
SRR32364835	SRX27699311	SRS21122706	SRP444583	PRJNA962904	Klebsiella pneumoniae		PACBIO_SMRT	Sequel II	96649997.0	3221.0	WGS	GENOMIC	SINGLE	PacBio sequencing of AS26341E2 for ARCH 1.0
SRR31024254	SRX26411309	SRS22931263	SRP539092	PRJNA1174068	Vibrio cholerae	mHDM VC21	OXFORD_NANOPORE	PromethION	136475593.0	79346.0	WGS	GENOMIC	SINGLE	WGS of Vcholerae isolates
SRR24510332	SRX20294797	SRS17620926	SRP437132	PRJNA957384	Microbacterium testaceum	SORGH_AS_1077	PACBIO_SMRT	Sequel IIe	712845739.0	82905.0	WGS	GENOMIC	SINGLE	Microbacterium testaceum SORGH_AS 1077
SRR36920014	SRX31886519	SRS27841380	SRP665298	PRJNA1403646	Staphylococcus haemolyticus	not applicable	OXFORD_NANOPORE	MinION	84859179.0	32023.0	WGS	GENOMIC	SINGLE	Long Reads for The Genomic Landscape of Head and Neck Cancer-associated Streptococci
SRR32364822	SRX27699324	SRS21122203	SRP444583	PRJNA962904	Enterobacter		PACBIO_SMRT	Sequel II	437291683.0	14562.0	WGS	GENOMIC	SINGLE	PacBio sequencing of AS5385C1 for ARCH 1.0
SRR10178246	SRX6899661	SRS5431857	SRP222906	PRJNA573516	Streptococcus mitis	S13	OXFORD_NANOPORE	MinION	17395844.0	6808.0	WGS	GENOMIC	SINGLE	MinION sequencing of Streptococcus  mitis
SRR32739833	SRX28025972	SRS18235672	SRP074197	PRJNA288601	Morganella morganii		OXFORD_NANOPORE	MinION	718486054.0	68681.0	WGS	GENOMIC	SINGLE	ElysION sequencing of 2023XX00013
SRR12395121	SRX8893776	SRS7152798	SRP276100	PRJNA650381	Mycobacterium tuberculosis		OXFORD_NANOPORE	MinION	667032711.0	427935.0	WGS	GENOMIC	SINGLE	Nanopore TB WGS
SRR35504471	SRX30580355	SRS26609532	SRP616549	PRJNA1314197	Mycobacterium tuberculosis	not applicable	OXFORD_NANOPORE	GridION	1468488324.0	575177.0	WGS	GENOMIC	SINGLE	WGS of M. tb from culture, Kit-Ligation prep, Sample BC02
ERR11040618	ERX10476463	ERS14796148	ERP145810	PRJEB60752	Escherichia coli		OXFORD_NANOPORE	MinION	178619529.0	9285.0	WGS	GENOMIC	SINGLE	Raw reads: 247-1_[Oxford_Nanopore]
SRR12047135	SRX8575719	SRS6867666	SRP040661	PRJNA231221	Edwardsiella hoshinae	FDAARGOS_940	PACBIO_SMRT	PacBio RS	525402983.0	163482.0	WGS	GENOMIC	SINGLE	
SRR18117880	SRX14268354	SRS12087385	SRP361201	PRJNA809755	Escherichia coli	not collected	OXFORD_NANOPORE	GridION	291174989.0	51547.0	WGS	GENOMIC	SINGLE	E.coli CFN_9319
ERR3685887	ERX3675491	ERS4047688	ERP114207	PRJEB31632	bacterium		OXFORD_NANOPORE	GridION	505846365.0	161338.0	WGS	GENOMIC	SINGLE	GridION sequencing
SRR35178715	SRX30283593	SRS26332651	SRP614096	PRJNA709234	Methylorubrum extorquens	SLI 223	PACBIO_SMRT	Sequel II	1306785196.0	183098.0	WGS	GENOMIC	SINGLE	Methylorubrum extorquens SLI 223
SRR24140152	SRX19938925	SRS17287634	SRP247747	PRJNA604975	Escherichia coli	ox_bsi_457	OXFORD_NANOPORE	GridION	511402384.0	160556.0	WGS	GENOMIC	SINGLE	oxford_bsi
SRR15989480	SRX12278059	SRS9999246	SRP357537	PRJNA801416	Klebsiella pneumoniae	1308	OXFORD_NANOPORE	GridION	2715825615.0	279908.0	WGS	GENOMIC	SINGLE	Whole Genome Sequencing of Carbapenemase-producing Enterobacterales (CPE)
SRR34436410	SRX29597512	SRS17592052	SRP598841	PRJNA1287288	Klebsiella pneumoniae	CPO354	OXFORD_NANOPORE	MinION	575980014.0	144420.0	WGS	GENOMIC	SINGLE	R10.4.1 WGS of bacterial isolate for accuracy benchmarking
SRR17873542	SRX14032926	SRS11868083	SRP358106	PRJNA800461	Romboutsia hominis	OA6	PACBIO_SMRT	Sequel	6261305692.0	1288971.0	WGS	GENOMIC	SINGLE	DNA Seq of Rombustia hominis OA6
DRR572664	DRX556131	DRS426442	DRP012251	PRJDB17574	Escherichia coli	YK-IS1MA-L08-3_G20	OXFORD_NANOPORE	MinION	21676335.0	1449.0	WGS	GENOMIC	SINGLE	nanopore-seq of SAMD00748259 L08-3_G20
SRR21630344	SRX17631054	SRS14987446	SRP354045	PRJNA747871	Streptomyces sp. NBC_00400	NBC_00400	OXFORD_NANOPORE	MinION	340449930.0	53845.0	WGS	GENOMIC	SINGLE	nanopore sequencing data from strain NBC_00400
SRR28445562	SRX24049113	SRS20840578	SRP497734	PRJNA1077798	Alteromonas gracilis	J4	OXFORD_NANOPORE	MinION	2472162.0	1000.0	WGS	GENOMIC	SINGLE	Alteromonas gracilis strain J4, whole genome Nanopore Sequencing
SRR25778650	SRX21501166	SRS18732641	SRP457287	PRJNA1010209	Mycobacterium tuberculosis	CT2018-00102	OXFORD_NANOPORE	MinION	449529215.0	164189.0	WGS	GENOMIC	SINGLE	WGS from BCCM_102 Oxford Nanopore
SRR15989182	SRX12277685	SRS9998506	SRP357537	PRJNA801416	Klebsiella pneumoniae	-	OXFORD_NANOPORE	GridION	1137746044.0	209104.0	WGS	GENOMIC	SINGLE	Whole Genome Sequencing of Carbapenemase-producing Enterobacterales (CPE)
SRR386205	SRX109854	SRS002809	SRP001771	PRJNA38519	Fusobacterium animalis 3_1_33	3_1_33	PACBIO_SMRT	PacBio RS	67595593.0	81741.0	WGS	GENOMIC	SINGLE	Whole Genome Sequencing and Assembly
SRR31306742	SRX26684904	SRS22644114	SRP532462	PRJNA1160527	Escherichia coli	DA78839	OXFORD_NANOPORE	MinION	117547621.0	27478.0	WGS	GENOMIC	SINGLE	Whole genome sequencing of  HR TZP E. coli mutants
ERR2262562	ERX2314288	ERS1906624	ERP005928	PRJEB6403	Streptomyces somaliensis		PACBIO_SMRT	PacBio RS	2334454479.0	163482.0	WGS	GENOMIC	SINGLE	PacBio RS sequencing
SRR3709203	SRX1869516	SRS1520202	SRP076894	PRJNA195815	Prevotella sp. 10(H)	10(H)	PACBIO_SMRT	PacBio RS	284676661.0	79839.0	WGS	GENOMIC	SINGLE	Prevotella sp. isolate #10(H)
ERR2125818	ERX2182670	ERS1589033	ERP005928	PRJEB6403	Gardnerella vaginalis	NCTC10915	PACBIO_SMRT	PacBio RS	925907263.0	163482.0	WGS	GENOMIC	SINGLE	PacBio RS sequencing
ERR15814496	ERX15214413	ERS27173581	ERP183512	PRJEB102112	Allorhizobium paknamense	NBRC 109338	OXFORD_NANOPORE	PromethION	201146151.0	51446.0	WGS	GENOMIC	SINGLE	PromethION sequencing
SRR27972976	SRX23626189	SRS20465852	SRP489819	PRJNA1076692	Staphylococcus aureus	RIVM_M097043_rerio	OXFORD_NANOPORE	MinION	199700136.0	53835.0	WGS	GENOMIC	SINGLE	RIVM_M097043_rerio
SRR35782648	SRX30831936	SRS26841162	SRP631932	PRJNA1345010	Escherichia coli		PACBIO_SMRT	Sequel II	1128651000.0	3762170.0	WGS	GENOMIC	PAIRED	WGS of Escherichia coli
ERR5715372	ERX5430743	ERS6252503	ERP128331	PRJEB44297	Serratia symbiotica	Af2.3 (CWBI-2.3T)	PACBIO_SMRT	PacBio RS	117132674.0	18197.0	WGS	GENOMIC	SINGLE	PacBio RS sequencing
DRR247358	DRX237151	DRS160096	DRP006629	PRJDB10541	Enterobacter hormaechei subsp. xiangfangensis	NE_JUE26	OXFORD_NANOPORE	MinION	379096799.0	40255.0	WGS	GENOMIC	SINGLE	MinION sequencing of SAMD00246039
ERR731662	ERX675608	ERS538530	ERP005928	PRJEB6403	Escherichia coli	NCTC13463	PACBIO_SMRT	PacBio RS	1835194687.0	163482.0	WGS	GENOMIC	SINGLE	PacBio RS sequencing
SRR24140017	SRX19938388	SRS17287097	SRP247747	PRJNA604975	Escherichia coli	ox_bsi_287	OXFORD_NANOPORE	GridION	833701259.0	234268.0	WGS	GENOMIC	SINGLE	oxford_bsi
SRR35146507	SRX30252138	SRS8262430	SRP306516	PRJNA695736	Pseudomonas sp. M5	M5	PACBIO_SMRT	Sequel II	702638079.0	62084.0	WGS	GENOMIC	SINGLE	Pseudomonas sp. M5
SRR35213390	SRX30316968	SRS26363903	SRP615992	PRJNA1301220	Acinetobacter baumannii	ABO21-E113	OXFORD_NANOPORE	MinION	166625019.0	29566.0	WGS	GENOMIC	SINGLE	Whole geneme sequencing of Acinetobacter baumannii: isolates of the Ab-One study
SRR24139846	SRX19938559	SRS17287268	SRP247747	PRJNA604975	Escherichia coli	ox_bsi_246	OXFORD_NANOPORE	GridION	466037532.0	235855.0	WGS	GENOMIC	SINGLE	oxford_bsi
SRR12298960	SRX8802253	SRS6792120	SRP266402	PRJNA605147	Escherichia coli	RHB14-C04	PACBIO_SMRT	PacBio RS II	1336769328.0	166402.0	WGS	GENOMIC	SINGLE	PACBIO_SMRT sequencing of Escherichia coli isolate RH04|T1-C04 cultured from Pig faeces sample
SRR29386750	SRX24900846	SRS14779275	SRP074197	PRJNA288601	Enterobacter hormaechei	2022HL-01639	OXFORD_NANOPORE	GridION	206664903.0	50288.0	WGS	GENOMIC	SINGLE	ONT sequencing of 2022HL-01639
SRR10556133	SRX7237866	SRS5737465	SRP233721	PRJNA460347	Clostridium beijerinckii	DJ108	PACBIO_SMRT	PacBio RS II	586214631.0	188756.0	WGS	GENOMIC	SINGLE	Clostridium beijerinckii DJ108
SRR15989659	SRX12278272	SRS9998462	SRP357537	PRJNA801416	Escherichia coli	-	OXFORD_NANOPORE	GridION	1813314349.0	191846.0	WGS	GENOMIC	SINGLE	Whole Genome Sequencing of Carbapenemase-producing Enterobacterales (CPE)
ERR3382749	ERX3406845	ERS2444054	ERP011196	PRJEB10018	Klebsiella pneumoniae		PACBIO_SMRT	Sequel	105477369.0	58237.0	WGS	GENOMIC	SINGLE	Sequel sequencing
SRR5861938	SRX3030601	SRS2379490	SRP113469	PRJNA395376	Escherichia coli	ATCC 700415	PACBIO_SMRT	PacBio RS II	1130306752.0	187731.0	WGS	GENOMIC	SINGLE	Escherichia coli strain ATCC 700415 genome sequencing and assembly
SRR32972788	SRX28245768	SRS24593430	SRP576427	PRJNA1190511	Yersinia pestis	51007	PACBIO_SMRT	Sequel	2248582997.0	222250.0	WGS	GENOMIC	SINGLE	WGS of Yersinia pestis: cultured strain 51007
SRR33323162	SRX28567622	SRS24861729	SRP581476	PRJNA1255637	Pseudomonas aeruginosa	ONT-PA01	OXFORD_NANOPORE	GridION	415219460.0	261409.0	WGS	GENOMIC	SINGLE	ONT-PA01
SRR11048317	SRX7698342	SRS6122825	SRP247779	PRJNA345944	Actinomadura luteofluorescens	DSM 40398	PACBIO_SMRT	Sequel	1496765585.0	322024.0	WGS	GENOMIC	SINGLE	Actinomadura luteofluorescens DSM 40398
DRR680697	DRX660788	DRS483513	DRP013479	PRJDB20529	Mycoplasmopsis bovis	S0175_07_M08	OXFORD_NANOPORE	MinION	61093352.0	28653.0	WGS	GENOMIC	SINGLE	MinION sequencing of SAMD00900370
ERR15879597	ERX15276550	ERS27259359	ERP182816	PRJEB101410	Escherichia coli	Esc30	OXFORD_NANOPORE	GridION	333761112.0	55982.0	WGS	GENOMIC	SINGLE	GridION sequencing
SRR21416130	SRX17420358	SRS12115086	SRP361569	PRJNA768416	Lysinibacillus sp. FSL H8-0500		OXFORD_NANOPORE	MinION	517028318.0	67588.0	WGS	GENOMIC	SINGLE	WGS of Bacilli
SRR6818605	SRX3775551	SRS1350011	SRP068738	PRJNA292900	Acinetobacter baumannii	AR_0088	PACBIO_SMRT	PacBio RS II	1710995446.0	163482.0	WGS	GENOMIC	SINGLE	PacBio SMRT Sequencing of Acinetobacter baumannii FDA-CDC-AR_0088 Genomic Library
SRR26322172	SRX22030234	SRS3020873	SRP133964	PRJNA437002	Bacillus subtilis	PS-108	OXFORD_NANOPORE	MinION	18773779.0	8241.0	WGS	GENOMIC	SINGLE	WGS B. subtilis PS-108
ERR12448863	ERX11825285	ERS17728839	ERP156572	PRJEB71788	Listeria monocytogenes		OXFORD_NANOPORE	GridION	575033407.0	33084.0	WGS	GENOMIC	SINGLE	Raw reads: ListPred_JC100
ERR4763206	ERX4636259	ERS5247912	ERP124695	PRJEB40976	Enterococcus faecalis		OXFORD_NANOPORE	GridION	1117070093.0	58067.0	WGS	GENOMIC	SINGLE	GridION sequencing; Raw reads: 28157_4#72
SRR5839535	SRX3015439	SRS1832541	SRP094480	PRJNA279196	Bordetella pertussis	I315	PACBIO_SMRT	PacBio RS II	1333431078.0	163482.0	WGS	GENOMIC	SINGLE	
ERR2403065	ERX2443827	ERS1827747	ERP006122	PRJEB6574	Klebsiella pneumoniae	3189STDY6864259	PACBIO_SMRT	PacBio RS	691280900.0	163482.0	WGS	GENOMIC	SINGLE	PacBio RS sequencing
SRR33123749	SRX28387278	SRS24711205	SRP578427	PRJNA1244367	Bacillus cereus ATCC 14579	ATCC 14579	OXFORD_NANOPORE	GridION	2499088240.0	608717.0	WGS	GENOMIC	SINGLE	WGS of Bacillus cereus Strain ATCC14680
SRR22957095	SRX18913935	SRS16341750	SRP415590	PRJNA914624	Streptococcus pyogenes	emm1	OXFORD_NANOPORE	GridION	140533803.0	172207.0	WGS	GENOMIC	SINGLE	WGS of Streptococcus pyogenes
SRR35900212	SRX30949501	SRS26944898	SRP637688	PRJNA1348698	Pseudomonas aeruginosa	YL-1	PACBIO_SMRT	Sequel II	1522952927.0	110677.0	WGS	GENOMIC	SINGLE	Whole genome sequencing of Pseudomonas aeruginosa isolate YL-1 by PacBio
SRR33768748	SRX28991330	SRS22396733	SRP444583	PRJNA962904	Klebsiella pneumoniae		PACBIO_SMRT	Sequel II	71425409.0	3775.0	WGS	GENOMIC	SINGLE	PacBio sequencing of AH0128HC1 for ARCH 2
SRR31024370	SRX26411193	SRS22931149	SRP539092	PRJNA1174068	Vibrio cholerae	mHDM VC106	OXFORD_NANOPORE	PromethION	98955097.0	69139.0	WGS	GENOMIC	SINGLE	WGS of Vcholerae isolates
SRR23392470	SRX19330237	SRS16727178	SRP421832	PRJNA932719	Campylobacter coli		OXFORD_NANOPORE	MinION	286873759.0	14778.0	WGS	GENOMIC	SINGLE	Long-read WGS characterization of commensal Campylobacter jejuni and Campylobacter coli isolates from dairy cattle in Northern Spain
SRR13716336	SRX10104912	SRS8261936	SRP306496	PRJNA699332	Streptomyces sp. XL-6	XL-6	OXFORD_NANOPORE	MinION	42618690.0	4000.0	WGS	GENOMIC	SINGLE	Long-Read Genome sequencing of Streptomyces Strains from Arizona
SRR12936591	SRX9400293	SRS7617962	SRP040661	PRJNA231221	Corynebacterium riegelii	FDAARGOS_1114	PACBIO_SMRT	PacBio RS	2109717352.0	163482.0	WGS	GENOMIC	SINGLE	
ERR13326611	ERX12697639	ERS20295574	ERP161282	PRJEB76791	Salmonella enterica subsp. enterica serovar Agona		OXFORD_NANOPORE	MinION	107407843.0	29948.0	WGS	GENOMIC	SINGLE	MinION sequencing
SRR12298900	SRX8801995	SRS6792528	SRP266402	PRJNA605147	Escherichia coli	RHB22-C23	OXFORD_NANOPORE	GridION	239586669.0	50805.0	WGS	GENOMIC	SINGLE	OXFORD_NANOPORE sequencing of Escherichia coli isolate RH07|T2-C23 cultured from Cattle faeces sample
SRR11059148	SRX7705069	SRS6128965	SRP248046	PRJNA462561	Clostridium beijerinckii	DJ283	PACBIO_SMRT	PacBio RS II	472737281.0	106428.0	WGS	GENOMIC	SINGLE	Clostridium beijerinckii DJ283
SRR21415954	SRX17420534	SRS12114952	SRP361569	PRJNA768416	Priestia aryabhattai	FSL H7-0740	OXFORD_NANOPORE	MinION	973754624.0	167779.0	WGS	GENOMIC	SINGLE	WGS of Bacilli
SRR30574379	SRX25997478	SRS22571246	SRP531125	PRJNA1155659	Vibrio parahaemolyticus	VB18PR-0253-2_long	OXFORD_NANOPORE	MinION	1193045815.0	369364.0	WGS	GENOMIC	SINGLE	Oxford Nanopore reads of Vibrio
ERR581087	ERX539174	ERS437397	ERP005355	PRJEB5919	Salmonella enterica subsp. enterica serovar Typhi		PACBIO_SMRT	PacBio RS	623676352.0	163482.0	WGS	GENOMIC	SINGLE	PacBio RS sequencing
SRR15139186	SRX11446844	SRS9486598	SRP328329	PRJNA673262	Pseudomonas sp. SORT22	SORT22	PACBIO_SMRT	Sequel	2343732689.0	347823.0	WGS	GENOMIC	SINGLE	WGS of Pseudomonas sp. SORT22 genome by Pacific Biosciences Sequel
SRR30149648	SRX25617419	SRS21937599	SRP518730	PRJNA1133668	Klebsiella pneumoniae	ST258KP218	OXFORD_NANOPORE	MinION	205869318.0	39995.0	WGS	GENOMIC	SINGLE	Nanopore sequencing of clinical CRE isolates: human
SRR27972945	SRX23626220	SRS20466172	SRP489819	PRJNA1076692	Acinetobacter baumannii	RIVM_C051252_dorado	OXFORD_NANOPORE	MinION	108081649.0	32389.0	WGS	GENOMIC	SINGLE	RIVM_C051252_dorado
SRR30149353	SRX25617280	SRS21937350	SRP518730	PRJNA1133668	Klebsiella pneumoniae	ST3359KP5	OXFORD_NANOPORE	MinION	101916275.0	26879.0	WGS	GENOMIC	SINGLE	Nanopore sequencing of clinical CRE isolates: human
SRR36362114	SRX31391175	SRS27376263	SRP653402	PRJNA1377585	Phocaeicola vulgatus	NCTC 11154	OXFORD_NANOPORE	MinION	1059564296.0	469680.0	WGS	GENOMIC	SINGLE	Multiplexed WGS of defined gDNA (Phocaeicola vulgatus): comparison of SFB and SFB+PLP protocol, SFB+PLP used here
SRR36067855	SRX31114069	SRS27072670	SRP644837	PRJNA1364846	Staphylococcus hominis	SHOMINIS	OXFORD_NANOPORE	GridION	411100.0	1650.0	WGS	GENOMIC	SINGLE	Staphylococcus faecalis, DBT kit, 36-plex and 200 ng DNA, replicate 8
SRR32204075	SRX27545736	SRS23960614	SRP561120	PRJNA1214876	Ekhidna algicida	To15	OXFORD_NANOPORE	MinION	37501254.0	4000.0	WGS	GENOMIC	SINGLE	Ekhidna algicida strain To15 genome
SRR10541601	SRX7224999	SRS5725808	SRP233417	PRJNA370054	Clostridium saccharobutylicum	DJ072	PACBIO_SMRT	PacBio RS II	673284282.0	214787.0	WGS	GENOMIC	SINGLE	Clostridium saccharobutylicum DJ072
DRR723693	DRX703714	DRS495869	DRP013760	PRJDB20694	Catenuloplanes indicus JCM 9534	JCM 9534	PACBIO_SMRT	Revio	108695020.0	9864.0	WGS	GENOMIC	SINGLE	Revio sequencing of SAMD01611646
SRR30574408	SRX25997449	SRS22571217	SRP531125	PRJNA1155659	Vibrio parahaemolyticus	VB18PR-0150-2_long	OXFORD_NANOPORE	MinION	1476483136.0	415095.0	WGS	GENOMIC	SINGLE	Oxford Nanopore reads of Vibrio
SRR32729612	SRX28016006	SRS24377826	SRP570798	PRJNA1236865	Escherichia coli	TUM22775	OXFORD_NANOPORE	MinION	1730202598.0	178694.0	WGS	GENOMIC	SINGLE	"=""ONT sequencing using ""&[1]SRA_data!$J$2&"" of ""&[1]SRA_data!B14"
SRR901409	SRX306262	SRS445281	SRP026049	PRJNA191793	Mycobacterium avium subsp. avium 2285 (S)	2285 (S)	PACBIO_SMRT	PacBio RS	507073486.0	81741.0	WGS	GENOMIC	SINGLE	
SRR12266927	SRX8772022	SRS846933	SRP051988	PRJNA271006	Enterobacter cloacae subsp. cloacae	CIDEIMsCOL10	OXFORD_NANOPORE	MinION	16048261.0	2057.0	WGS	GENOMIC	SINGLE	
SRR16525747	SRX12728252	SRS10336998	SRP357534	PRJNA801415	Klebsiella oxytoca	108	OXFORD_NANOPORE	GridION	1317663608.0	145113.0	WGS	GENOMIC	SINGLE	Extensive diversification and dissemination of blaNDM carbapenemase plasmids in Enterobacterales in Singapore 2010-2015
SRR27972718	SRX23626447	SRS20466183	SRP489819	PRJNA1076692	Staphylococcus aureus	RIVM_M101423_rerio	OXFORD_NANOPORE	MinION	180523199.0	105296.0	WGS	GENOMIC	SINGLE	RIVM_M101423_rerio
SRR36722071	SRX31726422	SRS27695058	SRP660603	PRJNA1398820	Escherichia coli BL21(DE3)	BL21 (DE3)	OXFORD_NANOPORE	MinION	241537514.0	112315.0	WGS	GENOMIC	SINGLE	Whole-genome sequencing of phage-resistant E. coli BL21(DE3)
ERR15942138	ERX15337683	ERS27418070	ERP171251	PRJEB88111	Clostridium perfringens	CP_26D	OXFORD_NANOPORE	PromethION	1051506526.0	162194.0	WGS	GENOMIC	SINGLE	Raw reads: DTU_2024_1035983_100_SI_CP_26D_SE
SRR33768506	SRX28990970	SRS22396911	SRP444583	PRJNA962904	Escherichia coli		PACBIO_SMRT	Sequel II	379796485.0	17657.0	WGS	GENOMIC	SINGLE	PacBio sequencing of A205002HE1 for ARCH 2
SRR33769242	SRX28991527	SRS22455990	SRP444583	PRJNA962904	Escherichia coli		PACBIO_SMRT	Sequel II	554064809.0	27849.0	WGS	GENOMIC	SINGLE	PacBio sequencing of AH0313HE1 for ARCH 2
SRR27972680	SRX23625773	SRS20466034	SRP489819	PRJNA1076692	Pseudomonas aeruginosa	RIVM_C048651_dorado	OXFORD_NANOPORE	MinION	161431422.0	35022.0	WGS	GENOMIC	SINGLE	RIVM_C048651_dorado
SRR27710534	SRX23376959	SRS19728484	SRP395888	PRJNA812595	Acinetobacter baumannii	2023CK-01486	OXFORD_NANOPORE	GridION	601510606.0	141677.0	WGS	GENOMIC	SINGLE	Nanopore sequencing of ARLN isolate
SRR811936	SRX260506	SRS389815	SRP020549	PRJNA196344	Pedobacter heparinus DSM 2366	DSM 2366	PACBIO_SMRT	PacBio RS	232804984.0	81741.0	WGS	GENOMIC	SINGLE	HGAP P. Hep Dataset
SRR1191026	SRX488109	SRS565323	SRP028928	PRJNA215355	Listeria monocytogenes	CFSAN010068	PACBIO_SMRT	PacBio RS II	1257152251.0	163482.0	WGS	GENOMIC	SINGLE	Whole genome shotgun sequencing of Listeria monocytogenes str. MD3382 by Pacific Biosciences SMRT
SRR27591833	SRX23260674	SRS12021081	SRP040281	PRJNA230403	Salmonella enterica	PNUSAS158640	PACBIO_SMRT	Sequel	1627494563.0	106489.0	WGS	GENOMIC	SINGLE	Whole genome PacBio Sequel sequence of Salmonella enterica
SRR16525361	SRX12728124	SRS10336645	SRP357534	PRJNA801415	Klebsiella pneumoniae	15	OXFORD_NANOPORE	GridION	3206973729.0	532187.0	WGS	GENOMIC	SINGLE	Extensive diversification and dissemination of blaNDM carbapenemase plasmids in Enterobacterales in Singapore 2010-2015
SRR30149440	SRX25617193	SRS21937417	SRP518730	PRJNA1133668	Klebsiella pneumoniae	ST258KP29	OXFORD_NANOPORE	MinION	141056665.0	18531.0	WGS	GENOMIC	SINGLE	Nanopore sequencing of clinical CRE isolates: human
SRR16525544	SRX12728455	SRS10336910	SRP357534	PRJNA801415	Klebsiella pneumoniae	11	OXFORD_NANOPORE	GridION	1118845698.0	136076.0	WGS	GENOMIC	SINGLE	Extensive diversification and dissemination of blaNDM carbapenemase plasmids in Enterobacterales in Singapore 2010-2015
SRR27379344	SRX23055707	SRS20015708	SRP480616	PRJNA1055176	Escherichia coli	Not available	OXFORD_NANOPORE	MinION	1556792249.0	251645.0	WGS	GENOMIC	SINGLE	Whole genome sequence of E. coli
SRR17549330	SRX13718774	SRS11596451	SRP354432	PRJNA796011	Escherichia coli		OXFORD_NANOPORE	MinION	100749233.0	13295.0	WGS	GENOMIC	SINGLE	Ecoli-wholegenome-ont_143010_4
SRR11067275	SRX7707634	SRS6131317	SRP248204	PRJNA546968	Buttiauxella noackiae	NSW 11	PACBIO_SMRT	Sequel	1478877331.0	299420.0	WGS	GENOMIC	SINGLE	Buttiauxella noackiae NSW 11
SRR12825899	SRX9293537	SRS7519898	SRP040661	PRJNA231221	Streptococcus constellatus	FDAARGOS_1015	PACBIO_SMRT	PacBio RS	2713716600.0	163482.0	WGS	GENOMIC	SINGLE	
SRR22784495	SRX18744383	SRS16179646	SRP413484	PRJNA912639	Escherichia coli	EC_E12BE_1_E_CuP_CeP	OXFORD_NANOPORE	MinION	913503714.0	98971.0	WGS	GENOMIC	SINGLE	WGS of Escherichia coli
SRR12298525	SRX8801542	SRS6792473	SRP266402	PRJNA605147	Escherichia coli	RHB18-C17	OXFORD_NANOPORE	GridION	2414364716.0	414486.0	WGS	GENOMIC	SINGLE	OXFORD_NANOPORE sequencing of Escherichia coli isolate RH13|T2-C17 cultured from Sheep faeces sample
SRR27962350	SRX23618772	SRS20459149	SRP489640	PRJNA998543	Staphylococcus epidermidis	HRSE 18	OXFORD_NANOPORE	MinION	1162662860.0	141144.0	WGS	GENOMIC	SINGLE	S. epidermidis isolated from Han River whole genome sequencing
SRR31583457	SRX26948797	SRS23420259	SRP548954	PRJNA1193326	Campylobacter jejuni		OXFORD_NANOPORE	MinION	241537471.0	50535.0	WGS	GENOMIC	SINGLE	Long-read Nanopore-based WGS characterization of antimicrobial resistant Campylobacter jejuni and Campylobacter coli isolates from humans, animals and food products in Northern Spain within a One Health approach
SRR13131443	SRX9572067	SRS7768443	SRP294025	PRJNA680662	Xanthomonas citri	AW	OXFORD_NANOPORE	PromethION	2022797352.0	110348.0	WGS	GENOMIC	SINGLE	AW3-15
SRR24140131	SRX19938946	SRS17287655	SRP247747	PRJNA604975	Escherichia coli	ox_bsi_605	OXFORD_NANOPORE	GridION	701424029.0	163165.0	WGS	GENOMIC	SINGLE	oxford_bsi
SRR19816811	SRX15860521	SRS12115327	SRP361569	PRJNA768416	Ureibacillus sp. FSL R7-0636	FSL R7-0636	OXFORD_NANOPORE	MinION	281674659.0	58025.0	WGS	GENOMIC	SINGLE	WGS of Bacilli
DRR791597	DRX770245	DRS530751	DRP014452	PRJDB37880	Lichenicola sp.	GTC18331	OXFORD_NANOPORE	PromethION	905027284.0	280071.0	WGS	GENOMIC	SINGLE	PromethION sequencing of SAMD01697673
ERR10496798	ERX10014117	ERS14248972	ERP142629	PRJEB57633	Escherichia coli		OXFORD_NANOPORE	GridION	56104306.0	17870.0	WGS	GENOMIC	SINGLE	Raw reads: ONT_30602_2#103
SRR29316627	SRX24833516	SRS21545347	SRP512379	PRJNA1121190	Vibrio cholerae	114Vc10	OXFORD_NANOPORE	PromethION	716479212.0	618884.0	WGS	GENOMIC	SINGLE	WGS of Vcholerae isolates
SRR5028759	SRX2354709	SRS1804154	SRP093482	PRJNA353756	Enterococcus faecium	missing	PACBIO_SMRT	PacBio RS II	3998063539.0	163482.0	WGS	GENOMIC	SINGLE	C1
SRR25489814	SRX21221230	SRS18478167	SRP452903	PRJNA982536	Pseudomonas fluorescens	PH.SM	OXFORD_NANOPORE	MinION	1619796673.0	174454.0	WGS	GENOMIC	SINGLE	Nanopore of  of SAMN35709872
SRR4131440	SRX2114750	SRS1667298	SRP084661	PRJNA333978	Nostoc sp. 996	996	PACBIO_SMRT	PacBio RS	431506881.0	140896.0	WGS	GENOMIC	SINGLE	Nostoc sp. 996
SRR32551867	SRX27862822	SRS24236085	SRP375062	PRJNA837734	Listeria monocytogenes	457441	OXFORD_NANOPORE	MinION	131516895.0	32745.0	WGS	GENOMIC	SINGLE	Nanopore sequencing of Listeria monocytogenes
SRR21696688	SRX17694094	SRS11554289	SRP354045	PRJNA747871	Streptomyces sp. NBC_01006	NBC_01006	OXFORD_NANOPORE	MinION	158057588.0	39838.0	WGS	GENOMIC	SINGLE	nanopore sequencing data from strain NBC_01006
SRR26929516	SRX22623360	SRS19624578	SRP473823	PRJNA1039168	Staphylococcus aureus	136	OXFORD_NANOPORE	PromethION	1518733967.0	329110.0	WGS	GENOMIC	SINGLE	WGS of Staphylococcus aureus:B5
SRR12825855	SRX9293493	SRS7519875	SRP040661	PRJNA231221	Actinomyces naeslundii	FDAARGOS_1037	PACBIO_SMRT	Sequel	771365386.0	117811.0	WGS	GENOMIC	SINGLE	
SRR30149068	SRX25616938	SRS22262792	SRP524510	PRJNA1144171	Staphylococcus aureus	sa230307_barcode18	OXFORD_NANOPORE	MinION	39479191.0	51986.0	WGS	GENOMIC	SINGLE	Staphylococcus aureus strain sa230307_barcode18
SRR35761187	SRX30810479	SRS26822122	SRP630868	PRJNA1338801	Escherichia coli	EEC_W-25	OXFORD_NANOPORE	MinION	775528067.0	122557.0	WGS	GENOMIC	SINGLE	Whole genome sequencing of Escherichia coli from poultry drinking water sample
SRR17879835	SRX14039208	SRS11863754	SRP357984	PRJNA801425	Klebsiella pneumoniae	23	OXFORD_NANOPORE	GridION	1208755700.0	118489.0	WGS	GENOMIC	SINGLE	Rapid dominance of a carbapenemase-encoding plasmid in clinical Enterobacteriaceae isolates and hypervirulent Klebsiella pneumoniae in Singapore
SRR25581455	SRX21310055	SRS18558045	SRP454175	PRJNA1002950	Lacticaseibacillus parahuelsenbergensis	NCIMB 15471	OXFORD_NANOPORE	GridION	633187301.0	150749.0	WGS	GENOMIC	SINGLE	SQK-LSK112 library of Lacticaseibacillus parahuelsenbergensis NCIMB 15471: R10.4 flowcell on GridION, guppy v6.2.11 in super high accuracy mode
SRR23365126	SRX19306160	SRS16705512	SRP421404	PRJNA932460	Pseudomonas chlororaphis	DSM 6508	OXFORD_NANOPORE	GridION	646129602.0	136583.0	WGS	GENOMIC	SINGLE	WGS of Pseudomonas chlororaphis
SRR28811926	SRX24375230	SRS21131886	SRP504151	PRJNA1104797	Xanthomonas campestris pv. raphani	bglFP 6807	OXFORD_NANOPORE	PromethION	2066389167.0	227426.0	WGS	GENOMIC	SINGLE	Genome sequencing of Xanthomonas campestris pv. raphani: strain bglFP 6807
ERR14294230	ERX13695328	ERS23161455	ERP163718	PRJEB79567	Salmonella enterica subsp. enterica serovar Enteritidis		OXFORD_NANOPORE	PromethION	467084802.0	88000.0	WGS	GENOMIC	SINGLE	Raw reads: SE002_L
ERR13600833	ERX12971856	ERS5521277	ERP126193	PRJEB42350	Klebsiella pneumoniae		OXFORD_NANOPORE	GridION	936320840.0	44683.0	WGS	GENOMIC	SINGLE	GridION sequencing
ERR13064404	ERX12434928	ERS17308360	ERP155943	PRJEB71065	Enterococcus lactis		PACBIO_SMRT	Sequel II	185560260.0	16510.0	WGS	GENOMIC	SINGLE	Sequel II sequencing
SRR27379271	SRX23055781	SRS20015739	SRP480616	PRJNA1055176	Escherichia coli	Not available	OXFORD_NANOPORE	MinION	1781797620.0	347528.0	WGS	GENOMIC	SINGLE	Whole genome sequence of E. coli
ERR10676179	ERX10143943	ERS14333278	ERP143248	PRJEB58185	Campylobacter coli		OXFORD_NANOPORE	MinION	223625542.0	371471.0	WGS	GENOMIC	PAIRED	MinION paired end sequencing
SRR30188667	SRX25654208	SRS22297006	SRP458186	PRJNA1012291	Staphylococcus	Staphylococcus aureus	OXFORD_NANOPORE	MinION	474944786.0	749945.0	WGS	GENOMIC	SINGLE	Nanopore sequencing data of MRSA
SRR7968344	SRX4801753	SRS3880715	SRP163540	PRJNA431102	Borrelia sp. CA_690	CA_690	PACBIO_SMRT	PacBio RS II	3653825624.0	163482.0	WGS	GENOMIC	SINGLE	Borrelia sp. strain CA_690
SRR32584350	SRX27890790	SRS24262118	SRP568071	PRJNA1231784	Mycobacterium	RIF04ugmlmutant16	OXFORD_NANOPORE	GridION	250110369.0	42936.0	WGS	GENOMIC	SINGLE	Genome sequencing of Mycobacterium sp.
SRR4176231	SRX2140947	SRS1672845	SRP086760	PRJNA303196	Carnobacterium iners	LMG26642	PACBIO_SMRT	PacBio RS	403322793.0	107117.0	WGS	GENOMIC	SINGLE	Carnobacterium iners LMG 26642
SRR13576868	SRX9974939	SRS8147084	SRP303790	PRJNA685966	Staphylococcus pseudintermedius	HSP080	OXFORD_NANOPORE	MinION	511142562.0	265115.0	WGS	GENOMIC	SINGLE	Long-read genomic sequencing of Staphylococcus pseudintermedius from canine skin
SRR27352658	SRX23029110	SRS19990994	SRP480168	PRJNA1057299	Clostridioides difficile	cd230105_barcode33	OXFORD_NANOPORE	MinION	153193997.0	60046.0	WGS	GENOMIC	SINGLE	Clostridioides difficile strain cd230105_barcode33
ERR2935091	ERX2937896	ERS1820629	ERP010248	PRJEB9167	Mycobacteroides abscessus		PACBIO_SMRT	PacBio RS	432079146.0	163482.0	WGS	GENOMIC	SINGLE	PacBio RS sequencing
SRR516864	SRX148633	SRS281882	SRP013241	PRJNA73829	Vibrio cholerae		PACBIO_SMRT	PacBio RS	40322397.0	60667.0	WGS	GENOMIC	SINGLE	Whole Genome Sequencing of Haitian Vibrio cholerae: Continuous Long Read (CLR) data
ERR14686371	ERX14087890	ERS23773285	ERP169826	PRJEB86481	Escherichia coli str. K-12 substr. MG1655	K-12	OXFORD_NANOPORE	MinION	70326328.0	23931.0	WGS	GENOMIC	SINGLE	MinION sequencing
SRR15283800	SRX11588663	SRS9623167	SRP330269	PRJNA745162	Bacteroides fragilis	IHMA_2	OXFORD_NANOPORE	MinION	46058133.0	6907.0	WGS	GENOMIC	SINGLE	Whole genome sequencing of Bacteroides fragilis group isolates
ERR13326650	ERX12697678	ERS20295564	ERP161282	PRJEB76791	Salmonella enterica subsp. enterica serovar Agona		OXFORD_NANOPORE	MinION	212837358.0	55360.0	WGS	GENOMIC	SINGLE	MinION sequencing
ERR3685808	ERX3675412	ERS4047609	ERP114207	PRJEB31632	bacterium		OXFORD_NANOPORE	GridION	527911180.0	77566.0	WGS	GENOMIC	SINGLE	GridION sequencing
SRR387255	SRX110077	SRS302375	SRP001087	PRJNA40075	Escherichia coli str. K-12 substr. MG1655	K-12	PACBIO_SMRT	PacBio RS	26267105.0	60667.0	WGS	GENOMIC	SINGLE	Whole Genome Sequencing and Assembly
SRR30426166	SRX25851646	SRS22429844	SRP528027	PRJNA1143455	Tardiphaga sp. 604_B6_N1_1	604_B6_N1_1	OXFORD_NANOPORE	PromethION	1243891040.0	286428.0	WGS	GENOMIC	SINGLE	Tardiphaga sp. 604_B6_N1_1 nanopore genome sequencing (files compressed once)
SRR13575381	SRX9973481	SRS8145954	SRP303741	PRJNA695586	Streptococcus pyogenes	M4C20	OXFORD_NANOPORE	MinION	3017856.0	4000.0	WGS	GENOMIC	SINGLE	Whole genome sequence of Streptococcus pyogenes strain M4C20
DRR401496	DRX387199	DRS253386	DRP005500	PRJDB8147	Escherichia coli	PV01-97	OXFORD_NANOPORE	MinION	836306471.0	168459.0	WGS	GENOMIC	SINGLE	MinION sequencing of SAMD00523010
ERR12258334	ERX11668622	ERS16539723	ERP152951	PRJEB67942	Streptococcus uberis		OXFORD_NANOPORE	MinION	90152507.0	15294.0	WGS	GENOMIC	SINGLE	MinION sequencing
SRR16940885	SRX13132832	SRS11066460	SRP346006	PRJNA554638	Escherichia coli	ESBL26	OXFORD_NANOPORE	MinION	754311145.0	57212.0	WGS	GENOMIC	SINGLE	Nanopore of ESBL producing Escherichia coli
SRR25773644	SRX21496285	SRS18728540	SRP457175	PRJNA944442	Lactococcus sp. bn62	bn62	OXFORD_NANOPORE	MinION	187928057.0	71389.0	WGS	GENOMIC	SINGLE	BN62_Nanopore
SRR8494940	SRX5299443	SRS4294117	SRP181880	PRJNA422511	Escherichia coli		OXFORD_NANOPORE	MinION	1621000527.0	158590.0	WGS	GENOMIC	SINGLE	Oxford Nanopore MinION WGS of  Escherichia coli CFT073
ERR10499748	ERX10017030	ERS14248198	ERP142363	PRJEB57392	Escherichia coli		OXFORD_NANOPORE	MinION	505666756.0	839978.0	WGS	GENOMIC	PAIRED	MinION paired end sequencing
SRR8292577	SRX5107155	SRS4026334	SRP018785	PRJNA186035	Salmonella enterica subsp. enterica serovar Anatum	CFSAN076215	PACBIO_SMRT	PacBio RS II	1578617767.0	163482.0	WGS	GENOMIC	SINGLE	PacBio SMRTbell library protocol library CFSAN076215 E02_1
SRR30278585	SRX25739336	SRS22379039	SRP526962	PRJNA1149113	Burkholderia pseudomallei	Bp	OXFORD_NANOPORE	PromethION	1239048657.0	199042.0	WGS	GENOMIC	SINGLE	Pathogen: clinical or host-associated sample from Burkholderia pseudomallei
SRR9221449	SRX5991937	SRS4897076	SRP191068	PRJNA528511	Escherichia coli	GTEN_157	OXFORD_NANOPORE	GridION	2127126105.0	488307.0	WGS	GENOMIC	SINGLE	Global TravEpiNet AMR surveillance Genome sequencing and assembly
ERR15682377	ERX15086804	ERS26973189	ERP171481	PRJEB88388	Pseudomonas sp. R-91702	R-91702	OXFORD_NANOPORE	MinION	959439083.0	356912.0	WGS	GENOMIC	SINGLE	Raw reads: Pseudomonas sp. R-91702
SRR14883174	SRX11200237	SRS9241012	SRP324698	PRJNA736395	Escherichia coli O111:H8	7-32 9A	PACBIO_SMRT	PacBio RS II	3512770402.0	163482.0	WGS	GENOMIC	SINGLE	Genome sequencing of E. coli O111 serotypes
SRR9647281	SRX6408851	SRS5066294	SRP213187	PRJNA546630	Sphingobacterium sp. JUb56	JUb56	PACBIO_SMRT	Sequel	2787456896.0	634263.0	WGS	GENOMIC	SINGLE	Sphingobacterium sp. JUb56
SRR32076363	SRX27424817	SRS23852960	SRP559005	PRJNA1191226	Enterococcus faecium	D6	OXFORD_NANOPORE	MinION	468426664.0	102668.0	WGS	GENOMIC	SINGLE	Enterococcus faecium D6
SRR30934837	SRX26337472	SRS22863377	SRP537571	PRJNA1168290	Paenibacillus sp. TAB_01	TAB_01	OXFORD_NANOPORE	MinION	1722827.0	202.0	WGS	GENOMIC	SINGLE	Paenibacillus sp. TAB 01 from cotton plant tissue
SRR11816521	SRX8367526	SRS6683194	SRP262414	PRJNA633990	Xanthomonas oryzae	XOO1	OXFORD_NANOPORE	MinION	423861003.0	72102.0	WGS	GENOMIC	SINGLE	WGS of Xanthomonas Oryzae pv. oryzae: XOO1
ERR13848201	ERX13250967	ERS18629868	ERP158153	PRJEB73354	Escherichia coli		OXFORD_NANOPORE	MinION	353976606.0	47895.0	WGS	GENOMIC	SINGLE	MinION sequencing
DRR424414	DRX409620	DRS205771	DRP007744	PRJDB12343	Escherichia coli	MyJU755_1	OXFORD_NANOPORE	MinION	1064526496.0	144152.0	WGS	GENOMIC	SINGLE	MinION sequencing of SAMD00406343
SRR10446102	SRX7140846	SRS5648999	SRP229940	PRJNA563796	Paucilactobacillus nenjiangensis	SH-Y15	PACBIO_SMRT	PacBio RS II	689695837.0	74020.0	WGS	GENOMIC	SINGLE	Complete Genome Sequence of Lactobacillus nenjiangensis SH-Y15
DRR538218	DRX522037	DRS397852	DRP011824	PRJDB17661	Lactonifactor longoviformis	k42-0107-F6	PACBIO_SMRT	Sequel	932565954.0	36071.0	WGS	GENOMIC	SINGLE	Sequel single end sequencing of  SAMD00759068
SRR33346829	SRX28591042	SRS24858998	SRP581397	PRJNA1255661	Agrobacterium sp.	L219/93	OXFORD_NANOPORE	PromethION	397775084.0	40023.0	WGS	GENOMIC	SINGLE	WGS of Agrobacterium L219/93
SRR13386114	SRX9805315	SRS7989390	SRP300861	PRJNA663900	Enterococcus sp. DIV0908	DIV0908	OXFORD_NANOPORE	GridION	1026024606.0	115423.0	WGS	GENOMIC	SINGLE	Zoo 3 Enterococcus Diversity Genome sequencing and assembly
ERR14364958	ERX13766363	ERS23232006	ERP165658	PRJEB81867	Staphylococcus aureus		OXFORD_NANOPORE	PromethION	52262708.0	49925.0	WGS	GENOMIC	SINGLE	Raw reads: s14
SRR27352561	SRX23029207	SRS19991090	SRP480168	PRJNA1057299	Clostridioides difficile	cd221206_barcode73	OXFORD_NANOPORE	MinION	327240181.0	433184.0	WGS	GENOMIC	SINGLE	Clostridioides difficile strain cd221206_barcode73
ERR10498181	ERX10015470	ERS14254759	ERP142629	PRJEB57633	Escherichia coli		OXFORD_NANOPORE	GridION	187814850.0	31322.0	WGS	GENOMIC	SINGLE	Raw reads: ONT_30602_6#200
SRR8691674	SRX5487528	SRS4460105	SRP187780	PRJNA525860	Acinetobacter baumannii	AB046	PACBIO_SMRT	PacBio RS II	528880186.0	163482.0	WGS	GENOMIC	SINGLE	Genome assembly of AB046
SRR5165206	SRX2482187	SRS1913765	SRP096407	PRJNA242422	Rhizobium leguminosarum	3841	PACBIO_SMRT	PacBio RS	417444744.0	209392.0	WGS	GENOMIC	SINGLE	Rhizobium leguminosarum biovar viciae 3841 from free-living rhizobial cells
SRR35523479	SRX30598802	SRS26625775	SRP622777	PRJNA1268491	Escherichia coli O103	ML775	OXFORD_NANOPORE	PromethION	5016240111.0	313780.0	WGS	GENOMIC	SINGLE	Swine STEC ML775 isolate, WGS
SRR17994728	SRX14150366	SRS11975820	SRP359473	PRJNA806339	Bacillus cereus	AH7-7	OXFORD_NANOPORE	PromethION	1495405383.0	89979.0	WGS	GENOMIC	SINGLE	sequencing
SRR10211328	SRX6930916	SRS5461211	SRP191068	PRJNA528511	Escherichia coli	GTEN_399	OXFORD_NANOPORE	GridION	1946748961.0	362222.0	WGS	GENOMIC	SINGLE	Global TravEpiNet AMR surveillance Genome sequencing and assembly
SRR34798593	SRX29931593	SRS26029390	SRP255655	PRJNA622823	Thermus sp. 93170	93170	PACBIO_SMRT	PacBio RS II	1047164267.0	163482.0	WGS	GENOMIC	SINGLE	PacBio Sequencing of Thermus species 93170
SRR15031970	SRX11343409	SRS9383692	SRP326726	PRJNA737600	Streptomyces sp. GMY02	GMY02	OXFORD_NANOPORE	GridION	9502514.0	4000.0	WGS	GENOMIC	SINGLE	WGS Streptomyces sp. GMY02
SRR28825868	SRX24388716	SRS21144478	SRP504527	PRJNA984017	Escherichia coli	C1A	OXFORD_NANOPORE	MinION	319017024.0	62157.0	WGS	GENOMIC	SINGLE	Escherichia coli C1A oxford nanopore reads
SRR13269191	SRX9699266	SRS7895426	SRP272861	PRJNA646575	Bacteroides ovatus		OXFORD_NANOPORE	GridION	870290237.0	144042.0	WGS	GENOMIC	SINGLE	WGS  of Bacteroides fragilis group clinical isolates
SRR11209268	SRX7822165	SRS6233359	SRP251108	PRJNA609126	Staphylococcus aureus	SA1428	OXFORD_NANOPORE	GridION	104187329.0	4000.0	WGS	GENOMIC	SINGLE	Genome sequence of a chronic Staphylococcus aureus isolated from dairy cow that is non-responsive to antibiotic treatment
SRR18637470	SRX14744568	SRS11861213	SRP357861	PRJNA795675	Terrisporobacter glycolicus	WW3900	OXFORD_NANOPORE	MinION	108408046.0	25000.0	WGS	GENOMIC	SINGLE	Nanopore_Glyco
SRR31705079	SRX27066656	SRS23527295	SRP551264	PRJNA1197770	Escherichia coli	Not applicable	OXFORD_NANOPORE	MinION	3517676.0	1966.0	WGS	GENOMIC	SINGLE	Escherichia coli :Pig
ERR14225650	ERX13625932	ERS17899273	ERP156237	PRJEB71438	Stutzerimonas stutzeri		OXFORD_NANOPORE	MinION			WGS	GENOMIC	SINGLE	MinION sequencing
SRR9722904	SRX6480305	SRS5130369	SRP215816	PRJNA470993	Staphylococcus aureus	pt286	PACBIO_SMRT	PacBio RS II	1107614914.0	175650.0	WGS	GENOMIC	SINGLE	WGS of Staphylococcus aureus
SRR30149623	SRX25617444	SRS21937485	SRP518730	PRJNA1133668	Klebsiella pneumoniae	ST258KP24	OXFORD_NANOPORE	MinION	274016439.0	33980.0	WGS	GENOMIC	SINGLE	Nanopore sequencing of clinical CRE isolates: human
SRR24651177	SRX20431354	SRS17736874	SRP438478	PRJNA885826	Parabacteroides distasonis ATCC 8503	ATCC 8503	OXFORD_NANOPORE	MinION	595404389.0	90437.0	WGS	GENOMIC	SINGLE	PCR free Oxford Nanopore sequencing of genomic DNA from Parabacteroides-distasonis-ATCC-8503
SRR8305969	SRX5120471	SRS2552902	SRP119067	PRJNA191674	Salmonella enterica subsp. enterica serovar Paratyphi B	SGSC 2500	PACBIO_SMRT	Sequel	969726236.0	122928.0	WGS	GENOMIC	SINGLE	Whole genome PacBio Sequel sequence of Salmonella enterica subsp. enterica serovar Paratyphi B
SRR4235001	SRX2156300	SRS1686292	SRP088361	PRJNA331824	Lacrimispora sphenoides	DSM 4024	PACBIO_SMRT	PacBio RS	89647639.0	36064.0	WGS	GENOMIC	SINGLE	Desulfotomaculum guttoideum DSM 4024
SRR4097352	SRX2066416	SRS1657693	SRP083542	PRJNA294254	Pseudomonas aeruginosa	PA_D9	PACBIO_SMRT	PacBio RS II	333984483.0	31186.0	WGS	GENOMIC	SINGLE	Pseudomonas aeruginosa clinical isolate from ventilator-associated pneumonia patient PA_D9
ERR13354937	ERX12725869	ERS20228283	ERP160933	PRJEB76407	Mediterraneibacter gnavus		PACBIO_SMRT	Sequel IIe	621354391.0	56867.0	WGS	GENOMIC	SINGLE	Sequel IIe sequencing
SRR26752402	SRX22451068	SRS19465114	SRP471000	PRJNA1036818	Sulfitobacter sp. R86518	R86518	OXFORD_NANOPORE	MinION	1766658742.0	216994.0	WGS	GENOMIC	SINGLE	WGS of Sulfitobacter sp.
ERR14686376	ERX14087895	ERS23773290	ERP169826	PRJEB86481	Escherichia coli str. K-12 substr. MG1655	K-12	OXFORD_NANOPORE	MinION	177928821.0	46878.0	WGS	GENOMIC	SINGLE	MinION sequencing
SRR9015668	SRX5793845	SRS4725287	SRP195379	PRJNA541166	Coxiella burnetii	RSA439	OXFORD_NANOPORE	GridION	345758444.0	91200.0	WGS	GENOMIC	SINGLE	Genome sequencing of RSA439 using Oxford Nanopore
SRR22372473	SRX18343005	SRS15832054	SRP409144	PRJNA768972	Streptomyces longhuiensis	BH-MK-02	OXFORD_NANOPORE	PromethION	1558393200.0	5194644.0	WGS	GENOMIC	PAIRED	Streptomyces sp. BH-MK-02 chromosome, complete genome
SRR13289914	SRX9719013	SRS7913068	SRP278657	PRJNA658369	Klebsiella pneumoniae	ARLG-4848	OXFORD_NANOPORE	GridION	1045525518.0	135102.0	WGS	GENOMIC	SINGLE	ONT seq of K. pneumoniae
SRR33769274	SRX28991495	SRS22396664	SRP444583	PRJNA962904	Escherichia coli		PACBIO_SMRT	Sequel II	640286301.0	26282.0	WGS	GENOMIC	SINGLE	PacBio sequencing of AH0003HE1 for ARCH 2
ERR12078762	ERX11461129	ERS16427358	ERP151427	PRJEB66362	Mycobacterium tuberculosis		PACBIO_SMRT	Sequel II	1690820841.0	617621.0	WGS	GENOMIC	SINGLE	Sequel II sequencing
SRR9002431	SRX5781216	SRS4714083	SRP194510	PRJNA332165	Arcticibacter tournemirensis	DSM 23085	PACBIO_SMRT	Sequel	2531184567.0	698896.0	WGS	GENOMIC	SINGLE	Pedobacter tournemirensis DSM 23085
SRR13893660	SRX10273354	SRS8406454	SRP309815	PRJNA686978	Enterobacter cloacae	not collected	OXFORD_NANOPORE	MinION	3047984784.0	404101.0	WGS	GENOMIC	SINGLE	nanopore sequencing of e cloacae: clinical isolate
SRR32808917	SRX28092751	SRS24450136	SRP572218	PRJNA1240278	Klebsiella pneumoniae	KP7	OXFORD_NANOPORE	GridION	2467917733.0	463098.0	WGS	GENOMIC	SINGLE	WGS of Klebsiella pneumoniae
SRR10918226	SRX7585540	SRS6019235	SRP243625	PRJNA566825	Streptosporangium becharense	DSM 46887	PACBIO_SMRT	Sequel	4699790441.0	1715979.0	WGS	GENOMIC	SINGLE	Streptosporangium becharense DSM 46887
SRR27860899	SRX23523537	SRS20373828	SRP487941	PRJNA1073000	Lactococcus lactis	P2D6	OXFORD_NANOPORE	PromethION	579034288.0	114038.0	WGS	GENOMIC	SINGLE	WGS of Lactococcus lactis strain P2D6: Probat505 starter culture
SRR29726891	SRX25229049	SRS21915578	SRP518338	PRJNA1132578	Salmonella enterica subsp. enterica	N22-2793	OXFORD_NANOPORE	MinION	262560866.0	19440.0	WGS	GENOMIC	SINGLE	Long read WGS of Salmonella enterica: isolate N22-2793
SRR5182012	SRX2498120	SRS1924973	SRP096895	PRJNA353873	Mycobacterium tuberculosis		PACBIO_SMRT	PacBio RS	474857558.0	163482.0	WGS	GENOMIC	SINGLE	DNA of Mtb
SRR386657	SRX109836	SRS004883	SRP001079	PRJNA40077	Cereibacter sphaeroides 2.4.1	2.4.1	PACBIO_SMRT	PacBio RS	116333759.0	81741.0	WGS	GENOMIC	SINGLE	Whole Genome Sequencing and Assembly
SRR30868117	SRX26265698	SRS20686601	SRP250705	PRJNA607328	Yarrowia lipolytica	FEB380	OXFORD_NANOPORE	MinION	1491367163.0	343129.0	WGS	GENOMIC	SINGLE	Yarrowia lipolytica FELIX_MS119 Nanopore reads
SRR13269072	SRX9699385	SRS7895440	SRP272861	PRJNA646575	Bacteroides fragilis		OXFORD_NANOPORE	GridION	297114483.0	50189.0	WGS	GENOMIC	SINGLE	WGS  of Bacteroides fragilis group clinical isolates
SRR7441851	SRX4312449	SRS3471473	SRP151446	PRJNA478201	Bordetella pertussis	UK36	OXFORD_NANOPORE	MinION	1472318746.0	278599.0	WGS	GENOMIC	SINGLE	ONT sequencing of Bordetella pertussis UK36
ERR1223243	ERX1295456	ERS939209	ERP005928	PRJEB6403	Enterococcus faecalis	3012STDY6246399	PACBIO_SMRT	PacBio RS	1029759729.0	163482.0	WGS	GENOMIC	SINGLE	PacBio RS sequencing
SRR31540988	SRX26907936	SRS23387395	SRP548173	PRJNA1190675	Escherichia coli	The same strain as the one under SRA accession SRR9967799	OXFORD_NANOPORE	MinION	511349106.0	93326.0	WGS	GENOMIC	SINGLE	ONT of TAS042
ERR15424219	ERX14828163	ERS25261023	ERP176764	PRJEB93885	Escherichia coli		OXFORD_NANOPORE	PromethION	891767552.0	103760.0	WGS	GENOMIC	SINGLE	Raw reads: run0_pilot_96_ont_AHB18
SRR35984626	SRX31033916	SRS27023905	SRP643315	PRJNA1339681	Bradyrhizobium diazoefficiens	USDA 429	PACBIO_SMRT	Sequel IIe	924922645.0	100293.0	WGS	GENOMIC	SINGLE	Bradyrhizobium japonicum USDA 429
SRR19787639	SRX15831712	SRS13522803	SRP383167	PRJNA851853	Salmonella enterica	2012K-0499_ONT	OXFORD_NANOPORE	GridION	1997406360.0	205367.0	WGS	GENOMIC	SINGLE	WGS of Salmonella enterica serovar Enteritidis
SRR33769049	SRX28991719	SRS22455749	SRP444583	PRJNA962904	Escherichia coli		PACBIO_SMRT	Sequel II	567757764.0	32528.0	WGS	GENOMIC	SINGLE	PacBio sequencing of AH0379HC2 for ARCH 2
SRR33532055	SRX28766400	SRS25006299	SRP584654	PRJNA1258996	Bordetella pertussis	J818L01P01	PACBIO_SMRT	Sequel II	2444381722.0	499091.0	WGS	GENOMIC	SINGLE	Long-read sequencing of Bordetella pertussis serial laboratory passage J818L01P01
SRR27187203	SRX22867400	SRS19533546	SRP395888	PRJNA812595	Citrobacter amalonaticus	2023CK-01304	OXFORD_NANOPORE	GridION	345083693.0	44564.0	WGS	GENOMIC	SINGLE	Nanopore sequencing of ARLN isolate
SRR31547489	SRX26913684	SRS23392651	SRP545217	PRJNA1186101	Enterobacter asburiae	Enterobacter asburiae DSMCPE_223	PACBIO_SMRT	Sequel II	502480369.0	58240.0	WGS	GENOMIC	SINGLE	WGS of Carbapenem-resistant Enterobacteriaceae
SRR34927512	SRX30051092	SRS24825686	SRP455225	PRJNA1004324	Pseudomonas aeruginosa	LACPHL-BACT-2025-00163	OXFORD_NANOPORE	GridION	302691438.0	171565.0	WGS	GENOMIC	SINGLE	WGS of pathogenic bacterial species
ERR1223205	ERX1295418	ERS904735	ERP005928	PRJEB6403	Streptococcus equi subsp. zooepidemicus	NCTC11606	PACBIO_SMRT	PacBio RS	3675909042.0	163482.0	WGS	GENOMIC	SINGLE	PacBio RS sequencing
ERR13577275	ERX12947178	ERS20900495	ERP161852	PRJEB77420	Enterobacter cloacae		OXFORD_NANOPORE	MinION	617841860.0	45428.0	WGS	GENOMIC	SINGLE	Raw reads: Long reads sequencing of P10-39587 isolate
SRR27678658	SRX23346091	SRS20207329	SRP485167	PRJNA960711	Bacillus velezensis	MB7_B11	OXFORD_NANOPORE	MinION	156782382.0	48871.0	WGS	GENOMIC	SINGLE	WGS of Bacillus velezensis: strain MB7_B11
DRR393698	DRX379517	DRS297031	DRP007849	PRJDB10842	Enterobacter hormaechei subsp. steigerwaltii	JBBEAAJ-19-0005	OXFORD_NANOPORE	GridION	412591252.0	135059.0	WGS	GENOMIC	SINGLE	GridION sequencing of SAMD00499161
SRR30149513	SRX25617120	SRS3052343	SRP518730	PRJNA1133668	Klebsiella pneumoniae	258	OXFORD_NANOPORE	MinION	124968151.0	13185.0	WGS	GENOMIC	SINGLE	Nanopore sequencing of clinical CRE isolates: human
SRR8283290	SRX5098087	SRS4108712	SRP040661	PRJNA231221	Burkholderia pseudomallei	FDAARGOS_594	PACBIO_SMRT	PacBio RS	2832112016.0	163482.0	WGS	GENOMIC	SINGLE	
SRR2149886	SRX1137197	SRS1025424	SRP062185	PRJNA240097	Yersinia intermedia	Y228	PACBIO_SMRT	PacBio RS II	4299067727.0	42565027.0	WGS	GENOMIC	SINGLE	YAI_PacBio
SRR23796565	SRX19628618	SRS16998213	SRP426543	PRJNA942088	Campylobacter jejuni	PS_9_2021	OXFORD_NANOPORE	MinION	29969296.0	4687.0	WGS	GENOMIC	SINGLE	Nanopore sequencing of Campylobacter jejuni from chicken manure
ERR4467154	ERX4406027	ERS4952646	ERP123454	PRJEB39885	Escherichia coli	90PP1	OXFORD_NANOPORE	MinION	56160078.0	6628.0	WGS	GENOMIC	SINGLE	MinION sequencing
SRR33434757	SRX28675693	SRS23085214	SRP542766	PRJNA1181261	Salmonella enterica subsp. enterica serovar Dublin	NDSU-VDL-7	PACBIO_SMRT	Sequel IIe	967595324.0	65842.0	WGS	GENOMIC	SINGLE	PacBio WGS of Salmonella Dublin Strains
SRR12298862	SRX8802033	SRS6792615	SRP266402	PRJNA605147	Citrobacter freundii	RHBSTW-00349	PACBIO_SMRT	PacBio RS II	1284474357.0	153412.0	WGS	GENOMIC	SINGLE	PACBIO_SMRT sequencing of Citrobacter freundii isolate WTP2|T1-00349 cultured from WTP downstream sample
ERR5353187	ERX5141222	ERS5752920	ERP126298	PRJEB42440	Klebsiella pneumoniae		OXFORD_NANOPORE	MinION	512428095.0	69263.0	WGS	GENOMIC	SINGLE	MinION sequencing
SRR30596885	SRX26019583	SRS22591404	SRP531440	PRJNA1092388	Aeromonas dhakensis	025182	PACBIO_SMRT	Sequel IIe	336033685.0	46337.0	WGS	GENOMIC	SINGLE	HIFI of Aeromonas dhakensis:181
ERR10497972	ERX10015261	ERS14254316	ERP142629	PRJEB57633	Escherichia coli		OXFORD_NANOPORE	GridION	120025889.0	24886.0	WGS	GENOMIC	SINGLE	Raw reads: ONT_30348_1#10
DRR723718	DRX703739	DRS495830	DRP013760	PRJDB20694	Desulfothermus okinawensis JCM 13304	JCM 13304	OXFORD_NANOPORE	MinION	28248155.0	74232.0	WGS	GENOMIC	SINGLE	MinION sequencing of SAMD01611605
SRR33323167	SRX28567617	SRS24861724	SRP581476	PRJNA1255637	Enterococcus faecium	ONT-EF06	OXFORD_NANOPORE	GridION	1376751007.0	234676.0	WGS	GENOMIC	SINGLE	ONT-EF06
SRR9620977	SRX6383988	SRS5043513	SRP212614	PRJNA547253	Amycolatopsis granulosa	DSM 45669	PACBIO_SMRT	Sequel	701358405.0	176539.0	WGS	GENOMIC	SINGLE	Amycolatopsis granulosa DSM 45669
SRR27972666	SRX23625787	SRS20465341	SRP489819	PRJNA1076692	Escherichia coli	RIVM_C055236_dorado	OXFORD_NANOPORE	MinION	644344350.0	196582.0	WGS	GENOMIC	SINGLE	RIVM_C055236_dorado
SRR386523	SRX109806	SRS212337	SRP007233	PRJNA64879	Fusobacterium animalis F0419	OT 420	PACBIO_SMRT	PacBio RS	65633873.0	81741.0	WGS	GENOMIC	SINGLE	Whole Genome Sequencing and Assembly
SRR32164161	SRX27509456	SRS23928326	SRP560556	PRJNA1147241	Paraburkholderia phenoliruptrix	CT11-68	OXFORD_NANOPORE	MinION	143265305.0	50240.0	WGS	GENOMIC	SINGLE	wheat associated bacteria:Paraburkholderia phenoliruptrix
ERR4165346	ERX4130665	ERS4576030	ERP121237	PRJEB37895	Acinetobacter guillouiae		PACBIO_SMRT	Sequel	1428305968.0	180117.0	WGS	GENOMIC	SINGLE	Sequel sequencing
SRR21563423	SRX17565752	SRS11554250	SRP354045	PRJNA747871	Streptomyces microflavus	NBC_01346	OXFORD_NANOPORE	MinION	88750790.0	10476.0	WGS	GENOMIC	SINGLE	nanopore sequencing data from strain NBC_01346
SRR35212492	SRX30316285	SRS26363301	SRP291668	PRJNA675431	Enterococcus faecium	FI552	OXFORD_NANOPORE	PromethION	661007137.0	228061.0	WGS	GENOMIC	SINGLE	WGS of Enterococcus faecium
SRR32838652	SRX28121293	SRS24477049	SRP572709	PRJNA1240252	Synechococcales cyanobacterium MV0715	MV0715	OXFORD_NANOPORE	MinION	712078706.0	197209.0	WGS	GENOMIC	SINGLE	Genome sequencing of 8 Synechococcus isolates isolated from Martha's Vineyard Coastal Observatory
SRR36118005	SRX31162650	SRS27149206	SRP647402	PRJNA1367295	Staphylococcus aureus	M2125	OXFORD_NANOPORE	MinION	248400922.0	96679.0	WGS	GENOMIC	SINGLE	Clonal complex 398 emerging as community- and healthcare-associated methicillin-resistant Staphylococcus aureus in the Czech Republic 2017-2024
ERR5420935	ERX5205499	ERS5845214	ERP126298	PRJEB42440	Klebsiella pneumoniae		OXFORD_NANOPORE	MinION	871204180.0	203849.0	WGS	GENOMIC	SINGLE	MinION sequencing
SRR30896453	SRX26299568	SRS22828290	SRP536878	PRJNA1134622	Escherichia coli	OXEC-110	OXFORD_NANOPORE	MinION	192920823.0	98897.0	WGS	GENOMIC	SINGLE	OXEC-110
ERR581176	ERX539263	ERS462985	ERP005928	PRJEB6403	Proteus penneri	NCTC12737	PACBIO_SMRT	PacBio RS	1293284451.0	163482.0	WGS	GENOMIC	SINGLE	PacBio RS sequencing
SRR33769513	SRX28991849	SRS22455680	SRP444583	PRJNA962904	Klebsiella pneumoniae		PACBIO_SMRT	Sequel II	205862368.0	9519.0	WGS	GENOMIC	SINGLE	PacBio sequencing of AH0986HE1 for ARCH 2
SRR3930411	SRX1959957	SRS1570076	SRP078922	PRJNA329548	Mycobacterium tuberculosis H37Ra	H37Ra	PACBIO_SMRT	PacBio RS II	1476048477.0	163482.0	WGS	GENOMIC	SINGLE	Single-molecule sequencing of Mycobacterium tuberculosis H37Ra genomic DNA
SRR19213035	SRX15277072	SRS13006223	SRP375195	PRJNA838107	Klebsiella pneumoniae	K165-2	OXFORD_NANOPORE	MinION	582725868.0	69392.0	WGS	GENOMIC	SINGLE	WGS of K165-2: Nanopore
SRR34988033	SRX30106767	SRS26170282	SRP608885	PRJNA1305322	Enterococcus gallinarum	7690 059	OXFORD_NANOPORE	MinION	288748660.0	42507.0	WGS	GENOMIC	SINGLE	ONT sequencing of Enterococcus gallinarum strain
SRR9732368	SRX6489638	SRS5138420	SRP215929	PRJNA555902	Variovorax sp. mfec-39	mfec-39	OXFORD_NANOPORE	GridION	265987207.0	45612.0	WGS	GENOMIC	SINGLE	Genome sequencing of bacterial strain mfec-39
SRR34436407	SRX29597515	SRS8091056	SRP598841	PRJNA1287288	Enterobacter hormaechei	CPO019	OXFORD_NANOPORE	MinION	2006141642.0	155227.0	WGS	GENOMIC	SINGLE	R10.4.1 WGS of bacterial isolate for accuracy benchmarking
DRR457478	DRX441775	DRS418825	DRP012097	PRJDB15501	Staphylococcus aureus	32013-19-S013	OXFORD_NANOPORE	GridION	488677185.0	25300.0	WGS	GENOMIC	SINGLE	GridION sequencing of SAMD00591168
SRR364898	SRX032455	SRS140104	SRP004712	PRJNA61297	Vibrio cholerae O1		PACBIO_SMRT	PacBio RS	32752127.0	60667.0	WGS	GENOMIC	SINGLE	Sequencing for C6 (Peru, 1991)
SRR28434690	SRX24038692	SRS20831709	SRP497546	PRJNA1091452	Klebsiella pneumoniae	KP17-PS	OXFORD_NANOPORE	MinION	935821228.0	83246.0	WGS	GENOMIC	SINGLE	ONT performance study sequencing of K. pneumoniae
SRR27972676	SRX23625777	SRS20465338	SRP489819	PRJNA1076692	Escherichia coli	RIVM_C055199_dorado	OXFORD_NANOPORE	MinION	88925472.0	26714.0	WGS	GENOMIC	SINGLE	RIVM_C055199_dorado
SRR9221418	SRX5991968	SRS4897107	SRP191068	PRJNA528511	Escherichia coli	GTEN_78	OXFORD_NANOPORE	GridION	1798158647.0	612341.0	WGS	GENOMIC	SINGLE	Global TravEpiNet AMR surveillance Genome sequencing and assembly
SRR12207340	SRX8718158	SRS6993743	SRP271537	PRJNA645814	Francisella tularensis subsp. holarctica	19OD0902	PACBIO_SMRT	Sequel	784778587.0	204801.0	WGS	GENOMIC	SINGLE	WGS of Francisella
SRR22784668	SRX18744776	SRS16179836	SRP413484	PRJNA912639	Escherichia coli	EC_E2DN_1_E_CuN_CeN	OXFORD_NANOPORE	MinION	309242099.0	32718.0	WGS	GENOMIC	SINGLE	WGS of Escherichia coli
SRR32057876	SRX27406771	SRS23836866	SRP558617	PRJNA1199890	Cupriavidus necator	G27	OXFORD_NANOPORE	GridION	2810529982.0	517248.0	WGS	GENOMIC	SINGLE	Nanopore whole genome sequencing of Cupriavidus necator strain G27: DSM 516
SRR21415889	SRX17419991	SRS12114919	SRP361569	PRJNA768416	Lysinibacillus sp. FSL K6-1151	FSL K6-1151	OXFORD_NANOPORE	MinION	497103624.0	99446.0	WGS	GENOMIC	SINGLE	WGS of Bacilli
SRR35903306	SRX30952581	SRS25918363	SRP150360	PRJNA475751	Klebsiella pneumoniae	KLP00677	OXFORD_NANOPORE	MinION	415097836.0	91289.0	WGS	GENOMIC	SINGLE	WGS Sequencing of K. pneumoniae
SRR24475013	SRX20261215	SRS17592011	SRP436581	PRJNA967113	Escherichia coli	CPO077	OXFORD_NANOPORE	MinION	652010285.0	40565.0	WGS	GENOMIC	SINGLE	WGS of bacterial isolate possessing blaNDM carbapenemase
ERR4762229	ERX4635333	ERS5247763	ERP124695	PRJEB40976	Enterococcus faecalis		OXFORD_NANOPORE	GridION	849352259.0	43374.0	WGS	GENOMIC	SINGLE	GridION sequencing; Raw reads: 26975_2#165
SRR11059914	SRX7705805	SRS6129645	SRP248078	PRJNA463417	Clostridium beijerinckii	DJ144	PACBIO_SMRT	PacBio RS II	679231732.0	175713.0	WGS	GENOMIC	SINGLE	Clostridium beijerinckii DJ144
ERR12495476	ERX11871559	ERS17732811	ERP155806	PRJEB70906	Streptomyces sp. AC2023		OXFORD_NANOPORE	MinION	244632534.0	96726.0	WGS	GENOMIC	SINGLE	Raw reads: BCCO_10_861
SRR34019040	SRX29214598	SRS21531848	SRP362387	PRJNA812061	Acinetobacter baumannii	D86	OXFORD_NANOPORE	MinION	220755597.0	54697.0	WGS	GENOMIC	SINGLE	Long read sequencing of Acinetobacter baumannii D86
SRR22671558	SRX18634535	SRS16078483	SRP412295	PRJNA910374	Neisseria meningitidis		OXFORD_NANOPORE	GridION	360520074.0	25978.0	WGS	GENOMIC	SINGLE	1912
SRR24759074	SRX20534367	SRS17842882	SRP440059	PRJNA976962	Proteiniborus sp. MB09-C3	MB09-C3	OXFORD_NANOPORE	MinION	2204839135.0	923629.0	WGS	GENOMIC	SINGLE	Complete genome sequence of Proteiniborus sp. MB09-C3
SRR12395257	SRX8893640	SRS7152662	SRP276100	PRJNA650381	Mycobacterium tuberculosis		OXFORD_NANOPORE	MinION	506993181.0	284596.0	WGS	GENOMIC	SINGLE	Nanopore TB WGS
ERR10498611	ERX10015900	ERS14255730	ERP142629	PRJEB57633	Escherichia coli		OXFORD_NANOPORE	GridION	21119439.0	8937.0	WGS	GENOMIC	SINGLE	Raw reads: ONT_30602_1#125
SRR24140401	SRX19938892	SRS17287601	SRP247747	PRJNA604975	Escherichia coli	ox_bsi_330	OXFORD_NANOPORE	GridION	193132563.0	126372.0	WGS	GENOMIC	SINGLE	oxford_bsi
SRR30896480	SRX26300089	SRS22828811	SRP536878	PRJNA1134622	Escherichia coli	OXEC-410	OXFORD_NANOPORE	MinION	428254542.0	152348.0	WGS	GENOMIC	SINGLE	OXEC-410
SRR21563365	SRX17565809	SRS14986987	SRP354045	PRJNA747871	Amycolatopsis sp. NBC_00348	NBC_00348	OXFORD_NANOPORE	MinION	269481925.0	41816.0	WGS	GENOMIC	SINGLE	nanopore sequencing data from strain NBC_00348
SRR34973580	SRX30092745	SRS26157736	SRP608514	PRJNA1305037	Serratia nevei	MI_KPC_703	OXFORD_NANOPORE	PromethION	350052420.0	71105.0	WGS	GENOMIC	SINGLE	KPC CRE collection from state of Michigan
SRR8769836	SRX5559900	SRS4523576	SRP042645	PRJNA248792	Salmonella enterica	S62	OXFORD_NANOPORE	MinION	160353359.0	87767.0	WGS	GENOMIC	SINGLE	mcr_project
SRR36797898	SRX31784450	SRS27747151	SRP661661	PRJNA1389824	Enterobacter ludwigii		OXFORD_NANOPORE	MinION	563786302.0	133056.0	WGS	GENOMIC	SINGLE	evolved microcosm clones
ERR10791291	ERX10240601	ERS2651965	ERP104475	PRJEB22771	Streptococcus pneumoniae		PACBIO_SMRT	Sequel II	3057596137.0	450721.0	WGS	GENOMIC	SINGLE	Sequel II sequencing
SRR10446113	SRX7140852	SRS5649003	SRP229944	PRJNA257882	Enterobacter cloacae	D4	PACBIO_SMRT	PacBio RS II	81329667.0	49993.0	WGS	GENOMIC	SINGLE	Enterobacter cloacae D4
SRR19843423	SRX15886965	SRS12114928	SRP361569	PRJNA768416	Bacillus sp. FSL K6-1366		OXFORD_NANOPORE	MinION	607168741.0	122517.0	WGS	GENOMIC	SINGLE	WGS of Bacilli
DRR401498	DRX387201	DRS253388	DRP005500	PRJDB8147	Escherichia coli	JNE102603	OXFORD_NANOPORE	MinION	862959552.0	84345.0	WGS	GENOMIC	SINGLE	MinION sequencing of SAMD00523013
SRR24139786	SRX19938619	SRS17287328	SRP247747	PRJNA604975	Escherichia coli	ox_bsi_527	OXFORD_NANOPORE	GridION	205139260.0	113220.0	WGS	GENOMIC	SINGLE	oxford_bsi
SRR32649611	SRX27953992	SRS24319897	SRP569572	PRJNA1234539	Variovorax paradoxus NBRC 15149	8a8	PACBIO_SMRT	Sequel II	96831786.0	7620.0	WGS	GENOMIC	SINGLE	Whole genome sequencing of Strain 8a8
SRR33768367	SRX28991109	SRS22397348	SRP444583	PRJNA962904	Escherichia coli		PACBIO_SMRT	Sequel II	369072539.0	18622.0	WGS	GENOMIC	SINGLE	PacBio sequencing of A152004HE2 for ARCH 2
SRR5860218	SRX3028895	SRS2377837	SRP113364	PRJNA311427	Acetivibrio thermocellus	LQRI	PACBIO_SMRT	PacBio RS II	422459299.0	120093.0	WGS	GENOMIC	SINGLE	Pelosinus fermentans R7
SRR30655739	SRX26075825	SRS22644065	SRP555365	PRJNA1206708	Acinetobacter baumannii	DSM30007_Rep4	OXFORD_NANOPORE	GridION	386944071.0	85124.0	WGS	GENOMIC	SINGLE	Nanopore reproducibility
SRR2120748	SRX1113191	SRS995423	SRP061308	PRJNA290306	Acinetobacter baumannii	XH859	PACBIO_SMRT	PacBio RS II	1920763880.0	163482.0	WGS	GENOMIC	SINGLE	Acinetobacter baumannii XH859 Genome sequencing (OXA-23)
ERR3789776	ERX3791832	ERS4212646	ERP119128	PRJEB36000	Klebsiella pneumoniae		PACBIO_SMRT	PacBio RS II	1629359693.0	211865.0	WGS	GENOMIC	SINGLE	PacBio RS II sequencing
SRR25516543	SRX21246906	SRS18501162	SRP453342	PRJNA1002226	Salmonella	SJTUF13270	PACBIO_SMRT	PacBio RS II	1309923785.0	65581.0	WGS	GENOMIC	SINGLE	WGS of Salmonella Typhimurium
SRR21814027	SRX17803401	SRS15327667	SRP401108	PRJNA269483	Xanthomonas oryzae pv. oryzae	IXO792	OXFORD_NANOPORE	MinION	5393373146.0	570412.0	WGS	GENOMIC	SINGLE	Complete genome sequence of Xanthomonas oryzae pv. oryzae IXO792
SRR8489317	SRX5293904	SRS2224655	SRP018785	PRJNA186035	Salmonella bongori serovar [1],40:z35:-	CFSAN001045	PACBIO_SMRT	Sequel	1384636518.0	193143.0	WGS	GENOMIC	SINGLE	Whole genome PacBio Sequel sequence of Salmonella bongori
SRR16563840	SRX12765870	SRS10712865	SRP343032	PRJNA772095	Propionibacterium freudenreichii	TL110	PACBIO_SMRT	PacBio RS II	143045080.0	163482.0	WGS	GENOMIC	SINGLE	SMRT_TL110
SRR12299127	SRX8802086	SRS6792065	SRP266402	PRJNA605147	Klebsiella aerogenes	RHBSTW-00898	OXFORD_NANOPORE	GridION	1597056142.0	294242.0	WGS	GENOMIC	SINGLE	OXFORD_NANOPORE sequencing of Klebsiella aerogenes isolate WTP1|T3-00898 cultured from WTP influent sample
SRR17662734	SRX13830716	SRS11709370	SRP355806	PRJNA783264	Enterococcus hirae	697	OXFORD_NANOPORE	MinION	500000795.0	23577.0	WGS	GENOMIC	SINGLE	Long read sequencing of Enterococcus hirae 697
SRR35148191	SRX30253822	SRS12559698	SRP369021	PRJNA696078	Kibdelosporangium banguiense	DSM 46670	PACBIO_SMRT	Sequel II	523812558.0	67089.0	WGS	GENOMIC	SINGLE	Kibdelosporangium banguiense DSM 46670
ERR964414	ERX1041378	ERS712538	ERP009820	PRJEB8783	Mycobacterium tuberculosis		PACBIO_SMRT	PacBio RS	1897180146.0	163482.0	WGS	GENOMIC	SINGLE	PacBio RS sequencing
ERR12448427	ERX11824849	ERS17728760	ERP156572	PRJEB71788	Listeria monocytogenes		OXFORD_NANOPORE	GridION	834408502.0	74266.0	WGS	GENOMIC	SINGLE	Raw reads: ListPred_1427
ERR16064422	ERX15454604	ERS28397557	ERP173262	PRJEB90249	Acinetobacter pittii		OXFORD_NANOPORE	GridION	141885896.0	24429.0	WGS	GENOMIC	SINGLE	GridION sequencing
ERR768070	ERX711343	ERS639454	ERP005928	PRJEB6403	Haemophilus influenzae	NCTC12194	PACBIO_SMRT	PacBio RS	807168859.0	163482.0	WGS	GENOMIC	SINGLE	PacBio RS sequencing
SRR28445613	SRX24049062	SRS20840578	SRP497734	PRJNA1077798	Alteromonas gracilis	J4	OXFORD_NANOPORE	MinION	2789430.0	1000.0	WGS	GENOMIC	SINGLE	Alteromonas gracilis strain J4, whole genome Nanopore Sequencing
SRR287756	SRX078303	SRS212389	SRP007207	PRJNA68253	Escherichia coli		PACBIO_SMRT	PacBio RS	61527358.0	81741.0	WGS	GENOMIC	SINGLE	Whole Genome Sequencing for C760-09
ERR1254184	ERX1325793	ERS970065	ERP005928	PRJEB6403	Bartonella quintana	NCTC12899	PACBIO_SMRT	PacBio RS	3777967487.0	163482.0	WGS	GENOMIC	SINGLE	PacBio RS sequencing
ERR1857496	ERX1919179	ERS1497499	ERP005928	PRJEB6403	Legionella birminghamensis	NCTC12437	PACBIO_SMRT	PacBio RS	642096521.0	163482.0	WGS	GENOMIC	SINGLE	PacBio RS sequencing
SRR5181877	SRX2497986	SRS1924839	SRP096895	PRJNA353873	Mycobacterium tuberculosis		PACBIO_SMRT	PacBio RS	241215907.0	163482.0	WGS	GENOMIC	SINGLE	DNA of Mtb
ERR10791333	ERX10240643	ERS2650867	ERP104475	PRJEB22771	Streptococcus pneumoniae		PACBIO_SMRT	Sequel II	586631835.0	90516.0	WGS	GENOMIC	SINGLE	Sequel II sequencing
SRR22890841	SRX18848657	SRS16280025	SRP414793	PRJNA871981	plant metagenome		PACBIO_SMRT	Sequel	21622388.0	14390.0	WGS	GENOMIC	SINGLE	Microbial diversity of alfalfa
SRR21755520	SRX17750871	SRS15279123	SRP400265	PRJNA884375	Agrobacterium divergens	LMG 31531	OXFORD_NANOPORE	MinION	1367616861.0	137079.0	WGS	GENOMIC	SINGLE	Whole genome sequencing of Agrobacterium divergens LMG 31531 (R-31762)
SRR34180267	SRX29360481	SRS25530791	SRP594568	PRJNA1281689	Neisseria gonorrhoeae	AM370	OXFORD_NANOPORE	MinION	289607822.0	61330.0	WGS	GENOMIC	SINGLE	Genome sequence of Neisseria gonorrhoeae mutant strain GCGS0481 gyrA91S95D
SRR30868132	SRX26265683	SRS20686620	SRP250705	PRJNA607328	Komagataella pastoris	X-33 (Thermo)	OXFORD_NANOPORE	MinION	3749372410.0	584691.0	WGS	GENOMIC	SINGLE	Pichia pastoris FELIX_MS42 Nanopore reads
DRR572496	DRX555963	DRS426411	DRP012251	PRJDB17574	Escherichia coli	YK-IS1MA-L11-4_G08	OXFORD_NANOPORE	MinION	13828.0	17.0	WGS	GENOMIC	SINGLE	nanopore-seq of SAMD00748228 L11-4_G8
SRR15075445	SRX11385484	SRS9430168	SRP040661	PRJNA231221	Enterobacter cancerogenus	FDAARGOS 1428	PACBIO_SMRT	Sequel II	1471106341.0	143286.0	WGS	GENOMIC	SINGLE	
DRR161249	DRX151874	DRS115432	DRP005652	PRJDB7717	Mycolicibacterium tokaiense	JCM 6373	OXFORD_NANOPORE	MinION	550415948.0	98424.0	WGS	GENOMIC	SINGLE	MinION single end sequencing of SAMD00153164
SRR30085196	SRX25558647	SRS22210755	SRP523632	PRJNA1142676	Klebsiella variicola	kv220118_barcode35	OXFORD_NANOPORE	MinION	417267373.0	65450.0	WGS	GENOMIC	SINGLE	Klebsiella variicola strain kv220118_barcode35
SRR10741802	SRX7417286	SRS909609	SRP018785	PRJNA186035	Salmonella enterica subsp. enterica serovar Inverness	CFSAN029879	PACBIO_SMRT	Sequel	95651124.0	19179.0	WGS	GENOMIC	SINGLE	Whole genome PacBio Sequel sequence of Salmonella enterica
ERR13600356	ERX12971379	SRS13154053	SRP376797	PRJNA835677	Klebsiella pneumoniae	Kpn219	OXFORD_NANOPORE	GridION	195160681.0	13771.0	WGS	GENOMIC	SINGLE	GridION sequencing
SRR21362368	SRX17368085	SRS13526164	SRP361569	PRJNA768416	Aeribacillus sp. FSL M8-0235	FSL M8-0235	OXFORD_NANOPORE	MinION	322111492.0	159635.0	WGS	GENOMIC	SINGLE	WGS of Bacilli
SRR3723718	SRX1881201	SRS1527861	SRP077386	PRJNA234862	Kitasatospora azatica KCTC 9699	KCTC 9699	PACBIO_SMRT	PacBio RS	155519742.0	87416.0	WGS	GENOMIC	SINGLE	Kitasatospora azatica KCTC 9699
ERR4910139	ERX4776963	ERS4556737	ERP121699	PRJEB38289	Klebsiella pneumoniae		PACBIO_SMRT	PacBio RS	400329248.0	54494.0	WGS	GENOMIC	SINGLE	PacBio RS sequencing
ERR16064596	ERX15454778	ERS28397731	ERP173262	PRJEB90249	Pseudomonas aeruginosa		OXFORD_NANOPORE	GridION	584178227.0	87563.0	WGS	GENOMIC	SINGLE	GridION sequencing
SRR15342203	SRX11646430	SRS9679576	SRP331089	PRJNA561159	Agrobacterium tumefaciens	Gle001	OXFORD_NANOPORE	GridION	1056360781.0	108717.0	WGS	GENOMIC	SINGLE	Nanopore reads of A. tumefaciens
SRR32655851	SRX27959938	SRS24326319	SRP569671	PRJNA912210	Prochlorococcus marinus subsp. pastoris str. CCMP1986	MED4x	PACBIO_SMRT	Sequel	106273507.0	16129.0	WGS	GENOMIC	SINGLE	PacBio HiFi data of Prochlorococcus marinus subsp. pastoris str. CCMP1986
SRR26465540	SRX22169418	SRS19227311	SRP467862	PRJNA1000275	Salmonella enterica subsp. enterica serovar Typhimurium	2010C02-187	OXFORD_NANOPORE	MinION	1261326051.0	173512.0	WGS	GENOMIC	SINGLE	VP37
ERR10496816	ERX10014135	ERS14249046	ERP142629	PRJEB57633	Escherichia coli		OXFORD_NANOPORE	GridION	93818833.0	15524.0	WGS	GENOMIC	SINGLE	Raw reads: ONT_30602_2#308
SRR5061764	SRX2368864	SRS1814648	SRP093780	PRJNA354470	Mariprofundus aestuarium	CP-5	PACBIO_SMRT	PacBio RS II	2631114563.0	163482.0	WGS	GENOMIC	SINGLE	Mariprofundus sp. strain CP-5 Raw PacBio reads
SRR16962381	SRX13153901	SRS11085879	SRP346490	PRJNA779451	Pseudomonas atacamensis	B21-050	PACBIO_SMRT	Sequel	1412273399.0	217640.0	WGS	GENOMIC	SINGLE	B21-050 PacBio sequencing reads
SRR29675669	SRX25179093	SRS20798065	SRP496639	PRJNA1090044	Staphylococcus aureus	TUM22698	OXFORD_NANOPORE	MinION	711915343.0	426731.0	WGS	GENOMIC	SINGLE	WGS using ONT of Staphylococcus aureus TUM22698
SRR18291902	SRX14429600	SRS9294403	SRP325975	PRJNA741123	Pseudomonas aeruginosa	17	OXFORD_NANOPORE	MinION	630006564.0	40730.0	WGS	GENOMIC	SINGLE	Hospital Microbiome Isolates ONT
SRR7637788	SRX4501329	SRS3622097	SRP156143	PRJNA449717	Helicobacter saguini	15-1458 (F3)	PACBIO_SMRT	PacBio RS II	410419991.0	116602.0	WGS	GENOMIC	SINGLE	WGS of H. saguini 15-1458 (F3)
SRR24062762	SRX19864113	SRS17220135	SRP430807	PRJNA952137	Staphylococcus aureus	MRSA-ATCC43300	OXFORD_NANOPORE	MinION	272114688.0	60850.0	WGS	GENOMIC	SINGLE	Long read Illumina sequencing of Staphylococcus aureus MRSA-ATCC43300
SRR21696444	SRX17693821	SRS11554527	SRP354045	PRJNA747871	Streptomyces albidoflavus	NBC_01270	OXFORD_NANOPORE	MinION	65034931.0	9083.0	WGS	GENOMIC	SINGLE	nanopore sequencing data from strain NBC_01270
SRR30040134	SRX25514842	SRS21840222	SRP516844	PRJNA1129555	Xanthomonas	NCPPB 3570	OXFORD_NANOPORE	PromethION	335105345.0	55746.0	WGS	GENOMIC	SINGLE	Genome sequencing of NCPPB 3570
ERR1456763	ERX1527241	ERS1091587	ERP014567	PRJEB13029	Salmonella enterica		PACBIO_SMRT	PacBio RS	1330485235.0	163482.0	WGS	GENOMIC	SINGLE	PacBio RS sequencing
SRR11747670	SRX8301006	SRS6619080	SRP260949	PRJNA607129	Campylobacter concisus	H16O-S1	OXFORD_NANOPORE	MinION	281377637.0	95445.0	WGS	GENOMIC	SINGLE	Nanopore sequence of Campylobacter concisus
SRR12395445	SRX8893452	SRS7152474	SRP276100	PRJNA650381	Mycobacterium tuberculosis		OXFORD_NANOPORE	MinION	430148981.0	341250.0	WGS	GENOMIC	SINGLE	Nanopore TB WGS
SRR32051729	SRX27400791	SRS23831950	SRP558490	PRJNA1211957	Azospira sp. APE16	APE16	PACBIO_SMRT	Sequel	426822272.0	46980.0	WGS	GENOMIC	SINGLE	WGS of Azospira sp.
SRR16249310	SRX12529059	SRS10489310	SRP040661	PRJNA231221	Clostridium sporogenes	FDAARGOS_1491	PACBIO_SMRT	Sequel	2641907637.0	385689.0	WGS	GENOMIC	SINGLE	
SRR28434419	SRX24038622	SRS20831700	SRP497546	PRJNA1091452	Staphylococcus aureus	SA68-PS	OXFORD_NANOPORE	MinION	1112586955.0	146950.0	WGS	GENOMIC	SINGLE	ONT performance study sequencing of S. aureus
SRR30949520	SRX26351964	SRS22817157	SRP536567	PRJNA1165464	Escherichia coli	Not applicable	OXFORD_NANOPORE	MinION	616904456.0	180346.0	WGS	GENOMIC	SINGLE	Nanopore sequencing of E.coli: blood isolate
SRR26412754	SRX22118076	SRS10214093	SRP074197	PRJNA288601	Pseudomonas aeruginosa	2021CK-01381	OXFORD_NANOPORE	GridION	797059424.0	91781.0	WGS	GENOMIC	SINGLE	Nanopore sequencing of ARLN isolate
ERR9843319	ERX9389116	ERS2652402	ERP104475	PRJEB22771	Streptococcus pneumoniae		PACBIO_SMRT	Sequel II	3553683863.0	475436.0	WGS	GENOMIC	SINGLE	Sequel II sequencing
SRR21655552	SRX17655534	SRS15187903	SRP398348	PRJNA882601	Enterobacter roggenkampii	not applicable	OXFORD_NANOPORE	MinION	492984410.0	60855.0	WGS	GENOMIC	SINGLE	DNA-Seq of Enterobacter roggenkampii: rectal swab
ERR5191788	ERX4996633	ERS4842929	ERP122590	PRJEB39112	Klebsiella pneumoniae		OXFORD_NANOPORE	MinION	595789626.0	147470.0	WGS	GENOMIC	SINGLE	MinION sequencing
SRR13313400	SRX9741294	SRS7929366	SRP298364	PRJNA683658	Salmonella enterica subsp. enterica serovar Heidelberg	SH-2813-Ancestor	PACBIO_SMRT	Sequel II	1034007140.0	164292.0	WGS	GENOMIC	SINGLE	Whole genome sequencing of Salmonella enterica Heidelberg isolated from chicken carcass rinsate
SRR25241518	SRX20987793	SRS12559729	SRP369036	PRJNA695775	Microbacterium esteraromaticum	DSM 8609	PACBIO_SMRT	Sequel IIe	132160737.0	25153.0	WGS	GENOMIC	SINGLE	Microbacterium esteraromaticum DSM 8609
SRR498081	SRX148634	SRS281882	SRP013241	PRJNA73829	Vibrio cholerae		PACBIO_SMRT	PacBio RS	1157054.0	2452.0	WGS	GENOMIC	SINGLE	
SRR15989195	SRX12277672	SRS9998538	SRP357534	PRJNA801415	Citrobacter freundii	-	OXFORD_NANOPORE	GridION	152849940.0	38633.0	WGS	GENOMIC	SINGLE	Whole Genome Sequencing of Carbapenemase-producing Enterobacterales (CPE)
SRR23145498	SRX19096325	SRS16511577	SRP200910	PRJNA548006	Acinetobacter baumannii	37662RM2d21	OXFORD_NANOPORE	MinION			WGS	GENOMIC	SINGLE	Nanopore sequencing of genome of 37662RM2 A. baumannii strain cultured in medium without carbapenme for 21 days
ERR10367340	ERX9899271	ERS710820	SRP272326	PRJNA646837	Klebsiella pneumoniae	INF032	OXFORD_NANOPORE	MinION	1566508714.0	108042.0	WGS	GENOMIC	SINGLE	MinION sequencing
SRR11867856	SRX8418132	SRS6729760	SRP265117	PRJNA635644	Escherichia coli	O25:H4/H53/H55/H17	OXFORD_NANOPORE	MinION	389830617.0	94521.0	WGS	GENOMIC	SINGLE	Nanopore WGS of Malawi ExPEC 48
DRR572568	DRX556035	DRS426435	DRP012251	PRJDB17574	Escherichia coli	YK-IS1MA-L06-4_G20	OXFORD_NANOPORE	MinION	180639929.0	14800.0	WGS	GENOMIC	SINGLE	nanopore-seq of SAMD00748252 L06-4_G20
SRR34699560	SRX29834860	SRS25898692	SRP602616	PRJNA1294593	Salmonella enterica subsp. enterica serovar Typhimurium var. monophasic	22-SA00427-0	OXFORD_NANOPORE	MinION	301212405.0	31244.0	WGS	GENOMIC	SINGLE	WGS of Salmonella enterica subsp. enterica isolate 22-SA00427-0 using ONT technology
ERR1254198	ERX1325807	ERS945408	ERP010683	PRJEB9562	Salmonella sp.		PACBIO_SMRT	PacBio RS	1741386343.0	163482.0	WGS	GENOMIC	SINGLE	PacBio RS sequencing
ERR10854450	ERX10299217	ERS7761514	ERP109413	PRJEB27342	Klebsiella oxytoca		PACBIO_SMRT	Sequel II	7458710593.0	2213822.0	WGS	GENOMIC	SINGLE	Sequel II sequencing
SRR707864	SRX228367	SRS411273	SRP022777	PRJNA82541	Enterococcus columbae DSM 7374 = ATCC 51263	ATCC 51263	PACBIO_SMRT	PacBio RS	133741381.0	81741.0	WGS	GENOMIC	SINGLE	Pacbio whole genome shotgun sequencing of genomic DNA library 'LR_116_Ecolumbae' containing sample 'ATCC51263' from individual 'Enterococcus_columbae_ATCC51263'
ERR1193278	ERX1266662	ERS879566	ERP005928	PRJEB6403	Streptococcus pyogenes	NCTC8231	PACBIO_SMRT	PacBio RS	2588526287.0	163482.0	WGS	GENOMIC	SINGLE	PacBio RS sequencing
SRR35850912	SRX30900342	SRS26900678	SRP636871	PRJNA1334387	Cytobacillus sp. ABV4_503	ABV4_503	OXFORD_NANOPORE	GridION	2847209878.0	557393.0	WGS	GENOMIC	SINGLE	WGS of Cytobacillus sp017303275: Marine biofilm
SRR24462680	SRX20249527	SRS17582413	SRP436364	PRJNA970070	Vibrio cholerae	M809	OXFORD_NANOPORE	GridION	372563859.0	127133.0	WGS	GENOMIC	SINGLE	Genomic evidence of the transmissions in early seventh cholera pandemic
ERR2528527	ERX2547408	ERS515513	ERP107863	PRJEB25895	Escherichia coli		PACBIO_SMRT	PacBio RS	304204253.0	163482.0	WGS	GENOMIC	SINGLE	PacBio RS sequencing
DRR495226	DRX479400	DRS320257	DRP010421	PRJDB16288	Neisseria meningitidis	Neisseria meningitidis strain NIID835	OXFORD_NANOPORE	MinION	59821624.0	5597.0	WGS	GENOMIC	SINGLE	MinION sequencing of SAMD00633260
SRR22859965	SRX18818618	SRS16251856	SRP414408	PRJNA914892	Staphylococcus aureus	C319	OXFORD_NANOPORE	MinION	220876179.0	56798.0	WGS	GENOMIC	SINGLE	Long read ONT WGS of Staphylococcus aureus isolates from Chronic Rhinosinusitis Patients
ERR4763151	ERX4636204	ERS5247870	ERP124695	PRJEB40976	Enterococcus faecalis		OXFORD_NANOPORE	GridION	256637672.0	21726.0	WGS	GENOMIC	SINGLE	GridION sequencing; Raw reads: 28157_4#168
SRR901704	SRX306480	SRS445426	SRP026065	PRJNA203575	Mycobacterium avium MAV_120809_2495	MAV_120809_2495	PACBIO_SMRT	PacBio RS	352580936.0	81741.0	WGS	GENOMIC	SINGLE	
SRR36797819	SRX31784529	SRS27747230	SRP661661	PRJNA1389824	Enterobacter ludwigii		OXFORD_NANOPORE	MinION	150522360.0	32274.0	WGS	GENOMIC	SINGLE	evolved microcosm clones
SRR389243	SRX032453	SRS140102	SRP004712	PRJNA61297	Vibrio cholerae O1 biovar El Tor		PACBIO_SMRT	PacBio RS	12679611.0	60667.0	WGS	GENOMIC	SINGLE	Sequencing for M4 (Bangladesh, 2008)
SRR10211230	SRX6931014	SRS5461309	SRP191068	PRJNA528511	Escherichia coli	GTEN_306	OXFORD_NANOPORE	GridION	796047109.0	375673.0	WGS	GENOMIC	SINGLE	Global TravEpiNet AMR surveillance Genome sequencing and assembly
SRR35392651	SRX30475347	SRS26434175	SRP500352	PRJNA1097666	Klebsiella pneumoniae	20AR0882	OXFORD_NANOPORE	GridION	238292651.0	16495.0	WGS	GENOMIC	SINGLE	Klebsiella pneumoniae strain 20AR0882
SRR13269103	SRX9699354	SRS7895470	SRP272861	PRJNA646575	Bacteroides fragilis		OXFORD_NANOPORE	GridION	795252371.0	183336.0	WGS	GENOMIC	SINGLE	WGS  of Bacteroides fragilis group clinical isolates
DRR206391	DRX196784	DRS217718	DRP008011	PRJDB9236	Bacillus cereus	MRY14-0079	OXFORD_NANOPORE	MinION	1303662562.0	229528.0	WGS	GENOMIC	SINGLE	MinION sequencing of SAMD00203327
ERR10357033	ERX9889149	ERS7159881	ERP109413	PRJEB27342	Klebsiella pneumoniae		PACBIO_SMRT	Sequel II	136489831.0	20514.0	WGS	GENOMIC	SINGLE	Sequel II sequencing
SRR24058021	SRX19859364	SRS17216890	SRP430721	PRJNA924083	Helicobacter pylori	BS28-2	OXFORD_NANOPORE	MinION	1762518189.0	11299197.0	WGS	GENOMIC	SINGLE	BS28-2
DRR594369	DRX574916	DRS566195	DRP015300	PRJDB18582	Campylobacter jejuni subsp. jejuni	NADC5096	PACBIO_SMRT	Sequel II	343789975.0	65460.0	WGS	GENOMIC	SINGLE	Sequel II sequencing of SAMD00817466
ERR15516509	ERX14920355	ERS10539824	ERP135408	PRJEB50806	Escherichia coli		OXFORD_NANOPORE	GridION	460371349.0	232873.0	WGS	GENOMIC	SINGLE	GridION sequencing
SRR10096478	SRX6828646	SRS5361180	SRP161673	PRJNA292663	Escherichia coli	CVM N62675	PACBIO_SMRT	Sequel	3082177612.0	746253.0	WGS	GENOMIC	SINGLE	Quinolone resistant E.coli
ERR10498704	ERX10015993	ERS14255848	ERP142629	PRJEB57633	Escherichia coli		OXFORD_NANOPORE	GridION	83966089.0	24859.0	WGS	GENOMIC	SINGLE	Raw reads: ONT_30602_1#276
SRR31598799	SRX26963687	SRS23433398	SRP549287	PRJNA1185485	Escherichia coli	463	OXFORD_NANOPORE	PromethION	546224794.0	120867.0	WGS	GENOMIC	SINGLE	R4R-barcode08
ERR10938981	ERX10378290	ERS14690206	ERP143848	PRJEB58776	Legionella pneumophila		OXFORD_NANOPORE	GridION	263797738.0	10039.0	WGS	GENOMIC	SINGLE	GridION sequencing
SRR30149227	SRX25617406	SRS21937587	SRP518730	PRJNA1133668	Klebsiella pneumoniae	ST258KP210	OXFORD_NANOPORE	MinION	298072496.0	44893.0	WGS	GENOMIC	SINGLE	Nanopore sequencing of clinical CRE isolates: human
DRR572666	DRX556133	DRS426446	DRP012251	PRJDB17574	Escherichia coli	YK-IS1MA-L09-3_G20	OXFORD_NANOPORE	MinION	16412222.0	1613.0	WGS	GENOMIC	SINGLE	nanopore-seq of SAMD00748263 L09-3_G20
SRR34777721	SRX29911084	SRS26009977	SRP604596	PRJNA1298287	Pseudomonas plecoglossicida	MMRG2	OXFORD_NANOPORE	MinION	179012913.0	153738.0	WGS	GENOMIC	SINGLE	WGS of antibiotic resistant rhizosphere isolates
ERR10769142	ERX10220036	ERS2785544	ERP104475	PRJEB22771	Streptococcus pneumoniae		PACBIO_SMRT	Sequel II	3072060956.0	443129.0	WGS	GENOMIC	SINGLE	Sequel II sequencing
ERR3500077	ERX3521330	ERS2630969	ERP017350	PRJEB15537	Streptococcus pneumoniae		PACBIO_SMRT	Sequel	5307647.0	2787.0	WGS	GENOMIC	SINGLE	Sequel sequencing
SRR29316763	SRX24833380	SRS21545211	SRP512379	PRJNA1121190	Vibrio cholerae	101Vc08	OXFORD_NANOPORE	PromethION	258438808.0	89307.0	WGS	GENOMIC	SINGLE	WGS of Vcholerae isolates
SRR21416005	SRX17420483	SRS13526132	SRP361569	PRJNA768416	Geobacillus sp. FSL K6-0789	FSL K6-0789	OXFORD_NANOPORE	MinION	858940316.0	184117.0	WGS	GENOMIC	SINGLE	WGS of Bacilli
ERR13594494	ERX12965363	ERS18629901	ERP158153	PRJEB73354	Escherichia coli		OXFORD_NANOPORE	MinION	1829763652.0	1124954.0	WGS	GENOMIC	SINGLE	MinION sequencing
SRR32991838	SRX28258107	SRS24604770	SRP550997	PRJNA1187877	Lactiplantibacillus plantarum	Lactiplantibacillus plantarum #40	OXFORD_NANOPORE	GridION	1757562999.0	614927.0	WGS	GENOMIC	SINGLE	Lactiplantibacillus plantarum_#40
ERR12488155	ERX11864238	ERS17745161	ERP153004	PRJEB67993	Mycobacterium tuberculosis		OXFORD_NANOPORE	MinION	272081598.0	67077.0	WGS	GENOMIC	SINGLE	MinION sequencing
SRR32653543	SRX27957862	SRS949745	SRP569638	PRJNA1234602	Listeria monocytogenes	PNUSAL001113	OXFORD_NANOPORE	PromethION	488141718.0	65028.0	WGS	GENOMIC	SINGLE	ONT of clinical Listeria monocytogenes from NY state surveillance
SRR21696622	SRX17694161	SRS14987049	SRP354045	PRJNA747871	Streptomyces canus	NBC_00788	OXFORD_NANOPORE	MinION	881195815.0	106990.0	WGS	GENOMIC	SINGLE	nanopore sequencing data from strain NBC_00788
SRR10045196	SRX6779801	SRS5326731	SRP219398	PRJNA561565	Escherichia albertii	RM15111	PACBIO_SMRT	PacBio RS II	2030343292.0	163482.0	WGS	GENOMIC	SINGLE	Complete genome sequences of RM15111
SRR27972419	SRX23626034	SRS20465798	SRP489819	PRJNA1076692	Pseudomonas aeruginosa	RIVM_C055452_dorado	OXFORD_NANOPORE	MinION	113478459.0	71602.0	WGS	GENOMIC	SINGLE	RIVM_C055452_dorado
SRR13449090	SRX9862280	SRS8042175	SRP295672	PRJNA681856	Salmonella enterica subsp. salamae	LHICA_SA3	OXFORD_NANOPORE	MinION	30963668.0	4000.0	WGS	GENOMIC	SINGLE	WGS of Salmonella Lhica SA3_55
ERR10676351	ERX10144115	ERS14333450	ERP143248	PRJEB58185	Campylobacter jejuni		OXFORD_NANOPORE	MinION	265846812.0	441606.0	WGS	GENOMIC	PAIRED	MinION paired end sequencing
DRR572273	DRX555740	DRS426440	DRP012251	PRJDB17574	Escherichia coli	YK-IS1MA-L08-1_G20	OXFORD_NANOPORE	MinION	219593.0	46.0	WGS	GENOMIC	SINGLE	nanopore-seq of SAMD00748257 L08-1_G20
ERR10420065	ERX9948538	ERS6794991	ERP109413	PRJEB27342	Klebsiella michiganensis		PACBIO_SMRT	Sequel II	5419292986.0	882268.0	WGS	GENOMIC	SINGLE	Sequel II sequencing
SRR34878342	SRX30009201	SRS26084414	SRP606896	PRJNA1283264	Escherichia coli	FCI59	OXFORD_NANOPORE	MinION	562006420.0	169507.0	WGS	GENOMIC	SINGLE	FCI59 whole genome shotgun sequencing (e_coli_2022_9_30_51)
SRR12492391	SRX8984007	SRS7238335	SRP051949	PRJNA271899	Citrobacter freundii	MGH281	OXFORD_NANOPORE	GridION	698456226.0	191932.0	WGS	GENOMIC	SINGLE	Sequencing of Carbapenem resistant bacteria
SRR385979	SRX109795	SRS001120	SRP000361	PRJNA32935	Enterococcus casseliflavus EC20	899205	PACBIO_SMRT	PacBio RS	122432106.0	81741.0	WGS	GENOMIC	SINGLE	Whole Genome Sequencing and Assembly
DRR472232	DRX456461	DRS239043	DRP008516	PRJDB12179	Streptococcus dysgalactiae subsp. equisimilis	KUSD015	OXFORD_NANOPORE	MinION	600725655.0	167137.0	WGS	GENOMIC	SINGLE	MinION sequencing of SAMD00466515
SRR12298509	SRX8801558	SRS6792440	SRP266402	PRJNA605147	Klebsiella michiganensis	RHB20-C01	OXFORD_NANOPORE	GridION	430265933.0	100470.0	WGS	GENOMIC	SINGLE	OXFORD_NANOPORE sequencing of Klebsiella oxytoca isolate RH10|T2-C01 cultured from Cattle faeces sample
SRR29859757	SRX25357212	SRS22024181	SRP520492	PRJNA1134078	Klebsiella pneumoniae	STS33-E	OXFORD_NANOPORE	MinION	148112979.0	32000.0	WGS	GENOMIC	SINGLE	Long read sequencing of Klebsiella pneumoniae STS33-E
SRR1923053	SRX963263	SRS403322	SRP019923	PRJNA78389	Salmonella enterica subsp. enterica serovar Hadar str. ATCC 51956	ATCC 51956	PACBIO_SMRT	PacBio RS II	834805242.0	163482.0	WGS	GENOMIC	SINGLE	Whole genome shotgun sequencing of Salmonella enterica subsp. enterica serovar Hadar str. ATCC 51956 by Pacific Biosciences SMRT
SRR498072	SRX148634	SRS281882	SRP013241	PRJNA73829	Vibrio cholerae		PACBIO_SMRT	PacBio RS	1003454.0	2239.0	WGS	GENOMIC	SINGLE	
SRR15140890	SRX11448595	SRS9488523	SRP295672	PRJNA681856	Salmonella enterica subsp. arizonae	LHICA_AZ23	OXFORD_NANOPORE	MinION	26617005.0	4000.0	WGS	GENOMIC	SINGLE	Salmonella AZ23
SRR21630299	SRX17630920	SRS14987148	SRP354045	PRJNA747871	Micromonospora zamorensis	NBC_00469	OXFORD_NANOPORE	MinION	498758721.0	66609.0	WGS	GENOMIC	SINGLE	nanopore sequencing data from strain NBC_00469
DRR482557	DRX466783	DRS312779	DRP010188	PRJDB15932	Campylobacter jejuni	BCH-10632	OXFORD_NANOPORE	MinION	88656800.0	15878.0	WGS	GENOMIC	SINGLE	SSUB025744: Campylobacter jejuni BCH-10632
SRR24139840	SRX19938565	SRS17287274	SRP247747	PRJNA604975	Escherichia coli	ox_bsi_251	OXFORD_NANOPORE	GridION	68040557.0	31560.0	WGS	GENOMIC	SINGLE	oxford_bsi
SRR31990269	SRX27345204	SRS20831708	SRP497546	PRJNA1091452	Klebsiella pneumoniae	KP04-PS	OXFORD_NANOPORE	MinION	314252327.0	318215.0	WGS	GENOMIC	SINGLE	native ONT data from Klebsiella pneumoniae
ERR10499282	ERX10016568	ERS14255825	ERP142629	PRJEB57633	Escherichia coli		OXFORD_NANOPORE	GridION	53183591.0	16098.0	WGS	GENOMIC	SINGLE	Raw reads: ONT_31663_7#13
ERR15094725	ERX14499327	ERS24813588	ERP119900	PRJEB36683	Klebsiella pneumoniae 11227-1		OXFORD_NANOPORE	PromethION	1090441648.0	295470.0	WGS	GENOMIC	SINGLE	Raw reads: HKPB206_L
ERR10497990	ERX10015279	ERS14254647	ERP142629	PRJEB57633	Escherichia coli		OXFORD_NANOPORE	GridION	61529966.0	9856.0	WGS	GENOMIC	SINGLE	Raw reads: ONT_30348_1#21
ERR11030200	ERX10466134	ERS14796098	ERP145810	PRJEB60752	Escherichia coli		OXFORD_NANOPORE	MinION	7381001280.0	784907.0	WGS	GENOMIC	SINGLE	Raw reads: N16-02304_[Oxford_Nanopore]
SRR15271129	SRX11576163	SRS5369311	SRP221243	PRJNA497126	Klebsiella pneumoniae	KP_160	OXFORD_NANOPORE	MinION	333930368.0	36575.0	WGS	GENOMIC	SINGLE	WGS of bacterial isolate
ERR10497880	ERX10015169	ERS14254811	ERP142629	PRJEB57633	Escherichia coli		OXFORD_NANOPORE	GridION	88263012.0	13059.0	WGS	GENOMIC	SINGLE	Raw reads: ONT_30224_1#68
SRR24289049	SRX20084513	SRS17416973	SRP434206	PRJNA957546	Pseudomonas sp. Ap32	Ap32	OXFORD_NANOPORE	GridION	8122657.0	4000.0	WGS	GENOMIC	SINGLE	Genome sequencing of Pseudomonas apalachicolensis
SRR28067231	SRX23716786	SRS20547382	SRP491356	PRJNA1079714	Klebsiella pneumoniae	missing	PACBIO_SMRT	Sequel	845787246.0	100325.0	WGS	GENOMIC	PAIRED	WGS of Klebsiella spp. in South Korea
ERR14686208	ERX14087727	ERS23773347	ERP169826	PRJEB86481	Escherichia coli str. K-12 substr. MG1655	K-12	OXFORD_NANOPORE	MinION	192578396.0	81049.0	WGS	GENOMIC	SINGLE	MinION sequencing
SRR33320308	SRX28564772	SRS24220569	SRP074197	PRJNA288601	Klebsiella pneumoniae		OXFORD_NANOPORE	GridION	1126708635.0	91649.0	WGS	GENOMIC	SINGLE	Nanopore sequencing of ARLN isolate
SRR4156290	SRX2132113	SRS1669297	SRP085652	PRJNA303384	Bacillus sp. es.034	es.034	PACBIO_SMRT	PacBio RS	237748836.0	76085.0	WGS	GENOMIC	SINGLE	Bacillus sp. ES.034
DRR197040	DRX187457	DRS174786	DRP004189	PRJDB5929	Klebsiella pneumoniae	C005	PACBIO_SMRT	PacBio RS II	1034232396.0	113936.0	WGS	GENOMIC	SINGLE	PacBio RS II sequencing of SAMD00108763
DRR404006	DRX389616	DRS313046	DRP010192	PRJDB14332	Clostridium tetani	NIID-072000-002	PACBIO_SMRT	Sequel	418726889.0	148087.0	WGS	GENOMIC	SINGLE	Sequel sequencing of SAMD00534443
SRR22784445	SRX18744433	SRS16179675	SRP413484	PRJNA912639	Escherichia coli	EC_A_0012_C1_H_CuP_CeN	OXFORD_NANOPORE	MinION	1160641872.0	190388.0	WGS	GENOMIC	SINGLE	WGS of Escherichia coli
ERR15396644	ERX14800358	ERS25423805	ERP175304	PRJEB92425	Escherichia coli		PACBIO_SMRT	Sequel	1497148668.0	332574.0	WGS	GENOMIC	SINGLE	Sequel sequencing
SRR28063678	SRX23713299	SRS20528658	SRP490965	PRJNA1079198	Salmonella enterica subsp. enterica serovar Infantis	11-04102-0	OXFORD_NANOPORE	MinION	109114290.0	15029.0	WGS	GENOMIC	SINGLE	WGS of Salmonella enterica subsp. enterica serovar Infantis isolate 11-04102-0 using ONT technology
ERR2503149	ERX2522392	ERS1943163	ERP005928	PRJEB6403	Flavobacterium hibernum	NCTC13514	PACBIO_SMRT	PacBio RS	2100553731.0	163482.0	WGS	GENOMIC	SINGLE	PacBio RS sequencing
SRR18700793	SRX14801760	SRS12559741	SRP369043	PRJNA695678	Microbacterium keratanolyticum	DSM 8606	PACBIO_SMRT	Sequel II	4287623998.0	686293.0	WGS	GENOMIC	SINGLE	Microbacterium keratanolyticum DSM 8606
ERR13744111	ERX13145523	ERS16082367	ERP149426	PRJEB64289	Klebsiella pneumoniae		PACBIO_SMRT	Sequel IIe	397512605.0	38680.0	WGS	GENOMIC	SINGLE	Sequel IIe sequencing
ERR9517019	ERX9058558	ERS2652211	ERP104475	PRJEB22771	Streptococcus pneumoniae		PACBIO_SMRT	Sequel II	208393621.0	35076.0	WGS	GENOMIC	SINGLE	Sequel II sequencing
DRR147393	DRX138185	DRS074580	DRP004419	PRJDB7279	Bacillus anthracis	missing	OXFORD_NANOPORE	MinION	299030292.0	48299.0	WGS	GENOMIC	SINGLE	MinION sequencing of SAMD00134263
SRR27991881	SRX23644633	SRS20455989	SRP489545	PRJNA1076228	Streptococcus pyogenes	MGAS37803	OXFORD_NANOPORE	GridION	500004870.0	25432.0	WGS	GENOMIC	SINGLE	Oxford Nanopore Technology WGS of GAS M1 clinical isolates
SRR28434594	SRX24038511	SRS20831685	SRP497546	PRJNA1091452	Enterococcus faecium	EF34-PS	OXFORD_NANOPORE	MinION	428251199.0	89362.0	WGS	GENOMIC	SINGLE	ONT performance study sequencing of E.faecium
SRR34827278	SRX29959725	SRS26039970	SRP605729	PRJNA1299779	Brucella	Brucella abortus	OXFORD_NANOPORE	GridION	646870583.0	169195.0	WGS	GENOMIC	SINGLE	One Health Enteric sample from Brucella
DRR140426	DRX133152	DRS091842	DRP004934	PRJDB4468	Enterococcus faecium	QU 50	PACBIO_SMRT	PacBio RS II	638521143.0	163482.0	WGS	GENOMIC	SINGLE	PacBio RS II sequencing of SAMD00112300
ERR15606613	ERX15009758	ERS26887936	ERP171481	PRJEB88388	Stutzerimonas chloritidismutans	R-90782	OXFORD_NANOPORE	MinION	914563439.0	194989.0	WGS	GENOMIC	SINGLE	Raw reads: Stutzerimonas chloritidismutans R-90782
SRR18284741	SRX14422535	SRS12231622	SRP363263	PRJNA806882	Priestia megaterium	BP01R2	OXFORD_NANOPORE	MinION	18506412378.0	4234375.0	WGS	GENOMIC	SINGLE	WGS of Priestia megaterium BP01R2
SRR23347613	SRX19289420	SRS16690584	SRP421131	PRJNA931653	Escherichia coli K-12	K-12	OXFORD_NANOPORE	GridION	23369315.0	4000.0	WGS	GENOMIC	SINGLE	Nanopore sequencing of Ciprofloxacin challenged E. coli
ERR10498657	ERX10015946	ERS14255867	ERP142629	PRJEB57633	Escherichia coli		OXFORD_NANOPORE	GridION	46445148.0	5991.0	WGS	GENOMIC	SINGLE	Raw reads: ONT_30602_1#195
ERR1366073	ERX1437343	ERS1043814	ERP005928	PRJEB6403	Enterococcus faecium	NCTC7379	PACBIO_SMRT	PacBio RS	2137610557.0	163482.0	WGS	GENOMIC	SINGLE	PacBio RS sequencing
ERR5337040	ERX5125428	ERS5806416	ERP126502	PRJEB42615	Campylobacter coli		OXFORD_NANOPORE	MinION	65238617.0	28917.0	WGS	GENOMIC	SINGLE	MinION sequencing
DRR242218	DRX232018	DRS165261	DRP006773	PRJDB10450	Klebsiella pneumoniae	Zam_UTH_37	OXFORD_NANOPORE	MinION	241905938.0	65981.0	WGS	GENOMIC	SINGLE	MinION sequencing of SAMD00243979
SRR34410548	SRX29574010	SRS1840567	SRP598841	PRJNA1287288	Klebsiella pneumoniae	INF277	OXFORD_NANOPORE	MinION	226822228.0	15469.0	WGS	GENOMIC	SINGLE	R10.4.1 WGS of bacterial isolate for accuracy benchmarking
SRR26412755	SRX22118075	SRS10214047	SRP074197	PRJNA288601	Pseudomonas aeruginosa	2021CK-01337	OXFORD_NANOPORE	GridION	555123835.0	27506.0	WGS	GENOMIC	SINGLE	Nanopore sequencing of ARLN isolate
SRR19519924	SRX15572383	SRS13275243	SRP378127	PRJNA819273	Staphylococcus aureus	IVB6164	PACBIO_SMRT	Sequel II	2516646403.0	218036.0	WGS	GENOMIC	SINGLE	PacBio Sequel sequencing of camel Staphylococcaceae from the Horn of Africa
SRR29015145	SRX24541755	SRS21286483	SRP506715	PRJNA981225	Salmonella enterica subsp. enterica serovar Typhimurium	JZ3	OXFORD_NANOPORE	PromethION	1000037386.0	27373.0	WGS	GENOMIC	SINGLE	raw sequence data of Salmonella enterica subsp. enterica serovar Typhimurium JZ3 using third-generation sequencing
ERR15195451	ERX14601155	ERS25142460	ERP160948	PRJEB76420	Escherichia coli		OXFORD_NANOPORE	MinION			WGS	GENOMIC	SINGLE	MinION sequencing
SRR6148267	SRX3260284	SRS2573626	SRP098614	PRJNA362284	Bacillus anthracis	34F2	PACBIO_SMRT	PacBio RS II	2813800291.0	163482.0	WGS	GENOMIC	SINGLE	PacBio P6 isolated bacteria
ERR1193276	ERX1266660	ERS879560	ERP005928	PRJEB6403	Streptococcus equi subsp. equi	NCTC 12092	PACBIO_SMRT	PacBio RS	4141861719.0	163482.0	WGS	GENOMIC	SINGLE	PacBio RS sequencing
ERR10499093	ERX10016382	ERS14255570	ERP142629	PRJEB57633	Escherichia coli		OXFORD_NANOPORE	GridION	102668875.0	13139.0	WGS	GENOMIC	SINGLE	Raw reads: ONT_30859_5#146
SRR32972684	SRX28245872	SRS24593534	SRP576427	PRJNA1190511	Yersinia pestis	81005	PACBIO_SMRT	Sequel	746037221.0	50624.0	WGS	GENOMIC	SINGLE	WGS of Yersinia pestis: cultured strain 81005
SRR5181893	SRX2498002	SRS1924855	SRP096895	PRJNA353873	Mycobacterium tuberculosis		PACBIO_SMRT	PacBio RS	674587465.0	163482.0	WGS	GENOMIC	SINGLE	DNA of Mtb
ERR16137102	ERX15526768	SRS10827072	ERP187675	PRJEB106623	Neisseria gonorrhoeae		OXFORD_NANOPORE	MinION	475816688.0	87686.0	WGS	GENOMIC	SINGLE	Raw reads: EEE004
ERR1802427	ERX1866158	ERS1324111	ERP005928	PRJEB6403	Kingella denitrificans	NCTC10995	PACBIO_SMRT	PacBio RS	1916563092.0	163482.0	WGS	GENOMIC	SINGLE	PacBio RS sequencing
SRR32656979	SRX27961020	SRS20087303	SRP482579	PRJNA1062601	Streptococcus pyogenes		OXFORD_NANOPORE	PromethION	3051139762.0	4286279.0	WGS	GENOMIC	SINGLE	Long read sequencing of streptococci from Sheffield UK
SRR10138121	SRX6866200	SRS5403639	SRP222334	PRJNA320742	Streptococcus suis	ISU2912	PACBIO_SMRT	PacBio RS II	2143033681.0	163482.0	WGS	GENOMIC	SINGLE	Genome sequence of Streptococcus suis ISU2912
SRR3741175	SRX1895986	SRS1539278	SRP077831	PRJNA217204	Hydrogenovibrio marinus DSM 11271	DSM 11271	PACBIO_SMRT	PacBio RS	173483867.0	58423.0	WGS	GENOMIC	SINGLE	Hydrogenovibrio marinus DSM 11271
DRR572420	DRX555887	DRS426371	DRP012251	PRJDB17574	Escherichia coli	YK-IS1MA-L01-4_G08	OXFORD_NANOPORE	MinION	3725554.0	5200.0	WGS	GENOMIC	SINGLE	nanopore-seq of SAMD00748188 L01-4_G8
SRR25181812	SRX20929455	SRS15328438	SRP401127	PRJNA886432	Bacillus thuringiensis serovar tenebrionis	NB125	OXFORD_NANOPORE	MinION	4825821843.0	1203211.0	WGS	GENOMIC	SINGLE	DNA-Seq of Bacillus thuringiensis ssp. tenebrionis
DRR293672	DRX283119	DRS062165	DRP004189	PRJDB5929	Klebsiella pneumoniae	KP30	OXFORD_NANOPORE	GridION	972324566.0	134092.0	WGS	GENOMIC	SINGLE	GridION sequencing of SAMD00110860
SRR24140394	SRX19938683	SRS17287394	SRP247747	PRJNA604975	Escherichia coli	ox_bsi_336	OXFORD_NANOPORE	GridION	79506801.0	17890.0	WGS	GENOMIC	SINGLE	oxford_bsi
SRR16602849	SRX12804000	SRS10749560	SRP343516	PRJNA775652	Ralstonia solanacearum	UW156	PACBIO_SMRT	PacBio RS	2131488853.0	213450.0	WGS	GENOMIC	SINGLE	Cool-virulence in Ralstonia solanacearum
ERR9364045	ERX8906294	ERS11202270	ERP136327	PRJEB51675	Vibrio cholerae O1 biovar El Tor	not provided	OXFORD_NANOPORE	MinION	617220634.0	33611.0	WGS	GENOMIC	SINGLE	MinION sequencing
SRR35785761	SRX30835078	SRS26843723	SRP632095	PRJNA1345082	Escherichia coli	30-2013-C25	OXFORD_NANOPORE	PromethION	31026301.0	10576.0	WGS	GENOMIC	SINGLE	WGS of persistently-infected Escherichia coli strain restreaks
DRR424421	DRX409627	DRS205778	DRP007744	PRJDB12343	Escherichia coli	MyJU800	OXFORD_NANOPORE	MinION	310386112.0	34087.0	WGS	GENOMIC	SINGLE	MinION sequencing of SAMD00406350
ERR968278	ERX1045256	ERS715409	ERP005928	PRJEB6403	Klebsiella pneumoniae	NCTC9154	PACBIO_SMRT	PacBio RS	565732778.0	163482.0	WGS	GENOMIC	SINGLE	PacBio RS sequencing
ERR15887430	ERX15284321	ERS27327840	ERP185192	PRJEB103840	Acinetobacter towneri		OXFORD_NANOPORE	MinION	1979045413.0	185232.0	WGS	GENOMIC	SINGLE	Raw reads: AtRMS
SRR10083114	SRX6816122	SRS5359874	SRP220854	PRJNA562597	Streptococcus pneumoniae	TH9167	PACBIO_SMRT	PacBio RS II	2190880836.0	163482.0	WGS	GENOMIC	SINGLE	SMRT-seq of Streptococcus pneumoniae ST556: TH9167 rr14 mutant
SRR24140417	SRX19938660	SRS17287369	SRP247747	PRJNA604975	Escherichia coli	ox_bsi_218	OXFORD_NANOPORE	GridION	156292080.0	34920.0	WGS	GENOMIC	SINGLE	oxford_bsi
ERR10741396	ERX10190706	ERS14394678	ERP143791	PRJEB58724	Klebsiella pneumoniae		OXFORD_NANOPORE	MinION	76709608.0	11108.0	WGS	GENOMIC	SINGLE	NIHR Nanopore Sequencing
ERR10499235	ERX10016521	ERS14255569	ERP142629	PRJEB57633	Escherichia coli		OXFORD_NANOPORE	GridION	72230501.0	10168.0	WGS	GENOMIC	SINGLE	Raw reads: ONT_30859_5#42
ERR670353	ERX625331	ERS542819	ERP006973	PRJEB7267	Clostridioides difficile	G49	PACBIO_SMRT	PacBio RS II	1557029543.0	163482.0	WGS	GENOMIC	SINGLE	PacBio RS II sequencing
SRR31555829	SRX26921894	SRS23398950	SRP548427	PRJNA1192303	Shigella flexneri	2a	OXFORD_NANOPORE	GridION	503137379.0	150763.0	WGS	GENOMIC	SINGLE	WGS of Shigella sonnei 2021/2022
ERR5984523	ERX5624219	ERS6796331	ERP129449	PRJEB45354	Escherichia coli		OXFORD_NANOPORE	GridION	62494764.0	18449.0	WGS	GENOMIC	SINGLE	GridION sequencing; Raw reads: ONT_30348_2#202
DRR393695	DRX379514	DRS297030	DRP007849	PRJDB10842	Citrobacter freundii	JBBDAJB-19-0040	OXFORD_NANOPORE	GridION	1485731313.0	315944.0	WGS	GENOMIC	SINGLE	GridION sequencing of SAMD00499156
SRR31583395	SRX26948859	SRS23420322	SRP548954	PRJNA1193326	Campylobacter coli		OXFORD_NANOPORE	MinION	119234262.0	30472.0	WGS	GENOMIC	SINGLE	Long-read Nanopore-based WGS characterization of antimicrobial resistant Campylobacter jejuni and Campylobacter coli isolates from humans, animals and food products in Northern Spain within a One Health approach
SRR28820083	SRX24383112	SRS21139317	SRP504365	PRJNA983061	Klebsiella michiganensis	UTM00027	OXFORD_NANOPORE	MinION	1149381211.0	83766.0	WGS	GENOMIC	SINGLE	Whole-genome sequencing of Klebsiella michiganensis
SRR24474998	SRX20261230	SRS17592021	SRP436581	PRJNA967113	Klebsiella pneumoniae	CPO206	OXFORD_NANOPORE	MinION	643962548.0	36853.0	WGS	GENOMIC	SINGLE	WGS of bacterial isolate possessing blaNDM carbapenemase
SRR15989371	SRX12278168	SRS9998844	SRP357537	PRJNA801416	Citrobacter koseri	E644	OXFORD_NANOPORE	GridION	1722149752.0	359165.0	WGS	GENOMIC	SINGLE	Whole Genome Sequencing of Carbapenemase-producing Enterobacterales (CPE)
ERR15183875	ERX14589223	ERS25125962	ERP172519	PRJEB89493	Carnobacterium maltaromaticum		OXFORD_NANOPORE	MinION	180240382.0	157153.0	WGS	GENOMIC	SINGLE	MinION sequencing
SRR31235464	SRX26615369	SRS23113892	SRP543347	PRJNA1182389	Escherichia coli	NEB 10-beta	OXFORD_NANOPORE	MinION	5914834.0	2287.0	WGS	GENOMIC	SINGLE	Long Read Sequencing of synthetic plasmid
ERR841690	ERX921758	ERS627819	ERP005928	PRJEB6403	Neisseria lactamica	NCTC10618	PACBIO_SMRT	PacBio RS	1075231738.0	163482.0	WGS	GENOMIC	SINGLE	PacBio RS sequencing
SRR4097552	SRX2066482	SRS1657735	SRP083542	PRJNA294254	Pseudomonas aeruginosa	PA_D16	PACBIO_SMRT	PacBio RS II	498996722.0	41514.0	WGS	GENOMIC	SINGLE	Pseudomonas aeruginosa clinical isolate from ventilator-associated pneumonia patient PA_D16
SRR873898	SRX290933	SRS432035	SRP023895	PRJNA178407	Bordetella holmesii 70147	70147	PACBIO_SMRT	PacBio RS	242346608.0	81741.0	WGS	GENOMIC	SINGLE	
SRR23033065	SRX18987752	SRS16376986	SRP413032	PRJNA906522	Pseudomonas aeruginosa	Paer32	OXFORD_NANOPORE	MinION	102802595.0	28165.0	WGS	GENOMIC	SINGLE	Long read sequencing of Pseudomonas aeruginosa Paer32
SRR21415625	SRX17420255	SRS13526121	SRP361569	PRJNA768416	Paenibacillus sp. FSL H3-0329		OXFORD_NANOPORE	MinION	836066437.0	218373.0	WGS	GENOMIC	SINGLE	WGS of Bacilli
ERR14126980	ERX13529646	ERS22899876	ERP159032	PRJEB74343	Rhodococcus opacus		OXFORD_NANOPORE	PromethION	595654603.0	265541.0	WGS	GENOMIC	SINGLE	R1041_V5_Rhodococcus_opacus
ERR1341767	ERX1413345	ERS1093623	ERP014688	PRJEB13149	Bordetella holmesii		PACBIO_SMRT	PacBio RS	851562487.0	81741.0	WGS	GENOMIC	SINGLE	PacBio RS sequencing
SRR13448502	SRX9861667	SRS8041853	SRP295672	PRJNA681856	Salmonella enterica subsp. diarizonae	LHICA_D1	OXFORD_NANOPORE	MinION	20258229.0	4000.0	WGS	GENOMIC	SINGLE	WGS of Salmonella Lhica D1_3
SRR27972369	SRX23626084	SRS20465486	SRP489819	PRJNA1076692	Escherichia coli	RIVM_C059466_dorado	OXFORD_NANOPORE	MinION	502178015.0	135007.0	WGS	GENOMIC	SINGLE	RIVM_C059466_dorado
SRR21696532	SRX17694248	SRS11554466	SRP354045	PRJNA747871	Streptomyces sp. NBC_01537	NBC 01537	OXFORD_NANOPORE	MinION	301684663.0	106385.0	WGS	GENOMIC	SINGLE	nanopore sequencing data from strain NBC_01537
ERR14225683	ERX13625965	ERS18294127	ERP156237	PRJEB71438	Streptomyces tendae		OXFORD_NANOPORE	MinION			WGS	GENOMIC	SINGLE	MinION sequencing
SRR11613603	SRX8179814	SRS6539434	SRP258652	PRJNA587209	Gordonia amarae	BEN374	OXFORD_NANOPORE	MinION	108166451.0	15005.0	WGS	GENOMIC	SINGLE	Whole genome Oxford Nanopore MinION sequence of Gordonia amarae BEN374
SRR10538957	SRX7222759	SRS5635530	SRP229523	PRJNA589028	Escherichia coli	17-AB00587	PACBIO_SMRT	PacBio RS	1319143946.0	195646.0	WGS	GENOMIC	PAIRED	Sequencing of E. coli
SRR31565426	SRX26931239	SRS23404749	SRP548643	PRJNA1192988	Vibrio cholerae	13-10	OXFORD_NANOPORE	PromethION	905152418.0	182996.0	WGS	GENOMIC	SINGLE	PulseNet Africa ONT sequencing of Vibrio cholerae isolates
SRR24139905	SRX19938500	SRS17287209	SRP247747	PRJNA604975	Escherichia coli	ox_bsi_582	OXFORD_NANOPORE	GridION	424394367.0	81944.0	WGS	GENOMIC	SINGLE	oxford_bsi
SRR31598767	SRX26963719	SRS23433431	SRP549287	PRJNA1185485	Escherichia coli	492	OXFORD_NANOPORE	PromethION	851318901.0	181235.0	WGS	GENOMIC	SINGLE	R4R-barcode42
SRR901660	SRX306460	SRS445416	SRP026060	PRJNA203571	Mycobacteroides abscessus MAB_110811_1470	MAB_110811_1470	PACBIO_SMRT	PacBio RS	251195437.0	81741.0	WGS	GENOMIC	SINGLE	
SRR22313052	SRX18286527	SRS11111157	SRP071789	PRJNA315192	Shigella sonnei	1530678	OXFORD_NANOPORE	MinION	615752853.0	59533.0	WGS	GENOMIC	SINGLE	Nanopore sequencing of Shigella species
SRR21696200	SRX17694067	SRS14987534	SRP354045	PRJNA747871	Streptomyces uncialis	NBC 01624	OXFORD_NANOPORE	MinION	385251632.0	38827.0	WGS	GENOMIC	SINGLE	nanopore sequencing data from strain NBC_01624
SRR22139584	SRX18118952	SRS15621045	SRP385959	PRJNA836783	Mycobacterium tuberculosis		OXFORD_NANOPORE	MinION	686343143.0	317877.0	WGS	GENOMIC	SINGLE	WGS of TMC102_2- ONT fastq
SRR24076093	SRX19877186	SRS17232201	SRP430994	PRJNA386450	Roseomonas mucosa	AD2	PACBIO_SMRT	PacBio RS II	198902939.0	41438.0	WGS	GENOMIC	SINGLE	De novo assembly of Roseomonas mucosa
SRR12298434	SRX8801633	SRS6792007	SRP266402	PRJNA605147	Enterobacter hormaechei	RHBSTW-00086	PACBIO_SMRT	PacBio RS II	989375678.0	112233.0	WGS	GENOMIC	SINGLE	PACBIO_SMRT sequencing of Enterobacter cloacae isolate WTP5|T1-00086 cultured from WTP effluent sample
ERR2528493	ERX2547374	ERS515522	ERP107863	PRJEB25895	Escherichia coli		PACBIO_SMRT	PacBio RS	1180202836.0	163482.0	WGS	GENOMIC	SINGLE	PacBio RS sequencing
SRR13182642	SRX9620524	SRS7822603	SRP040661	PRJNA231221	Staphylococcus aureus	FDAARGOS_1245	PACBIO_SMRT	Sequel	892503227.0	92258.0	WGS	GENOMIC	SINGLE	
SRR9661799	SRX6422685	SRS5079480	SRP213928	PRJNA553190	Escherichia coli	FisABC	OXFORD_NANOPORE	MinION	124478091.0	13257.0	WGS	GENOMIC	SINGLE	Fission_ABC_Nanopore
SRR15441461	SRX11740897	SRS8025479	SRP301606	PRJNA627032	Escherichia coli O157:H7	FLT_2002D	PACBIO_SMRT	Sequel	2105287842.0	134229.0	WGS	GENOMIC	SINGLE	PacBio reads for long term study
SRR18515296	SRX14646464	SRS12006363	SRP357534	PRJNA801415	Klebsiella pneumoniae	11	OXFORD_NANOPORE	GridION	616160786.0	50121.0	WGS	GENOMIC	SINGLE	Whole Genome Sequencing of Carbapenemase-producing Enterobacterales (CPE)
SRR29316799	SRX24833344	SRS21545174	SRP512379	PRJNA1121190	Vibrio cholerae	136Vc02	OXFORD_NANOPORE	PromethION	319258979.0	50475.0	WGS	GENOMIC	SINGLE	WGS of Vcholerae isolates
ERR13064389	ERX12434913	ERS17308347	ERP155942	PRJEB71064	Enterococcus faecium		PACBIO_SMRT	Sequel II	354266407.0	35735.0	WGS	GENOMIC	SINGLE	Sequel II sequencing
SRR7447098	SRX4317658	SRS3480642	SRP151539	PRJNA477342	Flavobacterium psychrophilum	ARS-166-14	OXFORD_NANOPORE	MinION	111914053.0	28905.0	WGS	GENOMIC	SINGLE	ARS-166-14_MinION
SRR5881891	SRX3048323	SRS2395104	SRP114303	PRJNA340556	Hallerella succinigenes	UWS3	PACBIO_SMRT	PacBio RS II	192912644.0	69564.0	WGS	GENOMIC	SINGLE	Fibrobacter sp. UWS3
SRR19237463	SRX15298245	SRS13025059	SRP375518	PRJNA837782	Glutamicibacter arilaitensis	CCS166	OXFORD_NANOPORE	MinION	1360591730.0	222198.0	WGS	GENOMIC	SINGLE	Nanopore WGS of CCS166
SRR3452750	SRX1728733	SRS973656	SRP059980	PRJNA288376	Aggregatibacter actinomycetemcomitans	VT1169	PACBIO_SMRT	PacBio RS II	1015836714.0	163482.0	WGS	GENOMIC	SINGLE	A. actinomycetemcomitans str. VT1169 genome sequencing
SRR8292560	SRX5107172	SRS478518	SRP018785	PRJNA186035	Salmonella enterica subsp. enterica serovar Anatum str. CFSAN003973	CFSAN003973	PACBIO_SMRT	PacBio RS II	1438660040.0	163482.0	WGS	GENOMIC	SINGLE	PacBio SMRTbell library protocol library CFSAN003973 B01_1
SRR5838394	SRX3014687	SRS1832588	SRP094480	PRJNA279196	Bordetella pertussis	I238	PACBIO_SMRT	PacBio RS II	952423316.0	163482.0	WGS	GENOMIC	SINGLE	
ERR10498917	ERX10016206	ERS14255964	ERP142629	PRJEB57633	Escherichia coli		OXFORD_NANOPORE	GridION	97120923.0	34640.0	WGS	GENOMIC	SINGLE	Raw reads: ONT_30602_2#371
SRR35556629	SRX30631431	SRS19621500	SRP150360	PRJNA475751	Staphylococcus aureus	MRSA11415	OXFORD_NANOPORE	MinION	396271238.0	63422.0	WGS	GENOMIC	SINGLE	WGS Sequencing of Staphylococcus aureus
SRR3666067	SRX1844474	SRS1256851	SRP068736	PRJNA292901	Klebsiella pneumoniae	AR_0004	PACBIO_SMRT	PacBio RS II	1116159245.0	163482.0	WGS	GENOMIC	PAIRED	
SRR14253435	SRX10615897	SRS8713491	SRP314765	PRJNA662829	Proteus mirabilis	7049	OXFORD_NANOPORE	MinION	156678181.0	18388.0	WGS	GENOMIC	SINGLE	Study on Carbapenem-resistant Proteus mirabilis isolated from the blood of sepsis patients admitted in tertiary care hospitals in Kolkata,India
ERR11806656	ERX11205016	ERS16226700	ERP119900	PRJEB36683	Klebsiella pneumoniae 11227-1		OXFORD_NANOPORE	MinION	260184095.0	68111.0	WGS	GENOMIC	SINGLE	MinION sequencing; Raw reads: plasmid_ERR3891133
SRR7141831	SRX4062651	SRS2360868	SRP112695	PRJNA363947	Streptomyces sp. 3211.1	3211.1	PACBIO_SMRT	PacBio RS II	575802845.0	148114.0	WGS	GENOMIC	SINGLE	Streptomyces sp. 3211.1
SRR24093601	SRX19894011	SRS17247860	SRP431301	PRJNA952961	Klebsiella pneumoniae	178E1	PACBIO_SMRT	PacBio RS	351809501.0	61106.0	WGS	GENOMIC	SINGLE	WGS of strain
SRR26162840	SRX21874979	SRS18966414	SRP463007	PRJNA1020811	Citrobacter freundii	isolateG	OXFORD_NANOPORE	MinION	1134947748.0	133289.0	WGS	GENOMIC	SINGLE	WGS of Enterobacterales: ONT RBKv14 validation
SRR31579287	SRX26944775	SRS23416547	SRP548890	PRJNA1193226	Staphylococcus aureus	IMAL070	OXFORD_NANOPORE	MinION	754502937.0	213984.0	WGS	GENOMIC	SINGLE	WGS of Staphylococcus aureus isolate
SRR9722823	SRX6480386	SRS5130450	SRP215816	PRJNA470993	Staphylococcus aureus	pt234	PACBIO_SMRT	PacBio RS II	866236658.0	141044.0	WGS	GENOMIC	SINGLE	WGS of Staphylococcus aureus
SRR16940875	SRX13132842	SRS11066453	SRP346006	PRJNA554638	Escherichia coli	ESBL2	PACBIO_SMRT	Sequel	693688695.0	138599.0	WGS	GENOMIC	SINGLE	Pacbio of ESBL producing Escherichia coli
SRR3666029	SRX1844436	SRS1256887	SRP068738	PRJNA292900	Acinetobacter baumannii	AR_0037	PACBIO_SMRT	PacBio RS II	379286399.0	163482.0	WGS	GENOMIC	PAIRED	
SRR8292576	SRX5107156	SRS4116673	SRP018785	PRJNA186035	Salmonella enterica	CFSAN078396	PACBIO_SMRT	PacBio RS II	2064683153.0	163482.0	WGS	GENOMIC	SINGLE	PacBio SMRTbell library protocol library CFSAN078396 A02_1
SRR28587154	SRX24186637	SRS20961082	SRP500258	PRJNA1095224	Escherichia coli	RS1616	OXFORD_NANOPORE	MinION	516171493.0	428902.0	WGS	GENOMIC	SINGLE	HMW DNA seq of E. coli
SRR873687	SRX290747	SRS431861	SRP023572	PRJNA176660	Vibrio parahaemolyticus 10290	10290	PACBIO_SMRT	PacBio RS	232591994.0	81741.0	WGS	GENOMIC	SINGLE	
SRR2148414	SRX1136234	SRS1024825	SRP062135	PRJNA239350	Yersinia pseudotuberculosis	EP2/+	PACBIO_SMRT	PacBio RS II	943110755.0	331005.0	WGS	GENOMIC	SINGLE	YAH_PacBio
SRR12395270	SRX8893627	SRS7152649	SRP276100	PRJNA650381	Mycobacterium tuberculosis		OXFORD_NANOPORE	MinION	649249246.0	492660.0	WGS	GENOMIC	SINGLE	Nanopore TB WGS
SRR15989260	SRX12277607	SRS9999267	SRP357534	PRJNA801415	Klebsiella pneumoniae	17	OXFORD_NANOPORE	GridION	1226741855.0	286813.0	WGS	GENOMIC	SINGLE	Whole Genome Sequencing of Carbapenemase-producing Enterobacterales (CPE)
SRR4236946	SRX2158182	SRS1687604	SRP089403	PRJNA331552	Streptomyces sp. 3214.6	3214.6	PACBIO_SMRT	PacBio RS	546876195.0	126190.0	WGS	GENOMIC	SINGLE	Streptomyces sp.3124.6
SRR32364637	SRX27699509	SRS21131322	SRP444583	PRJNA962904	Escherichia coli		PACBIO_SMRT	Sequel II	229923457.0	11424.0	WGS	GENOMIC	SINGLE	PacBio sequencing of AS6781E1 for ARCH 1.0
SRR30149413	SRX25617220	SRS21937649	SRP518730	PRJNA1133668	Klebsiella pneumoniae	ST258KP101	OXFORD_NANOPORE	MinION	301204232.0	42755.0	WGS	GENOMIC	SINGLE	Nanopore sequencing of clinical CRE isolates: human
SRR31480830	SRX26849493	SRS23333141	SRP547242	PRJNA1188493	Bacillus cereus	C938	OXFORD_NANOPORE	GridION	2354495195.0	327682.0	WGS	GENOMIC	SINGLE	WGS of Bacillus Cereus
ERR10498001	ERX10015290	ERS14254314	ERP142629	PRJEB57633	Escherichia coli		OXFORD_NANOPORE	GridION	110440499.0	18899.0	WGS	GENOMIC	SINGLE	Raw reads: ONT_30348_1#22
SRR23998941	SRX19802390	SRS17164748	SRP429850	PRJNA949389	Acinetobacter chinensis	SAAc573	OXFORD_NANOPORE	GridION	559168034.0	171318.0	WGS	GENOMIC	SINGLE	WGS of environmental Acientobacter isolates
SRR25773561	SRX21496201	SRS18728479	SRP457170	PRJNA1009966	Bacillus velezensis	KB21	PACBIO_SMRT	Sequel II	3345961284.0	11079342.0	WGS	GENOMIC	PAIRED	WGS of KB21
DRR393694	DRX379513	DRS297029	DRP007849	PRJDB10842	Citrobacter freundii	JBBDAJB-19-0039	OXFORD_NANOPORE	GridION	1346573164.0	281645.0	WGS	GENOMIC	SINGLE	GridION sequencing of SAMD00499155
SRR22784784	SRX18744660	SRS16179784	SRP413484	PRJNA912639	Escherichia coli	EC_0038_C1_H_CuP_CeP	OXFORD_NANOPORE	MinION	247978012.0	35431.0	WGS	GENOMIC	SINGLE	WGS of Escherichia coli
SRR14108864	SRX10479518	SRS8607953	SRP312756	PRJNA689092	Xanthomonas campestris pv. campestris	66-2	PACBIO_SMRT	Sequel II	3605884185.0	429593.0	WGS	GENOMIC	SINGLE	Xc isolated from weeds and crops
ERR10664190	ERX10133374	ERS2651629	ERP104475	PRJEB22771	Streptococcus pneumoniae		PACBIO_SMRT	Sequel II	3408727297.0	455326.0	WGS	GENOMIC	SINGLE	Sequel II sequencing
SRR28434682	SRX24038700	SRS20831710	SRP497546	PRJNA1091452	Klebsiella pneumoniae	KP18-PS	OXFORD_NANOPORE	MinION	922536600.0	131931.0	WGS	GENOMIC	SINGLE	ONT performance study sequencing of K. pneumoniae
SRR27379444	SRX23055607	SRS20015641	SRP480616	PRJNA1055176	Escherichia coli	Not available	OXFORD_NANOPORE	MinION	1574594956.0	258739.0	WGS	GENOMIC	SINGLE	Whole genome sequence of E. coli
SRR8859053	SRX5646547	SRS4592138	SRP191068	PRJNA528511	Escherichia coli	GTEN_8	OXFORD_NANOPORE	GridION	3616293126.0	1141123.0	WGS	GENOMIC	SINGLE	Global TravEpiNet AMR surveillance Genome sequencing and assembly
SRR5829730	SRX3007058	SRS1832506	SRP094480	PRJNA279196	Bordetella pertussis	H851	PACBIO_SMRT	PacBio RS II	856743092.0	163482.0	WGS	GENOMIC	SINGLE	
SRR32194422	SRX27535960	SRS23952455	SRP560996	PRJNA1218017	Bacteroides thetaiotaomicron	vpi-5482	OXFORD_NANOPORE	MinION	244296633.0	48220.0	WGS	GENOMIC	SINGLE	WGS of Bacteroides thetatiotaomicron grown on different carbon sources
SRR30342847	SRX25801302	SRS22432778	SRP528120	PRJNA1150149	Enterobacter cloacae	NOVEL	OXFORD_NANOPORE	MinION	1185133253.0	136581.0	WGS	GENOMIC	SINGLE	ONT long-read sequencing of potential healthcare transmission pathogens
SRR30949550	SRX26351934	SRS22817003	SRP536567	PRJNA1165464	Escherichia coli	Not applicable	OXFORD_NANOPORE	MinION	317312928.0	58231.0	WGS	GENOMIC	SINGLE	Nanopore sequencing of E.coli: blood isolate
SRR386303	SRX109868	SRS212329	SRP007226	PRJNA64815	Bacteroides fragilis CL05T00C42	CL05T00C42	PACBIO_SMRT	PacBio RS	44634444.0	81741.0	WGS	GENOMIC	SINGLE	Whole Genome Sequencing and Assembly
SRR3735530	SRX1891050	SRS1534005	SRP077688	PRJNA205960	Acidobacteriaceae bacterium KBS 146	KBS 146	PACBIO_SMRT	PacBio RS	89005277.0	23051.0	WGS	GENOMIC	SINGLE	Acidobacteriaceae sp. KBS 146
SRR32409484	SRX27739884	SRS24128764	SRP565160	PRJNA1225906	Salmonella enterica		OXFORD_NANOPORE	GridION	956642544.0	200743.0	WGS	GENOMIC	SINGLE	WGS of Salmonella enterica isolate
SRR32059344	SRX27408285	SRS23838217	SRP558653	PRJNA1188077	Ralstonia pseudosolanacearum	GBBC 3080	OXFORD_NANOPORE	MinION	77680836.0	19378.0	WGS	GENOMIC	SINGLE	Nanopore dataset of GBBC3080_ONT
SRR9005309	SRX5783684	SRS4716389	SRP194709	PRJNA540912	Proteus mirabilis	ENT1157	OXFORD_NANOPORE	MinION	288511110.0	33265.0	WGS	GENOMIC	SINGLE	Nanopore raw reads of ENT1157
SRR5830106	SRX3007450	ERS1894610	SRP112337	PRJNA363759	Synechococcus sp. 7002	7002	PACBIO_SMRT	PacBio RS II	845091449.0	494659.0	WGS	GENOMIC	SINGLE	Synechococcus sp. 7002
SRR30107222	SRX25580120	SRS22231213	SRP486766	PRJNA1070447	Streptococcus pyogenes	Isolate 29	OXFORD_NANOPORE	GridION	96920632.0	22174.0	WGS	GENOMIC	SINGLE	WGS of Streptococcus pyogenes isolate  29
SRR386556	SRX109953	SRS212340	SRP007237	PRJNA39375	Eubacterium sp. 3_1_31	3_1_31	PACBIO_SMRT	PacBio RS	62758160.0	81741.0	WGS	GENOMIC	SINGLE	Whole Genome Sequencing and Assembly
SRR13176240	SRX9614495	SRS7816887	SRP294163	PRJNA662386	Campylobacter coli	PSU-15	PACBIO_SMRT	PacBio RS II	343638194.0	91668.0	WGS	GENOMIC	SINGLE	Genome sequence of Campylobacter coli PSU15
ERR11275469	ERX10683039	ERS14857439	ERP146774	PRJEB61685	Mycobacterium tuberculosis variant bovis BCG		OXFORD_NANOPORE	MinION	15252272.0	9188.0	WGS	GENOMIC	SINGLE	MinION sequencing
SRR22405934	SRX18375568	SRS15861918	SRP409699	PRJNA887339	Escherichia coli	S12	OXFORD_NANOPORE	MinION	477167761.0	131159.0	WGS	GENOMIC	SINGLE	WGS of E. coli strain S12-1027
SRR27972605	SRX23625848	SRS20465366	SRP489819	PRJNA1076692	Pseudomonas aeruginosa	RIVM_C049097_dorado	OXFORD_NANOPORE	MinION	127267874.0	24515.0	WGS	GENOMIC	SINGLE	RIVM_C049097_dorado
SRR15376175	SRX11678634	SRS9710521	SRP331701	PRJNA666790	Escherichia coli O157:H7	Z1826	PACBIO_SMRT	PacBio RS II	1897026967.0	163482.0	WGS	GENOMIC	SINGLE	Genome sequencing of ZAP E. coli O157:H7 strains from Scotland
ERR2432865	ERX2452444	ERS1963407	ERP005928	PRJEB6403	Neisseria weaveri	NCTC12742	PACBIO_SMRT	PacBio RS	791834657.0	163482.0	WGS	GENOMIC	SINGLE	PacBio RS sequencing
SRR26357046	SRX22064468	SRS7612171	SRP289631	PRJNA651895	Sphingomonas sp. PL20	PL20	PACBIO_SMRT	Sequel II	6714223921.0	815689.0	WGS	GENOMIC	SINGLE	Sphingomonas sp. PL20
SRR37011204	SRX31960639	SRS27905690	SRP668550	PRJNA1415493	Aeromonas veronii	AV0110	OXFORD_NANOPORE	GridION	2442356667.0	123954.0	WGS	GENOMIC	SINGLE	Aeromonas veronii strain:AV0110 Genome
SRR8739643	SRX5532435	SRS4498658	SRP051949	PRJNA271899	Klebsiella pneumoniae	OC-CRE-9123	OXFORD_NANOPORE	GridION	1824854763.0	234338.0	WGS	GENOMIC	SINGLE	Sequencing of Carbapenem resistant bacteria
SRR24007440	SRX19810647	SRS17171583	SRP429992	PRJNA950057	Burkholderia vietnamiensis	BUV86_M1	PACBIO_SMRT	Sequel	3539653519.0	625136.0	WGS	GENOMIC	SINGLE	Genome sequencing of Burkholderia vietnamiensis: serially collected isolates from a single patient
DRR472240	DRX456469	DRS239069	DRP008516	PRJDB12179	Streptococcus dysgalactiae subsp. equisimilis	KUSD041	OXFORD_NANOPORE	MinION	151440992.0	22477.0	WGS	GENOMIC	SINGLE	MinION sequencing of SAMD00466541
ERR15424198	ERX14828142	ERS25261088	ERP176764	PRJEB93885	Escherichia coli		OXFORD_NANOPORE	PromethION	3185985481.0	542763.0	WGS	GENOMIC	SINGLE	Raw reads: run0_pilot_96_ont_AF5
SRR17041183	SRX13230971	SRS11155972	SRP051099	PRJNA269675	Corynebacterium diphtheriae	SCPM-O-B-4453	OXFORD_NANOPORE	MinION	588745396.0	90861.0	WGS	GENOMIC	SINGLE	Shotgun 2021 Sample 435
ERR15682301	ERX15086728	ERS26973187	ERP171481	PRJEB88388	Pseudomonas veronii	R-91700	OXFORD_NANOPORE	MinION	906244015.0	306410.0	WGS	GENOMIC	SINGLE	Raw reads: Pseudomonas veronii R-91700
SRR32498893	SRX27811457	SRS24187349	SRP566518	PRJNA1228652	Shewanella oneidensis	MGC006	OXFORD_NANOPORE	PromethION	212727391.0	35902.0	WGS	GENOMIC	SINGLE	raw sequencing data of Shewanella oneidensis MGC006
SRR29831492	SRX25330133	SRS21997962	SRP519946	PRJNA1134181	Flavobacterium sp. WC2421	WC2421	OXFORD_NANOPORE	MinION	121481641.0	15337.0	WGS	GENOMIC	SINGLE	WGS of Flavobacterium sp. WC2421
DRR201556	DRX191956	DRS118112	DRP005709	PRJDB9078	Mycobacterium xenopi	JCM 15661	OXFORD_NANOPORE	MinION	507070962.0	80299.0	WGS	GENOMIC	SINGLE	MinION sequencing of SAMD00197529
SRR32610390	SRX27915794	SRS24273893	SRP568450	PRJNA1228643	Micrococcus yunnanensis	S-10	OXFORD_NANOPORE	GridION	156482376.0	18695.0	WGS	GENOMIC	SINGLE	ONT WGS of Micrococcus S-10
SRR8984801	SRX5764065	SRS4698529	SRP040661	PRJNA231221	Streptococcus pyogenes	FDAARGOS_668	PACBIO_SMRT	PacBio RS	1179584446.0	163482.0	WGS	GENOMIC	SINGLE	
SRR25637827	SRX21364475	SRS18600546	SRP454894	PRJNA1005239	Escherichia coli str. K-12 substr. MG1655	K-12	OXFORD_NANOPORE	MinION	584080283.0	65941.0	WGS	GENOMIC	SINGLE	WGS of Escherichia coli MG1655 evolved in acetaminophen replicate 1 long read
SRR8984851	SRX5764112	SRS4698544	SRP040661	PRJNA231221	Cupriavidus gilardii	FDAARGOS_639	PACBIO_SMRT	PacBio RS	1234183857.0	163482.0	WGS	GENOMIC	SINGLE	
SRR16525537	SRX12727948	SRS10336917	SRP357534	PRJNA801415	Klebsiella oxytoca	108	OXFORD_NANOPORE	GridION	435245383.0	85780.0	WGS	GENOMIC	SINGLE	Extensive diversification and dissemination of blaNDM carbapenemase plasmids in Enterobacterales in Singapore 2010-2015
SRR21415762	SRX17420118	SRS12115311	SRP361569	PRJNA768416	Bacillus sp. FSL R7-0177	FSL R7-0177	OXFORD_NANOPORE	MinION	506245546.0	252708.0	WGS	GENOMIC	SINGLE	WGS of Bacilli
SRR498094	SRX148635	SRS281883	SRP013241	PRJNA73829	Vibrio cholerae		PACBIO_SMRT	PacBio RS	682656.0	3388.0	WGS	GENOMIC	SINGLE	Whole Genome Sequencing for N5 (strobe)
SRR11905274	SRX8451877	SRS6753952	SRP265529	PRJNA636510	Serratia marcescens	Byron	PACBIO_SMRT	Sequel	1487916627.0	279418.0	WGS	GENOMIC	SINGLE	pacbio of novel S. marcescens: genome
SRR10918382	SRX7585755	SRS6019411	SRP051949	PRJNA271899	Klebsiella pneumoniae	UCI-261	OXFORD_NANOPORE	GridION	1138695742.0	246980.0	WGS	GENOMIC	SINGLE	Sequencing of Carbapenem resistant bacteria
SRR35674092	SRX30725574	SRS26742277	SRP561673	PRJNA1219398	Pasteurella multocida	222565	OXFORD_NANOPORE	MinION	443918588.0	81315.0	WGS	GENOMIC	SINGLE	DNA-Seq of Pasteurella multocida 222565
SRR35903295	SRX30952592	SRS3409803	SRP150360	PRJNA475751	Enterococcus faecium	VRE32545	OXFORD_NANOPORE	MinION	172617.0	365.0	WGS	GENOMIC	SINGLE	WGS Sequencing of E. faecium
DRR572686	DRX556153	DRS426430	DRP012251	PRJDB17574	Escherichia coli	YK-IS1MA-L05-3_G20	OXFORD_NANOPORE	MinION	188619422.0	25045.0	WGS	GENOMIC	SINGLE	nanopore-seq of SAMD00748247 L05-3_G20
SRR29098540	SRX24622490	SRS21359633	SRP286211	PRJNA625574	Bordetella hinzii LMG 13501	LMG 13501	OXFORD_NANOPORE	GridION	268259962.0	23565.0	WGS	GENOMIC	SINGLE	Oxford Nanopore Sequencing of ATCC 51783
SRR35247884	SRX30350714	SRS26393784	SRP617280	PRJNA893744	Paraburkholderia sp. UCT70	UCT70	PACBIO_SMRT	Sequel IIe	765512256.0	79320.0	WGS	GENOMIC	SINGLE	Paraburkholderia tuberum UCT70
SRR32194477	SRX27535905	SRS23952400	SRP560996	PRJNA1218017	Bacteroides thetaiotaomicron	vpi-5482	OXFORD_NANOPORE	MinION	309661232.0	72739.0	WGS	GENOMIC	SINGLE	WGS of Bacteroides thetatiotaomicron grown on different carbon sources
SRR27352574	SRX23029194	SRS19991078	SRP480168	PRJNA1057299	Clostridioides difficile	cd221018_barcode69	OXFORD_NANOPORE	MinION	127678594.0	53527.0	WGS	GENOMIC	SINGLE	Clostridioides difficile strain cd221018_barcode69
SRR30949674	SRX26352112	SRS22817371	SRP536567	PRJNA1165464	Escherichia coli	Not applicable	OXFORD_NANOPORE	MinION	677135179.0	168758.0	WGS	GENOMIC	SINGLE	Nanopore sequencing of E.coli: blood isolate
SRR33759864	SRX28982641	SRS25202749	SRP557179	PRJNA1210162	Streptococcus pyogenes		OXFORD_NANOPORE	MinION	235083840.0	83110.0	WGS	GENOMIC	SINGLE	WGS of GAS
ERR601539	ERX558368	ERS467560	ERP005355	PRJEB5919	Salmonella enterica subsp. enterica serovar Typhi		PACBIO_SMRT	PacBio RS	694218873.0	163482.0	WGS	GENOMIC	SINGLE	PacBio RS sequencing
SRR27118177	SRX22806540	SRS19663729	SRP474715	PRJNA1046223	Vibrio cholerae		OXFORD_NANOPORE	PromethION	216941343.0	35762.0	WGS	GENOMIC	SINGLE	AVC08nanopore
SRR12936575	SRX9400278	SRS7617959	SRP040661	PRJNA231221	Corynebacterium glucuronolyticum	FDAARGOS_1111	PACBIO_SMRT	Sequel	1406629460.0	186498.0	WGS	GENOMIC	SINGLE	
ERR10452931	ERX9976386	ERS6795155	ERP109413	PRJEB27342	Klebsiella grimontii		PACBIO_SMRT	Sequel II	269047715.0	45313.0	WGS	GENOMIC	SINGLE	Sequel II sequencing
ERR5353138	ERX5141173	ERS5752875	ERP126298	PRJEB42440	Escherichia coli		OXFORD_NANOPORE	GridION	359798045.0	62103.0	WGS	GENOMIC	SINGLE	GridION sequencing
ERR6716418	ERX6341012	ERS7604504	ERP131742	PRJEB47469	Providencia alcalifaciens	2019-04-29034-1-3	OXFORD_NANOPORE	MinION	470334208.0	94011.0	WGS	GENOMIC	SINGLE	MinION sequencing; Raw reads: Providencia_alcalifaciens_strain_2019-04-29034-1-3_Nanopore
SRR30896298	SRX26299723	SRS22828445	SRP536878	PRJNA1134622	Escherichia coli	OXEC-501	OXFORD_NANOPORE	MinION	160226303.0	37561.0	WGS	GENOMIC	SINGLE	OXEC-501
SRR12280257	SRX8784456	SRS7053155	SRP272861	PRJNA646575	Bacteroides salyersiae	BFG-256	OXFORD_NANOPORE	GridION	202891213.0	28228.0	WGS	GENOMIC	SINGLE	WGS  of Bacteroides fragilis group clinical isolates
SRR34795079	SRX29928110	SRS26026048	SRP605455	PRJNA1299340	Escherichia coli	DA81305	OXFORD_NANOPORE	MinION	531946302.0	56569.0	WGS	GENOMIC	SINGLE	DA81279 20 gen without TZP  Nanopore reads I-SceI digested pDNA
SRR31598886	SRX26963599	SRS23433312	SRP549287	PRJNA1185485	Escherichia coli	957	OXFORD_NANOPORE	PromethION	204034180.0	46644.0	WGS	GENOMIC	SINGLE	wwtp-9n14-barcode24
ERR9030467	ERX8573877	ERS10792297	ERP133548	PRJEB49093	Mycobacterium tuberculosis	Lineage 2.2.1	OXFORD_NANOPORE	MinION	251361955.0	54621.0	WGS	GENOMIC	SINGLE	MinION sequencing; Raw reads: R18040-nanopore
SRR9176584	SRX5949249	SRS4860280	SRP040661	PRJNA231221	Citrobacter portucalensis	FDAARGOS_738	PACBIO_SMRT	PacBio RS	519896045.0	163482.0	WGS	GENOMIC	SINGLE	
DRR424367	DRX409573	DRS205724	DRP007744	PRJDB12343	Escherichia coli	MyNCGM369	OXFORD_NANOPORE	MinION	359456570.0	24950.0	WGS	GENOMIC	SINGLE	MinION sequencing of SAMD00406296
ERR16093905	ERX15483740	ERS27174495	ERP182630	PRJEB101207	Mycobacterium tuberculosis		OXFORD_NANOPORE	MinION			WGS	GENOMIC	SINGLE	MinION sequencing
SRR27784341	SRX23449167	SRS20101291	SRP482875	PRJNA1037062	Bacillus toyonensis	PS03084	OXFORD_NANOPORE	MinION	651270334.0	98510.0	WGS	GENOMIC	SINGLE	WGS of bacterial isolate: Environmental isolate
SRR942729	SRX327564	SRS468191	SRP028222	PRJNA51643	Salmonella enterica subsp. enterica serovar Newport str. USMARC-S3124.1	USMARC-S3124.1	PACBIO_SMRT	PacBio RS	176386184.0	81741.0	WGS	GENOMIC	SINGLE	Salmonella enterica Newport CLR Sequencing
SRR3723271	SRX1880873	SRS1527647	SRP077329	PRJNA234908	Carnobacterium divergens DSM 20623	66	PACBIO_SMRT	PacBio RS	223562083.0	79737.0	WGS	GENOMIC	SINGLE	Carnobacterium divergens 66
ERR14745938	ERX14147310	ERS23811958	ERP170065	PRJEB86767	Enterococcus faecium		OXFORD_NANOPORE	MinION	882294600.0	226714.0	WGS	GENOMIC	SINGLE	EXP-11-1-2025-03-14_12-16-43
ERR10163833	ERX9700418	ERS13423660	ERP140710	PRJEB55790	Apilactobacillus kunkeei	H4B4-06M	PACBIO_SMRT	Sequel	1940528321.0	359262.0	WGS	GENOMIC	SINGLE	Sequel sequencing; Raw reads: H4B4-06M
ERR12670813	ERX12044945	ERS18299971	ERP149678	PRJEB64503	Haemophilus parainfluenzae ATCC 33392	HUB-HP14250	OXFORD_NANOPORE	MinION	196636256.0	29360.0	WGS	GENOMIC	SINGLE	MinION sequencing
SRR35850900	SRX30900354	SRS26900539	SRP636871	PRJNA1334387	Halobacillaceae bacterium ABV2_076	ABV2_076	OXFORD_NANOPORE	GridION	1316001464.0	261494.0	WGS	GENOMIC	SINGLE	WGS of Halobacillaceae sp. : Marine biofilm
SRR30149656	SRX25617411	SRS21937592	SRP518730	PRJNA1133668	Klebsiella pneumoniae	ST258KP213	OXFORD_NANOPORE	MinION	270782219.0	40793.0	WGS	GENOMIC	SINGLE	Nanopore sequencing of clinical CRE isolates: human
SRR35674077	SRX30725589	SRS26742290	SRP561673	PRJNA1219398	Pasteurella multocida	212910	PACBIO_SMRT	Sequel IIe	2027158510.0	119756.0	WGS	GENOMIC	SINGLE	DNA-Seq of Pasteurella multocida 212910
SRR901542	SRX306371	SRS445374	SRP026055	PRJNA203565	Mycobacteroides abscessus MAB_030201_1075	MAB_020201_1075	PACBIO_SMRT	PacBio RS	322378919.0	81741.0	WGS	GENOMIC	SINGLE	
ERR4910154	ERX4776978	ERS4556738	ERP121699	PRJEB38289	Klebsiella pneumoniae		PACBIO_SMRT	PacBio RS	909131125.0	54494.0	WGS	GENOMIC	SINGLE	PacBio RS sequencing
ERR10498642	ERX10015931	ERS14256050	ERP142629	PRJEB57633	Escherichia coli		OXFORD_NANOPORE	GridION	96432572.0	25386.0	WGS	GENOMIC	SINGLE	Raw reads: ONT_30602_1#169
SRR19349839	SRX15408594	SRS12115259	SRP361569	PRJNA768416	Solibacillus sp. FSL R5-0691		OXFORD_NANOPORE	MinION	154313207.0	25087.0	WGS	GENOMIC	SINGLE	WGS of Bacilli
SRR12586563	SRX9073194	SRS7321303	SRP280043	PRJNA659097	Rhodobacter capsulatus	A12	PACBIO_SMRT	Sequel	1110885936.0	117154.0	WGS	GENOMIC	SINGLE	Identification and characterization of a Rhodobacter capsulatus strain A12 with disease suppression and bioremediation function
SRR29316564	SRX24833579	SRS21545409	SRP512379	PRJNA1121190	Vibrio cholerae	131Vc04	OXFORD_NANOPORE	PromethION	377909368.0	65722.0	WGS	GENOMIC	SINGLE	WGS of Vcholerae isolates
ERR15941419	ERX15336964	ERS27416735	ERP185476	PRJEB104171	Escherichia coli		OXFORD_NANOPORE	MinION	423022670.0	116394.0	WGS	GENOMIC	SINGLE	MinION sequencing
SRR12711918	SRX9190803	SRS7426798	SRP285370	PRJNA647647	Streptomyces mexicanus	Marseille-Q0842	OXFORD_NANOPORE	GridION	13803629.0	4000.0	WGS	GENOMIC	SINGLE	ONT of Streptomyces mexicanus : Marseille
SRR6514143	SRX3602158	SRS2870083	SRP131199	PRJNA430813	Klebsiella pneumoniae	KPNIH50	PACBIO_SMRT	PacBio RS II	2040500317.0	163482.0	WGS	GENOMIC	SINGLE	PacBio SMRT Sequencing of Klebsiella pneumoniae KPNIH50 Genomic Library
SRR19820639	SRX15864282	SRS13526037	SRP361569	PRJNA768416	Staphylococcus sp. FSL W8-0056		OXFORD_NANOPORE	MinION	495385906.0	81772.0	WGS	GENOMIC	SINGLE	WGS of Bacilli
ERR2125710	ERX2182562	ERS1502664	ERP005928	PRJEB6403	Clostridium perfringens B	NCTC4964	PACBIO_SMRT	PacBio RS	2009990707.0	163482.0	WGS	GENOMIC	SINGLE	PacBio RS sequencing
SRR34864050	SRX29995573	SRS26072169	SRP606522	PRJNA1301590	Pseudolactococcus laudensis	T2G5	OXFORD_NANOPORE	PromethION	1445233199.0	199436.0	WGS	GENOMIC	SINGLE	WGS of Pseudolactococcus laudensis strain T2G5: Tistrup starter culture
ERR10497850	ERX10015139	ERS14254364	ERP142629	PRJEB57633	Escherichia coli		OXFORD_NANOPORE	GridION	155287224.0	33032.0	WGS	GENOMIC	SINGLE	Raw reads: ONT_30224_1#320
ERR15094654	ERX14499256	ERS24813629	ERP119900	PRJEB36683	Klebsiella pneumoniae 11227-1		OXFORD_NANOPORE	PromethION	808416357.0	194056.0	WGS	GENOMIC	SINGLE	Raw reads: JKPB509_L
SRR19776587	SRX15820909	SRS12274034	SRP364249	PRJNA816422	Helicobacter pylori	Hpfe088	OXFORD_NANOPORE	MinION	380454328.0	70457.0	WGS	GENOMIC	SINGLE	nanopore sequencing of h. pylori genomic DNA
ERR10498240	ERX10015529	ERS14254483	ERP142629	PRJEB57633	Escherichia coli		OXFORD_NANOPORE	GridION	32901243.0	5468.0	WGS	GENOMIC	SINGLE	Raw reads: ONT_30821_1#91
DRR723720	DRX703741	DRS495836	DRP013760	PRJDB20694	Streptomyces drozdowiczii	JCM 13580	PACBIO_SMRT	Revio	98090985.0	9093.0	WGS	GENOMIC	SINGLE	Revio sequencing of SAMD01611611
DRR466480	DRX450716	DRS305732	DRP010041	PRJDB15848	Escherichia coli	EC15	OXFORD_NANOPORE	MinION	2502930695.0	362420.0	WGS	GENOMIC	SINGLE	MinION sequencing of SAMD00607280
SRR31599609	SRX26964073	SRS23433786	SRP549287	PRJNA1185485	Escherichia coli	107	OXFORD_NANOPORE	PromethION	397255732.0	120368.0	WGS	GENOMIC	SINGLE	ABCD-barcode86
SRR19787756	SRX15831595	SRS13522686	SRP383167	PRJNA851853	Salmonella enterica	K2331_ONT_20X	OXFORD_NANOPORE	GridION	97773207.0	15099.0	WGS	GENOMIC	SINGLE	WGS of Salmonella enterica serovar Enteritidis
DRR572282	DRX555749	DRS426453	DRP012251	PRJDB17574	Escherichia coli	YK-IS1MA-L11-2_G20	OXFORD_NANOPORE	MinION	148533.0	6.0	WGS	GENOMIC	SINGLE	nanopore-seq of SAMD00748270 L11-2_G20
SRR30896521	SRX26300048	SRS22828773	SRP536878	PRJNA1134622	Escherichia coli	OXEC-337	OXFORD_NANOPORE	MinION	1209556575.0	317311.0	WGS	GENOMIC	SINGLE	OXEC-337
ERR12723556	ERX12098097	ERS18395300	ERP158324	PRJEB73555	Methylobacterium sp.		OXFORD_NANOPORE	MinION	354820652.0	113270.0	WGS	GENOMIC	SINGLE	MinION sequencing
ERR12507135	ERX11883183	ERS17745157	ERP153004	PRJEB67993	Mycobacterium tuberculosis		OXFORD_NANOPORE	MinION			WGS	GENOMIC	SINGLE	MinION sequencing
SRR9849554	SRX6604159	SRS5169139	SRP216572	PRJNA556977	Bordetella pertussis	NZ24	OXFORD_NANOPORE	MinION	1320714369.0	212669.0	WGS	GENOMIC	SINGLE	ONT sequencing of Bordetella pertussis NZ24
DRR572556	DRX556023	DRS426361	DRP012251	PRJDB17574	Escherichia coli	YK-IS1MA-L04_Anc	OXFORD_NANOPORE	MinION	97509875.0	8400.0	WGS	GENOMIC	SINGLE	nanopore-seq of SAMD00748177 L04_Anc
