srr_accession	srx_accession	srs_accession	srp_accession	bioproject	organism	strain	platform	instrument	total_bases	total_spots	library_strategy	library_source	library_layout	title
SRR24140247	SRX19938830	SRS17287537	SRP247747	PRJNA604975	Escherichia coli	ox_bsi_177	OXFORD_NANOPORE	GridION	291461876.0	58711.0	WGS	GENOMIC	SINGLE	oxford_bsi
SRR34986125	SRX30104845	SRS26168495	SRP608826	PRJNA1305362	Listeria monocytogenes	Lm_145	OXFORD_NANOPORE	MinION	554551088.0	76266.0	WGS	GENOMIC	SINGLE	Oxford Nanopore sequences of an isolated L. monocytogenes strain from wastewater
SRR386424	SRX109882	SRS212335	SRP007231	PRJNA49881	Scardovia wiggsiae F0424	F0424	PACBIO_SMRT	PacBio RS	65848781.0	81741.0	WGS	GENOMIC	SINGLE	Whole Genome Sequencing and Assembly
ERR1210800	ERX1283042	ERS879584	ERP005928	PRJEB6403	Streptococcus pyogenes	NCTC12050	PACBIO_SMRT	PacBio RS	2297428895.0	163482.0	WGS	GENOMIC	SINGLE	PacBio RS sequencing
SRR31611463	SRX26976062	SRS23443684	SRP549287	PRJNA1185485	Escherichia coli	431	OXFORD_NANOPORE	PromethION	2600649775.0	508401.0	WGS	GENOMIC	SINGLE	pig-inf-barcode74
SRR34701456	SRX29836716	SRS25940501	SRP603238	PRJNA1295476	Stenotrophomonas muris	STK15_22	OXFORD_NANOPORE	PromethION	450868883.0	52081.0	WGS	GENOMIC	SINGLE	ONT SQK-NBD114-96 library of Stenotrophomonas muris STK15_22: R10.4.1 flowcell on PromethION, guppy v7.2.13 with model dna_r10.4.1_e8.2_400bps_sup@v4.2.0
SRR29837597	SRX25335410	SRS22003015	SRP520032	PRJNA1082471	Streptococcus agalactiae	QMA0496	OXFORD_NANOPORE	MinION	27921525.0	5897.0	WGS	GENOMIC	SINGLE	HMW DNA extracted by RLS (Resource Limited Settings) method:Streptococcus agalactiae
DRR572677	DRX556144	DRS426419	DRP012251	PRJDB17574	Escherichia coli	YK-IS1MA-L02-4_G20	OXFORD_NANOPORE	MinION	14279.0	1.0	WGS	GENOMIC	SINGLE	nanopore-seq of SAMD00748236 L02-4_G20
SRR4061919	SRX2050973	SRS1527661	SRP077341	PRJNA225843	Arenibacter algicola	TG409	PACBIO_SMRT	PacBio RS	296007987.0	83890.0	WGS	GENOMIC	SINGLE	Arenibacter algicola TG409
SRR14252789	SRX10615251	SRS8712994	SRP315092	PRJNA721536	Enterobacter hormaechei subsp. xiangfangensis	PLCR15	OXFORD_NANOPORE	MinION	160006788.0	42306.0	WGS	GENOMIC	SINGLE	blaNdm harbouring Enterobacter
SRR18254048	SRX14395308	SRS10759047	SRP071789	PRJNA315192	Shigella sonnei	1502196	OXFORD_NANOPORE	MinION	802967278.0	69736.0	WGS	GENOMIC	SINGLE	Nanopore sequencing of Shigella sonnei
SRR26799572	SRX22496842	SRS19509808	SRP471421	PRJNA1039545	Staphylococcus aureus	SAWL001	PACBIO_SMRT	Sequel IIe	857971748.0	88880.0	WGS	GENOMIC	SINGLE	Long-read sequencing of Staphylococcus aureus SAWL001
DRR403241	DRX388940	DRS254989	DRP008960	PRJDB9531	Escherichia coli	IPCEC42	OXFORD_NANOPORE	MinION	2021993990.0	600809.0	WGS	GENOMIC	SINGLE	MinION sequencing of SAMD00533654
DRR332835	DRX321832	DRS217920	DRP008020	PRJDB10858	Streptococcus parasuis	SUT-503	OXFORD_NANOPORE	MinION	88375639.0	20835.0	WGS	GENOMIC	SINGLE	MinION sequencing of SAMD00265709
SRR2984615	SRX1473500	SRS1199434	SRP067210	PRJNA254109	Corynebacterium pseudotuberculosis	CS_10	PACBIO_SMRT	PacBio RS II	1248963027.0	326964.0	WGS	GENOMIC	SINGLE	Corynebacterium pseudotuberculosis strain CS_10
SRR12606297	SRX9089961	SRS7335823	SRP281161	PRJNA660404	Neisseria gonorrhoeae	SW0011	OXFORD_NANOPORE	MinION	3366980732.0	2480960.0	WGS	GENOMIC	SINGLE	WGS of neisseria gonorrhoeae
SRR27887947	SRX23549716	SRS19902421	SRP478651	PRJNA1053631	Lamprobacter modestohalophilus	ShNLb02	OXFORD_NANOPORE	MinION	9199974.0	3820.0	WGS	GENOMIC	SINGLE	The genome sequence of the moderately halophilic Lamprobacter modestohalophilus ShNLb02_OxfordNanoporeLongReads
SRR36246120	SRX31281364	SRS27258093	SRP650037	PRJNA1371786	Klebsiella pneumoniae		OXFORD_NANOPORE	MinION	644100247.0	203446.0	WGS	GENOMIC	SINGLE	Genomic Profiling of Clinical Klebsiella pneumoniae Isolate NGCE-709 in Dhaka, Bangladesh Using Nanopore Sequencing
SRR9047915	SRX5824547	SRS4752602	SRP051949	PRJNA271899	Enterobacter cloacae	MGH323	OXFORD_NANOPORE	GridION	1983940788.0	568471.0	WGS	GENOMIC	SINGLE	Sequencing of Carbapenem resistant bacteria
SRR28811878	SRX24375142	SRS21036774	SRP501980	PRJNA894337	Legionella pneumophila	PATHC018	OXFORD_NANOPORE	MinION	629057401.0	255291.0	WGS	GENOMIC	SINGLE	whole genome sequencing of environmental isolates of Legionella
ERR10155838	ERX9691958	ERS6426044	ERP109413	PRJEB27342	Klebsiella pneumoniae		PACBIO_SMRT	Sequel II	6518707211.0	1062965.0	WGS	GENOMIC	SINGLE	Sequel II sequencing
ERR10769192	ERX10220086	ERS2784868	ERP104475	PRJEB22771	Streptococcus pneumoniae		PACBIO_SMRT	Sequel II	2020417727.0	281797.0	WGS	GENOMIC	SINGLE	Sequel II sequencing
SRR30949448	SRX26352036	SRS22817361	SRP536567	PRJNA1165464	Escherichia coli	Not applicable	OXFORD_NANOPORE	MinION	195832026.0	43907.0	WGS	GENOMIC	SINGLE	Nanopore sequencing of E.coli: blood isolate
SRR1740553	SRX747884	SRS734221	SRP049417	PRJNA259789	Klebsiella pneumoniae	34618	PACBIO_SMRT	PacBio RS	1284920709.0	163482.0	WGS	GENOMIC	SINGLE	
SRR31235476	SRX26615357	SRS23113880	SRP543347	PRJNA1182389	Escherichia coli	NEB 10-beta	OXFORD_NANOPORE	MinION	2780280.0	261.0	WGS	GENOMIC	SINGLE	Long Read Sequencing of synthetic plasmid
SRR11460775	SRX8038050	SRS6015394	SRP242738	PRJNA602061	Escherichia coli	201609	OXFORD_NANOPORE	GridION	86483456.0	7998.0	WGS	GENOMIC	SINGLE	Genome of E.coli ST648
SRR36037091	SRX31086208	SRS4806047	SRP199219	PRJNA533806	Pseudomonas aeruginosa	BWH047	OXFORD_NANOPORE	MinION	1692307498.0	265002.0	WGS	GENOMIC	SINGLE	WGS of Pseudomonas aeruginosa
SRR35071107	SRX30184914	SRS26244922	SRP610420	PRJNA1308807	Escherichia coli	Ec_045	OXFORD_NANOPORE	MinION	599320617.0	85642.0	WGS	GENOMIC	SINGLE	Oxford Nanopore sequences of an isolated E. coli strain from wastewater
SRR644335	SRX209658	SRS379417	SRP017524	PRJNA183628	Escherichia coli str. K-12 substr. MG1655	K-12 substr. MG1655	PACBIO_SMRT	PacBio RS	14407902.0	60667.0	WGS	GENOMIC	SINGLE	WGA E. coli genome DNA sequenced by FCR chemistry
SRR21979964	SRX17963139	SRS15479490	SRP403610	PRJNA757133	Escherichia coli	MS20658	OXFORD_NANOPORE	MinION	341686311.0	112631.0	WGS	GENOMIC	SINGLE	NMEC whole genome sequence
SRR12298906	SRX8801989	SRS6792634	SRP266402	PRJNA605147	Escherichia coli	RHB22-C06	OXFORD_NANOPORE	GridION	594042981.0	91868.0	WGS	GENOMIC	SINGLE	OXFORD_NANOPORE sequencing of Escherichia coli isolate RH07|T2-C06 cultured from Cattle faeces sample
SRR16525677	SRX12728322	SRS10336671	SRP357534	PRJNA801415	Klebsiella pneumoniae	147	OXFORD_NANOPORE	GridION	2494904304.0	382653.0	WGS	GENOMIC	SINGLE	Extensive diversification and dissemination of blaNDM carbapenemase plasmids in Enterobacterales in Singapore 2010-2015
SRR33560917	SRX28791052	SRS25029389	SRP585209	PRJNA1248570	Pseudomonas aeruginosa	P4	OXFORD_NANOPORE	GridION	1049295557.0	239640.0	WGS	GENOMIC	SINGLE	Whole Genome Sequencing of Pseudomonas aeruginosa strain P4
SRR19183958	SRX15249210	SRS12981719	SRP375062	PRJNA837734	Listeria monocytogenes	F4642	OXFORD_NANOPORE	MinION	1558639357.0	190057.0	WGS	GENOMIC	SINGLE	Nanopore sequencing of Listeria monocytogenes
ERR15373179	ERX14776864	ERS23666143	ERP169391	PRJEB86018	Haemophilus influenzae		PACBIO_SMRT	Sequel II	300533528.0	24908.0	WGS	GENOMIC	SINGLE	Sequel II sequencing
ERR11040730	ERX10487978	ERS14796154	ERP145810	PRJEB60752	Escherichia coli		OXFORD_NANOPORE	MinION	235482630.0	32898.0	WGS	GENOMIC	SINGLE	Raw reads: 25183_S37_[Oxford_Nanopore]
SRR19552020	SRX15604045	SRS13304875	SRP378750	PRJNA846333	Salmonella enterica	S18BD02037	OXFORD_NANOPORE	MinION	603947424.0	851741.0	WGS	GENOMIC	SINGLE	MinION reads of Salmonella S18BD02037
SRR16525388	SRX12728097	SRS10337107	SRP357537	PRJNA801416	Klebsiella pneumoniae	133	OXFORD_NANOPORE	GridION	959568791.0	189374.0	WGS	GENOMIC	SINGLE	Extensive diversification and dissemination of blaNDM carbapenemase plasmids in Enterobacterales in Singapore 2010-2015
SRR9899748	SRX6651593	SRS5213103	SRP217322	PRJNA542380	Rickettsia parkeri	Atlantic Rainforest	OXFORD_NANOPORE	MinION	2183561367.0	917002.0	WGS	GENOMIC	SINGLE	Ricket_Nanopore_BC07
SRR36035058	SRX31084188	SRS27072671	SRP644837	PRJNA1364846	Escherichia coli	GPT22-004	OXFORD_NANOPORE	GridION	1418491067.0	711051.0	WGS	GENOMIC	SINGLE	Escherchia coli, DBT kit, 12-plex and 100 ng DNA, replicate 1
SRR24474994	SRX20261234	SRS17592027	SRP436581	PRJNA967113	Acinetobacter baumannii	CPO228	OXFORD_NANOPORE	MinION	563115194.0	47502.0	WGS	GENOMIC	SINGLE	WGS of bacterial isolate possessing blaNDM carbapenemase
SRR28553139	SRX24152668	SRS20934128	SRP499691	PRJNA1009252	Microbacterium sp. LWH13-1.2	LWH13-1.2	PACBIO_SMRT	Sequel IIe	82262435.0	8016.0	WGS	GENOMIC	SINGLE	Sequencing of LWH13
SRR873645	SRX290743	SRS431842	SRP023552	PRJNA176653	Vibrio parahaemolyticus VP-NY4	VP-NY4	PACBIO_SMRT	PacBio RS	124651442.0	81741.0	WGS	GENOMIC	SINGLE	
SRR16089757	SRX12376175	SRS10347045	SRP151364	PRJNA477706	Moraxella bovis	SAM102600	PACBIO_SMRT	Sequel	377331540.0	69071.0	WGS	GENOMIC	SINGLE	Sequencing Moraxella genomes
SRR21696588	SRX17694193	SRS11554684	SRP354045	PRJNA747871	Streptomyces canus	NBC_01002	OXFORD_NANOPORE	MinION	2143692933.0	224514.0	WGS	GENOMIC	SINGLE	nanopore sequencing data from strain NBC_01002
DRR723682	DRX703703	DRS495818	DRP013760	PRJDB20694	Methylorubrum rhodinum	JCM 2811	PACBIO_SMRT	Revio	48208818.0	4263.0	WGS	GENOMIC	SINGLE	Revio sequencing of SAMD01611593
SRR26465456	SRX22169501	SRS19227352	SRP467862	PRJNA1000275	Streptococcus pneumoniae	2014C08-275	OXFORD_NANOPORE	MinION	246924489.0	54855.0	WGS	GENOMIC	SINGLE	VP58
ERR13253057	ERX12623680	ERS20229442	ERP161024	PRJEB76496	Klebsiella pneumoniae	Zagreb042	OXFORD_NANOPORE	GridION	929503602.0	258448.0	WGS	GENOMIC	SINGLE	GridION sequencing
SRR1201268	SRX498125	SRS494484	SRP032265	PRJNA194772	Acinetobacter sp. 1592897	1592897	PACBIO_SMRT	PacBio RS	1331132651.0	163482.0	WGS	GENOMIC	SINGLE	
SRR33769162	SRX28991607	SRS22456105	SRP444583	PRJNA962904	Escherichia coli		PACBIO_SMRT	Sequel II	570555083.0	32429.0	WGS	GENOMIC	SINGLE	PacBio sequencing of AH0624HE1 for ARCH 2
ERR10499533	ERX10016819	ERS14256842			Escherichia coli		OXFORD_NANOPORE	GridION	80700180.0	10086.0	WGS	GENOMIC	SINGLE	GridION sequencing; Raw reads: ONT_30348_1#299
SRR31990266	SRX27345207	SRS20831671	SRP497546	PRJNA1091452	Listeria monocytogenes	L-06	OXFORD_NANOPORE	MinION	1880935229.0	539658.0	WGS	GENOMIC	SINGLE	native ONT data from Listeria monocytogenes
ERR1466813	ERX1537290	ERS1106927	ERP005928	PRJEB6403	Klebsiella pneumoniae	NCTC13669	PACBIO_SMRT	PacBio RS	2485754178.0	163482.0	WGS	GENOMIC	SINGLE	PacBio RS sequencing
DRR161247	DRX151872	DRS115430	DRP005652	PRJDB7717	Mycolicibacterium parafortuitum	JCM 6367	OXFORD_NANOPORE	MinION	952103086.0	148587.0	WGS	GENOMIC	SINGLE	MinION single end sequencing of SAMD00153162
DRR213511	DRX203852	DRS125661	DRP005885	PRJDB8600	Vibrio cholerae	RIMD 2214289	PACBIO_SMRT	PacBio RS II	1444836515.0	128063.0	WGS	GENOMIC	SINGLE	Vibrio cholerae O51 RIMD 2214289  pacbio
ERR6747452	ERX6371510	SRS9903042	SRP333856	PRJNA757272	Escherichia coli		OXFORD_NANOPORE	MinION	41695963.0	4373.0	WGS	GENOMIC	SINGLE	MinION sequencing
SRR32527877	SRX27839651	SRS24213863	SRP567071	PRJNA1230128	Salmonella enterica subsp. salamae	22EPA053NSA_4	OXFORD_NANOPORE	MinION	155442590.0	25902.0	WGS	GENOMIC	SINGLE	nanopore sequence of Salmonella enterica
SRR8599262	SRX5399283	SRS4386188	SRP186412	PRJNA523188	Burkholderia pseudomallei	CEMM 03-6-037	PACBIO_SMRT	PacBio RS II	279491627.0	54494.0	WGS	GENOMIC	SINGLE	Burkholderia pseudomallei CEMM 03-6-037 PacBio
ERR15658852	ERX15063633	ERS26772015	ERP179457	PRJEB96843	Salmonella enterica subsp. enterica serovar Infantis		OXFORD_NANOPORE	MinION	1300661146.0	364944.0	WGS	GENOMIC	SINGLE	MinION sequencing
SRR9663496	SRX6424370	SRS5080919	SRP214002	PRJNA536291	Mycolicibacterium neoaurum	SLBN-56	PACBIO_SMRT	Sequel	1486681757.0	354264.0	WGS	GENOMIC	SINGLE	Mycobacterium sp NRRL B-3805
SRR14753675	SRX11087167	SRS9152682	SRP323129	PRJNA735522	Bacillus velezensis	GMEKP1	OXFORD_NANOPORE	GridION	30217719.0	4000.0	WGS	GENOMIC	SINGLE	SRA Bacillus velezensis GMEKP1
DRR670787	DRX650889	DRS468821	DRP013153	PRJDB19276	Verrucomicrobium sp.		PACBIO_SMRT	PacBio RS II	369149378.0	116291.0	WGS	GENOMIC	SINGLE	PacBio RS II sinlge-end Sequencing of KAS22021528 (KAE22230270)
SRR12343970	SRX8843595	SRS7106648	SRP274107	PRJNA626345	Staphylococcus aureus	NAS_NP_223	OXFORD_NANOPORE	MinION	160001211.0	14673.0	WGS	GENOMIC	SINGLE	WGS Staphylococcus aureus among Native Americans in the  southwest US
DRR393640	DRX379459	DRS296973	DRP007849	PRJDB10842	Enterobacter hormaechei subsp. steigerwaltii	JBBDAAF-19-0029	OXFORD_NANOPORE	GridION	41099063.0	3054.0	WGS	GENOMIC	SINGLE	GridION sequencing of SAMD00498514
SRR33880342	SRX29091973	SRS25301545	SRP590652	PRJNA1273616	Acinetobacter baumannii	LAC-4	PACBIO_SMRT	Revio	3175804029.0	470152.0	WGS	GENOMIC	SINGLE	WGS of Acinetobacter baumannii (LAC-4) strains
SRR12395386	SRX8893511	SRS7152533	SRP276100	PRJNA650381	Mycobacterium tuberculosis		OXFORD_NANOPORE	MinION	751970437.0	322766.0	WGS	GENOMIC	SINGLE	Nanopore TB WGS
SRR19631958	SRX15682492	SRS7136162	SRP275677	PRJNA650119	Klebsiella pneumoniae		OXFORD_NANOPORE	GridION	69578155.0	3666.0	WGS	GENOMIC	SINGLE	Complete genome sequence of Uropathogen of Klebsiella pneumoniae kp2
SRR18117870	SRX14268364	SRS12087395	SRP361201	PRJNA809755	Acinetobacter baumannii	not collected	OXFORD_NANOPORE	GridION	627925162.0	102211.0	WGS	GENOMIC	SINGLE	A.baumannii CFN_9647
SRR35737783	SRX30787132	SRS26801318	SRP630567	PRJNA1337272	Salmonella enterica subsp. enterica serovar Tennessee	not applicable	OXFORD_NANOPORE	GridION	543309674.0	163489.0	WGS	GENOMIC	SINGLE	Nanopore whole genome sequencing of Salmonella enterica subspecies enterica isolate 2004349-3
SRR27972456	SRX23625997	SRS20465443	SRP489819	PRJNA1076692	Klebsiella pneumoniae	RIVM_C059316_rerio	OXFORD_NANOPORE	MinION	53308529.0	11787.0	WGS	GENOMIC	SINGLE	RIVM_C059316_rerio
SRR12298455	SRX8801612	SRS6792784	SRP266402	PRJNA605147	Klebsiella grimontii	RHBSTW-00039	OXFORD_NANOPORE	GridION	612588388.0	126353.0	WGS	GENOMIC	SINGLE	OXFORD_NANOPORE sequencing of Klebsiella oxytoca isolate WTP4|T1-00039 cultured from WTP downstream sample
ERR12328535	ERX11705339	ERS17177510	ERP155552	PRJEB70626	Mycobacterium tuberculosis		OXFORD_NANOPORE	MinION	86417672.0	57163.0	WGS	GENOMIC	SINGLE	MinION sequencing
SRR36388053	SRX31416406	SRS27399759	SRP653897	PRJNA1378463	Klebsiella pneumoniae	#1566	OXFORD_NANOPORE	MinION	191070309.0	53098.0	WGS	GENOMIC	SINGLE	WGS of Klebsiella pneumoniae ST307 and ST5994: clinical isolates from Cantabria (Spain)
SRR31812305	SRX27172733	SRS23625323	SRP553443	PRJNA1199959	Pseudomonas veronii	MPB10	OXFORD_NANOPORE	MinION	1897888554.0	614571.0	WGS	GENOMIC	SINGLE	Whole genome sequencing of bacterial isolates using Nanopore
SRR10160779	SRX6886172	SRS5419410	SRP222906	PRJNA573516	Streptococcus pneumoniae	S1	OXFORD_NANOPORE	MinION	33688511.0	32194.0	WGS	GENOMIC	SINGLE	MinION sequencing of Streptococcus pneumoniae
DRR667335	DRX647437	DRS457075	DRP012869	PRJDB20344	Clostridium budayi	JCM 9989	PACBIO_SMRT	Revio	298963610.0	20451.0	WGS	GENOMIC	SINGLE	Revio sequencing of SAMD00887379
SRR31024333	SRX26411230	SRS22931184	SRP539092	PRJNA1174068	Vibrio cholerae	mHDM VC254	OXFORD_NANOPORE	PromethION	491219574.0	343627.0	WGS	GENOMIC	SINGLE	WGS of Vcholerae isolates
SRR386524	SRX109805	SRS212337	SRP007233	PRJNA64879	Fusobacterium animalis F0419	OT 420	PACBIO_SMRT	PacBio RS	58436795.0	81741.0	WGS	GENOMIC	SINGLE	Whole Genome Sequencing and Assembly
SRR8752503	SRX5543462	SRS4509105	SRP188851	PRJNA523365	Mycobacterium avium complex sp.	JHN_AV_MAC104	OXFORD_NANOPORE	GridION	183689074.0	176862.0	WGS	GENOMIC	SINGLE	Sequencing of non-tuberculosis mycobacteria
SRR27201510	SRX22881494	SRS19853903	SRP477847	PRJNA1052100	Klebsiella pneumoniae	K19	OXFORD_NANOPORE	MinION	1109166617.0	555313.0	WGS	GENOMIC	SINGLE	ONT R9.4.1 sequences of Klebsiella pneumoniae from clinical sources in Ghana
DRR723636	DRX703657	DRS495776	DRP013760	PRJDB20694	Gracilibacillus sp. JCM 18860	JCM 18860	PACBIO_SMRT	Revio	456971264.0	28668.0	WGS	GENOMIC	SINGLE	Revio sequencing of SAMD01611159
ERR6536199	ERX6163022	ERS3927636	ERP023216	PRJEB20997	Salmonella enterica		PACBIO_SMRT	Sequel II	936310686.0	201355.0	WGS	GENOMIC	SINGLE	Sequel II sequencing
SRR32158456	SRX27503895	SRS23924137	SRP560261	PRJNA1129067	Rahnella	aceris	OXFORD_NANOPORE	MinION	553057821.0	101772.0	WGS	GENOMIC	SINGLE	APR_LG2
SRR34662570	SRX29800540	SRS25905700	SRP602763	PRJNA1294972	Staphylococcus agnetis	HER1048	OXFORD_NANOPORE	PromethION	567870780.0	149814.0	WGS	GENOMIC	SINGLE	SC298
SRR28799039	SRX24362814	SRS21120266	SRP497546	PRJNA1091452	Listeria monocytogenes	MRL-22-01235	OXFORD_NANOPORE	MinION	992069685.0	133258.0	WGS	GENOMIC	SINGLE	ONT Sequencing of ST specific L. monocytogenes
SRR27972625	SRX23625828	SRS20466051	SRP489819	PRJNA1076692	Providencia stuartii	RIVM_C048758_dorado	OXFORD_NANOPORE	MinION	249492393.0	63642.0	WGS	GENOMIC	SINGLE	RIVM_C048758_dorado
ERR14686206	ERX14087725	ERS23773345	ERP169826	PRJEB86481	Escherichia coli str. K-12 substr. MG1655	K-12	OXFORD_NANOPORE	MinION	230662313.0	73899.0	WGS	GENOMIC	SINGLE	MinION sequencing
ERR10498242	ERX10015531	ERS14254394	ERP142629	PRJEB57633	Escherichia coli		OXFORD_NANOPORE	GridION	342847940.0	61134.0	WGS	GENOMIC	SINGLE	Raw reads: ONT_30821_1#53
DRR453253	DRX438336	DRS450477	DRP012740	PRJDB15212	Arthrobacter sp. T2-23	T2-23	PACBIO_SMRT	Sequel II	2452020632.0	228583.0	WGS	GENOMIC	SINGLE	Sequel II sequencing of SAMD00577794
SRR387017	SRX109921	SRS302375	SRP001087	PRJNA40075	Escherichia coli str. K-12 substr. MG1655	K-12	PACBIO_SMRT	PacBio RS	27449255.0	60667.0	WGS	GENOMIC	SINGLE	Whole Genome Sequencing and Assembly
ERR15384573	ERX14788287	ERS25418430	ERP172131	PRJEB89084	Mycobacterium tuberculosis		OXFORD_NANOPORE	MinION			WGS	GENOMIC	SINGLE	MinION sequencing
SRR8984860	SRX5764122	SRS4698547	SRP040661	PRJNA231221	Pasteurella multocida	FDAARGOS_644	PACBIO_SMRT	PacBio RS	773079729.0	163482.0	WGS	GENOMIC	SINGLE	
ERR14686377	ERX14087896	ERS23773291	ERP169826	PRJEB86481	Escherichia coli str. K-12 substr. MG1655	K-12	OXFORD_NANOPORE	MinION	59554646.0	30184.0	WGS	GENOMIC	SINGLE	MinION sequencing
SRR13957717	SRX10335960	SRS8455504	SRP300861	PRJNA663900	Enterococcus sp. DIV0385	DIV0385	OXFORD_NANOPORE	GridION	1201845086.0	184681.0	WGS	GENOMIC	SINGLE	sequencing of enterococcal diversity
SRR19140297	SRX15207388	SRS12946069	SRP374220	PRJNA834592	Candidatus Phytoplasma australasiaticum		OXFORD_NANOPORE	MinION	662559522.0	52867.0	WGS	GENOMIC	SINGLE	WGS of 'Candidatus Phytoplasma australasia' NCHU2022
SRR26841330	SRX22536951	SRS19546716	SRP472108	PRJNA1018939	Mycoplasmopsis felis	64570	OXFORD_NANOPORE	MinION	45078507.0	32529.0	WGS	GENOMIC	SINGLE	M. felis 13
ERR10468514	ERX9989942	ERS13666401	ERP142288	PRJEB57325	Escherichia coli		OXFORD_NANOPORE	MinION	279205678.0	444593.0	WGS	GENOMIC	SINGLE	MinION sequencing
SRR6478744	SRX3568605	SRS2839664	SRP129911	PRJNA408481	Geminisphaera colitermitum TAV2	TAV2	PACBIO_SMRT	PacBio RS II	921064187.0	514531.0	WGS	GENOMIC	SINGLE	Diplosphaera colotermitum TAV2 methylome
SRR30087330	SRX25560759	SRS22212868	SRP523641	PRJNA1142678	Klebsiella variicola	kv230124_barcode94	OXFORD_NANOPORE	MinION	441331234.0	67514.0	WGS	GENOMIC	SINGLE	Klebsiella variicola strain kv230124_barcode94
SRR10211206	SRX6931038	SRS5461333	SRP191068	PRJNA528511	Escherichia coli	GTEN_298	OXFORD_NANOPORE	GridION	1595811803.0	305520.0	WGS	GENOMIC	SINGLE	Global TravEpiNet AMR surveillance Genome sequencing and assembly
SRR36797818	SRX31784530	SRS27747231	SRP661661	PRJNA1389824	Enterobacter ludwigii		OXFORD_NANOPORE	MinION	698769480.0	462844.0	WGS	GENOMIC	SINGLE	evolved microcosm clones
SRR21472563	SRX17476642	SRS15029880	SRP396115	PRJNA868296	Citrobacter freundii	GD03787	OXFORD_NANOPORE	MinION	434606131.0	46273.0	WGS	GENOMIC	SINGLE	WGS of Citrobacter freundii
SRR27972906	SRX23626259	SRS20465554	SRP489819	PRJNA1076692	Staphylococcus aureus	RIVM_M097114_dorado	OXFORD_NANOPORE	MinION	290978667.0	102398.0	WGS	GENOMIC	SINGLE	RIVM_M097114_dorado
SRR26437475	SRX22142033	SRS19201830	SRP467311	PRJNA1026547	Acinetobacter baumannii	ACC01085_zosurabalpin_7	OXFORD_NANOPORE	GridION	171416901.0	31054.0	WGS	GENOMIC	SINGLE	WGS of Acinetobacter baumannii: ACC01085 derivative with elevated RG6006 MIC
SRR19776549	SRX15820947	SRS12273990	SRP364249	PRJNA816422	Helicobacter pylori	Hpfe064	OXFORD_NANOPORE	MinION	113195161.0	12620.0	WGS	GENOMIC	SINGLE	nanopore sequencing of h. pylori genomic DNA
SRR29866875	SRX25364185	SRS22030086	SRP520572	PRJNA1135535	Priestia megaterium	10	OXFORD_NANOPORE	MinION	862137845.0	144000.0	WGS	GENOMIC	SINGLE	WGS of Priestia megaterium 10: Soybean rhizosphere
SRR19183906	SRX15249262	SRS12981640	SRP375062	PRJNA837734	Listeria monocytogenes	39/1/1W	OXFORD_NANOPORE	MinION	95987091.0	24374.0	WGS	GENOMIC	SINGLE	Nanopore sequencing of Listeria monocytogenes
ERR10452922	ERX9976377	ERS6793991	ERP109413	PRJEB27342	Klebsiella pneumoniae		PACBIO_SMRT	Sequel II	271714596.0	35945.0	WGS	GENOMIC	SINGLE	Sequel II sequencing
SRR30896414	SRX26299607	SRS22828328	SRP536878	PRJNA1134622	Escherichia coli	OXEC-145	OXFORD_NANOPORE	MinION	198566185.0	75791.0	WGS	GENOMIC	SINGLE	OXEC-145
SRR22405939	SRX18375563	SRS15861914	SRP409699	PRJNA887339	Escherichia coli	S6	OXFORD_NANOPORE	MinION	362955000.0	97222.0	WGS	GENOMIC	SINGLE	WGS of E. coli strain S6-220
ERR10676226	ERX10143990	ERS14333325	ERP143248	PRJEB58185	Campylobacter jejuni		OXFORD_NANOPORE	MinION	144225354.0	239577.0	WGS	GENOMIC	PAIRED	MinION paired end sequencing
SRR12395209	SRX8893688	SRS7152710	SRP276100	PRJNA650381	Mycobacterium tuberculosis		OXFORD_NANOPORE	MinION	582668829.0	421982.0	WGS	GENOMIC	SINGLE	Nanopore TB WGS
SRR873684	SRX290498	SRS431670	SRP023526	PRJNA176643	Vibrio parahaemolyticus VP250	VP250	PACBIO_SMRT	PacBio RS	172819105.0	81741.0	WGS	GENOMIC	SINGLE	
SRR8194144	SRX5013572	SRS4047434	SRP168926	PRJNA494557	Streptococcus pyogenes	TSPY453	OXFORD_NANOPORE	GridION	322468648.0	247800.0	WGS	GENOMIC	SINGLE	WGS of S pyogenes TSPY453_ont
SRR3944671	SRX1970660	SRS1559783	SRP076579	PRJNA325667	Gibbsiella quercinecans	FRB97	PACBIO_SMRT	PacBio RS II	1695122652.0	163482.0	WGS	GENOMIC	SINGLE	Whole genome sequece of Gibbsiella quercinecans FRB97: Sample G_quercinecans_FRB97_pacbio
SRR33768749	SRX28991329	SRS22396734	SRP444583	PRJNA962904	Klebsiella pneumoniae		PACBIO_SMRT	Sequel II	103123546.0	5326.0	WGS	GENOMIC	SINGLE	PacBio sequencing of AH0125HE1 for ARCH 2
SRR36068084	SRX31114274	SRS27072670	SRP644837	PRJNA1364846	Staphylococcus hominis	SHOMINIS	OXFORD_NANOPORE	GridION	3635735.0	1578.0	WGS	GENOMIC	SINGLE	Staphylococcus faecalis, DBT kit, 24-plex and 200 ng DNA, replicate 1
DRR670769	DRX650871	DRS468612	DRP013134	PRJDB19275	Marinobacter salarius		PACBIO_SMRT	PacBio RS II	851287724.0	125808.0	WGS	GENOMIC	SINGLE	PacBio RS II sinlge-end Sequencing of KAS22021501 (KAE22230210)
ERR15234048	ERX14639739	ERS25193148	ERP175083	PRJEB92155	Basfia succiniciproducens		PACBIO_SMRT	Revio	1586070000.0	156057.0	WGS	GENOMIC	SINGLE	Revio sequencing
SRR15415564	SRX11717500	SRS9747936	SRP332089	PRJNA528413	Escherichia coli O157:H7	G5101	PACBIO_SMRT	PacBio RS II	2571608968.0	163482.0	WGS	GENOMIC	SINGLE	Genome sequencing of E. coli O157:H7 and O55:H7 strains
SRR36405021	SRX31432129	SRS15378632	SRP649163	PRJNA1230056	Corynebacterium diphtheriae	not applicable	OXFORD_NANOPORE	GridION	608133621.0	89182.0	WGS	GENOMIC	SINGLE	WGS of C. diphtheriae
DRR667317	DRX647419	DRS457063	DRP012869	PRJDB20344	Brassicibacter thermophilus	JCM 30480	PACBIO_SMRT	Revio	181400950.0	15405.0	WGS	GENOMIC	SINGLE	Revio sequencing of SAMD00887367
SRR2917856	SRX1433264	SRS1164252	SRP066221	PRJNA300829	Staphylococcus aureus	V605	PACBIO_SMRT	PacBio RS II	1114381208.0	163482.0	WGS	GENOMIC	SINGLE	Pathogen: clinical or host-associated sample from Staphylococcus aureus
SRR5825968	SRX3003772	SRS1832555	SRP094480	PRJNA279196	Bordetella pertussis		PACBIO_SMRT	PacBio RS II	542105896.0	163482.0	WGS	GENOMIC	SINGLE	
SRR4171291	SRX2139726	ERS1358154	SRP086518	PRJNA303829	Halomonas sp. HL-93	HL-93	PACBIO_SMRT	PacBio RS	350328732.0	109008.0	WGS	GENOMIC	SINGLE	Halomonas sp. HL-93
SRR24138860	SRX19937372	SRS17286123	SRP432102	PRJNA954566	Vibrio cholerae	CMR/2022/NS21	OXFORD_NANOPORE	MinION	1341250488.0	172162.0	WGS	GENOMIC	SINGLE	Oxford Nanopore sequencing of Vibrio cholerae
ERR5671480	ERX5386973	ERS5752940	ERP126298	PRJEB42440	Klebsiella pneumoniae		OXFORD_NANOPORE	GridION	592654758.0	71833.0	WGS	GENOMIC	SINGLE	GridION sequencing
ERR159978	ERX135914	ERS088717	ERP001163	PRJEB2848	Staphylococcus aureus subsp. aureus TW20	TW20	PACBIO_SMRT	PacBio RS	167662851.0	81741.0	WGS	GENOMIC	SINGLE	
SRR7072821	SRX4003268	SRS3225165	SRP143429	PRJNA441674	Halanaerobium congolense	WG5_pb	PACBIO_SMRT	PacBio RS II	653207066.0	188148.0	WGS	GENOMIC	SINGLE	Halanaerobium congolense WG5_pb
DRR628265	DRX608593	DRS438380	DRP012470	PRJDB19807	Escherichia coli O103:H2	20151001	OXFORD_NANOPORE	MinION	2161232316.0	309354.0	WGS	GENOMIC	SINGLE	MinION sequencing of Escherichia coli strain 20151001
SRR24140141	SRX19938936	SRS17287645	SRP247747	PRJNA604975	Escherichia coli	ox_bsi_597	OXFORD_NANOPORE	GridION	239335334.0	59204.0	WGS	GENOMIC	SINGLE	oxford_bsi
SRR21415996	SRX17420492	SRS13526011	SRP361569	PRJNA768416	Caldifermentibacillus hisashii		OXFORD_NANOPORE	MinION	681148262.0	177801.0	WGS	GENOMIC	SINGLE	WGS of Bacilli
SRR13674460	SRX10063902	SRS8226070	SRP040661	PRJNA231221	Bordetella pertussis	FDAARGOS_1367	PACBIO_SMRT	Sequel	3399101765.0	812791.0	WGS	GENOMIC	SINGLE	
ERR10472423	ERX9992768	ERS6795269	ERP109413	PRJEB27342	Klebsiella michiganensis		PACBIO_SMRT	Sequel II	11099544151.0	1892924.0	WGS	GENOMIC	SINGLE	Sequel II sequencing
SRR25466988	SRX21199937	SRS18458350	SRP452337	PRJNA1000618	Escherichia coli	Escherichia coli BL21(DE3)	OXFORD_NANOPORE	MinION	9133185.0	4000.0	WGS	GENOMIC	SINGLE	CASTVK transposition with different condition
SRR6129957	SRX3242360	SRS2490097	SRP116759	PRJNA400855	Pseudomonas lurida	MYb11	PACBIO_SMRT	PacBio RS II	1158817499.0	163482.0	WGS	GENOMIC	SINGLE	WGS of C. elegans microbiome: MYb11
SRR28445679	SRX24049222	SRS20840578	SRP497734	PRJNA1077798	Alteromonas gracilis	J4	OXFORD_NANOPORE	MinION	3180188.0	1000.0	WGS	GENOMIC	SINGLE	Alteromonas gracilis strain J4, whole genome Nanopore Sequencing
ERR10499498	ERX10016784	ERS14256782			Escherichia coli		OXFORD_NANOPORE	GridION	54969756.0	11780.0	WGS	GENOMIC	SINGLE	GridION sequencing; Raw reads: ONT_30345_1#46
SRR5438169	SRX2728127	SRS2116362	SRP103663	PRJNA382643	Streptomyces sp. 3211	3211	PACBIO_SMRT	PacBio RS II	2148528865.0	163482.0	WGS	GENOMIC	SINGLE	WGS of Streptomyces 3211: PacBio-2
ERR10498783	ERX10016072	ERS14255855	ERP142629	PRJEB57633	Escherichia coli		OXFORD_NANOPORE	GridION	54093657.0	8394.0	WGS	GENOMIC	SINGLE	Raw reads: ONT_30602_1#66
SRR9732371	SRX6489635	SRS5138417	SRP215929	PRJNA555902	Variovorax sp. Col-0-8	Col-0-8	OXFORD_NANOPORE	GridION	1027250162.0	176996.0	WGS	GENOMIC	SINGLE	Genome sequencing of bacterial strain Col-0-8
SRR8348953	SRX5159952	SRS3733161	SRP018785	PRJNA186035	Salmonella enterica subsp. enterica serovar Enteritidis	SAP18-H9654	PACBIO_SMRT	PacBio RS II	2040687787.0	163482.0	WGS	GENOMIC	SINGLE	Whole genome PacBio RS sequence of Salmonella enterica subsp. enterica serovar Enteritidis
ERR10499228	ERX10016514	ERS14255624	ERP142629	PRJEB57633	Escherichia coli		OXFORD_NANOPORE	GridION	89399644.0	10560.0	WGS	GENOMIC	SINGLE	Raw reads: ONT_30859_5#377
ERR13600814	ERX12971837	ERS5521153	ERP126193	PRJEB42350	Klebsiella pneumoniae		OXFORD_NANOPORE	GridION	1866142831.0	81779.0	WGS	GENOMIC	SINGLE	GridION sequencing
SRR33300184	SRX28545233	SRS24844387	SRP578427	PRJNA1244367	Bacillus cereus ATCC 14579	D612	OXFORD_NANOPORE	GridION	1319670005.0	276251.0	WGS	GENOMIC	SINGLE	WGS of Bacillus cereus Strain ATCC14580
SRR15989187	SRX12277680	SRS9999098	SRP357537	PRJNA801416	Klebsiella pneumoniae	138	OXFORD_NANOPORE	GridION	872763379.0	148010.0	WGS	GENOMIC	SINGLE	Whole Genome Sequencing of Carbapenemase-producing Enterobacterales (CPE)
SRR34435796	SRX29596905	SRS25718977	SRP599332	PRJNA1193061	Flavobacterium sp. W1B	W1B	OXFORD_NANOPORE	MinION	1254267103.0	216747.0	WGS	GENOMIC	SINGLE	Nanopore genome sequencing of Flavobacterium sp. W1B
SRR29303098	SRX24820157	SRS21490954	SRP511146	PRJNA1119015	Pseudomonas savastanoi pv. phaseolicola 1448A	Pseudomonas syringae	OXFORD_NANOPORE	MinION	1482536924.0	223180.0	WGS	GENOMIC	SINGLE	Nanopore sequenicng of psph_hsdmsrKO_R10
SRR13192616	SRX9626843	SRS7827983	SRP295672	PRJNA681856	Salmonella enterica	LHICA_E1	OXFORD_NANOPORE	MinION	15221691.0	4000.0	WGS	GENOMIC	SINGLE	WGS of Salmonella enterica Lhica E114
SRR873852	SRX290899	SRS432006	SRP023802	PRJNA178404	Bordetella holmesii 30539	30539	PACBIO_SMRT	PacBio RS	394551540.0	81741.0	WGS	GENOMIC	SINGLE	
ERR15197980	ERX14603636	ERS25123447	ERP174390	PRJEB91442	Bacillus cereus		OXFORD_NANOPORE	MinION	530389883.0	421736.0	WGS	GENOMIC	SINGLE	MinION sequencing
SRR30149366	SRX25617267	SRS21937429	SRP518730	PRJNA1133668	Klebsiella pneumoniae	ST258KP194	OXFORD_NANOPORE	MinION	100644998.0	11530.0	WGS	GENOMIC	SINGLE	Nanopore sequencing of clinical CRE isolates: human
SRR18271657	SRX14409943	SRS12219652	SRP363038	PRJNA813862	Cronobacter sakazakii		OXFORD_NANOPORE	GridION	101624420.0	18530.0	WGS	GENOMIC	SINGLE	ONT sequencing of Cronobacter sakazakii for sample WPHL_CS1a
SRR7051015	SRX3982051	SRS3206879	SRP141539	PRJNA442831	Actinokineospora alba	DSM 45114	PACBIO_SMRT	PacBio RS II	467938666.0	95595.0	WGS	GENOMIC	SINGLE	Alloactinosynnema album DSM 45114
SRR12247627	SRX8755540	SRS6976409	SRP266402	PRJNA605147	Escherichia coli	RHB45-SE-C03	OXFORD_NANOPORE	GridION	2060025328.0	224356.0	WGS	GENOMIC	SINGLE	Oxford Nanopore sequencing of Escherichia coli isolate RH20|T1-SEC03 cultured from poultry farm sediment sample
SRR13957722	SRX10335955	SRS8455499	SRP300861	PRJNA663900	Enterococcus sp. DIV1225	DIV1225	OXFORD_NANOPORE	GridION	1665568460.0	209160.0	WGS	GENOMIC	SINGLE	sequencing of enterococcal diversity
SRR18682786	SRX14783931	SRS12542897	SRP368193	PRJNA824265	Staphylococcus haemolyticus	Staphylococcus haemolytic SH-1	PACBIO_SMRT	Sequel II	6496793141.0	635490.0	WGS	GENOMIC	SINGLE	Genome sequence of staphylococcus haemolyticus SH-1
ERR2564842	ERX2583186	ERS2016256	ERP005928	PRJEB6403	Cellulosimicrobium funkei		PACBIO_SMRT	PacBio RS	578796211.0	163482.0	WGS	GENOMIC	SINGLE	PacBio RS sequencing
SRR16525359	SRX12728126	SRS10336647	SRP357534	PRJNA801415	Klebsiella pneumoniae	147	OXFORD_NANOPORE	GridION	2171290623.0	509135.0	WGS	GENOMIC	SINGLE	Extensive diversification and dissemination of blaNDM carbapenemase plasmids in Enterobacterales in Singapore 2010-2015
ERR10499086	ERX10016375	ERS14256081	ERP142629	PRJEB57633	Escherichia coli		OXFORD_NANOPORE	GridION	30330617.0	8200.0	WGS	GENOMIC	SINGLE	Raw reads: ONT_30859_5#133
SRR24807255	SRX20579490	SRS17881479	SRP338930	PRJNA766641	Mycobacterium tuberculosis	IDR 2200000398	OXFORD_NANOPORE	MinION	119698006.0	74736.0	WGS	GENOMIC	SINGLE	MinION sequencing of TB isolates
SRR13673891	SRX10063333	SRS8225525	SRP040661	PRJNA231221	Escherichia coli	FDAARGOS_1300	PACBIO_SMRT	Sequel	3774631908.0	736650.0	WGS	GENOMIC	SINGLE	
SRR15361523	SRX11664024	SRS9696755	SRP331378	PRJNA752621	Nocardia uniformis	GA2-002-2	OXFORD_NANOPORE	MinION	112264773.0	22650.0	WGS	GENOMIC	SINGLE	GA2-002-2
SRR23796539	SRX19628644	SRS16998239	SRP426543	PRJNA942088	Campylobacter jejuni	PS_41_2021	OXFORD_NANOPORE	MinION	70619888.0	11765.0	WGS	GENOMIC	SINGLE	Nanopore sequencing of Campylobacter jejuni from human stool
SRR35181407	SRX30286285	SRS26335175	SRP614210	PRJNA713285	Oligosphaera ethanolica	DSM 24202	PACBIO_SMRT	Sequel II	249682032.0	36174.0	WGS	GENOMIC	SINGLE	Oligosphaera ethanolica DSM 24202
SRR21696365	SRX17693900	SRS11554279	SRP354045	PRJNA747871	Streptomyces anulatus	NBC_01419	OXFORD_NANOPORE	MinION	196194609.0	60285.0	WGS	GENOMIC	SINGLE	nanopore sequencing data from strain NBC_01419
ERR14747248	ERX14148524	ERS23812280	ERP170065	PRJEB86767	Morganella morganii		OXFORD_NANOPORE	MinION	357783661.0	95627.0	WGS	GENOMIC	SINGLE	EXP-18-1-2025-03-14_14-42-05
SRR8303980	SRX5118482	SRS1711235	SRP018785	PRJNA186035	Salmonella enterica subsp. salamae serovar II 4:b:-	CFSAN001016	PACBIO_SMRT	Sequel	1068419169.0	150306.0	WGS	GENOMIC	SINGLE	Whole genome PacBio Sequel sequence of Salmonella enterica subsp. salamae
SRR9842077	SRX6596813	SRS5161959	SRP216475	PRJNA554021	Bartonella bacilliformis	KC583_RZB	PACBIO_SMRT	PacBio RS II	2357236627.0	163482.0	WGS	GENOMIC	SINGLE	DNA Seq of Bartonella bacilliformis KC583_RZB
SRR12811523	SRX9280198	SRS7508093	SRP287122	PRJNA667445	Klebsiella aerogenes	S33_CRE34	PACBIO_SMRT	Sequel	606907351.0	196879.0	WGS	GENOMIC	SINGLE	Genome sequencing of carbapenem-resistant Enterobacteriaceae
SRR12412653	SRX8908831	SRS7166245	SRP276659	PRJNA601875	Burkholderia multivorans	P2Bm2011a	OXFORD_NANOPORE	MinION	99988274.0	19091.0	WGS	GENOMIC	SINGLE	Hybrid sequencing of B. multivorans ST-742
SRR30949834	SRX26352254	SRS22817243	SRP536567	PRJNA1165464	Escherichia coli	Not applicable	OXFORD_NANOPORE	MinION	533510961.0	191166.0	WGS	GENOMIC	SINGLE	Nanopore sequencing of E.coli: blood isolate
ERR14721394	ERX14122819	ERS23791484	ERP170136	PRJEB86838	pig metagenome		OXFORD_NANOPORE	PromethION	12035696981.0	5183650.0	WGS	GENOMIC	SINGLE	Raw reads: DTU_2024_1037153_106_MG_P3_P2_four_rep1
SRR4136155	SRX2118744	SRS1667651	SRP084785	PRJNA257842	Gramella sp. Hel_I_59	Hel_I_59	PACBIO_SMRT	PacBio RS	17790276.0	6681.0	WGS	GENOMIC	SINGLE	Gramella sp. Hel_I_59
SRR30896308	SRX26299713	SRS22828436	SRP536878	PRJNA1134622	Escherichia coli	OXEC-457	OXFORD_NANOPORE	MinION	911106555.0	248516.0	WGS	GENOMIC	SINGLE	OXEC-457
SRR31599410	SRX26964272	SRS23433984	SRP549287	PRJNA1185485	Escherichia coli	970	OXFORD_NANOPORE	PromethION	64416643.0	33371.0	WGS	GENOMIC	SINGLE	wwtp-9n14-barcode38
ERR10498441	ERX10015730	ERS14255461	ERP142629	PRJEB57633	Escherichia coli		OXFORD_NANOPORE	GridION	72917267.0	6772.0	WGS	GENOMIC	SINGLE	Raw reads: ONT_30345_1#63
SRR33968433	SRX29167163	SRS25367661	SRP591870	PRJNA1276484	Mycobacteroides abscessus		OXFORD_NANOPORE	MinION	2063877816.0	398495.0	WGS	GENOMIC	SINGLE	CW29493
ERR15602664	ERX15005888	ERS26882932	ERP180185	PRJEB97707	Escherichia coli		OXFORD_NANOPORE	MinION	66153788.0	13456.0	WGS	GENOMIC	SINGLE	MinION sequencing
SRR14628249	SRX10968924	SRS8660046	SRP321015	PRJNA731114	Pseudomonas aeruginosa	PaLo229	OXFORD_NANOPORE	MinION	352897007.0	61378.0	WGS	GENOMIC	SINGLE	Nanopore sequencing of Pseudomonas aeruginosa isolates
SRR30041330	SRX25515905	SRS21849307	SRP517055	PRJNA1129907	Xanthomonas axonopodis pv. ricini	NCPPB 1684	OXFORD_NANOPORE	PromethION	951279105.0	179852.0	WGS	GENOMIC	SINGLE	Genome sequencing of NCPPB 1684
SRR22032170	SRX18013395	SRS6411766	SRP254847	PRJNA622426	Enterobacter sp. RBG-18-0107-1		OXFORD_NANOPORE	MinION	2491648581.0	380608.0	WGS	GENOMIC	SINGLE	RBG-18-0107-1_nano
SRR31038681	SRX26423970	SRS22943447	SRP539359	PRJNA1174726	Bacillus thuringiensis serovar tenebrionis	Bacillus thuringiensis serovar tenebrionis 4AA1	PACBIO_SMRT	Sequel IIe	527357814.0	95706.0	WGS	GENOMIC	SINGLE	Whole genome sequence of control evolved Btt isolate #4
SRR22253578	SRX18230146	SRS10181574	SRP337456	PRJNA762287	Salmonella enterica subsp. enterica serovar Kentucky	NM17-56	OXFORD_NANOPORE	MinION	2654007985.0	978100.0	WGS	GENOMIC	SINGLE	Nanopore sequencing of Salmonella enterica ser. Kentucky strain NMRL17-56
SRR35785788	SRX30835051	SRS26843696	SRP632095	PRJNA1345082	Escherichia coli	30-2013-C25	OXFORD_NANOPORE	PromethION	64163910.0	20807.0	WGS	GENOMIC	SINGLE	WGS of persistently-infected Escherichia coli strain restreaks
DRR493628	DRX477827	DRS321407	DRP010456	PRJDB16243	Fusobacterium nucleatum	C-V3	PACBIO_SMRT	Sequel II	205280412.0	16475.0	WGS	GENOMIC	SINGLE	Sequel II sequencing of SAMD00632027
ERR15459752	ERX14863639	ERS23132438	ERP168932	PRJEB85558	Salmonella bongori		OXFORD_NANOPORE	PromethION	734833689.0	101959.0	WGS	GENOMIC	SINGLE	PromethION sequencing
SRR13182352	SRX9620234	SRS7822389	SRP040661	PRJNA231221	Butyricimonas virosa	FDAARGOS_1229	PACBIO_SMRT	Sequel	990751155.0	147373.0	WGS	GENOMIC	SINGLE	
ERR10146522	ERX9682627	ERS3361728	ERP140646	PRJEB55717	Vibrio cholerae		OXFORD_NANOPORE	MinION	413819784.0	143620.0	WGS	GENOMIC	SINGLE	MinION sequencing; Raw reads: Minion_sequencing_of_Vibrio_cholerae_isolate_CTMA_1435
SRR27180037	SRX22860439	SRS19835777	SRP477403	PRJNA1049513	Vibrio sp. PBL-C16	PBL-C16	OXFORD_NANOPORE	MinION	29606.0	10.0	WGS	GENOMIC	SINGLE	Vibrio sp. PBL-C16 Genome sequencing and assembly
SRR16525337	SRX12728148	SRS10336693	SRP357537	PRJNA801416	Escherichia coli	448	OXFORD_NANOPORE	GridION	769269024.0	113363.0	WGS	GENOMIC	SINGLE	Extensive diversification and dissemination of blaNDM carbapenemase plasmids in Enterobacterales in Singapore 2010-2015
SRR5828173	SRX3005883	SRS1832551	SRP094480	PRJNA279196	Bordetella pertussis	E024	PACBIO_SMRT	PacBio RS II	970602102.0	163482.0	WGS	GENOMIC	SINGLE	
SRR33323225	SRX28567559	SRS24861666	SRP581476	PRJNA1255637	Pseudomonas aeruginosa	ONT-PA068	OXFORD_NANOPORE	GridION	1409866960.0	170574.0	WGS	GENOMIC	SINGLE	ONT-PA068
SRR12711928	SRX9190793	SRS7426798	SRP285370	PRJNA647647	Streptomyces mexicanus	Marseille-Q0842	OXFORD_NANOPORE	GridION	15677109.0	4000.0	WGS	GENOMIC	SINGLE	ONT of Streptomyces mexicanus : Marseille
SRR12158100	SRX8673637	SRS6953159	SRP270336	PRJNA764920	Pantoea agglomerans	AR1a	PACBIO_SMRT	PacBio RS II	1531051676.0	186607.0	WGS	GENOMIC	SINGLE	PacBio sequencing of Pantoea agglomerans AR1a
SRR8866922	SRX5654061	SRS4599157	SRP191432	PRJNA522501	Stenotrophomonas sp. 1047	1047	PACBIO_SMRT	Sequel	1205771026.0	360957.0	WGS	GENOMIC	SINGLE	Stenotrophomonas sp. 1047
SRR14664061	SRX11002667	SRS9076887	SRP321552	PRJNA729255	Xanthomonas campestris pv. campestris	GBBC 1429	OXFORD_NANOPORE	MinION	295038014.0	73006.0	WGS	GENOMIC	SINGLE	long read sequencing of GBBC 1429
SRR27468022	SRX23139567	SRS20090611	SRP482627	PRJNA1062709	Limosilactobacillus fermentum	A119	PACBIO_SMRT	Sequel	1119273266.0	3737161.0	WGS	GENOMIC	PAIRED	wgs of L.fermentum A119
ERR14711327	ERX14112754	ERS23791396	ERP170064	PRJEB86764	Enterococcus faecium		OXFORD_NANOPORE	MinION	518950227.0	161273.0	WGS	GENOMIC	SINGLE	EXP-8-1-2025-03-10_15-27-00
SRR1618500	SRX737208	SRS725098	SRP049110	PRJNA244043	Burkholderia mallei	2000031063	PACBIO_SMRT	PacBio RS	2522711563.0	451024.0	WGS	GENOMIC	SINGLE	PacBio Data for Burkholderia mallei 2000031063
SRR4178604	SRX2142052	SRS1673778	SRP086920	PRJNA303855	Flavimobilis soli	DSM 21574	PACBIO_SMRT	PacBio RS	814783500.0	186502.0	WGS	GENOMIC	SINGLE	Sanguibacter soli DSM 21574
SRR11818585	SRX8369552	SRS6679973	SRP262346	PRJNA525085	Streptococcus mutans	MD	PACBIO_SMRT	Sequel II	220061335.0	30663.0	WGS	GENOMIC	SINGLE	S. mutans strain MD
SRR8606682	SRX5406099	SRS4390877	SRP186521	PRJNA523637	Acinetobacter baumannii	clinical	OXFORD_NANOPORE	GridION	3137479766.0	167099.0	WGS	GENOMIC	SINGLE	DNA-Seq of Ab
SRR13957754	SRX10335923	SRS8455467	SRP300861	PRJNA663900	Enterococcus sp. AZ014	AZ014	OXFORD_NANOPORE	GridION	662464364.0	248721.0	WGS	GENOMIC	SINGLE	sequencing of enterococcal diversity
SRR388136	SRX110615	SRS000872	SRP000269	PRJNA32793	Neisseria gonorrhoeae FA19	FA19	PACBIO_SMRT	PacBio RS	60629324.0	81741.0	WGS	GENOMIC	SINGLE	Whole Genome Sequencing and Assembly
SRR4181620	SRX2142851	SRS1674408	SRP087003	PRJNA303701	Jiangella alba	DSM 45237	PACBIO_SMRT	PacBio RS	993542060.0	298511.0	WGS	GENOMIC	SINGLE	Jiangella alba DSM 45237
ERR13194262	ERX12565127	ERS20185774	ERP160059	PRJEB75483	Bosea sp. LjRoot145		OXFORD_NANOPORE	MinION	246995918.0	37698.0	WGS	GENOMIC	SINGLE	MinION sequencing
SRR33323164	SRX28567620	SRS24861727	SRP581476	PRJNA1255637	Enterococcus faecium	ONT-EF09	OXFORD_NANOPORE	GridION	208130580.0	39026.0	WGS	GENOMIC	SINGLE	ONT-EF09
SRR13790226	SRX10175321	SRS8324254	SRP308340	PRJNA704656	Streptococcus equi subsp. equi	20-098	PACBIO_SMRT	Sequel	588026374.0	168082.0	WGS	GENOMIC	SINGLE	PacBio whole genome sequencing of Streptococcu equi
ERR11049010	ERX10495801	ERS14796242	ERP145810	PRJEB60752	Escherichia coli		OXFORD_NANOPORE	MinION	402290528.0	38926.0	WGS	GENOMIC	SINGLE	Raw reads: IMT44738_[Oxford_Nanopore]
SRR2060968	SRX1056937	SRS956086	SRP059212	PRJNA285947	Massilia sp. WF1	WF1	PACBIO_SMRT	PacBio RS II	42173135.0	15148.0	WGS	GENOMIC	SINGLE	Massilia WF1 PacBio RS2 genome
ERR3218384	ERX3245911	ERS2176422	ERP011196	PRJEB10018	Klebsiella pneumoniae		PACBIO_SMRT	PacBio RS	2862141595.0	163482.0	WGS	GENOMIC	SINGLE	PacBio RS sequencing
SRR19542736	SRX15594657	SRS13295886	SRP378454	PRJNA845091	Burkholderia gladioli	not collected	PACBIO_SMRT	Sequel II	1690390995.0	327510.0	WGS	GENOMIC	SINGLE	Pacbio sequence of  Burkholderia gladioli: tgs1
SRR21630419	SRX17630980	SRS11554639	SRP354045	PRJNA747871	Streptomyces sp. NBC_00683	NBC_00683	OXFORD_NANOPORE	MinION	520227190.0	57636.0	WGS	GENOMIC	SINGLE	nanopore sequencing data from strain NBC_00683
SRR27972558	SRX23625895	SRS20465757	SRP489819	PRJNA1076692	Staphylococcus aureus	RIVM_M099734_dorado	OXFORD_NANOPORE	MinION	318759123.0	150769.0	WGS	GENOMIC	SINGLE	RIVM_M099734_dorado
SRR34727957	SRX29862315	SRS25965244	SRP603812	PRJNA1297122	Citrobacter portucalensis	missing	OXFORD_NANOPORE	MinION	715266727.0	163368.0	WGS	GENOMIC	SINGLE	Nanopore sequencing of
SRR31024344	SRX26411219	SRS22931174	SRP539092	PRJNA1174068	Vibrio cholerae	mHDM VC244	OXFORD_NANOPORE	PromethION	134821656.0	76339.0	WGS	GENOMIC	SINGLE	WGS of Vcholerae isolates
SRR3823460	SRX1901291	SRS1544018	SRP078020	PRJNA311623	Flavobacteriaceae bacterium UJ101	UJ101	PACBIO_SMRT	PacBio RS II	1377088433.0	163482.0	WGS	GENOMIC	SINGLE	UJ101 Base modification detection and motif analysis by SMRT
SRR21415589	SRX17420291	SRS12114982	SRP361569	PRJNA768416	Lysinibacillus sp. FSL K6-3209		OXFORD_NANOPORE	MinION	163255116.0	29594.0	WGS	GENOMIC	SINGLE	WGS of Bacilli
SRR15989223	SRX12277644	SRS9999061	SRP357537	PRJNA801416	Enterobacter cloacae	-	OXFORD_NANOPORE	GridION	877130395.0	140161.0	WGS	GENOMIC	SINGLE	Whole Genome Sequencing of Carbapenemase-producing Enterobacterales (CPE)
SRR6976460	SRX3918071	SRS3153139	SRP139246	PRJNA442007	Flavobacterium sp. 120	120	PACBIO_SMRT	PacBio RS II	461757052.0	99184.0	WGS	GENOMIC	SINGLE	Flavobacterium sp. 120
SRR35213359	SRX30316998	SRS26363933	SRP615992	PRJNA1301220	Acinetobacter baumannii	ABO22-H033	OXFORD_NANOPORE	MinION	63921121.0	11587.0	WGS	GENOMIC	SINGLE	Whole geneme sequencing of Acinetobacter baumannii: isolates of the Ab-One study
ERR10498961	ERX10016250	ERS14255611	ERP142629	PRJEB57633	Escherichia coli		OXFORD_NANOPORE	GridION	102966908.0	12773.0	WGS	GENOMIC	SINGLE	Raw reads: ONT_30821_1#122
SRR13680628	SRX10070080	SRS8231710	SRP303037	PRJNA694442	Salmonella enterica		OXFORD_NANOPORE	GridION	1976270096.0	292568.0	WGS	GENOMIC	SINGLE	Multiplex WGS of Salmonella enterica
ERR4179766	ERX4143190	ERS4590715	ERP121964	PRJEB38523	Mycoplasmopsis bovis		OXFORD_NANOPORE	MinION	4224367182.0	1495970.0	WGS	GENOMIC	SINGLE	MinION sequencing
SRR10556255	SRX7237990	SRS5737565	SRP233767	PRJNA460376	Clostridium beijerinckii	DJ243	PACBIO_SMRT	PacBio RS II	485131831.0	166565.0	WGS	GENOMIC	SINGLE	Clostridium beijerinckii DJ243
ERR10498498	ERX10015787	ERS14256098	ERP142629	PRJEB57633	Escherichia coli		OXFORD_NANOPORE	GridION	221616314.0	60491.0	WGS	GENOMIC	SINGLE	Raw reads: ONT_30348_1#266
ERR9364100	ERX8906349	ERS11202325	ERP136327	PRJEB51675	Vibrio cholerae O1 biovar El Tor	not provided	OXFORD_NANOPORE	MinION	628333115.0	51791.0	WGS	GENOMIC	SINGLE	MinION sequencing
ERR11030085	ERX10466019	ERS14796080	ERP145810	PRJEB60752	Escherichia coli		OXFORD_NANOPORE	MinION	674384901.0	143902.0	WGS	GENOMIC	SINGLE	Raw reads: N16-00857_[Oxford_Nanopore]
SRR32527943	SRX27839585	SRS24213980	SRP567071	PRJNA1230128	Salmonella enterica subsp. enterica serovar Typhimurium	22EPA044NSA_13	OXFORD_NANOPORE	MinION	295147353.0	52423.0	WGS	GENOMIC	SINGLE	nanopore sequence of Salmonella enterica
SRR10318385	SRX7029302	SRS5549636	SRP224882	PRJNA483500	Escherichia coli O145	RM10425-C1	PACBIO_SMRT	PacBio RS II	2359372850.0	163482.0	WGS	GENOMIC	SINGLE	Complete genome sequence of a Shiga toxin-producing Escherichia coli environmental isolate
SRR33475248	SRX28710630	SRS24976624	SRP583947	PRJNA1260529	Klebsiella pneumoniae	964Kp	OXFORD_NANOPORE	MinION	124348438.0	36841.0	WGS	GENOMIC	SINGLE	Illumina Klebasiella pneumoniae ST147 NDM-1 OXA-48
SRR28434680	SRX24038702	SRS20831710	SRP497546	PRJNA1091452	Klebsiella pneumoniae	KP18-PS	OXFORD_NANOPORE	MinION	216670959.0	195883.0	WGS	GENOMIC	SINGLE	ONT performance study sequencing of K. pneumoniae
SRR30949621	SRX26352165	SRS22817425	SRP536567	PRJNA1165464	Escherichia coli	Not applicable	OXFORD_NANOPORE	MinION	263883182.0	76240.0	WGS	GENOMIC	SINGLE	Nanopore sequencing of E.coli: blood isolate
SRR21541353	SRX17543588	SRS12514034	SRP367713	PRJNA823737	Ralstonia solanacearum	missing	OXFORD_NANOPORE	MinION	20565123.0	6218.0	WGS	GENOMIC	SINGLE	Whole genome sequencing of Ralstonia solanacearum
SRR4131338	SRX2114708	SRS1667279	SRP084642	PRJNA251768	Cellulophaga sp. Hel_I_12	Hel_I_12	PACBIO_SMRT	PacBio RS	386252234.0	140598.0	WGS	GENOMIC	SINGLE	Cellulophaga sp. Hel_I_12
SRR15171318	SRX11478505	SRS9518528	SRP328635	PRJNA746600	Bacteroides eggerthii	DSM 20697	OXFORD_NANOPORE	MinION	2313736725.0	508536.0	WGS	GENOMIC	SINGLE	WGS of Bacteroides-eggerthii-DSM-20697 library1 using OXFORD_NANOPORE
SRR21851324	SRX17839870	SRS15361953	SRP401803	PRJNA888965	Bacillus anthracis	7702	OXFORD_NANOPORE	GridION	773589806.0	129986.0	WGS	GENOMIC	SINGLE	WGS of Bacillus anthracis Sterne 7702 wildtype
SRR27379389	SRX23055662	SRS20015697	SRP480616	PRJNA1055176	Escherichia coli	Not available	OXFORD_NANOPORE	MinION	1938775453.0	340718.0	WGS	GENOMIC	SINGLE	Whole genome sequence of E. coli
ERR8778887	ERX8468039	ERS10590080	ERP135063	PRJEB50487	Acinetobacter baylyi		OXFORD_NANOPORE	MinION	830739251.0	147545.0	WGS	GENOMIC	SINGLE	MinION sequencing
SRR17880879	SRX14040200	SRS10450445	SRP340037	PRJNA768294	Klebsiella quasipneumoniae subsp. similipneumoniae	07A044T	PACBIO_SMRT	PacBio RS II	259631374.0	64959.0	WGS	GENOMIC	SINGLE	Genomic sequencing of SB30
SRR787473	SRX252683	SRS401431	SRP019218	PRJNA188139	Vibrio cholerae	2011EL-2320	PACBIO_SMRT	PacBio RS	268861780.0	81741.0	WGS	GENOMIC	SINGLE	2011EL-2320
SRR33895194	SRX29106659	SRS25312999	SRP590843	PRJNA1272507	Salmonella enterica	SAL-234	OXFORD_NANOPORE	GridION	378296481.0	65546.0	WGS	GENOMIC	SINGLE	ONT-WGS of Salmonella enterica
ERR15516494	ERX14920340	ERS6435481	ERP129122	PRJEB45009	Escherichia coli		OXFORD_NANOPORE	GridION	445214621.0	94558.0	WGS	GENOMIC	SINGLE	GridION sequencing
SRR13289859	SRX9718887	SRS7252302	SRP278657	PRJNA658369	Klebsiella pneumoniae	ARLG-3240	OXFORD_NANOPORE	GridION	3498630283.0	527344.0	WGS	GENOMIC	SINGLE	ONT seq of K. pneumoniae
ERR10498799	ERX10016088	ERS14256154	ERP142629	PRJEB57633	Escherichia coli		OXFORD_NANOPORE	GridION	141396089.0	18049.0	WGS	GENOMIC	SINGLE	Raw reads: ONT_30602_1#86
SRR26193458	SRX21904964	SRS18990966	SRP463451	PRJNA1021585	Mycobacterium tuberculosis	15	PACBIO_SMRT	Sequel II	1279706890.0	432555.0	WGS	GENOMIC	SINGLE	PreXDR-TB
SRR33768954	SRX28991125	SRS22456232	SRP444583	PRJNA962904	Escherichia coli		PACBIO_SMRT	Sequel II	693634673.0	34558.0	WGS	GENOMIC	SINGLE	PacBio sequencing of AH0262HC2 for ARCH 2
SRR28208387	SRX23820766	SRS20643049	SRP493058	PRJNA1070810	Mesomycoplasma ovipneumoniae	CHIF6_MARM	OXFORD_NANOPORE	MinION	746966012.0	198107.0	WGS	GENOMIC	SINGLE	WGS of Mycoplasma ovipneumoniae
SRR35246389	SRX30349288	SRS26392411	SRP617066	PRJNA893735	Paraburkholderia youngii	JPY284	PACBIO_SMRT	Sequel IIe	554733918.0	66917.0	WGS	GENOMIC	SINGLE	Paraburkholderia youngii JPY284
SRR24140473	SRX19939000	SRS17287709	SRP247747	PRJNA604975	Escherichia coli	ox_bsi_665	OXFORD_NANOPORE	GridION	258686839.0	141328.0	WGS	GENOMIC	SINGLE	oxford_bsi
ERR2528464	ERX2547345	ERS2016158	ERP005928	PRJEB6403	Yersinia pestis		PACBIO_SMRT	PacBio RS	51540147.0	163482.0	WGS	GENOMIC	SINGLE	PacBio RS sequencing
SRR12247581	SRX8755586	SRS6976454	SRP266402	PRJNA605147	Escherichia coli	RHB02-E1-C06	OXFORD_NANOPORE	GridION	326131097.0	60174.0	WGS	GENOMIC	SINGLE	Oxford Nanopore sequencing of Escherichia coli isolate RH02|T1-E1C06 cultured from pig farm sediment sample
SRR31690046	SRX27051845	SRS23446146	SRP385391	PRJNA856406	Enterococcus faecium	AUSMDU00039265	OXFORD_NANOPORE	GridION	529820445.0	374039.0	WGS	GENOMIC	SINGLE	Whole genome sequencing of Enterococcus sp from Victoria, Australia Raw ONT sequence reads
SRR8776891	SRX5566879	SRS4529902	SRP189296	PRJNA528186	Staphylococcus aureus	UP_1395	OXFORD_NANOPORE	MinION	803221285.0	119557.0	WGS	GENOMIC	SINGLE	UP_1395_nanopore
ERR13848621	ERX13251387	ERS14786570	ERP145798	PRJEB60743	Klebsiella pneumoniae		OXFORD_NANOPORE	GridION	1010538022.0	387003.0	WGS	GENOMIC	SINGLE	GridION sequencing
SRR30200625	SRX25663757	SRS22306287	SRP525621	PRJNA1133913	Klebsiella pneumoniae	3025_kpn	OXFORD_NANOPORE	GridION	1010926177.0	70000.0	WGS	GENOMIC	SINGLE	ONT seq of kpn:tracheal aspirate
SRR4156467	SRX2134096	SRS1669557	SRP085752	PRJNA303551	Thermus sediminis	L198	PACBIO_SMRT	PacBio RS	151112533.0	47209.0	WGS	GENOMIC	SINGLE	Thermus sp. L198
SRR5851805	SRX3021408	SRS1832502	SRP094480	PRJNA279196	Bordetella pertussis	I754	PACBIO_SMRT	PacBio RS II	1193002477.0	163482.0	WGS	GENOMIC	SINGLE	
SRR23088705	SRX19041193	SRS16456435	SRP125025	PRJNA415108	Enterobacter roggenkampii	120063	OXFORD_NANOPORE	MinION	1573704134.0	249580.0	WGS	GENOMIC	SINGLE	Long read sequencing of Enterobacter roggenkampii strain 120063
ERR2192971	ERX2249086	ERS1826203	ERP005928	PRJEB6403	Campylobacter jejuni	NCTC13255	PACBIO_SMRT	PacBio RS	1075003457.0	163482.0	WGS	GENOMIC	SINGLE	PacBio RS sequencing
ERR10042295	ERX9582263	ERS6425957	ERP109413	PRJEB27342	Klebsiella pneumoniae		PACBIO_SMRT	Sequel II	1269513469.0	163922.0	WGS	GENOMIC	SINGLE	Sequel II sequencing
SRR10522316	SRX7207066	SRS5711527	SRP232856	PRJNA370150	Clostridium beijerinckii	DJ057	PACBIO_SMRT	PacBio RS II	924149356.0	307717.0	WGS	GENOMIC	SINGLE	Clostridium beijerinckii DJ057
SRR12527048	SRX9017009	SRS7268057	SRP278947	PRJNA594092	Bacillus subtilis	R31	PACBIO_SMRT	Sequel	1907991061.0	238705.0	WGS	GENOMIC	SINGLE	Bacillus subtilis R31
ERR16137084	ERX15526750	SRS4358217	ERP187675	PRJEB106623	Neisseria gonorrhoeae	AUSMDU00013246	OXFORD_NANOPORE	MinION	347263140.0	63035.0	WGS	GENOMIC	SINGLE	Raw reads: AUNG1251
SRR16940852	SRX13132865	SRS11066467	SRP346006	PRJNA554638	Escherichia coli	ESBL22	PACBIO_SMRT	Sequel	362042905.0	79506.0	WGS	GENOMIC	SINGLE	Pacbio of ESBL producing Escherichia coli
SRR35787243	SRX30836526	SRS24114681	SRP564778	PRJNA1225312	Salmonella enterica	Enteritidis	PACBIO_SMRT	Revio	6048084163.0	775239.0	WGS	GENOMIC	SINGLE	Whole-genome sequencing of Salmonella Enteritidis
SRR36120999	SRX31165066	SRS27151251	SRP647482	PRJNA1367479	Klebsiella quasivariicola	SW-9	OXFORD_NANOPORE	MinION	329735860.0	41543.0	WGS	GENOMIC	SINGLE	WGS of SW-9
SRR12056027	SRX8584417	SRS6875923	SRP268044	PRJNA462555	Clostridium beijerinckii	DJ213	PACBIO_SMRT	PacBio RS II	638015937.0	158975.0	WGS	GENOMIC	SINGLE	Clostridium beijerinckii DJ213
SRR7051035	SRX3982072	SRS3206895	SRP141551	PRJNA442830	Pseudonocardia autotrophica	DSM 535	PACBIO_SMRT	PacBio RS II	576187592.0	120394.0	WGS	GENOMIC	SINGLE	Amycolata autotrophica DSM 535
SRR35213259	SRX30317099	SRS26364034	SRP615992	PRJNA1301220	Acinetobacter baumannii	ABO22-H020	OXFORD_NANOPORE	MinION	148518183.0	20575.0	WGS	GENOMIC	SINGLE	Whole geneme sequencing of Acinetobacter baumannii: isolates of the Ab-One study
SRR16683343	SRX12883934	SRS10826583	SRP344087	PRJNA767613	Pectobacterium versatile	SR1	OXFORD_NANOPORE	GridION	2177705857.0	106461.0	WGS	GENOMIC	SINGLE	Whole genome of soft rot bacteria
SRR21134672	SRX17147023	SRS14719145	SRP392999	PRJNA871056	Endozoicomonas gorgoniicola	PS125	PACBIO_SMRT	Sequel II	1053532756.0	117487.0	WGS	GENOMIC	SINGLE	PacBio sequences of Endozoicomonas gorgoniicola
SRR12971188	SRX9423574	SRS7638422	SRP290944	PRJNA674061	Salmonella enterica subsp. enterica serovar Heidelberg	missing	OXFORD_NANOPORE	MinION	458796474.0	84447.0	WGS	GENOMIC	SINGLE	Transconjugant Salmonella enterica serovar Heidelberg (DPI:21) (Group:Str-Amp) (ID:PG20180129)
SRR901640	SRX306455	SRS445413	SRP026059	PRJNA203569	Mycobacteroides abscessus MAB_091912_2446	MAB_091912_2446	PACBIO_SMRT	PacBio RS	560812570.0	81741.0	WGS	GENOMIC	SINGLE	
SRR2019241	SRX1025859	SRS934834	SRP042343	PRJNA243331	Escherichia coli	CFSAN029787	PACBIO_SMRT	PacBio RS II	1022800111.0	163482.0	WGS	GENOMIC	SINGLE	Whole genome shotgun sequencing of Escherichia coli  serovar O96:H19 str. CFSAN029787 by Pacific Biosciences SMRT
SRR31565405	SRX26931260	SRS23404770	SRP548643	PRJNA1192988	Vibrio cholerae	CIV3	OXFORD_NANOPORE	MinION	138570261.0	48367.0	WGS	GENOMIC	SINGLE	PulseNet Africa ONT sequencing of Vibrio cholerae isolates
SRR15031914	SRX11343465	SRS9383692	SRP326726	PRJNA737600	Streptomyces sp. GMY02	GMY02	OXFORD_NANOPORE	GridION	8250215.0	4000.0	WGS	GENOMIC	SINGLE	WGS Streptomyces sp. GMY02
SRR6786648	SRX3746074	SRS3002489	SRP133392	PRJNA433676	Enterococcus faecium		PACBIO_SMRT	PacBio RS II	1924668285.0	163482.0	WGS	GENOMIC	SINGLE	Cross-sectional study of vancomycin-resistant Enterococcus faecium in Victoria, Australia (Nov-Dec.2015).
ERR4762748	ERX4635814	ERS5248009	ERP124695	PRJEB40976	Enterococcus faecalis		OXFORD_NANOPORE	GridION	682746999.0	38908.0	WGS	GENOMIC	SINGLE	GridION sequencing; Raw reads: 27688_1#124
ERR3013202	ERX3015654	ERS1989727	ERP011196	PRJEB10018	Klebsiella pneumoniae		PACBIO_SMRT	PacBio RS	904811231.0	163482.0	WGS	GENOMIC	SINGLE	PacBio RS sequencing
SRR30188653	SRX25654222	SRS22297018	SRP458186	PRJNA1012291	Enterococcus	Enterococcus faecium	OXFORD_NANOPORE	MinION	1575264518.0	563669.0	WGS	GENOMIC	SINGLE	Nanopore sequencing data of VRE
ERR7776857	ERX7344904	ERS9620869	ERP133740	PRJEB49256	Escherichia coli		OXFORD_NANOPORE	MinION	383934615.0	83922.0	WGS	GENOMIC	SINGLE	MinION sequencing
SRR35556809	SRX30631251	SRS4051507	SRP150360	PRJNA475751	Klebsiella pneumoniae	KLP00167	OXFORD_NANOPORE	MinION	144712918.0	25520.0	WGS	GENOMIC	SINGLE	WGS Sequencing of Klebsiella pneumoniae
SRR21415777	SRX17420103	SRS12115268	SRP361569	PRJNA768416	Paenibacillus sp. FSL R5-0876	FSL R5-0876	OXFORD_NANOPORE	MinION	996081438.0	134269.0	WGS	GENOMIC	SINGLE	WGS of Bacilli
ERR13655786	ERX13026488	ERS20964731	ERP152411	PRJEB67372	Streptomyces sp. enrichment culture		PACBIO_SMRT	Revio	626179619.0	91625.0	WGS	GENOMIC	SINGLE	Raw reads: SudanB108_2063
SRR33774785	SRX28997224	SRS25215298	SRP588972	PRJNA1253714	Escherichia coli	I4	OXFORD_NANOPORE	PromethION	396381226.0	27925.0	WGS	GENOMIC	SINGLE	I4g Oxfrod Nanopore sequencing
SRR34967597	SRX30086640	SRS26152845	SRP608514	PRJNA1305037	Enterobacter hormaechei	MI_KPC_19	OXFORD_NANOPORE	PromethION	413971525.0	59167.0	WGS	GENOMIC	SINGLE	KPC CRE collection from state of Michigan
DRR403242	DRX388941	DRS254990	DRP008960	PRJDB9531	Escherichia coli	IPCEC48	OXFORD_NANOPORE	MinION	2389054098.0	510111.0	WGS	GENOMIC	SINGLE	MinION sequencing of SAMD00533655
SRR22099512	SRX18079497	SRS15583588	SRP405283	PRJNA894817	Arthrobacter sp. ATA002	ATA002	OXFORD_NANOPORE	MinION	271680427.0	100206.0	WGS	GENOMIC	SINGLE	Arthrobacter_M1
ERR10042318	ERX9582286	ERS6425982	ERP109413	PRJEB27342	Klebsiella pasteurii		PACBIO_SMRT	Sequel II	2325496528.0	337472.0	WGS	GENOMIC	SINGLE	Sequel II sequencing
SRR8359505	SRX5170200	SRS2756246	SRP046387	PRJNA218110	Escherichia albertii	2013C-4143	PACBIO_SMRT	PacBio RS II	1561351753.0	163482.0	WGS	GENOMIC	SINGLE	Whole genome sequencing of Escherichia albertii
SRR3756863	SRX1905949	SRS1546722	SRP078110	PRJNA214528	Levilactobacillus brevis AG48	AG48	PACBIO_SMRT	PacBio RS	461443823.0	143395.0	WGS	GENOMIC	SINGLE	Lactobacillus brevis AG48
ERR15107554	ERX14512252	ERS24548483	ERP170535	PRJEB87311	Pseudochrobactrum saccharolyticum		OXFORD_NANOPORE	MinION	248297315.0	46918.0	WGS	GENOMIC	SINGLE	Raw reads: Ochrobactrum/Pseudochrobactrum Diversity in Compost Heaps, sample T1_IV4 MPB25528
SRR11211680	SRX7824616	SRS595049	SRP041316	PRJNA233522	Rhodococcoides fascians A25f	A25f	OXFORD_NANOPORE	MinION	184439958.0	45552.0	WGS	GENOMIC	SINGLE	Sequencing of SAMN02569991
SRR29931817	SRX25425683	SRS22086157	SRP521707	PRJNA1139194	Shigella sonnei	3.6.1.1.2	OXFORD_NANOPORE	GridION	439841377.0	116751.0	WGS	GENOMIC	SINGLE	Nanopore sequencing of Shigella
SRR27301226	SRX22978758	SRS19944386	SRP479212	PRJNA1055088	Staphylococcus pseudintermedius	MLST 84	OXFORD_NANOPORE	PromethION	310861978.0	157123.0	WGS	GENOMIC	SINGLE	WGS of S. pseudintermedius canine isolate 11-033
SRR33769444	SRX28991918	SRS22455966	SRP444583	PRJNA962904	Klebsiella pneumoniae		PACBIO_SMRT	Sequel II	81227092.0	20058.0	WGS	GENOMIC	SINGLE	PacBio sequencing of AH0902HC1 for ARCH 2
SRR3756842	SRX1905928	SRS1546719	SRP078107	PRJNA237253	Enterococcus faecalis 68A	68A	PACBIO_SMRT	PacBio RS	150939852.0	68074.0	WGS	GENOMIC	SINGLE	Enterococcus faecalis 68A
ERR4999557	ERX4809043	ERS5472647	ERP125356	PRJEB41562	Escherichia coli		PACBIO_SMRT	PacBio RS	4951292.0	3.0	WGS	GENOMIC	SINGLE	PacBio RS sequencing
SRR33769454	SRX28991908	SRS22456189	SRP444583	PRJNA962904	Klebsiella pneumoniae		PACBIO_SMRT	Sequel II	73450821.0	16509.0	WGS	GENOMIC	SINGLE	PacBio sequencing of AH0918HE2 for ARCH 2
SRR11209184	SRX7822249	SRS6233359	SRP251108	PRJNA609126	Staphylococcus aureus	SA1428	OXFORD_NANOPORE	GridION	100060917.0	4000.0	WGS	GENOMIC	SINGLE	Genome sequence of a chronic Staphylococcus aureus isolated from dairy cow that is non-responsive to antibiotic treatment
SRR27467515	SRX23139115	SRS20090173	SRP482617	PRJNA942599	Staphylococcus aureus	Dog138	PACBIO_SMRT	Sequel II	850042743.0	78300.0	WGS	GENOMIC	SINGLE	PacBio sequencing of canine Staphylococcaceae isolated from a Kenyan shelter in June 2090
SRR33251915	SRX28497813	SRS24815195	SRP580503	PRJNA1254181	Escherichia coli		OXFORD_NANOPORE	MinION	714039734.0	133883.0	WGS	GENOMIC	SINGLE	long read whole genome sequencing of Escherichia coli: neonatal blood
DRR295314	DRX284770	DRS478499	DRP004189	PRJDB5929	Klebsiella pneumoniae	C1297	OXFORD_NANOPORE	GridION	2207220829.0	373875.0	WGS	GENOMIC	SINGLE	GridION sequencing of SAMD00324219
SRR30896549	SRX26300020	SRS22828742	SRP536878	PRJNA1134622	Escherichia coli	OXEC-97	OXFORD_NANOPORE	MinION	197573026.0	64349.0	WGS	GENOMIC	SINGLE	OXEC-97
SRR34973681	SRX30093162	SRS26158013	SRP608514	PRJNA1305037	Klebsiella pneumoniae	MI_KPC_667	OXFORD_NANOPORE	PromethION	356874576.0	59180.0	WGS	GENOMIC	SINGLE	KPC CRE collection from state of Michigan
SRR516883	SRX148633	SRS281882	SRP013241	PRJNA73829	Vibrio cholerae		PACBIO_SMRT	PacBio RS	38408316.0	60667.0	WGS	GENOMIC	SINGLE	Whole Genome Sequencing of Haitian Vibrio cholerae: Continuous Long Read (CLR) data
SRR25755478	SRX21478566	SRS18711146	SRP456906	PRJNA935111	Streptomyces niveus	P8-A1	OXFORD_NANOPORE	MinION	230411513.0	54259.0	WGS	GENOMIC	SINGLE	P8-A1_long-reads
ERR10741452	ERX10190757	ERS14394729	ERP143791	PRJEB58724	Klebsiella pneumoniae		OXFORD_NANOPORE	MinION	67628337.0	29271.0	WGS	GENOMIC	SINGLE	NIHR Nanopore Sequencing
DRR403240	DRX388939	DRS254988	DRP008960	PRJDB9531	Escherichia coli	IPCEC31	OXFORD_NANOPORE	MinION	1220975024.0	166304.0	WGS	GENOMIC	SINGLE	MinION sequencing of SAMD00533653
SRR5181834	SRX2497943	SRS1924796	SRP096895	PRJNA353873	Mycobacterium tuberculosis		PACBIO_SMRT	PacBio RS	429315477.0	163482.0	WGS	GENOMIC	SINGLE	DNA of Mtb
ERR13802572	ERX13203324	ERS21186447	ERP164461	PRJEB80477	Staphylococcus aureus		OXFORD_NANOPORE	MinION	157807645.0	76130.0	WGS	GENOMIC	SINGLE	MinION sequencing
SRR16004121	SRX12291796	SRS10265611	SRP338151	PRJNA764829	Lactobacillus helsingborgensis	IBH002	OXFORD_NANOPORE	MinION	21927945.0	4874.0	WGS	GENOMIC	SINGLE	Lactobacillus species from Apis mellifera, Switzerland
ERR2532009	ERX2550438	ERS2409723	ERP005928	PRJEB6403	Janthinobacterium lividum	NCTC7150	PACBIO_SMRT	PacBio RS	1460402936.0	163482.0	WGS	GENOMIC	SINGLE	PacBio RS sequencing
SRR6831559	SRX3787639	SRS3040338	SRP135639	PRJNA369951	Paraburkholderia sp. BL27I4N3	BL27I4N3	PACBIO_SMRT	PacBio RS II	517232325.0	135737.0	WGS	GENOMIC	SINGLE	Paraburkholderia sp BL27I4N3
SRR25570560	SRX21299251	SRS18507674	SRP395888	PRJNA812595	Escherichia coli	PNUSAE145745	OXFORD_NANOPORE	GridION	1275977671.0	199513.0	WGS	GENOMIC	SINGLE	Escherichia coli
DRR503506	DRX487499	DRS331145	DRP010556	PRJDB15656	Bacillus cereus	Bc-1	PACBIO_SMRT	PacBio RS	1012421801.0	103762.0	WGS	GENOMIC	SINGLE	PacBio RS sequencing of SAMD00593297
SRR23814603	SRX19636586	SRS17005561	SRP426688	PRJNA904945	Burkholderia pseudomallei	15MB028567	OXFORD_NANOPORE	GridION	1005980373.0	254848.0	WGS	GENOMIC	SINGLE	Patient1|OCT-2015
SRR11867884	SRX8418104	SRS6729732	SRP265117	PRJNA635644	Escherichia coli	O153var1:H9/H55/H17	OXFORD_NANOPORE	MinION	290849002.0	53728.0	WGS	GENOMIC	SINGLE	Nanopore WGS of Malawi ExPEC 22
ERR1246941	ERX1318879	ERS956170	ERP005928	PRJEB6403	Fusobacterium necrogenes	NCTC10723	PACBIO_SMRT	PacBio RS	2629318138.0	163482.0	WGS	GENOMIC	SINGLE	PacBio RS sequencing
ERR15941430	ERX15336975	ERS27416746	ERP185476	PRJEB104171	Escherichia coli		OXFORD_NANOPORE	MinION	402915071.0	108969.0	WGS	GENOMIC	SINGLE	MinION sequencing
SRR13528957	SRX9937276	SRS8112290	SRP303277	PRJNA694805	Paradevosia shaoguanensis	J5-3	OXFORD_NANOPORE	PromethION	1765484934.0	130089.0	WGS	GENOMIC	SINGLE	ONT
SRR12107973	SRX8388753	SRS6702238	SRP263209	PRJNA631854	Vibrio cholerae	CECT 514	OXFORD_NANOPORE	MinION	166081209.0	42797.0	WGS	GENOMIC	SINGLE	WGS- Vibrio cholerae
DRR747486	DRX727415	DRS502999	DRP013882	PRJDB37538	Staphylococcus aureus	KN8	OXFORD_NANOPORE	GridION	2748514185.0	227507.0	WGS	GENOMIC	SINGLE	GridION sequencing of SAMD01682390
SRR31599198	SRX26963886	SRS23433596	SRP549287	PRJNA1185485	Escherichia coli	227	OXFORD_NANOPORE	PromethION	2293169632.0	471263.0	WGS	GENOMIC	SINGLE	Kleb-3R-barcode56
SRR1501125	SRX641259	SRS650220	SRP043657	PRJNA202895	Klebsiella oxytoca KONIH1	KONIH1	PACBIO_SMRT	PacBio RS	595969990.0	163482.0	WGS	GENOMIC	SINGLE	PacBio SMRT Sequencing of Klebsiella oxytoca KONIH1 Genomic Library
SRR7976405	SRX4809198	SRS3887559	SRP164379	PRJNA472819	Pseudomonas kribbensis	46-2	PACBIO_SMRT	PacBio RS II	3452638173.0	163482.0	WGS	GENOMIC	SINGLE	Genome sequencing of Pseudomonas kribbensis 46-2(T)
SRR11317943	SRX7922291	SRS933495	SRP018785	PRJNA186035	Salmonella enterica subsp. enterica serovar Dublin	CFSAN022635	PACBIO_SMRT	Sequel	1755949465.0	453428.0	WGS	GENOMIC	SINGLE	Whole genome PacBio Sequel sequence of Salmonella enterica subsp. enterica serovar Dublin
SRR1573551	SRX699552	SRS699406	SRP047039	PRJNA248880	Klebsiella pneumoniae subsp. pneumoniae	KPNIH29	PACBIO_SMRT	PacBio RS	822680141.0	209821.0	WGS	GENOMIC	SINGLE	PacBio SMRT Sequencing of Klebsiella pneumoniae KPNIH29 Genomic Library
SRR25466844	SRX21199576	SRS18458351	SRP452337	PRJNA1000618	Escherichia coli	Escherichia coli BL21(DE3)	OXFORD_NANOPORE	MinION	12271111.0	4000.0	WGS	GENOMIC	SINGLE	CASTVK transposition with different condition
SRR32164075	SRX27509542	SRS23928379	SRP560556	PRJNA1147241	Pseudomonas sp. Pseusp16	CT11-16	OXFORD_NANOPORE	MinION	823094404.0	163610.0	WGS	GENOMIC	SINGLE	wheat associated bacteria:Pseudomonas sp.
SRR22756114	SRX18716686	SRS12460697	SRP395888	PRJNA812595	Acinetobacter baumannii	2022CK-00185	OXFORD_NANOPORE	GridION	169796040.0	8182.0	WGS	GENOMIC	SINGLE	Nanopore sequencing of ARLN isolate
SRR22721376	SRX18682895	SRS16126075	SRP412907	PRJNA904380	Enterobacter sp. HK169	HK169	OXFORD_NANOPORE	MinION	5018782.0	1000.0	WGS	GENOMIC	SINGLE	WGS of Enterobacter sp.
SRR19634181	SRX15684595	SRS13381674	SRP379817	PRJNA848631	Escherichia coli		OXFORD_NANOPORE	GridION	537026073.0	35724.0	WGS	GENOMIC	SINGLE	Long read sequencing of E. coli that has been experimentally evolved with a CTX-M-15 plasmid
ERR1274811	ERX1346399	ERS970081	ERP005928	PRJEB6403	Streptococcus equi subsp. zooepidemicus	NCTC11824	PACBIO_SMRT	PacBio RS	2469191090.0	163482.0	WGS	GENOMIC	SINGLE	PacBio RS sequencing
SRR25565809	SRX21294582	SRS18544048	SRP453933	PRJNA1002839	Talaromyces	DC2	PACBIO_SMRT	Sequel	340232173.0	107913.0	WGS	GENOMIC	SINGLE	WGS of Talaromyces sp.
SRR2062738	SRX1048893	SRS953053	SRP059074	PRJNA207881	Streptomyces sp. Mg1	Mg1	PACBIO_SMRT	PacBio RS	241417552.0	81741.0	WGS	GENOMIC	SINGLE	S. Mg1 PacBio CLR 10 kb library
SRR30149399	SRX25617234	SRS21937693	SRP518730	PRJNA1133668	Serratia marcescens	SM8	OXFORD_NANOPORE	MinION	64392392.0	11814.0	WGS	GENOMIC	SINGLE	Nanopore sequencing of clinical CRE isolates: human
ERR10498130	ERX10015419	ERS14254792	ERP142629	PRJEB57633	Escherichia coli		OXFORD_NANOPORE	GridION	92991875.0	11361.0	WGS	GENOMIC	SINGLE	Raw reads: ONT_30348_2#32
SRR9126606	SRX5900588	SRS4821953	SRP199503	PRJNA544424	Pseudomonas aeruginosa	C79	PACBIO_SMRT	Sequel	1682107067.0	209921.0	WGS	GENOMIC	SINGLE	Emergence of a clinical Pseudomonas aeruginosa isolate carrying blaGES-5 and blaKPC-2
SRR35556680	SRX30631380	SRS3409987	SRP150360	PRJNA475751	Clostridioides difficile	CD07748	OXFORD_NANOPORE	MinION	381970361.0	188823.0	WGS	GENOMIC	SINGLE	WGS Sequencing of Clostridioides difficile
SRR30900535	SRX26304014	SRS22832648	SRP536962	PRJNA1169800	Salmonella enterica subsp. enterica serovar Typhimurium	UTK W1-0001	OXFORD_NANOPORE	MinION	47265769.0	5000.0	WGS	GENOMIC	SINGLE	Nanopore whole-genome sequencing of Salmonella isolate UTK-W1-0001
ERR1036247	ERX1114981	ERS745846	ERP010683	PRJEB9562	Salmonella sp.		PACBIO_SMRT	PacBio RS	551180691.0	163482.0	WGS	GENOMIC	SINGLE	PacBio RS sequencing
ERR13967276	ERX13368369	ERS21330458	ERP149886	PRJEB64694	Candidatus Ornithobacterium hominis	SA-OH-C6	OXFORD_NANOPORE	MinION	489623425.0	503108.0	WGS	GENOMIC	SINGLE	MinION sequencing
ERR15095093	ERX14499695	ERS24813650	ERP119900	PRJEB36683	Klebsiella pneumoniae 11227-1		OXFORD_NANOPORE	PromethION	992153230.0	357620.0	WGS	GENOMIC	SINGLE	Raw reads: MKPB035_L
SRR36068607	SRX31114799	SRS27072669	SRP644837	PRJNA1364846	Enterococcus faecalis	GPT22-006	OXFORD_NANOPORE	GridION	235702637.0	73380.0	WGS	GENOMIC	SINGLE	Enterococcus faecalis, DBT kit, 36-plex and 50 ng DNA, replicate 7
SRR34269110	SRX29442688	SRS25588662	SRP595615	PRJNA1280179	Pseudomonas aeruginosa	CF-sbj7-Pa6-l	OXFORD_NANOPORE	GridION	3191556845.0	364902.0	WGS	GENOMIC	SINGLE	Plasmid-mediated extreme resistance development within lung
ERR10498475	ERX10015764	ERS14255765	ERP142629	PRJEB57633	Escherichia coli		OXFORD_NANOPORE	GridION	57919269.0	10646.0	WGS	GENOMIC	SINGLE	Raw reads: ONT_30348_1#278
SRR30117800	SRX25590057	SRS22240727	SRP523983	PRJNA1143588	Agrobacterium tumefaciens	EHA105	OXFORD_NANOPORE	GridION	831147094.0	118652.0	WGS	GENOMIC	SINGLE	WGS of Agrobacterium tumefaciens strain EHA105
SRR33768601	SRX28990876	SRS22455921	SRP444583	PRJNA962904	Escherichia coli		PACBIO_SMRT	Sequel II	588366714.0	36540.0	WGS	GENOMIC	SINGLE	PacBio sequencing of AH0762HE1 for ARCH 2
SRR13162082	SRX9600985	SRS7805037	SRP294652	PRJNA679599	Klebsiella pneumoniae		OXFORD_NANOPORE	MinION	1823892582.0	347562.0	WGS	GENOMIC	SINGLE	nanopore sequence of Klebsiella pneumoniae Kp_N8_L1_02.17
SRR36347829	SRX31378046	SRS27357562	SRP578399	PRJNA1250426	Klebsiella pneumoniae	missing	OXFORD_NANOPORE	GridION	60528300.0	29255.0	WGS	GENOMIC	SINGLE	WGS of Klebsiella pneumoniae: 2 days,  Male, Blood
SRR26435098	SRX22139788	SRS18730004	SRP457215	PRJNA1001814	Vibrio cholerae	DRC001	PACBIO_SMRT	PacBio RS II	474138976.0	69092.0	WGS	GENOMIC	SINGLE	WGS of DRC001
SRR13501395	SRX9913126	SRS8091033	SRP302787	PRJNA693599	Klebsiella oxytoca	CPO088	OXFORD_NANOPORE	MinION	492833322.0	53558.0	WGS	GENOMIC	SINGLE	CPO088_nanopore
SRR364903	SRX032455	SRS140104	SRP004712	PRJNA61297	Vibrio cholerae O1		PACBIO_SMRT	PacBio RS	17257268.0	60667.0	WGS	GENOMIC	SINGLE	Sequencing for C6 (Peru, 1991)
SRR23885825	SRX19697663	SRS17066367	SRP427816	PRJNA944970	Kitasatospora sp. GP50	GP50	OXFORD_NANOPORE	MinION	1677469657.0	792580.0	WGS	GENOMIC	SINGLE	Genome sequencing of Harvard Forest soil isolates
SRR34827296	SRX29959707	SRS26039952	SRP605729	PRJNA1299779	Brucella	Brucella abortus	OXFORD_NANOPORE	GridION	455287323.0	118162.0	WGS	GENOMIC	SINGLE	One Health Enteric sample from Brucella
SRR22550155	SRX18513758	SRS15982796	SRP309589	PRJNA707214	Escherichia coli		OXFORD_NANOPORE	GridION	987794175.0	266257.0	WGS	GENOMIC	SINGLE	WGS of E.coli from pig farm
SRR12337256	SRX8837218	SRS2937915	SRP273897	PRJNA648312	Escherichia coli	pb4	OXFORD_NANOPORE	MinION	168627554.0	130345.0	WGS	GENOMIC	SINGLE	WGS of E. coli clinical isolate
SRR10613443	SRX7292566	SRS5786110	SRP235306	PRJNA593863	Streptococcus pneumoniae	TH13825	PACBIO_SMRT	Sequel	1105888762.0	113093.0	WGS	GENOMIC	SINGLE	SMRT-seq of pneumococcal strain TH5160(spn556II and spn556III deleted) derivative: TH13825 B. fragilis-A4
SRR8141252	SRX4961994	SRS4001335	SRP167346	PRJNA470945	Bradyrhizobium ottawaense	OO99	PACBIO_SMRT	PacBio RS II	2823655239.0	163482.0	WGS	GENOMIC	SINGLE	PacBio RS II whole genome sequencing of Bradyrhizobium ottawaense type strain OO99T
SRR24886702	SRX20649260	SRS17947191	SRP442089	PRJNA708466	Nakamurella flavida	DSM 26917	PACBIO_SMRT	Sequel II	6528916544.0	971421.0	WGS	GENOMIC	SINGLE	Humicoccus flavidus DSM 26917
SRR10662237	SRX7341181	SRS5801224	SRP235639	PRJNA593854	Pseudomonas alkylphenolica	Neo	OXFORD_NANOPORE	MinION	336763152.0	35176.0	WGS	GENOMIC	SINGLE	Soil Isolate, tolerant to Neonicotinoids
SRR32204096	SRX27545715	SRS23960614	SRP561120	PRJNA1214876	Ekhidna algicida	To15	OXFORD_NANOPORE	MinION	31774054.0	4000.0	WGS	GENOMIC	SINGLE	Ekhidna algicida strain To15 genome
SRR19820554	SRX15864367	SRS13525944	SRP361569	PRJNA768416	Peribacillus sp. FSL K6-1552	FSL K6-1552	OXFORD_NANOPORE	MinION	331340683.0	106689.0	WGS	GENOMIC	SINGLE	WGS of Bacilli
SRR34711399	SRX29846432	SRS25949865	SRP603488	PRJNA1295973	Campylobacter coli	LDI9893	OXFORD_NANOPORE	MinION	622591988.0	136751.0	WGS	GENOMIC	SINGLE	C. coli Minion reads
SRR23587910	SRX19473249	SRS16865003	SRP423955	PRJNA802708	Vibrio aestuarianus	14R044	PACBIO_SMRT	Sequel II	1202813262.0	122540.0	WGS	GENOMIC	SINGLE	14R044
SRR13258482	SRX9689300	SRS7886590	SRP297072	PRJNA682584	Enterococcus faecium	Dallas 93_2	OXFORD_NANOPORE	MinION	568591049.0	163637.0	WGS	GENOMIC	SINGLE	WGS of vancomycin resistant Enterococcus faecium collected from Dallas, Texas
ERR5337366	ERX5125754	ERS5806559	ERP126502	PRJEB42615	Campylobacter coli		OXFORD_NANOPORE	MinION	315517156.0	32519.0	WGS	GENOMIC	SINGLE	MinION sequencing
SRR25113365	SRX20866383	SRS18146532	SRP447048	PRJNA972340	Pediococcus acidilactici	F1493	PACBIO_SMRT	Sequel	446510839.0	46164.0	WGS	GENOMIC	SINGLE	PacBio of  Pediococcus acidilactici isolate:Meju Genome sequencing
ERR1854434	ERX1916412	ERS1353908	ERP005928	PRJEB6403	Moraxella caviae	NCTC10293	PACBIO_SMRT	PacBio RS	1258700314.0	163482.0	WGS	GENOMIC	SINGLE	PacBio RS sequencing
ERR8441277	ERX8008186	ERS10153353	ERP134918	PRJEB50347	Escherichia coli		OXFORD_NANOPORE	MinION	274929745.0	25860.0	WGS	GENOMIC	SINGLE	MinION sequencing; Raw reads: 3_27_nano
ERR10498836	ERX10016125	ERS14256214	ERP142629	PRJEB57633	Escherichia coli		OXFORD_NANOPORE	GridION	197101855.0	21979.0	WGS	GENOMIC	SINGLE	Raw reads: ONT_30602_2#151
ERR904394	ERX983682	ERS684465	ERP009820	PRJEB8783	Mycobacterium tuberculosis	3565STDY6067016	PACBIO_SMRT	PacBio RS	1325120441.0	163482.0	WGS	GENOMIC	SINGLE	PacBio RS sequencing
SRR386183	SRX109857	SRS002809	SRP001771	PRJNA38519	Fusobacterium animalis 3_1_33	3_1_33	PACBIO_SMRT	PacBio RS	90004316.0	81741.0	WGS	GENOMIC	SINGLE	Whole Genome Sequencing and Assembly
SRR7253630	SRX4158201	SRS1256894	SRP068737	PRJNA292902	Enterobacter cloacae complex sp. AR_0154	AR_0154	PACBIO_SMRT	PacBio RS II	1354459480.0	163482.0	WGS	GENOMIC	SINGLE	PacBio SMRT Sequencing of Enterobacter cloacae FDA-CDC-AR_0154 Genomic Library
SRR35574241	SRX30647207	SRS26670451	SRP625638	PRJNA1320685	Escherichia coli	MB06172	OXFORD_NANOPORE	MinION	384219927.0	61340.0	WGS	GENOMIC	SINGLE	ONT Long-Read DNA Sequencing of MB06172 Dorado SUP basecalling
DRR197054	DRX187471	DRS174684	DRP004189	PRJDB5929	Escherichia coli	EC05	PACBIO_SMRT	PacBio RS II	1074708475.0	221654.0	WGS	GENOMIC	SINGLE	PacBio RS II sequencing of SAMD00111734
ERR3421335	ERX3444772	ERS3568082	ERP009963	PRJEB8920	Chitinophaga pinensis		PACBIO_SMRT	PacBio RS II	5483507301.0	1145663.0	WGS	GENOMIC	SINGLE	PacBio RS II sequencing
ERR5353109	ERX5141144	ERS5753029	ERP126298	PRJEB42440	Klebsiella pneumoniae		OXFORD_NANOPORE	GridION	251650512.0	44680.0	WGS	GENOMIC	SINGLE	GridION sequencing
SRR30357364	SRX25815387	SRS21943359	SRP074197	PRJNA288601	Citrobacter freundii	2024CK-01001	OXFORD_NANOPORE	GridION	1477696784.0	136197.0	WGS	GENOMIC	SINGLE	Nanopore sequencing of ARLN isolate
SRR12280446	SRX8784270	SRS7053043	SRP272861	PRJNA646575	Bacteroides ovatus		OXFORD_NANOPORE	GridION	1392849937.0	137150.0	WGS	GENOMIC	SINGLE	WGS  of Bacteroides fragilis group clinical isolates
DRR287267	DRX276724	DRS318052	DRP010345	PRJDB10714	Annamia dubia NIES-4383	NIES-4383	OXFORD_NANOPORE	MinION	13847985.0	4000.0	WGS	GENOMIC	SINGLE	Annamia_sp_5
SRR33940609	SRX29142774	SRS25180868	SRP074197	PRJNA288601	Pseudomonas aeruginosa		OXFORD_NANOPORE	GridION	827255883.0	228527.0	WGS	GENOMIC	SINGLE	Nanopore sequencing of ARLN isolate
SRR2823705	SRX1385801	SRS1135277	SRP040661	PRJNA231221	Staphylococcus capitis	FDAARGOS_173	PACBIO_SMRT	PacBio RS	201501862.0	163482.0	WGS	GENOMIC	SINGLE	
SRR31599210	SRX26963874	SRS23433586	SRP549287	PRJNA1185485	Escherichia coli	216	OXFORD_NANOPORE	PromethION	925136512.0	178831.0	WGS	GENOMIC	SINGLE	Kleb-3R-barcode41
SRR33768438	SRX28991038	SRS22396836	SRP444583	PRJNA962904	Escherichia coli		PACBIO_SMRT	Sequel II	504556929.0	24675.0	WGS	GENOMIC	SINGLE	PacBio sequencing of A134001HE3 for ARCH 2
SRR21362329	SRX17368124	SRS14916999	SRP361569	PRJNA768416	Paenibacillus sp. FSL L8-0708	FSL L8-0708	OXFORD_NANOPORE	MinION	246375246.0	36420.0	WGS	GENOMIC	SINGLE	WGS of Bacilli
SRR14862590	SRX11180177	SRS9237746	SRP324476	PRJNA738868	Acinetobacter baumannii	DETAB-P40	OXFORD_NANOPORE	MinION	668224683.0	53910.0	WGS	GENOMIC	SINGLE	Nanopore WGS of A. baumannii DETAB-P40
ERR10499125	ERX10016414	ERS14255649	ERP142629	PRJEB57633	Escherichia coli		OXFORD_NANOPORE	GridION	64866676.0	9111.0	WGS	GENOMIC	SINGLE	Raw reads: ONT_30859_5#198
ERR5902779	ERX5542874	ERS5753000	ERP126298	PRJEB42440	Klebsiella pneumoniae		OXFORD_NANOPORE	MinION	807572927.0	72356.0	WGS	GENOMIC	SINGLE	MinION sequencing
ERR11041212	ERX10488024	ERS14796192	ERP145810	PRJEB60752	Escherichia coli		OXFORD_NANOPORE	MinION	983338043.0	111455.0	WGS	GENOMIC	SINGLE	Raw reads: BLSE91_[Oxford_Nanopore]
SRR25939013	SRX21657891	SRS18826065	SRP459049	PRJNA1013907	Helicobacter pylori	not collected	OXFORD_NANOPORE	MinION	310127818.0	47433.0	WGS	GENOMIC	SINGLE	Evaluation of in vitro efficacy of antibiotic combinations used in clinical practice on clinical isolates of Helicobacter pylori.
SRR13448499	SRX9861670	SRS8041853	SRP295672	PRJNA681856	Salmonella enterica subsp. diarizonae	LHICA_D1	OXFORD_NANOPORE	MinION	19158775.0	4000.0	WGS	GENOMIC	SINGLE	WGS of Salmonella Lhica D1_23
SRR21416035	SRX17420453	SRS13526070	SRP361569	PRJNA768416	Bacillus sp. FSL R10-2780	FSL R10-2780	OXFORD_NANOPORE	MinION	799127047.0	144066.0	WGS	GENOMIC	SINGLE	WGS of Bacilli
SRR27958561	SRX23615410	SRS20456225	SRP489545	PRJNA1076228	Streptococcus pyogenes	MGAS37839	OXFORD_NANOPORE	GridION	287282695.0	118364.0	WGS	GENOMIC	SINGLE	Oxford Nanopore Technology WGS of GAS M1 clinical isolates
SRR6263396	SRX3369634	SRS2667169	SRP119409	PRJNA412823	Citrobacter freundii	HM38	PACBIO_SMRT	PacBio RS II	1394054910.0	163482.0	WGS	GENOMIC	SINGLE	Whole genome sequence of Citrobacter freundii strain HM38
SRR32655873	SRX27959919	SRS24326301	SRP569671	PRJNA912210	Synechococcus sp. MIT S1220	MIT S1220	PACBIO_SMRT	Sequel	787328489.0	167019.0	WGS	GENOMIC	SINGLE	PacBio Subread data of Synechococcus sp. MIT S1220
SRR20723793	SRX16744253	SRS14371963	SRP200865	PRJNA542869	Parabacteroides distasonis	CavFT-hAR56	PACBIO_SMRT	Sequel	1647702326.0	184183.0	WGS	GENOMIC	PAIRED	Genomic sequence of Parabacteroides distasonis strain CavFT-hAR56 (cavftar-56)
SRR8848642	SRX5636327	SRS4582086	SRP190857	PRJNA519683	Stenotrophomonas sp. 2174	2174	PACBIO_SMRT	Sequel	481485242.0	119682.0	WGS	GENOMIC	SINGLE	Stenotrophomonas sp. 2174
ERR11055010	ERX10501801	ERS14796244	ERP145810	PRJEB60752	Escherichia coli		OXFORD_NANOPORE	MinION	1057266909.0	78740.0	WGS	GENOMIC	SINGLE	Raw reads: IMT44755_[Oxford_Nanopore]
SRR36797902	SRX31784446	SRS27747147	SRP661661	PRJNA1389824	Enterobacter ludwigii		OXFORD_NANOPORE	MinION	172600284.0	65936.0	WGS	GENOMIC	SINGLE	evolved microcosm clones
SRR26900944	SRX22595113	SRS19601588	SRP473267	PRJNA1043460	Mycobacterium avium subsp. paratuberculosis	6756	PACBIO_SMRT	Sequel IIe	2656972751.0	409243.0	WGS	GENOMIC	SINGLE	PacBio sequencing of the 6756 strain of Mycobacterium avium subsp. paratuberculosis
SRR32739838	SRX28025967	SRS17835306	SRP074197	PRJNA288601	Raoultella ornithinolytica	2021XX-00004	OXFORD_NANOPORE	MinION	2287246496.0	136358.0	WGS	GENOMIC	SINGLE	ElysION sequencing of 2021XX00004
ERR987661	ERX1068919	ERS743090	ERP005928	PRJEB6403	Escherichia coli	NCTC9091	PACBIO_SMRT	PacBio RS	1265867510.0	163482.0	WGS	GENOMIC	SINGLE	PacBio RS sequencing
ERR10498320	ERX10015609	ERS14255595	ERP142629	PRJEB57633	Escherichia coli		OXFORD_NANOPORE	GridION	103650446.0	14837.0	WGS	GENOMIC	SINGLE	Raw reads: ONT_30134_6#383
SRR22190976	SRX18169446	SRS15668711	SRP303037	PRJNA694442	Salmonella enterica		OXFORD_NANOPORE	GridION	307013055.0	37522.0	WGS	GENOMIC	SINGLE	Multiplex WGS of Salmonella
SRR32649591	SRX27954012	SRS24319917	SRP569572	PRJNA1234539	Acidovorax facilis	37c5	PACBIO_SMRT	Sequel II	351991970.0	42293.0	WGS	GENOMIC	SINGLE	Whole genome sequencing of Strain 37c5
ERR15423943	ERX14827887	ERS25261069	ERP176764	PRJEB93885	Klebsiella oxytoca		OXFORD_NANOPORE	PromethION	1704240346.0	327271.0	WGS	GENOMIC	SINGLE	Raw reads: run0_pilot_96_ont_AF32
SRR16775458	SRX12974699	SRS10915534	SRP215816	PRJNA470993	Staphylococcus aureus		PACBIO_SMRT	PacBio RS II	1304447541.0	166840.0	WGS	GENOMIC	SINGLE	WGS of Staphylococcus aureus
SRR35197873	SRX30301690	SRS17947879	SRP442236	PRJNA708479	Olsenella profusa DSM 13989	DSM 13989	PACBIO_SMRT	Sequel II	261778014.0	43963.0	WGS	GENOMIC	SINGLE	Olsenella profusa DSM 13989
ERR12258338	ERX11668626	ERS16539731	ERP152951	PRJEB67942	Streptococcus uberis		OXFORD_NANOPORE	MinION	2550647501.0	971784.0	WGS	GENOMIC	SINGLE	MinION sequencing
SRR16525325	SRX12728160	SRS10336706	SRP357534	PRJNA801415	Escherichia coli	569	OXFORD_NANOPORE	GridION	707213356.0	89850.0	WGS	GENOMIC	SINGLE	Extensive diversification and dissemination of blaNDM carbapenemase plasmids in Enterobacterales in Singapore 2010-2015
SRR33895218	SRX29106635	SRS25312975	SRP590843	PRJNA1272507	Salmonella enterica	SAL-004	OXFORD_NANOPORE	GridION	522019119.0	97624.0	WGS	GENOMIC	SINGLE	ONT-WGS of Salmonella enterica
SRR35214978	SRX30318795	SRS26365581	SRP616023	PRJNA834440	Methylorubrum extorquens	SLI 285	PACBIO_SMRT	Sequel IIe	1410178716.0	130804.0	WGS	GENOMIC	SINGLE	Methylorubrum extorquens SLI 285
SRR5181855	SRX2497964	SRS1924817	SRP096895	PRJNA353873	Mycobacterium tuberculosis		PACBIO_SMRT	PacBio RS	671471523.0	163482.0	WGS	GENOMIC	SINGLE	DNA of Mtb
SRR24523571	SRX20307778	SRS17631322	SRP437380	PRJNA911709	Ligilactobacillus salivarius	S35	OXFORD_NANOPORE	MinION	521218337.0	49108.0	WGS	GENOMIC	SINGLE	Nanopore sequencing of S35
SRR29316753	SRX24833390	SRS21545220	SRP512379	PRJNA1121190	Vibrio cholerae	108Vc10	OXFORD_NANOPORE	PromethION	339495003.0	77512.0	WGS	GENOMIC	SINGLE	WGS of Vcholerae isolates
SRR16525611	SRX12728388	SRS10336907	SRP357534	PRJNA801415	Escherichia coli	131	OXFORD_NANOPORE	GridION	187173779.0	89982.0	WGS	GENOMIC	SINGLE	Extensive diversification and dissemination of blaNDM carbapenemase plasmids in Enterobacterales in Singapore 2010-2015
SRR12280623	SRX8784501	SRS7053031	SRP272861	PRJNA646575	Bacteroides faecis		OXFORD_NANOPORE	GridION	1632884259.0	136815.0	WGS	GENOMIC	SINGLE	WGS  of Bacteroides fragilis group clinical isolates
SRR386583	SRX109954	SRS212340	SRP007237	PRJNA39375	Eubacterium sp. 3_1_31	3_1_31	PACBIO_SMRT	PacBio RS	113340631.0	81741.0	WGS	GENOMIC	SINGLE	Whole Genome Sequencing and Assembly
SRR9974530	SRX6721765	SRS5274057	SRP216572	PRJNA556977	Bordetella pertussis	NZ53	OXFORD_NANOPORE	MinION	583413980.0	73797.0	WGS	GENOMIC	SINGLE	ONT sequencing of Bordetella pertussis NZ8
SRR26270934	SRX21980452	SRS19033159	SRP464031	PRJNA1000728	Escherichia coli	JM101	OXFORD_NANOPORE	PromethION	58385050.0	4000.0	WGS	GENOMIC	SINGLE	The genome sequence of E. coli JM101
SRR22859710	SRX18818527	SRS16251795	SRP414408	PRJNA914892	Staphylococcus aureus	C222	OXFORD_NANOPORE	MinION	231140975.0	80687.0	WGS	GENOMIC	SINGLE	Long read ONT WGS of Staphylococcus aureus isolates from Chronic Rhinosinusitis Patients
SRR35628943	SRX30685091	SRS26704507	SRP627750	PRJNA1333901	Pseudomonas rhizosphaerae	KH_032	OXFORD_NANOPORE	MinION	755061352.0	86982.0	WGS	GENOMIC	SINGLE	Oxford Nanopore sequences of cultivable bacteria collected in an iron ore mine and a crystal cave
ERR14708003	ERX14109437	ERS2564154	ERP109437	PRJEB27363	Escherichia coli		OXFORD_NANOPORE	MinION	1359240074.0	121891.0	WGS	GENOMIC	SINGLE	MinION sequencing
ERR3382755	ERX3406851	ERS2444049	ERP011196	PRJEB10018	Klebsiella pneumoniae		PACBIO_SMRT	Sequel	1458402290.0	325110.0	WGS	GENOMIC	SINGLE	Sequel sequencing
ERR15941321	ERX15336866	ERS27416637	ERP185476	PRJEB104171	Escherichia coli		OXFORD_NANOPORE	MinION	263731048.0	77766.0	WGS	GENOMIC	SINGLE	MinION sequencing
SRR34973426	SRX30092384	SRS26157490	SRP608514	PRJNA1305037	Enterobacter hormaechei	MI_KPC_852	OXFORD_NANOPORE	PromethION	203634598.0	27557.0	WGS	GENOMIC	SINGLE	KPC CRE collection from state of Michigan
SRR34410465	SRX29574093	SRS25698329	SRP598841	PRJNA1287288	Escherichia coli	AH21I008	OXFORD_NANOPORE	MinION	745012582.0	67758.0	WGS	GENOMIC	SINGLE	R10.4.1 WGS of bacterial isolate for accuracy benchmarking
SRR35556825	SRX30631235	SRS19727659	SRP150360	PRJNA475751	Escherichia coli	EC01141	OXFORD_NANOPORE	MinION	153799048.0	66581.0	WGS	GENOMIC	SINGLE	WGS Sequencing of Escherichia coli
SRR9647283	SRX6408853	SRS5066295	SRP213188	PRJNA546628	Phytopseudomonas flavescens	BIGb0408	PACBIO_SMRT	Sequel	1278718519.0	287093.0	WGS	GENOMIC	SINGLE	Pseudomonas flavescens BIGb0408
SRR2817446	SRX1384006	SRS1134741	SRP040661	PRJNA231221	Vibrio harveyi	FDAARGOS_107	PACBIO_SMRT	PacBio RS	848538301.0	163482.0	WGS	GENOMIC	SINGLE	
ERR15665912	ERX15070491	ERS203179	ERP001784	PRJEB3255	Escherichia coli	M633	OXFORD_NANOPORE	MinION	305117151.0	29189.0	WGS	GENOMIC	SINGLE	MinION sequencing
SRR33822606	SRX29043840	SRS25259219	SRP589762	PRJNA1271261	Burkholderia pseudomallei	PPS-00732	OXFORD_NANOPORE	GridION	462685593.0	88990.0	WGS	GENOMIC	SINGLE	ONT-WGS of Burkholderia pseudomallei: from  of
SRR32250911	SRX27588950	SRS20831702	SRP497546	PRJNA1091452	Staphylococcus aureus	SA71-PS	OXFORD_NANOPORE	MinION	681034175.0	154490.0	WGS	GENOMIC	SINGLE	native ONT data from Staphylococcus aureus
SRR15989629	SRX12277910	SRS9998897	SRP357534	PRJNA801415	Escherichia coli	191	OXFORD_NANOPORE	GridION	1070193434.0	116264.0	WGS	GENOMIC	SINGLE	Whole Genome Sequencing of Carbapenemase-producing Enterobacterales (CPE)
SRR29816265	SRX25315444	SRS21985202	SRP519641	PRJNA1135336	Enterococcus faecium		OXFORD_NANOPORE	GridION	550856992.0	113843.0	WGS	GENOMIC	SINGLE	Whole genome sequencing of VRE
ERR10499429	ERX10016715	ERS14256874			Escherichia coli		OXFORD_NANOPORE	GridION	338833571.0	28660.0	WGS	GENOMIC	SINGLE	GridION sequencing; Raw reads: ONT_30134_6#380
SRR26807498	SRX22504734	SRS19517401	SRP471535	PRJNA1002862	Serratia marcescens	SM21	OXFORD_NANOPORE	MinION	355568200.0	60961.0	WGS	GENOMIC	SINGLE	WGS of GES-6 positive Serratia marcescens
ERR10163681	ERX9700266	ERS13423647	ERP140710	PRJEB55790	Apilactobacillus kunkeei	H3B1-03M	PACBIO_SMRT	Sequel	1932277168.0	390357.0	WGS	GENOMIC	SINGLE	Sequel sequencing; Raw reads: H3B1-03M
SRR8991239	SRX5770312	SRS4704453	SRP040661	PRJNA231221	Citrobacter braakii	FDAARGOS_638	PACBIO_SMRT	PacBio RS	154823923.0	163482.0	WGS	GENOMIC	SINGLE	
SRR28416692	SRX24021052	SRS20815507	SRP497143	PRJNA1067993	Microaceticoccus formicicus	AMB_02	OXFORD_NANOPORE	MinION	465254362.0	96734.0	WGS	GENOMIC	SINGLE	Raw Nanopore sequences for barcode 04 AMB_Tp6
SRR23100674	SRX19052651	SRS16469023	SRP417920	PRJNA924282	Escherichia coli	HH45	OXFORD_NANOPORE	MinION	437387806.0	251505.0	WGS	GENOMIC	SINGLE	Whole Genome Sequencing of three Canadian strains of Escherichia coli from biosolids samples
ERR10791357	ERX10240667	ERS2651547	ERP104475	PRJEB22771	Streptococcus pneumoniae		PACBIO_SMRT	Sequel II	3713974128.0	530442.0	WGS	GENOMIC	SINGLE	Sequel II sequencing
SRR10519647	SRX7204483	SRS5709274	SRP231800	PRJNA335152	Clostridium tetanomorphum	DJ062	PACBIO_SMRT	PacBio RS II	843331586.0	354555.0	WGS	GENOMIC	SINGLE	Clostridium tetanomorphum 62
SRR34795060	SRX29928129	SRS26026065	SRP605455	PRJNA1299340	Escherichia coli	DA81312	OXFORD_NANOPORE	MinION	1268760832.0	105808.0	WGS	GENOMIC	SINGLE	DA79882 80 gen without TZP  Nanopore reads I-SceI digested pDNA
SRR4180947	SRX2142243	SRS1673932	SRP086939	PRJNA303689	Microbacterium paraoxydans	DSM 15019	PACBIO_SMRT	PacBio RS	722702106.0	166304.0	WGS	GENOMIC	SINGLE	Microbacterium paraoxydans DSM 15019
SRR20046040	SRX16084523	SRS5516901	SRP064704	PRJNA316904	Paracoccus sp. SMMA_5_TC	SMMA_5_TC	OXFORD_NANOPORE	MinION	66839900.0	7714.0	WGS	GENOMIC	SINGLE	Whole genome sequencing of Paracoccus sp. SMMA_5_TC
DRR404005	DRX389615	DRS313045	DRP010192	PRJDB14332	Clostridium tetani	NIID-071400-001	PACBIO_SMRT	Sequel	429857895.0	140663.0	WGS	GENOMIC	SINGLE	Sequel sequencing of SAMD00534442
SRR28415521	SRX24019914	SRS20798076	SRP496639	PRJNA1090044	Staphylococcus aureus	TUM22744	OXFORD_NANOPORE	MinION	409697992.0	115033.0	WGS	GENOMIC	SINGLE	ONT sequencing of Staphylococcus aureus TUM22744
SRR35556812	SRX30631248	SRS19727909	SRP150360	PRJNA475751	Clostridioides difficile	CD08961	OXFORD_NANOPORE	MinION	145870857.0	60981.0	WGS	GENOMIC	SINGLE	WGS Sequencing of Clostridioides difficile
SRR387025	SRX109923	SRS281278	SRP001087	PRJNA40075	Escherichia coli str. K-12 substr. MG1655	K-12	PACBIO_SMRT	PacBio RS	41496755.0	81741.0	WGS	GENOMIC	SINGLE	Whole Genome Sequencing and Assembly
SRR33417413	SRX28658366	SRS24927083	SRP582921	PRJNA1254438	Pseudomonas fulva	T23	PACBIO_SMRT	Sequel IIe	1068692836.0	3538718.0	WGS	GENOMIC	PAIRED	WGS of Pseudomonas fulva
ERR9939415	ERX9482814	ERS12345071	ERP138720	PRJEB53905	Haemophilus parainfluenzae	HUB-P04-HP05	OXFORD_NANOPORE	MinION	441094511.0	57886.0	WGS	GENOMIC	SINGLE	MinION sequencing
ERR726229	ERX670151	ERS638140	ERP009243	PRJEB8200	Brenneria goodwinii	OBR1	PACBIO_SMRT	PacBio RS			WGS	GENOMIC	SINGLE	PacBio RS sequencing
ERR1805686	ERX1868713	ERS1324131	ERP005928	PRJEB6403	Gordonia rubripertincta	NCTC10668	PACBIO_SMRT	PacBio RS	1393169673.0	163482.0	WGS	GENOMIC	SINGLE	PacBio RS sequencing
ERR13926616	ERX13328491	ERS21410803	ERP165651	PRJEB81860	Escherichia coli		OXFORD_NANOPORE	MinION	364623103.0	66624.0	WGS	GENOMIC	SINGLE	Raw reads: 24EC131_BE008
SRR32250973	SRX27588888	SRS20831684	SRP497546	PRJNA1091452	Enterococcus faecium	EF33-PS	OXFORD_NANOPORE	MinION	397656495.0	109713.0	WGS	GENOMIC	SINGLE	native ONT data from Enterococcus faecium
SRR32364852	SRX27699294	SRS21130993	SRP444583	PRJNA962904	Escherichia coli		PACBIO_SMRT	Sequel II	104106897.0	4483.0	WGS	GENOMIC	SINGLE	PacBio sequencing of CS6470E1 for ARCH 1.0
SRR24271058	SRX20066849	SRS17404248	SRP433980	PRJNA956831	Pseudomonas sp. P8_241	P8_241	OXFORD_NANOPORE	MinION	102355541.0	19999.0	WGS	GENOMIC	SINGLE	WGS of Pseudomonas sp.
SRR35329213	SRX30430164	SRS26464546	SRP618831	PRJNA1321367	Escherichia coli	401656	OXFORD_NANOPORE	MinION	480759906.0	255261.0	WGS	GENOMIC	SINGLE	Sequencing of Escherichia coli isolate 401656
ERR2432892	ERX2452471	ERS1943156	ERP005928	PRJEB6403	Pseudomonas andersonii		PACBIO_SMRT	PacBio RS	1006783750.0	163482.0	WGS	GENOMIC	SINGLE	PacBio RS sequencing
SRR34923625	SRX30048527	SRS26116461	SRP607655	PRJNA1299152	Azospirillum doebereinerae	Ma4 (DSM 13400)	OXFORD_NANOPORE	MinION	1504295227.0	4249290.0	WGS	GENOMIC	SINGLE	long and short reads library: WGS of Azospirillum
SRR23347656	SRX19289377	SRS16690584	SRP421131	PRJNA931653	Escherichia coli K-12	K-12	OXFORD_NANOPORE	GridION	15276251.0	4000.0	WGS	GENOMIC	SINGLE	Nanopore sequencing of Ciprofloxacin challenged E. coli
SRR31690037	SRX27051854	SRS23446281	SRP385391	PRJNA856406	Enterococcus faecalis	AUSMDU00074711	OXFORD_NANOPORE	GridION	261774656.0	80504.0	WGS	GENOMIC	SINGLE	Whole genome sequencing of Enterococcus sp from Victoria, Australia Raw ONT sequence reads
SRR23392505	SRX19330202	SRS16727143	SRP421832	PRJNA932719	Campylobacter jejuni		OXFORD_NANOPORE	MinION	185839812.0	9281.0	WGS	GENOMIC	SINGLE	Long-read WGS characterization of commensal Campylobacter jejuni and Campylobacter coli isolates from dairy cattle in Northern Spain
SRR9214068	SRX5984762	SRS2937155	SRP051949	PRJNA271899	Klebsiella pneumoniae	UCI117	OXFORD_NANOPORE	GridION	81238570.0	13530.0	WGS	GENOMIC	SINGLE	Sequencing of Carbapenem resistant bacteria
ERR13293947	ERX12664679	ERS18293119	ERP157481	PRJEB72702	Salmonella enterica subsp. enterica serovar Paratyphi A		OXFORD_NANOPORE	MinION	402257640.0	39406.0	WGS	GENOMIC	SINGLE	Raw reads: barcode23
SRR21607598	SRX17608720	SRS15144890	SRP397687	PRJNA812594	Acinetobacter baumannii	1326937-2	OXFORD_NANOPORE	GridION	318592694.0	45967.0	WGS	GENOMIC	SINGLE	Nanopore sequencing of CRAB
ERR1813524	ERX1876061	ERS1509334	ERP005928	PRJEB6403	Streptococcus pyogenes	NCTC10870	PACBIO_SMRT	PacBio RS	3399301078.0	163482.0	WGS	GENOMIC	SINGLE	PacBio RS sequencing
SRR30149186	SRX25617046	SRS21872738	SRP074197	PRJNA288601	Citrobacter freundii	2024CK-00927	OXFORD_NANOPORE	GridION	946972995.0	131475.0	WGS	GENOMIC	SINGLE	Nanopore sequencing of ARLN isolate
ERR2532060	ERX2550489	ERS2402930	ERP005928	PRJEB6403	Cellulomonas biazotea	NCTC10823	PACBIO_SMRT	PacBio RS	725258070.0	163482.0	WGS	GENOMIC	SINGLE	PacBio RS sequencing
SRR27909863	SRX23569546	SRS20414884	SRP488843	PRJNA1074513	Acinetobacter baumannii	Ab_5910	PACBIO_SMRT	Sequel II	7167124896.0	444761.0	WGS	GENOMIC	SINGLE	WGS of A baumannii
ERR13744113	ERX13145525	ERS16082369	ERP149426	PRJEB64289	Escherichia coli		PACBIO_SMRT	Sequel IIe	529663578.0	52599.0	WGS	GENOMIC	SINGLE	Sequel IIe sequencing
SRR6985720	SRX3925585	SRS1739420	SRP133836	PRJNA316321	Staphylococcus aureus	AR_0224	PACBIO_SMRT	PacBio RS	1717837742.0	163482.0	WGS	GENOMIC	SINGLE	
SRR26322386	SRX22030453	SRS3020866	SRP133964	PRJNA437002	Bacillus subtilis	PS-218	OXFORD_NANOPORE	MinION	454097113.0	67176.0	WGS	GENOMIC	SINGLE	WGS B. subtilis PS-218
SRR29161135	SRX24682237	SRS21408153	SRP509551	PRJNA1096641	Bacillus velezensis	PFE11	OXFORD_NANOPORE	GridION	704167568.0	58014.0	WGS	GENOMIC	SINGLE	Genome assembly of  PFE11
SRR30149477	SRX25617156	SRS3052341	SRP518730	PRJNA1133668	Klebsiella pneumoniae	258	OXFORD_NANOPORE	MinION	416953062.0	40000.0	WGS	GENOMIC	SINGLE	Nanopore sequencing of clinical CRE isolates: human
SRR18681644	SRX14782853	SRS12539558	SRP368114	PRJNA824420	Escherichia coli	GD03022_ECOL_HY_140	OXFORD_NANOPORE	MinION	525342502.0	57953.0	WGS	GENOMIC	SINGLE	Long-read sequencing of Escherichia coli: isolate #140 urine
SRR498105	SRX148635	SRS281883	SRP013241	PRJNA73829	Vibrio cholerae		PACBIO_SMRT	PacBio RS	2228700.0	6293.0	WGS	GENOMIC	SINGLE	Whole Genome Sequencing for N5 (strobe)
SRR31598688	SRX26963798	SRS23433509	SRP549287	PRJNA1185485	Escherichia coli	779	OXFORD_NANOPORE	PromethION	540542994.0	282773.0	WGS	GENOMIC	SINGLE	W68-barcode89
SRR27145167	SRX22826948	SRS19807646	SRP476599	PRJNA1050169	Citroniella saccharovorans	DSM 29873	OXFORD_NANOPORE	MinION	40382410.0	3846.0	WGS	GENOMIC	SINGLE	Nanopore MinION of C. saccharovorans
ERR10499518	ERX10016804	ERS14257062			Escherichia coli		OXFORD_NANOPORE	GridION	156796786.0	15341.0	WGS	GENOMIC	SINGLE	GridION sequencing; Raw reads: ONT_30348_1#169
SRR27972366	SRX23626087	SRS20465487	SRP489819	PRJNA1076692	Escherichia coli	RIVM_C059473_dorado	OXFORD_NANOPORE	MinION	731856681.0	141838.0	WGS	GENOMIC	SINGLE	RIVM_C059473_dorado
ERR3427701	ERX3451138	ERS2793726	ERP111477	PRJEB29197	Mycobacterium tuberculosis		PACBIO_SMRT	PacBio RS	1299255849.0	163482.0	WGS	GENOMIC	SINGLE	PacBio RS sequencing
SRR36284458	SRX31317843	SRS27217875	SRP649163	PRJNA1230056	Enterococcus faecium	VRE_18	OXFORD_NANOPORE	GridION	400055826.0	83296.0	WGS	GENOMIC	SINGLE	WGS of E. faecium
ERR16064613	ERX15454795	ERS28397748	ERP173262	PRJEB90249	Staphylococcus aureus		OXFORD_NANOPORE	GridION	150840083.0	47553.0	WGS	GENOMIC	SINGLE	GridION sequencing
SRR15069637	SRX11379714	SRS9424806	SRP327495	PRJNA744857	Enterobacter cloacae	not determined	OXFORD_NANOPORE	MinION	763386402.0	208068.0	WGS	GENOMIC	SINGLE	Enterobacter cloacae complex: MC-2-362
ERR2797022	ERX2806041	ERS2735084	ERP110894	PRJEB28660	Klebsiella pneumoniae		OXFORD_NANOPORE	MinION	449438779.0	83923.0	WGS	GENOMIC	SINGLE	MinION sequencing
SRR23086723	SRX19039198	SRS16456460	SRP417605	PRJNA903660	Mycobacterium tuberculosis		OXFORD_NANOPORE	MinION	669507585.0	155600.0	WGS	GENOMIC	SINGLE	WGS of Mycobacterium tuberculosis: isolate
ERR14686269	ERX14087788	ERS23773408	ERP169826	PRJEB86481	Escherichia coli str. K-12 substr. MG1655	K-12	OXFORD_NANOPORE	MinION	127961305.0	73660.0	WGS	GENOMIC	SINGLE	MinION sequencing
SRR389118	SRX111329	SRS004883	SRP001079	PRJNA40077	Cereibacter sphaeroides 2.4.1	2.4.1	PACBIO_SMRT	PacBio RS	38494979.0	81741.0	WGS	GENOMIC	SINGLE	Whole Genome Sequencing and Assembly
SRR31599614	SRX26964068	SRS23433780	SRP549287	PRJNA1185485	Escherichia coli	102	OXFORD_NANOPORE	PromethION	1618377365.0	301241.0	WGS	GENOMIC	SINGLE	ABCD-barcode77
SRR14457757	SRX10808568	SRS8894672	SRP318748	PRJNA726812	Streptomyces mirabilis	P16B-1	PACBIO_SMRT	PacBio RS II	2043724802.0	163482.0	WGS	GENOMIC	SINGLE	Genome Sequencing of Streptomyces mirabilis P16B-1
SRR25999204	SRX21716456	SRS18851478	SRP459613	PRJNA1014400	Listeria monocytogenes		OXFORD_NANOPORE	MinION	192630783.0	81957.0	WGS	GENOMIC	SINGLE	ONT R10 WGS of Listeria monoctyogenes isolate
SRR34854853	SRX29986802	SRS26063920	SRP606221	PRJNA1300812	Escherichia coli	DFI_NG_016	OXFORD_NANOPORE	GridION	496540690.0	240015.0	WGS	GENOMIC	SINGLE	WGS of Escherichia coli: DFI
ERR1223207	ERX1295420	ERS904737	ERP005928	PRJEB6403	Streptococcus mitis	NCTC12261	PACBIO_SMRT	PacBio RS	3981495782.0	163482.0	WGS	GENOMIC	SINGLE	PacBio RS sequencing
SRR8789031	SRX5578817	SRS4540510	SRP189521	PRJNA497307	Xanthomonas oryzae pv. oryzae	CIX611	PACBIO_SMRT	PacBio RS II	3526071281.0	163482.0	WGS	GENOMIC	SINGLE	Reads_CIX611
SRR27561275	SRX23230555	SRS20153309	SRP483965	PRJNA1032276	Staphylococcus capitis subsp. urealyticus	Sc1516941	OXFORD_NANOPORE	MinION	305534511.0	62041.0	WGS	GENOMIC	SINGLE	Oxford Nanopore MinION whole-genome sequencing reads of S. capitis clinical isolate Sc1516941
DRR126353	DRX119097	DRS063430	DRP004255	PRJDB6815	Clostridiales bacterium CCNA10	CCNA10	PACBIO_SMRT	PacBio RS II	2430710085.0	163482.0	WGS	GENOMIC	SINGLE	PacBio RS II sequencing of SAMD00113750
SRR19820712	SRX15864209	SRS13525964	SRP361569	PRJNA768416	Bacillus sp. FSL W8-0502	FSL W8-0502	OXFORD_NANOPORE	MinION	214227928.0	69400.0	WGS	GENOMIC	SINGLE	WGS of Bacilli
SRR29316744	SRX24833399	SRS21545231	SRP512379	PRJNA1121190	Vibrio cholerae	111Vc06	OXFORD_NANOPORE	PromethION	220208366.0	58400.0	WGS	GENOMIC	SINGLE	WGS of Vcholerae isolates
SRR35850946	SRX30900308	SRS26900641	SRP636871	PRJNA1334387	Hyphomonas atlantica corrig.	ABM1_012	OXFORD_NANOPORE	GridION	3317277477.0	598532.0	WGS	GENOMIC	SINGLE	WGS of Hyphomonas atlantica: Marine biofilm
DRR307116	DRX296550	DRS194078	DRP007467	PRJDB11902	Hungatella hathewayi	CE91-St55	PACBIO_SMRT	Sequel	242730332.0	23538.0	WGS	GENOMIC	SINGLE	Sequel sequencing of SAMD00389862
SRR3593477	SRX1802981	SRS1469302	SRP075811	PRJNA322423	Lactiplantibacillus plantarum	LZ227	PACBIO_SMRT	PacBio RS II	1378128634.0	149007.0	WGS	GENOMIC	SINGLE	whole genome sequencing of Lactobacillus plantarum: isolated from raw cow milk
SRR13680610	SRX10070098	SRS8231704	SRP303037	PRJNA694442	Salmonella enterica		OXFORD_NANOPORE	GridION	769933151.0	105510.0	WGS	GENOMIC	SINGLE	Multiplex WGS of Salmonella enterica
SRR18286439	SRX14424226	SRS12233242	SRP363301	PRJNA557569	Serratia rubidaea	H440	OXFORD_NANOPORE	MinION	703337031.0	69721.0	WGS	GENOMIC	SINGLE	WGS of Rahnella aquatilis  H440
SRR21289450	SRX17298739	SRS14860558	SRP051099	PRJNA269675	Streptomyces carpaticus	SCPM-O-B-9993	OXFORD_NANOPORE	MinION	247666704.0	103371.0	WGS	GENOMIC	SINGLE	Shotgun 2022 Sample 436
SRR29778969	SRX25278911	SRS21698289	SRP418402	PRJNA925803	Streptococcus dysgalactiae subsp. equisimilis	MGCS35965	OXFORD_NANOPORE	GridION	842827791.0	280763.0	WGS	GENOMIC	SINGLE	WGS of Streptococcus dysgalactiae subsp. equisimilis
SRR11048545	SRX7698567	SRS6123022	SRP247794	PRJNA347089	Microcella frigidaquae	DSM 23889	PACBIO_SMRT	PacBio RS II	6117844172.0	1254937.0	WGS	GENOMIC	SINGLE	Chryseoglobus frigidaquae DSM 23889
SRR34556662	SRX29699348	SRS25810635	SRP601241	PRJNA1292185	Yersinia pestis	177	OXFORD_NANOPORE	PromethION	131057544.0	55983.0	WGS	GENOMIC	SINGLE	ONT reads Yersinia pestis_177
ERR13258717	ERX12629146	ERS20172400	ERP160815	PRJEB76256	Klebsiella oxytoca		OXFORD_NANOPORE	MinION			WGS	GENOMIC	SINGLE	MinION sequencing
ERR10499229	ERX10016515	ERS14255696	ERP142629	PRJEB57633	Escherichia coli		OXFORD_NANOPORE	GridION	93799048.0	13039.0	WGS	GENOMIC	SINGLE	Raw reads: ONT_30859_5#360
SRR26562385	SRX22263738	SRS19116562	SRP412907	PRJNA904380	Escherichia coli	CARB33	OXFORD_NANOPORE	MinION	942953867.0	135655.0	WGS	GENOMIC	SINGLE	Wastewater isolate
ERR3226455	ERX3253844	ERS2176417	ERP011196	PRJEB10018	Klebsiella pneumoniae		PACBIO_SMRT	PacBio RS	1177166531.0	163482.0	WGS	GENOMIC	SINGLE	PacBio RS sequencing
SRR5947282	SRX3105964	SRS2394957	SRP114285	PRJNA331544	Pseudomonas syringae	BS0149	PACBIO_SMRT	PacBio RS II	88272910.0	47273.0	WGS	GENOMIC	SINGLE	Pseudomonas syringae pv. Maculicola BS0149
ERR1716481	ERX1786715	ERS1234135	ERP005928	PRJEB6403	Fluoribacter dumoffii	NCTC11370	PACBIO_SMRT	PacBio RS	1177709288.0	163482.0	WGS	GENOMIC	SINGLE	PacBio RS sequencing
ERR9936422	ERX9479821	ERS12345013	ERP138720	PRJEB53905	Haemophilus influenzae	HUB-P02-HI02	OXFORD_NANOPORE	MinION	253201881.0	32500.0	WGS	GENOMIC	SINGLE	MinION sequencing
SRR25890201	SRX21610638	SRS18783863	SRP458186	PRJNA1012291	Staphylococcus	Staphylococcus aureus	OXFORD_NANOPORE	MinION	237481660.0	88351.0	WGS	GENOMIC	SINGLE	Nanopore sequencing data of MRSA
ERR11049001	ERX10495792	ERS14796226	ERP145810	PRJEB60752	Escherichia coli		OXFORD_NANOPORE	MinION	443350009.0	50689.0	WGS	GENOMIC	SINGLE	Raw reads: IMT44633_[Oxford_Nanopore]
SRR12811538	SRX9280183	SRS7508081	SRP287122	PRJNA667445	Enterobacter asburiae	S3_CRE3	PACBIO_SMRT	Sequel	2122021727.0	627843.0	WGS	GENOMIC	SINGLE	Genome sequencing of carbapenem-resistant Enterobacteriaceae
SRR12395410	SRX8893487	SRS7152509	SRP276100	PRJNA650381	Mycobacterium tuberculosis		OXFORD_NANOPORE	MinION	654242496.0	466320.0	WGS	GENOMIC	SINGLE	Nanopore TB WGS
SRR32485743	SRX27799135	SRS24151993	SRP364955	PRJNA818070	Campylobacter jejuni	AUSMDU00054655	OXFORD_NANOPORE	PromethION	41813761.0	8817.0	WGS	GENOMIC	SINGLE	WGS of Campylobacter species from ONT reads
ERR10499194	ERX10016480	ERS14255629	ERP142629	PRJEB57633	Escherichia coli		OXFORD_NANOPORE	GridION	5649249.0	1431.0	WGS	GENOMIC	SINGLE	Raw reads: ONT_30859_5#317
SRR27201509	SRX22881495	SRS19853904	SRP477847	PRJNA1052100	Klebsiella pneumoniae	K2	OXFORD_NANOPORE	MinION	138123461.0	70132.0	WGS	GENOMIC	SINGLE	ONT R9.4.1 sequences of Klebsiella pneumoniae from clinical sources in Ghana
SRR31976217	SRX27331460	SRS23507040	SRP074197	PRJNA288601	Enterobacter hormaechei	2024HL-01397	OXFORD_NANOPORE	MinION	459578066.0	50570.0	WGS	GENOMIC	SINGLE	Long read sequencing of carbapenemase producing organisms
ERR15941355	ERX15336900	ERS27416671	ERP185476	PRJEB104171	Escherichia coli		OXFORD_NANOPORE	MinION	224483853.0	68804.0	WGS	GENOMIC	SINGLE	MinION sequencing
SRR30149233	SRX25617400	SRS21937581	SRP518730	PRJNA1133668	Klebsiella pneumoniae	ST258KP206	OXFORD_NANOPORE	MinION	92446150.0	23862.0	WGS	GENOMIC	SINGLE	Nanopore sequencing of clinical CRE isolates: human
SRR13957766	SRX10335911	SRS8455455	SRP300861	PRJNA663900	Enterococcus sp. AZ064	AZ064	OXFORD_NANOPORE	GridION	625588289.0	290188.0	WGS	GENOMIC	SINGLE	sequencing of enterococcal diversity
SRR34967402	SRX30086835	SRS26152968	SRP608514	PRJNA1305037	Klebsiella pneumoniae	MI_KPC_263	OXFORD_NANOPORE	PromethION	452405543.0	87368.0	WGS	GENOMIC	SINGLE	KPC CRE collection from state of Michigan
SRR31599548	SRX26964134	SRS23433846	SRP549287	PRJNA1185485	Escherichia coli	452	OXFORD_NANOPORE	PromethION	1387927978.0	271476.0	WGS	GENOMIC	SINGLE	pseu-barcode73
SRR32908725	SRX28183718	SRS24535161	SRP574065	PRJNA1243555	Escherichia coli	E016	OXFORD_NANOPORE	GridION	573290115.0	120944.0	WGS	GENOMIC	SINGLE	WGS-E.coli
SRR14757254	SRX11090747	SRS9156119	SRP323170	PRJNA732579	Staphylococcus aureus	278	PACBIO_SMRT	Sequel	564491216.0	107262.0	WGS	GENOMIC	SINGLE	WGS of Staphylococcus aureus: human skin
ERR9682716	ERX9231707	ERS11816097	ERP120185	PRJEB36919	Campylobacter jejuni		PACBIO_SMRT	Sequel II	99782515.0	11843.0	WGS	GENOMIC	SINGLE	Sequel II sequencing
SRR36699693	SRX31707477	SRS27677560	SRP660210	PRJNA1161424	Streptomyces sp. AM6-12	AM6-12	PACBIO_SMRT	Sequel II	142825645.0	60669.0	WGS	GENOMIC	SINGLE	Streptomyces sp. AM6-12
SRR9620537	SRX6383552	SRS5043155	SRP212583	PRJNA547242	Actinoplanes teichomyceticus	DSM 43866	PACBIO_SMRT	Sequel	819200786.0	215367.0	WGS	GENOMIC	SINGLE	Actinoplanes teichomyceticus DSM 43866
ERR15516502	ERX14920348	ERS4261699	ERP119553	PRJEB36370	Klebsiella pneumoniae		OXFORD_NANOPORE	GridION	488360802.0	81941.0	WGS	GENOMIC	SINGLE	GridION sequencing
SRR31555802	SRX26921921	SRS23398977	SRP548427	PRJNA1192303	Shigella flexneri	2a	OXFORD_NANOPORE	GridION	937890108.0	349484.0	WGS	GENOMIC	SINGLE	WGS of Shigella sonnei 2021/2022
ERR13326758	ERX12697786	ERS20295390	ERP161282	PRJEB76791	Salmonella enterica subsp. enterica serovar Agona		OXFORD_NANOPORE	MinION	225832330.0	64557.0	WGS	GENOMIC	SINGLE	MinION sequencing
ERR2797026	ERX2806045	ERS2735088	ERP110894	PRJEB28660	Escherichia coli		OXFORD_NANOPORE	MinION	103087349.0	22251.0	WGS	GENOMIC	SINGLE	MinION sequencing
SRR12873115	SRX9339216	SRS7559107	SRP288030	PRJNA669190	Prochlorococcus marinus str. NATL2A	NATL2A	PACBIO_SMRT	Sequel	697667938.0	1089743.0	WGS	GENOMIC	SINGLE	Dark-tolerant Prochlorococcus NATL2A, after seventh transfer replicate 3, PacBio WGS
SRR30160869	SRX25628066	SRS17733248	SRP040281	PRJNA230403	Salmonella enterica subsp. enterica serovar Typhi	PNUSAS349400	OXFORD_NANOPORE	GridION	2068457292.0	189893.0	WGS	GENOMIC	SINGLE	ONT long-read whole genome sequencing of Salmonella typhi
DRR667349	DRX647451	DRS456684	DRP012867	PRJDB20346	Thiobacter subterraneus	JCM 12421	PACBIO_SMRT	Revio	272895382.0	18110.0	WGS	GENOMIC	SINGLE	Revio sequencing of SAMD00887300
SRR31540875	SRX26908049	SRS23387508	SRP548173	PRJNA1190675	Escherichia coli	The same strain as the one under SRA accession SRR10828966	OXFORD_NANOPORE	MinION	1808562088.0	413968.0	WGS	GENOMIC	SINGLE	ONT of TAS087
SRR8286474	SRX5101173	SRS4111418	SRP172749	PRJNA508760	Klebsiella pneumoniae	ST11	PACBIO_SMRT	PacBio RS II	1463714784.0	185201.0	WGS	GENOMIC	SINGLE	WGS of Klebsiella pneumonae: CX45-PB
ERR1800592	ERX1864133	ERS1295523	ERP005928	PRJEB6403	Acholeplasma laidlawii	NCTC10116	PACBIO_SMRT	PacBio RS	4504243458.0	163482.0	WGS	GENOMIC	SINGLE	PacBio RS sequencing
SRR33769290	SRX28991479	SRS22396673	SRP444583	PRJNA962904	Escherichia coli		PACBIO_SMRT	Sequel II	734898181.0	36454.0	WGS	GENOMIC	SINGLE	PacBio sequencing of AH0011HE1 for ARCH 2
SRR30868139	SRX26265676	SRS20686617	SRP250705	PRJNA607328	Escherichia coli		OXFORD_NANOPORE	MinION	2980558348.0	486926.0	WGS	GENOMIC	SINGLE	Escherichia coli FELIX_MS78 Nanopore reads
SRR31520160	SRX26887708	SRS23368094	SRP547791	PRJNA1185266	Limosilactobacillus reuteri	1663	PACBIO_SMRT	Sequel II	240016671.0	39140.0	WGS	GENOMIC	SINGLE	Sequencing of Limosilactobacillus reuteri: infant gut
ERR752450	ERX696132	ERS576876	ERP005355	PRJEB5919	Salmonella enterica subsp. enterica serovar Typhi		PACBIO_SMRT	PacBio RS	1189750572.0	163482.0	WGS	GENOMIC	SINGLE	PacBio RS sequencing
SRR8271037	SRX5087723	SRS4099826	SRP172012	PRJNA489756	Klebsiella pneumoniae	XJ-K2	PACBIO_SMRT	PacBio RS II	1019297705.0	99787.0	WGS	GENOMIC	SINGLE	De novo genome sequencing of bacteria:adult male blood
SRR28415532	SRX24019903	SRS20798065	SRP496639	PRJNA1090044	Staphylococcus aureus	TUM22698	OXFORD_NANOPORE	MinION	731616670.0	311425.0	WGS	GENOMIC	SINGLE	ONT sequencing of Staphylococcus aureus TUM22698
SRR7411504	SRX4282465	SRS3447209	SRP151092	PRJNA450742	Vallitalea guaymasensis	L81	PACBIO_SMRT	PacBio RS II	1372427929.0	163482.0	WGS	GENOMIC	SINGLE	Genome sequencing of Valitallea guaymasensis strain L81
DRR393670	DRX379489	DRS296996	DRP007849	PRJDB10842	Klebsiella pneumoniae subsp. ozaenae	JBBDAFG-19-0159	OXFORD_NANOPORE	GridION	553169537.0	55177.0	WGS	GENOMIC	SINGLE	GridION sequencing of SAMD00498840
ERR8007855	ERX7573524	ERS9899376	ERP131998	PRJEB47698	Klebsiella pneumoniae		OXFORD_NANOPORE	MinION	988065684.0	267669.0	WGS	GENOMIC	SINGLE	MinION sequencing
SRR30343003	SRX25801146	SRS22432622	SRP528120	PRJNA1150149	Staphylococcus aureus	ST5	OXFORD_NANOPORE	MinION	224721773.0	43145.0	WGS	GENOMIC	SINGLE	ONT long-read sequencing of potential healthcare transmission pathogens
ERR581155	ERX539242	ERS462981	ERP005928	PRJEB6403	Moellerella wisconsensis	NCTC12132	PACBIO_SMRT	PacBio RS	530022921.0	163482.0	WGS	GENOMIC	SINGLE	PacBio RS sequencing
ERR15095100	ERX14499702	ERS24813647	ERP119900	PRJEB36683	Klebsiella pneumoniae 11227-1		OXFORD_NANOPORE	PromethION	932581409.0	269759.0	WGS	GENOMIC	SINGLE	Raw reads: MKPB008_L
SRR30896235	SRX26299786	SRS22828508	SRP536878	PRJNA1134622	Escherichia coli	OXEC-66	OXFORD_NANOPORE	MinION	493223593.0	149179.0	WGS	GENOMIC	SINGLE	OXEC-66
SRR35984859	SRX31034149	SRS27024135	SRP643380	PRJNA1339501	Bradyrhizobium diazoefficiens	USDA 460	PACBIO_SMRT	Sequel IIe	652630185.0	60558.0	WGS	GENOMIC	SINGLE	Bradyrhizobium japonicum USDA 460
ERR13863755	ERX13266514	ERS21338660	ERP165332	PRJEB81499	Citrobacter freundii		OXFORD_NANOPORE	GridION	256149999.0	81850.0	WGS	GENOMIC	SINGLE	GridION sequencing
ERR10420125	ERX9948598	ERS7159972	ERP109413	PRJEB27342	Klebsiella pneumoniae		PACBIO_SMRT	Sequel II	4759770012.0	727629.0	WGS	GENOMIC	SINGLE	Sequel II sequencing
SRR36505810	SRX31526413	SRS27038741	SRP074197	PRJNA288601	Klebsiella pneumoniae	2025CK-01265	OXFORD_NANOPORE	GridION	1404457086.0	115951.0	WGS	GENOMIC	SINGLE	Nanopore sequencing of ARLN isolate
SRR35213417	SRX30316941	SRS26363876	SRP615992	PRJNA1301220	Acinetobacter baumannii	ABO20-E001	OXFORD_NANOPORE	MinION	313936435.0	55586.0	WGS	GENOMIC	SINGLE	Whole geneme sequencing of Acinetobacter baumannii: isolates of the Ab-One study
SRR22890795	SRX18848703	SRS16280071	SRP414793	PRJNA871981	plant metagenome		PACBIO_SMRT	Sequel	19959895.0	13085.0	WGS	GENOMIC	SINGLE	Microbial diversity of alfalfa
DRR425170	DRX410367	DRS364103	DRP006272	PRJDB9848	Paraburkholderia largidicola	F2	PACBIO_SMRT	PacBio RS II	546429121.0	57438.0	WGS	GENOMIC	SINGLE	PacBio RS II sequencing of SAMD00566468
SRR33895196	SRX29106657	SRS25312997	SRP590843	PRJNA1272507	Salmonella enterica	SAL-232	OXFORD_NANOPORE	GridION	741651685.0	166329.0	WGS	GENOMIC	SINGLE	ONT-WGS of Salmonella enterica
SRR9008387	SRX5786589	SRS4718892	SRP194980	PRJNA538392	Microbacterium saperdae	DSM 20169	PACBIO_SMRT	Sequel	938828374.0	228426.0	WGS	GENOMIC	SINGLE	Microbacterium saperdae DSM 20169
ERR1812239	ERX1875266	ERS234456	ERP002590	PRJEB1916	Neisseria meningitidis	W	PACBIO_SMRT	PacBio RS	232395893.0	163482.0	WGS	GENOMIC	SINGLE	PacBio RS sequencing
SRR13328084	SRX9755128	SRS7944838	SRP299781	PRJNA684363	Pseudomonas sp. TH63	TH63	OXFORD_NANOPORE	MinION	1431045600.0	739511.0	WGS	GENOMIC	SINGLE	WGS of Pseudomonas sp. : bacterial isolate
SRR28516887	SRX24117797	SRS20904550	SRP490454	PRJNA1061597	Emergencia sp. JLR.KK010	JLR.KK010	PACBIO_SMRT	Sequel II	2989605762.0	260145.0	WGS	GENOMIC	SINGLE	PacBio Sequel II genome sequencing of spore-forming community isolate JLR.KK010
SRR9176597	SRX5949261	SRS4860284	SRP040661	PRJNA231221	Burkholderia cenocepacia	FDAARGOS_734	PACBIO_SMRT	PacBio RS	1372610866.0	163482.0	WGS	GENOMIC	SINGLE	
SRR32486089	SRX27799481	SRS24152241	SRP402041	PRJNA857525	Enterobacter hormaechei	AUSMDU00028810	OXFORD_NANOPORE	PromethION	1365335515.0	331709.0	WGS	GENOMIC	SINGLE	WGS of Entobacter species from ONT reads
SRR30293564	SRX25754297	SRS20715802	SRP447847	PRJNA991976	Xanthomonas sp. WHRI 8391	WHRI 8391	OXFORD_NANOPORE	PromethION	1354121374.0	230580.0	WGS	GENOMIC	SINGLE	ONT genome sequencing of WHRI 8391Rx
DRR381759	DRX367643	DRS246864	DRP008791	PRJDB13729	Escherichia coli	61_150228	OXFORD_NANOPORE	MinION	1139260148.0	120103.0	WGS	GENOMIC	SINGLE	61_150228_ONT
SRR932084	SRX320103	SRS456498	SRP022914	PRJNA203445	Listeria monocytogenes	J1-108	PACBIO_SMRT	PacBio RS	216010006.0	81741.0	WGS	GENOMIC	SINGLE	Listeria monocytogenes Strain J2-1091
ERR1055236	ERX1135521	ERS902634	ERP012664	PRJEB11297	Streptomyces albus subsp. albus DSM 41398	DSM 41398	PACBIO_SMRT	PacBio RS	300218017.0	163482.0	WGS	GENOMIC	SINGLE	PacBio RS sequencing
ERR10488978	ERX10008289	ERS14235879	ERP142385	PRJEB57405	Streptococcus pneumoniae		OXFORD_NANOPORE	MinION	115970880.0	17002.0	WGS	GENOMIC	SINGLE	MinION sequencing
SRR6963107	SRX3905358	SRS3141668	SRP138932	PRJNA444090	Streptomyces sp. 3212.4	3212.4	PACBIO_SMRT	PacBio RS II	277679503.0	56312.0	WGS	GENOMIC	SINGLE	Streptomyces sp. 3212.4
ERR1329806	ERX1401426	ERS1022024	ERP005928	PRJEB6403	Pseudomonas aeruginosa	NCTC10727	PACBIO_SMRT	PacBio RS	3877653518.0	163482.0	WGS	GENOMIC	SINGLE	PacBio RS sequencing
SRR33738984	SRX28962816	SRS24533461	SRP074197	PRJNA288601	Pseudomonas aeruginosa		OXFORD_NANOPORE	GridION	877881340.0	358149.0	WGS	GENOMIC	SINGLE	Nanopore sequencing of ARLN isolate
SRR9849810	SRX6604421	SRS5169368	SRP216578	PRJNA330904	Xylella fastidiosa	Salento-2	PACBIO_SMRT	PacBio RS II	1803741651.0	163482.0	WGS	GENOMIC	SINGLE	PacBio Sequencing of Xylella fastidiosa pauca from Salento (Apulia, Italy) isolate
ERR1036244	ERX1114978	ERS743205	ERP009820	PRJEB8783	Mycobacterium tuberculosis		PACBIO_SMRT	PacBio RS	747000765.0	163482.0	WGS	GENOMIC	SINGLE	PacBio RS sequencing
SRR21696591	SRX17694190	SRS11554681	SRP354045	PRJNA747871	Streptomyces sp. NBC_00998	NBC_00998	OXFORD_NANOPORE	MinION	129814770.0	69778.0	WGS	GENOMIC	SINGLE	nanopore sequencing data from strain NBC_00998
ERR10664133	ERX10133317	ERS2650786	ERP104475	PRJEB22771	Streptococcus pneumoniae		PACBIO_SMRT	Sequel II	3216585586.0	481781.0	WGS	GENOMIC	SINGLE	Sequel II sequencing
DRR536148	DRX519967	DRS369632	DRP011327	PRJDB17653	Thermus thermophilus	TF27	OXFORD_NANOPORE	MinION	807937392.0	128536.0	WGS	GENOMIC	SINGLE	MinION sequencing of SAMD00754792
ERR15602723	ERX15005947	ERS26882991	ERP180185	PRJEB97707	Escherichia coli		OXFORD_NANOPORE	MinION	269140978.0	40043.0	WGS	GENOMIC	SINGLE	MinION sequencing
ERR4244422	ERX4203216	ERS3414279	ERP024062	PRJEB21775	Streptococcus suis		PACBIO_SMRT	Sequel	664131424.0	142435.0	WGS	GENOMIC	SINGLE	Sequel sequencing
SRR28837367	SRX24400085	SRS21155215	SRP186943	PRJNA510385	Staphylococcus pseudintermedius	not applicable	OXFORD_NANOPORE	GridION	1449463994.0	400000.0	WGS	GENOMIC	SINGLE	SIG-Dog-OK74078CY240027
SRR27962344	SRX23618778	SRS20459155	SRP489640	PRJNA998543	Staphylococcus epidermidis	HRSE 23	OXFORD_NANOPORE	MinION	1458182547.0	168637.0	WGS	GENOMIC	SINGLE	S. epidermidis isolated from Han River whole genome sequencing
SRR17210256	SRX13390254	SRS11290156	SRP350362	PRJNA788148	Citrobacter amalonaticus	B2s	OXFORD_NANOPORE	MinION	46843954.0	6761.0	WGS	GENOMIC	SINGLE	B2_r2_standard_13h
ERR13802557	ERX13203309	ERS21186432	ERP164461	PRJEB80477	Enterococcus faecalis		OXFORD_NANOPORE	MinION	420622114.0	127964.0	WGS	GENOMIC	SINGLE	MinION sequencing
DRR723665	DRX703686	DRS495803	DRP013760	PRJDB20694	Acetobacter okinawensis JCM 25146	JCM 25146	OXFORD_NANOPORE	MinION	129932263.0	36729.0	WGS	GENOMIC	SINGLE	MinION sequencing of SAMD01611186
SRR16956433	SRX13148008	SRS11080365	SRP346366	PRJNA764859	Tepidimonas taiwanensis	LMG 22826	OXFORD_NANOPORE	MinION	7916918086.0	469420.0	WGS	GENOMIC	SINGLE	WGS ONT: Tepidimonas taiwanensis LMG 22826
SRR386090	SRX109803	SRS183306	SRP006189	PRJNA52149	Klebsiella oxytoca 10-5248	10-5248	PACBIO_SMRT	PacBio RS	67647115.0	81741.0	WGS	GENOMIC	SINGLE	Whole Genome Sequencing and Assembly
SRR4061946	SRX2050995	SRS1643397	SRP082754	PRJNA247910	Luteibacter sp. 9145	9145	PACBIO_SMRT	PacBio RS	158481662.0	41887.0	WGS	GENOMIC	SINGLE	Luteibacter sp. 9145
SRR24651172	SRX20431359	SRS17736875	SRP438478	PRJNA885826	Bacteroides cellulosilyticus DSM 14838	DSM 14838	OXFORD_NANOPORE	MinION	2938492130.0	178241.0	WGS	GENOMIC	SINGLE	PCR free Oxford Nanopore sequencing of genomic DNA from Bacteroides-cellulosilyticus-DSM-14838
ERR13802505	ERX13203257	ERS21186380	ERP164461	PRJEB80477	Staphylococcus aureus		OXFORD_NANOPORE	MinION	210579574.0	101360.0	WGS	GENOMIC	SINGLE	MinION sequencing
ERR3685885	ERX3675489	ERS4047686	ERP114207	PRJEB31632	bacterium		OXFORD_NANOPORE	GridION	650514451.0	235884.0	WGS	GENOMIC	SINGLE	GridION sequencing
SRR12298558	SRX8801509	SRS6792809	SRP266402	PRJNA605147	Escherichia coli	RHB17-C18	OXFORD_NANOPORE	GridION	426410610.0	61136.0	WGS	GENOMIC	SINGLE	OXFORD_NANOPORE sequencing of Escherichia coli isolate RH03|T2-C18 cultured from Pig faeces sample
DRR629222	DRX609549	DRS438771	DRP012484	PRJDB19189	Mycobacterium avium subsp. hominissuis	GA68618	OXFORD_NANOPORE	MinION	323479868.0	39899.0	WGS	GENOMIC	SINGLE	MinION sequencing of SAMD00833273
SRR12299070	SRX8802143	SRS6792743	SRP266402	PRJNA605147	Klebsiella michiganensis	RHBSTW-00909	OXFORD_NANOPORE	GridION	2396269450.0	324975.0	WGS	GENOMIC	SINGLE	OXFORD_NANOPORE sequencing of Klebsiella oxytoca isolate WTP1|T3-00909 cultured from WTP influent sample
SRR21696195	SRX17694072	SRS11554441	SRP354045	PRJNA747871	Streptomyces goshikiensis	NBC_00909	OXFORD_NANOPORE	MinION	806004315.0	353732.0	WGS	GENOMIC	SINGLE	nanopore sequencing data from strain NBC_00909
ERR10498086	ERX10015375	ERS14254589	ERP142629	PRJEB57633	Escherichia coli		OXFORD_NANOPORE	GridION	74965901.0	30703.0	WGS	GENOMIC	SINGLE	Raw reads: ONT_30348_1#90
SRR29015125	SRX24541775	SRS21286502	SRP506715	PRJNA981225	Salmonella enterica subsp. enterica serovar Typhimurium	SH16G4821	OXFORD_NANOPORE	PromethION	1000015079.0	42545.0	WGS	GENOMIC	SINGLE	raw sequence data of Salmonella enterica subsp. enterica serovar Typhimurium SH16G4821 using third-generation sequencing
SRR9326079	SRX6093004	SRS4994025	SRP201833	PRJNA549563	Escherichia coli	F022R	OXFORD_NANOPORE	MinION	639617527.0	18517.0	WGS	GENOMIC	SINGLE	Comparative genomics and transcriptomics of Escherichia coli in response to plasmid aquisition
SRR26807497	SRX22504735	SRS19517402	SRP471535	PRJNA1002862	Serratia marcescens	SM03	OXFORD_NANOPORE	MinION	619371845.0	196970.0	WGS	GENOMIC	SINGLE	WGS of GES-6 positive Serratia marcescens
SRR27033700	SRX22725497	SRS19714565	SRP475574	PRJNA1047486	Pseudomonas marginalis	SBW25	OXFORD_NANOPORE	GridION	655904492.0	100443.0	WGS	GENOMIC	SINGLE	Whole genome sequencing of Pseudomonas fluorescens SBW25; long read
SRR23032938	SRX18987638	SRS16399852	SRP413032	PRJNA906522	Pseudomonas aeruginosa	Paer31	OXFORD_NANOPORE	MinION	430405763.0	89556.0	WGS	GENOMIC	SINGLE	Long read sequencing of Pseudomonas aeruginosa Paer31
ERR11146402	ERX10593787	ERS14838573			Streptomyces sp. SudanB148_2056		PACBIO_SMRT	Sequel	1792056109.0	247362.0	WGS	GENOMIC	SINGLE	Sequel sequencing; Raw reads: SudanB148_2056
ERR10676160	ERX10143924	ERS14333259	ERP143248	PRJEB58185	Campylobacter jejuni		OXFORD_NANOPORE	MinION	294449036.0	489118.0	WGS	GENOMIC	PAIRED	MinION paired end sequencing
ERR3685744	ERX3675348	ERS4047545	ERP114207	PRJEB31632	bacterium		OXFORD_NANOPORE	GridION	573440964.0	83553.0	WGS	GENOMIC	SINGLE	GridION sequencing
ERR11275459	ERX10683029	ERS14857428	ERP146774	PRJEB61685	Mycobacterium tuberculosis variant bovis BCG		OXFORD_NANOPORE	MinION	74437595.0	44992.0	WGS	GENOMIC	SINGLE	MinION sequencing
SRR17210325	SRX13390185	SRS11290155	SRP350362	PRJNA788148	Raoultella ornithinolytica	A2s	OXFORD_NANOPORE	MinION	49722823.0	9026.0	WGS	GENOMIC	SINGLE	A2_r2_standard_15h
SRR30944934	SRX26347470	SRS22853368	SRP537443	PRJNA1170947	Serratia marcescens	CAV1492	OXFORD_NANOPORE	MinION	1360040984.0	89054.0	WGS	GENOMIC	SINGLE	Whole Genome Sequencing of CAV4472: Sink-3PS
SRR16525609	SRX12728390	SRS10336849	SRP357534	PRJNA801415	Klebsiella pneumoniae	15	OXFORD_NANOPORE	GridION	1315229215.0	228179.0	WGS	GENOMIC	SINGLE	Extensive diversification and dissemination of blaNDM carbapenemase plasmids in Enterobacterales in Singapore 2010-2015
SRR23384659	SRX19323002	SRS16721104	SRP421698	PRJNA924056	Escherichia coli	CPO074	OXFORD_NANOPORE	MinION	723925832.0	68566.0	WGS	GENOMIC	SINGLE	WGS of bacterial isolate possessing blaIMP-4 carbapenemase
SRR15171283	SRX11478540	SRS9518556	SRP328635	PRJNA746600	Thomasclavelia spiroformis DSM 1552	DSM 1552	OXFORD_NANOPORE	MinION	204133870.0	60660.0	WGS	GENOMIC	SINGLE	WGS of Clostridium-spiroforme-DSM-1552 library1 using OXFORD_NANOPORE
SRR23347683	SRX19289350	SRS16690584	SRP421131	PRJNA931653	Escherichia coli K-12	K-12	OXFORD_NANOPORE	GridION	21675499.0	4000.0	WGS	GENOMIC	SINGLE	Nanopore sequencing of Ciprofloxacin challenged E. coli
SRR28257188	SRX23867718	SRS20686623	SRP250705	PRJNA607328	Pseudomonas putida		OXFORD_NANOPORE	MinION	826951949.0	112331.0	WGS	GENOMIC	SINGLE	Pseudomonas putida FELIX_MS547 Nanopore
DRR482577	DRX466803	DRS312818	DRP010188	PRJDB15932	Campylobacter jejuni	BCH-11457	OXFORD_NANOPORE	MinION	336913314.0	83579.0	WGS	GENOMIC	SINGLE	SSUB025744: Campylobacter jejuni BCH-11457
ERR13354978	ERX12725910	ERS20228324	ERP160933	PRJEB76407	Mediterraneibacter gnavus		PACBIO_SMRT	Sequel IIe	58346724.0	7125.0	WGS	GENOMIC	SINGLE	Sequel IIe sequencing
SRR12395390	SRX8893507	SRS7152529	SRP276100	PRJNA650381	Mycobacterium tuberculosis		OXFORD_NANOPORE	MinION	621630727.0	402544.0	WGS	GENOMIC	SINGLE	Nanopore TB WGS
SRR31598891	SRX26963594	SRS23433307	SRP549287	PRJNA1185485	Escherichia coli	952	OXFORD_NANOPORE	PromethION	386824381.0	71218.0	WGS	GENOMIC	SINGLE	wwtp-9n14-barcode19
SRR33738973	SRX28962827	SRS24533469	SRP074197	PRJNA288601	Citrobacter koseri		OXFORD_NANOPORE	GridION	538552386.0	125286.0	WGS	GENOMIC	SINGLE	Nanopore sequencing of ARLN isolate
SRR5829899	SRX3007241	SRS2357530	SRP112249	PRJNA329679	Clostridium butyricum	DJ064	PACBIO_SMRT	PacBio RS II	827474034.0	202235.0	WGS	GENOMIC	SINGLE	Clostridium butyricum str. 64
SRR11209302	SRX7822131	SRS6233359	SRP251108	PRJNA609126	Staphylococcus aureus	SA1428	OXFORD_NANOPORE	GridION	94443213.0	4000.0	WGS	GENOMIC	SINGLE	Genome sequence of a chronic Staphylococcus aureus isolated from dairy cow that is non-responsive to antibiotic treatment
SRR13716975	SRX10105556	SRS8262484	SRP306522	PRJNA696867	Rhodococcus ruber	WS3521	PACBIO_SMRT	PacBio RS II	7073292027.0	853831.0	WGS	GENOMIC	SINGLE	Rhodococcus ruber WS3521
SRR11209261	SRX7822172	SRS6233359	SRP251108	PRJNA609126	Staphylococcus aureus	SA1428	OXFORD_NANOPORE	GridION	88401374.0	4000.0	WGS	GENOMIC	SINGLE	Genome sequence of a chronic Staphylococcus aureus isolated from dairy cow that is non-responsive to antibiotic treatment
SRR16561796	SRX12763933	SRS10711090	SRP342987	PRJNA773974	Lacticaseibacillus paracasei	GMNL-653	OXFORD_NANOPORE	GridION	1953704371.0	323409.0	WGS	GENOMIC	SINGLE	GMNL-653 sequencing by Nanopore
ERR16064518	ERX15454700	ERS28397653	ERP173262	PRJEB90249	Escherichia coli		OXFORD_NANOPORE	GridION	458592695.0	142691.0	WGS	GENOMIC	SINGLE	GridION sequencing
ERR13064427	ERX12434951	ERS18677544	ERP155942	PRJEB71064	Enterococcus faecium		PACBIO_SMRT	Sequel II	253410281.0	23092.0	WGS	GENOMIC	SINGLE	Sequel II sequencing
ERR12165290	ERX11576228	ERS16322093	ERP150987	PRJEB65895	Listeria monocytogenes	clinical isolate of L. monocytogenes	OXFORD_NANOPORE	MinION	601871185.0	98405.0	WGS	GENOMIC	SINGLE	MinION sequencing
SRR33422511	SRX28663457	SRS24931427	SRP583015	PRJNA1258586	Bacteroides fragilis	H1	PACBIO_SMRT	PacBio RS II	251028828.0	59108.0	WGS	GENOMIC	SINGLE	First generation of clones(H1) after phage selection,HBP1-resistant colonies,number_H1R3
SRR6976418	SRX3918029	SRS3153105	SRP139234	PRJNA442015	Acidovorax sp. 99	99	PACBIO_SMRT	PacBio RS II	387371088.0	87978.0	WGS	GENOMIC	SINGLE	Acidovorax sp. 99
SRR35213327	SRX30317030	SRS26363965	SRP615992	PRJNA1301220	Acinetobacter baumannii	ABO21-A026	OXFORD_NANOPORE	MinION	100739737.0	53869.0	WGS	GENOMIC	SINGLE	Whole geneme sequencing of Acinetobacter baumannii: isolates of the Ab-One study
SRR13575580	SRX9973671	SRS8145954	SRP303741	PRJNA695586	Streptococcus pyogenes	M4C20	OXFORD_NANOPORE	MinION	2797640.0	4000.0	WGS	GENOMIC	SINGLE	Whole genome sequence of Streptococcus pyogenes strain M4C20
ERR11475402	ERX10881552	ERS15445795	ERP147277	PRJEB62193	Vibrio cholerae O1 biovar El Tor str. N16961		PACBIO_SMRT	PacBio RS II	164413114.0	25025.0	WGS	GENOMIC	SINGLE	PacBio RS II sequencing
SRR34967379	SRX30086858	SRS26152982	SRP608514	PRJNA1305037	Klebsiella pneumoniae	MI_KPC_293	OXFORD_NANOPORE	PromethION	252339597.0	65881.0	WGS	GENOMIC	SINGLE	KPC CRE collection from state of Michigan
ERR10791258	ERX10240568	ERS2652720	ERP104475	PRJEB22771	Streptococcus pneumoniae		PACBIO_SMRT	Sequel II	1868637486.0	279891.0	WGS	GENOMIC	SINGLE	Sequel II sequencing
SRR715102	SRX228379	SRS411277	SRP022786	PRJNA82565	Enterococcus faecalis V583	V583	PACBIO_SMRT	PacBio RS	108834904.0	81741.0	WGS	GENOMIC	SINGLE	Pacbio whole genome shotgun sequencing of genomic DNA library 'LR_177' containing sample 'V583' from individual 'Enterococcus_faecalis_V583_CB807'
SRR11059916	SRX7705807	SRS6129647	SRP248080	PRJNA463421	Clostridium saccharobutylicum	DJ147	PACBIO_SMRT	PacBio RS II	650884388.0	200712.0	WGS	GENOMIC	SINGLE	Clostridium beijerinckii DJ147
SRR18699904	SRX14800871	SRS12558867	SRP369010	PRJNA696080	Streptomyces virginiae	DSM 40803	PACBIO_SMRT	Sequel II	5758426238.0	1171095.0	WGS	GENOMIC	SINGLE	Streptomyces cinnamonensis DSM 40803
SRR30016862	SRX25495943	SRS21850002	SRP517073	PRJNA1130007	Ralstonia syzygii subsp. celebesensis	NCPPB 3728	OXFORD_NANOPORE	PromethION	1441179415.0	291270.0	WGS	GENOMIC	SINGLE	Genome sequencing of NCPPB 3728
ERR1407349	ERX1478588	ERS1066616	ERP005928	PRJEB6403	Staphylococcus aureus	NCTC13758	PACBIO_SMRT	PacBio RS	1897189358.0	163482.0	WGS	GENOMIC	SINGLE	PacBio RS sequencing
SRR12073575	SRX8601136	SRS6864040	SRP267792	PRJNA630296	Mycobacterium marinum	MMA1	PACBIO_SMRT	Sequel	1059909756.0	229658.0	WGS	GENOMIC	SINGLE	PacBio SMRT Sequencing of Mycobacterium marinum MMA1 Genomic Library
SRR5504144	SRX2781638	SRS1669556	SRP085751	PRJNA333459	Streptomyces sp. OV198	OV198	PACBIO_SMRT	PacBio RS II	549908014.0	152810.0	WGS	GENOMIC	SINGLE	Streptomyces sp. OV198
SRR3465533	SRX1735438	SRS1416493	SRP074118	PRJNA279657	Klebsiella pneumoniae	ATCC 35657	PACBIO_SMRT	PacBio RS II	479900735.0	163482.0	WGS	GENOMIC	SINGLE	PacBio SMRT Sequencing of Klebsiella pneumoniae ATCC35657 Genomic Library
SRR2895375	SRX1411449	SRS1146041	SRP065773	PRJNA242267	Francisella tularensis subsp. holarctica	FTT_1	PACBIO_SMRT	PacBio RS II	399210716.0	124984.0	WGS	GENOMIC	SINGLE	FTT_1_PacBio
SRR30934823	SRX26337486	SRS22863377	SRP537571	PRJNA1168290	Paenibacillus sp. TAB_01	TAB_01	OXFORD_NANOPORE	MinION	1647873.0	196.0	WGS	GENOMIC	SINGLE	Paenibacillus sp. TAB 01 from cotton plant tissue
SRR5851806	SRX3021407	SRS1832489	SRP094480	PRJNA279196	Bordetella pertussis	I730	PACBIO_SMRT	PacBio RS II	998513355.0	163482.0	WGS	GENOMIC	SINGLE	
SRR14628247	SRX10968926	SRS8660048	SRP321015	PRJNA731114	Pseudomonas aeruginosa	PaLo249	OXFORD_NANOPORE	MinION	365288085.0	60775.0	WGS	GENOMIC	SINGLE	Nanopore sequencing of Pseudomonas aeruginosa isolates
SRR26386673	SRX22092770	SRS19158731	SRP466359	PRJNA660241	Salmonella sp. C2474	C2474	PACBIO_SMRT	PacBio RS	1058070000.0	3526900.0	WGS	GENOMIC	PAIRED	Salmonella enterica Genome sequencing
SRR35627239	SRX30683449	SRS26703018	SRP524862	PRJNA851850	Mycolicibacterium sp. Dal123E01	Dal123E01	OXFORD_NANOPORE	GridION	2523444731.0	479259.0	WGS	GENOMIC	SINGLE	WGS Mycolicibacterium sp. Dal123E01
SRR11059437	SRX7705359	SRS6129239	SRP248056	PRJNA459256	Clostridium acetobutylicum	DJ313	PACBIO_SMRT	PacBio RS II	554822156.0	179699.0	WGS	GENOMIC	SINGLE	Clostridium acetobutylicum DJ313
SRR4052179	SRX2041740	SRS1368362	SRP072631	PRJNA183056	Nitrosospira briensis C-128	C-128	PACBIO_SMRT	PacBio RS	56179319.0	20045.0	WGS	GENOMIC	SINGLE	Nitrosospira briensis C-128
ERR10879075	ERX10323825	ERS14626527	ERP143848	PRJEB58776	Legionella pneumophila		OXFORD_NANOPORE	GridION	1859545005.0	131251.0	WGS	GENOMIC	SINGLE	GridION sequencing
SRR9326090	SRX6092993	SRS4994017	SRP201833	PRJNA549563	Escherichia coli	F047	OXFORD_NANOPORE	MinION	758833616.0	167322.0	WGS	GENOMIC	SINGLE	Comparative genomics and transcriptomics of Escherichia coli in response to plasmid aquisition
ERR654489	ERX610812	ERS475420	ERP001671	PRJEB3186	Salmonella enterica subsp. enterica serovar Enteritidis	B20062	PACBIO_SMRT	PacBio RS	1220629250.0	163482.0	WGS	GENOMIC	SINGLE	PacBio RS sequencing
ERR13064377	ERX12434901	ERS18677310	ERP155942	PRJEB71064	Enterococcus faecium		PACBIO_SMRT	Sequel II	181836977.0	17507.0	WGS	GENOMIC	SINGLE	Sequel II sequencing
SRR12280303	SRX8784411	SRS7052993	SRP272861	PRJNA646575	Phocaeicola vulgatus		OXFORD_NANOPORE	GridION	2925895623.0	332594.0	WGS	GENOMIC	SINGLE	WGS  of Bacteroides fragilis group clinical isolates
SRR33213279	SRX28460567	SRS24781922	SRP292718	PRJNA662585	Bradyrhizobium genosp. P	BDV5111	OXFORD_NANOPORE	MinION	1549351369.0	751449.0	WGS	GENOMIC	SINGLE	Genome sequence of strain BDV5111
SRR23384575	SRX19323086	SRS16721164	SRP421698	PRJNA924056	Serratia nevei	CPO373	OXFORD_NANOPORE	MinION	8176017.0	1243.0	WGS	GENOMIC	SINGLE	WGS of bacterial isolate possessing blaIMP-4 carbapenemase
SRR33035066	SRX28300669	SRS24644632	SRP577280	PRJNA1219142	Enterobacter hormaechei	EN2209305	OXFORD_NANOPORE	MinION	151473644.0	27171.0	WGS	GENOMIC	SINGLE	Nanopore sequencing of blaNDM and 16sRMTase isolates
ERR8187240	ERX7750114	ERS10222655	ERP135060	PRJEB50484	Staphylococcus aureus		OXFORD_NANOPORE	MinION	134855753.0	44351.0	WGS	GENOMIC	SINGLE	MinION sequencing
SRR21415839	SRX17420041	SRS12115018	SRP361569	PRJNA768416	Bacillus sp. FSL M7-0110	FSL M7-0110	OXFORD_NANOPORE	MinION	1306826706.0	263514.0	WGS	GENOMIC	SINGLE	WGS of Bacilli
ERR10791321	ERX10240631	ERS2650758	ERP104475	PRJEB22771	Streptococcus pneumoniae		PACBIO_SMRT	Sequel II	1077680512.0	163419.0	WGS	GENOMIC	SINGLE	Sequel II sequencing
SRR34500478	SRX29644308	SRS1278914	SRP069749	PRJNA310138	Rhizobium leguminosarum	KDH_Rht_113_C	PACBIO_SMRT	Revio	396238064.0	41865.0	WGS	GENOMIC	SINGLE	Rhizobium leguminosarum long reads
SRR29779019	SRX25278861	SRS21698239	SRP418402	PRJNA925803	Streptococcus dysgalactiae subsp. equisimilis	MGCS35744	OXFORD_NANOPORE	GridION	614806414.0	648846.0	WGS	GENOMIC	SINGLE	WGS of Streptococcus dysgalactiae subsp. equisimilis
ERR1911792	ERX1972272	ERS1420648	ERP005928	PRJEB6403	Tsukamurella paurometabola	NCTC13232	PACBIO_SMRT	PacBio RS	1180248038.0	163482.0	WGS	GENOMIC	SINGLE	PacBio RS sequencing
ERR10499042	ERX10016331	ERS14255610	ERP142629	PRJEB57633	Escherichia coli		OXFORD_NANOPORE	GridION	62797453.0	11049.0	WGS	GENOMIC	SINGLE	Raw reads: ONT_30821_1#33
SRR25793395	SRX21515714	SRS8481750	SRP457515	PRJNA1010762	Bacillus cereus		OXFORD_NANOPORE	MinION	1753565165.0	448905.0	WGS	GENOMIC	SINGLE	whole-genome sequencing of Bacillus cereus
SRR9668397	SRX6428976	SRS5084192	SRP040661	PRJNA231221	Bacillus thuringiensis	FDAARGOS_800	PACBIO_SMRT	PacBio RS	1024461914.0	163482.0	WGS	GENOMIC	SINGLE	
SRR28046836	SRX23698272	SRS20528430	SRP490968	PRJNA1077904	Paenibacillus amylolyticus	Y5S-7	OXFORD_NANOPORE	PromethION	665183744.0	213154.0	WGS	GENOMIC	SINGLE	Nanopore sequencing of strain Y5S-7
SRR33616189	SRX28844537	SRS25055459	SRP399923	PRJNA857537	Mycobacterium tuberculosis	AUSMDU00034710	OXFORD_NANOPORE	GridION	347854888.0	273453.0	WGS	GENOMIC	SINGLE	WGS of Mycobacterium tuberculosis from ONT reads
ERR12767392	ERX12140546	ERS18536049	ERP158744	PRJEB74044	Escherichia coli	PBIO3949	OXFORD_NANOPORE	MinION	1527869968.0	123806.0	WGS	GENOMIC	SINGLE	MinION sequencing
SRR7971245	SRX4804294	SRS3883049	SRP163896	PRJNA494713	Escherichia coli	ERL04-3476	PACBIO_SMRT	PacBio RS II	2976958209.0	163482.0	WGS	GENOMIC	SINGLE	Compete closed genomes of ten Shiga toxin-containing Escherichia coli O157:H7 strains from New Zealand
SRR31347888	SRX26724857	SRS23214925	SRP358974	PRJNA804245	Dolosigranulum pigrum	MSK224	OXFORD_NANOPORE	MinION	312304677.0	73947.0	WGS	GENOMIC	SINGLE	Bacterial stain isolates from human respiratory, skin, and other clinical samples.
SRR8365124	SRX5175455	SRS4182787	SRP174267	PRJNA510422	Salmonella enterica subsp. enterica serovar Stanleyville	RSE39	OXFORD_NANOPORE	MinION	500006887.0	20187.0	WGS	GENOMIC	SINGLE	whole genome sequencing of Salmonella: food isolate
ERR4762966	ERX4636032	ERS5247859	ERP124695	PRJEB40976	Enterococcus faecalis		OXFORD_NANOPORE	GridION	838369291.0	47656.0	WGS	GENOMIC	SINGLE	GridION sequencing; Raw reads: 27688_1#267
SRR11620697	SRX8184844	SRS5970369	SRP064275	PRJNA258022	Campylobacter sp. CFSAN093256	CFSAN093256	OXFORD_NANOPORE	MinION	127596680.0	9032.0	WGS	GENOMIC	SINGLE	Complete Genome Sequences of 17 clinical Campylobacter jejuni strains from Chile
SRR9620676	SRX6383687	SRS5043285	SRP212591	PRJNA547259	Aeriscardovia aeriphila	DSM 22365	PACBIO_SMRT	Sequel	184853056.0	66348.0	WGS	GENOMIC	SINGLE	Aeriscardovia aeriphila DSM 22365
SRR35215103	SRX30318920	SRS26365617	SRP616041	PRJNA834246	Bradyrhizobium japonicum	USDA 50	PACBIO_SMRT	Sequel II	350006562.0	31948.0	WGS	GENOMIC	SINGLE	Bradyrhizobium japonicum USDA 50
SRR7721906	SRX4578800	SRS3693238	SRP158403	PRJNA281531	Pasteurella multocida	USDA-ARS-USMARC-59962	PACBIO_SMRT	PacBio RS II	2228335625.0	163482.0	WGS	GENOMIC	SINGLE	WGS of Pasteurella multocida USDA-ARS-USMARC-59962
ERR2192967	ERX2249082	ERS1826201	ERP005928	PRJEB6403	Megamonas hypermegale	NCTC10571	PACBIO_SMRT	PacBio RS	925664142.0	163482.0	WGS	GENOMIC	SINGLE	PacBio RS sequencing
SRR33768592	SRX28990885	SRS22397301	SRP444583	PRJNA962904	Escherichia coli		PACBIO_SMRT	Sequel II	135772744.0	6066.0	WGS	GENOMIC	SINGLE	PacBio sequencing of A119004HE1 for ARCH 2
SRR18681614	SRX14782883	SRS12539623	SRP368114	PRJNA824420	Escherichia coli	GD02974_ECOL_HY_91	OXFORD_NANOPORE	MinION	336011432.0	50638.0	WGS	GENOMIC	SINGLE	Long-read sequencing of Escherichia coli: isolate #91 blood
SRR29081075	SRX24605319	SRS21342995	SRP508604	PRJNA1113402	Mycobacterium tuberculosis	TH-19-5553	OXFORD_NANOPORE	MinION	208137268.0	256766.0	WGS	GENOMIC	SINGLE	WGS of clinical Mycobacterium tuberculosis isolates from the Philippines
SRR4181353	SRX2142589	SRS1674049	SRP086992	PRJNA303729	Brevibacterium siliguriense	DSM 23676	PACBIO_SMRT	PacBio RS	711459070.0	208866.0	WGS	GENOMIC	SINGLE	Brevibacterium siliguriense DSM 23676
ERR10498925	ERX10016214	ERS14255986	ERP142629	PRJEB57633	Escherichia coli		OXFORD_NANOPORE	GridION	68853345.0	7811.0	WGS	GENOMIC	SINGLE	Raw reads: ONT_30602_2#45
SRR35556834	SRX30631226	SRS4553546	SRP150360	PRJNA475751	Klebsiella pneumoniae	KLP00219	OXFORD_NANOPORE	MinION	683249558.0	91425.0	WGS	GENOMIC	SINGLE	WGS Sequencing of Klebsiella pneumoniae
SRR15989446	SRX12278093	SRS9999294	SRP357537	PRJNA801416	Klebsiella pneumoniae	661	OXFORD_NANOPORE	GridION	590658940.0	77673.0	WGS	GENOMIC	SINGLE	Whole Genome Sequencing of Carbapenemase-producing Enterobacterales (CPE)
SRR2818096	SRX1384198	SRS1134796	SRP040661	PRJNA231221	Vibrio vulnificus	FDAARGOS_116	PACBIO_SMRT	PacBio RS	986431129.0	163482.0	WGS	GENOMIC	SINGLE	
SRR30149495	SRX25617138	SRS21937396	SRP518730	PRJNA1133668	Enterobacter hormaechei	ST171EH13	OXFORD_NANOPORE	MinION	114232478.0	14298.0	WGS	GENOMIC	SINGLE	Nanopore sequencing of clinical CRE isolates: human
SRR21416027	SRX17420461	SRS12115092	SRP361569	PRJNA768416	Bacillus sp. FSL H8-0534	FSL H8-0534	OXFORD_NANOPORE	MinION	844879171.0	161927.0	WGS	GENOMIC	SINGLE	WGS of Bacilli
SRR6278373	SRX3381007	SRS1256864	SRP068736	PRJNA292901	Escherichia coli	AR_0019	PACBIO_SMRT	PacBio RS II	1083573641.0	163482.0	WGS	GENOMIC	SINGLE	PacBio SMRT Sequencing of Escherichia coli FDA-CDC-AR_0019 Genomic Library
SRR13386020	SRX9805409	SRS7989484	SRP300861	PRJNA663900	Enterococcus sp. DIV1639a	DIV1639a	OXFORD_NANOPORE	GridION	347534462.0	63025.0	WGS	GENOMIC	SINGLE	Zoo 3 Enterococcus Diversity Genome sequencing and assembly
ERR2797059	ERX2806078	ERS2735121	ERP110894	PRJEB28660	Pseudomonas aeruginosa		OXFORD_NANOPORE	MinION	236778473.0	63763.0	WGS	GENOMIC	SINGLE	MinION sequencing
SRR25467150	SRX21199774	SRS18458352	SRP452337	PRJNA1000618	Escherichia coli	Escherichia coli BL21(DE3)	OXFORD_NANOPORE	MinION	6469728.0	4000.0	WGS	GENOMIC	SINGLE	CASTVK transposition with different condition
SRR9722838	SRX6480371	SRS5130435	SRP215816	PRJNA470993	Staphylococcus aureus	pt298	PACBIO_SMRT	PacBio RS II	1018666926.0	139873.0	WGS	GENOMIC	SINGLE	WGS of Staphylococcus aureus
SRR33768682	SRX28991396	SRS22455878	SRP444583	PRJNA962904	Enterobacter cloacae		PACBIO_SMRT	Sequel II	338594402.0	16553.0	WGS	GENOMIC	SINGLE	PacBio sequencing of AH0205HE1 for ARCH 2
SRR34973339	SRX30092473	SRS26157553	SRP608514	PRJNA1305037	Enterobacter hormaechei	MI_KPC_553	OXFORD_NANOPORE	PromethION	468424644.0	79953.0	WGS	GENOMIC	SINGLE	KPC CRE collection from state of Michigan
SRR3439948	SRX1726359	SRS1411915	SRP073875	PRJNA319465	Lactobacillus helveticus	FAM8627	PACBIO_SMRT	PacBio RS II	842400332.0	163482.0	WGS	GENOMIC	SINGLE	Pacbio RSII data of Lactobacillus helveticus FAM8627
SRR14628277	SRX10968896	SRS8660145	SRP321015	PRJNA731114	Pseudomonas aeruginosa	PaLo31	OXFORD_NANOPORE	MinION	245898139.0	31308.0	WGS	GENOMIC	SINGLE	Nanopore sequencing of Pseudomonas aeruginosa isolates
ERR13600384	ERX12971407	ERS6631527	ERP109316	PRJEB27256	Klebsiella pneumoniae	KP_NORM_BLD_112590	OXFORD_NANOPORE	GridION	259712985.0	17369.0	WGS	GENOMIC	SINGLE	GridION sequencing
ERR16137074	ERX15526740	SRS10826675	ERP187675	PRJEB106623	Neisseria gonorrhoeae		OXFORD_NANOPORE	MinION	282622675.0	49813.0	WGS	GENOMIC	SINGLE	Raw reads: EEE030
SRR25916655	SRX21636517	SRS18806618	SRP321830	PRJNA674638	Brucella pseudogrignonensis	1.2.1	PACBIO_SMRT	PacBio RS	580489691.0	63658.0	WGS	GENOMIC	SINGLE	PacBio sequencing of bacterial genomes associated with fermentation and spoilage of pickling cucumbers
SRR1910428	SRX951879	SRS872072	SRP056067	PRJNA277915	Pseudomonas fluorescens	LBUM223	PACBIO_SMRT	PacBio RS	2368455397.0	435952.0	WGS	GENOMIC	SINGLE	Genome Sequencing of Pseudomonas fluorescens LBUM223
ERR776854	ERX719731	ERS671488	ERP009748	PRJEB8723	Acinetobacter baylyi ADP1		OXFORD_NANOPORE	MinION	34511016.0	11957.0	WGS	GENOMIC	SINGLE	MinION sequencing; Acinetobacter sp. ADP1 whole genome sequencing using MinIon R7.3 chemistry
SRR4235465	SRX2156764	SRS1686713	SRP088727	PRJNA322999	Streptomyces sp. 2131.1	2131.1	PACBIO_SMRT	PacBio RS	130903209.0	36509.0	WGS	GENOMIC	SINGLE	Streptomyces sp 2131.1
ERR1223247	ERX1295460	ERS939203	ERP005928	PRJEB6403	Enterococcus hirae	NCTC7175	PACBIO_SMRT	PacBio RS	1345995344.0	163482.0	WGS	GENOMIC	SINGLE	PacBio RS sequencing
SRR10918380	SRX7585757	SRS6019414	SRP051949	PRJNA271899	Enterobacter cloacae	UCI-305	OXFORD_NANOPORE	GridION	2724920041.0	785386.0	WGS	GENOMIC	SINGLE	Sequencing of Carbapenem resistant bacteria
SRR16525810	SRX12728189	SRS10336765	SRP357534	PRJNA801415	Citrobacter freundii	-	OXFORD_NANOPORE	GridION	157847237.0	30520.0	WGS	GENOMIC	SINGLE	Extensive diversification and dissemination of blaNDM carbapenemase plasmids in Enterobacterales in Singapore 2010-2015
SRR21735253	SRX17731021	SRS15260414	SRP399967	PRJNA884899	Mycobacterium tuberculosis	DGN	OXFORD_NANOPORE	MinION	442420628.0	1376889.0	WGS	GENOMIC	SINGLE	WGS of Mtb Homo sapiens in Nanopore
SRR31599460	SRX26964222	SRS23433933	SRP549287	PRJNA1185485	Escherichia coli	748	OXFORD_NANOPORE	PromethION	734038210.0	152000.0	WGS	GENOMIC	SINGLE	W3R-barcode77
SRR24140431	SRX19938646	SRS17287355	SRP247747	PRJNA604975	Escherichia coli	ox_bsi_205	OXFORD_NANOPORE	GridION	401542476.0	141005.0	WGS	GENOMIC	SINGLE	oxford_bsi
DRR572519	DRX555986	DRS426369	DRP012251	PRJDB17574	Escherichia coli	YK-IS1MA-L01-2_G08	OXFORD_NANOPORE	MinION	13435284.0	1916.0	WGS	GENOMIC	SINGLE	nanopore-seq of SAMD00748186 L01-2_G8
SRR31599415	SRX26964267	SRS23433977	SRP549287	PRJNA1185485	Escherichia coli	966	OXFORD_NANOPORE	PromethION	501368628.0	111878.0	WGS	GENOMIC	SINGLE	wwtp-9n14-barcode34
SRR32364751	SRX27699395	SRS21122326	SRP444583	PRJNA962904	Escherichia coli		PACBIO_SMRT	Sequel II	163050354.0	8492.0	WGS	GENOMIC	SINGLE	PacBio sequencing of AS26979E1 for ARCH 1.0
SRR30574367	SRX25997490	SRS22571258	SRP531125	PRJNA1155659	Vibrio parahaemolyticus	VB18PR-0275-6_long	OXFORD_NANOPORE	MinION	697540346.0	220423.0	WGS	GENOMIC	SINGLE	Oxford Nanopore reads of Vibrio
SRR13269189	SRX9699268	SRS7895429	SRP272861	PRJNA646575	Bacteroides fragilis		OXFORD_NANOPORE	GridION	836580615.0	137542.0	WGS	GENOMIC	SINGLE	WGS  of Bacteroides fragilis group clinical isolates
SRR13575287	SRX9973575	SRS8145954	SRP303741	PRJNA695586	Streptococcus pyogenes	M4C20	OXFORD_NANOPORE	MinION	1236081.0	1043.0	WGS	GENOMIC	SINGLE	Whole genome sequence of Streptococcus pyogenes strain M4C20
DRR572440	DRX555907	DRS426391	DRP012251	PRJDB17574	Escherichia coli	YK-IS1MA-L06-4_G08	OXFORD_NANOPORE	MinION	97895730.0	15465.0	WGS	GENOMIC	SINGLE	nanopore-seq of SAMD00748208 L06-4_G8
SRR34967209	SRX30086356	SRS26152658	SRP608514	PRJNA1305037	Klebsiella pneumoniae	MI_KPC_358	OXFORD_NANOPORE	PromethION	500000371.0	87029.0	WGS	GENOMIC	SINGLE	KPC CRE collection from state of Michigan
SRR19357518	SRX15416283	SRS12115251	SRP361569	PRJNA768416	Paenibacillus sp. FSL R5-0486		OXFORD_NANOPORE	MinION	419644565.0	81323.0	WGS	GENOMIC	SINGLE	WGS of Bacilli
SRR29908476	SRX25403718	SRS20990041	SRP487017	PRJNA1071282	Bordetella pertussis	SHBP943	OXFORD_NANOPORE	MinION	848211362.0	119028.0	WGS	GENOMIC	SINGLE	SHBP943
ERR15741493	ERX15147215	ERS27100279	ERP171481	PRJEB88388	Cupriavidus sp. R-92945	R-92945	OXFORD_NANOPORE	MinION	1614175210.0	429689.0	WGS	GENOMIC	SINGLE	Raw reads: Cupriavidus sp. R-92945
ERR2532391	ERX2550812	ERS2419205	ERP005928	PRJEB6403	Salmonella enterica subsp. enterica	NCTC8260	PACBIO_SMRT	PacBio RS	1475817825.0	163482.0	WGS	GENOMIC	SINGLE	PacBio RS sequencing
SRR26950782	SRX22644424	SRS19641537	SRP474291	PRJNA1043871	Bacillus sp. PBL-C9	PBL-C9	OXFORD_NANOPORE	MinION	31308.0	18.0	WGS	GENOMIC	SINGLE	Bacillus sp. PBL-C9 Genome sequencing and assembly
SRR21696340	SRX17693925	SRS11554385	SRP354045	PRJNA747871	Streptomyces sp. NBC_01453	NBC_01453	OXFORD_NANOPORE	MinION	690812107.0	90530.0	WGS	GENOMIC	SINGLE	nanopore sequencing data from strain NBC_01453
SRR9047937	SRX5824525	SRS4752580	SRP051949	PRJNA271899	Escherichia coli	MGH318	OXFORD_NANOPORE	GridION	2567528264.0	637083.0	WGS	GENOMIC	SINGLE	Sequencing of Carbapenem resistant bacteria
SRR33769418	SRX28991944	SRS22456335	SRP444583	PRJNA962904	Escherichia coli		PACBIO_SMRT	Sequel II	361034720.0	35747.0	WGS	GENOMIC	SINGLE	PacBio sequencing of AH0704HE1 for ARCH 2
SRR13674432	SRX10063873	SRS8226056	SRP040661	PRJNA231221	Escherichia coli	FDAARGOS_1353	PACBIO_SMRT	Sequel	616952635.0	103778.0	WGS	GENOMIC	SINGLE	
SRR31565407	SRX26931258	SRS23404768	SRP548643	PRJNA1192988	Vibrio cholerae	CIV28	OXFORD_NANOPORE	MinION	381779389.0	122740.0	WGS	GENOMIC	SINGLE	PulseNet Africa ONT sequencing of Vibrio cholerae isolates
ERR11049003	ERX10495794	ERS14796235	ERP145810	PRJEB60752	Escherichia coli		OXFORD_NANOPORE	MinION	567972809.0	100042.0	WGS	GENOMIC	SINGLE	Raw reads: IMT44720_[Oxford_Nanopore]
ERR1812240	ERX1875267	ERS323054	ERP002590	PRJEB1916	Neisseria meningitidis	2590STDY5562149	PACBIO_SMRT	PacBio RS	250163450.0	163482.0	WGS	GENOMIC	SINGLE	PacBio RS sequencing
SRR31599501	SRX26964181	SRS23433892	SRP549287	PRJNA1185485	Escherichia coli	603	OXFORD_NANOPORE	PromethION	348215609.0	64871.0	WGS	GENOMIC	SINGLE	RMB-NoR-barcode01
SRR34573148	SRX29714809	SRS25823691	SRP601637	PRJNA1292907	Mycobacterium tuberculosis	not applicable	OXFORD_NANOPORE	MinION	232562076.0	385013.0	WGS	GENOMIC	SINGLE	Whole genome sequencing
SRR36640892	SRX31652862	SRS27626795	SRP659015	PRJNA1383263	Escherichia coli	N41	PACBIO_SMRT	Sequel II	130208305.0	16470.0	WGS	GENOMIC	SINGLE	WGS of NMEC
SRR32364919	SRX27699227	SRS21123016	SRP444583	PRJNA962904	Escherichia coli		PACBIO_SMRT	Sequel II	198200242.0	10359.0	WGS	GENOMIC	SINGLE	PacBio sequencing of AS27892E1 for ARCH 1.0
SRR24140218	SRX19938859	SRS17287568	SRP247747	PRJNA604975	Escherichia coli	ox_bsi_4	OXFORD_NANOPORE	GridION	277803874.0	123249.0	WGS	GENOMIC	SINGLE	oxford_bsi
SRR21630403	SRX17630997	SRS11554644	SRP354045	PRJNA747871	Streptomyces luteogriseus	NBC_00711	OXFORD_NANOPORE	MinION	369850381.0	223585.0	WGS	GENOMIC	SINGLE	nanopore sequencing data from strain NBC_00711
SRR22253728	SRX18230277	SRS15726401	SRP407179	PRJNA900182	Acinetobacter baumannii	A118 DeltaH0N27_10830::kan	PACBIO_SMRT	PacBio RS II	1856870353.0	230423.0	WGS	GENOMIC	SINGLE	WGS ofA118 DeltaH0N27_10830::kan-BlokeschLab
SRR9698072	SRX6456316	SRS5108506	SRP215020	PRJNA273983	Xanthomonas citri pv. aurantifolii	FDC 1609	PACBIO_SMRT	PacBio RS II	1087581027.0	142145.0	WGS	GENOMIC	SINGLE	DNA-Seq
SRR32157826	SRX27503298	SRS23923972	SRP560261	PRJNA1129067	Escherichia coli	OCT_RS1	OXFORD_NANOPORE	MinION	301510959.0	195661.0	WGS	GENOMIC	SINGLE	OCT_RS1
SRR33123751	SRX28387276	SRS24711203	SRP578427	PRJNA1244367	Bacillus cereus ATCC 14579	ATCC 14579	OXFORD_NANOPORE	GridION	886640432.0	537754.0	WGS	GENOMIC	SINGLE	WGS of Bacillus cereus Strain ATCC14677
SRR13385986	SRX9805443	SRS7989518	SRP300861	PRJNA663900	Enterococcus sp. DIV0087	DIV0087	OXFORD_NANOPORE	GridION	1164363561.0	190271.0	WGS	GENOMIC	SINGLE	Zoo 3 Enterococcus Diversity Genome sequencing and assembly
SRR12395043	SRX8893427	SRS7152449	SRP276100	PRJNA650381	Mycobacterium tuberculosis		OXFORD_NANOPORE	MinION	579095533.0	356704.0	WGS	GENOMIC	SINGLE	Nanopore TB WGS
SRR22859909	SRX18818675	SRS16251881	SRP414408	PRJNA914892	Staphylococcus aureus	C96	OXFORD_NANOPORE	MinION	221027536.0	26270.0	WGS	GENOMIC	SINGLE	Long read ONT WGS of Staphylococcus aureus isolates from Chronic Rhinosinusitis Patients
SRR34699565	SRX29834855	SRS25898687	SRP602616	PRJNA1294593	Salmonella enterica subsp. enterica serovar Typhimurium var. monophasic	22-SA00422-0	OXFORD_NANOPORE	MinION	184637524.0	21725.0	WGS	GENOMIC	SINGLE	WGS of Salmonella enterica subsp. enterica isolate 22-SA00422-0 using ONT technology
SRR32528057	SRX27839471	SRS24213930	SRP567071	PRJNA1230128	Salmonella enterica subsp. enterica serovar Anatum	22EPA055NSA_16	OXFORD_NANOPORE	MinION	1464408439.0	1220788.0	WGS	GENOMIC	SINGLE	nanopore sequence of Salmonella enterica
SRR25018164	SRX20773289	SRS18059486	SRP445703	PRJNA987350	Wolbachia pipientis		OXFORD_NANOPORE	MinION	275829067.0	100058.0	WGS	GENOMIC	SINGLE	WGS_ONT_Re1_2
ERR904402	ERX983690	ERS684471	ERP009820	PRJEB8783	Mycobacterium tuberculosis	3565STDY6067021	PACBIO_SMRT	PacBio RS	1312723280.0	163482.0	WGS	GENOMIC	SINGLE	PacBio RS sequencing
ERR13383929	ERX12754744	ERS20600452	ERP162044	PRJEB77683	Streptococcus dysgalactiae subsp. equisimilis	SDSE-HUB-29611	OXFORD_NANOPORE	MinION	486351859.0	117739.0	WGS	GENOMIC	SINGLE	MinION sequencing
ERR11040736	ERX10487984	ERS14796158	ERP145810	PRJEB60752	Escherichia coli		OXFORD_NANOPORE	MinION	450407597.0	71731.0	WGS	GENOMIC	SINGLE	Raw reads: 30451_S29_[Oxford_Nanopore]
SRR21415727	SRX17420153	SRS12115087	SRP361569	PRJNA768416	Psychrobacillus sp. FSL H8-0510	FSL H8-0510	OXFORD_NANOPORE	MinION	630552303.0	86253.0	WGS	GENOMIC	SINGLE	WGS of Bacilli
DRR097346	DRX090833	DRS244511	DRP008701	PRJDB5841	Helicobacter pylori	PIK94	PACBIO_SMRT	PacBio RS II	1771312288.0	163482.0	WGS	GENOMIC	SINGLE	PacBio RS II sequencing of SAMD00084395
SRR9722564	SRX6480205	SRS5130311	SRP215816	PRJNA470993	Staphylococcus aureus	ER03755.3	PACBIO_SMRT	PacBio RS II	1488093937.0	208585.0	WGS	GENOMIC	SINGLE	WGS of Staphylococcus aureus
SRR35544101	SRX30618987	SRS26643854	SRP624405	PRJNA1330714	Bacillus paranthracis	SDA GR177	OXFORD_NANOPORE	PromethION	938799304.0	181101.0	WGS	GENOMIC	SINGLE	Whole genome sequences of 20 Bacillus cereus isolated from various environments
DRR723638	DRX703659	DRS495778	DRP013760	PRJDB20694	Psychrobacter sp. JCM 18901	JCM 18901	PACBIO_SMRT	Revio	106376437.0	7598.0	WGS	GENOMIC	SINGLE	Revio sequencing of SAMD01611161
SRR29307037	SRX24823990	SRS21408477	SRP509553	PRJNA1115805	Castellaniella ginsengisoli	143936	OXFORD_NANOPORE	MinION	343532401.0	45273.0	WGS	GENOMIC	SINGLE	ONT seq of cas_143936
SRR18700785	SRX14801752	SRS12559733	SRP369040	PRJNA695763	Kocuria palustris	TAGA27	PACBIO_SMRT	Sequel II	6753454881.0	1030837.0	WGS	GENOMIC	SINGLE	Kocuria palustris DSM 11925
SRR353400	SRX101287	SRS259595	SRP008003	PRJNA68155	Escherichia coli O104:H4 str. C236-11	C236-11	PACBIO_SMRT	PacBio RS	90837884.0	81741.0	WGS	GENOMIC	SINGLE	Genome Sequencing and Assembly of E. coli O104:H4 strains
SRR19820607	SRX15864314	SRS13526167	SRP361569	PRJNA768416	Bacillus sp. FSL M8-0368	FSL M8-0368	OXFORD_NANOPORE	MinION	806946955.0	160342.0	WGS	GENOMIC	SINGLE	WGS of Bacilli
SRR15989242	SRX12277625	SRS9998491	SRP357537	PRJNA801416	Escherichia coli	E841	OXFORD_NANOPORE	GridION	1403428699.0	214598.0	WGS	GENOMIC	SINGLE	Whole Genome Sequencing of Carbapenemase-producing Enterobacterales (CPE)
SRR3723557	SRX1881087	SRS1527788	SRP077361	PRJNA217216	Maribacter sp. Hel_I_7	Hel_I_7	PACBIO_SMRT	PacBio RS	225073756.0	64253.0	WGS	GENOMIC	SINGLE	Maribacter sp. Hel_I _7
ERR16064494	ERX15454676	ERS28397629	ERP173262	PRJEB90249	Enterococcus faecalis		OXFORD_NANOPORE	GridION	1074653245.0	456933.0	WGS	GENOMIC	SINGLE	GridION sequencing
SRR385978	SRX109793	SRS001120	SRP000361	PRJNA32935	Enterococcus casseliflavus EC20	899205	PACBIO_SMRT	PacBio RS	58867303.0	81741.0	WGS	GENOMIC	SINGLE	Whole Genome Sequencing and Assembly
ERR4184156	ERX4147447	ERS4590908	ERP121870	PRJEB38443	Citrobacter werkmanii		OXFORD_NANOPORE	MinION	1822068557.0	301799.0	WGS	GENOMIC	SINGLE	MinION sequencing; Raw reads: Nanopore_BB1491
SRR32584278	SRX27890862	SRS24262189	SRP568071	PRJNA1231784	Mycobacterium	RIF04ugmlmutant10	OXFORD_NANOPORE	GridION	335265983.0	51951.0	WGS	GENOMIC	SINGLE	Genome sequencing of Mycobacterium sp.
ERR15284542	ERX14690376	ERS711250	ERP176771	PRJEB93892	Klebsiella pneumoniae	KSB2_1C	OXFORD_NANOPORE	MinION	716454699.0	65344.0	WGS	GENOMIC	SINGLE	MinION sequencing
SRR19165768	SRX15231994	SRS12965094	SRP374671	PRJNA836696	Escherichia coli	3985	OXFORD_NANOPORE	GridION	1149325393.0	107434.0	WGS	GENOMIC	SINGLE	ONT long-read sequencing of carbapenem non-susceptible Enterobacterales
ERR10472493	ERX9992838	ERS6795201	ERP109413	PRJEB27342	Klebsiella pneumoniae		PACBIO_SMRT	Sequel II	12576980828.0	1931112.0	WGS	GENOMIC	SINGLE	Sequel II sequencing
ERR10820902	ERX10266502	ERS7761446	ERP109413	PRJEB27342	Klebsiella pneumoniae		PACBIO_SMRT	Sequel II	7507926152.0	2343637.0	WGS	GENOMIC	SINGLE	Sequel II sequencing
SRR30949800	SRX26352288	SRS22817276	SRP536567	PRJNA1165464	Escherichia coli	Not applicable	OXFORD_NANOPORE	MinION	771922340.0	139189.0	WGS	GENOMIC	SINGLE	Nanopore sequencing of E.coli: blood isolate
ERR9364070	ERX8906319	ERS11202295	ERP136327	PRJEB51675	Vibrio cholerae O1 biovar El Tor	not provided	OXFORD_NANOPORE	MinION	583368090.0	38284.0	WGS	GENOMIC	SINGLE	MinION sequencing
SRR23347505	SRX19289528	SRS16690584	SRP421131	PRJNA931653	Escherichia coli K-12	K-12	OXFORD_NANOPORE	GridION	62577654.0	4000.0	WGS	GENOMIC	SINGLE	Nanopore sequencing of Ciprofloxacin challenged E. coli
SRR23471061	SRX19374127	SRS11450805	SRP422715	PRJNA878812	Pseudomonas aeruginosa		OXFORD_NANOPORE	GridION	3757997.0	277.0	WGS	GENOMIC	SINGLE	Nanopore sequencing of ARLN isolate
ERR3523471	ERX3542730	ERS2629224	ERP023310	PRJEB21081	Klebsiella pneumoniae		PACBIO_SMRT	Sequel	492708211.0	126051.0	WGS	GENOMIC	SINGLE	Sequel sequencing
DRR275262	DRX264846	DRS173608	DRP006554	PRJDB10561	Escherichia coli	missing	OXFORD_NANOPORE	MinION	316883066.0	74689.0	WGS	GENOMIC	SINGLE	MinION sequencing of SAMD00281867
SRR28789480	SRX24353753	SRS21111605	SRP503747	PRJNA935790	Escherichia coli	UTAK-5	OXFORD_NANOPORE	PromethION	1782126227.0	222269.0	WGS	GENOMIC	SINGLE	WGS of E. coli O45 serogroup
ERR14686266	ERX14087785	ERS23773405	ERP169826	PRJEB86481	Escherichia coli str. K-12 substr. MG1655	K-12	OXFORD_NANOPORE	MinION	145354740.0	53909.0	WGS	GENOMIC	SINGLE	MinION sequencing
SRR28811930	SRX24375223	SRS21131879	SRP504151	PRJNA1104797	Xanthomonas campestris pv. raphani	BR25	OXFORD_NANOPORE	PromethION	978110440.0	40070.0	WGS	GENOMIC	SINGLE	Genome sequencing of Xanthomonas campestris pv. raphani: strain BR25
SRR4210110	SRX2153093	SRS1683623	SRP087689	PRJNA303838	Pseudomonas deceptionensis	LMG 25555	PACBIO_SMRT	PacBio RS	181590.0	95.0	WGS	GENOMIC	SINGLE	Pseudomonas deceptionensis LMG 25555
SRR27972692	SRX23625761	SRS20465333	SRP489819	PRJNA1076692	Klebsiella oxytoca	RIVM_C055170_dorado	OXFORD_NANOPORE	MinION	233055842.0	58049.0	WGS	GENOMIC	SINGLE	RIVM_C055170_dorado
SRR932064	SRX320106	SRS456501	SRP022914	PRJNA203445	Listeria monocytogenes	R2-502	PACBIO_SMRT	PacBio RS	167080195.0	81741.0	WGS	GENOMIC	SINGLE	Listeria monocytogenes Strain R2-502
SRR33186512	SRX28434122	SRS24756591	SRP579320	PRJNA1251496	Klebsiella pneumoniae	ST395	OXFORD_NANOPORE	GridION	1386041838.0	1589309.0	WGS	GENOMIC	SINGLE	Nanopore Seq of hv-CRKP;0326580
SRR12622398	SRX9105142	SRS7348715	SRP282001	PRJNA645292	Pasteurella multocida	A0757	OXFORD_NANOPORE	PromethION	94508509.0	22872.0	WGS	GENOMIC	SINGLE	ONT WGS of P. multocida strain A0757
ERR14127005	ERX13529671	ERS22899879	ERP159032	PRJEB74343	Sagittula stellata		OXFORD_NANOPORE	PromethION	39615535.0	121226.0	WGS	GENOMIC	SINGLE	R1041_V5_Sagittula_stellata_DSMZ11524
SRR26322158	SRX22030248	SRS3020878	SRP133964	PRJNA437002	Bacillus subtilis	PS-31	OXFORD_NANOPORE	MinION	1013524893.0	385061.0	WGS	GENOMIC	SINGLE	WGS B. subtilis PS-31
SRR24139996	SRX19938409	SRS17287118	SRP247747	PRJNA604975	Escherichia coli	ox_bsi_402	OXFORD_NANOPORE	GridION	180087090.0	71833.0	WGS	GENOMIC	SINGLE	oxford_bsi
SRR9647109	SRX6408681	SRS5066129	SRP213178	PRJNA547287	Streptomyces cavourensis	DSM 41795	PACBIO_SMRT	Sequel	1886980578.0	707779.0	WGS	GENOMIC	SINGLE	Streptomyces cavourensis DSM 41795
SRR1740558	SRX808302	SRS789602	SRP051126	PRJNA259791	Klebsiella pneumoniae	6234	PACBIO_SMRT	PacBio RS	312757873.0	163482.0	WGS	GENOMIC	SINGLE	
SRR31394451	SRX26763997	SRS23251424	SRP546114	PRJNA1187901	Vibrio cholerae	V. cholerae	OXFORD_NANOPORE	MinION	18017099.0	4000.0	WGS	GENOMIC	SINGLE	WGS of Vibrio cholerae: River water
SRR22121279	SRX18100987	SRS15603928	SRP405589	PRJNA895213	Segatella copri	H019-5	OXFORD_NANOPORE	GridION	612146636.0	320585.0	WGS	GENOMIC	SINGLE	WGS of Prevotella copri H019-5
SRR29816455	SRX25315636	SRS16968688	SRP426074	PRJNA941188	Priestia aryabhattai	PRO119	OXFORD_NANOPORE	GridION	119180897.0	25147.0	WGS	GENOMIC	SINGLE	WGS of Priestia aryabhattai: cell culture
SRR29924844	SRX25418857	SRS22019481	SRP520391	PRJNA1136785	Clostridioides difficile		OXFORD_NANOPORE	GridION	1149558505.0	361731.0	WGS	GENOMIC	SINGLE	22S0594-CDI-HON-2018_Cdifficile_WGS_ONT_RT027/ST1
SRR9701320	SRX6459346	SRS5110821	SRP215174	PRJNA176687	Bacillus velezensis	UCMB5007	PACBIO_SMRT	PacBio RS II	2484394069.0	316490.0	WGS	GENOMIC	SINGLE	WGS PacBio: Bacillus velezensis UCMB5007
ERR2125725	ERX2182577	ERS1505805	ERP005928	PRJEB6403	Klebsiella aerogenes	NCTC10336	PACBIO_SMRT	PacBio RS	1488771354.0	163482.0	WGS	GENOMIC	SINGLE	PacBio RS sequencing
SRR2147686	SRX1135277	SRS1024601	SRP062118	PRJNA238240	Bacillus thuringiensis serovar morrisoni	HD 600	PACBIO_SMRT	PacBio RS II	1256837873.0	581087.0	WGS	GENOMIC	SINGLE	BGO_PacBio
ERR1802406	ERX1866137	ERS1497492	ERP005928	PRJEB6403	Neisseria gonorrhoeae	NCTC13817	PACBIO_SMRT	PacBio RS	1120269816.0	163482.0	WGS	GENOMIC	SINGLE	PacBio RS sequencing
SRR15140936	SRX11448549	SRS9488523	SRP295672	PRJNA681856	Salmonella enterica subsp. arizonae	LHICA_AZ23	OXFORD_NANOPORE	MinION	27118743.0	4000.0	WGS	GENOMIC	SINGLE	Salmonella AZ23
SRR13955670	SRX10334095	SRS8453817	SRP310443	PRJNA714107	Mannheimia haemolytica	1584	PACBIO_SMRT	PacBio RS II	1416828116.0	397839.0	WGS	GENOMIC	SINGLE	PacBio reads of M. haemolytica
ERR1954482	ERX2020078	ERS1429835	ERP005928	PRJEB6403	Corynebacterium cystitidis	NCTC11863	PACBIO_SMRT	PacBio RS	1393892545.0	163482.0	WGS	GENOMIC	SINGLE	PacBio RS sequencing
ERR1254180	ERX1325789	ERS956191	ERP005928	PRJEB6403	Streptococcus pyogenes	NCTC8230	PACBIO_SMRT	PacBio RS	4189572397.0	163482.0	WGS	GENOMIC	SINGLE	PacBio RS sequencing
SRR19612289	SRX15663063	SRS13361497	SRP379467	PRJNA833940	Enterococcus faecalis	AT34	OXFORD_NANOPORE	MinION	173801769.0	9851.0	WGS	GENOMIC	SINGLE	Long read sequencing of Enterococcus faecalis AT34
SRR23562244	SRX19449187	SRS2995165	SRP018785	PRJNA186035	Salmonella enterica subsp. enterica serovar Saintpaul	CFSAN073553	PACBIO_SMRT	Sequel	520121323.0	71041.0	WGS	GENOMIC	SINGLE	Whole genome PacBio Sequel sequence of Salmonella enterica
SRR29015152	SRX24541748	SRS21286476	SRP506715	PRJNA981225	Salmonella enterica subsp. enterica serovar Typhimurium	SH15G2405	OXFORD_NANOPORE	PromethION	1000018816.0	33955.0	WGS	GENOMIC	SINGLE	raw sequence data of Salmonella enterica subsp. enterica serovar Typhimurium SH15G2405 using third-generation sequencing
SRR31599340	SRX26964343	SRS23434055	SRP549287	PRJNA1185485	Escherichia coli	243	OXFORD_NANOPORE	PromethION	1327677444.0	254143.0	WGS	GENOMIC	SINGLE	Kleb-3R-barcode81
SRR19519854	SRX15572453	SRS13275313	SRP378127	PRJNA819273	Staphylococcus simulans	IVB6179	PACBIO_SMRT	Sequel II	1578455858.0	142708.0	WGS	GENOMIC	SINGLE	PacBio Sequel sequencing of camel Staphylococcaceae from the Horn of Africa
SRR25999218	SRX21716472	SRS18851479	SRP459613	PRJNA1014400	Listeria monocytogenes		OXFORD_NANOPORE	MinION	508700439.0	123040.0	WGS	GENOMIC	SINGLE	ONT R9 WGS of Listeria monoctyogenes isolate
SRR28996184	SRX24523363	SRS21270832	SRP507057	PRJNA1110228	Amphidinium carterae	CCMP1314	OXFORD_NANOPORE	GridION	2359843287.0	150284.0	WGS	GENOMIC	SINGLE	Microbe sequences from Amphidinium carterae without antibiotics
SRR30949473	SRX26352011	SRS22817334	SRP536567	PRJNA1165464	Escherichia coli	Not applicable	OXFORD_NANOPORE	MinION	102761740.0	23312.0	WGS	GENOMIC	SINGLE	Nanopore sequencing of E.coli: blood isolate
SRR14757245	SRX11090756	SRS9156129	SRP323170	PRJNA732579	Staphylococcus aureus	196	PACBIO_SMRT	Sequel	1321983812.0	255990.0	WGS	GENOMIC	SINGLE	WGS of Staphylococcus aureus: human skin
DRR374827	DRX360728	DRS235844	DRP008442	PRJDB9778	Staphylococcus aureus	JICS127	PACBIO_SMRT	PacBio RS II	1068567158.0	163482.0	WGS	GENOMIC	SINGLE	PacBio RS II sequencing of SAMD00225532
SRR29386754	SRX24900842	SRS14779751	SRP074197	PRJNA288601	Klebsiella pneumoniae	2022HL-01607	OXFORD_NANOPORE	GridION	310495259.0	46396.0	WGS	GENOMIC	SINGLE	ONT sequencing of 2022HL-01607
SRR15031929	SRX11343450	SRS9383692	SRP326726	PRJNA737600	Streptomyces sp. GMY02	GMY02	OXFORD_NANOPORE	GridION	7622230.0	4000.0	WGS	GENOMIC	SINGLE	WGS Streptomyces sp. GMY02
SRR4181361	SRX2142597	SRS1674235	SRP086989	PRJNA303694	Nocardioides scoriae	DSM 22127	PACBIO_SMRT	PacBio RS	648600044.0	150084.0	WGS	GENOMIC	SINGLE	Marmoricola scoriae DSM 22127
SRR26895509	SRX22589727	SRS19596603	SRP473162	PRJNA1043403	Klebsiella pneumoniae	DD02440	OXFORD_NANOPORE	MinION	919573649.0	111018.0	WGS	GENOMIC	SINGLE	Nanopre Sequencing of Hypervirulent and Carbapenem-resistant Klebsiella pneumoniae
SRR8848723	SRX5636411	SRS1819089	SRP093623	PRJNA353625	Salmonella enterica subsp. enterica serovar Hadar	12-2388	OXFORD_NANOPORE	MinION	428527874.0	74224.0	WGS	GENOMIC	SINGLE	Salmonella enterica multiserovar sequencing data
ERR3284705	ERX3311239	ERS3005694	ERP112974	PRJEB30511	Escherichia coli		OXFORD_NANOPORE	GridION	873189435.0	100601.0	WGS	GENOMIC	SINGLE	GridION sequencing
ERR10499195	ERX10016481	ERS14256022	ERP142629	PRJEB57633	Escherichia coli		OXFORD_NANOPORE	GridION	51624508.0	48654.0	WGS	GENOMIC	SINGLE	Raw reads: ONT_30859_5#315
ERR12448901	ERX11825332	ERS17728851	ERP156572	PRJEB71788	Listeria monocytogenes		OXFORD_NANOPORE	GridION	495019659.0	28405.0	WGS	GENOMIC	SINGLE	Raw reads: ListPred_OLM142
SRR15989529	SRX12278010	SRS9999128	SRP357537	PRJNA801416	Klebsiella aerogenes	E402	OXFORD_NANOPORE	GridION	1373479836.0	220290.0	WGS	GENOMIC	SINGLE	Whole Genome Sequencing of Carbapenemase-producing Enterobacterales (CPE)
SRR18970235	SRX15046210	SRS12792345	SRP372827	PRJNA833305	Xanthomonas citri pv. citri	FL9964	OXFORD_NANOPORE	GridION	1278992449.0	87870.0	WGS	GENOMIC	SINGLE	Genomic seqencing of Xcc A strain of FL9964 from Florida using nanopore seqencing
SRR33422492	SRX28663476	SRS24931446	SRP583015	PRJNA1258586	Bacteroides fragilis	H1	PACBIO_SMRT	PacBio RS II	105385246.0	20267.0	WGS	GENOMIC	SINGLE	isolated from the initial H1R4 resistant clones,after five rounds of passaging,number_H1R4-11
DRR261200	DRX250903	DRS356890	DRP011004	PRJDB10954	Mycobacterium tuberculosis	DN067	OXFORD_NANOPORE	GridION	1135962745.0	779900.0	WGS	GENOMIC	SINGLE	GridION sequencing of SAMD00269948
SRR19768536	SRX15813168	SRS5966253	SRP040281	PRJNA230403	Salmonella enterica	PNUSAS127695	OXFORD_NANOPORE	GridION	2193523335.0	363668.0	WGS	GENOMIC	SINGLE	nanopore sequence of Salmonella enterica Hadar
SRR35787271	SRX30836576	SRS26844856	SRP632197	PRJNA1338806	Sinorhizobium meliloti	ppf-1	OXFORD_NANOPORE	PromethION	958442592.0	196450.0	WGS	GENOMIC	SINGLE	Whole-genome sequencing of strain g36 using Oxford Nanopore PromethION (Plasmidsaurus)
SRR16525727	SRX12728272	SRS10336800	SRP357534	PRJNA801415	Klebsiella pneumoniae	1	OXFORD_NANOPORE	GridION	3512404869.0	446781.0	WGS	GENOMIC	SINGLE	Extensive diversification and dissemination of blaNDM carbapenemase plasmids in Enterobacterales in Singapore 2010-2015
SRR28249950	SRX23860541	SRS20679555	SRP458718	PRJNA1013328	Escherichia coli	Escherichia coli BL21(DE3)	OXFORD_NANOPORE	PromethION	8116339076.0	1192351.0	WGS	GENOMIC	SINGLE	Long read WGS sequencing for genomic insertion assay: genomeinsertion-bRNA-WT.biorep2.techrep1
SRR35556669	SRX30631391	SRS19833194	SRP150360	PRJNA475751	Escherichia coli	EC01221	OXFORD_NANOPORE	MinION	24126002.0	7544.0	WGS	GENOMIC	SINGLE	WGS Sequencing of Escherichia coli
SRR16578368	SRX12779861	SRS10725002	SRP343032	PRJNA772095	Propionibacterium freudenreichii	TL29	PACBIO_SMRT	PacBio RS II	144421004.0	163482.0	WGS	GENOMIC	SINGLE	SMRT_TL29
SRR34542553	SRX29685483	SRS25797534	SRP594245	PRJNA996876	Pseudocolwellia sp. AS88	AS88	OXFORD_NANOPORE	PromethION	33524859971.0	6444262.0	WGS	GENOMIC	SINGLE	Oxford Nanopore whole genome sequencing of Pseudocolwellia sp. AS88 isolated form fucoidan enrichments
SRR32316134	SRX27651589	SRS24057402	SRP560996	PRJNA1218017	Bacteroides thetaiotaomicron	vpi-5482	OXFORD_NANOPORE	MinION	2096093375.0	391989.0	WGS	GENOMIC	SINGLE	WGS of Bacteroides thetatiotaomicron grown on different carbon sources
SRR32316137	SRX27651586	SRS24057399	SRP560996	PRJNA1218017	Bacteroides thetaiotaomicron	vpi-5482	OXFORD_NANOPORE	MinION	603079055.0	130566.0	WGS	GENOMIC	SINGLE	WGS of Bacteroides thetatiotaomicron from monocolonized mice
SRR9616106	SRX6379197	SRS5039851	SRP212399	PRJNA548188	Borreliella burgdorferi	K83	OXFORD_NANOPORE	GridION	207584066.0	207339.0	WGS	GENOMIC	SINGLE	Borreliella burgdorferi Genome sequencing and assembly
SRR29819984	SRX25318967	SRS21988576	SRP519730	PRJNA1135485	Salmonella		OXFORD_NANOPORE	MinION	3739091539.0	551963.0	WGS	GENOMIC	SINGLE	WGS Salmonella isolates from cattle
SRR33616191	SRX28844535	SRS25055457	SRP399923	PRJNA857537	Mycobacterium tuberculosis	AUSMDU00028736	OXFORD_NANOPORE	GridION	304383738.0	200571.0	WGS	GENOMIC	SINGLE	WGS of Mycobacterium tuberculosis from ONT reads
ERR1543216	ERX1613981	ERS1123932	ERP005928	PRJEB6403	Providencia heimbachae	NCTC12003	PACBIO_SMRT	PacBio RS	1028748849.0	163482.0	WGS	GENOMIC	SINGLE	PacBio RS sequencing
SRR31779804	SRX27141262	SRS23002372	SRP540652	PRJNA1173757	Candidatus Pelagibacter bacterium nBUS_32	nBUS_32	OXFORD_NANOPORE	MinION	129819889.0	51164.0	WGS	GENOMIC	SINGLE	ONT whole genome sequencing of Pelagibacter sp. nBUS_32
SRR27972617	SRX23625836	SRS20465744	SRP489819	PRJNA1076692	Escherichia coli	RIVM_C055415_dorado	OXFORD_NANOPORE	MinION	380613290.0	136805.0	WGS	GENOMIC	SINGLE	RIVM_C055415_dorado
SRR1609097	SRX729778	SRS719074	SRP040661	PRJNA231221	Proteus mirabilis	FDAARGOS_80	PACBIO_SMRT	PacBio RS	750375027.0	163482.0	WGS	GENOMIC	SINGLE	
SRR26950684	SRX22644522	SRS19641537	SRP474291	PRJNA1043871	Bacillus sp. PBL-C9	PBL-C9	OXFORD_NANOPORE	MinION	1018.0	1.0	WGS	GENOMIC	SINGLE	Bacillus sp. PBL-C9 Genome sequencing and assembly
ERR15942255	ERX15337800	ERS27418081	ERP171251	PRJEB88111	Clostridium perfringens	CP_78B	OXFORD_NANOPORE	PromethION	2014079955.0	400837.0	WGS	GENOMIC	SINGLE	Raw reads: DTU_2024_1035994_100_SI_CP_78B_SE
SRR9214031	SRX5984799	SRS2936942	SRP051949	PRJNA271899	Klebsiella pneumoniae	UCI105	OXFORD_NANOPORE	GridION	908097369.0	155742.0	WGS	GENOMIC	SINGLE	Sequencing of Carbapenem resistant bacteria
SRR448080	SRX131408	SRS002764	SRP001666	PRJNA32461	Coprobacillus cateniformis	D6	PACBIO_SMRT	PacBio RS	153324095.0	81741.0	WGS	GENOMIC	SINGLE	Whole Genome Sequencing and Assembly
SRR29816447	SRX25315644	SRS16968697	SRP426074	PRJNA941188	Bacillus subtilis	PRO35	OXFORD_NANOPORE	GridION	236265720.0	44799.0	WGS	GENOMIC	SINGLE	WGS of Bacillus subtilis: cell culture
SRR25741603	SRX21464902	SRS18699967	SRP456656	PRJNA983748	Staphylococcus aureus	ST398	OXFORD_NANOPORE	GridION	751889399.0	253455.0	WGS	GENOMIC	SINGLE	WGS of S. aureus: Human Hand
SRR17248030	SRX13427035	SRS5405733	SRP222369	PRJNA565470	Rhizobium leguminosarum bv. trifolii	STf06	PACBIO_SMRT	Sequel	1328033068.0	147583.0	WGS	GENOMIC	SINGLE	Genome sequencing of rhizobia from the Almaden mine
SRR386612	SRX109807	SRS004883	SRP001079	PRJNA40077	Cereibacter sphaeroides 2.4.1	2.4.1	PACBIO_SMRT	PacBio RS	72881948.0	81741.0	WGS	GENOMIC	SINGLE	Whole Genome Sequencing and Assembly
SRR27962346	SRX23618776	SRS20459153	SRP489640	PRJNA998543	Staphylococcus epidermidis	HRSE 3	OXFORD_NANOPORE	MinION	2124292397.0	273566.0	WGS	GENOMIC	SINGLE	S. epidermidis isolated from Han River whole genome sequencing
SRR9221491	SRX5991895	SRS4897034	SRP191068	PRJNA528511	Escherichia coli	GTEN_76	OXFORD_NANOPORE	GridION	1574377209.0	376899.0	WGS	GENOMIC	SINGLE	Global TravEpiNet AMR surveillance Genome sequencing and assembly
SRR35178727	SRX30283621	SRS26332679	SRP614097	PRJNA1293422	Proteus mirabilis	e502	OXFORD_NANOPORE	PromethION	1157819701.0	254642.0	WGS	GENOMIC	SINGLE	Whole-genome sequencing of Proteus mirabilis
ERR11528709	ERX10933939	ERS14832462	ERP145920	PRJEB60854	Escherichia coli		OXFORD_NANOPORE	MinION	2658491.0	1094.0	WGS	GENOMIC	SINGLE	MinION sequencing
ERR15665851	ERX15070430	ERS203027	ERP001784	PRJEB3255	Escherichia coli	M297	OXFORD_NANOPORE	MinION	462831248.0	57361.0	WGS	GENOMIC	SINGLE	MinION sequencing
SRR36722115	SRX31726378	SRS27695014	SRP660603	PRJNA1398820	Escherichia coli BL21(DE3)	BL21 (DE3)	OXFORD_NANOPORE	MinION	275300916.0	115678.0	WGS	GENOMIC	SINGLE	Whole-genome sequencing of phage-resistant E. coli BL21(DE3)
SRR32527922	SRX27839606	SRS24213861	SRP567071	PRJNA1230128	Salmonella enterica subsp. enterica serovar Java	20EPA002NSA_2	OXFORD_NANOPORE	MinION	313307299.0	61142.0	WGS	GENOMIC	SINGLE	nanopore sequence of Salmonella enterica
SRR18729517	SRX14829850	SRS12585838	SRP369762	PRJNA825705	Klebsiella pneumoniae	ST-258	OXFORD_NANOPORE	MinION	2649259304.0	288761.0	WGS	GENOMIC	SINGLE	ONT sequencing of Klebsiella pneumoniae: sample KLPN-196
SRR32059350	SRX27408279	SRS23838237	SRP558653	PRJNA1188077	Ralstonia pseudosolanacearum	GBBC 1200	OXFORD_NANOPORE	MinION	877465666.0	183108.0	WGS	GENOMIC	SINGLE	Nanopore dataset of GBBC1200_ONT
ERR12742684	ERX12116609	ERS18422147	ERP158495	PRJEB73759	Mycobacterium tuberculosis	P008-N1380	PACBIO_SMRT	Sequel II	165026994.0	24578.0	WGS	GENOMIC	SINGLE	Sequel II sequencing
SRR19768535	SRX15813169	SRS6844308	SRP040281	PRJNA230403	Salmonella enterica	PNUSAS147811	OXFORD_NANOPORE	GridION	1533809790.0	281033.0	WGS	GENOMIC	SINGLE	nanopore sequence of Salmonella enterica Hadar
SRR34410518	SRX29574040	SRS25698305	SRP598841	PRJNA1287288	Escherichia coli	AH19B041	OXFORD_NANOPORE	MinION	1229797307.0	177092.0	WGS	GENOMIC	SINGLE	R10.4.1 WGS of bacterial isolate for accuracy benchmarking
SRR27379323	SRX23055728	SRS20015729	SRP480616	PRJNA1055176	Escherichia coli	Not available	OXFORD_NANOPORE	MinION	1851492517.0	304380.0	WGS	GENOMIC	SINGLE	Whole genome sequence of E. coli
SRR21630448	SRX17630951	SRS11554285	SRP354045	PRJNA747871	Streptomyces sp. NBC_00005	NBC_00005	OXFORD_NANOPORE	MinION	173956306.0	41335.0	WGS	GENOMIC	SINGLE	nanopore sequencing data from strain NBC_00005
DRR207928	DRX198278	DRS125385	DRP005882	PRJDB9316	Adlercreutzia hattorii	8CFCBH1	PACBIO_SMRT	Sequel	216069178.0	16508.0	WGS	GENOMIC	SINGLE	Sequel sequencing of SAMD00204449
ERR10499090	ERX10016379	ERS14255616	ERP142629	PRJEB57633	Escherichia coli		OXFORD_NANOPORE	GridION	68038517.0	7659.0	WGS	GENOMIC	SINGLE	Raw reads: ONT_30859_5#134
SRR29816255	SRX25315454	SRS21985212	SRP519641	PRJNA1135336	Enterococcus faecium		OXFORD_NANOPORE	GridION	363857460.0	65170.0	WGS	GENOMIC	SINGLE	Whole genome sequencing of VRE
ERR2576022	ERX2593015	ERS1681527	ERP017350	PRJEB15537	Streptococcus pneumoniae		PACBIO_SMRT	PacBio RS	1303860299.0	163482.0	WGS	GENOMIC	SINGLE	PacBio RS sequencing
SRR9176575	SRX5949239	SRS4860277	SRP040661	PRJNA231221	Campylobacter coli	FDAARGOS_735	PACBIO_SMRT	PacBio RS	1848492553.0	163482.0	WGS	GENOMIC	SINGLE	
DRR238388	DRX228560	DRS148083	DRP006344	PRJDB10254	Acetobacter aceti	JCM20276	OXFORD_NANOPORE	MinION	260692398.0	28000.0	WGS	GENOMIC	SINGLE	MinION sequencing of SAMD00237440
SRR8184499	SRX5004467	SRS4038858	SRP168146	PRJNA504496	Escherichia coli	K-12 substr. MG1655	OXFORD_NANOPORE	MinION	524330535.0	58221.0	WGS	GENOMIC	SINGLE	WGS ecoli:ONT
SRR5183092	SRX2499154	SRS1925892	SRP094389	PRJNA355405	Pseudomonas sp. S19	S19	PACBIO_SMRT	PacBio RS II	675147342.0	163482.0	WGS	GENOMIC	SINGLE	Pseudomonas sp. S19, PacBio SMRTcell1
ERR1674576	ERX1744628	ERS1211136	ERP005928	PRJEB6403	Aerococcus viridans	NCTC8251	PACBIO_SMRT	PacBio RS	2971629668.0	163482.0	WGS	GENOMIC	SINGLE	PacBio RS sequencing
SRR7819262	SRX4670600	SRS1256892	SRP068737	PRJNA292902	Klebsiella pneumoniae		PACBIO_SMRT	PacBio RS II	1075225260.0	163482.0	WGS	GENOMIC	SINGLE	PacBio SMRT Sequencing of Klebsiella pneumoniae FDA-CDC-AR_0160 Genomic Library
SRR21860161	SRX17848231	SRS15369797	SRP401962	PRJNA883568	Acinetobacter nosocomialis	GNU001	PACBIO_SMRT	PacBio RS II	1243582244.0	4117822.0	WGS	GENOMIC	PAIRED	WGS of GNU001
SRR23176675	SRX19127097	SRS16526211	SRP418558	PRJNA916700	Sphingobium yanoikuyae	CC4533	PACBIO_SMRT	Sequel II	26295072830.0	2517642.0	WGS	GENOMIC	SINGLE	PacBio SMRT continuous long read genome sequencing of Sphingobium yanoikuyae strain CC4533.
SRR27180041	SRX22860435	SRS19835777	SRP477403	PRJNA1049513	Vibrio sp. PBL-C16	PBL-C16	OXFORD_NANOPORE	MinION	23483.0	7.0	WGS	GENOMIC	SINGLE	Vibrio sp. PBL-C16 Genome sequencing and assembly
SRR32410586	SRX27740970	SRS24128767	SRP565160	PRJNA1225906	Salmonella enterica		OXFORD_NANOPORE	GridION	674707892.0	126679.0	WGS	GENOMIC	SINGLE	WGS of Salmonella enterica isolate
SRR25466833	SRX21199587	SRS18458352	SRP452337	PRJNA1000618	Escherichia coli	Escherichia coli BL21(DE3)	OXFORD_NANOPORE	MinION	6231000.0	4000.0	WGS	GENOMIC	SINGLE	CASTVK transposition with different condition
SRR35147128	SRX30252759	SRS12559987	SRP369084	PRJNA696079	Mycolicibacterium lutetiense	DSM 46713	PACBIO_SMRT	Sequel II	91945519.0	16540.0	WGS	GENOMIC	SINGLE	Mycobacterium lutetiense DSM 46713
SRR11317960	SRX7922308	SRS930480	SRP029479	PRJNA217342	Salmonella enterica subsp. enterica serovar Newport	CFSAN024515	PACBIO_SMRT	Sequel	1425712353.0	452312.0	WGS	GENOMIC	SINGLE	Whole genome PacBio Sequel sequence of Salmonella enterica subsp. enterica
SRR34958586	SRX30078433	SRS26144959	SRP608376	PRJNA1295998	Hafnia alvei	A34	OXFORD_NANOPORE	GridION	347923377.0	149049.0	WGS	GENOMIC	SINGLE	WGS of Hafnia alvei
SRR28445621	SRX24049280	SRS20840578	SRP497734	PRJNA1077798	Alteromonas gracilis	J4	OXFORD_NANOPORE	MinION	2792796.0	1000.0	WGS	GENOMIC	SINGLE	Alteromonas gracilis strain J4, whole genome Nanopore Sequencing
SRR15376173	SRX11678636	SRS9710524	SRP331701	PRJNA666790	Escherichia coli O157:H7	Z1831	PACBIO_SMRT	PacBio RS II	4219502598.0	163482.0	WGS	GENOMIC	SINGLE	Genome sequencing of ZAP E. coli O157:H7 strains from Scotland
SRR18117840	SRX14268394	SRS12087425	SRP361201	PRJNA809755	Pseudomonas aeruginosa	not collected	OXFORD_NANOPORE	GridION	438204317.0	81628.0	WGS	GENOMIC	SINGLE	P.aeruginosa CFN_9347
SRR12298999	SRX8802214	SRS6792405	SRP266402	PRJNA605147	Citrobacter freundii	RHBSTW-00985	OXFORD_NANOPORE	GridION	566749423.0	123943.0	WGS	GENOMIC	SINGLE	OXFORD_NANOPORE sequencing of Citrobacter freundii isolate WTP3|T3-00985 cultured from WTP influent sample
ERR15348639	ERX14752389	ERS25329354	ERP171641	PRJEB88550	Vreelandella sp. TE19		OXFORD_NANOPORE	GridION	268839558.0	13062.0	WGS	GENOMIC	SINGLE	GridION sequencing
ERR10676174	ERX10143938	ERS14333273	ERP143248	PRJEB58185	Campylobacter coli		OXFORD_NANOPORE	MinION	230708072.0	383236.0	WGS	GENOMIC	PAIRED	MinION paired end sequencing
SRR31235425	SRX26615408	SRS23113931	SRP543347	PRJNA1182389	Escherichia coli	NEB 10-beta	OXFORD_NANOPORE	MinION	3273608.0	1779.0	WGS	GENOMIC	SINGLE	Long Read Sequencing of synthetic plasmid
SRR25467085	SRX21199839	SRS18458353	SRP452337	PRJNA1000618	Escherichia coli	Escherichia coli BL21(DE3)	OXFORD_NANOPORE	MinION	8220032.0	4000.0	WGS	GENOMIC	SINGLE	CASTVK transposition with different condition
SRR12299033	SRX8802180	SRS6792272	SRP266402	PRJNA605147	Klebsiella pneumoniae	RHB38-C06	OXFORD_NANOPORE	GridION	689420356.0	163312.0	WGS	GENOMIC	SINGLE	OXFORD_NANOPORE sequencing of Klebsiella pneumoniae isolate RH04|T3-C06 cultured from Pig faeces sample
SRR25741478	SRX21465026	SRS18699906	SRP456656	PRJNA983748	Staphylococcus aureus	ST8	OXFORD_NANOPORE	GridION	519424731.0	127328.0	WGS	GENOMIC	SINGLE	WGS of S. aureus: Bulk Tank Milk
SRR32370107	SRX27704563	SRS24099061	SRP564386	PRJNA1224596	Klebsiella pneumoniae	K-17213	OXFORD_NANOPORE	MinION	63589956.0	28792.0	WGS	GENOMIC	SINGLE	Long read WGS of Klebsiella pneumoniae: isolate K-17213
SRR21465926	SRX17469782	SRS9052020	SRP395888	PRJNA812595	Acinetobacter variabilis	2021CK-01005	OXFORD_NANOPORE	GridION	2429499548.0	351519.0	WGS	GENOMIC	SINGLE	Nanopore sequencing of ARLN isolate
SRR15989080	SRX12277787	SRS9999164	SRP357537	PRJNA801416	Escherichia coli	E1234	OXFORD_NANOPORE	GridION	222309106.0	32533.0	WGS	GENOMIC	SINGLE	Whole Genome Sequencing of Carbapenemase-producing Enterobacterales (CPE)
ERR16064543	ERX15454725	ERS28397678	ERP173262	PRJEB90249	Klebsiella pneumoniae		OXFORD_NANOPORE	GridION	299823690.0	80045.0	WGS	GENOMIC	SINGLE	GridION sequencing
SRR16251442	SRX12531063	SRS10490093	SRP040661	PRJNA231221	Aeromonas enteropelogenes	FDAARGOS_1537	PACBIO_SMRT	Sequel	913685515.0	118260.0	WGS	GENOMIC	SINGLE	
SRR10276727	SRX6989938	SRS5512040	SRP225610	PRJNA575315	Streptomyces sp. SS1-1	SS1-1	PACBIO_SMRT	Sequel	1183763291.0	148668.0	WGS	GENOMIC	SINGLE	WGS of SS1-1
SRR26386654	SRX22092789	SRS19158750	SRP466359	PRJNA660241	Salmonella sp. H2-436	H2-436	PACBIO_SMRT	PacBio RS	732171000.0	2440570.0	WGS	GENOMIC	PAIRED	Salmonella enterica Genome sequencing
SRR30085190	SRX25558653	SRS22210761	SRP523632	PRJNA1142676	Klebsiella variicola	kv220809_barcode44	OXFORD_NANOPORE	MinION	232223615.0	14153.0	WGS	GENOMIC	SINGLE	Klebsiella variicola strain kv220809_barcode44
SRR22859992	SRX18818591	SRS16251845	SRP414408	PRJNA914892	Staphylococcus aureus	C240	OXFORD_NANOPORE	MinION	162747115.0	43918.0	WGS	GENOMIC	SINGLE	Long read ONT WGS of Staphylococcus aureus isolates from Chronic Rhinosinusitis Patients
SRR33895169	SRX29106684	SRS25313024	SRP590843	PRJNA1272507	Salmonella enterica	SAL-179	OXFORD_NANOPORE	GridION	1875173074.0	605758.0	WGS	GENOMIC	SINGLE	ONT-WGS of Salmonella enterica
SRR10918391	SRX7585746	SRS6019402	SRP051949	PRJNA271899	Enterobacter cloacae	UCI_296	OXFORD_NANOPORE	GridION	1485446218.0	516739.0	WGS	GENOMIC	SINGLE	Sequencing of Carbapenem resistant bacteria
SRR16525638	SRX12728361	SRS10336677	SRP357534	PRJNA801415	Klebsiella pneumoniae	273	OXFORD_NANOPORE	GridION	2934171615.0	601349.0	WGS	GENOMIC	SINGLE	Extensive diversification and dissemination of blaNDM carbapenemase plasmids in Enterobacterales in Singapore 2010-2015
ERR13802614	ERX13203366	ERS21186489	ERP164461	PRJEB80477	Escherichia coli		OXFORD_NANOPORE	MinION	254515626.0	63727.0	WGS	GENOMIC	SINGLE	MinION sequencing
SRR27467534	SRX23139096	SRS20090153	SRP482617	PRJNA942599	Staphylococcus pseudintermedius	Dog117_P	PACBIO_SMRT	Sequel II	389629130.0	37461.0	WGS	GENOMIC	SINGLE	PacBio sequencing of canine Staphylococcaceae isolated from a Kenyan shelter in June 2073
SRR24308097	SRX20103062	SRS17434174	SRP434545	PRJNA961666	Escherichia coli	AVS0285	OXFORD_NANOPORE	MinION	350037602.0	24488.0	WGS	GENOMIC	SINGLE	Long read sequencing of Escherichia coli AVS0285
ERR13326632	ERX12697660	ERS20295580	ERP161282	PRJEB76791	Salmonella enterica subsp. enterica serovar Agona		OXFORD_NANOPORE	MinION	270334404.0	55314.0	WGS	GENOMIC	SINGLE	MinION sequencing
ERR2835765	ERX2842515	ERS1572798	ERP021285	PRJEB19288	Vibrio cholerae		PACBIO_SMRT	PacBio RS	986376541.0	163482.0	WGS	GENOMIC	SINGLE	PacBio RS sequencing
SRR19325007	SRX15385040	SRS13114070	SRP376168	PRJNA839731	Escherichia coli	MS1737	OXFORD_NANOPORE	GridION	745295840.0	97599.0	WGS	GENOMIC	SINGLE	DNA-seq of E.coli MS1737: long reads
SRR29225167	SRX24744570	SRS21466580	SRP510673	PRJNA1112792	Salmonella enterica	E1S-042	OXFORD_NANOPORE	GridION	1118327132.0	297723.0	WGS	GENOMIC	SINGLE	Whole genome sequence of E1S-042
SRR35556631	SRX30631429	SRS19727981	SRP150360	PRJNA475751	Klebsiella pneumoniae	KLP00579	OXFORD_NANOPORE	MinION	449529536.0	146159.0	WGS	GENOMIC	SINGLE	WGS Sequencing of Klebsiella pneumoniae
SRR29316861	SRX24833282	SRS21545113	SRP512379	PRJNA1121190	Vibrio cholerae	119Vc06	OXFORD_NANOPORE	PromethION	217503114.0	331389.0	WGS	GENOMIC	SINGLE	WGS of Vcholerae isolates
SRR28445673	SRX24049228	SRS20840578	SRP497734	PRJNA1077798	Alteromonas gracilis	J4	OXFORD_NANOPORE	MinION	2941354.0	1000.0	WGS	GENOMIC	SINGLE	Alteromonas gracilis strain J4, whole genome Nanopore Sequencing
ERR2432881	ERX2452460	ERS1963370	ERP005928	PRJEB6403	Brucella abortus	NCTC3605	PACBIO_SMRT	PacBio RS	1059130219.0	163482.0	WGS	GENOMIC	SINGLE	PacBio RS sequencing
ERR10664185	ERX10133369	ERS2651585	ERP104475	PRJEB22771	Streptococcus pneumoniae		PACBIO_SMRT	Sequel II	2441360200.0	329034.0	WGS	GENOMIC	SINGLE	Sequel II sequencing
SRR18729748	SRX14829981	SRS12585919	SRP369762	PRJNA825705	Klebsiella pneumoniae	ST-152	OXFORD_NANOPORE	MinION	369996609.0	51896.0	WGS	GENOMIC	SINGLE	ONT sequencing of Klebsiella pneumoniae: sample CRE276KLPN
SRR35217042	SRX30320855	SRS26367322	SRP616196	PRJNA834279	Bradyrhizobium elkanii	USDA 99	PACBIO_SMRT	Sequel II	442610953.0	50726.0	WGS	GENOMIC	SINGLE	Bradyrhizobium elkanii USDA 99
SRR10270697	SRX6983907	SRS5508259	SRP225324	PRJNA572481	Canibacter oris	DSM 27064	PACBIO_SMRT	Sequel	867360210.0	292427.0	WGS	GENOMIC	SINGLE	Canibacter oris DSM 27064
SRR19816851	SRX15860481	SRS12115404	SRP361569	PRJNA768416	Bacillus sp. FSL K6-0998		OXFORD_NANOPORE	MinION	639142060.0	115631.0	WGS	GENOMIC	SINGLE	WGS of Bacilli
ERR2762195	ERX2775148	ERS2176305	ERP110583	PRJEB28387	Vibrio cholerae		PACBIO_SMRT	PacBio RS	956620985.0	163482.0	WGS	GENOMIC	SINGLE	PacBio RS sequencing
ERR15732374	ERX15137478	ERS27093533	ERP182414	PRJEB100987	Xanthomonas oryzae pv. oryzae	CIX2779	OXFORD_NANOPORE	MinION	463115384.0	31180.0	WGS	GENOMIC	SINGLE	OXFORD_NANOPORE MinION sequencing; CSG_007 WGS GENOMIC
SRR31599064	SRX26964020	SRS23433735	SRP549287	PRJNA1185485	Escherichia coli	674	OXFORD_NANOPORE	PromethION	690256812.0	120434.0	WGS	GENOMIC	SINGLE	RMB-NoR-barcode89
SRR30473386	SRX25898507	SRS22430233	SRP528059	PRJNA1143494	Rhizobium sp. 768_B6_N1_8	768_B6_N1_8	OXFORD_NANOPORE	PromethION	2381061046.0	512009.0	WGS	GENOMIC	SINGLE	Rhizobium sp. 768_B6_N1_8 nanopore genome sequencing (files compressed once)
SRR13192562	SRX9626897	SRS7827983	SRP295672	PRJNA681856	Salmonella enterica	LHICA_E1	OXFORD_NANOPORE	MinION	11955518.0	4000.0	WGS	GENOMIC	SINGLE	WGS of Salmonella enterica Lhica E166
SRR13328039	SRX9755173	SRS7944792	SRP299781	PRJNA684363	Pseudomonas sp. TH21	TH21	OXFORD_NANOPORE	MinION	612050228.0	291582.0	WGS	GENOMIC	SINGLE	WGS of Pseudomonas sp. : bacterial isolate
SRR19634219	SRX15684557	SRS13381636	SRP379817	PRJNA848631	Escherichia coli		OXFORD_NANOPORE	GridION	220560577.0	20805.0	WGS	GENOMIC	SINGLE	Long read sequencing of E. coli that has been experimentally evolved with a CTX-M-15 plasmid
SRR30017107	SRX25496186	SRS21711643	SRP515467	PRJNA1127243	Xanthomonas campestris pv. olitorii	NCPPB 465	OXFORD_NANOPORE	PromethION	496687184.0	95224.0	WGS	GENOMIC	SINGLE	Genome sequencing of Xanthomonas campestris pv. olitorii NCPPB 465
SRR21696564	SRX17694216	SRS11554340	SRP354045	PRJNA747871	Streptomyces sp. NBC_01177	NBC_01177	OXFORD_NANOPORE	MinION	662825341.0	274876.0	WGS	GENOMIC	SINGLE	nanopore sequencing data from strain NBC_01177
ERR2504009	ERX2523252	ERS2362372	ERP107644	PRJEB25703	Neisseria gonorrhoeae		OXFORD_NANOPORE	MinION	299067864.0	32598.0	WGS	GENOMIC	SINGLE	MinION sequencing
SRR36121043	SRX31165022	SRS27151207	SRP647482	PRJNA1367479	Klebsiella quasipneumoniae	PS-11	OXFORD_NANOPORE	MinION	624757311.0	77510.0	WGS	GENOMIC	SINGLE	WGS of PS-11
SRR18982595	SRX13875938	SRS11746202	SRP356347	PRJNA799256	Leontynka pallida	missing	OXFORD_NANOPORE	MinION			WGS	GENOMIC	SINGLE	megenome of Leontynka pallida enriched culture (bacteria present)
SRR30867952	SRX26265548	SRS21390604	SRP250705	PRJNA607328	Bacillus subtilis subsp. subtilis	missing	OXFORD_NANOPORE	MinION	860966910.0	196576.0	WGS	GENOMIC	SINGLE	Bacillus subtilis FELIX_MS21 Nanopore reads
ERR10474474	ERX9994817	ERS4418182	ERP120876	PRJEB37551	Klebsiella pneumoniae		OXFORD_NANOPORE	MinION	544105418.0	79439.0	WGS	GENOMIC	SINGLE	MinION sequencing
ERR13600802	ERX12971825	ERS5521058	ERP126193	PRJEB42350	Klebsiella pneumoniae		OXFORD_NANOPORE	GridION	694824515.0	35864.0	WGS	GENOMIC	SINGLE	GridION sequencing
SRR35637079	SRX30691162	SRS26710002	SRP626353	PRJNA1333906	Thalassospira sp. MIT1907	MIT1907	PACBIO_SMRT	Revio	962049191.0	127230.0	WGS	GENOMIC	SINGLE	Thalassospira2_genome
SRR13708346	SRX10097329	SRS8254660	SRP306354	PRJNA701733	Klebsiella pneumoniae	P-170419-2	PACBIO_SMRT	Sequel	1103195431.0	227564.0	WGS	GENOMIC	SINGLE	PacBio WGS of blaNDM-1 harboring Klebsiella pneumoniae from rectal sample
SRR33670888	SRX28897427	SRS25123368	SRP587073	PRJNA1266681	Arthrobacter koreensis	RMB17	OXFORD_NANOPORE	GridION	613045770.0	165967.0	WGS	GENOMIC	SINGLE	Whole Genome Sequencing of Arthrobacter koreensis RMB17
ERR688925	ERX633907	ERS513149	ERP005928	PRJEB6403	Salmonella enterica subsp. enterica	NCTC12416	PACBIO_SMRT	PacBio RS	902956168.0	163482.0	WGS	GENOMIC	SINGLE	PacBio RS sequencing
ERR14686335	ERX14087854	ERS23773474	ERP169826	PRJEB86481	Escherichia coli str. K-12 substr. MG1655	K-12	OXFORD_NANOPORE	MinION	188589492.0	65768.0	WGS	GENOMIC	SINGLE	MinION sequencing
SRR8275880	SRX5090764	SRS4102488	SRP172390	PRJNA500367	Dermacoccus sp. DS28 SAI-028	SAI-028	PACBIO_SMRT	PacBio RS II	285087037.0	107724.0	WGS	GENOMIC	SINGLE	Dermacoccus DS28 SAI-028
SRR30934779	SRX26337530	SRS22863377	SRP537571	PRJNA1168290	Paenibacillus sp. TAB_01	TAB_01	OXFORD_NANOPORE	MinION	1529728.0	188.0	WGS	GENOMIC	SINGLE	Paenibacillus sp. TAB 01 from cotton plant tissue
SRR3734264	SRX1883361	SRS1529762	SRP077520	PRJNA279832	Metallibacterium scheffleri	DKE6	PACBIO_SMRT	PacBio RS	434015779.0	163482.0	WGS	GENOMIC	SINGLE	Metallibacterium scheffleri genome
ERR4769723	ERX4639564	ERS5247703	ERP124695	PRJEB40976	Enterococcus faecalis		OXFORD_NANOPORE	GridION	634865463.0	33369.0	WGS	GENOMIC	SINGLE	GridION sequencing; Raw reads: 26975_2#32
SRR18729844	SRX14829885	SRS12585853	SRP369762	PRJNA825705	Klebsiella pneumoniae	ST-1308	OXFORD_NANOPORE	MinION	3848193624.0	342334.0	WGS	GENOMIC	SINGLE	ONT sequencing of Klebsiella pneumoniae: sample KLPN-M97
SRR32204153	SRX27545658	SRS23960614	SRP561120	PRJNA1214876	Ekhidna algicida	To15	OXFORD_NANOPORE	MinION	31117131.0	4000.0	WGS	GENOMIC	SINGLE	Ekhidna algicida strain To15 genome
SRR35628898	SRX30685136	SRS26704553	SRP627750	PRJNA1333901	Pseudomonas brenneri	GL_085	OXFORD_NANOPORE	MinION	381530063.0	40814.0	WGS	GENOMIC	SINGLE	Oxford Nanopore sequences of cultivable bacteria collected in an iron ore mine and a crystal cave
SRR19090866	SRX15160530	SRS12902719	SRP373722	PRJNA833969	Escherichia coli		OXFORD_NANOPORE	MinION	1332238677.0	208178.0	WGS	GENOMIC	SINGLE	Long-read WGS characterization of ESBL-producing E. coli isolates from dairy cattle in Northern Spain
SRR24001277	SRX19804725	SRS17166615	SRP429910	PRJNA909850	human blood metagenome	-	OXFORD_NANOPORE	GridION	667399.0	289.0	WGS	GENOMIC	SINGLE	DNA isolation from S. aureus  using Circulomics
ERR6797432	ERX6421119	ERS4197135	ERP023216	PRJEB20997	Salmonella enterica		PACBIO_SMRT	Sequel II	1054821314.0	211973.0	WGS	GENOMIC	SINGLE	Sequel II sequencing
SRR30949525	SRX26351959	SRS22817155	SRP536567	PRJNA1165464	Escherichia coli	Not applicable	OXFORD_NANOPORE	MinION	185432513.0	19012.0	WGS	GENOMIC	SINGLE	Nanopore sequencing of E.coli: blood isolate
SRR900531	SRX305589	SRS444718	SRP026026	PRJNA191795	Mycobacterium intracellulare 1956	1956	PACBIO_SMRT	PacBio RS	485863452.0	81741.0	WGS	GENOMIC	SINGLE	
ERR15602738	ERX15005962	ERS26883006	ERP180185	PRJEB97707	Escherichia coli		OXFORD_NANOPORE	MinION	492890343.0	61827.0	WGS	GENOMIC	SINGLE	MinION sequencing
SRR24140164	SRX19938913	SRS17287622	SRP247747	PRJNA604975	Escherichia coli	ox_bsi_446	OXFORD_NANOPORE	GridION	233371988.0	49997.0	WGS	GENOMIC	SINGLE	oxford_bsi
SRR15989595	SRX12277944	SRS9998458	SRP357537	PRJNA801416	Klebsiella pneumoniae	-	OXFORD_NANOPORE	GridION	1993851548.0	245629.0	WGS	GENOMIC	SINGLE	Whole Genome Sequencing of Carbapenemase-producing Enterobacterales (CPE)
SRR27201494	SRX22881510	SRS19853920	SRP477847	PRJNA1052100	Klebsiella pneumoniae	K5	OXFORD_NANOPORE	MinION	1425247880.0	405059.0	WGS	GENOMIC	SINGLE	ONT R9.4.1 sequences of Klebsiella pneumoniae from clinical sources in Ghana
SRR28261201	SRX23871491	SRS20690674	SRP493931	PRJNA1085272	Haemophilus influenzae	NT127	OXFORD_NANOPORE	GridION	907836102.0	219125.0	WGS	GENOMIC	SINGLE	ONT long-read sequencing of Haemophilus influenzae strain NT127
ERR3685906	ERX3675510	ERS4047707	ERP114207	PRJEB31632	bacterium		OXFORD_NANOPORE	GridION	402143243.0	129313.0	WGS	GENOMIC	SINGLE	GridION sequencing
SRR7743080	SRX4599335	SRS3705211	SRP158644	PRJNA486857	Streptococcus pyogenes	SP1336	OXFORD_NANOPORE	MinION	711356927.0	208000.0	WGS	GENOMIC	SINGLE	Nanopore sequencing of Streptococcus pyogenes SP1336
SRR31599382	SRX26964300	SRS23434009	SRP549287	PRJNA1185485	Escherichia coli	996	OXFORD_NANOPORE	PromethION	230217714.0	55078.0	WGS	GENOMIC	SINGLE	wwtp-9n14-barcode69
SRR4125257	SRX2109201	SRS1666738	SRP040661	PRJNA231221	Burkholderia thailandensis	FDAARGOS_237	PACBIO_SMRT	PacBio RS	3699299550.0	163482.0	WGS	GENOMIC	SINGLE	
SRR8077587	SRX4904848	SRS3951156	SRP166119	PRJNA496607	Escherichia coli	CM IVRI KOL-1	PACBIO_SMRT	PacBio RS II	755603503.0	138246.0	WGS	GENOMIC	SINGLE	Escherichia coli Genome sequencing and assembly
SRR31540910	SRX26908014	SRS23387473	SRP548173	PRJNA1190675	Escherichia coli	The same strain as the one under SRA accession SRR12618423	OXFORD_NANOPORE	MinION	1678409453.0	179822.0	WGS	GENOMIC	SINGLE	ONT of TAS024
SRR34967622	SRX30086615	SRS26152827	SRP608514	PRJNA1305037	Enterobacter hormaechei	MI_KPC_124	OXFORD_NANOPORE	PromethION	500001454.0	65626.0	WGS	GENOMIC	SINGLE	KPC CRE collection from state of Michigan
SRR305922	SRX077040	SRS401892	SRP007207	PRJNA68253	Escherichia coli O104:H4 str. C227-11	C227-11	PACBIO_SMRT	PacBio RS	157349919.0	81741.0	WGS	GENOMIC	SINGLE	Whole Genome Sequencing of E. coli isolate C227-11 (Long subread)
SRR32972746	SRX28245810	SRS24593473	SRP576427	PRJNA1190511	Yersinia pestis	99008	PACBIO_SMRT	Sequel	4688537168.0	458067.0	WGS	GENOMIC	SINGLE	WGS of Yersinia pestis: cultured strain 99008
SRR25741547	SRX21464957	SRS18699993	SRP456656	PRJNA983748	Staphylococcus aureus	ST3028	OXFORD_NANOPORE	GridION	299741758.0	110528.0	WGS	GENOMIC	SINGLE	WGS of S. aureus: Bulk Tank Milk
ERR15814499	ERX15214416	ERS27173596	ERP183512	PRJEB102112	Rhizobium straminoryzae	JCM 19536	OXFORD_NANOPORE	PromethION	2438928311.0	648916.0	WGS	GENOMIC	SINGLE	PromethION sequencing
ERR13801799	ERX13202593	ERS21132431	ERP163654	PRJEB79489	Thermoanaerobacter kivui	CO-1	OXFORD_NANOPORE	PromethION	1065304970.0	366089.0	WGS	GENOMIC	SINGLE	Raw reads: CO-1-G10C6_15
DRR538818	DRX522631	DRS305739	DRP010041	PRJDB15848	Escherichia coli	EC24	OXFORD_NANOPORE	GridION	662148718.0	26137.0	WGS	GENOMIC	SINGLE	GridION sequencing of SAMD00607287
SRR386315	SRX109868	SRS212329	SRP007226	PRJNA64815	Bacteroides fragilis CL05T00C42	CL05T00C42	PACBIO_SMRT	PacBio RS	58752692.0	81741.0	WGS	GENOMIC	SINGLE	Whole Genome Sequencing and Assembly
SRR30483144	SRX25907921	SRS22499138	SRP529572	PRJNA1148956	Clostridioides difficile		OXFORD_NANOPORE	MinION	500002512.0	60436.0	WGS	GENOMIC	SINGLE	cdiff
SRR33234684	SRX28481574	SRS24800782	SRP580186	PRJNA1253107	Staphylococcus sp. IPLA37011	IPLA37011	PACBIO_SMRT	Sequel II	1526486315.0	204162.0	WGS	GENOMIC	SINGLE	Staphylococcus caseorum sp. nov.
ERR15094646	ERX14499248	ERS24813637	ERP119900	PRJEB36683	Klebsiella pneumoniae 11227-1		OXFORD_NANOPORE	PromethION	1233019718.0	471449.0	WGS	GENOMIC	SINGLE	Raw reads: JKPB550_L
SRR12395278	SRX8893619	SRS7152641	SRP276100	PRJNA650381	Mycobacterium tuberculosis		OXFORD_NANOPORE	MinION	773780424.0	530020.0	WGS	GENOMIC	SINGLE	Nanopore TB WGS
SRR21696380	SRX17693885	SRS11554255	SRP354045	PRJNA747871	Kitasatospora papulosa	NBC_01355	OXFORD_NANOPORE	MinION	128923099.0	44805.0	WGS	GENOMIC	SINGLE	nanopore sequencing data from strain NBC_01355
SRR28777812	SRX24342734	SRS20831711	SRP497546	PRJNA1091452	Klebsiella pneumoniae	KP19-PS	OXFORD_NANOPORE	MinION	898387670.0	142759.0	WGS	GENOMIC	SINGLE	ONT performance study sequencing of K. pneumoniae
SRR11867890	SRX8418098	SRS6729726	SRP265117	PRJNA635644	Escherichia coli	O24:H4/H53/H55/H17	OXFORD_NANOPORE	MinION	314870528.0	75591.0	WGS	GENOMIC	SINGLE	Nanopore WGS of Malawi ExPEC 17
SRR13680695	SRX10070013	SRS8231706	SRP303037	PRJNA694442	Salmonella enterica		OXFORD_NANOPORE	GridION	386696683.0	41690.0	WGS	GENOMIC	SINGLE	Multiplex WGS of Salmonella enterica
SRR31486904	SRX26855047	SRS12151461	SRP074197	PRJNA288601	Klebsiella quasipneumoniae	2020HL-01133	OXFORD_NANOPORE	MinION	565170729.0	69863.0	WGS	GENOMIC	SINGLE	Long read sequencing of carbapenemase producing organisms
SRR31560132	SRX26926034	SRS23402482	SRP548545	PRJNA1188792	Pseudomonas aeruginosa	KS1-2	OXFORD_NANOPORE	MinION	1114821388.0	3721231.0	WGS	GENOMIC	SINGLE	Pseudomonas aeruginosa
SRR30606534	SRX26029136	SRS21102841	SRP503490	PRJNA1103400	Escherichia coli	UTI89	OXFORD_NANOPORE	GridION	378775903.0	36753.0	WGS	GENOMIC	SINGLE	Escherichia coli UTI89 Ancestor long read
ERR4265223	ERX4219884	ERS4689147	ERP121707	PRJEB38296	Bacillus subtilis subsp. subtilis str. 168	168	OXFORD_NANOPORE	MinION	995325335.0	168711.0	WGS	GENOMIC	SINGLE	MinION sequencing
SRR4181457	SRX2142693	SRS1674162	SRP086983	PRJNA303863	Rhodococcus koreensis	DSM 44498	PACBIO_SMRT	PacBio RS	786032603.0	187787.0	WGS	GENOMIC	SINGLE	Rhodococcus koreensis DSM 44498
ERR10499456	ERX10016742	ERS14256952			Escherichia coli		OXFORD_NANOPORE	GridION	503917962.0	45522.0	WGS	GENOMIC	SINGLE	GridION sequencing; Raw reads: ONT_30224_1#322
SRR386355	SRX109873	SRS212334	SRP007230	PRJNA64831	Bacteroides finegoldii CL09T03C10	CL09T03C10	PACBIO_SMRT	PacBio RS	96670112.0	81741.0	WGS	GENOMIC	SINGLE	Whole Genome Sequencing and Assembly
SRR36200483	SRX31237122	SRS27216451	SRP649104	PRJNA1367967	Klebsiella pneumoniae	38466B1	OXFORD_NANOPORE	PromethION	3149420872.0	1267569.0	WGS	GENOMIC	SINGLE	WGS of clinical Klebsiella pneumoniae from a referral hospital in Bansang, Gambia
ERR10498743	ERX10016032	ERS14255758	ERP142629	PRJEB57633	Escherichia coli		OXFORD_NANOPORE	GridION	42890248.0	9107.0	WGS	GENOMIC	SINGLE	Raw reads: ONT_30602_1#360
SRR9722567	SRX6480202	SRS5130308	SRP215816	PRJNA470993	Staphylococcus aureus	ER03857.3	PACBIO_SMRT	PacBio RS II	1438779191.0	211865.0	WGS	GENOMIC	SINGLE	WGS of Staphylococcus aureus
SRR36887378	SRX31859092	SRS27815537	SRP664505	PRJNA1403030	Bacillus cereus	YM20-7	OXFORD_NANOPORE	MinION	5020202.0	1697.0	WGS	GENOMIC	SINGLE	genome-seq-B-s
