srr_accession	srx_accession	srs_accession	srp_accession	bioproject	organism	strain	platform	instrument	total_bases	total_spots	library_strategy	library_source	library_layout	title
SRR19539247	SRX15591276	SRS13202040	SRP377466	PRJNA842739	Klebsiella pneumoniae		OXFORD_NANOPORE	MinION	498010219.0	51823.0	WGS	GENOMIC	SINGLE	Whole genome sequencing of Klebsiella isolate
ERR13326720	ERX12697748	ERS20295393	ERP161282	PRJEB76791	Salmonella enterica subsp. enterica serovar Agona		OXFORD_NANOPORE	MinION	412313229.0	143504.0	WGS	GENOMIC	SINGLE	MinION sequencing
ERR2695057	ERX2709500	ERS2016208	ERP005928	PRJEB6403	Helicobacter cinaedi		PACBIO_SMRT	Sequel	3339843739.0	2085035.0	WGS	GENOMIC	SINGLE	Sequel sequencing
ERR10854433	ERX10299200	ERS7357950	ERP109413	PRJEB27342	Klebsiella pneumoniae		PACBIO_SMRT	Sequel II	6104743135.0	2167167.0	WGS	GENOMIC	SINGLE	Sequel II sequencing
DRR723982	DRX704003	DRS495675	DRP013756	PRJDB35717	Haemophilus influenzae		OXFORD_NANOPORE	MinION	683905609.0	117545.0	WGS	GENOMIC	SINGLE	Oxford Nanopore MinION R10.4 sequencing of SAMD01599402
SRR1582674	SRX681487	SRS685148	SRP045506	PRJNA256164	Vibrio tubiashii ATCC 19109	19109	PACBIO_SMRT	PacBio RS	703854383.0	163482.0	WGS	GENOMIC	SINGLE	The Complete Genome Sequence for Vibro tubiashii ATCC 19109
SRR20138947	SRX16174051	SRS13835855	SRP385218	PRJNA856428	Escherichia coli	Nanopore_WT-T0	OXFORD_NANOPORE	PromethION	1255629064.0	91933.0	WGS	GENOMIC	SINGLE	Nanopore sequncing of Escherichia coli str. K12 substr. MG1655: MA line
SRR30413067	SRX25838766	SRS22236694	SRP523887	PRJNA1143451	Tardiphaga sp. 367_B4_N1_1	367_B4_N1_1	OXFORD_NANOPORE	PromethION	1931651937.0	557185.0	WGS	GENOMIC	SINGLE	Tardiphaga sp. 367_B4_N1_1 nanopore genome sequencing (files compressed once)
SRR31828400	SRX27188801	SRS19679230	SRP475049	PRJNA1046639	Staphylococcus aureus	sa230705barcode20	OXFORD_NANOPORE	MinION	97414924.0	61686.0	WGS	GENOMIC	SINGLE	Staphylococcus aureus strain sa230705_barcode20
ERR3685917	ERX3675521	ERS4047718	ERP114207	PRJEB31632	bacterium		OXFORD_NANOPORE	GridION	588110975.0	105446.0	WGS	GENOMIC	SINGLE	GridION sequencing
SRR287766	SRX078305	SRS212381	SRP007207	PRJNA68253	Escherichia coli		PACBIO_SMRT	PacBio RS	244697063.0	81741.0	WGS	GENOMIC	SINGLE	Whole Genome Sequencing for 17-2
SRR10332350	SRX7042533	SRS5556502	SRP226643	PRJNA578920	Escherichia coli str. K-12 substr. DH10B	DH10B	OXFORD_NANOPORE	MinION	4556616863.0	527516.0	WGS	GENOMIC	SINGLE	WGS of E. coli on ONT MinION
SRR33768794	SRX28991284	SRS22397205	SRP444583	PRJNA962904	Klebsiella pneumoniae		PACBIO_SMRT	Sequel II	106116973.0	5540.0	WGS	GENOMIC	SINGLE	PacBio sequencing of AH0090HC2 for ARCH 2
SRR25073979	SRX20827792	SRS18105662	SRP446579	PRJNA989149	Acetobacter tropicalis	DmCS006	OXFORD_NANOPORE	GridION	413427113.0	38464.0	WGS	GENOMIC	SINGLE	WGS of Acetobacter tropicalis DmCS_006 (Oxford Nanopore reads)
SRR15989476	SRX12278063	SRS9998512	SRP357537	PRJNA801416	Enterobacter cloacae	-	OXFORD_NANOPORE	GridION	301748271.0	38953.0	WGS	GENOMIC	SINGLE	Whole Genome Sequencing of Carbapenemase-producing Enterobacterales (CPE)
SRR13575252	SRX9973609	SRS8145954	SRP303741	PRJNA695586	Streptococcus pyogenes	M4C20	OXFORD_NANOPORE	MinION	3285222.0	4000.0	WGS	GENOMIC	SINGLE	Whole genome sequence of Streptococcus pyogenes strain M4C20
SRR9221500	SRX5991886	SRS4897024	SRP191068	PRJNA528511	Escherichia coli	GTEN_102	OXFORD_NANOPORE	GridION	1913880392.0	389276.0	WGS	GENOMIC	SINGLE	Global TravEpiNet AMR surveillance Genome sequencing and assembly
SRR25890245	SRX21610594	SRS18783822	SRP458186	PRJNA1012291	Enterococcus	Enterococcus faecium	OXFORD_NANOPORE	MinION	405938741.0	232042.0	WGS	GENOMIC	SINGLE	Nanopore sequencing data of VRE
ERR10497796	ERX10015085	ERS14254782	ERP142629	PRJEB57633	Escherichia coli		OXFORD_NANOPORE	GridION	64369539.0	11414.0	WGS	GENOMIC	SINGLE	Raw reads: ONT_30224_1#228
SRR21415627	SRX17420253	SRS13526119	SRP361569	PRJNA768416	Paenibacillus sp. FSL F4-0243		OXFORD_NANOPORE	MinION	623282434.0	132238.0	WGS	GENOMIC	SINGLE	WGS of Bacilli
SRR27755692	SRX23420760	SRS20275757	SRP151512	PRJNA478278	Salmonella enterica	R19.1218	OXFORD_NANOPORE	MinION	1003752353.0	328924.0	WGS	GENOMIC	SINGLE	WGS of Salmonella enterica
SRR4235448	SRX2156747	SRS1686706	SRP088720	PRJNA323002	Streptomyces sp. Ag109_O5-10	Ag109_O5-10	PACBIO_SMRT	PacBio RS	338756601.0	87071.0	WGS	GENOMIC	SINGLE	Streptomyces sp Ag109_O5-10
SRR21563331	SRX17565843	SRS14987106	SRP354045	PRJNA747871	Streptomyces sp. NBC_01716	NBC_01716	OXFORD_NANOPORE	MinION	438855215.0	60950.0	WGS	GENOMIC	SINGLE	nanopore sequencing data from strain NBC_01716
SRR30896370	SRX26299651	SRS22828373	SRP536878	PRJNA1134622	Escherichia coli	OXEC-293	OXFORD_NANOPORE	MinION	487150484.0	178301.0	WGS	GENOMIC	SINGLE	OXEC-293
SRR13192499	SRX9626960	SRS7827983	SRP295672	PRJNA681856	Salmonella enterica	LHICA_E1	OXFORD_NANOPORE	MinION	15942112.0	4000.0	WGS	GENOMIC	SINGLE	WGS of Salmonella enterica Lhica E8
SRR15989116	SRX12277751	SRS9999034	SRP357534	PRJNA801415	Klebsiella pneumoniae	11	OXFORD_NANOPORE	GridION	3561759606.0	331315.0	WGS	GENOMIC	SINGLE	Whole Genome Sequencing of Carbapenemase-producing Enterobacterales (CPE)
ERR13253040	ERX12623663	ERS20229425	ERP161024	PRJEB76496	Klebsiella pneumoniae	Zagreb024	OXFORD_NANOPORE	GridION	465906643.0	410912.0	WGS	GENOMIC	SINGLE	GridION sequencing
DRR295311	DRX284767	DRS478496	DRP004189	PRJDB5929	Escherichia coli	C1081	OXFORD_NANOPORE	GridION	1624393492.0	251537.0	WGS	GENOMIC	SINGLE	GridION sequencing of SAMD00324214
SRR30149486	SRX25617147	SRS21937672	SRP518730	PRJNA1133668	Escherichia coli	NR2956	OXFORD_NANOPORE	MinION	505405434.0	47065.0	WGS	GENOMIC	SINGLE	Nanopore sequencing of clinical CRE isolates: human
SRR28039582	SRX23690880	SRS20520802	SRP490884	PRJNA1077967	Enterococcus faecium	AH19H058	OXFORD_NANOPORE	GridION	687442444.0	212527.0	WGS	GENOMIC	SINGLE	WGS of Enterococcus faecium isolate
SRR7091775	SRX4020668	SRS3241743	SRP144296	PRJNA439741	Erwinia mallotivora	WS3165	PACBIO_SMRT	PacBio RS II	479811525.0	87910.0	WGS	GENOMIC	SINGLE	Erwinia mallotivora WS3165
SRR8580034	SRX5380769	SRS4370001	SRP185925	PRJNA521952	Oceanispirochaeta crateris	K2	PACBIO_SMRT	PacBio RS II	870044051.0	163482.0	WGS	GENOMIC	SINGLE	Oceanispirochaeta crateria  K2
ERR10420079	ERX9948552	ERS6795048	ERP109413	PRJEB27342	Klebsiella pneumoniae		PACBIO_SMRT	Sequel II	13842896203.0	2328779.0	WGS	GENOMIC	SINGLE	Sequel II sequencing
DRR293641	DRX283091	DRS178488	DRP004189	PRJDB5929	Escherichia coli	C334	OXFORD_NANOPORE	GridION	2130899989.0	280331.0	WGS	GENOMIC	SINGLE	GridION sequencing of SAMD00137906
ERR10499685	ERX10016967	ERS14257045			Escherichia coli		OXFORD_NANOPORE	GridION	271670952.0	25716.0	WGS	GENOMIC	SINGLE	GridION sequencing; Raw reads: ONT_30821_1#99
ERR1911772	ERX1972252	ERS1403234	ERP005928	PRJEB6403	Bordetella trematum	NCTC12995	PACBIO_SMRT	PacBio RS	216855745.0	163482.0	WGS	GENOMIC	SINGLE	PacBio RS sequencing
ERR3265036	ERX3291680	ERS3355745	ERP114602	PRJEB31984	Escherichia coli		PACBIO_SMRT	PacBio RS II	1600365572.0	469164.0	WGS	GENOMIC	SINGLE	PacBio RS II sequencing
SRR4136165	SRX2118754	SRS1667656	SRP084790	PRJNA257843	Cellulophaga sp. RHA_52	RHA_52	PACBIO_SMRT	PacBio RS	356162033.0	84917.0	WGS	GENOMIC	SINGLE	Cellulophaga sp. RHA_52
SRR30896536	SRX26300033	SRS22828755	SRP536878	PRJNA1134622	Escherichia coli	OXEC-323	OXFORD_NANOPORE	MinION	208983097.0	76800.0	WGS	GENOMIC	SINGLE	OXEC-323
ERR1274834	ERX1346422	ERS980039	ERP005928	PRJEB6403	Campylobacter jejuni subsp. jejuni	NCTC11168	PACBIO_SMRT	PacBio RS	770522607.0	163482.0	WGS	GENOMIC	SINGLE	PacBio RS sequencing
SRR33769502	SRX28991860	SRS22456261	SRP444583	PRJNA962904	Escherichia coli		PACBIO_SMRT	Sequel II	648703669.0	80416.0	WGS	GENOMIC	SINGLE	PacBio sequencing of AH0336HC1 for ARCH 2
SRR34500468	SRX29644318	SRS1278937	SRP069749	PRJNA310138	Rhizobium leguminosarum	KDH_Rht_460_C	PACBIO_SMRT	Revio	317769513.0	32873.0	WGS	GENOMIC	SINGLE	Rhizobium leguminosarum long reads
ERR16064418	ERX15454600	ERS28397553	ERP173262	PRJEB90249	Acinetobacter pittii		OXFORD_NANOPORE	GridION	136402962.0	21767.0	WGS	GENOMIC	SINGLE	GridION sequencing
ERR12640876	ERX12015217	ERS18097609	ERP157104	PRJEB72314	Lactiplantibacillus pentosus		PACBIO_SMRT	PacBio RS II	4148739.0	7.0	WGS	GENOMIC	SINGLE	PacBio RS II sequencing
SRR22997614	SRX18953715	SRS7053155	SRP272861	PRJNA646575	Bacteroides salyersiae	BFG-256	OXFORD_NANOPORE	GridION	1243197395.0	143165.0	WGS	GENOMIC	SINGLE	gDNA nanopore sequencing of BFG isolate
SRR14859978	SRX11177807	SRS9235494	SRP324571	PRJNA734910	Streptococcus pneumoniae	PP15	PACBIO_SMRT	Sequel	944178373.0	106578.0	WGS	GENOMIC	SINGLE	WGS of Streptococcus pneumoniae
SRR29316854	SRX24833289	SRS21545120	SRP512379	PRJNA1121190	Vibrio cholerae	120Vc02	OXFORD_NANOPORE	PromethION	231258260.0	188191.0	WGS	GENOMIC	SINGLE	WGS of Vcholerae isolates
SRR5165593	SRX2482552	SRS1669504	SRP085700	PRJNA333786	Burkholderia sp. OK233	OK233	PACBIO_SMRT	PacBio RS	165955821.0	29923.0	WGS	GENOMIC	SINGLE	Burkholderia sp. OK233
SRR13358213	SRX9782556	SRS7969853	SRP300395	PRJNA689691	Escherichia coli	ESBL_DR28	OXFORD_NANOPORE	MinION	183750814.0	7160.0	WGS	GENOMIC	SINGLE	Long-read sequencing of Escherichia coli ESBL_DR28
SRR35147157	SRX30252789	SRS26304757	SRP613099	PRJNA711001	Paenibacillus sp. PvP052	PvP052	PACBIO_SMRT	Sequel II	302625775.0	36832.0	WGS	GENOMIC	SINGLE	Paenibacillus sp. PvP052
ERR15424158	ERX14828102	ERS25261091	ERP176764	PRJEB93885	Klebsiella pneumoniae		OXFORD_NANOPORE	PromethION	347099828.0	55665.0	WGS	GENOMIC	SINGLE	Raw reads: run0_pilot_96_ont_AF52
SRR22784604	SRX18744274	SRS16179591	SRP413484	PRJNA912639	Escherichia coli	EC_E10FP_1_E_CuP_CeP	OXFORD_NANOPORE	MinION	863426803.0	94237.0	WGS	GENOMIC	SINGLE	WGS of Escherichia coli
SRR27467552	SRX23139078	SRS20090134	SRP482617	PRJNA942599	Staphylococcus pseudintermedius	Dog003	PACBIO_SMRT	Sequel II	1402373736.0	124965.0	WGS	GENOMIC	SINGLE	PacBio sequencing of canine Staphylococcaceae isolated from a Kenyan shelter in June 2017
ERR10497942	ERX10015231	ERS14254425	ERP142629	PRJEB57633	Escherichia coli		OXFORD_NANOPORE	GridION	135182180.0	23486.0	WGS	GENOMIC	SINGLE	Raw reads: ONT_30345_1#28
DRR097282	DRX090778	DRS100115	DRP005160	PRJDB5843	Helicobacter pylori	GU1882A	PACBIO_SMRT	PacBio RS II	2047075824.0	163482.0	WGS	GENOMIC	SINGLE	PacBio RS II sequencing of SAMD00084418
SRR12048354	SRX8576866	SRS6868739	SRP040661	PRJNA231221	Bacillus tropicus	FDAARGOS_920	PACBIO_SMRT	PacBio RS	906356479.0	163482.0	WGS	GENOMIC	SINGLE	
SRR9141227	SRX5914386	SRS4832605	SRP199730	PRJNA545236	Listeria monocytogenes	13-05601	OXFORD_NANOPORE	MinION	303697116.0	24694.0	WGS	GENOMIC	SINGLE	Long read sequencing of strain  13-05601
SRR31402551	SRX26771687	SRS21448466	SRP510300	PRJNA1114737	Bacteroides pyogenes	420	OXFORD_NANOPORE	MinION	465530067.0	43165.0	WGS	GENOMIC	SINGLE	nanopore reads for wgs of liver abscess isolate Bpyo 420
ERR6004137	ERX5644697	ERS6829288	ERP129578	PRJEB45460	Rhodococcus opacus	DSM 43205	PACBIO_SMRT	Sequel	3572037209.0	758721.0	WGS	GENOMIC	SINGLE	Sequel sequencing; Raw reads: Whole_genome_sequencing_of_Rhodococcus_opacus_DSM43205_(PacBio)
SRR30949427	SRX26352057	SRS22817129	SRP536567	PRJNA1165464	Escherichia coli	Not applicable	OXFORD_NANOPORE	MinION	389460072.0	119822.0	WGS	GENOMIC	SINGLE	Nanopore sequencing of E.coli: blood isolate
SRR13232970	SRX9665044	SRS7863628	SRP297430	PRJNA683859	Staphylococcus pseudintermedius	SP_11304-3A	OXFORD_NANOPORE	MinION	260002620.0	47417.0	WGS	GENOMIC	SINGLE	whole genome sequencing of Staphylococcus pseudintermedius: clinical sample
SRR684494	SRX228367	SRS411273	SRP022777	PRJNA82541	Enterococcus columbae DSM 7374 = ATCC 51263	ATCC 51263	PACBIO_SMRT	PacBio RS	99018937.0	81741.0	WGS	GENOMIC	SINGLE	Pacbio whole genome shotgun sequencing of genomic DNA library 'LR_116_Ecolumbae' containing sample 'ATCC51263' from individual 'Enterococcus_columbae_ATCC51263'
SRR14729169	SRX11066179	SRS9132808	SRP322663		Xanthomonas campestris pv. campestris	CFBP6943	PACBIO_SMRT	Sequel	706250859.0	101960.0	WGS	GENOMIC	SINGLE	Xcc_CFBP6943-G2_1
SRR21630160	SRX17630854	SRS14987318	SRP354045	PRJNA747871	Streptomyces canus	NBC_00022	OXFORD_NANOPORE	MinION	358381725.0	28231.0	WGS	GENOMIC	SINGLE	nanopore sequencing data from strain NBC_00022
SRR26414900	SRX22120221	SRS19183940	SRP466922	PRJNA1029301	Staphylococcus aureus		OXFORD_NANOPORE	GridION	2769319452.0	810686.0	WGS	GENOMIC	SINGLE	Staphylococcus aureus WGS
SRR25617746	SRX21344835	SRS18589965	SRP454672	PRJNA1004631	Escherichia coli	8546	OXFORD_NANOPORE	MinION	346891947.0	45910.0	WGS	GENOMIC	SINGLE	Nanopore MinION sequencing of E. coli; conjugation experiment
SRR35895920	SRX30945213	SRS26941199	SRP637500	PRJNA1354391	Streptococcus pneumoniae		OXFORD_NANOPORE	PromethION	674763152.0	598546.0	WGS	GENOMIC	SINGLE	WGS of Streptococcus pneumoniae
SRR1776953	SRX853359	SRS827457	SRP052848	PRJNA272775	Mycoplasma mycoides subsp. mycoides	Afade	PACBIO_SMRT	PacBio RS	752394985.0	245223.0	WGS	GENOMIC	SINGLE	Whole Genome Sequencing of Mycoplasma mycoides subsp. mycoides strain
SRR14633256	SRX10973112	SRS9050535	SRP321138	PRJNA732388	Clostridioides difficile	MT5121	OXFORD_NANOPORE	MinION	54266651.0	13624.0	WGS	GENOMIC	SINGLE	WGS of C. difficile isolated from consecutive FMT failure events
ERR12448874	ERX11825305	ERS17728811	ERP156572	PRJEB71788	Listeria monocytogenes		OXFORD_NANOPORE	GridION	595119606.0	54286.0	WGS	GENOMIC	SINGLE	Raw reads: ListPred_L538
SRR24178932	SRX19976641	SRS11330428	SRP074197	PRJNA288601	Pseudomonas aeruginosa	2021CK-01658	OXFORD_NANOPORE	GridION	337568561.0	55635.0	WGS	GENOMIC	SINGLE	Nanopore sequencing of ARLN isolate
ERR2171936	ERX2228379	ERS1859674	ERP005928	PRJEB6403	Morganella morganii	NCTC12286	PACBIO_SMRT	PacBio RS	1238269023.0	163482.0	WGS	GENOMIC	SINGLE	PacBio RS sequencing
SRR30149232	SRX25617401	SRS21937582	SRP518730	PRJNA1133668	Klebsiella pneumoniae	ST258KP207	OXFORD_NANOPORE	MinION	227944678.0	23378.0	WGS	GENOMIC	SINGLE	Nanopore sequencing of clinical CRE isolates: human
SRR36444446	SRX31469277	SRS27451758	SRP655075	PRJNA1381232	Escherichia coli	missing	OXFORD_NANOPORE	MinION	1313802744.0	229731.0	WGS	GENOMIC	SINGLE	Whole genome sequence of Escherichia coli; obtained from cloacal swabs of wild bird
SRR26135175	SRX21848552	SRS18945809	SRP462492	PRJNA946810	Pseudomonas aeruginosa	Rectal_2_P13	OXFORD_NANOPORE	GridION	97527170.0	16704.0	WGS	GENOMIC	SINGLE	WGS of Pseudomonas aeruginosa from hospitalized patiens from Quito, Ecuador
ERR10498790	ERX10016079	ERS14255718	ERP142629	PRJEB57633	Escherichia coli		OXFORD_NANOPORE	GridION	38955398.0	22302.0	WGS	GENOMIC	SINGLE	Raw reads: ONT_30602_1#96
SRR707866	SRX228373	SRS411272	SRP022778	PRJNA82539	Enterococcus avium ATCC 14025	ATCC 14025	PACBIO_SMRT	PacBio RS	43759484.0	81741.0	WGS	GENOMIC	SINGLE	Pacbio whole genome shotgun sequencing of genomic DNA library 'LR_133' containing sample 'ATCC14025' from individual 'Enterococcus_avium_ATCC14025'
SRR14757224	SRX11090777	SRS9156151	SRP323170	PRJNA732579	Staphylococcus aureus	AC4	PACBIO_SMRT	Sequel	1766656365.0	342044.0	WGS	GENOMIC	SINGLE	WGS of Staphylococcus aureus: human skin
SRR9030018	SRX5807299	SRS4736768	SRP197100	PRJNA534312	Nostoc sp. TCL26-01	TCL26-01	OXFORD_NANOPORE	MinION	3640282787.0	2200760.0	WGS	GENOMIC	SINGLE	"Nanopore sequencing of Nostoc sp ""Leiosporoceros"" TCL26-01"
SRR26742021	SRX22440823	SRS19460853	SRP470930	PRJNA1035250	Cyanobacterium aponinum AL20115	AL20115	OXFORD_NANOPORE	MinION	109347557.0	6320.0	WGS	GENOMIC	SINGLE	WGS of Cyanobacterium aponinum BCRC AL20115
SRR12298974	SRX8802239	SRS6792301	SRP266402	PRJNA605147	Klebsiella pneumoniae	RHB13-C05	PACBIO_SMRT	PacBio RS II	736103973.0	94199.0	WGS	GENOMIC	SINGLE	PACBIO_SMRT sequencing of Klebsiella pneumoniae isolate RH03|T1-C05 cultured from Pig faeces sample
DRR393642	DRX379461	DRS296975	DRP007849	PRJDB10842	Klebsiella oxytoca	JBBDAAF-19-0060	OXFORD_NANOPORE	GridION	512173718.0	58881.0	WGS	GENOMIC	SINGLE	GridION sequencing of SAMD00498536
SRR23347666	SRX19289367	SRS16690584	SRP421131	PRJNA931653	Escherichia coli K-12	K-12	OXFORD_NANOPORE	GridION	15210190.0	4000.0	WGS	GENOMIC	SINGLE	Nanopore sequencing of Ciprofloxacin challenged E. coli
SRR22859711	SRX18818526	SRS16251794	SRP414408	PRJNA914892	Staphylococcus aureus	C224	OXFORD_NANOPORE	MinION	422230163.0	82450.0	WGS	GENOMIC	SINGLE	Long read ONT WGS of Staphylococcus aureus isolates from Chronic Rhinosinusitis Patients
ERR5929886	ERX5570402	ERS6344521	ERP128687	PRJEB44616	Enterococcus faecium		OXFORD_NANOPORE	GridION	2007865758.0	196995.0	WGS	GENOMIC	SINGLE	GridION sequencing; Raw reads: USZ_VRE53_P46
SRR14517987	SRX10863468	SRS8958821	SRP315092	PRJNA721536	Enterobacter cloacae subsp. cloacae	RT1459:NRCR12	OXFORD_NANOPORE	MinION	106021567.0	21538.0	WGS	GENOMIC	SINGLE	blandm and cmh-3 co-harbouring Enterobacter cloacae
DRR572306	DRX555773	DRS426398	DRP012251	PRJDB17574	Escherichia coli	YK-IS1MA-L08-3_G08	OXFORD_NANOPORE	MinION	31808.0	4.0	WGS	GENOMIC	SINGLE	nanopore-seq of SAMD00748215 L08-3_G8
ERR15942221	ERX15337766	ERS27418064	ERP171251	PRJEB88111	Escherichia coli	DTU_101B	OXFORD_NANOPORE	PromethION	797180429.0	131472.0	WGS	GENOMIC	SINGLE	Raw reads: DTU_2024_1035977_100_SI_DTU_101B_SE
SRR36286176	SRX31319581	SRS27217885	SRP649163	PRJNA1230056	Enterococcus faecium	VRE_09	OXFORD_NANOPORE	GridION	416130206.0	158325.0	WGS	GENOMIC	SINGLE	WGS of E. faecium
SRR4054320	SRX2043895	SRS1526690	SRP077279	PRJNA215341	Caldicellulosiruptor naganoensis NA10	NA10	PACBIO_SMRT	PacBio RS	224300871.0	54481.0	WGS	GENOMIC	SINGLE	Thermoanaerobacter cellulolyticus NA10 DSM 8991
SRR24140001	SRX19938404	SRS17287113	SRP247747	PRJNA604975	Escherichia coli	ox_bsi_399	OXFORD_NANOPORE	GridION	156858859.0	20363.0	WGS	GENOMIC	SINGLE	oxford_bsi
ERR10498222	ERX10015511	ERS14254485	ERP142629	PRJEB57633	Escherichia coli		OXFORD_NANOPORE	GridION	57707218.0	9298.0	WGS	GENOMIC	SINGLE	Raw reads: ONT_30821_1#350
SRR26060012	SRX21776141	SRS18881594	SRP321830	PRJNA674638	Lysinibacillus capsici	Lm01	PACBIO_SMRT	Sequel II	480392920.0	53631.0	WGS	GENOMIC	SINGLE	PacBio reads from bacterial isolates derived from cucumber fermentation
SRR387189	SRX109905	SRS281278	SRP001087	PRJNA40075	Escherichia coli str. K-12 substr. MG1655	K-12	PACBIO_SMRT	PacBio RS	123181095.0	81741.0	WGS	GENOMIC	SINGLE	Whole Genome Sequencing and Assembly
SRR13893578	SRX10273436	SRS8406426	SRP309815	PRJNA686978	Klebsiella pneumoniae	not collected	OXFORD_NANOPORE	MinION	2037899003.0	229210.0	WGS	GENOMIC	SINGLE	nanopore sequencing of k pneumoniae: clinical isolate
SRR25466757	SRX21199664	SRS18458348	SRP452337	PRJNA1000618	Escherichia coli	Escherichia coli BL21(DE3)	OXFORD_NANOPORE	MinION	6176353.0	4000.0	WGS	GENOMIC	SINGLE	CASTVK transposition with different condition
ERR15677733	ERX15082124	ERS26963444	ERP171481	PRJEB88388	Stutzerimonas chloritidismutans	R-90875	OXFORD_NANOPORE	MinION	653510339.0	249900.0	WGS	GENOMIC	SINGLE	Raw reads: Stutzerimonas chloritidismutans R-90875
ERR2735015	ERX2748100	ERS1820631	ERP010248	PRJEB9167	Mycobacteroides abscessus		PACBIO_SMRT	PacBio RS	145095247.0	163482.0	WGS	GENOMIC	SINGLE	PacBio RS sequencing
ERR1599920	ERX1670487	ERS1188834	ERP005928	PRJEB6403	Salmonella enterica subsp. enterica	NCTC12694	PACBIO_SMRT	PacBio RS	1868423608.0	163482.0	WGS	GENOMIC	SINGLE	PacBio RS sequencing
SRR32426412	SRX27755525	SRS24141054	SRP565483	PRJNA1225500	Sphingobium sp. RS1	RS1	OXFORD_NANOPORE	MinION	401324546.0	45587.0	WGS	GENOMIC	SINGLE	Genome-seq of Sphingobium sp. RS1
SRR19820539	SRX15864382	SRS13525948	SRP361569	PRJNA768416	Ureibacillus sp. FSL K6-0786		OXFORD_NANOPORE	MinION	470507178.0	69884.0	WGS	GENOMIC	SINGLE	WGS of Bacilli
SRR33210429	SRX28457795	SRS24779175	SRP579658	PRJNA1252136	Escherichia coli	E600717	OXFORD_NANOPORE	MinION	2382548687.0	716344.0	WGS	GENOMIC	SINGLE	WGS of Escherichia coli isolate from sample 600717
SRR30149636	SRX25617431	SRS21937511	SRP518730	PRJNA1133668	Klebsiella pneumoniae	ST258KP61	OXFORD_NANOPORE	MinION	161827632.0	27637.0	WGS	GENOMIC	SINGLE	Nanopore sequencing of clinical CRE isolates: human
SRR33123836	SRX28387191	SRS24711119	SRP578427	PRJNA1244367	Bacillus cereus ATCC 14579	ATCC 14579	OXFORD_NANOPORE	GridION	6477190512.0	1247297.0	WGS	GENOMIC	SINGLE	WGS of Bacillus cereus Strain ATCC14595
SRR17255232	SRX13434127	SRS11333631	SRP351211	PRJNA789142	Klebsiella pneumoniae	NRZ-27639	OXFORD_NANOPORE	MinION	467677600.0	111064.0	WGS	GENOMIC	SINGLE	NRZ-27639_WT
SRR30669909	SRX26088579	SRS22655142	SRP531402	PRJNA1158507	Escherichia coli	HMT18	PACBIO_SMRT	Revio	1199608901.0	82926.0	WGS	GENOMIC	SINGLE	long read sequencing of Escherichia coli HMT18: colony 12
SRR8841088	SRX5629011	SRS4574066	SRP190404	PRJNA267646	Streptomyces sp. MNU103	MNU103	OXFORD_NANOPORE	MinION	267329520.0	90282.0	WGS	GENOMIC	SINGLE	Genome sequence of Streptomyces sp. MNU103
ERR15424225	ERX14828169	ERS25261027	ERP176764	PRJEB93885	Escherichia coli		OXFORD_NANOPORE	PromethION	1439392609.0	279580.0	WGS	GENOMIC	SINGLE	Raw reads: run0_pilot_96_ont_AHB21
SRR35213493	SRX30317310	SRS26364244	SRP615997	PRJNA834239	Bradyrhizobium elkanii	USDA 40	PACBIO_SMRT	Sequel II	293024831.0	31834.0	WGS	GENOMIC	SINGLE	Bradyrhizobium elkanii USDA 40
SRR9900614	SRX6652468	SRS5213974	SRP051949	PRJNA271899	Citrobacter freundii	MGH214	OXFORD_NANOPORE	GridION	786015359.0	201474.0	WGS	GENOMIC	SINGLE	Sequencing of Carbapenem resistant bacteria
SRR10034493	SRX6769675	SRS5317236	SRP219595	PRJNA547234	Caballeronia udeis	ES_AL-G7	PACBIO_SMRT	PacBio RS II	574800021.0	146073.0	WGS	GENOMIC	SINGLE	Caballeronia udeis ES_AL-G7 Annotated Microbial Improved Draft
ERR10498554	ERX10015843	ERS14255249	ERP142629	PRJEB57633	Escherichia coli		OXFORD_NANOPORE	GridION	48347951.0	6641.0	WGS	GENOMIC	SINGLE	Raw reads: ONT_30348_2#313
SRR22190123	SRX18168599	SRS15668355	SRP406278	PRJNA898286	Streptococcus agalactiae	SA009	PACBIO_SMRT	Sequel	921912600.0	6146084.0	WGS	GENOMIC	SINGLE	raw sequence data of bovine S.agalactiae
ERR14879218	ERX14284816	ERS23989844	ERP171580	PRJEB88489	Campylobacter coli		OXFORD_NANOPORE	MinION			WGS	GENOMIC	SINGLE	MinION sequencing
SRR36748969	SRX31748004	SRS27714932	SRP538888	PRJNA1173529	human urinary tract metagenome		OXFORD_NANOPORE	GridION	1671039635.0	1489819.0	WGS	GENOMIC	SINGLE	UMB1818
SRR24001261	SRX19804741	SRS17166616	SRP429910	PRJNA909850	human blood metagenome	-	OXFORD_NANOPORE	GridION	64363465.0	23901.0	WGS	GENOMIC	SINGLE	DNA isolation from E. faecalis  using Roche
SRR32409465	SRX27739903	SRS24128786	SRP565160	PRJNA1225906	Neisseria meningitidis		OXFORD_NANOPORE	GridION	883839713.0	219582.0	WGS	GENOMIC	SINGLE	WGS of Neisseria meningitids isolate
SRR30868086	SRX26265729	SRS21691070	SRP250705	PRJNA607328	Salmonella enterica subsp. enterica serovar Typhimurium	missing	OXFORD_NANOPORE	MinION	1625847532.0	298909.0	WGS	GENOMIC	SINGLE	Salmonella enterica subsp. enterica serovar Typhimurium FELIX_MS479 Nanopore reads
SRR25466893	SRX21199527	SRS18458348	SRP452337	PRJNA1000618	Escherichia coli	Escherichia coli BL21(DE3)	OXFORD_NANOPORE	MinION	6278587.0	3998.0	WGS	GENOMIC	SINGLE	CASTVK transposition with different condition
SRR32184198	SRX27529376	SRS16968686	SRP426074	PRJNA941188	Bacillus subtilis	PRO118	OXFORD_NANOPORE	GridION	1693442891.0	326820.0	WGS	GENOMIC	SINGLE	WGS of Bacillus subtilis: cell culture
SRR8494917	SRX5299466	SRS4294121	SRP181880	PRJNA422511	Klebsiella oxytoca		OXFORD_NANOPORE	MinION	821433180.0	95435.0	WGS	GENOMIC	SINGLE	Oxford Nanopore MinION WGS of Klebsiella oxytoca
ERR8607217	ERX8239797	ERS10607619	ERP135255	PRJEB50649	Neisseria gonorrhoeae		OXFORD_NANOPORE	MinION	80240480.0	32648.0	WGS	GENOMIC	SINGLE	MinION sequencing
SRR386590	SRX109808	SRS004883	SRP001079	PRJNA40077	Cereibacter sphaeroides 2.4.1	2.4.1	PACBIO_SMRT	PacBio RS	16130502.0	60667.0	WGS	GENOMIC	SINGLE	Whole Genome Sequencing and Assembly
SRR8991254	SRX5770326	SRS4704457	SRP040661	PRJNA231221	Serratia marcescens	FDAARGOS_659	PACBIO_SMRT	PacBio RS	1574660673.0	163482.0	WGS	GENOMIC	SINGLE	
ERR2532105	ERX2550534	ERS2402889	ERP005928	PRJEB6403	Chryseobacterium lactis	NCTC11390	PACBIO_SMRT	PacBio RS	1045219862.0	163482.0	WGS	GENOMIC	SINGLE	PacBio RS sequencing
ERR1447027	ERX1517403	ERS1092510	ERP005928	PRJEB6403	Clostridioides difficile	NCTC13748	PACBIO_SMRT	PacBio RS	1111931834.0	163482.0	WGS	GENOMIC	SINGLE	PacBio RS sequencing
SRR18042579	SRX14194931	SRS12015649	SRP359983	PRJNA793027	Synechococcus sp. NB0720_010	NB0720_010	OXFORD_NANOPORE	MinION	790342940.0	874048.0	WGS	GENOMIC	SINGLE	Shotgun whole genome sequencing of Synechococcus sp. NB0720_10
SRR8776897	SRX5566873	SRS4529896	SRP189296	PRJNA528186	Staphylococcus aureus	UP_462	OXFORD_NANOPORE	MinION	640683346.0	163837.0	WGS	GENOMIC	SINGLE	UP_462_nanopore
SRR787489	SRX252699	SRS401435	SRP019218	PRJNA188139	Vibrio cholerae	2011EL-2322	PACBIO_SMRT	PacBio RS	115099395.0	81741.0	WGS	GENOMIC	SINGLE	2011EL-2322
ERR11041235	ERX10488047	ERS14796221	ERP145810	PRJEB60752	Escherichia coli		OXFORD_NANOPORE	MinION	644458202.0	71761.0	WGS	GENOMIC	SINGLE	Raw reads: JPI241_S41_[Oxford_Nanopore]
ERR4467148	ERX4406021	ERS4952640	ERP123454	PRJEB39885	Escherichia coli	35CM1	OXFORD_NANOPORE	MinION	62315598.0	7758.0	WGS	GENOMIC	SINGLE	MinION sequencing
SRR27962351	SRX23618771	SRS20459148	SRP489640	PRJNA998543	Staphylococcus epidermidis	HRSE 17	OXFORD_NANOPORE	MinION	1085845910.0	133166.0	WGS	GENOMIC	SINGLE	S. epidermidis isolated from Han River whole genome sequencing
SRR30616099	SRX26038393	SRS22609574	SRP250705	PRJNA607328	Pseudomonas putida	KT2440	OXFORD_NANOPORE	MinION	1096943795.0	157891.0	WGS	GENOMIC	SINGLE	Pseudomonas putida FELIX_MS550 Nanopore reads
SRR11913873	SRX8460430	SRS6761785	SRP265727	PRJNA605314	Pseudomonas aeruginosa	VIT PC7	OXFORD_NANOPORE	MinION	1159907224.0	77463.0	WGS	GENOMIC	SINGLE	Whole genome  sequence of VIT PC 7 Pseudomonas aeruginosa  from pus region of diabetic foot
ERR10452892	ERX9976347	ERS6794093	ERP109413	PRJEB27342	Klebsiella pneumoniae		PACBIO_SMRT	Sequel II	2992381659.0	495938.0	WGS	GENOMIC	SINGLE	Sequel II sequencing
SRR31598863	SRX26963623	SRS23433335	SRP549287	PRJNA1185485	Escherichia coli	188	OXFORD_NANOPORE	PromethION	2042391255.0	374670.0	WGS	GENOMIC	SINGLE	Kleb-3R-barcode10
SRR22580990	SRX18544016	SRS15321964	SRP074197	PRJNA288601	Klebsiella variicola	2022CK-00503	OXFORD_NANOPORE	GridION	307672625.0	28206.0	WGS	GENOMIC	SINGLE	Nanopore sequencing of ARLN isolate
SRR25466853	SRX21199567	SRS18458349	SRP452337	PRJNA1000618	Escherichia coli	Escherichia coli BL21(DE3)	OXFORD_NANOPORE	MinION	4856605.0	4000.0	WGS	GENOMIC	SINGLE	CASTVK transposition with different condition
SRR13668103	SRX10059585	SRS8221837	SRP040661	PRJNA231221	Klebsiella pneumoniae	FDAARGOS_1324	PACBIO_SMRT	Sequel	2727573987.0	589910.0	WGS	GENOMIC	SINGLE	
SRR35954029	SRX31003320	SRS26994893	SRP641395	PRJNA1357875	Limosilactobacillus reuteri subsp. reuteri	MM4-1A	OXFORD_NANOPORE	PromethION	207130827.0	62843.0	WGS	GENOMIC	SINGLE	ONT WGS of L. reuteri ATCC PTA-6475
SRR21812678	SRX17802126	SRS15326737	SRP401062	PRJNA269457	Xanthomonas oryzae pv. oryzae	IXO220	OXFORD_NANOPORE	MinION	674241701.0	140490.0	WGS	GENOMIC	SINGLE	Complete genome sequence of Xanthomonas oryzae pv. oryzae IXO220
SRR9047950	SRX5824512	SRS4752567	SRP051949	PRJNA271899	Klebsiella pneumoniae	MGH275	OXFORD_NANOPORE	GridION	968398116.0	318541.0	WGS	GENOMIC	SINGLE	Sequencing of Carbapenem resistant bacteria
SRR35329209	SRX30430168	SRS26464549	SRP618831	PRJNA1321367	Escherichia coli	600029	OXFORD_NANOPORE	MinION	741464920.0	571813.0	WGS	GENOMIC	SINGLE	Sequencing of Escherichia coli isolate 600029
ERR9843313	ERX9389110	ERS2652266	ERP104475	PRJEB22771	Streptococcus pneumoniae		PACBIO_SMRT	Sequel II	3686784798.0	515035.0	WGS	GENOMIC	SINGLE	Sequel II sequencing
SRR2824045	SRX1385910	SRS1135303	SRP040661	PRJNA231221	Bordetella pertussis	FDAARGOS_179	PACBIO_SMRT	PacBio RS	1503003752.0	163482.0	WGS	GENOMIC	SINGLE	
DRR505152	DRX489129	DRS364891	DRP011202	PRJDB16714	Acinetobacter baumannii	ATCC BAA-1605	OXFORD_NANOPORE	MinION	1223710145.0	283887.0	WGS	GENOMIC	SINGLE	MinION sequencing of SAMD00646880
ERR15289526	ERX14695360	ERS25258616	ERP160926	PRJEB76400	Leuconostoc falkenbergense		OXFORD_NANOPORE	MinION	40658059.0	15631.0	WGS	GENOMIC	SINGLE	MinION sequencing
SRR29777296	SRX25277100	SRS21961017	SRP519287	PRJNA1134122	Listeria monocytogenes	N23-3441	OXFORD_NANOPORE	MinION	396975309.0	77090.0	WGS	GENOMIC	SINGLE	Long read WGS of Listeria monocytogenes: isolate N23-3441
ERR13064395	ERX12434919	ERS17308351	ERP155943	PRJEB71065	Enterococcus lactis		PACBIO_SMRT	Sequel II	294310095.0	26230.0	WGS	GENOMIC	SINGLE	Sequel II sequencing
SRR21630339	SRX17631059	SRS14987450	SRP354045	PRJNA747871	Micromonospora zamorensis	NBC_00407	OXFORD_NANOPORE	MinION	1027974721.0	136937.0	WGS	GENOMIC	SINGLE	nanopore sequencing data from strain NBC_00407
SRR21285061	SRX17294356	SRS14718160	SRP392968	PRJNA747101	Mycobacterium ulcerans	ATCC 19423	PACBIO_SMRT	Sequel II	9131551392.0	1048191.0	WGS	GENOMIC	SINGLE	Mycobacterium ulcerans ATCC 19423whole genome sequence
ERR10676213	ERX10143977	ERS14333312	ERP143248	PRJEB58185	Campylobacter jejuni		OXFORD_NANOPORE	MinION	118869114.0	197457.0	WGS	GENOMIC	PAIRED	MinION paired end sequencing
ERR13802609	ERX13203361	ERS21186484	ERP164461	PRJEB80477	Staphylococcus aureus		OXFORD_NANOPORE	MinION	258551680.0	77817.0	WGS	GENOMIC	SINGLE	MinION sequencing
ERR3639899	ERX3633561	ERS3953434	ERP118008	PRJEB35018	Klebsiella pneumoniae		OXFORD_NANOPORE	MinION			WGS	GENOMIC	SINGLE	MinION sequencing
SRR13575419	SRX9973443	SRS8145954	SRP303741	PRJNA695586	Streptococcus pyogenes	M4C20	OXFORD_NANOPORE	MinION	3473479.0	4000.0	WGS	GENOMIC	SINGLE	Whole genome sequence of Streptococcus pyogenes strain M4C20
ERR10499318	ERX10016604	ERS14255863	ERP142629	PRJEB57633	Escherichia coli		OXFORD_NANOPORE	GridION	52891396.0	11881.0	WGS	GENOMIC	SINGLE	Raw reads: ONT_31663_7#30
SRR31565381	SRX26931284	SRS23404794	SRP548643	PRJNA1192988	Vibrio cholerae	ZA11	OXFORD_NANOPORE	MinION	125252657.0	38543.0	WGS	GENOMIC	SINGLE	PulseNet Africa ONT sequencing of Vibrio cholerae isolates
SRR19519919	SRX15572388	SRS13275248	SRP378127	PRJNA819273	Mammaliicoccus sciuri	IVB6224	PACBIO_SMRT	Sequel II	1166469709.0	104957.0	WGS	GENOMIC	SINGLE	PacBio Sequel sequencing of camel Staphylococcaceae from the Horn of Africa
SRR811961	SRX260506	SRS389815	SRP020549	PRJNA196344	Pedobacter heparinus DSM 2366	DSM 2366	PACBIO_SMRT	PacBio RS	153708944.0	81741.0	WGS	GENOMIC	SINGLE	HGAP P. Hep Dataset
SRR31235417	SRX26615416	SRS23113939	SRP543347	PRJNA1182389	Escherichia coli	NEB 10-beta	OXFORD_NANOPORE	MinION	252440.0	34.0	WGS	GENOMIC	SINGLE	Long Read Sequencing of synthetic plasmid
ERR13600316	ERX12971339	SRS12438158	SRP366725	PRJNA660354	Klebsiella pneumoniae	2019-400-2	OXFORD_NANOPORE	GridION	590414933.0	30651.0	WGS	GENOMIC	SINGLE	GridION sequencing
ERR2615934	ERX2632589	ERS2078730	ERP005928	PRJEB6403	Neisseria gonorrhoeae		PACBIO_SMRT	Sequel	2190026504.0	1070453.0	WGS	GENOMIC	SINGLE	Sequel sequencing
SRR18729682	SRX14830047	SRS12585876	SRP369762	PRJNA825705	Enterobacter chengduensis	ST-414	OXFORD_NANOPORE	MinION	1918145145.0	178327.0	WGS	GENOMIC	SINGLE	ONT sequencing of Enterobacter chengduensis: sample ENCL-501
SRR5851482	SRX3021121	SRS1832553	SRP094480	PRJNA279196	Bordetella pertussis	J016	PACBIO_SMRT	PacBio RS II	955826579.0	163482.0	WGS	GENOMIC	SINGLE	
SRR4181405	SRX2142641	SRS1674114	SRP086979	PRJNA303865	Pseudonocardia alni	DSM 44104	PACBIO_SMRT	PacBio RS	745370276.0	198254.0	WGS	GENOMIC	SINGLE	Pseudonocardia alni DSM 44104
SRR28825882	SRX24388702	SRS21144464	SRP504527	PRJNA984017	Acinetobacter baumannii	A1K	OXFORD_NANOPORE	MinION	144492569.0	28406.0	WGS	GENOMIC	SINGLE	Acinetobacter baumannii A1K oxford nanopore reads
SRR11867862	SRX8418126	SRS6729754	SRP265117	PRJNA635644	Escherichia coli	O29:H10/H55/H17	OXFORD_NANOPORE	MinION	581893484.0	175376.0	WGS	GENOMIC	SINGLE	Nanopore WGS of Malawi ExPEC 42
SRR13950261	SRX10329055	SRS5865125	SRP310366	PRJNA695105	Bacillus anthracis	Tyrol 3520	OXFORD_NANOPORE	GridION	499872436.0	53191.0	WGS	GENOMIC	SINGLE	Whole genome nanopore sequencing of Bacillus anthracis strain Tyrol 3520
SRR8776881	SRX5566889	SRS4529912	SRP189296	PRJNA528186	Staphylococcus aureus	UP_844	OXFORD_NANOPORE	MinION	589434855.0	71733.0	WGS	GENOMIC	SINGLE	UP_844_nanopore
SRR8523006	SRX5325842	SRS4320784	SRP183198	PRJNA518918	Synechococcus sp. WH 8101	WH 8101	PACBIO_SMRT	PacBio RS II	1180010917.0	163482.0	WGS	GENOMIC	SINGLE	PacBio SMRT sequencing of Synechococcus WH 8101
SRR29081117	SRX24605277	SRS21342948	SRP508604	PRJNA1113402	Mycobacterium tuberculosis	H-20-0022	OXFORD_NANOPORE	MinION	722648175.0	678555.0	WGS	GENOMIC	SINGLE	WGS of clinical Mycobacterium tuberculosis isolates from the Philippines
ERR10664145	ERX10133329	ERS2650921	ERP104475	PRJEB22771	Streptococcus pneumoniae		PACBIO_SMRT	Sequel II	2086250585.0	320757.0	WGS	GENOMIC	SINGLE	Sequel II sequencing
SRR516843	SRX148633	SRS281882	SRP013241	PRJNA73829	Vibrio cholerae		PACBIO_SMRT	PacBio RS	38016486.0	60667.0	WGS	GENOMIC	SINGLE	Whole Genome Sequencing of Haitian Vibrio cholerae: Continuous Long Read (CLR) data
SRR15031910	SRX11343469	SRS9383692	SRP326726	PRJNA737600	Streptomyces sp. GMY02	GMY02	OXFORD_NANOPORE	GridION	8834821.0	4000.0	WGS	GENOMIC	SINGLE	WGS Streptomyces sp. GMY02
SRR4063409	SRX2052487	SRS1644720	SRP082819	PRJNA243958	Serratia marcescens	KtPC3-9	PACBIO_SMRT	PacBio RS	221351268.0	81888.0	WGS	GENOMIC	SINGLE	Serratia marcescens KtPC3-9
SRR27998987	SRX23651549	SRS20484601	SRP490149	PRJNA1077593	Klebsiella pneumoniae	11978	OXFORD_NANOPORE	MinION	225499483.0	6551.0	WGS	GENOMIC	SINGLE	long_reads
ERR10498896	ERX10016185	ERS14256232	ERP142629	PRJEB57633	Escherichia coli		OXFORD_NANOPORE	GridION	197365271.0	20437.0	WGS	GENOMIC	SINGLE	Raw reads: ONT_30602_2#299
SRR3741121	SRX1895968	SRS1539271	SRP077830	PRJNA165239	Xanthobacter sp. 91	91	PACBIO_SMRT	PacBio RS	233117909.0	65852.0	WGS	GENOMIC	SINGLE	Xanthobacter sp. 91
SRR9047982	SRX5824480	SRS4752535	SRP051949	PRJNA271899	Klebsiella pneumoniae	MGH310	OXFORD_NANOPORE	GridION	2184300972.0	1184347.0	WGS	GENOMIC	SINGLE	Sequencing of Carbapenem resistant bacteria
SRR21415575	SRX17420305	SRS13526032	SRP361569	PRJNA768416	Paenibacillus sp. FSL H8-0048	FSL H8-0048	OXFORD_NANOPORE	MinION	393724340.0	174501.0	WGS	GENOMIC	SINGLE	WGS of Bacilli
SRR15361540	SRX11664007	SRS9696738	SRP331378	PRJNA752621	Streptomyces tendae	GA6-005	OXFORD_NANOPORE	MinION	120884568.0	21632.0	WGS	GENOMIC	SINGLE	GA6-005
ERR15665870	ERX15070449	ERS203105	ERP001784	PRJEB3255	Escherichia coli	M619	OXFORD_NANOPORE	MinION	858823800.0	84505.0	WGS	GENOMIC	SINGLE	MinION sequencing
SRR15140903	SRX11448582	SRS9488523	SRP295672	PRJNA681856	Salmonella enterica subsp. arizonae	LHICA_AZ23	OXFORD_NANOPORE	MinION	27383271.0	4000.0	WGS	GENOMIC	SINGLE	Salmonella AZ23
SRR34443675	SRX29604242	SRS25725649	SRP599596	PRJNA1289084	Escherichia coli	00_Parent	OXFORD_NANOPORE	GridION	1749964680.0	380976.0	WGS	GENOMIC	SINGLE	Ecoli_00_Parent
ERR3458867	ERX3480618	ERS3607373	ERP116579	PRJEB33761	Escherichia coli		PACBIO_SMRT	PacBio RS	1733687361.0	500799.0	WGS	GENOMIC	SINGLE	PacBio RS sequencing
ERR3685743	ERX3675347	ERS4047544	ERP114207	PRJEB31632	bacterium		OXFORD_NANOPORE	GridION	609640542.0	80087.0	WGS	GENOMIC	SINGLE	GridION sequencing
SRR26992885	SRX22685879	SRS19679231	SRP475049	PRJNA1046639	Staphylococcus aureus	sa230711barcode81	OXFORD_NANOPORE	MinION	613050609.0	99627.0	WGS	GENOMIC	SINGLE	Staphylococcus aureus strain sa230711barcode81
SRR12247523	SRX8755644	SRS6976258	SRP266402	PRJNA605147	Escherichia coli	RHB20-E3-C03	OXFORD_NANOPORE	GridION	2700699322.0	477626.0	WGS	GENOMIC	SINGLE	Oxford Nanopore sequencing of Escherichia coli isolate RH10|T2-E3C03 cultured from cattle farm sediment sample
ERR15991607	ERX15386713	ERS28170793	ERP184281	PRJEB102899	Pseudomonas aeruginosa		OXFORD_NANOPORE	GridION	261803650.0	31996.0	WGS	GENOMIC	SINGLE	GridION sequencing
SRR35147572	SRX30253203	SRS26305162	SRP613162	PRJNA709547	Bacillus velezensis	FZB42_3	PACBIO_SMRT	Sequel II	517635665.0	61793.0	WGS	GENOMIC	SINGLE	Bacillus velezensis FZB42_3
SRR26051224	SRX21767592	SRS18873875	SRP270336	PRJNA764920	Pantoea agglomerans	AR8b	OXFORD_NANOPORE	MinION	4617940974.0	1126423.0	WGS	GENOMIC	SINGLE	Genomic sequence of Pantoea agglomerans AR8b: Nanopore reads
ERR4763086	ERX4636139	ERS5247976	ERP124695	PRJEB40976	Enterococcus faecalis		OXFORD_NANOPORE	GridION	312792269.0	28028.0	WGS	GENOMIC	SINGLE	GridION sequencing; Raw reads: 27688_1#67
SRR13617000	SRX10010255	SRS8179177	SRP304441	PRJNA699044	Saccharopolyspora erythraea	NRRL 23338	PACBIO_SMRT	Sequel	1101048926.0	123993.0	WGS	GENOMIC	SINGLE	WGS of Saccharopolyspora erythraea
SRR1618796	SRX738262	SRS726120	SRP049159	PRJNA244058	Burkholderia multivorans	DDS 15A-1	PACBIO_SMRT	PacBio RS	1716894174.0	1257896.0	WGS	GENOMIC	SINGLE	PacBio data for Burkholderia multivorans DDS 15A-1
SRR4124964	SRX2105565	SRS1666163	SRP040661	PRJNA231221	Streptococcus sp. FDAARGOS_256	FDAARGOS_256	PACBIO_SMRT	PacBio RS	679220241.0	163482.0	WGS	GENOMIC	SINGLE	
SRR873692	SRX290747	SRS431861	SRP023572	PRJNA176660	Vibrio parahaemolyticus 10290	10290	PACBIO_SMRT	PacBio RS	247002682.0	81741.0	WGS	GENOMIC	SINGLE	
DRR374801	DRX360702	DRS239699	DRP008531	PRJDB13504	Methylorubrum sp. GM97	GM97	PACBIO_SMRT	PacBio RS II	453486206.0	111451.0	WGS	GENOMIC	SINGLE	PacBio RS II sequencing of SAMD00469826
SRR34973724	SRX30093119	SRS26157813	SRP608514	PRJNA1305037	Klebsiella pneumoniae	MI_KPC_478	OXFORD_NANOPORE	PromethION	400276868.0	100093.0	WGS	GENOMIC	SINGLE	KPC CRE collection from state of Michigan
SRR17190657	SRX13372481	SRS7993615	SRP301012	PRJNA690894	Streptococcus mitis	S022-V7-A3	OXFORD_NANOPORE	MinION	238752790.0	57825.0	WGS	GENOMIC	SINGLE	Streptococcus mitis whole genome sequencing
SRR35513838	SRX30589526	SRS26617961	SRP620300	PRJNA1328464	Staphylococcus hominis	SHOMINIS	OXFORD_NANOPORE	GridION	233727708.0	54425.0	WGS	GENOMIC	SINGLE	Staphylococcus hominis, DBT kit, replicate 2, sequence replicate 2
SRR12163083	SRX8678574	SRS6957653	SRP270645	PRJNA632274	Nesterenkonia sandarakina	DSM 15664	PACBIO_SMRT	PacBio RS II	1101784329.0	327677.0	WGS	GENOMIC	SINGLE	Nesterenkonia sandarakina DSM 15664
SRR9668365	SRX6428945	SRS5084172	SRP040661	PRJNA231221	Bacillus thuringiensis	FDAARGOS_793	PACBIO_SMRT	PacBio RS	1637699291.0	163482.0	WGS	GENOMIC	SINGLE	
SRR23686054	SRX19548691	SRS4512915	SRP040281	PRJNA230403	Salmonella enterica	PNUSAS070846	OXFORD_NANOPORE	GridION	248568945.0	63082.0	WGS	GENOMIC	SINGLE	nanopore sequence of Salmonella enterica Enteriditis
ERR15602710	ERX15005934	ERS26882978	ERP180185	PRJEB97707	Escherichia coli		OXFORD_NANOPORE	MinION	307059026.0	43704.0	WGS	GENOMIC	SINGLE	MinION sequencing
SRR33768384	SRX28991092	SRS22397101	SRP444583	PRJNA962904	Escherichia coli		PACBIO_SMRT	Sequel II	220765648.0	11074.0	WGS	GENOMIC	SINGLE	PacBio sequencing of A149020HE1 for ARCH 2
ERR3382754	ERX3406850	ERS2444048	ERP011196	PRJEB10018	Klebsiella pneumoniae		PACBIO_SMRT	Sequel	782417042.0	182747.0	WGS	GENOMIC	SINGLE	Sequel sequencing
ERR15314066	ERX14720394	ERS25074406	ERP171936	PRJEB88880	Streptococcus pneumoniae		OXFORD_NANOPORE	MinION	89656986.0	69257.0	WGS	GENOMIC	SINGLE	Raw reads: Submission_SAMPLE_707
ERR13326624	ERX12697652	ERS20295573	ERP161282	PRJEB76791	Salmonella enterica subsp. enterica serovar Agona		OXFORD_NANOPORE	MinION	53346593.0	42583.0	WGS	GENOMIC	SINGLE	MinION sequencing
SRR27145193	SRX22826922	SRS19807646	SRP476599	PRJNA1050169	Citroniella saccharovorans	DSM 29873	OXFORD_NANOPORE	MinION	41820249.0	3833.0	WGS	GENOMIC	SINGLE	Nanopore MinION of C. saccharovorans
ERR972358	ERX1049335	ERS715425	ERP005928	PRJEB6403	Escherichia coli	NCTC11114	PACBIO_SMRT	PacBio RS	1556784821.0	163482.0	WGS	GENOMIC	SINGLE	PacBio RS sequencing
SRR17210300	SRX13390210	SRS11290157	SRP350362	PRJNA788148	Citrobacter freundii	B1s	OXFORD_NANOPORE	MinION	58895890.0	8414.0	WGS	GENOMIC	SINGLE	B1_r1_standard_13h
SRR21696657	SRX17694126	SRS14987075	SRP354045	PRJNA747871	Streptomyces anulatus	NBC 01576	OXFORD_NANOPORE	MinION	358557207.0	30486.0	WGS	GENOMIC	SINGLE	nanopore sequencing data from strain NBC_01576
ERR14720760	ERX14122185	ERS23803449	ERP170064	PRJEB86764	Proteus mirabilis		OXFORD_NANOPORE	MinION	1006976763.0	221060.0	WGS	GENOMIC	SINGLE	EXP-7-1-2025-03-12_11-40-52
SRR31599263	SRX26964420	SRS23434133	SRP549287	PRJNA1185485	Escherichia coli	385	OXFORD_NANOPORE	PromethION	292946500.0	45436.0	WGS	GENOMIC	SINGLE	pig-inf-barcode19
SRR27145112	SRX22826807	SRS19807590	SRP476597	PRJNA1050168	Klebsiella pneumoniae	not applicable	OXFORD_NANOPORE	GridION	1200002751.0	129939.0	WGS	GENOMIC	SINGLE	Nanopore-Seq of Klebsiella pneumonia outbreak samples
SRR35674104	SRX30725562	SRS26742265	SRP561673	PRJNA1219398	Pasteurella multocida	214197	OXFORD_NANOPORE	MinION	288384596.0	38264.0	WGS	GENOMIC	SINGLE	DNA-Seq of Pasteurella multocida 214197
SRR11461815	SRX8039133	SRS6411079	SRP254838	PRJNA615323	Streptomyces sp. S1D4-11	S1D4-11	OXFORD_NANOPORE	GridION	1314565538.0	180498.0	WGS	GENOMIC	SINGLE	GridIon whole genome sequencing of a Streptomyces from a forest soil
ERR15997232	ERX15392466	ERS28312885	ERP185857	PRJEB104599	Staphylococcus aureus		OXFORD_NANOPORE	MinION	697347900.0	1048671.0	WGS	GENOMIC	SINGLE	Raw reads: Staphylococcus aureus LFMFP strain 295
ERR12507129	ERX11883177	ERS17745138	ERP153004	PRJEB67993	Mycobacterium tuberculosis		OXFORD_NANOPORE	MinION			WGS	GENOMIC	SINGLE	MinION sequencing
DRR242207	DRX232007	DRS165250	DRP006773	PRJDB10450	Escherichia coli	Zam_UTH_25	OXFORD_NANOPORE	MinION	417233291.0	52133.0	WGS	GENOMIC	SINGLE	MinION sequencing of SAMD00243968
SRR26282616	SRX21991701	SRS5596861	SRP227831	PRJNA586859	Mycobacterium tuberculosis	6977	PACBIO_SMRT	Sequel II	93281676.0	10777.0	WGS	GENOMIC	SINGLE	TB6737
SRR13680618	SRX10070090	SRS8231704	SRP303037	PRJNA694442	Salmonella enterica		OXFORD_NANOPORE	GridION	348415283.0	48568.0	WGS	GENOMIC	SINGLE	Multiplex WGS of Salmonella enterica
SRR16775469	SRX12974688	SRS10915523	SRP215816	PRJNA470993	Staphylococcus aureus		PACBIO_SMRT	PacBio RS II	1555370088.0	190672.0	WGS	GENOMIC	SINGLE	WGS of Staphylococcus aureus
ERR11806625	ERX11204985	ERS16226709	ERP119900	PRJEB36683	Klebsiella pneumoniae 11227-1		OXFORD_NANOPORE	MinION	132444603.0	50914.0	WGS	GENOMIC	SINGLE	MinION sequencing; Raw reads: plasmid_ERR3891199
SRR21415844	SRX17420036	SRS12115012	SRP361569	PRJNA768416	Bacillus sp. FSL L8-0533	FSL L8-0533	OXFORD_NANOPORE	MinION	161154636.0	39598.0	WGS	GENOMIC	SINGLE	WGS of Bacilli
SRR10918446	SRX7585691	SRS6019352	SRP051949	PRJNA271899	Klebsiella pneumoniae	OC-CRE-9058	OXFORD_NANOPORE	GridION	1149085422.0	252955.0	WGS	GENOMIC	SINGLE	Sequencing of Carbapenem resistant bacteria
SRR28434432	SRX24038609	SRS20831699	SRP497546	PRJNA1091452	Staphylococcus aureus	SA67-PS	OXFORD_NANOPORE	MinION	379120373.0	111883.0	WGS	GENOMIC	SINGLE	ONT performance study sequencing of S. aureus
ERR13600681	ERX12971704	ERS15600232	ERP132614	PRJEB48268	Klebsiella pneumoniae		OXFORD_NANOPORE	GridION	2571322894.0	179680.0	WGS	GENOMIC	SINGLE	GridION sequencing
SRR30655753	SRX26075811	SRS22644052	SRP555365	PRJNA1206708	Escherichia coli	ATCC25922_Rep3	OXFORD_NANOPORE	GridION	2887740037.0	850160.0	WGS	GENOMIC	SINGLE	Nanopore reproducibility
ERR8282772	ERX7850203	ERS3033911	ERP112565	PRJEB30134	Escherichia coli	cpe041	OXFORD_NANOPORE	MinION	736456387.0	135723.0	WGS	GENOMIC	SINGLE	MinION sequencing
SRR24803999	SRX20576294	SRS17878452	SRP440807	PRJNA979037	Enterobacter hormaechei	GC26	OXFORD_NANOPORE	MinION	127318683.0	63254.0	WGS	GENOMIC	SINGLE	Enterobacter hormachei GC26 from wound infection
SRR11425858	SRX8004234	SRS6378187	SRP254068	PRJNA615288	Salmonella enterica subsp. enterica serovar Enteritidis	SE74	OXFORD_NANOPORE	MinION	144934002.0	12000.0	WGS	GENOMIC	SINGLE	MinION sequencing of Salmonella  Indiana: Human
SRR27201547	SRX22881457	SRS19853866	SRP477847	PRJNA1052100	Klebsiella pneumoniae	E19	OXFORD_NANOPORE	MinION	700225839.0	349783.0	WGS	GENOMIC	SINGLE	ONT R9.4.1 sequences of Klebsiella pneumoniae from clinical sources in Ghana
SRR27187014	SRX22867246	SRS18545577	SRP453959	PRJNA1003301	Escherichia coli		OXFORD_NANOPORE	MinION	1382210029.0	330183.0	WGS	GENOMIC	SINGLE	EC26_long-read
SRR17649153	SRX13817378	SRS3556766	SRP072679	PRJNA316969	Escherichia coli	UMB1346	OXFORD_NANOPORE	GridION	113187719.0	34989.0	WGS	GENOMIC	SINGLE	WGS of E. coli UMB1346
SRR19816780	SRX15860552	SRS12115348	SRP361569	PRJNA768416	Psychrobacillus sp. FSL W7-1493	FSL W7-1493	OXFORD_NANOPORE	MinION	575732041.0	203152.0	WGS	GENOMIC	SINGLE	WGS of Bacilli
SRR35158222	SRX30263378	SRS26314640	SRP613631	PRJNA1311546	Bacillus cereus	PS03220	OXFORD_NANOPORE	MinION	353642084.0	77205.0	WGS	GENOMIC	SINGLE	WGS of bacterial isolate: Food isolate
SRR24140267	SRX19938810	SRS17287519	SRP247747	PRJNA604975	Escherichia coli	ox_bsi_126	OXFORD_NANOPORE	GridION	162936154.0	64481.0	WGS	GENOMIC	SINGLE	oxford_bsi
SRR26135344	SRX21848636	SRS18945894	SRP462494	PRJNA1019784	Shigella sonnei	3.6.1.1.2	OXFORD_NANOPORE	GridION	458220197.0	443767.0	WGS	GENOMIC	SINGLE	WGS of Shigella in Vancouver, 2021-23
SRR14766816	SRX11100212	SRS9165105	SRP323385	PRJNA639797	Pseudomonas bananamidigenes		OXFORD_NANOPORE	MinION	61409405.0	8395.0	WGS	GENOMIC	SINGLE	Nanopore sequencing of isolate BW11P2
SRR14852543	SRX11171035	SRS9229056	SRP324476	PRJNA738868	Acinetobacter baumannii	DETAB-E125	OXFORD_NANOPORE	MinION	494011587.0	45061.0	WGS	GENOMIC	SINGLE	Nanopore WGS of A. baumannii DETAB-E124
ERR8007846	ERX7573515	ERS9899367	ERP131998	PRJEB47698	Klebsiella pneumoniae		OXFORD_NANOPORE	MinION	1222915139.0	228335.0	WGS	GENOMIC	SINGLE	MinION sequencing
SRR10740845	SRX7416441	SRS922820	SRP018785	PRJNA186035	Salmonella enterica subsp. enterica serovar Inverness	CFSAN029895	PACBIO_SMRT	Sequel	1253882857.0	172002.0	WGS	GENOMIC	SINGLE	Whole genome PacBio Sequel sequence of Salmonella enterica
SRR34585845	SRX29727094	SRS25834277	SRP601927	PRJNA1293459	Escherichia coli Nissle 1917	Nissle 1917	OXFORD_NANOPORE	MinION	2999060959.0	2248520.0	WGS	GENOMIC	SINGLE	de novo plasmid reads of EcN escape mutants (pEnt-933)
SRR5830103	SRX3007447	ERS1894610	SRP112337	PRJNA363759	Synechococcus sp. 7002	7002	PACBIO_SMRT	PacBio RS II	306552502.0	104184.0	WGS	GENOMIC	SINGLE	Synechococcus sp. 7002
SRR13289858	SRX9718888	SRS7252301	SRP278657	PRJNA658369	Klebsiella pneumoniae	ARLG-3239	OXFORD_NANOPORE	GridION	1511918314.0	235916.0	WGS	GENOMIC	SINGLE	ONT seq of K. pneumoniae
SRR27186997	SRX22867191	SRS19841364	SRP477592	PRJNA1051574	Escherichia coli	N2_072	OXFORD_NANOPORE	MinION	1461156364.0	164002.0	WGS	GENOMIC	SINGLE	whole genome sequencing of E. coli isolated from the chicken gut
SRR24140012	SRX19938393	SRS17287102	SRP247747	PRJNA604975	Escherichia coli	ox_bsi_291	OXFORD_NANOPORE	GridION	425846700.0	60938.0	WGS	GENOMIC	SINGLE	oxford_bsi
SRR2822405	SRX1385406	SRS1135197	SRP040661	PRJNA231221	Staphylococcus aureus	FDAARGOS_159	PACBIO_SMRT	PacBio RS	1169922198.0	163482.0	WGS	GENOMIC	SINGLE	
ERR10498822	ERX10016111	ERS14256197	ERP142629	PRJEB57633	Escherichia coli		OXFORD_NANOPORE	GridION	81943311.0	7918.0	WGS	GENOMIC	SINGLE	Raw reads: ONT_30602_2#146
SRR35310066	SRX30411936	SRS4715998	SRP194608	PRJNA538219	Amycolatopsis thermophila	DSM 45805	PACBIO_SMRT	Sequel II	453478262.0	55572.0	WGS	GENOMIC	SINGLE	Amycolatopsis thermophila DSM 45805
SRR32263282	SRX27600643	SRS24010609	SRP562144	PRJNA1220344	Enterococcus faecium	VR2	OXFORD_NANOPORE	MinION	519850344.0	346549.0	WGS	GENOMIC	SINGLE	DNA-Seq of Enterococcus faecium
SRR386569	SRX109954	SRS212340	SRP007237	PRJNA39375	Eubacterium sp. 3_1_31	3_1_31	PACBIO_SMRT	PacBio RS	58769116.0	81741.0	WGS	GENOMIC	SINGLE	Whole Genome Sequencing and Assembly
SRR20015595	SRX16056404	SRS13734924	SRP385240	PRJNA856473	Clostridioides difficile		OXFORD_NANOPORE	MinION	122930820.0	163687.0	WGS	GENOMIC	SINGLE	DNA-Seq of Clostridioides difficile from a patient
SRR26413081	SRX22118430	SRS16091026	SRP412517	PRJNA910977	Escherichia coli	P0317	PACBIO_SMRT	Sequel II	578977761.0	50247.0	WGS	GENOMIC	SINGLE	WGS of E. coli
DRR424563	DRX409760	DRS268345	DRP009349	PRJDB14907	Thermodesulfomicrobium sp. WS	WS	PACBIO_SMRT	Sequel II	218276406.0	27079.0	WGS	GENOMIC	SINGLE	Sequel II sequencing of SAMD00564984
SRR8991247	SRX5770320	SRS4704455	SRP040661	PRJNA231221	Paracoccus yeei	FDAARGOS_643	PACBIO_SMRT	PacBio RS	744608434.0	163482.0	WGS	GENOMIC	SINGLE	
DRR527924	DRX511802	DRS408247	DRP012069	PRJDB17094	Yersinia pseudotuberculosis	okayama_9524	OXFORD_NANOPORE	MinION	676265657.0	66969.0	WGS	GENOMIC	SINGLE	MinION sequencing of SAMD00729710
SRR14628248	SRX10968925	SRS8660047	SRP321015	PRJNA731114	Pseudomonas aeruginosa	PaLo240	OXFORD_NANOPORE	MinION	442270477.0	86581.0	WGS	GENOMIC	SINGLE	Nanopore sequencing of Pseudomonas aeruginosa isolates
SRR29675670	SRX25179092	SRS20798064	SRP496639	PRJNA1090044	Staphylococcus aureus	TUM22458	OXFORD_NANOPORE	MinION	546339081.0	324656.0	WGS	GENOMIC	SINGLE	WGS using ONT of Staphylococcus aureus TUM22458
DRR723540	DRX703561	DRS495691	DRP013760	PRJDB20694	Aggregatibacter actinomycetemcomitans	JCM 2434	PACBIO_SMRT	Revio	127535160.0	9536.0	WGS	GENOMIC	SINGLE	Revio sequencing of SAMD01611073
SRR12395334	SRX8893563	SRS7152585	SRP276100	PRJNA650381	Mycobacterium tuberculosis		OXFORD_NANOPORE	MinION	427863815.0	359900.0	WGS	GENOMIC	SINGLE	Nanopore TB WGS
ERR550509	ERX509578	ERS450000	ERP005928	PRJEB6403	Nocardia farcinica	NCTC11134	PACBIO_SMRT	PacBio RS	698104308.0	163482.0	WGS	GENOMIC	SINGLE	PacBio RS sequencing
ERR10676177	ERX10143941	ERS14333276	ERP143248	PRJEB58185	Campylobacter coli		OXFORD_NANOPORE	MinION	332946334.0	553067.0	WGS	GENOMIC	PAIRED	MinION paired end sequencing
ERR14150299	ERX13552957	ERS13616575	ERP141886	PRJEB56918	Enterococcus faecalis		OXFORD_NANOPORE	GridION	4385909336.0	372913.0	WGS	GENOMIC	SINGLE	Raw reads: 1000494
SRR7091777	SRX4020670	SRS3241744	SRP144297	PRJNA439742	Serratia ficaria	WS3237	PACBIO_SMRT	PacBio RS II	492578926.0	77099.0	WGS	GENOMIC	SINGLE	Serratia ficaria WS3237
SRR5891474	SRX3057242	SRS2403184	SRP114728	PRJNA396979	Acinetobacter baumannii	not applicable	OXFORD_NANOPORE	MinION	302160304.0	30504.0	WGS	GENOMIC	SINGLE	WGS of A. baumannii: wound infection
SRR31555774	SRX26921949	SRS23399004	SRP548427	PRJNA1192303	Shigella flexneri	2a	OXFORD_NANOPORE	GridION	482353496.0	169922.0	WGS	GENOMIC	SINGLE	WGS of Shigella sonnei 2021/2022
SRR34432500	SRX29593722	SRS25715875	SRP599272	PRJNA1288549	Citrobacter freundii	DP7	OXFORD_NANOPORE	MinION	1709534407.0	282863.0	WGS	GENOMIC	SINGLE	ONT sequencing of C. freundii DP7
SRR14757239	SRX11090762	SRS9156135	SRP323170	PRJNA732579	Staphylococcus aureus	333	PACBIO_SMRT	Sequel	846232122.0	169836.0	WGS	GENOMIC	SINGLE	WGS of Staphylococcus aureus: human skin
SRR29316510	SRX24833633	SRS21545464	SRP512379	PRJNA1121190	Vibrio cholerae	147Vc04	OXFORD_NANOPORE	PromethION	435028402.0	79129.0	WGS	GENOMIC	SINGLE	WGS of Vcholerae isolates
SRR12057835	SRX8586166	SRS6877661	SRP268087	PRJNA485816	Clostridium beijerinckii	DJ060	PACBIO_SMRT	PacBio RS II	950802587.0	332244.0	WGS	GENOMIC	SINGLE	Clostridium beijerinckii DJ060
ERR10498749	ERX10016038	ERS14256167	ERP142629	PRJEB57633	Escherichia coli		OXFORD_NANOPORE	GridION	81958025.0	14143.0	WGS	GENOMIC	SINGLE	Raw reads: ONT_30602_1#359
SRR31183287	SRX26565877	SRS23070837	SRP363755	PRJNA805196	Streptococcus equi subsp. equi	not applicable	OXFORD_NANOPORE	MinION	400734025.0	84090.0	WGS	GENOMIC	SINGLE	SEQUI-Horse-OK74078CY240205
ERR10109242	ERX9646423	ERS12773674	ERP139464	PRJEB54630	Escherichia coli		OXFORD_NANOPORE	MinION	2304042171.0	178351.0	WGS	GENOMIC	SINGLE	MinION sequencing; Raw reads: 21019054_long_reads
SRR901655	SRX306460	SRS445416	SRP026060	PRJNA203571	Mycobacteroides abscessus MAB_110811_1470	MAB_110811_1470	PACBIO_SMRT	PacBio RS	253427827.0	81741.0	WGS	GENOMIC	SINGLE	
SRR36797896	SRX31784452	SRS27747153	SRP661661	PRJNA1389824	Enterobacter ludwigii		OXFORD_NANOPORE	MinION	541950424.0	290524.0	WGS	GENOMIC	SINGLE	evolved microcosm clones
SRR12280425	SRX8784291	SRS7062619	SRP272861	PRJNA646575	Parabacteroides sp. BFG-489		OXFORD_NANOPORE	GridION	202894453.0	27386.0	WGS	GENOMIC	SINGLE	WGS  of Bacteroides fragilis group clinical isolates
SRR30990811	SRX26379100	SRS22890976	SRP538219	PRJNA1172271	Klebsiella pneumoniae	BG5178	OXFORD_NANOPORE	MinION	228503698.0	34727.0	WGS	GENOMIC	SINGLE	Multi-hospital outbreak of NDM-5 producing Klebsiella pneumoniae ST6260 in Bulgaria
SRR16775453	SRX12974703	SRS10915538	SRP215816	PRJNA470993	Staphylococcus aureus		PACBIO_SMRT	PacBio RS II	1393194731.0	173420.0	WGS	GENOMIC	SINGLE	WGS of Staphylococcus aureus
SRR8360550	SRX5171242	SRS2348823	SRP111687	PRJNA191698	Salmonella enterica subsp. enterica serovar Miami str. CFSAN000579	SGSC 2485	PACBIO_SMRT	PacBio RS II	969108875.0	163482.0	WGS	GENOMIC	SINGLE	Whole genome PacBio RS sequence of Salmonella enterica subsp. enterica serovar Miami
SRR31541027	SRX26907897	SRS23387356	SRP548173	PRJNA1190675	Escherichia coli	The same strain as the one under SRA accession SRR7456550	OXFORD_NANOPORE	MinION	527213499.0	176721.0	WGS	GENOMIC	SINGLE	ONT of TAS154
SRR5182101	SRX2498208	SRS1925061	SRP096895	PRJNA353873	Mycobacterium tuberculosis		PACBIO_SMRT	PacBio RS	164098884.0	163482.0	WGS	GENOMIC	SINGLE	DNA of Mtb
SRR22550176	SRX18513737	SRS15982775	SRP309589	PRJNA707214	Escherichia coli		OXFORD_NANOPORE	GridION	245748886.0	46038.0	WGS	GENOMIC	SINGLE	WGS of E.coli from human stool
SRR12971173	SRX9423589	SRS7638394	SRP290944	PRJNA674061	Salmonella enterica subsp. enterica serovar Heidelberg	missing	OXFORD_NANOPORE	MinION	252223146.0	47865.0	WGS	GENOMIC	SINGLE	Transconjugant Salmonella enterica serovar Heidelberg (DPI:3) (Group:Str) (ID:PG20180192)
SRR35214478	SRX30318295	SRS26365229	SRP616010	PRJNA834256	Bradyrhizobium japonicum	USDA 62	PACBIO_SMRT	Sequel II	355309193.0	33266.0	WGS	GENOMIC	SINGLE	Bradyrhizobium japonicum USDA 62
SRR21563394	SRX17565780	SRS14987441	SRP354045	PRJNA747871	Streptomyces decoyicus	NBC 01774	OXFORD_NANOPORE	MinION	248346727.0	158869.0	WGS	GENOMIC	SINGLE	nanopore sequencing data from strain NBC_01774
SRR12298365	SRX8801702	SRS6792205	SRP266402	PRJNA605147	Enterobacter asburiae	RHBSTW-00209	PACBIO_SMRT	PacBio RS II	1207914264.0	167046.0	WGS	GENOMIC	SINGLE	PACBIO_SMRT sequencing of Enterobacter cloacae isolate WTP3|T1-00209 cultured from WTP influent sample
SRR13575443	SRX9973419	SRS8145954	SRP303741	PRJNA695586	Streptococcus pyogenes	M4C20	OXFORD_NANOPORE	MinION	2833551.0	4000.0	WGS	GENOMIC	SINGLE	Whole genome sequence of Streptococcus pyogenes strain M4C20
SRR28995450	SRX24522818	SRS21270410	SRP507029	PRJNA1109834	Salmonella enterica subsp. enterica serovar Dublin	PSUSE00500	OXFORD_NANOPORE	MinION	123196951.0	52353.0	WGS	GENOMIC	SINGLE	Whole genome sequencing of Salmonella Dublin isolated from 2011 to 2022 in Pennsylvania, USA
SRR31174713	SRX26556707	SRS22519926	SRP530014	PRJNA1155606	Escherichia coli	BTF6T1	OXFORD_NANOPORE	PromethION	1198590906.0	352063.0	WGS	GENOMIC	SINGLE	Oxford nanopore sequencing of isolate BTF6T1
ERR1892109	ERX1952607	ERS1403230	ERP005928	PRJEB6403	Peptostreptococcus anaerobius	NCTC11460	PACBIO_SMRT	PacBio RS	1925164568.0	163482.0	WGS	GENOMIC	SINGLE	PacBio RS sequencing
SRR27678735	SRX23346014	SRS20207252	SRP485167	PRJNA960711	Fredinandcohnia sp. QZ13	QZ13	OXFORD_NANOPORE	MinION	120180754.0	91337.0	WGS	GENOMIC	SINGLE	WGS of Fredinandcohnia sp. QZ13: strain QZ13
SRR364904	SRX032455	SRS140104	SRP004712	PRJNA61297	Vibrio cholerae O1		PACBIO_SMRT	PacBio RS	33968956.0	60667.0	WGS	GENOMIC	SINGLE	Sequencing for C6 (Peru, 1991)
SRR17117387	SRX13301949	SRS11211593	SRP040661	PRJNA231221	Nocardia abscessus	FDAARGOS_1596	PACBIO_SMRT	Sequel	1287009998.0	152289.0	WGS	GENOMIC	SINGLE	
SRR11475548	SRX8051779	SRS6421939	SRP255136	PRJNA622270	Enterobacter sp. JUb54	RIT712	OXFORD_NANOPORE	GridION	1608074987.0	173809.0	WGS	GENOMIC	SINGLE	Raoultella ONT
SRR24918250	SRX20679008	SRS17875805	SRP338930	PRJNA766641	Mycobacterium tuberculosis	IDR 2100064982	OXFORD_NANOPORE	MinION	23462927.0	12936.0	WGS	GENOMIC	SINGLE	MinION sequencing of TB isolates
SRR17030679	SRX13220607	SRS11146169	SRP347685	PRJNA782308	Bradyrhizobium sp. C-145	C-145	OXFORD_NANOPORE	MinION	14174086.0	2857.0	WGS	GENOMIC	SINGLE	Nanopore WGS of Bradyrhizobium sp. C-145
SRR12298530	SRX8801537	SRS6792607	SRP266402	PRJNA605147	Escherichia coli	RHB42-C12	OXFORD_NANOPORE	GridION	1219171257.0	341664.0	WGS	GENOMIC	SINGLE	OXFORD_NANOPORE sequencing of Escherichia coli isolate RH12|T3-C12 cultured from Sheep faeces sample
SRR12644333	SRX9125854	SRS7368238	SRP282479	PRJNA663603	Sphingobacterium faecium		OXFORD_NANOPORE	MinION	1178454608.0	179300.0	WGS	GENOMIC	SINGLE	
SRR11061212	SRX7707104	SRS6130820	SRP248167	PRJNA546954	Pseudomonas donghuensis	HYS	PACBIO_SMRT	Sequel	2594206668.0	975871.0	WGS	GENOMIC	SINGLE	Pseudomonas donghuensis HYS
SRR21696640	SRX17694143	SRS14987396	SRP354045	PRJNA747871	Streptomyces microflavus	NBC_01595	OXFORD_NANOPORE	MinION	718814885.0	45982.0	WGS	GENOMIC	SINGLE	nanopore sequencing data from strain NBC_01595
SRR30463412	SRX25888548	SRS22459556	SRP515179	PRJNA1126331	Candidatus Elarobacter sp.		PACBIO_SMRT	Sequel II	3437850.0	1.0	WGS	GENOMIC	SINGLE	HiFi.Rittmann_complete.9770
ERR13355565	ERX12726497	ERS20364190	ERP111591	PRJEB29295	Listeria monocytogenes	clinical isolate of L. monocytogenes	OXFORD_NANOPORE	MinION	1283425628.0	178894.0	WGS	GENOMIC	SINGLE	MinION sequencing
SRR30896415	SRX26299606	SRS22828329	SRP536878	PRJNA1134622	Escherichia coli	OXEC-144	OXFORD_NANOPORE	MinION	521284600.0	148702.0	WGS	GENOMIC	SINGLE	OXEC-144
SRR33370081	SRX28613752	SRS18058561	SRP445695	PRJNA957587	Enterobacter hormaechei subsp. xiangfangensis	PEER 41	OXFORD_NANOPORE	MinION	895450842.0	800269.0	WGS	GENOMIC	SINGLE	Enterobacter cloacae complex genome Sequencing
ERR13600368	ERX12971391	SRS13154035	SRP376797	PRJNA835677	Klebsiella pneumoniae	Kpn301	OXFORD_NANOPORE	GridION	320270867.0	11923.0	WGS	GENOMIC	SINGLE	GridION sequencing
SRR11675957	SRX8236877	SRS6588009	SRP259751	PRJNA378768	Mycoplasmopsis bovis	NADC62	PACBIO_SMRT	PacBio RS II	874794460.0	163482.0	WGS	GENOMIC	SINGLE	Whole genome sequencing of Mycoplasma bovis strain NADC62
SRR32527888	SRX27839640	SRS24213956	SRP567071	PRJNA1230128	Salmonella enterica subsp. enterica serovar Enteritidis	22EPA051NSA_14	OXFORD_NANOPORE	MinION	134638185.0	37945.0	WGS	GENOMIC	SINGLE	nanopore sequence of Salmonella enterica
SRR28848656	SRX24410331	SRS21165649	SRP504944	PRJNA1106512	Pseudomonas aeruginosa	PA7078	OXFORD_NANOPORE	MinION	1495858564.0	215362.0	WGS	GENOMIC	SINGLE	Whole genome sequencing of Pseudomonas aeruginosa PA7078
ERR695648	ERX640129	ERS467556	ERP005355	PRJEB5919	Salmonella enterica subsp. enterica serovar Typhi		PACBIO_SMRT	PacBio RS	272158917.0	163482.0	WGS	GENOMIC	SINGLE	PacBio RS sequencing
SRR17210291	SRX13390219	SRS11290157	SRP350362	PRJNA788148	Citrobacter freundii	B1s	OXFORD_NANOPORE	MinION	59177446.0	8194.0	WGS	GENOMIC	SINGLE	B1_r2_standard_13h
ERR1681944	ERX1751561	ERS986339	ERP005928	PRJEB6403	Enterococcus gallinarum	NCTC12360	PACBIO_SMRT	PacBio RS	2930642664.0	163482.0	WGS	GENOMIC	SINGLE	PacBio RS sequencing
SRR6236059	SRX3344426	SRS2645243	SRP122968	PRJNA415417	Caulobacter sp. X	X	PACBIO_SMRT	PacBio RS II	674795972.0	163482.0	WGS	GENOMIC	SINGLE	Caulobacter sp. X raw reads and motif_summary
SRR30031163	SRX25506871	SRS22161501	SRP522949	PRJNA296733	Pseudomonas syringae ICMP 11292	ICMP 11292	OXFORD_NANOPORE	MinION	2479658921.0	439578.0	WGS	GENOMIC	SINGLE	Complete sequence of Pseudomonas syringae ICMP 11292
DRR540083	DRX523896	DRS371841	DRP011350	PRJDB17430	Escherichia coli	23-475	OXFORD_NANOPORE	MinION	38751913.0	13440.0	WGS	GENOMIC	SINGLE	MinION sequencing of SAMD00754415
DRR311312	DRX300732	DRS199459	DRP007572	PRJDB12066	Segatella bryantii	DSM 11371	OXFORD_NANOPORE	MinION	589867802.0	379456.0	WGS	GENOMIC	SINGLE	MinION sequencing of SAMD00394449
SRR34410447	SRX29574111	SRS25698337	SRP598841	PRJNA1287288	Escherichia coli	ECamp083	OXFORD_NANOPORE	MinION	236028723.0	36262.0	WGS	GENOMIC	SINGLE	R10.4.1 WGS of bacterial isolate for accuracy benchmarking
SRR26848018	SRX22543509	SRS19552997	SRP370291	PRJNA805198	Streptococcus equi subsp. zooepidemicus	not applicable	OXFORD_NANOPORE	GridION	120448920.0	40000.0	WGS	GENOMIC	SINGLE	SZOO-Horse-OK74078CY230069
SRR12709678	SRX9188565	SRS7424891	SRP285345	PRJNA662633	Photobacterium damselae subsp. piscicida	AS-16-0540-1	PACBIO_SMRT	PacBio RS II	1476009484.0	130908.0	WGS	GENOMIC	SINGLE	Ph. damselae ssp. piscicida QMA505 Pacbio long reads 0.12nm
SRR33895090	SRX29106763	SRS25313103	SRP590843	PRJNA1272507	Salmonella enterica	SAL-013	OXFORD_NANOPORE	GridION	584499459.0	111246.0	WGS	GENOMIC	SINGLE	ONT-WGS of Salmonella enterica
SRR28370676	SRX23975733	SRS20774113	SRP496022	PRJNA1087001	Klebsiella variicola	AJ292	OXFORD_NANOPORE	GridION	38434810.0	3924.0	WGS	GENOMIC	SINGLE	WGS of Klebsiella variicola isolate
SRR12298847	SRX8801730	SRS6792023	SRP266402	PRJNA605147	Escherichia coli	RHB25-C02	OXFORD_NANOPORE	GridION	2238414351.0	326795.0	WGS	GENOMIC	SINGLE	OXFORD_NANOPORE sequencing of Escherichia coli isolate RH08|T2-C02 cultured from Cattle faeces sample
SRR21696656	SRX17694127	SRS14987076	SRP354045	PRJNA747871	Streptomyces sp. NBC_01578	NBC_01578	OXFORD_NANOPORE	MinION	545168865.0	58886.0	WGS	GENOMIC	SINGLE	nanopore sequencing data from strain NBC_01578
ERR13600440	ERX12971463	ERS6631161	ERP109316	PRJEB27256	Klebsiella pneumoniae		OXFORD_NANOPORE	GridION	808488619.0	58354.0	WGS	GENOMIC	SINGLE	GridION sequencing
SRR30868077	SRX26265738	SRS22609599	SRP250705	PRJNA607328	Yarrowia lipolytica	FEB405	OXFORD_NANOPORE	MinION	2775138413.0	486127.0	WGS	GENOMIC	SINGLE	Yarrowia lipolytica FELIX_MS120 Nanopore reads
ERR10360392	ERX9892480	ERS13530687	ERP140717	PRJEB55793	Clostridium perfringens		OXFORD_NANOPORE	MinION	457830965.0	129904.0	WGS	GENOMIC	SINGLE	MinION sequencing
SRR25466968	SRX21199957	SRS18458349	SRP452337	PRJNA1000618	Escherichia coli	Escherichia coli BL21(DE3)	OXFORD_NANOPORE	MinION	5811067.0	4000.0	WGS	GENOMIC	SINGLE	CASTVK transposition with different condition
SRR36405007	SRX31432143	SRS15378647	SRP649163	PRJNA1230056	Corynebacterium diphtheriae	not applicable	OXFORD_NANOPORE	GridION	90234182.0	22854.0	WGS	GENOMIC	SINGLE	WGS of C. diphtheriae
SRR28350913	SRX23956252	SRS20464925	SRP489808	PRJNA1076669	Escherichia coli	K-12 MG1655	OXFORD_NANOPORE	PromethION	1028162088.0	100000.0	WGS	GENOMIC	SINGLE	Ecoli_WT_Rep2_4kHz_prom_kit09_v2
SRR14766791	SRX11100237	SRS9165121	SRP323385	PRJNA639797	Pseudomonas farsensis	SWRI107	OXFORD_NANOPORE	MinION	1024616298.0	177145.0	WGS	GENOMIC	SINGLE	Nanopore sequencing of isolate SWRI107
SRR12711930	SRX9190791	SRS7426798	SRP285370	PRJNA647647	Streptomyces mexicanus	Marseille-Q0842	OXFORD_NANOPORE	GridION	15410938.0	4000.0	WGS	GENOMIC	SINGLE	ONT of Streptomyces mexicanus : Marseille
SRR12298580	SRX8801487	SRS6792342	SRP266402	PRJNA605147	Citrobacter freundii	RHB16-C04	OXFORD_NANOPORE	GridION	272490464.0	70912.0	WGS	GENOMIC	SINGLE	OXFORD_NANOPORE sequencing of Citrobacter freundii isolate RH02|T2-C04 cultured from Pig faeces sample
SRR36706824	SRX31714242	SRS27683948	SRP660378	PRJNA1399394	Staphylococcus aureus	DSM 110565	OXFORD_NANOPORE	MinION	564077532.0	74257.0	WGS	GENOMIC	SINGLE	Long-read WGS library of Staphylococcus aureus DSM 110565 evolved under cephalosporin selection
SRR29777265	SRX25277131	SRS21961048	SRP519287	PRJNA1134122	Listeria monocytogenes	N22-1818	OXFORD_NANOPORE	MinION	623741553.0	80291.0	WGS	GENOMIC	SINGLE	Long read WGS of Listeria monocytogenes: isolate N22-1818
SRR18729771	SRX14829958	SRS12585901	SRP369762	PRJNA825705	Klebsiella pneumoniae	ST-37	OXFORD_NANOPORE	MinION	625249169.0	64199.0	WGS	GENOMIC	SINGLE	ONT sequencing of Klebsiella pneumoniae: sample KLPN-278
ERR14686249	ERX14087768	ERS23773388	ERP169826	PRJEB86481	Escherichia coli str. K-12 substr. MG1655	K-12	OXFORD_NANOPORE	MinION	180235562.0	85519.0	WGS	GENOMIC	SINGLE	MinION sequencing
SRR386157	SRX109854	SRS002809	SRP001771	PRJNA38519	Fusobacterium animalis 3_1_33	3_1_33	PACBIO_SMRT	PacBio RS	80520953.0	81741.0	WGS	GENOMIC	SINGLE	Whole Genome Sequencing and Assembly
SRR23648080	SRX19530419	SRS16091237	SRP412517	PRJNA910977	Escherichia coli	P1085	PACBIO_SMRT	Sequel	952837146.0	200630.0	WGS	GENOMIC	SINGLE	WGS of E. coli
SRR27972570	SRX23625883	SRS20475330	SRP489819	PRJNA1076692	Staphylococcus aureus	RIVM_M097170_dorado	OXFORD_NANOPORE	MinION	115731004.0	37690.0	WGS	GENOMIC	SINGLE	RIVM_M097170_dorado
SRR12047302	SRX8575885	SRS6867792	SRP040661	PRJNA231221	Stutzerimonas stutzeri	FDAARGOS_875	PACBIO_SMRT	PacBio RS	855981570.0	163482.0	WGS	GENOMIC	SINGLE	
DRR444170	DRX429272	DRS320097	DRP010419	PRJDB15300	Sphingobium sp. TomTYG45	TomTYG45	PACBIO_SMRT	Sequel II	1353553997.0	104295.0	WGS	GENOMIC	SINGLE	Sequel II sequencing of SAMD00581303
SRR21563538	SRX17565858	SRS14987300	SRP354045	PRJNA747871	Nocardia vinacea	NBC 01743	OXFORD_NANOPORE	MinION	1043200374.0	97098.0	WGS	GENOMIC	SINGLE	nanopore sequencing data from strain NBC_01743
SRR26950781	SRX22644425	SRS19641537	SRP474291	PRJNA1043871	Bacillus sp. PBL-C9	PBL-C9	OXFORD_NANOPORE	MinION	37420.0	14.0	WGS	GENOMIC	SINGLE	Bacillus sp. PBL-C9 Genome sequencing and assembly
SRR12395310	SRX8893587	SRS7152609	SRP276100	PRJNA650381	Mycobacterium tuberculosis		OXFORD_NANOPORE	MinION	1098023970.0	551324.0	WGS	GENOMIC	SINGLE	Nanopore TB WGS
ERR2262578	ERX2314304	ERS1932664	ERP005928	PRJEB6403	Burkholderia mallei	NCTC12938	PACBIO_SMRT	PacBio RS	1780574216.0	163482.0	WGS	GENOMIC	SINGLE	PacBio RS sequencing
ERR14721229	ERX14122654	ERS23791461	ERP170136	PRJEB86838	pig metagenome		OXFORD_NANOPORE	GridION	3030934559.0	973081.0	WGS	GENOMIC	SINGLE	Raw reads: DTU_2024_1037154_100_MG_G4_Grid_four_rep1
SRR13289857	SRX9718889	SRS7252299	SRP278657	PRJNA658369	Klebsiella pneumoniae	ARLG-3237	OXFORD_NANOPORE	GridION	2773613479.0	385458.0	WGS	GENOMIC	SINGLE	ONT seq of K. pneumoniae
SRR24918219	SRX20679039	SRS17875764	SRP338930	PRJNA766641	Mycobacterium tuberculosis	IDR 2200063530	OXFORD_NANOPORE	MinION	65496859.0	36709.0	WGS	GENOMIC	SINGLE	MinION sequencing of TB isolates
DRR493250	DRX477449	DRS205619	DRP007742	PRJDB10568	Serratia marcescens	E53	OXFORD_NANOPORE	MinION	877457809.0	87281.0	WGS	GENOMIC	SINGLE	MinION sequencing of SAMD00247303
SRR34573135	SRX29714822	SRS25823704	SRP601637	PRJNA1292907	Mycobacterium tuberculosis	not applicable	OXFORD_NANOPORE	MinION	608957342.0	791465.0	WGS	GENOMIC	SINGLE	Whole genome sequencing
SRR28434412	SRX24038629	SRS20831701	SRP497546	PRJNA1091452	Staphylococcus aureus	SA69-PS	OXFORD_NANOPORE	MinION	138447163.0	30000.0	WGS	GENOMIC	SINGLE	ONT performance study sequencing of S. aureus
ERR13194308	ERX12565173	ERS20185820	ERP160059	PRJEB75483	Pararhizobium sp. LjRoot235		OXFORD_NANOPORE	MinION	300551315.0	30991.0	WGS	GENOMIC	SINGLE	MinION sequencing
SRR10556156	SRX7237891	SRS5737482	SRP233738	PRJNA460400	Clostridium saccharobutylicum	DJ178	PACBIO_SMRT	PacBio RS II	29915253.0	19442.0	WGS	GENOMIC	SINGLE	Clostridium saccharobutylicum DJ178
ERR15004443	ERX14408418	ERS24538080	ERP172436	PRJEB89409	Enterococcus sp.		OXFORD_NANOPORE	GridION	1259015239.0	140540.0	WGS	GENOMIC	SINGLE	GridION sequencing
SRR27479407	SRX23150720	SRS20101286	SRP482875	PRJNA1037062	Bacillus toyonensis	PS03081	OXFORD_NANOPORE	MinION	363292494.0	115870.0	WGS	GENOMIC	SINGLE	WGS of bacterial isolate: Environmental isolate
SRR4449087	SRX2267557	SRS1758794	SRP092019	PRJNA344693	Vibrio vulnificus Env1	Env1	PACBIO_SMRT	PacBio RS II	443231192.0	54494.0	WGS	GENOMIC	SINGLE	Genome of Vibrio vulnificus Env1
DRR666902	DRX647004	DRS455866	DRP011191	PRJDB17504	Vibrio sabulosilitoris	MAO7	PACBIO_SMRT	Revio	249207289.0	31533.0	WGS	GENOMIC	SINGLE	Revio sequencing of SAMD00902755
SRR36920059	SRX31886236	SRS27841201	SRP665298	PRJNA1403646	Streptococcus gordonii	not applicable	OXFORD_NANOPORE	MinION	2463573.0	14494.0	WGS	GENOMIC	SINGLE	Long Reads for The Genomic Landscape of Head and Neck Cancer-associated Streptococci
ERR1681921	ERX1751538	ERS904729	ERP005928	PRJEB6403	Streptococcus pyogenes	NCTC8316	PACBIO_SMRT	PacBio RS	1846309736.0	163482.0	WGS	GENOMIC	SINGLE	PacBio RS sequencing
SRR23392514	SRX19330193	SRS16727134	SRP421832	PRJNA932719	Campylobacter jejuni		OXFORD_NANOPORE	MinION	220782815.0	11647.0	WGS	GENOMIC	SINGLE	Long-read WGS characterization of commensal Campylobacter jejuni and Campylobacter coli isolates from dairy cattle in Northern Spain
ERR4762165	ERX4635269	ERS5247785	ERP124695	PRJEB40976	Enterococcus faecalis		OXFORD_NANOPORE	GridION	1925059308.0	149816.0	WGS	GENOMIC	SINGLE	GridION sequencing; Raw reads: 26975_1#214
ERR10498678	ERX10015967	ERS14255806	ERP142629	PRJEB57633	Escherichia coli		OXFORD_NANOPORE	GridION	73645646.0	7908.0	WGS	GENOMIC	SINGLE	Raw reads: ONT_30602_1#232
SRR12280609	SRX8784515	SRS7053100	SRP272861	PRJNA646575	Bacteroides thetaiotaomicron		OXFORD_NANOPORE	GridION	279665911.0	19823.0	WGS	GENOMIC	SINGLE	WGS  of Bacteroides fragilis group clinical isolates
SRR12344008	SRX8843557	SRS7106614	SRP274107	PRJNA626345	Staphylococcus aureus	NAS_AN_157	OXFORD_NANOPORE	MinION	140027509.0	7514.0	WGS	GENOMIC	SINGLE	WGS Staphylococcus aureus among Native Americans in the  southwest US
ERR14720791	ERX14122216	ERS23803714	ERP170064	PRJEB86764	Serratia marcescens		OXFORD_NANOPORE	MinION	544026415.0	193053.0	WGS	GENOMIC	SINGLE	EXP-7-1-2025-03-12_12-11-28
SRR387282	SRX110081	SRS281279	SRP001087	PRJNA40075	Escherichia coli str. K-12 substr. MG1655	K-12	PACBIO_SMRT	PacBio RS	15555804.0	60667.0	WGS	GENOMIC	SINGLE	Whole Genome Sequencing and Assembly
DRR723591	DRX703612	DRS495736	DRP013760	PRJDB20694	Alkalimonas collagenimarina	JCM 14267	PACBIO_SMRT	Revio	122578099.0	7957.0	WGS	GENOMIC	SINGLE	Revio sequencing of SAMD01611118
SRR33906224	SRX29113705	SRS25319852	SRP590983	PRJNA1214554	Shewanella oneidensis	MR1	OXFORD_NANOPORE	MinION	327932991.0	49273.0	WGS	GENOMIC	SINGLE	WGS of Shewanella oneidensis WT after growth with temperature stress replicate 1
SRR31611455	SRX26976070	SRS23443691	SRP549287	PRJNA1185485	Escherichia coli	416	OXFORD_NANOPORE	PromethION	2357809149.0	475915.0	WGS	GENOMIC	SINGLE	pig-inf-barcode56
SRR21630243	SRX17630771	SRS11554391	SRP354045	PRJNA747871	Microbispora hainanensis	NBC_00196	OXFORD_NANOPORE	MinION	161796111.0	21900.0	WGS	GENOMIC	SINGLE	nanopore sequencing data from strain NBC_00196
DRR720272	DRX700293	DRS638998	DRP016811	PRJDB35784	Klebsiella pneumoniae	FUJA1256	OXFORD_NANOPORE	MinION	91178443.0	11180.0	WGS	GENOMIC	SINGLE	MinION sequencing of SAMD01601431
SRR34864065	SRX29995558	SRS26072154	SRP606522	PRJNA1301590	Lactococcus lactis	P1A6	OXFORD_NANOPORE	PromethION	1553226023.0	236996.0	WGS	GENOMIC	SINGLE	WGS of Lactococcus lactis strain P1A6: Probat505 starter culture
SRR21696234	SRX17694255	SRS14987055	SRP354045	PRJNA747871	Streptomyces sp. NBC_01546	NBC_01546	OXFORD_NANOPORE	MinION	654603629.0	119461.0	WGS	GENOMIC	SINGLE	nanopore sequencing data from strain NBC_01546
SRR35178738	SRX30283610	SRS26332668	SRP614097	PRJNA1293422	Proteus mirabilis	HUP24	OXFORD_NANOPORE	PromethION	188629234.0	72556.0	WGS	GENOMIC	SINGLE	Whole-genome sequencing of Proteus mirabilis
DRR420896	DRX406115	DRS265901	DRP009267	PRJDB10588	Ralstonia solanacearum	MAFF 241648	OXFORD_NANOPORE	MinION	551345613.0	131716.0	WGS	GENOMIC	SINGLE	MinION sequencing of SAMD00250062
ERR3550073	ERX3556677	ERS3722857	ERP117135	PRJEB34259	Escherichia coli		OXFORD_NANOPORE	MinION	434489295.0	65913.0	WGS	GENOMIC	SINGLE	MinION sequencing
SRR28811890	SRX24375263	SRS21131919	SRP504151	PRJNA1104797	Xanthomonas campestris pv. raphani	bglFP 6772	OXFORD_NANOPORE	PromethION	634234486.0	28157.0	WGS	GENOMIC	SINGLE	Genome sequencing of Xanthomonas campestris pv. raphani: strain bglFP 6772
SRR16525499	SRX12727986	SRS10336728	SRP357534	PRJNA801415	Citrobacter freundii	22	OXFORD_NANOPORE	GridION	2488849494.0	326960.0	WGS	GENOMIC	SINGLE	Extensive diversification and dissemination of blaNDM carbapenemase plasmids in Enterobacterales in Singapore 2010-2015
SRR25221961	SRX20968620	SRS18241454	SRP448345	PRJNA988043	Rickettsia rickettsii	Pine Mountain	PACBIO_SMRT	Sequel II	219498372.0	98077.0	WGS	GENOMIC	SINGLE	Whole genome sequencing of Rickettsia phillipi: Pine Mountain strain
ERR11040610	ERX10476455	ERS14796135	ERP145810	PRJEB60752	Escherichia coli		OXFORD_NANOPORE	MinION	622001328.0	84502.0	WGS	GENOMIC	SINGLE	Raw reads: J119_[Oxford_Nanopore]
SRR27179987	SRX22860489	SRS19835777	SRP477403	PRJNA1049513	Vibrio sp. PBL-C16	PBL-C16	OXFORD_NANOPORE	MinION	31139.0	11.0	WGS	GENOMIC	SINGLE	Vibrio sp. PBL-C16 Genome sequencing and assembly
DRR572378	DRX555845	DRS426406	DRP012251	PRJDB17574	Escherichia coli	YK-IS1MA-L10-3_G08	OXFORD_NANOPORE	MinION	3011559.0	411.0	WGS	GENOMIC	SINGLE	nanopore-seq of SAMD00748223 L10-3_G8
SRR34323114	SRX29488799	SRS25631195	SRP494488	PRJNA1085078	Mycobacterium tuberculosis subsp. tuberculosis	ITM-2003-01539	OXFORD_NANOPORE	MinION	703997444.0	240426.0	WGS	GENOMIC	SINGLE	ONS-MtbC-NTU
ERR2125749	ERX2182601	ERS1545391	ERP005928	PRJEB6403	Klebsiella aerogenes	NCTC9735	PACBIO_SMRT	PacBio RS	620150895.0	163482.0	WGS	GENOMIC	SINGLE	PacBio RS sequencing
SRR31598705	SRX26963781	SRS23433494	SRP549287	PRJNA1185485	Escherichia coli	764	OXFORD_NANOPORE	PromethION	1197065154.0	340385.0	WGS	GENOMIC	SINGLE	W68-barcode69
SRR23384646	SRX19323015	SRS16721112	SRP421698	PRJNA924056	Klebsiella pneumoniae	CPO106	OXFORD_NANOPORE	MinION	79664206.0	24853.0	WGS	GENOMIC	SINGLE	WGS of bacterial isolate possessing blaIMP-4 carbapenemase
ERR8007814	ERX7573483	ERS9899389	ERP131998	PRJEB47698	Escherichia coli		OXFORD_NANOPORE	MinION	287990426.0	47557.0	WGS	GENOMIC	SINGLE	MinION sequencing
SRR28445674	SRX24049227	SRS20840578	SRP497734	PRJNA1077798	Alteromonas gracilis	J4	OXFORD_NANOPORE	MinION	5209649.0	773.0	WGS	GENOMIC	SINGLE	Alteromonas gracilis strain J4, whole genome Nanopore Sequencing
SRR27973000	SRX23626165	SRS20465519	SRP489819	PRJNA1076692	Escherichia coli	RIVM_C059284_rerio	OXFORD_NANOPORE	MinION	62437575.0	20447.0	WGS	GENOMIC	SINGLE	RIVM_C059284_rerio
SRR6786649	SRX3746073	SRS3002487	SRP133392	PRJNA433676	Enterococcus faecium		PACBIO_SMRT	PacBio RS II	839481885.0	163482.0	WGS	GENOMIC	SINGLE	Cross-sectional study of vancomycin-resistant Enterococcus faecium in Victoria, Australia (Nov-Dec.2015).
ERR12328528	ERX11705332	ERS17177517	ERP155552	PRJEB70626	Mycobacterium tuberculosis		OXFORD_NANOPORE	MinION	98038241.0	54327.0	WGS	GENOMIC	SINGLE	MinION sequencing
ERR10491007	ERX10010318	ERS7104625	ERP109413	PRJEB27342	Klebsiella pneumoniae		PACBIO_SMRT	Sequel II	6508623032.0	1258192.0	WGS	GENOMIC	SINGLE	Sequel II sequencing
SRR25298661	SRX21042254	SRS18314171	SRP449771	PRJNA970521	Xanthomonas rydalmerensis	DAR34882	OXFORD_NANOPORE	PromethION	191052377.0	17072.0	WGS	GENOMIC	SINGLE	Long read sequencing of Xanthomonas rydalmerensis
ERR4762163	ERX4635267	ERS5247782	ERP124695	PRJEB40976	Enterococcus faecalis		OXFORD_NANOPORE	GridION	933652219.0	50395.0	WGS	GENOMIC	SINGLE	GridION sequencing; Raw reads: 26975_1#194
SRR35160116	SRX30265269	SRS26316168	SRP613362	PRJNA1311315	Yersinia pestis	115_37C	OXFORD_NANOPORE	PromethION	1524226319.0	731762.0	WGS	GENOMIC	SINGLE	WGS of Y. pestis 115 (37C)
SRR24138853	SRX19937379	SRS17286130	SRP432102	PRJNA954566	Vibrio cholerae	CMR/2022/NS32	OXFORD_NANOPORE	MinION	2096800074.0	374709.0	WGS	GENOMIC	SINGLE	Oxford Nanopore sequencing of Vibrio cholerae
SRR32250964	SRX27588897	SRS20831705	SRP497546	PRJNA1091452	Klebsiella pneumoniae	KP01-PS	OXFORD_NANOPORE	MinION	825419691.0	114732.0	WGS	GENOMIC	SINGLE	native ONT data from Klebsiella pneumoniae
SRR34531088	SRX29674572	SRS25787678	SRP600654	PRJNA1289023	Citrobacter amalonaticus	-	OXFORD_NANOPORE	MinION	443648451.0	100051.0	WGS	GENOMIC	SINGLE	WGS of enterobacterial clinical strains carrying IncQ2::blaGES plasmid
SRR13957708	SRX10335969	SRS8455513	SRP300861	PRJNA663900	Enterococcus sp. DIV2163	DIV2163	OXFORD_NANOPORE	GridION	925819390.0	262389.0	WGS	GENOMIC	SINGLE	sequencing of enterococcal diversity
SRR32655872	SRX27959916	SRS24326298	SRP569671	PRJNA912210	Synechococcus sp. MIT S9504	MIT S9504	PACBIO_SMRT	Sequel	65355462.0	8780.0	WGS	GENOMIC	SINGLE	PacBio HiFi data of Synechococcus sp. MIT S9504
SRR9160377	SRX5933456	SRS4846656	SRP040661	PRJNA231221	Escherichia coli	FDAARGOS_608	PACBIO_SMRT	PacBio RS	363060967.0	163482.0	WGS	GENOMIC	SINGLE	
SRR33650865	SRX28878034	SRS25104725	SRP586742	PRJNA1260739	Neorhizobium sp. IRS_2294	IRS_2294	OXFORD_NANOPORE	MinION	507760595.0	65580.0	WGS	GENOMIC	SINGLE	WGS of Neorhizobium isolate
SRR12161316	SRX8676821	SRS6955915	SRP270470	PRJNA616590	Streptomyces murinus	DSM 41827	PACBIO_SMRT	PacBio RS II	2808431246.0	510982.0	WGS	GENOMIC	SINGLE	Streptomyces costaricanus DSM 41827
SRR11146889	SRX7783029	SRS6199700	SRP246080	PRJNA603908	Escherichia coli	p11A	OXFORD_NANOPORE	GridION	2860941845.0	204563.0	WGS	GENOMIC	SINGLE	ONT-seq of E. coli:p11A
SRR26624651	SRX22325270	SRS19347233	SRP469384	PRJNA1034027	Enterobacter hormaechei	19Y000373	OXFORD_NANOPORE	MinION	2060530685.0	625673.0	WGS	GENOMIC	SINGLE	Nanopore of CAUTI Species: NUH
SRR24140327	SRX19938750	SRS17287459	SRP247747	PRJNA604975	Escherichia coli	ox_bsi_73	OXFORD_NANOPORE	GridION	182884440.0	58379.0	WGS	GENOMIC	SINGLE	oxford_bsi
SRR4164072	SRX2136288	ERS1460859	SRP086195	PRJNA303548	Micromonospora chersina	DSM 44151	PACBIO_SMRT	PacBio RS	1146575510.0	393206.0	WGS	GENOMIC	SINGLE	Micromonospora chersina DSM 44151
ERR10676144	ERX10143908	ERS14333243	ERP143248	PRJEB58185	Campylobacter coli		OXFORD_NANOPORE	MinION	282940602.0	470001.0	WGS	GENOMIC	PAIRED	MinION paired end sequencing
SRR36232071	SRX31267465	SRS27245389	SRP649801	PRJNA1371017	Acetivibrio thermocellus	LL1711 with tsac_2486 gene	OXFORD_NANOPORE	PromethION	857245489.0	157921.0	WGS	GENOMIC	SINGLE	Sequencing of strain LL711 expressing tsac_2486 gene
SRR16962403	SRX13153879	SRS11085857	SRP346490	PRJNA779451	Pseudomonas atacamensis	B21-026	PACBIO_SMRT	Sequel	1222221156.0	318410.0	WGS	GENOMIC	SINGLE	B21-026 PacBio sequencing reads
SRR35556719	SRX30631341	SRS19727711	SRP150360	PRJNA475751	Escherichia coli	EC01310	OXFORD_NANOPORE	MinION	497907019.0	103168.0	WGS	GENOMIC	SINGLE	WGS Sequencing of Escherichia coli
SRR24807271	SRX20579474	SRS17881463	SRP338930	PRJNA766641	Mycobacterium tuberculosis	IDR 2100081262	OXFORD_NANOPORE	MinION	30519530.0	19204.0	WGS	GENOMIC	SINGLE	MinION sequencing of TB isolates
SRR14827090	SRX11156711	SRS9218216	SRP324226	PRJNA556321	Brevibacillus brevis	HK544	PACBIO_SMRT	PacBio RS II	1060028065.0	122045.0	WGS	GENOMIC	SINGLE	Brevibacillus brevis strain HK544
SRR10666963	SRX7345876	SRS5805517	SRP230855	PRJNA589910	Phocaeicola dorei	JR01	OXFORD_NANOPORE	GridION	5556409944.0	397455.0	WGS	GENOMIC	SINGLE	JR01_Nanopore_fastq
SRR32194458	SRX27535924	SRS23952419	SRP560996	PRJNA1218017	Bacteroides thetaiotaomicron	vpi-5482	OXFORD_NANOPORE	MinION	187755760.0	46892.0	WGS	GENOMIC	SINGLE	WGS of Bacteroides thetatiotaomicron grown on different carbon sources
SRR32470875	SRX27785231	SRS24163252	SRP565996	PRJNA1177815	Enterococcus faecium	2013-3776	OXFORD_NANOPORE	MinION	146246795.0	38237.0	WGS	GENOMIC	SINGLE	WGS of Enterococcus faecium: Ionophore-resisistance in broiler isolates
SRR33768919	SRX28991160	SRS22456124	SRP444583	PRJNA962904	Klebsiella pneumoniae		PACBIO_SMRT	Sequel II	699043863.0	31561.0	WGS	GENOMIC	SINGLE	PacBio sequencing of AH0686HE2 for ARCH 2
SRR13501347	SRX9913174	SRS8091056	SRP302787	PRJNA693599	Enterobacter hormaechei	CPO019	OXFORD_NANOPORE	MinION	1025333113.0	88662.0	WGS	GENOMIC	SINGLE	CPO019_nanopore
SRR9008287	SRX5786498	SRS4718808	SRP194968	PRJNA538386	Barrientosiimonas humi	DSM 24617	PACBIO_SMRT	Sequel	735066154.0	283773.0	WGS	GENOMIC	SINGLE	Barrientosiimonas humi DSM 24617
ERR6536205	ERX6163028	ERS3927640	ERP023216	PRJEB20997	Salmonella enterica		PACBIO_SMRT	Sequel II	851459868.0	200714.0	WGS	GENOMIC	SINGLE	Sequel II sequencing
SRR13708355	SRX10097320	SRS8254644	SRP306354	PRJNA701733	Escherichia coli	S-170425-2	PACBIO_SMRT	Sequel	1363392664.0	305544.0	WGS	GENOMIC	SINGLE	PacBio WGS of blaNDM-1 harboring Escherichia coli from sewage
SRR29213741	SRX24733371	SRS19899698	SRP478634	PRJNA1054115	Klebsiella pneumoniae	KPB51	OXFORD_NANOPORE	GridION	354009521.0	84063.0	WGS	GENOMIC	SINGLE	Long reads sequencing of invasive Klebsiella pneumoniae
ERR13577325	ERX12947228	ERS20900510	ERP161852	PRJEB77420	Klebsiella pneumoniae		OXFORD_NANOPORE	MinION	99736425.0	8989.0	WGS	GENOMIC	SINGLE	Raw reads: Long reads sequencing of P19-39090 isolate
SRR36362112	SRX31391177	SRS27376263	SRP653402	PRJNA1377585	Phocaeicola vulgatus	NCTC 11154	OXFORD_NANOPORE	MinION	1003292772.0	603416.0	WGS	GENOMIC	SINGLE	Multiplexed WGS of defined gDNA (Phocaeicola vulgatus): comparison of standard and PLP protocol, standard used here
SRR35281921	SRX30384028	SRS26424146	SRP618029	PRJNA1321121	Streptococcus uberis	1122648	OXFORD_NANOPORE	MinION	1223284361.0	280066.0	WGS	GENOMIC	SINGLE	WGS of Streptoccocus uberis islated from cows with mastitis
SRR35396766	SRX30479489	SRS26512558	SRP620287	PRJNA1328436	Escherichia coli	19AR0646	OXFORD_NANOPORE	GridION	378946243.0	22604.0	WGS	GENOMIC	SINGLE	Escherichia coli strain 19AR0646
SRR386499	SRX109804	SRS212337	SRP007233	PRJNA64879	Fusobacterium animalis F0419	OT 420	PACBIO_SMRT	PacBio RS	51168011.0	81741.0	WGS	GENOMIC	SINGLE	Whole Genome Sequencing and Assembly
DRR546380	DRX530152	DRS410267	DRP012097	PRJDB15501	Staphylococcus aureus	28057-19-S005	OXFORD_NANOPORE	GridION	152898398.0	10940.0	WGS	GENOMIC	SINGLE	GridION sequencing of SAMD00591139
SRR11060656	SRX7706548	SRS6130308	SRP248125	PRJNA546929	Clostridium beijerinckii	DJ284	PACBIO_SMRT	Sequel	2161299385.0	776317.0	WGS	GENOMIC	SINGLE	Clostridium beijerinckii DJ284
SRR16925186	SRX13117416	SRS11052374	SRP345712	PRJNA779856	Lacticaseibacillus paracasei		PACBIO_SMRT	Sequel	1523151268.0	158155.0	WGS	GENOMIC	SINGLE	DNA methylation-guided metabolism
ERR1341765	ERX1413343	ERS1093623	ERP014688	PRJEB13149	Bordetella holmesii		PACBIO_SMRT	PacBio RS	199390827.0	81741.0	WGS	GENOMIC	SINGLE	PacBio RS sequencing
SRR5221030	SRX2530868	SRS1951757	SRP093756	PRJNA352974	Burkholderia pseudomallei	2008724758	PACBIO_SMRT	PacBio RS II	2067961148.0	163482.0	WGS	GENOMIC	SINGLE	
SRR29932319	SRX25426011	SRS22086484	SRP521720	PRJNA1130504	Staphylococcus chromogenes	pending	OXFORD_NANOPORE	GridION	68923038.0	12295.0	WGS	GENOMIC	SINGLE	WGS of Staphylococcus chromogenes: bovine quarter milk intramammary infection
SRR35129486	SRX30236957	SRS21087448	SRP503191	PRJNA1102395	Enterobacter hormaechei	18AR0094	OXFORD_NANOPORE	GridION	266534467.0	20416.0	WGS	GENOMIC	SINGLE	Enterobacter cloacae complex strain 18AR0094
SRR32250912	SRX27588949	SRS23999697	SRP497546	PRJNA1091452	Staphylococcus simulans	SA70-PS	OXFORD_NANOPORE	MinION	669941986.0	100401.0	WGS	GENOMIC	SINGLE	native ONT data from Staphylococcus aureus
SRR28434404	SRX24038637	SRS20831702	SRP497546	PRJNA1091452	Staphylococcus aureus	SA71-PS	OXFORD_NANOPORE	MinION	128433901.0	30000.0	WGS	GENOMIC	SINGLE	ONT performance study sequencing of S. aureus
SRR13386180	SRX9805249	SRS7989324	SRP300861	PRJNA663900	Enterococcus sp. DIV2399	DIV2399	OXFORD_NANOPORE	GridION	1299079169.0	139580.0	WGS	GENOMIC	SINGLE	Zoo 3 Enterococcus Diversity Genome sequencing and assembly
SRR31976273	SRX27331404	SRS23506606	SRP074197	PRJNA288601	Escherichia coli	2024HL-01346	OXFORD_NANOPORE	MinION	297339669.0	21568.0	WGS	GENOMIC	SINGLE	Long read sequencing of carbapenemase producing organisms
SRR21362384	SRX17368069	SRS12114992	SRP361569	PRJNA768416	Paenibacillus sp. FSL F4-0122	FSL F4-0122	OXFORD_NANOPORE	MinION	288274792.0	59761.0	WGS	GENOMIC	SINGLE	WGS of Bacilli
SRR5851810	SRX3021403	SRS1832485	SRP094480	PRJNA279196	Bordetella pertussis	I752	PACBIO_SMRT	PacBio RS II	902535595.0	163482.0	WGS	GENOMIC	SINGLE	
SRR1185292	SRX482658	SRS420822	SRP022664	PRJNA202025	Klebsiella pneumoniae BIDMC 18C	BIDMC 18C	PACBIO_SMRT	PacBio RS	392961733.0	81741.0	WGS	GENOMIC	SINGLE	Pacbio whole genome shotgun sequencing of genomic DNA library 'PACBIO-470' containing sample 'Klebsiella pneumoniae BIDMC 18C'
ERR3307080	ERX3333088	ERS3383076	ERP114522	PRJEB31907	Citrobacter werkmanii		OXFORD_NANOPORE	MinION	473081657.0	75085.0	WGS	GENOMIC	SINGLE	MinION sequencing
SRR29842444	SRX25340307	SRS1975874	SRP391102	PRJNA867733	Enterobacter hormaechei	NR2329	OXFORD_NANOPORE	PromethION	12518974263.0	1183123.0	WGS	GENOMIC	SINGLE	DNA-Seq of Enterobacter cloacae cpx: Clinical isolate
SRR5181871	SRX2497980	SRS1924832	SRP096895	PRJNA353873	Mycobacterium tuberculosis		PACBIO_SMRT	PacBio RS	220321258.0	163482.0	WGS	GENOMIC	SINGLE	DNA of Mtb
SRR32204160	SRX27545651	SRS23960614	SRP561120	PRJNA1214876	Ekhidna algicida	To15	OXFORD_NANOPORE	MinION	27289181.0	4000.0	WGS	GENOMIC	SINGLE	Ekhidna algicida strain To15 genome
DRR307107	DRX296541	DRS194069	DRP007467	PRJDB11902	Porphyromonas somerae	CE91-St14	PACBIO_SMRT	Sequel	283683072.0	20739.0	WGS	GENOMIC	SINGLE	Sequel sequencing of SAMD00389853
SRR32808918	SRX28092750	SRS24450135	SRP572218	PRJNA1240278	Klebsiella pneumoniae	KP6	OXFORD_NANOPORE	GridION	1290910658.0	547284.0	WGS	GENOMIC	SINGLE	WGS of Klebsiella pneumoniae
SRR28120443	SRX23765318	SRS20590814	SRP492033	PRJNA1080086	Pseudomonas chlororaphis subsp. chlororaphis	ATCC 9446	OXFORD_NANOPORE	MinION	952170392.0	171186.0	WGS	GENOMIC	SINGLE	Nanopore sequencing of Pseudomonas chlororaphis subsp. chlororaphis ancsetor
SRR12933779	SRX9397539	SRS7616253	SRP040661	PRJNA231221	Staphylococcus epidermidis	FDAARGOS_1083	PACBIO_SMRT	Sequel	3659754155.0	583500.0	WGS	GENOMIC	SINGLE	
SRR33123825	SRX28387202	SRS24711129	SRP578427	PRJNA1244367	Bacillus cereus ATCC 14579	ATCC 14579	OXFORD_NANOPORE	GridION	430155048.0	100826.0	WGS	GENOMIC	SINGLE	WGS of Bacillus cereus Strain ATCC14605
SRR34443666	SRX29604251	SRS25725657	SRP599596	PRJNA1289084	Escherichia coli	17-19	OXFORD_NANOPORE	GridION	2142312763.0	408853.0	WGS	GENOMIC	SINGLE	Ecoli_17-19
SRR386327	SRX109868	SRS212329	SRP007226	PRJNA64815	Bacteroides fragilis CL05T00C42	CL05T00C42	PACBIO_SMRT	PacBio RS	69010946.0	81741.0	WGS	GENOMIC	SINGLE	Whole Genome Sequencing and Assembly
SRR8359174	SRX5169926	SRS3733160	SRP018785	PRJNA186035	Salmonella enterica subsp. enterica serovar Newport	SAP18-8729	PACBIO_SMRT	PacBio RS II	485888947.0	163482.0	WGS	GENOMIC	SINGLE	Whole genome PacBio RS sequence of Salmonella enterica subsp. enterica serovar Newport
SRR32528064	SRX27839464	SRS24213890	SRP567071	PRJNA1230128	Salmonella enterica subsp. enterica serovar Anatum	22EPA055NSA_9	OXFORD_NANOPORE	MinION	428298938.0	182967.0	WGS	GENOMIC	SINGLE	nanopore sequence of Salmonella enterica
ERR14330018	ERX13731114	ERS23193185	ERP169026	PRJEB85647	Escherichia coli		OXFORD_NANOPORE	MinION	111221553.0	22367.0	WGS	GENOMIC	SINGLE	E_coli_27June24
DRR242187	DRX231987	DRS165230	DRP006773	PRJDB10450	Klebsiella pneumoniae	Zam_UTH_02	OXFORD_NANOPORE	MinION	150296571.0	19315.0	WGS	GENOMIC	SINGLE	MinION sequencing of SAMD00243948
ERR15665843	ERX15070422	ERS179762	ERP001784	PRJEB3255	Salmonella enterica subsp. enterica serovar Typhimurium	M22	OXFORD_NANOPORE	MinION	1440016276.0	115096.0	WGS	GENOMIC	SINGLE	MinION sequencing
ERR910529	ERX989784	ERS670337	ERP005928	PRJEB6403	Klebsiella pneumoniae	NCTC11689	PACBIO_SMRT	PacBio RS	1291215924.0	163482.0	WGS	GENOMIC	SINGLE	PacBio RS sequencing
ERR10499189	ERX10016475	ERS14255679	ERP142629	PRJEB57633	Escherichia coli		OXFORD_NANOPORE	GridION	57765685.0	7678.0	WGS	GENOMIC	SINGLE	Raw reads: ONT_30859_5#28
SRR386406	SRX109883	SRS212335	SRP007231	PRJNA49881	Scardovia wiggsiae F0424	F0424	PACBIO_SMRT	PacBio RS	114410067.0	81741.0	WGS	GENOMIC	SINGLE	Whole Genome Sequencing and Assembly
SRR30896383	SRX26299638	SRS22828360	SRP536878	PRJNA1134622	Escherichia coli	OXEC-281	OXFORD_NANOPORE	MinION	776293653.0	316985.0	WGS	GENOMIC	SINGLE	OXEC-281
SRR12794013	SRX9263111	SRS7492709	SRP190319	PRJNA284866	Treponema sp. OMZ 857	OMZ 857	OXFORD_NANOPORE	MinION	202143674.0	22939.0	WGS	GENOMIC	SINGLE	Treponema sp. OMZ 857 35K2
ERR14707617	ERX14109051	ERS23781840	ERP159765	PRJEB75178	Escherichia coli		OXFORD_NANOPORE	MinION	750958554.0	55977.0	WGS	GENOMIC	SINGLE	MinION sequencing
SRR13380328	SRX9803242	SRS7987526	SRP300808	PRJNA649533	Salmonella enterica		OXFORD_NANOPORE	GridION	1179867983.0	258714.0	WGS	GENOMIC	SINGLE	ISF salmonella
SRR28402964	SRX24007518	SRS20803732	SRP496844	PRJNA1090259	Staphylococcus aureus	Dorm_B	OXFORD_NANOPORE	GridION	542675813.0	78712.0	WGS	GENOMIC	SINGLE	WGS of MRSA
ERR2237791	ERX2289958	ERS1826242	ERP005928	PRJEB6403	Yokenella regensburgei	NCTC11968	PACBIO_SMRT	PacBio RS	722887028.0	163482.0	WGS	GENOMIC	SINGLE	PacBio RS sequencing
SRR23365110	SRX19306176	SRS16705520	SRP421404	PRJNA932460	Pseudomonas chlororaphis	NCCB 820532	OXFORD_NANOPORE	GridION	346857571.0	81057.0	WGS	GENOMIC	SINGLE	WGS of Pseudomonas chlororaphis
SRR27186992	SRX22867196	SRS19841369	SRP477592	PRJNA1051574	Escherichia coli	N3_119	OXFORD_NANOPORE	MinION	2491217769.0	374810.0	WGS	GENOMIC	SINGLE	whole genome sequencing of E. coli isolated from the chicken gut
DRR671264	DRX651366	DRS468876	DRP013137	PRJDB19306	Neomoorella thermoacetica		PACBIO_SMRT	PacBio RS II	1407197834.0	172149.0	WGS	GENOMIC	SINGLE	PacBio RS II sinlge-end Sequencing of KAS22021893 (KAE22230410)
ERR12448437	ERX11824859	ERS17728770	ERP156572	PRJEB71788	Listeria monocytogenes		OXFORD_NANOPORE	GridION	327089582.0	28010.0	WGS	GENOMIC	SINGLE	Raw reads: ListPred_2_CAN
DRR393668	DRX379487	DRS297000	DRP007849	PRJDB10842	Escherichia coli	JBBDAFG-19-0102	OXFORD_NANOPORE	GridION	1136889675.0	392317.0	WGS	GENOMIC	SINGLE	GridION sequencing of SAMD00498874
DRR293660	DRX283110	DRS178678	DRP004189	PRJDB5929	Escherichia coli	C595	OXFORD_NANOPORE	GridION	1314586912.0	200545.0	WGS	GENOMIC	SINGLE	GridION sequencing of SAMD00138096
SRR34858041	SRX29989742	SRS26066648	SRP428444	PRJNA940483	Pseudomonas fluorescens	SAR266	OXFORD_NANOPORE	GridION	806076797.0	158743.0	WGS	GENOMIC	SINGLE	sequencing reads from Pseudomonas fluorescens SAR266
SRR35213262	SRX30317096	SRS26364031	SRP615992	PRJNA1301220	Acinetobacter baumannii	ABO22-H017	OXFORD_NANOPORE	MinION	161628201.0	68639.0	WGS	GENOMIC	SINGLE	Whole geneme sequencing of Acinetobacter baumannii: isolates of the Ab-One study
SRR27972820	SRX23626345	SRS20465600	SRP489819	PRJNA1076692	Klebsiella pneumoniae	RIVM_C055099_rerio	OXFORD_NANOPORE	MinION	228780710.0	68272.0	WGS	GENOMIC	SINGLE	RIVM_C055099_rerio
ERR14686196	ERX14087715	ERS23773335	ERP169826	PRJEB86481	Escherichia coli str. K-12 substr. MG1655	K-12	OXFORD_NANOPORE	MinION	198339082.0	88019.0	WGS	GENOMIC	SINGLE	MinION sequencing
SRR13269214	SRX9699243	SRS7895411	SRP272861	PRJNA646575	Bacteroides ovatus		OXFORD_NANOPORE	GridION	715580041.0	175853.0	WGS	GENOMIC	SINGLE	WGS  of Bacteroides fragilis group clinical isolates
DRR572289	DRX555756	DRS426368	DRP012251	PRJDB17574	Escherichia coli	YK-IS1MA-L01-1_G08	OXFORD_NANOPORE	MinION	4041.0	2.0	WGS	GENOMIC	SINGLE	nanopore-seq of SAMD00748185 L01-1_G8
SRR29816476	SRX25315615	SRS16968667	SRP426074	PRJNA941188	Bacillus subtilis	DSM 1090	OXFORD_NANOPORE	GridION	250456799.0	42116.0	WGS	GENOMIC	SINGLE	WGS of Bacillus subtilis: cell culture
SRR1916829	SRX957565	SRS874898	SRP056211	PRJNA277880	Clavibacter michiganensis subsp. insidiosus	R1-1	PACBIO_SMRT	PacBio RS	1322206989.0	163482.0	WGS	GENOMIC	SINGLE	Whole genome sequencing of Clavibacter michiganensis subsp. insidiosus R1-1
DRR462731	DRX446990	DRS058005	DRP004007	PRJDB5169	Salmonella enterica subsp. enterica serovar Typhi	160011TY	OXFORD_NANOPORE	MinION	171325899.0	23050.0	WGS	GENOMIC	SINGLE	MinION sequencing of SAMD00061310
SRR10519542	SRX7204388	SRS5709197	SRP231788	PRJNA330527	Clostridium saccharoperbutylacetonicum	DJ028	PACBIO_SMRT	PacBio RS II	202368747.0	84084.0	WGS	GENOMIC	SINGLE	Clostridium saccharoperbutylacetonicum 028
SRR36200486	SRX31237119	SRS27216448	SRP649104	PRJNA1367967	Klebsiella pneumoniae	38403B1	OXFORD_NANOPORE	PromethION	2114966500.0	1100964.0	WGS	GENOMIC	SINGLE	WGS of clinical Klebsiella pneumoniae from a referral hospital in Bansang, Gambia
SRR33880348	SRX29091967	SRS25301539	SRP590652	PRJNA1273616	Acinetobacter baumannii	LAC-4	PACBIO_SMRT	Revio	3269454931.0	462485.0	WGS	GENOMIC	SINGLE	WGS of Acinetobacter baumannii (LAC-4) strains
SRR8290047	SRX5104651	SRS4114392	SRP172808	PRJNA487680	Streptomyces sp. KPB2	KPB2	PACBIO_SMRT	PacBio RS II	3985524502.0	13197101.0	WGS	GENOMIC	SINGLE	Whole genome sequence of KPB2
SRR12165557	SRX8680966	SRS6959960	SRP270783	PRJNA632278	Allobranchiibius huperziae	DSM 29531	PACBIO_SMRT	PacBio RS II	800489775.0	342753.0	WGS	GENOMIC	SINGLE	Allobranchiibius huperziae DSM 29531
SRR12298956	SRX8802257	SRS6792124	SRP266402	PRJNA605147	Escherichia coli	RHB14-C09	PACBIO_SMRT	PacBio RS II	1158236333.0	147715.0	WGS	GENOMIC	SINGLE	PACBIO_SMRT sequencing of Escherichia coli isolate RH04|T1-C09 cultured from Pig faeces sample
SRR30149406	SRX25617227	SRS21937657	SRP518730	PRJNA1133668	Klebsiella pneumoniae	ST258KP106	OXFORD_NANOPORE	MinION	535796313.0	58512.0	WGS	GENOMIC	SINGLE	Nanopore sequencing of clinical CRE isolates: human
SRR30896496	SRX26300073	SRS22828794	SRP536878	PRJNA1134622	Escherichia coli	OXEC-396	OXFORD_NANOPORE	MinION	701731557.0	153168.0	WGS	GENOMIC	SINGLE	OXEC-396
SRR24415342	SRX20203278	SRS17528639	SRP435682	PRJNA952914	Macrococcus psychrotolerans	NRL/St 21/332	OXFORD_NANOPORE	MinION	231678069.0	37778.0	WGS	GENOMIC	SINGLE	Whole genome Nanopore sequence of Macrococcus sp. Strain NRL/St 21/332
SRR30984382	SRX26375310	SRS22899179	SRP538432	PRJNA1046213	Pseudoblastomonas marina	OXR-134	OXFORD_NANOPORE	MinION	661833227.0	109917.0	WGS	GENOMIC	SINGLE	Hydrothermal vent plume bacterial isolate genomes
SRR26205269	SRX21916311	SRS19001460	SRP250705	PRJNA607328	Pseudomonas aeruginosa	NWRC-1223	OXFORD_NANOPORE	MinION	1421890677.0	153591.0	WGS	GENOMIC	SINGLE	Pseudomonas aeruginosa FELIX_MS558 Nanopore
SRR24289064	SRX20084498	SRS17416973	SRP434206	PRJNA957546	Pseudomonas sp. Ap32	Ap32	OXFORD_NANOPORE	GridION	7768653.0	4000.0	WGS	GENOMIC	SINGLE	Genome sequencing of Pseudomonas apalachicolensis
ERR10676289	ERX10144053	ERS14333388	ERP143248	PRJEB58185	Campylobacter jejuni		OXFORD_NANOPORE	MinION	131535796.0	218498.0	WGS	GENOMIC	PAIRED	MinION paired end sequencing
SRR25775081	SRX21497701	SRS18683216	SRP401127	PRJNA886432	Bacillus thuringiensis serovar tenebrionis	BI 256-82	OXFORD_NANOPORE	MinION	1888590448.0	777732.0	WGS	GENOMIC	SINGLE	DNA-SeqofBacillusthuringiensisssp.tenebrionis
ERR15465394	ERX14869289	ERS15929106	ERP179079	PRJEB96336	Klebsiella pneumoniae	RO37001_UR_KP	OXFORD_NANOPORE	GridION	794238479.0	170142.0	WGS	GENOMIC	SINGLE	GridION sequencing
SRR29081048	SRX24605346	SRS21342985	SRP508604	PRJNA1113402	Mycobacterium tuberculosis	H-19-0027	OXFORD_NANOPORE	MinION	998010046.0	664140.0	WGS	GENOMIC	SINGLE	WGS of clinical Mycobacterium tuberculosis isolates from the Philippines
SRR33768839	SRX28991239	SRS22456138	SRP444583	PRJNA962904	Klebsiella michiganensis		PACBIO_SMRT	Sequel II	572829571.0	28833.0	WGS	GENOMIC	SINGLE	PacBio sequencing of AH0783HE1 for ARCH 2
SRR29778947	SRX25278933	SRS21698313	SRP418402	PRJNA925803	Streptococcus dysgalactiae subsp. equisimilis	MGCS36023	OXFORD_NANOPORE	GridION	1636465011.0	593174.0	WGS	GENOMIC	SINGLE	WGS of Streptococcus dysgalactiae subsp. equisimilis
SRR13310981	SRX9738892	SRS7940252	SRP298370	PRJNA684578	Escherichia coli		OXFORD_NANOPORE	MinION	711306667.0	135207.0	WGS	GENOMIC	SINGLE	WGS MinION sequencing of Escherichia coli isolated from 2-week old broiler chicken on used pine shavings infected with Salmonella enterica serovar
SRR33600021	SRX28829535	SRS25061951	SRP585898	PRJNA1263016	Staphylococcus aureus	MRSA252	OXFORD_NANOPORE	MinION	387300055.0	61179.0	WGS	GENOMIC	SINGLE	WGS long read sequencing of MRSA
SRR10032551	SRX6767896	SRS5315794	SRP219538	PRJNA559199	Thermacetogenium phaeum DSM 12270	DSM 12270	OXFORD_NANOPORE	MinION	218459340.0	132525.0	WGS	GENOMIC	SINGLE	DNA-seq of Thermacetogenium phaeum DSM 12270: Native DNA from isolated culture
SRR25778601	SRX21501187	SRS18732662	SRP457287	PRJNA1010209	Mycobacterium tuberculosis	TDR91	OXFORD_NANOPORE	MinION	720167201.0	246811.0	WGS	GENOMIC	SINGLE	WGS from TDR91 Oxford Nanopore
ERR5715371	ERX5430742	ERS6252503	ERP128331	PRJEB44297	Serratia symbiotica	Af2.3 (CWBI-2.3T)	PACBIO_SMRT	PacBio RS	3037375.0	554.0	WGS	GENOMIC	SINGLE	PacBio RS sequencing
SRR498064	SRX148634	SRS281882	SRP013241	PRJNA73829	Vibrio cholerae		PACBIO_SMRT	PacBio RS	805545.0	1804.0	WGS	GENOMIC	SINGLE	
SRR27958565	SRX23615406	SRS20456019	SRP489545	PRJNA1076228	Streptococcus pyogenes	MGAS37835	OXFORD_NANOPORE	GridION	500006080.0	24063.0	WGS	GENOMIC	SINGLE	Oxford Nanopore Technology WGS of GAS M1 clinical isolates
SRR25916674	SRX21636498	SRS18806599	SRP321830	PRJNA674638	Enterobacter cancerogenus	3.2.13	PACBIO_SMRT	PacBio RS	354763996.0	53067.0	WGS	GENOMIC	SINGLE	PacBio sequencing of bacterial genomes associated with fermentation and spoilage of pickling cucumbers
SRR8275886	SRX5090765	SRS4102489	SRP172391	PRJNA500368	Streptomyces griseorubiginosus	SAI-142	PACBIO_SMRT	PacBio RS II	796393797.0	278648.0	WGS	GENOMIC	SINGLE	Streptomyces griseorubiginosus SAI-142
ERR15991576	ERX15386682	ERS28170762	ERP184281	PRJEB102899	Pseudomonas aeruginosa		OXFORD_NANOPORE	MinION	259929301.0	27861.0	WGS	GENOMIC	SINGLE	MinION sequencing
ERR10163233	ERX9699829	ERS13423726	ERP140710	PRJEB55790	Apilactobacillus kunkeei	A2101	PACBIO_SMRT	Sequel	2732814517.0	525380.0	WGS	GENOMIC	SINGLE	Sequel sequencing; Raw reads: A2101
SRR15075449	SRX11385487	SRS9430170	SRP040661	PRJNA231221	Enterobacter cloacae	FDAARGOS 1431	PACBIO_SMRT	Sequel II	3183377025.0	289875.0	WGS	GENOMIC	SINGLE	
SRR31733708	SRX27096037	SRS23554709	SRP432102	PRJNA954566	Vibrio cholerae	O1	OXFORD_NANOPORE	MinION	1675648843.0	223960.0	WGS	GENOMIC	SINGLE	Oxford Nanopore sequencing of Vibrio cholerae
SRR16639087	SRX12839884	SRS10784334	SRP189765	PRJNA529666	Escherichia coli	missing	PACBIO_SMRT	PacBio RS II	912701162.0	155537.0	WGS	GENOMIC	SINGLE	HM6
SRR12395126	SRX8893771	SRS7152793	SRP276100	PRJNA650381	Mycobacterium tuberculosis		OXFORD_NANOPORE	MinION	493540754.0	386340.0	WGS	GENOMIC	SINGLE	Nanopore TB WGS
SRR35085475	SRX30198822	SRS26258572	SRP610612	PRJNA1309298	Klebsiella pneumoniae	KP-01	OXFORD_NANOPORE	GridION	534046936.0	118676.0	WGS	GENOMIC	SINGLE	ONT WGS
SRR33296602	SRX28541757	SRS24841583	SRP580922	PRJNA1254897	Salmonella enterica subsp. enterica serovar Typhimurium		OXFORD_NANOPORE	PromethION	59595054.0	16928.0	WGS	GENOMIC	SINGLE	KOM-AMR
ERR9030481	ERX8573891	ERS10792272	ERP133548	PRJEB49093	Mycobacterium tuberculosis	Lineage 3.1.1	OXFORD_NANOPORE	MinION	661731328.0	1183181.0	WGS	GENOMIC	SINGLE	MinION sequencing; Raw reads: mada_141-nanopore
SRR15079695	SRX11389718	SRS9433028	SRP040661	PRJNA231221	Aeromonas sp. FDAARGOS 1404	FDAARGOS 1404	PACBIO_SMRT	Sequel II	5138157107.0	788614.0	WGS	GENOMIC	SINGLE	
SRR24140018	SRX19938387	SRS17287096	SRP247747	PRJNA604975	Escherichia coli	ox_bsi_286	OXFORD_NANOPORE	GridION	179256818.0	121839.0	WGS	GENOMIC	SINGLE	oxford_bsi
SRR9001280	SRX5780102	SRS3932943	SRP165734	PRJNA496461	Klebsiella pneumoniae	KLPN_M85	OXFORD_NANOPORE	GridION			WGS	GENOMIC	SINGLE	nanopore seq of klebsiella pneumoniae
SRR11252157	SRX7862286	SRS6271177	SRP251869	PRJNA610035	Salmonella enterica subsp. enterica serovar Adjame	387507	OXFORD_NANOPORE	MinION	441282331.0	68051.0	WGS	GENOMIC	SINGLE	MioION seq of Salmonella:Adjame serovar
SRR387136	SRX109914	SRS281278	SRP001087	PRJNA40075	Escherichia coli str. K-12 substr. MG1655	K-12	PACBIO_SMRT	PacBio RS	69826461.0	81741.0	WGS	GENOMIC	SINGLE	Whole Genome Sequencing and Assembly
SRR33600016	SRX28829540	SRS25061956	SRP585898	PRJNA1263016	Staphylococcus aureus	MW2	OXFORD_NANOPORE	MinION	293864024.0	52836.0	WGS	GENOMIC	SINGLE	WGS long read sequencing of MRSA
SRR35213479	SRX30317244	SRS26364179	SRP615992	PRJNA1301220	Acinetobacter baumannii	ABO22-A111	OXFORD_NANOPORE	MinION	747822869.0	98483.0	WGS	GENOMIC	SINGLE	Whole geneme sequencing of Acinetobacter baumannii: isolates of the Ab-One study
SRR24940051	SRX20699057	SRS17912268	SRP444247	PRJNA984319	Escherichia coli	TUM14697	OXFORD_NANOPORE	MinION	956468539.0	83747.0	WGS	GENOMIC	SINGLE	Full-length genome sequencing of Enterobacterales: Patient's tracheal secretions
SRR33769425	SRX28991937	SRS22455656	SRP444583	PRJNA962904	Klebsiella michiganensis		PACBIO_SMRT	Sequel II	256201090.0	12956.0	WGS	GENOMIC	SINGLE	PacBio sequencing of AH0864HE2 for ARCH 2
DRR183658	DRX174139	DRS101551	DRP005243	PRJDB7414	Thermus thermophilus	AA2-29	OXFORD_NANOPORE	GridION	2872882483.0	712000.0	WGS	GENOMIC	SINGLE	GridION sequencing of SAMD00177814
SRR15989082	SRX12277785	SRS9999161	SRP357537	PRJNA801416	Escherichia coli	E1233	OXFORD_NANOPORE	GridION	495501663.0	67943.0	WGS	GENOMIC	SINGLE	Whole Genome Sequencing of Carbapenemase-producing Enterobacterales (CPE)
ERR10820939	ERX10266539	ERS7761502	ERP109413	PRJEB27342	Raoultella ornithinolytica		PACBIO_SMRT	Sequel II	6447165344.0	1320004.0	WGS	GENOMIC	SINGLE	Sequel II sequencing
ERR10498184	ERX10015473	ERS14254519	ERP142629	PRJEB57633	Escherichia coli		OXFORD_NANOPORE	GridION	67546591.0	8552.0	WGS	GENOMIC	SINGLE	Raw reads: ONT_30821_1#154
SRR34864060	SRX29995563	SRS26072159	SRP606522	PRJNA1301590	Pseudolactococcus laudensis	T2C11	OXFORD_NANOPORE	PromethION	2041053085.0	268439.0	WGS	GENOMIC	SINGLE	WGS of Pseudolactococcus laudensis strain T2C11: Tistrup starter culture
SRR12280288	SRX8784426	SRS7052999	SRP272861	PRJNA646575	Bacteroides fragilis		OXFORD_NANOPORE	GridION	1226589799.0	111293.0	WGS	GENOMIC	SINGLE	WGS  of Bacteroides fragilis group clinical isolates
SRR31599309	SRX26964374	SRS23434086	SRP549287	PRJNA1185485	Escherichia coli	271	OXFORD_NANOPORE	PromethION	555776946.0	293813.0	WGS	GENOMIC	SINGLE	manhole-barcode15
SRR17231625	SRX13410737	SRS11313193	SRP350803	PRJNA788515	Erwinia tracheiphila	BHKY	PACBIO_SMRT	PacBio RS II	4621764109.0	163482.0	WGS	GENOMIC	SINGLE	BHKY_PacBio_reads
SRR27972459	SRX23625994	SRS20465441	SRP489819	PRJNA1076692	Klebsiella pneumoniae	RIVM_C059313_rerio	OXFORD_NANOPORE	MinION	141397695.0	34550.0	WGS	GENOMIC	SINGLE	RIVM_C059313_rerio
SRR10613437	SRX7292572	SRS5786115	SRP235306	PRJNA593863	Streptococcus pneumoniae	TH13829	PACBIO_SMRT	Sequel	797581929.0	77324.0	WGS	GENOMIC	SINGLE	SMRT-seq of pneumococcal strain TH5160(spn556II and spn556III deleted) derivative: TH13829 B. fragilis-A7
ERR10155870	ERX9691990	ERS6426128	ERP109413	PRJEB27342	Klebsiella aerogenes		PACBIO_SMRT	Sequel II	16107943582.0	2507662.0	WGS	GENOMIC	SINGLE	Sequel II sequencing
SRR23347632	SRX19289401	SRS16690584	SRP421131	PRJNA931653	Escherichia coli K-12	K-12	OXFORD_NANOPORE	GridION	23665112.0	4000.0	WGS	GENOMIC	SINGLE	Nanopore sequencing of Ciprofloxacin challenged E. coli
SRR4181409	SRX2142645	SRS1674083	SRP086970	PRJNA303849	Streptomyces griseus	DSM 40236	PACBIO_SMRT	PacBio RS	378992296.0	112523.0	WGS	GENOMIC	SINGLE	Streptomyces griseus DSM 40236
SRR30694571	SRX26112100	SRS22621963	SRP503470	PRJNA833906	Mycobacterium tuberculosis	L2.2.M6.2	OXFORD_NANOPORE	MinION	252208281.0	130065.0	WGS	GENOMIC	SINGLE	WGS of Mycobacterium tuberculosis: clinical isolate
SRR389122	SRX111329	SRS004883	SRP001079	PRJNA40077	Cereibacter sphaeroides 2.4.1	2.4.1	PACBIO_SMRT	PacBio RS	37179615.0	81741.0	WGS	GENOMIC	SINGLE	Whole Genome Sequencing and Assembly
SRR24807260	SRX20579485	SRS17881474	SRP338930	PRJNA766641	Mycobacterium tuberculosis	IDR 2100103489	OXFORD_NANOPORE	MinION	61717129.0	39192.0	WGS	GENOMIC	SINGLE	MinION sequencing of TB isolates
SRR36919937	SRX31886292	SRS27841257	SRP665298	PRJNA1403646	Streptococcus constellatus	not applicable	OXFORD_NANOPORE	MinION	67882521.0	42501.0	WGS	GENOMIC	SINGLE	Long Reads for The Genomic Landscape of Head and Neck Cancer-associated Streptococci
SRR23725153	SRX19585841	SRS16968717	SRP426074	PRJNA941188	Priestia megaterium	DSM 1804	OXFORD_NANOPORE	MinION	1424895772.0	140389.0	WGS	GENOMIC	SINGLE	WGS of Priestia megaterium: cell culture
SRR9008288	SRX5786501	SRS4718809	SRP194969	PRJNA538394	Homoserinimonas aerilata	DSM 26477	PACBIO_SMRT	Sequel	1201627014.0	287763.0	WGS	GENOMIC	SINGLE	Homoserinimonas aerilata DSM 26477
SRR33768773	SRX28991305	SRS22456324	SRP444583	PRJNA962904	Klebsiella pneumoniae		PACBIO_SMRT	Sequel II	415063495.0	19269.0	WGS	GENOMIC	SINGLE	PacBio sequencing of AH0530HE1 for ARCH 2
SRR3723455	SRX1881016	SRS1527757	SRP077345	PRJNA218049	Exiguobacterium antarcticum DSM 14480	DSM 14480	PACBIO_SMRT	PacBio RS	239094184.0	86162.0	WGS	GENOMIC	SINGLE	Exiguobacterium antarcticum DSM 14480
ERR10938968	ERX10378277	ERS10186222	ERP134955	PRJEB50383	Legionella pneumophila		OXFORD_NANOPORE	GridION	1639849874.0	133603.0	WGS	GENOMIC	SINGLE	GridION sequencing
SRR9214042	SRX5984788	SRS4506267	SRP051949	PRJNA271899	Klebsiella pneumoniae	OC-CRE-9104	OXFORD_NANOPORE	GridION	419449142.0	146004.0	WGS	GENOMIC	SINGLE	Sequencing of Carbapenem resistant bacteria
SRR36920044	SRX31886488	SRS27841336	SRP665298	PRJNA1403646	Enterobacter hormaechei	not applicable	OXFORD_NANOPORE	MinION	149078210.0	37235.0	WGS	GENOMIC	SINGLE	Long Reads for The Genomic Landscape of Head and Neck Cancer-associated Streptococci
SRR24140149	SRX19938508	SRS17287217	SRP247747	PRJNA604975	Escherichia coli	ox_bsi_590	OXFORD_NANOPORE	GridION	495159539.0	108601.0	WGS	GENOMIC	SINGLE	oxford_bsi
SRR35148222	SRX30253853	SRS12559720	SRP369032	PRJNA696072	Corynebacterium mucifaciens	DSM 44265	PACBIO_SMRT	Sequel II	148899336.0	21971.0	WGS	GENOMIC	SINGLE	Corynebacterium mucifaciens DSM 44265
SRR8054588	SRX4884137	SRS3932937	SRP165734	PRJNA496461	Klebsiella pneumoniae	KLPN_75	OXFORD_NANOPORE	MinION	10266125138.0	1174949.0	WGS	GENOMIC	SINGLE	nanopore seq of klebsiella pneumoniae
ERR2789767	ERX2798895	ERS1855868	ERP024268	PRJEB21953	Klebsiella pneumoniae subsp. pneumoniae CIP 52.145 = B5055		PACBIO_SMRT	PacBio RS	447829015.0	163482.0	WGS	GENOMIC	SINGLE	PacBio RS sequencing
ERR15658876	ERX15063657	ERS26766568	ERP179457	PRJEB96843	Salmonella enterica subsp. enterica serovar Infantis		OXFORD_NANOPORE	MinION	688850249.0	192000.0	WGS	GENOMIC	SINGLE	MinION sequencing
SRR10042050	SRX6776992	SRS5324056	SRP219398	PRJNA561565	Escherichia albertii	RM15114	PACBIO_SMRT	PacBio RS II	3201883292.0	163482.0	WGS	GENOMIC	SINGLE	Complete genome sequences of RM15114
ERR13600361	ERX12971384	SRS13153971	SRP376797	PRJNA835677	Klebsiella quasipneumoniae subsp. similipneumoniae	Kpn138	OXFORD_NANOPORE	GridION	443570595.0	27024.0	WGS	GENOMIC	SINGLE	GridION sequencing
SRR9722646	SRX6480123	SRS5130229	SRP215816	PRJNA470993	Staphylococcus aureus	ER01518.3	PACBIO_SMRT	PacBio RS II	1162676305.0	157985.0	WGS	GENOMIC	SINGLE	WGS of Staphylococcus aureus
SRR25068145	SRX20822256	SRS3150580	SRP072679	PRJNA316969	Aerococcus loyolae	UMB3440	OXFORD_NANOPORE	MinION	612349428.0	381666.0	WGS	GENOMIC	SINGLE	UMB3440
ERR10155858	ERX9691978	ERS6426116	ERP109413	PRJEB27342	Klebsiella grimontii		PACBIO_SMRT	Sequel II	7157658036.0	1079934.0	WGS	GENOMIC	SINGLE	Sequel II sequencing
SRR35144652	SRX30250297	SRS26303012	SRP612862	PRJNA709546	Bacillus velezensis	FZB42_2	PACBIO_SMRT	Sequel II	453646560.0	60321.0	WGS	GENOMIC	SINGLE	Bacillus velezensis FZB42_2
SRR387008	SRX109897	SRS281278	SRP001087	PRJNA40075	Escherichia coli str. K-12 substr. MG1655	K-12	PACBIO_SMRT	PacBio RS	59974307.0	81741.0	WGS	GENOMIC	SINGLE	Whole Genome Sequencing and Assembly
SRR35071136	SRX30184885	SRS26244892	SRP610420	PRJNA1308807	Escherichia coli	Ec_220	OXFORD_NANOPORE	MinION	736916714.0	71802.0	WGS	GENOMIC	SINGLE	Oxford Nanopore sequences of an isolated E. coli strain from wastewater
SRR31779811	SRX27141255	SRS23002375	SRP540652	PRJNA1173757	Candidatus Pelagibacter bacterium nBUS_28	nBUS_28	OXFORD_NANOPORE	MinION	239684445.0	102215.0	WGS	GENOMIC	SINGLE	ONT whole genome sequencing of Pelagibacter sp. nBUS_28
SRR30574362	SRX25997495	SRS22571263	SRP531125	PRJNA1155659	Vibrio parahaemolyticus	VB18PR-0025-2_long	OXFORD_NANOPORE	MinION	907174477.0	279788.0	WGS	GENOMIC	SINGLE	Oxford Nanopore reads of Vibrio
SRR26255260	SRX21965288	SRS2099141	SRP102667	PRJNA292664	Campylobacter coli	CVM N55899	OXFORD_NANOPORE	MinION	238170580.0	12339.0	WGS	GENOMIC	SINGLE	Complete Genome of Campylobacter CVM N55899
SRR32316159	SRX27651564	SRS24057377	SRP560996	PRJNA1218017	Bacteroides thetaiotaomicron	vpi-5482	OXFORD_NANOPORE	MinION	379240758.0	88907.0	WGS	GENOMIC	SINGLE	WGS of Bacteroides thetatiotaomicron from monocolonized mice
SRR32156751	SRX27502285	SRS23923181	SRP560463	PRJNA1070622	Klebsiella pneumoniae	Kp_0604	OXFORD_NANOPORE	MinION	35534101.0	10067.0	WGS	GENOMIC	SINGLE	Kp_Isolate_0604_ONT
ERR676882	ERX631849	ERS240609	ERP002503	PRJEB1828	Legionella pneumophila	ST37	PACBIO_SMRT	PacBio RS	930453719.0	163482.0	WGS	GENOMIC	SINGLE	PacBio RS sequencing
SRR19331780	SRX15391474	SRS13118945	SRP376274	PRJNA839711	Pasteurella multocida	33011	OXFORD_NANOPORE	MinION	255938312.0	20863.0	WGS	GENOMIC	SINGLE	WGS of P. multocida
DRR453257	DRX438340	DRS450481	DRP012740	PRJDB15212	Devosia sp. T2-14	T2-14	PACBIO_SMRT	Sequel II	220022222.0	10369.0	WGS	GENOMIC	SINGLE	Sequel II sequencing of SAMD00577798
SRR18191546	SRX14338204	SRS12152217	SRP362168	PRJNA808207	Escherichia coli	HSVR04	OXFORD_NANOPORE	MinION	683747783.0	100987.0	WGS	GENOMIC	SINGLE	MinION whole genome sequencing of STEC from ruminants
SRR15441471	SRX11740887	SRS8025437	SRP301606	PRJNA627032	Escherichia coli O157:H7	FLT_2010I	PACBIO_SMRT	Sequel	1192466248.0	72979.0	WGS	GENOMIC	SINGLE	PacBio reads for long term study
SRR386368	SRX109873	SRS212334	SRP007230	PRJNA64831	Bacteroides finegoldii CL09T03C10	CL09T03C10	PACBIO_SMRT	PacBio RS	83342809.0	81741.0	WGS	GENOMIC	SINGLE	Whole Genome Sequencing and Assembly
DRR172339	DRX162950	DRS185116	DRP007305	PRJDB8028	Bacillus subtilis	BEST3145	PACBIO_SMRT	PacBio RS II	845649512.0	163482.0	WGS	GENOMIC	SINGLE	PacBio RS II sequencing of SAMD00163116
ERR4047309	ERX4048442	ERS3340492	ERP113355	PRJEB30866	Escherichia coli		PACBIO_SMRT	Sequel	1669446490.0	498583.0	WGS	GENOMIC	SINGLE	Sequel sequencing
SRR16263440	SRX12543033	SRS10502023	SRP040661	PRJNA231221	Haemophilus aegyptius	FDAARGOS_1478	PACBIO_SMRT	Sequel	1891254453.0	180832.0	WGS	GENOMIC	SINGLE	
SRR29778941	SRX25278939	SRS21698317	SRP418402	PRJNA925803	Streptococcus dysgalactiae subsp. equisimilis	MGCS36038	OXFORD_NANOPORE	GridION	124122081.0	80000.0	WGS	GENOMIC	SINGLE	WGS of Streptococcus dysgalactiae subsp. equisimilis
SRR17903628	SRX14062268	SRS6944391	SRP269860	PRJNA634914	Bacillus velezensis	BP1.2A	OXFORD_NANOPORE	MinION	247435149.0	21111.0	WGS	GENOMIC	SINGLE	Bacillus velezensis strain: BP1.2A Genome sequencing
ERR11275464	ERX10683034	ERS14857433	ERP146774	PRJEB61685	Mycobacterium tuberculosis variant bovis BCG		OXFORD_NANOPORE	MinION	22580349.0	11035.0	WGS	GENOMIC	SINGLE	MinION sequencing
SRR11304605	SRX7909744	SRS6317298	SRP252726	PRJNA612283	Bradyrhizobium symbiodeficiens	101S1MB	PACBIO_SMRT	PacBio RS II	1497453989.0	163482.0	WGS	GENOMIC	SINGLE	Complete genome sequencing of Bradyrhizobium symbiodeficiens strain 101S1MB
SRR35628913	SRX30685121	SRS26704537	SRP627750	PRJNA1333901	Epilithonimonas sp. KH_059	KH_059	OXFORD_NANOPORE	MinION	242729310.0	27584.0	WGS	GENOMIC	SINGLE	Oxford Nanopore sequences of cultivable bacteria collected in an iron ore mine and a crystal cave
DRR489316	DRX473523	DRS375060	DRP011464	PRJDB15854	Edwardsiella ictaluri	KH20906	OXFORD_NANOPORE	MinION	242876060.0	31851.0	WGS	GENOMIC	SINGLE	MinION sequencing of SAMD00611014
SRR4169981	SRX2139321	SRS1671411	SRP086384	PRJNA303505	Pseudomonas helmanticensis	LMG 28168	PACBIO_SMRT	PacBio RS	574137571.0	281157.0	WGS	GENOMIC	SINGLE	Pseudomonas helmanticensis LMG 28168
SRR2822451	SRX1385423	SRS1135209	SRP040661	PRJNA231221	Citrobacter koseri	FDAARGOS_164	PACBIO_SMRT	PacBio RS	652431461.0	163482.0	WGS	GENOMIC	SINGLE	
SRR34973585	SRX30092740	SRS26157733	SRP608514	PRJNA1305037	Klebsiella pneumoniae	MI_KPC_700	OXFORD_NANOPORE	PromethION	500001974.0	90798.0	WGS	GENOMIC	SINGLE	KPC CRE collection from state of Michigan
SRR10240060	SRX6959149	SRS4818765	SRP224653	PRJNA545328	Streptococcus suis	2017UMN1562.911	OXFORD_NANOPORE	MinION	412549836.0	55968.0	WGS	GENOMIC	SINGLE	WGS of S.suis
ERR1892116	ERX1952614	ERS1374882	ERP005928	PRJEB6403	Anaerobiospirillum thomasii	NCTC12467	PACBIO_SMRT	PacBio RS	1627339524.0	163482.0	WGS	GENOMIC	SINGLE	PacBio RS sequencing
ERR10488917	ERX10008228	ERS14235818	ERP142385	PRJEB57405	Streptococcus pneumoniae		OXFORD_NANOPORE	MinION	472777019.0	60064.0	WGS	GENOMIC	SINGLE	MinION sequencing
SRR10211333	SRX6930911	SRS5461206	SRP191068	PRJNA528511	Escherichia coli	GTEN_336	OXFORD_NANOPORE	GridION	3281477114.0	1338620.0	WGS	GENOMIC	SINGLE	Global TravEpiNet AMR surveillance Genome sequencing and assembly
SRR27678730	SRX23346019	SRS20207258	SRP485167	PRJNA960711	Bacillus hominis	SIN2.1	OXFORD_NANOPORE	MinION	75894768.0	20176.0	WGS	GENOMIC	SINGLE	WGS of Bacillus hominis: strain SIN2.1
SRR16775434	SRX12974723	SRS10915558	SRP215816	PRJNA470993	Staphylococcus aureus		PACBIO_SMRT	PacBio RS II	1232706244.0	166068.0	WGS	GENOMIC	SINGLE	WGS of Staphylococcus aureus
SRR5181943	SRX2498052	SRS1924905	SRP096895	PRJNA353873	Mycobacterium tuberculosis		PACBIO_SMRT	PacBio RS	492230898.0	163482.0	WGS	GENOMIC	SINGLE	DNA of Mtb
SRR13249674	SRX9681349	SRS7879199	SRP297851	PRJNA681501	Escherichia coli	UPEC 536	PACBIO_SMRT	Sequel II	1561855586.0	248656.0	WGS	GENOMIC	SINGLE	Upec536_DNA
SRR1955594	SRX981098	SRS895937	SRP040661	PRJNA231221	Staphylococcus aureus	FDAARGOS_9	PACBIO_SMRT	PacBio RS	1628686560.0	163482.0	WGS	GENOMIC	SINGLE	
SRR27033706	SRX22725491	SRS19714563	SRP475574	PRJNA1047486	Moraxella canis	HAMBI_2792	PACBIO_SMRT	Sequel IIe	910729561.0	88826.0	WGS	GENOMIC	SINGLE	Whole genome sequencing of Moraxella canis HAMBI_2792; long read
ERR791716	ERX808955	ERS646601	ERP005928	PRJEB6403	Haemophilus influenzae	NCTC12699	PACBIO_SMRT	PacBio RS	970408737.0	163482.0	WGS	GENOMIC	SINGLE	PacBio RS sequencing
SRR15989310	SRX12278229	SRS9998430	SRP357537	PRJNA801416	Escherichia coli	10	OXFORD_NANOPORE	GridION	121807309.0	27479.0	WGS	GENOMIC	SINGLE	Whole Genome Sequencing of Carbapenemase-producing Enterobacterales (CPE)
SRR11318069	SRX7922405	SRS866285	SRP018785	PRJNA186035	Salmonella enterica subsp. enterica serovar Potsdam	CFSAN029622	PACBIO_SMRT	Sequel	1789888086.0	272824.0	WGS	GENOMIC	SINGLE	Whole genome PacBio Sequel sequence of Salmonella enterica subsp. enterica serovar Potsdam
ERR13293935	ERX12664667	ERS18293100	ERP157481	PRJEB72702	Salmonella enterica subsp. enterica serovar Paratyphi A		OXFORD_NANOPORE	MinION	590512750.0	66495.0	WGS	GENOMIC	SINGLE	Raw reads: barcode14
ERR3062954	ERX3135755	ERS2021748	ERP011196	PRJEB10018	Klebsiella pneumoniae		PACBIO_SMRT	PacBio RS	61280731.0	163482.0	WGS	GENOMIC	SINGLE	PacBio RS sequencing
SRR24308001	SRX20103158	SRS17434207	SRP434545	PRJNA961666	Escherichia coli	AVS0467	OXFORD_NANOPORE	MinION	350013724.0	18336.0	WGS	GENOMIC	SINGLE	Long read sequencing of Escherichia coli AVS0467
SRR21696524	SRX17694258	SRS11554469	SRP354045	PRJNA747871	Kitasatospora sp. NBC_01539	NBC 01539	OXFORD_NANOPORE	MinION	1542306304.0	212590.0	WGS	GENOMIC	SINGLE	nanopore sequencing data from strain NBC_01539
SRR30896279	SRX26299742	SRS22828464	SRP536878	PRJNA1134622	Escherichia coli	OXEC-519	OXFORD_NANOPORE	MinION	431038498.0	110740.0	WGS	GENOMIC	SINGLE	OXEC-519
SRR31599384	SRX26964298	SRS23434013	SRP549287	PRJNA1185485	Escherichia coli	994	OXFORD_NANOPORE	PromethION	534317091.0	108199.0	WGS	GENOMIC	SINGLE	wwtp-9n14-barcode67
SRR15674704	SRX11971100	SRS9980266	SRP334835	PRJNA754843	Escherichia coli	SCAID WND1-2021 (1/128)	PACBIO_SMRT	Sequel	1337646012.0	136334.0	WGS	GENOMIC	SINGLE	Whole-genome sequencing of Escherichia coli: clinical isolate
ERR15902781	ERX15298621	ERS27343532	ERP113532	PRJEB31025	Neisseria meningitidis		OXFORD_NANOPORE	GridION	321416185.0	368578.0	WGS	GENOMIC	SINGLE	GridION sequencing
SRR9176580	SRX5949245	SRS4860279	SRP040661	PRJNA231221	Capnocytophaga sp. FDAARGOS_737	FDAARGOS_737	PACBIO_SMRT	PacBio RS	370530592.0	163482.0	WGS	GENOMIC	SINGLE	
SRR29820018	SRX25318933	SRS21988542	SRP519730	PRJNA1135485	Salmonella		OXFORD_NANOPORE	MinION	616464699.0	115316.0	WGS	GENOMIC	SINGLE	WGS Salmonella isolates from cattle
SRR13449109	SRX9862261	SRS8042175	SRP295672	PRJNA681856	Salmonella enterica subsp. salamae	LHICA_SA3	OXFORD_NANOPORE	MinION	29923656.0	4000.0	WGS	GENOMIC	SINGLE	WGS of Salmonella Lhica SA3_38
SRR19820664	SRX15864257	SRS13526079	SRP361569	PRJNA768416	Bacillus sp. EU62	EU62	OXFORD_NANOPORE	MinION	169221440.0	30613.0	WGS	GENOMIC	SINGLE	WGS of Bacilli
SRR12395148	SRX8893749	SRS7152771	SRP276100	PRJNA650381	Mycobacterium tuberculosis		OXFORD_NANOPORE	MinION	940341769.0	682101.0	WGS	GENOMIC	SINGLE	Nanopore TB WGS
ERR12328537	ERX11705341	ERS17177508	ERP155552	PRJEB70626	Mycobacterium tuberculosis		OXFORD_NANOPORE	MinION	62666631.0	33084.0	WGS	GENOMIC	SINGLE	MinION sequencing
DRR097315	DRX090811	DRS100148	DRP005160	PRJDB5843	Helicobacter pylori	OK308	PACBIO_SMRT	PacBio RS II	991889238.0	163482.0	WGS	GENOMIC	SINGLE	PacBio RS II sequencing of SAMD00084451
DRR792932	DRX771580	DRS533564	DRP007033	PRJDB9509	Klebsiella pneumoniae		OXFORD_NANOPORE	MinION	1220963694.0	42681.0	WGS	GENOMIC	SINGLE	MinION sequencing of SAMD01704711
SRR32156743	SRX27502293	SRS23923188	SRP560463	PRJNA1070622	Klebsiella pneumoniae	Kp_0263	OXFORD_NANOPORE	MinION	49372916.0	11889.0	WGS	GENOMIC	SINGLE	Kp_Isolate_0263_ONT
ERR10499152	ERX10016438	ERS14256162	ERP142629	PRJEB57633	Escherichia coli		OXFORD_NANOPORE	GridION	94512588.0	10488.0	WGS	GENOMIC	SINGLE	Raw reads: ONT_30859_5#216
SRR8079316	SRX4906493	SRS2093771	SRP102895	PRJNA381357	Lactiplantibacillus plantarum	plantarum	PACBIO_SMRT	PacBio RS II	634366106.0	73238.0	WGS	GENOMIC	SINGLE	Lactobacillus plantarum ZLP001 pacbio rawdata
ERR11049012	ERX10495803	ERS14796241	ERP145810	PRJEB60752	Escherichia coli		OXFORD_NANOPORE	MinION	665817183.0	54440.0	WGS	GENOMIC	SINGLE	Raw reads: IMT44737_[Oxford_Nanopore]
ERR13354946	ERX12725878	ERS20228292	ERP160933	PRJEB76407	Mediterraneibacter gnavus		PACBIO_SMRT	Sequel IIe	643222777.0	57848.0	WGS	GENOMIC	SINGLE	Sequel IIe sequencing
SRR29769125	SRX25269248	SRS21954100	SRP519182	PRJNA1129510	Candidatus Pseudothioglobus sp. Uisw_086	uisw_086	OXFORD_NANOPORE	MinION	633063077.0	157311.0	WGS	GENOMIC	SINGLE	ONT whole genome sequencing of Candidatus Pseudothioglobus sp. Uisw_086
SRR13448633	SRX9861898	SRS8041966	SRP295672	PRJNA681856	Salmonella enterica	LHICA_E3	OXFORD_NANOPORE	MinION	38642498.0	4000.0	WGS	GENOMIC	SINGLE	WGS of Salmonella Lhica E3_71
ERR5336769	ERX5125157	ERS5806374	ERP124147	PRJEB40496	Escherichia coli		OXFORD_NANOPORE	GridION	25082278151.0	5628000.0	WGS	GENOMIC	SINGLE	GridION sequencing
ERR15197979	ERX14603635	ERS25123446	ERP174390	PRJEB91442	Bacillus cereus		OXFORD_NANOPORE	MinION	566677554.0	343086.0	WGS	GENOMIC	SINGLE	MinION sequencing
SRR2817443	SRX1384001	SRS1134740	SRP040661	PRJNA231221	Vibrio harveyi	FDAARGOS_106	PACBIO_SMRT	PacBio RS	852704571.0	163482.0	WGS	GENOMIC	SINGLE	
SRR30934818	SRX26337491	SRS22863377	SRP537571	PRJNA1168290	Paenibacillus sp. TAB_01	TAB_01	OXFORD_NANOPORE	MinION	1626567.0	188.0	WGS	GENOMIC	SINGLE	Paenibacillus sp. TAB 01 from cotton plant tissue
SRR32001240	SRX27354119	SRS23790963	SRP071657	PRJNA312217	Salmonella enterica	JWC-7160	OXFORD_NANOPORE	PromethION	514521378.0	136445.0	WGS	GENOMIC	SINGLE	Hybrid WGS of Salmonella enterica (Long reads)
SRR1923054	SRX963263	SRS403322	SRP019923	PRJNA78389	Salmonella enterica subsp. enterica serovar Hadar str. ATCC 51956	ATCC 51956	PACBIO_SMRT	PacBio RS II	687304825.0	163482.0	WGS	GENOMIC	SINGLE	Whole genome shotgun sequencing of Salmonella enterica subsp. enterica serovar Hadar str. ATCC 51956 by Pacific Biosciences SMRT
SRR5087357	SRX2404608	SRS1843830	SRP094755	PRJNA353060	Klebsiella pneumoniae		OXFORD_NANOPORE	MinION	48865977.0	10847.0	WGS	GENOMIC	SINGLE	
SRR24918242	SRX20679016	SRS17875823	SRP338930	PRJNA766641	Mycobacterium tuberculosis	IDR 2100089354	OXFORD_NANOPORE	MinION	22728291.0	19769.0	WGS	GENOMIC	SINGLE	MinION sequencing of TB isolates
SRR287712	SRX078306	SRS212380	SRP007207	PRJNA68253	Escherichia coli		PACBIO_SMRT	PacBio RS	55770423.0	81741.0	WGS	GENOMIC	SINGLE	Whole Genome Sequencing for 042
ERR10499532	ERX10016818	ERS14256901			Escherichia coli		OXFORD_NANOPORE	GridION	758527051.0	74110.0	WGS	GENOMIC	SINGLE	GridION sequencing; Raw reads: ONT_30348_1#186
SRR31690035	SRX27051856	SRS23446076	SRP385391	PRJNA856406	Enterococcus faecalis	AUSMDU00076580	OXFORD_NANOPORE	GridION	128184686.0	48617.0	WGS	GENOMIC	SINGLE	Whole genome sequencing of Enterococcus sp from Victoria, Australia Raw ONT sequence reads
SRR5665592	SRX2901219	ERS711022	ERP006536	PRJEB6891	Klebsiella pneumoniae	INF322	OXFORD_NANOPORE	MinION	466824074.0	31702.0	WGS	GENOMIC	SINGLE	Whole genome MinION sequencing of Klebsiella pneumoniae
ERR9939440	ERX9482839	ERS12345050	ERP138720	PRJEB53905	Haemophilus influenzae	HUB-P11-HI01	OXFORD_NANOPORE	MinION	2125930115.0	269218.0	WGS	GENOMIC	SINGLE	MinION sequencing
ERR15095091	ERX14499693	ERS24813652	ERP119900	PRJEB36683	Klebsiella pneumoniae 11227-1		OXFORD_NANOPORE	PromethION	717473542.0	605427.0	WGS	GENOMIC	SINGLE	Raw reads: MKPB245_L
SRR35185035	SRX30289791	SRS23219705	SRP545286	PRJNA1186210	Enterococcus faecium	18031351S	OXFORD_NANOPORE	GridION	444874735.0	64000.0	WGS	GENOMIC	SINGLE	ONT seq of VVE
SRR31611451	SRX26976074	SRS23443695	SRP549287	PRJNA1185485	Escherichia coli	439	OXFORD_NANOPORE	PromethION	2032076562.0	353099.0	WGS	GENOMIC	SINGLE	pig-inf-barcode83
SRR13449044	SRX9862326	SRS8042175	SRP295672	PRJNA681856	Salmonella enterica subsp. salamae	LHICA_SA3	OXFORD_NANOPORE	MinION	27568168.0	4000.0	WGS	GENOMIC	SINGLE	WGS of Salmonella Lhica SA3_97
ERR8007766	ERX7573435	ERS9899356	ERP131998	PRJEB47698	Enterobacter cloacae		OXFORD_NANOPORE	MinION	621851562.0	219625.0	WGS	GENOMIC	SINGLE	MinION sequencing
DRR581770	DRX562323	DRS640926	DRP016847	PRJDB17425	Type-A symbiont of Plautia stali	A-Plst-SymA	OXFORD_NANOPORE	MinION	3227223661.0	634048.0	WGS	GENOMIC	SINGLE	MinION sequencing of SAMD00799308
ERR14125688	ERX13528345	ERS22899883	ERP159032	PRJEB74343	Sphaerotilus natans subsp. natans DSM 6575		OXFORD_NANOPORE	PromethION			WGS	GENOMIC	SINGLE	Sphaerotilus_natans_DSMZ6575
SRR24363116	SRX20151512	SRS17479690	SRP435302	PRJNA962170	Bradyrhizobium japonicum USDA 135	USDA 135	PACBIO_SMRT	PacBio RS II	542111710.0	52539.0	WGS	GENOMIC	SINGLE	DNA-seq of B japonicum USDA 135:bacteria
SRR27972643	SRX23625810	SRS20466047	SRP489819	PRJNA1076692	Escherichia coli	RIVM_C055351_dorado	OXFORD_NANOPORE	MinION	155087018.0	48410.0	WGS	GENOMIC	SINGLE	RIVM_C055351_dorado
ERR14126982	ERX13529648	ERS22899885	ERP159032	PRJEB74343	Streptomyces albidoflavus		OXFORD_NANOPORE	PromethION	540456221.0	316556.0	WGS	GENOMIC	SINGLE	R1041_V5_Streptomyces_albidoflavus
SRR36919968	SRX31886260	SRS27841225	SRP665298	PRJNA1403646	Streptococcus sp.	BHI_7	OXFORD_NANOPORE	MinION	612798365.0	537591.0	WGS	GENOMIC	SINGLE	Long Reads for The Genomic Landscape of Head and Neck Cancer-associated Streptococci
DRR704741	DRX684774	DRS487158	DRP013557	PRJDB18009	Escherichia coli	K9291	OXFORD_NANOPORE	MinION	200923851.0	55714.0	WGS	GENOMIC	SINGLE	MinION sequencing of SAMD00771133
SRR8179070	SRX4999170	SRS4034049	SRP040661	PRJNA231221	Klebsiella pneumoniae	FDAARGOS_567	PACBIO_SMRT	PacBio RS	628437319.0	163482.0	WGS	GENOMIC	SINGLE	
SRR30149654	SRX25617413	SRS21937593	SRP518730	PRJNA1133668	Klebsiella michiganensis	ST43KM1	OXFORD_NANOPORE	MinION	416229536.0	59581.0	WGS	GENOMIC	SINGLE	Nanopore sequencing of clinical CRE isolates: human
ERR1805694	ERX1868721	ERS1324139	ERP005928	PRJEB6403	Roseomonas mucosa	NCTC13291	PACBIO_SMRT	PacBio RS	700345218.0	163482.0	WGS	GENOMIC	SINGLE	PacBio RS sequencing
SRR32057874	SRX27406773	SRS23836868	SRP558617	PRJNA1199890	Cupriavidus necator	H1	OXFORD_NANOPORE	GridION	1510802283.0	187651.0	WGS	GENOMIC	SINGLE	Nanopore whole genome sequencing of Cupriavidus necator strain H1: DSM 529
SRR11531517	SRX8102571	SRS6468487	SRP256098	PRJNA624923	Dickeya dianthicola	67-19	OXFORD_NANOPORE	MinION	2049947687.0	217262.0	WGS	GENOMIC	SINGLE	Genome sequence of Dickeya dianthicola 67-19 use Oxford Nanopore
SRR9732340	SRX6489666	SRS5138445	SRP215929	PRJNA555902	Microbacterium sp. mfec-31	mfec-31	OXFORD_NANOPORE	GridION	193687961.0	34115.0	WGS	GENOMIC	SINGLE	Genome sequencing of bacterial strain mfec-31
ERR6716414	ERX6341008	ERS7604505	ERP131742	PRJEB47469	Providencia alcalifaciens	2019-01-3283-1-1	OXFORD_NANOPORE	MinION	239284996.0	61938.0	WGS	GENOMIC	SINGLE	MinION sequencing; Raw reads: Providencia_alcalifaciens_strain_2019-01-3283-1-1_Nanopore
SRR30596888	SRX26019580	SRS22591401	SRP531440	PRJNA1092388	Aeromonas dhakensis	B05247	PACBIO_SMRT	Sequel IIe	330567506.0	45104.0	WGS	GENOMIC	SINGLE	HIFI of Aeromonas dhakensis:178
SRR35213401	SRX30316957	SRS26363892	SRP615992	PRJNA1301220	Acinetobacter baumannii	ABO21-E103	OXFORD_NANOPORE	MinION	271092744.0	50603.0	WGS	GENOMIC	SINGLE	Whole geneme sequencing of Acinetobacter baumannii: isolates of the Ab-One study
SRR26752377	SRX22451093	SRS19465138	SRP471000	PRJNA1036818	Bosea sp. R86505	R86505	OXFORD_NANOPORE	MinION	1076714613.0	117724.0	WGS	GENOMIC	SINGLE	WGS of Bosea sp.
ERR10908105	ERX10348912	ERS14656023	ERP145079	PRJEB60038	Campylobacter jejuni	ST-19	OXFORD_NANOPORE	MinION	1641513837.0	670456.0	WGS	GENOMIC	SINGLE	MinION sequencing
ERR11148040	ERX10595444	ERS7652076	ERP132109	PRJEB47806	Staphylococcus aureus		PACBIO_SMRT	Sequel	1033675035.0	104265.0	WGS	GENOMIC	SINGLE	Sequel IIe sequencing
ERR13298046	ERX12668908	ERS20274771	ERP161188	PRJEB76684	Citrobacter portucalensis		OXFORD_NANOPORE	MinION	187624178.0	47383.0	WGS	GENOMIC	SINGLE	MinION sequencing
SRR15634573	SRX11931649	SRS9942376	SRP334326	PRJNA744720	Myxococcus xanthus	ATCC 27925	OXFORD_NANOPORE	GridION	6193210206.0	361506.0	WGS	GENOMIC	SINGLE	ONT SQK-LSK109 library of M. xanthus: R9.4.1 flowcell on GridION
SRR12247673	SRX8755494	SRS6976362	SRP266402	PRJNA605147	Escherichia coli	RHB43-SO-C05	OXFORD_NANOPORE	GridION	1862550426.0	430017.0	WGS	GENOMIC	SINGLE	Oxford Nanopore sequencing of Escherichia coli isolate RH17|T1-SOC05 cultured from poultry farm soil sample
SRR35628946	SRX30685088	SRS26704504	SRP627750	PRJNA1333901	Stenotrophomonas sp. KH_029	KH_029	OXFORD_NANOPORE	MinION	512266167.0	56948.0	WGS	GENOMIC	SINGLE	Oxford Nanopore sequences of cultivable bacteria collected in an iron ore mine and a crystal cave
ERR13350122	ERX12721022	ERS20276117	ERP151267	PRJEB66194	Vibrio cholerae		OXFORD_NANOPORE	GridION	388041636.0	62383.0	WGS	GENOMIC	SINGLE	Raw reads: Gridion_sequencing_of_Vibrio_cholerae_isolate_CTMA_1959
ERR10802444	ERX10250926	ERS5790527	ERP127064	PRJEB43128	Bacillus subtilis		OXFORD_NANOPORE	GridION	798865716.0	218698.0	WGS	GENOMIC	SINGLE	GridION sequencing
ERR15665858	ERX15070437	ERS203034	ERP001784	PRJEB3255	Salmonella sp.	M312	OXFORD_NANOPORE	MinION	1510004146.0	104552.0	WGS	GENOMIC	SINGLE	MinION sequencing
SRR12280325	SRX8784390	SRS7053062	SRP272861	PRJNA646575	Bacteroides fragilis		OXFORD_NANOPORE	GridION	810326147.0	89674.0	WGS	GENOMIC	SINGLE	WGS  of Bacteroides fragilis group clinical isolates
DRR725172	DRX705193	DRS496386	DRP013789	PRJDB35970	Flavobacterium psychrophilum	KKI-2407	OXFORD_NANOPORE	MinION	344636930.0	92317.0	WGS	GENOMIC	SINGLE	MinION sequencing of SAMD01614999
ERR13600830	ERX12971853	ERS5521260	ERP126193	PRJEB42350	Klebsiella pneumoniae		OXFORD_NANOPORE	GridION	1010733877.0	35694.0	WGS	GENOMIC	SINGLE	GridION sequencing
DRR704748	DRX684781	DRS487166	DRP013557	PRJDB18009	Escherichia coli	K9910	OXFORD_NANOPORE	MinION	227006909.0	122371.0	WGS	GENOMIC	SINGLE	MinION sequencing of SAMD00771141
SRR10747163	SRX7422522	SRS5869239	SRP238381	PRJNA595894	Neisseria gonorrhoeae	272/10	PACBIO_SMRT	Sequel	924854751.0	571309.0	WGS	GENOMIC	SINGLE	Whole genome sequencing of Neisseria gonorrhoeae WHO reference genomes as well as clinical isolates displaying resistance to antimicrobials
SRR30949466	SRX26352018	SRS22817343	SRP536567	PRJNA1165464	Escherichia coli	Not applicable	OXFORD_NANOPORE	MinION	820448264.0	256002.0	WGS	GENOMIC	SINGLE	Nanopore sequencing of E.coli: blood isolate
ERR16001601	ERX15396835	ERS28312893	ERP185857	PRJEB104599	Staphylococcus aureus		OXFORD_NANOPORE	MinION			WGS	GENOMIC	SINGLE	Raw reads: Staphylococcus aureus LFMFP strain 362
SRR25243147	SRX20989424	SRS12559822	SRP369066	PRJNA695669	Brachybacterium muris	DSM 15460	PACBIO_SMRT	Sequel IIe	287072983.0	40449.0	WGS	GENOMIC	SINGLE	Brachybacterium muris DSM 15460
SRR26139270	SRX21852524	SRS18949553	SRP462539	PRJNA1019874	Mycobacterium tuberculosis		PACBIO_SMRT	Sequel II	76606100.0	4244.0	WGS	GENOMIC	SINGLE	WGS of M.tuberculosis
SRR13413551	SRX9830571	SRS8012992	SRP301346	PRJNA690869	Acinetobacter junii	CAM121	PACBIO_SMRT	PacBio RS II	470109638.0	163482.0	WGS	GENOMIC	SINGLE	Whole Genome shotgun sequencing of Acinetobacter junii strain CAM121
SRR22253725	SRX18230280	SRS15726404	SRP407179	PRJNA900182	Acinetobacter baumannii	ATCC17978 TnAraC-H0N27_12600	PACBIO_SMRT	PacBio RS II	1800648149.0	192463.0	WGS	GENOMIC	SINGLE	WGS of ATCC17978 TnAraC-H0N27_12600-BlokeschLab
SRR22313047	SRX18286532	SRS11167849	SRP071789	PRJNA315192	Shigella sonnei	1536238	OXFORD_NANOPORE	MinION	356949220.0	76747.0	WGS	GENOMIC	SINGLE	Nanopore sequencing of Shigella species
SRR11907327	SRX8453918	SRS6755491	SRP265604	PRJNA636411	Klebsiella pneumoniae		OXFORD_NANOPORE	GridION	3875802943.0	398116.0	WGS	GENOMIC	SINGLE	WGS Klebsiella pneumoniae ST101
SRR15462565	SRX11717457	SRS9747924	SRP332089	PRJNA528413	Escherichia coli O157:H7	611	PACBIO_SMRT	PacBio RS II	1322876240.0	163482.0	WGS	GENOMIC	SINGLE	Genome sequencing of E. coli O157:H7 and O55:H7 strains
SRR14307890	SRX10663286	SRS8169845	SRP301498	PRJNA690640	Enterococcus faecium		OXFORD_NANOPORE	MinION	19758597.0	2175.0	WGS	GENOMIC	SINGLE	WGS of E. faecium
SRR12827749	SRX9295386	SRS7520525	SRP040661	PRJNA231221	Leuconostoc pseudomesenteroides	FDAARGOS_1004	PACBIO_SMRT	PacBio RS	2358196187.0	163482.0	WGS	GENOMIC	SINGLE	
SRR25939022	SRX21657882	SRS18826056	SRP459049	PRJNA1013907	Helicobacter pylori	not collected	OXFORD_NANOPORE	MinION	405417381.0	74552.0	WGS	GENOMIC	SINGLE	Evaluation of in vitro efficacy of antibiotic combinations used in clinical practice on clinical isolates of Helicobacter pylori.
SRR3723610	SRX1881159	SRS1527838	SRP077372	PRJNA235041	Carnobacterium jeotgali MS3	MS3	PACBIO_SMRT	PacBio RS	141465415.0	66359.0	WGS	GENOMIC	SINGLE	Carnobacterium jeotgali MS3
SRR13192542	SRX9626917	SRS7827983	SRP295672	PRJNA681856	Salmonella enterica	LHICA_E1	OXFORD_NANOPORE	MinION	15221603.0	4000.0	WGS	GENOMIC	SINGLE	WGS of Salmonella enterica Lhica E33
DRR307148	DRX296582	DRS194110	DRP007467	PRJDB11902	Parabacteroides distasonis	CE91-St5	PACBIO_SMRT	Sequel	1930568403.0	162299.0	WGS	GENOMIC	SINGLE	Sequel sequencing of SAMD00389894
SRR27467527	SRX23139103	SRS20090159	SRP482617	PRJNA942599	Staphylococcus aureus	Dog126	PACBIO_SMRT	Sequel II	997915998.0	95825.0	WGS	GENOMIC	SINGLE	PacBio sequencing of canine Staphylococcaceae isolated from a Kenyan shelter in June 2079
SRR10249746	SRX6967799	SRS5493535	SRP224914	PRJNA479678	Billgrantia gudaonensis	SBS 10	OXFORD_NANOPORE	MinION	71162758.0	32925.0	WGS	GENOMIC	SINGLE	Whole genome shotgun sequence of Halomonas sp SBS 10
SRR873894	SRX290932	SRS432035	SRP023895	PRJNA178407	Bordetella holmesii 70147	70147	PACBIO_SMRT	PacBio RS	268716322.0	81741.0	WGS	GENOMIC	SINGLE	
ERR15686600	ERX15091029	ERS26976548	ERP171481	PRJEB88388	Bordetella sp. R-92570	R-92570	OXFORD_NANOPORE	MinION	873059505.0	386346.0	WGS	GENOMIC	SINGLE	Raw reads: Bordetella sp. R-92570
ERR2262587	ERX2314313	ERS1932673	ERP005928	PRJEB6403	Listeria fleischmannii subsp. coloradonensis	NCTC13938	PACBIO_SMRT	PacBio RS	569038966.0	163482.0	WGS	GENOMIC	SINGLE	PacBio RS sequencing
ERR6536220	ERX6163043	ERS3927655	ERP023216	PRJEB20997	Salmonella enterica		PACBIO_SMRT	Sequel II	990744941.0	271035.0	WGS	GENOMIC	SINGLE	Sequel II sequencing
SRR11809741	SRX8361113	SRS6677147	SRP262237	PRJNA633711	Shewanella sp. ZOR0012	ZOR0012	PACBIO_SMRT	Sequel II	706340150.0	97807.0	WGS	GENOMIC	SINGLE	Genome seq of Shewanella sp. ZOR0012
SRR7183054	SRX4099834	SRS3315968	SRP148449	PRJNA471595	Thermomonas aquatica	SY21	PACBIO_SMRT	PacBio RS II	530532718.0	51170.0	WGS	GENOMIC	SINGLE	Thermomonas sp.
SRR21472663	SRX17476542	SRS15029792	SRP396115	PRJNA868296	Stenotrophomonas sp. GD03930	GD03930	OXFORD_NANOPORE	MinION	246925505.0	45910.0	WGS	GENOMIC	SINGLE	WGS of Stenotrophomonas species
SRR31402561	SRX26771677	SRS21448456	SRP510300	PRJNA1114737	Bacteroides sp. 263	263	OXFORD_NANOPORE	MinION	461539463.0	57070.0	WGS	GENOMIC	SINGLE	nanopore reads for wgs of liver abscess isolate Bpur 263
ERR16064624	ERX15454806	ERS28397759	ERP173262	PRJEB90249	Staphylococcus aureus		OXFORD_NANOPORE	GridION	452209958.0	95280.0	WGS	GENOMIC	SINGLE	GridION sequencing
SRR12502385	SRX8993865	SRS7247802	SRP278508	PRJNA656092	Microbacterium hominis	01094	OXFORD_NANOPORE	MinION	1363691845.0	215994.0	WGS	GENOMIC	SINGLE	Nanopore sequencing of the genome of a M. hominis isolate from RCAM.
ERR10676181	ERX10143945	ERS14333280	ERP143248	PRJEB58185	Campylobacter coli		OXFORD_NANOPORE	MinION	310417086.0	515643.0	WGS	GENOMIC	PAIRED	MinION paired end sequencing
SRR35574280	SRX30647168	SRS26670412	SRP625638	PRJNA1320685	Escherichia coli	MB06234	OXFORD_NANOPORE	MinION	2428908098.0	346919.0	WGS	GENOMIC	SINGLE	ONT Long-Read DNA Sequencing of MB06234 Dorado SUP basecalling
SRR27755684	SRX23420768	SRS20275765	SRP151512	PRJNA478278	Salmonella enterica	CD14.112	OXFORD_NANOPORE	MinION	1029459279.0	337187.0	WGS	GENOMIC	SINGLE	WGS of Salmonella enterica
SRR3441703	SRX1727942	SRS1324863	SRP050002	PRJNA266616	Bordetella pertussis		PACBIO_SMRT	PacBio RS II	740744739.0	163482.0	WGS	GENOMIC	SINGLE	
ERR4762143	ERX4635247	ERS5247749	ERP124695	PRJEB40976	Enterococcus faecalis		OXFORD_NANOPORE	GridION	597313255.0	53499.0	WGS	GENOMIC	SINGLE	GridION sequencing; Raw reads: 26975_1#105
SRR6786650	SRX3746072	SRS3002486	SRP133392	PRJNA433676	Enterococcus faecium		PACBIO_SMRT	PacBio RS II	1388422958.0	163482.0	WGS	GENOMIC	SINGLE	Cross-sectional study of vancomycin-resistant Enterococcus faecium in Victoria, Australia (Nov-Dec.2015).
SRR19816836	SRX15860496	SRS12115266	SRP361569	PRJNA768416	Paenibacillus sp. FSL R5-0810	FSL R5-0810	OXFORD_NANOPORE	MinION	731212739.0	183093.0	WGS	GENOMIC	SINGLE	WGS of Bacilli
SRR23576511	SRX19463317	SRS16855940	SRP423236	PRJNA935862	Sinorhizobium numidicum	CIP 109850	OXFORD_NANOPORE	MinION	1137159815.0	315111.0	WGS	GENOMIC	SINGLE	Nanopore sequencing of Sinorhizobium numidicum CIP 109850
SRR24139973	SRX19938432	SRS17287141	SRP247747	PRJNA604975	Escherichia coli	ox_bsi_423	OXFORD_NANOPORE	GridION	189997321.0	117853.0	WGS	GENOMIC	SINGLE	oxford_bsi
SRR32177079	SRX27522307	SRS23940250	SRP560714	PRJNA1216752	Klebsiella pneumoniae	I238	PACBIO_SMRT	Revio	1081438711.0	124325.0	WGS	GENOMIC	SINGLE	WGS of Klebsiella pneumoniae I238
SRR12207343	SRX8718155	SRS6993752	SRP271537	PRJNA645814	Francisella tularensis subsp. holarctica	19KM1151	PACBIO_SMRT	Sequel	1057008874.0	259012.0	WGS	GENOMIC	SINGLE	WGS of Francisella
SRR30149628	SRX25617439	SRS21937518	SRP518730	PRJNA1133668	Klebsiella pneumoniae	ST258KP66	OXFORD_NANOPORE	MinION	217288181.0	28321.0	WGS	GENOMIC	SINGLE	Nanopore sequencing of clinical CRE isolates: human
SRR32972719	SRX28245837	SRS24593501	SRP576427	PRJNA1190511	Yersinia pestis	2330	PACBIO_SMRT	PacBio RS II	1287877264.0	125005.0	WGS	GENOMIC	SINGLE	WGS of Yersinia pestis: cultured strain 2330
ERR7012632	ERX6582865	ERS7984798	ERP132348	PRJEB48023	Escherichia coli		OXFORD_NANOPORE	MinION	2787426149.0	474342.0	WGS	GENOMIC	SINGLE	MinION sequencing
ERR160000	ERX135925	ERS088717	ERP001163	PRJEB2848	Staphylococcus aureus subsp. aureus TW20	TW20	PACBIO_SMRT	PacBio RS	150866679.0	81741.0	WGS	GENOMIC	SINGLE	
DRR129662	DRX122400	DRS063746	DRP004276	PRJDB5783	Vibrio rumoiensis	FERM P-14531	OXFORD_NANOPORE	MinION	837603769.0	192869.0	WGS	GENOMIC	SINGLE	MinION sequencing of SAMD00080447
SRR24474995	SRX20261233	SRS17592025	SRP436581	PRJNA967113	Enterobacter hormaechei	CPO225	OXFORD_NANOPORE	MinION	693819139.0	40510.0	WGS	GENOMIC	SINGLE	WGS of bacterial isolate possessing blaNDM carbapenemase
SRR3721642	SRX1879502	SRS1526587	SRP077261	PRJNA195768	Psychrobacter muriicola 2pS	2pS	PACBIO_SMRT	PacBio RS	402717788.0	184306.0	WGS	GENOMIC	SINGLE	Psychrobacter muriicola 2pS
SRR11460740	SRX8038085	SRS6015394	SRP242738	PRJNA602061	Escherichia coli	201609	OXFORD_NANOPORE	GridION	110715227.0	8000.0	WGS	GENOMIC	SINGLE	Genome of E.coli ST648
SRR4097329	SRX2066402	SRS1657680	SRP083542	PRJNA294254	Pseudomonas aeruginosa	PA_D5	PACBIO_SMRT	PacBio RS II	629883497.0	52137.0	WGS	GENOMIC	SINGLE	Pseudomonas aeruginosa clinical isolate from ventilator-associated pneumonia patient PA_D5
SRR498166	SRX148635	SRS281883	SRP013241	PRJNA73829	Vibrio cholerae		PACBIO_SMRT	PacBio RS	1070924.0	3360.0	WGS	GENOMIC	SINGLE	Whole Genome Sequencing for N5 (strobe)
SRR389237	SRX032453	SRS140102	SRP004712	PRJNA61297	Vibrio cholerae O1 biovar El Tor		PACBIO_SMRT	PacBio RS	46947273.0	60667.0	WGS	GENOMIC	SINGLE	Sequencing for M4 (Bangladesh, 2008)
SRR12298430	SRX8801637	SRS6792793	SRP266402	PRJNA605147	Escherichia coli	RHBSTW-00093	OXFORD_NANOPORE	GridION	822285650.0	109277.0	WGS	GENOMIC	SINGLE	OXFORD_NANOPORE sequencing of Escherichia coli isolate WTP5|T1-00093 cultured from WTP effluent sample
SRR26895494	SRX22589742	SRS19596618	SRP473162	PRJNA1043403	Klebsiella pneumoniae	DD01910	OXFORD_NANOPORE	MinION	1212089521.0	291579.0	WGS	GENOMIC	SINGLE	Nanopre Sequencing of Hypervirulent and Carbapenem-resistant Klebsiella pneumoniae
SRR13955664	SRX10334101	SRS8453820	SRP310443	PRJNA714107	Mannheimia haemolytica	1342	PACBIO_SMRT	PacBio RS II	467315995.0	75625.0	WGS	GENOMIC	SINGLE	PacBio reads of M. haemolytica
SRR27204784	SRX22884538	SRS19856860	SRP477894	PRJNA1039159	Enterococcus faecalis	ES-109	OXFORD_NANOPORE	GridION	1258440066.0	161359.0	WGS	GENOMIC	SINGLE	Whole genome sequencing of Enterococcus faecalls:ES-109
SRR32649590	SRX27954013	SRS24319920	SRP569572	PRJNA1234539	Pseudomonas siliginis	3c1	PACBIO_SMRT	Sequel II	1162421349.0	113858.0	WGS	GENOMIC	SINGLE	Whole genome sequencing of Strain 3c1
SRR26466670	SRX22170676	SRS19228440	SRP467877	PRJNA1031010	Staphylococcus haemolyticus	30	OXFORD_NANOPORE	MinION	78984383.0	8533.0	WGS	GENOMIC	SINGLE	Nanopore WGS of S. haemolyticus
SRR31024201	SRX26411362	SRS22931316	SRP539092	PRJNA1174068	Vibrio cholerae	mHDM VC166	OXFORD_NANOPORE	PromethION	325180098.0	130192.0	WGS	GENOMIC	SINGLE	WGS of Vcholerae isolates
ERR11040309	ERX10476154	ERS14796115	ERP145810	PRJEB60752	Escherichia coli		OXFORD_NANOPORE	MinION	263235658.0	59063.0	WGS	GENOMIC	SINGLE	Raw reads: J001_[Oxford_Nanopore]
SRR27379308	SRX23055743	SRS20015734	SRP480616	PRJNA1055176	Escherichia coli	Not available	OXFORD_NANOPORE	MinION	1803350367.0	341573.0	WGS	GENOMIC	SINGLE	Whole genome sequence of E. coli
SRR10211200	SRX6931044	SRS5461339	SRP191068	PRJNA528511	Escherichia coli	GTEN_299	OXFORD_NANOPORE	GridION	491244367.0	158304.0	WGS	GENOMIC	SINGLE	Global TravEpiNet AMR surveillance Genome sequencing and assembly
SRR13448508	SRX9861661	SRS8041853	SRP295672	PRJNA681856	Salmonella enterica subsp. diarizonae	LHICA_D1	OXFORD_NANOPORE	MinION	21260711.0	4000.0	WGS	GENOMIC	SINGLE	WGS of Salmonella Lhica D1_15
SRR11531524	SRX8102582	SRS6468488	SRP255655	PRJNA622823	Dolichospermum flos-aquae CCAP 1403/13F	CCAP 1403/13f	PACBIO_SMRT	PacBio RS II	787783561.0	163482.0	WGS	GENOMIC	SINGLE	SMRTAflI
SRR37087768	SRX32034144	SRS27973368	SRP670347	PRJNA1303956	Lactobacillus crispatus	CTV05	OXFORD_NANOPORE	MinION	2491950709.0	941274.0	WGS	GENOMIC	SINGLE	Nanopore sequencing of Lactobacillus crispatus strain CTV05
SRR19548056	SRX15600169	SRS13301149	SRP378656	PRJNA844881	Shewanella sp. S32_bc27	S32_bc27	OXFORD_NANOPORE	PromethION	1176547443.0	132570.0	WGS	GENOMIC	SINGLE	Whole Genomic sequencing of Bacteria: Salmon gut
SRR8504955	SRX5308832	SRS4306338	SRP182869	PRJNA516746	Escherichia coli	U12A	PACBIO_SMRT	PacBio RS II	4954670629.0	490446.0	WGS	GENOMIC	SINGLE	PacBio Sequence read data for E. coli ST131 str. U12A
SRR29782111	SRX25281981	SRS21963801	SRP519339	PRJNA1004202	Streptomyces sp. RLA039	RLA039	OXFORD_NANOPORE	MinION	523298489.0	142137.0	WGS	GENOMIC	SINGLE	Genome sequencing of RLA039 [RHK-2043]
SRR24557205	SRX20341160	SRS17660420	SRP437676	PRJNA962303	Methylorubrum extorquens	E5	PACBIO_SMRT	Sequel II	219598592.0	33281.0	WGS	GENOMIC	SINGLE	Whole genome sequencing of M. extorquens DM4 polA evolved strain E5
SRR5087353	SRX2404604	SRS1843827	SRP094755	PRJNA353060	Klebsiella pneumoniae		OXFORD_NANOPORE	MinION	205705578.0	40619.0	WGS	GENOMIC	SINGLE	
ERR16137077	ERX15526743	SRS10826731	ERP187675	PRJEB106623	Neisseria gonorrhoeae		OXFORD_NANOPORE	MinION	197289976.0	33413.0	WGS	GENOMIC	SINGLE	Raw reads: FFF005
SRR24007046	SRX19810444	SRS17171502	SRP429992	PRJNA950057	Burkholderia vietnamiensis	BUV56_M1	PACBIO_SMRT	Sequel	896056069.0	183986.0	WGS	GENOMIC	SINGLE	Genome sequencing of Burkholderia vietnamiensis: serially collected isolates from a single patient
SRR498175	SRX148635	SRS281883	SRP013241	PRJNA73829	Vibrio cholerae		PACBIO_SMRT	PacBio RS	1447585.0	3954.0	WGS	GENOMIC	SINGLE	Whole Genome Sequencing for N5 (strobe)
SRR387169	SRX109924	SRS281278	SRP001087	PRJNA40075	Escherichia coli str. K-12 substr. MG1655	K-12	PACBIO_SMRT	PacBio RS	78768421.0	81741.0	WGS	GENOMIC	SINGLE	Whole Genome Sequencing and Assembly
SRR31480967	SRX26849356	SRS23333073	SRP547242	PRJNA1188493	Bacillus cereus	C411	OXFORD_NANOPORE	GridION	2038200426.0	416568.0	WGS	GENOMIC	SINGLE	WGS of Bacillus Cereus
DRR318263	DRX307619	DRS325236	DRP010506	PRJDB12084	Actinomyces capricornis	MAS-1	PACBIO_SMRT	Sequel	397626586.0	41676.0	WGS	GENOMIC	SINGLE	Sequel sequencing of SAMD00394826
SRR19184048	SRX15249120	SRS12981659	SRP375062	PRJNA837734	Listeria monocytogenes	BL87/015	OXFORD_NANOPORE	MinION	90544997.0	36748.0	WGS	GENOMIC	SINGLE	Nanopore sequencing of Listeria monocytogenes
SRR27352659	SRX23029109	SRS19990993	SRP480168	PRJNA1057299	Clostridioides difficile	cd230105_barcode31	OXFORD_NANOPORE	MinION	349474641.0	153361.0	WGS	GENOMIC	SINGLE	Clostridioides difficile strain cd230105_barcode31
DRR629286	DRX609613	DRS438835	DRP012484	PRJDB19189	Mycobacterium avium subsp. hominissuis	GA61908	OXFORD_NANOPORE	MinION	386934608.0	62840.0	WGS	GENOMIC	SINGLE	MinION sequencing of SAMD00833339
DRR183327	DRX173808	DRS114526	DRP005625	PRJDB8496	Rhodothermus marinus	AA3-38	OXFORD_NANOPORE	GridION	2872108015.0	467442.0	WGS	GENOMIC	SINGLE	GridION sequencing of SAMD00177811
SRR3586072	SRX1799474	SRS1267684	SRP043214	PRJNA252728	Clostridium sporogenes	missing	PACBIO_SMRT	PacBio RS II	418113538.0	163482.0	WGS	GENOMIC	SINGLE	MG004 PacBio A01_2
SRR25514213	SRX21244649	SRS18478384	SRP452910	PRJNA1001143	Edwardsiella piscicida	NBRC 12716	OXFORD_NANOPORE	MinION	511307328.0	51867.0	WGS	GENOMIC	SINGLE	Nanopore sequencing of Edwardsiella sp. NBRC12716
SRR21630036	SRX17630659	SRS14987038	SRP354045	PRJNA747871	Streptomyces flaveus	NBC_00770	OXFORD_NANOPORE	MinION	618385581.0	121704.0	WGS	GENOMIC	SINGLE	nanopore sequencing data from strain NBC_00770
SRR5192554	SRX2508247	SRS1932352	SRP094389	PRJNA355405	Pseudomonas sp. S04	S04	PACBIO_SMRT	PacBio RS II	887040686.0	163482.0	WGS	GENOMIC	SINGLE	Pseudomonas species S04, PacBio SMRTcell1
SRR13289807	SRX9718939	SRS7253004	SRP278657	PRJNA658369	Klebsiella pneumoniae	ARLG-4877	OXFORD_NANOPORE	GridION	1964136193.0	298393.0	WGS	GENOMIC	SINGLE	ONT seq of K. pneumoniae
SRR36797875	SRX31784473	SRS27747174	SRP661661	PRJNA1389824	Enterobacter ludwigii		OXFORD_NANOPORE	MinION	432756091.0	168727.0	WGS	GENOMIC	SINGLE	evolved microcosm clones
SRR18729848	SRX14829881	SRS12585849	SRP369762	PRJNA825705	Klebsiella pneumoniae	ST-104	OXFORD_NANOPORE	MinION	7870267800.0	893113.0	WGS	GENOMIC	SINGLE	ONT sequencing of Klebsiella pneumoniae: sample KLPN-M83
SRR19184203	SRX15249281	SRS12981751	SRP375062	PRJNA837734	Listeria monocytogenes	Isolate 10/1	OXFORD_NANOPORE	MinION	309987946.0	84835.0	WGS	GENOMIC	SINGLE	Nanopore sequencing of Listeria monocytogenes
SRR12298458	SRX8801609	SRS6792629	SRP266402	PRJNA605147	Escherichia coli	RHB22-C01	OXFORD_NANOPORE	GridION	570687929.0	133124.0	WGS	GENOMIC	SINGLE	OXFORD_NANOPORE sequencing of Escherichia coli isolate RH07|T2-C01 cultured from Cattle faeces sample
SRR21902597	SRX17888653	SRS15405850	SRP388495	PRJNA862336	mixed culture metagenome		OXFORD_NANOPORE	MinION	143274744.0	31145.0	WGS	GENOMIC	SINGLE	mixed cultured bacteria
ERR10499068	ERX10016357	ERS14255563	ERP142629	PRJEB57633	Escherichia coli		OXFORD_NANOPORE	GridION	68179114.0	10900.0	WGS	GENOMIC	SINGLE	Raw reads: ONT_30821_1#85
SRR15390484	SRX11692699	SRS9724294	SRP331760	PRJNA725623	Xanthomonas oryzae	PXO99A-gx	PACBIO_SMRT	Sequel	1162120421.0	145826.0	WGS	GENOMIC	SINGLE	Xanthomonas oryzae pv. GX99
SRR32857419	SRX28139105	SRS24493675	SRP573064	PRJNA1241873	Klebsiella pneumoniae		OXFORD_NANOPORE	GridION	489898036.0	116525.0	WGS	GENOMIC	SINGLE	Whole genome sequencing of Klebsiella pneumoniae
SRR3790971	SRX1916648	SRS1549891	SRP078161	PRJNA219701	Alteromonadaceae bacterium 1120W.S.0a.04	1120W.S.0a.04	PACBIO_SMRT	PacBio RS	164861069.0	54713.0	WGS	GENOMIC	SINGLE	Alteromonadaceae bacterium 1120W.S.0a.04
SRR19816840	SRX15860492	SRS12115296	SRP361569	PRJNA768416	Paenibacillus sp. FSL L8-0641	FSL L8-0641	OXFORD_NANOPORE	MinION	487041549.0	186678.0	WGS	GENOMIC	SINGLE	WGS of Bacilli
SRR12298681	SRX8801896	SRS6792154	SRP266402	PRJNA605147	Enterobacter roggenkampii	RHBSTW-00685	OXFORD_NANOPORE	GridION	826403480.0	267256.0	WGS	GENOMIC	SINGLE	OXFORD_NANOPORE sequencing of Enterobacter cloacae isolate WTP2|T2-00685 cultured from WTP effluent sample
SRR34827285	SRX29959718	SRS26039963	SRP605729	PRJNA1299779	Brucella	Brucella abortus	OXFORD_NANOPORE	GridION	553023742.0	140471.0	WGS	GENOMIC	SINGLE	One Health Enteric sample from Brucella
SRR13448720	SRX9861811	SRS8041966	SRP295672	PRJNA681856	Salmonella enterica	LHICA_E3	OXFORD_NANOPORE	MinION	35790106.0	4000.0	WGS	GENOMIC	SINGLE	WGS of Salmonella Lhica E3_85
SRR27972717	SRX23626448	SRS20465942	SRP489819	PRJNA1076692	Citrobacter freundii	RIVM_C051022_dorado	OXFORD_NANOPORE	MinION	422849069.0	123957.0	WGS	GENOMIC	SINGLE	RIVM_C051022_dorado
SRR28331554	SRX23939824	SRS20743863	SRP495027	PRJNA1086569	Bacillus anthracis	Sterne-CLR1-12	OXFORD_NANOPORE	MinION	206452429.0	55917.0	WGS	GENOMIC	SINGLE	Nanopore WGS of Bacillus anthracis
SRR2119615	SRX1100516	SRS995067	SRP061308	PRJNA290306	Acinetobacter baumannii	XH856	PACBIO_SMRT	PacBio RS II	763760811.0	163482.0	WGS	GENOMIC	SINGLE	Acinetobacter baumannii Genome sequencing XH856 (OXA-23)
SRR3441702	SRX1727941	SRS1324863	SRP050002	PRJNA266616	Bordetella pertussis		PACBIO_SMRT	PacBio RS II	1150613937.0	163482.0	WGS	GENOMIC	SINGLE	
SRR386623	SRX109832	SRS004883	SRP001079	PRJNA40077	Cereibacter sphaeroides 2.4.1	2.4.1	PACBIO_SMRT	PacBio RS	81370329.0	81741.0	WGS	GENOMIC	SINGLE	Whole Genome Sequencing and Assembly
SRR3741182	SRX1895993	SRS1539279	SRP077832	PRJNA195700	Methylocystis sp. LW5	LW5	PACBIO_SMRT	PacBio RS	137442826.0	76009.0	WGS	GENOMIC	SINGLE	Methylocystis sp. LW5
SRR29316951	SRX24833659	SRS21545492	SRP512379	PRJNA1121190	Vibrio cholerae	124Vc02	OXFORD_NANOPORE	PromethION	971264989.0	155240.0	WGS	GENOMIC	SINGLE	WGS of Vcholerae isolates
SRR498149	SRX148635	SRS281883	SRP013241	PRJNA73829	Vibrio cholerae		PACBIO_SMRT	PacBio RS	491345.0	1313.0	WGS	GENOMIC	SINGLE	Whole Genome Sequencing for N5 (strobe)
ERR3965044	ERX3968387	ERS4359508	ERP120218	PRJEB36951	Escherichia coli		OXFORD_NANOPORE	MinION	483492574.0	30687.0	WGS	GENOMIC	SINGLE	MinION sequencing; Raw reads: SC443
SRR4947543	SRX2328710	SRS1784115	SRP092629	PRJNA352565	Coxiella burnetii	RSA439	PACBIO_SMRT	PacBio RS II	874218462.0	163482.0	WGS	GENOMIC	SINGLE	WGS of Coxiella burnetii: phase II (clone 4)
ERR14720770	ERX14122195	ERS23803693	ERP170064	PRJEB86764	Pseudomonas aeruginosa		OXFORD_NANOPORE	MinION	689523008.0	211574.0	WGS	GENOMIC	SINGLE	EXP-2-1-2025-03-12_12-02-44
SRR387040	SRX109937	SRS281278	SRP001087	PRJNA40075	Escherichia coli str. K-12 substr. MG1655	K-12	PACBIO_SMRT	PacBio RS	143919027.0	81741.0	WGS	GENOMIC	SINGLE	Whole Genome Sequencing and Assembly
SRR21836398	SRX17825422	SRS15349091	SRP401461	PRJNA813952	Microbacterium oxydans	SV-Bl-I9Y	OXFORD_NANOPORE	MinION	683933536.0	200211.0	WGS	GENOMIC	SINGLE	Whole Genome Sequencing of Imidacloprid-remediating Bacteria
SRR13289827	SRX9718919	SRS7252291	SRP278657	PRJNA658369	Klebsiella pneumoniae	ARLG-3224	OXFORD_NANOPORE	GridION	2248358775.0	250293.0	WGS	GENOMIC	SINGLE	ONT seq of K. pneumoniae
SRR35636519	SRX30690643	SRS26709553	SRP628106	PRJNA1333581	Streptomyces sp. H72	H72	OXFORD_NANOPORE	MinION	681517793.0	106020.0	WGS	GENOMIC	SINGLE	WGS of Streptomyces sp. H72: 30 cm subsurface soil, Atacama Desert, Chile
SRR28434904	SRX24038542	SRS20831689	SRP497546	PRJNA1091452	Enterococcus faecium	EF39-PS	OXFORD_NANOPORE	MinION	1036798395.0	100979.0	WGS	GENOMIC	SINGLE	ONT performance study sequencing of E.faecium
SRR4156301	SRX2133040	SRS1669398	SRP085661	PRJNA311446	Cohaesibacter sp. ES.047	ES.047	PACBIO_SMRT	PacBio RS	268156159.0	98453.0	WGS	GENOMIC	SINGLE	Cohaesibacter sp. ES.047
ERR13744142	ERX13145554	ERS16082397	ERP149426	PRJEB64289	Klebsiella pneumoniae		PACBIO_SMRT	Sequel IIe	949119340.0	109509.0	WGS	GENOMIC	SINGLE	Sequel IIe sequencing
ERR2125869	ERX2182721	ERS1726462	ERP005928	PRJEB6403	Haemophilus parainfluenzae	NCTC10665	PACBIO_SMRT	PacBio RS	39960273.0	163482.0	WGS	GENOMIC	SINGLE	PacBio RS sequencing
SRR31147028	SRX26528687	SRS23038735	SRP513684	PRJNA1122997	Enterobacter kobei		OXFORD_NANOPORE	GridION	154685536.0	17052.0	WGS	GENOMIC	SINGLE	Ambler class C-type beta-lactamases in Enterobacter spp. in the Netherlands, 2012-2023
SRR21415735	SRX17420145	SRS12115331	SRP361569	PRJNA768416	Cytobacillus sp. FSL R7-0680	FSL R7-0680	OXFORD_NANOPORE	MinION	584222559.0	149173.0	WGS	GENOMIC	SINGLE	WGS of Bacilli
DRR185757	DRX176236	DRS103870	DRP005282	PRJDB8572	Neisseria gonorrhoeae		OXFORD_NANOPORE	MinION	1330669375.0	169731.0	WGS	GENOMIC	SINGLE	MinION sequencing of SAMD00179626
SRR33769355	SRX28991823	SRS25210276	SRP444583	PRJNA962904	Escherichia coli		PACBIO_SMRT	Sequel II	178014860.0	8656.0	WGS	GENOMIC	SINGLE	PacBio sequencing of A215003HC1 for ARCH 2
SRR13675949	SRX10065366	SRS8227412	SRP305648	PRJNA661596	Escherichia coli	A-1-8-1	OXFORD_NANOPORE	GridION	891884596.0	91084.0	WGS	GENOMIC	SINGLE	GridION-sequencing of A-1-8-1
SRR9290553	SRX6060107	SRS4873348	SRP200324	PRJNA546081	Streptomyces prasinus	ATCC 13879	PACBIO_SMRT	PacBio RS II	778563556.0	141028.0	WGS	GENOMIC	SINGLE	genome-seq of Streptomyces prasinus
SRR385993	SRX109798	SRS001120	SRP000361	PRJNA32935	Enterococcus casseliflavus EC20	899205	PACBIO_SMRT	PacBio RS	29497136.0	81741.0	WGS	GENOMIC	SINGLE	Whole Genome Sequencing and Assembly
SRR34958588	SRX30078431	SRS26144957	SRP608376	PRJNA1295998	Escherichia coli	G4	OXFORD_NANOPORE	GridION	127088593.0	95163.0	WGS	GENOMIC	SINGLE	WGS of E. coli
SRR25017226	SRX20772355	SRS18022375	SRP444920	PRJNA722847	Porphyromonas gingivalis	LyG-1	PACBIO_SMRT	Sequel	843094211.0	158345.0	WGS	GENOMIC	SINGLE	DNA-Seq of  P. gingivalis: adult male dental plaque
SRR23384531	SRX19323130	SRS16720967	SRP421698	PRJNA924056	Serratia nevei	CPO458	OXFORD_NANOPORE	MinION	830562237.0	91747.0	WGS	GENOMIC	SINGLE	WGS of bacterial isolate possessing blaIMP-4 carbapenemase
ERR15682219	ERX15086646	ERS26973186	ERP171481	PRJEB88388	Brevundimonas sp. R-91698	R-91698	OXFORD_NANOPORE	MinION	660183115.0	253589.0	WGS	GENOMIC	SINGLE	Raw reads: Brevundimonas sp. R-91698
ERR5190301	ERX4995148	ERS5602976	ERP126547	PRJEB42655	Escherichia coli		OXFORD_NANOPORE	MinION	1116692184.0	168860.0	WGS	GENOMIC	SINGLE	MinION sequencing
SRR13328074	SRX9755138	SRS7944848	SRP299781	PRJNA684363	Bacillus sp. TH54	TH54	OXFORD_NANOPORE	MinION	872161574.0	364113.0	WGS	GENOMIC	SINGLE	WGS of Bacillus sp. : bacterial isolate
ERR12778152	ERX12151342	ERS18592083	ERP158783	PRJEB74087	Streptomyces sp. enrichment culture		PACBIO_SMRT	Revio	884605495.0	134451.0	WGS	GENOMIC	SINGLE	Raw reads: SwissS5.1_2088
SRR28036847	SRX23688308	SRS20496057	SRP490411	PRJNA1078256	Escherichia coli	21F61	OXFORD_NANOPORE	MinION	2095017730.0	312489.0	WGS	GENOMIC	SINGLE	ONT sequencing of Escherichia coli: 21F61
SRR20504816	SRX16528668	SRS14163734	SRP387740	PRJNA858643	Salmonella enterica subsp. enterica serovar Kentucky	KCID6	OXFORD_NANOPORE	GridION	1035611985.0	204583.0	WGS	GENOMIC	SINGLE	WGS nanopore reads Salmonella KCID65
SRR14883167	SRX11200247	SRS9241018	SRP324698	PRJNA736395	Escherichia coli O111:H8	99.1145	PACBIO_SMRT	PacBio RS II	4203937804.0	326964.0	WGS	GENOMIC	SINGLE	Genome sequencing of E. coli O111 serotypes
ERR10497800	ERX10015089	ERS14254787	ERP142629	PRJEB57633	Escherichia coli		OXFORD_NANOPORE	GridION	111946798.0	15620.0	WGS	GENOMIC	SINGLE	Raw reads: ONT_30224_1#221
SRR26950696	SRX22644510	SRS19641537	SRP474291	PRJNA1043871	Bacillus sp. PBL-C9	PBL-C9	OXFORD_NANOPORE	MinION	289606.0	106.0	WGS	GENOMIC	SINGLE	Bacillus sp. PBL-C9 Genome sequencing and assembly
SRR28096033	SRX23742261	SRS20569317	SRP491770	PRJNA1078842	Burkholderia pseudomallei	SiteE-2C	OXFORD_NANOPORE	MinION	112328769.0	16246.0	WGS	GENOMIC	SINGLE	WGS of Burkholderia pseudomallei isolate: environmental soil sample
SRR34268847	SRX29442642	SRS25588616	SRP595615	PRJNA1280179	Pseudomonas aeruginosa	CF-sbj14-Pa1-l	OXFORD_NANOPORE	GridION	1612999069.0	262899.0	WGS	GENOMIC	SINGLE	Plasmid-mediated extreme resistance development within lung
ERR12488057	ERX11864140	ERS17744606	ERP153002	PRJEB67987	Mycobacterium tuberculosis		OXFORD_NANOPORE	MinION	508281604.0	120499.0	WGS	GENOMIC	SINGLE	MinION sequencing
ERR10498392	ERX10015681	ERS14255441	ERP142629	PRJEB57633	Escherichia coli		OXFORD_NANOPORE	GridION	111980591.0	16392.0	WGS	GENOMIC	SINGLE	Raw reads: ONT_30345_1#286
SRR10096476	SRX6828648	SRS5361182	SRP161673	PRJNA292663	Escherichia coli	CVM N16EC0879	PACBIO_SMRT	Sequel	2548997795.0	490164.0	WGS	GENOMIC	SINGLE	Quinolone resistant E.coli
SRR932093	SRX320102	SRS456497	SRP022914	PRJNA203445	Listeria monocytogenes	J2-064	PACBIO_SMRT	PacBio RS	184919994.0	81741.0	WGS	GENOMIC	SINGLE	Listeria monocytogenes Strain J2-064
SRR16525704	SRX12728295	SRS10336620	SRP357534	PRJNA801415	Escherichia coli	372	OXFORD_NANOPORE	GridION	1739594817.0	276710.0	WGS	GENOMIC	SINGLE	Extensive diversification and dissemination of blaNDM carbapenemase plasmids in Enterobacterales in Singapore 2010-2015
SRR34748770	SRX29882632	SRS25984576	SRP604180	PRJNA1195694	Salmonella enterica	COFI-RLBCAU-I	OXFORD_NANOPORE	PromethION	21392928201.0	10901160.0	WGS	GENOMIC	SINGLE	Salmonella enterica strain:COFI-RLBCAU-I subsp. enterica serovar Richmond Genome sequencing
SRR3820665	SRX1922164	SRS1551616	SRP078186	PRJNA223144	Methylobacter tundripaludum 21/22	21/22	PACBIO_SMRT	PacBio RS	170766800.0	65503.0	WGS	GENOMIC	SINGLE	Methylobacter tundripaludum 21/22
SRR15031916	SRX11343463	SRS9383692	SRP326726	PRJNA737600	Streptomyces sp. GMY02	GMY02	OXFORD_NANOPORE	GridION	8564389.0	4000.0	WGS	GENOMIC	SINGLE	WGS Streptomyces sp. GMY02
SRR13575511	SRX9973351	SRS8145954	SRP303741	PRJNA695586	Streptococcus pyogenes	M4C20	OXFORD_NANOPORE	MinION	3260855.0	4000.0	WGS	GENOMIC	SINGLE	Whole genome sequence of Streptococcus pyogenes strain M4C20
ERR12670840	ERX12044972	ERS18300009	ERP149678	PRJEB64503	Haemophilus parainfluenzae ATCC 33392	HUB-HP16847	OXFORD_NANOPORE	MinION	74261107.0	15244.0	WGS	GENOMIC	SINGLE	MinION sequencing
SRR12298619	SRX8801958	SRS6792566	SRP266402	PRJNA605147	Escherichia coli	RHB33-C09	OXFORD_NANOPORE	GridION	1196646521.0	259168.0	WGS	GENOMIC	SINGLE	OXFORD_NANOPORE sequencing of Escherichia coli isolate RH14|T3-C09 cultured from Sheep faeces sample
SRR932066	SRX320106	SRS456501	SRP022914	PRJNA203445	Listeria monocytogenes	R2-502	PACBIO_SMRT	PacBio RS	248267872.0	81741.0	WGS	GENOMIC	SINGLE	Listeria monocytogenes Strain R2-502
SRR20083790	SRX16121509	SRS13783909	SRP385998	PRJNA857878	Klebsiella pneumoniae	F35	OXFORD_NANOPORE	MinION	1032605396.0	204695.0	WGS	GENOMIC	SINGLE	F35
SRR35984610	SRX31033900	SRS27023889	SRP643310	PRJNA1344059	Bradyrhizobium diazoefficiens	USDA 443	PACBIO_SMRT	Sequel IIe	988278638.0	101142.0	WGS	GENOMIC	SINGLE	Bradyrhizobium japonicum USDA 443
SRR9974520	SRX6721775	SRS5274067	SRP216572	PRJNA556977	Bordetella pertussis	NZ62	OXFORD_NANOPORE	MinION	701236981.0	87777.0	WGS	GENOMIC	SINGLE	ONT sequencing of Bordetella pertussis NZ16
SRR35556625	SRX30631435	SRS19728021	SRP150360	PRJNA475751	Klebsiella pneumoniae	KLP00689	OXFORD_NANOPORE	MinION	167481602.0	22298.0	WGS	GENOMIC	SINGLE	WGS Sequencing of Klebsiella pneumoniae
ERR15094529	ERX14499127	ERS24813735	ERP119900	PRJEB36683	Klebsiella pneumoniae 11227-1		OXFORD_NANOPORE	PromethION	601098808.0	212745.0	WGS	GENOMIC	SINGLE	Raw reads: RKPB442_L
SRR33769507	SRX28991855	SRS22455812	SRP444583	PRJNA962904	Escherichia coli		PACBIO_SMRT	Sequel II	879106283.0	62625.0	WGS	GENOMIC	SINGLE	PacBio sequencing of AH0398HE1 for ARCH 2
SRR35737841	SRX30787074	SRS26801260	SRP630567	PRJNA1337272	Salmonella enterica subsp. enterica serovar Thompson	not applicable	OXFORD_NANOPORE	GridION	119242884.0	84660.0	WGS	GENOMIC	SINGLE	Nanopore whole genome sequencing of Salmonella enterica subspecies enterica isolate 1938693-3
SRR30058050	SRX25531926	SRS22184871	SRP523423	PRJNA1142578	Streptococcus pneumoniae	MA0147A	OXFORD_NANOPORE	PromethION	34102785.0	58424.0	WGS	GENOMIC	SINGLE	Cas9
SRR386153	SRX109861	SRS002764	SRP001666	PRJNA32461	Coprobacillus cateniformis	D6	PACBIO_SMRT	PacBio RS	52693312.0	81741.0	WGS	GENOMIC	SINGLE	Whole Genome Sequencing and Assembly
SRR33768579	SRX28990897	SRS22397589	SRP444583	PRJNA962904	Escherichia coli		PACBIO_SMRT	Sequel II	188446547.0	8939.0	WGS	GENOMIC	SINGLE	PacBio sequencing of A154007HE3 for ARCH 2
SRR24140161	SRX19938916	SRS17287626	SRP247747	PRJNA604975	Escherichia coli	ox_bsi_449	OXFORD_NANOPORE	GridION	1463094964.0	252433.0	WGS	GENOMIC	SINGLE	oxford_bsi
SRR364949	SRX032454	SRS140103	SRP004712	PRJNA61297	Vibrio cholerae O1 biovar El Tor str. N16961	N16961	PACBIO_SMRT	PacBio RS	48194215.0	60667.0	WGS	GENOMIC	SINGLE	Sequencing for N5 (Bangladesh, 1971)
SRR21362419	SRX17368034	SRS14917036	SRP361569	PRJNA768416	Paenibacillus sp. FSL H7-0350	FSL H7-0350	OXFORD_NANOPORE	MinION	242606455.0	44337.0	WGS	GENOMIC	SINGLE	WGS of Bacilli
SRR27142791	SRX22824558	SRS15258756	SRP051099	PRJNA269675	Yersinia intermedia	SCPM-O-B-8114 (334)	OXFORD_NANOPORE	MinION	817452134.0	68907.0	WGS	GENOMIC	SINGLE	2023 Sample 446
SRR32364765	SRX27699381	SRS21131121	SRP444583	PRJNA962904	Escherichia coli		PACBIO_SMRT	Sequel II	129682665.0	6110.0	WGS	GENOMIC	SINGLE	PacBio sequencing of CS5632E1 for ARCH 1.0
ERR10498064	ERX10015353	ERS14254362	ERP142629	PRJEB57633	Escherichia coli		OXFORD_NANOPORE	GridION	120646634.0	21172.0	WGS	GENOMIC	SINGLE	Raw reads: ONT_30348_1#377
SRR12298380	SRX8801687	SRS6792579	SRP266402	PRJNA605147	Klebsiella oxytoca	RHBSTW-00178	PACBIO_SMRT	PacBio RS II	780233464.0	97084.0	WGS	GENOMIC	SINGLE	PACBIO_SMRT sequencing of Klebsiella oxytoca isolate WTP1|T1-00178 cultured from WTP upstream sample
SRR9163324	SRX5936203	SRS4849277	SRP040661	PRJNA231221	Salmonella enterica	FDAARGOS_687	PACBIO_SMRT	PacBio RS	2240484865.0	163482.0	WGS	GENOMIC	SINGLE	
SRR19548106	SRX15600119	SRS13301099	SRP378656	PRJNA844881	Aliivibrio sp. A20_bc64	A20_bc64	OXFORD_NANOPORE	PromethION	766544183.0	71686.0	WGS	GENOMIC	SINGLE	Whole Genomic sequencing of Bacteria: Salmon gut
SRR17382553	SRX13556647	SRS11445171	SRP352845	PRJNA790681	Kibdelosporangium philippinense	ATCC 49844	OXFORD_NANOPORE	GridION	2403206705.0	289296.0	WGS	GENOMIC	SINGLE	Genome sequencing of Kibdelosporangium philippinense ATCC 49844 pure culture
SRR30934824	SRX26337485	SRS22863377	SRP537571	PRJNA1168290	Paenibacillus sp. TAB_01	TAB_01	OXFORD_NANOPORE	MinION	1727387.0	196.0	WGS	GENOMIC	SINGLE	Paenibacillus sp. TAB 01 from cotton plant tissue
ERR13600665	ERX12971688	ERS15600154	ERP132614	PRJEB48268	Klebsiella pneumoniae		OXFORD_NANOPORE	GridION	1041453158.0	53541.0	WGS	GENOMIC	SINGLE	GridION sequencing
DRR482583	DRX466809	DRS312824	DRP010188	PRJDB15932	Campylobacter jejuni	BCH-11531	OXFORD_NANOPORE	MinION	87154386.0	13611.0	WGS	GENOMIC	SINGLE	SSUB025744: Campylobacter jejuni BCH-11531
SRR1004214	SRX361059	SRS488061	SRP030620	PRJNA187357	Ehrlichia japonica	HF	PACBIO_SMRT	PacBio RS	388815634.0	81741.0	WGS	GENOMIC	SINGLE	
SRR2819692	SRX1384616	SRS1134921	SRP040661	PRJNA231221	Acinetobacter sp. FDAARGOS_131	FDAARGOS_131	PACBIO_SMRT	PacBio RS	1023098292.0	163482.0	WGS	GENOMIC	SINGLE	
SRR12298987	SRX8802226	SRS6792655	SRP266402	PRJNA605147	Enterobacter sp. RHBSTW-01064	RHBSTW-01064	OXFORD_NANOPORE	GridION	210819692.0	51246.0	WGS	GENOMIC	SINGLE	OXFORD_NANOPORE sequencing of Enterobacter sp. isolate WTP2|T3-01064 cultured from WTP effluent sample
SRR35106679	SRX30215442	SRS26273211	SRP611182	PRJNA1249055	Yersinia pestis	8_YP55_NP	OXFORD_NANOPORE	PromethION	628156832.0	79720.0	WGS	GENOMIC	SINGLE	WGS of Yersinia pestis from great gerbil (Rhombomys opimus)
SRR5419948	SRX2711478	SRS2103210	SRP040661	PRJNA231221	Klebsiella oxytoca	FDAARGOS_335	PACBIO_SMRT	PacBio RS	833673932.0	163482.0	WGS	GENOMIC	SINGLE	
SRR4156835	SRX2134100	SRS1669558	SRP085753	PRJNA323209	Thermoflexus hugenholtzii	G233	PACBIO_SMRT	PacBio RS	258371589.0	122664.0	WGS	GENOMIC	SINGLE	Chloroflexi sp. G233
DRR124519	DRX117322	DRS059083	DRP004068	PRJDB6740	Sphingobium sp. YG1	YG1	PACBIO_SMRT	PacBio RS II	3331614668.0	163482.0	WGS	GENOMIC	SINGLE	PacBio RS II sequencing of SAMD00112194
SRR12164097	SRX8679588	SRS6958665	SRP270651	PRJNA616582	Micrococcus yunnanensis	DSM 21948	PACBIO_SMRT	PacBio RS II	981037538.0	258524.0	WGS	GENOMIC	SINGLE	Micrococcus yunnanensis DSM 21948
SRR6995003	SRX3929736	SRS3163154	SRP133836	PRJNA316321	Pseudomonas aeruginosa	AR_460	PACBIO_SMRT	PacBio RS	2189703261.0	163482.0	WGS	GENOMIC	SINGLE	
SRR29316735	SRX24833408	SRS21545239	SRP512379	PRJNA1121190	Vibrio cholerae	112Vc04	OXFORD_NANOPORE	PromethION	216484131.0	101492.0	WGS	GENOMIC	SINGLE	WGS of Vcholerae isolates
SRR31598856	SRX26963630	SRS23433342	SRP549287	PRJNA1185485	Escherichia coli	194	OXFORD_NANOPORE	PromethION	1256266922.0	295998.0	WGS	GENOMIC	SINGLE	Kleb-3R-barcode16
SRR33300120	SRX28545208	SRS24844361	SRP581013	PRJNA1255117	Staphylococcus aureus	Staphylococcus	OXFORD_NANOPORE	GridION	454429750.0	145700.0	WGS	GENOMIC	SINGLE	WGS of S. aureus sample 65
SRR25890265	SRX21610574	SRS18783801	SRP458186	PRJNA1012291	Staphylococcus	Staphylococcus aureus	OXFORD_NANOPORE	MinION	854476029.0	1113417.0	WGS	GENOMIC	SINGLE	Nanopore sequencing data of MRSA
SRR29692378	SRX25195445	SRS21884630	SRP517753	PRJNA1131358	Bilophila wadsworthia	27234	OXFORD_NANOPORE	MinION	1228771340.0	70309.0	WGS	GENOMIC	SINGLE	B. wadsworthia full genome
SRR27972602	SRX23625851	SRS20466056	SRP489819	PRJNA1076692	Escherichia coli	RIVM_C059151_dorado	OXFORD_NANOPORE	MinION	78891365.0	23521.0	WGS	GENOMIC	SINGLE	RIVM_C059151_dorado
SRR12123717	SRX8645053	SRS6928592	SRP269469	PRJNA643374	Salmonella enterica subsp. enterica serovar Saintpaul	3543	OXFORD_NANOPORE	MinION	68933495.0	42197.0	WGS	GENOMIC	SINGLE	WGS of S. Saintpaul
SRR22190945	SRX18169477	SRS15668742	SRP303037	PRJNA694442	Salmonella enterica		OXFORD_NANOPORE	GridION	841950539.0	99706.0	WGS	GENOMIC	SINGLE	Multiplex WGS of Salmonella
ERR10498970	ERX10016259	ERS14255529	ERP142629	PRJEB57633	Escherichia coli		OXFORD_NANOPORE	GridION	65137741.0	13133.0	WGS	GENOMIC	SINGLE	Raw reads: ONT_30821_1#135
SRR25939900	SRX21658729	SRS18814347	SRP458791	PRJNA1013472	Aeromonas allosaccharophila	0057-6	OXFORD_NANOPORE	MinION	110712.0	141.0	WGS	GENOMIC	SINGLE	Nanopore MinION sequencing of Aeromonas allosaccharophila isolated from Canadian food samples in 2018
SRR13192565	SRX9626894	SRS7827983	SRP295672	PRJNA681856	Salmonella enterica	LHICA_E1	OXFORD_NANOPORE	MinION	12232430.0	4000.0	WGS	GENOMIC	SINGLE	WGS of Salmonella enterica Lhica E163
ERR5671470	ERX5386963	ERS5752942	ERP126298	PRJEB42440	Enterobacter cloacae		OXFORD_NANOPORE	GridION	828920536.0	97434.0	WGS	GENOMIC	SINGLE	GridION sequencing
SRR28249924	SRX23860567	SRS20679581	SRP458718	PRJNA1013328	Escherichia coli	Escherichia coli BL21(DE3)	OXFORD_NANOPORE	PromethION	861441324.0	135728.0	WGS	GENOMIC	SINGLE	Long read WGS sequencing for genomic insertion assay: genomeinsertion-bRNA-3-RTG7.biorep2.techrep1
SRR35674133	SRX30725533	SRS26742236	SRP561673	PRJNA1219398	Pasteurella multocida	192126	OXFORD_NANOPORE	MinION	229511673.0	26091.0	WGS	GENOMIC	SINGLE	DNA-Seq of Pasteurella multocida 192126
SRR16525575	SRX12728424	SRS10336883	SRP357534	PRJNA801415	Enterobacter cloacae	94	OXFORD_NANOPORE	GridION	902068452.0	144056.0	WGS	GENOMIC	SINGLE	Extensive diversification and dissemination of blaNDM carbapenemase plasmids in Enterobacterales in Singapore 2010-2015
SRR6032550	SRX3182682	SRS2511326	SRP117609	PRJNA388336	Sinorhizobium meliloti	M270	PACBIO_SMRT	PacBio RS II	774079581.0	163482.0	WGS	GENOMIC	SINGLE	Ensifer meliloti PacBio Sequencing
SRR13575491	SRX9973371	SRS8145954	SRP303741	PRJNA695586	Streptococcus pyogenes	M4C20	OXFORD_NANOPORE	MinION	2789614.0	4000.0	WGS	GENOMIC	SINGLE	Whole genome sequence of Streptococcus pyogenes strain M4C20
SRR16602885	SRX12803964	SRS10749524	SRP343516	PRJNA775652	Ralstonia solanacearum	UW81	PACBIO_SMRT	PacBio RS	3425484764.0	332312.0	WGS	GENOMIC	SINGLE	Cool-virulence in Ralstonia solanacearum
SRR35213313	SRX30317044	SRS26363979	SRP615992	PRJNA1301220	Acinetobacter baumannii	ABO21-A039	OXFORD_NANOPORE	MinION	163860908.0	46644.0	WGS	GENOMIC	SINGLE	Whole geneme sequencing of Acinetobacter baumannii: isolates of the Ab-One study
ERR1876249	ERX1936774	ERS1587253	ERP021956	PRJEB19887	Kingella denitrificans		OXFORD_NANOPORE	MinION	66070422.0	26293.0	WGS	GENOMIC	SINGLE	MinION sequencing
SRR30200679	SRX25663704	SRS22306254	SRP525621	PRJNA1133913	Klebsiella pneumoniae	24_kpn	OXFORD_NANOPORE	GridION	333860940.0	31435.0	WGS	GENOMIC	SINGLE	ONT seq of kpn:urine
ERR10854396	ERX10299163	ERS7358039	ERP109413	PRJEB27342	Raoultella ornithinolytica		PACBIO_SMRT	Sequel II	8945298607.0	2733603.0	WGS	GENOMIC	SINGLE	Sequel II sequencing
SRR26660965	SRX22361185	SRS19409252	SRP469975	PRJNA1032127	Candidatus Thioglobus autotrophicus	EF3	OXFORD_NANOPORE	MinION	1395547476.0	424316.0	WGS	GENOMIC	SINGLE	Complete Genome Sequence: Isolate T. autotrophicus strain EF3
ERR15991587	ERX15386693	ERS28170773	ERP184281	PRJEB102899	Pseudomonas aeruginosa		OXFORD_NANOPORE	MinION	791721037.0	82883.0	WGS	GENOMIC	SINGLE	MinION sequencing
SRR4235060	SRX2156359	SRS1686332	SRP088395	PRJNA323038	Pseudomonas mucidolens	LMG 2223	PACBIO_SMRT	PacBio RS	784299568.0	271244.0	WGS	GENOMIC	SINGLE	Pseudomonas mucidolens LMG 2223
ERR10820919	ERX10266519	ERS7104700	ERP109413	PRJEB27342	Klebsiella variicola subsp. variicola		PACBIO_SMRT	Sequel II	4223037668.0	931617.0	WGS	GENOMIC	SINGLE	Sequel II sequencing
SRR33223728	SRX28470819	SRS24790844	SRP579950	PRJNA1253082	Streptococcus pneumoniae		OXFORD_NANOPORE	MinION	103834948.0	109890.0	WGS	GENOMIC	SINGLE	WGS of Streptococcus pneumoniae
SRR31599618	SRX26964064	SRS23433777	SRP549287	PRJNA1185485	Escherichia coli	1	OXFORD_NANOPORE	PromethION	395301947.0	87223.0	WGS	GENOMIC	SINGLE	2ndManhole-barcode01
SRR32204061	SRX27545750	SRS23960614	SRP561120	PRJNA1214876	Ekhidna algicida	To15	OXFORD_NANOPORE	MinION	35463607.0	4000.0	WGS	GENOMIC	SINGLE	Ekhidna algicida strain To15 genome
SRR27784339	SRX23449169	SRS20101303	SRP482875	PRJNA1037062	Pseudomonas aeruginosa	PS03096	OXFORD_NANOPORE	MinION	1468175877.0	523922.0	WGS	GENOMIC	SINGLE	WGS of bacterial isolate: Environmental isolate
SRR6985732	SRX3925596	SRS3159774	SRP133836	PRJNA316321	Pseudomonas aeruginosa	AR_0447	PACBIO_SMRT	PacBio RS	1583587459.0	163482.0	WGS	GENOMIC	SINGLE	
ERR16086374	ERX15476162	ERS26050548	ERP178906	PRJEB96157	Klebsiella pneumoniae		OXFORD_NANOPORE	MinION	104218562.0	12818.0	WGS	GENOMIC	SINGLE	MinION sequencing
SRR13575311	SRX9973551	SRS8145954	SRP303741	PRJNA695586	Streptococcus pyogenes	M4C20	OXFORD_NANOPORE	MinION	3296558.0	4000.0	WGS	GENOMIC	SINGLE	Whole genome sequence of Streptococcus pyogenes strain M4C20
SRR30040118	SRX25514858	SRS21840227	SRP516844	PRJNA1129555	Xanthomonas	NCPPB 2654	OXFORD_NANOPORE	PromethION	613143220.0	129394.0	WGS	GENOMIC	SINGLE	Genome sequencing of NCPPB 2654
SRR25936445	SRX21655307	SRS18823690	SRP458978	PRJNA1013226	Pseudomonas syringae pv. actinidiae	QSY6	PACBIO_SMRT	PacBio RS	2411980962.0	379542.0	WGS	GENOMIC	SINGLE	Genomic sequence data of Pseudomonas syringae pv. actinidiae str. QSY6
SRR32164153	SRX27509464	SRS23928331	SRP560556	PRJNA1147241	Duganella sp. Dugasp78	CT11-78	OXFORD_NANOPORE	MinION	194272712.0	58406.0	WGS	GENOMIC	SINGLE	wheat associated bacteria:Duganella sp.
ERR690969	ERX635949	ERS523592	ERP005928	PRJEB6403	Klebsiella pneumoniae subsp. pneumoniae	NCTC9504	PACBIO_SMRT	PacBio RS	1085422982.0	163482.0	WGS	GENOMIC	SINGLE	PacBio RS sequencing
ERR13600765	ERX12971788	ERS5520843	ERP126193	PRJEB42350	Klebsiella pneumoniae		OXFORD_NANOPORE	GridION	309804378.0	11289.0	WGS	GENOMIC	SINGLE	GridION sequencing
SRR10520598	SRX7205370	SRS5709776	SRP231881	PRJNA556438	Listeria monocytogenes	AUSMDU00007774	PACBIO_SMRT	PacBio RS II	3268210679.0	163482.0	WGS	GENOMIC	SINGLE	WGS of AUSMDU00007774: PacBio
SRR35050638	SRX30164828	SRS26225339	SRP610172	PRJNA342676	Borreliella burgdorferi	B500	PACBIO_SMRT	PacBio RS II	858454966.0	123754.0	WGS	GENOMIC	SINGLE	"=""Genome sequencing of Borreliella burgdorferi: ""&B3"
ERR2528511	ERX2547392	ERS515506	ERP107863	PRJEB25895	Escherichia coli		PACBIO_SMRT	PacBio RS	713319050.0	163482.0	WGS	GENOMIC	SINGLE	PacBio RS sequencing
SRR31235423	SRX26615410	SRS23113932	SRP543347	PRJNA1182389	Escherichia coli	NEB 10-beta	OXFORD_NANOPORE	MinION	3520919.0	1940.0	WGS	GENOMIC	SINGLE	Long Read Sequencing of synthetic plasmid
ERR2831552	ERX2838306	ERS2630969	ERP017350	PRJEB15537	Streptococcus pneumoniae		PACBIO_SMRT	Sequel	395425959.0	260289.0	WGS	GENOMIC	SINGLE	Sequel sequencing
SRR19349813	SRX15408620	SRS12115300	SRP361569	PRJNA768416	Paenibacillus sp. FSL M7-0420	FSL M7-0420	OXFORD_NANOPORE	MinION	327835388.0	66324.0	WGS	GENOMIC	SINGLE	WGS of Bacilli
ERR10499582	ERX10016864	ERS14256907			Escherichia coli		OXFORD_NANOPORE	GridION	519156271.0	52067.0	WGS	GENOMIC	SINGLE	GridION sequencing; Raw reads: ONT_30348_1#93
SRR14766081	SRX11099523	SRS9146305	SRP322962	PRJNA735604	Vibrio alginolyticus	K01M1	PACBIO_SMRT	Sequel	1418699015.0	353260.0	WGS	GENOMIC	SINGLE	VALG PacBio-Seq
SRR24139802	SRX19938603	SRS17287311	SRP247747	PRJNA604975	Escherichia coli	ox_bsi_383	OXFORD_NANOPORE	GridION	767340422.0	247121.0	WGS	GENOMIC	SINGLE	oxford_bsi
SRR33768792	SRX28991286	SRS22455820	SRP444583	PRJNA962904	Escherichia coli		PACBIO_SMRT	Sequel II	168678175.0	8806.0	WGS	GENOMIC	SINGLE	PacBio sequencing of AH0473HE2 for ARCH 2
SRR19816849	SRX15860483	SRS12115407	SRP361569	PRJNA768416	Bacillus sp. FSL M8-0054		OXFORD_NANOPORE	MinION	554580578.0	168962.0	WGS	GENOMIC	SINGLE	WGS of Bacilli
ERR10498198	ERX10015487	ERS14254558	ERP142629	PRJEB57633	Escherichia coli		OXFORD_NANOPORE	GridION	85608187.0	16826.0	WGS	GENOMIC	SINGLE	Raw reads: ONT_30821_1#207
SRR21415564	SRX17420316	SRS12115066	SRP361569	PRJNA768416	Paenibacillus sp. FSL H8-0079		OXFORD_NANOPORE	MinION	543316902.0	109462.0	WGS	GENOMIC	SINGLE	WGS of Bacilli
ERR15597771	ERX15000967	ERS26882684	ERP164381	PRJEB80367	Klebsiella pneumoniae	PBIO4067	OXFORD_NANOPORE	MinION	1758549003.0	143488.0	WGS	GENOMIC	SINGLE	MinION sequencing
SRR29726897	SRX25229043	SRS21915558	SRP518338	PRJNA1132578	Salmonella enterica subsp. enterica	N22-2407	OXFORD_NANOPORE	MinION	384122278.0	40047.0	WGS	GENOMIC	SINGLE	Long read WGS of Salmonella enterica: isolate N22-2407
SRR33300133	SRX28545195	SRS24844349	SRP581013	PRJNA1255117	Staphylococcus aureus	Staphylococcus	OXFORD_NANOPORE	GridION	293808402.0	75101.0	WGS	GENOMIC	SINGLE	WGS of S. aureus sample 53
SRR30602136	SRX26024801	SRS22596510	SRP497400	PRJNA1090919	Bosea sp. (in: a-proteobacteria)	UC22_33	OXFORD_NANOPORE	MinION	522180182.0	64970.0	WGS	GENOMIC	SINGLE	Whole_genome_33
ERR10791278	ERX10240588	ERS2651782	ERP104475	PRJEB22771	Streptococcus pneumoniae		PACBIO_SMRT	Sequel II	2085648648.0	312837.0	WGS	GENOMIC	SINGLE	Sequel II sequencing
SRR19820601	SRX15864320	SRS13525978	SRP361569	PRJNA768416	Paenibacillus sp. FSL R10-2771	FSL R10-2771	OXFORD_NANOPORE	MinION	206574765.0	33426.0	WGS	GENOMIC	SINGLE	WGS of Bacilli
SRR28434581	SRX24038393	SRS20831666	SRP497546	PRJNA1091452	Klebsiella pneumoniae	KP10-PS	OXFORD_NANOPORE	MinION	988913464.0	134668.0	WGS	GENOMIC	SINGLE	ONT performance study sequencing of K. pneumoniae
SRR33822592	SRX29043854	SRS25259226	SRP589762	PRJNA1271261	Burkholderia pseudomallei	PPS-00729	OXFORD_NANOPORE	GridION	467485076.0	100419.0	WGS	GENOMIC	SINGLE	ONT-WGS of Burkholderia pseudomallei: from  of
SRR4063159	SRX2052212	SRS1644578	SRP082775	PRJNA217215	Maribacter forsetii DSM 18668	DSM 18668	PACBIO_SMRT	PacBio RS	155010131.0	59830.0	WGS	GENOMIC	SINGLE	Maribacter forsetii DSM18668
SRR15415529	SRX11717516	SRS9747945	SRP332089	PRJNA528413	Escherichia coli O157:H7	F6294	PACBIO_SMRT	PacBio RS II	1514828159.0	163482.0	WGS	GENOMIC	SINGLE	Genome sequencing of E. coli O157:H7 and O55:H7 strains
ERR1543220	ERX1613985	ERS1123937	ERP005928	PRJEB6403	Escherichia coli	NCTC8959	PACBIO_SMRT	PacBio RS	1474086599.0	163482.0	WGS	GENOMIC	SINGLE	PacBio RS sequencing
SRR5825972	SRX3003768	SRS1832561	SRP094480	PRJNA279196	Bordetella pertussis	C742	PACBIO_SMRT	PacBio RS II	752802922.0	163482.0	WGS	GENOMIC	SINGLE	
SRR31599031	SRX26964053	SRS23433766	SRP549287	PRJNA1185485	Escherichia coli	812	OXFORD_NANOPORE	PromethION	1290524531.0	305518.0	WGS	GENOMIC	SINGLE	Wnew4R-barcode27
SRR33066895	SRX28331533	SRS24661176	SRP577698	PRJNA1248909	Klebsiella pneumoniae	N18-02681	OXFORD_NANOPORE	MinION	111085824.0	30557.0	WGS	GENOMIC	SINGLE	ONT MinION of Klebsiella pneumoniae
SRR29384806	SRX24898863	SRS21605120	SRP512887	PRJNA991498	Agrobacterium tumefaciens		PACBIO_SMRT	Sequel II	963226943.0	89892.0	WGS	GENOMIC	SINGLE	Long-read sequencing of Agrobacterium tumefaciens, Isolate 1 of Microcosm 3 of condition CAtCtMlBa
ERR15426956	ERX14830900	ERS25261097	ERP176764	PRJEB93885	Escherichia coli		OXFORD_NANOPORE	PromethION	1593073650.0	240072.0	WGS	GENOMIC	SINGLE	Raw reads: run0_pilot_96_ont_AF58
SRR13380261	SRX9803309	SRS7987583	SRP300808	PRJNA649533	Salmonella enterica		OXFORD_NANOPORE	GridION	798570592.0	192383.0	WGS	GENOMIC	SINGLE	ISF salmonella
SRR12280443	SRX8784273	SRS7053045	SRP272861	PRJNA646575	Bacteroides fragilis		OXFORD_NANOPORE	GridION	1054977972.0	115038.0	WGS	GENOMIC	SINGLE	WGS  of Bacteroides fragilis group clinical isolates
SRR16525805	SRX12728194	SRS10336770	SRP357534	PRJNA801415	Enterobacter cloacae	350	OXFORD_NANOPORE	GridION	463368819.0	163771.0	WGS	GENOMIC	SINGLE	Extensive diversification and dissemination of blaNDM carbapenemase plasmids in Enterobacterales in Singapore 2010-2015
ERR15465417	ERX14869312	ERS26347551	ERP179079	PRJEB96336	Klebsiella pneumoniae	EuSCAPE_FR018	OXFORD_NANOPORE	GridION	1134932315.0	205585.0	WGS	GENOMIC	SINGLE	GridION sequencing
ERR16064506	ERX15454688	ERS28397641	ERP173262	PRJEB90249	Escherichia coli		OXFORD_NANOPORE	GridION	740459242.0	323913.0	WGS	GENOMIC	SINGLE	GridION sequencing
SRR27972659	SRX23625794	SRS20466040	SRP489819	PRJNA1076692	Acinetobacter baumannii	RIVM_C055327_dorado	OXFORD_NANOPORE	MinION	121283736.0	33807.0	WGS	GENOMIC	SINGLE	RIVM_C055327_dorado
SRR22890817	SRX18848681	SRS16280049	SRP414793	PRJNA871981	plant metagenome		PACBIO_SMRT	Sequel	17864757.0	11806.0	WGS	GENOMIC	SINGLE	Microbial diversity of alfalfa
SRR35085854	SRX30199222	SRS26258958	SRP610631	PRJNA1309299	Citrobacter braakii	12151722_CB	OXFORD_NANOPORE	PromethION	1294070457.0	219101.0	WGS	GENOMIC	SINGLE	WGS of AB-resistant bacteria from meat
SRR31565378	SRX26931287	SRS23404797	SRP548643	PRJNA1192988	Vibrio cholerae	ZA17	OXFORD_NANOPORE	MinION	103408014.0	71994.0	WGS	GENOMIC	SINGLE	PulseNet Africa ONT sequencing of Vibrio cholerae isolates
SRR24235341	SRX20031510	SRS17370885	SRP433671	PRJNA957939	Acinetobacter baumannii		OXFORD_NANOPORE	PromethION	1730953539.0	142793.0	WGS	GENOMIC	SINGLE	Genome sequence of Acinetobacter baumannii
SRR27384758	SRX23061006	SRS20020855	SRP358974	PRJNA804245	Dolosigranulum savutiense	MSK294	OXFORD_NANOPORE	MinION	894592362.0	221861.0	WGS	GENOMIC	SINGLE	Bacterial stain isolates from human respiratory, skin, and other clinical samples.
ERR550503	ERX509572	ERS451419	ERP005928	PRJEB6403	Escherichia coli	NCTC9001	PACBIO_SMRT	PacBio RS	601099824.0	163482.0	WGS	GENOMIC	SINGLE	PacBio RS sequencing
SRR353445	SRX101292	SRS259597	SRP008033	PRJNA68213	Escherichia coli O104:H4 str. 09-7901	09-7901	PACBIO_SMRT	PacBio RS	93455324.0	81741.0	WGS	GENOMIC	SINGLE	Genome Sequencing and Assembly of E. coli O104:H4 strains
DRR665524	DRX645626	DRS481827	DRP011064	PRJDB17342	Escherichia coli	HR12-1	OXFORD_NANOPORE	MinION	880390160.0	96697.0	WGS	GENOMIC	SINGLE	MinION sequencing of SAMD00898859
ERR2532458	ERX2550879	ERS2419130	ERP005928	PRJEB6403	Vibrio cholerae non-O1	NCTC11348	PACBIO_SMRT	PacBio RS	966441725.0	163482.0	WGS	GENOMIC	SINGLE	PacBio RS sequencing
ERR4762224	ERX4635328	ERS5247727	ERP124695	PRJEB40976	Enterococcus faecalis		OXFORD_NANOPORE	GridION	668887388.0	47685.0	WGS	GENOMIC	SINGLE	GridION sequencing; Raw reads: 26975_2#148
SRR30463390	SRX25888570	SRS22459578	SRP515179	PRJNA1126331	Candidatus Acidiferrum sp.		PACBIO_SMRT	Sequel II	5775253.0	1.0	WGS	GENOMIC	SINGLE	HiFi.Melbourne_complete.11057
SRR11434957	SRX8013017	SRS6386597	SRP254342	PRJNA602597	Escherichia coli	E2348/69	PACBIO_SMRT	Sequel II	321970124903.0	29196806.0	WGS	GENOMIC	SINGLE	
SRR14294773	SRX10652698	SRS8748041	SRP315724	PRJNA720375	Bartonella henselae	FR96/BK3	PACBIO_SMRT	Sequel	154388787.0	19454.0	WGS	GENOMIC	SINGLE	Closed genome PacBio-sequencing of Bartonella henselae FR96/BK3
SRR33296613	SRX28541746	SRS24841572	SRP580922	PRJNA1254897	Salmonella enterica subsp. enterica serovar Typhimurium		OXFORD_NANOPORE	PromethION	2802436419.0	1012456.0	WGS	GENOMIC	SINGLE	KOM-AMR
SRR24139898	SRX19938507	SRS17287216	SRP247747	PRJNA604975	Escherichia coli	ox_bsi_589	OXFORD_NANOPORE	GridION	45781401.0	18268.0	WGS	GENOMIC	SINGLE	oxford_bsi
SRR942728	SRX327564	SRS468191	SRP028222	PRJNA51643	Salmonella enterica subsp. enterica serovar Newport str. USMARC-S3124.1	USMARC-S3124.1	PACBIO_SMRT	PacBio RS	172444755.0	81741.0	WGS	GENOMIC	SINGLE	Salmonella enterica Newport CLR Sequencing
DRR393625	DRX379444	DRS296958	DRP007849	PRJDB10842	Enterobacter hormaechei subsp. steigerwaltii	JBBCAAG-19-0002	OXFORD_NANOPORE	GridION	1134859870.0	132514.0	WGS	GENOMIC	SINGLE	GridION sequencing of SAMD00498274
SRR34709126	SRX29844194	SRS25947669	SRP603445	PRJNA1294324	Vibrio parahaemolyticus	SU37A	OXFORD_NANOPORE	MinION	839576028.0	205216.0	WGS	GENOMIC	SINGLE	WGS of Vibrio parahaemolyticus strain SU37A: Shrimp
SRR28445633	SRX24049268	SRS20840578	SRP497734	PRJNA1077798	Alteromonas gracilis	J4	OXFORD_NANOPORE	MinION	2429865.0	1000.0	WGS	GENOMIC	SINGLE	Alteromonas gracilis strain J4, whole genome Nanopore Sequencing
SRR28558243	SRX24157740	SRS20938741	SRP499797	PRJNA1068113	Xanthomonas sp. 10-10	10-10	PACBIO_SMRT	Sequel II	115326872.0	43597.0	WGS	GENOMIC	SINGLE	10-10 PacBio sequencing reads
ERR3685827	ERX3675431	ERS4047628	ERP114207	PRJEB31632	bacterium		OXFORD_NANOPORE	GridION	343345936.0	27813.0	WGS	GENOMIC	SINGLE	GridION sequencing
SRR12224172	SRX8734242	SRS7007851	SRP271971	PRJNA646346	Sphingomonas paucimobilis	Kira	OXFORD_NANOPORE	GridION	1199856145.0	121546.0	WGS	GENOMIC	SINGLE	Nanopore WGS of Sphingomonas paucimobilis
SRR901539	SRX306370	SRS445374	SRP026055	PRJNA203565	Mycobacteroides abscessus MAB_030201_1075	MAB_020201_1075	PACBIO_SMRT	PacBio RS	270594796.0	81741.0	WGS	GENOMIC	SINGLE	
ERR14720709	ERX14122134	ERS23803112	ERP170064	PRJEB86764	Klebsiella pneumoniae		OXFORD_NANOPORE	MinION	817659502.0	326564.0	WGS	GENOMIC	SINGLE	EXP-8-1-2025-03-12_10-45-00
SRR33768536	SRX28990940	SRS22456373	SRP444583	PRJNA962904	Escherichia coli		PACBIO_SMRT	Sequel II	515045925.0	28328.0	WGS	GENOMIC	SINGLE	PacBio sequencing of AH0832HE2 for ARCH 2
SRR2924940	SRX1438196	SRS1168868	SRP066392	PRJNA302679	Streptomyces hygroscopicus subsp. limoneus	KCTC 1717	PACBIO_SMRT	PacBio RS II	2522082711.0	163482.0	WGS	GENOMIC	SINGLE	Genome project of Streptomyces hygroscopicus subsp. limoneus KCTC 1717
ERR4586359	ERX4520199	ERS5060055	ERP123927	PRJEB40306	Serratia marcescens subsp. marcescens ATCC 13880	ATCC 13880	PACBIO_SMRT	PacBio RS II	1408579575.0	163482.0	WGS	GENOMIC	SINGLE	PacBio RS II sequencing; PacBio SMRT sequencing; Evolution of the bacterium Serratia marcescens under several experimental temperature treatments
SRR25466838	SRX21199582	SRS18458352	SRP452337	PRJNA1000618	Escherichia coli	Escherichia coli BL21(DE3)	OXFORD_NANOPORE	MinION	6611428.0	4000.0	WGS	GENOMIC	SINGLE	CASTVK transposition with different condition
ERR4763158	ERX4636211	ERS5247894	ERP124695	PRJEB40976	Enterococcus faecalis		OXFORD_NANOPORE	GridION	940180060.0	63253.0	WGS	GENOMIC	SINGLE	GridION sequencing; Raw reads: 28157_4#191
SRR32584318	SRX27890822	SRS24262149	SRP568071	PRJNA1231784	Mycobacterium	INH128ugmlmutant05	OXFORD_NANOPORE	GridION	330469796.0	47151.0	WGS	GENOMIC	SINGLE	Genome sequencing of Mycobacterium sp.
SRR16251420	SRX12531041	SRS10490082	SRP040661	PRJNA231221	Klebsiella quasipneumoniae	FDAARGOS_1503	PACBIO_SMRT	Sequel	2312892506.0	331515.0	WGS	GENOMIC	SINGLE	
SRR31648941	SRX27011918	SRS23476268	SRP550265	PRJNA1195821	Bartonella bacilliformis	UPCH_A02	OXFORD_NANOPORE	MinION	199472198.0	42503.0	WGS	GENOMIC	SINGLE	Genomic and functional characterization of clinical isolates of Bartonella spp. causing Carrion's disease in Peru
ERR15680831	ERX15085258	ERS26970850	ERP171481	PRJEB88388	Rhodococcus qingshengii	R-90016	OXFORD_NANOPORE	MinION	493534818.0	137854.0	WGS	GENOMIC	SINGLE	Raw reads: Rhodococcus qingshengii R-90016
SRR33210431	SRX28457793	SRS24779174	SRP579658	PRJNA1252136	Aeromonas veronii	A700241	OXFORD_NANOPORE	MinION	3287147899.0	773614.0	WGS	GENOMIC	SINGLE	WGS of Aeromonas veronii isolate from sample 700241
SRR33714384	SRX28939055	SRS25161532	SRP587900	PRJNA1268026	Escherichia coli	not applicable	OXFORD_NANOPORE	MinION	575584381.0	101712.0	WGS	GENOMIC	SINGLE	Long read sequencing of Escherichia coli: stool sample
SRR31599168	SRX26963916	SRS23433628	SRP549287	PRJNA1185485	Escherichia coli	326	OXFORD_NANOPORE	PromethION	380056931.0	78227.0	WGS	GENOMIC	SINGLE	manhole-barcode78
SRR8778559	SRX5568634	SRS4531573	SRP189320	PRJNA279680	Citrobacter sp. ABFQG	ABFQG	PACBIO_SMRT	PacBio RS II	1431737615.0	163482.0	WGS	GENOMIC	SINGLE	PacBio SMRT Sequencing of Citrobacter freundii complex ABFQG Genomic Library
SRR29316937	SRX24833673	SRS21545504	SRP512379	PRJNA1121190	Vibrio cholerae	125Vc05	OXFORD_NANOPORE	PromethION	1184893153.0	161682.0	WGS	GENOMIC	SINGLE	WGS of Vcholerae isolates
SRR24140167	SRX19938910	SRS17287619	SRP247747	PRJNA604975	Escherichia coli	ox_bsi_443	OXFORD_NANOPORE	GridION	216970097.0	90779.0	WGS	GENOMIC	SINGLE	oxford_bsi
SRR8797103	SRX5585936	SRS4547308	SRP189676	PRJNA529503	Escherichia coli	PigCaeca_1	PACBIO_SMRT	PacBio RS II	6415103445.0	856058.0	WGS	GENOMIC	SINGLE	PacBio sequencing of Enterobacteriaceae from pig caeca: isolate 1
SRR35032629	SRX30148863	SRS26210163	SRP609819	PRJNA1307872	Rhodococcus sp. (in: high G+C Gram-positive bacteria)		OXFORD_NANOPORE	MinION	505880011.0	62672.0	WGS	GENOMIC	SINGLE	BG-30_WGS
SRR30342798	SRX25801351	SRS22432827	SRP528120	PRJNA1150149	Enterococcus faecium	ST18	OXFORD_NANOPORE	MinION	223118467.0	35768.0	WGS	GENOMIC	SINGLE	ONT long-read sequencing of potential healthcare transmission pathogens
SRR35247022	SRX30349921	SRS26393038	SRP617101	PRJNA893741	Paraburkholderia sp. MM5496-R1	MM5496-R1	PACBIO_SMRT	Sequel IIe	737181898.0	69180.0	WGS	GENOMIC	SINGLE	Paraburkholderia tuberum MM5496-R1
SRR305912	SRX077040	SRS401892	SRP007207	PRJNA68253	Escherichia coli O104:H4 str. C227-11	C227-11	PACBIO_SMRT	PacBio RS	136921075.0	81741.0	WGS	GENOMIC	SINGLE	Whole Genome Sequencing of E. coli isolate C227-11 (Long subread)
SRR22997619	SRX18953710	SRS9835093	SRP272861	PRJNA646575	Bacteroides faecis	BFG-108	OXFORD_NANOPORE	GridION	647608362.0	77363.0	WGS	GENOMIC	SINGLE	gDNA nanopore sequencing of BFG isolate
SRR35785794	SRX30835045	SRS26843690	SRP632095	PRJNA1345082	Escherichia coli	13-2015-C34	OXFORD_NANOPORE	PromethION	23642081.0	7397.0	WGS	GENOMIC	SINGLE	WGS of persistently-infected Escherichia coli strain restreaks
DRR572470	DRX555937	DRS426402	DRP012251	PRJDB17574	Escherichia coli	YK-IS1MA-L09-3_G08	OXFORD_NANOPORE	MinION	23067779.0	1764.0	WGS	GENOMIC	SINGLE	nanopore-seq of SAMD00748219 L09-3_G8
SRR22859874	SRX18818710	SRS16251840	SRP414408	PRJNA914892	Staphylococcus aureus	C325	OXFORD_NANOPORE	MinION	182615465.0	39300.0	WGS	GENOMIC	SINGLE	Long read ONT WGS of Staphylococcus aureus isolates from Chronic Rhinosinusitis Patients
SRR498093	SRX148635	SRS281883	SRP013241	PRJNA73829	Vibrio cholerae		PACBIO_SMRT	PacBio RS	1543312.0	4289.0	WGS	GENOMIC	SINGLE	Whole Genome Sequencing for N5 (strobe)
SRR36722102	SRX31726391	SRS27695027	SRP660603	PRJNA1398820	Escherichia coli BL21(DE3)	BL21 (DE3)	OXFORD_NANOPORE	MinION	514278250.0	172716.0	WGS	GENOMIC	SINGLE	Whole-genome sequencing of phage-resistant E. coli BL21(DE3)
SRR35213397	SRX30316961	SRS26363896	SRP615992	PRJNA1301220	Acinetobacter baumannii	ABO21-E107	OXFORD_NANOPORE	MinION	304708129.0	54389.0	WGS	GENOMIC	SINGLE	Whole geneme sequencing of Acinetobacter baumannii: isolates of the Ab-One study
SRR26255273	SRX21965275	SRS3673348	SRP102667	PRJNA292664	Campylobacter jejuni	CVM N17C648	OXFORD_NANOPORE	MinION	148333147.0	13231.0	WGS	GENOMIC	SINGLE	Complete Genome of Campylobacter CVM N17C648
ERR15805358	ERX15204999	ERS27166948	ERP183293	PRJEB101885	Vibrio crassostreae		PACBIO_SMRT	Sequel	1428490711.0	403630.0	WGS	GENOMIC	SINGLE	Sequel sequencing
SRR23347690	SRX19289343	SRS16690584	SRP421131	PRJNA931653	Escherichia coli K-12	K-12	OXFORD_NANOPORE	GridION	26691854.0	4000.0	WGS	GENOMIC	SINGLE	Nanopore sequencing of Ciprofloxacin challenged E. coli
ERR15195390	ERX14601064	ERS25142047	ERP160948	PRJEB76420	Escherichia coli		OXFORD_NANOPORE	MinION			WGS	GENOMIC	SINGLE	MinION sequencing
DRR378574	DRX364475	DRS241812	DRP008598	PRJDB13586	Campylobacter jejuni	THJ020	OXFORD_NANOPORE	MinION	125170676.0	21751.0	WGS	GENOMIC	SINGLE	SSUB21860 : Campylobacter jejuni THJ020
SRR26255259	SRX21965289	SRS3530459	SRP102667	PRJNA292664	Campylobacter jejuni	CVM N17C184	OXFORD_NANOPORE	MinION	274150155.0	15405.0	WGS	GENOMIC	SINGLE	Complete Genome of Campylobacter CVM N17C184
ERR10498140	ERX10015429	ERS14254301	ERP142629	PRJEB57633	Escherichia coli		OXFORD_NANOPORE	GridION	141860447.0	28246.0	WGS	GENOMIC	SINGLE	Raw reads: ONT_30348_2#54
DRR287301	DRX276758	DRS318052	DRP010345	PRJDB10714	Annamia dubia NIES-4383	NIES-4383	OXFORD_NANOPORE	MinION	14591326.0	4000.0	WGS	GENOMIC	SINGLE	Annamia_sp_39
SRR11053616	SRX7703522	SRS6127600	SRP247985	PRJNA462551	Clostridium beijerinckii	DJ197	PACBIO_SMRT	PacBio RS II	614559239.0	143916.0	WGS	GENOMIC	SINGLE	Clostridium beijerinckii DJ197
SRR25466828	SRX21199592	SRS18458352	SRP452337	PRJNA1000618	Escherichia coli	Escherichia coli BL21(DE3)	OXFORD_NANOPORE	MinION	6565428.0	3999.0	WGS	GENOMIC	SINGLE	CASTVK transposition with different condition
SRR22121264	SRX18101001	SRS15603921	SRP405589	PRJNA895213	Segatella copri	N115-17	OXFORD_NANOPORE	GridION	600498745.0	192175.0	WGS	GENOMIC	SINGLE	WGS of Prevotella copri N115-17
SRR28800571	SRX24364338	SRS21121415	SRP503961	PRJNA1100578	Escherichia coli	UTAK-24	OXFORD_NANOPORE	PromethION	1859149856.0	230571.0	WGS	GENOMIC	SINGLE	WGS of multidrug-resistant STEC
SRR5420616	SRX2712113	SRS2103699	SRP103165	PRJNA381838	Pseudomonas aeruginosa	PASGNDM699	PACBIO_SMRT	PacBio RS II	2258106987.0	163482.0	WGS	GENOMIC	SINGLE	Genome sequencing of PASGNDM345 using Pacbio
ERR10497686	ERX10014975	ERS14254294	ERP142629	PRJEB57633	Escherichia coli		OXFORD_NANOPORE	GridION	129989057.0	22654.0	WGS	GENOMIC	SINGLE	Raw reads: ONT_30224_1#111
SRR15827976	SRX12119821	SRS10099903	SRP336307	PRJNA761884	Klebsiella pneumoniae	X_40	PACBIO_SMRT	PacBio RS II	1348310923.0	189831.0	WGS	GENOMIC	SINGLE	WGS of Klebsiella pneumoniae: sample C414
SRR8305862	SRX5120364	SRS2553155	SRP018785	PRJNA186035	Salmonella enterica subsp. enterica serovar Paratyphi B	SGSC 2233	PACBIO_SMRT	Sequel	877784998.0	119243.0	WGS	GENOMIC	SINGLE	Whole genome PacBio Sequel sequence of Salmonella enterica subsp. enterica serovar Paratyphi B
SRR12299027	SRX8802186	SRS6792279	SRP266402	PRJNA605147	Escherichia coli	RHB38-C17	OXFORD_NANOPORE	GridION	1021555474.0	282789.0	WGS	GENOMIC	SINGLE	OXFORD_NANOPORE sequencing of Escherichia coli isolate RH04|T3-C17 cultured from Pig faeces sample
SRR27972711	SRX23625742	SRS20465710	SRP489819	PRJNA1076692	Escherichia coli	RIVM_C055095_dorado	OXFORD_NANOPORE	MinION	209107294.0	54487.0	WGS	GENOMIC	SINGLE	RIVM_C055095_dorado
