srr_accession	srx_accession	srs_accession	srp_accession	bioproject	organism	strain	platform	instrument	total_bases	total_spots	library_strategy	library_source	library_layout	title
SRR31976286	SRX27331391	SRS23506592	SRP074197	PRJNA288601	Klebsiella pneumoniae	2024HL-01326	OXFORD_NANOPORE	MinION	459107394.0	48430.0	WGS	GENOMIC	SINGLE	Long read sequencing of carbapenemase producing organisms
SRR287757	SRX078303	SRS212389	SRP007207	PRJNA68253	Escherichia coli		PACBIO_SMRT	PacBio RS	205922171.0	81741.0	WGS	GENOMIC	SINGLE	Whole Genome Sequencing for C760-09
SRR12681504	SRX9161658	SRS7400563	SRP284173	PRJNA653000	Actinophytocola algeriensis	DSM 46746	PACBIO_SMRT	PacBio RS II	11665154375.0	3821499.0	WGS	GENOMIC	SINGLE	Actinophytocola algeriensis DSM 46746
SRR36466362	SRX31490012	SRS27471092	SRP655520	PRJNA1382140	Acinetobacter baumannii		OXFORD_NANOPORE	GridION	870436615.0	308026.0	WGS	GENOMIC	SINGLE	A. baumannii plasmid DNA methylation study
SRR21109521	SRX17122956	SRS14697096	SRP253134	PRJNA613115	Shigella sonnei	20-001-0088	OXFORD_NANOPORE	MinION	738079835.0	93523.0	WGS	GENOMIC	SINGLE	Whole genome sequencing of Shigella sonnei biotype G clinical isolates from Australia
SRR30357567	SRX25815600	SRS11763543	SRP255428	PRJNA541849	Corynebacterium belfantii	PC0635	PACBIO_SMRT	Sequel II	1256522945.0	58818.0	WGS	GENOMIC	SINGLE	Long-read sequencing of Corynebacterium belfantii PC0635
SRR15415566	SRX11717514	SRS9747943	SRP332089	PRJNA528413	Escherichia coli O157:H7	F3113	PACBIO_SMRT	PacBio RS II	2167197538.0	163482.0	WGS	GENOMIC	SINGLE	Genome sequencing of E. coli O157:H7 and O55:H7 strains
SRR27145206	SRX22826909	SRS19807646	SRP476599	PRJNA1050169	Citroniella saccharovorans	DSM 29873	OXFORD_NANOPORE	MinION	36798814.0	3835.0	WGS	GENOMIC	SINGLE	Nanopore MinION of C. saccharovorans
SRR11146897	SRX7783021	SRS6199692	SRP246080	PRJNA603908	Escherichia coli	p4A_4	OXFORD_NANOPORE	GridION	2100723459.0	278012.0	WGS	GENOMIC	SINGLE	ONT-seq of E. coli:p4A_4
SRR27459270	SRX23130926	SRS20082979	SRP482475	PRJNA1062401	Bacteroides xylanisolvens	M2H3	PACBIO_SMRT	Sequel IIe	2563197451.0	396840.0	WGS	GENOMIC	SINGLE	MICROBIAL-DERIVED IMMUNOSTIMULATORY SMALL MOLECULE SYNERGIZES WITH ANTI-PD-1 THERAPY IN LUNG CANCER
SRR21415978	SRX17420510	SRS12115050	SRP361569	PRJNA768416	Oceanobacillus sp. FSL K6-0118	FSL K6-0118	OXFORD_NANOPORE	MinION	300566710.0	124483.0	WGS	GENOMIC	SINGLE	WGS of Bacilli
DRR275259	DRX264843	DRS173605	DRP006554	PRJDB10561	Escherichia coli	missing	OXFORD_NANOPORE	MinION	221219069.0	72647.0	WGS	GENOMIC	SINGLE	MinION sequencing of SAMD00281864
SRR30278595	SRX25739326	SRS22379029	SRP526962	PRJNA1149113	Burkholderia pseudomallei	Bp	OXFORD_NANOPORE	PromethION	1306935961.0	165424.0	WGS	GENOMIC	SINGLE	Pathogen: clinical or host-associated sample from Burkholderia pseudomallei
SRR21563428	SRX17565748	SRS14987562	SRP354045	PRJNA747871	Streptomyces albidoflavus	NBC 01791	OXFORD_NANOPORE	MinION	719540846.0	92924.0	WGS	GENOMIC	SINGLE	nanopore sequencing data from strain NBC_01791
SRR24139807	SRX19938598	SRS17287307	SRP247747	PRJNA604975	Escherichia coli	ox_bsi_379	OXFORD_NANOPORE	GridION	165831987.0	144258.0	WGS	GENOMIC	SINGLE	oxford_bsi
SRR14766098	SRX11099506	SRS9146282	SRP322962	PRJNA735604	Vibrio alginolyticus	K01M1	PACBIO_SMRT	Sequel	1371254722.0	360085.0	WGS	GENOMIC	SINGLE	VALG PacBio-Seq
SRR35159707	SRX30264875	SRS26315790	SRP613362	PRJNA1311315	Yersinia pestis	1627_22C	OXFORD_NANOPORE	PromethION	1340639709.0	596554.0	WGS	GENOMIC	SINGLE	WGS of Y. pestis 1627 (22C)
ERR14720727	ERX14122152	ERS23803362	ERP170064	PRJEB86764	Klebsiella pneumoniae		OXFORD_NANOPORE	MinION	1512045156.0	361208.0	WGS	GENOMIC	SINGLE	EXP-18-1-2025-03-12_10-45-00
ERR1787509	ERX1851232	ERS1273874	ERP005928	PRJEB6403	Phocaeicola vulgatus	NCTC11154	PACBIO_SMRT	PacBio RS	379109300.0	163482.0	WGS	GENOMIC	SINGLE	PacBio RS sequencing
SRR12247554	SRX8755613	SRS6976227	SRP266402	PRJNA605147	Escherichia coli	RHB11-E4-C03	OXFORD_NANOPORE	GridION	2373358135.0	414694.0	WGS	GENOMIC	SINGLE	Oxford Nanopore sequencing of Escherichia coli isolate RH10|T1-E4C03 cultured from cattle farm sediment sample
SRR11658048	SRX8218973	SRS6577014	SRP259395	PRJNA255120	Paenibacillus sp. 32O-W	32O-W	PACBIO_SMRT	PacBio RS II	1044755086.0	163482.0	WGS	GENOMIC	SINGLE	Paenibacillus apiaries 320W
SRR22721369	SRX18682902	SRS16126081	SRP412907	PRJNA904380	Escherichia coli	ESBL22	OXFORD_NANOPORE	MinION	35563480.0	4000.0	WGS	GENOMIC	SINGLE	WGS of E. coli
ERR2237783	ERX2289950	ERS1554596	ERP005928	PRJEB6403	Helicobacter acinonychis	NCTC12686	PACBIO_SMRT	PacBio RS	736553942.0	163482.0	WGS	GENOMIC	SINGLE	PacBio RS sequencing
SRR33937027	SRX29139292	SRS25243703	SRP591361	PRJNA1162747	Acinetobacter baumannii	122217	OXFORD_NANOPORE	MinION	537267986.0	88205.0	WGS	GENOMIC	SINGLE	WGS-ONT of Acinetobacter baumannii
DRR595948	DRX576495	DRS450866	DRP012748	PRJDB16905	Micrococcus luteus	1F2-TY4	OXFORD_NANOPORE	MinION	703278288.0	56357.0	WGS	GENOMIC	SINGLE	MinION sequencing of SAMD00653968
SRR28415530	SRX24019905	SRS20798067	SRP496639	PRJNA1090044	Staphylococcus aureus	TUM22701	OXFORD_NANOPORE	MinION	505779462.0	140761.0	WGS	GENOMIC	SINGLE	ONT sequencing of Staphylococcus aureus TUM22701
SRR13192569	SRX9626890	SRS7827983	SRP295672	PRJNA681856	Salmonella enterica	LHICA_E1	OXFORD_NANOPORE	MinION	12520513.0	4000.0	WGS	GENOMIC	SINGLE	WGS of Salmonella enterica Lhica E159
SRR31599136	SRX26963948	SRS23433662	SRP549287	PRJNA1185485	Escherichia coli	501	OXFORD_NANOPORE	PromethION	825422175.0	146531.0	WGS	GENOMIC	SINGLE	R4R-barcode56
SRR27379429	SRX23055622	SRS20015656	SRP480616	PRJNA1055176	Escherichia coli	Not available	OXFORD_NANOPORE	MinION	897914390.0	209092.0	WGS	GENOMIC	SINGLE	Whole genome sequence of E. coli
SRR12032899	SRX8564193	SRS6856836	SRP267625	PRJNA639799	Escherichia coli O157:H7 str. EDL933	EDL933	OXFORD_NANOPORE	GridION	603270087.0	52434.0	WGS	GENOMIC	SINGLE	Precision long read metagenomics sequencing for food safety: detection and assembly of shiga toxin Escherichia coli in field irrigation water
SRR13957707	SRX10335970	SRS8455514	SRP300861	PRJNA663900	Enterococcus sp. DIV2467a	DIV2467a	OXFORD_NANOPORE	GridION	536105390.0	120737.0	WGS	GENOMIC	SINGLE	sequencing of enterococcal diversity
ERR10498542	ERX10015831	ERS14255312	ERP142629	PRJEB57633	Escherichia coli		OXFORD_NANOPORE	GridION	150454501.0	18612.0	WGS	GENOMIC	SINGLE	Raw reads: ONT_30348_2#241
SRR35628948	SRX30685086	SRS26704502	SRP627750	PRJNA1333901	Pseudomonas umsongensis	KH_026	OXFORD_NANOPORE	MinION	481290254.0	47217.0	WGS	GENOMIC	SINGLE	Oxford Nanopore sequences of cultivable bacteria collected in an iron ore mine and a crystal cave
SRR31834156	SRX27194508	SRS23258542	SRP074197	PRJNA288601	Klebsiella pneumoniae		OXFORD_NANOPORE	GridION	1505209478.0	250035.0	WGS	GENOMIC	SINGLE	Nanopore sequencing of ARLN isolate
SRR10039257	SRX6774307	SRS5321409	SRP219743	PRJNA546645	Streptomyces sp. S2-09	S2-09	PACBIO_SMRT	Sequel	2293666147.0	561745.0	WGS	GENOMIC	SINGLE	Streptomyces sp. S2-09
SRR6519471	SRX3607017	SRS2874245	SRP131199	PRJNA430813	Escherichia coli	ECONIH4	PACBIO_SMRT	PacBio RS II	370919406.0	163482.0	WGS	GENOMIC	SINGLE	PacBio SMRT Sequencing of Escherichia coli ECONIH4 Genomic Library
SRR36068086	SRX31114272	SRS27072669	SRP644837	PRJNA1364846	Enterococcus faecalis	GPT22-006	OXFORD_NANOPORE	GridION	292001941.0	92597.0	WGS	GENOMIC	SINGLE	Enterococcus faecalis, DBT kit, 24-plex and 200 ng DNA, replicate 5
SRR21362323	SRX17368130	SRS14917005	SRP361569	PRJNA768416	Paenibacillus sp. FSL P2-0136		OXFORD_NANOPORE	MinION	302587290.0	66175.0	WGS	GENOMIC	SINGLE	WGS of Bacilli
SRR5434252	SRX2724286	SRS1972498	SRP051650	PRJNA270494	Borreliella burgdorferi	B31_NRZ	OXFORD_NANOPORE	MinION	42776414.0	17489.0	WGS	GENOMIC	SINGLE	Borrelia burgdorferi sensu stricto genome sequencing
SRR13448631	SRX9861900	SRS8041966	SRP295672	PRJNA681856	Salmonella enterica	LHICA_E3	OXFORD_NANOPORE	MinION	35897174.0	4000.0	WGS	GENOMIC	SINGLE	WGS of Salmonella Lhica E3_73
SRR9722864	SRX6480345	SRS5130409	SRP215816	PRJNA470993	Staphylococcus aureus	pt197	PACBIO_SMRT	PacBio RS II	1155156155.0	161920.0	WGS	GENOMIC	SINGLE	WGS of Staphylococcus aureus
ERR4769767	ERX4639608	ERS5247718	ERP124695	PRJEB40976	Enterococcus faecalis		OXFORD_NANOPORE	GridION	740415317.0	29940.0	WGS	GENOMIC	SINGLE	GridION sequencing; Raw reads: 26975_2#45
SRR32385926	SRX27718412	SRS24111760	SRP564717	PRJNA1224760	Pseudomonas aeruginosa	P38	OXFORD_NANOPORE	MinION	335658102.0	97109.0	WGS	GENOMIC	SINGLE	Whole genome sequencing of P.aeruginosa isolate from Aquaculture farm
ERR1517154	ERX1588174	ERS1123924	ERP005928	PRJEB6403	Streptococcus pneumoniae	NCTC11904	PACBIO_SMRT	PacBio RS	1233730578.0	163482.0	WGS	GENOMIC	SINGLE	PacBio RS sequencing
SRR32409503	SRX27739865	SRS24128754	SRP565160	PRJNA1225906	Neisseria meningitidis		OXFORD_NANOPORE	GridION	882867613.0	237747.0	WGS	GENOMIC	SINGLE	WGS of Neisseria meningitids isolate
DRR161283	DRX151908	DRS115466	DRP005652	PRJDB7717	Mycobacterium lacus	JCM 15657	OXFORD_NANOPORE	MinION	544515000.0	88722.0	WGS	GENOMIC	SINGLE	MinION single end sequencing of SAMD00153198
SRR25466801	SRX21199620	SRS18458348	SRP452337	PRJNA1000618	Escherichia coli	Escherichia coli BL21(DE3)	OXFORD_NANOPORE	MinION	6189398.0	3998.0	WGS	GENOMIC	SINGLE	CASTVK transposition with different condition
SRR27372242	SRX23048760	SRS8986060	SRP071789	PRJNA315192	Escherichia coli	1173701	OXFORD_NANOPORE	MinION	967368839.0	177691.0	WGS	GENOMIC	SINGLE	Nanopore sequencing of E. coli/Shigella
SRR25466766	SRX21199655	SRS18458348	SRP452337	PRJNA1000618	Escherichia coli	Escherichia coli BL21(DE3)	OXFORD_NANOPORE	MinION	6212530.0	4000.0	WGS	GENOMIC	SINGLE	CASTVK transposition with different condition
SRR13386139	SRX9805290	SRS7989365	SRP300861	PRJNA663900	Enterococcus sp. DIV0845	DIV0845	OXFORD_NANOPORE	GridION	764799087.0	52471.0	WGS	GENOMIC	SINGLE	Zoo 3 Enterococcus Diversity Genome sequencing and assembly
SRR13680609	SRX10070099	SRS8231701	SRP303037	PRJNA694442	Salmonella enterica		OXFORD_NANOPORE	GridION	1740236433.0	213402.0	WGS	GENOMIC	SINGLE	Multiplex WGS of Salmonella enterica
SRR33035059	SRX28300676	SRS24644639	SRP577280	PRJNA1219142	Klebsiella pneumoniae	KP2104469	OXFORD_NANOPORE	MinION	328374986.0	53903.0	WGS	GENOMIC	SINGLE	Nanopore sequencing of blaNDM and 16sRMTase isolates
SRR287685	SRX078299	SRS212383	SRP007207	PRJNA68253	Escherichia coli		PACBIO_SMRT	PacBio RS	190419028.0	81741.0	WGS	GENOMIC	SINGLE	Whole Genome Sequencing for C1010-00
ERR15289534	ERX14695368	ERS25258624	ERP160926	PRJEB76400	Moraxella cuniculi		OXFORD_NANOPORE	MinION	744418716.0	240421.0	WGS	GENOMIC	SINGLE	MinION sequencing
SRR387063	SRX109886	SRS281279	SRP001087	PRJNA40075	Escherichia coli str. K-12 substr. MG1655	K-12	PACBIO_SMRT	PacBio RS	39770298.0	60961.0	WGS	GENOMIC	SINGLE	Whole Genome Sequencing and Assembly
SRR31707260	SRX27068850	SRS23529484	SRP551273	PRJNA1197850	Acinetobacter baumannii	AB07	OXFORD_NANOPORE	MinION	441833694.0	167167.0	WGS	GENOMIC	SINGLE	Whole genome sequencing of A. baumannii from clam.
SRR25608257	SRX21335432	SRS18580840	SRP454469	PRJNA999080	Escherichia coli	N2265	OXFORD_NANOPORE	MinION	989701696.0	139852.0	WGS	GENOMIC	SINGLE	High molecular weight DNA extraction from pure E. coli cultures
SRR30946284	SRX26348812	SRS22873971	SRP537809	PRJNA1171136	Klebsiella pneumoniae		OXFORD_NANOPORE	MinION	918074982.0	244363.0	WGS	GENOMIC	SINGLE	WGS of K. pneumoniae
ERR2532472	ERX2550893	ERS2419182	ERP005928	PRJEB6403	Shigella sonnei	NCTC5183	PACBIO_SMRT	PacBio RS	725753556.0	163482.0	WGS	GENOMIC	SINGLE	PacBio RS sequencing
ERR1911781	ERX1972261	ERS1324158	ERP005928	PRJEB6403	Cardiobacterium valvarum	NCTC13294	PACBIO_SMRT	PacBio RS	494632520.0	163482.0	WGS	GENOMIC	SINGLE	PacBio RS sequencing
ERR10490985	ERX10010296	ERS7104591	ERP109413	PRJEB27342	Klebsiella planticola		PACBIO_SMRT	Sequel II	6527035303.0	1205589.0	WGS	GENOMIC	SINGLE	Sequel II sequencing
ERR14686322	ERX14087841	ERS23773461	ERP169826	PRJEB86481	Escherichia coli str. K-12 substr. MG1655	K-12	OXFORD_NANOPORE	MinION	218965589.0	81000.0	WGS	GENOMIC	SINGLE	MinION sequencing
SRR34848037	SRX29979971	SRS26054427	SRP605437	PRJNA1059746	Salmonella enterica	Kentucky	OXFORD_NANOPORE	MinION	66386559.0	11228.0	WGS	GENOMIC	SINGLE	Emergence of ceftriaxone resistant Salmonella Kentucky in India driven by multiple novel variants of Salmonella genomic island carrying blaCTX-M-55
SRR19519925	SRX15572382	SRS13275242	SRP378127	PRJNA819273	Staphylococcus aureus	IVB6163	PACBIO_SMRT	Sequel II	1998836229.0	181291.0	WGS	GENOMIC	SINGLE	PacBio Sequel sequencing of camel Staphylococcaceae from the Horn of Africa
ERR2508264	ERX2527719	ERS1572790	ERP021285	PRJEB19288	Vibrio cholerae		PACBIO_SMRT	PacBio RS	76527812.0	163482.0	WGS	GENOMIC	SINGLE	PacBio RS sequencing
SRR27972835	SRX23626330	SRS20465903	SRP489819	PRJNA1076692	Klebsiella pneumoniae	RIVM_C055413_rerio	OXFORD_NANOPORE	MinION	161945377.0	54291.0	WGS	GENOMIC	SINGLE	RIVM_C055413_rerio
SRR9050618	SRX5827004	SRS4754821	SRP198289	PRJNA542672	Dorea longicatena	P3wC11	PACBIO_SMRT	Sequel	878753926.0	71576.0	WGS	GENOMIC	SINGLE	Genome sequencing of novel isolate Dorea longicatena, Pacbio long reads
SRR17119280	SRX13303794	SRS11213398	SRP040661	PRJNA231221	Mycobacteroides abscessus subsp. abscessus	FDAARGOS_1603	PACBIO_SMRT	Sequel II	15880123931.0	1250334.0	WGS	GENOMIC	SINGLE	
SRR27972380	SRX23626073	SRS20465482	SRP489819	PRJNA1076692	Citrobacter freundii	RIVM_C059323_dorado	OXFORD_NANOPORE	MinION	784107928.0	218698.0	WGS	GENOMIC	SINGLE	RIVM_C059323_dorado
SRR34795082	SRX29928107	SRS26026043	SRP605455	PRJNA1299340	Escherichia coli	DA81300	OXFORD_NANOPORE	MinION	888513161.0	67046.0	WGS	GENOMIC	SINGLE	DA81279 10 gen without TZP  Nanopore reads I-SceI digested pDNA
SRR31139160	SRX26521033	SRS23018718	SRP540907	PRJNA1177890	Avibacterium paragallinarum	npAP/GA-USA/20231216/S1-1	OXFORD_NANOPORE	MinION	1194223348.0	456668.0	WGS	GENOMIC	SINGLE	ONT-npAP/GA-USA/20231216/S1-1
ERR695654	ERX640135	ERS523600	ERP005928	PRJEB6403	Tatumella ptyseos	NCTC11468	PACBIO_SMRT	PacBio RS	1076260312.0	163482.0	WGS	GENOMIC	SINGLE	PacBio RS sequencing
ERR10498334	ERX10015623	ERS14255373	ERP142629	PRJEB57633	Escherichia coli		OXFORD_NANOPORE	GridION	120831393.0	15841.0	WGS	GENOMIC	SINGLE	Raw reads: ONT_30345_1#131
SRR15215152	SRX11521537	SRS6662587	SRP261711	PRJNA632943	Acinetobacter baumannii		OXFORD_NANOPORE	MinION	613909271.0	62453.0	WGS	GENOMIC	SINGLE	Long-read WGS of Acinetobacter baumannii clinical isolate
SRR19787742	SRX15831609	SRS13522700	SRP383167	PRJNA851853	Salmonella enterica	2010K-0673_ONT_50X	OXFORD_NANOPORE	GridION	239031773.0	53846.0	WGS	GENOMIC	SINGLE	WGS of Salmonella enterica serovar Enteritidis
SRR31369785	SRX26743404	SRS23232365	SRP545638	PRJNA1187009	Escherichia coli	1-1-5	OXFORD_NANOPORE	PromethION	3473254826.0	197111.0	WGS	GENOMIC	SINGLE	Whole genome of bovine commensal Escherichia coli from feces of Holstein dairy cow
SRR10556150	SRX7237885	SRS5737479	SRP233735	PRJNA460355	Clostridium beijerinckii	DJ127	PACBIO_SMRT	PacBio RS II	375057660.0	92686.0	WGS	GENOMIC	SINGLE	Clostridium beijerinckii DJ127
SRR30608144	SRX26030746	SRS22602387	SRP250705	PRJNA607328	Mus musculus	C57BL/6	OXFORD_NANOPORE	MinION	2671483145.0	588711.0	WGS	GENOMIC	SINGLE	Mus musculus FELIX_MS523 Nanopore reads
ERR10499451	ERX10016737	ERS14256940			Escherichia coli		OXFORD_NANOPORE	GridION	342007827.0	29512.0	WGS	GENOMIC	SINGLE	GridION sequencing; Raw reads: ONT_30224_1#281
ERR2177091	ERX2233454	ERS1859683	ERP005928	PRJEB6403	Glaesserella parasuis		PACBIO_SMRT	PacBio RS	1459490238.0	163482.0	WGS	GENOMIC	SINGLE	PacBio RS sequencing
SRR33528133	SRX28762592	SRS15473591	SRP584580	PRJNA1261832	Klebsiella pneumoniae	K0978	OXFORD_NANOPORE	GridION	14689748.0	10000.0	WGS	GENOMIC	SINGLE	Sequencing of Multidrug-Resistant Klebsiella pneumoniae
SRR13790218	SRX10175329	SRS8324262	SRP308340	PRJNA704656	Streptococcus equi subsp. equi	489_005	PACBIO_SMRT	Sequel	1752243189.0	240086.0	WGS	GENOMIC	SINGLE	PacBio whole genome sequencing of Streptococcu equi
SRR31599455	SRX26964227	SRS23433941	SRP549287	PRJNA1185485	Escherichia coli	860	OXFORD_NANOPORE	PromethION	1562158638.0	273599.0	WGS	GENOMIC	SINGLE	Wnew4R-barcode81
SRR15533063	SRX11831399	SRS9844938	SRP333419	PRJNA756411	Enterococcus raffinosus	CX012922	OXFORD_NANOPORE	PromethION	3443416178.0	382324.0	WGS	GENOMIC	SINGLE	Enterococcus raffinosus genomic erads
ERR15738520	ERX15143627	ERS27094523	ERP182399	PRJEB100972	Mycobacterium tuberculosis	K33X0482	OXFORD_NANOPORE	MinION	632128756.0	265662.0	WGS	GENOMIC	SINGLE	Raw reads: K33X0482
SRR32158419	SRX27503861	SRS23924103	SRP560261	PRJNA1129067	Aeromonas	rivipollensis	OXFORD_NANOPORE	MinION	223797219.0	123064.0	WGS	GENOMIC	SINGLE	MAR_SAGR1
SRR5829566	SRX3006909	SRS1832438	SRP094480	PRJNA279196	Bordetella pertussis	F948	PACBIO_SMRT	PacBio RS II	1275290684.0	163482.0	WGS	GENOMIC	SINGLE	
SRR37184038	SRX32121819	SRS28054779	SRP676055	PRJNA1405938	Klebsiella pneumoniae	2023005663	OXFORD_NANOPORE	MinION	637893145.0	66490.0	WGS	GENOMIC	SINGLE	Hypervirulence-associated genes in Klebsiella pneumoniae
ERR2528486	ERX2547367	ERS515518	ERP107863	PRJEB25895	Escherichia coli		PACBIO_SMRT	PacBio RS	828596369.0	163482.0	WGS	GENOMIC	SINGLE	PacBio RS sequencing
SRR30949812	SRX26352276	SRS22817266	SRP536567	PRJNA1165464	Escherichia coli	Not applicable	OXFORD_NANOPORE	MinION	219248218.0	38643.0	WGS	GENOMIC	SINGLE	Nanopore sequencing of E.coli: blood isolate
ERR9364106	ERX8906355	ERS11202331	ERP136327	PRJEB51675	Vibrio cholerae O1 biovar El Tor	not provided	OXFORD_NANOPORE	MinION	1173647907.0	105526.0	WGS	GENOMIC	SINGLE	MinION sequencing
ERR10496830	ERX10014149	ERS14249029	ERP142629	PRJEB57633	Escherichia coli		OXFORD_NANOPORE	GridION	146201167.0	24227.0	WGS	GENOMIC	SINGLE	Raw reads: ONT_30859_5#364
ERR581086	ERX539173	ERS437400	ERP005355	PRJEB5919	Salmonella enterica subsp. enterica serovar Typhi		PACBIO_SMRT	PacBio RS	911359360.0	163482.0	WGS	GENOMIC	SINGLE	PacBio RS sequencing
ERR1305742	ERX1377365	ERS1003585	ERP005928	PRJEB6403	Sphingobacterium spiritivorum	NCTC11386	PACBIO_SMRT	PacBio RS	65863187.0	163482.0	WGS	GENOMIC	SINGLE	PacBio RS sequencing
SRR27467510	SRX23139120	SRS20090181	SRP482617	PRJNA942599	Staphylococcus pseudintermedius	Dog010	PACBIO_SMRT	Sequel II	1022395971.0	91299.0	WGS	GENOMIC	SINGLE	PacBio sequencing of canine Staphylococcaceae isolated from a Kenyan shelter in June 2023
SRR32364669	SRX27699477	SRS21122107	SRP444583	PRJNA962904	Escherichia coli		PACBIO_SMRT	Sequel II	94327616.0	4935.0	WGS	GENOMIC	SINGLE	PacBio sequencing of AS26929E1 for ARCH 1.0
SRR27972726	SRX23626439	SRS20465651	SRP489819	PRJNA1076692	Staphylococcus aureus	RIVM_M100501_rerio	OXFORD_NANOPORE	MinION	179505762.0	86895.0	WGS	GENOMIC	SINGLE	RIVM_M100501_rerio
SRR30177078	SRX25643311	SRS22050809	SRP525106	PRJNA81861	Vibrio cyclitrophicus 1F53	1F53	OXFORD_NANOPORE	PromethION	457779953.0	149658.0	WGS	GENOMIC	SINGLE	Genome sequence of 1F53
SRR35587916	SRX30660544	SRS26534895	SRP620840	PRJNA1329285	Klebsiella pneumoniae	DM28	OXFORD_NANOPORE	MinION	554161412.0	60666.0	WGS	GENOMIC	SINGLE	Long read sequencing of Klebsiella pneumoniae
SRR23690838	SRX19553259	SRS16938011	SRP425383	PRJNA934404	Staphylococcus aureus	VSI56	OXFORD_NANOPORE	MinION	120923209.0	34790.0	WGS	GENOMIC	SINGLE	VSI56
SRR24140256	SRX19938821	SRS17287530	SRP247747	PRJNA604975	Escherichia coli	ox_bsi_169	OXFORD_NANOPORE	GridION	245998325.0	47920.0	WGS	GENOMIC	SINGLE	oxford_bsi
SRR34531103	SRX29674557	SRS25787665	SRP600654	PRJNA1289023	Enterobacter cloacae complex	E. hormaechei subsp. steigerwaltii	OXFORD_NANOPORE	MinION	427461424.0	90499.0	WGS	GENOMIC	SINGLE	WGS of enterobacterial clinical strains carrying IncQ2::blaGES plasmid
SRR12507238	SRX8998270	SRS7251065	SRP278605	PRJNA604600	Campylobacter fetus	CFViADRI545	OXFORD_NANOPORE	MinION	502180963.0	89275.0	WGS	GENOMIC	SINGLE	WGS of Campylobacter fetus
SRR29316507	SRX24833636	SRS21545468	SRP512379	PRJNA1121190	Vibrio cholerae	122Vc01	OXFORD_NANOPORE	PromethION	311860200.0	67087.0	WGS	GENOMIC	SINGLE	WGS of Vcholerae isolates
SRR32146577	SRX27492415	SRS23779850	SRP557125	PRJNA1210070	Vibrio campbellii	Vh-24	OXFORD_NANOPORE	MinION	756323828.0	227997.0	WGS	GENOMIC	SINGLE	Long-read sequencing of Vibro campbellii isolated from moribund rabbitfish
ERR16137088	ERX15526754	ERS28491443	ERP187675	PRJEB106623	Neisseria gonorrhoeae		OXFORD_NANOPORE	MinION	337671552.0	59136.0	WGS	GENOMIC	SINGLE	Raw reads: UMASS-DGI_26
SRR31812277	SRX27172761	SRS23625338	SRP553443	PRJNA1199959	Pseudomonas orientalis	MPB27	OXFORD_NANOPORE	MinION	2714730861.0	2074464.0	WGS	GENOMIC	SINGLE	Whole genome sequencing of bacterial isolates using Nanopore
SRR30149329	SRX25617304	SRS21937609	SRP518730	PRJNA1133668	Klebsiella pneumoniae	ST258KP5	OXFORD_NANOPORE	MinION	346262396.0	48860.0	WGS	GENOMIC	SINGLE	Nanopore sequencing of clinical CRE isolates: human
SRR13192533	SRX9626926	SRS7827983	SRP295672	PRJNA681856	Salmonella enterica	LHICA_E1	OXFORD_NANOPORE	MinION	16169523.0	4000.0	WGS	GENOMIC	SINGLE	WGS of Salmonella enterica Lhica E43
SRR5181861	SRX2497970	SRS1924823	SRP096895	PRJNA353873	Mycobacterium tuberculosis		PACBIO_SMRT	PacBio RS	522348858.0	163482.0	WGS	GENOMIC	SINGLE	DNA of Mtb
SRR16039233	SRX12325955	SRS10298494	SRP338385	PRJNA675710	Salmonella enterica subsp. enterica serovar Worthington	BCH-6649	OXFORD_NANOPORE	MinION	550200729.0	64016.0	WGS	GENOMIC	SINGLE	WGS of salmonella worthington from India
SRR29316569	SRX24833574	SRS21545407	SRP512379	PRJNA1121190	Vibrio cholerae	101Vc04	OXFORD_NANOPORE	PromethION	1282105152.0	305046.0	WGS	GENOMIC	SINGLE	WGS of Vcholerae isolates
SRR10198569	SRX6918718	SRS5449772	SRP051949	PRJNA271899	Klebsiella pneumoniae	BIDMC-131A	OXFORD_NANOPORE	GridION	1956728448.0	595294.0	WGS	GENOMIC	SINGLE	Sequencing of Carbapenem resistant bacteria
ERR5720153	ERX5435207	ERS6253560	ERP128316	PRJEB44283	Haemophilus influenzae Rd KW20	Rd KW20	OXFORD_NANOPORE	MinION	917939637.0	271541.0	WGS	GENOMIC	SINGLE	MinION sequencing; Raw reads: Rd-T100-V-nanopore
SRR28848659	SRX24410328	SRS21165646	SRP504944	PRJNA1106512	Pseudomonas aeruginosa	PA6716	OXFORD_NANOPORE	MinION	976497067.0	150962.0	WGS	GENOMIC	SINGLE	Whole genome sequencing of Pseudomonas aeruginosa PA6716
SRR30149423	SRX25617210	SRS21937639	SRP518730	PRJNA1133668	Klebsiella pneumoniae	ST1471KP4	OXFORD_NANOPORE	MinION	81821374.0	14273.0	WGS	GENOMIC	SINGLE	Nanopore sequencing of clinical CRE isolates: human
SRR29777291	SRX25277105	SRS21961022	SRP519287	PRJNA1134122	Listeria monocytogenes	N22-0614	OXFORD_NANOPORE	MinION	399826867.0	60866.0	WGS	GENOMIC	SINGLE	Long read WGS of Listeria monocytogenes: isolate N22-0614
SRR2993533	SRX1446136	SRS1173903	SRP066565	PRJNA299399	Wenjunlia vitaminophila	ATCC 31673	PACBIO_SMRT	PacBio RS II	1698936390.0	163482.0	WGS	GENOMIC	SINGLE	PaBio RS II Sequencing for Streptomyces vitaminophilus ATCC 31673
SRR8776787	SRX5566983	SRS4529948	SRP189296	PRJNA528186	Staphylococcus aureus	UP_620	OXFORD_NANOPORE	MinION	571282423.0	97351.0	WGS	GENOMIC	SINGLE	UP_620_nanopore
SRR24726898	SRX20504815	SRS17809934	SRP439388	PRJNA975905	Enterococcus faecium		OXFORD_NANOPORE	MinION	934455519.0	143483.0	WGS	GENOMIC	SINGLE	DNA Sequencing of Enterococcus faecium
SRR6129943	SRX3242351	SRS2565377	SRP119383	PRJNA413118	Psychrobacter pocilloporae	S6-60	PACBIO_SMRT	PacBio RS	652073247.0	85164.0	WGS	GENOMIC	SINGLE	Whole genome sequencing of  Psychrobacter pocilloporae S6-60T(=JCM 31058T=LMG 29157T)
SRR2057012	SRX1053815	SRS956600	SRP043214	PRJNA252728	Pseudomonas aeruginosa	missing	PACBIO_SMRT	PacBio RS II	2107577638.0	163482.0	WGS	GENOMIC	SINGLE	PacBio RSII Sequencing Data for NIST RM 8377 Pseudomonsa aeruginosa BluePippin Size Selection
SRR24062782	SRX19864093	SRS17220115	SRP430807	PRJNA952137	Staphylococcus aureus	GE-MSSA39	OXFORD_NANOPORE	MinION	73006960.0	35619.0	WGS	GENOMIC	SINGLE	Long read Illumina sequencing of Staphylococcus aureus GE-MSSA39
SRR12299117	SRX8802096	SRS6792713	SRP266402	PRJNA605147	Escherichia coli	RHB35-C13	OXFORD_NANOPORE	GridION	762109610.0	179179.0	WGS	GENOMIC	SINGLE	OXFORD_NANOPORE sequencing of Escherichia coli isolate RH06|T3-C13 cultured from Cattle faeces sample
SRR7459271	SRX4329734	SRS3491730	SRP151730	PRJNA450511	Streptococcus dysgalactiae subsp. dysgalactiae	DB60705-15	PACBIO_SMRT	PacBio RS II	5751549476.0	163482.0	WGS	GENOMIC	PAIRED	WGS of Streptococcus dysgalactiae
SRR21472835	SRX17476960	SRS15030163	SRP396115	PRJNA868296	Comamonas aquatica	GD03724	OXFORD_NANOPORE	MinION	358611895.0	34129.0	WGS	GENOMIC	SINGLE	WGS of Comamonas aquatica
SRR26895496	SRX22589740	SRS19596616	SRP473162	PRJNA1043403	Klebsiella pneumoniae	DD01374	OXFORD_NANOPORE	MinION	1742897076.0	428422.0	WGS	GENOMIC	SINGLE	Nanopre Sequencing of Hypervirulent and Carbapenem-resistant Klebsiella pneumoniae
ERR4762729	ERX4635806	ERS5247809	ERP124695	PRJEB40976	Enterococcus faecalis		OXFORD_NANOPORE	GridION	792615795.0	54350.0	WGS	GENOMIC	SINGLE	GridION sequencing; Raw reads: 26975_2#83
SRR6853657	SRX3808870	SRS3059726	SRP135948	PRJNA438529	Serratia marcescens	EL1	PACBIO_SMRT	PacBio RS	383070749.0	118212.0	WGS	GENOMIC	SINGLE	Whole genome sequencing of Serratia marcescens
SRR25467126	SRX21199799	SRS18458348	SRP452337	PRJNA1000618	Escherichia coli	Escherichia coli BL21(DE3)	OXFORD_NANOPORE	MinION	6444931.0	3998.0	WGS	GENOMIC	SINGLE	CASTVK transposition with different condition
ERR1948253	ERX2014040	ERS1353914	ERP005928	PRJEB6403	Kaistella carnis	NCTC13525	PACBIO_SMRT	PacBio RS	209931372.0	163482.0	WGS	GENOMIC	SINGLE	PacBio RS sequencing
ERR2528476	ERX2547357	ERS484051	ERP107861	PRJEB25893	Pseudomonas aeruginosa		PACBIO_SMRT	PacBio RS	219005906.0	163482.0	WGS	GENOMIC	SINGLE	PacBio RS sequencing
SRR30993112	SRX26381418	SRS22904666	SRP538558	PRJNA1172918	Helicobacter pylori 26695	26695	OXFORD_NANOPORE	GridION	172748089.0	41713.0	WGS	GENOMIC	SINGLE	HP26695_WT_kit14_5kHz_deepmod2_bilstm
ERR2531746	ERX2550175	ERS1963342	ERP005928	PRJEB6403	Mannheimia haemolytica	NCTC10208	PACBIO_SMRT	PacBio RS	2136084566.0	163482.0	WGS	GENOMIC	SINGLE	PacBio RS sequencing
SRR31540936	SRX26907988	SRS23387447	SRP548173	PRJNA1190675	Escherichia coli	The same strain as the one under SRA accession SRR7285556	OXFORD_NANOPORE	MinION	438914282.0	167701.0	WGS	GENOMIC	SINGLE	ONT of TAS179
SRR13449093	SRX9862277	SRS8042175	SRP295672	PRJNA681856	Salmonella enterica subsp. salamae	LHICA_SA3	OXFORD_NANOPORE	MinION	28580689.0	4000.0	WGS	GENOMIC	SINGLE	WGS of Salmonella Lhica SA3_52
SRR35901158	SRX30950449	SRS26945768	SRP637724	PRJNA1354681	Acinetobacter baumannii	AB30	OXFORD_NANOPORE	MinION	12918309.0	3549.0	WGS	GENOMIC	SINGLE	WGS of Acinetobacter baumannii: adult male ETT
SRR32204167	SRX27545644	SRS23960614	SRP561120	PRJNA1214876	Ekhidna algicida	To15	OXFORD_NANOPORE	MinION	37149077.0	4000.0	WGS	GENOMIC	SINGLE	Ekhidna algicida strain To15 genome
SRR27755691	SRX23420761	SRS20275758	SRP151512	PRJNA478278	Salmonella enterica	R19.1220	OXFORD_NANOPORE	MinION	1114111867.0	512193.0	WGS	GENOMIC	SINGLE	WGS of Salmonella enterica
SRR21696373	SRX17693892	SRS11554270	SRP354045	PRJNA747871	Streptomyces sp. NBC_01411	NBC_01411	OXFORD_NANOPORE	MinION	245823866.0	38338.0	WGS	GENOMIC	SINGLE	nanopore sequencing data from strain NBC_01411
SRR28434727	SRX24038656	SRS20831686	SRP497546	PRJNA1091452	Enterococcus faecium	EF36-PS	OXFORD_NANOPORE	MinION	398089425.0	107518.0	WGS	GENOMIC	SINGLE	ONT performance study sequencing of E.faecium
SRR25890270	SRX21610569	SRS18783793	SRP458186	PRJNA1012291	Staphylococcus	Staphylococcus aureus	OXFORD_NANOPORE	MinION	568289705.0	644383.0	WGS	GENOMIC	SINGLE	Nanopore sequencing data of MRSA
SRR28434595	SRX24038510	SRS20831685	SRP497546	PRJNA1091452	Enterococcus faecium	EF34-PS	OXFORD_NANOPORE	MinION	494179114.0	110329.0	WGS	GENOMIC	SINGLE	ONT performance study sequencing of E.faecium
SRR35674184	SRX30725846	SRS26742307	SRP561673	PRJNA1219398	Pasteurella multocida	212990	OXFORD_NANOPORE	MinION	490290605.0	85598.0	WGS	GENOMIC	SINGLE	DNA-Seq of Pasteurella multocida 212990
SRR29820038	SRX25318913	SRS21988522	SRP519730	PRJNA1135485	Salmonella		OXFORD_NANOPORE	MinION	971532458.0	153166.0	WGS	GENOMIC	SINGLE	WGS Salmonella isolates from cattle
SRR35178730	SRX30283618	SRS26332676	SRP614097	PRJNA1293422	Proteus mirabilis	e470	OXFORD_NANOPORE	PromethION	220525858.0	34496.0	WGS	GENOMIC	SINGLE	Whole-genome sequencing of Proteus mirabilis
SRR5182087	SRX2498194	SRS1925047	SRP096895	PRJNA353873	Mycobacterium tuberculosis		PACBIO_SMRT	PacBio RS	243400788.0	163482.0	WGS	GENOMIC	SINGLE	DNA of Mtb
ERR13194311	ERX12565176	ERS20185823	ERP160059	PRJEB75483	Pararhizobium sp. LjRoot238		OXFORD_NANOPORE	MinION	29766432.0	7170.0	WGS	GENOMIC	SINGLE	MinION sequencing
ERR16064475	ERX15454657	ERS28397610	ERP173262	PRJEB90249	Enterococcus faecium		OXFORD_NANOPORE	GridION	816965626.0	323868.0	WGS	GENOMIC	SINGLE	GridION sequencing
SRR24178930	SRX19976643	SRS10214093	SRP074197	PRJNA288601	Pseudomonas aeruginosa	2021CK-01381	OXFORD_NANOPORE	GridION	185798432.0	38911.0	WGS	GENOMIC	SINGLE	Nanopore sequencing of ARLN isolate
SRR4054323	SRX2043898	SRS1636520	SRP082694	PRJNA256722	Methylomagnum ishizawai	175	PACBIO_SMRT	PacBio RS	289520277.0	96670.0	WGS	GENOMIC	SINGLE	Methylocaldum sp. 175
SRR32076373	SRX27424807	SRS23852950	SRP559005	PRJNA1191226	Enterococcus faecium	C4	OXFORD_NANOPORE	MinION	627124894.0	130982.0	WGS	GENOMIC	SINGLE	Enterococcus faecium C4
ERR10229242	ERX9764198	ERS6480197	ERP109413	PRJEB27342	Klebsiella michiganensis		PACBIO_SMRT	Sequel II	5707196839.0	951214.0	WGS	GENOMIC	SINGLE	Sequel II sequencing
SRR33769118	SRX28991650	SRS22456470	SRP444583	PRJNA962904	Escherichia coli		PACBIO_SMRT	Sequel II	441274684.0	21780.0	WGS	GENOMIC	SINGLE	PacBio sequencing of AH0537HC1 for ARCH 2
ERR10452903	ERX9976358	ERS6793929	ERP109413	PRJEB27342	Klebsiella pneumoniae		PACBIO_SMRT	Sequel II	407962322.0	99713.0	WGS	GENOMIC	SINGLE	Sequel II sequencing
SRR3734299	SRX1890055	SRS1533137	SRP077654	PRJNA321222	Thalassospira sp. KO164	KO164	PACBIO_SMRT	PacBio RS II	514814985.0	163482.0	WGS	GENOMIC	SINGLE	PacBio sequencing of Thalassospira sp. strain KO164
SRR27755683	SRX23420769	SRS20275766	SRP151512	PRJNA478278	Salmonella enterica	CN14.029	OXFORD_NANOPORE	MinION	1038088324.0	378066.0	WGS	GENOMIC	SINGLE	WGS of Salmonella enterica
SRR3756855	SRX1905941	SRS1546721	SRP078109	PRJNA239121	Limosilactobacillus mucosae	AGR63	PACBIO_SMRT	PacBio RS	87848022.0	56483.0	WGS	GENOMIC	SINGLE	Lactobacillus mucosae AGR63
ERR13600478	ERX12971501	ERS6631469	ERP109316	PRJEB27256	Klebsiella pneumoniae		OXFORD_NANOPORE	GridION	1384518381.0	52193.0	WGS	GENOMIC	SINGLE	GridION sequencing
ERR16064625	ERX15454807	ERS28397760	ERP173262	PRJEB90249	Staphylococcus aureus		OXFORD_NANOPORE	GridION	448225317.0	91210.0	WGS	GENOMIC	SINGLE	GridION sequencing
SRR25999222	SRX21716468	SRS18851474	SRP459613	PRJNA1014400	Listeria monocytogenes		OXFORD_NANOPORE	MinION	179306989.0	48274.0	WGS	GENOMIC	SINGLE	ONT R9 WGS of Listeria monoctyogenes isolate
SRR2174504	SRX1158875	SRS1039905	SRP062597	PRJNA238078	Bacillus thuringiensis	HD682	PACBIO_SMRT	PacBio RS II	900031749.0	169322.0	WGS	GENOMIC	SINGLE	BGN_PacBio
SRR33768910	SRX28991169	SRS22456336	SRP444583	PRJNA962904	Escherichia coli		PACBIO_SMRT	Sequel II	65824231.0	3997.0	WGS	GENOMIC	SINGLE	PacBio sequencing of AH0705HE2 for ARCH 2
ERR10499006	ERX10016295	ERS14255431	ERP142629	PRJEB57633	Escherichia coli		OXFORD_NANOPORE	GridION	62396503.0	12673.0	WGS	GENOMIC	SINGLE	Raw reads: ONT_30821_1#224
ERR15094710	ERX14499312	ERS24813603	ERP119900	PRJEB36683	Klebsiella pneumoniae 11227-1		OXFORD_NANOPORE	PromethION	1061449186.0	345097.0	WGS	GENOMIC	SINGLE	Raw reads: HKPB510_L
ERR14686186	ERX14087705	ERS23773325	ERP169826	PRJEB86481	Escherichia coli str. K-12 substr. MG1655	K-12	OXFORD_NANOPORE	MinION	78061532.0	23166.0	WGS	GENOMIC	SINGLE	MinION sequencing
ERR15459756	ERX14863643	ERS23132442	ERP168932	PRJEB85558	Zymomonas mobilis		OXFORD_NANOPORE	PromethION	13549634.0	78509.0	WGS	GENOMIC	SINGLE	PromethION sequencing
SRR11096309	SRX7735084	SRS6155127	SRP249719	PRJNA557486	Acinetobacter baumannii	18WIARLN0025	OXFORD_NANOPORE	MinION	2161152849.0	342716.0	WGS	GENOMIC	SINGLE	WGS sequencing of Acinetobacter baumannii
ERR10498916	ERX10016205	ERS14255941	ERP142629	PRJEB57633	Escherichia coli		OXFORD_NANOPORE	GridION	73958358.0	9896.0	WGS	GENOMIC	SINGLE	Raw reads: ONT_30602_2#375
SRR11049146	SRX7699170	SRS6123502	SRP247824	PRJNA345946	Actinoplanes octamycinicus	DSM 45809	PACBIO_SMRT	PacBio RS II	6650633793.0	1993943.0	WGS	GENOMIC	SINGLE	Actinoplanes octamycinicus DSM 45809
SRR24062775	SRX19864100	SRS17220122	SRP430807	PRJNA952137	Staphylococcus aureus	IT-MRSA45	OXFORD_NANOPORE	MinION	998283043.0	131981.0	WGS	GENOMIC	SINGLE	Long read Illumina sequencing of Staphylococcus aureus IT-MRSA45
SRR27678750	SRX23345999	SRS20207237	SRP485167	PRJNA960711	Bacillus velezensis	MB7_B13	OXFORD_NANOPORE	MinION	107391500.0	50998.0	WGS	GENOMIC	SINGLE	WGS of Bacillus velezensis: strain MB7_B13
SRR30990801	SRX26379110	SRS22890917	SRP538219	PRJNA1172271	Klebsiella pneumoniae	BG4823	OXFORD_NANOPORE	MinION	930788837.0	123235.0	WGS	GENOMIC	SINGLE	Multi-hospital outbreak of NDM-5 producing Klebsiella pneumoniae ST6260 in Bulgaria
SRR1740567	SRX815476	SRS795823	SRP051390	PRJNA270778	Acinetobacter baumannii	6200	PACBIO_SMRT	PacBio RS	601985913.0	163482.0	WGS	GENOMIC	SINGLE	
SRR9141230	SRX5914383	SRS4832601	SRP199730	PRJNA545236	Listeria monocytogenes	10-05055	OXFORD_NANOPORE	MinION	1077035.0	120.0	WGS	GENOMIC	SINGLE	Long read sequencing of strain  10-05055
SRR16089373	SRX12375757	SRS10346662	SRP338929	PRJNA320694	Lactococcus lactis subsp. lactis	184	PACBIO_SMRT	PacBio RS II	262613220.0	163482.0	WGS	GENOMIC	SINGLE	Lla_184_Cork
ERR10367368	ERX9899299	ERS711055	SRP272326	PRJNA646837	Klebsiella pneumoniae	INF341	OXFORD_NANOPORE	MinION	91349342.0	16417.0	WGS	GENOMIC	SINGLE	MinION sequencing
ERR13600782	ERX12971805	ERS5520951	ERP126193	PRJEB42350	Klebsiella pneumoniae		OXFORD_NANOPORE	GridION	1318505976.0	84657.0	WGS	GENOMIC	SINGLE	GridION sequencing
SRR31707262	SRX27068848	SRS23529487	SRP551273	PRJNA1197850	Acinetobacter baumannii	AB05	OXFORD_NANOPORE	MinION	847973771.0	282105.0	WGS	GENOMIC	SINGLE	Whole genome sequencing of A. baumannii from Shrimp.
DRR424517	DRX409714	DRS268146	DRP009339	PRJDB14896	Escherichia coli	10153	OXFORD_NANOPORE	MinION	427455598.0	35069.0	WGS	GENOMIC	SINGLE	MinION sequencing of SAMD00562889
SRR35052994	SRX30167182	SRS26227701	SRP610195	PRJNA820789	Mycoplasmopsis bovis	WB13	OXFORD_NANOPORE	PromethION	517096324.0	103323.0	WGS	GENOMIC	SINGLE	WGS of Mycoplmasmopsis bovis: Water of feedlot watering bowls, WB13
DRR472255	DRX456484	DRS239102	DRP008516	PRJDB12179	Streptococcus dysgalactiae subsp. equisimilis	KUSD075	OXFORD_NANOPORE	MinION	341979457.0	50511.0	WGS	GENOMIC	SINGLE	MinION sequencing of SAMD00466574
SRR14952171	SRX11264689	SRS9304168	SRP326018	PRJNA730911	Bacillus sp. (in: firmicutes)	unknown	PACBIO_SMRT	PacBio RS II	2216060413.0	488553.0	WGS	GENOMIC	SINGLE	WGS of Bacillus sp. (in: Bacteria): Environmental
ERR1892117	ERX1952615	ERS1374883	ERP005928	PRJEB6403	Legionella quinlivanii	NCTC12433	PACBIO_SMRT	PacBio RS	533817725.0	163482.0	WGS	GENOMIC	SINGLE	PacBio RS sequencing
ERR12488059	ERX11864142	ERS17744608	ERP153002	PRJEB67987	Mycobacterium tuberculosis		OXFORD_NANOPORE	MinION	600839959.0	345620.0	WGS	GENOMIC	SINGLE	MinION sequencing
ERR2528494	ERX2547375	ERS515523	ERP107863	PRJEB25895	Escherichia coli		PACBIO_SMRT	PacBio RS	1260692065.0	163482.0	WGS	GENOMIC	SINGLE	PacBio RS sequencing
ERR4763122	ERX4636175	ERS5247949	ERP124695	PRJEB40976	Enterococcus faecalis		OXFORD_NANOPORE	GridION	579167290.0	31736.0	WGS	GENOMIC	SINGLE	GridION sequencing; Raw reads: 28099_2#233
SRR787498	SRX252708	SRS401438	SRP019218	PRJNA188139	Vibrio cholerae	2011EL-2323	PACBIO_SMRT	PacBio RS	153957385.0	81741.0	WGS	GENOMIC	SINGLE	2011EL-2323
SRR33685656	SRX28911989	SRS18753351	SRP457424	PRJNA1009994	Agrobacterium rosae	rho-7.1	OXFORD_NANOPORE	MinION	1846682288.0	186870.0	WGS	GENOMIC	SINGLE	rho-7.1
SRR30346391	SRX25804636	SRS22346623	SRP526449	PRJNA1148286	Lysinibacillus sp. fkY6-4	fkY6-4	OXFORD_NANOPORE	PromethION	1081056538.0	69164.0	WGS	GENOMIC	SINGLE	WGS of fish gut microbes: Lysinibacillus
ERR13744144	ERX13145556	ERS16082400	ERP149426	PRJEB64289	Escherichia coli		PACBIO_SMRT	Sequel IIe	745664456.0	82944.0	WGS	GENOMIC	SINGLE	Sequel IIe sequencing
ERR10499015	ERX10016304	ERS14255534	ERP142629	PRJEB57633	Escherichia coli		OXFORD_NANOPORE	GridION	44964702.0	8073.0	WGS	GENOMIC	SINGLE	Raw reads: ONT_30821_1#270
SRR31555820	SRX26921903	SRS23398959	SRP548427	PRJNA1192303	Shigella flexneri	2a	OXFORD_NANOPORE	GridION	697046619.0	255713.0	WGS	GENOMIC	SINGLE	WGS of Shigella sonnei 2021/2022
SRR29777279	SRX25277117	SRS21961034	SRP519287	PRJNA1134122	Listeria monocytogenes	N23-3369	OXFORD_NANOPORE	MinION	831845218.0	114505.0	WGS	GENOMIC	SINGLE	Long read WGS of Listeria monocytogenes: isolate N23-3369
ERR12833684	ERX12206495	ERS18714783	ERP157202	PRJEB72410	Klebsiella pneumoniae		OXFORD_NANOPORE	MinION	546733934.0	146976.0	WGS	GENOMIC	SINGLE	MinION sequencing
SRR31944209	SRX27301174	SRS13986858	SRP387145	PRJNA860203	Campylobacter lari subsp. concheus	RM19172	OXFORD_NANOPORE	MinION	423400008.0	168833.0	WGS	GENOMIC	SINGLE	Whole genome sequencing of Campylobacter lari subsp. Concheus
SRR23648079	SRX19530420	SRS16091037	SRP412517	PRJNA910977	Escherichia coli	P1143	PACBIO_SMRT	Sequel	902183364.0	173539.0	WGS	GENOMIC	SINGLE	WGS of E. coli
SRR23347487	SRX19289546	SRS16690584	SRP421131	PRJNA931653	Escherichia coli K-12	K-12	OXFORD_NANOPORE	GridION	39567215.0	4000.0	WGS	GENOMIC	SINGLE	Nanopore sequencing of Ciprofloxacin challenged E. coli
SRR26035510	SRX21752610	SRS18859969	SRP459819	PRJNA1013696	Thermosynechococcus sp. QKsg1	QKsg1	OXFORD_NANOPORE	MinION	98850513.0	9036.0	WGS	GENOMIC	SINGLE	WGS of Thermosynechococcus sp. QKsg1
ERR14686199	ERX14087718	ERS23773338	ERP169826	PRJEB86481	Escherichia coli str. K-12 substr. MG1655	K-12	OXFORD_NANOPORE	MinION	129274949.0	53516.0	WGS	GENOMIC	SINGLE	MinION sequencing
SRR34967757	SRX30086901	SRS26153008	SRP608514	PRJNA1305037	Enterobacter hormaechei	MI_KPC_35	OXFORD_NANOPORE	PromethION	500002036.0	23828.0	WGS	GENOMIC	SINGLE	KPC CRE collection from state of Michigan
SRR12935057	SRX9398794	SRS7616813	SRP040661	PRJNA231221	Acinetobacter ursingii	FDAARGOS_1096	PACBIO_SMRT	PacBio RS	331990385.0	163482.0	WGS	GENOMIC	SINGLE	
SRR29816424	SRX25315667	SRS16968727	SRP426074	PRJNA941188	Bacillus subtilis	PRO74	OXFORD_NANOPORE	GridION	495432395.0	76656.0	WGS	GENOMIC	SINGLE	WGS of Bacillus subtilis: cell culture
ERR13298039	ERX12668901	ERS20274764	ERP161188	PRJEB76684	Escherichia coli		OXFORD_NANOPORE	MinION	742371255.0	214270.0	WGS	GENOMIC	SINGLE	MinION sequencing
SRR13269192	SRX9699265	SRS7053157	SRP272861	PRJNA646575	Bacteroides ovatus		OXFORD_NANOPORE	GridION	2769161488.0	238314.0	WGS	GENOMIC	SINGLE	WGS  of Bacteroides fragilis group clinical isolates
SRR33223745	SRX28470802	SRS24790827	SRP579950	PRJNA1253082	Streptococcus pneumoniae		OXFORD_NANOPORE	MinION	71373567.0	86712.0	WGS	GENOMIC	SINGLE	WGS of Streptococcus pneumoniae
ERR10609012	ERX10082278	ERS14299493	ERP131407	PRJEB47152	Escherichia coli str. K-12 substr. MG1655	E.coli MG1655	OXFORD_NANOPORE	MinION			WGS	GENOMIC	SINGLE	MinION sequencing
SRR15989212	SRX12277655	SRS9998505	SRP357537	PRJNA801416	Klebsiella pneumoniae	420	OXFORD_NANOPORE	GridION	2778135826.0	340730.0	WGS	GENOMIC	SINGLE	Whole Genome Sequencing of Carbapenemase-producing Enterobacterales (CPE)
ERR14225677	ERX13625959	ERS18294123	ERP156237	PRJEB71438	Streptomyces griseoloalbus		OXFORD_NANOPORE	MinION			WGS	GENOMIC	SINGLE	MinION sequencing
SRR12395464	SRX8893433	SRS7152455	SRP276100	PRJNA650381	Mycobacterium tuberculosis		OXFORD_NANOPORE	MinION	628847933.0	358515.0	WGS	GENOMIC	SINGLE	Nanopore TB WGS
SRR10520831	SRX7205581	SRS5710289	SRP231920	PRJNA345719	Clostridium beijerinckii	DJ043	PACBIO_SMRT	PacBio RS II	879561463.0	270107.0	WGS	GENOMIC	SINGLE	Clostridium beijennckii DJ043
SRR6726276	SRX3699361	SRS2958839	SRP132862	PRJNA231210	Burkholderia pseudomallei A79A	A79A	PACBIO_SMRT	PacBio RS	371096056.0	259132.0	WGS	GENOMIC	SINGLE	B pseudomallei A79A (MSHR 7832) BGZ3 Data
SRR8306744	SRX5121246	SRS1606418	SRP018785	PRJNA186035	Salmonella enterica subsp. enterica serovar Rubislaw	CFSAN044888	PACBIO_SMRT	Sequel	1061202520.0	149125.0	WGS	GENOMIC	SINGLE	Whole genome PacBio Sequel sequence of Salmonella enterica
SRR35213336	SRX30317021	SRS26363956	SRP615992	PRJNA1301220	Acinetobacter baumannii	ABO22-H058	OXFORD_NANOPORE	MinION	477670982.0	109659.0	WGS	GENOMIC	SINGLE	Whole geneme sequencing of Acinetobacter baumannii: isolates of the Ab-One study
SRR24223057	SRX20019459	SRS17361042	SRP433485	PRJNA955379	Lactiplantibacillus plantarum	HOM3201	PACBIO_SMRT	Sequel II	1139195340.0	3772170.0	WGS	GENOMIC	SINGLE	HOM3201
SRR35158196	SRX30263404	SRS26314667	SRP613631	PRJNA1311546	Bacillus cereus	PS03245	OXFORD_NANOPORE	MinION	250511096.0	36000.0	WGS	GENOMIC	SINGLE	WGS of bacterial isolate: Food isolate
SRR5182007	SRX2498115	SRS1924968	SRP096895	PRJNA353873	Mycobacterium tuberculosis		PACBIO_SMRT	PacBio RS	593048716.0	163482.0	WGS	GENOMIC	SINGLE	DNA of Mtb
SRR15989546	SRX12277993	SRS9999088	SRP357537	PRJNA801416	Klebsiella pneumoniae	323	OXFORD_NANOPORE	GridION	1290166342.0	138120.0	WGS	GENOMIC	SINGLE	Whole Genome Sequencing of Carbapenemase-producing Enterobacterales (CPE)
ERR12738995	ERX12112920	ERS18421854	ERP154232	PRJEB69284	Aeromonas media		OXFORD_NANOPORE	PromethION	625350537.0	116000.0	WGS	GENOMIC	SINGLE	PromethION sequencing
SRR21541465	SRX17543476	SRS12514018	SRP367713	PRJNA823737	Ralstonia solanacearum	missing	OXFORD_NANOPORE	MinION	12619227.0	6191.0	WGS	GENOMIC	SINGLE	Whole genome sequencing of Ralstonia solanacearum
ERR3685894	ERX3675498	ERS4047695	ERP114207	PRJEB31632	bacterium		OXFORD_NANOPORE	GridION	834099707.0	415692.0	WGS	GENOMIC	SINGLE	GridION sequencing
SRR4177501	SRX2142038	SRS1673766	SRP086919	PRJNA303856	Sanguibacter antarcticus	DSM 18966	PACBIO_SMRT	PacBio RS	1041555051.0	247113.0	WGS	GENOMIC	SINGLE	Sanguibacter antarcticus DSM 18966
SRR33895151	SRX29106702	SRS25313042	SRP590843	PRJNA1272507	Salmonella enterica	SAL-028	OXFORD_NANOPORE	GridION	450665565.0	142605.0	WGS	GENOMIC	SINGLE	ONT-WGS of Salmonella enterica
ERR13298045	ERX12668907	ERS20274770	ERP161188	PRJEB76684	Escherichia coli		OXFORD_NANOPORE	MinION	166346597.0	49355.0	WGS	GENOMIC	SINGLE	MinION sequencing
DRR325755	DRX314795	DRS268630	DRP009359	PRJDB12481	Methylocystis iwaonis	SS37A-Re	OXFORD_NANOPORE	GridION	4051791681.0	224441.0	WGS	GENOMIC	SINGLE	GridION sequencing of SAMD00412743
SRR386037	SRX109950	SRS010315	SRP001878	PRJNA40009	Bacteroides eggerthii 1_2_48FAA	1_2_48FAA	PACBIO_SMRT	PacBio RS	103997847.0	81741.0	WGS	GENOMIC	SINGLE	Whole Genome Sequencing and Assembly
SRR32527853	SRX27839675	SRS24214002	SRP567071	PRJNA1230128	Salmonella enterica subsp. enterica serovar Enteritidis	22EPA058NSA_16	OXFORD_NANOPORE	MinION	102405678.0	25825.0	WGS	GENOMIC	SINGLE	nanopore sequence of Salmonella enterica
SRR30750204	SRX26152897	SRS22678976	SRP345837	PRJNA857700	Escherichia coli	1506D011	OXFORD_NANOPORE	MinION	433151061.0	152347.0	WGS	GENOMIC	SINGLE	Long read HMW DNA sequencing of florfenicol resistant Escherichia coli
SRR12844968	SRX9312193	SRS7536425	SRP287690	PRJNA662169	Escherichia coli	M00057	OXFORD_NANOPORE	GridION	128778218.0	68102.0	WGS	GENOMIC	SINGLE	ST69 STEC WGS
SRR37184070	SRX32121787	SRS28054747	SRP676055	PRJNA1405938	Klebsiella pneumoniae	2024005248	OXFORD_NANOPORE	MinION	220810850.0	25521.0	WGS	GENOMIC	SINGLE	Hypervirulence-associated genes in Klebsiella pneumoniae
SRR10918244	SRX7585558	SRS6019248	SRP243631	PRJNA566823	Saccharothrix ecbatanensis	DSM 45486	PACBIO_SMRT	Sequel	3752994417.0	1144454.0	WGS	GENOMIC	SINGLE	Saccharothrix ecbatanensis DSM 45486
ERR4586380	ERX4520209	ERS5060065	ERP123927	PRJEB40306	Serratia marcescens subsp. marcescens ATCC 13880	ATCC 13880	PACBIO_SMRT	PacBio RS II	1304659520.0	163482.0	WGS	GENOMIC	SINGLE	PacBio RS II sequencing; PacBio SMRT sequencing; Evolution of the bacterium Serratia marcescens under several experimental temperature treatments
DRR197051	DRX187468	DRS174680	DRP004189	PRJDB5929	Escherichia coli	EC01	PACBIO_SMRT	PacBio RS II	737308085.0	105292.0	WGS	GENOMIC	SINGLE	PacBio RS II sequencing of SAMD00111730
SRR7686016	SRX4546512	SRS3664027	SRP157147	PRJNA483752	Heyndrickxia coagulans	DSM 2314	PACBIO_SMRT	Sequel	7188483112.0	848384.0	WGS	GENOMIC	SINGLE	gDNA sequences from cultured bacteria
ERR15705790	ERX15130914	ERS27074026	ERP108586	PRJEB26586	Haemophilus influenzae		OXFORD_NANOPORE	MinION	336752279.0	103626.0	WGS	GENOMIC	SINGLE	PTHi-14525-ONT
SRR12299111	SRX8802102	SRS6792718	SRP266402	PRJNA605147	Citrobacter freundii	RHB35-C22	OXFORD_NANOPORE	GridION	655438605.0	166679.0	WGS	GENOMIC	SINGLE	OXFORD_NANOPORE sequencing of Citrobacter freundii isolate RH06|T3-C22 cultured from Cattle faeces sample
SRR36388075	SRX31416384	SRS27399737	SRP653897	PRJNA1378463	Klebsiella pneumoniae	#3992	OXFORD_NANOPORE	MinION	404769858.0	111383.0	WGS	GENOMIC	SINGLE	WGS of Klebsiella pneumoniae ST307 and ST5994: clinical isolates from Cantabria (Spain)
SRR27732414	SRX23398004	SRS20258844	SRP486040	PRJNA1068327	Burkholderia stagnalis	TBRC 18363	OXFORD_NANOPORE	MinION	1121267396.0	163725.0	WGS	GENOMIC	SINGLE	WGS of Burkholderia stagnalis TBRC18363 by oxford-nanopore
ERR2125763	ERX2182615	ERS1572990	ERP005928	PRJEB6403	Aminobacter aminovorans	NCTC10684	PACBIO_SMRT	PacBio RS	966339914.0	163482.0	WGS	GENOMIC	SINGLE	PacBio RS sequencing
SRR386704	SRX109812	SRS004883	SRP001079	PRJNA40077	Cereibacter sphaeroides 2.4.1	2.4.1	PACBIO_SMRT	PacBio RS	79659081.0	81741.0	WGS	GENOMIC	SINGLE	Whole Genome Sequencing and Assembly
SRR30896248	SRX26299773	SRS22828495	SRP536878	PRJNA1134622	Escherichia coli	OXEC-547	OXFORD_NANOPORE	MinION	286507055.0	81972.0	WGS	GENOMIC	SINGLE	OXEC-547
ERR13194289	ERX12565154	ERS20185801	ERP160059	PRJEB75483	Microbacterium foliorum		OXFORD_NANOPORE	MinION	162298946.0	20804.0	WGS	GENOMIC	SINGLE	MinION sequencing
SRR10038818	SRX6773876	SRS5320991	SRP219730	PRJNA546642	Streptomyces sp. S2-04	S2-04	PACBIO_SMRT	Sequel	2184830139.0	505624.0	WGS	GENOMIC	SINGLE	Streptomyces sp. S2-04
ERR10386233	ERX9915393	ERS13587216	ERP141746	PRJEB56775	Streptococcus suis		PACBIO_SMRT	Sequel II	1515576740.0	310059.0	WGS	GENOMIC	SINGLE	Sequel II sequencing
SRR19548067	SRX15600158	SRS13301138	SRP378656	PRJNA844881	Photobacterium sp. S20_bc16	S20_bc16	OXFORD_NANOPORE	PromethION	556350623.0	164220.0	WGS	GENOMIC	SINGLE	Whole Genomic sequencing of Bacteria: Salmon gut
SRR32655870	SRX27959918	SRS24326299	SRP569671	PRJNA912210	Synechococcus sp. MIT S9509	MIT S9509	PACBIO_SMRT	Sequel	80262483.0	12102.0	WGS	GENOMIC	SINGLE	PacBio HiFi data of Synechococcus sp. MIT S9509
SRR19049475	SRX15120858	SRS12864961	SRP373300	PRJNA819544	Faecalibacterium sp. I4-3-84	I4-3-84	PACBIO_SMRT	Sequel II	4558986997.0	367152.0	WGS	GENOMIC	SINGLE	long reads for I4-3-84
SRR28434803	SRX24038447	SRS20831675	SRP497546	PRJNA1091452	Staphylococcus aureus	SA62-PS	OXFORD_NANOPORE	MinION	418348151.0	92591.0	WGS	GENOMIC	SINGLE	ONT performance study sequencing of S. aureus
ERR15602728	ERX15005952	ERS26882996	ERP180185	PRJEB97707	Escherichia coli		OXFORD_NANOPORE	MinION	663519480.0	74769.0	WGS	GENOMIC	SINGLE	MinION sequencing
SRR30483134	SRX25907931	SRS22499148	SRP529572	PRJNA1148956	Clostridioides difficile		OXFORD_NANOPORE	MinION	500001083.0	89300.0	WGS	GENOMIC	SINGLE	cdiff
DRR513093	DRX496979	DRS341344	DRP010779	PRJDB17010	Ralstonia pseudosolanacearum	MAFF 211521	OXFORD_NANOPORE	MinION	122108376.0	23363.0	WGS	GENOMIC	SINGLE	MinION sequencing of SAMD00657124
SRR32316135	SRX27651588	SRS24057401	SRP560996	PRJNA1218017	Bacteroides thetaiotaomicron	vpi-5482	OXFORD_NANOPORE	MinION	560072083.0	543993.0	WGS	GENOMIC	SINGLE	WGS of Bacteroides thetatiotaomicron grown on different carbon sources
SRR13386137	SRX9805292	SRS7989367	SRP300861	PRJNA663900	Enterococcus sp. DIV1861	DIV1861	OXFORD_NANOPORE	GridION	655663716.0	59683.0	WGS	GENOMIC	SINGLE	Zoo 3 Enterococcus Diversity Genome sequencing and assembly
SRR13269090	SRX9699367	SRS7895443	SRP272861	PRJNA646575	Bacteroides fragilis		OXFORD_NANOPORE	GridION	269959948.0	90742.0	WGS	GENOMIC	SINGLE	WGS  of Bacteroides fragilis group clinical isolates
ERR3685728	ERX3675332	ERS4047529	ERP114207	PRJEB31632	bacterium		OXFORD_NANOPORE	GridION	468012276.0	45457.0	WGS	GENOMIC	SINGLE	GridION sequencing
SRR35673923	SRX30725743	SRS26742288	SRP561673	PRJNA1219398	Pasteurella multocida	203533	OXFORD_NANOPORE	MinION	44611663.0	19489.0	WGS	GENOMIC	SINGLE	DNA-Seq of Pasteurella multocida 203533
ERR14747032	ERX14148404	ERS23812067	ERP170065	PRJEB86767	Klebsiella pneumoniae		OXFORD_NANOPORE	MinION	232848245.0	58984.0	WGS	GENOMIC	SINGLE	EXP-16-1-2025-03-14_13-52-41
SRR32527863	SRX27839665	SRS24213877	SRP567071	PRJNA1230128	Salmonella enterica subsp. salamae	22EPA053NSA_17	OXFORD_NANOPORE	MinION	64283511.0	8788.0	WGS	GENOMIC	SINGLE	nanopore sequence of Salmonella enterica
SRR23190619	SRX19140951	SRS16553742	SRP418652	PRJNA689405	Paracoccus saliphilus	DSM 18447	OXFORD_NANOPORE	MinION	1766504605.0	670311.0	WGS	GENOMIC	SINGLE	The genome of type strain Paracoccus saliphilus DSM 18447T was sequenced to increase the number of finished high quality genomes of the genus Paracoccus which will allow follow up comparative genomics and phylogenomics.
SRR8776820	SRX5566950	SRS4529935	SRP189296	PRJNA528186	Staphylococcus aureus	UP_1108	OXFORD_NANOPORE	MinION	633931888.0	101701.0	WGS	GENOMIC	SINGLE	UP_1108_nanopore
SRR36141182	SRX31182313	SRS27166136	SRP644510	PRJNA1363965	Neisseria gonorrhoeae	4065	OXFORD_NANOPORE	MinION	538420885.0	113539.0	WGS	GENOMIC	SINGLE	WGS of NG: adult male
SRR34431962	SRX29593182	SRS25715357	SRP599213	PRJNA1288503	Citrobacter koseri	UTI-22-01	OXFORD_NANOPORE	MinION	238989827.0	48000.0	WGS	GENOMIC	SINGLE	Nanopore sequencing of Citrobacter koseri isolate UTI-22-01 from UTI patient
SRR17115553	SRX13300224	SRS11209846	SRP040661	PRJNA231221	Campylobacter jejuni	FDAARGOS_1546	PACBIO_SMRT	Sequel	1002789906.0	78321.0	WGS	GENOMIC	SINGLE	
SRR20999547	SRX17016336	SRS14601339	SRP390825	PRJNA638288	Klebsiella michiganensis	Kmfe267	OXFORD_NANOPORE	MinION	745624443.0	105462.0	WGS	GENOMIC	SINGLE	Nanopore genomic sequencing of k. michiganensis
SRR32370096	SRX27704574	SRS24099072	SRP564386	PRJNA1224596	Klebsiella pneumoniae	K-28407	OXFORD_NANOPORE	MinION	516791276.0	115563.0	WGS	GENOMIC	SINGLE	Long read WGS of Klebsiella pneumoniae: isolate K-28407
SRR32458783	SRX27773199	SRS24152377	SRP565777	PRJNA1222167	Morganella psychrotolerans	GWT 902	OXFORD_NANOPORE	MinION	1360648014.0	4505457.0	WGS	GENOMIC	SINGLE	Whole genome sequencing of Morganella psychrotolerans
SRR17236833	SRX13415961	SRS11317743	SRP350873	PRJNA789167	Streptococcus pneumoniae	VL4481	PACBIO_SMRT	Sequel II	2335442189.0	245254.0	WGS	GENOMIC	SINGLE	PacBio WGS of Streptococcus pneumoniae AMR38
SRR30896477	SRX26300092	SRS22828814	SRP536878	PRJNA1134622	Escherichia coli	OXEC-412	OXFORD_NANOPORE	MinION	873944595.0	226390.0	WGS	GENOMIC	SINGLE	OXEC-412
SRR13957744	SRX10335933	SRS8455477	SRP300861	PRJNA663900	Enterococcus sp. DIV2472a	DIV2472a	OXFORD_NANOPORE	GridION	963188869.0	162248.0	WGS	GENOMIC	SINGLE	sequencing of enterococcal diversity
SRR10259776	SRX6977655	SRS5502741	SRP051099	PRJNA269675	Yersinia pestis	SCPM-O-B-5935 (I-1996)	OXFORD_NANOPORE	MinION	100363313.0	8975.0	WGS	GENOMIC	SINGLE	Shotgun 2019 Sample 201
ERR10498078	ERX10015367	ERS14254612	ERP142629	PRJEB57633	Escherichia coli		OXFORD_NANOPORE	GridION	61573874.0	11011.0	WGS	GENOMIC	SINGLE	Raw reads: ONT_30348_1#82
SRR24348246	SRX20141057	SRS17464143	SRP434882	PRJNA962597	Vibrio parahaemolyticus	F5828	OXFORD_NANOPORE	MinION	947523476.0	167189.0	WGS	GENOMIC	SINGLE	WGS of Vibrio parahaemolyticus
SRR29762668	SRX25263311	SRS21948424	SRP519048	PRJNA1133736	Shigella flexneri	702865	OXFORD_NANOPORE	MinION	1019548344.0	192931.0	WGS	GENOMIC	SINGLE	WGS of Shigella flexneri serotype 6 isolate 702865
SRR37104805	SRX32051064	SRS27988483	SRP674540	PRJNA1314445	Rhodanobacter sp. UC4436_H3	UC4436_H3	OXFORD_NANOPORE	MinION	748522616.0	135053.0	WGS	GENOMIC	SINGLE	UC4436
SRR32316146	SRX27651577	SRS24057390	SRP560996	PRJNA1218017	Bacteroides thetaiotaomicron	vpi-5482	OXFORD_NANOPORE	MinION	690316153.0	107999.0	WGS	GENOMIC	SINGLE	WGS of Bacteroides thetatiotaomicron grown on different carbon sources
SRR33768593	SRX28990884	SRS22456143	SRP444583	PRJNA962904	Escherichia coli		PACBIO_SMRT	Sequel II	83629783.0	5642.0	WGS	GENOMIC	SINGLE	PacBio sequencing of AH0792HE1 for ARCH 2
ERR10042286	ERX9582254	ERS6425947	ERP109413	PRJEB27342	Klebsiella variicola subsp. variicola		PACBIO_SMRT	Sequel II	2463399885.0	315446.0	WGS	GENOMIC	SINGLE	Sequel II sequencing
SRR36797835	SRX31784513	SRS27747214	SRP661661	PRJNA1389824	Enterobacter ludwigii		OXFORD_NANOPORE	MinION	579905972.0	202063.0	WGS	GENOMIC	SINGLE	evolved microcosm clones
SRR18681724	SRX14782773	SRS12539538	SRP368114	PRJNA824420	Escherichia coli	GD03007_ECOL_HY_125	OXFORD_NANOPORE	MinION	517429250.0	56748.0	WGS	GENOMIC	SINGLE	Long-read sequencing of Escherichia coli: isolate #125 urine
SRR9214054	SRX5984776	SRS4890338	SRP051949	PRJNA271899	Serratia ureilytica	MGH225	OXFORD_NANOPORE	GridION	914223775.0	593946.0	WGS	GENOMIC	SINGLE	Sequencing of Carbapenem resistant bacteria
DRR097362	DRX090853	DRS101422	DRP005230	PRJDB5840	Helicobacter pylori	YN1-136	PACBIO_SMRT	PacBio RS II	2071928409.0	163482.0	WGS	GENOMIC	SINGLE	PacBio RS II sequencing of SAMD00084392
SRR24037497	SRX19840043	SRS17198654	SRP430371	PRJNA948666	Paenibacillus larvae	PL013	OXFORD_NANOPORE	GridION	880141928.0	592889.0	WGS	GENOMIC	SINGLE	DNA seq of Paenibacillus larvae
SRR31480904	SRX26849419	SRS23333090	SRP547242	PRJNA1188493	Bacillus cereus	C818	OXFORD_NANOPORE	GridION	4151818671.0	1178114.0	WGS	GENOMIC	SINGLE	WGS of Bacillus Cereus
DRR275249	DRX264833	DRS173595	DRP006554	PRJDB10561	Escherichia coli	missing	OXFORD_NANOPORE	MinION	202784550.0	41744.0	WGS	GENOMIC	SINGLE	MinION sequencing of SAMD00281854
SRR4210102	SRX2153085	SRS1683619	SRP087686	PRJNA303839	Pseudomonas azotoformans	LMG 21611	PACBIO_SMRT	PacBio RS	520362060.0	130780.0	WGS	GENOMIC	SINGLE	Pseudomonas azotoformans LMG 21611
SRR16525230	SRX12727884	SRS10676818	SRP342584	PRJNA768992	Salmonella enterica subsp. enterica serovar Heidelberg	SA02DT10168701	OXFORD_NANOPORE	MinION	93058657.0	29168.0	WGS	GENOMIC	SINGLE	Evaluation of commercial DNA extraction kits for implementation of rapid Nanopore
ERR10498357	ERX10015646	ERS14255507	ERP142629	PRJEB57633	Escherichia coli		OXFORD_NANOPORE	GridION	62419020.0	7356.0	WGS	GENOMIC	SINGLE	Raw reads: ONT_30345_1#177
SRR2814262	SRX1382106	SRS1133139	SRP040661	PRJNA231221	Klebsiella quasipneumoniae	FDAARGOS_93	PACBIO_SMRT	PacBio RS	883710019.0	163482.0	WGS	GENOMIC	SINGLE	
SRR34967456	SRX30086781	SRS26152933	SRP608514	PRJNA1305037	Serratia marcescens	MI_KPC_144	OXFORD_NANOPORE	PromethION	500000524.0	90444.0	WGS	GENOMIC	SINGLE	KPC CRE collection from state of Michigan
SRR9657945	SRX6419168	SRS5076115	SRP213820	PRJNA547699	Staphylococcus aureus	MRSA - AMRF 6	OXFORD_NANOPORE	MinION	59392.0	1.0	WGS	GENOMIC	SINGLE	Plasmid-seq of MRSA-AMRF6
SRR26465568	SRX22169390	SRS19227285	SRP467862	PRJNA1000275	Enterococcus faecium	2010C10-174	OXFORD_NANOPORE	MinION	334951919.0	54466.0	WGS	GENOMIC	SINGLE	VP11
SRR386483	SRX109879	SRS212335	SRP007231	PRJNA49881	Scardovia wiggsiae F0424	F0424	PACBIO_SMRT	PacBio RS	114780208.0	81741.0	WGS	GENOMIC	SINGLE	Whole Genome Sequencing and Assembly
SRR5149770	SRX2467722	SRS1892027	SRP095975	PRJNA360013	Escherichia coli	CRE1493	PACBIO_SMRT	PacBio RS II	971773345.0	163482.0	WGS	GENOMIC	SINGLE	Escherichia coli strain CRE1493, complete genome
SRR35213368	SRX30316990	SRS26363925	SRP615992	PRJNA1301220	Acinetobacter baumannii	ABO22-E128	OXFORD_NANOPORE	MinION	258283014.0	79828.0	WGS	GENOMIC	SINGLE	Whole geneme sequencing of Acinetobacter baumannii: isolates of the Ab-One study
SRR24620923	SRX20401651	SRS17709041	SRP438214	PRJNA391502	Curtobacterium sp. MCSS17_005	MCSS17_005	OXFORD_NANOPORE	MinION	842141826.0	98637.0	WGS	GENOMIC	SINGLE	Curtobacterium isolate from plant litter collected from California Salton-Sea site of elevation gradient
SRR14628206	SRX10968967	SRS9046507	SRP321015	PRJNA731114	Pseudomonas aeruginosa	PaLo534	OXFORD_NANOPORE	MinION	381881708.0	112083.0	WGS	GENOMIC	SINGLE	Nanopore sequencing of Pseudomonas aeruginosa isolates
SRR5181851	SRX2497960	SRS1924813	SRP096895	PRJNA353873	Mycobacterium tuberculosis		PACBIO_SMRT	PacBio RS	937967694.0	163482.0	WGS	GENOMIC	SINGLE	DNA of Mtb
ERR10478496	ERX9998835	ERS14236925	ERP142389	PRJEB57409	Enterococcus faecium		OXFORD_NANOPORE	MinION	178326865.0	10050.0	WGS	GENOMIC	SINGLE	MinION sequencing
DRR034928	DRX031561	DRS019788	DRP002674	PRJDB3909	Bacillus thuringiensis serovar tolworthi	missing	PACBIO_SMRT	PacBio RS II	1129511594.0	163482.0	WGS	GENOMIC	SINGLE	PacBio RS II sequencing of SAMD00030057
ERR5726844	ERX5441557	ERS6219020	ERP128194	PRJEB44175	Escherichia coli		OXFORD_NANOPORE	GridION	281700599.0	27321.0	WGS	GENOMIC	SINGLE	GridION sequencing
ERR15373223	ERX14776908	ERS23666320	ERP169391	PRJEB86018	Haemophilus influenzae		PACBIO_SMRT	Sequel II	477666416.0	43727.0	WGS	GENOMIC	SINGLE	Sequel II sequencing
SRR25778643	SRX21501173	SRS18732647	SRP457287	PRJNA1010209	Mycobacterium tuberculosis	TDR1	OXFORD_NANOPORE	MinION	186665928.0	78276.0	WGS	GENOMIC	SINGLE	WGS from TDR1 Oxford Nanopore
SRR16525807	SRX12728192	SRS10336768	SRP357534	PRJNA801415	Escherichia coli	48	OXFORD_NANOPORE	GridION	740345131.0	131789.0	WGS	GENOMIC	SINGLE	Extensive diversification and dissemination of blaNDM carbapenemase plasmids in Enterobacterales in Singapore 2010-2015
DRR197056	DRX187473	DRS062167	DRP004189	PRJDB5929	Klebsiella pneumoniae	KP34	PACBIO_SMRT	PacBio RS II	668392659.0	109653.0	WGS	GENOMIC	SINGLE	PacBio RS II sequencing of SAMD00110862
SRR3747290	SRX1901158	SRS1543946	SRP078009	PRJNA195712	Arthrobacter sp. 31Y	31Y	PACBIO_SMRT	PacBio RS	297168572.0	80359.0	WGS	GENOMIC	SINGLE	Arthrobacter sp. 31Y
SRR20138922	SRX16174076	SRS13835880	SRP385218	PRJNA856428	Escherichia coli	Nanopore_S22	OXFORD_NANOPORE	PromethION	1101884129.0	123019.0	WGS	GENOMIC	SINGLE	Nanopore sequncing of Escherichia coli str. K12 substr. MG1655: MA line
SRR386270	SRX109867	SRS002782	SRP001679	PRJNA32483	Fusobacterium animalis 7_1	7_1	PACBIO_SMRT	PacBio RS	65629006.0	81741.0	WGS	GENOMIC	SINGLE	Whole Genome Sequencing and Assembly
SRR17210307	SRX13390203	SRS11290157	SRP350362	PRJNA788148	Citrobacter freundii	B1s	OXFORD_NANOPORE	MinION	966354.0	158.0	WGS	GENOMIC	SINGLE	B1_r2_adaptive_16h
SRR4063394	SRX2052473	SRS1527857	SRP077383	PRJNA234786	Streptacidiphilus albus JL83	JL83	PACBIO_SMRT	PacBio RS	309056409.0	141711.0	WGS	GENOMIC	SINGLE	Streptacidiphilus albus JL83
SRR26895495	SRX22589741	SRS19596617	SRP473162	PRJNA1043403	Klebsiella pneumoniae	DD01466	OXFORD_NANOPORE	MinION	1072028586.0	144553.0	WGS	GENOMIC	SINGLE	Nanopre Sequencing of Hypervirulent and Carbapenem-resistant Klebsiella pneumoniae
SRR12299034	SRX8802179	SRS6792273	SRP266402	PRJNA605147	Escherichia fergusonii	RHB38-C04	OXFORD_NANOPORE	GridION	667521237.0	155496.0	WGS	GENOMIC	SINGLE	OXFORD_NANOPORE sequencing of Escherichia fergusonii isolate RH04|T3-C04 cultured from Pig faeces sample
SRR5839118	SRX3015176	SRS1832440	SRP094480	PRJNA279196	Bordetella pertussis	I382	PACBIO_SMRT	PacBio RS II	1252497481.0	163482.0	WGS	GENOMIC	SINGLE	
SRR35513812	SRX30589552	SRS26617975	SRP620300	PRJNA1328464	Staphylococcus hominis	SHOMINIS	OXFORD_NANOPORE	GridION	159324666.0	45869.0	WGS	GENOMIC	SINGLE	Staphylococcus hominis, MCB kit, replicate 2, sequence replicate 1
SRR8180478	SRX5000550	SRS4035298	SRP040661	PRJNA231221	Streptococcus pyogenes	FDAARGOS_534	PACBIO_SMRT	PacBio RS	2717964426.0	163482.0	WGS	GENOMIC	SINGLE	
SRR28811953	SRX24375200	SRS21131856	SRP504151	PRJNA1104797	Xanthomonas campestris pv. raphani	LMG 07505	OXFORD_NANOPORE	PromethION	710148111.0	28221.0	WGS	GENOMIC	SINGLE	Genome sequencing of Xanthomonas campestris pv. raphani: strain LMG 07505
DRR534751	DRX518571	DRS403519	DRP011977	PRJDB17629	Paenibacillus melissococcoides	J46TS7	OXFORD_NANOPORE	MinION	432665294.0	85057.0	WGS	GENOMIC	SINGLE	MinION sequencing of SAMD00751203
ERR10664196	ERX10133380	ERS2651682	ERP104475	PRJEB22771	Streptococcus pneumoniae		PACBIO_SMRT	Sequel II	1081644923.0	149896.0	WGS	GENOMIC	SINGLE	Sequel II sequencing
SRR1200914	SRX497656	SRS579607	SRP040448	PRJNA212457	Orientia tsutsugamushi str. TA716		PACBIO_SMRT	PacBio RS	1990920692.0	163482.0	WGS	GENOMIC	SINGLE	
DRR374880	DRX360781	DRS239742	DRP008538	PRJDB11865	Clostridium perfringens	A18-256	OXFORD_NANOPORE	MinION	3851890937.0	1149881.0	WGS	GENOMIC	SINGLE	MinION sequencing of SAMD00333517
SRR19912879	SRX15955610	SRS13642138	SRP384433	PRJNA769740	Enterobacter roggenkampii	ECl_3.VN	PACBIO_SMRT	Sequel II	5975001.0	59.0	WGS	GENOMIC	SINGLE	DNA sequence of Enterobacter roggenkampii isolate ECl_3.VN
SRR26389269	SRX22095304	SRS19161192	SRP466359	PRJNA660241	Salmonella sp. 2021-161	2021-161	PACBIO_SMRT	PacBio RS	969977100.0	3233257.0	WGS	GENOMIC	PAIRED	Salmonella enterica Genome sequencing
SRR1797152	SRX866452	SRS837414	SRP055199	PRJNA274640	Escherichia coli	K-12	PACBIO_SMRT	PacBio RS	181723209.0	163482.0	WGS	GENOMIC	SINGLE	Figure 5:  20kb E. coli Low-Input Re-Use Results
SRR15069639	SRX11379712	SRS9424804	SRP327495	PRJNA744857	Escherichia coli	ST101	OXFORD_NANOPORE	MinION	1431061908.0	380412.0	WGS	GENOMIC	SINGLE	Escherichia coli: MC-2-315
SRR30480579	SRX25905329	SRS22496828	SRP528195	PRJNA892659	Klebsiella pneumoniae		OXFORD_NANOPORE	MinION	530412975.0	58999.0	WGS	GENOMIC	SINGLE	DNA-Seq of Klebsiella pneumoniae
ERR15191301	ERX14596928	ERS25135671	ERP160948	PRJEB76420	Escherichia coli		OXFORD_NANOPORE	MinION			WGS	GENOMIC	SINGLE	MinION sequencing
SRR19820500	SRX15864421	SRS13526025	SRP361569	PRJNA768416	Bacillus sp. FSL W7-1282		OXFORD_NANOPORE	MinION	731662736.0	202584.0	WGS	GENOMIC	SINGLE	WGS of Bacilli
SRR30238144	SRX25699910	SRS22338488	SRP526362	PRJNA1089598	Pararhizobium sp. A13	A13	PACBIO_SMRT	Sequel II	2571676909.0	287185.0	WGS	GENOMIC	SINGLE	Complete Genome Sequencing of Pararhizobium sp. strain A13
SRR11185190	SRX7805667	SRS6218872	SRP250798	PRJNA608474	Bradyrhizobium sp. 6(2017)	1S3	PACBIO_SMRT	PacBio RS II	1374166804.0	163482.0	WGS	GENOMIC	SINGLE	Complete genome sequencing of Bradyrhizobium sp. strain 1S3
SRR10556138	SRX7237874	SRS5737469	SRP233725	PRJNA460349	Clostridium beijerinckii	DJ112	PACBIO_SMRT	PacBio RS II	439189639.0	108318.0	WGS	GENOMIC	SINGLE	Clostridium beijerinckii DJ112
ERR9837047	ERX9382911	ERS8227215	ERP132884	PRJEB48506	Salmonella enterica subsp. enterica serovar Paratyphi A		OXFORD_NANOPORE	MinION	650676390.0	174571.0	WGS	GENOMIC	SINGLE	MinION sequencing; Raw reads: E344_MinION
ERR752452	ERX696134	ERS544008	ERP005928	PRJEB6403	Salmonella enterica subsp. enterica	NCTC8270	PACBIO_SMRT	PacBio RS	1271656729.0	163482.0	WGS	GENOMIC	SINGLE	PacBio RS sequencing
DRR301952	DRX291391	DRS190051	DRP007405	PRJDB10063	Effusibacillus dendaii	skT53	PACBIO_SMRT	PacBio RS II	1361576083.0	141924.0	WGS	GENOMIC	PAIRED	PacBio RS II paired end sequencing of SAMD00233082
SRR30949430	SRX26352054	SRS22817125	SRP536567	PRJNA1165464	Escherichia coli	Not applicable	OXFORD_NANOPORE	MinION	466348223.0	115125.0	WGS	GENOMIC	SINGLE	Nanopore sequencing of E.coli: blood isolate
SRR18212848	SRX14359361	SRS12172886	SRP362326	PRJNA812408	Methylocystis parvus OBBP	OBBP	PACBIO_SMRT	PacBio RS II	1333680793.0	145723.0	WGS	GENOMIC	SINGLE	PacBio of M. parvus OBBP: gDNA
SRR941230	SRX326512	SRS468192	SRP027574	PRJNA63279	Escherichia coli O157:H7 str. F8092B	F8092B	PACBIO_SMRT	PacBio RS	168661589.0	81741.0	WGS	GENOMIC	SINGLE	Escherichia coli O157:H7 F8092B PacBio C2 CLR
SRR23033285	SRX18987987	SRS16408856	SRP416789	PRJNA922444	Pseudomonas tohonis	Q4-3	OXFORD_NANOPORE	PromethION	2758333167.0	332000.0	WGS	GENOMIC	SINGLE	ONT sequencing of Pseudomonas tohonis Q1-7
ERR11897009	ERX11281296	ERS16296376	ERP135420	PRJEB50816	Salmonella enterica subsp. enterica serovar Typhimurium		PACBIO_SMRT	PacBio RS II	5145744.0	2.0	WGS	GENOMIC	SINGLE	PacBio RS II sequencing
ERR10356983	ERX9889099	ERS6795128	ERP109413	PRJEB27342	Klebsiella pneumoniae		PACBIO_SMRT	Sequel II	5729343188.0	913693.0	WGS	GENOMIC	SINGLE	Sequel II sequencing
ERR16115104	ERX15504695	ERS28491527	ERP187546	PRJEB106491	Arthrobacter sp.		OXFORD_NANOPORE	MinION	1139619043.0	80084.0	WGS	GENOMIC	SINGLE	Whole genome sequencing of Arthrobacter_TRD_SC_6, isolated from TsoMoriri Rock Dust
SRR9008276	SRX5786491	SRS4718803	SRP194963	PRJNA538390	Pseudonocardia kunmingensis	DSM 45301	PACBIO_SMRT	Sequel	1160545282.0	407019.0	WGS	GENOMIC	SINGLE	Pseudonocardia kunmingensis DSM 45301
ERR3685971	ERX3675575	ERS4047772	ERP114207	PRJEB31632	bacterium		OXFORD_NANOPORE	GridION	796679881.0	116565.0	WGS	GENOMIC	SINGLE	GridION sequencing
SRR7592390	SRX4457443	SRS3595270	SRP155251	PRJNA482852	Streptococcus thermophilus	ST109	PACBIO_SMRT	PacBio RS II	1011166340.0	285093.0	WGS	GENOMIC	SINGLE	Streptococcus thermophilus strain ST109 Genome sequencing and assembly
SRR10896390	SRX7565224	SRS6001896	SRP241987	PRJNA599529	Escherichia coli	94EC	OXFORD_NANOPORE	MinION	548450378.0	96539.0	WGS	GENOMIC	SINGLE	Genome sequencing of E. coli 94EC
ERR10499677	ERX10016959	ERS14256806			Escherichia coli		OXFORD_NANOPORE	GridION	346313967.0	36792.0	WGS	GENOMIC	SINGLE	GridION sequencing; Raw reads: ONT_30821_1#356
SRR14108820	SRX10479562	SRS8607997	SRP312756	PRJNA689092	Xanthomonas campestris pv. campestris	CFBP12825	PACBIO_SMRT	Sequel II	5680660562.0	679780.0	WGS	GENOMIC	SINGLE	Xc isolated from weeds and crops
SRR26415498	SRX22120818	SRS19184505	SRP466937	PRJNA1029321	Xanthomonas euvesicatoria	XpT39	OXFORD_NANOPORE	GridION	1950406179.0	221649.0	WGS	GENOMIC	SINGLE	XpT39 gDNA
SRR32398730	SRX27730955	SRS8275481	SRP150360	PRJNA475751	Clostridioides difficile	CD08437	OXFORD_NANOPORE	MinION	1406490259.0	492560.0	WGS	GENOMIC	SINGLE	WGS sequencing of C. difficile
ERR2588231	ERX2604507	ERS1572785	ERP021285	PRJEB19288	Vibrio cholerae		PACBIO_SMRT	PacBio RS	2313587155.0	163482.0	WGS	GENOMIC	SINGLE	PacBio RS sequencing
SRR14628213	SRX10968960	SRS9046501	SRP321015	PRJNA731114	Pseudomonas aeruginosa	PaLo528	OXFORD_NANOPORE	MinION	1135221119.0	161250.0	WGS	GENOMIC	SINGLE	Nanopore sequencing of Pseudomonas aeruginosa isolates
SRR36920013	SRX31886520	SRS27841381	SRP665298	PRJNA1403646	Staphylococcus haemolyticus	not applicable	OXFORD_NANOPORE	MinION	113421953.0	43706.0	WGS	GENOMIC	SINGLE	Long Reads for The Genomic Landscape of Head and Neck Cancer-associated Streptococci
ERR10499733	ERX10017015	ERS14248213	ERP142363	PRJEB57392	Escherichia coli		OXFORD_NANOPORE	MinION	613002152.0	1018276.0	WGS	GENOMIC	PAIRED	MinION paired end sequencing
SRR21630273	SRX17630742	SRS14987311	SRP354045	PRJNA747871	Streptomyces sp. NBC_00151	NBC_00151	OXFORD_NANOPORE	MinION	1376797410.0	332103.0	WGS	GENOMIC	SINGLE	nanopore sequencing data from strain NBC_00151
ERR16064413	ERX15454595	ERS28397548	ERP173262	PRJEB90249	Acinetobacter baumannii		OXFORD_NANOPORE	GridION	204782437.0	94120.0	WGS	GENOMIC	SINGLE	GridION sequencing
SRR32026275	SRX27376614	SRS23811389	SRP557874	PRJNA1211177	Klebsiella pneumoniae	MF9	OXFORD_NANOPORE	MinION	96464648.0	4550.0	WGS	GENOMIC	SINGLE	WGS of K. pneumoniae - ONT
ERR10472439	ERX9992784	ERS6795259	ERP109413	PRJEB27342	Klebsiella pneumoniae		PACBIO_SMRT	Sequel II	6946733907.0	1340733.0	WGS	GENOMIC	SINGLE	Sequel II sequencing
SRR21563470	SRX17565705	SRS14987428	SRP354045	PRJNA747871	Streptomyces sp. NBC_01760	NBC_01760	OXFORD_NANOPORE	MinION	516311398.0	44577.0	WGS	GENOMIC	SINGLE	nanopore sequencing data from strain NBC_01760
DRR413426	DRX398993	DRS259858	DRP009104	PRJDB14572	Aurantimicrobium sp. INA4	INA4	PACBIO_SMRT	Sequel II	50195765.0	3542.0	WGS	GENOMIC	SINGLE	Sequel II sequencing of SAMD00549753
ERR1156412	ERX1229938	ERS836413	ERP005928	PRJEB6403	Staphylococcus aureus	NCTC13132	PACBIO_SMRT	PacBio RS	2203339710.0	163482.0	WGS	GENOMIC	SINGLE	PacBio RS sequencing
SRR31705074	SRX27066661	SRS23527300	SRP551264	PRJNA1197770	Escherichia coli	Not applicable	OXFORD_NANOPORE	MinION	3704289.0	1867.0	WGS	GENOMIC	SINGLE	Escherichia coli :Pig
SRR35646216	SRX30698420	SRS26717126	SRP587037	PRJNA1265284	Testudinibacter sp. P17/SS/0325	P17/SS/0325	OXFORD_NANOPORE	PromethION	705023803.0	81033.0	WGS	GENOMIC	SINGLE	WGS of Testudinibacter sp. TW-1 P17/SS/0325
ERR2749076	ERX2762130	ERS1820637	ERP010248	PRJEB9167	Mycobacteroides abscessus		PACBIO_SMRT	PacBio RS	859724793.0	163482.0	WGS	GENOMIC	SINGLE	PacBio RS sequencing
ERR15569415	ERX14972611	ERS26860322	ERP179697	PRJEB97106	Escherichia coli		OXFORD_NANOPORE	MinION	716441652.0	183207.0	WGS	GENOMIC	SINGLE	Raw reads: 149-258 sequencing
SRR36920018	SRX31886515	SRS27841351	SRP665298	PRJNA1403646	Streptococcus anginosus	not applicable	OXFORD_NANOPORE	MinION	43618977.0	46386.0	WGS	GENOMIC	SINGLE	Long Reads for The Genomic Landscape of Head and Neck Cancer-associated Streptococci
SRR32184224	SRX27529350	SRS16968667	SRP426074	PRJNA941188	Bacillus subtilis	DSM 1090	OXFORD_NANOPORE	GridION	1712036653.0	272083.0	WGS	GENOMIC	SINGLE	WGS of Bacillus subtilis: cell culture
SRR22190983	SRX18169439	SRS15668704	SRP303037	PRJNA694442	Salmonella enterica		OXFORD_NANOPORE	GridION	250183158.0	27103.0	WGS	GENOMIC	SINGLE	Multiplex WGS of Salmonella
SRR32029838	SRX27379736	SRS23059613	SRP074197	PRJNA288601	Acinetobacter baumannii		OXFORD_NANOPORE	GridION	419186502.0	221063.0	WGS	GENOMIC	SINGLE	Nanopore sequencing of ARLN isolate
SRR12697333	SRX9176951	SRS7428467	SRP285098	PRJNA664737	Arthrobacter sp. TES	TES	OXFORD_NANOPORE	GridION	3094104587.0	175492.0	WGS	GENOMIC	SINGLE	ONT-sequencing of Arthrobacter sp. TES
ERR2217959	ERX2271718	ERS1826230	ERP005928	PRJEB6403	Campylobacter lari	NCTC 12894	PACBIO_SMRT	PacBio RS	1160684302.0	163482.0	WGS	GENOMIC	SINGLE	PacBio RS sequencing
SRR12395384	SRX8893513	SRS7152535	SRP276100	PRJNA650381	Mycobacterium tuberculosis		OXFORD_NANOPORE	MinION	1176974029.0	816027.0	WGS	GENOMIC	SINGLE	Nanopore TB WGS
ERR15094763	ERX14499365	ERS24813576	ERP119900	PRJEB36683	Klebsiella pneumoniae 11227-1		OXFORD_NANOPORE	PromethION	408840513.0	200124.0	WGS	GENOMIC	SINGLE	Raw reads: DKPU110_L
SRR13192595	SRX9626864	SRS7827983	SRP295672	PRJNA681856	Salmonella enterica	LHICA_E1	OXFORD_NANOPORE	MinION	14932123.0	4000.0	WGS	GENOMIC	SINGLE	WGS of Salmonella enterica Lhica E135
SRR5165460	SRX2482429	SRS1913864	SRP096426	PRJNA257887	Mesorhizobium australicum	B5P	PACBIO_SMRT	PacBio RS	512695359.0	150056.0	WGS	GENOMIC	SINGLE	Mesorhizobium australicum B5P
SRR9668097	SRX6428677	SRS5083913	SRP040661	PRJNA231221	Achromobacter xylosoxidans	FDAARGOS_789	PACBIO_SMRT	PacBio RS	362886231.0	163482.0	WGS	GENOMIC	SINGLE	
ERR5902806	ERX5542901	ERS5649964	ERP126298	PRJEB42440	Klebsiella pneumoniae		OXFORD_NANOPORE	MinION	1243463306.0	115469.0	WGS	GENOMIC	SINGLE	MinION sequencing
DRR393831	DRX379650	DRS297164	DRP007849	PRJDB10842	Escherichia coli	JBEHAAB-19-0176	OXFORD_NANOPORE	GridION	201979864.0	28568.0	WGS	GENOMIC	SINGLE	GridION sequencing of SAMD00502403
ERR15732371	ERX15137472	ERS27093530	ERP182414	PRJEB100987	Xanthomonas oryzae pv. oryzae	CIX696	OXFORD_NANOPORE	MinION	459853790.0	37420.0	WGS	GENOMIC	SINGLE	OXFORD_NANOPORE MinION sequencing; CSG_004 WGS GENOMIC
SRR25637835	SRX21364467	SRS18600538	SRP454894	PRJNA1005239	Escherichia coli str. K-12 substr. MG1655	K-12	OXFORD_NANOPORE	MinION	287046565.0	82085.0	WGS	GENOMIC	SINGLE	WGS of Escherichia coli MG1655 evolved in propranolol replicate 1 long read
SRR29859755	SRX25357214	SRS22024183	SRP520492	PRJNA1134078	Escherichia coli	STS63-1-E	OXFORD_NANOPORE	MinION	285936836.0	44000.0	WGS	GENOMIC	SINGLE	Long read sequencing of Escherichia coli STS63-1-E
ERR3197116	ERX3224892	ERS2176412	ERP011196	PRJEB10018	Klebsiella pneumoniae		PACBIO_SMRT	PacBio RS	1712941183.0	163482.0	WGS	GENOMIC	SINGLE	PacBio RS sequencing
SRR9213992	SRX5984720	SRS4729776	SRP188851	PRJNA523365	Mycobacteroides abscessus	JHN_AB_0013_1	OXFORD_NANOPORE	GridION	673396989.0	803447.0	WGS	GENOMIC	SINGLE	Sequencing of non-tuberculosis mycobacteria
SRR13181610	SRX9619655	SRS7821860	SRP040661	PRJNA231221	Faucicola osloensis	FDAARGOS_1202	PACBIO_SMRT	Sequel	2100449512.0	289717.0	WGS	GENOMIC	SINGLE	
ERR10357046	ERX9889162	ERS7159815	ERP109413	PRJEB27342	Klebsiella grimontii		PACBIO_SMRT	Sequel II	485480.0	58.0	WGS	GENOMIC	SINGLE	Sequel II sequencing
SRR31598759	SRX26963727	SRS23433439	SRP549287	PRJNA1185485	Escherichia coli	608	OXFORD_NANOPORE	PromethION	1496902552.0	320472.0	WGS	GENOMIC	SINGLE	RMB-NoR-barcode06
DRR572442	DRX555909	DRS426392	DRP012251	PRJDB17574	Escherichia coli	YK-IS1MA-L07-1_G08	OXFORD_NANOPORE	MinION	13781.0	25.0	WGS	GENOMIC	SINGLE	nanopore-seq of SAMD00748209 L07-1_G8
SRR26466683	SRX22170663	SRS19228427	SRP467877	PRJNA1031010	Enterobacter cloacae	88	OXFORD_NANOPORE	MinION	105853751.0	8564.0	WGS	GENOMIC	SINGLE	Nanopore WGS of E. cloacae
SRR9167341	SRX5940109	SRS4853029	SRP040661	PRJNA231221	Bacillus anthracis	FDAARGOS_697	PACBIO_SMRT	PacBio RS	3008513258.0	163482.0	WGS	GENOMIC	SINGLE	
SRR24139836	SRX19938569	SRS17287278	SRP247747	PRJNA604975	Escherichia coli	ox_bsi_255	OXFORD_NANOPORE	GridION	252511124.0	101856.0	WGS	GENOMIC	SINGLE	oxford_bsi
ERR972356	ERX1049333	ERS715423	ERP005928	PRJEB6403	Escherichia coli	NCTC11111	PACBIO_SMRT	PacBio RS	1486667836.0	163482.0	WGS	GENOMIC	SINGLE	PacBio RS sequencing
SRR387034	SRX109917	SRS281278	SRP001087	PRJNA40075	Escherichia coli str. K-12 substr. MG1655	K-12	PACBIO_SMRT	PacBio RS	142267438.0	81741.0	WGS	GENOMIC	SINGLE	Whole Genome Sequencing and Assembly
SRR26400270	SRX22106080	SRS19171148	SRP466614	PRJNA1028583	Escherichia coli	E. coli C	OXFORD_NANOPORE	GridION	1569209759.0	141123.0	WGS	GENOMIC	SINGLE	E. coli C
ERR15602702	ERX15005926	ERS26882970	ERP180185	PRJEB97707	Escherichia coli		OXFORD_NANOPORE	MinION	711526466.0	74718.0	WGS	GENOMIC	SINGLE	MinION sequencing
SRR35513837	SRX30589527	SRS26617963	SRP620300	PRJNA1328464	Campylobacter coli	GPT20-006	OXFORD_NANOPORE	GridION	85293476.0	24624.0	WGS	GENOMIC	SINGLE	Campylobacter coli, DBT kit, replicate 2, sequence replicate 1
SRR30896263	SRX26299758	SRS22828480	SRP536878	PRJNA1134622	Escherichia coli	OXEC-533	OXFORD_NANOPORE	MinION	622962670.0	161211.0	WGS	GENOMIC	SINGLE	OXEC-533
SRR15989056	SRX12277811	SRS9999321	SRP357537	PRJNA801416	Klebsiella pneumoniae	E148	OXFORD_NANOPORE	GridION	662082045.0	97388.0	WGS	GENOMIC	SINGLE	Whole Genome Sequencing of Carbapenemase-producing Enterobacterales (CPE)
ERR10854465	ERX10299232	ERS7761531	ERP109413	PRJEB27342	Klebsiella michiganensis		PACBIO_SMRT	Sequel II	9908746456.0	4030310.0	WGS	GENOMIC	SINGLE	Sequel II sequencing
SRR17772285	SRX13934424	SRS11758167	SRP356560	PRJNA800231	Escherichia coli	KGu016	OXFORD_NANOPORE	MinION	2207673539.0	348957.0	WGS	GENOMIC	SINGLE	MinION sequencing of Escherichia coli: KGu016
SRR18681716	SRX14782781	SRS12539492	SRP368114	PRJNA824420	Escherichia coli	GD02910_ECOL_HY_25	OXFORD_NANOPORE	MinION	210516387.0	26622.0	WGS	GENOMIC	SINGLE	Long-read sequencing of Escherichia coli: isolate #25 urine
SRR12299158	SRX8802055	SRS6792640	SRP266402	PRJNA605147	Escherichia coli	RHB34-C04	OXFORD_NANOPORE	GridION	594715297.0	151930.0	WGS	GENOMIC	SINGLE	OXFORD_NANOPORE sequencing of Escherichia coli isolate RH03|T3-C04 cultured from Pig faeces sample
SRR24519622	SRX20303851	SRS17629184	SRP437331	PRJNA971511	Bacillus cereus	FFI_gr_36	OXFORD_NANOPORE	MinION	2121288375.0	322909.0	WGS	GENOMIC	SINGLE	Nanopore Bacillus cereus FFI_BCgr36
ERR1475865	ERX1546893	ERS1080583	ERP005928	PRJEB6403	Bordetella bronchiseptica	NCTC8762	PACBIO_SMRT	PacBio RS	1046759622.0	163482.0	WGS	GENOMIC	SINGLE	PacBio RS sequencing
ERR15195356	ERX14601030	ERS25142049	ERP160948	PRJEB76420	Escherichia coli		OXFORD_NANOPORE	MinION			WGS	GENOMIC	SINGLE	MinION sequencing
SRR19184040	SRX15249128	SRS12981696	SRP375062	PRJNA837734	Listeria monocytogenes	BL87/025	OXFORD_NANOPORE	MinION	256227616.0	65682.0	WGS	GENOMIC	SINGLE	Nanopore sequencing of Listeria monocytogenes
SRR29316497	SRX24833646	SRS21545478	SRP512379	PRJNA1121190	Vibrio cholerae	103Vc03	OXFORD_NANOPORE	PromethION	336313682.0	125935.0	WGS	GENOMIC	SINGLE	WGS of Vcholerae isolates
ERR8007913	ERX7573582	ERS9899406	ERP131998	PRJEB47698	Mammaliicoccus sciuri		OXFORD_NANOPORE	MinION	346079355.0	118066.0	WGS	GENOMIC	SINGLE	MinION sequencing
SRR29316815	SRX24833328	SRS21545159	SRP512379	PRJNA1121190	Vibrio cholerae	134Vc06	OXFORD_NANOPORE	PromethION	247672498.0	41410.0	WGS	GENOMIC	SINGLE	WGS of Vcholerae isolates
SRR31950469	SRX27306167	SRS23746888	SRP556428	PRJNA1208745	Neisseria subflava	SG0010	OXFORD_NANOPORE	PromethION	1118677215.0	105158.0	WGS	GENOMIC	SINGLE	WT
ERR16064427	ERX15454609	ERS28397562	ERP173262	PRJEB90249	Acinetobacter pittii		OXFORD_NANOPORE	GridION	454834026.0	90786.0	WGS	GENOMIC	SINGLE	GridION sequencing
SRR8739670	SRX5532408	SRS4498631	SRP051949	PRJNA271899	Enterobacter cloacae	OC-CRE-9126	OXFORD_NANOPORE	GridION	3166271.0	994.0	WGS	GENOMIC	SINGLE	Sequencing of Carbapenem resistant bacteria
SRR28777843	SRX24342703	SRS20831682	SRP497546	PRJNA1091452	Enterococcus faecium	EF23-PS	OXFORD_NANOPORE	MinION	408222193.0	114627.0	WGS	GENOMIC	SINGLE	ONT performance study sequencing of E.faecium
SRR28350915	SRX23956250	SRS20464936	SRP489808	PRJNA1076669	Escherichia coli	K-12 MG1655	OXFORD_NANOPORE	PromethION	1017898243.0	92000.0	WGS	GENOMIC	SINGLE	Ecoli_DM_Rep2_4kHz_prom_kit09_v2
ERR11528719	ERX10933949	ERS14832585	ERP145920	PRJEB60854	Escherichia coli		OXFORD_NANOPORE	MinION	112327729.0	20284.0	WGS	GENOMIC	SINGLE	MinION sequencing
ERR14651448	ERX14052600	ERS23643240	ERP153004	PRJEB67993	Mycobacterium tuberculosis		OXFORD_NANOPORE	MinION			WGS	GENOMIC	SINGLE	MinION sequencing
ERR1466820	ERX1537297	ERS1106948	ERP005928	PRJEB6403	Klebsiella pneumoniae	NCTC13690	PACBIO_SMRT	PacBio RS	1324093311.0	163482.0	WGS	GENOMIC	SINGLE	PacBio RS sequencing
SRR35085864	SRX30199212	SRS26258948	SRP610631	PRJNA1309299	Enterobacter hormaechei	12118206B2_EH	OXFORD_NANOPORE	PromethION	1154392295.0	151727.0	WGS	GENOMIC	SINGLE	WGS of AB-resistant bacteria from meat
SRR8072923	SRX4900895	SRS3947387	SRP040661	PRJNA231221	Yersinia pseudotuberculosis	FDAARGOS_584	PACBIO_SMRT	PacBio RS	1091416569.0	163482.0	WGS	GENOMIC	SINGLE	
SRR34269003	SRX29442793	SRS25588767	SRP595615	PRJNA1280179	Pseudomonas aeruginosa	CF-sbj3-Pa1-l	OXFORD_NANOPORE	GridION	2033545226.0	143670.0	WGS	GENOMIC	SINGLE	Plasmid-mediated extreme resistance development within lung
SRR29819994	SRX25318957	SRS21988565	SRP519730	PRJNA1135485	Salmonella		OXFORD_NANOPORE	MinION	415123933.0	63686.0	WGS	GENOMIC	SINGLE	WGS Salmonella isolates from cattle
SRR16525662	SRX12728337	SRS10336829	SRP357534	PRJNA801415	Escherichia coli	405	OXFORD_NANOPORE	GridION	285400108.0	48154.0	WGS	GENOMIC	SINGLE	Extensive diversification and dissemination of blaNDM carbapenemase plasmids in Enterobacterales in Singapore 2010-2015
SRR13289835	SRX9718911	SRS7252280	SRP278657	PRJNA658369	Klebsiella pneumoniae	ARLG-3208	OXFORD_NANOPORE	GridION	1460869636.0	214233.0	WGS	GENOMIC	SINGLE	ONT seq of K. pneumoniae
SRR14108840	SRX10479542	SRS8607977	SRP312756	PRJNA689092	Xanthomonas campestris	11-19	PACBIO_SMRT	Sequel II	2341167912.0	440690.0	WGS	GENOMIC	SINGLE	Xc isolated from weeds and crops
SRR29090059	SRX24614197	SRS21074866	SRP395888	PRJNA812595	Klebsiella pneumoniae	2024CK-00458	OXFORD_NANOPORE	GridION	477661357.0	46656.0	WGS	GENOMIC	SINGLE	Nanopore sequencing of ARLN isolate
SRR27972591	SRX23625862	SRS20466058	SRP489819	PRJNA1076692	Escherichia coli	RIVM_C059196_dorado	OXFORD_NANOPORE	MinION	412769364.0	116728.0	WGS	GENOMIC	SINGLE	RIVM_C059196_dorado
SRR4124983	SRX2105902	SRS1666182	SRP040661	PRJNA231221	Neisseria sicca	FDAARGOS_260	PACBIO_SMRT	PacBio RS	1457224138.0	163482.0	WGS	GENOMIC	SINGLE	
DRR165742	DRX156358	DRS089366	DRP004879	PRJDB7920	Pseudomonas asiatica	MY569	OXFORD_NANOPORE	MinION	79599084.0	38770.0	WGS	GENOMIC	SINGLE	MinION sequencing of SAMD00158976
SRR287724	SRX078302	SRS212388	SRP007207	PRJNA68253	Escherichia coli		PACBIO_SMRT	PacBio RS	197469481.0	81741.0	WGS	GENOMIC	SINGLE	Whole Genome Sequencing for C754-09
ERR2504011	ERX2523254	ERS2362374	ERP107644	PRJEB25703	Neisseria gonorrhoeae		OXFORD_NANOPORE	MinION	575851784.0	56501.0	WGS	GENOMIC	SINGLE	MinION sequencing
SRR27972841	SRX23626324	SRS20465901	SRP489819	PRJNA1076692	Klebsiella pneumoniae	RIVM_C055399_rerio	OXFORD_NANOPORE	MinION	151948202.0	38510.0	WGS	GENOMIC	SINGLE	RIVM_C055399_rerio
SRR26413091	SRX22118421	SRS16091297	SRP412517	PRJNA910977	Escherichia coli	P1183	PACBIO_SMRT	Sequel II	748668632.0	57194.0	WGS	GENOMIC	SINGLE	WGS of E. coli
SRR388546	SRX110933	SRS000865	SRP000263	PRJNA32795	Neisseria gonorrhoeae MS11	MS11	PACBIO_SMRT	PacBio RS	55982601.0	81741.0	WGS	GENOMIC	SINGLE	Whole Genome Sequencing and Assembly
SRR9663132	SRX6424008	SRS5080774	SRP213974	PRJNA536280	Pseudomonas sp. R6(2010)	SLBN-2	PACBIO_SMRT	Sequel	1257358303.0	293639.0	WGS	GENOMIC	SINGLE	Pseudomonas sp. SLBN-2
SRR28053596	SRX23703350	SRS19651112	SRP474456	PRJNA1026650	[Clostridium] scindens	S077	OXFORD_NANOPORE	GridION	1217971865.0	233133.0	WGS	GENOMIC	SINGLE	Genome sequence of Clostridium scindens S077
ERR10854437	ERX10299204	ERS7761504	ERP109413	PRJEB27342	Klebsiella pneumoniae		PACBIO_SMRT	Sequel II	8801212198.0	4135845.0	WGS	GENOMIC	SINGLE	Sequel II sequencing
SRR31402557	SRX26771681	SRS21448460	SRP510300	PRJNA1114737	Bacteroides sp. 268	268	OXFORD_NANOPORE	MinION	547630013.0	64085.0	WGS	GENOMIC	SINGLE	nanopore reads for wgs of liver abscess isolate Bpur 268
SRR30634563	SRX26056469	SRS22626518	SRP524810	PRJNA1142067	Yersinia fenwicki		OXFORD_NANOPORE	GridION	2000002802.0	125315.0	WGS	GENOMIC	SINGLE	Atypical Yersinia WGS
SRR26690099	SRX22389860	SRS19433686	SRP414243	PRJNA914626	Pseudomonas putida	PD689	OXFORD_NANOPORE	MinION	964384231.0	207868.0	WGS	GENOMIC	SINGLE	Nanopore seq_Pseudomonas putida
SRR24015951	SRX19818732	SRS17179077	SRP430123	PRJNA950342	Enterobacter cloacae	Eclo_NDM	OXFORD_NANOPORE	MinION	1049782875.0	148232.0	WGS	GENOMIC	SINGLE	WGS of NDM-producing E. cloacae: adult male gut colonizer
DRR193900	DRX184355	DRS117605	DRP004119	PRJDB6565	Escherichia coli	E138	OXFORD_NANOPORE	GridION	1180175796.0	194531.0	WGS	GENOMIC	SINGLE	E138
SRR33769080	SRX28991688	SRS22455809	SRP444583	PRJNA962904	Escherichia coli		PACBIO_SMRT	Sequel II	163588828.0	7921.0	WGS	GENOMIC	SINGLE	PacBio sequencing of AH0393HE2 for ARCH 2
SRR15989393	SRX12278146	SRS9998414	SRP357537	PRJNA801416	Escherichia coli	167	OXFORD_NANOPORE	GridION	3361072375.0	244071.0	WGS	GENOMIC	SINGLE	Whole Genome Sequencing of Carbapenemase-producing Enterobacterales (CPE)
SRR4444912	SRX2263955	SRS1756283	SRP091942	PRJNA348307	Salmonella enterica subsp. enterica serovar Indiana	S455	PACBIO_SMRT	PacBio RS II	4144245874.0	163482.0	WGS	GENOMIC	SINGLE	S455
SRR19357539	SRX15416262	SRS12115347	SRP361569	PRJNA768416	Paenibacillus sp. FSL M8-0334	FSL M8-0334	OXFORD_NANOPORE	MinION	593427620.0	188037.0	WGS	GENOMIC	SINGLE	WGS of Bacilli
SRR24001253	SRX19804749	SRS17166616	SRP429910	PRJNA909850	human blood metagenome	-	OXFORD_NANOPORE	GridION	348751059.0	101134.0	WGS	GENOMIC	SINGLE	DNA isolation from S. suis  using Roche
SRR21663360	SRX17663104	SRS15195169	SRP398514	PRJNA678163	Xenorhabdus beddingii	DSM 4764	OXFORD_NANOPORE	GridION	161438485.0	37711.0	WGS	GENOMIC	SINGLE	ONT SQK-LSK109 library of Xenorhabdus beddingii DSM 4764: R9.4.1 flowcell on GridION, guppy v4.0.11 high accuracy mode
SRR12298935	SRX8802278	SRS6792048	SRP266402	PRJNA605147	Escherichia coli	RHB39-C14	OXFORD_NANOPORE	GridION	1601497843.0	350290.0	WGS	GENOMIC	SINGLE	OXFORD_NANOPORE sequencing of Escherichia coli isolate RH09|T3-C14 cultured from Cattle faeces sample
ERR14711266	ERX14112693	ERS23791263	ERP170064	PRJEB86764	Citrobacter freundii		OXFORD_NANOPORE	MinION	823352526.0	286050.0	WGS	GENOMIC	SINGLE	EXP-2-1-2025-03-10_14-19-38
SRR12808696	SRX9277455	SRS7505633	SRP190319	PRJNA284866	Treponema denticola	OT2B	OXFORD_NANOPORE	MinION	532852728.0	192900.0	WGS	GENOMIC	SINGLE	Treponema denticola OT2B
SRR27972923	SRX23626242	SRS20465545	SRP489819	PRJNA1076692	Escherichia coli	RIVM_C050122_dorado	OXFORD_NANOPORE	MinION	677794998.0	178985.0	WGS	GENOMIC	SINGLE	RIVM_C050122_dorado
SRR27972412	SRX23626041	SRS20465801	SRP489819	PRJNA1076692	Raoultella ornithinolytica	RIVM_C055467_dorado	OXFORD_NANOPORE	MinION	175654697.0	45609.0	WGS	GENOMIC	SINGLE	RIVM_C055467_dorado
SRR30949409	SRX26352075	SRS22817194	SRP536567	PRJNA1165464	Escherichia coli	Not applicable	OXFORD_NANOPORE	MinION	494804174.0	108481.0	WGS	GENOMIC	SINGLE	Nanopore sequencing of E.coli: blood isolate
ERR12165317	ERX11576255	ERS16327597	ERP150987	PRJEB65895	Listeria monocytogenes	clinical isolate of L. monocytogenes	OXFORD_NANOPORE	MinION	464114557.0	69163.0	WGS	GENOMIC	SINGLE	MinION sequencing
ERR1354157	ERX1425632	ERS1031246	ERP005928	PRJEB6403	Pseudomonas aeruginosa	NCTC11839	PACBIO_SMRT	PacBio RS	2179736429.0	163482.0	WGS	GENOMIC	SINGLE	PacBio RS sequencing
SRR4996429	SRX2330941	SRS1786021	SRP092724	PRJNA262416	Nonlabens sp. Hel_I_56	Hel_I_56	PACBIO_SMRT	PacBio RS	418744307.0	156877.0	WGS	GENOMIC	SINGLE	Nonlabens sp. Hel_I_56
SRR12936659	SRX9400350	SRS7617963	SRP040661	PRJNA231221	Corynebacterium striatum	FDAARGOS_1115	PACBIO_SMRT	PacBio RS	281200567.0	163482.0	WGS	GENOMIC	SINGLE	
SRR12805962	SRX9274740	SRS7503369	SRP286962	PRJNA545384	Paenibacillus polymyxa	ZF129	PACBIO_SMRT	Sequel	6359833304.0	682780.0	WGS	GENOMIC	SINGLE	Complete genome sequence of Paenibacillus polymyxa ZF129
ERR12670805	ERX12044937	ERS18299913	ERP149678	PRJEB64503	Haemophilus influenzae 10810	HUB-HI14549	OXFORD_NANOPORE	MinION	1304807235.0	552055.0	WGS	GENOMIC	SINGLE	MinION sequencing
SRR23725146	SRX19585848	SRS16968724	SRP426074	PRJNA941188	Bacillus subtilis	PRO84	OXFORD_NANOPORE	MinION	521365646.0	63026.0	WGS	GENOMIC	SINGLE	WGS of Bacillus subtilis: cell culture
SRR12247719	SRX8755448	SRS6976314	SRP266402	PRJNA605147	Escherichia coli	RHB31-SO-C03	OXFORD_NANOPORE	GridION	2467659689.0	483146.0	WGS	GENOMIC	SINGLE	Oxford Nanopore sequencing of Escherichia coli isolate RH10|T3-SOC03 cultured from cattle farm soil sample
SRR12280305	SRX8784409	SRS7053128	SRP272861	PRJNA646575	Bacteroides thetaiotaomicron		OXFORD_NANOPORE	GridION	458713115.0	51907.0	WGS	GENOMIC	SINGLE	WGS  of Bacteroides fragilis group clinical isolates
SRR19843385	SRX15887003	SRS12115051	SRP361569	PRJNA768416	Oceanobacillus sp. FSL K6-0127		OXFORD_NANOPORE	MinION	1119102555.0	280005.0	WGS	GENOMIC	SINGLE	WGS of Bacilli
SRR15140927	SRX11448558	SRS9488523	SRP295672	PRJNA681856	Salmonella enterica subsp. arizonae	LHICA_AZ23	OXFORD_NANOPORE	MinION	27095648.0	4000.0	WGS	GENOMIC	SINGLE	Salmonella AZ23
SRR14753631	SRX11087209	SRS9152682	SRP323129	PRJNA735522	Bacillus velezensis	GMEKP1	OXFORD_NANOPORE	GridION	11348550.0	1527.0	WGS	GENOMIC	SINGLE	SRA Bacillus velezensis GMEKP1
SRR24807251	SRX20579494	SRS17881483	SRP338930	PRJNA766641	Mycobacterium tuberculosis	IDR 2200006840	OXFORD_NANOPORE	MinION	30645669.0	20769.0	WGS	GENOMIC	SINGLE	MinION sequencing of TB isolates
SRR21415734	SRX17420146	SRS12115332	SRP361569	PRJNA768416	Solibacillus sp. FSL R7-0682	FSL R7-0682	OXFORD_NANOPORE	MinION	543863815.0	81325.0	WGS	GENOMIC	SINGLE	WGS of Bacilli
ERR10499055	ERX10016344	ERS14255508	ERP142629	PRJEB57633	Escherichia coli		OXFORD_NANOPORE	GridION	66526624.0	8337.0	WGS	GENOMIC	SINGLE	Raw reads: ONT_30821_1#375
SRR33769295	SRX28991474	SRS22396921	SRP444583	PRJNA962904	Escherichia coli		PACBIO_SMRT	Sequel II	586932965.0	28683.0	WGS	GENOMIC	SINGLE	PacBio sequencing of AH0022HC2 for ARCH 2
SRR19816817	SRX15860515	SRS12115321	SRP361569	PRJNA768416	Paenibacillus sp. FSL R7-0297	FSL R7-0297	OXFORD_NANOPORE	MinION	439379350.0	187129.0	WGS	GENOMIC	SINGLE	WGS of Bacilli
SRR287732	SRX078302	SRS212388	SRP007207	PRJNA68253	Escherichia coli		PACBIO_SMRT	PacBio RS	141285957.0	81741.0	WGS	GENOMIC	SINGLE	Whole Genome Sequencing for C754-09
ERR2432885	ERX2452464	ERS1943129	ERP005928	PRJEB6403	Burkholderia cenocepacia		PACBIO_SMRT	PacBio RS	404304688.0	163482.0	WGS	GENOMIC	SINGLE	PacBio RS sequencing
DRR572599	DRX556066	DRS426362	DRP012251	PRJDB17574	Escherichia coli	YK-IS1MA-L05_Anc	OXFORD_NANOPORE	MinION	17224709.0	15877.0	WGS	GENOMIC	SINGLE	nanopore-seq of SAMD00748178 L05_Anc
SRR36669772	SRX31680551	SRS27652126	SRP659563	PRJNA1397519	Clostridium sp. X	X	PACBIO_SMRT	PacBio RS II	1260768870.0	132437.0	WGS	GENOMIC	PAIRED	Clostridium sp. LXC-2021 WGS
ERR2125735	ERX2182587	ERS1545376	ERP005928	PRJEB6403	Actinobacillus equuli subsp. haemolyticus	NCTC13195	PACBIO_SMRT	PacBio RS	1443682117.0	163482.0	WGS	GENOMIC	SINGLE	PacBio RS sequencing
SRR24140085	SRX19938320	SRS17287029	SRP247747	PRJNA604975	Escherichia coli	ox_bsi_647	OXFORD_NANOPORE	GridION	217931897.0	120653.0	WGS	GENOMIC	SINGLE	oxford_bsi
ERR2528504	ERX2547385	ERS515510	ERP107863	PRJEB25895	Escherichia coli		PACBIO_SMRT	PacBio RS	978560995.0	163482.0	WGS	GENOMIC	SINGLE	PacBio RS sequencing
SRR4124918	SRX2105517	SRS1666119	SRP040661	PRJNA231221	Citrobacter braakii	FDAARGOS_253	PACBIO_SMRT	PacBio RS	3133875517.0	163482.0	WGS	GENOMIC	SINGLE	
SRR25467144	SRX21199781	SRS18458348	SRP452337	PRJNA1000618	Escherichia coli	Escherichia coli BL21(DE3)	OXFORD_NANOPORE	MinION	6314487.0	3998.0	WGS	GENOMIC	SINGLE	CASTVK transposition with different condition
DRR393680	DRX379499	DRS297013	DRP007849	PRJDB10842	Enterobacter hormaechei subsp. hoffmannii	JBBDAJA-19-0064	OXFORD_NANOPORE	GridION	1721710199.0	123597.0	WGS	GENOMIC	SINGLE	GridION sequencing of SAMD00499090
SRR32972730	SRX28245826	SRS24593487	SRP576427	PRJNA1190511	Yersinia pestis	770429	PACBIO_SMRT	Sequel	619631773.0	46709.0	WGS	GENOMIC	SINGLE	WGS of Yersinia pestis: cultured strain 770429
ERR2503158	ERX2522401	ERS1943183	ERP005928	PRJEB6403	Legionella pneumophila		PACBIO_SMRT	PacBio RS	842090499.0	163482.0	WGS	GENOMIC	SINGLE	PacBio RS sequencing
ERR14963511	ERX14367816	ERS24442555	ERP172371	PRJEB89345	Enterobacter hormaechei		OXFORD_NANOPORE	MinION	191666029.0	133393.0	WGS	GENOMIC	SINGLE	MinION sequencing
SRR4180964	SRX2142260	SRS1673937	SRP086944	PRJNA303708	Ruania alba	DSM 21368	PACBIO_SMRT	PacBio RS	742165242.0	198726.0	WGS	GENOMIC	SINGLE	Haloactinobacterium album DSM 21368
ERR10474453	ERX9994796	ERS4418122	ERP120876	PRJEB37551	Escherichia coli		OXFORD_NANOPORE	MinION	2835456734.0	569018.0	WGS	GENOMIC	SINGLE	MinION sequencing
SRR29988680	SRX25468734	SRS1508146	SRP032981	PRJNA215333	Salmonella enterica subsp. enterica serovar Enteritidis	E2016008184	OXFORD_NANOPORE	GridION	37442990.0	31672.0	WGS	GENOMIC	SINGLE	WGS of Salmonella using ONT
SRR24130607	SRX19929439	SRS17279502	SRP431998	PRJNA929559	Pseudomonas aeruginosa	0201761-1	OXFORD_NANOPORE	MinION	1353756714.0	80489.0	WGS	GENOMIC	SINGLE	DNA-Seq of Pseudomonas aeruginosa: ISS SRV-K
SRR23891548	SRX19703350	SRS6484535	SRP277193	PRJNA629351	Clostridioides difficile	CDI-02	OXFORD_NANOPORE	GridION	956858589.0	675033.0	WGS	GENOMIC	SINGLE	GridION sequencing of AR-1068
SRR32584355	SRX27890785	SRS24262112	SRP568071	PRJNA1231784	Mycobacterium	RIF04ugmlmutant11	OXFORD_NANOPORE	GridION	368861770.0	65089.0	WGS	GENOMIC	SINGLE	Genome sequencing of Mycobacterium sp.
SRR30946274	SRX26348822	SRS22873981	SRP537809	PRJNA1171136	Klebsiella pneumoniae		OXFORD_NANOPORE	MinION	284313575.0	36695.0	WGS	GENOMIC	SINGLE	WGS of K. pneumoniae
SRR31303435	SRX26681636	SRS23174492	SRP544363	PRJNA1133929	Bordetella pertussis	YW82	PACBIO_SMRT	Sequel IIe	3337268324.0	221079.0	WGS	GENOMIC	PAIRED	Genome sequencing for Bordetella pertussis
SRR13680701	SRX10070007	SRS8231709	SRP303037	PRJNA694442	Salmonella enterica		OXFORD_NANOPORE	GridION	1860934004.0	187493.0	WGS	GENOMIC	SINGLE	Multiplex WGS of Salmonella enterica
ERR10749431	ERX10201360	ERS14369559	ERP143680	PRJEB58617	Escherichia coli		OXFORD_NANOPORE	GridION	263885632.0	24816.0	WGS	GENOMIC	SINGLE	GridION sequencing
SRR5181920	SRX2498029	SRS1924882	SRP096895	PRJNA353873	Mycobacterium tuberculosis		PACBIO_SMRT	PacBio RS	464060461.0	163482.0	WGS	GENOMIC	SINGLE	DNA of Mtb
SRR23384619	SRX19323042	SRS16721126	SRP421698	PRJNA924056	Serratia nevei	CPO167	OXFORD_NANOPORE	MinION	57352815.0	7721.0	WGS	GENOMIC	SINGLE	WGS of bacterial isolate possessing blaIMP-4 carbapenemase
SRR17115543	SRX13300099	SRS11209761	SRP040661	PRJNA231221	Bordetella pertussis	FDAARGOS_1543	PACBIO_SMRT	Sequel	1300129514.0	125484.0	WGS	GENOMIC	SINGLE	
SRR26992876	SRX22685888	SRS19679235	SRP475049	PRJNA1046639	Staphylococcus aureus	sa230726barcode42	OXFORD_NANOPORE	MinION	379452483.0	58433.0	WGS	GENOMIC	SINGLE	Staphylococcus aureus strain sa230726barcode42
SRR3820559	SRX1922118	SRS1551590	SRP078181	PRJNA217203	Leeuwenhoekiella sp. MAR_2009_132	MAR_2009_132	PACBIO_SMRT	PacBio RS	8476202.0	5148.0	WGS	GENOMIC	SINGLE	Leeuwenhoekiella sp. MAR_2009_132
SRR33768381	SRX28991095	SRS22397107	SRP444583	PRJNA962904	Escherichia coli		PACBIO_SMRT	Sequel II	266764175.0	12383.0	WGS	GENOMIC	SINGLE	PacBio sequencing of A149026HE1 for ARCH 2
SRR27587390	SRX23256406	SRS20158405	SRP484130	PRJNA1028961	Streptococcus pneumoniae	ST62	OXFORD_NANOPORE	MinION	56602893.0	15499.0	WGS	GENOMIC	SINGLE	Genome sequencing of Streptococcus pneumoniae serotype 11A
SRR35556781	SRX30631279	SRS4051188	SRP150360	PRJNA475751	Klebsiella pneumoniae	KLP00194	OXFORD_NANOPORE	MinION	359324714.0	50368.0	WGS	GENOMIC	SINGLE	WGS Sequencing of Klebsiella pneumoniae
SRR24887454	SRX20650012	SRS17947903	SRP442247	PRJNA708464	Corynebacterium lowii	DSM 107388	PACBIO_SMRT	Sequel II	2095249290.0	463904.0	WGS	GENOMIC	SINGLE	Corynebacterium lowii DSM 107388
SRR498035	SRX148634	SRS281882	SRP013241	PRJNA73829	Vibrio cholerae		PACBIO_SMRT	PacBio RS	1431560.0	3579.0	WGS	GENOMIC	SINGLE	
DRR424510	DRX409707	DRS268139	DRP009339	PRJDB14896	Escherichia coli	EH031	OXFORD_NANOPORE	MinION	1026996431.0	99430.0	WGS	GENOMIC	SINGLE	MinION sequencing of SAMD00562882
SRR33303079	SRX28548133	SRS24847230	SRP581061	PRJNA1255178	Variovorax	YR566	OXFORD_NANOPORE	PromethION	2121048949.0	495999.0	WGS	GENOMIC	SINGLE	Genome sequencing of Variovorax plant-associated isolates
SRR28397076	SRX24001896	SRS20798359	SRP496648	PRJNA1090052	Klebsiella pneumoniae		OXFORD_NANOPORE	MinION	208027032.0	41637.0	WGS	GENOMIC	SINGLE	WGS of Klebsiella pneumoniae
ERR16137105	ERX15526771	SRS10826709	ERP187675	PRJEB106623	Neisseria gonorrhoeae		OXFORD_NANOPORE	MinION	256630184.0	46464.0	WGS	GENOMIC	SINGLE	Raw reads: EEE034
SRR33768830	SRX28991248	SRS22456159	SRP444583	PRJNA962904	Klebsiella pneumoniae		PACBIO_SMRT	Sequel II	164901686.0	7505.0	WGS	GENOMIC	SINGLE	PacBio sequencing of AH0804HE2 for ARCH 2
SRR24140396	SRX19938681	SRS17287390	SRP247747	PRJNA604975	Escherichia coli	ox_bsi_334	OXFORD_NANOPORE	GridION	260897795.0	154037.0	WGS	GENOMIC	SINGLE	oxford_bsi
SRR13674442	SRX10063884	SRS8226061	SRP040661	PRJNA231221	Escherichia coli	FDAARGOS_1358	PACBIO_SMRT	Sequel	2159471510.0	434254.0	WGS	GENOMIC	SINGLE	
SRR36121023	SRX31165042	SRS27151227	SRP647482	PRJNA1367479	Kluyvera intermedia	SW-107	OXFORD_NANOPORE	MinION	450493449.0	46725.0	WGS	GENOMIC	SINGLE	WGS of SW-107
SRR11108584	SRX7746162	SRS6165698	SRP249936	PRJNA607374	Neisseria gonorrhoeae	CT213	OXFORD_NANOPORE	MinION	1425005715.0	228080.0	WGS	GENOMIC	SINGLE	WGS of Neisseria gonorrhoeae CT213: Adolescent urethra
ERR15335112	ERX14738427	ERS25304769	ERP177037	PRJEB94163	Bacillus anthracis		OXFORD_NANOPORE	MinION	2299697039.0	447747.0	WGS	GENOMIC	SINGLE	MinION sequencing
SRR25776670	SRX21499266	SRS18730873	SRP457237	PRJNA987829	Streptomyces coelicolor	M22	OXFORD_NANOPORE	MinION	711847782.0	101332.0	WGS	GENOMIC	SINGLE	Nanopore sequencing of M22
ERR2564855	ERX2583199	ERS2078719	ERP005928	PRJEB6403	Shigella boydii		PACBIO_SMRT	PacBio RS	982481729.0	163482.0	WGS	GENOMIC	SINGLE	PacBio RS sequencing
SRR15989440	SRX12278099	SRS9999298	SRP357537	PRJNA801416	Klebsiella pneumoniae	30	OXFORD_NANOPORE	GridION	1501700249.0	259753.0	WGS	GENOMIC	SINGLE	Whole Genome Sequencing of Carbapenemase-producing Enterobacterales (CPE)
DRR572434	DRX555901	DRS426386	DRP012251	PRJDB17574	Escherichia coli	YK-IS1MA-L05-3_G08	OXFORD_NANOPORE	MinION	33607834.0	3800.0	WGS	GENOMIC	SINGLE	nanopore-seq of SAMD00748203 L05-3_G8
SRR27379219	SRX23055833	SRS20015615	SRP480616	PRJNA1055176	Escherichia coli	Not available	OXFORD_NANOPORE	MinION	1644524643.0	312704.0	WGS	GENOMIC	SINGLE	Whole genome sequence of E. coli
SRR24831249	SRX20596016	SRS17896245	SRP441206	PRJNA821980	Lacticaseibacillus rhamnosus	VHProbi F20	PACBIO_SMRT	PacBio RS II	2939482292.0	294947.0	WGS	GENOMIC	SINGLE	DNA-Seq of L.rhamnosus F20
ERR980614	ERX1057486	ERS715406	ERP005928	PRJEB6403	Klebsiella terrigena	NCTC13097	PACBIO_SMRT	PacBio RS	1823779375.0	163482.0	WGS	GENOMIC	SINGLE	PacBio RS sequencing
SRR23347488	SRX19289545	SRS16690584	SRP421131	PRJNA931653	Escherichia coli K-12	K-12	OXFORD_NANOPORE	GridION	40950129.0	4000.0	WGS	GENOMIC	SINGLE	Nanopore sequencing of Ciprofloxacin challenged E. coli
SRR29777246	SRX25277150	SRS21961067	SRP519287	PRJNA1134122	Listeria monocytogenes	N23-3579	OXFORD_NANOPORE	MinION	515634053.0	110724.0	WGS	GENOMIC	SINGLE	Long read WGS of Listeria monocytogenes: isolate N23-3579
SRR19165830	SRX15231932	SRS12965108	SRP374671	PRJNA836696	Enterobacter asburiae	2497	OXFORD_NANOPORE	GridION	422922977.0	52432.0	WGS	GENOMIC	SINGLE	ONT long-read sequencing of carbapenem non-susceptible Enterobacterales
ERR10498863	ERX10016152	ERS14255993	ERP142629	PRJEB57633	Escherichia coli		OXFORD_NANOPORE	GridION	88361841.0	11754.0	WGS	GENOMIC	SINGLE	Raw reads: ONT_30602_2#238
SRR34973502	SRX30092823	SRS26157796	SRP608514	PRJNA1305037	Escherichia coli	MI_KPC_939	OXFORD_NANOPORE	PromethION	500000604.0	58479.0	WGS	GENOMIC	SINGLE	KPC CRE collection from state of Michigan
ERR5984439	ERX5624162	ERS6796356	ERP129449	PRJEB45354	Escherichia coli		OXFORD_NANOPORE	GridION	189502939.0	33071.0	WGS	GENOMIC	SINGLE	GridION sequencing; Raw reads: ONT_30345_1#186
SRR34728992	SRX29863364	SRS25966281	SRP603830	PRJNA1297335	Erwinia tasmaniensis	SC04	OXFORD_NANOPORE	GridION	1039168295.0	316893.0	WGS	GENOMIC	SINGLE	ONP sequencing of phyllosphere bacteria
SRR29316846	SRX24833297	SRS21545128	SRP512379	PRJNA1121190	Vibrio cholerae	120Vc10	OXFORD_NANOPORE	PromethION	450976394.0	94794.0	WGS	GENOMIC	SINGLE	WGS of Vcholerae isolates
SRR29952228	SRX25442344	SRS22099233	SRP521947	PRJNA1115668	Bosea sp. OAE506	OAE506	PACBIO_SMRT	Sequel IIe	599760332.0	69361.0	WGS	GENOMIC	SINGLE	Bosea sp. OAE506
SRR24058009	SRX19859376	SRS17216901	SRP430721	PRJNA924083	Helicobacter pylori	BS08	OXFORD_NANOPORE	MinION	2136938440.0	14364173.0	WGS	GENOMIC	SINGLE	BS08
DRR520013	DRX503899	DRS477499	DRP013349	PRJDB12871	Enterococcus faecium	MRY20-23	OXFORD_NANOPORE	GridION	1903064331.0	221661.0	WGS	GENOMIC	SINGLE	GridION sequencing of SAMD00665425
SRR873891	SRX290931	SRS432034	SRP023862	PRJNA178406	Bordetella holmesii 41130	41130	PACBIO_SMRT	PacBio RS	331183874.0	81741.0	WGS	GENOMIC	SINGLE	
SRR35198252	SRX30302069	SRS18941950	SRP462268	PRJNA708419	Rhizobium sp. SLBN-94	SLBN-94	PACBIO_SMRT	Sequel II	109422152.0	16437.0	WGS	GENOMIC	SINGLE	Rhizobium sp. SLBN-94
SRR18919271	SRX14997086	SRS8628628	SRP313205	PRJNA718108	Corynebacterium pyruviciproducens	WYJY-01	OXFORD_NANOPORE	PromethION	1606172872.0	146387.0	WGS	GENOMIC	SINGLE	The Genome Sequence of Corynebacterium pyruviciproducens WYJY-01
SRR30463393	SRX25888567	SRS22459575	SRP515179	PRJNA1126331	Gammaproteobacteria bacterium		PACBIO_SMRT	Sequel II	3727548.0	1.0	WGS	GENOMIC	SINGLE	HiFi.Rittmann_complete.8337
SRR12344022	SRX8843543	SRS7106601	SRP274107	PRJNA626345	Staphylococcus aureus	NAS_AN_102	OXFORD_NANOPORE	MinION	160002883.0	8707.0	WGS	GENOMIC	SINGLE	WGS Staphylococcus aureus among Native Americans in the  southwest US
SRR32787926	SRX28072068	SRS24431133	SRP571879	PRJNA1238795	Lactococcus lactis	LS_12	OXFORD_NANOPORE	MinION	134524625.0	57804.0	WGS	GENOMIC	SINGLE	WGS of Lactococcus lactis
SRR9663499	SRX6424375	SRS5080921	SRP214004	PRJNA536296	Arthrobacter sp. IMM11	SLBN-112	PACBIO_SMRT	Sequel	1427523658.0	336690.0	WGS	GENOMIC	SINGLE	Arthrobacter sp IMM11
ERR15682133	ERX15086560	ERS26973173	ERP171481	PRJEB88388	Achromobacter pestifer	R-91484	OXFORD_NANOPORE	MinION	1034449304.0	367971.0	WGS	GENOMIC	SINGLE	Raw reads: Achromobacter pestifer R-91484
SRR13680635	SRX10070073	SRS8231709	SRP303037	PRJNA694442	Salmonella enterica		OXFORD_NANOPORE	GridION	1091144544.0	150799.0	WGS	GENOMIC	SINGLE	Multiplex WGS of Salmonella enterica
ERR12778392	ERX12151582	ERS18592396	ERP158558	PRJEB73819	Escherichia coli		OXFORD_NANOPORE	MinION	372249350.0	261801.0	WGS	GENOMIC	SINGLE	MinION sequencing
SRR35575410	SRX30648210	SRS26671257	SRP625681	PRJNA1288479	Ralstonia sp. PR5	PR5	OXFORD_NANOPORE	MinION	283382635.0	137651.0	WGS	GENOMIC	SINGLE	Raw genome sequencing reads -Nanopore
ERR2352417	ERX2403293	ERS1963346	ERP005928	PRJEB6403	Citrobacter freundii		PACBIO_SMRT	PacBio RS	354245151.0	163482.0	WGS	GENOMIC	SINGLE	PacBio RS sequencing
ERR8187223	ERX7750097	ERS10222672	ERP135060	PRJEB50484	Staphylococcus aureus		OXFORD_NANOPORE	MinION	398200431.0	77599.0	WGS	GENOMIC	SINGLE	MinION sequencing
SRR8154669	SRX4975576	SRS4013288	SRP151172	PRJNA477598	Escherichia coli	K12 / MG1655 / ATCC 47076	PACBIO_SMRT	PacBio RS II	1570240924.0	163482.0	WGS	GENOMIC	SINGLE	PacBio RSII sequencing of E. coli K12
SRR5194456	SRX2510107	SRS1934068	SRP097475	PRJNA322993	Caldicellulosiruptor bescii	MACB1017	PACBIO_SMRT	PacBio RS	693561441.0	264386.0	WGS	GENOMIC	SINGLE	Caldicellulosiruptor bescii MACB1017
ERR987655	ERX1068913	ERS739101	ERP005928	PRJEB6403	Escherichia coli	NCTC9114	PACBIO_SMRT	PacBio RS	1058672091.0	163482.0	WGS	GENOMIC	SINGLE	PacBio RS sequencing
SRR926351	SRX314708	SRS387423	SRP018164	PRJNA78477	Salmonella enterica subsp. enterica serovar Heidelberg str. 41578	41578	PACBIO_SMRT	PacBio RS	403933082.0	81741.0	WGS	GENOMIC	SINGLE	Whole genome shotgun sequencing of Salmonella enterica subsp. enterica serovar Heidelberg str. 41578 by Pacific Biosciences SMRT
SRR3019206	SRX1485715	SRS1208881	SRP067448	PRJNA302044	Clostridium botulinum	AM282	PACBIO_SMRT	PacBio RS II	2077220623.0	315814.0	WGS	GENOMIC	SINGLE	RSJ_10_PacBio
SRR19820578	SRX15864343	SRS13526004	SRP361569	PRJNA768416	Bacillus sp. PS65		OXFORD_NANOPORE	MinION	665522886.0	119829.0	WGS	GENOMIC	SINGLE	WGS of Bacilli
SRR25525532	SRX21255169	SRS18509046	SRP453433	PRJNA635383	Enterococcus faecalis		OXFORD_NANOPORE	GridION	1718802337.0	233971.0	WGS	GENOMIC	SINGLE	Nanopore sequencing of AR-0781
SRR30934800	SRX26337509	SRS22863377	SRP537571	PRJNA1168290	Paenibacillus sp. TAB_01	TAB_01	OXFORD_NANOPORE	MinION	1557054.0	183.0	WGS	GENOMIC	SINGLE	Paenibacillus sp. TAB 01 from cotton plant tissue
SRR21696388	SRX17693877	SRS14987379	SRP354045	PRJNA747871	Streptomyces sp. NBC_00822	NBC_00822	OXFORD_NANOPORE	MinION	2034365549.0	234014.0	WGS	GENOMIC	SINGLE	nanopore sequencing data from strain NBC_00822
SRR33112995	SRX28376585	SRS24703374	SRP578255	PRJNA1249976	Geobacillus thermoleovorans	ID-1	PACBIO_SMRT	Revio	3996815665.0	513459.0	WGS	GENOMIC	SINGLE	PacBio of GI-ID-2:Indonesia hot spring
DRR378578	DRX364479	DRS241819	DRP008598	PRJDB13586	Campylobacter jejuni	THJ028	OXFORD_NANOPORE	MinION	98748156.0	6323.0	WGS	GENOMIC	SINGLE	SSUB21860 : Campylobacter jejuni THJ028
SRR21416000	SRX17420488	SRS12115089	SRP361569	PRJNA768416	Paenibacillus sp. FSL E2-0177		OXFORD_NANOPORE	MinION	218309508.0	36250.0	WGS	GENOMIC	SINGLE	WGS of Bacilli
SRR33160180	SRX28421135	SRS24744033	SRP568450	PRJNA1228643	Paenibacillus sp. S-38	S-38	OXFORD_NANOPORE	MinION	80170895.0	3472.0	WGS	GENOMIC	SINGLE	WGS of Paenibacillus S-38
SRR13358235	SRX9782534	SRS7969845	SRP300395	PRJNA689691	Escherichia coli	P19_598	OXFORD_NANOPORE	MinION	229868849.0	12057.0	WGS	GENOMIC	SINGLE	Long-read sequencing of Escherichia coli P19_598
SRR10239225	SRX6958399	SRS5485221	SRP224636	PRJNA564849	Campylobacter jejuni subsp. jejuni	NADC 20827	OXFORD_NANOPORE	MinION	1961416299.0	178208.0	WGS	GENOMIC	SINGLE	Long Reads CjejuniNADC20827
ERR10496826	ERX10014145	ERS14249041	ERP142629	PRJEB57633	Escherichia coli		OXFORD_NANOPORE	GridION	147838864.0	32745.0	WGS	GENOMIC	SINGLE	Raw reads: ONT_30859_5#308
ERR14939166	ERX14343410	ERS22970232	ERP167347	PRJEB83773	Escherichia coli	15817	OXFORD_NANOPORE	MinION	182435612.0	25189.0	WGS	GENOMIC	SINGLE	Raw reads: 250908E_Ga4701i
SRR22164027	SRX18142905	SRS15644286	SRP406018	PRJNA889243	Mycolicibacterium fortuitum	MF GZ001	PACBIO_SMRT	Sequel II	4062640505.0	1368432.0	WGS	GENOMIC	SINGLE	WGS of Mycobacterium fortuitum MF GZ001 clinical isolate
SRR29384805	SRX24898864	SRS21605121	SRP512887	PRJNA991498	Agrobacterium tumefaciens		PACBIO_SMRT	Sequel II	1635386339.0	157497.0	WGS	GENOMIC	SINGLE	Long-read sequencing of Agrobacterium tumefaciens, Isolate 1 of Microcosm 4 of condition CAtCtMlBa
SRR28811896	SRX24375257	SRS21131913	SRP504151	PRJNA1104797	Xanthomonas campestris pv. campestris	CFBP 1712	OXFORD_NANOPORE	PromethION	932966681.0	49222.0	WGS	GENOMIC	SINGLE	Genome sequencing of Xanthomonas campestris pv. campestris: strain CFBP 1712
ERR657653	ERX613976	ERS500967	ERP005928	PRJEB6403	Salmonella enterica subsp. enterica serovar Poona	NCTC4840	PACBIO_SMRT	PacBio RS	964576242.0	163482.0	WGS	GENOMIC	SINGLE	PacBio RS sequencing
DRR066333	DRX060374	DRS184435	DRP007273	PRJDB4542	Streptococcus pyogenes	ATCC 14919	PACBIO_SMRT	PacBio RS II	3030505537.0	163482.0	WGS	GENOMIC	SINGLE	PacBio RS II sequencing of SAMD00046533
ERR12638825	ERX12013166	ERS18090079	ERP157068	PRJEB72281	Staphylococcus aureus	N315	PACBIO_SMRT	unspecified	3331357001.0	352916.0	WGS	GENOMIC	SINGLE	Raw reads: N315WT.PACBIO_SMRT
SRR24035321	SRX19837940	SRS17196832	SRP430325	PRJNA944978	Ralstonia sp. AB24-4	AB24-4	OXFORD_NANOPORE	MinION	4943019797.0	637714.0	WGS	GENOMIC	SINGLE	Genome sequencing of Harvard Forest soil isolates
SRR22859986	SRX18818597	SRS16251762	SRP414408	PRJNA914892	Staphylococcus aureus	C121	OXFORD_NANOPORE	MinION	120061580.0	33497.0	WGS	GENOMIC	SINGLE	Long read ONT WGS of Staphylococcus aureus isolates from Chronic Rhinosinusitis Patients
SRR27145094	SRX22826825	SRS19807607	SRP476597	PRJNA1050168	Klebsiella pneumoniae	not applicable	OXFORD_NANOPORE	GridION	916845795.0	323659.0	WGS	GENOMIC	SINGLE	Nanopore-Seq of Klebsiella pneumonia outbreak samples
SRR13328045	SRX9755167	SRS7944799	SRP299781	PRJNA684363	Erwinia sp. TH28	TH28	OXFORD_NANOPORE	MinION	242742411.0	71843.0	WGS	GENOMIC	SINGLE	WGS of Erwinia sp. : bacterial isolate
SRR34967760	SRX30086898	SRS26153007	SRP608514	PRJNA1305037	Enterobacter hormaechei	MI_KPC_349	OXFORD_NANOPORE	PromethION	307068911.0	73998.0	WGS	GENOMIC	SINGLE	KPC CRE collection from state of Michigan
ERR1820605	ERX1883107	ERS1345971	ERP005928	PRJEB6403	Helicobacter fennelliae	NCTC11612	PACBIO_SMRT	PacBio RS	1448114410.0	163482.0	WGS	GENOMIC	SINGLE	PacBio RS sequencing
SRR15827949	SRX12119848	SRS10099928	SRP336307	PRJNA761884	Escherichia coli	X_65	PACBIO_SMRT	PacBio RS II	902571408.0	95438.0	WGS	GENOMIC	SINGLE	WGS of Escherichia coli: sample C684
SRR30896087	SRX26299934	SRS22828655	SRP536878	PRJNA1134622	Escherichia coli	OXEC-260	OXFORD_NANOPORE	MinION	673181686.0	209781.0	WGS	GENOMIC	SINGLE	OXEC-260
SRR28408824	SRX24013304	SRS20808431	SRP370291	PRJNA805198	Streptococcus equi subsp. zooepidemicus	not applicable	OXFORD_NANOPORE	GridION	987427276.0	309308.0	WGS	GENOMIC	SINGLE	SZOO-Horse-OK74078CY230087
SRR13575588	SRX9973663	SRS8145954	SRP303741	PRJNA695586	Streptococcus pyogenes	M4C20	OXFORD_NANOPORE	MinION	2828994.0	4000.0	WGS	GENOMIC	SINGLE	Whole genome sequence of Streptococcus pyogenes strain M4C20
ERR9364101	ERX8906350	ERS11202326	ERP136327	PRJEB51675	Vibrio cholerae non-O1/non-O139	not provided	OXFORD_NANOPORE	MinION	1446991867.0	200877.0	WGS	GENOMIC	SINGLE	MinION sequencing
SRR27958763	SRX23615208	SRS20456031	SRP489545	PRJNA1076228	Streptococcus pyogenes	MGAS37854	OXFORD_NANOPORE	GridION	500000214.0	115611.0	WGS	GENOMIC	SINGLE	Oxford Nanopore Technology WGS of GAS M1 clinical isolates
SRR15989358	SRX12278181	SRS9998857	SRP357537	PRJNA801416	Klebsiella pneumoniae	715	OXFORD_NANOPORE	GridION	431267896.0	32845.0	WGS	GENOMIC	SINGLE	Whole Genome Sequencing of Carbapenemase-producing Enterobacterales (CPE)
SRR36405607	SRX31432743	SRS15378647	SRP649163	PRJNA1230056	Corynebacterium diphtheriae	not applicable	OXFORD_NANOPORE	GridION	252750849.0	74729.0	WGS	GENOMIC	SINGLE	WGS of C. diphtheriae
ERR10420119	ERX9948592	ERS7159961	ERP109413	PRJEB27342	Raoultella ornithinolytica		PACBIO_SMRT	Sequel II	13010127856.0	2024779.0	WGS	GENOMIC	SINGLE	Sequel II sequencing
SRR19419639	SRX15473954	SRS13190918	SRP377266	PRJNA755170	Vagococcus fluvialis	36B2	OXFORD_NANOPORE	MinION	485915100.0	236939.0	WGS	GENOMIC	SINGLE	Oxford Nanopore WGS of Vagococcus fluvialis 36B2
SRR13575462	SRX9973400	SRS8145954	SRP303741	PRJNA695586	Streptococcus pyogenes	M4C20	OXFORD_NANOPORE	MinION	3489759.0	4000.0	WGS	GENOMIC	SINGLE	Whole genome sequence of Streptococcus pyogenes strain M4C20
SRR389251	SRX032451	SRS140100	SRP004712	PRJNA61297	Vibrio cholerae O1 biovar El Tor		PACBIO_SMRT	PacBio RS	138210930.0	60667.0	WGS	GENOMIC	SINGLE	Sequencing for H1 (Haiti, 2010)
SRR23686050	SRX19548695	SRS2476750	SRP040281	PRJNA230403	Salmonella enterica	PNUSAS020938	OXFORD_NANOPORE	GridION	210296283.0	79614.0	WGS	GENOMIC	SINGLE	nanopore sequence of Salmonella enterica Enteriditis
SRR5891480	SRX3057236	SRS2403185	SRP114728	PRJNA396979	Acinetobacter baumannii	not applicable	OXFORD_NANOPORE	MinION	90755081.0	10787.0	WGS	GENOMIC	SINGLE	WGS of A. baumannii: wound infection
ERR1341775	ERX1413352	ERS1093622	ERP014688	PRJEB13149	Bordetella hinzii		PACBIO_SMRT	PacBio RS	52299987.0	81741.0	WGS	GENOMIC	SINGLE	PacBio RS sequencing
ERR5214391	ERX5017847	ERS5599757	ERP126298	PRJEB42440	Enterobacter cloacae		OXFORD_NANOPORE	MinION	1262577451.0	149281.0	WGS	GENOMIC	SINGLE	MinION sequencing
SRR9699426	SRX6457503	SRS5109430	SRP215050	PRJNA554830	Bacillus amyloliquefaciens	H	PACBIO_SMRT	PacBio RS II	3631343311.0	163482.0	WGS	GENOMIC	SINGLE	SMRT_BamHI
SRR31024101	SRX26411462	SRS22931415	SRP539092	PRJNA1174068	Vibrio cholerae	mHDM VC76	OXFORD_NANOPORE	PromethION	137855138.0	73255.0	WGS	GENOMIC	SINGLE	WGS of Vcholerae isolates
SRR1203877	SRX500297	SRS581588	SRP040529	PRJNA212490	Orientia tsutsugamushi str. Sido		PACBIO_SMRT	PacBio RS	2132735090.0	163482.0	WGS	GENOMIC	SINGLE	
SRR7504399	SRX4373749	SRS911467	SRP057237	PRJNA177577	Salmonella enterica subsp. enterica serovar Milwaukee str. SA19950795	SA19950795	OXFORD_NANOPORE	MinION	384503811.0	32852.0	WGS	GENOMIC	SINGLE	SA19950795
SRR8270583	SRX5087258	SRS4099369	SRP171986	PRJNA501604	Xanthomonas vasicola	BLS185	PACBIO_SMRT	PacBio RS II	305522932.0	150892.0	WGS	GENOMIC	SINGLE	Xanthomonas vasicola pv. holcicola BLS185 methylation
SRR9046047	SRX5822587	SRS4751216	SRP198168	PRJNA490424	Azospirillum brasilense	MTCC4039	PACBIO_SMRT	PacBio RS II	1114571512.0	132205.0	WGS	GENOMIC	SINGLE	Pacbio sequencing  of  Abr MTCC4039 strain
ERR3986912	ERX3988939	ERS4380846	ERP120516	PRJEB37212	Escherichia coli		OXFORD_NANOPORE	MinION	134979362.0	30692.0	WGS	GENOMIC	SINGLE	MinION sequencing; Oxfordshire gram negative bacteraemias
SRR5938063	SRX3097952	SRS2434385	SRP115560	PRJNA396106	Klebsiella pneumoniae	ST307PT02	PACBIO_SMRT	PacBio RS II	4527145682.0	163482.0	WGS	GENOMIC	SINGLE	WGS of KPC-producing Klebsiella pneumonia ST307OT02
SRR25338154	SRX21077636	SRS18347316	SRP450272	PRJNA994702	Paeniglutamicibacter sulfureus	As4PL	OXFORD_NANOPORE	MinION	611096109.0	457670.0	WGS	GENOMIC	SINGLE	Genome of Paeniglutamicibacter sulfureus As4PL, Oxford Nanopore MinION reads
SRR23690846	SRX19553251	SRS16938003	SRP425383	PRJNA934404	Lactobacillus gasseri	VSI26	OXFORD_NANOPORE	MinION	154217379.0	72595.0	WGS	GENOMIC	SINGLE	VSI26
SRR13448672	SRX9861859	SRS8041966	SRP295672	PRJNA681856	Salmonella enterica	LHICA_E3	OXFORD_NANOPORE	MinION	40019243.0	4000.0	WGS	GENOMIC	SINGLE	WGS of Salmonella Lhica E3_36
SRR31647105	SRX27010137	SRS23474487	SRP550213	PRJNA1193534	Staphylococcus aureus	p39819	OXFORD_NANOPORE	GridION	435545.0	320.0	WGS	GENOMIC	SINGLE	Genomic Analysis of Plasmids in Animal-Associated Staphylococcus aureus
SRR926364	SRX314710	SRS452290	SRP026273	PRJNA60537	Listeria monocytogenes J1816	J1816	PACBIO_SMRT	PacBio RS	380840872.0	81741.0	WGS	GENOMIC	SINGLE	Whole genome shotgun sequencing of Listeria monocytogenes 220 by Pacific Biosciences SMRT
SRR26255243	SRX21965305	SRS2099511	SRP102667	PRJNA292664	Campylobacter coli	CVM N59398	OXFORD_NANOPORE	MinION	28503349.0	2433.0	WGS	GENOMIC	SINGLE	Complete Genome of Campylobacter CVM N59398
SRR13575338	SRX9973525	SRS8145954	SRP303741	PRJNA695586	Streptococcus pyogenes	M4C20	OXFORD_NANOPORE	MinION	3487751.0	4000.0	WGS	GENOMIC	SINGLE	Whole genome sequence of Streptococcus pyogenes strain M4C20
SRR3085362	SRX1516913	SRS1235612	SRP068085	PRJNA304382	Lutibacter profundi	LP1	PACBIO_SMRT	PacBio RS II	796145905.0	163482.0	WGS	GENOMIC	SINGLE	Complete genome sequence of Lutibacter profundi LP1T
SRR30037951	SRX25513426	SRS21849262	SRP517050	PRJNA1129913	Xanthomonas axonopodis pv. poinsettiicola	NCPPB:1939	OXFORD_NANOPORE	PromethION	1216210321.0	214640.0	WGS	GENOMIC	SINGLE	Genome sequencing of NCPPB 1939
ERR581021	ERX539108	ERS426719	ERP001625	PRJEB3164	Salmonella enterica subsp. enterica serovar Typhimurium		PACBIO_SMRT	PacBio RS	1119578975.0	163482.0	WGS	GENOMIC	SINGLE	PacBio RS sequencing
SRR12395056	SRX8893414	SRS7152436	SRP276100	PRJNA650381	Mycobacterium tuberculosis		OXFORD_NANOPORE	MinION	533896691.0	394626.0	WGS	GENOMIC	SINGLE	Nanopore TB WGS
SRR24140083	SRX19938322	SRS17287031	SRP247747	PRJNA604975	Escherichia coli	ox_bsi_649	OXFORD_NANOPORE	GridION	122519280.0	118142.0	WGS	GENOMIC	SINGLE	oxford_bsi
ERR2532042	ERX2550471	ERS2402944	ERP005928	PRJEB6403	Listeria innocua	NCTC 11288	PACBIO_SMRT	PacBio RS	256682525.0	163482.0	WGS	GENOMIC	SINGLE	PacBio RS sequencing
ERR9030415	ERX8573825	ERS10792326	ERP133548	PRJEB49093	Mycobacterium tuberculosis	Lineage 2.2.1	OXFORD_NANOPORE	MinION	372456380.0	75932.0	WGS	GENOMIC	SINGLE	MinION sequencing; Raw reads: R26778-nanopore
ERR1274812	ERX1346400	ERS970082	ERP005928	PRJEB6403	Streptococcus canis	NCTC12191	PACBIO_SMRT	PacBio RS	2213997391.0	163482.0	WGS	GENOMIC	SINGLE	PacBio RS sequencing
SRR25204969	SRX20951799	SRS18228358	SRP448147	PRJNA989764	Streptococcus iniae	Si 6-21	OXFORD_NANOPORE	GridION	3675187474.0	299228.0	WGS	GENOMIC	SINGLE	WGS of S. iniae: Strain Si 6-21
SRR33323166	SRX28567618	SRS24861725	SRP581476	PRJNA1255637	Enterococcus faecium	ONT-EF07	OXFORD_NANOPORE	GridION	3131919510.0	498615.0	WGS	GENOMIC	SINGLE	ONT-EF07
SRR32655890	SRX27959899	SRS24326279	SRP569671	PRJNA912210	Prochlorococcus sp. MIT 1342	MIT 1342	PACBIO_SMRT	Sequel	75522850.0	10938.0	WGS	GENOMIC	SINGLE	PacBio HiFi data of Prochlorococcus sp. MIT 1342
ERR12031453	ERX11414997	ERS16321604	ERP149275	PRJEB64143	Streptococcus pneumoniae	HUB-04920	OXFORD_NANOPORE	MinION	93982891.0	179085.0	WGS	GENOMIC	SINGLE	MinION sequencing
SRR24651201	SRX20431330	SRS17736862	SRP438478	PRJNA885826	Roseburia intestinalis L1-82	L1-82	OXFORD_NANOPORE	MinION	615427261.0	71146.0	WGS	GENOMIC	SINGLE	PCR free Oxford Nanopore sequencing of genomic DNA from Roseburia-intestinalis-L1-82
SRR35115802	SRX30224669	SRS26278745	SRP612217	PRJNA1307276	Klebsiella pneumoniae	ESBLKP_MG6	OXFORD_NANOPORE	MinION	261057524.0	44283.0	WGS	GENOMIC	SINGLE	Nanopore DNA-Seq of ESBL-producing K.pneumoniae (ESBLKP) MG6
SRR12395216	SRX8893681	SRS7152703	SRP276100	PRJNA650381	Mycobacterium tuberculosis		OXFORD_NANOPORE	MinION	903809894.0	584221.0	WGS	GENOMIC	SINGLE	Nanopore TB WGS
ERR3685780	ERX3675384	ERS4047581	ERP114207	PRJEB31632	bacterium		OXFORD_NANOPORE	GridION	606641643.0	54090.0	WGS	GENOMIC	SINGLE	GridION sequencing
SRR27201513	SRX22881491	SRS19853900	SRP477847	PRJNA1052100	Klebsiella pneumoniae	K16	OXFORD_NANOPORE	MinION	794700098.0	365251.0	WGS	GENOMIC	SINGLE	ONT R9.4.1 sequences of Klebsiella pneumoniae from clinical sources in Ghana
SRR36722087	SRX31726406	SRS27695042	SRP660603	PRJNA1398820	Escherichia coli BL21(DE3)	BL21 (DE3)	OXFORD_NANOPORE	MinION	1234876548.0	445139.0	WGS	GENOMIC	SINGLE	Whole-genome sequencing of phage-resistant E. coli BL21(DE3)
SRR31647113	SRX27010129	SRS23474479	SRP550213	PRJNA1193534	Staphylococcus aureus	p33635	OXFORD_NANOPORE	GridION	5529660.0	4530.0	WGS	GENOMIC	SINGLE	Genomic Analysis of Plasmids in Animal-Associated Staphylococcus aureus
ERR10498255	ERX10015544	ERS14254635	ERP142629	PRJEB57633	Escherichia coli		OXFORD_NANOPORE	GridION	66996660.0	10096.0	WGS	GENOMIC	SINGLE	Raw reads: ONT_30348_1#296
ERR13600475	ERX12971498	ERS6631436	ERP109316	PRJEB27256	Klebsiella pneumoniae		OXFORD_NANOPORE	GridION	618583436.0	34508.0	WGS	GENOMIC	SINGLE	GridION sequencing
SRR34986103	SRX30104867	SRS26168517	SRP608826	PRJNA1305362	Listeria monocytogenes	Lm_231	OXFORD_NANOPORE	MinION	605904318.0	67624.0	WGS	GENOMIC	SINGLE	Oxford Nanopore sequences of an isolated L. monocytogenes strain from wastewater
ERR13802616	ERX13203368	ERS21186491	ERP164461	PRJEB80477	Staphylococcus aureus		OXFORD_NANOPORE	MinION	487712367.0	150578.0	WGS	GENOMIC	SINGLE	MinION sequencing
SRR386462	SRX109883	SRS212335	SRP007231	PRJNA49881	Scardovia wiggsiae F0424	F0424	PACBIO_SMRT	PacBio RS	60854825.0	81741.0	WGS	GENOMIC	SINGLE	Whole Genome Sequencing and Assembly
SRR30855461	SRX26253830	SRS22793798	SRP536063	PRJNA1167355	Mycetohabitans rhizoxinica	B34	OXFORD_NANOPORE	PromethION	2106254125.0	289824.0	WGS	GENOMIC	SINGLE	Nanopore sequence of Mycetohabitans spp.: Mycetohabitans rhizoxinica B34
SRR36067883	SRX31114041	SRS27072668	SRP644837	PRJNA1364846	Campylobacter coli	GPT20-006	OXFORD_NANOPORE	GridION	8358461.0	2236.0	WGS	GENOMIC	SINGLE	Campylobacter coli, DBT kit, 36-plex and 200 ng DNA, replicate 1
SRR24651181	SRX20431350	SRS17736870	SRP438478	PRJNA885826	Blautia hydrogenotrophica	DSM 10507	OXFORD_NANOPORE	MinION	3391032731.0	561544.0	WGS	GENOMIC	SINGLE	PCR free Oxford Nanopore sequencing of genomic DNA from Blautia-hydrogenotrophica-DSM-10507
SRR9221460	SRX5991926	SRS4897066	SRP191068	PRJNA528511	Escherichia coli	GTEN_75	OXFORD_NANOPORE	GridION	1543363584.0	379475.0	WGS	GENOMIC	SINGLE	Global TravEpiNet AMR surveillance Genome sequencing and assembly
SRR32158404	SRX27503846	SRS23924088	SRP560261	PRJNA1129067	Escherichia	coli	OXFORD_NANOPORE	MinION	691456187.0	783125.0	WGS	GENOMIC	SINGLE	DEC_SAGR2
ERR599182	ERX556144	ERS526115	ERP006645	PRJEB6967	Yersinia ruckeri	CSF007-82	PACBIO_SMRT	PacBio RS	2520811410.0	163482.0	WGS	GENOMIC	SINGLE	PacBio RS sequencing
SRR18435831	SRX14569631	SRS12346579	SRP365335	PRJNA802590	Prescottella equi	P2117036	OXFORD_NANOPORE	MinION	120208262.0	9068.0	WGS	GENOMIC	SINGLE	WGS-Rh01_ont
ERR13600572	ERX12971595	ERS17970330	ERP109316	PRJEB27256	Klebsiella pneumoniae		OXFORD_NANOPORE	GridION	414583226.0	20109.0	WGS	GENOMIC	SINGLE	GridION sequencing
SRR9620227	SRX6383250	SRS5042855	SRP212574	PRJNA547254	Amycolatopsis viridis	DSM 45668	PACBIO_SMRT	Sequel	408246513.0	101679.0	WGS	GENOMIC	SINGLE	Amycolatopsis viridis DSM 45668
SRR33936367	SRX29138633	SRS25244412	SRP589537	PRJNA1101874	Acinetobacter baumannii	122178	OXFORD_NANOPORE	MinION	535414173.0	234340.0	WGS	GENOMIC	SINGLE	WGS-ONT of Acinetobacter baumannii
ERR3281188	ERX3307973	ERS3369810	ERP114822	PRJEB32175	Mycobacterium kansasii		PACBIO_SMRT	PacBio RS II	486073046.0	52231.0	WGS	GENOMIC	SINGLE	PacBio RS II sequencing
SRR5658721	SRX2895117	SRS1256850	SRP068736	PRJNA292901	Klebsiella pneumoniae	AR_0005	PACBIO_SMRT	PacBio RS II	1065311289.0	163482.0	WGS	GENOMIC	PAIRED	
SRR15988568	SRX12277158	SRS10252168	SRP337995	PRJNA33215	Pseudomonas cannabina pv. alisalensis	ES4326	OXFORD_NANOPORE	MinION	38851458.0	4000.0	WGS	GENOMIC	SINGLE	Genome context affects evolutionary flexibility of type III effectors in phytopathogenic Pseudomonads
SRR27972878	SRX23626287	SRS20465892	SRP489819	PRJNA1076692	Klebsiella pneumoniae	RIVM_C048714_rerio	OXFORD_NANOPORE	MinION	71842710.0	24481.0	WGS	GENOMIC	SINGLE	RIVM_C048714_rerio
SRR35184130	SRX30289006	SRS26337760	SRP614608	PRJNA709237	Methylorubrum zatmanii	SLI 505	PACBIO_SMRT	Sequel II	762176081.0	132670.0	WGS	GENOMIC	SINGLE	Methylorubrum zatmanii SLI 505
SRR1740476	SRX747873	SRS734217	SRP049417	PRJNA259789	Klebsiella pneumoniae	32192	PACBIO_SMRT	PacBio RS	957592103.0	163482.0	WGS	GENOMIC	SINGLE	
SRR36095956	SRX31141498	SRS27128462	SRP291668	PRJNA675431	Klebsiella pneumoniae		OXFORD_NANOPORE	PromethION	817593419.0	211949.0	WGS	GENOMIC	SINGLE	WGS of Klebsiella pneumoniae
SRR32649578	SRX27954025	SRS24319931	SRP569572	PRJNA1234539	Enterobacter kobei	9c6	PACBIO_SMRT	Sequel II	339689401.0	27194.0	WGS	GENOMIC	SINGLE	Whole genome sequencing of Strain 9c6
ERR904404	ERX983692	ERS684467	ERP009820	PRJEB8783	Mycobacterium tuberculosis	3565STDY6067017	PACBIO_SMRT	PacBio RS	800749702.0	163482.0	WGS	GENOMIC	SINGLE	PacBio RS sequencing
SRR10082135	SRX6815148	SRS4806536	SRP199227	PRJNA491938	Ectothiorhodospiraceae bacterium BW-2	BW-2	PACBIO_SMRT	PacBio RS	1651867493.0	242620.0	WGS	GENOMIC	SINGLE	PacBio seq2 BW2
SRR10918403	SRX7585734	SRS6019398	SRP051949	PRJNA271899	Enterobacter cloacae	UCI_279	OXFORD_NANOPORE	GridION	1412398258.0	475143.0	WGS	GENOMIC	SINGLE	Sequencing of Carbapenem resistant bacteria
SRR29816469	SRX25315622	SRS16968673	SRP426074	PRJNA941188	Bacillus velezensis	PRO102	OXFORD_NANOPORE	GridION	171272987.0	33024.0	WGS	GENOMIC	SINGLE	WGS of Bacillus  velezensis: cell culture
ERR4184136	ERX4147427	ERS4590900	ERP121870	PRJEB38443	Providencia rettgeri		OXFORD_NANOPORE	MinION	2272495957.0	317311.0	WGS	GENOMIC	SINGLE	MinION sequencing; Raw reads: Nanopore_BB1453
ERR5420951	ERX5205515	ERS5845230	ERP126298	PRJEB42440	Klebsiella pneumoniae		OXFORD_NANOPORE	MinION	1914964475.0	561015.0	WGS	GENOMIC	SINGLE	MinION sequencing
SRR31583355	SRX26948899	SRS23420362	SRP548954	PRJNA1193326	Campylobacter jejuni		OXFORD_NANOPORE	MinION	98712928.0	19186.0	WGS	GENOMIC	SINGLE	Long-read Nanopore-based WGS characterization of antimicrobial resistant Campylobacter jejuni and Campylobacter coli isolates from humans, animals and food products in Northern Spain within a One Health approach
SRR21629978	SRX17630718	SRS11554603	SRP354045	PRJNA747871	Streptomyces sp. NBC_00328	NBC_00328	OXFORD_NANOPORE	MinION	1019259269.0	161135.0	WGS	GENOMIC	SINGLE	nanopore sequencing data from strain NBC_00328
SRR23347555	SRX19289478	SRS16690584	SRP421131	PRJNA931653	Escherichia coli K-12	K-12	OXFORD_NANOPORE	GridION	22999231.0	4000.0	WGS	GENOMIC	SINGLE	Nanopore sequencing of Ciprofloxacin challenged E. coli
ERR10488928	ERX10008239	ERS14235829	ERP142385	PRJEB57405	Streptococcus pneumoniae		OXFORD_NANOPORE	MinION	473619721.0	73772.0	WGS	GENOMIC	SINGLE	MinION sequencing
DRR097291	DRX090787	DRS100124	DRP005160	PRJDB5843	Helicobacter pylori	OK314	PACBIO_SMRT	PacBio RS II	1114385331.0	163482.0	WGS	GENOMIC	SINGLE	PacBio RS II sequencing of SAMD00084427
SRR31111174	SRX26493413	SRS23006615	SRP536063	PRJNA1167355	Mycetohabitans endofungorum	B23	OXFORD_NANOPORE	PromethION	1125324911.0	216360.0	WGS	GENOMIC	SINGLE	Nanopore sequence of Mycetohabitans spp.: Mycetohabitans endofungorum B23
SRR12857451	SRX9324069	SRS7548406	SRP287972	PRJNA609136	Streptococcus pyogenes	ABC155	OXFORD_NANOPORE	GridION	64441303.0	60793.0	WGS	GENOMIC	SINGLE	WGS of emm4 GAS: ABC155
SRR5181923	SRX2498032	SRS1924885	SRP096895	PRJNA353873	Mycobacterium tuberculosis		PACBIO_SMRT	PacBio RS	362031744.0	163482.0	WGS	GENOMIC	SINGLE	DNA of Mtb
ERR14686244	ERX14087763	ERS23773383	ERP169826	PRJEB86481	Escherichia coli str. K-12 substr. MG1655	K-12	OXFORD_NANOPORE	MinION	94955351.0	23181.0	WGS	GENOMIC	SINGLE	MinION sequencing
SRR9033387	SRX5810635	SRS4739899	SRP197268	PRJNA244414	Burkholderia pseudomallei	MSHR346	PACBIO_SMRT	PacBio RS II	2810946686.0	475922.0	WGS	GENOMIC	SINGLE	MSHR346_PacBio1_Data
ERR2432866	ERX2452445	ERS1963408	ERP005928	PRJEB6403	Taylorella equigenitalis		PACBIO_SMRT	PacBio RS	283047208.0	163482.0	WGS	GENOMIC	SINGLE	PacBio RS sequencing
SRR20138925	SRX16174073	SRS13835877	SRP385218	PRJNA856428	Escherichia coli	Nanopore_S18	OXFORD_NANOPORE	PromethION	2700428839.0	314149.0	WGS	GENOMIC	SINGLE	Nanopore sequncing of Escherichia coli str. K12 substr. MG1655: MA line
ERR1305746	ERX1377369	ERS1003589	ERP005928	PRJEB6403	Enterococcus faecalis	NCTC13705	PACBIO_SMRT	PacBio RS	2044484425.0	163482.0	WGS	GENOMIC	SINGLE	PacBio RS sequencing
SRR4181055	SRX2142351	SRS1674011	SRP086955	PRJNA303804	Agromyces flavus	CPCC 202695	PACBIO_SMRT	PacBio RS	308106053.0	76075.0	WGS	GENOMIC	SINGLE	Agromyces flavus DSM 22059
SRR18291216	SRX14428911	SRS12237463	SRP363431	PRJNA789885	Streptococcus salivarius	SALI-10	PACBIO_SMRT	Sequel II	1825740630.0	115127.0	WGS	GENOMIC	SINGLE	Complete Genome of the Probiotic Streptococcus salivarius SALI-10
ERR15459761	ERX14863648	ERS23132441	ERP168932	PRJEB85558	Sphaerobacter thermophilus DSM 20745		OXFORD_NANOPORE	PromethION	741245186.0	49471.0	WGS	GENOMIC	SINGLE	PromethION sequencing
SRR12395194	SRX8893703	SRS7152725	SRP276100	PRJNA650381	Mycobacterium tuberculosis		OXFORD_NANOPORE	MinION	653329847.0	532951.0	WGS	GENOMIC	SINGLE	Nanopore TB WGS
SRR8466282	SRX5272861	SRS4273184	SRP180861	PRJNA501179	Streptomyces sp. PanSC19	PanSC19	PACBIO_SMRT	PacBio RS II	458514171.0	258579.0	WGS	GENOMIC	SINGLE	Streptomyces sp. PanSC19
SRR30934827	SRX26337482	SRS22863377	SRP537571	PRJNA1168290	Paenibacillus sp. TAB_01	TAB_01	OXFORD_NANOPORE	MinION	1598608.0	173.0	WGS	GENOMIC	SINGLE	Paenibacillus sp. TAB 01 from cotton plant tissue
SRR13680664	SRX10070044	SRS8231701	SRP303037	PRJNA694442	Salmonella enterica		OXFORD_NANOPORE	GridION	3538095166.0	448011.0	WGS	GENOMIC	SINGLE	Multiplex WGS of Salmonella enterica
ERR10499770	ERX10017052	ERS14248176	ERP142363	PRJEB57392	Escherichia coli		OXFORD_NANOPORE	MinION	706765800.0	1407900.0	WGS	GENOMIC	PAIRED	MinION paired end sequencing
SRR29386763	SRX24900833	SRS13709081	SRP074197	PRJNA288601	Citrobacter farmeri	2022HL-01327	OXFORD_NANOPORE	GridION	338950407.0	75933.0	WGS	GENOMIC	SINGLE	ONT sequencing of 2022HL-01327
SRR29316572	SRX24833571	SRS21545401	SRP512379	PRJNA1121190	Vibrio cholerae	130Vc08	OXFORD_NANOPORE	PromethION	344529001.0	56217.0	WGS	GENOMIC	SINGLE	WGS of Vcholerae isolates
SRR12544681	SRX9033935	SRS7284539	SRP276827	PRJNA656069	Stenotrophomonas maltophilia	H002	PACBIO_SMRT	Sequel	1668257273.0	182476.0	WGS	GENOMIC	SINGLE	WGS of H002:bacterial cell
ERR15423273	ERX14827217	ERS25261051	ERP176764	PRJEB93885	Escherichia coli		OXFORD_NANOPORE	PromethION	757028504.0	115200.0	WGS	GENOMIC	SINGLE	Raw reads: run0_pilot_96_ont_AF16
SRR25916650	SRX21636522	SRS18806623	SRP321830	PRJNA674638	Pantoea agglomerans	1.2.4	PACBIO_SMRT	PacBio RS	613067521.0	69211.0	WGS	GENOMIC	SINGLE	PacBio sequencing of bacterial genomes associated with fermentation and spoilage of pickling cucumbers
ERR1417247	ERX1488031	ERS1068200	ERP005928	PRJEB6403	Acinetobacter lwoffii	NCTC5866	PACBIO_SMRT	PacBio RS	795316760.0	163482.0	WGS	GENOMIC	SINGLE	PacBio RS sequencing
SRR16940874	SRX13132843	SRS11066454	SRP346006	PRJNA554638	Escherichia coli	ESBL3	PACBIO_SMRT	Sequel	349430482.0	68125.0	WGS	GENOMIC	SINGLE	Pacbio of ESBL producing Escherichia coli
SRR1087905	SRX414457	SRS416707	SRP021602	PRJNA88839	Enterococcus malodoratus ATCC 43197	ATCC 43197	PACBIO_SMRT	PacBio RS	58431548.0	81741.0	WGS	GENOMIC	SINGLE	Pacbio whole genome shotgun sequencing of genomic DNA library 'PACBIO-297' containing sample 'ATCC43197' from individual 'Enterococcus malodoratus ATCC43197'
DRR293663	DRX283113	DRS178724	DRP004189	PRJDB5929	Klebsiella pneumoniae	C696	OXFORD_NANOPORE	GridION	1671803563.0	225121.0	WGS	GENOMIC	SINGLE	GridION sequencing of SAMD00138142
SRR6032560	SRX3182672	SRS2511319	SRP117609	PRJNA388336	Sinorhizobium meliloti	USDA1157	PACBIO_SMRT	PacBio RS II	867022978.0	163482.0	WGS	GENOMIC	SINGLE	Ensifer meliloti PacBio Sequencing
SRR16929189	SRX13121378	SRS11056135	SRP303790	PRJNA685966	Staphylococcus pseudintermedius	HSP274	OXFORD_NANOPORE	MinION	591089005.0	205374.0	WGS	GENOMIC	SINGLE	Long-read genomic sequencing of Staphylococcus pseudintermedius from canine skin
SRR32370069	SRX27704601	SRS24099099	SRP564386	PRJNA1224596	Klebsiella quasipneumoniae subsp. quasipneumoniae	K-35979	OXFORD_NANOPORE	MinION	470097166.0	95901.0	WGS	GENOMIC	SINGLE	Long read WGS of Klebsiella quasipneumoniae subsp. quasipneumoniae: isolate K-35979
ERR15092775	ERX14497157	ERS24808785	ERP172787	PRJEB89771	Klebsiella pneumoniae		PACBIO_SMRT	PacBio RS II	2049727564.0	110311.0	WGS	GENOMIC	SINGLE	Raw reads: EE665088-0B00-573E-9D90-29044E3A45B3
SRR14757222	SRX11090779	SRS9156152	SRP323170	PRJNA732579	Staphylococcus aureus	AC5	PACBIO_SMRT	Sequel	864386935.0	169770.0	WGS	GENOMIC	SINGLE	WGS of Staphylococcus aureus: human skin
SRR26807499	SRX22504733	SRS19517399	SRP471535	PRJNA1002862	Serratia marcescens	SM20	OXFORD_NANOPORE	MinION	299140425.0	57971.0	WGS	GENOMIC	SINGLE	WGS of GES-6 positive Serratia marcescens
SRR12390640	SRX8889162	SRS7148686	SRP275973	PRJNA632185	Ectopseudomonas mendocina	B1D7D	PACBIO_SMRT	PacBio RS II	1528156492.0	319808.0	WGS	GENOMIC	SINGLE	Pseudomonas mendocina B1D7D
SRR31834149	SRX27194515	SRS23258537	SRP074197	PRJNA288601	Klebsiella pneumoniae		OXFORD_NANOPORE	GridION	883719061.0	192186.0	WGS	GENOMIC	SINGLE	Nanopore sequencing of ARLN isolate
SRR18729766	SRX14829963	SRS12585906	SRP369762	PRJNA825705	Klebsiella pneumoniae	ST-258	OXFORD_NANOPORE	MinION	2834350586.0	312281.0	WGS	GENOMIC	SINGLE	ONT sequencing of Klebsiella pneumoniae: sample KLPN-292
SRR11854505	SRX8404615	SRS333861	SRP013143	PRJNA73457	Francisella noatunensis subsp. noatunensis FSC774	FSC774	OXFORD_NANOPORE	MinION	1331310312.0	1530984.0	WGS	GENOMIC	SINGLE	Nanopore sequences for Francisella noatunensis subsp. noatunensis FSC774
ERR14125696	ERX13528353	ERS22899849	ERP159032	PRJEB74343	Acidithiobacillus thiooxidans		OXFORD_NANOPORE	PromethION			WGS	GENOMIC	SINGLE	Acidithiobacillus_thiooxidans
SRR16525332	SRX12728153	SRS10336698	SRP357537	PRJNA801416	Escherichia coli	E883	OXFORD_NANOPORE	GridION	644377134.0	266747.0	WGS	GENOMIC	SINGLE	Extensive diversification and dissemination of blaNDM carbapenemase plasmids in Enterobacterales in Singapore 2010-2015
SRR29081085	SRX24605309	SRS21342980	SRP508604	PRJNA1113402	Mycobacterium tuberculosis	H-19-0016	OXFORD_NANOPORE	MinION	334116736.0	246454.0	WGS	GENOMIC	SINGLE	WGS of clinical Mycobacterium tuberculosis isolates from the Philippines
SRR34864072	SRX29995551	SRS26072147	SRP606522	PRJNA1301590	Lactococcus cremoris	P2B1	OXFORD_NANOPORE	PromethION	1318324110.0	215279.0	WGS	GENOMIC	SINGLE	WGS of Lactococcus cremoris strain P2B1: Probat505 starter culture
DRR629202	DRX609529	DRS438751	DRP012484	PRJDB19189	Mycobacterium avium subsp. hominissuis	GA68607	OXFORD_NANOPORE	MinION	333783708.0	41824.0	WGS	GENOMIC	SINGLE	MinION sequencing of SAMD00833253
SRR12811576	SRX9280145	SRS7508061	SRP287122	PRJNA667445	Klebsiella aerogenes	S2_CRE2	PACBIO_SMRT	Sequel	948436950.0	176972.0	WGS	GENOMIC	SINGLE	Genome sequencing of carbapenem-resistant Enterobacteriaceae
ERR13326731	ERX12697759	ERS20295463	ERP161282	PRJEB76791	Salmonella enterica subsp. enterica serovar Agona		OXFORD_NANOPORE	MinION	458918854.0	100066.0	WGS	GENOMIC	SINGLE	MinION sequencing
DRR307145	DRX296579	DRS194107	DRP007467	PRJDB11902	Phocaeicola dorei	CE91-St6	PACBIO_SMRT	Sequel	1626832540.0	137792.0	WGS	GENOMIC	SINGLE	Sequel sequencing of SAMD00389891
SRR12247682	SRX8755485	SRS6976353	SRP266402	PRJNA605147	Escherichia coli	RHB43-SE-C04	OXFORD_NANOPORE	GridION	1707162067.0	312588.0	WGS	GENOMIC	SINGLE	Oxford Nanopore sequencing of Escherichia coli isolate RH17|T1-SEC04 cultured from poultry farm sediment sample
SRR33624393	SRX28852461	SRS24971604	SRP583787	PRJNA1228599	Staphylococcus aureus subsp. aureus USA300	LAC	OXFORD_NANOPORE	MinION	591919430.0	395276.0	WGS	GENOMIC	SINGLE	H202 treatment 1
SRR15540414	SRX11838514	SRS9849698	SRP333488	PRJNA336330	Escherichia coli	472	PACBIO_SMRT	PacBio RS II	898365924.0	163482.0	WGS	GENOMIC	SINGLE	Genome sequencing of E. coli O157:H7 from Scotland PacBio reads
ERR13064354	ERX12434878	ERS18677211	ERP155943	PRJEB71065	Enterococcus lactis		PACBIO_SMRT	Sequel II	280225911.0	23834.0	WGS	GENOMIC	SINGLE	Sequel II sequencing
SRR11215186	SRX7827614	SRS6238743	SRP251286	PRJNA608123	Lactobacillus iners	C0322A1	PACBIO_SMRT	Sequel II	3855580262.0	384881.0	WGS	GENOMIC	SINGLE	WGS of L. iners
SRR30293592	SRX25754269	SRS20438725	SRP447847	PRJNA991976	Xanthomonas hortorum pv. hederae	WHRI 7204	OXFORD_NANOPORE	PromethION	705007960.0	113408.0	WGS	GENOMIC	SINGLE	ONT genome sequencing of WHRI 7204
SRR15031956	SRX11343423	SRS9383692	SRP326726	PRJNA737600	Streptomyces sp. GMY02	GMY02	OXFORD_NANOPORE	GridION	8999363.0	4000.0	WGS	GENOMIC	SINGLE	WGS Streptomyces sp. GMY02
ERR3965047	ERX3968390	ERS4359511	ERP120218	PRJEB36951	Escherichia coli		OXFORD_NANOPORE	MinION	470853028.0	15959.0	WGS	GENOMIC	SINGLE	MinION sequencing; Raw reads: SC452
DRR287302	DRX276759	DRS318052	DRP010345	PRJDB10714	Annamia dubia NIES-4383	NIES-4383	OXFORD_NANOPORE	MinION	13505003.0	4000.0	WGS	GENOMIC	SINGLE	Annamia_sp_40
SRR21696260	SRX17694005	SRS11554587	SRP354045	PRJNA747871	Streptomyces sp. NBC_01508	NBC_01508	OXFORD_NANOPORE	MinION	192380811.0	36871.0	WGS	GENOMIC	SINGLE	nanopore sequencing data from strain NBC_01508
DRR572642	DRX556109	DRS426395	DRP012251	PRJDB17574	Escherichia coli	YK-IS1MA-L07-4_G08	OXFORD_NANOPORE	MinION	40372311.0	3475.0	WGS	GENOMIC	SINGLE	nanopore-seq of SAMD00748212 L07-4_G8
SRR12299102	SRX8802111	SRS6792728	SRP266402	PRJNA605147	Escherichia coli	RHB36-C10	OXFORD_NANOPORE	GridION	1509789243.0	445127.0	WGS	GENOMIC	SINGLE	OXFORD_NANOPORE sequencing of Escherichia coli isolate RH07|T3-C10 cultured from Cattle faeces sample
SRR498159	SRX148635	SRS281883	SRP013241	PRJNA73829	Vibrio cholerae		PACBIO_SMRT	PacBio RS	462357.0	1367.0	WGS	GENOMIC	SINGLE	Whole Genome Sequencing for N5 (strobe)
SRR28803604	SRX24367357	SRS21124296	SRP503992	PRJNA1104141	Comamonas testosteroni	not collected	PACBIO_SMRT	PacBio RS	1402081200.0	9347208.0	WGS	GENOMIC	PAIRED	Comamonas testosteroni
DRR290129	DRX279585	DRS203652	DRP007683	PRJDB11598	Vibrio penaeicida	IFO 15641	OXFORD_NANOPORE	GridION	841708536.0	35022.0	WGS	GENOMIC	SINGLE	GridION sequencing of SAMD00318912
ERR10769205	ERX10220099	ERS2785027	ERP104475	PRJEB22771	Streptococcus pneumoniae		PACBIO_SMRT	Sequel II	1274097240.0	186790.0	WGS	GENOMIC	SINGLE	Sequel II sequencing
SRR900499	SRX305575	SRS444710	SRP026024	PRJNA191786	Mycobacteroides chelonae 1518	1518	PACBIO_SMRT	PacBio RS	450503245.0	81741.0	WGS	GENOMIC	SINGLE	
SRR5724738	SRX2940727	SRS1613973	SRP068737	PRJNA292902	Klebsiella pneumoniae	AR_0117	PACBIO_SMRT	PacBio RS II	1347533351.0	163482.0	WGS	GENOMIC	SINGLE	PacBio SMRT Sequencing of Klebsiella pneumoniae FDA-CDC-AR_0117 Genomic Library
SRR34967372	SRX30086865	SRS26152986	SRP608514	PRJNA1305037	Klebsiella pneumoniae	MI_KPC_296	OXFORD_NANOPORE	PromethION	383291534.0	80405.0	WGS	GENOMIC	SINGLE	KPC CRE collection from state of Michigan
ERR11806650	ERX11205010	ERS16226711	ERP119900	PRJEB36683	Klebsiella pneumoniae 11227-1		OXFORD_NANOPORE	MinION	226840411.0	53672.0	WGS	GENOMIC	SINGLE	MinION sequencing; Raw reads: plasmid_ERR3891204
ERR2432910	ERX2452489	ERS1943166	ERP005928	PRJEB6403	Brucella melitensis	NCTC8334	PACBIO_SMRT	PacBio RS	2017388959.0	163482.0	WGS	GENOMIC	SINGLE	PacBio RS sequencing
SRR32972679	SRX28245877	SRS24593541	SRP576427	PRJNA1190511	Yersinia pestis	86010	PACBIO_SMRT	Sequel	1094655364.0	74697.0	WGS	GENOMIC	SINGLE	WGS of Yersinia pestis: cultured strain 86010
SRR4171286	SRX2139721	SRS1671663	SRP086514	PRJNA311428	Erythrobacter sp. HL-111	HL-111	PACBIO_SMRT	PacBio RS	409054899.0	90968.0	WGS	GENOMIC	SINGLE	Erythrobacter sp. HL-111
SRR5181961	SRX2498070	SRS1924923	SRP096895	PRJNA353873	Mycobacterium tuberculosis		PACBIO_SMRT	PacBio RS	528222427.0	163482.0	WGS	GENOMIC	SINGLE	DNA of Mtb
SRR13449811	SRX9862903	SRS8036752	SRP276953	PRJNA605961	Salmonella enterica subsp. enterica serovar Typhimurium	ER3625 descendants	PACBIO_SMRT	PacBio RS II	2327566146.0	163482.0	WGS	GENOMIC	SINGLE	ER3728 PacBio RSII
ERR16115097	ERX15504688	ERS28491519	ERP187546	PRJEB106491	Pseudomonas sp.		OXFORD_NANOPORE	MinION	1171915156.0	117034.0	WGS	GENOMIC	SINGLE	Whole genome sequencing of Pseudomonas_TS_SC_3, isolated from TsoMoriri Lake Sediment
ERR8007892	ERX7573561	ERS9899325	ERP131998	PRJEB47698	Pseudomonas aeruginosa		OXFORD_NANOPORE	MinION	185816242.0	26548.0	WGS	GENOMIC	SINGLE	MinION sequencing
ERR5984750	ERX5624428	ERS6796337	ERP129449	PRJEB45354	Escherichia coli		OXFORD_NANOPORE	GridION	42222038.0	4831.0	WGS	GENOMIC	SINGLE	GridION sequencing; Raw reads: ONT_30859_5#32
ERR2532368	ERX2550789	ERS2419212	ERP005928	PRJEB6403	Haemophilus influenzae	NCTC11876	PACBIO_SMRT	PacBio RS	1942342960.0	163482.0	WGS	GENOMIC	SINGLE	PacBio RS sequencing
SRR23020884	SRX18976528	SRS16398520	SRP416531	PRJNA916402	Neisseria elongata subsp. glycolytica	DSM 23337	OXFORD_NANOPORE	MinION	17443306748.0	1592922.0	WGS	GENOMIC	SINGLE	Nanopore sequencing of Neisseria elongata subsp. glycolytica strain:DSM 23337
ERR13253036	ERX12623659	ERS20229421	ERP161024	PRJEB76496	Klebsiella pneumoniae	Zagreb020	OXFORD_NANOPORE	GridION	1475584093.0	329734.0	WGS	GENOMIC	SINGLE	GridION sequencing
SRR13289916	SRX9719011	SRS7913066	SRP278657	PRJNA658369	Klebsiella pneumoniae	ARLG-4839	OXFORD_NANOPORE	GridION	449007895.0	69719.0	WGS	GENOMIC	SINGLE	ONT seq of K. pneumoniae
ERR4910146	ERX4776970	ERS4556738	ERP121699	PRJEB38289	Klebsiella pneumoniae		PACBIO_SMRT	PacBio RS			WGS	GENOMIC	SINGLE	PacBio RS sequencing
SRR16999780	SRX13190037	SRS11153564	SRP347190	PRJNA778436	Nocardia huaxiensis	BCHNH01	OXFORD_NANOPORE	MinION	277780458.0	40000.0	WGS	GENOMIC	SINGLE	MinION sequence of Nocardia
SRR34854882	SRX29986773	SRS26063891	SRP606221	PRJNA1300812	Escherichia coli	DFI_NG_007	OXFORD_NANOPORE	GridION	625169566.0	169263.0	WGS	GENOMIC	SINGLE	WGS of Escherichia coli: DFI
SRR36200515	SRX31237090	SRS27216419	SRP649104	PRJNA1367967	Klebsiella pneumoniae	17668B1	OXFORD_NANOPORE	PromethION	319176151.0	655771.0	WGS	GENOMIC	SINGLE	WGS of clinical Klebsiella pneumoniae from a referral hospital in Bansang, Gambia
ERR10497641	ERX10014930	ERS14254548	ERP142629	PRJEB57633	Escherichia coli		OXFORD_NANOPORE	GridION	141967391.0	19120.0	WGS	GENOMIC	SINGLE	Raw reads: ONT_30134_6#250
ERR5671479	ERX5386972	ERS5752931	ERP126298	PRJEB42440	Klebsiella pneumoniae		OXFORD_NANOPORE	GridION	812927460.0	112592.0	WGS	GENOMIC	SINGLE	GridION sequencing
SRR16259734	SRX12539356	SRS10498365	SRP040661	PRJNA231221	Thomasclavelia ramosa	FDAARGOS_1519	PACBIO_SMRT	Sequel	575772502.0	64007.0	WGS	GENOMIC	SINGLE	
SRR385977	SRX109795	SRS001120	SRP000361	PRJNA32935	Enterococcus casseliflavus EC20	899205	PACBIO_SMRT	PacBio RS	59984906.0	81741.0	WGS	GENOMIC	SINGLE	Whole Genome Sequencing and Assembly
DRR122423	DRX115276	DRS058588	DRP004043	PRJDB6592	Altererythrobacter sp. B11	B11	PACBIO_SMRT	PacBio RS II	1862703146.0	163482.0	WGS	GENOMIC	SINGLE	PacBio RS II sequencing of SAMD00108308
SRR29386756	SRX24900840	SRS20721894	SRP074197	PRJNA288601	Klebsiella oxytoca	2024HL-00236	OXFORD_NANOPORE	GridION	235078823.0	24563.0	WGS	GENOMIC	SINGLE	ONT sequencing of 2024HL-00236
SRR22784597	SRX18744281	SRS16179595	SRP413484	PRJNA912639	Escherichia coli	EC_0731_SB3C2_H	OXFORD_NANOPORE	MinION	16682402.0	2630.0	WGS	GENOMIC	SINGLE	WGS of Escherichia coli
SRR31875201	SRX27234197	SRS23681058	SRP451765	PRJNA998448	Listeria monocytogenes		OXFORD_NANOPORE	MinION	571067431.0	185250.0	WGS	GENOMIC	SINGLE	WGS of Listeria monocytogenes: mutated WRLP94
ERR13848445	ERX13251211	ERS18625006	ERP135763	PRJEB51164	Escherichia coli		OXFORD_NANOPORE	GridION			WGS	GENOMIC	SINGLE	GridION sequencing
ERR8007918	ERX7573587	ERS9899448	ERP131998	PRJEB47698	Streptococcus agalactiae		OXFORD_NANOPORE	MinION	193817587.0	72901.0	WGS	GENOMIC	SINGLE	MinION sequencing
ERR10791269	ERX10240579	ERS2784455	ERP104475	PRJEB22771	Streptococcus pneumoniae		PACBIO_SMRT	Sequel II	2140388738.0	316646.0	WGS	GENOMIC	SINGLE	Sequel II sequencing
SRR8180085	SRX5000158	SRS4034923	SRP040661	PRJNA231221	Streptococcus sp. FDAARGOS_521	FDAARGOS_521	PACBIO_SMRT	PacBio RS	2134825967.0	163482.0	WGS	GENOMIC	SINGLE	
SRR17319319	SRX13495849	SRS11391268	SRP352249	PRJNA791777	Acinetobacter johnsonii	ICE_NC	OXFORD_NANOPORE	MinION	12580594363.0	2737448.0	WGS	GENOMIC	SINGLE	WGS of Acinetobacter johnsonii from soil
SRR32410801	SRX27741188	SRS24131480	SRP565198	PRJNA1225944	Salmonella enterica subsp. enterica serovar Infantis	N24-1008-GF4	OXFORD_NANOPORE	MinION	157635594.0	13842.0	WGS	GENOMIC	SINGLE	Long read WGS of Salmonella enterica: isolate N24-1008-GF4
SRR30949767	SRX26352321	SRS22817024	SRP536567	PRJNA1165464	Escherichia coli	Not applicable	OXFORD_NANOPORE	MinION	242717367.0	66302.0	WGS	GENOMIC	SINGLE	Nanopore sequencing of E.coli: blood isolate
SRR11901814	SRX8448809	SRS6751050	SRP129419	PRJNA429440	Metamycoplasma hominis	12256U	OXFORD_NANOPORE	MinION	71270107.0	17555.0	WGS	GENOMIC	SINGLE	12256U long-read
SRR24087971	SRX19888647	SRS17242684	SRP431209	PRJNA952813	Brucella abortus	Y11_MNG	OXFORD_NANOPORE	MinION	7418326.0	3767.0	WGS	GENOMIC	SINGLE	WGS of Brucella abortus: uterus swab of aborted yak
SRR13957658	SRX10336019	SRS8455563	SRP300861	PRJNA663900	Enterococcus sp. DIV0188	DIV0188	OXFORD_NANOPORE	GridION	1346944014.0	249854.0	WGS	GENOMIC	SINGLE	sequencing of enterococcal diversity
ERR10498238	ERX10015527	ERS14254510	ERP142629	PRJEB57633	Escherichia coli		OXFORD_NANOPORE	GridION	56966768.0	8392.0	WGS	GENOMIC	SINGLE	Raw reads: ONT_30859_5#113
SRR21415713	SRX17420167	SRS13526039	SRP361569	PRJNA768416	Staphylococcus sp. FSL W8-0774	FSL W8-0774	OXFORD_NANOPORE	MinION	334011326.0	64727.0	WGS	GENOMIC	SINGLE	WGS of Bacilli
SRR36475938	SRX31497898	SRS27478267	SRP655800	PRJNA555636	Mycobacterium tuberculosis	SEA13020387	PACBIO_SMRT	PacBio RS II	783341170.0	129007.0	WGS	GENOMIC	SINGLE	DNA-Seq of Mycobacterium tuberculosis from sputum
ERR10498821	ERX10016110	ERS14255894	ERP142629	PRJEB57633	Escherichia coli		OXFORD_NANOPORE	GridION	45052848.0	7393.0	WGS	GENOMIC	SINGLE	Raw reads: ONT_30602_2#156
SRR5165226	SRX2482207	SRS1913778	SRP096420	PRJNA243969	Kosmotoga olearia	TBF19.5.1	PACBIO_SMRT	PacBio RS	339577040.0	198302.0	WGS	GENOMIC	SINGLE	Kosmotoga olearia TBF19.5.1
ERR10498218	ERX10015507	ERS14254455	ERP142629	PRJEB57633	Escherichia coli		OXFORD_NANOPORE	GridION	100520661.0	15794.0	WGS	GENOMIC	SINGLE	Raw reads: ONT_30821_1#346
SRR5449078	SRX2737870	SRS2125016	SRP040661	PRJNA231221	Roseobacter denitrificans	FDAARGOS_309	PACBIO_SMRT	PacBio RS	1406620812.0	163482.0	WGS	GENOMIC	SINGLE	
SRR3441690	SRX1727929	SRS1324844	SRP050002	PRJNA266616	Bordetella pertussis		PACBIO_SMRT	PacBio RS II	782753516.0	163482.0	WGS	GENOMIC	SINGLE	
SRR36640895	SRX31652859	SRS27626792	SRP659015	PRJNA1383263	Escherichia coli	N1	PACBIO_SMRT	Sequel II	157490163.0	19236.0	WGS	GENOMIC	SINGLE	WGS of NMEC
SRR36095875	SRX31141437	SRS21867715	SRP291668	PRJNA675431	Klebsiella pneumoniae		OXFORD_NANOPORE	PromethION	1260275395.0	253554.0	WGS	GENOMIC	SINGLE	WGS of Klebsiella pneumoniae
ERR10497716	ERX10015005	ERS14254773	ERP142629	PRJEB57633	Escherichia coli		OXFORD_NANOPORE	GridION	88145537.0	10480.0	WGS	GENOMIC	SINGLE	Raw reads: ONT_30224_1#173
SRR32729587	SRX28016031	SRS24377851	SRP570798	PRJNA1236865	Escherichia coli	TUM22767	OXFORD_NANOPORE	MinION	604614114.0	78832.0	WGS	GENOMIC	SINGLE	"=""ONT sequencing using ""&[1]SRA_data!$J$2&"" of ""&[1]SRA_data!B11"
SRR18681706	SRX14782791	SRS12539504	SRP368114	PRJNA824420	Escherichia coli	GD02919_ECOL_HY_34	OXFORD_NANOPORE	MinION	316689430.0	41820.0	WGS	GENOMIC	SINGLE	Long-read sequencing of Escherichia coli: isolate #34 urine
SRR21629969	SRX17630946	SRS14987345	SRP354045	PRJNA747871	Streptomyces sp. NBC_00377	NBC_00377	OXFORD_NANOPORE	MinION	274582173.0	63728.0	WGS	GENOMIC	SINGLE	nanopore sequencing data from strain NBC_00377
SRR36491333	SRX31512780	SRS27492402	SRP656131	PRJNA1387419	Bacillus cereus ATCC 14579	D523	OXFORD_NANOPORE	GridION	326791884.0	68659.0	WGS	GENOMIC	SINGLE	WGS of Bacillus cereus Strain ATCC14625
ERR10498923	ERX10016212	ERS14256051	ERP142629	PRJEB57633	Escherichia coli		OXFORD_NANOPORE	GridION	36649250.0	10233.0	WGS	GENOMIC	SINGLE	Raw reads: ONT_30602_2#50
SRR9722591	SRX6480176	SRS5130282	SRP215816	PRJNA470993	Staphylococcus aureus	ER01881.3	PACBIO_SMRT	PacBio RS II	1029445963.0	156224.0	WGS	GENOMIC	SINGLE	WGS of Staphylococcus aureus
SRR10071358	SRX6804891	SRS5349801	SRP220446	PRJNA548643	Cylindrospermopsis raciborskii GIHE 2018	GIHE 2018	PACBIO_SMRT	PacBio RS II	665861045.0	54494.0	WGS	GENOMIC	SINGLE	GIHE 2018
SRR353455	SRX101296	SRS259598	SRP008034	PRJNA68215	Escherichia coli O104:H4 str. 11-3677	11-3677	PACBIO_SMRT	PacBio RS	87211295.0	81741.0	WGS	GENOMIC	SINGLE	Genome Sequencing and Assembly of E. coli O104:H4 strains
SRR34973262	SRX30092551	SRS26157605	SRP608514	PRJNA1305037	Enterobacter hormaechei	MI_KPC_648	OXFORD_NANOPORE	PromethION	500001421.0	67403.0	WGS	GENOMIC	SINGLE	KPC CRE collection from state of Michigan
DRR723595	DRX703616	DRS495740	DRP013760	PRJDB20694	Lutaonella thermophila	JCM 15069	PACBIO_SMRT	Revio	49348267.0	3100.0	WGS	GENOMIC	SINGLE	Revio sequencing of SAMD01611122
SRR3710051	SRX1870077	SRS1520658	SRP076913	PRJNA242614	Salmonella enterica subsp. enterica serovar Infantis	CVM44454	PACBIO_SMRT	PacBio RS II	1357626246.0	163482.0	WGS	GENOMIC	PAIRED	WGS of Salmonella enterica Infantis: 2014 CDC clinical (pacbio): Sample CVM 44454
SRR787487	SRX252697	SRS401435	SRP019218	PRJNA188139	Vibrio cholerae	2011EL-2322	PACBIO_SMRT	PacBio RS	117744560.0	81741.0	WGS	GENOMIC	SINGLE	2011EL-2322
SRR30107250	SRX25580092	SRS22231199	SRP486766	PRJNA1070447	Streptococcus pyogenes	Isolate 11	OXFORD_NANOPORE	GridION	74664849.0	8030.0	WGS	GENOMIC	SINGLE	WGS of Streptococcus pyogenes isolate  11
SRR25467205	SRX21199720	SRS18458353	SRP452337	PRJNA1000618	Escherichia coli	Escherichia coli BL21(DE3)	OXFORD_NANOPORE	MinION	9675227.0	4000.0	WGS	GENOMIC	SINGLE	CASTVK transposition with different condition
SRR12825303	SRX9292944	SRS7519357	SRP287373	PRJNA669139	Campylobacter jejuni	R4B202	OXFORD_NANOPORE	MinION	340016499.0	15061.0	WGS	GENOMIC	SINGLE	WGS of Campylobacter jejuni
ERR9030404	ERX8573814	ERS10792330	ERP133548	PRJEB49093	Mycobacterium tuberculosis	Lineage 4.2.2.1	OXFORD_NANOPORE	GridION	312715752.0	572821.0	WGS	GENOMIC	SINGLE	GridION sequencing; Raw reads: 18_0622057-nanopore
SRR15989303	SRX12277564	SRS9998469	SRP357537	PRJNA801416	Klebsiella pneumoniae	1304	OXFORD_NANOPORE	GridION	1020789510.0	99646.0	WGS	GENOMIC	SINGLE	Whole Genome Sequencing of Carbapenemase-producing Enterobacterales (CPE)
SRR26134220	SRX21847529	SRS18945065	SRP462476	PRJNA993145	Staphylococcus aureus	ST352	OXFORD_NANOPORE	GridION	358029129.0	92175.0	WGS	GENOMIC	SINGLE	WGS of S. aureus: Ruminant mastitis isolate
SRR16261114	SRX12540707	SRS10499711	SRP340581	PRJNA751539	Roseovarius sp. SCSIO 43702	SCSIO 43702	PACBIO_SMRT	PacBio RS II	1512767374.0	189071.0	WGS	GENOMIC	PAIRED	genomic row read
ERR5295523	ERX5085148	ERS5649921	ERP126298	PRJEB42440	Klebsiella pneumoniae		OXFORD_NANOPORE	GridION	520539336.0	61781.0	WGS	GENOMIC	SINGLE	GridION sequencing
SRR6976383	SRX3917997	SRS3153082	SRP139211	PRJNA442010	Acidovorax sp. 76	76	PACBIO_SMRT	PacBio RS II	480559453.0	177403.0	WGS	GENOMIC	SINGLE	Acidovorax sp. 76
SRR18189666	SRX14336562	SRS12151171	SRP362121	PRJNA810352	Lactobacillus	Lactobacillus acidophilus	PACBIO_SMRT	Sequel II	4472905931.0	533696.0	WGS	GENOMIC	PAIRED	Complete Genome Sequence of Lactobacillus acidophilus LA-10A
DRR667228	DRX647330	DRS457028	DRP012869	PRJDB20344	Marinitoga okinawensis	JCM 13303	OXFORD_NANOPORE	MinION	137522291.0	68768.0	WGS	GENOMIC	SINGLE	MinION sequencing of SAMD00887332
ERR2580784	ERX2597849	ERS2016140	ERP005928	PRJEB6403	Kocuria varians		PACBIO_SMRT	PacBio RS	2167845195.0	163482.0	WGS	GENOMIC	SINGLE	PacBio RS sequencing
DRR523863	DRX507749	DRS356590	DRP011002	PRJDB17252	Pseudomonas sp. FFPRI_1	FFPRI_1	OXFORD_NANOPORE	GridION	1400308355.0	357211.0	WGS	GENOMIC	SINGLE	GridION sequencing of SAMD00729876
SRR4407712	SRX2234087	SRS1735163	SRP091285	PRJNA345703	Salegentibacter salegens	ACAM 48	PACBIO_SMRT	PacBio RS	665949090.0	189575.0	WGS	GENOMIC	SINGLE	Salegentibacter salegens ACAM 48
SRR23384700	SRX19322962	SRS16720984	SRP421698	PRJNA924056	Escherichia coli	CPO023	OXFORD_NANOPORE	MinION	1021157726.0	56648.0	WGS	GENOMIC	SINGLE	WGS of bacterial isolate possessing blaIMP-4 carbapenemase
SRR29386760	SRX24900836	SRS18075285	SRP074197	PRJNA288601	Enterobacter hormaechei	2023HL-00448	OXFORD_NANOPORE	GridION	215130605.0	48627.0	WGS	GENOMIC	SINGLE	ONT sequencing of 2023HL-00448
SRR4097763	SRX2066616	SRS1657856	SRP083542	PRJNA294254	Pseudomonas aeruginosa	PA_D25	PACBIO_SMRT	PacBio RS II	294165369.0	27810.0	WGS	GENOMIC	SINGLE	Pseudomonas aeruginosa clinical isolate from ventilator-associated pneumonia patient PA_D25
SRR35543505	SRX30618401	SRS26643271	SRP624295	PRJNA1293949	Comamonas sp. DB36	DB36	OXFORD_NANOPORE	MinION	284536057.0	30584.0	WGS	GENOMIC	SINGLE	Genome sequence of Comamonas sp. nov. strain DB36
ERR572508	ERX531278	ERS518591	ERP006574	PRJEB6910	Methylacidiphilum fumariolicum SolV		PACBIO_SMRT	PacBio RS	280699460.0	162938.0	WGS	GENOMIC	SINGLE	PacBio RS sequencing
SRR12395222	SRX8893675	SRS7152697	SRP276100	PRJNA650381	Mycobacterium tuberculosis		OXFORD_NANOPORE	MinION	847194286.0	640991.0	WGS	GENOMIC	SINGLE	Nanopore TB WGS
ERR15699619	ERX15103855	ERS26986971	ERP182011	PRJEB100555	Scytonema millei		OXFORD_NANOPORE	MinION	2503581215.0	874074.0	WGS	GENOMIC	SINGLE	Oxford Nanopore long read sequencing of  Scytonema millei VB511283_2
ERR1254195	ERX1325804	ERS945405	ERP010683	PRJEB9562	Salmonella sp.		PACBIO_SMRT	PacBio RS	1383777873.0	163482.0	WGS	GENOMIC	SINGLE	PacBio RS sequencing
SRR31599335	SRX26964348	SRS23434058	SRP549287	PRJNA1185485	Escherichia coli	248	OXFORD_NANOPORE	PromethION	1234412436.0	315967.0	WGS	GENOMIC	SINGLE	Kleb-3R-barcode87
SRR32164071	SRX27509546	SRS23928381	SRP560556	PRJNA1147241	Pseudomonas sp. Pseusp18	CT11-18	OXFORD_NANOPORE	MinION	164983694.0	46801.0	WGS	GENOMIC	SINGLE	wheat associated bacteria:Pseudomonas sp.
SRR27033717	SRX22725480	SRS19714557	SRP475574	PRJNA1047486	Bordetella avium	HAMBI_2160	PACBIO_SMRT	Sequel IIe	714950211.0	63167.0	WGS	GENOMIC	SINGLE	Whole genome sequencing of Bordetella avium HAMBI_2160; long read
SRR22752059	SRX18713087	SRS16154674	SRP413271	PRJNA912686	Escherichia coli	K-12 MG1655 (PFM-2)	OXFORD_NANOPORE	MinION	17235008.0	4000.0	WGS	GENOMIC	SINGLE	PCR-Free Nanopore Sequencing of E.coli clone
ERR10499574	ERX10016856	ERS14256811			Escherichia coli		OXFORD_NANOPORE	GridION	285006387.0	30633.0	WGS	GENOMIC	SINGLE	GridION sequencing; Raw reads: ONT_30348_1#66
ERR1749760	ERX1818940	ERS1457008	ERP005928	PRJEB6403	Escherichia marmotae	NCTC11133	PACBIO_SMRT	PacBio RS	1330064043.0	163482.0	WGS	GENOMIC	SINGLE	PacBio RS sequencing
SRR28445626	SRX24049275	SRS20840578	SRP497734	PRJNA1077798	Alteromonas gracilis	J4	OXFORD_NANOPORE	MinION	2645880.0	1000.0	WGS	GENOMIC	SINGLE	Alteromonas gracilis strain J4, whole genome Nanopore Sequencing
SRR287772	SRX078301	SRS212386	SRP007207	PRJNA68253	Escherichia coli		PACBIO_SMRT	PacBio RS	209560373.0	81741.0	WGS	GENOMIC	SINGLE	Whole Genome Sequencing for C682-09
ERR10498565	ERX10015854	ERS14255292	ERP142629	PRJEB57633	Escherichia coli		OXFORD_NANOPORE	GridION	65503130.0	12280.0	WGS	GENOMIC	SINGLE	Raw reads: ONT_30348_2#346
SRR37184071	SRX32121786	SRS28054746	SRP676055	PRJNA1405938	Klebsiella pneumoniae	2024005244	OXFORD_NANOPORE	MinION	862281453.0	88462.0	WGS	GENOMIC	SINGLE	Hypervirulence-associated genes in Klebsiella pneumoniae
SRR29316521	SRX24833622	SRS21545454	SRP512379	PRJNA1121190	Vibrio cholerae	146Vc04	OXFORD_NANOPORE	PromethION	399106514.0	47839.0	WGS	GENOMIC	SINGLE	WGS of Vcholerae isolates
ERR10498486	ERX10015775	ERS14255743	ERP142629	PRJEB57633	Escherichia coli		OXFORD_NANOPORE	GridION	71523887.0	9426.0	WGS	GENOMIC	SINGLE	Raw reads: ONT_30348_1#363
SRR29446937	SRX24959271	SRS21662919	SRP462793	PRJNA1020275	Providencia stuartii	RIVM_C051024	OXFORD_NANOPORE	GridION	121520704.0	31667.0	WGS	GENOMIC	SINGLE	RIVM_C051024
SRR37184073	SRX32121784	SRS28054744	SRP676055	PRJNA1405938	Klebsiella pneumoniae	2024005181	OXFORD_NANOPORE	MinION	522475420.0	56864.0	WGS	GENOMIC	SINGLE	Hypervirulence-associated genes in Klebsiella pneumoniae
ERR14294268	ERX13695366	ERS23161493	ERP163718	PRJEB79567	Salmonella enterica subsp. enterica serovar Enteritidis		OXFORD_NANOPORE	PromethION	446116276.0	132000.0	WGS	GENOMIC	SINGLE	Raw reads: SE232_L
SRR19894727	SRX15937816	SRS13625004	SRP384109	PRJNA853901	Bordetella pertussis	Bp-800127-19	OXFORD_NANOPORE	MinION	499446463.0	55242.0	WGS	GENOMIC	SINGLE	Whole genome sequencing of Bordetella pertussis with Nanopore Q20 kit
DRR546153	DRX529931	DRS378499	DRP011548	PRJDB17993	Clostridioides difficile	ATCC 43600	PACBIO_SMRT	Sequel IIe	400447519.0	50969.0	WGS	GENOMIC	SINGLE	Sequel IIe sequencing of SAMD00770387
SRR33768751	SRX28991327	SRS22396729	SRP444583	PRJNA962904	Escherichia coli		PACBIO_SMRT	Sequel II	366794444.0	20165.0	WGS	GENOMIC	SINGLE	PacBio sequencing of AH0124HE2 for ARCH 2
ERR10499284	ERX10016570	ERS14256201	ERP142629	PRJEB57633	Escherichia coli		OXFORD_NANOPORE	GridION	144726610.0	22024.0	WGS	GENOMIC	SINGLE	Raw reads: ONT_31663_7#161
SRR6985659	SRX3925524	SRS1872082	SRP133836	PRJNA316321	Pseudomonas aeruginosa	AR_0241	PACBIO_SMRT	PacBio RS	1972217472.0	163482.0	WGS	GENOMIC	SINGLE	
SRR13192516	SRX9626943	SRS7827983	SRP295672	PRJNA681856	Salmonella enterica	LHICA_E1	OXFORD_NANOPORE	MinION	15977080.0	4000.0	WGS	GENOMIC	SINGLE	WGS of Salmonella enterica Lhica E58
SRR36885978	SRX31857712	SRS27814261	SRP664490	PRJNA1399416	Pseudomonas amygdali pv. morsprunorum	Pam_AJ_103-A8	OXFORD_NANOPORE	PromethION	10298478133.0	1595594.0	WGS	GENOMIC	SINGLE	Genomic DNA sequencing reads
SRR12011646	SRX8544374	SRS6688708	SRP262563	PRJNA633476	Vibrio cholerae	SO5Y	PACBIO_SMRT	PacBio RS II	1293893625.0	163482.0	WGS	GENOMIC	SINGLE	SO5Y
SRR28879917	SRX24438754	SRS21193067	SRP505483	PRJNA1107358	Shewanella woodyi	bronzewhaler_shark_1	OXFORD_NANOPORE	MinION	549273244.0	150080.0	WGS	GENOMIC	SINGLE	WGS of shark bacterial isolates
SRR516863	SRX148633	SRS281882	SRP013241	PRJNA73829	Vibrio cholerae		PACBIO_SMRT	PacBio RS	110964377.0	60667.0	WGS	GENOMIC	SINGLE	Whole Genome Sequencing of Haitian Vibrio cholerae: Continuous Long Read (CLR) data
SRR31647098	SRX27010144	SRS23474493	SRP550213	PRJNA1193534	Staphylococcus aureus	p42181	OXFORD_NANOPORE	GridION	617690.0	201.0	WGS	GENOMIC	SINGLE	Genomic Analysis of Plasmids in Animal-Associated Staphylococcus aureus
SRR35071029	SRX30184992	SRS26245001	SRP610420	PRJNA1308807	Escherichia coli	Ec_207	OXFORD_NANOPORE	MinION	445021039.0	48997.0	WGS	GENOMIC	SINGLE	Oxford Nanopore sequences of an isolated E. coli strain from wastewater
SRR21415793	SRX17420087	SRS14917004	SRP361569	PRJNA768416	Paenibacillus sp. FSL M7-1455	FSL M7-1455	OXFORD_NANOPORE	MinION	1770091667.0	468256.0	WGS	GENOMIC	SINGLE	WGS of Bacilli
SRR18762318	SRX14861745	SRS12616233	SRP370329	PRJNA821229	Mediterraneibacter gnavus	S107-48	PACBIO_SMRT	Sequel	3599138008.0	1082824.0	WGS	GENOMIC	SINGLE	[Ruminococcus] gnavus isolate S107-48
SRR27187003	SRX22867185	SRS19841357	SRP477592	PRJNA1051574	Escherichia coli	N3_118	OXFORD_NANOPORE	MinION	1297646377.0	151676.0	WGS	GENOMIC	SINGLE	whole genome sequencing of E. coli isolated from the chicken gut
SRR28037810	SRX23689265	SRS19594641	SRP473070	PRJNA992063	Lactobacillus acidophilus	ATCC 9224	PACBIO_SMRT	PacBio RS II	538505779.0	281345.0	WGS	GENOMIC	SINGLE	Complete Genome Sequence of Probiotic Lactobacillus acidophilus isolated from sour milk
SRR30149554	SRX25617079	SRS3052366	SRP518730	PRJNA1133668	Citrobacter freundii	NR0212	OXFORD_NANOPORE	MinION	265020322.0	35733.0	WGS	GENOMIC	SINGLE	Nanopore sequencing of clinical CRE isolates: human
SRR4063118	SRX2052170	ERS1255037	SRP082760	PRJNA303210	Rhizobium sp. 9140	9140	PACBIO_SMRT	PacBio RS	163160711.0	53710.0	WGS	GENOMIC	SINGLE	Rhizobium sp. 9140
ERR2532430	ERX2550851	ERS2419425	ERP005928	PRJEB6403	Veillonella caviae		PACBIO_SMRT	PacBio RS	1727688385.0	163482.0	WGS	GENOMIC	SINGLE	PacBio RS sequencing
SRR27352666	SRX23029102	SRS19990986	SRP480168	PRJNA1057299	Clostridioides difficile	cd221221_barcode07	OXFORD_NANOPORE	MinION	294052945.0	151293.0	WGS	GENOMIC	SINGLE	Clostridioides difficile strain cd221221_barcode07
SRR12298983	SRX8802230	SRS6792660	SRP266402	PRJNA605147	Escherichia coli	RHB08-C02	PACBIO_SMRT	PacBio RS II	1288771265.0	162685.0	WGS	GENOMIC	SINGLE	PACBIO_SMRT sequencing of Escherichia coli isolate RH06|T1-C02 cultured from Cattle faeces sample
SRR14196830	SRX10563650	SRS8670071	SRP314211	PRJNA720906	Mycobacterium tuberculosis complex sp.	missing	OXFORD_NANOPORE	MinION	513539084.0	252169.0	WGS	GENOMIC	SINGLE	Whole-genome long-read sequencing of M. tuberculosis
SRR34436409	SRX29597513	SRS17592074	SRP598841	PRJNA1287288	Enterobacter hormaechei	CPO447	OXFORD_NANOPORE	MinION	591064837.0	98828.0	WGS	GENOMIC	SINGLE	R10.4.1 WGS of bacterial isolate for accuracy benchmarking
SRR14852514	SRX11171064	SRS9229305	SRP324476	PRJNA738868	Acinetobacter baumannii	DETAB-E351	OXFORD_NANOPORE	MinION	265073750.0	28373.0	WGS	GENOMIC	SINGLE	Nanopore WGS of A. baumannii DETAB-E350
SRR387097	SRX109897	SRS281278	SRP001087	PRJNA40075	Escherichia coli str. K-12 substr. MG1655	K-12	PACBIO_SMRT	PacBio RS	40460088.0	81741.0	WGS	GENOMIC	SINGLE	Whole Genome Sequencing and Assembly
ERR1857504	ERX1919187	ERS1444012	ERP013866	PRJEB12392	Salmonella enterica subsp. enterica serovar Typhi		PACBIO_SMRT	PacBio RS	2114072591.0	163482.0	WGS	GENOMIC	SINGLE	PacBio RS sequencing
SRR29778961	SRX25278919	SRS21698297	SRP418402	PRJNA925803	Streptococcus dysgalactiae subsp. equisimilis	MGCS35987	OXFORD_NANOPORE	GridION	331533964.0	182839.0	WGS	GENOMIC	SINGLE	WGS of Streptococcus dysgalactiae subsp. equisimilis
SRR26524999	SRX22228481	SRS19283448	SRP250705	PRJNA607328	Arabidopsis thaliana		OXFORD_NANOPORE	MinION	15049562977.0	1551628.0	WGS	GENOMIC	SINGLE	Arabidopsis thaliana FELIX_MS621 Nanopore
SRR12298740	SRX8801837	SRS6792371	SRP266402	PRJNA605147	Escherichia coli	RHB29-C22	OXFORD_NANOPORE	GridION	883920804.0	161241.0	WGS	GENOMIC	SINGLE	OXFORD_NANOPORE sequencing of Escherichia coli isolate RH11|T3-C22 cultured from Sheep faeces sample
SRR21541322	SRX17543619	SRS12514086	SRP367713	PRJNA823737	Ralstonia solanacearum	missing	OXFORD_NANOPORE	MinION	41127768.0	16086.0	WGS	GENOMIC	SINGLE	Whole genome sequencing of Ralstonia solanacearum
SRR19820494	SRX15864427	SRS13526030	SRP361569	PRJNA768416	Weizmannia sp. FSL K6-3076	FSL K6-3076	OXFORD_NANOPORE	MinION	201428793.0	101063.0	WGS	GENOMIC	SINGLE	WGS of Bacilli
ERR15606599	ERX15009744	ERS26887943	ERP171481	PRJEB88388	Novosphingobium sp. R-89996	R-89996	OXFORD_NANOPORE	MinION	822491074.0	461631.0	WGS	GENOMIC	SINGLE	Raw reads: Novosphingobium sp. R-89996
SRR33769128	SRX28991641	SRS22455802	SRP444583	PRJNA962904	Escherichia coli		PACBIO_SMRT	Sequel II	181365911.0	10299.0	WGS	GENOMIC	SINGLE	PacBio sequencing of AH0396HE2 for ARCH 2
SRR31598864	SRX26963622	SRS23433334	SRP549287	PRJNA1185485	Escherichia coli	187	OXFORD_NANOPORE	PromethION	2040629730.0	392855.0	WGS	GENOMIC	SINGLE	Kleb-3R-barcode09
ERR10497993	ERX10015282	ERS14254303	ERP142629	PRJEB57633	Escherichia coli		OXFORD_NANOPORE	GridION	204369460.0	31268.0	WGS	GENOMIC	SINGLE	Raw reads: ONT_30348_1#14
ERR10163270	ERX9699858	ERS13423715	ERP140710	PRJEB55790	Apilactobacillus kunkeei	G0103	PACBIO_SMRT	Sequel	630295908.0	110482.0	WGS	GENOMIC	SINGLE	Sequel sequencing; Raw reads: G0103
SRR7134921	SRX4055794	SRS3272743	SRP144999	PRJNA439565	Microbacterium ginsengiterrae	ZKA15	PACBIO_SMRT	PacBio RS II	467534106.0	97818.0	WGS	GENOMIC	SINGLE	Microbacterium ginsengiterrae ZKA15
SRR21696335	SRX17693930	SRS11554657	SRP354045	PRJNA747871	Streptomyces avidinii	NBC_00832	OXFORD_NANOPORE	MinION	233291187.0	36172.0	WGS	GENOMIC	SINGLE	nanopore sequencing data from strain NBC_00832
ERR16064454	ERX15454636	ERS28397589	ERP173262	PRJEB90249	Campylobacter jejuni		OXFORD_NANOPORE	GridION	447454270.0	165157.0	WGS	GENOMIC	SINGLE	GridION sequencing
ERR15880309	ERX15277262	ERS26933717	ERP180772	PRJEB98371	Listeria monocytogenes		OXFORD_NANOPORE	MinION	22148343.0	1891.0	WGS	GENOMIC	SINGLE	Raw reads: sample_088_nanopore_11
ERR9669040	ERX9218265	ERS9873869	ERP134564	PRJEB50014	Streptococcus pneumoniae	16F-HUB-10877	OXFORD_NANOPORE	MinION	478545449.0	101900.0	WGS	GENOMIC	SINGLE	MinION sequencing
SRR23473175	SRX19376204	SRS9554757	SRP074197	PRJNA288601	Pseudomonas aeruginosa	2021CK-01112	OXFORD_NANOPORE	GridION	66006995.0	55701.0	WGS	GENOMIC	SINGLE	Nanopore sequencing of ARLN isolate
SRR25457338	SRX21190137	SRS18449632	SRP452165	PRJNA1000181	Campylobacter coli		OXFORD_NANOPORE	MinION	1301311643.0	183205.0	WGS	GENOMIC	SINGLE	WGS of Campylobacter coli: Swine feces
SRR29385048	SRX24899143	SRS21605400	SRP513645	PRJNA1123439	Klebsiella pneumoniae	Klebsiella pneumoiae	OXFORD_NANOPORE	GridION	134873.0	1.0	WGS	GENOMIC	SINGLE	Adult male faeses
SRR21563390	SRX17565784	SRS14987436	SRP354045	PRJNA747871	Streptomyces scopuliridis	NBC 01770	OXFORD_NANOPORE	MinION	726318886.0	49391.0	WGS	GENOMIC	SINGLE	nanopore sequencing data from strain NBC_01770
SRR36095971	SRX31141483	SRS27128447	SRP291668	PRJNA675431	Klebsiella pneumoniae		OXFORD_NANOPORE	PromethION	359460265.0	91997.0	WGS	GENOMIC	SINGLE	WGS of Klebsiella pneumoniae
ERR1411897	ERX1482686	ERS1153932	ERP015561	PRJEB13975	Staphylococcus epidermidis		PACBIO_SMRT	PacBio RS			WGS	GENOMIC	SINGLE	PacBio RS sequencing
ERR5353222	ERX5141257	ERS5752955	ERP126298	PRJEB42440	Escherichia coli		OXFORD_NANOPORE	GridION	427345973.0	98894.0	WGS	GENOMIC	SINGLE	GridION sequencing
SRR35513822	SRX30589542	SRS26617969	SRP620300	PRJNA1328464	Escherichia coli	GPT22-004	OXFORD_NANOPORE	GridION	229705917.0	45244.0	WGS	GENOMIC	SINGLE	Escherichia coli, MCB kit, replicate 3, sequence replicate 2
SRR4061934	SRX2050987	SRS1643394	SRP082751	PRJNA247911	Luteibacter sp. 9135	9135	PACBIO_SMRT	PacBio RS	246283490.0	68099.0	WGS	GENOMIC	SINGLE	Luteibacter sp. 9135
SRR35147143	SRX30252774	SRS12567248	SRP369314	PRJNA696472	Rhizobium leguminosarum	USDA 7018	PACBIO_SMRT	Sequel II	437617269.0	40313.0	WGS	GENOMIC	SINGLE	Rhizobium leguminosarum bv. trifolii USDA 7018
SRR14628214	SRX10968959	SRS9046500	SRP321015	PRJNA731114	Pseudomonas aeruginosa	PaLo527	OXFORD_NANOPORE	MinION	438100201.0	85077.0	WGS	GENOMIC	SINGLE	Nanopore sequencing of Pseudomonas aeruginosa isolates
SRR35233894	SRX30337115	SRS26381190	SRP291668	PRJNA675431	Klebsiella pneumoniae	KP1834	OXFORD_NANOPORE	PromethION	729462767.0	229080.0	WGS	GENOMIC	SINGLE	WGS of Klebsiella pneumoniae
SRR31599191	SRX26963893	SRS23433604	SRP549287	PRJNA1185485	Escherichia coli	233	OXFORD_NANOPORE	PromethION	1342323181.0	245370.0	WGS	GENOMIC	SINGLE	Kleb-3R-barcode62
SRR30949826	SRX26352262	SRS22817251	SRP536567	PRJNA1165464	Escherichia coli	Not applicable	OXFORD_NANOPORE	MinION	582004056.0	139670.0	WGS	GENOMIC	SINGLE	Nanopore sequencing of E.coli: blood isolate
DRR667244	DRX647346	DRS457062	DRP012869	PRJDB20344	Methylosoma difficile	JCM 14076	OXFORD_NANOPORE	MinION	84572307.0	29292.0	WGS	GENOMIC	SINGLE	MinION sequencing of SAMD00887366
ERR12670837	ERX12044969	ERS18300003	ERP149678	PRJEB64503	Haemophilus parainfluenzae ATCC 33392	HUB-HP16290	OXFORD_NANOPORE	MinION	102669521.0	8021.0	WGS	GENOMIC	SINGLE	MinION sequencing
SRR25793423	SRX21515686	SRS1927431	SRP457515	PRJNA1010762	Bacillus cereus	FSL M8-0139	OXFORD_NANOPORE	MinION	1724594526.0	340404.0	WGS	GENOMIC	SINGLE	whole-genome sequencing of Bacillus cereus
SRR34895943	SRX30026100	SRS26071986	SRP606505	PRJNA1301564	Enterobacter cloacae	SMC2007-108	PACBIO_SMRT	Revio	1240392488.0	153785.0	WGS	GENOMIC	SINGLE	WGS of Enterobacter cloacae: Ertapenem-Mono-Resistant
SRR35115819	SRX30224652	SRS26278728	SRP612217	PRJNA1307276	Escherichia coli	ESBLEC_HM24	OXFORD_NANOPORE	MinION	247840153.0	70105.0	WGS	GENOMIC	SINGLE	Nanopore DNA-Seq of ESBL-producing E.coli (ESBLEC) HM24
SRR36035060	SRX31084186	SRS27072670	SRP644837	PRJNA1364846	Staphylococcus hominis	SHOMINIS	OXFORD_NANOPORE	GridION	172784299.0	39288.0	WGS	GENOMIC	SINGLE	Staphylococcus faecalis, DBT kit, 12-plex and 100 ng DNA, replicate 3
SRR30655735	SRX26075829	SRS23699717	SRP555365	PRJNA1206708	Yersinia similis	DSM18211_Rep3	OXFORD_NANOPORE	GridION	8888916597.0	4564041.0	WGS	GENOMIC	SINGLE	Nanopore reproducibility
ERR11749507	ERX11148839	ERS15539374	ERP147189	PRJEB62104	Escherichia coli		OXFORD_NANOPORE	MinION	1638047492.0	540835.0	WGS	GENOMIC	SINGLE	MinION sequencing
SRR27180069	SRX22860407	SRS19835777	SRP477403	PRJNA1049513	Vibrio sp. PBL-C16	PBL-C16	OXFORD_NANOPORE	MinION	15177101.0	3971.0	WGS	GENOMIC	SINGLE	Vibrio sp. PBL-C16 Genome sequencing and assembly
SRR30149563	SRX25617504	SRS3052405	SRP518730	PRJNA1133668	Klebsiella pneumoniae	392	OXFORD_NANOPORE	MinION	450908079.0	59677.0	WGS	GENOMIC	SINGLE	Nanopore sequencing of clinical CRE isolates: human
DRR704749	DRX684782	DRS487168	DRP013557	PRJDB18009	Escherichia coli	K10101	OXFORD_NANOPORE	MinION	1126664105.0	86687.0	WGS	GENOMIC	SINGLE	MinION sequencing of SAMD00771143
SRR31069492	SRX26453109	SRS22968630	SRP540104	PRJNA1175898	Pasteurella multocida	103220	OXFORD_NANOPORE	MinION	2982351879.0	379518.0	WGS	GENOMIC	SINGLE	Nanopore whole genome sequencing of Pasteurella multocida
SRR11454655	SRX8032253	SRS6404564	SRP254699	PRJNA616443	Acinetobacter seohaensis	GX7	OXFORD_NANOPORE	PromethION	3020299.0	2.0	WGS	GENOMIC	SINGLE	DNA-seq of Acinetobacter towneri : swine feces
SRR24564529	SRX20348167	SRS17663348	SRP437723	PRJNA944190	Enterococcus faecalis	EfsPF18	OXFORD_NANOPORE	MinION	269972043.0	96489.0	WGS	GENOMIC	SINGLE	ONT MinION Reads of Enterococcus faecalis EfsPF18
SRR12280525	SRX8784190	SRS7052978	SRP272861	PRJNA646575	Bacteroides fragilis		OXFORD_NANOPORE	GridION	2477849242.0	276871.0	WGS	GENOMIC	SINGLE	WGS  of Bacteroides fragilis group clinical isolates
SRR25466944	SRX21199980	SRS18458351	SRP452337	PRJNA1000618	Escherichia coli	Escherichia coli BL21(DE3)	OXFORD_NANOPORE	MinION	13038735.0	4000.0	WGS	GENOMIC	SINGLE	CASTVK transposition with different condition
DRR252635	DRX242392	DRS052274	DRP003877	PRJDB5579	Escherichia coli	JML285	OXFORD_NANOPORE	MinION	2159582957.0	279902.0	WGS	GENOMIC	SINGLE	MinION sequencing of SAMD00077348
SRR16940897	SRX13132820	SRS11066471	SRP346006	PRJNA554638	Escherichia coli	ESBL6	OXFORD_NANOPORE	MinION	411161766.0	34426.0	WGS	GENOMIC	SINGLE	Nanopore of ESBL producing Escherichia coli
DRR493286	DRX477485	DRS205889	DRP007742	PRJDB10568	Serratia marcescens	QE31	OXFORD_NANOPORE	MinION	895756343.0	73385.0	WGS	GENOMIC	SINGLE	MinION sequencing of SAMD00247425
SRR36347828	SRX31378047	SRS27357563	SRP578399	PRJNA1250426	Klebsiella pneumoniae	missing	OXFORD_NANOPORE	GridION	208663016.0	79186.0	WGS	GENOMIC	SINGLE	WGS of Klebsiella pneumoniae: 4 days,  Male, Blood
SRR29516541	SRX25026844	SRS12174804	SRP395888	PRJNA812595	Klebsiella oxytoca	2022CK-00097	OXFORD_NANOPORE	GridION	820147293.0	121445.0	WGS	GENOMIC	SINGLE	Nanopore sequencing of ARLN isolate
SRR30949420	SRX26352064	SRS22817183	SRP536567	PRJNA1165464	Escherichia coli	Not applicable	OXFORD_NANOPORE	MinION	318343255.0	86541.0	WGS	GENOMIC	SINGLE	Nanopore sequencing of E.coli: blood isolate
SRR4386816	SRX2232521	SRS1687043	SRP088975	PRJNA334992	Rhodovulum sp. ES.010	ES.010	PACBIO_SMRT	PacBio RS	701778840.0	149351.0	WGS	GENOMIC	SINGLE	Rhodovulum sp. ES.010
SRR15361529	SRX11664018	SRS9696749	SRP331378	PRJNA752621	Amycolatopsis lurida	GA10-003	OXFORD_NANOPORE	MinION	162918462.0	12470.0	WGS	GENOMIC	SINGLE	GA10-003
SRR25741486	SRX21465018	SRS18699900	SRP456656	PRJNA983748	Staphylococcus aureus	ST398	OXFORD_NANOPORE	GridION	391765730.0	77007.0	WGS	GENOMIC	SINGLE	WGS of S. aureus: Human Nose
ERR12779846	ERX12153036	ERS18593800	ERP152744	PRJEB67737	Salmonella enterica subsp. enterica serovar Minnesota		OXFORD_NANOPORE	PromethION	415808670.0	264000.0	WGS	GENOMIC	SINGLE	Raw reads: K_005_L
SRR21472956	SRX17476840	SRS15030059	SRP396115	PRJNA868296	Aeromonas caviae	GD04082	OXFORD_NANOPORE	MinION	551833162.0	55804.0	WGS	GENOMIC	SINGLE	WGS of Aeromonas caviae
SRR5937954	SRX3097853	SRS2434288	SRP115554	PRJNA397630	Erwinia persicina	B64	PACBIO_SMRT	PacBio RS II	2247222503.0	163482.0	WGS	GENOMIC	SINGLE	WGS of Erwinia persicina KACC19353
SRR24062758	SRX19864117	SRS17220138	SRP430807	PRJNA952137	Staphylococcus aureus	MRSA-Mu50	OXFORD_NANOPORE	MinION	219536246.0	50793.0	WGS	GENOMIC	SINGLE	Long read Illumina sequencing of Staphylococcus aureus MRSA-Mu50
SRR30149439	SRX25617194	SRS21937421	SRP518730	PRJNA1133668	Klebsiella pneumoniae	ST258KP186	OXFORD_NANOPORE	MinION	453929603.0	39628.0	WGS	GENOMIC	SINGLE	Nanopore sequencing of clinical CRE isolates: human
SRR9974527	SRX6721768	SRS5274060	SRP216572	PRJNA556977	Bordetella pertussis	NZ54	OXFORD_NANOPORE	MinION	386134834.0	46347.0	WGS	GENOMIC	SINGLE	ONT sequencing of Bordetella pertussis NZ9
ERR9030378	ERX8573788	ERS10792304	ERP133548	PRJEB49093	Mycobacterium tuberculosis	Lineage 4.1.1.3	OXFORD_NANOPORE	MinION	661731383.0	166046.0	WGS	GENOMIC	SINGLE	MinION sequencing; Raw reads: R20896-nanopore
ERR2919754	ERX2922914	ERS2907696	ERP110210	PRJEB28046	Campylobacter jejuni subsp. jejuni NCTC 11168 = ATCC 700819		OXFORD_NANOPORE	MinION	395942199.0	59102.0	WGS	GENOMIC	SINGLE	MinION sequencing
SRR24511741	SRX20296206	SRS17622242	SRP437174	PRJNA957405	Agrobacterium sp. SORGH_AS_0745	SORGH_AS_0745	PACBIO_SMRT	Sequel IIe	1515566129.0	154487.0	WGS	GENOMIC	SINGLE	Agrobacterium sp. SORGH_AS 745
SRR30791218	SRX26192773	SRS22735278	SRP534624	PRJNA1161571	Burkholderia pseudomallei	Bp27	OXFORD_NANOPORE	MinION	749524899.0	113640.0	WGS	GENOMIC	SINGLE	Nanopore sequencing of B. pseudomallei
SRR20138945	SRX16174053	SRS13835857	SRP385218	PRJNA856428	Escherichia coli	Nanopore_W33	OXFORD_NANOPORE	PromethION	2457297404.0	257579.0	WGS	GENOMIC	SINGLE	Nanopore sequncing of Escherichia coli str. K12 substr. MG1655: MA line
ERR15741622	ERX15147344	ERS27100287	ERP171481	PRJEB88388	Bradyrhizobium sp. R-93116	R-93116	OXFORD_NANOPORE	MinION	1352501821.0	341941.0	WGS	GENOMIC	SINGLE	Raw reads: Bradyrhizobium sp. R-93116
SRR23384643	SRX19323018	SRS16721050	SRP421698	PRJNA924056	Klebsiella variicola	CPO112	OXFORD_NANOPORE	MinION	634165274.0	35770.0	WGS	GENOMIC	SINGLE	WGS of bacterial isolate possessing blaIMP-4 carbapenemase
SRR13957721	SRX10335956	SRS8455500	SRP300861	PRJNA663900	Enterococcus sp. MSG3285	MSG3285	OXFORD_NANOPORE	GridION	1324968493.0	173666.0	WGS	GENOMIC	SINGLE	sequencing of enterococcal diversity
SRR10211272	SRX6930972	SRS5461267	SRP191068	PRJNA528511	Escherichia coli	GTEN_329	OXFORD_NANOPORE	GridION	1696553200.0	392986.0	WGS	GENOMIC	SINGLE	Global TravEpiNet AMR surveillance Genome sequencing and assembly
ERR1432646	ERX1503024	ERS1080588	ERP005928	PRJEB6403	Bordetella parapertussis	NCTC10853	PACBIO_SMRT	PacBio RS	77661216.0	163482.0	WGS	GENOMIC	SINGLE	PacBio RS sequencing
SRR31303464	SRX26681607	SRS23174463	SRP544363	PRJNA1133929	Bordetella pertussis	YW38	PACBIO_SMRT	Sequel IIe	2413353472.0	180516.0	WGS	GENOMIC	PAIRED	Genome sequencing for Bordetella pertussis
SRR10768366	SRX7442284	SRS909602	SRP018785	PRJNA186035	Salmonella enterica subsp. enterica serovar Muenchen	CFSAN029871	PACBIO_SMRT	Sequel	1099131183.0	163751.0	WGS	GENOMIC	SINGLE	Whole genome PacBio Sequel sequence of Salmonella enterica
SRR31184568	SRX26567107	SRS23071559	SRP256141	PRJNA510384	Escherichia coli	not applicable	OXFORD_NANOPORE	MinION	611839523.0	120609.0	WGS	GENOMIC	SINGLE	EC-Cow-OK74078CY240189
SRR2047376	SRX1033785	SRS941311	SRP058356	PRJNA283315	Xanthomonas oryzae pv. oryzicola	CFBP7331	PACBIO_SMRT	PacBio RS II	243618796.0	163482.0	WGS	GENOMIC	SINGLE	Xanthomonas oryzae pv. oryzicola CFBP7331
SRR10340802	SRX7050862	SRS4180577	SRP226812	PRJNA541977	Klebsiella variicola	LEMB11	OXFORD_NANOPORE	GridION	448770558.0	26454.0	WGS	GENOMIC	SINGLE	Closed genomes of twenty-eight foodborne pathogens from the CFSAN verifcation set by a combination of long and short-reads
SRR31793430	SRX27154564	SRS23608912	SRP552990	PRJNA1201147	Legionella pneumophila	France (5811)	OXFORD_NANOPORE	PromethION	351247339.0	60715.0	WGS	GENOMIC	SINGLE	Resequencing of reference Legionella pneumophila strain using nanopore
ERR1883076	ERX1943577	ERS1497509	ERP005928	PRJEB6403	Odoribacter splanchnicus	NCTC10825	PACBIO_SMRT	PacBio RS	1200669890.0	163482.0	WGS	GENOMIC	SINGLE	PacBio RS sequencing
SRR35556633	SRX30631427	SRS4051344	SRP150360	PRJNA475751	Klebsiella pneumoniae	KLP00156	OXFORD_NANOPORE	MinION	156483965.0	53430.0	WGS	GENOMIC	SINGLE	WGS Sequencing of Klebsiella pneumoniae
SRR5460432	SRX2748445	SRS2134576	SRP104336	PRJNA370768	Flavobacteriaceae bacterium MAR_2009_75	Mar_2009_75	PACBIO_SMRT	PacBio RS	522243870.0	196932.0	WGS	GENOMIC	SINGLE	Flavobacteriaceae bacterium Mar_2009_75
SRR12298744	SRX8801833	SRS6792367	SRP266402	PRJNA605147	Escherichia coli	RHB29-C10	OXFORD_NANOPORE	GridION	424363982.0	119884.0	WGS	GENOMIC	SINGLE	OXFORD_NANOPORE sequencing of Escherichia coli isolate RH11|T3-C10 cultured from Sheep faeces sample
SRR21630116	SRX17630898	SRS14986996	SRP354045	PRJNA747871	Streptomyces sp. NBC_00358	NBC_00358	OXFORD_NANOPORE	MinION	111636680.0	40552.0	WGS	GENOMIC	SINGLE	nanopore sequencing data from strain NBC_00358
SRR22477939	SRX18443237	SRS15924438	SRP410805	PRJNA907156	Pseudomonas chlororaphis	YJY915	OXFORD_NANOPORE	PromethION	1832496069.0	320368.0	WGS	GENOMIC	SINGLE	Pseudomonas chlororaphis YQ07 genome nanopore reads
SRR386144	SRX109863	SRS002764	SRP001666	PRJNA32461	Coprobacillus cateniformis	D6	PACBIO_SMRT	PacBio RS	157062237.0	81741.0	WGS	GENOMIC	SINGLE	Whole Genome Sequencing and Assembly
SRR19417279	SRX15471613	SRS13200924	SRP377234	PRJNA842432	Bradyrhizobium sp. CCGB01	CCGB01	OXFORD_NANOPORE	MinION	634414723.0	79804.0	WGS	GENOMIC	SINGLE	CCGB01
SRR28445747	SRX24049154	SRS20840578	SRP497734	PRJNA1077798	Alteromonas gracilis	J4	OXFORD_NANOPORE	MinION	2537690.0	1000.0	WGS	GENOMIC	SINGLE	Alteromonas gracilis strain J4, whole genome Nanopore Sequencing
ERR2125750	ERX2182602	ERS1545392	ERP005928	PRJEB6403	Acinetobacter haemolyticus	NCTC10306	PACBIO_SMRT	PacBio RS	129687631.0	163482.0	WGS	GENOMIC	SINGLE	PacBio RS sequencing
SRR35136564	SRX30243311	SRS26296198	SRP612705	PRJNA678572	Oscillospiraceae bacterium CM	CM	OXFORD_NANOPORE	PromethION	718271294.0	78136.0	WGS	GENOMIC	SINGLE	A chloromethane-degrading anaerobe
SRR27972802	SRX23626363	SRS20465609	SRP489819	PRJNA1076692	Escherichia coli	RIVM_C055169_rerio	OXFORD_NANOPORE	MinION	511174623.0	114319.0	WGS	GENOMIC	SINGLE	RIVM_C055169_rerio
SRR30463434	SRX25888526	SRS22459534	SRP515179	PRJNA1126331	Actinomycetota bacterium		PACBIO_SMRT	Sequel II	2798982.0	1.0	WGS	GENOMIC	SINGLE	HiFi.Rittmann_complete.10064
DRR530113	DRX513986	DRS347633	DRP010947	PRJDB14951	Enterococcus faecium	JARB-OU2374	OXFORD_NANOPORE	GridION	149642919.0	12822.0	WGS	GENOMIC	SINGLE	GridION sequencing of SAMD00565588
SRR35513792	SRX30589572	SRS26617984	SRP620300	PRJNA1328464	Enterococcus faecalis	GPT22-006	OXFORD_NANOPORE	GridION	377260057.0	189212.0	WGS	GENOMIC	SINGLE	Enterococcus faecalis, MMM kit, replicate 2, sequence replicate 1
SRR22784957	SRX18744487	SRS16179702	SRP413484	PRJNA912639	Escherichia coli	EC_0731_2H1_D	OXFORD_NANOPORE	MinION	187214364.0	24070.0	WGS	GENOMIC	SINGLE	WGS of Escherichia coli
ERR13326691	ERX12697719	ERS20295422	ERP161282	PRJEB76791	Salmonella enterica subsp. enterica serovar Agona		OXFORD_NANOPORE	MinION	145897660.0	22112.0	WGS	GENOMIC	SINGLE	MinION sequencing
ERR2237824	ERX2289991	ERS1869826	ERP005928	PRJEB6403	Serratia quinivorans	NCTC13194	PACBIO_SMRT	PacBio RS	2065196223.0	163482.0	WGS	GENOMIC	SINGLE	PacBio RS sequencing
SRR22859879	SRX18818705	SRS16251835	SRP414408	PRJNA914892	Staphylococcus aureus	C245	OXFORD_NANOPORE	MinION	151097345.0	43608.0	WGS	GENOMIC	SINGLE	Long read ONT WGS of Staphylococcus aureus isolates from Chronic Rhinosinusitis Patients
SRR12395177	SRX8893720	SRS7152742	SRP276100	PRJNA650381	Mycobacterium tuberculosis variant bovis BCG		OXFORD_NANOPORE	MinION	626269794.0	441112.0	WGS	GENOMIC	SINGLE	Nanopore TB WGS
ERR2881354	ERX2886591	ERS525244	ERP006597	PRJEB6927	Burkholderia vietnamiensis	JW13	PACBIO_SMRT	PacBio RS	473454782.0	163482.0	WGS	GENOMIC	SINGLE	PacBio RS sequencing
SRR17248029	SRX13427036	SRS5405722	SRP222369	PRJNA565470	Sinorhizobium medicae	VMo03	PACBIO_SMRT	Sequel	1477734701.0	166624.0	WGS	GENOMIC	SINGLE	Genome sequencing of rhizobia from the Almaden mine
SRR16683342	SRX12883935	SRS10826582	SRP344087	PRJNA767613	Pectobacterium brasiliense	SR10	OXFORD_NANOPORE	GridION	3168810184.0	173470.0	WGS	GENOMIC	SINGLE	Whole genome of soft rot bacteria
SRR714499	SRX228371	SRS411280	SRP023490	PRJNA82527	Enterococcus faecium EnGen0376	EnGen0376	PACBIO_SMRT	PacBio RS	62936226.0	81741.0	WGS	GENOMIC	SINGLE	Pacbio whole genome shotgun sequencing of genomic DNA library 'LR_115_Efaecium' containing sample 'Pat2-2' from individual 'Enterococcus faecium Efm_NY2-2'
SRR21131510	SRX17143820	SRS14716480	SRP392938	PRJNA672949	Xylella fastidiosa subsp. fastidiosa	Bakersfield-11	OXFORD_NANOPORE	MinION			WGS	GENOMIC	SINGLE	Oxford Nanopore native genomic DNA of Xylella fastidiosa strain Bakersfield-11
SRR23612248	SRX19497098	SRS16886855	SRP424447	PRJNA938048	Campylobacter jejuni	BDS5	PACBIO_SMRT	PacBio RS II	1224545356.0	127542.0	WGS	GENOMIC	SINGLE	CampyGenome
SRR13181598	SRX9619644	SRS7821851	SRP040661	PRJNA231221	Haemophilus parahaemolyticus	FDAARGOS_1199	PACBIO_SMRT	Sequel	2005140992.0	255602.0	WGS	GENOMIC	SINGLE	
SRR34973587	SRX30092738	SRS26157732	SRP608514	PRJNA1305037	Enterobacter hormaechei	MI_KPC_70	OXFORD_NANOPORE	PromethION	500006020.0	89592.0	WGS	GENOMIC	SINGLE	KPC CRE collection from state of Michigan
SRR386688	SRX109829	SRS004883	SRP001079	PRJNA40077	Cereibacter sphaeroides 2.4.1	2.4.1	PACBIO_SMRT	PacBio RS	15869813.0	60667.0	WGS	GENOMIC	SINGLE	Whole Genome Sequencing and Assembly
ERR16122954	ERX15512516	ERS28503076	ERP187917	PRJEB106874	Staphylococcus aureus		OXFORD_NANOPORE	MinION			WGS	GENOMIC	SINGLE	MinION sequencing
ERR3255969	ERX3282738	ERS3342149	ERP114538	PRJEB31923	Vibrio parahaemolyticus		OXFORD_NANOPORE	MinION	750239793.0	690795.0	WGS	GENOMIC	SINGLE	MinION sequencing
ERR10741468	ERX10190772	ERS14394744	ERP143791	PRJEB58724	Klebsiella pneumoniae		OXFORD_NANOPORE	MinION	119267248.0	14257.0	WGS	GENOMIC	SINGLE	NIHR Nanopore Sequencing
SRR8723265	SRX5516496	SRS4483968	SRP188343	PRJNA526881	Escherichia coli	ETEC Jurua 20/10	PACBIO_SMRT	Sequel	257897905.0	69827.0	WGS	GENOMIC	SINGLE	Genomic sequencing of Enterotoxigenic E.coli (ETEC)
SRR36200462	SRX31237143	SRS27216472	SRP649104	PRJNA1367967	Klebsiella pneumoniae	06719B1	OXFORD_NANOPORE	PromethION	407249324.0	540295.0	WGS	GENOMIC	SINGLE	WGS of clinical Klebsiella pneumoniae from a referral hospital in Bansang, Gambia
DRR572353	DRX555820	DRS426372	DRP012251	PRJDB17574	Escherichia coli	YK-IS1MA-L02-1_G08	OXFORD_NANOPORE	MinION	63032.0	24.0	WGS	GENOMIC	SINGLE	nanopore-seq of SAMD00748189 L02-1_G8
SRR33600010	SRX28829546	SRS25061962	SRP585898	PRJNA1263016	Staphylococcus aureus	LAC	OXFORD_NANOPORE	MinION	883819019.0	149750.0	WGS	GENOMIC	SINGLE	WGS long read sequencing of MRSA
SRR26135191	SRX21848536	SRS18945794	SRP462492	PRJNA946810	Pseudomonas aeruginosa	Rectal_2_P9	OXFORD_NANOPORE	GridION	498754559.0	59933.0	WGS	GENOMIC	SINGLE	WGS of Pseudomonas aeruginosa from hospitalized patiens from Quito, Ecuador
ERR15423879	ERX14827823	ERS25261065	ERP176764	PRJEB93885	Klebsiella oxytoca		OXFORD_NANOPORE	PromethION	2072413428.0	398117.0	WGS	GENOMIC	SINGLE	Raw reads: run0_pilot_96_ont_AF29
SRR27755687	SRX23420765	SRS20275762	SRP151512	PRJNA478278	Salmonella enterica	R22.0060	OXFORD_NANOPORE	MinION	1029220687.0	404307.0	WGS	GENOMIC	SINGLE	WGS of Salmonella enterica
SRR12412643	SRX8908841	SRS7166247	SRP276659	PRJNA601875	Burkholderia multivorans	P1Bm2011a	OXFORD_NANOPORE	MinION	178000733.0	35918.0	WGS	GENOMIC	SINGLE	Hybrid sequencing of B. multivorans ST-742
SRR24978215	SRX20735147	SRS5172003	SRP216658	PRJNA557130	Staphylococcus epidermidis	08-02-6269	OXFORD_NANOPORE	MinION	173164222.0	25930.0	WGS	GENOMIC	SINGLE	WGS of Staphylococcus epidermis: comparison of hospital-associated genetic lineages
DRR439138	DRX424313	DRS361605	DRP011089	PRJDB15190	Escherichia coli	JARB-RN-0061	OXFORD_NANOPORE	GridION	775995106.0	78463.0	WGS	GENOMIC	SINGLE	GridION sequencing of SAMD00576249
ERR14747319	ERX14148595	ERS23812304	ERP170065	PRJEB86767	Morganella morganii		OXFORD_NANOPORE	MinION	415473755.0	93561.0	WGS	GENOMIC	SINGLE	EXP-28-1-2025-03-14_14-42-05
SRR26950799	SRX22644407	SRS19641537	SRP474291	PRJNA1043871	Bacillus sp. PBL-C9	PBL-C9	OXFORD_NANOPORE	MinION	18391.0	10.0	WGS	GENOMIC	SINGLE	Bacillus sp. PBL-C9 Genome sequencing and assembly
SRR22580991	SRX18544015	SRS15321963	SRP074197	PRJNA288601	Klebsiella variicola	2022CK-00502	OXFORD_NANOPORE	GridION	449962982.0	26842.0	WGS	GENOMIC	SINGLE	Nanopore sequencing of ARLN isolate
SRR13328091	SRX9755121	SRS7944831	SRP299781	PRJNA684363	Pseudomonas sp. TH70	TH70	OXFORD_NANOPORE	MinION	1049741906.0	564505.0	WGS	GENOMIC	SINGLE	WGS of Pseudomonas sp. : bacterial isolate
SRR33905582	SRX29113060	SRS25319259	SRP590957	PRJNA1274183	Mycobacterium intracellulare subsp. intracellulare	missing	OXFORD_NANOPORE	PromethION	242575254.0	38826.0	WGS	GENOMIC	SINGLE	WGS of NTM from sputum isolate
SRR10673202	SRX7350620	SRS5810154	SRP237246	PRJNA595047	Klebsiella pneumoniae	KA10	PACBIO_SMRT	Sequel	1249246206.0	136654.0	WGS	GENOMIC	SINGLE	DNA-seq of Klebsiella pneumoniae with mcr-8.5and pmexAB
SRR15499541	SRX11799045	SRS9801775	SRP332850	PRJNA751845	Staphylococcus aureus	SQL1	PACBIO_SMRT	Sequel	9136455000.0	30454850.0	WGS	GENOMIC	SINGLE	Methicillin-resistant Staphylococcus aureus Genome sequencing and assembly
SRR31540867	SRX26908057	SRS23387516	SRP548173	PRJNA1190675	Escherichia coli	The same strain as the one under SRA accession SRR10425128	OXFORD_NANOPORE	MinION	1582330653.0	440983.0	WGS	GENOMIC	SINGLE	ONT of TAS094
ERR6536193	ERX6163016	ERS3927629	ERP023216	PRJEB20997	Salmonella enterica		PACBIO_SMRT	Sequel II	841274739.0	177876.0	WGS	GENOMIC	SINGLE	Sequel II sequencing
SRR31783392	SRX27144779	SRS20726467	SRP399759	PRJNA857539	Salmonella enterica subsp. enterica serovar Dublin	AUSMDU00021231	OXFORD_NANOPORE	GridION	1269715228.0	223852.0	WGS	GENOMIC	SINGLE	WGS of Salmonella enterica subsp. enterica serovar Dublin Raw ONT reads
SRR19548105	SRX15600120	SRS13301100	SRP378656	PRJNA844881	Aliivibrio sp. A21_bc65	A21_bc65	OXFORD_NANOPORE	PromethION	1515389427.0	146884.0	WGS	GENOMIC	SINGLE	Whole Genomic sequencing of Bacteria: Salmon gut
SRR32701047	SRX28003869	SRS24366403	SRP570540	PRJNA1231520	Alkalilimnicola ehrlichii	SGAR12	OXFORD_NANOPORE	MinION	261980647.0	33508.0	WGS	GENOMIC	SINGLE	Nanopore_WGS_A_ehrlichii_SGAR-12
SRR29726878	SRX25229062	SRS21915567	SRP518338	PRJNA1132578	Salmonella enterica subsp. enterica	N23-2656	OXFORD_NANOPORE	MinION	291761252.0	33842.0	WGS	GENOMIC	SINGLE	Long read WGS of Salmonella enterica: isolate N23-2656
SRR19548079	SRX15600146	SRS13301126	SRP378656	PRJNA844881	Shewanella sp. A7_bc53	A7_bc53	OXFORD_NANOPORE	PromethION	994361466.0	158031.0	WGS	GENOMIC	SINGLE	Whole Genomic sequencing of Bacteria: Salmon gut
SRR14766806	SRX11100222	SRS9165146	SRP323385	PRJNA639797	Pseudomonas zeae	OE 48.2	OXFORD_NANOPORE	MinION	1061183131.0	171293.0	WGS	GENOMIC	SINGLE	Nanopore sequencing of isolate OE 48.2
ERR10499648	ERX10016930	ERS14256871			Escherichia coli		OXFORD_NANOPORE	GridION	397629854.0	33226.0	WGS	GENOMIC	SINGLE	GridION sequencing; Raw reads: ONT_30602_1#152
SRR15376163	SRX11678646	SRS9710534	SRP331701	PRJNA666790	Escherichia coli O157:H7	Z866	PACBIO_SMRT	PacBio RS II	2875523977.0	163482.0	WGS	GENOMIC	SINGLE	Genome sequencing of ZAP E. coli O157:H7 strains from Scotland
SRR25068156	SRX20822245	SRS2439836	SRP072679	PRJNA316969	Pseudoglutamicibacter albus	UMB0715	OXFORD_NANOPORE	MinION	942257860.0	161248.0	WGS	GENOMIC	SINGLE	UMB0715
ERR10799337	ERX10247741	ERS14467682	ERP136587	PRJEB51925	Escherichia coli O25b:H4-ST131	ST131	OXFORD_NANOPORE	MinION	689849480.0	80466.0	WGS	GENOMIC	SINGLE	MinION sequencing
SRR16525761	SRX12728238	SRS10336961	SRP357537	PRJNA801416	Klebsiella aerogenes	E1066	OXFORD_NANOPORE	GridION	607905531.0	134600.0	WGS	GENOMIC	SINGLE	Extensive diversification and dissemination of blaNDM carbapenemase plasmids in Enterobacterales in Singapore 2010-2015
SRR34970233	SRX30089440	SRS26154827	SRP608555	PRJNA1305022	Klebsiella pneumoniae	T64870	OXFORD_NANOPORE	MinION	1890009771.0	193614.0	WGS	GENOMIC	SINGLE	Nanopore sequencing of Klebsiella pneumonia T64870
SRR31638118	SRX27001558	SRS23466572	SRP549939	PRJNA1195329	Klebsiella pneumoniae	missing	OXFORD_NANOPORE	MinION	236343410.0	47752.0	WGS	GENOMIC	SINGLE	wholegenome sequencing of klebsiella
SRR29316823	SRX24833320	SRS21545151	SRP512379	PRJNA1121190	Vibrio cholerae	133Vc09	OXFORD_NANOPORE	PromethION	235533160.0	43176.0	WGS	GENOMIC	SINGLE	WGS of Vcholerae isolates
SRR1427249	SRX612586	SRS643557	SRP043454	PRJNA198783	Klebsiella pneumoniae subsp. pneumoniae KPNIH27	KPNIH27	PACBIO_SMRT	PacBio RS	497255353.0	163482.0	WGS	GENOMIC	SINGLE	PacBio SMRT Sequencing of Klebsiella pneumoniae subsp. pneumoniae KPNIH27 Genomic Library
SRR8179210	SRX4999285	SRS4034150	SRP040661	PRJNA231221	Staphylococcus aureus	FDAARGOS_572	PACBIO_SMRT	PacBio RS	198432585.0	163482.0	WGS	GENOMIC	SINGLE	
ERR10497713	ERX10015002	ERS14254753	ERP142629	PRJEB57633	Escherichia coli		OXFORD_NANOPORE	GridION	104390836.0	16412.0	WGS	GENOMIC	SINGLE	Raw reads: ONT_30224_1#168
SRR34986081	SRX30104889	SRS26168539	SRP608826	PRJNA1305362	Listeria monocytogenes	Lm_333	OXFORD_NANOPORE	MinION	1279896797.0	164735.0	WGS	GENOMIC	SINGLE	Oxford Nanopore sequences of an isolated L. monocytogenes strain from wastewater
SRR8933225	SRX5713884	SRS4652451	SRP193130	PRJNA533863	Staphylococcus aureus	04-001	PACBIO_SMRT	Sequel	4850965049.0	1028075.0	WGS	GENOMIC	SINGLE	Staphylococcus aureus 04-001
SRR23796526	SRX19628657	SRS16998252	SRP426543	PRJNA942088	Campylobacter jejuni	PS_4_2022	OXFORD_NANOPORE	MinION	82019210.0	40775.0	WGS	GENOMIC	SINGLE	Nanopore sequencing of Campylobacter jejuni from human stool
SRR7474359	SRX4343967	SRS3504205	SRP152323	PRJNA397081	Elizabethkingia anophelis	OSUVM1	PACBIO_SMRT	PacBio RS	39384876.0	19360.0	WGS	GENOMIC	SINGLE	PacBio of Elizabethkingia anophelis OSUVM-1
SRR1573222	SRX699197	SRS699183	SRP047002	PRJNA251380	Klebsiella pneumoniae subsp. pneumoniae	KPNIH31	PACBIO_SMRT	PacBio RS	447308552.0	108643.0	WGS	GENOMIC	SINGLE	PacBio SMRT Sequencing of Klebsiella pneumoniae KPNIH31 Genomic Library
ERR10360381	ERX9892469	ERS10357392	ERP135100	PRJEB50514	Enterococcus cecorum		OXFORD_NANOPORE	GridION	2192266055.0	147987.0	WGS	GENOMIC	SINGLE	GridION sequencing; Raw reads: Enterococcus_cecorum_CIRMBP-1287_library_1_Oxford_Nanopore_sequencing
DRR097329	DRX090795	DRS100132	DRP005160	PRJDB5843	Helicobacter pylori	F232	PACBIO_SMRT	PacBio RS II	1429029385.0	163482.0	WGS	GENOMIC	SINGLE	PacBio RS II sequencing of SAMD00084435
ERR15191328	ERX14596955	ERS25135698	ERP160948	PRJEB76420	Escherichia coli		OXFORD_NANOPORE	MinION			WGS	GENOMIC	SINGLE	MinION sequencing
ERR2177085	ERX2233448	ERS1859671	ERP005928	PRJEB6403	Capnocytophaga sputigena	NCTC11097	PACBIO_SMRT	PacBio RS	2394239514.0	163482.0	WGS	GENOMIC	SINGLE	PacBio RS sequencing
SRR14294786	SRX10652685	SRS8748040	SRP315724	PRJNA720375	Bartonella henselae	FR96/BK38	PACBIO_SMRT	Sequel	74072737.0	12787.0	WGS	GENOMIC	SINGLE	Closed genome PacBio-sequencing of Bartonella henselae FR96/BK38
SRR19820687	SRX15864234	SRS13526054	SRP361569	PRJNA768416	Bacillus sp. FSL W8-1141	FSL W8-1141	OXFORD_NANOPORE	MinION	418151880.0	120940.0	WGS	GENOMIC	SINGLE	WGS of Bacilli
SRR8752511	SRX5543454	SRS4509124	SRP188851	PRJNA523365	Mycobacterium avium complex sp.	JHN_AV_0031_1	OXFORD_NANOPORE	GridION	902036307.0	1415263.0	WGS	GENOMIC	SINGLE	Sequencing of non-tuberculosis mycobacteria
